date,min_load,max_load,avg_load
2005-01-01,1932.45,2098.2,2015.3249999999998
2005-01-02,1853.81,1988.0400000000002,1920.9250000000002
2005-01-03,1990.36,2509.4400000000005,2249.9
2005-01-04,2109.62,2512.87,2311.245
2005-01-05,2103.52,2497.359999999999,2300.4399999999996
2005-01-06,2115.61,2500.54,2308.075
2005-01-07,2124.34,2500.6200000000003,2312.4800000000005
2005-01-08,1927.15,2087.4700000000003,2007.3100000000002
2005-01-09,1843.02,1972.9,1907.96
2005-01-10,1977.96,2498.79,2238.375
2005-01-11,2107.66,2516.69,2312.175
2005-01-12,2111.2200000000003,2514.87,2313.045
2005-01-13,2101.0,2493.6800000000003,2297.34
2005-01-14,2121.56,2497.09,2309.325
2005-01-15,1925.0500000000002,2086.03,2005.5400000000002
2005-01-16,1854.02,1973.4900000000002,1913.755
2005-01-17,1999.36,2437.11,2218.235
2005-01-18,2110.9,2498.5899999999997,2304.745
2005-01-19,2101.05,2494.8500000000004,2297.9500000000003
2005-01-20,2099.77,2497.1099999999997,2298.4399999999996
2005-01-21,2114.57,2498.9599999999996,2306.765
2005-01-22,1913.4300000000003,2077.37,1995.4
2005-01-23,1848.56,1968.3200000000002,1908.44
2005-01-24,1978.5700000000002,2480.87,2229.7200000000003
2005-01-25,2099.89,2501.3799999999997,2300.6349999999998
2005-01-26,2097.2599999999998,2497.07,2297.165
2005-01-27,2097.1400000000003,2491.9900000000002,2294.5650000000005
2005-01-28,2115.48,2494.9300000000003,2305.205
2005-01-29,1916.8599999999997,2081.16,1999.0099999999998
2005-01-30,1841.99,1964.91,1903.45
2005-01-31,1977.2700000000002,2480.6299999999997,2228.95
2005-02-01,2123.58,2519.6600000000003,2321.62
2005-02-02,2123.5,2518.91,2321.205
2005-02-03,2122.3599999999997,2517.29,2319.825
2005-02-04,2136.3,2517.26,2326.78
2005-02-05,1967.7499999999998,2137.11,2052.43
2005-02-06,1890.99,2024.5499999999997,1957.77
2005-02-07,1989.52,2500.3500000000004,2244.9350000000004
2005-02-08,2116.29,2513.2200000000003,2314.755
2005-02-09,2118.81,2515.0699999999997,2316.9399999999996
2005-02-10,2119.4000000000005,2514.2299999999996,2316.815
2005-02-11,2128.41,2512.91,2320.66
2005-02-12,1965.2799999999997,2135.9999999999995,2050.6399999999994
2005-02-13,1890.1,2036.47,1963.2849999999999
2005-02-14,1982.1999999999998,2508.17,2245.185
2005-02-15,2112.79,2535.28,2324.035
2005-02-16,2108.25,2510.36,2309.3050000000003
2005-02-17,2109.29,2508.1600000000003,2308.7250000000004
2005-02-18,2123.91,2508.96,2316.435
2005-02-19,1963.09,2134.2999999999997,2048.6949999999997
2005-02-20,1892.79,2047.06,1969.925
2005-02-21,1878.4,2466.67,2172.535
2005-02-22,2110.08,2524.94,2317.51
2005-02-23,2110.2100000000005,2514.8599999999997,2312.535
2005-02-24,2105.75,2504.7299999999996,2305.24
2005-02-25,2122.9,2506.07,2314.485
2005-02-26,1960.29,2129.38,2044.835
2005-02-27,1882.2800000000002,2011.93,1947.105
2005-02-28,1980.5299999999997,2492.1899999999996,2236.3599999999997
2005-03-01,2123.72,2524.66,2324.1899999999996
2005-03-02,2122.14,2524.13,2323.135
2005-03-03,2120.71,2525.7300000000005,2323.2200000000003
2005-03-04,2140.17,2529.37,2334.77
2005-03-05,1933.8999999999999,2138.11,2036.005
2005-03-06,1875.24,2014.0500000000002,1944.645
2005-03-07,1980.11,2536.6600000000003,2258.385
2005-03-08,2118.98,2523.88,2321.4300000000003
2005-03-09,2118.2000000000003,2526.2400000000007,2322.2200000000003
2005-03-10,2119.95,2528.88,2324.415
2005-03-11,2137.92,2530.81,2334.365
2005-03-12,1951.49,2146.25,2048.87
2005-03-13,1872.23,2011.4500000000003,1941.8400000000001
2005-03-14,1977.22,2521.5299999999997,2249.375
2005-03-15,2117.36,2518.77,2318.065
2005-03-16,2119.44,2519.16,2319.3
2005-03-17,2119.6400000000003,2518.13,2318.885
2005-03-18,2126.29,2529.5399999999995,2327.915
2005-03-19,1928.71,2136.01,2032.3600000000001
2005-03-20,1867.48,2018.2199999999998,1942.85
2005-03-21,1982.2100000000003,2547.54,2264.875
2005-03-22,2111.73,2519.58,2315.6549999999997
2005-03-23,2111.77,2514.92,2313.3450000000003
2005-03-24,2111.86,2538.4999999999995,2325.18
2005-03-25,2132.28,2525.2000000000003,2328.7400000000002
2005-03-26,1923.3899999999999,2124.87,2024.1299999999999
2005-03-27,1864.79,1997.88,1931.335
2005-03-28,1974.8199999999997,2525.3099999999995,2250.0649999999996
2005-03-29,2111.54,2526.37,2318.955
2005-03-30,2117.4500000000003,2544.8,2331.125
2005-03-31,2113.8300000000004,2532.82,2323.3250000000003
2005-04-01,2176.33,2575.3699999999994,2375.8499999999995
2005-04-02,1972.3099999999997,2179.5499999999997,2075.93
2005-04-03,1966.07,2122.4700000000003,2044.27
2005-04-04,2073.1699999999996,2656.2100000000005,2364.69
2005-04-05,2221.14,2663.6299999999997,2442.3849999999998
2005-04-06,2215.4,2635.91,2425.6549999999997
2005-04-07,2212.67,2644.2500000000005,2428.46
2005-04-08,2231.33,2644.71,2438.02
2005-04-09,2049.0,2253.58,2151.29
2005-04-10,1978.93,2132.1099999999997,2055.52
2005-04-11,2072.84,2649.83,2361.335
2005-04-12,2206.52,2637.94,2422.23
2005-04-13,2205.98,2638.6099999999997,2422.295
2005-04-14,2205.2999999999997,2635.35,2420.325
2005-04-15,2228.51,2640.04,2434.275
2005-04-16,2035.9399999999998,2240.05,2137.995
2005-04-17,1973.1099999999997,2131.98,2052.545
2005-04-18,2075.16,2654.5600000000004,2364.86
2005-04-19,2218.65,2653.18,2435.915
2005-04-20,2219.32,2655.5599999999995,2437.4399999999996
2005-04-21,2221.1000000000004,2661.5000000000005,2441.3
2005-04-22,2240.61,2661.71,2451.16
2005-04-23,2018.22,2226.9700000000003,2122.5950000000003
2005-04-24,1958.7399999999998,2100.92,2029.83
2005-04-25,2053.57,2631.35,2342.46
2005-04-26,2202.6200000000003,2638.7200000000003,2420.67
2005-04-27,2203.82,2656.0399999999995,2429.93
2005-04-28,2215.97,2674.75,2445.3599999999997
2005-04-29,2237.9700000000003,2648.61,2443.29
2005-04-30,2016.17,2222.49,2119.33
2005-05-01,2021.8799999999999,2179.43,2100.6549999999997
2005-05-02,2126.6800000000003,2718.3400000000006,2422.51
2005-05-03,2272.0299999999997,2707.83,2489.93
2005-05-04,2271.3,2704.57,2487.9350000000004
2005-05-05,2272.3199999999997,2717.71,2495.015
2005-05-06,2298.8799999999997,2739.4400000000005,2519.16
2005-05-07,2104.42,2323.18,2213.8
2005-05-08,2042.35,2201.2,2121.7749999999996
2005-05-09,2136.18,2742.91,2439.545
2005-05-10,2290.39,2752.08,2521.2349999999997
2005-05-11,2295.1699999999996,2753.870000000001,2524.5200000000004
2005-05-12,2297.16,2748.74,2522.95
2005-05-13,2316.7500000000005,2751.89,2534.32
2005-05-14,2108.52,2327.43,2217.975
2005-05-15,2035.4800000000002,2197.59,2116.5350000000003
2005-05-16,2136.9900000000002,2741.88,2439.4350000000004
2005-05-17,2283.3799999999997,2745.1,2514.24
2005-05-18,2290.7700000000004,2748.89,2519.83
2005-05-19,2295.9799999999996,2755.1599999999994,2525.5699999999997
2005-05-20,2320.39,2766.2400000000002,2543.315
2005-05-21,2136.89,2354.03,2245.46
2005-05-22,2063.43,2245.63,2154.5299999999997
2005-05-23,2164.5099999999998,2780.95,2472.7299999999996
2005-05-24,2305.2799999999997,2768.4900000000002,2536.885
2005-05-25,2303.2999999999997,2758.85,2531.075
2005-05-26,2297.1600000000003,2744.97,2521.065
2005-05-27,2312.7599999999998,2747.35,2530.055
2005-05-28,2095.4799999999996,2314.7200000000003,2205.1
2005-05-29,2037.9299999999998,2199.1600000000003,2118.545
2005-05-30,2007.6799999999998,2272.46,2140.0699999999997
2005-05-31,2288.6400000000003,2745.1499999999996,2516.895
2005-06-01,2331.41,2680.81,2506.1099999999997
2005-06-02,2334.44,2693.6,2514.02
2005-06-03,2354.1800000000003,2700.96,2527.57
2005-06-04,2236.41,2438.2999999999997,2337.3549999999996
2005-06-05,2161.49,2312.91,2237.2
2005-06-06,2223.27,2698.6099999999997,2460.9399999999996
2005-06-07,2349.6600000000003,2711.3799999999997,2530.52
2005-06-08,2352.51,2714.0800000000004,2533.295
2005-06-09,2353.3999999999996,2712.98,2533.1899999999996
2005-06-10,2365.09,2718.8,2541.945
2005-06-11,2238.36,2439.67,2339.0150000000003
2005-06-12,2165.56,2316.8799999999997,2241.22
2005-06-13,2226.26,2702.88,2464.57
2005-06-14,2347.6099999999997,2705.0,2526.305
2005-06-15,2348.9599999999996,2712.57,2530.765
2005-06-16,2353.0899999999997,2719.2500000000005,2536.17
2005-06-17,2369.3199999999997,2727.76,2548.54
2005-06-18,2240.78,2443.7400000000002,2342.26
2005-06-19,2164.85,2312.52,2238.685
2005-06-20,2221.78,2694.43,2458.105
2005-06-21,2341.67,2698.0299999999997,2519.85
2005-06-22,2342.7499999999995,2703.71,2523.2299999999996
2005-06-23,2347.69,2711.6800000000003,2529.6850000000004
2005-06-24,2365.84,2723.96,2544.9
2005-06-25,2245.9199999999996,2447.8200000000006,2346.87
2005-06-26,2169.25,2324.4399999999996,2246.845
2005-06-27,2230.7400000000002,2711.6,2471.17
2005-06-28,2354.42,2717.8,2536.11
2005-06-29,2355.15,2720.9700000000003,2538.0600000000004
2005-06-30,2357.2400000000002,2723.4300000000003,2540.335
2005-07-01,2353.84,2703.0600000000004,2528.4500000000003
2005-07-02,2185.3599999999997,2377.9599999999996,2281.66
2005-07-03,2107.41,2267.6,2187.505
2005-07-04,2060.7599999999998,2356.95,2208.8549999999996
2005-07-05,2339.1400000000003,2693.7099999999996,2516.425
2005-07-06,2334.3,2691.63,2512.965
2005-07-07,2330.25,2678.16,2504.205
2005-07-08,2339.1600000000003,2691.2400000000002,2515.2000000000003
2005-07-09,2183.71,2377.88,2280.795
2005-07-10,2107.0,2261.44,2184.2200000000003
2005-07-11,2213.8099999999995,2693.66,2453.7349999999997
2005-07-12,2337.6800000000003,2699.95,2518.815
2005-07-13,2338.02,2698.1900000000005,2518.1050000000005
2005-07-14,2334.31,2692.51,2513.41
2005-07-15,2344.52,2691.91,2518.215
2005-07-16,2173.0699999999997,2368.22,2270.6449999999995
2005-07-17,2103.11,2251.2799999999997,2177.1949999999997
2005-07-18,2211.31,2687.07,2449.19
2005-07-19,2337.91,2700.59,2519.25
2005-07-20,2340.42,2699.01,2519.715
2005-07-21,2339.3000000000006,2698.95,2519.125
2005-07-22,2354.6,2713.7799999999997,2534.1899999999996
2005-07-23,2185.2400000000002,2390.1600000000003,2287.7000000000003
2005-07-24,2114.2999999999997,2268.83,2191.5649999999996
2005-07-25,2220.14,2699.7500000000005,2459.945
2005-07-26,2344.3599999999997,2706.03,2525.1949999999997
2005-07-27,2337.85,2682.3799999999997,2510.115
2005-07-28,2327.51,2676.8999999999996,2502.205
2005-07-29,2341.02,2693.5200000000004,2517.2700000000004
2005-07-30,2191.07,2382.79,2286.9300000000003
2005-07-31,2107.79,2263.4700000000003,2185.63
2005-08-01,2288.09,2781.4100000000003,2534.75
2005-08-02,2416.82,2790.1400000000003,2603.4800000000005
2005-08-03,2418.14,2788.58,2603.3599999999997
2005-08-04,2414.05,2779.02,2596.535
2005-08-05,2424.2200000000003,2783.9,2604.0600000000004
2005-08-06,2307.9999999999995,2519.5999999999995,2413.7999999999993
2005-08-07,2238.53,2393.31,2315.92
2005-08-08,2283.1400000000003,2765.37,2524.255
2005-08-09,2406.2,2765.65,2585.925
2005-08-10,2404.66,2765.0800000000004,2584.87
2005-08-11,2408.1400000000003,2777.27,2592.705
2005-08-12,2430.81,2798.5499999999997,2614.68
2005-08-13,2318.5299999999997,2532.41,2425.47
2005-08-14,2249.06,2400.84,2324.95
2005-08-15,2289.58,2777.5800000000004,2533.58
2005-08-16,2413.57,2776.66,2595.115
2005-08-17,2416.91,2789.31,2603.1099999999997
2005-08-18,2421.350000000001,2794.4500000000003,2607.9000000000005
2005-08-19,2440.11,2806.13,2623.12
2005-08-20,2327.35,2535.3399999999997,2431.345
2005-08-21,2253.75,2410.74,2332.245
2005-08-22,2300.25,2793.6800000000003,2546.965
2005-08-23,2428.15,2802.46,2615.3050000000003
2005-08-24,2430.8,2803.67,2617.235
2005-08-25,2430.71,2803.1800000000003,2616.945
2005-08-26,2444.83,2811.9100000000003,2628.37
2005-08-27,2325.58,2540.35,2432.965
2005-08-28,2252.7,2401.49,2327.095
2005-08-29,2295.2599999999998,2782.8900000000003,2539.075
2005-08-30,2419.7599999999998,2788.0099999999998,2603.8849999999998
2005-08-31,2422.07,2793.37,2607.7200000000003
2005-09-01,2366.1400000000003,2730.1999999999994,2548.17
2005-09-02,2382.9199999999996,2740.22,2561.5699999999997
2005-09-03,2236.67,2437.8400000000006,2337.255
2005-09-04,2164.84,2313.9100000000003,2239.375
2005-09-05,2064.33,2260.89,2162.6099999999997
2005-09-06,2361.3,2721.36,2541.33
2005-09-07,2363.0,2722.6400000000003,2542.82
2005-09-08,2359.64,2715.8100000000004,2537.7250000000004
2005-09-09,2373.6,2727.25,2550.425
2005-09-10,2230.6299999999997,2434.3000000000006,2332.465
2005-09-11,2161.15,2302.9800000000005,2232.0650000000005
2005-09-12,2239.5599999999995,2715.88,2477.72
2005-09-13,2369.56,2734.97,2552.265
2005-09-14,2374.63,2741.4699999999993,2558.0499999999997
2005-09-15,2376.5099999999998,2734.9199999999996,2555.7149999999997
2005-09-16,2377.7999999999997,2718.09,2547.9449999999997
2005-09-17,2239.5899999999997,2430.8,2335.1949999999997
2005-09-18,2167.45,2326.18,2246.8149999999996
2005-09-19,2251.84,2734.41,2493.125
2005-09-20,2375.3,2738.17,2556.735
2005-09-21,2374.3100000000004,2737.5600000000004,2555.9350000000004
2005-09-22,2375.08,2740.77,2557.925
2005-09-23,2392.5800000000004,2752.97,2572.775
2005-09-24,2239.17,2450.9199999999996,2345.045
2005-09-25,2170.93,2330.92,2250.925
2005-09-26,2255.0999999999995,2740.7499999999995,2497.9249999999993
2005-09-27,2380.9999999999995,2743.63,2562.3149999999996
2005-09-28,2380.38,2743.5800000000004,2561.9800000000005
2005-09-29,2355.15,2695.1600000000003,2525.155
2005-09-30,2369.1200000000003,2712.78,2540.9500000000003
2005-10-01,2137.51,2355.9900000000002,2246.75
2005-10-02,2075.27,2249.6200000000003,2162.445
2005-10-03,2099.18,2698.42,2398.8
2005-10-04,2241.1099999999997,2690.19,2465.6499999999996
2005-10-05,2239.25,2688.16,2463.705
2005-10-06,2215.78,2626.79,2421.285
2005-10-07,2220.3500000000004,2622.7400000000002,2421.545
2005-10-08,2101.44,2314.75,2208.0950000000003
2005-10-09,2043.23,2207.54,2125.385
2005-10-10,2068.8999999999996,2647.58,2358.24
2005-10-11,2215.36,2653.94,2434.65
2005-10-12,2219.08,2666.4599999999996,2442.7699999999995
2005-10-13,2220.93,2663.5,2442.215
2005-10-14,2243.5,2666.3399999999997,2454.92
2005-10-15,2123.03,2337.9,2230.465
2005-10-16,2056.24,2230.11,2143.175
2005-10-17,2080.17,2681.23,2380.7
2005-10-18,2230.18,2686.3199999999997,2458.25
2005-10-19,2234.31,2687.9,2461.105
2005-10-20,2236.91,2674.86,2455.885
2005-10-21,2237.9300000000003,2646.4500000000003,2442.1900000000005
2005-10-22,2109.58,2323.7100000000005,2216.6450000000004
2005-10-23,2044.8899999999999,2188.49,2116.6899999999996
2005-10-24,2065.2200000000003,2628.2499999999995,2346.7349999999997
2005-10-25,2211.64,2627.04,2419.34
2005-10-26,2213.2799999999997,2634.92,2424.1
2005-10-27,2207.63,2637.76,2422.695
2005-10-28,2234.09,2637.82,2435.955
2005-10-29,2104.4500000000003,2321.2200000000003,2212.835
2005-10-30,2001.47,2159.8999999999996,2080.685
2005-10-31,2025.77,2580.94,2303.355
2005-11-01,2138.42,2547.93,2343.175
2005-11-02,2134.69,2559.9300000000003,2347.3100000000004
2005-11-03,2142.48,2572.2299999999996,2357.3549999999996
2005-11-04,2170.83,2581.6300000000006,2376.2300000000005
2005-11-05,2012.98,2225.86,2119.42
2005-11-06,1941.54,2095.71,2018.625
2005-11-07,2018.53,2601.77,2310.15
2005-11-08,2165.89,2602.35,2384.12
2005-11-09,2168.69,2599.42,2384.0550000000003
2005-11-10,2146.65,2556.62,2351.635
2005-11-11,2165.3100000000004,2567.9700000000003,2366.6400000000003
2005-11-12,2014.38,2228.23,2121.3050000000003
2005-11-13,1945.43,2097.36,2021.395
2005-11-14,2011.85,2581.35,2296.6
2005-11-15,2152.12,2555.6600000000003,2353.8900000000003
2005-11-16,2148.08,2548.85,2348.465
2005-11-17,2150.52,2550.61,2350.565
2005-11-18,2168.7599999999998,2554.4099999999994,2361.5849999999996
2005-11-19,1991.6399999999999,2200.62,2096.13
2005-11-20,1934.05,2071.33,2002.69
2005-11-21,2007.11,2554.22,2280.665
2005-11-22,2147.7699999999995,2552.6400000000003,2350.205
2005-11-23,2148.81,2559.9399999999996,2354.375
2005-11-24,1782.5799999999997,1933.3,1857.9399999999998
2005-11-25,1769.7900000000002,1963.36,1866.575
2005-11-26,1995.0500000000002,2206.8199999999997,2100.935
2005-11-27,1942.34,2093.35,2017.8449999999998
2005-11-28,2005.66,2554.7200000000003,2280.19
2005-11-29,2152.7599999999998,2552.7300000000005,2352.745
2005-11-30,2150.47,2551.66,2351.0649999999996
2005-12-01,2104.02,2496.51,2300.2650000000003
2005-12-02,2116.22,2493.86,2305.04
2005-12-03,1952.2500000000002,2122.3199999999997,2037.2849999999999
2005-12-04,1867.71,1995.67,1931.69
2005-12-05,1986.6000000000001,2485.33,2235.965
2005-12-06,2111.2,2498.29,2304.745
2005-12-07,2117.9,2503.1699999999996,2310.535
2005-12-08,2125.01,2503.63,2314.32
2005-12-09,2138.93,2505.9900000000002,2322.46
2005-12-10,1953.82,2114.9,2034.3600000000001
2005-12-11,1869.9699999999996,1998.6200000000001,1934.2949999999998
2005-12-12,1978.2400000000002,2483.9900000000002,2231.1150000000002
2005-12-13,2102.5,2497.22,2299.8599999999997
2005-12-14,2100.4,2495.7599999999998,2298.08
2005-12-15,2108.3100000000004,2497.59,2302.9500000000003
2005-12-16,2125.06,2500.12,2312.59
2005-12-17,1950.81,2112.92,2031.865
2005-12-18,1870.02,1999.0000000000002,1934.5100000000002
2005-12-19,1964.9799999999998,2276.08,2120.5299999999997
2005-12-20,2056.31,2289.74,2173.0249999999996
2005-12-21,2055.85,2289.27,2172.56
2005-12-22,2054.2,2285.0,2169.6
2005-12-23,1996.9999999999998,2301.44,2149.22
2005-12-24,1944.5199999999998,2111.31,2027.915
2005-12-25,1865.6599999999999,1995.7399999999998,1930.6999999999998
2005-12-26,1613.69,1708.5600000000002,1661.125
2005-12-27,1936.46,2181.27,2058.865
2005-12-28,1933.01,2162.34,2047.6750000000002
2005-12-29,1934.7700000000002,2160.2799999999997,2047.525
2005-12-30,1901.34,2160.7299999999996,2031.0349999999999
2005-12-31,1943.66,2107.84,2025.75
2006-01-01,1849.49,2002.6699999999998,1926.08
2006-01-02,1630.4199999999998,1887.1999999999998,1758.81
2006-01-03,2096.42,2512.75,2304.585
2006-01-04,2101.1400000000003,2504.46,2302.8
2006-01-05,2100.81,2495.8500000000004,2298.33
2006-01-06,2117.93,2495.71,2306.8199999999997
2006-01-07,1920.2499999999998,2085.6,2002.9249999999997
2006-01-08,1840.3799999999999,1984.98,1912.6799999999998
2006-01-09,1976.56,2484.0800000000004,2230.32
2006-01-10,2103.82,2495.0399999999995,2299.43
2006-01-11,2102.28,2496.49,2299.385
2006-01-12,2095.65,2510.15,2302.9
2006-01-13,2114.37,2493.7500000000005,2304.0600000000004
2006-01-14,1917.0800000000002,2078.32,1997.7000000000003
2006-01-15,1841.93,1974.25,1908.0900000000001
2006-01-16,1984.3,2440.0300000000007,2212.1650000000004
2006-01-17,2099.9200000000005,2492.67,2296.295
2006-01-18,2100.79,2497.17,2298.98
2006-01-19,2095.49,2505.2100000000005,2300.3500000000004
2006-01-20,2113.03,2501.44,2307.235
2006-01-21,1915.76,2077.6600000000003,1996.71
2006-01-22,1840.5800000000002,1964.98,1902.7800000000002
2006-01-23,1976.9299999999998,2480.68,2228.805
2006-01-24,2099.48,2492.27,2295.875
2006-01-25,2098.0099999999998,2492.2200000000003,2295.115
2006-01-26,2095.81,2491.9500000000003,2293.88
2006-01-27,2109.4900000000002,2491.3300000000004,2300.4100000000003
2006-01-28,1915.87,2084.0,1999.935
2006-01-29,1834.8000000000002,1963.9399999999998,1899.37
2006-01-30,1970.8999999999999,2479.05,2224.975
2006-01-31,2095.54,2492.3499999999995,2293.9449999999997
2006-02-01,2111.3399999999997,2520.1700000000005,2315.755
2006-02-02,2115.89,2523.29,2319.59
2006-02-03,2127.64,2516.46,2322.05
2006-02-04,1969.06,2135.7299999999996,2052.3949999999995
2006-02-05,1890.9500000000003,2024.61,1957.7800000000002
2006-02-06,1989.6,2500.63,2245.115
2006-02-07,2117.1899999999996,2512.8399999999997,2315.0149999999994
2006-02-08,2114.41,2514.86,2314.635
2006-02-09,2114.35,2512.6300000000006,2313.4900000000002
2006-02-10,2125.92,2512.86,2319.3900000000003
2006-02-11,1974.8999999999999,2140.11,2057.505
2006-02-12,1895.5500000000002,2020.1200000000001,1957.835
2006-02-13,1993.42,2499.8899999999994,2246.6549999999997
2006-02-14,2113.35,2516.2499999999995,2314.7999999999997
2006-02-15,2111.5000000000005,2533.08,2322.29
2006-02-16,2118.84,2544.3,2331.57
2006-02-17,2129.96,2511.6,2320.7799999999997
2006-02-18,1979.97,2143.77,2061.87
2006-02-19,1904.2,2024.3700000000001,1964.285
2006-02-20,1884.51,2444.96,2164.735
2006-02-21,2116.0699999999997,2511.7,2313.8849999999998
2006-02-22,2110.64,2509.54,2310.09
2006-02-23,2110.2599999999998,2507.64,2308.95
2006-02-24,2122.94,2507.83,2315.385
2006-02-25,1959.8400000000001,2129.41,2044.625
2006-02-26,1881.99,2011.76,1946.875
2006-02-27,1982.75,2499.4300000000003,2241.09
2006-02-28,2105.44,2530.9800000000005,2318.21
2006-03-01,2129.19,2572.6499999999996,2350.92
2006-03-02,2136.06,2559.58,2347.8199999999997
2006-03-03,2144.9,2534.54,2339.7200000000003
2006-03-04,1939.4,2142.4,2040.9
2006-03-05,1882.63,2032.9,1957.765
2006-03-06,1988.06,2555.5400000000004,2271.8
2006-03-07,2131.12,2559.9999999999995,2345.5599999999995
2006-03-08,2135.29,2558.46,2346.875
2006-03-09,2128.3,2540.15,2334.2250000000004
2006-03-10,2143.76,2554.4199999999996,2349.09
2006-03-11,1961.7800000000002,2167.68,2064.73
2006-03-12,1898.0800000000002,2057.8900000000003,1977.9850000000001
2006-03-13,1987.3700000000001,2534.75,2261.06
2006-03-14,2115.38,2520.02,2317.7
2006-03-15,2117.28,2525.16,2321.2200000000003
2006-03-16,2119.46,2542.1700000000005,2330.8150000000005
2006-03-17,2135.0600000000004,2525.8999999999996,2330.48
2006-03-18,1927.28,2130.77,2029.025
2006-03-19,1867.78,2002.5500000000002,1935.165
2006-03-20,1969.8700000000001,2526.01,2247.94
2006-03-21,2115.15,2515.08,2315.115
2006-03-22,2118.33,2516.88,2317.605
2006-03-23,2121.08,2518.0699999999997,2319.575
2006-03-24,2138.57,2519.65,2329.11
2006-03-25,1927.72,2129.2100000000005,2028.4650000000001
2006-03-26,1868.83,2008.83,1938.83
2006-03-27,1977.25,2535.6800000000003,2256.465
2006-03-28,2113.91,2527.93,2320.92
2006-03-29,2115.4399999999996,2529.02,2322.2299999999996
2006-03-30,2121.32,2551.83,2336.575
2006-03-31,2148.9500000000003,2565.55,2357.25
2006-04-01,2002.8799999999999,2217.88,2110.38
2006-04-02,1994.8,2162.4,2078.6
2006-04-03,2083.2799999999997,2664.7000000000003,2373.99
2006-04-04,2218.21,2652.74,2435.475
2006-04-05,2224.0499999999997,2674.58,2449.3149999999996
2006-04-06,2229.3400000000006,2670.9300000000003,2450.135
2006-04-07,2243.67,2667.6000000000004,2455.635
2006-04-08,2028.32,2233.44,2130.88
2006-04-09,1963.5500000000004,2121.08,2042.315
2006-04-10,2071.17,2661.17,2366.17
2006-04-11,2217.6599999999994,2662.99,2440.325
2006-04-12,2223.4900000000002,2669.86,2446.675
2006-04-13,2225.99,2673.15,2449.5699999999997
2006-04-14,2247.5,2673.87,2460.685
2006-04-15,2062.34,2271.93,2167.135
2006-04-16,1991.1399999999999,2167.17,2079.1549999999997
2006-04-17,2097.1,2710.2699999999995,2403.6849999999995
2006-04-18,2243.5,2706.05,2474.775
2006-04-19,2236.42,2672.3,2454.36
2006-04-20,2218.58,2643.5499999999997,2431.0649999999996
2006-04-21,2235.81,2654.4400000000005,2445.125
2006-04-22,2047.58,2254.6899999999996,2151.1349999999998
2006-04-23,1981.25,2148.95,2065.1
2006-04-24,2084.9700000000003,2677.71,2381.34
2006-04-25,2217.2000000000003,2632.4,2424.8
2006-04-26,2197.9900000000002,2622.22,2410.105
2006-04-27,2202.85,2638.72,2420.785
2006-04-28,2234.0499999999997,2646.92,2440.4849999999997
2006-04-29,2031.4499999999996,2240.79,2136.12
2006-04-30,1964.6899999999998,2138.66,2051.6749999999997
2006-05-01,2145.11,2769.16,2457.135
2006-05-02,2301.42,2761.43,2531.425
2006-05-03,2302.42,2763.2200000000003,2532.82
2006-05-04,2301.2599999999998,2759.64,2530.45
2006-05-05,2318.87,2751.03,2534.95
2006-05-06,2098.3199999999997,2320.0500000000006,2209.1850000000004
2006-05-07,2038.31,2197.44,2117.875
2006-05-08,2141.7,2755.07,2448.385
2006-05-09,2301.4300000000003,2776.96,2539.195
2006-05-10,2304.66,2749.3500000000004,2527.005
2006-05-11,2280.91,2722.57,2501.74
2006-05-12,2300.91,2741.5299999999997,2521.22
2006-05-13,2118.84,2330.5800000000004,2224.71
2006-05-14,2050.2999999999997,2213.45,2131.875
2006-05-15,2138.28,2735.5099999999998,2436.895
2006-05-16,2280.25,2733.07,2506.66
2006-05-17,2279.67,2738.88,2509.275
2006-05-18,2284.6499999999996,2756.06,2520.3549999999996
2006-05-19,2317.6600000000003,2773.6600000000003,2545.6600000000003
2006-05-20,2126.77,2348.47,2237.62
2006-05-21,2055.41,2226.9700000000003,2141.19
2006-05-22,2156.5099999999998,2771.04,2463.7749999999996
2006-05-23,2303.8999999999996,2768.7400000000002,2536.3199999999997
2006-05-24,2306.32,2771.14,2538.73
2006-05-25,2308.58,2775.4300000000003,2542.005
2006-05-26,2331.96,2777.93,2554.9449999999997
2006-05-27,2132.77,2357.9500000000003,2245.36
2006-05-28,2063.84,2227.36,2145.6000000000004
2006-05-29,2023.7,2293.29,2158.495
2006-05-30,2300.6,2759.14,2529.87
2006-05-31,2299.12,2752.5499999999997,2525.835
2006-06-01,2339.98,2692.5899999999997,2516.285
2006-06-02,2352.9100000000003,2704.48,2528.695
2006-06-03,2234.67,2428.5299999999997,2331.6
2006-06-04,2160.48,2321.1899999999996,2240.835
2006-06-05,2228.7000000000003,2712.7300000000005,2470.715
2006-06-06,2354.17,2718.73,2536.45
2006-06-07,2353.58,2714.2799999999997,2533.93
2006-06-08,2351.53,2713.75,2532.6400000000003
2006-06-09,2367.32,2727.62,2547.4700000000003
2006-06-10,2250.9,2453.63,2352.2650000000003
2006-06-11,2172.7,2328.3899999999994,2250.5449999999996
2006-06-12,2233.42,2714.1,2473.76
2006-06-13,2356.6400000000003,2721.7900000000004,2539.215
2006-06-14,2350.45,2706.12,2528.285
2006-06-15,2349.8199999999997,2713.7900000000004,2531.8050000000003
2006-06-16,2367.9800000000005,2726.05,2547.0150000000003
2006-06-17,2235.19,2432.7900000000004,2333.9900000000002
2006-06-18,2157.08,2308.27,2232.675
2006-06-19,2221.1399999999994,2699.0099999999998,2460.075
2006-06-20,2343.6100000000006,2697.7699999999995,2520.69
2006-06-21,2347.14,2709.1000000000004,2528.12
2006-06-22,2350.62,2712.1800000000003,2531.4
2006-06-23,2364.7499999999995,2715.47,2540.1099999999997
2006-06-24,2240.4999999999995,2438.8199999999997,2339.66
2006-06-25,2166.32,2323.5600000000004,2244.9400000000005
2006-06-26,2223.3600000000006,2692.63,2457.9950000000003
2006-06-27,2338.1699999999996,2693.3,2515.7349999999997
2006-06-28,2337.97,2696.0,2516.9849999999997
2006-06-29,2341.97,2702.17,2522.0699999999997
2006-06-30,2359.32,2714.94,2537.13
2006-07-01,2176.4700000000003,2376.31,2276.3900000000003
2006-07-02,2099.7,2244.6,2172.1499999999996
2006-07-03,2205.23,2675.6,2440.415
2006-07-04,2154.02,2337.12,2245.5699999999997
2006-07-05,2324.3000000000006,2677.82,2501.0600000000004
2006-07-06,2318.9300000000003,2674.4399999999996,2496.685
2006-07-07,2336.2400000000002,2684.9800000000005,2510.6100000000006
2006-07-08,2180.76,2372.6200000000003,2276.6900000000005
2006-07-09,2107.3,2260.84,2184.07
2006-07-10,2214.37,2694.350000000001,2454.3600000000006
2006-07-11,2339.89,2703.1299999999997,2521.5099999999998
2006-07-12,2341.0900000000006,2704.8399999999997,2522.965
2006-07-13,2343.0200000000004,2706.6000000000004,2524.8100000000004
2006-07-14,2358.15,2716.1000000000004,2537.125
2006-07-15,2196.12,2394.3199999999997,2295.22
2006-07-16,2118.5699999999997,2275.1800000000003,2196.875
2006-07-17,2224.6600000000003,2709.2000000000007,2466.9300000000003
2006-07-18,2349.4300000000003,2716.54,2532.985
2006-07-19,2350.39,2714.9799999999996,2532.6849999999995
2006-07-20,2350.02,2714.7,2532.3599999999997
2006-07-21,2361.6500000000005,2719.6,2540.625
2006-07-22,2193.67,2396.3999999999996,2295.035
2006-07-23,2117.8500000000004,2264.87,2191.36
2006-07-24,2218.48,2693.82,2456.15
2006-07-25,2340.31,2700.74,2520.5249999999996
2006-07-26,2338.7799999999997,2694.54,2516.66
2006-07-27,2339.7999999999997,2704.18,2521.99
2006-07-28,2358.0099999999998,2714.2400000000002,2536.125
2006-07-29,2198.22,2396.7499999999995,2297.4849999999997
2006-07-30,2121.7599999999998,2275.56,2198.66
2006-07-31,2226.7200000000003,2707.24,2466.98
2006-08-01,2423.42,2795.42,2609.42
2006-08-02,2423.03,2794.6,2608.815
2006-08-03,2422.71,2795.2799999999997,2608.995
2006-08-04,2438.0,2807.4700000000003,2622.735
2006-08-05,2329.0199999999995,2538.03,2433.5249999999996
2006-08-06,2256.43,2413.36,2334.895
2006-08-07,2294.69,2783.0,2538.8450000000003
2006-08-08,2417.26,2791.15,2604.205
2006-08-09,2421.47,2798.28,2609.875
2006-08-10,2427.22,2803.53,2615.375
2006-08-11,2444.6600000000003,2815.52,2630.09
2006-08-12,2316.85,2541.89,2429.37
2006-08-13,2254.0,2412.44,2333.2200000000003
2006-08-14,2300.73,2794.22,2547.475
2006-08-15,2425.19,2799.3399999999997,2612.265
2006-08-16,2427.48,2804.93,2616.205
2006-08-17,2429.96,2806.37,2618.165
2006-08-18,2447.64,2819.04,2633.34
2006-08-19,2332.4900000000002,2544.95,2438.7200000000003
2006-08-20,2260.64,2417.4,2339.02
2006-08-21,2306.44,2802.28,2554.36
2006-08-22,2432.5400000000004,2804.26,2618.4000000000005
2006-08-23,2430.0,2800.94,2615.4700000000003
2006-08-24,2429.15,2805.0200000000004,2617.085
2006-08-25,2447.62,2819.26,2633.44
2006-08-26,2333.7799999999997,2547.2599999999998,2440.5199999999995
2006-08-27,2264.21,2412.78,2338.495
2006-08-28,2297.45,2776.63,2537.04
2006-08-29,2416.8,2779.5,2598.15
2006-08-30,2409.83,2772.5300000000007,2591.1800000000003
2006-08-31,2416.14,2785.9,2601.02
2006-09-01,2379.13,2739.47,2559.3
2006-09-02,2227.36,2438.44,2332.9
2006-09-03,2157.05,2294.06,2225.5550000000003
2006-09-04,2060.58,2226.4500000000003,2143.5150000000003
2006-09-05,2347.52,2698.7199999999993,2523.12
2006-09-06,2345.05,2697.5499999999997,2521.3
2006-09-07,2346.81,2700.0800000000004,2523.445
2006-09-08,2365.6099999999997,2717.6799999999994,2541.6449999999995
2006-09-09,2226.96,2425.9,2326.4300000000003
2006-09-10,2155.32,2306.15,2230.735
2006-09-11,2237.56,2714.9400000000005,2476.25
2006-09-12,2360.41,2713.72,2537.0649999999996
2006-09-13,2352.3900000000003,2699.9799999999996,2526.185
2006-09-14,2348.51,2703.1700000000005,2525.84
2006-09-15,2373.69,2733.2699999999995,2553.4799999999996
2006-09-16,2245.9,2449.36,2347.63
2006-09-17,2169.2799999999997,2304.7000000000003,2236.99
2006-09-18,2233.0,2692.67,2462.835
2006-09-19,2344.95,2693.79,2519.37
2006-09-20,2347.17,2702.62,2524.895
2006-09-21,2354.15,2711.1599999999994,2532.6549999999997
2006-09-22,2384.47,2749.93,2567.2
2006-09-23,2228.62,2439.9599999999996,2334.29
2006-09-24,2144.2799999999997,2279.2499999999995,2211.7649999999994
2006-09-25,2216.89,2681.1200000000003,2449.005
2006-09-26,2341.85,2695.3500000000004,2518.6000000000004
2006-09-27,2354.0799999999995,2714.04,2534.0599999999995
2006-09-28,2357.0200000000004,2703.23,2530.125
2006-09-29,2362.28,2706.0299999999997,2534.1549999999997
2006-09-30,2240.0499999999997,2433.1900000000005,2336.62
2006-10-01,2072.77,2247.73,2160.25
2006-10-02,2096.96,2696.4799999999996,2396.72
2006-10-03,2238.4500000000003,2687.08,2462.7650000000003
2006-10-04,2235.78,2683.7700000000004,2459.7750000000005
2006-10-05,2233.36,2682.19,2457.775
2006-10-06,2252.94,2676.71,2464.825
2006-10-07,2120.24,2342.9200000000005,2231.58
2006-10-08,2053.49,2220.39,2136.9399999999996
2006-10-09,2074.5899999999997,2669.8,2372.1949999999997
2006-10-10,2219.48,2647.08,2433.2799999999997
2006-10-11,2213.0600000000004,2647.01,2430.0350000000003
2006-10-12,2213.14,2634.91,2424.0249999999996
2006-10-13,2223.94,2630.3499999999995,2427.1449999999995
2006-10-14,2112.04,2328.61,2220.325
2006-10-15,2055.16,2205.18,2130.17
2006-10-16,2074.64,2659.82,2367.23
2006-10-17,2218.83,2669.4,2444.115
2006-10-18,2221.3100000000004,2659.5099999999998,2440.41
2006-10-19,2204.73,2624.8799999999997,2414.805
2006-10-20,2229.61,2631.73,2430.67
2006-10-21,2102.4300000000003,2323.7200000000003,2213.0750000000003
2006-10-22,2044.34,2186.4,2115.37
2006-10-23,2066.82,2634.2999999999997,2350.56
2006-10-24,2204.59,2632.05,2418.32
2006-10-25,2216.0,2644.5099999999998,2430.255
2006-10-26,2222.69,2672.6200000000003,2447.655
2006-10-27,2236.0699999999997,2635.6399999999994,2435.8549999999996
2006-10-28,2102.3799999999997,2321.6,2211.99
2006-10-29,1994.46,2155.84,2075.15
2006-10-30,2027.32,2602.53,2314.925
2006-10-31,2158.17,2575.12,2366.645
2006-11-01,2136.26,2541.6400000000003,2338.9500000000003
2006-11-02,2141.0699999999997,2544.8100000000004,2342.94
2006-11-03,2160.6299999999997,2548.3199999999997,2354.4749999999995
2006-11-04,1986.08,2196.75,2091.415
2006-11-05,1933.09,2081.31,2007.1999999999998
2006-11-06,2002.3100000000002,2553.66,2277.985
2006-11-07,2141.98,2555.2300000000005,2348.6050000000005
2006-11-08,2146.16,2579.8500000000004,2363.005
2006-11-09,2153.3,2591.5,2372.4
2006-11-10,2178.9500000000003,2577.73,2378.34
2006-11-11,1985.6299999999999,2190.36,2087.995
2006-11-12,1930.6000000000001,2068.31,1999.455
2006-11-13,2003.9199999999998,2559.0199999999995,2281.47
2006-11-14,2141.79,2569.4100000000003,2355.6000000000004
2006-11-15,2142.7999999999997,2551.1600000000003,2346.98
2006-11-16,2146.0,2548.67,2347.335
2006-11-17,2166.57,2555.05,2360.8100000000004
2006-11-18,1990.3100000000002,2197.0,2093.655
2006-11-19,1933.53,2069.5299999999997,2001.5299999999997
2006-11-20,2008.91,2555.2400000000002,2282.0750000000003
2006-11-21,2148.29,2551.2499999999995,2349.7699999999995
2006-11-22,2148.93,2558.7,2353.8149999999996
2006-11-23,1783.96,1934.5199999999998,1859.2399999999998
2006-11-24,1768.1699999999998,1969.7900000000002,1868.98
2006-11-25,1995.1000000000004,2203.41,2099.255
2006-11-26,1939.33,2086.55,2012.94
2006-11-27,2016.89,2578.1899999999996,2297.54
2006-11-28,2161.92,2587.5,2374.71
2006-11-29,2158.67,2578.23,2368.45
2006-11-30,2158.55,2554.42,2356.485
2006-12-01,2127.38,2500.26,2313.82
2006-12-02,1949.7499999999998,2112.09,2030.92
2006-12-03,1875.37,2000.72,1938.045
2006-12-04,1989.71,2486.53,2238.12
2006-12-05,2108.1899999999996,2497.49,2302.8399999999997
2006-12-06,2102.7400000000002,2497.53,2300.135
2006-12-07,2107.9700000000003,2498.6,2303.285
2006-12-08,2130.71,2502.2299999999996,2316.47
2006-12-09,1953.17,2114.02,2033.595
2006-12-10,1868.62,2000.0100000000002,1934.315
2006-12-11,1979.53,2493.6200000000003,2236.5750000000003
2006-12-12,2101.5,2498.32,2299.91
2006-12-13,2103.01,2497.7,2300.355
2006-12-14,2103.52,2503.0299999999997,2303.2749999999996
2006-12-15,2111.82,2500.98,2306.4
2006-12-16,1956.76,2122.4,2039.58
2006-12-17,1877.3799999999999,2022.9300000000003,1950.1550000000002
2006-12-18,1966.21,2285.4900000000002,2125.8500000000004
2006-12-19,2049.7200000000003,2280.79,2165.255
2006-12-20,2046.91,2286.58,2166.745
2006-12-21,2050.78,2283.58,2167.1800000000003
2006-12-22,1999.1899999999998,2299.17,2149.18
2006-12-23,1947.75,2110.28,2029.015
2006-12-24,1870.77,1999.3600000000001,1935.065
2006-12-25,1616.96,1705.2800000000002,1661.1200000000001
2006-12-26,1942.56,2161.58,2052.0699999999997
2006-12-27,1935.5900000000001,2158.62,2047.105
2006-12-28,1935.38,2166.41,2050.895
2006-12-29,1900.0700000000002,2162.8899999999994,2031.4799999999998
2006-12-30,1941.87,2105.35,2023.61
2006-12-31,1869.06,1995.98,1932.52
2007-01-01,1634.5,1877.8,1756.15
2007-01-02,2111.14,2499.38,2305.26
2007-01-03,2108.71,2499.37,2304.04
2007-01-04,2103.14,2497.1000000000004,2300.12
2007-01-05,2116.09,2498.17,2307.13
2007-01-06,1920.41,2082.29,2001.35
2007-01-07,1843.76,1968.9399999999998,1906.35
2007-01-08,1982.29,2483.7799999999997,2233.035
2007-01-09,2104.88,2496.93,2300.9049999999997
2007-01-10,2102.53,2495.8599999999997,2299.1949999999997
2007-01-11,2095.3300000000004,2496.9599999999996,2296.145
2007-01-12,2115.63,2503.3700000000003,2309.5
2007-01-13,1930.05,2088.39,2009.2199999999998
2007-01-14,1854.11,1974.49,1914.3
2007-01-15,2002.72,2440.04,2221.38
2007-01-16,2119.0,2502.2899999999995,2310.6449999999995
2007-01-17,2118.49,2502.12,2310.305
2007-01-18,2113.16,2499.88,2306.52
2007-01-19,2124.61,2501.52,2313.065
2007-01-20,1927.1799999999998,2088.8900000000003,2008.035
2007-01-21,1843.7199999999998,1967.6300000000003,1905.6750000000002
2007-01-22,1983.55,2484.1200000000003,2233.835
2007-01-23,2107.92,2496.2999999999997,2302.1099999999997
2007-01-24,2103.9900000000002,2495.46,2299.7250000000004
2007-01-25,2102.8999999999996,2493.81,2298.3549999999996
2007-01-26,2115.49,2492.73,2304.1099999999997
2007-01-27,1912.05,2077.68,1994.8649999999998
2007-01-28,1845.0699999999997,1966.3200000000002,1905.695
2007-01-29,1980.6100000000004,2481.38,2230.9950000000003
2007-01-30,2101.7599999999998,2494.3700000000003,2298.065
2007-01-31,2105.7,2494.06,2299.88
2007-02-01,2126.84,2521.1,2323.9700000000003
2007-02-02,2144.9900000000002,2524.52,2334.755
2007-02-03,1981.19,2146.34,2063.7650000000003
2007-02-04,1897.5800000000002,2024.4,1960.9900000000002
2007-02-05,1993.99,2502.25,2248.12
2007-02-06,2117.01,2519.65,2318.33
2007-02-07,2114.56,2521.2199999999993,2317.8899999999994
2007-02-08,2117.87,2514.7400000000002,2316.3050000000003
2007-02-09,2135.14,2517.57,2326.355
2007-02-10,1973.24,2140.9,2057.07
2007-02-11,1892.8599999999997,2020.34,1956.6
2007-02-12,1987.04,2501.34,2244.19
2007-02-13,2117.46,2514.46,2315.96
2007-02-14,2126.19,2516.55,2321.37
2007-02-15,2128.87,2517.43,2323.1499999999996
2007-02-16,2142.41,2517.5699999999997,2329.99
2007-02-17,1969.37,2137.1400000000003,2053.255
2007-02-18,1890.28,2017.4800000000002,1953.88
2007-02-19,1874.72,2446.6200000000003,2160.67
2007-02-20,2107.49,2527.09,2317.29
2007-02-21,2102.75,2517.97,2310.3599999999997
2007-02-22,2105.0,2525.8800000000006,2315.4400000000005
2007-02-23,2126.4399999999996,2518.34,2322.39
2007-02-24,1964.2199999999998,2141.19,2052.705
2007-02-25,1879.82,2011.37,1945.5949999999998
2007-02-26,1982.7,2501.61,2242.155
2007-02-27,2099.52,2522.53,2311.025
2007-02-28,2114.71,2530.8999999999996,2322.805
2007-03-01,2121.96,2531.25,2326.605
2007-03-02,2140.76,2525.7799999999993,2333.2699999999995
2007-03-03,1938.3700000000001,2138.09,2038.23
2007-03-04,1879.23,2009.53,1944.38
2007-03-05,1984.03,2529.3999999999996,2256.7149999999997
2007-03-06,2121.95,2529.0100000000007,2325.4800000000005
2007-03-07,2120.7200000000003,2531.1099999999997,2325.915
2007-03-08,2117.9,2538.6699999999996,2328.285
2007-03-09,2146.52,2553.69,2350.105
2007-03-10,1952.01,2150.71,2051.36
2007-03-11,1941.1200000000001,2090.35,2015.7350000000001
2007-03-12,2039.03,2602.2299999999996,2320.6299999999997
2007-03-13,2178.77,2598.28,2388.525
2007-03-14,2172.5099999999998,2588.4500000000003,2380.48
2007-03-15,2173.1,2599.8300000000004,2386.465
2007-03-16,2189.9400000000005,2585.5399999999995,2387.74
2007-03-17,1985.5900000000001,2189.39,2087.49
2007-03-18,1930.7600000000002,2077.9700000000003,2004.3650000000002
2007-03-19,2040.81,2609.7300000000005,2325.2700000000004
2007-03-20,2181.5899999999997,2600.44,2391.015
2007-03-21,2182.19,2610.6800000000003,2396.4350000000004
2007-03-22,2182.38,2599.2900000000004,2390.835
2007-03-23,2203.39,2604.6099999999997,2404.0
2007-03-24,2006.2699999999998,2212.1299999999997,2109.2
2007-03-25,1939.44,2086.5800000000004,2013.0100000000002
2007-03-26,2037.84,2598.58,2318.21
2007-03-27,2175.3399999999997,2602.3599999999997,2388.8499999999995
2007-03-28,2180.0099999999998,2612.02,2396.015
2007-03-29,2183.31,2602.6599999999994,2392.9849999999997
2007-03-30,2199.19,2597.33,2398.26
2007-03-31,1983.8200000000002,2183.9700000000003,2083.8950000000004
2007-04-01,1973.03,2133.57,2053.3
2007-04-02,2079.98,2667.3900000000003,2373.6850000000004
2007-04-03,2228.12,2675.12,2451.62
2007-04-04,2208.0600000000004,2632.6200000000003,2420.34
2007-04-05,2207.54,2628.3,2417.92
2007-04-06,2229.16,2627.7,2428.43
2007-04-07,2033.1499999999999,2235.94,2134.545
2007-04-08,1970.86,2105.8599999999997,2038.3599999999997
2007-04-09,2064.97,2630.1,2347.535
2007-04-10,2201.07,2637.67,2419.37
2007-04-11,2205.86,2636.2599999999998,2421.06
2007-04-12,2207.19,2640.55,2423.87
2007-04-13,2232.9,2646.3199999999997,2439.6099999999997
2007-04-14,2020.99,2226.06,2123.525
2007-04-15,1962.58,2104.73,2033.655
2007-04-16,2055.66,2633.1400000000003,2344.4
2007-04-17,2202.76,2627.5800000000004,2415.17
2007-04-18,2202.68,2626.8899999999994,2414.785
2007-04-19,2204.57,2640.13,2422.3500000000004
2007-04-20,2236.0,2655.08,2445.54
2007-04-21,2038.4799999999998,2245.61,2142.045
2007-04-22,1975.98,2131.48,2053.73
2007-04-23,2075.45,2664.6299999999997,2370.04
2007-04-24,2221.6,2653.6699999999996,2437.6349999999998
2007-04-25,2213.1800000000003,2637.2199999999993,2425.2
2007-04-26,2201.3799999999997,2627.2400000000002,2414.31
2007-04-27,2227.6800000000003,2647.2500000000005,2437.465
2007-04-28,2043.0700000000002,2250.9700000000003,2147.0200000000004
2007-04-29,1973.5400000000002,2142.2900000000004,2057.9150000000004
2007-04-30,2076.6,2664.41,2370.505
2007-05-01,2288.01,2728.6400000000003,2508.3250000000003
2007-05-02,2290.02,2740.19,2515.105
2007-05-03,2286.39,2734.23,2510.31
2007-05-04,2314.02,2752.88,2533.45
2007-05-05,2115.33,2339.62,2227.475
2007-05-06,2058.28,2218.96,2138.62
2007-05-07,2156.92,2765.87,2461.395
2007-05-08,2299.9,2750.9,2525.4
2007-05-09,2295.16,2747.58,2521.37
2007-05-10,2291.03,2741.2000000000003,2516.1150000000002
2007-05-11,2309.7999999999997,2745.4100000000003,2527.605
2007-05-12,2112.04,2331.86,2221.95
2007-05-13,2046.34,2214.07,2130.205
2007-05-14,2147.91,2765.4,2456.6549999999997
2007-05-15,2230.44,2652.37,2441.4049999999997
2007-05-16,2223.44,2634.44,2428.94
2007-05-17,2222.4100000000003,2635.21,2428.8100000000004
2007-05-18,2244.31,2639.6099999999997,2441.96
2007-05-19,2031.76,2230.3599999999997,2131.06
2007-05-20,1978.5000000000002,2113.56,2046.0300000000002
2007-05-21,2078.5,2645.8300000000004,2362.165
2007-05-22,2225.73,2641.03,2433.38
2007-05-23,2228.45,2644.7000000000003,2436.575
2007-05-24,2228.08,2644.9600000000005,2436.5200000000004
2007-05-25,2244.67,2633.98,2439.325
2007-05-26,2030.9,2231.62,2131.26
2007-05-27,1980.9,2109.24,2045.07
2007-05-28,1949.5400000000002,2168.46,2059.0
2007-05-29,2223.76,2630.69,2427.2250000000004
2007-05-30,2223.77,2634.6,2429.185
2007-05-31,2225.32,2643.99,2434.6549999999997
2007-06-01,2286.23,2602.9900000000002,2444.61
2007-06-02,2152.1800000000003,2332.1,2242.1400000000003
2007-06-03,2088.76,2211.15,2149.955
2007-06-04,2147.1900000000005,2583.2900000000004,2365.2400000000007
2007-06-05,2269.0899999999997,2591.42,2430.255
2007-06-06,2271.63,2597.4099999999994,2434.5199999999995
2007-06-07,2278.8799999999997,2603.5399999999995,2441.2099999999996
2007-06-08,2292.95,2603.4600000000005,2448.205
2007-06-09,2160.8999999999996,2343.33,2252.115
2007-06-10,2095.83,2219.83,2157.83
2007-06-11,2155.77,2599.95,2377.8599999999997
2007-06-12,2279.25,2604.32,2441.785
2007-06-13,2280.02,2604.67,2442.3450000000003
2007-06-14,2277.48,2595.36,2436.42
2007-06-15,2286.080000000001,2592.8300000000004,2439.455000000001
2007-06-16,2147.63,2325.6900000000005,2236.6600000000003
2007-06-17,2086.33,2201.6800000000003,2144.005
2007-06-18,2149.1299999999997,2593.42,2371.2749999999996
2007-06-19,2278.72,2604.5099999999998,2441.615
2007-06-20,2276.5599999999995,2596.37,2436.4649999999997
2007-06-21,2275.07,2595.6000000000004,2435.335
2007-06-22,2286.99,2601.55,2444.27
2007-06-23,2156.2799999999997,2336.42,2246.35
2007-06-24,2090.66,2212.12,2151.39
2007-06-25,2150.0099999999993,2588.59,2369.2999999999997
2007-06-26,2272.0699999999997,2590.1900000000005,2431.13
2007-06-27,2270.08,2589.9799999999996,2430.0299999999997
2007-06-28,2271.31,2588.16,2429.7349999999997
2007-06-29,2285.2999999999997,2604.2699999999995,2444.785
2007-06-30,2152.31,2336.9899999999993,2244.6499999999996
2007-07-01,2030.6200000000001,2149.2400000000002,2089.9300000000003
2007-07-02,2131.54,2565.6099999999997,2348.575
2007-07-03,2253.81,2573.6699999999996,2413.74
2007-07-04,2078.5099999999998,2226.8200000000006,2152.665
2007-07-05,2253.94,2567.27,2410.605
2007-07-06,2266.46,2577.3,2421.88
2007-07-07,2099.67,2275.43,2187.55
2007-07-08,2034.19,2152.5699999999997,2093.38
2007-07-09,2138.05,2576.11,2357.08
2007-07-10,2263.3199999999997,2582.86,2423.09
2007-07-11,2262.7,2586.09,2424.395
2007-07-12,2263.4700000000003,2585.27,2424.37
2007-07-13,2275.9600000000005,2586.6200000000003,2431.2900000000004
2007-07-14,2097.1,2271.7700000000004,2184.4350000000004
2007-07-15,2034.0299999999997,2155.91,2094.97
2007-07-16,2137.8199999999997,2578.16,2357.99
2007-07-17,2261.2100000000005,2580.23,2420.7200000000003
2007-07-18,2260.3300000000004,2580.16,2420.245
2007-07-19,2258.84,2579.17,2419.005
2007-07-20,2272.96,2585.3499999999995,2429.1549999999997
2007-07-21,2099.78,2273.23,2186.505
2007-07-22,2035.51,2160.26,2097.885
2007-07-23,2137.07,2574.7999999999997,2355.935
2007-07-24,2258.22,2576.6700000000005,2417.445
2007-07-25,2257.75,2577.69,2417.7200000000003
2007-07-26,2258.21,2580.12,2419.165
2007-07-27,2272.9100000000003,2584.21,2428.5600000000004
2007-07-28,2103.63,2279.55,2191.59
2007-07-29,2039.82,2161.3599999999997,2100.5899999999997
2007-07-30,2141.48,2580.8799999999997,2361.18
2007-07-31,2266.53,2589.9100000000003,2428.2200000000003
2007-08-01,2339.75,2674.6400000000003,2507.195
2007-08-02,2339.5400000000004,2663.66,2501.6000000000004
2007-08-03,2353.94,2681.57,2517.755
2007-08-04,2236.3300000000004,2424.16,2330.245
2007-08-05,2173.68,2303.7700000000004,2238.7250000000004
2007-08-06,2219.31,2674.6199999999994,2446.9649999999997
2007-08-07,2346.03,2679.61,2512.82
2007-08-08,2346.71,2680.17,2513.44
2007-08-09,2345.94,2678.64,2512.29
2007-08-10,2360.0,2688.8500000000004,2524.425
2007-08-11,2241.8799999999997,2431.09,2336.4849999999997
2007-08-12,2178.28,2312.6,2245.44
2007-08-13,2223.4,2682.1800000000003,2452.79
2007-08-14,2350.01,2687.62,2518.815
2007-08-15,2351.7999999999997,2688.08,2519.9399999999996
2007-08-16,2351.7400000000002,2683.69,2517.715
2007-08-17,2363.48,2686.51,2524.995
2007-08-18,2239.89,2426.4900000000002,2333.19
2007-08-19,2179.6899999999996,2305.77,2242.7299999999996
2007-08-20,2223.55,2679.5399999999995,2451.545
2007-08-21,2349.94,2681.63,2515.785
2007-08-22,2350.8399999999997,2681.82,2516.33
2007-08-23,2351.7500000000005,2686.7,2519.2250000000004
2007-08-24,2367.4700000000003,2695.5099999999998,2531.49
2007-08-25,2242.2999999999997,2435.8399999999997,2339.0699999999997
2007-08-26,2181.92,2314.33,2248.125
2007-08-27,2225.6000000000004,2684.7400000000002,2455.17
2007-08-28,2352.3100000000004,2684.99,2518.65
2007-08-29,2351.9500000000003,2684.9300000000003,2518.4400000000005
2007-08-30,2349.02,2682.07,2515.545
2007-08-31,2363.18,2693.52,2528.35
2007-09-01,2153.2799999999997,2334.67,2243.975
2007-09-02,2087.19,2212.53,2149.86
2007-09-03,1989.35,2148.43,2068.89
2007-09-04,2290.65,2610.6,2450.625
2007-09-05,2290.65,2610.86,2450.755
2007-09-06,2295.4399999999996,2619.6000000000004,2457.52
2007-09-07,2311.03,2631.0,2471.0150000000003
2007-09-08,2161.06,2343.03,2252.045
2007-09-09,2097.2200000000003,2219.23,2158.2250000000004
2007-09-10,2171.69,2605.77,2388.73
2007-09-11,2289.6899999999996,2604.14,2446.915
2007-09-12,2285.7999999999997,2604.95,2445.375
2007-09-13,2289.32,2609.95,2449.635
2007-09-14,2305.6500000000005,2625.25,2465.4500000000003
2007-09-15,2153.2999999999997,2333.4900000000002,2243.395
2007-09-16,2091.82,2216.13,2153.9750000000004
2007-09-17,2169.48,2613.2799999999997,2391.38
2007-09-18,2299.78,2622.51,2461.1450000000004
2007-09-19,2302.3700000000003,2625.9599999999996,2464.165
2007-09-20,2302.19,2625.33,2463.76
2007-09-21,2314.11,2633.3400000000006,2473.7250000000004
2007-09-22,2161.33,2344.39,2252.8599999999997
2007-09-23,2099.22,2221.23,2160.225
2007-09-24,2176.39,2619.95,2398.17
2007-09-25,2302.8999999999996,2629.3600000000006,2466.13
2007-09-26,2305.35,2630.3,2467.825
2007-09-27,2306.1600000000003,2631.55,2468.8550000000005
2007-09-28,2319.02,2636.3300000000004,2477.675
2007-09-29,2162.8099999999995,2345.56,2254.1849999999995
2007-09-30,2105.2599999999998,2227.61,2166.435
2007-10-01,2030.4099999999999,2592.02,2311.215
2007-10-02,2176.08,2585.6299999999997,2380.8549999999996
2007-10-03,2174.54,2582.44,2378.49
2007-10-04,2172.6099999999997,2583.04,2377.825
2007-10-05,2194.08,2584.5200000000004,2389.3
2007-10-06,2067.6000000000004,2269.3599999999997,2168.48
2007-10-07,2018.1100000000001,2152.52,2085.315
2007-10-08,2031.31,2593.88,2312.5950000000003
2007-10-09,2173.13,2578.06,2375.5950000000003
2007-10-10,2166.9,2572.39,2369.645
2007-10-11,2165.7000000000003,2573.1200000000003,2369.4100000000003
2007-10-12,2186.64,2574.6899999999996,2380.665
2007-10-13,2064.21,2266.94,2165.575
2007-10-14,2012.67,2148.89,2080.7799999999997
2007-10-15,2024.6799999999998,2569.0800000000004,2296.88
2007-10-16,2165.0799999999995,2559.36,2362.22
2007-10-17,2168.38,2578.62,2373.5
2007-10-18,2169.0599999999995,2578.94,2374.0
2007-10-19,2185.38,2567.62,2376.5
2007-10-20,2064.26,2266.09,2165.175
2007-10-21,2013.11,2154.2799999999997,2083.6949999999997
2007-10-22,2016.71,2560.3,2288.505
2007-10-23,2164.7400000000002,2555.64,2360.19
2007-10-24,2164.52,2559.13,2361.825
2007-10-25,2165.72,2555.51,2360.615
2007-10-26,2187.79,2559.82,2373.8050000000003
2007-10-27,2057.56,2253.22,2155.39
2007-10-28,2009.26,2132.48,2070.87
2007-10-29,2022.8500000000001,2567.4599999999996,2295.1549999999997
2007-10-30,2165.03,2563.0699999999997,2364.05
2007-10-31,2167.3799999999997,2569.1,2368.24
2007-11-01,2146.66,2536.6000000000004,2341.63
2007-11-02,2168.0,2542.1499999999996,2355.075
2007-11-03,1993.59,2188.66,2091.125
2007-11-04,1890.6299999999997,2019.0300000000002,1954.83
2007-11-05,1957.96,2500.7200000000003,2229.34
2007-11-06,2095.86,2477.23,2286.545
2007-11-07,2098.28,2476.1900000000005,2287.2350000000006
2007-11-08,2097.14,2482.81,2289.975
2007-11-09,2121.4399999999996,2494.0299999999997,2307.7349999999997
2007-11-10,1948.1100000000001,2142.57,2045.3400000000001
2007-11-11,1899.32,2024.1100000000001,1961.7150000000001
2007-11-12,1965.9099999999999,2506.14,2236.0249999999996
2007-11-13,2106.19,2498.68,2302.435
2007-11-14,2105.75,2494.6099999999997,2300.18
2007-11-15,2098.17,2478.9399999999996,2288.555
2007-11-16,2123.0699999999997,2482.1299999999997,2302.5999999999995
2007-11-17,1945.3100000000002,2138.35,2041.83
2007-11-18,1896.74,2021.7699999999998,1959.2549999999999
2007-11-19,1964.4099999999999,2498.5099999999998,2231.46
2007-11-20,2106.33,2500.8400000000006,2303.585
2007-11-21,2099.5800000000004,2484.2,2291.8900000000003
2007-11-22,1745.5400000000002,1891.1399999999999,1818.3400000000001
2007-11-23,1735.1000000000001,1887.89,1811.4950000000001
2007-11-24,1953.22,2139.9300000000003,2046.5750000000003
2007-11-25,1903.4299999999998,2020.1,1961.7649999999999
2007-11-26,1967.66,2487.5199999999995,2227.5899999999997
2007-11-27,2105.15,2483.73,2294.44
2007-11-28,2106.29,2484.2400000000002,2295.2650000000003
2007-11-29,2105.2200000000003,2481.7200000000003,2293.4700000000003
2007-11-30,2127.1,2488.2000000000003,2307.65
2007-12-01,1901.52,2048.71,1975.115
2007-12-02,1831.7499999999998,1946.95,1889.35
2007-12-03,1938.2499999999998,2415.6599999999994,2176.9549999999995
2007-12-04,2062.12,2426.29,2244.205
2007-12-05,2061.91,2431.36,2246.635
2007-12-06,2062.01,2426.48,2244.245
2007-12-07,2077.96,2438.31,2258.135
2007-12-08,1899.97,2052.38,1976.1750000000002
2007-12-09,1828.3,1944.68,1886.49
2007-12-10,1944.09,2417.68,2180.8849999999998
2007-12-11,2062.61,2431.81,2247.21
2007-12-12,2066.13,2431.2000000000003,2248.665
2007-12-13,2068.4,2431.0699999999997,2249.7349999999997
2007-12-14,2082.51,2429.42,2255.965
2007-12-15,1907.87,2052.13,1980.0
2007-12-16,1840.84,1944.27,1892.5549999999998
2007-12-17,1946.26,2419.31,2182.785
2007-12-18,2005.4499999999998,2218.5600000000004,2112.005
2007-12-19,2004.3700000000001,2216.8199999999997,2110.595
2007-12-20,2006.5900000000001,2219.2200000000003,2112.905
2007-12-21,1946.6299999999999,2229.75,2088.19
2007-12-22,1905.8399999999997,2046.6,1976.2199999999998
2007-12-23,1839.77,1943.77,1891.77
2007-12-24,1927.19,2210.2000000000003,2068.695
2007-12-25,1634.6599999999999,1737.44,1686.05
2007-12-26,1895.59,2089.6,1992.5949999999998
2007-12-27,1899.56,2089.7,1994.6299999999999
2007-12-28,1857.79,2087.97,1972.8799999999999
2007-12-29,1906.3400000000001,2050.44,1978.39
2007-12-30,1834.69,1938.8500000000001,1886.77
2007-12-31,1777.63,2073.75,1925.69
2008-01-01,1705.5900000000001,1835.85,1770.72
2008-01-02,2073.7,2435.11,2254.4049999999997
2008-01-03,2073.73,2433.97,2253.85
2008-01-04,2082.94,2429.3300000000004,2256.135
2008-01-05,1877.1699999999998,2023.09,1950.1299999999999
2008-01-06,1805.91,1921.72,1863.815
2008-01-07,1940.63,2432.04,2186.335
2008-01-08,2057.5,2432.4300000000003,2244.965
2008-01-09,2061.43,2427.9200000000005,2244.675
2008-01-10,2061.35,2428.75,2245.05
2008-01-11,2078.1,2426.3599999999997,2252.2299999999996
2008-01-12,1875.7400000000002,2018.8600000000004,1947.3000000000002
2008-01-13,1808.62,1912.7400000000002,1860.68
2008-01-14,1940.3100000000002,2415.57,2177.94
2008-01-15,2062.37,2427.61,2244.99
2008-01-16,2061.28,2427.1600000000003,2244.2200000000003
2008-01-17,2068.9900000000002,2431.52,2250.255
2008-01-18,2086.22,2430.1400000000003,2258.1800000000003
2008-01-19,1885.16,2027.1499999999999,1956.155
2008-01-20,1814.6999999999998,1914.38,1864.54
2008-01-21,1951.37,2368.7799999999997,2160.075
2008-01-22,2064.71,2430.2099999999996,2247.46
2008-01-23,2068.12,2428.3599999999997,2248.24
2008-01-24,2066.7200000000003,2428.46,2247.59
2008-01-25,2082.39,2428.4700000000003,2255.4300000000003
2008-01-26,1875.0100000000002,2018.93,1946.9700000000003
2008-01-27,1806.4199999999998,1906.6399999999999,1856.5299999999997
2008-01-28,1935.0199999999998,2414.33,2174.6749999999997
2008-01-29,2055.0099999999998,2429.06,2242.035
2008-01-30,2059.36,2422.74,2241.05
2008-01-31,2057.86,2424.14,2241.0
2008-02-01,2100.09,2448.15,2274.12
2008-02-02,1925.93,2074.5299999999997,2000.23
2008-02-03,1856.0600000000002,1973.8700000000001,1914.9650000000001
2008-02-04,1953.6399999999999,2452.4500000000003,2203.045
2008-02-05,2079.1800000000003,2454.5400000000004,2266.8600000000006
2008-02-06,2079.5,2444.72,2262.1099999999997
2008-02-07,2078.59,2444.12,2261.355
2008-02-08,2093.32,2444.5099999999998,2268.915
2008-02-09,1922.44,2070.25,1996.345
2008-02-10,1855.3100000000002,1963.89,1909.6000000000001
2008-02-11,1949.31,2434.28,2191.795
2008-02-12,2071.2400000000002,2442.8,2257.0200000000004
2008-02-13,2076.98,2441.95,2259.465
2008-02-14,2075.42,2445.3499999999995,2260.3849999999998
2008-02-15,2086.0899999999997,2441.92,2264.005
2008-02-16,1927.34,2074.2599999999998,2000.7999999999997
2008-02-17,1853.09,1959.4300000000003,1906.2600000000002
2008-02-18,1840.6200000000001,2379.07,2109.8450000000003
2008-02-19,2073.28,2438.69,2255.985
2008-02-20,2068.4700000000003,2440.8799999999997,2254.675
2008-02-21,2069.46,2440.02,2254.74
2008-02-22,2092.2,2437.94,2265.0699999999997
2008-02-23,1916.68,2065.05,1990.8650000000002
2008-02-24,1849.45,1955.67,1902.56
2008-02-25,1942.3999999999999,2432.9300000000003,2187.665
2008-02-26,2069.31,2435.82,2252.565
2008-02-27,2072.08,2434.04,2253.06
2008-02-28,2070.87,2438.12,2254.495
2008-02-29,2082.17,2437.54,2259.855
2008-03-01,1892.2999999999997,2075.88,1984.09
2008-03-02,1841.18,1958.52,1899.85
2008-03-03,1938.1200000000001,2458.76,2198.44
2008-03-04,2084.62,2449.46,2267.04
2008-03-05,2081.64,2452.2999999999997,2266.97
2008-03-06,2083.16,2453.8599999999997,2268.5099999999998
2008-03-07,2106.55,2455.05,2280.8
2008-03-08,1891.8700000000001,2072.39,1982.13
2008-03-09,1891.5199999999998,2004.44,1947.98
2008-03-10,1987.1699999999998,2515.78,2251.475
2008-03-11,2129.51,2507.9300000000003,2318.7200000000003
2008-03-12,2123.53,2515.7000000000003,2319.6150000000002
2008-03-13,2126.1200000000003,2516.26,2321.1900000000005
2008-03-14,2144.87,2524.47,2334.67
2008-03-15,1939.3100000000002,2126.32,2032.815
2008-03-16,1881.76,2005.9400000000003,1943.8500000000001
2008-03-17,1984.65,2529.07,2256.86
2008-03-18,2126.62,2506.4,2316.51
2008-03-19,2123.76,2504.9600000000005,2314.3600000000006
2008-03-20,2123.9500000000003,2507.5899999999997,2315.77
2008-03-21,2141.27,2510.4500000000003,2325.86
2008-03-22,1935.09,2121.21,2028.15
2008-03-23,1879.6200000000001,1997.74,1938.68
2008-03-24,1980.18,2507.0499999999997,2243.615
2008-03-25,2119.35,2510.26,2314.8050000000003
2008-03-26,2119.74,2518.63,2319.185
2008-03-27,2125.31,2525.2599999999998,2325.285
2008-03-28,2136.31,2506.0099999999998,2321.16
2008-03-29,1931.63,2116.17,2023.9
2008-03-30,1878.3400000000001,2012.89,1945.6150000000002
2008-03-31,1984.3100000000002,2530.9499999999994,2257.6299999999997
2008-04-01,2168.61,2562.7300000000005,2365.67
2008-04-02,2166.08,2557.4800000000005,2361.78
2008-04-03,2167.4700000000003,2573.1800000000007,2370.3250000000007
2008-04-04,2184.27,2558.4900000000002,2371.38
2008-04-05,1976.18,2164.3099999999995,2070.245
2008-04-06,1923.0700000000002,2054.39,1988.73
2008-04-07,2018.18,2577.71,2297.945
2008-04-08,2169.06,2571.04,2370.05
2008-04-09,2164.1099999999997,2561.06,2362.585
2008-04-10,2164.64,2570.34,2367.49
2008-04-11,2182.8200000000006,2557.3700000000003,2370.0950000000003
2008-04-12,1973.72,2162.12,2067.92
2008-04-13,1921.98,2039.8500000000001,1980.915
2008-04-14,2017.8500000000001,2554.65,2286.25
2008-04-15,2157.31,2552.87,2355.09
2008-04-16,2160.6700000000005,2558.0,2359.335
2008-04-17,2163.3299999999995,2559.91,2361.62
2008-04-18,2180.5200000000004,2549.93,2365.2250000000004
2008-04-19,1975.89,2167.14,2071.515
2008-04-20,1920.43,2049.02,1984.725
2008-04-21,2020.43,2580.4900000000002,2300.46
2008-04-22,2167.57,2577.31,2372.44
2008-04-23,2169.64,2569.33,2369.4849999999997
2008-04-24,2166.89,2571.13,2369.01
2008-04-25,2188.6399999999994,2570.7,2379.6699999999996
2008-04-26,1972.72,2164.41,2068.565
2008-04-27,1913.8999999999999,2035.8799999999999,1974.8899999999999
2008-04-28,2007.81,2555.42,2281.615
2008-04-29,2154.2599999999998,2555.84,2355.05
2008-04-30,2154.22,2559.65,2356.935
2008-05-01,2236.35,2655.7599999999998,2446.055
2008-05-02,2257.8199999999997,2650.08,2453.95
2008-05-03,2033.7999999999997,2230.0,2131.8999999999996
2008-05-04,1982.2299999999998,2116.13,2049.18
2008-05-05,2084.51,2646.14,2365.325
2008-05-06,2230.35,2642.15,2436.25
2008-05-07,2233.13,2649.45,2441.29
2008-05-08,2232.07,2648.4800000000005,2440.2750000000005
2008-05-09,2256.37,2657.5900000000006,2456.9800000000005
2008-05-10,2049.7,2248.5800000000004,2149.1400000000003
2008-05-11,1981.95,2112.5499999999997,2047.25
2008-05-12,2079.0099999999998,2645.15,2362.08
2008-05-13,2230.9900000000002,2649.0499999999997,2440.02
2008-05-14,2232.9100000000003,2644.9400000000005,2438.925
2008-05-15,2227.66,2635.49,2431.575
2008-05-16,2247.99,2640.49,2444.24
2008-05-17,2036.82,2237.89,2137.355
2008-05-18,1982.95,2129.23,2056.09
2008-05-19,2083.79,2670.54,2377.165
2008-05-20,2234.8500000000004,2659.68,2447.2650000000003
2008-05-21,2236.88,2657.0999999999995,2446.99
2008-05-22,2240.95,2661.47,2451.21
2008-05-23,2266.1,2669.4900000000002,2467.795
2008-05-24,2053.21,2256.96,2155.085
2008-05-25,1997.75,2138.65,2068.2
2008-05-26,1970.2199999999998,2198.04,2084.13
2008-05-27,2240.65,2648.1499999999996,2444.3999999999996
2008-05-28,2234.27,2655.2800000000007,2444.7750000000005
2008-05-29,2236.44,2658.88,2447.66
2008-05-30,2260.51,2662.13,2461.32
2008-05-31,2050.34,2251.57,2150.955
2008-06-01,2101.65,2227.22,2164.435
2008-06-02,2161.1,2605.7700000000004,2383.4350000000004
2008-06-03,2286.19,2613.42,2449.8050000000003
2008-06-04,2287.32,2612.52,2449.92
2008-06-05,2288.81,2611.7500000000005,2450.28
2008-06-06,2301.99,2620.3,2461.145
2008-06-07,2169.3399999999997,2351.3799999999997,2260.3599999999997
2008-06-08,2106.27,2229.11,2167.69
2008-06-09,2160.94,2604.35,2382.645
2008-06-10,2279.5,2600.51,2440.005
2008-06-11,2282.35,2610.38,2446.365
2008-06-12,2285.35,2612.47,2448.91
2008-06-13,2300.79,2620.67,2460.73
2008-06-14,2169.0899999999997,2351.03,2260.06
2008-06-15,2104.31,2233.08,2168.6949999999997
2008-06-16,2163.52,2611.2799999999997,2387.3999999999996
2008-06-17,2286.68,2603.43,2445.055
2008-06-18,2280.8599999999997,2603.83,2442.345
2008-06-19,2281.06,2600.93,2440.995
2008-06-20,2294.75,2613.3300000000004,2454.04
2008-06-21,2165.49,2349.34,2257.415
2008-06-22,2097.66,2228.25,2162.955
2008-06-23,2158.11,2606.73,2382.42
2008-06-24,2284.64,2610.18,2447.41
2008-06-25,2285.5399999999995,2608.8800000000006,2447.21
2008-06-26,2285.6699999999996,2610.8399999999997,2448.2549999999997
2008-06-27,2299.9300000000003,2621.65,2460.79
2008-06-28,2162.3799999999997,2358.03,2260.205
2008-06-29,2101.33,2218.64,2159.9849999999997
2008-06-30,2155.93,2597.3,2376.615
2008-07-01,2259.5299999999997,2584.3100000000004,2421.92
2008-07-02,2262.1999999999994,2587.31,2424.7549999999997
2008-07-03,2264.47,2587.73,2426.1
2008-07-04,2105.43,2247.2,2176.3149999999996
2008-07-05,2110.48,2286.77,2198.625
2008-07-06,2042.23,2167.38,2104.8050000000003
2008-07-07,2145.18,2585.6600000000003,2365.42
2008-07-08,2266.41,2588.1900000000005,2427.3
2008-07-09,2266.29,2590.3300000000004,2428.3100000000004
2008-07-10,2267.9699999999993,2592.8900000000003,2430.43
2008-07-11,2283.4599999999996,2602.02,2442.74
2008-07-12,2114.1,2291.7200000000003,2202.91
2008-07-13,2047.99,2170.21,2109.1
2008-07-14,2147.92,2586.96,2367.44
2008-07-15,2265.96,2589.4200000000005,2427.6900000000005
2008-07-16,2265.4800000000005,2587.6,2426.54
2008-07-17,2266.8700000000003,2593.3500000000004,2430.1100000000006
2008-07-18,2282.48,2602.32,2442.4
2008-07-19,2113.99,2291.28,2202.635
2008-07-20,2047.03,2172.7599999999998,2109.895
2008-07-21,2149.84,2593.52,2371.6800000000003
2008-07-22,2273.81,2600.14,2436.975
2008-07-23,2273.6900000000005,2598.01,2435.8500000000004
2008-07-24,2272.78,2595.9900000000002,2434.385
2008-07-25,2286.2200000000003,2604.3900000000003,2445.3050000000003
2008-07-26,2116.95,2293.1299999999997,2205.04
2008-07-27,2049.9,2179.14,2114.52
2008-07-28,2151.31,2597.28,2374.295
2008-07-29,2277.1400000000003,2601.9900000000002,2439.5650000000005
2008-07-30,2277.7,2603.51,2440.605
2008-07-31,2276.3,2599.0499999999997,2437.675
2008-08-01,2365.533,2694.884,2530.2084999999997
2008-08-02,2246.03,2434.006,2340.018
2008-08-03,2181.739,2317.4379999999996,2249.5885
2008-08-04,2225.476,2683.0860000000002,2454.281
2008-08-05,2352.656,2690.293,2521.4745000000003
2008-08-06,2350.8980000000006,2675.2400000000002,2513.0690000000004
2008-08-07,2349.286,2682.7920000000004,2516.039
2008-08-08,2365.354,2693.7050000000004,2529.5295
2008-08-09,2247.24,2434.628,2340.934
2008-08-10,2183.9219999999996,2317.583,2250.7524999999996
2008-08-11,2229.147,2684.3460000000005,2456.7465
2008-08-12,2351.222,2679.078000000001,2515.1500000000005
2008-08-13,2347.2600000000007,2679.9390000000003,2513.5995000000003
2008-08-14,2349.386,2684.929,2517.1575000000003
2008-08-15,2361.538,2680.9410000000003,2521.2395
2008-08-16,2231.775,2419.5660000000003,2325.6705
2008-08-17,2173.678,2298.179,2235.9285
2008-08-18,2219.053,2664.8700000000003,2441.9615000000003
2008-08-19,2343.3810000000003,2670.925,2507.1530000000002
2008-08-20,2343.533,2670.8460000000005,2507.1895000000004
2008-08-21,2344.5159999999996,2673.017,2508.7664999999997
2008-08-22,2364.7889999999998,2693.593,2529.191
2008-08-23,2242.215,2436.128,2339.1715000000004
2008-08-24,2182.542,2311.278,2246.91
2008-08-25,2226.606,2681.82,2454.213
2008-08-26,2354.071,2685.7200000000003,2519.8955
2008-08-27,2355.371,2689.368,2522.3695
2008-08-28,2356.8839999999996,2690.967,2523.9255
2008-08-29,2371.4779999999996,2700.6269999999995,2536.0525
2008-08-30,2246.205,2438.872,2342.5384999999997
2008-08-31,2186.75,2314.8669999999997,2250.8085
2008-09-01,1994.573,2165.476,2080.0245
2008-09-02,2300.691,2627.7379999999994,2464.2144999999996
2008-09-03,2297.1969999999997,2611.9300000000003,2454.5635
2008-09-04,2290.643,2609.8779999999997,2450.2605
2008-09-05,2303.9370000000004,2622.03,2462.9835000000003
2008-09-06,2155.445,2334.1089999999995,2244.777
2008-09-07,2090.583,2219.494,2155.0385
2008-09-08,2170.8230000000003,2616.8389999999995,2393.831
2008-09-09,2296.474,2611.81,2454.142
2008-09-10,2295.707,2615.169,2455.438
2008-09-11,2299.0380000000005,2623.583,2461.3105000000005
2008-09-12,2315.993,2638.1339999999996,2477.0634999999997
2008-09-13,2157.862,2339.1420000000003,2248.5020000000004
2008-09-14,2095.9809999999998,2213.936,2154.9584999999997
2008-09-15,2163.222,2598.174,2380.6980000000003
2008-09-16,2286.105,2601.3979999999997,2443.7515
2008-09-17,2286.5890000000004,2603.2149999999997,2444.902
2008-09-18,2288.703,2603.87,2446.2865
2008-09-19,2301.412,2615.8669999999997,2458.6394999999998
2008-09-20,2155.308,2333.899,2244.6035
2008-09-21,2091.917,2217.102,2154.5095
2008-09-22,2171.602,2614.9060000000004,2393.254
2008-09-23,2299.1800000000003,2622.4249999999997,2460.8025
2008-09-24,2300.0550000000003,2623.742,2461.8985000000002
2008-09-25,2299.4379999999996,2620.5570000000002,2459.9975
2008-09-26,2311.436,2628.3989999999994,2469.9174999999996
2008-09-27,2160.001,2341.339,2250.67
2008-09-28,2095.294,2221.3350000000005,2158.3145000000004
2008-09-29,2171.3439999999996,2614.255,2392.7995
2008-09-30,2297.9860000000003,2618.0860000000002,2458.036
2008-10-01,2159.846,2567.5499999999997,2363.698
2008-10-02,2160.004,2568.716,2364.3599999999997
2008-10-03,2184.736,2576.7039999999997,2380.72
2008-10-04,2064.796,2268.9300000000003,2166.8630000000003
2008-10-05,2010.168,2148.231,2079.1995
2008-10-06,2025.8159999999998,2575.0209999999997,2300.4184999999998
2008-10-07,2164.176,2562.9619999999995,2363.5689999999995
2008-10-08,2160.5860000000002,2563.3050000000003,2361.9455000000003
2008-10-09,2162.354,2566.27,2364.312
2008-10-10,2183.703,2571.9680000000003,2377.8355
2008-10-11,2062.0220000000004,2265.2850000000003,2163.6535000000003
2008-10-12,2010.517,2147.233,2078.875
2008-10-13,2029.083,2581.165,2305.124
2008-10-14,2173.5829999999996,2574.282,2373.9325
2008-10-15,2168.606,2560.5040000000004,2364.5550000000003
2008-10-16,2164.617,2554.2740000000003,2359.4455000000003
2008-10-17,2185.403,2562.751,2374.077
2008-10-18,2056.087,2256.369,2156.228
2008-10-19,2004.5439999999999,2138.4300000000003,2071.487
2008-10-20,2023.1390000000001,2578.0,2300.5695
2008-10-21,2167.0960000000005,2571.293,2369.1945000000005
2008-10-22,2168.287,2560.757,2364.522
2008-10-23,2164.331,2555.0669999999996,2359.6989999999996
2008-10-24,2187.845,2559.6250000000005,2373.735
2008-10-25,2055.803,2255.672,2155.7375
2008-10-26,2008.9900000000002,2146.321,2077.6555
2008-10-27,2019.866,2563.2729999999997,2291.5694999999996
2008-10-28,2167.5009999999997,2555.0249999999996,2361.263
2008-10-29,2164.0150000000003,2562.001,2363.0080000000003
2008-10-30,2167.5879999999997,2569.7009999999996,2368.6444999999994
2008-10-31,2191.305,2576.496,2383.9004999999997
2008-11-01,1997.921,2195.7389999999996,2096.83
2008-11-02,2184.043,2396.827,2290.4350000000004
2008-11-03,2246.12,2928.9629999999997,2587.5415
2008-11-04,2393.435,2923.612,2658.5235000000002
2008-11-05,2410.978,2959.674,2685.326
2008-11-06,2387.962,2892.6800000000003,2640.321
2008-11-07,2401.542,2851.3759999999997,2626.459
2008-11-08,2238.9770000000003,2437.496,2338.2365
2008-11-09,2180.114,2339.5860000000002,2259.8500000000004
2008-11-10,2241.5550000000003,2869.708,2555.6315000000004
2008-11-11,2394.5899999999997,2898.74,2646.665
2008-11-12,2387.794,2867.4959999999996,2627.6449999999995
2008-11-13,2374.415,2875.4979999999996,2624.9565
2008-11-14,2412.986,2880.0359999999996,2646.5109999999995
2008-11-15,2245.953,2437.718,2341.8355
2008-11-16,2189.335,2322.3179999999998,2255.8265
2008-11-17,2245.241,2877.7740000000003,2561.5075
2008-11-18,2386.093,2855.438,2620.7655
2008-11-19,2395.377,2875.912,2635.6445
2008-11-20,2381.3669999999997,2860.0080000000003,2620.6875
2008-11-21,2427.489,2857.028,2642.2585
2008-11-22,2246.6,2444.623,2345.6115
2008-11-23,2167.847,2341.245,2254.5460000000003
2008-11-24,2233.828,2879.516,2556.672
2008-11-25,2389.384,2859.3399999999997,2624.362
2008-11-26,2391.397,2879.118,2635.2574999999997
2008-11-27,2029.512,2176.922,2103.217
2008-11-28,2006.187,2212.735,2109.4610000000002
2008-11-29,2251.146,2444.508,2347.827
2008-11-30,2183.5310000000004,2336.0119999999997,2259.7715
2008-12-01,2229.3410000000003,2781.17,2505.2555
2008-12-02,2360.488,2791.1600000000003,2575.824
2008-12-03,2350.368,2826.75,2588.559
2008-12-04,2370.884,2800.091,2585.4875
2008-12-05,2406.3930000000005,2813.666,2610.0295000000006
2008-12-06,2216.0679999999998,2369.97,2293.019
2008-12-07,2125.312,2268.1330000000003,2196.7225
2008-12-08,2212.3430000000003,2795.688,2504.0155000000004
2008-12-09,2333.705,2807.59,2570.6475
2008-12-10,2388.0829999999996,2806.9829999999997,2597.5329999999994
2008-12-11,2386.402,2799.2239999999997,2592.813
2008-12-12,2386.514,2791.7400000000002,2589.1270000000004
2008-12-13,2204.765,2366.284,2285.5245
2008-12-14,2121.4350000000004,2305.115,2213.275
2008-12-15,2246.074,2805.8149999999996,2525.9444999999996
2008-12-16,2413.212,2829.811,2621.5115
2008-12-17,2392.313,2803.152,2597.7325
2008-12-18,2313.557,2603.364,2458.4605
2008-12-19,2248.4939999999997,2594.875,2421.6845
2008-12-20,2214.772,2355.455,2285.1135
2008-12-21,2160.225,2303.983,2232.1040000000003
2008-12-22,2263.9570000000003,2629.369,2446.6630000000005
2008-12-23,2336.068,2636.527,2486.2975
2008-12-24,2318.408,2585.7259999999997,2452.067
2008-12-25,1925.1940000000002,2021.4380000000003,1973.3160000000003
2008-12-26,2174.4990000000003,2477.0820000000003,2325.7905
2008-12-27,2185.5159999999996,2382.3720000000003,2283.944
2008-12-28,2129.8920000000003,2274.224,2202.058
2008-12-29,2064.522,2405.216,2234.8689999999997
2008-12-30,2193.5730000000003,2431.972,2312.7725
2008-12-31,2180.002,2424.164,2302.083
2009-01-01,1983.284,2142.126,2062.705
2009-01-02,2154.366,2436.314,2295.34
2009-01-03,2191.901,2379.968,2285.9345
2009-01-04,2090.6910000000003,2260.7019999999998,2175.6965
2009-01-05,2248.957,2801.1830000000004,2525.07
2009-01-06,2374.783,2801.664,2588.2235
2009-01-07,2364.018,2797.96,2580.989
2009-01-08,2359.228,2803.7819999999997,2581.505
2009-01-09,2363.069,2828.97,2596.0195
2009-01-10,2195.439,2344.4689999999996,2269.9539999999997
2009-01-11,2119.44,2245.509,2182.4745000000003
2009-01-12,2223.642,2782.31,2502.9759999999997
2009-01-13,2377.766,2805.226,2591.496
2009-01-14,2379.3559999999998,2795.516,2587.4359999999997
2009-01-15,2388.151,2808.699,2598.425
2009-01-16,2423.891,2828.3190000000004,2626.1050000000005
2009-01-17,2173.874,2336.718,2255.296
2009-01-18,2092.772,2238.9999999999995,2165.8859999999995
2009-01-19,2228.753,2732.306,2480.5295
2009-01-20,2354.663,2788.818,2571.7405
2009-01-21,2359.708,2787.492,2573.6000000000004
2009-01-22,2358.053,2809.3940000000002,2583.7235
2009-01-23,2362.005,2816.8740000000003,2589.4395000000004
2009-01-24,2205.329,2359.75,2282.5395
2009-01-25,2106.1389999999997,2243.3799999999997,2174.7594999999997
2009-01-26,2229.94,2779.545,2504.7425000000003
2009-01-27,2385.753,2819.5460000000003,2602.6495000000004
2009-01-28,2415.936,2824.229,2620.0825
2009-01-29,2403.874,2804.727,2604.3005
2009-01-30,2387.047,2794.207,2590.627
2009-01-31,2164.535,2320.484,2242.5095
2009-02-01,2148.28,2296.3830000000003,2222.3315000000002
2009-02-02,2237.337,2796.4280000000003,2516.8825
2009-02-03,2381.2839999999997,2808.13,2594.707
2009-02-04,2391.475,2812.1400000000003,2601.8075
2009-02-05,2378.3379999999997,2816.5679999999998,2597.4529999999995
2009-02-06,2376.205,2824.672,2600.4385
2009-02-07,2239.161,2419.346,2329.2535
2009-02-08,2137.853,2315.371,2226.612
2009-02-09,2224.417,2809.912,2517.1645
2009-02-10,2365.1890000000003,2840.71,2602.9495
2009-02-11,2359.4449999999997,2814.5779999999995,2587.0114999999996
2009-02-12,2363.188,2818.432,2590.81
2009-02-13,2378.162,2820.7419999999997,2599.4519999999998
2009-02-14,2231.165,2386.73,2308.9475
2009-02-15,2141.1420000000003,2282.3559999999998,2211.749
2009-02-16,2130.468,2737.8460000000005,2434.157
2009-02-17,2368.413,2814.1820000000002,2591.2975
2009-02-18,2355.037,2832.2660000000005,2593.6515
2009-02-19,2358.87,2794.316,2576.593
2009-02-20,2383.998,2789.886,2586.942
2009-02-21,2224.404,2375.456,2299.9300000000003
2009-02-22,2157.033,2280.8689999999997,2218.951
2009-02-23,2236.178,2781.134,2508.656
2009-02-24,2344.799,2839.264,2592.0315
2009-02-25,2361.317,2866.324,2613.8205
2009-02-26,2375.7129999999997,2910.782,2643.2475
2009-02-27,2385.2320000000004,2809.1919999999996,2597.212
2009-02-28,2233.7090000000003,2376.862,2305.2855
2009-03-01,2160.6589999999997,2266.931,2213.795
2009-03-02,2246.951,2821.0339999999997,2533.9925
2009-03-03,2380.38,2825.0460000000003,2602.713
2009-03-04,2356.072,2854.1620000000007,2605.117
2009-03-05,2359.7830000000004,2914.598,2637.1905
2009-03-06,2409.57,2906.43,2658.0
2009-03-07,2219.7859999999996,2441.7160000000003,2330.751
2009-03-08,2214.7259999999997,2384.4379999999996,2299.5819999999994
2009-03-09,2302.04,2993.056,2647.548
2009-03-10,2448.36,2972.2380000000003,2710.299
2009-03-11,2416.6639999999998,2891.099,2653.8815
2009-03-12,2443.375,2890.463,2666.919
2009-03-13,2474.0780000000004,2899.952,2687.0150000000003
2009-03-14,2264.56,2453.7799999999997,2359.17
2009-03-15,2184.622,2307.382,2246.002
2009-03-16,2284.5119999999997,2904.974,2594.743
2009-03-17,2411.385,2951.282,2681.3335
2009-03-18,2417.3869999999997,2943.674,2680.5305
2009-03-19,2419.311,2945.4399999999996,2682.3755
2009-03-20,2436.4370000000004,2919.01,2677.7235
2009-03-21,2270.139,2477.412,2373.7754999999997
2009-03-22,2185.474,2362.997,2274.2355
2009-03-23,2282.9550000000004,2965.424,2624.1895000000004
2009-03-24,2433.386,2938.2839999999997,2685.835
2009-03-25,2402.712,2880.466,2641.589
2009-03-26,2400.538,2890.56,2645.549
2009-03-27,2426.825,2895.2619999999997,2661.0434999999998
2009-03-28,2253.723,2442.675,2348.199
2009-03-29,2182.004,2301.919,2241.9615
2009-03-30,2254.0,2920.7819999999997,2587.3909999999996
2009-03-31,2410.1639999999998,2879.94,2645.0519999999997
2009-04-01,2442.992,2962.2899999999995,2702.6409999999996
2009-04-02,2456.2569999999996,2944.0979999999995,2700.1775
2009-04-03,2484.0950000000003,2929.8660000000004,2706.9805000000006
2009-04-04,2317.226,2525.464,2421.3450000000003
2009-04-05,2204.679,2362.047,2283.3630000000003
2009-04-06,2305.335,2925.2079999999996,2615.2715
2009-04-07,2467.799,2924.202,2696.0005
2009-04-08,2443.646,3000.796,2722.221
2009-04-09,2453.3489999999997,3029.534,2741.4415
2009-04-10,2469.818,2935.6440000000002,2702.731
2009-04-11,2282.85,2480.6800000000003,2381.7650000000003
2009-04-12,2211.719,2358.162,2284.9404999999997
2009-04-13,2302.683,2939.2540000000004,2620.9685
2009-04-14,2456.932,2940.474,2698.703
2009-04-15,2445.768,2963.73,2704.749
2009-04-16,2454.495,2975.5660000000003,2715.0305
2009-04-17,2480.6169999999997,2930.348,2705.4825
2009-04-18,2295.6169999999997,2503.352,2399.4844999999996
2009-04-19,2205.3720000000003,2366.1090000000004,2285.7405000000003
2009-04-20,2290.187,2984.632,2637.4094999999998
2009-04-21,2434.905,3019.492,2727.1985000000004
2009-04-22,2461.135,3068.83,2764.9825
2009-04-23,2483.851,3053.158,2768.5045
2009-04-24,2516.681,3026.7659999999996,2771.7235
2009-04-25,2336.443,2565.022,2450.7325
2009-04-26,2267.099,2419.3179999999998,2343.2084999999997
2009-04-27,2317.2079999999996,2970.63,2643.919
2009-04-28,2451.8299999999995,2967.948,2709.8889999999997
2009-04-29,2463.788,2996.39,2730.089
2009-04-30,2466.344,3025.08,2745.712
2009-05-01,2590.7679999999996,3111.5879999999997,2851.178
2009-05-02,2362.236,2619.1800000000003,2490.708
2009-05-03,2273.444,2422.76,2348.102
2009-05-04,2365.146,3045.524,2705.335
2009-05-05,2518.8209999999995,3080.42,2799.6205
2009-05-06,2548.443,3105.46,2826.9515
2009-05-07,2568.472,3137.532,2853.0020000000004
2009-05-08,2608.4300000000003,3168.117,2888.2735000000002
2009-05-09,2368.5609999999997,2634.484,2501.5225
2009-05-10,2298.861,2489.437,2394.149
2009-05-11,2377.087,3081.9120000000003,2729.4995
2009-05-12,2535.989,3132.5539999999996,2834.2715
2009-05-13,2573.9179999999997,3167.875,2870.8965
2009-05-14,2578.824,3141.366,2860.0950000000003
2009-05-15,2599.742,3146.5319999999997,2873.1369999999997
2009-05-16,2355.792,2586.5679999999998,2471.18
2009-05-17,2267.292,2441.6600000000003,2354.476
2009-05-18,2355.3869999999997,3055.6059999999998,2705.4964999999997
2009-05-19,2511.1949999999997,3063.9959999999996,2787.5954999999994
2009-05-20,2516.245,3075.3640000000005,2795.8045
2009-05-21,2516.593,3106.578,2811.5855
2009-05-22,2567.362,3112.3740000000007,2839.8680000000004
2009-05-23,2391.6530000000002,2623.182,2507.4175
2009-05-24,2306.912,2488.264,2397.5879999999997
2009-05-25,2270.795,2579.2430000000004,2425.0190000000002
2009-05-26,2565.1870000000004,3170.5240000000003,2867.8555000000006
2009-05-27,2552.8840000000005,3090.232,2821.558
2009-05-28,2537.61,3116.923,2827.2664999999997
2009-05-29,2568.38,3122.162,2845.2709999999997
2009-05-30,2407.769,2642.911,2525.34
2009-05-31,2310.412,2547.4610000000002,2428.9365
2009-06-01,2494.748,3100.127,2797.4375
2009-06-02,2619.826,3089.064,2854.4449999999997
2009-06-03,2616.4330000000004,3068.7360000000003,2842.5845000000004
2009-06-04,2597.481,3047.1699999999996,2822.3255
2009-06-05,2604.1270000000004,3066.9939999999997,2835.5605
2009-06-06,2531.216,2777.651,2654.4335
2009-06-07,2452.531,2669.405,2560.968
2009-06-08,2515.569,3140.954,2828.2615
2009-06-09,2651.6099999999997,3143.9939999999997,2897.8019999999997
2009-06-10,2646.6679999999997,3116.319,2881.4934999999996
2009-06-11,2626.474,3082.8940000000002,2854.684
2009-06-12,2642.6910000000003,3141.582,2892.1365
2009-06-13,2567.66,2816.117,2691.8885
2009-06-14,2472.1600000000003,2682.5480000000002,2577.3540000000003
2009-06-15,2532.7190000000005,3157.4330000000004,2845.0760000000005
2009-06-16,2664.5339999999997,3158.112,2911.323
2009-06-17,2667.926,3154.297,2911.1115
2009-06-18,2667.351,3157.39,2912.3705
2009-06-19,2689.9379999999996,3165.004,2927.4709999999995
2009-06-20,2588.2619999999997,2822.2149999999997,2705.2384999999995
2009-06-21,2485.277,2703.4199999999996,2594.3485
2009-06-22,2542.0239999999994,3173.9429999999998,2857.9834999999994
2009-06-23,2672.36,3178.279,2925.3195
2009-06-24,2675.215,3188.929,2932.072
2009-06-25,2677.269,3185.9010000000003,2931.585
2009-06-26,2690.165,3194.727,2942.446
2009-06-27,2599.546,2853.421,2726.4835
2009-06-28,2499.255,2738.5190000000002,2618.887
2009-06-29,2564.857,3145.1209999999996,2854.9889999999996
2009-06-30,2662.753,3114.59,2888.6715000000004
2009-07-01,2630.214,3136.469,2883.3415
2009-07-02,2637.798,3158.3900000000003,2898.094
2009-07-03,2493.7329999999997,2741.9210000000003,2617.827
2009-07-04,2552.6310000000003,2788.346,2670.4885000000004
2009-07-05,2437.14,2600.359,2518.7495
2009-07-06,2508.702,3081.6200000000003,2795.161
2009-07-07,2621.3250000000003,3113.141,2867.233
2009-07-08,2633.776,3170.477,2902.1265
2009-07-09,2650.8129999999996,3167.8699999999994,2909.3414999999995
2009-07-10,2682.158,3182.1730000000002,2932.1655
2009-07-11,2550.5,2788.247,2669.3734999999997
2009-07-12,2441.666,2671.873,2556.7695000000003
2009-07-13,2543.1710000000003,3185.8280000000004,2864.4995000000004
2009-07-14,2675.616,3189.6800000000003,2932.648
2009-07-15,2675.9570000000003,3177.9470000000006,2926.952
2009-07-16,2673.639,3182.665,2928.152
2009-07-17,2681.223,3135.5520000000006,2908.3875000000003
2009-07-18,2533.8920000000003,2760.683,2647.2875000000004
2009-07-19,2417.273,2637.581,2527.427
2009-07-20,2512.196,3082.005,2797.1005
2009-07-21,2637.9410000000003,3114.372,2876.1565
2009-07-22,2630.7650000000003,3108.3149999999996,2869.54
2009-07-23,2629.5020000000004,3088.584,2859.043
2009-07-24,2649.5730000000003,3132.009,2890.791
2009-07-25,2521.379,2779.293,2650.3360000000002
2009-07-26,2441.033,2659.0080000000003,2550.0205
2009-07-27,2531.518,3101.9030000000002,2816.7105
2009-07-28,2638.081,3105.984,2872.0325000000003
2009-07-29,2644.2900000000004,3107.8720000000003,2876.081
2009-07-30,2623.189,3081.399,2852.294
2009-07-31,2633.228,3096.5339999999997,2864.881
2009-08-01,2599.05,2874.054,2736.552
2009-08-02,2529.242,2763.731,2646.4865
2009-08-03,2585.0689999999995,3245.658,2915.3634999999995
2009-08-04,2731.785,3239.7229999999995,2985.754
2009-08-05,2734.751,3262.794,2998.7725
2009-08-06,2734.194,3243.486,2988.84
2009-08-07,2754.9429999999998,3255.2749999999996,3005.1089999999995
2009-08-08,2677.1949999999997,2912.4179999999997,2794.8064999999997
2009-08-09,2575.699,2789.1740000000004,2682.4365000000003
2009-08-10,2612.36,3248.7099999999996,2930.535
2009-08-11,2747.5330000000004,3232.145,2989.839
2009-08-12,2726.895,3230.165,2978.5299999999997
2009-08-13,2718.8169999999996,3205.523,2962.17
2009-08-14,2738.7129999999997,3216.452,2977.5825
2009-08-15,2665.15,2912.696,2788.923
2009-08-16,2573.081,2794.6720000000005,2683.8765000000003
2009-08-17,2614.315,3261.0119999999997,2937.6634999999997
2009-08-18,2748.6550000000007,3236.274,2992.4645
2009-08-19,2742.082,3251.278,2996.68
2009-08-20,2749.9889999999996,3248.525,2999.2569999999996
2009-08-21,2748.283,3212.099,2980.191
2009-08-22,2652.5460000000003,2901.995,2777.2705
2009-08-23,2553.6099999999997,2784.784,2669.197
2009-08-24,2596.295,3261.92,2929.1075
2009-08-25,2740.248,3260.827,3000.5375000000004
2009-08-26,2741.008,3266.194,3003.6009999999997
2009-08-27,2739.4600000000005,3208.674,2974.067
2009-08-28,2735.593,3200.29,2967.9415
2009-08-29,2627.225,2859.6070000000004,2743.416
2009-08-30,2523.6440000000002,2731.8219999999997,2627.733
2009-08-31,2559.7419999999997,3169.8650000000002,2864.8035
2009-09-01,2635.184,3128.3269999999998,2881.7555
2009-09-02,2648.744,3150.353,2899.5485
2009-09-03,2660.0299999999997,3175.621,2917.8255
2009-09-04,2670.4599999999996,3111.523,2890.9915
2009-09-05,2538.216,2762.213,2650.2145
2009-09-06,2445.9390000000003,2673.153,2559.5460000000003
2009-09-07,2363.046,2636.35,2499.698
2009-09-08,2672.742,3170.4830000000006,2921.6125
2009-09-09,2672.49,3171.7180000000003,2922.1040000000003
2009-09-10,2663.0130000000004,3161.8199999999997,2912.4165000000003
2009-09-11,2671.252,3115.6519999999996,2893.4519999999998
2009-09-12,2500.7169999999996,2722.1980000000003,2611.4575
2009-09-13,2420.8500000000004,2571.23,2496.04
2009-09-14,2491.795,3044.78,2768.2875000000004
2009-09-15,2622.854,3065.0399999999995,2843.9469999999997
2009-09-16,2628.32,3074.67,2851.495
2009-09-17,2624.512,3062.816,2843.6639999999998
2009-09-18,2648.0769999999998,3085.462,2866.7695
2009-09-19,2530.115,2746.9109999999996,2638.513
2009-09-20,2433.3109999999997,2643.396,2538.3535
2009-09-21,2524.664,3148.8410000000003,2836.7525000000005
2009-09-22,2616.093,3034.184,2825.1385
2009-09-23,2601.899,3015.85,2808.8745
2009-09-24,2593.9170000000004,3008.426,2801.1715000000004
2009-09-25,2609.557,3034.7999999999997,2822.1785
2009-09-26,2502.374,2738.2360000000003,2620.3050000000003
2009-09-27,2432.536,2667.925,2550.2305
2009-09-28,2523.7490000000003,3093.595,2808.672
2009-09-29,2609.4190000000003,3047.552,2828.4855000000002
2009-09-30,2617.245,3087.424,2852.3345
2009-10-01,2501.2309999999998,3065.251,2783.241
2009-10-02,2482.0110000000004,2975.358,2728.6845000000003
2009-10-03,2358.431,2594.67,2476.5505000000003
2009-10-04,2302.482,2440.357,2371.4195
2009-10-05,2311.0460000000003,2955.832,2633.4390000000003
2009-10-06,2474.523,3016.674,2745.5985
2009-10-07,2463.4700000000003,2935.418,2699.4440000000004
2009-10-08,2485.006,3065.469,2775.2375
2009-10-09,2460.0660000000003,2928.476,2694.271
2009-10-10,2367.2090000000003,2563.9860000000003,2465.5975000000003
2009-10-11,2292.517,2442.69,2367.6035
2009-10-12,2309.742,2948.056,2628.8990000000003
2009-10-13,2470.567,2959.5240000000003,2715.0455
2009-10-14,2476.242,3047.372,2761.807
2009-10-15,2481.624,2971.762,2726.693
2009-10-16,2476.721,2940.4159999999997,2708.5685
2009-10-17,2359.777,2583.824,2471.8005000000003
2009-10-18,2302.085,2447.174,2374.6295
2009-10-19,2310.754,2984.652,2647.703
2009-10-20,2471.5319999999997,3009.92,2740.7259999999997
2009-10-21,2478.3840000000005,2975.71,2727.0470000000005
2009-10-22,2448.725,2944.138,2696.4314999999997
2009-10-23,2484.534,2935.2180000000003,2709.876
2009-10-24,2372.574,2578.7160000000003,2475.6450000000004
2009-10-25,2303.05,2485.4230000000002,2394.2365
2009-10-26,2299.068,2946.0319999999997,2622.55
2009-10-27,2459.1130000000003,2946.962,2703.0375000000004
2009-10-28,2455.573,2957.4459999999995,2706.5094999999997
2009-10-29,2486.229,2970.05,2728.1395
2009-10-30,2479.75,2940.8699999999994,2710.3099999999995
2009-10-31,2372.929,2573.7180000000003,2473.3235000000004
2009-11-01,2178.7610000000004,2334.662,2256.7115000000003
2009-11-02,2231.875,2873.974,2552.9245
2009-11-03,2369.395,2872.4579999999996,2620.9264999999996
2009-11-04,2373.7,2888.2559999999994,2630.9779999999996
2009-11-05,2377.177,2891.826,2634.5015000000003
2009-11-06,2403.0350000000003,2890.9480000000003,2646.9915
2009-11-07,2236.453,2465.32,2350.8865
2009-11-08,2181.2419999999997,2354.675,2267.9584999999997
2009-11-09,2251.6079999999997,2910.194,2580.901
2009-11-10,2388.905,2907.63,2648.2675
2009-11-11,2381.604,2874.682,2628.143
2009-11-12,2376.024,2873.9900000000002,2625.007
2009-11-13,2407.8050000000003,2877.2039999999997,2642.5045
2009-11-14,2250.111,2482.1299999999997,2366.1205
2009-11-15,2190.4210000000003,2368.25,2279.3355
2009-11-16,2223.653,2851.288,2537.4705
2009-11-17,2391.9880000000003,2847.264,2619.626
2009-11-18,2390.673,2858.614,2624.6435
2009-11-19,2390.985,2875.976,2633.4805
2009-11-20,2403.954,2861.808,2632.8810000000003
2009-11-21,2244.994,2448.086,2346.54
2009-11-22,2180.0480000000002,2334.166,2257.107
2009-11-23,2243.532,2871.672,2557.602
2009-11-24,2383.013,2862.75,2622.8815
2009-11-25,2391.163,2852.3799999999997,2621.7715
2009-11-26,2029.308,2178.915,2104.1115
2009-11-27,2023.208,2209.121,2116.1645
2009-11-28,2248.8179999999998,2454.838,2351.828
2009-11-29,2181.601,2340.384,2260.9925000000003
2009-11-30,2240.7380000000003,2860.6299999999997,2550.684
2009-12-01,2361.632,2795.6040000000003,2578.6180000000004
2009-12-02,2374.5919999999996,2798.1110000000003,2586.3514999999998
2009-12-03,2384.652,2806.186,2595.419
2009-12-04,2416.0660000000003,2826.9939999999997,2621.5299999999997
2009-12-05,2240.758,2393.923,2317.3405
2009-12-06,2141.977,2287.142,2214.5595
2009-12-07,2241.7549999999997,2790.7430000000004,2516.249
2009-12-08,2376.2980000000002,2794.632,2585.465
2009-12-09,2397.399,2818.205,2607.8019999999997
2009-12-10,2411.507,2820.993,2616.25
2009-12-11,2405.9449999999997,2811.9520000000007,2608.9485000000004
2009-12-12,2217.279,2373.249,2295.264
2009-12-13,2127.043,2266.766,2196.9045
2009-12-14,2226.3650000000002,2799.3540000000003,2512.8595000000005
2009-12-15,2381.206,2804.5760000000005,2592.8910000000005
2009-12-16,2390.174,2804.799,2597.4865
2009-12-17,2375.676,2800.2720000000004,2587.974
2009-12-18,2388.835,2795.573,2592.2039999999997
2009-12-19,2222.237,2368.75,2295.4935
2009-12-20,2144.388,2270.344,2207.366
2009-12-21,2210.61,2558.739,2384.6745
2009-12-22,2317.228,2588.9839999999995,2453.1059999999998
2009-12-23,2311.614,2601.2740000000003,2456.4440000000004
2009-12-24,2345.018,2607.717,2476.3675000000003
2009-12-25,1935.305,2083.448,2009.3764999999999
2009-12-26,2246.551,2401.603,2324.077
2009-12-27,2168.006,2290.997,2229.5015
2009-12-28,2098.8039999999996,2421.395,2260.0995
2009-12-29,2233.6490000000003,2442.4719999999998,2338.0605
2009-12-30,2213.1600000000003,2425.476,2319.318
2009-12-31,2206.28,2435.6479999999997,2320.964
2010-01-01,1973.1850000000002,2143.359,2058.272
2010-01-02,2207.927,2360.7129999999997,2284.3199999999997
2010-01-03,2129.5629999999996,2265.3689999999997,2197.4659999999994
2010-01-04,2269.1259999999997,2809.842,2539.484
2010-01-05,2414.384,2824.901,2619.6425
2010-01-06,2391.005,2801.725,2596.365
2010-01-07,2404.817,2831.253,2618.035
2010-01-08,2457.782,2863.84,2660.811
2010-01-09,2253.692,2419.132,2336.4120000000003
2010-01-10,2182.4240000000004,2272.133,2227.2785000000003
2010-01-11,2269.514,2794.219,2531.8665
2010-01-12,2391.699,2801.016,2596.3575
2010-01-13,2366.3909999999996,2793.345,2579.8679999999995
2010-01-14,2349.341,2791.57,2570.4555
2010-01-15,2365.254,2788.4230000000002,2576.8385
2010-01-16,2177.01,2331.789,2254.3995000000004
2010-01-17,2097.551,2234.071,2165.8109999999997
2010-01-18,2232.074,2742.7729999999997,2487.4235
2010-01-19,2337.706,2799.1740000000004,2568.4400000000005
2010-01-20,2343.731,2809.912,2576.8215
2010-01-21,2339.7650000000003,2806.438,2573.1015
2010-01-22,2369.0260000000003,2798.642,2583.834
2010-01-23,2177.3309999999997,2333.6699999999996,2255.5004999999996
2010-01-24,2076.4900000000002,2234.369,2155.4295
2010-01-25,2218.966,2775.6600000000003,2497.313
2010-01-26,2356.378,2792.5759999999996,2574.477
2010-01-27,2351.623,2797.432,2574.5275
2010-01-28,2338.923,2796.48,2567.7015
2010-01-29,2386.711,2819.071,2602.8909999999996
2010-01-30,2228.122,2387.274,2307.698
2010-01-31,2143.7999999999997,2268.653,2206.2264999999998
2010-02-01,2277.275,2814.7780000000002,2546.0265
2010-02-02,2394.333,2815.2949999999996,2604.814
2010-02-03,2387.8430000000003,2817.894,2602.8685
2010-02-04,2383.54,2814.0099999999998,2598.7749999999996
2010-02-05,2400.743,2811.105,2605.924
2010-02-06,2248.8779999999997,2406.802,2327.84
2010-02-07,2162.701,2309.5,2236.1005
2010-02-08,2252.511,2803.7739999999994,2528.1425
2010-02-09,2406.489,2825.8170000000005,2616.1530000000002
2010-02-10,2408.869,2828.0980000000004,2618.4835000000003
2010-02-11,2408.5589999999997,2833.0,2620.7794999999996
2010-02-12,2436.308,2845.9939999999997,2641.151
2010-02-13,2255.9689999999996,2421.358,2338.6634999999997
2010-02-14,2178.508,2308.426,2243.4669999999996
2010-02-15,2171.817,2748.9599999999996,2460.3885
2010-02-16,2403.556,2811.86,2607.708
2010-02-17,2406.32,2807.205,2606.7625
2010-02-18,2383.894,2799.512,2591.703
2010-02-19,2383.988,2794.6119999999996,2589.2999999999997
2010-02-20,2222.6349999999998,2383.673,2303.1539999999995
2010-02-21,2133.774,2279.863,2206.8185
2010-02-22,2244.09,2794.451,2519.2705
2010-02-23,2395.5249999999996,2814.377,2604.951
2010-02-24,2404.594,2808.7110000000002,2606.6525
2010-02-25,2379.291,2797.0319999999997,2588.1615
2010-02-26,2390.725,2806.97,2598.8475
2010-02-27,2216.551,2371.619,2294.085
2010-02-28,2132.7780000000002,2273.463,2203.1205
2010-03-01,2224.128,2824.9150000000004,2524.5215000000003
2010-03-02,2389.476,2817.576,2603.526
2010-03-03,2385.18,2814.0,2599.59
2010-03-04,2375.517,2821.404,2598.4605
2010-03-05,2389.967,2830.152,2610.0595000000003
2010-03-06,2185.6380000000004,2383.0319999999997,2284.335
2010-03-07,2108.0229999999997,2259.6929999999998,2183.8579999999997
2010-03-08,2214.247,2826.78,2520.5135
2010-03-09,2350.368,2838.548,2594.4579999999996
2010-03-10,2352.355,2836.2479999999996,2594.3014999999996
2010-03-11,2355.709,2812.2580000000003,2583.9835000000003
2010-03-12,2389.832,2809.362,2599.5969999999998
2010-03-13,2176.9660000000003,2371.3619999999996,2274.1639999999998
2010-03-14,2185.8179999999998,2313.5809999999997,2249.6994999999997
2010-03-15,2269.002,2896.0760000000005,2582.539
2010-03-16,2417.7219999999998,2879.288,2648.505
2010-03-17,2422.637,2882.244,2652.4405
2010-03-18,2423.28,2877.7300000000005,2650.505
2010-03-19,2421.153,2890.318,2655.7355
2010-03-20,2281.466,2461.915,2371.6904999999997
2010-03-21,2203.57,2322.867,2263.2185
2010-03-22,2280.107,2883.352,2581.7295
2010-03-23,2394.075,2901.7960000000003,2647.9355
2010-03-24,2415.5750000000003,2902.084,2658.8295
2010-03-25,2414.294,2874.7099999999996,2644.5019999999995
2010-03-26,2437.9120000000003,2879.4339999999997,2658.673
2010-03-27,2235.802,2452.836,2344.319
2010-03-28,2168.79,2304.743,2236.7664999999997
2010-03-29,2264.835,2896.0980000000004,2580.4665000000005
2010-03-30,2406.544,2937.824,2672.184
2010-03-31,2398.935,2967.4060000000004,2683.1705
2010-04-01,2472.615,3021.026,2746.8205
2010-04-02,2508.3479999999995,2999.734,2754.0409999999997
2010-04-03,2300.919,2506.8000000000006,2403.8595000000005
2010-04-04,2229.9320000000002,2414.6969999999997,2322.3145
2010-04-05,2325.199,3038.3099999999995,2681.7545
2010-04-06,2487.136,3040.9220000000005,2764.0290000000005
2010-04-07,2466.7380000000003,2982.868,2724.803
2010-04-08,2450.097,2930.1459999999997,2690.1215
2010-04-09,2459.3019999999997,2946.018,2702.66
2010-04-10,2295.6290000000004,2503.218,2399.4235
2010-04-11,2216.582,2377.397,2296.9894999999997
2010-04-12,2308.252,3004.118,2656.185
2010-04-13,2457.704,3004.9079999999994,2731.3059999999996
2010-04-14,2462.1110000000003,3002.0260000000003,2732.0685000000003
2010-04-15,2467.4109999999996,3002.0940000000005,2734.7525
2010-04-16,2491.04,2981.56,2736.3
2010-04-17,2286.662,2515.6100000000006,2401.1360000000004
2010-04-18,2194.157,2355.7,2274.9285
2010-04-19,2293.246,2937.68,2615.4629999999997
2010-04-20,2444.192,2940.5879999999997,2692.39
2010-04-21,2449.754,2989.34,2719.547
2010-04-22,2460.91,2972.444,2716.6769999999997
2010-04-23,2488.214,3010.326,2749.27
2010-04-24,2303.18,2520.4400000000005,2411.8100000000004
2010-04-25,2209.98,2387.203,2298.5915
2010-04-26,2295.955,2974.002,2634.9785
2010-04-27,2435.4719999999998,2940.39,2687.9309999999996
2010-04-28,2439.384,2973.134,2706.259
2010-04-29,2447.944,3017.512,2732.728
2010-04-30,2508.234,3011.26,2759.7470000000003
2010-05-01,2366.54,2601.3999999999996,2483.97
2010-05-02,2280.1440000000002,2477.264,2378.704
2010-05-03,2364.135,3081.37,2722.7525
2010-05-04,2512.732,3087.7139999999995,2800.223
2010-05-05,2528.6189999999997,3129.132,2828.8755
2010-05-06,2549.003,3146.245,2847.624
2010-05-07,2590.264,3109.006,2849.635
2010-05-08,2359.947,2587.256,2473.6014999999998
2010-05-09,2274.25,2421.107,2347.6785
2010-05-10,2371.209,3129.3699999999994,2750.2895
2010-05-11,2562.968,3152.142,2857.555
2010-05-12,2586.362,3151.727,2869.0445
2010-05-13,2582.674,3131.0840000000003,2856.879
2010-05-14,2566.949,3064.5820000000003,2815.7655000000004
2010-05-15,2364.279,2591.01,2477.6445000000003
2010-05-16,2290.375,2508.826,2399.6005
2010-05-17,2385.605,3155.04,2770.3225
2010-05-18,2542.874,3112.415,2827.6445
2010-05-19,2559.3959999999997,3144.7229999999995,2852.0594999999994
2010-05-20,2572.445,3146.08,2859.2625
2010-05-21,2590.833,3139.142,2864.9875
2010-05-22,2425.1389999999997,2666.6870000000004,2545.913
2010-05-23,2355.9930000000004,2555.2309999999998,2455.612
2010-05-24,2435.815,3177.702,2806.7585
2010-05-25,2583.1650000000004,3153.4440000000004,2868.3045
2010-05-26,2573.248,3168.6420000000003,2870.945
2010-05-27,2574.985,3177.7740000000003,2876.3795
2010-05-28,2611.835,3192.647,2902.241
2010-05-29,2445.778,2696.1139999999996,2570.946
2010-05-30,2355.512,2577.935,2466.7235
2010-05-31,2327.2,2630.4519999999998,2478.826
2010-06-01,2653.6059999999998,3161.995,2907.8005
2010-06-02,2646.59,3152.0350000000003,2899.3125
2010-06-03,2635.175,3102.2460000000005,2868.7105
2010-06-04,2640.976,3119.9250000000006,2880.4505000000004
2010-06-05,2566.438,2822.4700000000003,2694.454
2010-06-06,2479.5080000000003,2701.066,2590.2870000000003
2010-06-07,2543.8940000000002,3163.831,2853.8625
2010-06-08,2662.85,3151.327,2907.0885
2010-06-09,2644.283,3093.758,2869.0204999999996
2010-06-10,2637.0829999999996,3119.4230000000002,2878.2529999999997
2010-06-11,2671.387,3158.073,2914.73
2010-06-12,2589.7960000000003,2820.6420000000003,2705.219
2010-06-13,2493.746,2699.6749999999997,2596.7105
2010-06-14,2544.0480000000002,3165.085,2854.5665
2010-06-15,2654.1769999999997,3134.6180000000004,2894.3975
2010-06-16,2662.104,3166.6059999999998,2914.3549999999996
2010-06-17,2666.3579999999997,3171.2569999999996,2918.8075
2010-06-18,2688.5,3180.081,2934.2905
2010-06-19,2597.087,2833.7439999999997,2715.4155
2010-06-20,2489.29,2711.491,2600.3905
2010-06-21,2546.169,3173.453,2859.8109999999997
2010-06-22,2672.368,3180.619,2926.4935
2010-06-23,2673.61,3176.1240000000003,2924.867
2010-06-24,2674.148,3187.4600000000005,2930.804
2010-06-25,2675.8080000000004,3149.9649999999997,2912.8865
2010-06-26,2585.823,2829.9009999999994,2707.8619999999996
2010-06-27,2488.57,2707.932,2598.251
2010-06-28,2540.306,3163.326,2851.816
2010-06-29,2648.8540000000003,3103.112,2875.983
2010-06-30,2631.278,3121.89,2876.584
2010-07-01,2616.4849999999997,3080.841,2848.6629999999996
2010-07-02,2632.213,3086.7300000000005,2859.4715000000006
2010-07-03,2471.772,2713.832,2592.8019999999997
2010-07-04,2400.325,2606.276,2503.3005
2010-07-05,2363.384,2697.907,2530.6455
2010-07-06,2641.063,3139.7639999999997,2890.4134999999997
2010-07-07,2634.5820000000003,3110.069,2872.3255
2010-07-08,2626.516,3100.552,2863.534
2010-07-09,2631.943,3096.0869999999995,2864.015
2010-07-10,2490.966,2719.105,2605.0355
2010-07-11,2412.196,2631.17,2521.683
2010-07-12,2524.3559999999998,3132.0660000000003,2828.2110000000002
2010-07-13,2658.256,3143.729,2900.9925
2010-07-14,2658.496,3143.8079999999995,2901.152
2010-07-15,2656.4190000000003,3144.525,2900.472
2010-07-16,2672.043,3153.339,2912.691
2010-07-17,2536.002,2780.1880000000006,2658.0950000000003
2010-07-18,2435.961,2656.433,2546.197
2010-07-19,2531.107,3150.8010000000004,2840.954
2010-07-20,2657.379,3140.9420000000005,2899.1605
2010-07-21,2656.804,3148.578,2902.691
2010-07-22,2658.514,3152.4809999999998,2905.4975
2010-07-23,2677.7450000000003,3164.4420000000005,2921.0935000000004
2010-07-24,2535.2110000000002,2759.269,2647.24
2010-07-25,2420.294,2653.045,2536.6695
2010-07-26,2514.929,3144.972,2829.9505
2010-07-27,2628.7839999999997,3086.054,2857.419
2010-07-28,2629.448,3108.529,2868.9885
2010-07-29,2634.2770000000005,3124.942,2879.6095000000005
2010-07-30,2662.17,3151.722,2906.946
2010-07-31,2537.03,2775.264,2656.147
2010-08-01,2557.138,2813.937,2685.5375
2010-08-02,2606.587,3270.749,2938.6679999999997
2010-08-03,2739.5190000000002,3262.033,3000.776
2010-08-04,2747.255,3258.486,3002.8705
2010-08-05,2748.083,3264.129,3006.1059999999998
2010-08-06,2764.873,3312.507,3038.69
2010-08-07,2679.943,2918.4289999999996,2799.1859999999997
2010-08-08,2576.969,2803.224,2690.0965
2010-08-09,2618.581,3265.626,2942.1035
2010-08-10,2747.298,3262.697,3004.9975
2010-08-11,2752.112,3268.112,3010.112
2010-08-12,2754.207,3278.7870000000003,3016.4970000000003
2010-08-13,2775.9610000000002,3285.7940000000003,3030.8775000000005
2010-08-14,2697.2,2936.5890000000004,2816.8945000000003
2010-08-15,2593.383,2819.614,2706.4984999999997
2010-08-16,2624.8149999999996,3283.92,2954.3675
2010-08-17,2752.791,3269.676,3011.2335000000003
2010-08-18,2759.3289999999997,3235.6270000000004,2997.478
2010-08-19,2743.03,3269.522,3006.276
2010-08-20,2767.989,3276.547,3022.268
2010-08-21,2692.6560000000004,2938.329,2815.4925000000003
2010-08-22,2589.314,2835.074,2712.194
2010-08-23,2629.842,3317.3,2973.571
2010-08-24,2767.747,3280.339,3024.0429999999997
2010-08-25,2735.599,3175.7819999999997,2955.6904999999997
2010-08-26,2713.207,3208.183,2960.6949999999997
2010-08-27,2727.1150000000002,3212.194,2969.6545
2010-08-28,2641.902,2897.4139999999998,2769.658
2010-08-29,2564.7409999999995,2796.4730000000004,2680.607
2010-08-30,2611.646,3264.655,2938.1505
2010-08-31,2755.365,3264.0469999999996,3009.7059999999997
2010-09-01,2693.491,3208.752,2951.1215
2010-09-02,2664.6759999999995,3103.8990000000003,2884.2875
2010-09-03,2662.101,3100.9939999999997,2881.5474999999997
2010-09-04,2518.587,2741.877,2630.232
2010-09-05,2424.2670000000003,2653.141,2538.704
2010-09-06,2351.7580000000003,2620.54,2486.1490000000003
2010-09-07,2664.329,3111.7210000000005,2888.0250000000005
2010-09-08,2654.6870000000004,3105.942,2880.3145000000004
2010-09-09,2668.7019999999998,3149.2490000000003,2908.9755
2010-09-10,2694.596000000001,3176.686,2935.6410000000005
2010-09-11,2585.4190000000003,2811.21,2698.3145000000004
2010-09-12,2489.706,2693.6580000000004,2591.6820000000002
2010-09-13,2560.382,3168.679,2864.5305
2010-09-14,2688.0130000000004,3167.422,2927.7175
2010-09-15,2678.5330000000004,3161.8399999999997,2920.1865
2010-09-16,2678.2349999999997,3159.4950000000003,2918.865
2010-09-17,2691.73,3170.428,2931.0789999999997
2010-09-18,2574.913,2806.114,2690.5135
2010-09-19,2469.829,2674.226,2572.0275
2010-09-20,2532.6530000000002,3142.108,2837.3805
2010-09-21,2658.7850000000003,3121.1249999999995,2889.955
2010-09-22,2658.2859999999996,3133.1749999999997,2895.7304999999997
2010-09-23,2672.8300000000004,3144.2269999999994,2908.5285
2010-09-24,2692.4390000000003,3147.6739999999995,2920.0564999999997
2010-09-25,2525.547,2746.707,2636.127
2010-09-26,2409.956,2571.1859999999997,2490.571
2010-09-27,2465.457,3014.6520000000005,2740.0545
2010-09-28,2596.0890000000004,3051.368,2823.7285
2010-09-29,2597.2800000000007,3068.7190000000005,2832.999500000001
2010-09-30,2608.67,3088.68,2848.675
2010-10-01,2497.057,3014.472,2755.7645
2010-10-02,2393.619,2628.3360000000002,2510.9775
2010-10-03,2292.35,2448.009,2370.1795
2010-10-04,2298.867,2956.352,2627.6095
2010-10-05,2446.195,2960.46,2703.3275000000003
2010-10-06,2448.63,2980.1280000000006,2714.3790000000004
2010-10-07,2453.979,3001.8740000000003,2727.9265
2010-10-08,2481.391,3003.65,2742.5205
2010-10-09,2394.699,2626.352,2510.5254999999997
2010-10-10,2312.656,2526.5350000000003,2419.5955000000004
2010-10-11,2334.129,3052.1450000000004,2693.137
2010-10-12,2472.5989999999997,3017.292,2744.9455
2010-10-13,2470.5069999999996,3008.626,2739.5665
2010-10-14,2454.9489999999996,2973.074,2714.0114999999996
2010-10-15,2474.846,2992.032,2733.4390000000003
2010-10-16,2383.913,2616.368,2500.1405
2010-10-17,2306.66,2491.494,2399.077
2010-10-18,2317.301,3048.4970000000003,2682.8990000000003
2010-10-19,2483.0130000000004,3055.5029999999997,2769.258
2010-10-20,2485.8639999999996,3043.9479999999994,2764.9059999999995
2010-10-21,2487.1929999999998,3060.645,2773.919
2010-10-22,2526.3450000000003,3047.5539999999996,2786.9494999999997
2010-10-23,2378.493,2631.886,2505.1895
2010-10-24,2332.6639999999998,2534.5370000000003,2433.6005
2010-10-25,2338.859,3081.3579999999997,2710.1085
2010-10-26,2479.637,3017.82,2748.7285
2010-10-27,2469.186,3023.3520000000003,2746.2690000000002
2010-10-28,2460.365,2962.8680000000004,2711.6165
2010-10-29,2482.6859999999997,2944.222,2713.4539999999997
2010-10-30,2364.852,2590.48,2477.666
2010-10-31,2308.373,2512.814,2410.5935
2010-11-01,2302.889,2973.5040000000004,2638.1965
2010-11-02,2432.1839999999997,2919.08,2675.6319999999996
2010-11-03,2441.664,2931.572,2686.6180000000004
2010-11-04,2440.286,2931.004,2685.645
2010-11-05,2466.1209999999996,2912.4080000000004,2689.2645
2010-11-06,2309.823,2502.61,2406.2165
2010-11-07,2182.074,2332.5000000000005,2257.2870000000003
2010-11-08,2223.652,2881.796,2552.724
2010-11-09,2385.0099999999998,2893.2760000000003,2639.143
2010-11-10,2389.954,2912.654,2651.304
2010-11-11,2402.2349999999997,2919.066,2660.6504999999997
2010-11-12,2414.433,2900.486,2657.4595
2010-11-13,2237.545,2430.712,2334.1285
2010-11-14,2180.957,2326.073,2253.515
2010-11-15,2239.165,2855.3780000000006,2547.2715000000003
2010-11-16,2388.413,2859.9820000000004,2624.1975
2010-11-17,2387.2819999999997,2875.344,2631.313
2010-11-18,2389.609,2848.704,2619.1565
2010-11-19,2416.8399999999997,2848.694,2632.767
2010-11-20,2233.0370000000003,2447.222,2340.1295
2010-11-21,2178.847,2392.732,2285.7895
2010-11-22,2259.795,2962.3849999999998,2611.09
2010-11-23,2401.7270000000003,2926.126,2663.9265000000005
2010-11-24,2421.6389999999997,2972.17,2696.9044999999996
2010-11-25,2028.068,2143.491,2085.7795
2010-11-26,2041.669,2216.482,2129.0755
2010-11-27,2258.967,2449.629,2354.298
2010-11-28,2193.598,2345.02,2269.309
2010-11-29,2243.168,2881.282,2562.2250000000004
2010-11-30,2397.113,2856.5899999999997,2626.8514999999998
2010-12-01,2364.715,2794.0379999999996,2579.3765
2010-12-02,2357.275,2801.556,2579.4155
2010-12-03,2377.305,2801.0179999999996,2589.1614999999997
2010-12-04,2207.885,2356.7980000000002,2282.3415000000005
2010-12-05,2129.8959999999997,2281.577,2205.7365
2010-12-06,2249.828,2787.623,2518.7255
2010-12-07,2378.0480000000002,2796.826,2587.437
2010-12-08,2371.9990000000003,2799.708,2585.8535
2010-12-09,2364.844,2791.085,2577.9645
2010-12-10,2377.5939999999996,2789.968,2583.781
2010-12-11,2209.302,2357.823,2283.5625
2010-12-12,2139.917,2286.891,2213.404
2010-12-13,2251.174,2788.9620000000004,2520.068
2010-12-14,2366.6079999999997,2797.912,2582.2599999999998
2010-12-15,2338.891,2827.382,2583.1365
2010-12-16,2342.46,2793.175,2567.8175
2010-12-17,2384.772,2800.435,2592.6035
2010-12-18,2227.68,2376.8360000000002,2302.258
2010-12-19,2123.7769999999996,2266.798,2195.2874999999995
2010-12-20,2192.085,2583.093,2387.589
2010-12-21,2314.26,2638.9700000000003,2476.6150000000002
2010-12-22,2312.141,2567.525,2439.833
2010-12-23,2316.534,2583.9519999999998,2450.243
2010-12-24,1902.556,2035.579,1969.0675
2010-12-25,2245.8929999999996,2394.116,2320.0045
2010-12-26,2174.605,2298.2690000000002,2236.437
2010-12-27,2097.754,2415.096,2256.425
2010-12-28,2199.736,2422.286,2311.011
2010-12-29,2189.788,2442.45,2316.1189999999997
2010-12-30,2179.766,2438.026,2308.8959999999997
2010-12-31,1974.886,2162.969,2068.9275
2011-01-01,2215.1839999999997,2357.156,2286.17
2011-01-02,2138.7309999999998,2267.2210000000005,2202.976
2011-01-03,2241.174,2781.734,2511.4539999999997
2011-01-04,2359.592,2793.6400000000003,2576.616
2011-01-05,2363.7720000000004,2794.116,2578.9440000000004
2011-01-06,2367.592,2795.75,2581.6710000000003
2011-01-07,2376.657,2786.3699999999994,2581.5135
2011-01-08,2191.01,2339.538,2265.2740000000003
2011-01-09,2114.8849999999998,2267.893,2191.389
2011-01-10,2264.75,2807.896,2536.3230000000003
2011-01-11,2414.2090000000003,2832.2390000000005,2623.224
2011-01-12,2421.946,2835.07,2628.508
2011-01-13,2415.22,2827.5129999999995,2621.3664999999996
2011-01-14,2410.452,2816.369,2613.4105
2011-01-15,2191.2450000000003,2350.481,2270.8630000000003
2011-01-16,2093.6009999999997,2250.005,2171.803
2011-01-17,2233.247,2729.432,2481.3395
2011-01-18,2351.2940000000003,2788.104,2569.699
2011-01-19,2365.309,2793.82,2579.5645000000004
2011-01-20,2369.465,2808.942,2589.2035
2011-01-21,2427.422,2830.425,2628.9235
2011-01-22,2187.484,2350.716,2269.1
2011-01-23,2105.098,2247.437,2176.2675
2011-01-24,2249.942,2782.286,2516.114
2011-01-25,2374.1059999999998,2795.032,2584.569
2011-01-26,2376.687,2792.862,2584.7745
2011-01-27,2364.753,2787.954,2576.3535
2011-01-28,2375.884,2781.6459999999997,2578.765
2011-01-29,2165.668,2326.722,2246.195
2011-01-30,2077.512,2241.4010000000003,2159.4565000000002
2011-01-31,2214.731,2766.7360000000003,2490.7335000000003
2011-02-01,2417.555,2860.4790000000003,2639.017
2011-02-02,2468.037,2884.917,2676.477
2011-02-03,2470.136,2881.9089999999997,2676.0225
2011-02-04,2473.683,2882.874,2678.2785
2011-02-05,2259.5960000000005,2433.4230000000002,2346.5095
2011-02-06,2166.306,2300.151,2233.2285
2011-02-07,2259.842,2802.2219999999998,2531.032
2011-02-08,2389.203,2808.75,2598.9764999999998
2011-02-09,2420.125,2848.992,2634.5585
2011-02-10,2451.186,2851.668,2651.427
2011-02-11,2426.434,2836.471,2631.4525000000003
2011-02-12,2229.371,2394.5209999999997,2311.946
2011-02-13,2152.304,2283.197,2217.7505
2011-02-14,2236.444,2799.806,2518.125
2011-02-15,2358.2400000000002,2845.118,2601.679
2011-02-16,2368.247,2842.63,2605.4385
2011-02-17,2374.519,2864.942,2619.7304999999997
2011-02-18,2393.823,2860.876,2627.3495000000003
2011-02-19,2226.843,2397.816,2312.3295
2011-02-20,2145.897,2331.1389999999997,2238.518
2011-02-21,2130.637,2762.248,2446.4425
2011-02-22,2354.949,2795.454,2575.2015
2011-02-23,2359.26,2822.0099999999998,2590.635
2011-02-24,2364.853,2850.9460000000004,2607.8995000000004
2011-02-25,2383.9919999999997,2789.7819999999997,2586.8869999999997
2011-02-26,2213.33,2371.81,2292.5699999999997
2011-02-27,2115.292,2322.8579999999997,2219.075
2011-02-28,2214.3089999999997,2787.7380000000003,2501.0235000000002
2011-03-01,2368.768,2815.2000000000003,2591.9840000000004
2011-03-02,2372.816,2833.0060000000003,2602.911
2011-03-03,2351.8250000000003,2852.942,2602.3835
2011-03-04,2392.055,2841.788,2616.9215
2011-03-05,2183.245,2370.927,2277.0860000000002
2011-03-06,2135.02,2253.129,2194.0744999999997
2011-03-07,2226.56,2825.834,2526.197
2011-03-08,2365.0640000000003,2871.9080000000004,2618.4860000000003
2011-03-09,2360.825,2812.1800000000003,2586.5025
2011-03-10,2364.5130000000004,2811.102,2587.8075
2011-03-11,2360.868,2829.9880000000003,2595.428
2011-03-12,2200.965,2407.54,2304.2525
2011-03-13,2189.417,2356.96,2273.1885
2011-03-14,2261.674,2889.476,2575.575
2011-03-15,2420.0429999999997,2877.13,2648.5865
2011-03-16,2413.2839999999997,2912.4439999999995,2662.8639999999996
2011-03-17,2415.599,2979.5299999999993,2697.5644999999995
2011-03-18,2464.6520000000005,2991.3219999999997,2727.987
2011-03-19,2300.245,2516.038,2408.1414999999997
2011-03-20,2207.973,2383.997,2295.9849999999997
2011-03-21,2293.101,2991.115999999999,2642.1084999999994
2011-03-22,2443.884,2986.7619999999997,2715.323
2011-03-23,2428.862,2970.5600000000004,2699.7110000000002
2011-03-24,2411.459,2946.224,2678.8415
2011-03-25,2448.6780000000003,2984.7540000000004,2716.7160000000003
2011-03-26,2267.6989999999996,2510.384,2389.0415
2011-03-27,2152.839,2297.552,2225.1955
2011-03-28,2264.668,2880.884,2572.776
2011-03-29,2405.621,2882.244,2643.9325
2011-03-30,2416.112,2869.7400000000002,2642.9260000000004
2011-03-31,2430.798,2880.778,2655.7879999999996
2011-04-01,2439.788,3016.304,2728.0460000000003
2011-04-02,2330.789,2552.838,2441.8135
2011-04-03,2260.377,2464.956,2362.6665000000003
2011-04-04,2316.933,2970.0920000000006,2643.5125000000003
2011-04-05,2453.6539999999995,2941.014,2697.334
2011-04-06,2455.88,3012.9920000000006,2734.4360000000006
2011-04-07,2466.4,3029.7119999999995,2748.0559999999996
2011-04-08,2521.6070000000004,3074.339,2797.973
2011-04-09,2371.884,2601.778,2486.831
2011-04-10,2285.574,2485.832,2385.703
2011-04-11,2315.679,2999.9919999999993,2657.8354999999997
2011-04-12,2447.9999999999995,2986.174,2717.0869999999995
2011-04-13,2453.6220000000003,3000.244,2726.933
2011-04-14,2468.2780000000002,3048.9959999999996,2758.6369999999997
2011-04-15,2485.064,2975.422,2730.243
2011-04-16,2280.906,2488.0359999999996,2384.4709999999995
2011-04-17,2211.5429999999997,2410.983,2311.263
2011-04-18,2323.427,3091.121,2707.2740000000003
2011-04-19,2514.0190000000002,3101.9699999999993,2807.9945
2011-04-20,2474.273,2981.274,2727.7735000000002
2011-04-21,2460.6560000000004,3013.192,2736.924
2011-04-22,2513.916,3080.139,2797.0275
2011-04-23,2357.892,2600.6440000000002,2479.268
2011-04-24,2280.935,2447.615,2364.2749999999996
2011-04-25,2353.0460000000003,3053.752,2703.3990000000003
2011-04-26,2456.168,2997.266,2726.717
2011-04-27,2454.7560000000003,2956.936,2705.8460000000005
2011-04-28,2434.8579999999997,2958.464,2696.661
2011-04-29,2455.75,3010.44,2733.0950000000003
2011-04-30,2340.764,2561.9100000000003,2451.3370000000004
2011-05-01,2247.71,2420.36,2334.035
2011-05-02,2356.657,2994.348,2675.5025
2011-05-03,2525.5860000000002,3006.362,2765.974
2011-05-04,2501.469,3032.6519999999996,2767.0604999999996
2011-05-05,2516.381,3062.5840000000003,2789.4825
2011-05-06,2536.3860000000004,3100.4339999999993,2818.41
2011-05-07,2414.388,2652.5060000000003,2533.447
2011-05-08,2340.3559999999998,2566.973,2453.6645
2011-05-09,2441.908,3200.474,2821.191
2011-05-10,2596.4159999999997,3145.4100000000003,2870.913
2011-05-11,2573.1130000000003,3115.848,2844.4805
2011-05-12,2541.058,3094.054,2817.556
2011-05-13,2548.6020000000003,3056.328,2802.465
2011-05-14,2339.346,2551.6600000000003,2445.503
2011-05-15,2256.953,2429.993,2343.473
2011-05-16,2356.232,3046.2279999999996,2701.2299999999996
2011-05-17,2514.517,3080.542,2797.5294999999996
2011-05-18,2537.4669999999996,3125.1079999999997,2831.2874999999995
2011-05-19,2566.2179999999994,3124.99,2845.6039999999994
2011-05-20,2600.342,3119.376,2859.8590000000004
2011-05-21,2392.8889999999997,2635.672,2514.2805
2011-05-22,2336.661,2540.1679999999997,2438.4145
2011-05-23,2427.7889999999998,3163.418,2795.6035
2011-05-24,2591.0679999999998,3174.738,2882.903
2011-05-25,2580.978,3175.036,2878.007
2011-05-26,2549.5870000000004,3105.0319999999997,2827.3095000000003
2011-05-27,2578.6119999999996,3172.607,2875.6094999999996
2011-05-28,2459.371,2705.1849999999995,2582.278
2011-05-29,2369.532,2585.204,2477.3680000000004
2011-05-30,2344.757,2631.878,2488.3175
2011-05-31,2605.553,3189.3379999999997,2897.4455
2011-06-01,2658.919,3146.603,2902.761
2011-06-02,2648.144,3156.1610000000005,2902.1525
2011-06-03,2670.2190000000005,3170.598,2920.4085000000005
2011-06-04,2571.157,2817.368,2694.2625
2011-06-05,2469.081,2715.775,2592.428
2011-06-06,2528.3839999999996,3175.813,2852.0985
2011-06-07,2657.3380000000006,3170.793,2914.0655000000006
2011-06-08,2664.293,3161.9240000000004,2913.1085000000003
2011-06-09,2665.2439999999997,3160.77,2913.0069999999996
2011-06-10,2683.559,3164.858,2924.2085
2011-06-11,2590.1929999999998,2827.6150000000002,2708.904
2011-06-12,2481.534,2711.5009999999997,2596.5175
2011-06-13,2542.027,3185.2030000000004,2863.6150000000002
2011-06-14,2676.204,3187.643,2931.9235
2011-06-15,2678.0579999999995,3186.228,2932.143
2011-06-16,2680.0019999999995,3183.747,2931.8745
2011-06-17,2698.627,3196.458,2947.5425
2011-06-18,2605.79,2865.4710000000005,2735.6305
2011-06-19,2510.715,2732.6850000000004,2621.7000000000003
2011-06-20,2559.549,3181.9570000000003,2870.753
2011-06-21,2666.881,3150.113,2908.497
2011-06-22,2643.2569999999996,3095.7209999999995,2869.4889999999996
2011-06-23,2637.5370000000003,3145.8830000000003,2891.71
2011-06-24,2669.6629999999996,3167.871,2918.767
2011-06-25,2593.018,2825.8909999999996,2709.4545
2011-06-26,2487.576,2715.19,2601.383
2011-06-27,2550.249,3185.88,2868.0645
2011-06-28,2681.797,3183.83,2932.8135
2011-06-29,2681.638,3184.7960000000003,2933.217
2011-06-30,2676.902,3189.033,2932.9674999999997
2011-07-01,2672.6400000000003,3163.4509999999996,2918.0455
2011-07-02,2535.812,2782.5519999999997,2659.182
2011-07-03,2431.058,2661.042,2546.05
2011-07-04,2387.296,2749.0289999999995,2568.1624999999995
2011-07-05,2664.2690000000007,3166.006,2915.1375000000003
2011-07-06,2660.0750000000003,3174.928,2917.5015000000003
2011-07-07,2662.945,3171.6939999999995,2917.3194999999996
2011-07-08,2686.5840000000003,3189.812,2938.1980000000003
2011-07-09,2562.015,2790.6209999999996,2676.3179999999998
2011-07-10,2452.0969999999998,2665.011,2558.554
2011-07-11,2545.4030000000002,3170.091,2857.7470000000003
2011-07-12,2672.572,3177.229,2924.9004999999997
2011-07-13,2673.504,3181.5699999999997,2927.537
2011-07-14,2679.0129999999995,3188.8759999999997,2933.9444999999996
2011-07-15,2696.3460000000005,3194.418,2945.3820000000005
2011-07-16,2559.787,2792.428,2676.1075
2011-07-17,2448.5069999999996,2668.305,2558.406
2011-07-18,2547.261,3179.8120000000004,2863.5365
2011-07-19,2671.038,3178.2110000000002,2924.6245
2011-07-20,2670.234,3165.641,2917.9375
2011-07-21,2673.301,3175.348,2924.3244999999997
2011-07-22,2693.1860000000006,3184.8919999999994,2939.0389999999998
2011-07-23,2557.55,2796.945,2677.2475000000004
2011-07-24,2451.337,2685.258,2568.2974999999997
2011-07-25,2554.774,3205.019,2879.8965
2011-07-26,2693.449,3182.6570000000006,2938.0530000000003
2011-07-27,2686.471,3194.1349999999998,2940.303
2011-07-28,2685.3399999999997,3181.1070000000004,2933.2235
2011-07-29,2699.3760000000007,3185.735,2942.5555000000004
2011-07-30,2556.855,2783.043,2669.949
2011-07-31,2451.7529999999997,2683.678,2567.7155
2011-08-01,2622.674,3296.7019999999998,2959.688
2011-08-02,2765.2980000000002,3312.344,3038.821
2011-08-03,2775.3779999999997,3314.188,3044.783
2011-08-04,2779.72,3308.674,3044.197
2011-08-05,2791.165,3302.1910000000003,3046.678
2011-08-06,2707.1769999999997,2951.25,2829.2135
2011-08-07,2600.622,2828.681,2714.6515
2011-08-08,2637.44,3292.192,2964.816
2011-08-09,2768.79,3291.9739999999997,3030.3819999999996
2011-08-10,2769.369,3284.2740000000003,3026.8215
2011-08-11,2771.777,3259.947,3015.862
2011-08-12,2776.9860000000003,3289.009,3032.9975000000004
2011-08-13,2649.486,2890.8669999999997,2770.1764999999996
2011-08-14,2564.9440000000004,2798.457,2681.7005
2011-08-15,2606.815,3278.6389999999997,2942.727
2011-08-16,2760.436,3283.1659999999997,3021.801
2011-08-17,2767.317,3278.453,3022.885
2011-08-18,2760.8809999999994,3293.9190000000003,3027.3999999999996
2011-08-19,2781.2129999999997,3296.3070000000002,3038.76
2011-08-20,2708.9500000000003,2956.948,2832.949
2011-08-21,2603.444,2826.214,2714.8289999999997
2011-08-22,2638.176,3292.5650000000005,2965.3705
2011-08-23,2768.529,3293.8530000000005,3031.1910000000003
2011-08-24,2768.32,3287.618,3027.969
2011-08-25,2761.859,3275.763,3018.8109999999997
2011-08-26,2774.386,3281.982,3028.184
2011-08-27,2691.5,2954.8900000000003,2823.195
2011-08-28,2601.0640000000003,2846.263,2723.6635
2011-08-29,2643.268,3293.4580000000005,2968.3630000000003
2011-08-30,2777.44,3296.1499999999996,3036.795
2011-08-31,2778.083,3295.685,3036.884
2011-09-01,2826.8700000000003,3387.663,3107.2665
2011-09-02,2840.9420000000005,3380.9109999999996,3110.9265
2011-09-03,2712.5999999999995,2985.9370000000004,2849.2685
2011-09-04,2595.362,2834.0859999999993,2714.7239999999997
2011-09-05,2451.9449999999997,2692.283,2572.1139999999996
2011-09-06,2701.976,3234.5409999999997,2968.2585
2011-09-07,2695.031,3249.2900000000004,2972.1605
2011-09-08,2715.136,3247.812,2981.474
2011-09-09,2728.4919999999997,3240.06,2984.276
2011-09-10,2604.2599999999998,2883.0199999999995,2743.6399999999994
2011-09-11,2520.879,2821.744,2671.3115
2011-09-12,2618.4379999999996,3377.56,2997.999
2011-09-13,2788.1149999999993,3408.2850000000003,3098.2
2011-09-14,2818.804,3370.023,3094.4135
2011-09-15,2768.226,3238.168,3003.197
2011-09-16,2747.389,3269.3390000000004,3008.3640000000005
2011-09-17,2642.176,2886.8160000000003,2764.496
2011-09-18,2555.007,2802.999,2679.0029999999997
2011-09-19,2613.516,3256.1369999999997,2934.8265
2011-09-20,2720.1720000000005,3253.582,2986.8770000000004
2011-09-21,2730.762,3289.3419999999996,3010.0519999999997
2011-09-22,2738.663,3224.3059999999996,2981.4844999999996
2011-09-23,2702.3450000000003,3171.4739999999997,2936.9094999999998
2011-09-24,2587.569,2891.1499999999996,2739.3594999999996
2011-09-25,2556.808,2816.993,2686.9004999999997
2011-09-26,2614.8320000000003,3289.212,2952.022
2011-09-27,2762.095,3305.5699999999993,3033.8324999999995
2011-09-28,2756.368,3317.045,3036.7065000000002
2011-09-29,2762.321,3360.5229999999992,3061.4219999999996
2011-09-30,2776.288,3250.7480000000005,3013.518
2011-10-01,2482.224,2722.989,2602.6065
2011-10-02,2383.2110000000002,2602.199,2492.705
2011-10-03,2382.638,3168.716,2775.6769999999997
2011-10-04,2541.605,3168.3679999999995,2854.9865
2011-10-05,2555.3379999999993,3171.1710000000003,2863.2545
2011-10-06,2583.5650000000005,3207.675,2895.6200000000003
2011-10-07,2644.254,3227.728,2935.991
2011-10-08,2508.737,2803.481,2656.1090000000004
2011-10-09,2396.018,2561.021,2478.5195000000003
2011-10-10,2402.156,3108.6519999999996,2755.4039999999995
2011-10-11,2544.1879999999996,3150.7999999999997,2847.4939999999997
2011-10-12,2563.084,3156.3759999999997,2859.7299999999996
2011-10-13,2558.2760000000003,3140.083,2849.1795
2011-10-14,2573.395,3148.576,2860.9855
2011-10-15,2500.849,2767.3849999999998,2634.117
2011-10-16,2408.87,2648.955,2528.9125
2011-10-17,2421.3410000000003,3202.489,2811.915
2011-10-18,2527.8859999999995,3058.6459999999997,2793.2659999999996
2011-10-19,2535.4,3059.36,2797.38
2011-10-20,2542.406,3062.472,2802.4390000000003
2011-10-21,2562.727,3113.2120000000004,2837.9695
2011-10-22,2501.646,2752.6499999999996,2627.148
2011-10-23,2406.007,2595.878,2500.9425
2011-10-24,2391.8689999999997,3130.8179999999998,2761.3435
2011-10-25,2556.225,3188.045,2872.135
2011-10-26,2573.833,3182.368,2878.1005
2011-10-27,2519.6719999999996,3054.1789999999996,2786.9254999999994
2011-10-28,2562.7670000000003,3046.4929999999995,2804.63
2011-10-29,2457.7980000000002,2664.078,2560.938
2011-10-30,2394.8779999999997,2544.366,2469.622
2011-10-31,2371.435,3094.9529999999995,2733.1939999999995
2011-11-01,2525.176,3097.349,2811.2625
2011-11-02,2533.783,3097.994,2815.8885
2011-11-03,2518.8419999999996,3022.999,2770.9204999999997
2011-11-04,2557.5299999999997,3028.616,2793.073
2011-11-05,2395.328,2610.3070000000007,2502.8175
2011-11-06,2234.915,2462.2870000000003,2348.601
2011-11-07,2330.1589999999997,3062.8579999999997,2696.5085
2011-11-08,2491.025,3019.926,2755.4755
2011-11-09,2447.159,2953.4910000000004,2700.3250000000003
2011-11-10,2461.777,2951.4280000000003,2706.6025
2011-11-11,2490.7760000000003,2959.5009999999997,2725.1385
2011-11-12,2321.268,2552.925,2437.0965
2011-11-13,2249.065,2500.8849999999998,2374.975
2011-11-14,2340.338,3091.571,2715.9545
2011-11-15,2498.078,3080.516,2789.297
2011-11-16,2450.009,2973.5150000000003,2711.762
2011-11-17,2468.489,2956.1829999999995,2712.336
2011-11-18,2497.015,2956.324,2726.6695
2011-11-19,2343.646,2578.637,2461.1415
2011-11-20,2275.174,2420.459,2347.8165
2011-11-21,2303.4919999999997,2951.956,2627.724
2011-11-22,2468.229,2953.0020000000004,2710.6155
2011-11-23,2471.501,2969.15,2720.3255
2011-11-24,2106.188,2254.253,2180.2205000000004
2011-11-25,2073.2870000000003,2305.7439999999997,2189.5155
2011-11-26,2342.255,2545.828,2444.0415000000003
2011-11-27,2273.821,2434.69,2354.2555
2011-11-28,2347.183,2969.399,2658.291
2011-11-29,2489.888,2966.464,2728.176
2011-11-30,2486.279,2970.9739999999997,2728.6265
2011-12-01,2437.92,2901.464,2669.692
2011-12-02,2445.219,2888.422,2666.8205
2011-12-03,2294.824,2455.129,2374.9764999999998
2011-12-04,2196.331,2380.618,2288.4745000000003
2011-12-05,2327.2599999999998,2905.1479999999997,2616.2039999999997
2011-12-06,2491.927,2940.96,2716.4435000000003
2011-12-07,2502.4719999999998,2931.279,2716.8755
2011-12-08,2481.554,2913.2709999999993,2697.4124999999995
2011-12-09,2481.578,2915.741,2698.6594999999998
2011-12-10,2313.106,2469.809,2391.4575000000004
2011-12-11,2215.41,2375.615,2295.5125
2011-12-12,2303.37,2878.122,2590.746
2011-12-13,2436.7129999999997,2912.6670000000004,2674.69
2011-12-14,2439.295,2924.779,2682.0370000000003
2011-12-15,2413.0939999999996,2901.4870000000005,2657.2905
2011-12-16,2459.112,2903.8599999999997,2681.486
2011-12-17,2299.6609999999996,2460.2630000000004,2379.962
2011-12-18,2194.417,2363.028,2278.7225
2011-12-19,2284.622,2674.2129999999997,2479.4174999999996
2011-12-20,2415.092,2691.8439999999996,2553.468
2011-12-21,2418.797,2705.801,2562.299
2011-12-22,2409.3740000000003,2688.6369999999997,2549.0055
2011-12-23,2373.557,2731.058,2552.3075
2011-12-24,2320.528,2482.2830000000004,2401.4055
2011-12-25,2217.413,2377.516,2297.4645
2011-12-26,1965.6750000000002,2089.899,2027.787
2011-12-27,2292.75,2526.351,2409.5505000000003
2011-12-28,2287.484,2527.13,2407.307
2011-12-29,2279.1040000000003,2520.686,2399.8950000000004
2011-12-30,2236.13,2520.515,2378.3225
2011-12-31,2281.743,2443.129,2362.4359999999997
2012-01-01,2166.5969999999998,2334.642,2250.6195
2012-01-02,1979.051,2237.412,2108.2315
2012-01-03,2463.064,2905.14,2684.102
2012-01-04,2445.657,2905.7250000000004,2675.6910000000003
2012-01-05,2449.133,2901.072,2675.1025
2012-01-06,2461.92,2907.622,2684.7709999999997
2012-01-07,2260.0420000000004,2419.501,2339.7715000000003
2012-01-08,2165.596,2331.915,2248.7555
2012-01-09,2306.9880000000003,2887.8610000000003,2597.4245
2012-01-10,2449.949,2902.508,2676.2285
2012-01-11,2449.005,2898.319,2673.6620000000003
2012-01-12,2473.817,2924.7000000000003,2699.2585
2012-01-13,2500.216,2924.4819999999995,2712.3489999999997
2012-01-14,2265.242,2425.806,2345.5240000000003
2012-01-15,2173.2780000000002,2331.4849999999997,2252.3815
2012-01-16,2306.169,2866.594,2586.3815
2012-01-17,2402.404,2900.63,2651.517
2012-01-18,2458.1070000000004,2900.3530000000005,2679.2300000000005
2012-01-19,2441.686,2911.0350000000003,2676.3605000000002
2012-01-20,2458.827,2910.01,2684.4185
2012-01-21,2273.7459999999996,2434.05,2353.898
2012-01-22,2178.364,2337.336,2257.85
2012-01-23,2288.05,2877.6660000000006,2582.858
2012-01-24,2421.195,2902.2619999999997,2661.7285
2012-01-25,2418.1459999999997,2891.7720000000004,2654.959
2012-01-26,2427.0950000000003,2891.4269999999997,2659.261
2012-01-27,2451.756,2884.41,2668.0829999999996
2012-01-28,2269.548,2429.0660000000003,2349.307
2012-01-29,2190.167,2328.569,2259.368
2012-01-30,2296.562,2887.133,2591.8475
2012-01-31,2420.965,2929.028,2674.9965
2012-02-01,2430.619,2941.5379999999996,2686.0784999999996
2012-02-02,2439.957,2938.2920000000004,2689.1245
2012-02-03,2476.413,2950.5820000000003,2713.4975000000004
2012-02-04,2306.008,2469.695,2387.8514999999998
2012-02-05,2231.956,2395.895,2313.9255000000003
2012-02-06,2331.433,2902.288,2616.8605
2012-02-07,2451.851,2912.8450000000003,2682.348
2012-02-08,2465.7019999999998,2919.321,2692.5114999999996
2012-02-09,2466.2560000000003,2911.4230000000002,2688.8395
2012-02-10,2471.51,2913.478,2692.494
2012-02-11,2368.069,2522.8179999999998,2445.4435
2012-02-12,2278.611,2411.523,2345.067
2012-02-13,2352.94,2908.954,2630.947
2012-02-14,2463.151,2905.8509999999997,2684.5009999999997
2012-02-15,2426.356,2926.066,2676.2110000000002
2012-02-16,2436.26,2899.101,2667.6805000000004
2012-02-17,2462.142,2901.509,2681.8255
2012-02-18,2309.87,2469.775,2389.8225
2012-02-19,2221.506,2371.899,2296.7025
2012-02-20,2211.712,2837.879,2524.7955
2012-02-21,2444.813,2911.1169999999997,2677.965
2012-02-22,2432.45,2955.854,2694.152
2012-02-23,2443.222,2978.261,2710.7415
2012-02-24,2448.3810000000003,2885.4329999999995,2666.907
2012-02-25,2295.496,2455.773,2375.6345
2012-02-26,2214.127,2364.379,2289.2529999999997
2012-02-27,2291.625,2884.728,2588.1765
2012-02-28,2443.878,2945.0609999999997,2694.4695
2012-02-29,2441.595,2956.2129999999997,2698.9039999999995
2012-03-01,2432.5969999999998,2989.917,2711.2569999999996
2012-03-02,2469.968,2941.915,2705.9415
2012-03-03,2261.0480000000002,2457.7760000000003,2359.4120000000003
2012-03-04,2209.462,2341.3140000000003,2275.388
2012-03-05,2297.922,2952.775,2625.3485
2012-03-06,2438.065,2952.411,2695.2380000000003
2012-03-07,2459.058,2966.169,2712.6135
2012-03-08,2425.281,2953.5319999999997,2689.4065
2012-03-09,2468.953,2911.3480000000004,2690.1505
2012-03-10,2270.8990000000003,2468.345,2369.6220000000003
2012-03-11,2266.172,2404.087,2335.1295
2012-03-12,2335.573,3048.9519999999998,2692.2625
2012-03-13,2512.196,3063.605,2787.9004999999997
2012-03-14,2519.533,3083.505,2801.5190000000002
2012-03-15,2529.25,3098.7180000000003,2813.9840000000004
2012-03-16,2558.1440000000002,3091.898,2825.021
2012-03-17,2380.967,2614.415,2497.691
2012-03-18,2298.09,2463.463,2380.7765
2012-03-19,2380.27,3091.2219999999998,2735.746
2012-03-20,2484.6400000000003,2998.4240000000004,2741.532
2012-03-21,2489.09,2997.6879999999996,2743.389
2012-03-22,2494.007,3011.7089999999994,2752.8579999999997
2012-03-23,2528.3219999999997,2997.067,2762.6944999999996
2012-03-24,2350.342,2564.1279999999997,2457.2349999999997
2012-03-25,2258.0910000000003,2472.77,2365.4305000000004
2012-03-26,2352.176,3097.44,2724.808
2012-03-27,2507.4700000000003,3078.147,2792.8085
2012-03-28,2511.677,3063.807,2787.742
2012-03-29,2506.981,3070.002,2788.4915
2012-03-30,2542.6740000000004,3100.2749999999996,2821.4745000000003
2012-03-31,2387.925,2620.623,2504.2740000000003
2012-04-01,2349.948,2581.3230000000003,2465.6355000000003
2012-04-02,2437.542,3192.926,2815.234
2012-04-03,2567.505,3118.436,2842.9705000000004
2012-04-04,2541.3949999999995,3089.8869999999997,2815.6409999999996
2012-04-05,2535.5209999999997,3097.5589999999997,2816.54
2012-04-06,2561.1960000000004,3102.901,2832.0485
2012-04-07,2412.88,2649.7980000000002,2531.339
2012-04-08,2312.4,2479.676,2396.038
2012-04-09,2387.9770000000003,3099.3740000000003,2743.6755000000003
2012-04-10,2541.162,3151.5280000000002,2846.3450000000003
2012-04-11,2550.2369999999996,3155.151,2852.6939999999995
2012-04-12,2561.502,3147.5129999999995,2854.5074999999997
2012-04-13,2593.25,3146.6859999999997,2869.968
2012-04-14,2439.8,2683.2190000000005,2561.5095
2012-04-15,2313.935,2491.963,2402.949
2012-04-16,2375.054,3080.502,2727.7780000000002
2012-04-17,2523.981,3094.624,2809.3025
2012-04-18,2528.166,3106.202,2817.184
2012-04-19,2523.201,3144.866,2834.0335
2012-04-20,2568.708,3065.0740000000005,2816.8910000000005
2012-04-21,2367.699,2581.3389999999995,2474.519
2012-04-22,2284.923,2504.6929999999998,2394.808
2012-04-23,2367.675,3079.8190000000004,2723.7470000000003
2012-04-24,2507.875,3146.7039999999997,2827.2895
2012-04-25,2553.987,3200.713,2877.3500000000004
2012-04-26,2586.824,3213.55,2900.187
2012-04-27,2619.0040000000004,3212.365,2915.6845000000003
2012-04-28,2451.291,2701.457,2576.374
2012-04-29,2357.551,2564.4619999999995,2461.0064999999995
2012-04-30,2443.9829999999997,3195.3699999999994,2819.6764999999996
2012-05-01,2668.9890000000005,3292.965,2980.9770000000003
2012-05-02,2671.826,3271.8849999999998,2971.8554999999997
2012-05-03,2667.3450000000003,3318.174,2992.7595
2012-05-04,2704.208,3325.1299999999997,3014.669
2012-05-05,2543.4020000000005,2808.1200000000003,2675.7610000000004
2012-05-06,2452.608,2664.036,2558.322
2012-05-07,2514.711,3312.83,2913.7704999999996
2012-05-08,2621.841,3175.0970000000007,2898.469
2012-05-09,2614.1880000000006,3226.215,2920.2015
2012-05-10,2608.8190000000004,3220.804,2914.8115000000003
2012-05-11,2638.158,3186.933,2912.5455
2012-05-12,2446.1699999999996,2684.746,2565.4579999999996
2012-05-13,2355.789,2587.714,2471.7515000000003
2012-05-14,2453.393,3235.941,2844.667
2012-05-15,2618.641,3217.857,2918.249
2012-05-16,2613.5559999999996,3255.853,2934.7045
2012-05-17,2627.2490000000003,3278.163,2952.706
2012-05-18,2669.5730000000003,3282.384,2975.9785
2012-05-19,2519.566,2771.796,2645.6809999999996
2012-05-20,2419.6189999999997,2641.683,2530.651
2012-05-21,2494.572,3288.8269999999998,2891.6994999999997
2012-05-22,2653.028,3300.8670000000006,2976.9475
2012-05-23,2670.909,3327.4,2999.1545
2012-05-24,2690.547,3339.458,3015.0025
2012-05-25,2723.2150000000006,3342.0840000000003,3032.6495000000004
2012-05-26,2556.625,2812.17,2684.3975
2012-05-27,2453.639,2681.268,2567.4535
2012-05-28,2416.517,2749.815,2583.166
2012-05-29,2677.0460000000003,3336.584,3006.815
2012-05-30,2681.216,3316.2729999999997,2998.7445
2012-05-31,2657.607,3246.3639999999996,2951.9855
2012-06-01,2700.7000000000003,3198.727,2949.7135
2012-06-02,2633.74,2926.335,2780.0375
2012-06-03,2560.476,2816.664,2688.57
2012-06-04,2626.809,3290.698,2958.7535
2012-06-05,2754.2709999999997,3304.6920000000005,3029.4815
2012-06-06,2739.3720000000008,3297.633,3018.5025000000005
2012-06-07,2715.759,3174.876,2945.3175
2012-06-08,2713.367,3204.6189999999997,2958.993
2012-06-09,2624.381,2904.874,2764.6274999999996
2012-06-10,2558.4339999999997,2814.801,2686.6175
2012-06-11,2633.613,3336.753,2985.183
2012-06-12,2755.7459999999996,3257.4390000000003,3006.5924999999997
2012-06-13,2722.733,3246.946,2984.8395
2012-06-14,2743.1229999999996,3297.576,3020.3495
2012-06-15,2760.2300000000005,3281.132,3020.6810000000005
2012-06-16,2677.1590000000006,2940.602,2808.8805
2012-06-17,2556.702,2792.592,2674.647
2012-06-18,2619.472,3283.7189999999996,2951.5955
2012-06-19,2743.0719999999997,3279.946,3011.509
2012-06-20,2742.2819999999997,3268.161,3005.2214999999997
2012-06-21,2736.4610000000002,3270.729,3003.5950000000003
2012-06-22,2761.524,3309.299,3035.4115
2012-06-23,2687.733,2956.3230000000003,2822.0280000000002
2012-06-24,2572.217,2855.0029999999997,2713.6099999999997
2012-06-25,2636.541,3358.462,2997.5015000000003
2012-06-26,2769.8529999999996,3386.0149999999994,3077.9339999999993
2012-06-27,2800.9399999999996,3360.2599999999998,3080.5999999999995
2012-06-28,2795.033,3357.212,3076.1225
2012-06-29,2807.2750000000005,3344.553,3075.914
2012-06-30,2700.6690000000003,2967.909,2834.289
2012-07-01,2514.516,2737.7740000000003,2626.1450000000004
2012-07-02,2614.0139999999997,3263.517,2938.7654999999995
2012-07-03,2744.2849999999994,3291.851,3018.0679999999998
2012-07-04,2571.297,2859.0919999999996,2715.1944999999996
2012-07-05,2757.1110000000003,3310.7400000000002,3033.9255000000003
2012-07-06,2775.9660000000003,3311.866,3043.916
2012-07-07,2601.995,2930.389,2766.192
2012-07-08,2510.3559999999998,2744.436,2627.3959999999997
2012-07-09,2607.411,3260.747,2934.0789999999997
2012-07-10,2722.054,3243.839,2982.9465
2012-07-11,2724.9200000000005,3264.7589999999996,2994.8395
2012-07-12,2732.8520000000003,3276.657,3004.7545
2012-07-13,2756.4370000000004,3287.9069999999997,3022.172
2012-07-14,2621.0510000000004,2878.9079999999994,2749.9795
2012-07-15,2495.816,2725.42,2610.618
2012-07-16,2580.449,3252.5660000000003,2916.5075
2012-07-17,2730.6450000000004,3285.261,3007.9530000000004
2012-07-18,2744.215,3302.4019999999996,3023.3085
2012-07-19,2755.4369999999994,3315.992,3035.7145
2012-07-20,2775.2019999999998,3372.0649999999996,3073.6335
2012-07-21,2638.093,2940.191,2789.142
2012-07-22,2553.761,2798.492,2676.1265000000003
2012-07-23,2648.042,3316.538,2982.29
2012-07-24,2766.508,3312.658,3039.5829999999996
2012-07-25,2767.166,3334.103,3050.6345
2012-07-26,2769.369,3334.978,3052.1735
2012-07-27,2787.374,3321.7349999999997,3054.5544999999997
2012-07-28,2644.2760000000003,2931.0330000000004,2787.6545000000006
2012-07-29,2541.7200000000003,2829.465,2685.5925
2012-07-30,2653.358,3360.1,3006.7290000000003
2012-07-31,2780.2569999999996,3367.925,3074.091
2012-08-01,2861.746,3460.6470000000004,3161.1965
2012-08-02,2863.489,3462.571,3163.0299999999997
2012-08-03,2883.479,3442.929,3163.2039999999997
2012-08-04,2798.574,3078.226,2938.4
2012-08-05,2688.0570000000002,2955.226,2821.6415
2012-08-06,2725.397,3460.879,3093.138
2012-08-07,2860.849,3446.993,3153.9210000000003
2012-08-08,2869.694,3397.46,3133.577
2012-08-09,2842.1349999999998,3449.842,3145.9885
2012-08-10,2879.096,3422.969,3151.0325000000003
2012-08-11,2770.373,3051.3540000000003,2910.8635000000004
2012-08-12,2669.8660000000004,2961.5040000000004,2815.6850000000004
2012-08-13,2721.3100000000004,3442.295,3081.8025000000002
2012-08-14,2850.013,3441.77,3145.8914999999997
2012-08-15,2841.5299999999997,3381.528,3111.5289999999995
2012-08-16,2849.869,3379.065,3114.467
2012-08-17,2851.6730000000002,3409.0190000000002,3130.3460000000005
2012-08-18,2685.475,3004.79,2845.1324999999997
2012-08-19,2615.2430000000004,2861.691,2738.467
2012-08-20,2651.644,3338.068,2994.8559999999998
2012-08-21,2786.494,3249.1830000000004,3017.8385000000003
2012-08-22,2761.504,3296.175,3028.8395
2012-08-23,2782.872,3334.8929999999996,3058.8824999999997
2012-08-24,2828.718,3365.0370000000003,3096.8775
2012-08-25,2778.533,3031.368,2904.9505
2012-08-26,2663.1259999999997,2853.9909999999995,2758.5584999999996
2012-08-27,2691.7799999999997,3394.475,3043.1274999999996
2012-08-28,2831.3269999999993,3379.563,3105.4449999999997
2012-08-29,2819.007,3381.328,3100.1675
2012-08-30,2833.782,3406.885,3120.3335
2012-08-31,2858.349,3418.356,3138.3525
2012-09-01,2701.8590000000004,2967.5600000000004,2834.7095000000004
2012-09-02,2596.331,2858.0200000000004,2727.1755000000003
2012-09-03,2496.428,2809.8340000000003,2653.1310000000003
2012-09-04,2801.974,3380.405,3091.1895000000004
2012-09-05,2801.93,3386.8660000000004,3094.398
2012-09-06,2803.16,3384.6969999999997,3093.9285
2012-09-07,2825.1620000000003,3388.112,3106.637
2012-09-08,2633.831,2880.748,2757.2895
2012-09-09,2502.906,2759.3949999999995,2631.1504999999997
2012-09-10,2571.293,3262.5570000000002,2916.925
2012-09-11,2721.917,3271.6259999999997,2996.7715
2012-09-12,2742.2509999999997,3296.907,3019.5789999999997
2012-09-13,2763.3570000000004,3254.862,3009.1095000000005
2012-09-14,2713.9280000000003,3161.7169999999996,2937.8225
2012-09-15,2587.165,2808.7219999999998,2697.9435
2012-09-16,2482.611,2648.404,2565.5074999999997
2012-09-17,2560.657,3186.383,2873.52
2012-09-18,2696.277,3197.5350000000003,2946.906
2012-09-19,2685.326,3211.4619999999995,2948.394
2012-09-20,2701.963,3264.606,2983.2845
2012-09-21,2740.563,3280.9669999999996,3010.765
2012-09-22,2632.759,2905.798,2769.2785
2012-09-23,2533.003,2799.123,2666.063
2012-09-24,2626.4210000000003,3325.984,2976.2025000000003
2012-09-25,2775.2359999999994,3323.7149999999997,3049.4754999999996
2012-09-26,2781.436,3312.8150000000005,3047.1255
2012-09-27,2772.4279999999994,3289.995,3031.2114999999994
2012-09-28,2773.7730000000006,3283.134,3028.4535000000005
2012-09-29,2599.2229999999995,2827.9019999999996,2713.5624999999995
2012-09-30,2493.82,2664.016,2578.918
2012-10-01,2396.1820000000002,3142.052,2769.117
2012-10-02,2551.788,3119.7940000000003,2835.791
2012-10-03,2540.8379999999997,3151.5009999999997,2846.1695
2012-10-04,2565.1559999999995,3173.719,2869.4375
2012-10-05,2603.08,3152.452,2877.766
2012-10-06,2452.5820000000003,2652.9230000000002,2552.7525000000005
2012-10-07,2365.939,2513.795,2439.867
2012-10-08,2389.6079999999997,3043.928,2716.768
2012-10-09,2533.887,3097.8420000000006,2815.8645000000006
2012-10-10,2554.25,3099.333,2826.7915000000003
2012-10-11,2564.572,3177.0150000000003,2870.7935
2012-10-12,2618.074,3192.879,2905.4764999999998
2012-10-13,2531.274,2789.478,2660.376
2012-10-14,2436.744,2631.091,2533.9175
2012-10-15,2396.16,3140.3990000000003,2768.2795
2012-10-16,2555.693,3110.1639999999998,2832.9285
2012-10-17,2560.9440000000004,3198.436,2879.6900000000005
2012-10-18,2543.8070000000002,3105.48,2824.6435
2012-10-19,2555.953,3090.766,2823.3595
2012-10-20,2474.839,2747.4750000000004,2611.157
2012-10-21,2446.6710000000003,2679.073,2562.8720000000003
2012-10-22,2463.152,3205.426,2834.2889999999998
2012-10-23,2612.324,3209.6949999999997,2911.0095
2012-10-24,2601.964,3201.4909999999995,2901.7275
2012-10-25,2578.742,3146.7359999999994,2862.7389999999996
2012-10-26,2550.7470000000003,3034.212,2792.4795000000004
2012-10-27,2467.153,2667.4559999999997,2567.3044999999997
2012-10-28,2401.17,2529.655,2465.4125000000004
2012-10-29,2398.2709999999997,3060.0119999999997,2729.1414999999997
2012-10-30,2553.508,3077.016,2815.2619999999997
2012-10-31,2537.065,3129.1980000000003,2833.1315000000004
2012-11-01,2518.2530000000006,3138.2079999999996,2828.2305
2012-11-02,2542.7110000000002,3156.682,2849.6965
2012-11-03,2420.8579999999997,2678.173,2549.5154999999995
2012-11-04,2252.7529999999997,2443.964,2348.3585
2012-11-05,2302.558,3008.696,2655.627
2012-11-06,2459.599,2972.893,2716.246
2012-11-07,2446.0350000000003,2993.149,2719.592
2012-11-08,2460.2940000000003,3036.7309999999998,2748.5125
2012-11-09,2493.474,3070.2099999999996,2781.8419999999996
2012-11-10,2365.517,2623.396,2494.4565000000002
2012-11-11,2281.7529999999997,2447.1169999999997,2364.4349999999995
2012-11-12,2312.725,2956.868,2634.7965
2012-11-13,2476.0930000000003,2957.81,2716.9515
2012-11-14,2470.8079999999995,2957.616,2714.2119999999995
2012-11-15,2473.796,2952.178,2712.987
2012-11-16,2491.467,2956.35,2723.9085
2012-11-17,2321.808,2524.038,2422.923
2012-11-18,2265.1150000000002,2431.965,2348.54
2012-11-19,2313.547,2996.412,2654.9795
2012-11-20,2460.65,3017.75,2739.2
2012-11-21,2460.062,3024.7560000000003,2742.409
2012-11-22,2112.049,2258.566,2185.3075
2012-11-23,2083.5,2308.863,2196.1814999999997
2012-11-24,2329.37,2529.456,2429.413
2012-11-25,2272.3940000000002,2438.84,2355.617
2012-11-26,2317.024,3002.6160000000004,2659.82
2012-11-27,2475.1479999999997,2957.2490000000003,2716.1985
2012-11-28,2479.1949999999997,2960.7039999999997,2719.9494999999997
2012-11-29,2474.6710000000003,2978.221,2726.446
2012-11-30,2488.7309999999998,2998.193,2743.462
2012-12-01,2303.053,2514.361,2408.707
2012-12-02,2222.995,2444.952,2333.9735
2012-12-03,2325.629,2994.298,2659.9635
2012-12-04,2432.654,2943.5769999999998,2688.1155
2012-12-05,2422.076,2904.781,2663.4285
2012-12-06,2435.032,2917.915,2676.4735
2012-12-07,2452.185,2908.448,2680.3165
2012-12-08,2288.494,2450.3140000000003,2369.4040000000005
2012-12-09,2188.5840000000003,2371.113,2279.8485
2012-12-10,2323.107,2902.3540000000003,2612.7305
2012-12-11,2488.006,2920.566,2704.286
2012-12-12,2474.102,2913.888,2693.995
2012-12-13,2444.691,2903.1090000000004,2673.9
2012-12-14,2457.104,2902.682,2679.893
2012-12-15,2267.8349999999996,2459.674,2363.7545
2012-12-16,2177.907,2362.3140000000003,2270.1105000000002
2012-12-17,2290.832,2883.398,2587.115
2012-12-18,2392.049,2690.452,2541.2505
2012-12-19,2421.438,2742.495,2581.9665
2012-12-20,2413.185,2685.298,2549.2415
2012-12-21,2348.711,2701.414,2525.0625
2012-12-22,2280.241,2445.824,2363.0325000000003
2012-12-23,2193.612,2371.571,2282.5915
2012-12-24,2301.307,2678.976,2490.1414999999997
2012-12-25,2053.785,2132.226,2093.0055
2012-12-26,2343.531,2562.6360000000004,2453.0835
2012-12-27,2333.034,2546.079,2439.5565
2012-12-28,2284.002,2546.79,2415.3959999999997
2012-12-29,2339.791,2505.203,2422.4970000000003
2012-12-30,2249.348,2388.2070000000003,2318.7775
2012-12-31,2158.771,2505.164,2331.9675
2013-01-01,2108.72,2268.449,2188.5845
2013-01-02,2488.9309999999996,2932.1099999999997,2710.5204999999996
2013-01-03,2482.951,2919.404,2701.1775
2013-01-04,2481.475,2920.1130000000003,2700.794
2013-01-05,2283.495,2442.239,2362.867
2013-01-06,2206.288,2343.353,2274.8205
2013-01-07,2330.082,2896.054,2613.068
2013-01-08,2442.038,2900.424,2671.2309999999998
2013-01-09,2434.797,2902.0850000000005,2668.4410000000003
2013-01-10,2423.969,2904.481,2664.2250000000004
2013-01-11,2452.762,2907.565,2680.1635
2013-01-12,2275.878,2422.6420000000003,2349.26
2013-01-13,2207.49,2359.636,2283.563
2013-01-14,2346.0319999999997,2913.294,2629.6629999999996
2013-01-15,2490.343,2935.696,2713.0195
2013-01-16,2490.391,2922.585,2706.4880000000003
2013-01-17,2462.1180000000004,2904.918,2683.518
2013-01-18,2471.357,2900.724,2686.0405
2013-01-19,2255.474,2417.358,2336.416
2013-01-20,2173.151,2323.916,2248.5335
2013-01-21,2313.334,2829.858,2571.596
2013-01-22,2438.922,2888.1319999999996,2663.527
2013-01-23,2434.2870000000003,2921.946,2678.1165
2013-01-24,2409.1440000000002,2938.956,2674.05
2013-01-25,2434.6549999999997,2885.5840000000003,2660.1195
2013-01-26,2250.9429999999998,2419.468,2335.2055
2013-01-27,2140.81,2349.396,2245.103
2013-01-28,2275.841,2961.6010000000006,2618.7210000000005
2013-01-29,2448.669,2973.19,2710.9295
2013-01-30,2415.5710000000004,2885.0650000000005,2650.318
2013-01-31,2436.367,2883.6259999999997,2659.9965
2013-02-01,2491.292,2921.608,2706.45
2013-02-02,2308.365,2479.723,2394.044
2013-02-03,2220.8559999999998,2384.481,2302.6684999999998
2013-02-04,2299.148,2919.46,2609.304
2013-02-05,2440.781,2930.4719999999998,2685.6265
2013-02-06,2438.899,2951.6180000000004,2695.2585
2013-02-07,2446.302,2969.098,2707.7
2013-02-08,2454.4519999999998,2900.3759999999997,2677.4139999999998
2013-02-09,2301.761,2474.1150000000002,2387.938
2013-02-10,2212.951,2394.287,2303.6189999999997
2013-02-11,2301.163,2887.614,2594.3885
2013-02-12,2445.164,2905.4709999999995,2675.3175
2013-02-13,2464.4719999999998,2904.176,2684.3239999999996
2013-02-14,2453.812,2905.866,2679.839
2013-02-15,2468.753,2913.377,2691.065
2013-02-16,2316.244,2486.914,2401.579
2013-02-17,2224.8030000000003,2376.317,2300.5600000000004
2013-02-18,2193.52,2871.081,2532.3005000000003
2013-02-19,2432.5800000000004,2900.0240000000003,2666.3020000000006
2013-02-20,2438.169,2904.394,2671.2815
2013-02-21,2455.188,2899.9599999999996,2677.5739999999996
2013-02-22,2493.469,2923.045,2708.257
2013-02-23,2317.957,2486.1459999999997,2402.0514999999996
2013-02-24,2225.618,2365.295,2295.4565000000002
2013-02-25,2295.38,2902.82,2599.1000000000004
2013-02-26,2455.23,2891.684,2673.4570000000003
2013-02-27,2456.007,2897.343,2676.675
2013-02-28,2462.131,2895.892,2679.0114999999996
2013-03-01,2495.073,2926.281,2710.6769999999997
2013-03-02,2284.541,2488.797,2386.669
2013-03-03,2218.5669999999996,2346.746,2282.6565
2013-03-04,2284.839,3009.487,2647.163
2013-03-05,2432.949,2911.156,2672.0525
2013-03-06,2460.679,2913.5759999999996,2687.1274999999996
2013-03-07,2452.55,2934.754,2693.652
2013-03-08,2464.253,2931.16,2697.7065000000002
2013-03-09,2264.944,2495.968,2380.456
2013-03-10,2242.863,2403.045,2322.9539999999997
2013-03-11,2366.031,2989.447,2677.739
2013-03-12,2510.376,2999.977,2755.1765
2013-03-13,2509.684,3000.501,2755.0925
2013-03-14,2480.175,3031.372,2755.7735000000002
2013-03-15,2519.7149999999997,3067.306,2793.5105
2013-03-16,2362.6,2602.683,2482.6414999999997
2013-03-17,2264.5049999999997,2440.771,2352.638
2013-03-18,2349.564,3027.8759999999997,2688.72
2013-03-19,2491.123,3007.0579999999995,2749.0905
2013-03-20,2494.1949999999997,3003.5060000000003,2748.8505
2013-03-21,2486.5820000000003,3006.014,2746.2980000000002
2013-03-22,2497.422,3000.6140000000005,2749.018
2013-03-23,2330.7870000000003,2528.074,2429.4305000000004
2013-03-24,2269.652,2406.794,2338.223
2013-03-25,2371.295,2995.175,2683.235
2013-03-26,2529.848,2984.263,2757.0555
2013-03-27,2508.566,3001.425,2754.9955
2013-03-28,2479.8399999999997,3004.9580000000005,2742.3990000000003
2013-03-29,2523.1510000000003,3036.5449999999996,2779.848
2013-03-30,2359.04,2575.4339999999997,2467.237
2013-03-31,2263.6220000000003,2444.925,2354.2735000000002
2013-04-01,2385.164,3128.537,2756.8505
2013-04-02,2550.965,3068.428,2809.6965
2013-04-03,2526.61,3029.2149999999997,2777.9125
2013-04-04,2547.2410000000004,3033.608,2790.4245
2013-04-05,2571.8599999999997,3033.747,2802.8035
2013-04-06,2384.206,2600.072,2492.139
2013-04-07,2303.8940000000002,2487.857,2395.8755
2013-04-08,2401.2690000000002,3123.9319999999993,2762.6004999999996
2013-04-09,2572.9570000000003,3148.971,2860.964
2013-04-10,2522.248,3024.71,2773.4790000000003
2013-04-11,2544.639,3016.6900000000005,2780.6645000000003
2013-04-12,2570.615,3049.9489999999996,2810.2819999999997
2013-04-13,2384.961,2607.239,2496.1
2013-04-14,2299.646,2516.23,2407.938
2013-04-15,2407.818,3196.649000000001,2802.2335000000003
2013-04-16,2587.918,3199.626,2893.772
2013-04-17,2604.1510000000003,3196.8379999999993,2900.4945
2013-04-18,2500.7609999999995,3035.7050000000004,2768.233
2013-04-19,2552.864,3008.2599999999998,2780.562
2013-04-20,2361.505,2572.743,2467.124
2013-04-21,2264.303,2438.453,2351.3779999999997
2013-04-22,2371.933,3110.052,2740.9925000000003
2013-04-23,2504.989,3030.823,2767.906
2013-04-24,2527.0850000000005,3015.104,2771.0945
2013-04-25,2510.1629999999996,3044.595,2777.379
2013-04-26,2556.7889999999998,3079.5610000000006,2818.175
2013-04-27,2389.596,2616.947,2503.2715
2013-04-28,2284.716,2501.777,2393.2465
2013-04-29,2384.039,3169.713,2776.876
2013-04-30,2545.02,3139.9420000000005,2842.481
2013-05-01,2629.4159999999993,3233.233,2931.3244999999997
2013-05-02,2564.951,3107.823,2836.3869999999997
2013-05-03,2623.8699999999994,3099.8489999999997,2861.8594999999996
2013-05-04,2420.232,2640.9950000000003,2530.6135000000004
2013-05-05,2352.463,2498.246,2425.3545000000004
2013-05-06,2426.128,3164.067,2795.0975
2013-05-07,2570.8909999999996,3216.49,2893.6904999999997
2013-05-08,2614.122,3251.191,2932.6565
2013-05-09,2623.013000000001,3177.7649999999994,2900.389
2013-05-10,2641.192,3214.494,2927.843
2013-05-11,2461.975,2697.8190000000004,2579.897
2013-05-12,2351.808,2551.372,2451.59
2013-05-13,2428.752,3242.1200000000003,2835.436
2013-05-14,2610.762,3261.911,2936.3365000000003
2013-05-15,2641.4809999999998,3217.128,2929.3045
2013-05-16,2624.686,3236.818,2930.7520000000004
2013-05-17,2679.8450000000003,3293.518,2986.6815
2013-05-18,2545.2219999999998,2805.726,2675.474
2013-05-19,2445.292,2668.6209999999996,2556.9565
2013-05-20,2529.3630000000003,3338.7409999999995,2934.0519999999997
2013-05-21,2665.848,3254.61,2960.2290000000003
2013-05-22,2594.4539999999997,3220.2259999999997,2907.3399999999997
2013-05-23,2636.7830000000004,3261.496,2949.1395
2013-05-24,2677.8489999999997,3263.2520000000004,2970.5505000000003
2013-05-25,2470.746,2733.4820000000004,2602.1140000000005
2013-05-26,2413.739,2627.3889999999997,2520.564
2013-05-27,2389.2129999999997,2681.941,2535.5769999999998
2013-05-28,2668.7400000000002,3270.212,2969.476
2013-05-29,2667.709,3268.744,2968.2264999999998
2013-05-30,2672.689,3294.941,2983.8149999999996
2013-05-31,2715.576,3313.3610000000003,3014.4685
2013-06-01,2655.221,2905.983,2780.602
2013-06-02,2520.07,2732.512,2626.291
2013-06-03,2557.315,3218.165,2887.74
2013-06-04,2711.152,3257.96,2984.556
2013-06-05,2732.224,3259.4669999999996,2995.8455
2013-06-06,2721.5480000000002,3198.297,2959.9225
2013-06-07,2704.041,3196.6429999999996,2950.3419999999996
2013-06-08,2600.199,2879.264,2739.7315
2013-06-09,2513.3999999999996,2748.823,2631.1115
2013-06-10,2586.6009999999997,3294.444,2940.5225
2013-06-11,2744.351,3284.882,3014.6165
2013-06-12,2754.483,3296.672,3025.5775000000003
2013-06-13,2756.983,3315.1299999999997,3036.0564999999997
2013-06-14,2776.225,3317.888,3047.0564999999997
2013-06-15,2673.578,2921.279,2797.4285
2013-06-16,2568.914,2826.39,2697.652
2013-06-17,2614.675,3283.0619999999994,2948.8684999999996
2013-06-18,2730.105,3231.087,2980.596
2013-06-19,2716.011,3263.496,2989.7535
2013-06-20,2740.9059999999995,3294.803,3017.8544999999995
2013-06-21,2775.575,3313.7309999999998,3044.653
2013-06-22,2683.929,2961.758,2822.8435
2013-06-23,2583.768,2834.145,2708.9565000000002
2013-06-24,2641.5830000000005,3317.244,2979.4135000000006
2013-06-25,2772.969,3323.8770000000004,3048.4230000000002
2013-06-26,2775.4019999999996,3329.1910000000003,3052.2965
2013-06-27,2776.6780000000003,3342.2589999999996,3059.4685
2013-06-28,2795.165,3349.1209999999996,3072.143
2013-06-29,2700.6929999999998,2981.3969999999995,2841.0449999999996
2013-06-30,2584.085,2810.0190000000002,2697.052
2013-07-01,2585.067,3210.85,2897.9584999999997
2013-07-02,2686.9410000000003,3208.8170000000005,2947.8790000000004
2013-07-03,2680.1749999999997,3215.777,2947.9759999999997
2013-07-04,2520.9700000000003,2820.1099999999997,2670.54
2013-07-05,2736.7889999999998,3284.9939999999992,3010.8914999999997
2013-07-06,2616.592,2900.9559999999997,2758.774
2013-07-07,2519.21,2778.4629999999997,2648.8365
2013-07-08,2629.808,3295.1229999999996,2962.4655
2013-07-09,2755.263,3311.5510000000004,3033.407
2013-07-10,2766.588,3330.728,3048.6580000000004
2013-07-11,2774.6870000000004,3351.812,3063.2495
2013-07-12,2777.8399999999997,3319.473,3048.6565
2013-07-13,2649.511,2926.1099999999997,2787.8104999999996
2013-07-14,2511.983,2634.7380000000003,2573.3605000000002
2013-07-15,2560.788,3132.59,2846.6890000000003
2013-07-16,2675.916,3198.2639999999997,2937.09
2013-07-17,2689.458,3210.23,2949.844
2013-07-18,2708.0739999999996,3242.9590000000003,2975.5164999999997
2013-07-19,2739.231,3278.629,3008.9300000000003
2013-07-20,2601.4269999999997,2887.2619999999997,2744.3444999999997
2013-07-21,2511.289,2766.1479999999997,2638.7185
2013-07-22,2620.9890000000005,3310.059,2965.5240000000003
2013-07-23,2762.635,3319.6769999999997,3041.156
2013-07-24,2764.362,3300.107,3032.2345
2013-07-25,2758.941,3295.942,3027.4415
2013-07-26,2776.233,3287.415,3031.824
2013-07-27,2604.8360000000002,2839.689,2722.2625
2013-07-28,2491.2610000000004,2735.31,2613.2855
2013-07-29,2613.656,3306.7189999999996,2960.1875
2013-07-30,2761.1789999999996,3312.637,3036.908
2013-07-31,2767.9030000000002,3333.7920000000004,3050.8475000000003
2013-08-01,2850.274,3432.559,3141.4165000000003
2013-08-02,2876.0399999999995,3432.2679999999996,3154.1539999999995
2013-08-03,2791.354,3060.788,2926.071
2013-08-04,2682.8640000000005,2939.1200000000003,2810.992
2013-08-05,2722.4239999999995,3433.006,3077.7149999999997
2013-08-06,2855.3849999999998,3440.7000000000003,3148.0425
2013-08-07,2862.117,3446.85,3154.4835000000003
2013-08-08,2866.79,3415.337,3141.0635
2013-08-09,2872.666,3411.5320000000006,3142.099
2013-08-10,2778.3839999999996,3045.7890000000007,2912.0865000000003
2013-08-11,2666.98,2942.6970000000006,2804.8385000000003
2013-08-12,2713.524,3414.207,3063.8655
2013-08-13,2850.173,3451.178,3150.6755
2013-08-14,2832.026,3353.4950000000003,3092.7605000000003
2013-08-15,2811.796,3316.938,3064.367
2013-08-16,2803.534,3300.419,3051.9764999999998
2013-08-17,2706.227,2972.6029999999996,2839.415
2013-08-18,2602.744,2859.413,2731.0785
2013-08-19,2660.886,3366.13,3013.508
2013-08-20,2809.1139999999996,3376.414,3092.764
2013-08-21,2823.547,3376.103,3099.825
2013-08-22,2835.203,3403.837,3119.52
2013-08-23,2862.763,3410.128,3136.4455
2013-08-24,2787.282,3066.375,2926.8285
2013-08-25,2678.347,2936.6590000000006,2807.5030000000006
2013-08-26,2713.093,3402.7190000000005,3057.906
2013-08-27,2826.6359999999995,3351.078,3088.857
2013-08-28,2816.319,3391.134,3103.7264999999998
2013-08-29,2830.398,3428.157,3129.2775
2013-08-30,2867.2680000000005,3436.058,3151.6630000000005
2013-08-31,2796.3160000000003,3085.429,2940.8725000000004
2013-09-01,2611.6079999999997,2880.159,2745.8835
2013-09-02,2502.1839999999997,2740.951,2621.5675
2013-09-03,2788.425,3357.592,3073.0085
2013-09-04,2781.078,3368.0,3074.5389999999998
2013-09-05,2796.877,3364.1179999999995,3080.4974999999995
2013-09-06,2817.482,3356.2580000000003,3086.87
2013-09-07,2704.896,2974.55,2839.723
2013-09-08,2576.658,2834.1980000000003,2705.428
2013-09-09,2644.9500000000003,3339.333,2992.1415
2013-09-10,2774.95,3299.1369999999997,3037.0434999999998
2013-09-11,2772.18,3321.2249999999995,3046.7024999999994
2013-09-12,2776.277,3341.4990000000003,3058.888
2013-09-13,2807.378,3343.331,3075.3545000000004
2013-09-14,2701.861,2954.4759999999997,2828.1684999999998
2013-09-15,2591.482,2828.756,2710.1189999999997
2013-09-16,2666.24,3353.8,3010.02
2013-09-17,2804.403,3327.966,3066.1845
2013-09-18,2802.4350000000004,3353.415,3077.925
2013-09-19,2796.677,3298.854,3047.7655
2013-09-20,2782.737,3231.2129999999997,3006.975
2013-09-21,2607.542,2839.605,2723.5735
2013-09-22,2478.197,2699.545,2588.871
2013-09-23,2559.1150000000002,3216.035,2887.575
2013-09-24,2712.557,3280.967,2996.7619999999997
2013-09-25,2718.736,3286.7210000000005,3002.7285
2013-09-26,2744.2,3301.827,3023.0135
2013-09-27,2781.762,3295.9649999999997,3038.8635
2013-09-28,2618.243,2896.676,2757.4595
2013-09-29,2516.19,2711.458,2613.824
2013-09-30,2568.392,3229.727,2899.0595
2013-10-01,2569.3869999999997,3204.094,2886.7405
2013-10-02,2605.913,3225.282,2915.5975
2013-10-03,2628.0689999999995,3248.811,2938.4399999999996
2013-10-04,2657.834,3235.289,2946.5615
2013-10-05,2450.8630000000003,2711.808,2581.3355
2013-10-06,2365.0190000000002,2555.67,2460.3445
2013-10-07,2376.4519999999998,3113.5389999999998,2744.9955
2013-10-08,2538.7459999999996,3122.3430000000003,2830.5445
2013-10-09,2546.417,3136.212,2841.3145
2013-10-10,2550.295,3168.456,2859.3755
2013-10-11,2614.6030000000005,3187.599,2901.1010000000006
2013-10-12,2530.4990000000003,2811.5710000000004,2671.0350000000003
2013-10-13,2451.306,2607.618,2529.462
2013-10-14,2443.1929999999998,3145.6410000000005,2794.4170000000004
2013-10-15,2573.6759999999995,3099.357,2836.5164999999997
2013-10-16,2533.758,3048.3440000000005,2791.0510000000004
2013-10-17,2540.7240000000006,3058.477,2799.6005000000005
2013-10-18,2568.466,3055.5400000000004,2812.003
2013-10-19,2455.749,2656.7520000000004,2556.2505
2013-10-20,2391.459,2535.7079999999996,2463.5834999999997
2013-10-21,2382.878,3067.7319999999995,2725.305
2013-10-22,2546.5530000000003,3066.2110000000002,2806.3820000000005
2013-10-23,2532.6019999999994,3118.229,2825.4154999999996
2013-10-24,2538.221,3120.165,2829.193
2013-10-25,2560.3700000000003,3064.1070000000004,2812.2385000000004
2013-10-26,2465.514,2696.807,2581.1605
2013-10-27,2385.857,2546.5589999999997,2466.2079999999996
2013-10-28,2401.1730000000002,3120.696,2760.9345000000003
2013-10-29,2566.844,3152.7729999999997,2859.8085
2013-10-30,2584.8940000000007,3137.5079999999994,2861.201
2013-10-31,2573.545,3124.1130000000003,2848.829
2013-11-01,2540.2200000000003,3066.4440000000004,2803.3320000000003
2013-11-02,2399.7599999999998,2603.1560000000004,2501.458
2013-11-03,2247.003,2424.042,2335.5225
2013-11-04,2305.473,2971.86,2638.6665000000003
2013-11-05,2471.0350000000003,2986.66,2728.8475
2013-11-06,2442.194,2971.8979999999997,2707.046
2013-11-07,2455.626,2950.548,2703.087
2013-11-08,2481.9370000000004,2960.9160000000006,2721.4265000000005
2013-11-09,2303.303,2537.4449999999997,2420.374
2013-11-10,2252.679,2428.754,2340.7165
2013-11-11,2311.665,2985.4730000000004,2648.5690000000004
2013-11-12,2453.064,2953.5260000000003,2703.295
2013-11-13,2501.161,2964.224,2732.6925
2013-11-14,2487.225,2956.6300000000006,2721.9275000000002
2013-11-15,2469.428,2958.7870000000003,2714.1075
2013-11-16,2349.917,2589.951,2469.934
2013-11-17,2290.763,2518.0519999999997,2404.4075
2013-11-18,2324.7999999999997,3015.3399999999997,2670.0699999999997
2013-11-19,2467.116,2981.893,2724.5045
2013-11-20,2461.847,2975.522,2718.6845000000003
2013-11-21,2473.412,3002.125,2737.7685
2013-11-22,2515.813,2979.102,2747.4575
2013-11-23,2368.4370000000004,2578.605,2473.521
2013-11-24,2316.879,2465.396,2391.1375
2013-11-25,2373.268,2980.276,2676.772
2013-11-26,2513.186,2970.795,2741.9905
2013-11-27,2518.806,2979.5719999999997,2749.189
2013-11-28,2141.49,2304.8360000000002,2223.163
2013-11-29,2132.5879999999997,2309.836,2221.2119999999995
2013-11-30,2330.674,2538.084,2434.379
2013-12-01,2195.361,2374.631,2284.996
2013-12-02,2298.19,2891.3259999999996,2594.758
2013-12-03,2433.171,2923.997,2678.584
2013-12-04,2427.965,2931.665,2679.815
2013-12-05,2454.3540000000003,2923.52,2688.937
2013-12-06,2525.244,2966.2059999999997,2745.725
2013-12-07,2382.123,2547.009,2464.566
2013-12-08,2286.702,2407.824,2347.263
2013-12-09,2367.344,2930.457,2648.9004999999997
2013-12-10,2519.6310000000003,2948.722,2734.1765000000005
2013-12-11,2503.135,2934.1730000000002,2718.6540000000005
2013-12-12,2493.293,2923.186,2708.2395
2013-12-13,2481.404,2918.255,2699.8295
2013-12-14,2324.696,2478.989,2401.8424999999997
2013-12-15,2242.2850000000003,2372.1949999999997,2307.24
2013-12-16,2318.7690000000002,2887.58,2603.1745
2013-12-17,2440.48,2906.41,2673.4449999999997
2013-12-18,2393.506,2679.01,2536.258
2013-12-19,2394.195,2691.902,2543.0485
2013-12-20,2358.8269999999998,2701.888,2530.3575
2013-12-21,2305.912,2464.183,2385.0474999999997
2013-12-22,2233.335,2389.869,2311.602
2013-12-23,2347.783,2724.95,2536.3665
2013-12-24,2429.682,2739.262,2584.4719999999998
2013-12-25,2041.837,2133.925,2087.8810000000003
2013-12-26,2307.818,2531.043,2419.4305000000004
2013-12-27,2256.2039999999997,2522.107,2389.1555
2013-12-28,2294.6549999999997,2458.619,2376.6369999999997
2013-12-29,2230.5950000000003,2382.3849999999998,2306.49
2013-12-30,2186.89,2522.579,2354.7345
2013-12-31,2315.656,2535.03,2425.343
2014-01-01,2068.632,2232.392,2150.5119999999997
2014-01-02,2487.6780000000003,2932.8650000000002,2710.2715000000003
2014-01-03,2507.263,2930.17,2718.7165
2014-01-04,2263.005,2428.504,2345.7545
2014-01-05,2215.413,2371.606,2293.5095
2014-01-06,2384.614,2955.0690000000004,2669.8415000000005
2014-01-07,2516.462,2939.87,2728.166
2014-01-08,2470.296,2910.911,2690.6035
2014-01-09,2441.5769999999998,2900.745,2671.161
2014-01-10,2461.9739999999997,2908.4239999999995,2685.1989999999996
2014-01-11,2255.268,2414.149,2334.7084999999997
2014-01-12,2170.8849999999998,2339.1890000000003,2255.0370000000003
2014-01-13,2289.5440000000003,2899.7079999999996,2594.626
2014-01-14,2436.2059999999997,2901.549,2668.8774999999996
2014-01-15,2450.2419999999997,2901.982,2676.112
2014-01-16,2436.805,2900.701,2668.7529999999997
2014-01-17,2458.0580000000004,2901.9860000000003,2680.0220000000004
2014-01-18,2252.826,2417.291,2335.0585
2014-01-19,2175.415,2322.9449999999997,2249.18
2014-01-20,2309.1290000000004,2855.775,2582.452
2014-01-21,2439.884,2900.2830000000004,2670.0835
2014-01-22,2449.4829999999997,2899.784,2674.6335
2014-01-23,2465.161,2934.4379999999996,2699.7995
2014-01-24,2529.745,2957.2830000000004,2743.514
2014-01-25,2262.444,2442.286,2352.365
2014-01-26,2182.509,2333.2760000000003,2257.8925
2014-01-27,2305.622,2904.124,2604.8729999999996
2014-01-28,2499.891,2945.646,2722.7685
2014-01-29,2508.051,2932.951,2720.501
2014-01-30,2467.568,2895.3669999999993,2681.4674999999997
2014-01-31,2421.749,2888.5200000000004,2655.1345
2014-02-01,2308.76,2478.101,2393.4305000000004
2014-02-02,2254.431,2426.1980000000003,2340.3145000000004
2014-02-03,2361.253,2934.634,2647.9435000000003
2014-02-04,2486.154,2929.604,2707.879
2014-02-05,2507.859,2965.2709999999997,2736.5649999999996
2014-02-06,2549.362,2992.497,2770.9295
2014-02-07,2557.904,2988.122,2773.013
2014-02-08,2331.418,2518.461,2424.9395
2014-02-09,2254.689,2393.0570000000002,2323.873
2014-02-10,2354.812,2937.924,2646.368
2014-02-11,2513.095,2959.051,2736.073
2014-02-12,2505.969,2932.8740000000003,2719.4215000000004
2014-02-13,2480.349,2906.4750000000004,2693.4120000000003
2014-02-14,2474.969,2911.98,2693.4745000000003
2014-02-15,2293.305,2461.9480000000003,2377.6265000000003
2014-02-16,2218.6949999999997,2385.827,2302.261
2014-02-17,2199.224,2882.3459999999995,2540.785
2014-02-18,2417.129,2954.676,2685.9025
2014-02-19,2445.932,2938.638,2692.285
2014-02-20,2452.9339999999997,2943.458,2698.196
2014-02-21,2454.919,2882.785,2668.852
2014-02-22,2291.59,2464.341,2377.9655000000002
2014-02-23,2207.6330000000003,2380.375,2294.004
2014-02-24,2295.06,2874.472,2584.766
2014-02-25,2431.23,2897.296,2664.263
2014-02-26,2475.784,2919.761,2697.7725
2014-02-27,2483.84,2903.9289999999996,2693.8845
2014-02-28,2474.492,2903.898,2689.195
2014-03-01,2269.447,2490.922,2380.1845000000003
2014-03-02,2228.237,2398.8329999999996,2313.535
2014-03-03,2380.409,2968.5130000000004,2674.4610000000002
2014-03-04,2523.144,2942.432,2732.7879999999996
2014-03-05,2486.102,2924.7290000000003,2705.4155
2014-03-06,2470.1900000000005,2915.738,2692.964
2014-03-07,2479.786,2914.3650000000002,2697.0755
2014-03-08,2280.235,2470.204,2375.2195
2014-03-09,2278.838,2401.087,2339.9625
2014-03-10,2363.632,3024.1600000000003,2693.896
2014-03-11,2495.9089999999997,3069.448,2782.6785
2014-03-12,2493.6699999999996,2991.3659999999995,2742.5179999999996
2014-03-13,2501.453,2993.097,2747.275
2014-03-14,2532.1859999999992,3010.35,2771.2679999999996
2014-03-15,2324.5280000000002,2550.391,2437.4595
2014-03-16,2243.808,2406.499,2325.1535
2014-03-17,2354.918,2991.5470000000005,2673.2325
2014-03-18,2480.6510000000003,3050.839,2765.745
2014-03-19,2494.645,2996.8160000000003,2745.7305
2014-03-20,2502.183,2998.4220000000005,2750.3025000000002
2014-03-21,2514.0910000000003,3043.6339999999996,2778.8625
2014-03-22,2347.9889999999996,2543.867,2445.928
2014-03-23,2239.862,2393.083,2316.4725
2014-03-24,2349.169,2987.3100000000004,2668.2395
2014-03-25,2499.108,2984.016,2741.562
2014-03-26,2497.8979999999997,2985.808,2741.853
2014-03-27,2494.0029999999997,3057.132,2775.5675
2014-03-28,2530.113,3038.8370000000004,2784.4750000000004
2014-03-29,2324.1349999999998,2526.382,2425.2585
2014-03-30,2235.6580000000004,2436.909,2336.2835000000005
2014-03-31,2344.981,3078.656,2711.8185000000003
2014-04-01,2555.2439999999997,3166.7470000000003,2860.9955
2014-04-02,2586.0160000000005,3176.472,2881.2440000000006
2014-04-03,2598.5829999999996,3191.6530000000002,2895.118
2014-04-04,2545.3959999999997,3041.2149999999997,2793.3054999999995
2014-04-05,2372.3790000000004,2575.1099999999997,2473.7445
2014-04-06,2284.342,2439.025,2361.6835
2014-04-07,2391.345,3050.6949999999997,2721.0199999999995
2014-04-08,2544.755,3052.629,2798.692
2014-04-09,2516.811,3104.316,2810.5635
2014-04-10,2525.071,3167.87,2846.4705
2014-04-11,2576.6499999999996,3151.6299999999997,2864.1399999999994
2014-04-12,2430.756,2666.461,2548.6085
2014-04-13,2339.527,2515.0229999999997,2427.2749999999996
2014-04-14,2357.746,3024.57,2691.1580000000004
2014-04-15,2534.982,3021.252,2778.117
2014-04-16,2539.3089999999997,3045.2279999999996,2792.2684999999997
2014-04-17,2525.958,3050.2729999999997,2788.1155
2014-04-18,2547.929,3062.406,2805.1675
2014-04-19,2384.259,2607.5029999999997,2495.881
2014-04-20,2300.62,2487.793,2394.2065000000002
2014-04-21,2381.406,3143.4449999999997,2762.4255
2014-04-22,2540.151,3148.781,2844.466
2014-04-23,2545.8779999999997,3181.9210000000003,2863.8995
2014-04-24,2565.55,3163.8099999999995,2864.68
2014-04-25,2558.212,3133.586,2845.899
2014-04-26,2420.428,2665.1040000000003,2542.766
2014-04-27,2356.591,2581.6650000000004,2469.128
2014-04-28,2421.7110000000002,3176.128,2798.9195
2014-04-29,2542.271,3103.4019999999996,2822.8365
2014-04-30,2517.016,3034.688,2775.852
2014-05-01,2573.451,3147.079,2860.2650000000003
2014-05-02,2611.465,3174.6719999999996,2893.0685
2014-05-03,2428.0280000000002,2730.1150000000002,2579.0715
2014-05-04,2369.549,2663.819,2516.684
2014-05-05,2484.3,3311.518,2897.909
2014-05-06,2653.9560000000006,3293.019,2973.4875
2014-05-07,2662.901,3287.0679999999993,2974.9844999999996
2014-05-08,2655.218,3235.34,2945.279
2014-05-09,2669.682,3265.136,2967.4089999999997
2014-05-10,2507.551,2762.904,2635.2275
2014-05-11,2432.3700000000003,2653.063,2542.7165000000005
2014-05-12,2501.162,3272.6110000000003,2886.8865
2014-05-13,2593.9289999999996,3130.848,2862.3885
2014-05-14,2582.661,3131.801,2857.2309999999998
2014-05-15,2582.744,3186.411,2884.5775000000003
2014-05-16,2604.049,3226.775,2915.4120000000003
2014-05-17,2479.245,2730.888,2605.0665
2014-05-18,2383.8379999999997,2615.291,2499.5645
2014-05-19,2480.93,3277.0550000000003,2878.9925000000003
2014-05-20,2650.8070000000002,3284.692,2967.7495
2014-05-21,2660.1220000000003,3286.726,2973.424
2014-05-22,2658.9289999999996,3281.287,2970.1079999999997
2014-05-23,2686.506,3256.225,2971.3655
2014-05-24,2493.3,2765.025,2629.1625000000004
2014-05-25,2411.085,2605.8179999999998,2508.4515
2014-05-26,2374.093,2637.79,2505.9415
2014-05-27,2611.1820000000002,3187.656,2899.419
2014-05-28,2621.2849999999994,3225.8149999999996,2923.5499999999993
2014-05-29,2630.4119999999994,3259.9669999999996,2945.1894999999995
2014-05-30,2674.157,3263.87,2969.0135
2014-05-31,2508.005,2757.8239999999996,2632.9145
2014-06-01,2532.714,2774.238,2653.4759999999997
2014-06-02,2603.2309999999998,3269.634,2936.4325
2014-06-03,2742.006,3268.0609999999997,3005.0334999999995
2014-06-04,2747.1769999999997,3288.271,3017.724
2014-06-05,2749.5660000000003,3269.179,3009.3725000000004
2014-06-06,2768.244,3293.925,3031.0845
2014-06-07,2680.1189999999997,2953.627,2816.8729999999996
2014-06-08,2556.886,2766.19,2661.538
2014-06-09,2587.0910000000003,3187.837,2887.464
2014-06-10,2690.2000000000003,3191.357,2940.7785000000003
2014-06-11,2688.2400000000002,3260.2499999999995,2974.245
2014-06-12,2726.66,3235.33,2980.995
2014-06-13,2741.5050000000006,3248.7029999999995,2995.1040000000003
2014-06-14,2659.659,2908.4889999999996,2784.0739999999996
2014-06-15,2566.746,2803.06,2684.9030000000002
2014-06-16,2630.564,3302.288,2966.426
2014-06-17,2768.3250000000003,3301.9460000000004,3035.1355000000003
2014-06-18,2763.745,3284.342,3024.0434999999998
2014-06-19,2756.816,3290.434,3023.625
2014-06-20,2774.728,3304.257,3039.4925000000003
2014-06-21,2674.041,2926.284,2800.1625000000004
2014-06-22,2550.777,2714.8459999999995,2632.8115
2014-06-23,2582.3059999999996,3219.2520000000004,2900.779
2014-06-24,2711.238,3281.761,2996.4995
2014-06-25,2717.36,3216.393,2966.8765000000003
2014-06-26,2713.7569999999996,3223.7930000000006,2968.775
2014-06-27,2744.665,3258.747,3001.706
2014-06-28,2678.224,2922.943,2800.5835
2014-06-29,2584.786,2812.754,2698.77
2014-06-30,2639.146,3307.973,2973.5595000000003
2014-07-01,2742.2459999999996,3272.8940000000002,3007.5699999999997
2014-07-02,2738.5029999999997,3266.4840000000004,3002.4935
2014-07-03,2719.654,3215.097,2967.3755
2014-07-04,2549.261,2802.197,2675.7290000000003
2014-07-05,2598.4049999999997,2861.5460000000003,2729.9755
2014-07-06,2497.6240000000003,2733.454,2615.539
2014-07-07,2608.145,3299.656,2953.9004999999997
2014-07-08,2747.4039999999995,3297.055,3022.2294999999995
2014-07-09,2750.047,3299.897,3024.9719999999998
2014-07-10,2751.3480000000004,3300.34,3025.844
2014-07-11,2762.4880000000003,3297.9959999999996,3030.242
2014-07-12,2617.403,2899.683,2758.5429999999997
2014-07-13,2518.3999999999996,2791.698,2655.049
2014-07-14,2625.2129999999997,3341.895,2983.554
2014-07-15,2748.597,3252.659,3000.628
2014-07-16,2713.163,3232.3070000000002,2972.735
2014-07-17,2716.277,3177.4700000000003,2946.8735
2014-07-18,2690.3039999999996,3149.599,2919.9515
2014-07-19,2548.2019999999998,2770.62,2659.411
2014-07-20,2439.655,2707.253,2573.454
2014-07-21,2588.0969999999998,3290.5230000000006,2939.3100000000004
2014-07-22,2744.881,3309.536,3027.2084999999997
2014-07-23,2752.9990000000003,3304.5339999999997,3028.7664999999997
2014-07-24,2747.1330000000003,3290.437,3018.785
2014-07-25,2760.417,3308.0969999999998,3034.2569999999996
2014-07-26,2639.214,2928.4700000000003,2783.842
2014-07-27,2546.87,2813.125,2679.9975
2014-07-28,2650.89,3323.7960000000003,2987.343
2014-07-29,2748.917,3220.872,2984.8945
2014-07-30,2733.206,3246.779,2989.9925000000003
2014-07-31,2726.516,3215.9780000000005,2971.2470000000003
2014-08-01,2792.665,3263.345,3028.005
2014-08-02,2693.7650000000003,2954.6470000000004,2824.206
2014-08-03,2605.741,2867.57,2736.6555
2014-08-04,2669.2189999999996,3362.855,3016.037
2014-08-05,2812.625,3385.6879999999996,3099.1565
2014-08-06,2831.06,3406.865,3118.9624999999996
2014-08-07,2841.842,3428.809,3135.3255
2014-08-08,2871.1740000000004,3445.9959999999996,3158.585
2014-08-09,2788.181,3072.2599999999998,2930.2205
2014-08-10,2682.522,2945.714,2814.118
2014-08-11,2718.074,3406.2670000000003,3062.1705
2014-08-12,2839.787,3381.813,3110.8
2014-08-13,2807.8999999999996,3359.993,3083.9465
2014-08-14,2807.662,3373.941,3090.8014999999996
2014-08-15,2838.853,3399.0389999999998,3118.946
2014-08-16,2769.4490000000005,3085.1319999999996,2927.2905
2014-08-17,2673.2110000000002,2851.4240000000004,2762.3175
2014-08-18,2690.622,3368.014,3029.318
2014-08-19,2825.014,3372.43,3098.7219999999998
2014-08-20,2840.4660000000003,3403.526,3121.996
2014-08-21,2849.533,3421.069,3135.301
2014-08-22,2876.635,3422.728,3149.6815
2014-08-23,2790.241,3070.0160000000005,2930.1285000000003
2014-08-24,2686.944,2944.656,2815.8
2014-08-25,2721.9419999999996,3437.5789999999997,3079.7604999999994
2014-08-26,2856.648,3428.078,3142.3630000000003
2014-08-27,2852.446,3407.669,3130.0575
2014-08-28,2840.917,3409.883,3125.3999999999996
2014-08-29,2834.8309999999997,3351.566,3093.1984999999995
2014-08-30,2761.088,3022.3750000000005,2891.7315000000003
2014-08-31,2665.328,2922.9340000000007,2794.1310000000003
2014-09-01,2489.952,2782.793,2636.3725000000004
2014-09-02,2799.7950000000005,3347.8179999999998,3073.8065
2014-09-03,2800.986,3349.126,3075.056
2014-09-04,2797.8190000000004,3351.88,3074.8495000000003
2014-09-05,2811.834,3339.4,3075.617
2014-09-06,2648.6000000000004,2957.156,2802.878
2014-09-07,2555.324,2752.3759999999997,2653.85
2014-09-08,2624.8059999999996,3319.4299999999994,2972.1179999999995
2014-09-09,2782.5559999999996,3355.09,3068.823
2014-09-10,2801.826,3377.425,3089.6255
2014-09-11,2801.593,3295.477,3048.535
2014-09-12,2727.3630000000003,3178.949,2953.156
2014-09-13,2564.478,2773.9240000000004,2669.201
2014-09-14,2476.149,2671.6760000000004,2573.9125000000004
2014-09-15,2574.013,3225.556,2899.7844999999998
2014-09-16,2747.169,3273.575,3010.372
2014-09-17,2759.6160000000004,3315.0080000000003,3037.3120000000004
2014-09-18,2767.2359999999994,3265.656,3016.446
2014-09-19,2766.346,3250.7700000000004,3008.558
2014-09-20,2661.956,2901.505,2781.7305
2014-09-21,2551.2180000000003,2802.009,2676.6135000000004
2014-09-22,2630.824,3274.242,2952.5330000000004
2014-09-23,2725.3529999999996,3217.947,2971.6499999999996
2014-09-24,2700.29,3227.482,2963.886
2014-09-25,2700.608,3239.019,2969.8135
2014-09-26,2738.579,3240.96,2989.7695000000003
2014-09-27,2637.379,2886.43,2761.9044999999996
2014-09-28,2531.3940000000002,2764.358,2647.876
2014-09-29,2607.1980000000003,3267.432,2937.315
2014-09-30,2745.68,3288.0310000000004,3016.8555
2014-10-01,2626.039,3264.3289999999997,2945.184
2014-10-02,2629.9039999999995,3274.417,2952.1605
2014-10-03,2579.145,3142.1209999999996,2860.633
2014-10-04,2469.922,2698.776,2584.349
2014-10-05,2384.317,2632.5350000000003,2508.4260000000004
2014-10-06,2424.754,3199.423,2812.0885
2014-10-07,2600.72,3273.19,2936.955
2014-10-08,2630.4360000000006,3252.7309999999998,2941.5835
2014-10-09,2644.495,3267.9120000000003,2956.2035
2014-10-10,2661.513,3244.2090000000003,2952.861
2014-10-11,2454.0370000000003,2662.249,2558.143
2014-10-12,2379.3720000000003,2557.1839999999997,2468.2780000000002
2014-10-13,2399.389,3065.415,2732.402
2014-10-14,2539.4,3091.367,2815.3835
2014-10-15,2534.601,3126.301,2830.451
2014-10-16,2524.344,3177.3450000000003,2850.8445
2014-10-17,2572.6090000000004,3171.302,2871.9555
2014-10-18,2489.3289999999997,2745.4919999999997,2617.4105
2014-10-19,2397.647,2585.635,2491.641
2014-10-20,2401.9809999999998,3145.868,2773.9245
2014-10-21,2555.3719999999994,3145.51,2850.441
2014-10-22,2558.311,3141.685,2849.998
2014-10-23,2563.9089999999997,3142.482,2853.1955
2014-10-24,2580.661,3166.5069999999996,2873.584
2014-10-25,2514.752,2787.8849999999998,2651.3185
2014-10-26,2427.458,2665.587,2546.5225
2014-10-27,2435.5570000000002,3204.5979999999995,2820.0775
2014-10-28,2589.019,3165.2019999999998,2877.1105
2014-10-29,2553.441,3125.6069999999995,2839.5239999999994
2014-10-30,2546.1360000000004,3115.6279999999997,2830.882
2014-10-31,2558.0589999999997,3068.7709999999997,2813.415
2014-11-01,2390.237,2589.6960000000004,2489.9665000000005
2014-11-02,2255.466,2425.013,2340.2394999999997
2014-11-03,2308.317,3003.9640000000004,2656.1405000000004
2014-11-04,2472.241,2954.5510000000004,2713.396
2014-11-05,2450.923,2948.7409999999995,2699.8319999999994
2014-11-06,2459.844,2971.7939999999994,2715.8189999999995
2014-11-07,2481.72,2961.416,2721.568
2014-11-08,2323.223,2534.098,2428.6605
2014-11-09,2261.429,2423.458,2342.4435000000003
2014-11-10,2305.196,3019.9530000000004,2662.5745
2014-11-11,2459.7720000000004,2957.5229999999997,2708.6475
2014-11-12,2504.2400000000002,2974.045,2739.1425
2014-11-13,2529.804,2986.7329999999997,2758.2685
2014-11-14,2555.178,2990.835,2773.0065
2014-11-15,2354.401,2567.066,2460.7335
2014-11-16,2304.897,2453.947,2379.422
2014-11-17,2380.149,2981.8740000000003,2681.0115
2014-11-18,2520.169,2975.625,2747.897
2014-11-19,2488.514,2964.9829999999997,2726.7484999999997
2014-11-20,2476.9700000000003,2976.7549999999997,2726.8625
2014-11-21,2490.5660000000003,2968.774,2729.67
2014-11-22,2312.553,2548.2239999999997,2430.3885
2014-11-23,2265.0,2432.9790000000003,2348.9895
2014-11-24,2311.7780000000002,2957.4919999999997,2634.635
2014-11-25,2482.171,2960.582,2721.3765
2014-11-26,2474.288,2961.058,2717.673
2014-11-27,2121.205,2268.377,2194.791
2014-11-28,2104.954,2301.015,2202.9845
2014-11-29,2326.529,2561.866,2444.1975
2014-11-30,2276.347,2485.839,2381.093
2014-12-01,2298.81,2897.397,2598.1035
2014-12-02,2473.072,2909.9830000000006,2691.5275
2014-12-03,2440.785,2901.146,2670.9655000000002
2014-12-04,2433.261,2918.6549999999997,2675.9579999999996
2014-12-05,2456.582,2937.092,2696.837
2014-12-06,2289.7470000000003,2446.129,2367.938
2014-12-07,2183.127,2362.796,2272.9615
2014-12-08,2302.666,2883.574,2593.12
2014-12-09,2452.547,2902.399,2677.473
2014-12-10,2437.448,2893.766,2665.607
2014-12-11,2434.911,2919.6780000000003,2677.2945
2014-12-12,2448.853,2908.697,2678.775
2014-12-13,2279.837,2460.68,2370.2585
2014-12-14,2196.535,2380.986,2288.7605
2014-12-15,2286.566,2904.3360000000002,2595.451
2014-12-16,2435.607,2905.198,2670.4025
2014-12-17,2446.0409999999997,2904.34,2675.1904999999997
2014-12-18,2411.0270000000005,2702.46,2556.7435000000005
2014-12-19,2353.981,2710.109,2532.045
2014-12-20,2299.355,2463.539,2381.447
2014-12-21,2190.549,2363.704,2277.1265000000003
2014-12-22,2285.6200000000003,2672.855,2479.2375
2014-12-23,2406.732,2686.2460000000005,2546.4890000000005
2014-12-24,2419.9390000000003,2707.012,2563.4755000000005
2014-12-25,2014.5410000000002,2109.312,2061.9265
2014-12-26,2242.42,2527.997,2385.2084999999997
2014-12-27,2314.777,2470.604,2392.6904999999997
2014-12-28,2239.966,2381.947,2310.9565000000002
2014-12-29,2172.198,2512.0979999999995,2342.1479999999997
2014-12-30,2298.6749999999997,2531.9449999999997,2415.3099999999995
2014-12-31,2320.099,2546.441,2433.27
2015-01-01,2126.661,2283.972,2205.3165
2015-01-02,2280.415,2546.97,2413.6925
2015-01-03,2288.304,2449.686,2368.995
2015-01-04,2220.41,2373.9790000000003,2297.1945
2015-01-05,2359.85,2917.7639999999997,2638.807
2015-01-06,2469.508,2914.197,2691.8525
2015-01-07,2482.1639999999998,2937.568,2709.866
2015-01-08,2519.9919999999997,2951.8249999999994,2735.9084999999995
2015-01-09,2517.841,2953.33,2735.5855
2015-01-10,2324.746,2488.25,2406.498
2015-01-11,2219.588,2361.899,2290.7435
2015-01-12,2330.428,2909.3480000000004,2619.888
2015-01-13,2480.5020000000004,2930.7720000000004,2705.6370000000006
2015-01-14,2476.602,2925.177,2700.8895
2015-01-15,2469.632,2905.1639999999998,2687.398
2015-01-16,2478.982,2905.053,2692.0175
2015-01-17,2256.085,2419.241,2337.663
2015-01-18,2173.204,2323.5910000000003,2248.3975
2015-01-19,2307.267,2840.0550000000003,2573.661
2015-01-20,2430.215,2899.7870000000003,2665.001
2015-01-21,2422.9610000000002,2898.794,2660.8775
2015-01-22,2441.556,2905.63,2673.593
2015-01-23,2472.127,2913.102,2692.6144999999997
2015-01-24,2269.524,2435.832,2352.678
2015-01-25,2171.4469999999997,2323.154,2247.3005
2015-01-26,2299.4410000000003,2877.936,2588.6885
2015-01-27,2433.1079999999997,2917.2720000000004,2675.19
2015-01-28,2403.368,2936.8570000000004,2670.1125
2015-01-29,2411.577,2920.2760000000003,2665.9265000000005
2015-01-30,2437.6209999999996,2883.1240000000003,2660.3725
2015-01-31,2252.2290000000003,2421.594,2336.9115
2015-02-01,2211.93,2384.1079999999997,2298.019
2015-02-02,2352.2090000000003,2929.505,2640.857
2015-02-03,2481.792,2924.3189999999995,2703.0554999999995
2015-02-04,2470.078,2914.455,2692.2664999999997
2015-02-05,2493.342,2949.118,2721.23
2015-02-06,2498.268,2926.6630000000005,2712.4655000000002
2015-02-07,2304.895,2479.2360000000003,2392.0655
2015-02-08,2194.405,2393.6479999999997,2294.0265
2015-02-09,2309.1499999999996,2918.981,2614.0654999999997
2015-02-10,2446.255,2932.5209999999997,2689.388
2015-02-11,2438.691,2924.271,2681.4809999999998
2015-02-12,2449.852,2907.663,2678.7574999999997
2015-02-13,2475.871,2897.075,2686.473
2015-02-14,2299.3489999999997,2470.799,2385.0739999999996
2015-02-15,2194.0570000000002,2377.875,2285.9660000000003
2015-02-16,2226.254,2861.336,2543.795
2015-02-17,2488.9109999999996,2921.7859999999996,2705.3484999999996
2015-02-18,2479.04,2906.9669999999996,2693.0035
2015-02-19,2468.138,2897.556,2682.8469999999998
2015-02-20,2474.044,2914.2870000000003,2694.1655
2015-02-21,2307.25,2470.825,2389.0375
2015-02-22,2224.363,2387.715,2306.0389999999998
2015-02-23,2363.709,2941.9790000000003,2652.844
2015-02-24,2520.379,2949.659,2735.0190000000002
2015-02-25,2505.744,2922.83,2714.2870000000003
2015-02-26,2495.272,2936.2580000000003,2715.7650000000003
2015-02-27,2538.328,2971.7500000000005,2755.039
2015-02-28,2374.305,2539.578,2456.9415
2015-03-01,2269.336,2381.966,2325.651
2015-03-02,2347.053,2944.3360000000002,2645.6945
2015-03-03,2471.411,2922.5869999999995,2696.999
2015-03-04,2463.026,2948.196,2705.611
2015-03-05,2515.8559999999998,2952.3129999999996,2734.0845
2015-03-06,2521.6,2940.0440000000003,2730.822
2015-03-07,2275.178,2477.323,2376.2505
2015-03-08,2264.4049999999997,2413.098,2338.7515
2015-03-09,2355.709,2995.7260000000006,2675.7175
2015-03-10,2506.013,2997.047,2751.5299999999997
2015-03-11,2508.9249999999997,3002.363,2755.644
2015-03-12,2507.568,3010.667,2759.1175000000003
2015-03-13,2524.3199999999997,3004.101,2764.2105
2015-03-14,2348.366,2547.778,2448.072
2015-03-15,2254.6830000000004,2414.343,2334.513
2015-03-16,2338.086,3053.4199999999996,2695.7529999999997
2015-03-17,2511.593,3079.289,2795.441
2015-03-18,2488.9480000000003,3009.6409999999996,2749.2945
2015-03-19,2500.972,3044.3720000000003,2772.6720000000005
2015-03-20,2505.761,2993.648,2749.7045
2015-03-21,2338.667,2537.6459999999997,2438.1565
2015-03-22,2255.063,2404.911,2329.987
2015-03-23,2327.212,3024.3109999999997,2675.7614999999996
2015-03-24,2502.395,3082.7239999999997,2792.5595
2015-03-25,2501.762,3096.573,2799.1675
2015-03-26,2483.177,2997.206,2740.1915
2015-03-27,2515.493,2992.3630000000003,2753.928
2015-03-28,2343.303,2552.32,2447.8115
2015-03-29,2253.917,2470.3709999999996,2362.144
2015-03-30,2354.23,3067.812,2711.0209999999997
2015-03-31,2509.4629999999997,3111.8419999999996,2810.6524999999997
2015-04-01,2570.8039999999996,3152.1290000000004,2861.4665
2015-04-02,2581.2480000000005,3188.504,2884.876
2015-04-03,2591.4849999999997,3101.531,2846.508
2015-04-04,2371.58,2577.496,2474.538
2015-04-05,2281.344,2449.946,2365.645
2015-04-06,2357.08,3140.062,2748.571
2015-04-07,2562.2150000000006,3162.388,2862.3015000000005
2015-04-08,2581.616,3135.6420000000003,2858.629
2015-04-09,2572.8529999999996,3163.4550000000004,2868.154
2015-04-10,2555.42,3054.459,2804.9395
2015-04-11,2378.3509999999997,2594.5090000000005,2486.4300000000003
2015-04-12,2302.196,2504.238,2403.2169999999996
2015-04-13,2407.342,3097.4539999999997,2752.398
2015-04-14,2517.275,3041.062,2779.1684999999998
2015-04-15,2523.6209999999996,3078.8079999999995,2801.2144999999996
2015-04-16,2540.0339999999997,3099.639,2819.8365
2015-04-17,2568.796,3082.2059999999997,2825.5009999999997
2015-04-18,2378.025,2622.401,2500.2129999999997
2015-04-19,2290.393,2482.451,2386.422
2015-04-20,2366.354,3052.5969999999998,2709.4754999999996
2015-04-21,2519.4030000000002,3066.5080000000003,2792.9555
2015-04-22,2538.836,3103.1690000000003,2821.0025
2015-04-23,2541.0440000000003,3117.2919999999995,2829.1679999999997
2015-04-24,2576.9470000000006,3086.1029999999996,2831.525
2015-04-25,2408.726,2658.0299999999997,2533.3779999999997
2015-04-26,2310.575,2520.8250000000003,2415.7
2015-04-27,2393.29,3084.6800000000003,2738.985
2015-04-28,2511.792,3020.51,2766.151
2015-04-29,2506.414,3051.218,2778.816
2015-04-30,2516.3,3089.372,2802.8360000000002
2015-05-01,2626.8939999999993,3192.0739999999996,2909.4839999999995
2015-05-02,2466.027,2703.94,2584.9835000000003
2015-05-03,2363.3549999999996,2589.196,2476.2754999999997
2015-05-04,2466.1800000000003,3232.9459999999995,2849.563
2015-05-05,2619.101,3211.536,2915.3185000000003
2015-05-06,2632.86,3246.4930000000004,2939.6765000000005
2015-05-07,2640.3579999999997,3240.578,2940.468
2015-05-08,2674.9219999999996,3246.139,2960.5305
2015-05-09,2492.036,2746.5490000000004,2619.2925000000005
2015-05-10,2400.289,2579.3900000000003,2489.8395
2015-05-11,2453.5159999999996,3170.154,2811.835
2015-05-12,2601.6809999999996,3141.3450000000003,2871.513
2015-05-13,2605.2250000000004,3141.769,2873.4970000000003
2015-05-14,2602.1769999999997,3215.457,2908.817
2015-05-15,2658.1469999999995,3206.117,2932.1319999999996
2015-05-16,2495.564,2731.248,2613.406
2015-05-17,2389.084,2587.524,2488.304
2015-05-18,2475.466,3279.6099999999997,2877.5379999999996
2015-05-19,2649.5370000000003,3244.782,2947.1595
2015-05-20,2641.761,3257.0640000000003,2949.4125000000004
2015-05-21,2595.1090000000004,3117.722,2856.4155
2015-05-22,2620.8849999999998,3125.7090000000007,2873.2970000000005
2015-05-23,2444.054,2712.562,2578.308
2015-05-24,2362.471,2555.3890000000006,2458.9300000000003
2015-05-25,2337.054,2612.45,2474.752
2015-05-26,2602.107,3194.9049999999997,2898.506
2015-05-27,2605.2300000000005,3240.0589999999997,2922.6445000000003
2015-05-28,2639.9700000000003,3261.625,2950.7975
2015-05-29,2659.3450000000003,3208.281,2933.813
2015-05-30,2460.114,2716.596,2588.355
2015-05-31,2357.4280000000003,2564.9500000000003,2461.1890000000003
2015-06-01,2532.5280000000007,3176.5370000000003,2854.5325000000003
2015-06-02,2681.313,3217.543,2949.428
2015-06-03,2702.659,3240.258,2971.4584999999997
2015-06-04,2714.476,3248.321,2981.3985000000002
2015-06-05,2736.1280000000006,3249.328,2992.728
2015-06-06,2648.1510000000003,2919.248,2783.6995
2015-06-07,2544.0389999999998,2795.543,2669.791
2015-06-08,2610.5600000000004,3291.29,2950.925
2015-06-09,2751.4860000000003,3294.515,3023.0005
2015-06-10,2753.872,3314.7280000000005,3034.3
2015-06-11,2757.3259999999996,3295.434,3026.38
2015-06-12,2774.5080000000003,3303.6409999999996,3039.0744999999997
2015-06-13,2674.393,2929.2770000000005,2801.835
2015-06-14,2560.8920000000003,2768.447,2664.6695
2015-06-15,2606.017,3256.0510000000004,2931.034
2015-06-16,2736.2740000000003,3231.822,2984.0480000000002
2015-06-17,2722.007,3204.3419999999996,2963.1745
2015-06-18,2721.392,3263.6809999999996,2992.5364999999997
2015-06-19,2751.6510000000007,3286.2360000000003,3018.9435000000003
2015-06-20,2660.459,2907.39,2783.9245
2015-06-21,2552.772,2749.4309999999996,2651.1014999999998
2015-06-22,2603.7069999999994,3278.786,2941.2464999999997
2015-06-23,2743.5879999999997,3280.816,3012.2019999999998
2015-06-24,2757.442,3299.248,3028.3450000000003
2015-06-25,2760.695,3300.992,3030.8435
2015-06-26,2777.7329999999997,3296.402,3037.0675
2015-06-27,2665.4669999999996,2903.7110000000002,2784.589
2015-06-28,2545.736,2785.6609999999996,2665.6984999999995
2015-06-29,2610.701,3286.2709999999997,2948.486
2015-06-30,2742.2690000000002,3280.436,3011.3525
2015-07-01,2723.85,3251.5400000000004,2987.695
2015-07-02,2724.6649999999995,3255.2580000000003,2989.9615
2015-07-03,2581.7520000000004,2807.338,2694.545
2015-07-04,2624.726,2879.9370000000004,2752.3315000000002
2015-07-05,2522.4900000000002,2748.863,2635.6765
2015-07-06,2626.052,3278.1930000000007,2952.1225000000004
2015-07-07,2753.077,3261.7709999999997,3007.424
2015-07-08,2741.3059999999996,3219.2030000000004,2980.2545
2015-07-09,2732.343,3261.6059999999998,2996.9745
2015-07-10,2745.1029999999996,3261.8889999999997,3003.4959999999996
2015-07-11,2617.411,2876.078,2746.7445
2015-07-12,2516.288,2765.398,2640.843
2015-07-13,2621.698,3305.145,2963.4215
2015-07-14,2755.108,3307.356,3031.232
2015-07-15,2754.2690000000002,3290.098,3022.1835
2015-07-16,2749.883,3292.9469999999997,3021.415
2015-07-17,2771.143,3303.9350000000004,3037.539
2015-07-18,2640.31,2909.6079999999997,2774.959
2015-07-19,2534.112,2786.1,2660.1059999999998
2015-07-20,2634.9799999999996,3323.007,2978.9934999999996
2015-07-21,2766.851,3309.921,3038.386
2015-07-22,2768.3700000000003,3313.4139999999998,3040.892
2015-07-23,2767.7770000000005,3322.0510000000004,3044.9140000000007
2015-07-24,2784.8330000000005,3318.773,3051.8030000000003
2015-07-25,2651.228,2916.0140000000006,2783.621
2015-07-26,2537.991,2799.098,2668.5445
2015-07-27,2639.481,3333.562,2986.5215
2015-07-28,2771.727,3322.975,3047.3509999999997
2015-07-29,2769.1560000000004,3334.201,3051.6785
2015-07-30,2774.168,3343.878,3059.023
2015-07-31,2795.4260000000004,3351.983,3073.7045000000003
2015-08-01,2776.843,3040.702,2908.7725
2015-08-02,2664.357,2920.6549999999997,2792.506
2015-08-03,2704.332,3406.6659999999997,3055.499
2015-08-04,2842.928,3408.671,3125.7995
2015-08-05,2852.616,3421.317,3136.9665
2015-08-06,2857.2100000000005,3434.1739999999995,3145.692
2015-08-07,2877.741,3427.717,3152.7290000000003
2015-08-08,2793.194,3071.0409999999997,2932.1175
2015-08-09,2681.8639999999996,2965.448,2823.656
2015-08-10,2720.311,3456.629,3088.4700000000003
2015-08-11,2862.584,3448.9170000000004,3155.7505
2015-08-12,2863.429,3429.533,3146.4809999999998
2015-08-13,2851.7110000000002,3417.887,3134.799
2015-08-14,2869.809,3402.3970000000004,3136.103
2015-08-15,2781.126,3045.987,2913.5565
2015-08-16,2658.796,2927.729,2793.2625
2015-08-17,2705.0660000000003,3401.144,3053.105
2015-08-18,2843.998,3416.5669999999996,3130.2825
2015-08-19,2847.035,3373.9940000000006,3110.5145
2015-08-20,2793.7899999999995,3244.447,3019.1184999999996
2015-08-21,2794.086,3323.0820000000003,3058.584
2015-08-22,2746.728,3033.4289999999996,2890.0784999999996
2015-08-23,2670.6360000000004,2934.9200000000005,2802.7780000000002
2015-08-24,2714.4599999999996,3420.217,3067.3385
2015-08-25,2840.154,3401.498,3120.826
2015-08-26,2825.163,3373.494,3099.3285
2015-08-27,2814.9550000000004,3383.402,3099.1785
2015-08-28,2832.5699999999997,3379.6440000000002,3106.107
2015-08-29,2769.2630000000004,3049.236,2909.2495
2015-08-30,2661.676,2897.52,2779.598
2015-08-31,2691.3239999999996,3384.709,3038.0164999999997
2015-09-01,2769.857,3316.458,3043.1575000000003
2015-09-02,2768.3819999999996,3310.235,3039.3085
2015-09-03,2770.8679999999995,3325.5649999999996,3048.2164999999995
2015-09-04,2802.835,3332.7039999999997,3067.7695
2015-09-05,2701.2280000000005,2959.368,2830.2980000000002
2015-09-06,2596.137,2850.27,2723.2035
2015-09-07,2499.723,2811.238,2655.4804999999997
2015-09-08,2811.686,3370.998,3091.342
2015-09-09,2791.6870000000004,3281.1099999999997,3036.3985000000002
2015-09-10,2772.064,3311.839,3041.9515
2015-09-11,2779.982,3303.1290000000004,3041.5555000000004
2015-09-12,2629.118,2873.553,2751.3355
2015-09-13,2514.951,2771.767,2643.359
2015-09-14,2603.712,3272.372,2938.042
2015-09-15,2742.419,3259.3179999999998,3000.8684999999996
2015-09-16,2765.314,3310.2100000000005,3037.762
2015-09-17,2780.4110000000005,3333.513,3056.9620000000004
2015-09-18,2811.757,3345.4790000000003,3078.6180000000004
2015-09-19,2671.4759999999997,2916.452,2793.964
2015-09-20,2562.708,2784.501,2673.6045000000004
2015-09-21,2616.4290000000005,3300.6820000000002,2958.5555000000004
2015-09-22,2763.1689999999994,3325.961,3044.5649999999996
2015-09-23,2765.854,3307.5879999999997,3036.7209999999995
2015-09-24,2757.995,3299.634,3028.8145
2015-09-25,2776.453,3284.4890000000005,3030.4710000000005
2015-09-26,2648.421,2908.5999999999995,2778.5104999999994
2015-09-27,2541.116,2780.4859999999994,2660.8009999999995
2015-09-28,2615.559,3273.667,2944.6130000000003
2015-09-29,2750.5190000000002,3287.308,3018.9135
2015-09-30,2751.029,3293.6800000000003,3022.3545000000004
2015-10-01,2595.193,3175.576,2885.3845
2015-10-02,2576.5280000000002,3129.4439999999995,2852.986
2015-10-03,2476.473,2710.648,2593.5605
2015-10-04,2386.396,2593.399,2489.8975
2015-10-05,2399.9159999999997,3146.0819999999994,2772.999
2015-10-06,2544.3879999999995,3155.3169999999996,2849.8524999999995
2015-10-07,2563.703,3198.5389999999998,2881.121
2015-10-08,2586.3120000000004,3227.588,2906.9500000000003
2015-10-09,2628.5009999999997,3211.224,2919.8625
2015-10-10,2500.6459999999997,2756.862,2628.754
2015-10-11,2430.502,2708.913,2569.7075
2015-10-12,2467.355,3284.517,2875.9359999999997
2015-10-13,2588.3090000000007,3225.06,2906.6845000000003
2015-10-14,2572.5200000000004,3252.9480000000003,2912.7340000000004
2015-10-15,2583.236,3256.349,2919.7925
2015-10-16,2612.6589999999997,3196.7909999999997,2904.7249999999995
2015-10-17,2483.833,2726.543,2605.188
2015-10-18,2386.198,2588.8250000000003,2487.5115
2015-10-19,2396.5710000000004,3151.495,2774.0330000000004
2015-10-20,2545.4130000000005,3167.663,2856.5380000000005
2015-10-21,2584.975,3194.9899999999993,2889.9824999999996
2015-10-22,2589.661,3153.8450000000003,2871.753
2015-10-23,2613.511,3142.953,2878.232
2015-10-24,2457.511,2709.3489999999997,2583.43
2015-10-25,2382.487,2538.303,2460.395
2015-10-26,2390.986,3107.2799999999997,2749.133
2015-10-27,2545.9610000000002,3116.4629999999997,2831.212
2015-10-28,2548.826,3109.3789999999995,2829.1025
2015-10-29,2540.371,3116.407,2828.389
2015-10-30,2586.5060000000003,3085.665,2836.0855
2015-10-31,2457.419,2707.506,2582.4624999999996
2015-11-01,2241.553,2428.1059999999998,2334.8295
2015-11-02,2299.9570000000003,2993.6420000000003,2646.7995
2015-11-03,2462.849,3000.377,2731.6130000000003
2015-11-04,2472.359,3011.4770000000003,2741.918
2015-11-05,2486.542,3068.7960000000003,2777.669
2015-11-06,2491.39,2981.9790000000003,2736.6845000000003
2015-11-07,2323.964,2536.464,2430.214
2015-11-08,2248.87,2424.708,2336.7889999999998
2015-11-09,2309.348,2979.5320000000006,2644.4400000000005
2015-11-10,2459.2560000000003,3008.8230000000003,2734.0395000000003
2015-11-11,2472.896,3075.043,2773.9695
2015-11-12,2447.547,2973.9289999999996,2710.738
2015-11-13,2480.107,2964.858,2722.4825
2015-11-14,2323.123,2536.102,2429.6125
2015-11-15,2253.393,2434.3360000000002,2343.8645
2015-11-16,2321.743,2983.4809999999998,2652.612
2015-11-17,2449.295,2987.999,2718.647
2015-11-18,2460.46,2978.4570000000003,2719.4585
2015-11-19,2463.843,2976.938,2720.3905
2015-11-20,2476.002,2970.749,2723.3755
2015-11-21,2332.147,2531.515,2431.831
2015-11-22,2289.177,2434.082,2361.6295
2015-11-23,2325.76,2969.047,2647.4035000000003
2015-11-24,2471.672,2976.695,2724.1835
2015-11-25,2476.21,3012.9089999999997,2744.5595
2015-11-26,2134.317,2284.1929999999998,2209.255
2015-11-27,2067.221,2310.722,2188.9715
2015-11-28,2362.967,2571.327,2467.147
2015-11-29,2292.438,2447.168,2369.803
2015-11-30,2342.283,2963.919,2653.1009999999997
2015-12-01,2454.323,2898.3900000000003,2676.3565
2015-12-02,2447.564,2901.9970000000003,2674.7805
2015-12-03,2445.7219999999998,2899.8480000000004,2672.785
2015-12-04,2461.103,2894.785,2677.944
2015-12-05,2292.765,2447.352,2370.0585
2015-12-06,2197.7760000000003,2357.887,2277.8315000000002
2015-12-07,2299.295,2886.98,2593.1375
2015-12-08,2435.769,2920.081,2677.925
2015-12-09,2429.046,2920.655,2674.8505
2015-12-10,2433.078,2931.0260000000007,2682.0520000000006
2015-12-11,2430.228,2920.276,2675.252
2015-12-12,2318.443,2501.457,2409.95
2015-12-13,2169.582,2374.938,2272.26
2015-12-14,2290.3849999999998,2901.858,2596.1215
2015-12-15,2427.2400000000002,2926.089,2676.6645
2015-12-16,2417.725,2900.7830000000004,2659.254
2015-12-17,2453.512,2897.355,2675.4335
2015-12-18,2486.956,2920.3979999999997,2703.6769999999997
2015-12-19,2291.0539999999996,2450.029,2370.5415
2015-12-20,2197.8700000000003,2374.3419999999996,2286.1059999999998
2015-12-21,2278.705,2675.1419999999994,2476.9235
2015-12-22,2394.259,2690.6700000000005,2542.4645
2015-12-23,2400.2509999999997,2737.2120000000004,2568.7315
2015-12-24,2400.496,2700.2580000000003,2550.3770000000004
2015-12-25,1958.9030000000002,2105.457,2032.18
2015-12-26,2297.912,2507.8390000000004,2402.8755
2015-12-27,2187.667,2378.074,2282.8705
2015-12-28,2165.1310000000003,2519.2549999999997,2342.193
2015-12-29,2311.717,2534.4260000000004,2423.0715
2015-12-30,2299.143,2530.357,2414.75
2015-12-31,2294.707,2527.279,2410.993
2016-01-01,2049.5420000000004,2237.232,2143.387
2016-01-02,2281.088,2445.267,2363.1775
2016-01-03,2189.487,2339.3720000000003,2264.4295
2016-01-04,2327.806,2896.483,2612.1445000000003
2016-01-05,2472.242,2916.208,2694.2250000000004
2016-01-06,2450.947,2902.804,2676.8755
2016-01-07,2441.904,2910.353,2676.1285
2016-01-08,2452.095,2892.659,2672.377
2016-01-09,2295.028,2454.154,2374.591
2016-01-10,2224.13,2366.4629999999997,2295.2965
2016-01-11,2344.771,2905.634,2625.2025000000003
2016-01-12,2465.789,2903.1820000000002,2684.4855000000002
2016-01-13,2441.978,2898.3920000000003,2670.1850000000004
2016-01-14,2435.485,2904.158,2669.8215
2016-01-15,2445.065,2900.792,2672.9285
2016-01-16,2290.881,2441.522,2366.2015
2016-01-17,2208.8030000000003,2344.147,2276.4750000000004
2016-01-18,2348.828,2839.3689999999997,2594.0985
2016-01-19,2454.663,2892.866,2673.7645
2016-01-20,2458.5499999999997,2904.548,2681.549
2016-01-21,2440.525,2902.1269999999995,2671.326
2016-01-22,2486.109,2926.2090000000003,2706.159
2016-01-23,2295.0409999999997,2466.4320000000002,2380.7365
2016-01-24,2176.915,2323.4210000000003,2250.168
2016-01-25,2298.648,2906.535,2602.5915
2016-01-26,2432.435,2895.307,2663.871
2016-01-27,2456.123,2896.39,2676.2565
2016-01-28,2449.308,2890.08,2669.694
2016-01-29,2457.59,2899.791,2678.6905
2016-01-30,2245.678,2425.6209999999996,2335.6494999999995
2016-01-31,2150.203,2332.257,2241.23
2016-02-01,2309.206,2905.176,2607.191
2016-02-02,2436.058,2935.7390000000005,2685.8985000000002
2016-02-03,2462.2799999999997,2919.5979999999995,2690.9389999999994
2016-02-04,2480.653,2921.8860000000004,2701.2695000000003
2016-02-05,2486.8849999999998,2921.035,2703.96
2016-02-06,2324.498,2494.246,2409.3720000000003
2016-02-07,2243.491,2376.754,2310.1225
2016-02-08,2318.045,2896.982,2607.5135
2016-02-09,2459.67,2907.195,2683.4325
2016-02-10,2460.375,2909.013,2684.694
2016-02-11,2414.8769999999995,2939.42,2677.1485
2016-02-12,2465.3889999999997,2905.779,2685.584
2016-02-13,2297.475,2465.396,2381.4355
2016-02-14,2201.335,2378.9,2290.1175000000003
2016-02-15,2202.156,2861.263,2531.7095
2016-02-16,2440.901,2926.4429999999998,2683.6719999999996
2016-02-17,2443.8959999999997,2911.97,2677.933
2016-02-18,2428.41,2947.487,2687.9485
2016-02-19,2470.115,2966.217,2718.166
2016-02-20,2332.5040000000004,2524.35,2428.427
2016-02-21,2224.143,2395.337,2309.74
2016-02-22,2294.58,2896.629,2595.6045
2016-02-23,2427.201,2901.003,2664.102
2016-02-24,2447.188,2890.2709999999997,2668.7295
2016-02-25,2446.359,2898.134,2672.2465
2016-02-26,2474.8430000000003,2894.7940000000003,2684.8185000000003
2016-02-27,2296.2690000000002,2462.052,2379.1605
2016-02-28,2190.586,2382.4230000000002,2286.5045
2016-02-29,2293.606,2924.8230000000003,2609.2145
2016-03-01,2454.3570000000004,2959.742,2707.0495
2016-03-02,2441.697,2937.932,2689.8145
2016-03-03,2447.163,2973.1829999999995,2710.173
2016-03-04,2459.096,2931.052,2695.074
2016-03-05,2263.844,2484.4410000000003,2374.1425
2016-03-06,2193.459,2366.026,2279.7425
2016-03-07,2307.636,2977.016,2642.326
2016-03-08,2456.161,2954.073,2705.117
2016-03-09,2428.522,2936.192,2682.357
2016-03-10,2441.1620000000003,2913.004,2677.083
2016-03-11,2456.5550000000003,2929.599,2693.077
2016-03-12,2259.979,2480.8469999999998,2370.4129999999996
2016-03-13,2258.1789999999996,2449.534,2353.8565
2016-03-14,2345.5139999999997,3114.388,2729.951
2016-03-15,2512.723,3103.6520000000005,2808.1875
2016-03-16,2493.609,3060.767,2777.188
2016-03-17,2505.759,3028.646,2767.2025000000003
2016-03-18,2509.6729999999993,3013.7770000000005,2761.725
2016-03-19,2330.901,2522.815,2426.858
2016-03-20,2265.777,2400.3959999999997,2333.0865
2016-03-21,2352.288,2992.0580000000004,2672.1730000000002
2016-03-22,2476.441,3021.487,2748.964
2016-03-23,2484.555,3083.785,2784.17
2016-03-24,2483.9350000000004,2989.2290000000003,2736.5820000000003
2016-03-25,2517.625,2987.1369999999997,2752.381
2016-03-26,2332.26,2540.3120000000004,2436.286
2016-03-27,2245.254,2400.929,2323.0915
2016-03-28,2340.651,2999.417,2670.0339999999997
2016-03-29,2484.5420000000004,3021.714,2753.128
2016-03-30,2490.925,3076.178,2783.5515
2016-03-31,2502.268,3052.927,2777.5975
2016-04-01,2553.846,3037.7610000000004,2795.8035
2016-04-02,2368.741,2574.564,2471.6525
2016-04-03,2268.5209999999997,2465.262,2366.8914999999997
2016-04-04,2373.1299999999997,3128.538,2750.834
2016-04-05,2540.681,3151.116,2845.8985000000002
2016-04-06,2546.6010000000006,3115.192,2830.8965000000003
2016-04-07,2530.6110000000003,3141.432,2836.0215
2016-04-08,2561.2219999999998,3080.6629999999996,2820.9424999999997
2016-04-09,2376.415,2582.2419999999997,2479.3284999999996
2016-04-10,2309.1099999999997,2498.444,2403.777
2016-04-11,2387.738,3190.924,2789.331
2016-04-12,2541.335,3070.352,2805.8435
2016-04-13,2521.284,3048.713,2784.9985
2016-04-14,2528.839,3057.0919999999996,2792.9655
2016-04-15,2549.808,3070.5789999999997,2810.1935
2016-04-16,2401.9110000000005,2633.485,2517.6980000000003
2016-04-17,2305.7319999999995,2467.7439999999997,2386.7379999999994
2016-04-18,2394.578,3090.968,2742.773
2016-04-19,2544.7889999999998,3105.0139999999997,2824.9015
2016-04-20,2540.124,3077.473,2808.7985
2016-04-21,2538.113,3103.6310000000003,2820.8720000000003
2016-04-22,2557.7740000000003,3115.6619999999994,2836.718
2016-04-23,2398.776,2632.348,2515.562
2016-04-24,2305.641,2504.0139999999997,2404.8275
2016-04-25,2412.653,3192.3050000000003,2802.4790000000003
2016-04-26,2589.695,3184.2419999999997,2886.9685
2016-04-27,2560.1139999999996,3150.1349999999998,2855.1245
2016-04-28,2546.1360000000004,3164.778,2855.4570000000003
2016-04-29,2603.3300000000004,3174.226,2888.7780000000002
2016-04-30,2387.292,2614.835,2501.0635
2016-05-01,2358.129,2544.998,2451.5635
2016-05-02,2431.043,3132.4619999999995,2781.7524999999996
2016-05-03,2582.854,3147.117,2864.9855
2016-05-04,2596.483,3197.0780000000004,2896.7805000000003
2016-05-05,2601.974,3216.4500000000007,2909.2120000000004
2016-05-06,2621.566,3216.5320000000006,2919.049
2016-05-07,2479.189,2729.145,2604.167
2016-05-08,2390.7169999999996,2561.057,2475.8869999999997
2016-05-09,2471.4700000000003,3271.744,2871.607
2016-05-10,2651.0640000000003,3317.4690000000005,2984.2665000000006
2016-05-11,2653.944,3287.741,2970.8424999999997
2016-05-12,2650.946,3244.735,2947.8405000000002
2016-05-13,2657.57,3239.673,2948.6215
2016-05-14,2453.634,2698.742,2576.188
2016-05-15,2354.582,2539.3610000000003,2446.9715
2016-05-16,2451.751,3204.8329999999996,2828.292
2016-05-17,2611.8409999999994,3203.521,2907.6809999999996
2016-05-18,2595.6560000000004,3113.244,2854.4500000000003
2016-05-19,2593.819,3124.167,2858.993
2016-05-20,2623.175,3174.7129999999997,2898.944
2016-05-21,2475.822,2726.607,2601.2145
2016-05-22,2403.623,2622.304,2512.9635
2016-05-23,2500.185,3253.3880000000004,2876.7865
2016-05-24,2667.604,3280.5669999999996,2974.0854999999997
2016-05-25,2684.5999999999995,3294.125,2989.3624999999997
2016-05-26,2682.1820000000002,3243.0319999999997,2962.607
2016-05-27,2660.741,3206.134,2933.4375
2016-05-28,2497.064,2737.1170000000006,2617.0905000000002
2016-05-29,2401.313,2638.152,2519.7325
2016-05-30,2379.126,2672.202,2525.664
2016-05-31,2649.9,3259.249,2954.5744999999997
2016-06-01,2691.7400000000002,3178.895,2935.3175
2016-06-02,2695.744,3166.233,2930.9885000000004
2016-06-03,2694.507,3199.553,2947.0299999999997
2016-06-04,2616.0229999999997,2857.092,2736.5575
2016-06-05,2512.4910000000004,2751.8929999999996,2632.192
2016-06-06,2570.817,3227.309,2899.063
2016-06-07,2703.102,3246.0629999999996,2974.5824999999995
2016-06-08,2713.475,3261.0029999999997,2987.2389999999996
2016-06-09,2730.537,3266.1830000000004,2998.36
2016-06-10,2755.7099999999996,3287.139,3021.4245
2016-06-11,2673.9069999999997,2930.91,2802.4084999999995
2016-06-12,2569.719,2800.8179999999998,2685.2685
2016-06-13,2606.701,3262.199,2934.45
2016-06-14,2746.92,3280.0579999999995,3013.4889999999996
2016-06-15,2760.148,3308.934,3034.541
2016-06-16,2770.169,3318.727,3044.448
2016-06-17,2786.5310000000004,3311.6220000000003,3049.0765
2016-06-18,2694.5049999999997,2964.516,2829.5105
2016-06-19,2578.504,2818.723,2698.6135
2016-06-20,2635.581,3295.488,2965.5344999999998
2016-06-21,2768.485,3320.161,3044.3230000000003
2016-06-22,2775.4300000000003,3324.176,3049.803
2016-06-23,2780.076,3313.596,3046.8360000000002
2016-06-24,2790.5319999999997,3310.556,3050.544
2016-06-25,2693.943,2954.16,2824.0515
2016-06-26,2587.031,2828.5430000000006,2707.7870000000003
2016-06-27,2641.562,3318.9370000000004,2980.2495
2016-06-28,2769.648,3323.7200000000003,3046.684
2016-06-29,2758.044,3289.9930000000004,3024.0185
2016-06-30,2758.7709999999997,3300.1150000000002,3029.443
2016-07-01,2755.9199999999996,3297.886,3026.903
2016-07-02,2633.647,2899.133,2766.39
2016-07-03,2539.576,2776.754,2658.165
2016-07-04,2479.489,2831.245,2655.367
2016-07-05,2754.8610000000003,3274.412,3014.6365
2016-07-06,2753.433,3299.846,3026.6395
2016-07-07,2761.0559999999996,3298.4100000000003,3029.733
2016-07-08,2782.7869999999994,3297.95,3040.3684999999996
2016-07-09,2603.88,2905.5350000000003,2754.7075000000004
2016-07-10,2507.5620000000004,2755.4,2631.481
2016-07-11,2621.502,3295.777,2958.6395
2016-07-12,2758.2990000000004,3290.21,3024.2545
2016-07-13,2762.4490000000005,3312.766,3037.6075
2016-07-14,2766.812,3309.9100000000003,3038.361
2016-07-15,2789.944,3288.121,3039.0325000000003
2016-07-16,2634.295,2892.7110000000002,2763.503
2016-07-17,2532.525,2774.444,2653.4845
2016-07-18,2632.8430000000003,3305.955,2969.3990000000003
2016-07-19,2763.424,3314.133,3038.7785
2016-07-20,2765.525,3318.833,3042.179
2016-07-21,2767.053,3320.011,3043.532
2016-07-22,2787.002,3325.0499999999997,3056.026
2016-07-23,2659.293,2919.0579999999995,2789.1755
2016-07-24,2555.103,2801.572,2678.3375
2016-07-25,2640.8769999999995,3363.248,3002.0625
2016-07-26,2761.241,3304.6290000000004,3032.9350000000004
2016-07-27,2758.121,3314.734,3036.4275
2016-07-28,2750.606,3313.3239999999996,3031.965
2016-07-29,2773.0270000000005,3274.942,3023.9845000000005
2016-07-30,2640.953,2907.192,2774.0725
2016-07-31,2547.184,2795.551,2671.3675000000003
2016-08-01,2716.082,3417.373,3066.7275
2016-08-02,2844.4640000000004,3410.1589999999997,3127.3115
2016-08-03,2850.9020000000005,3420.697,3135.7995
2016-08-04,2856.6869999999994,3422.425,3139.5559999999996
2016-08-05,2877.815,3416.5570000000002,3147.186
2016-08-06,2795.022,3068.0499999999997,2931.536
2016-08-07,2690.169,2953.196,2821.6825
2016-08-08,2731.3269999999998,3437.947,3084.6369999999997
2016-08-09,2873.6929999999998,3414.9489999999996,3144.321
2016-08-10,2867.866,3439.479,3153.6724999999997
2016-08-11,2868.594,3445.0660000000003,3156.83
2016-08-12,2884.1299999999997,3465.5660000000003,3174.848
2016-08-13,2767.464,3018.8750000000005,2893.1695
2016-08-14,2661.8210000000004,2885.977,2773.8990000000003
2016-08-15,2683.9090000000006,3291.882,2987.8955000000005
2016-08-16,2789.751,3276.1769999999997,3032.964
2016-08-17,2792.448,3287.045,3039.7465
2016-08-18,2789.062,3314.152,3051.607
2016-08-19,2809.5989999999997,3322.956,3066.2775
2016-08-20,2722.5879999999997,2947.157,2834.8725
2016-08-21,2618.435,2831.255,2724.8450000000003
2016-08-22,2657.9979999999996,3320.8140000000003,2989.406
2016-08-23,2818.891,3373.4620000000004,3096.1765000000005
2016-08-24,2828.0699999999997,3378.611,3103.3405
2016-08-25,2833.9539999999997,3381.2090000000003,3107.5815000000002
2016-08-26,2846.185,3353.7,3099.9425
2016-08-27,2747.9240000000004,2997.9320000000002,2872.9280000000003
2016-08-28,2641.665,2876.782,2759.2235
2016-08-29,2674.9380000000006,3348.567,3011.7525000000005
2016-08-30,2813.2259999999997,3372.636,3092.9309999999996
2016-08-31,2828.732,3378.9950000000003,3103.8635000000004
2016-09-01,2764.477,3289.0510000000004,3026.764
2016-09-02,2771.4880000000003,3245.6409999999996,3008.5645
2016-09-03,2647.756,2885.588,2766.672
2016-09-04,2540.677,2788.9700000000003,2664.8235000000004
2016-09-05,2469.016,2747.351,2608.1835
2016-09-06,2780.7879999999996,3311.6,3046.1939999999995
2016-09-07,2794.2039999999993,3329.621,3061.9124999999995
2016-09-08,2798.74,3336.99,3067.865
2016-09-09,2816.107,3334.578,3075.3424999999997
2016-09-10,2644.7649999999994,2880.503,2762.634
2016-09-11,2521.045,2757.0610000000006,2639.0530000000003
2016-09-12,2595.8399999999997,3269.661,2932.7505
2016-09-13,2756.695,3291.3540000000003,3024.0245000000004
2016-09-14,2773.546,3297.642,3035.594
2016-09-15,2770.8030000000003,3308.6110000000003,3039.7070000000003
2016-09-16,2791.0179999999996,3301.262,3046.14
2016-09-17,2686.9289999999996,2943.459,2815.1939999999995
2016-09-18,2583.7490000000003,2843.182,2713.4655000000002
2016-09-19,2665.841,3367.874,3016.8575
2016-09-20,2808.269,3354.6620000000003,3081.4655000000002
2016-09-21,2797.9719999999998,3323.221,3060.5964999999997
2016-09-22,2775.475,3309.479,3042.477
2016-09-23,2806.128,3308.287,3057.2075
2016-09-24,2687.798,2911.882,2799.84
2016-09-25,2572.91,2721.7030000000004,2647.3065
2016-09-26,2584.417,3164.0640000000003,2874.2405
2016-09-27,2700.1130000000003,3172.0480000000002,2936.0805
2016-09-28,2682.291,3210.1429999999996,2946.2169999999996
2016-09-29,2695.7490000000003,3171.1899999999996,2933.4695
2016-09-30,2699.8450000000007,3156.88,2928.3625
2016-10-01,2488.481,2716.315,2602.398
2016-10-02,2381.216,2627.566,2504.3909999999996
2016-10-03,2404.549,3179.828,2792.1885
2016-10-04,2590.094,3208.109,2899.1014999999998
2016-10-05,2620.6649999999995,3259.356,2940.0105
2016-10-06,2639.1839999999997,3250.7509999999997,2944.9674999999997
2016-10-07,2596.9790000000003,3089.29,2843.1345
2016-10-08,2473.404,2691.711,2582.5575
2016-10-09,2376.201,2567.583,2471.892
2016-10-10,2384.166,3114.9889999999996,2749.5775
2016-10-11,2528.271,3155.8430000000003,2842.0570000000002
2016-10-12,2581.588,3204.2209999999995,2892.9044999999996
2016-10-13,2555.7789999999995,3102.07,2828.9245
2016-10-14,2580.693,3102.268,2841.4805
2016-10-15,2535.5499999999997,2768.203,2651.8765
2016-10-16,2462.25,2696.8619999999996,2579.5559999999996
2016-10-17,2475.596,3259.439,2867.5175
2016-10-18,2635.959,3252.637,2944.298
2016-10-19,2635.0290000000005,3241.811,2938.42
2016-10-20,2608.7729999999997,3157.573,2883.173
2016-10-21,2561.772,3072.985,2817.3785
2016-10-22,2465.628,2684.8219999999997,2575.225
2016-10-23,2387.8740000000003,2592.551,2490.2125
2016-10-24,2400.067,3174.028,2787.0474999999997
2016-10-25,2567.003,3162.971,2864.987
2016-10-26,2576.257,3186.897,2881.577
2016-10-27,2581.2659999999996,3202.4269999999997,2891.8464999999997
2016-10-28,2603.368,3183.5890000000004,2893.4785
2016-10-29,2519.732,2772.965,2646.3485
2016-10-30,2425.771,2677.7400000000002,2551.7555
2016-10-31,2425.234,3208.794,2817.014
2016-11-01,2578.255,3189.5589999999997,2883.907
2016-11-02,2595.969,3188.818,2892.3935
2016-11-03,2557.389,3105.866,2831.6275
2016-11-04,2574.126,3092.056,2833.0910000000003
2016-11-05,2409.906,2645.4130000000005,2527.6595
2016-11-06,2261.783,2434.855,2348.319
2016-11-07,2327.096,2997.453,2662.2745
2016-11-08,2473.626,2975.09,2724.358
2016-11-09,2468.4399999999996,2966.569,2717.5045
2016-11-10,2455.781,2973.8129999999996,2714.7969999999996
2016-11-11,2479.173,2989.592,2734.3824999999997
2016-11-12,2325.946,2539.557,2432.7515
2016-11-13,2242.5,2426.7690000000002,2334.6345
2016-11-14,2312.447,3026.865,2669.656
2016-11-15,2458.6,3039.3900000000003,2748.995
2016-11-16,2467.262,3064.813,2766.0375000000004
2016-11-17,2480.89,3053.9350000000004,2767.4125000000004
2016-11-18,2499.558,2969.694,2734.626
2016-11-19,2334.225,2529.435,2431.83
2016-11-20,2271.5789999999997,2416.835,2344.207
2016-11-21,2321.928,2991.232,2656.58
2016-11-22,2477.0089999999996,3010.191,2743.5999999999995
2016-11-23,2459.0249999999996,2979.7120000000004,2719.3685
2016-11-24,2104.8230000000003,2255.13,2179.9765
2016-11-25,2087.232,2304.3430000000003,2195.7875000000004
2016-11-26,2330.1730000000002,2539.2239999999997,2434.6985
2016-11-27,2248.553,2433.319,2340.9359999999997
2016-11-28,2331.601,3020.6980000000003,2676.1495000000004
2016-11-29,2466.448,2993.34,2729.8940000000002
2016-11-30,2459.065,2963.9450000000006,2711.505
2016-12-01,2429.665,2899.985,2664.825
2016-12-02,2452.35,2896.1230000000005,2674.2365
2016-12-03,2287.598,2448.88,2368.239
2016-12-04,2186.78,2362.297,2274.5385
2016-12-05,2300.994,2880.283,2590.6385
2016-12-06,2433.6690000000003,2897.8969999999995,2665.783
2016-12-07,2446.974,2898.047,2672.5105000000003
2016-12-08,2475.426,2928.0200000000004,2701.723
2016-12-09,2518.898,2946.798,2732.848
2016-12-10,2310.437,2479.708,2395.0725
2016-12-11,2212.268,2372.7780000000002,2292.523
2016-12-12,2306.7639999999997,2884.8679999999995,2595.816
2016-12-13,2436.3210000000004,2900.094,2668.2075000000004
2016-12-14,2460.003,2906.079,2683.041
2016-12-15,2465.8579999999997,2909.9380000000006,2687.898
2016-12-16,2471.792,2904.622,2688.207
2016-12-17,2315.712,2439.7960000000003,2377.754
2016-12-18,2286.943,2421.719,2354.331
2016-12-19,2377.411,2760.6849999999995,2569.048
2016-12-20,2421.727,2737.412,2579.5694999999996
2016-12-21,2397.598,2691.8309999999997,2544.7145
2016-12-22,2404.483,2682.1919999999996,2543.3374999999996
2016-12-23,2342.809,2703.3340000000003,2523.0715
2016-12-24,2290.86,2468.868,2379.864
2016-12-25,2200.06,2426.537,2313.2985
2016-12-26,1964.196,2116.275,2040.2355
2016-12-27,2253.143,2533.0,2393.0715
2016-12-28,2268.107,2587.415,2427.761
2016-12-29,2246.73,2524.3140000000003,2385.522
2016-12-30,2242.624,2512.1929999999998,2377.4084999999995
2016-12-31,2293.21,2451.4539999999997,2372.332
2017-01-01,2172.48,2335.101,2253.7905
2017-01-02,1943.35,2234.13,2088.74
2017-01-03,2415.21,2906.063,2660.6365
2017-01-04,2469.541,2925.1240000000003,2697.3325000000004
2017-01-05,2484.565,2936.736,2710.6504999999997
2017-01-06,2542.355,2984.059,2763.2070000000003
2017-01-07,2345.746,2527.429,2436.5875
2017-01-08,2254.5190000000002,2362.6200000000003,2308.5695000000005
2017-01-09,2319.753,2885.757,2602.755
2017-01-10,2426.058,2949.306,2687.682
2017-01-11,2434.0939999999996,2971.739,2702.9165
2017-01-12,2443.475,2957.181,2700.328
2017-01-13,2442.145,2901.477,2671.8109999999997
2017-01-14,2287.244,2452.452,2369.848
2017-01-15,2172.876,2327.9790000000003,2250.4275000000002
2017-01-16,2311.674,2847.3179999999998,2579.496
2017-01-17,2425.376,2894.331,2659.8535
2017-01-18,2429.2200000000003,2888.0499999999997,2658.635
2017-01-19,2434.6910000000003,2909.546,2672.1185
2017-01-20,2449.277,2917.98,2683.6285
2017-01-21,2259.6240000000003,2417.2619999999997,2338.443
2017-01-22,2159.069,2334.9999999999995,2247.0344999999998
2017-01-23,2291.551,2879.66,2585.6054999999997
2017-01-24,2409.263,2947.196,2678.2295
2017-01-25,2407.933,2891.496,2649.7145
2017-01-26,2448.647,2900.3310000000006,2674.4890000000005
2017-01-27,2474.544,2908.6859999999997,2691.615
2017-01-28,2264.11,2432.2630000000004,2348.1865000000003
2017-01-29,2173.865,2320.3469999999998,2247.1059999999998
2017-01-30,2296.8689999999997,2896.063,2596.466
2017-01-31,2397.476,2929.1220000000003,2663.299
2017-02-01,2433.866,2961.539,2697.7025000000003
2017-02-02,2441.458,2917.81,2679.634
2017-02-03,2478.345,2923.7490000000003,2701.047
2017-02-04,2308.349,2482.711,2395.5299999999997
2017-02-05,2188.746,2397.17,2292.958
2017-02-06,2290.01,2984.7830000000004,2637.3965000000003
2017-02-07,2459.278,3002.909,2731.0935
2017-02-08,2427.503,2933.8030000000003,2680.6530000000002
2017-02-09,2450.6040000000003,2901.862,2676.233
2017-02-10,2439.915,2921.994,2680.9545
2017-02-11,2315.605,2550.0460000000003,2432.8255
2017-02-12,2228.2580000000003,2414.378,2321.318
2017-02-13,2308.591,2906.6510000000003,2607.621
2017-02-14,2437.4249999999997,2905.7149999999997,2671.5699999999997
2017-02-15,2448.8669999999997,2901.664,2675.2655
2017-02-16,2450.496,2902.126,2676.311
2017-02-17,2470.652,2911.2990000000004,2690.9755000000005
2017-02-18,2316.174,2497.821,2406.9975
2017-02-19,2223.534,2426.101,2324.8175
2017-02-20,2197.0840000000003,2847.173,2522.1285
2017-02-21,2426.235,2941.177,2683.706
2017-02-22,2418.822,2970.598,2694.71
2017-02-23,2415.347,3023.794,2719.5705
2017-02-24,2441.892,2903.582,2672.737
2017-02-25,2307.678,2467.9049999999997,2387.7915
2017-02-26,2212.441,2365.116,2288.7785
2017-02-27,2304.087,2939.0370000000003,2621.562
2017-02-28,2448.022,3006.6070000000004,2727.3145000000004
2017-03-01,2445.6659999999997,2949.108,2697.3869999999997
2017-03-02,2439.783,2916.699,2678.241
2017-03-03,2470.0150000000003,2926.724,2698.3695000000002
2017-03-04,2272.301,2473.07,2372.6855
2017-03-05,2195.4249999999997,2356.522,2275.9735
2017-03-06,2281.677,3027.71,2654.6935000000003
2017-03-07,2447.237,2957.0840000000003,2702.1605
2017-03-08,2426.7200000000003,2960.77,2693.745
2017-03-09,2455.523,3001.7639999999997,2728.6435
2017-03-10,2473.081,2964.5619999999994,2718.8215
2017-03-11,2252.2599999999998,2497.223,2374.7415
2017-03-12,2253.7369999999996,2404.861,2329.299
2017-03-13,2355.306,3005.976,2680.641
2017-03-14,2509.4200000000005,2985.919,2747.6695
2017-03-15,2506.337,3001.41,2753.8734999999997
2017-03-16,2493.738,3020.4730000000004,2757.1055
2017-03-17,2525.343,3082.214,2803.7785
2017-03-18,2387.3520000000003,2612.854,2500.103
2017-03-19,2285.8130000000006,2517.7470000000003,2401.7800000000007
2017-03-20,2381.23,3166.4000000000005,2773.8150000000005
2017-03-21,2530.463,3142.091,2836.277
2017-03-22,2534.137,3128.3869999999997,2831.2619999999997
2017-03-23,2531.501,3135.5,2833.5005
2017-03-24,2539.9819999999995,3068.0159999999996,2803.999
2017-03-25,2340.797,2548.8779999999997,2444.8374999999996
2017-03-26,2254.785,2470.147,2362.466
2017-03-27,2350.887,3053.245,2702.066
2017-03-28,2504.156,3091.3320000000003,2797.744
2017-03-29,2504.02,3072.9129999999996,2788.4664999999995
2017-03-30,2485.4849999999997,3044.026,2764.7554999999998
2017-03-31,2517.071,3086.135,2801.603
2017-04-01,2406.844,2633.37,2520.107
2017-04-02,2299.926,2459.377,2379.6515
2017-04-03,2373.709,3106.0470000000005,2739.878
2017-04-04,2530.9470000000006,3154.703,2842.8250000000003
2017-04-05,2530.216,3053.8630000000003,2792.0395
2017-04-06,2516.817,3076.8360000000002,2796.8265
2017-04-07,2551.869,3089.862,2820.8655
2017-04-08,2404.054,2634.618,2519.3360000000002
2017-04-09,2331.34,2541.009,2436.1745
2017-04-10,2419.339,3165.4719999999998,2792.4055
2017-04-11,2549.825,3102.7360000000003,2826.2805
2017-04-12,2548.235,3102.324,2825.2795
2017-04-13,2546.29,3131.336,2838.813
2017-04-14,2579.9939999999997,3136.831,2858.4125
2017-04-15,2421.996,2660.7820000000006,2541.389
2017-04-16,2337.065,2527.739,2432.402
2017-04-17,2407.219,3136.8570000000004,2772.0380000000005
2017-04-18,2544.386,3118.7520000000004,2831.5690000000004
2017-04-19,2555.006,3150.97,2852.988
2017-04-20,2573.133,3174.4230000000002,2873.7780000000002
2017-04-21,2605.42,3170.7170000000006,2888.0685000000003
2017-04-22,2361.27,2569.2039999999997,2465.237
2017-04-23,2265.299,2450.185,2357.742
2017-04-24,2363.4539999999997,3096.524,2729.9889999999996
2017-04-25,2527.3340000000003,3167.579,2847.4565000000002
2017-04-26,2549.588,3068.9059999999995,2809.247
2017-04-27,2513.148,3082.331,2797.7395
2017-04-28,2564.239,3168.735,2866.487
2017-04-29,2370.052,2700.144,2535.098
2017-04-30,2271.807,2428.716,2350.2614999999996
2017-05-01,2424.448,3198.031,2811.2394999999997
2017-05-02,2590.476,3256.9820000000004,2923.7290000000003
2017-05-03,2629.614,3233.559,2931.5865000000003
2017-05-04,2597.87,3164.267,2881.0685
2017-05-05,2615.4410000000003,3173.4509999999996,2894.446
2017-05-06,2441.881,2715.8790000000004,2578.88
2017-05-07,2359.319,2631.9849999999997,2495.652
2017-05-08,2471.212,3260.2900000000004,2865.751
2017-05-09,2637.0550000000007,3234.7999999999993,2935.9275
2017-05-10,2651.656,3236.22,2943.938
2017-05-11,2648.396,3266.707,2957.5515
2017-05-12,2654.4670000000006,3214.084,2934.2755
2017-05-13,2471.19,2715.8700000000003,2593.53
2017-05-14,2369.646,2649.965,2509.8055000000004
2017-05-15,2492.275,3307.358,2899.8165
2017-05-16,2667.6259999999997,3259.713,2963.6695
2017-05-17,2656.331,3295.0220000000004,2975.6765000000005
2017-05-18,2685.9829999999997,3332.5069999999996,3009.245
2017-05-19,2714.3059999999996,3287.707,3001.0064999999995
2017-05-20,2474.705,2726.604,2600.6544999999996
2017-05-21,2386.373,2571.9339999999997,2479.1535
2017-05-22,2450.802,3192.187,2821.4945
2017-05-23,2604.437,3171.341,2887.889
2017-05-24,2591.6789999999996,3192.265,2891.9719999999998
2017-05-25,2601.206,3283.881,2942.5434999999998
2017-05-26,2695.8120000000004,3337.19,3016.501
2017-05-27,2569.84,2828.206,2699.023
2017-05-28,2452.72,2602.87,2527.795
2017-05-29,2382.7799999999997,2692.217,2537.4984999999997
2017-05-30,2640.462,3285.803,2963.1324999999997
2017-05-31,2651.987,3303.6899999999996,2977.8385
2017-06-01,2721.3119999999994,3218.897,2970.1044999999995
2017-06-02,2723.728,3225.048,2974.388
2017-06-03,2609.329,2828.501,2718.915
2017-06-04,2504.849,2726.44,2615.6445000000003
2017-06-05,2563.27,3196.8779999999997,2880.0739999999996
2017-06-06,2703.938,3256.305,2980.1215
2017-06-07,2716.9889999999996,3242.7670000000003,2979.8779999999997
2017-06-08,2718.383,3234.5460000000003,2976.4645
2017-06-09,2723.476,3204.907,2964.1915
2017-06-10,2633.7720000000004,2892.45,2763.111
2017-06-11,2543.21,2774.5979999999995,2658.9039999999995
2017-06-12,2615.1189999999997,3284.412,2949.7654999999995
2017-06-13,2757.5299999999997,3297.13,3027.33
2017-06-14,2768.4150000000004,3305.025,3036.7200000000003
2017-06-15,2768.3070000000002,3310.7870000000003,3039.5470000000005
2017-06-16,2788.069,3328.794,3058.4314999999997
2017-06-17,2698.946,2959.091,2829.0185
2017-06-18,2594.6440000000002,2826.0480000000002,2710.3460000000005
2017-06-19,2624.268,3263.143,2943.7055
2017-06-20,2751.531,3280.681,3016.1059999999998
2017-06-21,2737.9970000000003,3284.578,3011.2875000000004
2017-06-22,2743.3070000000002,3253.8520000000003,2998.5795000000003
2017-06-23,2769.1270000000004,3327.881,3048.504
2017-06-24,2631.172,2871.181,2751.1765
2017-06-25,2540.366,2746.886,2643.626
2017-06-26,2588.9420000000005,3232.939,2910.9405
2017-06-27,2725.0850000000005,3275.6620000000003,3000.3735000000006
2017-06-28,2731.751,3250.8849999999998,2991.318
2017-06-29,2746.983,3285.099,3016.041
2017-06-30,2788.2780000000002,3320.999,3054.6385
2017-07-01,2587.869,2810.345,2699.107
2017-07-02,2503.2830000000004,2754.6589999999997,2628.971
2017-07-03,2616.319,3284.927,2950.623
2017-07-04,2549.079,2825.862,2687.4705000000004
2017-07-05,2741.253,3287.699,3014.476
2017-07-06,2725.5719999999997,3263.7210000000005,2994.6465
2017-07-07,2753.1800000000003,3293.3219999999997,3023.251
2017-07-08,2620.025,2904.4770000000003,2762.251
2017-07-09,2507.847,2721.889,2614.8680000000004
2017-07-10,2594.659,3265.7540000000004,2930.2065000000002
2017-07-11,2741.391,3293.265,3017.328
2017-07-12,2754.251,3296.5679999999998,3025.4094999999998
2017-07-13,2756.675,3301.944,3029.3095000000003
2017-07-14,2775.5879999999997,3318.139,3046.8635
2017-07-15,2632.808,2887.72,2760.264
2017-07-16,2519.6490000000003,2759.846,2639.7475000000004
2017-07-17,2617.313,3295.2540000000004,2956.2835000000005
2017-07-18,2754.659,3302.364,3028.5115
2017-07-19,2762.0609999999997,3315.472,3038.7664999999997
2017-07-20,2766.018,3327.0550000000003,3046.5365
2017-07-21,2790.383,3335.632,3063.0074999999997
2017-07-22,2655.836,2928.67,2792.2529999999997
2017-07-23,2550.9939999999997,2799.177,2675.0855
2017-07-24,2626.639,3263.446,2945.0425
2017-07-25,2751.5919999999996,3309.106,3030.349
2017-07-26,2760.436,3319.503,3039.9695
2017-07-27,2769.402,3333.526,3051.464
2017-07-28,2793.2999999999997,3337.1650000000004,3065.2325
2017-07-29,2661.9300000000003,2930.7320000000004,2796.331
2017-07-30,2557.288,2770.899,2664.0935
2017-07-31,2618.837,3284.5139999999997,2951.6755
2017-08-01,2818.236,3354.007,3086.1215
2017-08-02,2800.837,3276.6040000000003,3038.7205000000004
2017-08-03,2789.468,3330.665,3060.0665
2017-08-04,2820.6139999999996,3370.8950000000004,3095.7545
2017-08-05,2761.311,3046.212,2903.7615
2017-08-06,2677.268,2931.641,2804.4545
2017-08-07,2690.8829999999994,3347.661,3019.272
2017-08-08,2813.9710000000005,3324.255,3069.1130000000003
2017-08-09,2801.458,3337.851,3069.6545
2017-08-10,2816.9410000000003,3393.555,3105.248
2017-08-11,2855.817,3398.5429999999997,3127.18
2017-08-12,2756.6440000000002,3066.5860000000002,2911.6150000000002
2017-08-13,2670.393,2879.1189999999997,2774.756
2017-08-14,2694.719,3379.286,3037.0025
2017-08-15,2841.496,3384.507,3113.0015000000003
2017-08-16,2851.9060000000004,3395.5589999999997,3123.7325
2017-08-17,2838.596,3401.98,3120.288
2017-08-18,2845.5640000000003,3349.3289999999997,3097.4465
2017-08-19,2767.901,3059.2319999999995,2913.5665
2017-08-20,2675.6339999999996,2936.1749999999993,2805.9044999999996
2017-08-21,2722.4590000000003,3410.7830000000004,3066.621
2017-08-22,2847.9640000000004,3422.795,3135.3795
2017-08-23,2837.84,3374.9550000000004,3106.3975
2017-08-24,2825.0840000000003,3337.7399999999993,3081.412
2017-08-25,2834.364,3345.757,3090.0605
2017-08-26,2717.377,2961.3129999999996,2839.345
2017-08-27,2626.544,2807.6890000000003,2717.1165
2017-08-28,2651.2599999999998,3315.2469999999994,2983.2535
2017-08-29,2787.0310000000004,3322.77,3054.9005
2017-08-30,2793.569,3322.8650000000002,3058.217
2017-08-31,2792.4429999999998,3331.5230000000006,3061.983
2017-09-01,2745.9230000000002,3254.2419999999997,3000.0825
2017-09-02,2641.7099999999996,2922.5419999999995,2782.1259999999993
2017-09-03,2553.1929999999998,2819.3729999999996,2686.2829999999994
2017-09-04,2463.587,2763.2980000000002,2613.4425
2017-09-05,2759.3579999999997,3299.672,3029.515
2017-09-06,2729.732,3232.521,2981.1265000000003
2017-09-07,2692.3859999999995,3215.403,2953.8944999999994
2017-09-08,2705.513,3201.8199999999997,2953.6665
2017-09-09,2596.543,2851.3590000000004,2723.951
2017-09-10,2492.017,2738.101,2615.059
2017-09-11,2571.203,3226.07,2898.6365
2017-09-12,2694.698,3226.6,2960.649
2017-09-13,2698.8489999999997,3253.518,2976.1835
2017-09-14,2729.8600000000006,3318.899,3024.3795
2017-09-15,2784.4370000000004,3312.9419999999996,3048.6895
2017-09-16,2687.2329999999997,2947.2000000000003,2817.2165
2017-09-17,2581.756,2825.432,2703.594
2017-09-18,2646.0690000000004,3323.7000000000003,2984.8845
2017-09-19,2787.8100000000004,3354.1319999999996,3070.971
2017-09-20,2799.85,3373.552,3086.701
2017-09-21,2813.6290000000004,3359.1650000000004,3086.3970000000004
2017-09-22,2817.8450000000003,3326.569,3072.2070000000003
2017-09-23,2686.545,2943.971,2815.258
2017-09-24,2576.35,2808.6869999999994,2692.5184999999997
2017-09-25,2643.918,3316.325,2980.1215
2017-09-26,2778.4770000000003,3309.216000000001,3043.8465000000006
2017-09-27,2766.8220000000006,3281.4590000000003,3024.1405000000004
2017-09-28,2747.128,3210.198,2978.663
2017-09-29,2724.959,3177.1509999999994,2951.0549999999994
2017-09-30,2610.3920000000003,2856.194,2733.293
2017-10-01,2414.695,2653.14,2533.9175
2017-10-02,2439.2580000000003,3239.397,2839.3275000000003
2017-10-03,2618.329,3227.5040000000004,2922.9165000000003
2017-10-04,2625.37,3223.8210000000004,2924.5955000000004
2017-10-05,2609.1349999999998,3224.385,2916.76
2017-10-06,2635.2230000000004,3217.7789999999995,2926.501
2017-10-07,2520.594,2785.9130000000005,2653.2535000000003
2017-10-08,2409.6949999999997,2678.613,2544.1539999999995
2017-10-09,2447.122,3267.1960000000004,2857.159
2017-10-10,2546.589,3077.2529999999997,2811.921
2017-10-11,2533.2459999999996,3083.6589999999997,2808.4524999999994
2017-10-12,2526.518,3176.538,2851.5280000000002
2017-10-13,2606.41,3230.571,2918.4905
2017-10-14,2567.2180000000003,2826.953,2697.0855
2017-10-15,2409.3720000000003,2589.143,2499.2575
2017-10-16,2381.345,3087.2419999999997,2734.2934999999998
2017-10-17,2526.5200000000004,3083.034,2804.777
2017-10-18,2532.605,3126.9129999999996,2829.759
2017-10-19,2531.6569999999997,3153.78,2842.7185
2017-10-20,2584.587,3159.7540000000004,2872.1705
2017-10-21,2549.224,2797.7639999999997,2673.4939999999997
2017-10-22,2400.953,2578.576,2489.7645
2017-10-23,2382.255,3132.852,2757.5535
2017-10-24,2541.139,3087.046,2814.0924999999997
2017-10-25,2522.69,3100.912,2811.801
2017-10-26,2542.809,3155.349,2849.079
2017-10-27,2549.64,3039.2810000000004,2794.4605
2017-10-28,2468.583,2670.339,2569.4610000000002
2017-10-29,2409.288,2535.982,2472.635
2017-10-30,2371.17,3089.555,2730.3625
2017-10-31,2532.782,3054.405,2793.5935
2017-11-01,2512.561,3079.3270000000007,2795.9440000000004
2017-11-02,2514.771,3204.53,2859.6505
2017-11-03,2556.8129999999996,3068.604,2812.7084999999997
2017-11-04,2448.993,2714.752,2581.8725
2017-11-05,2307.8469999999998,2561.755,2434.801
2017-11-06,2333.272,3039.406,2686.339
2017-11-07,2447.8770000000004,2962.216,2705.0465000000004
2017-11-08,2459.109,2946.683,2702.8959999999997
2017-11-09,2464.621,2949.691,2707.156
2017-11-10,2491.026,2954.6029999999996,2722.8144999999995
2017-11-11,2320.071,2548.8740000000003,2434.4725
2017-11-12,2267.802,2451.642,2359.7219999999998
2017-11-13,2316.4449999999997,2986.596,2651.5204999999996
2017-11-14,2480.998,3038.5960000000005,2759.7970000000005
2017-11-15,2490.051,3035.846,2762.9485
2017-11-16,2484.536,3029.95,2757.243
2017-11-17,2521.1139999999996,3089.5600000000004,2805.337
2017-11-18,2316.27,2586.099,2451.1845000000003
2017-11-19,2249.387,2413.898,2331.6425
2017-11-20,2314.572,2964.981,2639.7765
2017-11-21,2471.643,2979.807,2725.725
2017-11-22,2466.4159999999997,2959.04,2712.728
2017-11-23,2101.736,2260.688,2181.212
2017-11-24,2106.742,2311.185,2208.9635
2017-11-25,2306.083,2547.102,2426.5924999999997
2017-11-26,2263.277,2432.149,2347.7129999999997
2017-11-27,2308.623,3010.6330000000003,2659.628
2017-11-28,2469.011,3025.7690000000002,2747.3900000000003
2017-11-29,2459.897,2976.025,2717.9610000000002
2017-11-30,2465.473,2972.4420000000005,2718.9575000000004
2017-12-01,2450.2110000000002,2912.2279999999996,2681.2195
2017-12-02,2287.58,2470.725,2379.1525
2017-12-03,2195.558,2400.2250000000004,2297.8915
2017-12-04,2307.935,2996.706,2652.3205
2017-12-05,2405.5170000000003,2895.846,2650.6815
2017-12-06,2430.019,2891.2529999999997,2660.6359999999995
2017-12-07,2449.496,2913.173,2681.3345
2017-12-08,2508.053,2931.535,2719.794
2017-12-09,2302.435,2458.91,2380.6724999999997
2017-12-10,2215.372,2350.245,2282.8085
2017-12-11,2309.71,2899.188,2604.449
2017-12-12,2427.6940000000004,2897.533,2662.6135000000004
2017-12-13,2441.176,2903.4530000000004,2672.3145000000004
2017-12-14,2432.3050000000003,2899.7219999999998,2666.0135
2017-12-15,2471.3019999999997,2906.57,2688.9359999999997
2017-12-16,2311.7219999999998,2458.493,2385.1075
2017-12-17,2202.5510000000004,2365.836,2284.1935000000003
2017-12-18,2285.1839999999997,2665.521,2475.3525
2017-12-19,2404.435,2694.628,2549.5315
2017-12-20,2402.75,2683.318,2543.034
2017-12-21,2384.3700000000003,2697.7709999999997,2541.0705
2017-12-22,2367.1270000000004,2704.953,2536.04
2017-12-23,2315.9759999999997,2472.0270000000005,2394.0015000000003
2017-12-24,2224.685,2383.377,2304.031
2017-12-25,1994.693,2102.0769999999998,2048.3849999999998
2017-12-26,2290.66,2535.07,2412.865
2017-12-27,2310.113,2539.995,2425.054
2017-12-28,2309.301,2530.985,2420.143
2017-12-29,2260.167,2526.0389999999998,2393.103
2017-12-30,2326.349,2475.9900000000002,2401.1695
2017-12-31,2258.397,2415.4429999999998,2336.92
2018-01-01,2055.839,2288.08,2171.9595
2018-01-01,2055.839,2288.08,2171.9595
2018-01-02,2536.917,2974.624,2755.7704999999996
2018-01-03,2524.368,2940.2830000000004,2732.3255
2018-01-04,2492.433,2923.564,2707.9984999999997
2018-01-05,2481.473,2907.668,2694.5705
2018-01-06,2256.824,2421.2110000000002,2339.0175
2018-01-07,2168.0429999999997,2345.258,2256.6504999999997
2018-01-08,2293.9999999999995,2881.674,2587.8369999999995
2018-01-09,2444.183,2903.08,2673.6315
2018-01-10,2437.802,2897.8559999999998,2667.8289999999997
2018-01-11,2426.585,2913.872,2670.2285
2018-01-12,2505.469,2941.3979999999997,2723.4335
2018-01-13,2311.285,2471.312,2391.2985
2018-01-14,2220.717,2345.956,2283.3365000000003
2018-01-15,2334.113,2846.192,2590.1525
2018-01-16,2514.649,2963.628,2739.1385
2018-01-17,2544.79,2971.563,2758.1765
2018-01-18,2525.137,2945.3680000000004,2735.2525000000005
2018-01-19,2479.554,2907.7729999999997,2693.6634999999997
2018-01-20,2236.589,2416.643,2326.616
2018-01-21,2167.545,2358.158,2262.8514999999998
2018-01-22,2279.0080000000003,2877.484,2578.246
2018-01-23,2437.635,2898.8709999999996,2668.2529999999997
2018-01-24,2450.826,2896.114,2673.4700000000003
2018-01-25,2431.9469999999997,2899.019,2665.4829999999997
2018-01-26,2450.811,2899.7419999999997,2675.2765
2018-01-27,2260.028,2427.1820000000002,2343.605
2018-01-28,2160.496,2317.361,2238.9285
2018-01-29,2303.322,2877.958,2590.6400000000003
2018-01-30,2444.4249999999997,2887.799,2666.112
2018-01-31,2436.248,2917.2690000000002,2676.7585
2018-02-01,2439.166,2932.051,2685.6085000000003
2018-02-02,2478.8430000000003,2921.55,2700.1965
2018-02-03,2302.664,2476.835,2389.7495
2018-02-04,2223.1479999999997,2377.4539999999997,2300.3009999999995
2018-02-05,2352.088,2921.624,2636.8559999999998
2018-02-06,2482.523,2940.9320000000002,2711.7275
2018-02-07,2504.279,2938.645,2721.462
2018-02-08,2486.151,2917.921,2702.036
2018-02-09,2482.362,2917.9849999999997,2700.1735
2018-02-10,2339.2129999999997,2502.8599999999997,2421.0364999999997
2018-02-11,2282.1229999999996,2409.532,2345.8275
2018-02-12,2365.717,2923.806,2644.7615
2018-02-13,2474.121,2918.662,2696.3914999999997
2018-02-14,2467.614,2929.6250000000005,2698.6195000000002
2018-02-15,2414.0029999999997,2989.375,2701.689
2018-02-16,2437.4700000000003,2918.8140000000003,2678.1420000000003
2018-02-17,2295.423,2460.194,2377.8085
2018-02-18,2209.438,2373.758,2291.598
2018-02-19,2179.287,2911.7569999999996,2545.522
2018-02-20,2454.188,2946.128,2700.1580000000004
2018-02-21,2464.962,2923.189,2694.0755
2018-02-22,2484.893,2928.881,2706.8869999999997
2018-02-23,2490.101,2918.942,2704.5215
2018-02-24,2300.497,2469.7,2385.0985
2018-02-25,2215.424,2363.07,2289.2470000000003
2018-02-26,2310.428,2885.001,2597.7145
2018-02-27,2438.973,2912.561,2675.767
2018-02-28,2452.569,2948.0609999999997,2700.3149999999996
2018-03-01,2435.266,2931.6859999999997,2683.4759999999997
2018-03-02,2470.1139999999996,2923.9289999999996,2697.0215
2018-03-03,2266.6929999999998,2487.393,2377.0429999999997
2018-03-04,2210.438,2385.04,2297.739
2018-03-05,2312.558,2978.165,2645.3615
2018-03-06,2434.355,2925.222,2679.7885
2018-03-07,2441.663,2910.595,2676.129
2018-03-08,2451.359,2927.5809999999997,2689.47
2018-03-09,2451.4959999999996,2946.9260000000004,2699.2110000000002
2018-03-10,2298.137,2532.5989999999997,2415.368
2018-03-11,2266.637,2409.73,2338.1835
2018-03-12,2343.0159999999996,2989.498,2666.2569999999996
2018-03-13,2505.678,2992.3990000000003,2749.0385
2018-03-14,2508.693,2997.51,2753.1015
2018-03-15,2484.675,3039.112,2761.8935
2018-03-16,2508.39,3099.155,2803.7725
2018-03-17,2336.627,2584.68,2460.6535
2018-03-18,2265.145,2459.369,2362.257
2018-03-19,2353.953,3053.721,2703.837
2018-03-20,2494.6259999999997,2989.3030000000003,2741.9645
2018-03-21,2500.795,3009.706,2755.2505
2018-03-22,2488.109,3063.438,2775.7735000000002
2018-03-23,2533.7549999999997,3061.4239999999995,2797.5894999999996
2018-03-24,2393.746,2630.584,2512.165
2018-03-25,2291.387,2487.598,2389.4925000000003
2018-03-26,2389.563,3154.212,2771.8875
2018-03-27,2519.846,3040.203,2780.0245
2018-03-28,2476.562,3006.537,2741.5495
2018-03-29,2481.572,3006.138,2743.855
2018-03-30,2517.128,2993.708,2755.418
2018-03-31,2354.466,2571.082,2462.774
2018-04-01,2301.246,2457.438,2379.342
2018-04-02,2378.0640000000003,3022.538,2700.3010000000004
2018-04-03,2554.0499999999997,3102.965,2828.5074999999997
2018-04-04,2534.891,3032.701,2783.7960000000003
2018-04-05,2520.25,3078.538,2799.3940000000002
2018-04-06,2548.4109999999996,3145.6130000000003,2847.0119999999997
2018-04-07,2398.929,2596.0460000000003,2497.4875
2018-04-08,2316.348,2448.8360000000002,2382.592
2018-04-09,2396.683,3054.585,2725.634
2018-04-10,2542.951,3052.7830000000004,2797.867
2018-04-11,2520.5209999999993,3105.54,2813.0305
2018-04-12,2531.841,3151.4819999999995,2841.6614999999997
2018-04-13,2598.55,3184.073,2891.3115
2018-04-14,2362.317,2564.269,2463.2929999999997
2018-04-15,2291.615,2428.865,2360.24
2018-04-16,2349.505,3094.871,2722.188
2018-04-17,2506.2900000000004,3158.3229999999994,2832.3064999999997
2018-04-18,2550.7690000000002,3122.12,2836.4445
2018-04-19,2519.4500000000003,3049.1000000000004,2784.2750000000005
2018-04-20,2551.22,3037.7949999999996,2794.5074999999997
2018-04-21,2369.663,2576.951,2473.307
2018-04-22,2285.175,2438.208,2361.6915
2018-04-23,2359.573,3072.5959999999995,2716.0845
2018-04-24,2526.924,3131.224,2829.074
2018-04-25,2506.837,3049.7889999999998,2778.313
2018-04-26,2525.212,3042.7039999999997,2783.9579999999996
2018-04-27,2547.292,3082.1059999999998,2814.6989999999996
2018-04-28,2395.918,2628.912,2512.415
2018-04-29,2289.318,2535.605,2412.4615000000003
2018-04-30,2391.816,3143.1910000000003,2767.5035
2018-05-01,2639.825,3230.942,2935.3835
2018-05-02,2654.2870000000003,3282.3280000000004,2968.3075000000003
2018-05-03,2664.747,3233.4239999999995,2949.0854999999997
2018-05-04,2648.3149999999996,3166.0600000000004,2907.1875
2018-05-05,2464.1929999999998,2701.4820000000004,2582.8375
2018-05-06,2354.969,2621.571,2488.27
2018-05-07,2462.2270000000003,3302.0309999999995,2882.129
2018-05-08,2644.488,3298.3340000000003,2971.411
2018-05-09,2651.7700000000004,3285.7059999999997,2968.7380000000003
2018-05-10,2650.063,3275.6319999999996,2962.8475
2018-05-11,2685.4750000000004,3282.7810000000004,2984.1280000000006
2018-05-12,2528.56,2782.5480000000002,2655.554
2018-05-13,2436.952,2662.3619999999996,2549.657
2018-05-14,2526.549,3321.06,2923.8045
2018-05-15,2681.4339999999997,3288.27,2984.852
2018-05-16,2658.994,3305.483,2982.2385000000004
2018-05-17,2661.0589999999997,3325.824,2993.4415
2018-05-18,2702.87,3341.466,3022.1679999999997
2018-05-19,2541.1009999999997,2802.2729999999997,2671.687
2018-05-20,2428.786,2592.0350000000003,2510.4105
2018-05-21,2485.355,3277.414,2881.3845
2018-05-22,2644.676,3278.9449999999997,2961.8104999999996
2018-05-23,2657.58,3302.287,2979.9335
2018-05-24,2663.0089999999996,3298.425,2980.7169999999996
2018-05-25,2700.6510000000003,3312.112,3006.3815000000004
2018-05-26,2544.108,2822.7350000000006,2683.4215000000004
2018-05-27,2465.69,2719.2780000000002,2592.4840000000004
2018-05-28,2433.407,2758.4519999999993,2595.9294999999997
2018-05-29,2705.2589999999996,3367.024,3036.1414999999997
2018-05-30,2711.631,3369.276,3040.4534999999996
2018-05-31,2714.7709999999997,3368.9029999999993,3041.8369999999995
2018-06-01,2788.162,3329.1400000000003,3058.651
2018-06-02,2698.674,2982.313,2840.4935
2018-06-03,2599.514,2812.978,2706.246
2018-06-04,2612.573,3220.417,2916.495
2018-06-05,2736.9550000000004,3305.339,3021.147
2018-06-06,2754.7850000000003,3332.794,3043.7895
2018-06-07,2762.686,3348.022,3055.3540000000003
2018-06-08,2770.711,3293.5999999999995,3032.1555
2018-06-09,2680.7400000000002,2955.0750000000003,2817.9075000000003
2018-06-10,2578.094,2835.19,2706.642
2018-06-11,2646.9429999999998,3320.192,2983.5675
2018-06-12,2778.224,3318.4660000000003,3048.3450000000003
2018-06-13,2775.678,3319.4849999999997,3047.5815
2018-06-14,2776.4120000000003,3327.3770000000004,3051.8945000000003
2018-06-15,2792.063,3333.2619999999997,3062.6625
2018-06-16,2698.3350000000005,2968.9240000000004,2833.6295000000005
2018-06-17,2586.801,2820.5150000000003,2703.6580000000004
2018-06-18,2631.7419999999997,3275.4460000000004,2953.594
2018-06-19,2742.555,3244.823,2993.689
2018-06-20,2734.098,3241.1459999999997,2987.622
2018-06-21,2741.9790000000003,3311.798,3026.8885
2018-06-22,2783.961,3343.7229999999995,3063.8419999999996
2018-06-23,2708.58,2971.66,2840.12
2018-06-24,2608.7790000000005,2849.338,2729.0585
2018-06-25,2652.2889999999993,3315.799,2984.044
2018-06-26,2777.173,3330.5180000000005,3053.8455000000004
2018-06-27,2778.936,3348.9419999999996,3063.939
2018-06-28,2784.4120000000007,3349.8810000000003,3067.1465000000007
2018-06-29,2802.8329999999996,3344.694,3073.7635
2018-06-30,2707.068,2979.9970000000003,2843.5325000000003
2018-07-01,2535.641,2796.25,2665.9455
2018-07-02,2633.04,3333.6989999999996,2983.3695
2018-07-03,2764.41,3331.304,3047.857
2018-07-04,2585.613,2847.681,2716.647
2018-07-05,2741.44,3289.105,3015.2725
2018-07-06,2757.286,3323.89,3040.5879999999997
2018-07-07,2619.2019999999998,2887.46,2753.331
2018-07-08,2512.291,2742.38,2627.3355
2018-07-09,2604.56,3246.532,2925.5460000000003
2018-07-10,2716.9480000000003,3250.178,2983.563
2018-07-11,2728.223,3278.853,3003.538
2018-07-12,2735.845,3298.294,3017.0694999999996
2018-07-13,2755.882,3292.2869999999994,3024.0845
2018-07-14,2632.151,2912.868,2772.5095
2018-07-15,2539.298,2797.3360000000002,2668.317
2018-07-16,2640.2929999999997,3341.1320000000005,2990.7125
2018-07-17,2768.453,3355.451,3061.952
2018-07-18,2773.959,3368.1540000000005,3071.0565
2018-07-19,2786.753,3381.0150000000003,3083.884
2018-07-20,2806.293,3381.54,3093.9165000000003
2018-07-21,2663.356,2955.012,2809.184
2018-07-22,2560.8979999999997,2864.4480000000003,2712.673
2018-07-23,2669.947,3384.0999999999995,3027.0235
2018-07-24,2791.6589999999997,3334.795,3063.227
2018-07-25,2771.344,3339.4460000000004,3055.3950000000004
2018-07-26,2767.387,3347.3309999999997,3057.359
2018-07-27,2804.373,3353.219,3078.7960000000003
2018-07-28,2663.808,2930.0020000000004,2796.905
2018-07-29,2552.8109999999997,2816.169,2684.49
2018-07-30,2642.869,3273.0269999999996,2957.948
2018-07-31,2747.421,3270.468,3008.9444999999996
2018-08-01,2792.12,3349.157,3070.6385
2018-08-02,2806.886,3377.888,3092.3869999999997
2018-08-03,2833.2019999999998,3392.48,3112.841
2018-08-04,2755.735,3045.6209999999996,2900.678
2018-08-05,2663.537,2928.695,2796.116
2018-08-06,2711.278,3411.617,3061.4475
2018-08-07,2846.0890000000004,3422.3320000000003,3134.2105
2018-08-08,2858.5229999999997,3393.763,3126.143
2018-08-09,2836.511,3388.988,3112.7495
2018-08-10,2837.636,3299.142,3068.389
2018-08-11,2704.7100000000005,2951.411,2828.0605000000005
2018-08-12,2614.0220000000004,2816.806,2715.414
2018-08-13,2649.6220000000003,3306.051999999999,2977.8369999999995
2018-08-14,2800.177,3332.428,3066.3025
2018-08-15,2820.4339999999997,3399.892,3110.1629999999996
2018-08-16,2840.0570000000002,3414.2680000000005,3127.1625000000004
2018-08-17,2869.879,3414.9880000000003,3142.4335
2018-08-18,2761.419,3095.949,2928.684
2018-08-19,2679.359,2921.064,2800.2115
2018-08-20,2708.646,3394.34,3051.4930000000004
2018-08-21,2827.299,3378.826,3103.0625
2018-08-22,2822.5180000000005,3380.04,3101.2790000000005
2018-08-23,2828.522,3419.451,3123.9865
2018-08-24,2869.163,3419.608,3144.3855000000003
2018-08-25,2793.9839999999995,3067.179,2930.5815
2018-08-26,2688.2529999999997,2935.878,2812.0654999999997
2018-08-27,2723.4970000000003,3426.6780000000003,3075.0875000000005
2018-08-28,2860.523,3421.9849999999997,3141.254
2018-08-29,2856.927,3428.0979999999995,3142.5125
2018-08-30,2849.827,3409.1890000000003,3129.5080000000003
2018-08-31,2864.95,3412.08,3138.515
2018-09-01,2697.4949999999994,2964.283,2830.8889999999997
2018-09-02,2591.511,2817.449,2704.48
2018-09-03,2472.405,2679.213,2575.809
2018-09-04,2758.749,3275.086,3016.9174999999996
2018-09-05,2759.666,3302.272,3030.969
2018-09-06,2757.837,3299.8480000000004,3028.8425
2018-09-07,2766.8369999999995,3304.8059999999996,3035.8214999999996
2018-09-08,2618.581,2867.699,2743.1400000000003
2018-09-09,2524.588,2693.7309999999998,2609.1594999999998
2018-09-10,2582.359,3192.394,2887.3765
2018-09-11,2715.6510000000003,3199.5189999999993,2957.585
2018-09-12,2726.262,3233.5789999999997,2979.9205
2018-09-13,2739.653,3261.165,3000.4089999999997
2018-09-14,2764.0989999999997,3258.373,3011.236
2018-09-15,2655.5959999999995,2904.248,2779.9219999999996
2018-09-16,2558.4629999999997,2802.1549999999997,2680.3089999999997
2018-09-17,2646.7200000000003,3323.452,2985.0860000000002
2018-09-18,2782.4509999999996,3328.232,3055.3414999999995
2018-09-19,2785.8439999999996,3334.455,3060.1494999999995
2018-09-20,2775.703,3303.8790000000004,3039.791
2018-09-21,2786.034,3274.5370000000003,3030.2855
2018-09-22,2604.384,2850.7739999999994,2727.5789999999997
2018-09-23,2493.3849999999998,2665.958,2579.6715
2018-09-24,2584.5449999999996,3204.7889999999998,2894.6669999999995
2018-09-25,2731.203,3274.16,3002.6814999999997
2018-09-26,2713.323,3179.7340000000004,2946.5285000000003
2018-09-27,2691.621,3162.2360000000003,2926.9285
2018-09-28,2713.482,3178.5199999999995,2946.0009999999997
2018-09-29,2622.916,2848.887,2735.9015
2018-09-30,2531.714,2741.01,2636.362
2018-10-01,2441.646,3204.177,2822.9115
2018-10-02,2605.5209999999997,3201.418,2903.4695
2018-10-03,2619.2039999999997,3243.3730000000005,2931.2885
2018-10-04,2627.023,3242.604,2934.8135
2018-10-05,2656.665,3233.1989999999996,2944.932
2018-10-06,2549.451,2809.987,2679.719
2018-10-07,2474.5609999999997,2673.034,2573.7974999999997
2018-10-08,2461.762,3199.711,2830.7365
2018-10-09,2571.82,3093.305,2832.5625
2018-10-10,2549.113,3085.022,2817.0675
2018-10-11,2537.2139999999995,3073.5180000000005,2805.366
2018-10-12,2576.991,3071.158,2824.0744999999997
2018-10-13,2459.954,2694.665,2577.3095000000003
2018-10-14,2385.7329999999997,2571.843,2478.7879999999996
2018-10-15,2389.199,3036.0559999999996,2712.6274999999996
2018-10-16,2549.135,3031.1609999999996,2790.148
2018-10-17,2543.2369999999996,3041.966,2792.6014999999998
2018-10-18,2544.2690000000002,3060.889,2802.579
2018-10-19,2561.6009999999997,3053.1610000000005,2807.3810000000003
2018-10-20,2444.073,2684.849,2564.4610000000002
2018-10-21,2382.489,2537.178,2459.8334999999997
2018-10-22,2382.951,3063.8929999999996,2723.4219999999996
2018-10-23,2540.408,3072.355,2806.3815
2018-10-24,2534.7909999999997,3049.952,2792.3715
2018-10-25,2543.2830000000004,3057.672,2800.4775
2018-10-26,2573.6059999999998,3064.704,2819.1549999999997
2018-10-27,2468.5540000000005,2723.442,2595.9980000000005
2018-10-28,2398.7270000000003,2622.655,2510.6910000000003
2018-10-29,2397.298,3177.698,2787.4979999999996
2018-10-30,2578.4170000000004,3185.7769999999996,2882.0969999999998
2018-10-31,2525.716,3072.9030000000002,2799.3095000000003
2018-11-01,2513.241,3035.4210000000003,2774.331
2018-11-02,2552.6609999999996,3041.8860000000004,2797.2735000000002
2018-11-03,2394.8920000000003,2617.8439999999996,2506.368
2018-11-04,2244.776,2426.474,2335.625
2018-11-05,2301.4390000000003,3017.9790000000003,2659.7090000000003
2018-11-06,2462.465,3006.963,2734.714
2018-11-07,2474.442,2970.213,2722.3275000000003
2018-11-08,2449.6079999999997,2956.7470000000003,2703.1775
2018-11-09,2484.2180000000003,2945.555,2714.8865
2018-11-10,2340.4469999999997,2546.247,2443.3469999999998
2018-11-11,2263.275,2423.6,2343.4375
2018-11-12,2335.3109999999997,2974.769,2655.04
2018-11-13,2524.076,2979.991,2752.0335
2018-11-14,2530.5660000000003,2974.3469999999998,2752.4565000000002
2018-11-15,2501.008,2961.397,2731.2025
2018-11-16,2500.623,2967.4610000000002,2734.0420000000004
2018-11-17,2324.0299999999997,2536.4049999999997,2430.2174999999997
2018-11-18,2267.656,2441.797,2354.7264999999998
2018-11-19,2339.624,2965.028,2652.326
2018-11-20,2488.565,2964.6439999999993,2726.6044999999995
2018-11-21,2484.421,2961.4799999999996,2722.9505
2018-11-22,2106.057,2256.641,2181.349
2018-11-23,2075.582,2298.078,2186.83
2018-11-24,2325.494,2537.615,2431.5545
2018-11-25,2250.4139999999998,2427.091,2338.7524999999996
2018-11-26,2343.583,2973.6270000000004,2658.6050000000005
2018-11-27,2491.756,2964.9249999999997,2728.3405
2018-11-28,2483.427,2977.27,2730.3485
2018-11-29,2455.4689999999996,3007.266,2731.3675
2018-11-30,2507.411,3010.384,2758.8975
2018-12-01,2281.747,2471.056,2376.4015
2018-12-02,2176.492,2360.971,2268.7315
2018-12-03,2297.516,2882.451,2589.9835000000003
2018-12-04,2464.557,2908.674,2686.6155
2018-12-05,2463.509,2905.779,2684.6440000000002
2018-12-06,2435.4269999999997,2895.6969999999997,2665.562
2018-12-07,2462.0240000000003,2910.2190000000005,2686.1215
2018-12-08,2326.493,2483.52,2405.0065
2018-12-09,2230.845,2378.957,2304.901
2018-12-10,2330.794,2890.4230000000002,2610.6085000000003
2018-12-11,2449.8579999999997,2902.369,2676.1135
2018-12-12,2438.214,2907.6969999999997,2672.9555
2018-12-13,2422.965,2927.081,2675.023
2018-12-14,2463.981,2904.788,2684.3845
2018-12-15,2297.2270000000003,2450.519,2373.873
2018-12-16,2208.9139999999998,2359.305,2284.1094999999996
2018-12-17,2310.415,2884.349,2597.382
2018-12-18,2402.1360000000004,2685.5809999999997,2543.8585000000003
2018-12-19,2403.4359999999997,2692.196,2547.816
2018-12-20,2401.4150000000004,2680.8709999999996,2541.143
2018-12-21,2344.266,2687.0909999999994,2515.6785
2018-12-22,2291.509,2445.67,2368.5895
2018-12-23,2204.301,2363.938,2284.1195
2018-12-24,2294.856,2663.903,2479.3795
2018-12-25,2016.3890000000001,2111.001,2063.695
2018-12-26,2263.197,2518.283,2390.74
2018-12-27,2248.359,2527.582,2387.9705
2018-12-28,2269.268,2526.743,2398.0055
2018-12-29,2330.404,2492.629,2411.5164999999997
2018-12-30,2236.0060000000003,2388.446,2312.226
2018-12-31,2155.25,2502.002,2328.626
2019-01-01,2117.851,2277.004,2197.4275
2019-01-02,2488.2690000000002,2938.924,2713.5965
2019-01-03,2486.677,2932.2039999999997,2709.4404999999997
2019-01-04,2489.5190000000002,2913.469,2701.494
2019-01-05,2258.041,2417.964,2338.0025
2019-01-06,2170.0209999999997,2343.391,2256.706
2019-01-07,2297.186,2915.1470000000004,2606.1665000000003
2019-01-08,2422.962,2911.766,2667.364
2019-01-09,2431.101,2896.709,2663.9049999999997
2019-01-10,2439.932,2895.8419999999996,2667.8869999999997
2019-01-11,2452.615,2896.051,2674.3329999999996
2019-01-12,2274.007,2434.647,2354.327
2019-01-13,2197.761,2360.769,2279.265
2019-01-14,2337.6440000000002,2905.646,2621.6450000000004
2019-01-15,2457.882,2902.051,2679.9665
2019-01-16,2437.619,2902.1630000000005,2669.8910000000005
2019-01-17,2422.4719999999998,2906.2690000000002,2664.3705
2019-01-18,2456.353,2892.4299999999994,2674.3914999999997
2019-01-19,2292.892,2448.729,2370.8104999999996
2019-01-20,2222.1929999999998,2356.607,2289.3999999999996
2019-01-21,2325.494,2830.2509999999997,2577.8725
2019-01-22,2428.457,2918.538,2673.4975
2019-01-23,2468.7490000000003,2913.9379999999996,2691.3435
2019-01-24,2461.273,2903.4669999999996,2682.37
2019-01-25,2489.526,2918.455,2703.9905
2019-01-26,2270.239,2438.537,2354.388
2019-01-27,2187.9559999999997,2325.909,2256.9325
2019-01-28,2298.1009999999997,2885.073,2591.5869999999995
2019-01-29,2461.488,2908.993,2685.2405
2019-01-30,2459.996,2902.3129999999996,2681.1544999999996
2019-01-31,2435.18,2887.8450000000007,2661.5125000000003
2019-02-01,2470.285,2924.7850000000003,2697.535
2019-02-02,2310.996,2486.956,2398.976
2019-02-03,2215.223,2409.228,2312.2255
2019-02-04,2317.045,2978.602,2647.8235
2019-02-05,2457.426,2991.915,2724.6705
2019-02-06,2465.063,3006.6259999999997,2735.8445
2019-02-07,2414.286,2924.0069999999996,2669.1465
2019-02-08,2521.487,2964.3280000000004,2742.9075000000003
2019-02-09,2361.401,2527.884,2444.6425
2019-02-10,2257.17,2403.68,2330.425
2019-02-11,2317.829,2898.7200000000003,2608.2745000000004
2019-02-12,2447.025,2906.215,2676.62
2019-02-13,2447.17,2909.216,2678.193
2019-02-14,2422.248,2941.114,2681.681
2019-02-15,2462.386,2922.7870000000003,2692.5865000000003
2019-02-16,2336.0969999999998,2501.421,2418.759
2019-02-17,2234.2980000000002,2377.164,2305.731
2019-02-18,2236.2110000000002,2858.742,2547.4765
2019-02-19,2482.5499999999997,2930.232,2706.3909999999996
2019-02-20,2473.868,2904.834,2689.3509999999997
2019-02-21,2453.438,2906.565,2680.0015000000003
2019-02-22,2465.74,2904.321,2685.0305
2019-02-23,2304.062,2471.175,2387.6185
2019-02-24,2218.557,2365.73,2292.1435
2019-02-25,2307.729,2878.741,2593.2349999999997
2019-02-26,2443.777,2906.899,2675.3379999999997
2019-02-27,2429.2200000000003,2917.306,2673.263
2019-02-28,2486.8979999999997,2927.4719999999998,2707.1849999999995
2019-03-01,2515.031,2943.668,2729.3495000000003
2019-03-02,2302.976,2504.603,2403.7895
2019-03-03,2250.942,2375.595,2313.2685
2019-03-04,2376.118,2964.374,2670.246
2019-03-05,2531.018,2951.464,2741.241
2019-03-06,2496.379,2929.223,2712.801
2019-03-07,2465.5080000000003,2941.4640000000004,2703.4860000000003
2019-03-08,2468.228,2974.774,2721.501
2019-03-09,2294.0789999999997,2528.2990000000004,2411.1890000000003
2019-03-10,2244.88,2402.795,2323.8375
2019-03-11,2344.47,3011.3579999999997,2677.9139999999998
2019-03-12,2495.043,2992.8759999999997,2743.9595
2019-03-13,2496.969,3033.784,2765.3765000000003
2019-03-14,2487.175,3016.3250000000003,2751.75
2019-03-15,2518.765,2979.2729999999997,2749.019
2019-03-16,2334.729,2528.918,2431.8235
2019-03-17,2264.8370000000004,2395.649,2330.2430000000004
2019-03-18,2352.1259999999997,3008.7799999999997,2680.4529999999995
2019-03-19,2501.3360000000002,3010.6769999999997,2756.0065
2019-03-20,2497.167,3000.2030000000004,2748.6850000000004
2019-03-21,2501.313,3013.4930000000004,2757.4030000000002
2019-03-22,2504.976,3027.2880000000005,2766.1320000000005
2019-03-23,2349.317,2567.454,2458.3855000000003
2019-03-24,2254.587,2476.9519999999998,2365.7695
2019-03-25,2346.956,3041.0839999999994,2694.0199999999995
2019-03-26,2490.6279999999997,3003.624,2747.1259999999997
2019-03-27,2483.1769999999997,3028.479,2755.8279999999995
2019-03-28,2495.546,3048.8309999999997,2772.1884999999997
2019-03-29,2531.032,3038.731,2784.8815000000004
2019-03-30,2334.145,2530.443,2432.294
2019-03-31,2258.665,2397.663,2328.1639999999998
2019-04-01,2398.046,3033.0910000000003,2715.5685000000003
2019-04-02,2549.6750000000006,3053.017,2801.3460000000005
2019-04-03,2523.7019999999998,3044.74,2784.2209999999995
2019-04-04,2515.453,3143.574,2829.5135
2019-04-05,2562.848,3101.128,2831.9880000000003
2019-04-06,2380.928,2607.1510000000003,2494.0395
2019-04-07,2302.999,2467.164,2385.0815000000002
2019-04-08,2374.127,3145.564,2759.8455
2019-04-09,2527.4709999999995,3172.881,2850.1759999999995
2019-04-10,2566.267,3214.1769999999997,2890.2219999999998
2019-04-11,2552.435,3070.927,2811.681
2019-04-12,2550.277,3039.362,2794.8195
2019-04-13,2377.4489999999996,2573.947,2475.698
2019-04-14,2296.2070000000003,2437.877,2367.0420000000004
2019-04-15,2368.6209999999996,3100.282,2734.4515
2019-04-16,2545.296,3103.523,2824.4094999999998
2019-04-17,2553.151,3154.817,2853.984
2019-04-18,2539.0080000000003,3072.149,2805.5785
2019-04-19,2547.974,3038.243,2793.1085000000003
2019-04-20,2376.7209999999995,2595.4960000000005,2486.1085000000003
2019-04-21,2275.384,2513.493,2394.4385
2019-04-22,2390.817,3134.412,2762.6144999999997
2019-04-23,2550.581,3108.901,2829.741
2019-04-24,2537.2720000000004,3054.6240000000003,2795.9480000000003
2019-04-25,2529.742,3115.2019999999998,2822.4719999999998
2019-04-26,2556.554,3092.3749999999995,2824.4645
2019-04-27,2401.9019999999996,2651.449,2526.6755
2019-04-28,2313.933,2527.11,2420.5215
2019-04-29,2409.422,3162.8759999999997,2786.149
2019-04-30,2581.4809999999998,3156.3990000000003,2868.94
2019-05-01,2654.89,3257.765,2956.3275
2019-05-02,2614.211,3182.686,2898.4485
2019-05-03,2638.5509999999995,3186.7409999999995,2912.6459999999997
2019-05-04,2454.438,2692.154,2573.2960000000003
2019-05-05,2357.658,2589.7560000000003,2473.7070000000003
2019-05-06,2474.085,3248.405,2861.245
2019-05-07,2635.982,3248.7429999999995,2942.3624999999997
2019-05-08,2614.6440000000002,3154.2690000000002,2884.4565000000002
2019-05-09,2610.797,3160.5589999999997,2885.678
2019-05-10,2606.1440000000002,3105.034,2855.589
2019-05-11,2425.364,2643.837,2534.6005
2019-05-12,2338.549,2535.197,2436.873
2019-05-13,2423.144,3213.548,2818.3459999999995
2019-05-14,2600.934,3223.2099999999996,2912.072
2019-05-15,2618.208,3251.5309999999995,2934.8695
2019-05-16,2634.733,3264.9150000000004,2949.8240000000005
2019-05-17,2678.951,3269.5040000000004,2974.2275
2019-05-18,2484.312,2724.272,2604.292
2019-05-19,2397.6699999999996,2621.076,2509.3729999999996
2019-05-20,2500.088,3290.5930000000008,2895.3405000000002
2019-05-21,2647.953,3248.722,2948.3375
2019-05-22,2652.008,3287.9259999999995,2969.9669999999996
2019-05-23,2679.433,3314.8509999999997,2997.142
2019-05-24,2717.7760000000003,3305.022,3011.3990000000003
2019-05-25,2529.561,2792.3530000000005,2660.9570000000003
2019-05-26,2439.3959999999997,2651.711,2545.5535
2019-05-27,2407.016,2706.264,2556.6400000000003
2019-05-28,2676.9500000000003,3281.287,2979.1185
2019-05-29,2673.1,3245.808,2959.4539999999997
2019-05-30,2640.488,3248.832,2944.66
2019-05-31,2664.3469999999998,3229.303,2946.825
2019-06-01,2616.414,2894.1690000000003,2755.2915000000003
2019-06-02,2518.521,2733.1050000000005,2625.813
2019-06-03,2588.736,3266.593,2927.6645
2019-06-04,2730.9790000000003,3247.3559999999998,2989.1675
2019-06-05,2726.981,3218.95,2972.9655000000002
2019-06-06,2702.1940000000004,3224.576,2963.385
2019-06-07,2722.2870000000003,3215.296,2968.7915000000003
2019-06-08,2634.6,2904.86,2769.73
2019-06-09,2541.8050000000003,2777.297,2659.5510000000004
2019-06-10,2583.757,3196.4109999999996,2890.084
2019-06-11,2686.9680000000003,3158.897,2922.9325
2019-06-12,2667.962,3190.836,2929.399
2019-06-13,2676.099,3207.426,2941.7625
2019-06-14,2716.386,3243.145,2979.7655
2019-06-15,2664.7090000000003,2935.8970000000004,2800.3030000000003
2019-06-16,2533.174,2733.78,2633.477
2019-06-17,2563.5379999999996,3199.8059999999996,2881.6719999999996
2019-06-18,2701.542,3249.617,2975.5795
2019-06-19,2729.3579999999997,3295.1370000000006,3012.2475000000004
2019-06-20,2752.184,3310.796,3031.49
2019-06-21,2792.406,3320.507,3056.4565000000002
2019-06-22,2690.533,2939.2079999999996,2814.8705
2019-06-23,2590.107,2797.232,2693.6695
2019-06-24,2595.556,3194.3729999999996,2894.9645
2019-06-25,2710.003,3246.34,2978.1715000000004
2019-06-26,2712.0899999999997,3241.6100000000006,2976.8500000000004
2019-06-27,2725.482,3256.9620000000004,2991.222
2019-06-28,2751.7740000000003,3274.7380000000003,3013.2560000000003
2019-06-29,2666.786,2947.117,2806.9515
2019-06-30,2545.685,2753.61,2649.6475
2019-07-01,2581.1549999999997,3239.577,2910.366
2019-07-02,2722.325,3244.3540000000003,2983.3395
2019-07-03,2718.5989999999997,3251.3940000000002,2984.9965
2019-07-04,2560.574,2817.6180000000004,2689.0960000000005
2019-07-05,2760.9010000000003,3280.484,3020.6925
2019-07-06,2591.474,2910.234,2750.8540000000003
2019-07-07,2513.177,2762.317,2637.7470000000003
2019-07-08,2607.909,3263.834,2935.8715
2019-07-09,2739.9980000000005,3290.0049999999997,3015.0015000000003
2019-07-10,2743.2499999999995,3328.759,3036.0045
2019-07-11,2738.844,3286.154,3012.499
2019-07-12,2754.459,3266.2199999999993,3010.3394999999996
2019-07-13,2612.873,2870.5389999999998,2741.706
2019-07-14,2505.179,2715.07,2610.1245
2019-07-15,2596.9990000000003,3273.4490000000005,2935.224
2019-07-16,2748.0209999999997,3307.049,3027.535
2019-07-17,2760.416,3297.787,3029.1014999999998
2019-07-18,2761.893,3308.094,3034.9935
2019-07-19,2779.2,3315.6099999999997,3047.4049999999997
2019-07-20,2645.16,2906.6320000000005,2775.896
2019-07-21,2535.262,2782.0890000000004,2658.6755000000003
2019-07-22,2626.951,3300.5099999999998,2963.7304999999997
2019-07-23,2739.2980000000002,3246.143,2992.7205000000004
2019-07-24,2710.838,3221.259,2966.0485
2019-07-25,2690.2879999999996,3210.11,2950.1989999999996
2019-07-26,2707.594,3217.647,2962.6205
2019-07-27,2584.767,2853.484,2719.1255
2019-07-28,2510.274,2773.6730000000002,2641.9735
2019-07-29,2626.9159999999997,3304.719,2965.8175
2019-07-30,2758.059,3326.075,3042.067
2019-07-31,2757.488,3316.7980000000002,3037.143
2019-08-01,2840.039,3388.523,3114.281
2019-08-02,2853.863,3408.1479999999997,3131.0054999999998
2019-08-03,2755.3019999999997,3005.4469999999997,2880.3745
2019-08-04,2658.634,2884.2180000000003,2771.4260000000004
2019-08-05,2692.9680000000003,3396.296,3044.632
2019-08-06,2840.9350000000004,3410.924,3125.9295
2019-08-07,2851.87,3422.7,3137.285
2019-08-08,2860.056,3409.697,3134.8765000000003
2019-08-09,2872.931,3420.714,3146.8225
2019-08-10,2791.539,3063.761,2927.65
2019-08-11,2683.9310000000005,2949.1780000000003,2816.5545
2019-08-12,2726.723,3436.147,3081.435
2019-08-13,2861.028,3440.978,3151.0029999999997
2019-08-14,2864.0259999999994,3387.117,3125.5715
2019-08-15,2844.299,3410.59,3127.4445
2019-08-16,2863.768,3422.1659999999997,3142.9669999999996
2019-08-17,2794.957,3068.6710000000003,2931.8140000000003
2019-08-18,2694.375,2948.7709999999997,2821.573
2019-08-19,2729.2009999999996,3437.858,3083.5294999999996
2019-08-20,2861.5889999999995,3436.965,3149.277
2019-08-21,2859.963,3430.174,3145.0685000000003
2019-08-22,2859.193,3426.62,3142.9065
2019-08-23,2876.8150000000005,3421.257,3149.036
2019-08-24,2746.248,3031.483,2888.8655
2019-08-25,2662.688,2932.192,2797.44
2019-08-26,2714.0360000000005,3443.5449999999996,3078.7905
2019-08-27,2842.612,3329.5379999999996,3086.075
2019-08-28,2818.7379999999994,3345.227,3081.9824999999996
2019-08-29,2825.619,3407.958,3116.7885
2019-08-30,2842.939,3369.9049999999997,3106.4219999999996
2019-08-31,2736.9809999999998,2974.0330000000004,2855.507
2019-09-01,2548.768,2809.9289999999996,2679.3485
2019-09-02,2470.822,2775.0350000000003,2622.9285
2019-09-03,2780.14,3336.8139999999994,3058.477
2019-09-04,2783.941,3352.551,3068.246
2019-09-05,2782.7210000000005,3353.677,3068.1990000000005
2019-09-06,2803.4970000000003,3350.282,3076.8895
2019-09-07,2692.612,2971.075,2831.8435
2019-09-08,2588.641,2850.327,2719.4840000000004
2019-09-09,2662.4200000000005,3342.305,3002.3625
2019-09-10,2785.203,3339.071,3062.1369999999997
2019-09-11,2768.746,3320.034,3044.3900000000003
2019-09-12,2770.609,3316.1809999999996,3043.3949999999995
2019-09-13,2802.8839999999996,3323.1060000000007,3062.995
2019-09-14,2688.6530000000002,2958.539,2823.5960000000005
2019-09-15,2584.9939999999997,2846.386,2715.6899999999996
2019-09-16,2663.815,3355.3299999999995,3009.5724999999998
2019-09-17,2786.09,3319.861,3052.9755
2019-09-18,2778.146,3313.261,3045.7035
2019-09-19,2770.1479999999997,3271.042,3020.595
2019-09-20,2792.0879999999997,3329.878,3060.983
2019-09-21,2697.733,2943.5699999999993,2820.6515
2019-09-22,2595.489,2827.806,2711.6475
2019-09-23,2670.859,3346.9519999999998,3008.9055
2019-09-24,2805.224,3349.148,3077.186
2019-09-25,2805.521,3362.335,3083.928
2019-09-26,2807.136,3352.166,3079.651
2019-09-27,2814.903,3340.882,3077.8925
2019-09-28,2708.6639999999998,2958.1100000000006,2833.387
2019-09-29,2612.357,2837.2270000000003,2724.7920000000004
2019-09-30,2674.4069999999997,3342.502,3008.4545
2019-10-01,2659.547,3296.5989999999997,2978.073
2019-10-02,2652.702,3291.462,2972.0820000000003
2019-10-03,2648.313,3293.1369999999997,2970.725
2019-10-04,2662.679,3246.0290000000005,2954.3540000000003
2019-10-05,2565.2389999999996,2831.612,2698.4255
2019-10-06,2484.562,2716.14,2600.3509999999997
2019-10-07,2407.737,3139.5089999999996,2773.6229999999996
2019-10-08,2544.6760000000004,3122.024,2833.3500000000004
2019-10-09,2556.443,3193.8129999999996,2875.1279999999997
2019-10-10,2612.301,3224.732,2918.5164999999997
2019-10-11,2544.631,3024.383,2784.5069999999996
2019-10-12,2450.38,2651.714,2551.047
2019-10-13,2375.181,2561.766,2468.4735
2019-10-14,2405.85,3122.636,2764.243
2019-10-15,2578.661,3186.85,2882.7555
2019-10-16,2547.47,3071.4530000000004,2809.4615000000003
2019-10-17,2536.6289999999995,3056.764,2796.6965
2019-10-18,2553.5890000000004,3080.531,2817.0600000000004
2019-10-19,2483.731,2743.008,2613.3695
2019-10-20,2378.5860000000002,2649.408,2513.9970000000003
2019-10-21,2398.977,3106.757,2752.867
2019-10-22,2536.288,3068.029,2802.1585
2019-10-23,2542.4199999999996,3129.983,2836.2015
2019-10-24,2552.574,3078.895,2815.7345
2019-10-25,2564.089,3038.5170000000003,2801.303
2019-10-26,2462.283,2669.5339999999997,2565.9084999999995
2019-10-27,2358.053,2549.0330000000004,2453.543
2019-10-28,2381.1310000000003,3061.863,2721.4970000000003
2019-10-29,2549.497,3049.001,2799.249
2019-10-30,2567.825,3058.101,2812.9629999999997
2019-10-31,2595.077,3059.1,2827.0885
2019-11-01,2581.937,3031.78,2806.8585000000003
2019-11-02,2402.252,2598.1910000000003,2500.2215
2019-11-03,2261.636,2416.23,2338.933
2019-11-04,2293.563,2997.7169999999996,2645.64
2019-11-05,2461.163,2954.8089999999997,2707.986
2019-11-06,2472.9809999999998,3020.556,2746.7685
2019-11-07,2432.561,2957.1650000000004,2694.8630000000003
2019-11-08,2497.994,2946.9249999999997,2722.4595
2019-11-09,2316.464,2526.061,2421.2625
2019-11-10,2230.058,2426.994,2328.526
2019-11-11,2304.354,2970.5569999999993,2637.4554999999996
2019-11-12,2524.79,2982.517,2753.6535
2019-11-13,2528.907,2972.4869999999996,2750.697
2019-11-14,2497.0860000000002,2961.379,2729.2325
2019-11-15,2513.724,2957.874,2735.799
2019-11-16,2327.908,2531.8489999999997,2429.8785
2019-11-17,2267.526,2421.283,2344.4044999999996
2019-11-18,2319.91,2975.36,2647.635
2019-11-19,2443.222,2999.2309999999998,2721.2264999999998
2019-11-20,2473.511,3025.0469999999996,2749.2789999999995
2019-11-21,2487.801,3030.956,2759.3785
2019-11-22,2479.003,2949.7799999999997,2714.3914999999997
2019-11-23,2338.4030000000002,2542.686,2440.5445
2019-11-24,2273.447,2421.427,2347.437
2019-11-25,2319.0660000000003,3000.685,2659.8755
2019-11-26,2474.2129999999997,3004.582,2739.3975
2019-11-27,2459.055,2956.368,2707.7115
2019-11-28,2122.121,2256.321,2189.221
2019-11-29,2092.462,2303.784,2198.123
2019-11-30,2329.115,2584.518,2456.8165
2019-12-01,2181.21,2357.551,2269.3805
2019-12-02,2306.214,2884.495000000001,2595.3545000000004
2019-12-03,2438.2309999999998,2904.391,2671.3109999999997
2019-12-04,2434.401,2908.3729999999996,2671.3869999999997
2019-12-05,2411.8630000000003,2921.0559999999996,2666.4595
2019-12-06,2442.154,2905.948,2674.051
2019-12-07,2283.761,2438.064,2360.9125
2019-12-08,2197.17,2377.326,2287.248
2019-12-09,2301.615,2916.2219999999998,2608.9184999999998
2019-12-10,2455.953,2911.2690000000002,2683.611
2019-12-11,2471.7419999999997,2910.9069999999992,2691.3244999999997
2019-12-12,2457.985,2905.705,2681.8450000000003
2019-12-13,2460.0930000000003,2893.439,2676.766
2019-12-14,2282.6949999999997,2439.854,2361.2744999999995
2019-12-15,2204.387,2363.011,2283.699
2019-12-16,2318.618,2899.787,2609.2025
2019-12-17,2472.8289999999997,2914.4100000000003,2693.6195
2019-12-18,2418.9280000000003,2722.208,2570.568
2019-12-19,2418.391,2707.3639999999996,2562.8774999999996
2019-12-20,2360.15,2716.404,2538.277
2019-12-21,2303.841,2466.773,2385.307
2019-12-22,2222.6730000000002,2370.431,2296.552
2019-12-23,2309.9660000000003,2672.9719999999998,2491.469
2019-12-24,2395.163,2684.435,2539.799
2019-12-25,2014.8590000000002,2101.38,2058.1195000000002
2019-12-26,2263.3540000000003,2528.728,2396.041
2019-12-27,2228.868,2525.562,2377.215
2019-12-28,2260.711,2460.424,2360.5675
2019-12-29,2185.712,2361.7369999999996,2273.7245
2019-12-30,2150.463,2507.684,2329.0735000000004
2019-12-31,2286.496,2533.096,2409.7960000000003
2020-01-01,2070.79,2243.646,2157.218
2020-01-02,2436.373,2906.4660000000003,2671.4195
2020-01-03,2451.926,2892.0339999999997,2671.9799999999996
2020-01-04,2269.178,2424.897,2347.0375
2020-01-05,2178.5190000000002,2332.576,2255.5475
2020-01-06,2300.56,2884.962,2592.761
2020-01-07,2441.031,2900.3280000000004,2670.6795
2020-01-08,2432.5299999999997,2901.2110000000002,2666.8705
2020-01-09,2426.225,2921.766,2673.9955
2020-01-10,2463.2290000000003,2925.1890000000008,2694.2090000000007
2020-01-11,2300.243,2452.9270000000006,2376.585
2020-01-12,2202.465,2338.7870000000003,2270.626
2020-01-13,2306.067,2884.4770000000003,2595.272
2020-01-14,2417.49,2916.505,2666.9975
2020-01-15,2440.5879999999997,2973.2380000000003,2706.913
2020-01-16,2407.511,2892.1540000000005,2649.8325000000004
2020-01-17,2441.787,2888.1760000000004,2664.9815
2020-01-18,2266.98,2426.241,2346.6105
2020-01-19,2188.818,2341.648,2265.233
2020-01-20,2325.238,2833.247,2579.2425
2020-01-21,2450.355,2900.8149999999996,2675.585
2020-01-22,2450.005,2903.142,2676.5735
2020-01-23,2437.397,2891.203,2664.3
2020-01-24,2461.151,2896.2160000000003,2678.6835
2020-01-25,2247.008,2417.734,2332.371
2020-01-26,2163.535,2333.681,2248.608
2020-01-27,2288.4750000000004,2877.583,2583.0290000000005
2020-01-28,2416.365,2907.749,2662.057
2020-01-29,2441.875,2899.3730000000005,2670.6240000000003
2020-01-30,2447.282,2902.261,2674.7715
2020-01-31,2469.592,2902.1059999999998,2685.849
2020-02-01,2302.902,2479.904,2391.4030000000002
2020-02-02,2232.769,2398.02,2315.3945
2020-02-03,2303.7139999999995,2921.445,2612.5795
2020-02-04,2425.269,2916.309,2670.7889999999998
2020-02-05,2478.044,2944.124,2711.084
2020-02-06,2503.793,2941.3579999999997,2722.5755
2020-02-07,2496.688,2925.034,2710.861
2020-02-08,2299.645,2472.234,2385.9395
2020-02-09,2205.84,2395.9599999999996,2300.8999999999996
2020-02-10,2300.5699999999997,2904.837,2602.7034999999996
2020-02-11,2461.3579999999997,2918.701,2690.0294999999996
2020-02-12,2467.633,2912.359,2689.996
2020-02-13,2479.069,2927.685,2703.377
2020-02-14,2515.164,2938.713,2726.9385
2020-02-15,2300.23,2470.291,2385.2605000000003
2020-02-16,2181.005,2386.712,2283.8585000000003
2020-02-17,2196.8399999999997,2891.07,2543.955
2020-02-18,2422.946,2912.964,2667.955
2020-02-19,2440.891,2907.848,2674.3695
2020-02-20,2458.8199999999997,2910.8909999999996,2684.8554999999997
2020-02-21,2502.592,2927.788,2715.19
2020-02-22,2306.648,2471.357,2389.0025
2020-02-23,2206.79,2375.9880000000003,2291.389
2020-02-24,2310.754,2903.619,2607.1865
2020-02-25,2433.846,2893.493,2663.6695
2020-02-26,2462.259,2904.732,2683.4955
2020-02-27,2475.125,2896.6530000000007,2685.889
2020-02-28,2473.1189999999997,2889.35,2681.2344999999996
2020-02-29,2298.874,2463.644,2381.259
2020-03-01,2196.527,2367.18,2281.8535
2020-03-02,2299.703,2956.623,2628.163
2020-03-03,2441.332,2940.615,2690.9735
2020-03-04,2428.689,2933.337,2681.013
2020-03-05,2449.6220000000003,2929.9899999999993,2689.8059999999996
2020-03-06,2465.587,2919.7270000000003,2692.657
2020-03-07,2261.153,2460.403,2360.778
2020-03-08,2265.424,2417.2819999999997,2341.353
2020-03-09,2355.3819999999996,3047.4900000000002,2701.4359999999997
2020-03-10,2495.444,3051.2929999999997,2773.3684999999996
2020-03-11,2506.032,3130.477,2818.2545
2020-03-12,2530.038,3128.7340000000004,2829.3860000000004
2020-03-13,2541.541,3035.676,2788.6085000000003
2020-03-14,2331.0730000000003,2561.747,2446.41
2020-03-15,2243.4449999999997,2402.667,2323.0559999999996
2020-03-16,2351.991,3017.4550000000004,2684.723
2020-03-17,2506.171,3027.7329999999997,2766.9519999999998
2020-03-18,2501.741,3091.143,2796.442
2020-03-19,2521.2499999999995,3110.735,2815.9925
2020-03-20,2493.868,2988.817,2741.3424999999997
2020-03-21,2336.089,2526.727,2431.408
2020-03-22,2250.5699999999997,2410.502,2330.536
2020-03-23,2347.4429999999998,3026.706,2687.0744999999997
2020-03-24,2499.0270000000005,3111.181,2805.1040000000003
2020-03-25,2493.982,3126.8500000000004,2810.416
2020-03-26,2527.73,3137.851,2832.7905
2020-03-27,2564.2340000000004,3112.1200000000003,2838.1770000000006
2020-03-28,2365.157,2597.1690000000003,2481.1630000000005
2020-03-29,2239.2870000000003,2400.1310000000003,2319.7090000000003
2020-03-30,2331.5679999999998,3011.3500000000004,2671.459
2020-03-31,2493.583,2992.2030000000004,2742.893
2020-04-01,2522.743,3058.8299999999995,2790.7864999999997
2020-04-02,2542.5429999999997,3066.2640000000006,2804.4035000000003
2020-04-03,2541.3149999999996,3039.916,2790.6155
2020-04-04,2391.3109999999997,2592.0330000000004,2491.672
2020-04-05,2302.5840000000003,2446.208,2374.396
2020-04-06,2385.5669999999996,3075.477,2730.522
2020-04-07,2541.5230000000006,3180.348,2860.9355000000005
2020-04-08,2582.3830000000007,3242.4139999999998,2912.3985000000002
2020-04-09,2564.578,3139.941,2852.2595
2020-04-10,2562.369,3078.1389999999997,2820.254
2020-04-11,2382.5660000000003,2604.5599999999995,2493.563
2020-04-12,2305.328,2500.851,2403.0895
2020-04-13,2374.372,3027.837,2701.1045
2020-04-14,2538.956,3024.3409999999994,2781.6485
2020-04-15,2542.8360000000002,3020.972,2781.9040000000005
2020-04-16,2509.4959999999996,3053.552,2781.524
2020-04-17,2545.106,3037.834,2791.4700000000003
2020-04-18,2359.63,2569.391,2464.5105000000003
2020-04-19,2290.352,2500.749,2395.5505
2020-04-20,2372.559,3086.451,2729.505
2020-04-21,2531.786,3156.2140000000004,2844.0
2020-04-22,2557.138,3152.285,2854.7115
2020-04-23,2542.8010000000004,3152.316,2847.5585
2020-04-24,2573.56,3197.282,2885.4210000000003
2020-04-25,2388.846,2614.2429999999995,2501.5445
2020-04-26,2287.8410000000003,2508.9109999999996,2398.376
2020-04-27,2390.4150000000004,3167.773,2779.094
2020-04-28,2570.2400000000002,3205.713,2887.9765
2020-04-29,2563.33,3142.6139999999996,2852.9719999999998
2020-04-30,2523.973,3123.3390000000004,2823.656
2020-05-01,2638.667,3259.817,2949.242
2020-05-02,2510.02,2758.725,2634.3725
2020-05-03,2423.122,2671.202,2547.1620000000003
2020-05-04,2520.571,3345.542,2933.0564999999997
2020-05-05,2661.87,3238.0540000000005,2949.9620000000004
2020-05-06,2604.1629999999996,3217.6929999999998,2910.928
2020-05-07,2603.398,3245.54,2924.469
2020-05-08,2646.336,3168.9990000000003,2907.6675
2020-05-09,2431.051,2655.563,2543.307
2020-05-10,2342.9339999999997,2544.222,2443.578
2020-05-11,2444.9500000000003,3208.359,2826.6545
2020-05-12,2619.2929999999997,3203.578,2911.4354999999996
2020-05-13,2627.657,3239.4119999999994,2933.5344999999998
2020-05-14,2645.337,3295.8399999999997,2970.5885
2020-05-15,2686.5249999999996,3260.13,2973.3275
2020-05-16,2435.878,2671.942,2553.91
2020-05-17,2370.1009999999997,2605.652,2487.8765
2020-05-18,2464.254,3288.6499999999996,2876.4519999999998
2020-05-19,2655.941,3318.033,2986.987
2020-05-20,2669.44,3259.219,2964.3295
2020-05-21,2659.442,3285.6839999999997,2972.563
2020-05-22,2697.273,3315.11,3006.1915
2020-05-23,2523.0080000000003,2769.4519999999998,2646.23
2020-05-24,2419.738,2632.6440000000002,2526.191
2020-05-25,2334.8050000000003,2589.9790000000003,2462.3920000000003
2020-05-26,2605.212,3173.564,2889.388
2020-05-27,2593.286,3218.3849999999998,2905.8355
2020-05-28,2616.598,3246.248,2931.423
2020-05-29,2657.6450000000004,3256.08,2956.8625
2020-05-30,2495.169,2748.295,2621.732
2020-05-31,2397.765,2623.174,2510.4695
2020-06-01,2576.6600000000003,3216.9539999999997,2896.807
2020-06-02,2709.604,3241.533,2975.5685
2020-06-03,2729.389,3266.4289999999996,2997.9089999999997
2020-06-04,2745.404,3302.7580000000003,3024.081
2020-06-05,2779.0519999999997,3313.7059999999997,3046.379
2020-06-06,2684.7629999999995,2962.99,2823.8764999999994
2020-06-07,2579.964,2816.691,2698.3275
2020-06-08,2633.7760000000003,3318.4599999999996,2976.118
2020-06-09,2775.939,3312.0100000000007,3043.9745000000003
2020-06-10,2720.1270000000004,3230.61,2975.3685000000005
2020-06-11,2694.444,3245.7679999999996,2970.1059999999998
2020-06-12,2711.4190000000003,3236.865,2974.142
2020-06-13,2626.585,2900.5969999999998,2763.591
2020-06-14,2529.509,2784.669,2657.089
2020-06-15,2602.903,3282.806,2942.8545
2020-06-16,2743.1659999999997,3286.0099999999998,3014.5879999999997
2020-06-17,2746.8849999999998,3291.0759999999996,3018.9804999999997
2020-06-18,2749.5170000000003,3288.197,3018.857
2020-06-19,2766.473,3269.0389999999998,3017.756
2020-06-20,2641.203,2877.6699999999996,2759.4365
2020-06-21,2547.21,2743.3479999999995,2645.2789999999995
2020-06-22,2587.832,3253.6980000000003,2920.7650000000003
2020-06-23,2722.127,3214.794,2968.4605
2020-06-24,2712.509,3234.9629999999997,2973.736
2020-06-25,2720.3849999999998,3243.043,2981.714
2020-06-26,2750.9089999999997,3263.7659999999996,3007.3374999999996
2020-06-27,2670.9290000000005,2926.5810000000006,2798.7550000000006
2020-06-28,2576.237,2780.789,2678.513
2020-06-29,2636.9249999999997,3303.511,2970.218
2020-06-30,2776.8480000000004,3309.989,3043.4185
2020-07-01,2757.5289999999995,3291.074,3024.3014999999996
2020-07-02,2748.203,3319.004,3033.6035
2020-07-03,2582.3660000000004,2855.6690000000003,2719.0175000000004
2020-07-04,2348.228,2568.818,2458.523
2020-07-05,2529.946,2742.701,2636.3235
2020-07-06,2600.518,3235.982,2918.25
2020-07-07,2715.1259999999993,3212.9350000000004,2964.0305
2020-07-08,2723.7490000000003,3274.31,2999.0295
2020-07-09,2745.8749999999995,3297.5080000000003,3021.6915
2020-07-10,2774.415,3303.8559999999998,3039.1355
2020-07-11,2639.7019999999998,2908.2439999999997,2773.973
2020-07-12,2537.074,2801.96,2669.517
2020-07-13,2643.2780000000002,3347.939,2995.6085000000003
2020-07-14,2774.9419999999996,3338.5750000000003,3056.7585
2020-07-15,2780.402,3310.378,3045.3900000000003
2020-07-16,2769.328,3316.308,3042.818
2020-07-17,2783.8039999999996,3328.474,3056.139
2020-07-18,2650.656,2896.743,2773.6994999999997
2020-07-19,2536.631,2774.35,2655.4905
2020-07-20,2631.376,3308.132,2969.754
2020-07-21,2752.078,3257.82,3004.949
2020-07-22,2750.0749999999994,3291.938,3021.0064999999995
2020-07-23,2756.196,3301.947,3029.0715
2020-07-24,2782.1530000000002,3313.894,3048.0235000000002
2020-07-25,2633.07,2877.193,2755.1315000000004
2020-07-26,2525.201,2747.747,2636.474
2020-07-27,2611.888,3277.3810000000003,2944.6345
2020-07-28,2743.725,3229.3650000000002,2986.545
2020-07-29,2739.1769999999997,3271.875,3005.526
2020-07-30,2745.019,3306.7780000000002,3025.8985000000002
2020-07-31,2766.685,3258.064,3012.3745
2020-08-01,2734.6109999999994,2996.124,2865.3674999999994
2020-08-02,2625.449,2904.569,2765.009
2020-08-03,2676.6980000000003,3372.513,3024.6055
2020-08-04,2809.0889999999995,3365.7320000000004,3087.4105
2020-08-05,2824.223,3365.1859999999997,3094.7045
2020-08-06,2826.1549999999997,3402.257,3114.206
2020-08-07,2861.8,3410.5299999999997,3136.165
2020-08-08,2785.972,3057.3160000000003,2921.6440000000002
2020-08-09,2679.9930000000004,2937.703,2808.848
2020-08-10,2720.896,3426.099,3073.4975000000004
2020-08-11,2859.761,3428.698,3144.2295
2020-08-12,2861.8979999999997,3445.305,3153.6014999999998
2020-08-13,2865.449,3448.7599999999998,3157.1045
2020-08-14,2883.222,3450.798,3167.01
2020-08-15,2804.066,3084.707,2944.3864999999996
2020-08-16,2696.967,2965.473,2831.2200000000003
2020-08-17,2704.1210000000005,3357.6150000000002,3030.8680000000004
2020-08-18,2823.794,3392.7829999999994,3108.2884999999997
2020-08-19,2803.2369999999996,3349.944,3076.5905
2020-08-20,2799.0839999999994,3352.703,3075.8934999999997
2020-08-21,2818.3120000000004,3360.2240000000006,3089.2680000000005
2020-08-22,2751.22,3018.4700000000003,2884.8450000000003
2020-08-23,2646.54,2915.6809999999996,2781.1105
2020-08-24,2695.713,3407.4440000000004,3051.5785000000005
2020-08-25,2832.6389999999997,3396.0540000000005,3114.3465
2020-08-26,2834.599,3401.057,3117.828
2020-08-27,2817.734,3386.5000000000005,3102.117
2020-08-28,2847.229,3442.365,3144.7969999999996
2020-08-29,2792.446,3083.688,2938.067
2020-08-30,2689.6249999999995,2947.83,2818.7275
2020-08-31,2734.0670000000005,3439.6729999999993,3086.87
2020-09-01,2808.408,3330.5060000000003,3069.4570000000003
2020-09-02,2761.096,3213.6130000000003,2987.3545000000004
2020-09-03,2736.817,3227.799,2982.308
2020-09-04,2750.3680000000004,3236.719,2993.5435
2020-09-05,2632.415,2896.111,2764.263
2020-09-06,2540.532,2777.5930000000003,2659.0625
2020-09-07,2466.5710000000004,2755.794,2611.1825
2020-09-08,2770.691,3298.037,3034.3639999999996
2020-09-09,2746.7980000000002,3212.7830000000004,2979.7905
2020-09-10,2673.028,3112.042,2892.535
2020-09-11,2700.862,3162.777,2931.8195
2020-09-12,2594.731,2851.228,2722.9795000000004
2020-09-13,2522.643,2755.564,2639.1035
2020-09-14,2606.254,3255.4800000000005,2930.867
2020-09-15,2748.9480000000003,3255.789,3002.3685000000005
2020-09-16,2750.129,3268.437,3009.283
2020-09-17,2752.819,3265.5359999999996,3009.1775
2020-09-18,2754.4840000000004,3239.6429999999996,2997.0635
2020-09-19,2597.236,2835.724,2716.48
2020-09-20,2480.688,2697.9289999999996,2589.3085
2020-09-21,2575.564,3189.324,2882.444
2020-09-22,2701.718,3162.601,2932.1594999999998
2020-09-23,2700.106,3164.783,2932.4445
2020-09-24,2700.3109999999997,3171.094,2935.7025
2020-09-25,2702.689,3189.9640000000004,2946.3265
2020-09-26,2607.7839999999997,2867.348,2737.566
2020-09-27,2542.714,2772.978,2657.846
2020-09-28,2571.187,3169.839,2870.513
2020-09-29,2675.29,3163.5469999999996,2919.4184999999998
2020-09-30,2681.212,3213.3849999999998,2947.2985
2020-10-01,2546.908,3130.2379999999994,2838.5729999999994
2020-10-02,2559.7419999999993,3087.3,2823.5209999999997
2020-10-03,2478.741,2717.434,2598.0875
2020-10-04,2393.454,2584.822,2489.138
2020-10-05,2384.4410000000003,3113.8520000000003,2749.1465000000003
2020-10-06,2535.834,3164.0809999999997,2849.9574999999995
2020-10-07,2555.5180000000005,3185.189,2870.3535
2020-10-08,2565.1189999999997,3181.9449999999997,2873.5319999999997
2020-10-09,2612.7649999999994,3187.88,2900.3224999999998
2020-10-10,2516.9790000000003,2770.76,2643.8695000000002
2020-10-11,2444.055,2714.9880000000003,2579.5215
2020-10-12,2451.1929999999998,3189.9339999999997,2820.5634999999997
2020-10-13,2540.9019999999996,3134.393,2837.6475
2020-10-14,2545.9860000000003,3204.469,2875.2275
2020-10-15,2578.9860000000003,3144.201,2861.5935
2020-10-16,2566.936,3073.889,2820.4125000000004
2020-10-17,2471.057,2694.342,2582.6994999999997
2020-10-18,2413.1240000000003,2646.782,2529.9530000000004
2020-10-19,2377.47,3063.052,2720.261
2020-10-20,2552.5819999999994,3189.9579999999996,2871.2699999999995
2020-10-21,2581.5660000000003,3196.9700000000003,2889.268
2020-10-22,2601.7120000000004,3206.116,2903.914
2020-10-23,2540.085,3057.3050000000003,2798.695
2020-10-24,2453.684,2661.852,2557.768
2020-10-25,2385.065,2545.956,2465.5105000000003
2020-10-26,2386.623,3056.209,2721.416
2020-10-27,2577.6029999999996,3054.975,2816.2889999999998
2020-10-28,2584.5959999999995,3051.963,2818.2794999999996
2020-10-29,2569.4270000000006,3044.818,2807.1225000000004
2020-10-30,2579.4260000000004,3047.37,2813.398
2020-10-31,2463.3720000000003,2672.234,2567.803
2020-11-01,2256.0730000000003,2424.6270000000004,2340.3500000000004
2020-11-02,2307.333,2966.734,2637.0335
2020-11-03,2460.873,2986.6730000000002,2723.773
2020-11-04,2449.505,3000.463,2724.9840000000004
2020-11-05,2464.94,3022.9610000000002,2743.9505
2020-11-06,2493.244,3010.0129999999995,2751.6285
2020-11-07,2315.799,2564.621,2440.21
2020-11-08,2257.143,2447.9289999999996,2352.536
2020-11-09,2329.911,3045.972,2687.9415
2020-11-10,2482.566,3012.267,2747.4165
2020-11-11,2458.76,2972.6699999999996,2715.715
2020-11-12,2461.099,3027.037,2744.068
2020-11-13,2489.06,2994.1279999999997,2741.594
2020-11-14,2370.2929999999997,2614.635,2492.464
2020-11-15,2243.341,2431.898,2337.6195
2020-11-16,2309.4159999999997,2962.1230000000005,2635.7695000000003
2020-11-17,2469.444,2974.768,2722.1059999999998
2020-11-18,2469.234,2988.5809999999997,2728.9075
2020-11-19,2466.18,3011.8450000000003,2739.0125
2020-11-20,2499.7239999999997,3010.996,2755.3599999999997
2020-11-21,2338.372,2588.891,2463.6315
2020-11-22,2245.343,2432.7,2339.0215
2020-11-23,2311.0750000000003,2958.323,2634.699
2020-11-24,2462.596,2988.1009999999997,2725.3485
2020-11-25,2461.9159999999997,2967.02,2714.468
2020-11-26,2105.708,2260.514,2183.111
2020-11-27,2087.275,2312.5009999999997,2199.888
2020-11-28,2332.322,2536.384,2434.353
2020-11-29,2261.3920000000003,2428.2019999999998,2344.797
2020-11-30,2345.587,2975.724,2660.6555
2020-12-01,2462.791,2901.6050000000005,2682.1980000000003
2020-12-02,2440.745,2902.898,2671.8215
2020-12-03,2456.318,2906.691,2681.5045
2020-12-04,2483.443,2910.6330000000003,2697.0380000000005
2020-12-05,2290.759,2452.765,2371.7619999999997
2020-12-06,2195.281,2360.969,2278.125
2020-12-07,2305.988,2878.155,2592.0715
2020-12-08,2442.649,2902.037,2672.343
2020-12-09,2441.43,2916.2369999999996,2678.8334999999997
2020-12-10,2433.1929999999998,2932.4100000000003,2682.8015
2020-12-11,2445.982,2913.982,2679.982
2020-12-12,2301.645,2452.075,2376.8599999999997
2020-12-13,2211.748,2385.094,2298.4210000000003
2020-12-14,2336.144,2903.0800000000004,2619.612
2020-12-15,2469.137,2912.8060000000005,2690.9715000000006
2020-12-16,2478.754,2922.4170000000004,2700.5855
2020-12-17,2470.484,2911.236,2690.8599999999997
2020-12-18,2337.825,2697.06,2517.4425
2020-12-19,2296.1000000000004,2451.723,2373.9115
2020-12-20,2212.664,2358.852,2285.758
2020-12-21,2293.376,2655.229,2474.3025
2020-12-22,2395.547,2687.0510000000004,2541.299
2020-12-23,2407.757,2701.737,2554.7470000000003
2020-12-24,2418.168,2707.4469999999997,2562.8075
2020-12-25,1976.763,2134.1530000000002,2055.458
2020-12-26,2283.091,2443.453,2363.272
2020-12-27,2204.456,2368.951,2286.7035
2020-12-28,2125.518,2505.619,2315.5685000000003
2020-12-29,2255.356,2524.389,2389.8725000000004
2020-12-30,2241.962,2520.994,2381.478
2020-12-31,2292.8759999999997,2531.5009999999997,2412.1884999999997
2021-01-01,2065.345,2250.581,2157.9629999999997
2021-01-02,2288.4849999999997,2447.257,2367.871
2021-01-03,2187.749,2329.524,2258.6364999999996
2021-01-04,2305.055,2887.6939999999995,2596.3745
2021-01-05,2433.3219999999997,2903.9910000000004,2668.6565
2021-01-06,2425.007,2913.817,2669.4120000000003
2021-01-07,2436.469,2903.6980000000003,2670.0835
2021-01-08,2475.8320000000003,2919.668,2697.75
2021-01-09,2298.2270000000003,2461.0919999999996,2379.6594999999998
2021-01-10,2209.11,2370.126,2289.6180000000004
2021-01-11,2344.04,2907.743,2625.8914999999997
2021-01-12,2477.6749999999997,2915.627,2696.651
2021-01-13,2463.932,2904.819,2684.3755
2021-01-14,2435.31,2901.464,2668.3869999999997
2021-01-15,2465.42,2905.1800000000003,2685.3
2021-01-16,2272.035,2434.102,2353.0685
2021-01-17,2182.791,2330.976,2256.8835
2021-01-18,2312.899,2833.0270000000005,2572.963
2021-01-19,2421.528,2901.114,2661.321
2021-01-20,2429.635,2897.739,2663.687
2021-01-21,2427.3830000000003,2890.4139999999998,2658.8985000000002
2021-01-22,2443.3230000000003,2891.8920000000003,2667.6075
2021-01-23,2252.435,2422.875,2337.6549999999997
2021-01-24,2155.514,2342.509,2249.0115
2021-01-25,2280.239,2890.765,2585.502
2021-01-26,2429.15,2890.7660000000005,2659.9580000000005
2021-01-27,2439.293,2902.3110000000006,2670.8020000000006
2021-01-28,2469.442,2910.2139999999995,2689.8279999999995
2021-01-29,2461.559,2889.024,2675.2915000000003
2021-01-30,2240.71,2422.7540000000004,2331.732
2021-01-31,2154.777,2321.462,2238.1195
2021-02-01,2322.1769999999997,2903.89,2613.0334999999995
2021-02-02,2454.653,2911.129,2682.8909999999996
2021-02-03,2454.802,2931.65,2693.226
2021-02-04,2439.523,2938.3190000000004,2688.9210000000003
2021-02-05,2472.016,2911.192,2691.6040000000003
2021-02-06,2311.8520000000003,2474.746,2393.299
2021-02-07,2238.962,2379.8179999999998,2309.39
2021-02-08,2318.78,2901.967,2610.3735
2021-02-09,2484.213,2941.732,2712.9725
2021-02-10,2507.858,2959.504,2733.681
2021-02-11,2528.9139999999998,2972.5190000000002,2750.7165
2021-02-12,2560.967,2993.1679999999997,2777.0675
2021-02-13,2395.1670000000004,2569.269,2482.218
2021-02-14,2347.301,2457.98,2402.6405
2021-02-15,2259.3707999999997,2845.5155999999997,2552.4431999999997
2021-02-16,2513.4712,2915.385,2714.4281
2021-02-17,2472.1688000000004,2881.894,2677.0314
2021-02-18,2492.805,2911.0355,2701.92025
2021-02-19,2547.643,2973.005,2760.324
2021-02-20,2330.147,2505.316,2417.7315
2021-02-21,2233.587,2370.15,2301.8685
2021-02-22,2310.676,2885.2520000000004,2597.964
2021-02-23,2412.4790000000003,2943.584,2678.0315
2021-02-24,2433.9010000000003,2926.66,2680.2805
2021-02-25,2427.2740000000003,2897.571,2662.4225
2021-02-26,2461.104,2890.772,2675.938
2021-02-27,2292.52,2452.618,2372.569
2021-02-28,2210.887,2351.306,2281.0965
2021-03-01,2285.226,2919.2639999999997,2602.245
2021-03-02,2446.0660000000003,2912.6820000000002,2679.3740000000003
2021-03-03,2453.336,2925.027,2689.1814999999997
2021-03-04,2449.324,2948.1040000000007,2698.7140000000004
2021-03-05,2457.654,2952.359,2705.0065
2021-03-06,2259.043,2459.9300000000003,2359.4865
2021-03-07,2199.644,2338.108,2268.876
2021-03-08,2293.444,2942.1350000000007,2617.7895000000003
2021-03-09,2438.576,2945.9759999999997,2692.276
2021-03-10,2453.692,2981.8410000000003,2717.7665
2021-03-11,2463.153,3020.465,2741.809
2021-03-12,2495.735,3016.783,2756.259
2021-03-13,2302.9390000000003,2530.171,2416.5550000000003
2021-03-14,2253.034,2433.131,2343.0825
2021-03-15,2335.7520000000004,3058.512,2697.1320000000005
2021-03-16,2510.774,3081.1279999999997,2795.951
2021-03-17,2505.4990000000003,3020.105,2762.802
2021-03-18,2494.158,2980.927,2737.5425
2021-03-19,2525.3740000000003,2980.272,2752.8230000000003
2021-03-20,2330.5370000000003,2530.4890000000005,2430.5130000000004
2021-03-21,2258.061,2405.281,2331.6710000000003
2021-03-22,2342.931,3010.784,2676.8575
2021-03-23,2476.714,3014.4820000000004,2745.598
2021-03-24,2482.668,3023.8669999999997,2753.2675
2021-03-25,2496.2129999999997,2997.2990000000004,2746.7560000000003
2021-03-26,2506.73,3037.292,2772.011
2021-03-27,2370.565,2585.574,2478.0695
2021-03-28,2246.0840000000003,2424.57,2335.327
2021-03-29,2329.483,3046.228,2687.8555
2021-03-30,2499.377,3062.4990000000007,2780.938
2021-03-31,2485.4280000000003,3002.7099999999996,2744.069
2021-04-01,2535.3450000000003,3044.6669999999995,2790.006
2021-04-02,2560.901,3052.9829999999997,2806.942
2021-04-03,2370.035,2594.592,2482.3135
2021-04-04,2296.313,2471.131,2383.7219999999998
2021-04-05,2387.509,3114.152,2750.8305
2021-04-06,2552.645,3159.3209999999995,2855.9829999999997
2021-04-07,2566.382,3136.486,2851.434
2021-04-08,2532.123,3141.143,2836.633
2021-04-09,2585.133,3170.9770000000003,2878.0550000000003
2021-04-10,2376.1040000000003,2596.0420000000004,2486.0730000000003
2021-04-11,2285.992,2516.766,2401.379
2021-04-12,2381.222,3159.143,2770.1825
2021-04-13,2541.021,3116.807,2828.9139999999998
2021-04-14,2542.164,3100.3320000000003,2821.2480000000005
2021-04-15,2515.312,3049.82,2782.566
2021-04-16,2547.9519999999998,3041.535,2794.7434999999996
2021-04-17,2364.527,2569.761,2467.1440000000002
2021-04-18,2292.946,2436.25,2364.598
2021-04-19,2377.955,3060.3,2719.1275
2021-04-20,2521.1519999999996,3036.01,2778.581
2021-04-21,2525.9300000000003,3018.884,2772.407
2021-04-22,2527.481,3045.502,2786.4915
2021-04-23,2556.1399999999994,3054.8199999999997,2805.4799999999996
2021-04-24,2367.268,2595.341,2481.3045
2021-04-25,2280.415,2501.9469999999997,2391.1809999999996
2021-04-26,2386.129,3157.792,2771.9605
2021-04-27,2570.179,3130.531,2850.355
2021-04-28,2581.986,3163.452,2872.719
2021-04-29,2550.612,3085.62,2818.116
2021-04-30,2564.7679999999996,3065.1440000000002,2814.956
2021-05-01,2447.959,2692.794,2570.3765
2021-05-02,2370.307,2597.2129999999997,2483.7599999999998
2021-05-03,2481.482,3301.8740000000003,2891.678
2021-05-04,2616.8019999999997,3191.257,2904.0294999999996
2021-05-05,2592.765,3171.608,2882.1865
2021-05-06,2601.2889999999998,3211.228,2906.2585
2021-05-07,2625.1079999999997,3239.361,2932.2344999999996
2021-05-08,2500.0879999999997,2756.813,2628.4505
2021-05-09,2427.495,2610.7599999999998,2519.1274999999996
2021-05-10,2449.524,3123.9590000000003,2786.7415
2021-05-11,2581.004,3118.075,2849.5395
2021-05-12,2585.642,3123.2580000000003,2854.45
2021-05-13,2596.05,3148.4509999999996,2872.2505
2021-05-14,2626.5660000000003,3177.2010000000005,2901.8835000000004
2021-05-15,2469.621,2724.398,2597.0095
2021-05-16,2387.397,2565.084,2476.2405
2021-05-17,2466.653,3220.235,2843.444
2021-05-18,2607.9069999999997,3160.6009999999997,2884.254
2021-05-19,2607.64,3208.5600000000004,2908.1000000000004
2021-05-20,2618.0780000000004,3210.456,2914.2670000000003
2021-05-21,2661.346,3237.1670000000004,2949.2565000000004
2021-05-22,2470.7380000000003,2733.8540000000003,2602.2960000000003
2021-05-23,2397.632,2557.6099999999997,2477.621
2021-05-24,2471.265,3214.279,2842.772
2021-05-25,2630.5339999999997,3227.917,2929.2254999999996
2021-05-26,2652.642,3292.491,2972.5665
2021-05-27,2675.8289999999997,3308.105,2991.9669999999996
2021-05-28,2684.0730000000003,3226.852,2955.4625
2021-05-29,2487.487,2736.306,2611.8965
2021-05-30,2388.573,2559.5589999999997,2474.066
2021-05-31,2338.179,2613.0480000000002,2475.6135000000004
2021-06-01,2663.6639999999998,3131.824,2897.7439999999997
2021-06-02,2655.3959999999997,3161.8490000000006,2908.6225000000004
2021-06-03,2673.301,3174.2279999999996,2923.7644999999998
2021-06-04,2700.1960000000004,3187.189,2943.6925
2021-06-05,2614.1,2855.087,2734.5935
2021-06-06,2506.468,2746.318,2626.393
2021-06-07,2579.161,3184.8360000000002,2881.9985
2021-06-08,2711.712,3234.691,2973.2015
2021-06-09,2741.5800000000004,3268.198,3004.889
2021-06-10,2755.601,3286.189,3020.895
2021-06-11,2778.6849999999995,3301.280999999999,3039.9829999999993
2021-06-12,2675.6929999999998,2923.164,2799.4285
2021-06-13,2571.725,2837.861,2704.7929999999997
2021-06-14,2638.2359999999994,3342.1119999999996,2990.1739999999995
2021-06-15,2769.2850000000003,3317.9280000000003,3043.6065000000003
2021-06-16,2761.5850000000005,3320.493,3041.039
2021-06-17,2762.1110000000003,3326.742,3044.4265000000005
2021-06-18,2786.154,3308.9509999999996,3047.5525
2021-06-19,2665.768,2943.55,2804.659
2021-06-20,2575.881,2828.8650000000007,2702.3730000000005
2021-06-21,2627.7650000000003,3279.9090000000006,2953.8370000000004
2021-06-22,2720.2630000000004,3213.726,2966.9945000000002
2021-06-23,2734.2720000000004,3293.5229999999997,3013.8975
2021-06-24,2759.318,3319.9919999999997,3039.6549999999997
2021-06-25,2794.102,3332.202,3063.152
2021-06-26,2703.7480000000005,2960.944,2832.3460000000005
2021-06-27,2586.618,2800.85,2693.734
2021-06-28,2613.594,3231.8219999999997,2922.7079999999996
2021-06-29,2723.831,3235.752,2979.7915000000003
2021-06-30,2729.7410000000004,3251.3559999999998,2990.5485
2021-07-01,2730.817,3274.4900000000002,3002.6535000000003
2021-07-02,2752.744,3237.016,2994.88
2021-07-03,2590.913,2818.635,2704.7740000000003
2021-07-04,2200.28,2403.877,2302.0785
2021-07-05,2584.16,3225.9750000000004,2905.0675
2021-07-06,2710.1420000000003,3231.621,2970.8815000000004
2021-07-07,2718.285999999999,3250.3430000000003,2984.3144999999995
2021-07-08,2730.9709999999995,3255.6969999999997,2993.334
2021-07-09,2745.5930000000003,3222.2349999999997,2983.9139999999998
2021-07-10,2607.132,2858.041,2732.5865000000003
2021-07-11,2502.942,2727.424,2615.183
2021-07-12,2596.11,3219.943,2908.0265
2021-07-13,2711.292,3243.46,2977.376
2021-07-14,2707.536,3233.7989999999995,2970.6674999999996
2021-07-15,2723.074,3248.8269999999998,2985.9505
2021-07-16,2755.931,3279.5570000000002,3017.744
2021-07-17,2632.9480000000003,2884.155,2758.5515000000005
2021-07-18,2525.5509999999995,2747.5969999999998,2636.5739999999996
2021-07-19,2609.41,3222.9589999999994,2916.1844999999994
2021-07-20,2718.9269999999997,3233.158,2976.0424999999996
2021-07-21,2713.906,3239.1410000000005,2976.5235000000002
2021-07-22,2724.602,3263.3210000000004,2993.9615000000003
2021-07-23,2755.7460000000005,3283.584,3019.665
2021-07-24,2633.4829999999997,2897.6150000000002,2765.549
2021-07-25,2528.1320000000005,2790.488,2659.3100000000004
2021-07-26,2629.1609999999996,3328.4030000000002,2978.782
2021-07-27,2766.3700000000003,3343.1559999999995,3054.763
2021-07-28,2770.606,3329.228,3049.9170000000004
2021-07-29,2764.7290000000003,3319.956,3042.3425
2021-07-30,2783.716,3326.125,3054.9205
2021-07-31,2654.598,2921.2899999999995,2787.9439999999995
2021-08-01,2672.2960000000003,2911.203,2791.7495
2021-08-02,2679.4700000000003,3310.7060000000006,2995.0880000000006
2021-08-03,2795.965,3331.179,3063.572
2021-08-04,2797.695,3326.9210000000003,3062.308
2021-08-05,2800.79,3343.193,3071.9915
2021-08-06,2829.2079999999996,3365.7670000000003,3097.4875
2021-08-07,2763.652,3029.2670000000003,2896.4595
2021-08-08,2668.9260000000004,2916.298,2792.612
2021-08-09,2713.8750000000005,3408.8769999999995,3061.376
2021-08-10,2847.1789999999996,3401.9579999999996,3124.5684999999994
2021-08-11,2843.747,3401.212,3122.4795
2021-08-12,2846.8799999999997,3407.9069999999997,3127.3934999999997
2021-08-13,2865.4680000000003,3399.3060000000005,3132.3870000000006
2021-08-14,2736.8509999999997,3008.182,2872.5164999999997
2021-08-15,2640.628,2840.361,2740.4945
2021-08-16,2669.3360000000002,3367.022,3018.179
2021-08-17,2802.7859999999996,3350.913,3076.8495
2021-08-18,2797.1,3289.068,3043.084
2021-08-19,2812.6330000000003,3373.494,3093.0635
2021-08-20,2850.909,3397.5730000000003,3124.241
2021-08-21,2784.6650000000004,3046.4869999999996,2915.576
2021-08-22,2677.8500000000004,2925.694,2801.772
2021-08-23,2709.647,3413.826,3061.7365
2021-08-24,2842.9139999999998,3411.285,3127.0995
2021-08-25,2843.699,3414.5149999999994,3129.107
2021-08-26,2851.736,3418.826,3135.281
2021-08-27,2861.1259999999997,3382.8820000000005,3122.004
2021-08-28,2769.355,3031.3559999999998,2900.3554999999997
2021-08-29,2657.312,2866.9410000000003,2762.1265000000003
2021-08-30,2693.6020000000003,3397.5359999999996,3045.569
2021-08-31,2840.1349999999998,3419.2100000000005,3129.6725
2021-09-01,2800.0029999999997,3361.29,3080.6465
2021-09-02,2803.6160000000004,3354.2870000000003,3078.9515
2021-09-03,2819.5289999999995,3349.5399999999995,3084.5344999999998
2021-09-04,2701.2899999999995,2962.2090000000003,2831.7495
2021-09-05,2600.344,2812.707,2706.5254999999997
2021-09-06,2488.049,2761.294,2624.6715
2021-09-07,2762.379,3314.875,3038.627
2021-09-08,2752.468,3297.395,3024.9314999999997
2021-09-09,2738.9749999999995,3280.945,3009.96
2021-09-10,2746.5370000000003,3268.5449999999996,3007.541
2021-09-11,2631.626,2887.948,2759.7870000000003
2021-09-12,2515.496,2770.541,2643.0185
2021-09-13,2606.4570000000003,3265.069,2935.763
2021-09-14,2742.5350000000003,3244.6310000000003,2993.5830000000005
2021-09-15,2739.523,3264.765,3002.1440000000002
2021-09-16,2743.785,3280.944,3012.3644999999997
2021-09-17,2766.951,3287.3,3027.1255
2021-09-18,2665.7889999999998,2932.191,2798.99
2021-09-19,2567.486,2817.479,2692.4825
2021-09-20,2653.389,3375.065,3014.227
2021-09-21,2791.051,3288.6,3039.8255
2021-09-22,2724.6459999999997,3213.351,2968.9984999999997
2021-09-23,2685.034,3197.49,2941.2619999999997
2021-09-24,2701.156,3206.1630000000005,2953.6595
2021-09-25,2596.3160000000003,2872.258,2734.2870000000003
2021-09-26,2505.81,2765.178,2635.4939999999997
2021-09-27,2595.5020000000004,3261.0899999999997,2928.2960000000003
2021-09-28,2738.8430000000003,3287.736,3013.2895
2021-09-29,2746.433,3276.058,3011.2455
2021-09-30,2748.8720000000003,3284.389,3016.6305
2021-10-01,2616.1380000000004,3135.317,2875.7275
2021-10-02,2516.513,2760.8240000000005,2638.6685
2021-10-03,2426.902,2646.342,2536.6220000000003
2021-10-04,2417.223,3199.3260000000005,2808.2745000000004
2021-10-05,2560.9219999999996,3184.474,2872.698
2021-10-06,2555.8540000000003,3178.1920000000005,2867.023
2021-10-07,2568.0570000000002,3212.015,2890.036
2021-10-08,2619.609,3232.6,2926.1045
2021-10-09,2550.04,2810.6,2680.3199999999997
2021-10-10,2465.485,2690.0809999999997,2577.783
2021-10-11,2408.376,3152.4759999999997,2780.426
2021-10-12,2580.206,3180.584,2880.395
2021-10-13,2605.0009999999997,3191.3150000000005,2898.1580000000004
2021-10-14,2592.051,3171.056,2881.5535
2021-10-15,2597.969,3117.9289999999996,2857.9489999999996
2021-10-16,2443.736,2681.9649999999997,2562.8504999999996
2021-10-17,2382.474,2534.124,2458.299
2021-10-18,2379.141,3089.69,2734.4155
2021-10-19,2552.7730000000006,3132.884,2842.8285000000005
2021-10-20,2562.896,3171.1409999999996,2867.0185
2021-10-21,2571.149,3183.937,2877.5429999999997
2021-10-22,2587.245,3174.4489999999996,2880.8469999999998
2021-10-23,2533.619,2786.5289999999995,2660.0739999999996
2021-10-24,2448.2019999999998,2664.9230000000002,2556.5625
2021-10-25,2434.017,3220.1169999999997,2827.067
2021-10-26,2603.534,3209.5089999999996,2906.5215
2021-10-27,2565.992,3115.178,2840.585
2021-10-28,2556.857,3100.8699999999994,2828.8634999999995
2021-10-29,2565.6009999999997,3074.8500000000004,2820.2255
2021-10-30,2459.446,2671.8030000000003,2565.6245
2021-10-31,2376.5840000000003,2580.1079999999997,2478.346
2021-11-01,2369.131,3098.612,2733.8715
2021-11-02,2511.5860000000002,3035.6189999999997,2773.6025
2021-11-03,2517.687,3019.8230000000003,2768.755
2021-11-04,2525.683,3024.3929999999996,2775.0379999999996
2021-11-05,2553.107,3023.5709999999995,2788.339
2021-11-06,2398.523,2600.4399999999996,2499.4815
2021-11-07,2263.087,2429.539,2346.313
2021-11-08,2301.496,2991.801,2646.6485000000002
2021-11-09,2467.859,3013.113,2740.486
2021-11-10,2478.487,3027.3709999999996,2752.929
2021-11-11,2450.21,2979.7219999999998,2714.966
2021-11-12,2481.691,2961.464000000001,2721.5775000000003
2021-11-13,2318.1519999999996,2522.376,2420.264
2021-11-14,2265.132,2428.968,2347.05
2021-11-15,2292.891,3011.724,2652.3075
2021-11-16,2454.951,3053.18,2754.0654999999997
2021-11-17,2485.055,3055.987,2770.5209999999997
2021-11-18,2452.437,2962.5969999999998,2707.517
2021-11-19,2486.123,2948.303,2717.2129999999997
2021-11-20,2312.147,2538.783,2425.465
2021-11-21,2261.519,2425.5139999999997,2343.5164999999997
2021-11-22,2309.592,2968.6369999999997,2639.1144999999997
2021-11-23,2467.6,2978.063,2722.8315000000002
2021-11-24,2463.52,3007.607,2735.5635
2021-11-25,2110.595,2241.525,2176.06
2021-11-26,2107.307,2303.656,2205.4815
2021-11-27,2328.697,2537.276,2432.9865
2021-11-28,2267.937,2430.417,2349.1769999999997
2021-11-29,2323.369,2979.5360000000005,2651.4525000000003
2021-11-30,2470.0,2997.1910000000003,2733.5955000000004
2021-12-01,2418.565,2934.351,2676.458
2021-12-02,2410.9730000000004,2944.562,2677.7675
2021-12-03,2458.197,2938.722,2698.4595
2021-12-04,2293.504,2488.719,2391.1115
2021-12-05,2202.341,2416.404,2309.3725
2021-12-06,2275.0099999999998,2893.633,2584.3215
2021-12-07,2441.571,2895.3979999999997,2668.4844999999996
2021-12-08,2434.455,2893.4170000000004,2663.936
2021-12-09,2433.145,2964.6130000000003,2698.879
2021-12-10,2455.247,2997.919,2726.5829999999996
2021-12-11,2290.477,2440.875,2365.676
2021-12-12,2214.418,2366.725,2290.5715
2021-12-13,2307.83,2897.333,2602.5815000000002
2021-12-14,2429.48,2940.574,2685.027
2021-12-15,2443.3150000000005,3010.489,2726.902
2021-12-16,2459.6150000000002,2981.4439999999995,2720.5294999999996
2021-12-17,2477.562,2984.8379999999997,2731.2
2021-12-18,2280.9339999999997,2447.8559999999998,2364.3949999999995
2021-12-19,2213.603,2377.383,2295.493
2021-12-20,2303.204,2678.5499999999997,2490.877
2021-12-21,2400.911,2694.372,2547.6414999999997
2021-12-22,2396.955,2684.055,2540.505
2021-12-23,2393.222,2705.5140000000006,2549.3680000000004
2021-12-24,2364.6330000000003,2734.4919999999997,2549.5625
2021-12-25,2311.93,2517.255,2414.5924999999997
2021-12-26,2204.5800000000004,2419.924,2312.2520000000004
2021-12-27,2318.902,2969.037,2643.9695
2021-12-28,2449.168,3011.74,2730.4539999999997
2021-12-29,2436.8880000000004,2957.6780000000003,2697.2830000000004
2021-12-30,2423.2650000000003,2927.514,2675.3895
2021-12-31,2449.699,2919.868,2684.7835
2022-01-01,1811.419,1956.886,1884.1525000000001
2022-01-02,2241.7019999999998,2374.739,2308.2205
2022-01-03,2350.619,2902.675,2626.647
2022-01-04,2454.755,2901.933,2678.344
2022-01-05,2440.756,2903.245,2672.0005
2022-01-06,2472.628,2929.08,2700.8540000000003
2022-01-07,2513.049,2938.8069999999993,2725.928
2022-01-08,2257.739,2436.049,2346.8940000000002
2022-01-09,2159.147,2336.119,2247.633
2022-01-10,2316.573,2891.33,2603.9515
2022-01-11,2457.2529999999997,2909.347,2683.3
2022-01-12,2447.8869999999997,2897.5480000000002,2672.7174999999997
2022-01-13,2443.313,2911.966,2677.6395
2022-01-14,2456.763,2906.9200000000005,2681.8415000000005
2022-01-15,2300.915,2453.995,2377.455
2022-01-16,2213.145,2344.262,2278.7035
2022-01-17,2327.04,2841.474,2584.257
2022-01-18,2444.958,2921.905,2683.4315
2022-01-19,2417.001,2918.087,2667.544
2022-01-20,2476.722,2934.8660000000004,2705.7940000000003
2022-01-21,2519.2599999999998,2945.392,2732.326
2022-01-22,2293.97,2470.406,2382.188
2022-01-23,2196.139,2328.557,2262.348
2022-01-24,2297.898,2880.086,2588.992
2022-01-25,2435.6639999999998,2893.936,2664.8
2022-01-26,2458.455,2903.418,2680.9365
2022-01-27,2449.456,2900.8590000000004,2675.1575000000003
2022-01-28,2477.385,2907.049,2692.217
2022-01-29,2251.501,2423.191,2337.346
2022-01-30,2170.871,2324.892,2247.8815
2022-01-31,2290.269,2891.126,2590.6975
2022-02-01,2432.945,2927.519,2680.232
2022-02-02,2440.741,2931.746,2686.2435
2022-02-03,2490.753369331793,2935.4740937028196,2713.1137315173064
2022-02-04,2532.877232143246,2945.566166698345,2739.2216994207956
2022-02-05,2341.836038176476,2506.6431531017297,2424.239595639103
2022-02-06,2254.6264871101857,2369.0211645093746,2311.82382580978
2022-02-07,2330.7451525078127,2879.385415345236,2605.0652839265244
2022-02-08,2459.227410046847,2886.5209948845977,2672.874202465722
2022-02-09,2451.0735544282807,2888.5234567766847,2669.7985056024827
2022-02-10,2448.1647556012394,2891.411489737854,2669.7881226695467
2022-02-11,2463.902366320396,2891.34748797728,2677.6249271488377
2022-02-12,2312.9171724443236,2464.1333503370074,2388.5252613906655
2022-02-13,2233.8841673044094,2349.6536220031508,2291.76889465378
2022-02-14,2315.886191166591,2874.648775670738,2595.2674834186646
2022-02-15,2442.465525690162,2901.0599180398535,2671.7627218650077
2022-02-16,2445.6254851893386,2915.278257263445,2680.4518712263916
2022-02-17,2420.8425426187127,2895.361593429771,2658.102068024242
2022-02-18,2491.445971784468,2899.8818949274737,2695.6639333559706
2022-02-19,2298.340728283464,2460.173137980253,2379.2569331318587
2022-02-20,2213.2817508249695,2354.6869734025713,2283.9843621137707
2022-02-21,2191.404629127178,2861.1924287377933,2526.2985289324856
2022-02-22,2415.347268447809,2887.7587298753247,2651.5529991615667
2022-02-23,2470.6733403242315,2912.5601695066903,2691.6167549154607
2022-02-24,2499.861007983736,2917.238576225826,2708.549792104781
2022-02-25,2510.6572807198763,2918.3142320049606,2714.485756362418
2022-02-26,2328.6688830169123,2481.417354814968,2405.04311891594
2022-02-27,2237.294549198639,2347.610477257173,2292.452513227906
2022-02-28,2318.404177985492,2859.484972670727,2588.9445753281097
2022-03-01,2453.489002214834,2909.268341374487,2681.3786717946605
2022-03-02,2425.489185247202,2916.4146786465244,2670.951931946863
2022-03-03,2428.602935911173,2927.793936117424,2678.1984360142987
2022-03-04,2463.8575621013024,2930.0385265711175,2696.94804433621
2022-03-05,2275.336543370474,2487.4987537978664,2381.41764858417
2022-03-06,2201.6696659079885,2337.675597604964,2269.672631756476
2022-03-07,2302.918015515884,2899.2901037627153,2601.1040596392995
2022-03-08,2468.4485820571367,2897.3548594310855,2682.901720744111
2022-03-09,2469.242353589986,2894.8399925202043,2682.041173055095
2022-03-10,2457.480760964834,2887.2513435556693,2672.3660522602518
2022-03-11,2486.7795225801156,2907.3182832524026,2697.048902916259
2022-03-12,2269.297006537863,2459.759485853408,2364.528246195636
2022-03-13,2171.084,2387.010429141861,2279.0472145709305
2022-03-14,2328.045809884584,2988.027961424127,2658.0368856543555
2022-03-15,2494.7662253326703,2979.4218272040507,2737.0940262683607
2022-03-16,2476.0278180289924,3014.981043952887,2745.50443099094
2022-03-17,2492.972305518575,3014.5688193954875,2753.7705624570312
2022-03-18,2509.8035592852584,2965.8697079906474,2737.836633637953
2022-03-19,2313.6929090344274,2515.595603727674,2414.6442563810506
2022-03-20,2242.477660371732,2423.6246032739896,2333.051131822861
2022-03-21,2340.216387810411,2997.231938914404,2668.7241633624076
2022-03-22,2474.9478690102037,2963.646553924023,2719.2972114671134
2022-03-23,2488.523098606089,2963.7914555538896,2726.1572770799894
2022-03-24,2494.47185044428,2960.4017176560174,2727.4367840501486
2022-03-25,2489.1337624414955,2991.7033154472756,2740.4185389443855
2022-03-26,2336.567473748232,2544.679116660139,2440.6232952041855
2022-03-27,2231.0673868778317,2480.1255863715623,2355.596486624697
2022-03-28,2349.6576418975824,3077.4782806804687,2713.5679612890253
2022-03-29,2514.7671734001938,3051.923013225376,2783.345093312785
2022-03-30,2488.8526416374525,2974.6360189722704,2731.7443303048613
2022-03-31,2484.6184935595934,2961.452743610926,2723.0356185852597
2022-04-01,2540.6089560442415,3039.825904152968,2790.217430098605
2022-04-02,2368.4920532694214,2575.130790259197,2471.811421764309
2022-04-03,2272.7624705467088,2500.3925815970006,2386.5775260718547
2022-04-04,2387.8527071351955,3086.166814755279,2737.0097609452373
2022-04-05,2534.429516150516,3148.9266417237836,2841.6780789371496
2022-04-06,2535.0445790244266,3061.172696253679,2798.108637639053
2022-04-07,2520.6956442142905,3029.8019348175244,2775.2487895159074
2022-04-08,2547.0661703103974,3011.3949111890697,2779.2305407497333
2022-04-09,2370.4121262369567,2586.813277038515,2478.612701637736
2022-04-10,2283.9483091519724,2496.718812467832,2390.3335608099023
2022-04-11,2403.91671440781,3140.115276228013,2772.015995317912
2022-04-12,2569.7036691080375,3138.4787404845965,2854.091204796317
2022-04-13,2564.5756134995127,3094.232803000939,2829.4042082502256
2022-04-14,2517.301684447915,3049.3965014890564,2783.349092968486
2022-04-15,2543.713281478194,3095.0927927244798,2819.403037101337
2022-04-16,2365.970336430995,2605.9602198905122,2485.9652781607538
2022-04-17,2282.7805417641875,2465.640183168371,2374.2103624662795
2022-04-18,2368.642676525469,3041.6972508935282,2705.169963709499
2022-04-19,2524.473324022112,3047.256933307297,2785.8651286647046
2022-04-20,2529.8202675181647,3129.450612575505,2829.635440046835
2022-04-21,2564.1024833844317,3134.349512720012,2849.225998052222
2022-04-22,2598.526442241155,3126.4608453582127,2862.493643799684
2022-04-23,2409.9668734498664,2632.2075791558027,2521.0872263028346
2022-04-24,2317.398314682909,2486.5680965018905,2401.9832055924
2022-04-25,2374.5209624164513,3020.611994848223,2697.566478632337
2022-04-26,2511.4150664087033,3026.059340717713,2768.737203563208
2022-04-27,2518.8133798631707,3050.45353123173,2784.6334555474505
2022-04-28,2524.8928437656264,3088.9976747702826,2806.9452592679545
2022-04-29,2574.663565836598,3101.7471331696142,2838.205349503106
2022-04-30,2392.4386644713495,2615.353370138004,2503.8960173046767
2022-05-01,2360.243809682706,2578.1298624944493,2469.1868360885774
2022-05-02,2474.1253995638986,3223.3257379379656,2848.7255687509323
2022-05-03,2595.373240251937,3108.844570391062,2852.1089053214996
2022-05-04,2602.5054758201272,3187.383812319214,2894.9446440696706
2022-05-05,2612.737854922085,3153.6901053563747,2883.2139801392295
2022-05-06,2622.8946787537,3182.175522507459,2902.5351006305796
2022-05-07,2481.500026127946,2715.772890235924,2598.6364581819353
2022-05-08,2412.737575657654,2641.381254827616,2527.0594152426347
2022-05-09,2517.869270213259,3283.7505058246966,2900.8098880189777
2022-05-10,2678.038864079343,3256.744876115181,2967.3918700972617
2022-05-11,2664.724756509608,3247.830150601721,2956.2774535556646
2022-05-12,2654.757424259085,3252.892331612944,2953.8248779360147
2022-05-13,2674.6315360203926,3256.1646899546217,2965.3981129875074
2022-05-14,2497.265432172803,2737.9290386161147,2617.597235394459
2022-05-15,2410.922113569952,2648.1299359221566,2529.5260247460546
2022-05-16,2498.176303302513,3251.146836871038,2874.6615700867756
2022-05-17,2663.4303220550155,3268.4619363667734,2965.9461292108945
2022-05-18,2663.387428658275,3270.4411136419035,2966.914271150089
2022-05-19,2665.782565527079,3277.087572945809,2971.435069236444
2022-05-20,2696.5933725521327,3264.4635145802877,2980.52844356621
2022-05-21,2450.0122388553573,2725.642123877846,2587.8271813666015
2022-05-22,2340.5323816586947,2500.077064375306,2420.3047230170005
2022-05-23,2440.2165075387297,3142.908463900437,2791.5624857195835
2022-05-24,2596.653438543917,3130.175642647027,2863.4145405954723
2022-05-25,2582.639779065033,3103.206176442785,2842.922977753909
2022-05-26,2574.1274103817223,3181.2036075799465,2877.6655089808346
2022-05-27,2621.976066542465,3204.9532550835793,2913.4646608130224
2022-05-28,2502.2620614874854,2736.9547531733656,2619.6084073304255
2022-05-29,2411.3054415703277,2631.736652192559,2521.5210468814435
2022-05-30,2394.8760718011367,2678.581315106764,2536.7286934539507
2022-05-31,2670.4851290804154,3261.8682296068264,2966.176679343621
2022-06-01,2716.9235866241825,3181.1053586698285,2949.0144726470053
2022-06-02,2681.3101133187097,3124.960792842981,2903.1354530808453
2022-06-03,2686.244250238006,3129.2005152019424,2907.722382719974
2022-06-04,2585.2900659021757,2796.847479218286,2691.068772560231
2022-06-05,2502.3965095064605,2727.4007014496697,2614.8986054780653
2022-06-06,2582.4211343227716,3213.0747283857154,2897.7479313542435
2022-06-07,2725.0366031972853,3212.6947482294077,2968.8656757133467
2022-06-08,2727.068054166993,3194.512631853271,2960.7903430101323
2022-06-09,2710.152896668758,3194.399923122238,2952.2764098954976
2022-06-10,2734.032586276715,3217.032211022114,2975.5323986494145
2022-06-11,2646.3818979874645,2903.089954979595,2774.7359264835295
2022-06-12,2551.980598547143,2784.74492903696,2668.3627637920517
2022-06-13,2618.907451115433,3250.976219992071,2934.941835553752
2022-06-14,2744.4290645488327,3225.020591287189,2984.7248279180108
2022-06-15,2739.1359480761403,3220.151469548893,2979.6437088125167
2022-06-16,2736.724947708541,3223.82126480553,2980.2731062570356
2022-06-17,2744.111865080351,3233.374693998505,2988.743279539428
2022-06-18,2645.8217451039277,2877.8632539401615,2761.842499522045
2022-06-19,2541.291578971855,2760.1267318003524,2650.7091553861037
2022-06-20,2601.8298931886693,3233.9255577130734,2917.8777254508714
2022-06-21,2741.6118358747935,3232.364922849141,2986.9883793619674
2022-06-22,2735.925762992391,3233.9015172358777,2984.913640114134
2022-06-23,2737.7312049331704,3245.9172185659913,2991.824211749581
2022-06-24,2759.3359935190556,3255.4148451236865,3007.375419321371
2022-06-25,2663.268234276976,2895.3834784179553,2779.3258563474656
2022-06-26,2549.966006791099,2771.0740510052588,2660.5200288981787
2022-06-27,2596.8371170595706,3204.3509111671306,2900.5940141133506
2022-06-28,2714.00485327678,3169.1056346483347,2941.555243962557
2022-06-29,2697.598444689008,3183.0664605813304,2940.332452635169
2022-06-30,2709.7631690584126,3214.4613504315394,2962.1122597449757
2022-07-01,2719.8935417289595,3191.6471985544686,2955.770370141714
2022-07-02,2582.602829044327,2818.3633045401793,2700.4830667922533
2022-07-03,2487.0615623767,2696.6143959949886,2591.8379791858442
2022-07-04,2443.4413517603525,2787.037108548444,2615.2392301543982
2022-07-05,2723.645328504278,3217.137069741851,2970.3911991230643
2022-07-06,2726.5318521318554,3230.1690681954738,2978.3504601636646
2022-07-07,2731.5747617158922,3232.5628138237958,2982.0687877698438
2022-07-08,2749.0395584672765,3240.8350810370985,2994.9373197521872
2022-07-09,2613.131606799184,2854.6046327199006,2733.8681197595424
2022-07-10,2497.642003756399,2726.06921726728,2611.8556105118396
2022-07-11,2606.672641550608,3235.6004036371796,2921.136522593894
2022-07-12,2734.736327628414,3243.162178713578,2988.949253170996
2022-07-13,2733.5403508099607,3243.6115003523128,2988.5759255811367
2022-07-14,2739.045438047866,3208.535250566988,2973.790344307427
2022-07-15,2725.6283439493,3203.131558622068,2964.379951285684
2022-07-16,2588.664952085744,2818.094352654189,2703.3796523699666
2022-07-17,2495.1289306483154,2725.492084650072,2610.310507649194
2022-07-18,2608.190286024798,3260.290405861987,2934.2403459433926
2022-07-19,2747.1337271570346,3266.3291986258832,3006.731462891459
2022-07-20,2748.5306359034494,3273.6858233030007,3011.108229603225
2022-07-21,2753.8812741394627,3239.3992648234416,2996.6402694814524
2022-07-22,2761.6616589815253,3231.4833338129893,2996.572496397257
2022-07-23,2602.8675894355906,2829.410203805509,2716.1388966205495
2022-07-24,2502.8752906772293,2720.9292229981434,2611.9022568376863
2022-07-25,2611.101855924021,3243.2723379352383,2927.1870969296297
2022-07-26,2741.620387528857,3241.214404030834,2991.4173957798457
2022-07-27,2744.909713565355,3245.1096520846654,2995.0096828250103
2022-07-28,2742.9812516526918,3236.740009654037,2989.8606306533643
2022-07-29,2756.0541488005115,3255.1882549518996,3005.6212018762053
2022-07-30,2613.739793375985,2837.7848720886777,2725.7623327323313
2022-07-31,2508.164551566546,2727.5980176445178,2617.8812846055316
2022-08-01,2686.0903482217755,3320.942467228447,3003.516407725111
2022-08-02,2816.9471990084644,3327.080252010165,3072.013725509315
2022-08-03,2819.209108526327,3333.5299652727363,3076.3695368995313
2022-08-04,2820.8258170830677,3328.729626251076,3074.777721667072
2022-08-05,2835.5646219453984,3327.7334695034842,3081.6490457244413
2022-08-06,2732.696123752475,2973.669508649961,2853.182816201218
2022-08-07,2631.0116879648313,2849.6054307856484,2740.30855937524
2022-08-08,2677.3368192251287,3322.673132039775,3000.0049756324515
2022-08-09,2814.390572336703,3323.1698677596055,3068.780220048154
2022-08-10,2798.9304729284822,3306.557473083969,3052.7439730062256
2022-08-11,2785.9524635901894,3291.252308100245,3038.602385845217
2022-08-12,2808.4399399779963,3303.4210006551452,3055.930470316571
2022-08-13,2732.4320134940763,2967.673235099674,2850.0526242968754
2022-08-14,2627.660185434793,2853.9003243157194,2740.780254875256
2022-08-15,2672.242069736394,3312.202271680309,2992.2221707083518
2022-08-16,2807.8624742851644,3304.0570456847613,3055.959759984963
2022-08-17,2805.689648671999,3321.0044097823543,3063.347029227177
2022-08-18,2789.5271665968507,3246.3592227515005,3017.9431946741756
2022-08-19,2793.247192051808,3269.6751146724614,3031.4611533621346
2022-08-20,2710.484759624575,2928.7191731852913,2819.601966404933
2022-08-21,2608.4611614816063,2795.1111998101724,2701.7861806458895
2022-08-22,2640.2672745777277,3209.5415230113426,2924.904398794535
2022-08-23,2760.2973794810064,3220.570252004111,2990.4338157425586
2022-08-24,2763.991653254397,3248.0986274513416,3006.0451403528696
2022-08-25,2772.662248662813,3270.3148415376813,3021.4885451002474
2022-08-26,2796.387879134989,3277.934160835031,3037.16101998501
2022-08-27,2720.1081293457873,2962.0434420819206,2841.075785713854
2022-08-28,2629.5411668670017,2848.5051204322613,2739.0231436496315
2022-08-29,2671.047636357738,3295.996450933189,2983.522043645464
2022-08-30,2788.1980502517204,3254.3956082235745,3021.296829237647
2022-08-31,2771.720179844003,3251.5226124199535,3011.621396131978
2022-09-01,2711.268628489096,3174.7770196573315,2943.022824073214
2022-09-02,2723.0042472621394,3163.4741981851053,2943.2392227236223
2022-09-03,2608.684118053753,2839.4727971078637,2724.0784575808084
2022-09-04,2498.713529992754,2722.12109281284,2610.417311402797
2022-09-05,2396.8801763244555,2654.0391395438182,2525.459657934137
2022-09-06,2714.2593971958067,3216.3288613008076,2965.2941292483074
2022-09-07,2722.7911759056515,3224.0298240431352,2973.410499974393
2022-09-08,2722.162246958047,3197.815713326482,2959.9889801422646
2022-09-09,2729.5960810992297,3195.076699158896,2962.336390129063
2022-09-10,2604.637419370784,2832.6790018198903,2718.658210595337
2022-09-11,2491.484152191906,2676.0008817890034,2583.7425169904545
2022-09-12,2559.3754364819815,3165.5796184639,2862.477527472941
2022-09-13,2695.0821603779445,3183.4558564279423,2939.2690084029437
2022-09-14,2701.0526161535217,3177.8300332978406,2939.441324725681
2022-09-15,2694.2120368745673,3173.573693442315,2933.892865158441
2022-09-16,2722.169783952188,3207.635725624522,2964.902754788355
2022-09-17,2632.535837405759,2860.79554704553,2746.6656922256443
2022-09-18,2535.1460987464034,2750.937386516844,2643.0417426316235
2022-09-19,2612.189278899691,3244.9379175119907,2928.563598205841
2022-09-20,2747.128329417444,3251.7225598418586,2999.4254446296513
2022-09-21,2743.427132928342,3245.9808539186633,2994.7039934235027
2022-09-22,2735.5327820930397,3250.0789367205466,2992.8058594067934
2022-09-23,2747.8500311741313,3234.8897624095166,2991.369896791824
2022-09-24,2639.814112874637,2873.534205765782,2756.6741593202096
2022-09-25,2539.452582110946,2760.9973747162917,2650.224978413619
2022-09-26,2593.569915057302,3185.63158291463,2889.6007489859658
2022-09-27,2691.547394883413,3179.0079887430898,2935.2776918132513
2022-09-28,2692.809981260915,3184.3094584815094,2938.559719871212
2022-09-29,2695.582889595693,3157.4534292094872,2926.51815940259
2022-09-30,2690.43883976563,3132.4312800354696,2911.4350599005497
2022-10-01,2453.8660099353215,2678.7984645726997,2566.3322372540106
2022-10-02,2368.208313536113,2564.072294876378,2466.1403042062457
2022-10-03,2372.800848065617,3099.6650377149194,2736.2329428902685
2022-10-04,2528.1480369410906,3109.6490284711317,2818.898532706111
2022-10-05,2538.486201089352,3117.2236284263454,2827.8549147578487
2022-10-06,2541.1516684862877,3129.3705150115957,2835.261091748942
2022-10-07,2579.970260017255,3121.945802384623,2850.9580312009393
2022-10-08,2454.0086021141533,2678.6826729983113,2566.3456375562323
2022-10-09,2376.7262188539794,2562.0837786783304,2469.4049987661547
2022-10-10,2396.998300194404,3126.8158873870384,2761.907093790721
2022-10-11,2559.803304867946,3113.4953116206784,2836.649308244312
2022-10-12,2569.2424130032473,3167.577101613173,2868.40975730821
2022-10-13,2550.473986706824,3111.8837243134726,2831.1788555101484
2022-10-14,2559.396995816675,3112.7288973208165,2836.0629465687457
2022-10-15,2514.77749006988,2748.870453497387,2631.8239717836336
2022-10-16,2407.2518456374114,2556.94855576299,2482.1002007002007
2022-10-17,2389.1844807490684,3052.5828428158907,2720.8836617824795
2022-10-18,2395.972,2881.604,2638.788
2022-10-19,2541.2060000000006,3051.022,2796.1140000000005
2022-10-20,2533.074,3132.6389999999997,2832.8565
2022-10-21,2537.276,3180.9500000000003,2859.1130000000003
2022-10-22,2526.9599999999996,2788.121,2657.5405
2022-10-23,2454.201,2669.311,2561.7560000000003
2022-10-24,2431.249,3114.5280000000007,2772.8885
2022-10-25,2532.1929999999998,3069.035,2800.6139999999996
2022-10-26,2538.8820000000005,3071.5399999999995,2805.2110000000002
2022-10-27,2533.964,3090.4919999999997,2812.228
2022-10-28,2552.644,3063.914,2808.279
2022-10-29,2462.62,2680.4819999999995,2571.5509999999995
2022-10-30,2377.363,2563.5350000000003,2470.449
2022-10-31,2382.758,3108.813,2745.7855
2022-11-01,2527.6510000000003,3095.447,2811.549
2022-11-02,2532.8360000000002,3085.6989999999996,2809.2675
2022-11-03,2543.288,3143.9139999999998,2843.6009999999997
2022-11-04,2573.5570000000002,3126.6429999999996,2850.1
2022-11-05,2390.372,2597.106,2493.739
2022-11-06,2253.593,2473.854,2363.7235
2022-11-07,2311.8520000000003,3053.5269999999996,2682.6895
2022-11-08,2491.732,3065.993,2778.8625
2022-11-09,2495.987,3078.3289999999997,2787.158
2022-11-10,2488.8729999999996,3041.902,2765.3875
2022-11-11,2457.481,2947.5460000000003,2702.5135
2022-11-12,2345.589,2545.538,2445.5635
2022-11-13,2287.891,2433.1839999999997,2360.5375
2022-11-14,2335.792,2965.031,2650.4115
2022-11-15,2498.363,2966.192,2732.2775
2022-11-16,2494.52,2959.1150000000002,2726.8175
2022-11-17,2486.658,2960.966,2723.812
2022-11-18,2514.069,2963.844,2738.9565000000002
2022-11-19,2366.725,2573.391,2470.058
2022-11-20,2302.975,2444.8269999999998,2373.901
2022-11-21,2341.506,2963.524,2652.515
2022-11-22,2476.892,2954.9040000000005,2715.898
2022-11-23,2470.766,2962.4669999999996,2716.6165
2022-11-24,2112.3070000000002,2250.7140000000004,2181.5105000000003
2022-11-25,2083.213,2304.43,2193.8215
2022-11-26,2331.407,2536.485,2433.946
2022-11-27,2265.696,2419.913,2342.8045
2022-11-28,2321.44,2977.229,2649.3345
2022-11-29,2471.848,3021.786,2746.817
2022-11-30,2484.945,2965.67,2725.3075
2022-12-01,2447.819,2895.8010000000004,2671.8100000000004
2022-12-02,2464.6369999999997,2903.583,2684.1099999999997
2022-12-03,2286.066,2448.287,2367.1764999999996
2022-12-04,2182.665,2362.123,2272.3940000000002
2022-12-05,2290.265,2934.5490000000004,2612.407
2022-12-06,2441.9399999999996,2967.602,2704.7709999999997
2022-12-07,2440.81,2948.9,2694.855
2022-12-08,2439.56,2962.5890000000004,2701.0745
2022-12-09,2462.431,2924.277,2693.3540000000003
2022-12-10,2270.1339999999996,2479.7219999999998,2374.928
2022-12-11,2176.9809999999998,2370.887,2273.934
2022-12-12,2296.5080000000003,2897.589,2597.0485
2022-12-13,2442.4900000000002,2918.596,2680.543
2022-12-14,2418.2980000000002,2899.128,2658.713
2022-12-15,2449.117,2902.9310000000005,2676.0240000000003
2022-12-16,2480.512,2918.0969999999998,2699.3045
2022-12-17,2315.9080000000004,2469.785,2392.8465
2022-12-18,2226.366,2375.949,2301.1575000000003
2022-12-19,2294.482,2679.6789999999996,2487.0805
2022-12-20,2412.701,2704.076,2558.3885
2022-12-21,2426.285,2724.032,2575.1585
2022-12-22,2478.559,2777.3940000000002,2627.9765
2022-12-23,2444.926,2830.472,2637.699
2022-12-24,2369.8419999999996,2545.191,2457.5164999999997
2022-12-25,2280.3550000000005,2388.9449999999997,2334.65
2022-12-26,2342.6800000000003,2896.932,2619.806
2022-12-27,2492.295,2919.3729999999996,2705.834
2022-12-28,2451.347,2917.3479999999995,2684.3475
2022-12-29,2428.9440000000004,2925.2000000000003,2677.072
2022-12-30,2440.6,2892.328,2666.464
2022-12-31,2285.3,2449.2810000000004,2367.2905
2023-01-01,1692.2959999999998,1907.4989999999998,1799.8974999999998
2023-01-02,2315.625,2961.848,2638.7365
2023-01-03,2417.671,2926.9970000000003,2672.334
2023-01-04,2424.91,2898.064,2661.487
2023-01-05,2443.469,2899.25,2671.3595
2023-01-06,2461.9860000000003,2899.466,2680.726
2023-01-07,2265.5769999999998,2429.317,2347.447
2023-01-08,2166.5009999999997,2326.141,2246.321
2023-01-09,2299.301,2886.988,2593.1445
2023-01-10,2407.2400000000002,2957.2419999999997,2682.241
2023-01-11,2428.558,2995.835,2712.1965
2023-01-12,2409.915,2902.976,2656.4455
2023-01-13,2461.603,2898.8459999999995,2680.2245
2023-01-14,2254.0009999999997,2418.71,2336.3554999999997
2023-01-15,2169.877,2348.261,2259.069
2023-01-16,2310.663,2889.271,2599.967
2023-01-17,2414.1919999999996,2947.373,2680.7825
2023-01-18,2432.163,2932.528,2682.3455
2023-01-19,2414.114,2898.676,2656.395
2023-01-20,2442.3289999999997,2885.3650000000002,2663.8469999999998
2023-01-21,2256.639,2418.295,2337.467
2023-01-22,2183.223,2335.766,2259.4945
2023-01-23,2311.756,2886.553,2599.1544999999996
2023-01-24,2446.6569999999997,2906.5579999999995,2676.6074999999996
2023-01-25,2463.534,2912.909,2688.2215
2023-01-26,2464.531,2902.501,2683.516
2023-01-27,2472.612,2900.7889999999998,2686.7005
2023-01-28,2254.83,2425.648,2340.239
2023-01-29,2167.714,2344.677,2256.1955
2023-01-30,2346.819,2932.7799999999997,2639.7995
2023-01-31,2510.111,2956.2050000000004,2733.1580000000004
2023-02-01,2531.33,2976.42,2753.875
2023-02-02,2519.069,2964.53,2741.7995
2023-02-03,2517.56,2950.1859999999997,2733.8729999999996
2023-02-04,2320.769,2499.308,2410.0384999999997
2023-02-05,2234.324,2380.2639999999997,2307.294
2023-02-06,2293.217,2922.637,2607.927
2023-02-07,2427.931,2928.9359999999997,2678.4335
2023-02-08,2451.1130000000003,2910.1479999999992,2680.6304999999998
2023-02-09,2462.3250000000003,2905.852,2684.0885
2023-02-10,2480.067,2930.6899999999996,2705.3785
2023-02-11,2323.0440000000003,2495.772,2409.4080000000004
2023-02-12,2234.022,2370.319,2302.1705
2023-02-13,2309.1710000000003,2904.0370000000003,2606.6040000000003
2023-02-14,2427.382,2928.1059999999998,2677.7439999999997
2023-02-15,2423.0139999999997,2947.061,2685.0375
2023-02-16,2441.98,2914.043,2678.0115
2023-02-17,2501.397,2929.454,2715.4255000000003
2023-02-18,2320.077,2489.7,2404.8885
2023-02-19,2224.869,2379.465,2302.1670000000004
2023-02-20,2198.7019999999998,2911.6569999999997,2555.1794999999997
2023-02-21,2434.894,3045.721,2740.3075
2023-02-22,2454.7709999999997,3002.968,2728.8695
2023-02-23,2412.8080000000004,2906.8920000000003,2659.8500000000004
2023-02-24,2462.119,2907.673,2684.8959999999997
2023-02-25,2316.276,2484.6240000000003,2400.45
2023-02-26,2229.366,2375.562,2302.464
2023-02-27,2294.201,2914.4709999999995,2604.336
2023-02-28,2426.2110000000002,2982.045,2704.128
2023-03-01,2461.566,2977.37,2719.468
2023-03-02,2450.518,2987.979,2719.2484999999997
2023-03-03,2462.484,2916.538,2689.511
2023-03-04,2260.123,2471.445,2365.784
2023-03-05,2190.741,2380.149,2285.4449999999997
2023-03-06,2296.123,3012.241,2654.182
2023-03-07,2454.741,2987.949,2721.3450000000003
2023-03-08,2423.7149999999997,2925.281,2674.4979999999996
2023-03-09,2437.472,2944.177,2690.8245
2023-03-10,2464.332,2921.6249999999995,2692.9784999999997
2023-03-11,2274.3520000000003,2529.148,2401.75
2023-03-12,2249.328,2414.0660000000003,2331.697
2023-03-13,2342.847,2989.468,2666.1575000000003
2023-03-14,2500.541,2983.4179999999997,2741.9795
2023-03-15,2507.661,3007.0619999999994,2757.3615
2023-03-16,2499.6240000000003,3015.1629999999996,2757.3935
2023-03-17,2530.8370000000004,2979.1119999999996,2754.9745000000003
2023-03-18,2345.185,2539.971,2442.578
2023-03-19,2292.57,2414.1659999999997,2353.368
2023-03-20,2362.617,2992.2290000000003,2677.4230000000002
2023-03-21,2512.206,3004.037,2758.1215
2023-03-22,2480.399,3085.3400000000006,2782.8695000000002
2023-03-23,2527.713,3121.3700000000003,2824.5415000000003
2023-03-24,2543.1939999999995,3051.1710000000003,2797.1825
2023-03-25,2354.5460000000003,2564.693,2459.6195000000002
2023-03-26,2233.838,2432.587,2333.2125
2023-03-27,2342.8430000000003,3004.5899999999997,2673.7165
2023-03-28,2490.8579999999997,2993.421,2742.1394999999998
2023-03-29,2496.957,2988.133,2742.545
2023-03-30,2495.609,3012.793,2754.201
2023-03-31,2530.4699999999993,3105.849,2818.1594999999998
2023-04-01,2393.026,2608.199,2500.6125
2023-04-02,2301.587,2501.027,2401.307
2023-04-03,2393.3390000000004,3207.834,2800.5865000000003
2023-04-04,2596.3619999999996,3174.411,2885.3864999999996
2023-04-05,2549.078,3082.3,2815.6890000000003
2023-04-06,2522.47,3033.7239999999997,2778.0969999999998
2023-04-07,2557.4259999999995,3040.9329999999995,2799.1794999999993
2023-04-08,2371.491,2579.0179999999996,2475.2545
2023-04-09,2284.793,2462.638,2373.7155000000002
2023-04-10,2380.7110000000002,3080.0910000000003,2730.4010000000003
2023-04-11,2526.9150000000004,3080.549,2803.732
2023-04-12,2526.085,3094.986,2810.5355
2023-04-13,2532.64,3106.509,2819.5744999999997
2023-04-14,2570.662,3110.016,2840.339
2023-04-15,2414.236,2641.931,2528.0834999999997
2023-04-16,2274.8689999999997,2459.7419999999997,2367.3054999999995
2023-04-17,2364.682,3104.78,2734.7309999999998
2023-04-18,2539.7439999999997,3093.516,2816.63
2023-04-19,2553.274,3159.777,2856.5254999999997
2023-04-20,2571.2129999999997,3163.2650000000003,2867.239
2023-04-21,2560.0699999999997,3087.918,2823.9939999999997
2023-04-22,2354.29,2589.056,2471.673
2023-04-23,2273.997,2427.353,2350.675
2023-04-24,2378.0350000000003,3042.692,2710.3635000000004
2023-04-25,2526.5730000000003,3053.0660000000003,2789.8195000000005
2023-04-26,2528.543,3035.8570000000004,2782.2000000000003
2023-04-27,2526.26,3038.336,2782.298
2023-04-28,2540.1180000000004,3044.817,2792.4675
2023-04-29,2359.7090000000003,2569.286,2464.4975000000004
2023-04-30,2274.6150000000002,2499.309,2386.9620000000004
2023-05-01,2442.527,3186.315,2814.4210000000003
2023-05-02,2602.326,3201.999,2902.1625
2023-05-03,2616.4559999999997,3224.07,2920.263
2023-05-04,2625.8979999999997,3232.6980000000003,2929.298
2023-05-05,2671.6310000000003,3310.123,2990.8770000000004
2023-05-06,2526.473,2774.368,2650.4205
2023-05-07,2419.386,2632.7210000000005,2526.0535
2023-05-08,2504.4880000000003,3290.689,2897.5885
2023-05-09,2658.186,3263.0769999999993,2960.6314999999995
2023-05-10,2625.114,3185.36,2905.237
2023-05-11,2633.2520000000004,3264.735,2948.9935000000005
2023-05-12,2691.069,3281.642,2986.3554999999997
2023-05-13,2488.472,2742.557,2615.5145
2023-05-14,2409.275,2573.869,2491.572
2023-05-15,2470.858,3266.909,2868.8835
2023-05-16,2632.477,3210.687,2921.582
2023-05-17,2618.141,3231.8039999999996,2924.9725
2023-05-18,2626.796,3263.562,2945.179
2023-05-19,2674.8570000000004,3295.275,2985.0660000000003
2023-05-20,2460.104,2698.307,2579.2055
2023-05-21,2358.605,2548.535,2453.5699999999997
2023-05-22,2444.589,3220.3310000000006,2832.46
2023-05-23,2624.9180000000006,3238.4570000000003,2931.6875000000005
2023-05-24,2634.7529999999997,3240.656,2937.7045
2023-05-25,2640.283,3243.781,2942.032
2023-05-26,2665.149,3247.961,2956.555
2023-05-27,2494.9030000000002,2739.4990000000003,2617.201
2023-05-28,2401.353,2614.491,2507.922
2023-05-29,2365.4,2689.9900000000002,2527.695
2023-05-30,2633.821,3271.6600000000003,2952.7405
2023-05-31,2642.8940000000007,3275.1780000000003,2959.0360000000005
2023-06-01,2713.7709999999997,3230.761,2972.2659999999996
2023-06-02,2737.8659999999995,3253.885,2995.8755
2023-06-03,2629.728,2869.625,2749.6765
2023-06-04,2512.499,2736.086,2624.2924999999996
2023-06-05,2564.843,3201.681,2883.2619999999997
2023-06-06,2696.112,3227.285,2961.6985
2023-06-07,2699.922,3227.892,2963.907
2023-06-08,2708.544,3215.957,2962.2505
2023-06-09,2729.898,3258.442,2994.17
2023-06-10,2676.335,2941.146,2808.7405
2023-06-11,2553.734,2823.5499999999997,2688.642
2023-06-12,2607.8740000000003,3210.04,2908.9570000000003
2023-06-13,2724.811,3203.198,2964.0045
2023-06-14,2730.0480000000002,3251.4139999999998,2990.7309999999998
2023-06-15,2748.7790000000005,3289.91,3019.3445
2023-06-16,2767.334,3277.9820000000004,3022.6580000000004
2023-06-17,2669.366,2926.398,2797.882
2023-06-18,2574.404,2816.5579999999995,2695.4809999999998
2023-06-19,2629.518,3329.674,2979.596
2023-06-20,2779.5780000000004,3330.5409999999997,3055.0595000000003
2023-06-21,2790.814,3335.599,3063.2065000000002
2023-06-22,2771.9190000000003,3279.654,3025.7865
2023-06-23,2777.02,3290.986,3034.0029999999997
2023-06-24,2684.409,2966.4069999999997,2825.408
2023-06-25,2603.4460000000004,2866.476,2734.9610000000002
2023-06-26,2668.375,3359.977,3014.176
2023-06-27,2793.7169999999996,3360.542,3077.1295
2023-06-28,2792.5310000000004,3355.651,3074.0910000000003
2023-06-29,2790.2140000000004,3353.7129999999993,3071.9635
2023-06-30,2805.657,3335.492,3070.5745
2023-07-01,2610.834,2867.3059999999996,2739.0699999999997
2023-07-02,2496.0379999999996,2703.143,2599.5905
2023-07-03,2602.402,3298.2420000000006,2950.322
2023-07-04,2565.125,2860.232,2712.6785
2023-07-05,2761.9840000000004,3307.887,3034.9355000000005
2023-07-06,2765.177,3291.253,3028.215
2023-07-07,2778.885,3289.7320000000004,3034.3085
2023-07-08,2643.484,2895.3480000000004,2769.416
2023-07-09,2533.811,2757.377,2645.594
2023-07-10,2626.0930000000003,3308.0020000000004,2967.0475000000006
2023-07-11,2770.9210000000003,3289.995,3030.458
2023-07-12,2768.268,3351.213,3059.7405
2023-07-13,2787.289,3349.373,3068.331
2023-07-14,2817.1670000000004,3350.053,3083.61
2023-07-15,2679.589,2925.778,2802.6835
2023-07-16,2564.3360000000002,2755.7050000000004,2660.0205000000005
2023-07-17,2623.087,3358.259,2990.673
2023-07-18,2775.3379999999997,3374.51,3074.924
2023-07-19,2796.071,3362.826,3079.4485
2023-07-20,2801.636,3345.656,3073.6459999999997
2023-07-21,2808.365,3329.377,3068.871
2023-07-22,2655.846,2898.846,2777.346
2023-07-23,2524.76,2799.061,2661.9105
2023-07-24,2618.841,3342.553,2980.697
2023-07-25,2764.949,3351.22,3058.0845
2023-07-26,2783.972,3342.18,3063.076
2023-07-27,2789.122,3339.6449999999995,3064.3835
2023-07-28,2803.389,3338.9759999999997,3071.1825
2023-07-29,2661.1079999999997,2930.645,2795.8765
2023-07-30,2550.703,2834.634,2692.6684999999998
2023-07-31,2657.742,3373.25,3015.496
2023-08-01,2870.367,3463.4160000000006,3166.8915000000006
2023-08-02,2880.095,3462.703,3171.399
2023-08-03,2884.8079999999995,3453.885,3169.3464999999997
2023-08-04,2903.373,3452.635,3178.004
2023-08-05,2817.624,3096.425,2957.0245
2023-08-06,2713.869,2979.438,2846.6535000000003
2023-08-07,2755.968,3457.728,3106.848
2023-08-08,2895.5620000000004,3435.88,3165.7210000000005
2023-08-09,2883.391,3459.204,3171.2975
2023-08-10,2881.888,3466.096,3173.992
2023-08-11,2907.503,3459.096,3183.2995
2023-08-12,2820.181,3099.809,2959.995
2023-08-13,2716.569,2997.211,2856.89
2023-08-14,2757.4100000000003,3448.795,3103.1025
2023-08-15,2863.4500000000003,3393.3630000000003,3128.4065
2023-08-16,2827.5669999999996,3385.235,3106.401
2023-08-17,2823.9919999999997,3464.84,3144.416
2023-08-18,2879.067,3481.125,3180.096
2023-08-19,2821.272,3108.0190000000002,2964.6455
2023-08-20,2714.4570000000003,3019.919,2867.188
2023-08-21,2760.8909999999996,3482.9910000000004,3121.941
2023-08-22,2891.52,3475.427,3183.4735
2023-08-23,2885.933,3453.8630000000003,3169.898
2023-08-24,2882.2969999999996,3468.6279999999997,3175.4624999999996
2023-08-25,2904.3729999999996,3481.063,3192.718
2023-08-26,2831.561,3123.055,2977.308
2023-08-27,2731.244,2966.3390000000004,2848.7915000000003
2023-08-28,2731.609,3403.9039999999995,3067.7564999999995
2023-08-29,2839.786,3404.1939999999995,3121.99
2023-08-30,2842.152,3414.3639999999996,3128.258
2023-08-31,2843.6349999999998,3413.0580000000004,3128.3465
2023-09-01,2808.609,3341.684,3075.1465
2023-09-02,2681.346,2959.617,2820.4815
2023-09-03,2596.303,2850.619,2723.4610000000002
2023-09-04,2494.034,2807.0589999999997,2650.5465
2023-09-05,2811.0600000000004,3385.7749999999996,3098.4175
2023-09-06,2823.582,3392.1249999999995,3107.8534999999997
2023-09-07,2822.7599999999998,3421.604,3122.182
2023-09-08,2843.9129999999996,3422.0630000000006,3132.9880000000003
2023-09-09,2712.992,2969.327,2841.1595
2023-09-10,2591.2259999999997,2827.487,2709.3565
2023-09-11,2641.286,3282.063,2961.6745
2023-09-12,2756.913,3234.693,2995.803
2023-09-13,2739.956,3217.9359999999997,2978.946
2023-09-14,2735.221,3196.3030000000003,2965.762
2023-09-15,2747.389,3211.6739999999995,2979.5315
2023-09-16,2634.883,2858.39,2746.6364999999996
2023-09-17,2527.2299999999996,2776.8610000000003,2652.0455
2023-09-18,2605.468,3283.2970000000005,2944.3825
2023-09-19,2767.491,3316.902,3042.1965
2023-09-20,2781.984,3317.129,3049.5564999999997
2023-09-21,2798.344,3333.911,3066.1275
2023-09-22,2824.1099999999997,3345.74,3084.9249999999997
2023-09-23,2718.274,2978.9480000000003,2848.611
2023-09-24,2622.116,2874.377,2748.2465
2023-09-25,2670.374,3291.4790000000003,2980.9265
2023-09-26,2779.0130000000004,3314.311,3046.6620000000003
2023-09-27,2772.299,3325.1010000000006,3048.7000000000003
2023-09-28,2783.2789999999995,3329.257,3056.268
2023-09-29,2805.6269999999995,3329.176,3067.4015
2023-09-30,2691.462,2935.984,2813.723
2023-10-01,2472.54,2705.456,2588.998
2023-10-02,2465.218,3245.898,2855.558
2023-10-03,2616.7630000000004,3238.7960000000003,2927.7795000000006
2023-10-04,2641.354,3261.1850000000004,2951.2695000000003
2023-10-05,2619.905,3171.4610000000002,2895.683
2023-10-06,2614.116,3176.811,2895.4635
2023-10-07,2464.799,2686.236,2575.5175
2023-10-08,2372.786,2579.672,2476.2290000000003
2023-10-09,2380.421,3171.4139999999998,2775.9174999999996
2023-10-10,2565.612,3167.591,2866.6014999999998
2023-10-11,2582.1639999999993,3127.342,2854.7529999999997
2023-10-12,2572.5400000000004,3152.494,2862.5170000000003
2023-10-13,2611.826,3144.8070000000002,2878.3165
2023-10-14,2460.147,2679.917,2570.032
2023-10-15,2375.08,2534.029,2454.5545
2023-10-16,2391.541,3045.865,2718.703
2023-10-17,2553.75,3047.609,2800.6795
2023-10-18,2538.402,3115.0339999999997,2826.718
2023-10-19,2527.9849999999997,3153.309,2840.647
2023-10-20,2571.5860000000002,3187.2200000000003,2879.4030000000002
2023-10-21,2512.205,2781.8360000000002,2647.0205
2023-10-22,2434.932,2655.714,2545.323
2023-10-23,2451.526,3190.73,2821.1279999999997
2023-10-24,2605.3999999999996,3149.28,2877.34
2023-10-25,2598.6069999999995,3165.843,2882.2249999999995
2023-10-26,2589.599,3177.138,2883.3685
2023-10-27,2628.2889999999998,3199.76,2914.0245
2023-10-28,2467.0499999999997,2699.43,2583.24
2023-10-29,2368.5429999999997,2539.8250000000003,2454.184
2023-10-30,2412.2,3052.866,2732.533
2023-10-31,2573.933,3043.4469999999997,2808.6899999999996
2023-11-01,2559.356,3018.026,2788.691
2023-11-02,2544.247,3015.7729999999997,2780.0099999999998
2023-11-03,2565.299,3037.192,2801.2455
2023-11-04,2403.831,2623.2740000000003,2513.5525000000002
2023-11-05,2262.236,2467.7259999999997,2364.9809999999998
2023-11-06,2320.011,3079.6299999999997,2699.8205
2023-11-07,2484.279,3098.0829999999996,2791.1809999999996
2023-11-08,2504.359,3112.646,2808.5025
2023-11-09,2482.511,2962.212,2722.3615
2023-11-10,2475.781,2953.1459999999997,2714.4635
2023-11-11,2323.492,2541.8360000000002,2432.664
2023-11-12,2250.628,2433.314,2341.971
2023-11-13,2310.174,2977.516,2643.8450000000003
2023-11-14,2461.264,2980.329,2720.7965000000004
2023-11-15,2464.4410000000003,2980.603,2722.522
2023-11-16,2459.121,2966.8180000000007,2712.9695
2023-11-17,2485.441,2972.629,2729.035
2023-11-18,2307.591,2548.119,2427.855
2023-11-19,2249.26,2446.476,2347.8680000000004
2023-11-20,2331.0409999999997,3013.8990000000003,2672.4700000000003
2023-11-21,2457.6070000000004,2957.948,2707.7775
2023-11-22,2474.8170000000005,2954.931,2714.8740000000003
2023-11-23,2106.961,2259.195,2183.078
2023-11-24,2097.766,2293.3070000000002,2195.5365
2023-11-25,2324.203,2531.205,2427.7039999999997
2023-11-26,2279.482,2437.613,2358.5474999999997
2023-11-27,2343.358,2970.4770000000003,2656.9175000000005
2023-11-28,2478.412,2964.1339999999996,2721.2729999999997
2023-11-29,2475.754,2962.8979999999997,2719.326
2023-11-30,2474.056,2984.667,2729.3615
2023-12-01,2443.041,2887.9659999999994,2665.5035
2023-12-02,2280.552,2438.53,2359.541
2023-12-03,2198.8740000000003,2366.8669999999997,2282.8705
2023-12-04,2293.49,2886.15,2589.8199999999997
2023-12-05,2433.681,2904.8690000000006,2669.2750000000005
2023-12-06,2430.3549999999996,2904.96,2667.6575
2023-12-07,2435.796,2921.1279999999997,2678.4619999999995
2023-12-08,2458.348,2951.9210000000003,2705.1345
2023-12-09,2290.0769999999998,2446.9339999999997,2368.5054999999998
2023-12-10,2207.279,2372.133,2289.706
2023-12-11,2309.826,2888.437,2599.1315
2023-12-12,2435.2500000000005,2905.498,2670.3740000000003
2023-12-13,2431.552,2902.018,2666.785
2023-12-14,2433.264,2905.17,2669.217
2023-12-15,2446.0739999999996,2898.953,2672.5135
2023-12-16,2289.197,2445.3109999999997,2367.254
2023-12-17,2205.1980000000003,2352.278,2278.7380000000003
2023-12-18,2284.4230000000002,2659.4570000000003,2471.9400000000005
2023-12-19,2399.069,2684.5029999999997,2541.786
2023-12-20,2399.134,2684.9199999999996,2542.027
2023-12-21,2406.02,2689.7709999999997,2547.8954999999996
2023-12-22,2329.953,2696.073,2513.013
2023-12-23,2285.1830000000004,2465.303,2375.2430000000004
2023-12-24,2185.5400000000004,2358.1639999999998,2271.852
2023-12-25,2303.269,2889.1430000000005,2596.206
2023-12-26,2457.489,2905.306,2681.3975
2023-12-27,2455.1910000000003,2905.403,2680.297
2023-12-28,2460.1450000000004,2907.5470000000005,2683.8460000000005
2023-12-29,2484.78,2912.635,2698.7075000000004
2023-12-30,2293.189,2453.094,2373.1414999999997
2023-12-31,2203.7819999999997,2352.268,2278.0249999999996
2024-01-01,1986.4060000000002,2249.065,2117.7355000000002
2024-01-02,2468.826,2915.863,2692.3445
2024-01-03,2457.719,2901.1069999999995,2679.4129999999996
2024-01-04,2451.872,2901.062,2676.4669999999996
2024-01-05,2457.5519999999997,2901.8940000000002,2679.723
2024-01-06,2280.839,2442.5550000000003,2361.697
2024-01-07,2187.1040000000003,2339.3650000000002,2263.2345000000005
2024-01-08,2302.4529999999995,2884.2909999999997,2593.3719999999994
2024-01-09,2463.962,2909.319,2686.6405
2024-01-10,2448.574,2903.2709999999997,2675.9224999999997
2024-01-11,2442.899,2907.316,2675.1075
2024-01-12,2467.751,2915.1829999999995,2691.4669999999996
2024-01-13,2318.3210000000004,2446.198,2382.2595
2024-01-14,2283.532,2416.7400000000002,2350.1360000000004
2024-01-15,2429.362,2896.0440000000003,2662.7030000000004
2024-01-16,2566.69,2993.5310000000004,2780.1105000000002
2024-01-17,2533.983,2952.314,2743.1485000000002
2024-01-18,2466.0679999999998,2901.9739999999997,2684.0209999999997
2024-01-19,2501.7940000000003,2948.035,2724.9145
2024-01-20,2331.693,2498.677,2415.1850000000004
2024-01-21,2225.831,2363.622,2294.7264999999998
2024-01-22,2340.7129999999997,2907.6330000000003,2624.173
2024-01-23,2450.0460000000003,2896.01,2673.0280000000002
2024-01-24,2433.582,2891.138,2662.3599999999997
2024-01-25,2422.829,2891.798,2657.3135
2024-01-26,2442.111,2890.5519999999997,2666.3315
2024-01-27,2262.313,2425.9249999999997,2344.1189999999997
2024-01-28,2179.441,2321.1890000000003,2250.315
2024-01-29,2299.813,2883.578,2591.6955
2024-01-30,2431.8109999999997,2913.91,2672.8605
2024-01-31,2422.472,2915.923,2669.1975
2024-02-01,2443.5489999999995,2944.8830000000007,2694.2160000000003
2024-02-02,2460.3759999999997,2917.296,2688.836
2024-02-03,2307.071,2479.7349999999997,2393.403
2024-02-04,2209.431,2386.074,2297.7525
2024-02-05,2309.082,2901.7999999999997,2605.441
2024-02-06,2445.277,2915.105,2680.191
2024-02-07,2441.422,2932.335,2686.8785
2024-02-08,2436.289,2931.092,2683.6905
2024-02-09,2449.7870000000003,2918.1569999999997,2683.9719999999998
2024-02-10,2306.0499999999997,2475.661,2390.8554999999997
2024-02-11,2204.38,2385.15,2294.7650000000003
2024-02-12,2322.3140000000003,2892.9490000000005,2607.6315000000004
2024-02-13,2458.598,2903.9410000000003,2681.2695000000003
2024-02-14,2449.0800000000004,2919.943,2684.5115000000005
2024-02-15,2444.193,2931.852,2688.0225
2024-02-16,2453.625,2928.619,2691.1220000000003
2024-02-17,2336.466,2497.486,2416.9759999999997
2024-02-18,2255.425,2385.562,2320.4935
2024-02-19,2221.413,2834.6319999999996,2528.0225
2024-02-20,2408.8540000000003,2938.8790000000004,2673.8665
2024-02-21,2440.721,2978.546,2709.6335
2024-02-22,2451.488,2993.592,2722.54
2024-02-23,2451.987,2926.7709999999997,2689.379
2024-02-24,2302.243,2479.124,2390.6835
2024-02-25,2209.147,2435.446,2322.2965
2024-02-26,2298.0730000000003,3035.493,2666.7830000000004
2024-02-27,2469.6910000000003,3005.6620000000003,2737.6765000000005
2024-02-28,2414.618,2897.9809999999998,2656.2995
2024-02-29,2444.128,2907.856,2675.992
2024-03-01,2486.544,2916.577,2701.5605
2024-03-02,2274.987,2501.508,2388.2475
2024-03-03,2215.022,2407.977,2311.4995
2024-03-04,2313.276,3050.568,2681.922
2024-03-05,2453.0,3014.044,2733.522
2024-03-06,2441.728,2986.891,2714.3095000000003
2024-03-07,2456.2329999999997,2951.0179999999996,2703.6254999999996
2024-03-08,2454.781,2946.1740000000004,2700.4775
2024-03-09,2258.003,2456.598,2357.3005000000003
2024-03-10,2265.483,2397.121,2331.302
2024-03-11,2362.5240000000003,3013.441,2687.9825
2024-03-12,2495.3849999999998,3037.1,2766.2425
2024-03-13,2496.4230000000002,3089.498,2792.9605
2024-03-14,2539.884,3117.686,2828.785
2024-03-15,2533.933,3009.3300000000004,2771.6315000000004
2024-03-16,2340.265,2543.322,2441.7934999999998
2024-03-17,2249.7090000000003,2412.9249999999997,2331.317
2024-03-18,2340.991,2995.3940000000002,2668.1925
2024-03-19,2503.955,2987.246,2745.6005
2024-03-20,2480.045,2997.376,2738.7105
2024-03-21,2488.763,3015.757,2752.26
2024-03-22,2524.152,2993.995,2759.0735
2024-03-23,2329.395,2534.59,2431.9925000000003
2024-03-24,2250.074,2410.138,2330.1059999999998
2024-03-25,2340.358,3018.46,2679.409
2024-03-26,2496.126,2970.135,2733.1305
2024-03-27,2500.818,2982.607,2741.7125
2024-03-28,2505.9939999999997,2996.569,2751.2815
2024-03-29,2518.753,3032.654,2775.7035
2024-03-30,2363.181,2586.788,2474.9845
2024-03-31,2279.747,2464.9359999999997,2372.3414999999995
2024-04-01,2424.739,3163.6340000000005,2794.1865000000003
2024-04-02,2522.26,3057.632,2789.946
2024-04-03,2539.459,3054.9490000000005,2797.204
2024-04-04,2520.8179999999998,3105.462,2813.14
2024-04-05,2542.698,3140.341,2841.5195
2024-04-06,2411.06,2637.911,2524.4855
2024-04-07,2308.037,2513.453,2410.745
2024-04-08,2385.6369999999997,3125.2499999999995,2755.4434999999994
2024-04-09,2551.115,3069.609,2810.362
2024-04-10,2538.789,3027.288,2783.0385
2024-04-11,2517.8199999999997,3060.0359999999996,2788.928
2024-04-12,2545.897,3085.9320000000002,2815.9145
2024-04-13,2401.0750000000003,2629.1850000000004,2515.13
2024-04-14,2320.639,2539.121,2429.88
2024-04-15,2425.051,3149.991,2787.5209999999997
2024-04-16,2581.4419999999996,3187.4560000000006,2884.449
2024-04-17,2590.571,3194.203,2892.3869999999997
2024-04-18,2592.253,3186.628,2889.4405
2024-04-19,2565.756,3058.742,2812.249
2024-04-20,2372.7799999999997,2572.818,2472.799
2024-04-21,2286.0480000000002,2436.6969999999997,2361.3725
2024-04-22,2375.979,3050.864,2713.4215
2024-04-23,2529.204,3087.7129999999997,2808.4584999999997
2024-04-24,2539.2590000000005,3131.92,2835.5895
2024-04-25,2570.328,3139.7360000000003,2855.032
2024-04-26,2612.705,3130.837,2871.7709999999997
2024-04-27,2441.0860000000002,2677.274,2559.1800000000003
2024-04-28,2330.0049999999997,2511.383,2420.6939999999995
2024-04-29,2401.828,3154.9620000000004,2778.3950000000004
2024-04-30,2567.005,3169.585,2868.295
2024-05-01,2653.16,3245.4329999999995,2949.2964999999995
2024-05-02,2641.9739999999997,3222.991,2932.4825
2024-05-03,2662.6919999999996,3221.183,2941.9375
2024-05-04,2474.2000000000003,2720.354,2597.277
2024-05-05,2388.828,2593.326,2491.077
2024-05-06,2491.113,3266.208,2878.6605
2024-05-07,2667.553,3303.392,2985.4725
2024-05-08,2691.6760000000004,3334.0919999999996,3012.884
2024-05-09,2677.5190000000002,3272.77,2975.1445000000003
2024-05-10,2664.7200000000003,3229.637,2947.1785
2024-05-11,2463.573,2723.0049999999997,2593.2889999999998
2024-05-12,2366.1960000000004,2526.5679999999998,2446.382
2024-05-13,2456.779,3218.078,2837.4285
2024-05-14,2615.601,3243.333,2929.467
2024-05-15,2633.35,3285.332,2959.341
2024-05-16,2629.0319999999997,3176.9449999999997,2902.9884999999995
2024-05-17,2645.263,3221.905,2933.584
2024-05-18,2507.275,2758.8340000000003,2633.0545
2024-05-19,2433.179,2673.649,2553.4139999999998
2024-05-20,2529.704,3323.658,2926.681
2024-05-21,2697.962,3308.738,3003.35
2024-05-22,2687.7840000000006,3300.82,2994.3020000000006
2024-05-23,2669.026,3276.158,2972.5919999999996
2024-05-24,2702.716,3302.1730000000002,3002.4445
2024-05-25,2536.2740000000003,2790.857,2663.5655
2024-05-26,2467.539,2721.409,2594.474
2024-05-27,2437.474,2763.79,2600.632
2024-05-28,2684.723,3255.62,2970.1715
2024-05-29,2659.282,3264.8480000000004,2962.0650000000005
2024-05-30,2655.443,3231.1240000000003,2943.2835000000005
2024-05-31,2658.4190000000003,3223.9790000000003,2941.1990000000005
2024-06-01,2625.551,2847.782,2736.6665000000003
2024-06-02,2515.317,2759.3560000000007,2637.3365000000003
2024-06-03,2585.613,3237.0099999999998,2911.3115
2024-06-04,2736.7259999999997,3273.4860000000003,3005.1059999999998
2024-06-05,2728.317,3250.0520000000006,2989.1845000000003
2024-06-06,2728.5280000000002,3278.013,3003.2705
2024-06-07,2760.348,3288.419,3024.3835
2024-06-08,2685.601,2953.6890000000003,2819.6450000000004
2024-06-09,2577.806,2817.616,2697.7110000000002
2024-06-10,2625.608,3241.165,2933.3865
2024-06-11,2731.774,3216.2309999999998,2974.0024999999996
2024-06-12,2722.032,3240.296,2981.1639999999998
2024-06-13,2733.4400000000005,3269.1539999999995,3001.297
2024-06-14,2762.694,3286.6820000000002,3024.688
2024-06-15,2671.809,2929.5619999999994,2800.6854999999996
2024-06-16,2579.667,2809.8670000000006,2694.7670000000003
2024-06-17,2637.5889999999995,3302.1929999999998,2969.8909999999996
2024-06-18,2762.414,3276.306,3019.36
2024-06-19,2744.514,3255.0389999999998,2999.7765
2024-06-20,2750.823,3260.1209999999996,3005.4719999999998
2024-06-21,2769.909,3287.7889999999998,3028.849
2024-06-22,2686.5789999999997,2947.786,2817.1825
2024-06-23,2583.778,2835.74,2709.759
2024-06-24,2644.4279999999994,3330.022,2987.2249999999995
2024-06-25,2785.699,3320.791,3053.245
2024-06-26,2789.938,3334.6730000000002,3062.3055000000004
2024-06-27,2789.8859999999995,3338.413,3064.1494999999995
2024-06-28,2807.2909999999997,3343.8650000000002,3075.578
2024-06-29,2721.687,2974.9009999999994,2848.294
2024-06-30,2610.0679999999998,2856.1099999999997,2733.089
2024-07-01,2648.153,3325.243,2986.698
2024-07-02,2774.297,3332.726,3053.5115
2024-07-03,2776.8089999999997,3325.836,3051.3224999999998
2024-07-04,2602.4730000000004,2874.585,2738.5290000000005
2024-07-05,2784.5710000000004,3296.7590000000005,3040.6650000000004
2024-07-06,2602.964,2852.1469999999995,2727.5554999999995
2024-07-07,2512.818,2761.882,2637.3500000000004
2024-07-08,2600.301,3223.547,2911.924
2024-07-09,2714.884,3249.504,2982.194
2024-07-10,2728.906,3297.0029999999997,3012.9545
2024-07-11,2744.626,3302.8849999999998,3023.7555
2024-07-12,2770.624,3300.7080000000005,3035.666
2024-07-13,2625.895,2871.851,2748.873
2024-07-14,2521.77,2780.963,2651.3665
2024-07-15,2627.5570000000002,3313.619,2970.588
2024-07-16,2767.7,3322.4419999999996,3045.071
2024-07-17,2780.062,3295.002,3037.532
2024-07-18,2748.845,3252.6690000000003,3000.757
2024-07-19,2752.705,3264.5180000000005,3008.6115
2024-07-20,2601.015,2854.59,2727.8025
2024-07-21,2500.743,2691.066,2595.9044999999996
2024-07-22,2588.405,3221.388,2904.8965
2024-07-23,2711.293,3193.3750000000005,2952.3340000000003
2024-07-24,2713.6389999999997,3229.032,2971.3355
2024-07-25,2723.228,3248.704,2985.9660000000003
2024-07-26,2739.1940000000004,3212.5310000000004,2975.8625
2024-07-27,2600.334,2836.62,2718.477
2024-07-28,2504.9790000000003,2740.8979999999997,2622.9385
2024-07-29,2622.006,3296.5099999999998,2959.258
2024-07-30,2763.9069999999997,3305.7660000000005,3034.8365000000003
2024-07-31,2773.6530000000002,3306.6870000000004,3040.17
2024-08-01,2837.5579999999995,3402.3749999999995,3119.9664999999995
2024-08-02,2855.1569999999992,3409.0340000000006,3132.0955
2024-08-03,2775.3419999999996,3042.3869999999997,2908.8644999999997
2024-08-04,2669.418,2925.344,2797.3810000000003
2024-08-05,2706.397,3396.3109999999997,3051.354
2024-08-06,2838.353,3409.305,3123.8289999999997
2024-08-07,2845.325,3427.481,3136.4030000000002
2024-08-08,2851.384,3435.9390000000003,3143.6615
2024-08-09,2886.25,3402.0009999999997,3144.1255
2024-08-10,2777.6719999999996,3035.0250000000005,2906.3485
2024-08-11,2673.7,2926.0229999999997,2799.8615
2024-08-12,2716.2999999999997,3419.5570000000002,3067.9285
2024-08-13,2857.427,3424.263,3140.8450000000003
2024-08-14,2862.8669999999997,3429.635,3146.251
2024-08-15,2866.5329999999994,3437.54,3152.0364999999997
2024-08-16,2889.4410000000003,3433.13,3161.2855
2024-08-17,2806.7599999999998,3075.2609999999995,2941.0104999999994
2024-08-18,2693.9120000000003,2981.146,2837.5290000000005
2024-08-19,2732.631,3470.898,3101.7645
2024-08-20,2872.491,3456.684,3164.5875
2024-08-21,2872.7630000000004,3424.3889999999997,3148.576
2024-08-22,2866.751,3429.093,3147.922
2024-08-23,2887.46,3441.681,3164.5705
2024-08-24,2803.361,3056.255,2929.808
2024-08-25,2687.872,2940.103,2813.9875
2024-08-26,2724.4410000000003,3413.127,3068.784
2024-08-27,2841.117,3381.021,3111.0690000000004
2024-08-28,2836.324,3388.8999999999996,3112.612
2024-08-29,2839.793,3383.9329999999995,3111.863
2024-08-30,2849.223,3358.12,3103.6715
2024-08-31,2767.6169999999997,3018.8720000000003,2893.2445
2024-09-01,2572.107,2799.557,2685.832
2024-09-02,2473.819,2700.863,2587.341
2024-09-03,2759.229,3235.6600000000003,2997.4445
2024-09-04,2736.185,3200.1389999999997,2968.162
2024-09-05,2732.47,3249.1479999999997,2990.8089999999997
2024-09-06,2758.949,3265.7120000000004,3012.3305
2024-09-07,2639.837,2871.066,2755.4515
2024-09-08,2502.599,2722.2120000000004,2612.4055000000003
2024-09-09,2557.84,3204.3269999999998,2881.0834999999997
2024-09-10,2689.85,3221.2540000000004,2955.552
2024-09-11,2724.2870000000003,3226.8970000000004,2975.5920000000006
2024-09-12,2733.432,3222.002,2977.7169999999996
2024-09-13,2749.657,3270.3340000000003,3009.9955
2024-09-14,2680.559,2942.5980000000004,2811.5785000000005
2024-09-15,2577.465,2816.617,2697.041
2024-09-16,2640.505,3286.0769999999998,2963.291
2024-09-17,2763.857,3280.709,3022.283
2024-09-18,2771.545,3319.9669999999996,3045.756
2024-09-19,2794.1459999999997,3348.103,3071.1245
2024-09-20,2821.9109999999996,3339.205,3080.558
2024-09-21,2712.093,2963.1399999999994,2837.6164999999996
2024-09-22,2599.36,2829.1859999999997,2714.273
2024-09-23,2643.1699999999996,3212.32,2927.745
2024-09-24,2742.437,3269.009,3005.723
2024-09-25,2742.5240000000003,3223.933,2983.2285
2024-09-26,2723.752,3218.091,2970.9215
2024-09-27,2731.4729999999995,3219.695,2975.584
2024-09-28,2614.467,2857.5559999999996,2736.0114999999996
2024-09-29,2506.459,2762.989,2634.724
2024-09-30,2592.388,3269.778,2931.0829999999996
2024-10-01,2591.83,3233.5879999999997,2912.709
2024-10-02,2598.7039999999997,3214.307,2906.5054999999998
2024-10-03,2603.8549999999996,3241.205,2922.5299999999997
2024-10-04,2629.2529999999997,3220.141,2924.697
2024-10-05,2544.1279999999997,2790.4959999999996,2667.312
2024-10-06,2450.136,2692.159,2571.1475
2024-10-07,2449.509,3227.996,2838.7525
2024-10-08,2598.2430000000004,3199.053,2898.648
2024-10-09,2585.0260000000003,3192.591,2888.8085
2024-10-10,2590.412,3210.966,2900.689
2024-10-11,2621.669,3215.3000000000006,2918.4845000000005
2024-10-12,2565.5570000000002,2813.945,2689.751
2024-10-13,2462.715,2736.583,2599.6490000000003
2024-10-14,2455.048,3191.535,2823.2915
2024-10-15,2575.1930000000007,3220.7879999999996,2897.9905
2024-10-16,2544.9779999999996,3068.269,2806.6234999999997
2024-10-17,2542.065,3050.4,2796.2325
2024-10-18,2559.8279999999995,3087.0660000000003,2823.447
2024-10-19,2484.77,2715.246,2600.008
2024-10-20,2388.833,2606.757,2497.795
2024-10-21,2392.143,3155.815,2773.9790000000003
2024-10-22,2572.043,3197.8839999999996,2884.9635
2024-10-23,2593.1539999999995,3228.705,2910.9294999999997
2024-10-24,2603.052,3221.93,2912.491
2024-10-25,2631.076,3210.966,2921.0209999999997
2024-10-26,2525.154,2770.3969999999995,2647.7754999999997
2024-10-27,2428.101,2677.4429999999998,2552.772
2024-10-28,2446.246,3229.38,2837.813
2024-10-29,2622.272,3221.2889999999998,2921.7805
2024-10-30,2631.2099999999996,3234.7789999999995,2932.9945
2024-10-31,2567.2309999999998,3136.2110000000002,2851.721
2024-11-01,2562.2819999999997,3068.621,2815.4515
2024-11-02,2441.314,2668.1279999999997,2554.7209999999995
2024-11-03,2308.871,2518.1839999999997,2413.5275
2024-11-04,2360.444,3096.7050000000004,2728.5745
2024-11-05,2470.254,2983.3779999999997,2726.816
2024-11-06,2449.904,2991.0099999999998,2720.457
2024-11-07,2471.5429999999997,2998.214,2734.8785
2024-11-08,2512.2760000000003,3019.8669999999997,2766.0715
2024-11-09,2308.911,2546.761,2427.8360000000002
2024-11-10,2249.5009999999997,2458.635,2354.068
2024-11-11,2307.833,3017.88,2662.8565
2024-11-12,2457.1600000000003,3008.7889999999998,2732.9745000000003
2024-11-13,2469.621,3020.4700000000003,2745.0455
2024-11-14,2457.024,2980.377,2718.7005
2024-11-15,2483.334,2973.918,2728.626
2024-11-16,2321.993,2558.77,2440.3815
2024-11-17,2279.043,2487.5969999999998,2383.3199999999997
2024-11-18,2344.2990000000004,3031.6489999999994,2687.974
2024-11-19,2462.7599999999998,3008.2460000000005,2735.503
2024-11-20,2455.563,2968.7169999999996,2712.14
2024-11-21,2469.5860000000002,2963.915,2716.7505
2024-11-22,2493.685,2963.168,2728.4265
2024-11-23,2326.4230000000002,2541.616,2434.0195000000003
2024-11-24,2263.947,2483.895,2373.9210000000003
2024-11-25,2300.067,2973.2830000000004,2636.675
2024-11-26,2469.094,2952.757,2710.9255000000003
2024-11-27,2459.321,3012.655,2735.9880000000003
2024-11-28,2116.497,2248.366,2182.4314999999997
2024-11-29,2112.953,2307.251,2210.102
2024-11-30,2339.056,2544.228,2441.642
2024-12-01,2208.547,2356.723,2282.635
2024-12-02,2304.9619999999995,2880.6040000000003,2592.783
2024-12-03,2436.259,2898.144,2667.2015
2024-12-04,2427.996,2899.697,2663.8465
2024-12-05,2426.408,2897.3799999999997,2661.894
2024-12-06,2475.469,2908.1850000000004,2691.827
2024-12-07,2304.8779999999997,2466.993,2385.9354999999996
2024-12-08,2198.089,2357.034,2277.5615
2024-12-09,2305.262,2909.5550000000003,2607.4085000000005
2024-12-10,2432.047,2901.595,2666.821
2024-12-11,2449.612,2905.0159999999996,2677.314
2024-12-12,2434.061,2900.2690000000002,2667.165
2024-12-13,2453.0299999999997,2901.894,2677.4619999999995
2024-12-14,2269.5249999999996,2469.9590000000003,2369.742
2024-12-15,2186.8430000000003,2399.111,2292.977
2024-12-16,2321.2129999999997,2960.6090000000004,2640.911
2024-12-17,2426.916,2950.622,2688.7690000000002
2024-12-18,2391.372,2682.8579999999997,2537.115
2024-12-19,2396.948,2676.221,2536.5845
2024-12-20,2348.1910000000003,2692.543,2520.367
2024-12-21,2306.592,2465.567,2386.0795
2024-12-22,2201.684,2361.405,2281.5445
2024-12-23,2272.0040000000004,2660.809,2466.4065
2024-12-24,2382.904,2691.8619999999996,2537.383
2024-12-25,2419.654,2899.316,2659.4849999999997
2024-12-26,2425.8669999999997,2908.965,2667.416
2024-12-27,2451.643,2912.3759999999997,2682.0095
2024-12-28,2295.8929999999996,2459.732,2377.8125
2024-12-29,2194.085,2364.2690000000002,2279.177
2024-12-30,2281.358,2937.764,2609.561
2024-12-31,2416.4840000000004,2900.4999999999995,2658.492
2025-01-01,2089.319,2252.822,2171.0705
2025-01-02,2450.999,2903.207,2677.103
2025-01-03,2457.42,2897.721,2677.5705
2025-01-04,2246.915,2421.3799999999997,2334.1475
2025-01-05,2145.734,2345.747,2245.7405
2025-01-06,2349.62,2923.103,2636.3615
2025-01-07,2498.832,2939.8740000000003,2719.353
2025-01-08,2500.368,2939.158,2719.763
2025-01-09,2490.364,2939.556,2714.96
2025-01-10,2516.016,2950.187,2733.1014999999998
2025-01-11,2288.665,2461.963,2375.3140000000003
2025-01-12,2196.791,2345.1369999999997,2270.964
2025-01-13,2328.571,2900.4489999999996,2614.5099999999998
2025-01-14,2471.685,2907.9650000000006,2689.8250000000003
2025-01-15,2457.5640000000003,2907.4880000000003,2682.5260000000003
2025-01-16,2455.103,2900.989,2678.0460000000003
2025-01-17,2458.629,2895.669,2677.149
2025-01-18,2283.589,2439.306,2361.4475
2025-01-19,2243.5550000000003,2378.261,2310.9080000000004
2025-01-20,2379.401,2867.811,2623.6059999999998
2025-01-21,2518.7810000000004,2955.4019999999996,2737.0915
2025-01-22,2506.641,2929.529,2718.085
2025-01-23,2481.7149999999997,2916.4359999999997,2699.0755
2025-01-24,2488.075,2915.187,2701.631
2025-01-25,2256.0730000000003,2428.428,2342.2505
2025-01-26,2167.364,2338.192,2252.7780000000002
2025-01-27,2310.317,2884.049,2597.183
2025-01-28,2428.8059999999996,2895.2219999999998,2662.0139999999997
2025-01-29,2425.599,2900.8350000000005,2663.2170000000006
2025-01-30,2422.404,2919.5429999999997,2670.9735
2025-01-31,2444.384,2888.270000000001,2666.327
2025-02-01,2297.049,2469.832,2383.4404999999997
2025-02-02,2192.8289999999997,2409.634,2301.2315
2025-02-03,2308.515,2986.263,2647.389
2025-02-04,2425.224,2937.7810000000004,2681.5025000000005
2025-02-05,2452.244,2924.124,2688.184
2025-02-06,2450.989,2999.3230000000003,2725.156
2025-02-07,2452.1730000000002,2920.843,2686.508
2025-02-08,2291.315,2542.9990000000003,2417.157
2025-02-09,2201.94,2382.978,2292.459
2025-02-10,2318.864,2903.6730000000002,2611.2685
2025-02-11,2461.795,2917.8479999999995,2689.8215
2025-02-12,2474.7129999999997,2929.208,2701.9605
2025-02-13,2511.3550000000005,2950.435,2730.8950000000004
2025-02-14,2498.669,2927.9610000000002,2713.315
2025-02-15,2314.868,2470.473,2392.6705
2025-02-16,2259.622,2394.686,2327.154
2025-02-17,2237.496,2844.9320000000002,2541.214
2025-02-18,2464.497,2941.15,2702.8235
2025-02-19,2554.8250000000003,2989.1690000000003,2771.9970000000003
2025-02-20,2561.938,2982.094,2772.016
2025-02-21,2549.639,2974.6490000000003,2762.1440000000002
2025-02-22,2331.87,2508.3199999999997,2420.095
2025-02-23,2229.497,2359.827,2294.6620000000003
2025-02-24,2319.44,2890.58,2605.01
2025-02-25,2414.9890000000005,2944.083,2679.536
2025-02-26,2437.0950000000003,2970.47,2703.7825000000003
2025-02-27,2428.59,2917.7929999999997,2673.1915
2025-02-28,2457.8610000000003,2899.4339999999997,2678.6475
2025-03-01,2272.211,2491.094,2381.6525
2025-03-02,2196.5130000000004,2376.057,2286.285
2025-03-03,2297.059,2968.804,2632.9315
2025-03-04,2442.467,2955.7180000000003,2699.0925
2025-03-05,2440.046,2913.948,2676.997
2025-03-06,2443.312,2927.159,2685.2355
2025-03-07,2466.0009999999997,2982.3450000000003,2724.173
2025-03-08,2266.0330000000004,2464.7749999999996,2365.404
2025-03-09,2263.058,2401.4230000000002,2332.2405
2025-03-10,2369.404,3002.055,2685.7295
2025-03-11,2481.827,3052.529,2767.178
2025-03-12,2502.352,3087.527,2794.9395
2025-03-13,2494.154,3114.6549999999997,2804.4044999999996
2025-03-14,2546.893,3129.658,2838.2754999999997
2025-03-15,2338.6589999999997,2573.607,2456.133
2025-03-16,2255.218,2397.3120000000004,2326.2650000000003
2025-03-17,2330.875,3068.8329999999996,2699.854
2025-03-18,2483.1820000000002,3091.9,2787.541
2025-03-19,2513.189,3018.711,2765.95
2025-03-20,2494.801,2979.864,2737.3325
2025-03-21,2492.696,3003.8859999999995,2748.2909999999997
2025-03-22,2361.269,2575.751,2468.51
2025-03-23,2268.116,2486.8269999999998,2377.4714999999997
2025-03-24,2338.608,3068.7929999999997,2703.7005
2025-03-25,2487.821,3130.279,2809.05
2025-03-26,2522.482,3091.106,2806.794
2025-03-27,2506.646,3068.659,2787.6525
2025-03-28,2531.419,3025.4649999999997,2778.442
2025-03-29,2378.424,2597.578,2488.001
2025-03-30,2286.2160000000003,2485.9999999999995,2386.108
2025-03-31,2334.1220000000003,3019.877,2676.9995
2025-04-01,2535.747,3122.161,2828.9539999999997
2025-04-02,2570.399,3149.395,2859.897
2025-04-03,2553.7019999999998,3067.6680000000006,2810.6850000000004
2025-04-04,2546.472,3044.3239999999996,2795.398
2025-04-05,2378.893,2577.249,2478.071
2025-04-06,2309.003,2454.072,2381.5375000000004
2025-04-07,2396.547,3033.0199999999995,2714.7834999999995
2025-04-08,2550.8780000000006,3049.9179999999997,2800.398
2025-04-09,2530.272,3120.789,2825.5305
2025-04-10,2523.73,3144.247,2833.9885
2025-04-11,2564.4289999999996,3125.328,2844.8785
2025-04-12,2409.6369999999997,2652.6749999999997,2531.156
2025-04-13,2325.085,2606.078,2465.5815000000002
2025-04-14,2422.016,3192.9579999999996,2807.487
2025-04-15,2546.379,3112.5610000000006,2829.4700000000003
2025-04-16,2541.072,3135.0820000000003,2838.077
2025-04-17,2562.681,3175.012,2868.8465
2025-04-18,2609.448,3183.0159999999996,2896.232
2025-04-19,2421.871,2669.411,2545.641
2025-04-20,2313.172,2503.328,2408.25
2025-04-21,2373.969,3118.446,2746.2075
2025-04-22,2534.107,3161.205,2847.656
2025-04-23,2560.0409999999997,3157.3660000000004,2858.7035
2025-04-24,2555.6910000000003,3087.01,2821.3505000000005
2025-04-25,2568.8050000000003,3113.7240000000006,2841.2645
2025-04-26,2433.1380000000004,2661.216,2547.177
2025-04-27,2342.3219999999997,2542.426,2442.374
2025-04-28,2437.61,3172.506,2805.058
2025-04-29,2590.31,3178.949,2884.6295
2025-04-30,2558.13,3074.947,2816.5385
2025-05-01,2612.2729999999997,3190.3790000000004,2901.326
2025-05-02,2639.3940000000002,3147.375,2893.3845
2025-05-03,2438.505,2662.379,2550.442
2025-05-04,2343.157,2546.883,2445.02
2025-05-05,2448.113,3147.9709999999995,2798.0419999999995
2025-05-06,2601.0359999999996,3136.279,2868.6575
2025-05-07,2601.1800000000003,3169.556,2885.3680000000004
2025-05-08,2607.2959999999994,3191.923,2899.6094999999996
2025-05-09,2633.1829999999995,3188.323,2910.7529999999997
2025-05-10,2458.4289999999996,2697.3179999999998,2577.8734999999997
2025-05-11,2352.432,2560.325,2456.3785
2025-05-12,2442.9260000000004,3219.5280000000002,2831.2270000000003
2025-05-13,2619.056,3291.0609999999997,2955.0585
2025-05-14,2674.106,3342.7209999999995,3008.4134999999997
2025-05-15,2686.934,3299.262,2993.098
2025-05-16,2706.5260000000003,3284.9260000000004,2995.7260000000006
2025-05-17,2501.388,2792.553,2646.9705
2025-05-18,2442.513,2622.899,2532.706
2025-05-19,2522.27,3287.5679999999998,2904.919
2025-05-20,2662.7610000000004,3255.213,2958.987
2025-05-21,2628.014,3259.369,2943.6915
2025-05-22,2644.9990000000007,3292.534,2968.7665000000006
2025-05-23,2695.118,3324.738,3009.928
2025-05-24,2570.23,2817.625,2693.9275
2025-05-25,2477.3329999999996,2713.0350000000003,2595.184
2025-05-26,2400.712,2636.097,2518.4045
2025-05-27,2637.6789999999996,3238.309,2937.9939999999997
2025-05-28,2632.19,3212.0499999999997,2922.12
2025-05-29,2631.1459999999997,3237.501,2934.3235
2025-05-30,2656.9800000000005,3223.677,2940.3285000000005
2025-05-31,2501.031,2740.91,2620.9705
2025-06-01,2516.2250000000004,2753.2090000000003,2634.7170000000006
2025-06-02,2590.9880000000003,3269.897,2930.4425
2025-06-03,2741.382,3259.2679999999996,3000.325
2025-06-04,2716.792,3179.2229999999995,2948.0074999999997
2025-06-05,2711.044,3221.127,2966.0855
2025-06-06,2760.67,3293.949,3027.3095000000003
2025-06-07,2689.899999999999,2945.9109999999996,2817.9054999999994
2025-06-08,2587.259,2824.7490000000003,2706.004
2025-06-09,2607.9230000000002,3234.947,2921.4350000000004
2025-06-10,2731.378,3212.607,2971.9925000000003
2025-06-11,2706.3360000000002,3189.102,2947.719
2025-06-12,2698.7520000000004,3180.326,2939.539
2025-06-13,2719.5319999999997,3229.4249999999993,2974.4784999999993
2025-06-14,2654.363,2922.278,2788.3205
2025-06-15,2560.982,2722.369,2641.6755000000003
2025-06-16,2595.196,3269.547,2932.3715
2025-06-17,2750.219,3291.535,3020.877
2025-06-18,2769.4010000000003,3291.0660000000003,3030.2335000000003
2025-06-19,2767.0130000000004,3306.6670000000004,3036.84
2025-06-20,2790.808,3321.981,3056.3945000000003
2025-06-21,2700.5209999999997,2946.454,2823.4875
2025-06-22,2584.576,2815.3060000000005,2699.9410000000003
2025-06-23,2639.8949999999995,3297.9669999999996,2968.9309999999996
2025-06-24,2763.373,3294.6040000000003,3028.9885000000004
2025-06-25,2751.068,3256.331,3003.6995
2025-06-26,2747.226,3269.8289999999993,3008.5274999999997
2025-06-27,2769.073,3293.9950000000003,3031.534
2025-06-28,2690.797,2952.875,2821.8360000000002
2025-06-29,2590.531,2825.529,2708.0299999999997
2025-06-30,2642.732,3309.19,2975.9610000000002
2025-07-01,2734.098,3246.465,2990.2815
2025-07-02,2740.313,3277.3150000000005,3008.8140000000003
2025-07-03,2731.9709999999995,3234.9629999999997,2983.4669999999996
2025-07-04,2556.238,2780.8360000000002,2668.5370000000003
2025-07-05,2581.569,2813.367,2697.468
2025-07-06,2482.612,2665.8160000000003,2574.214
2025-07-07,2583.6169999999997,3221.426,2902.5215
2025-07-08,2718.8859999999995,3252.885,2985.8855
2025-07-09,2719.291,3250.933,2985.112
2025-07-10,2727.919,3271.572,2999.7455
2025-07-11,2759.015,3287.723,3023.3689999999997
2025-07-12,2612.9519999999998,2850.875,2731.9134999999997
2025-07-13,2494.396,2687.645,2591.0205
2025-07-14,2583.585,3223.132,2903.3585000000003
2025-07-15,2729.4230000000002,3270.5449999999996,2999.984
2025-07-16,2746.521,3270.9979999999996,3008.7595
2025-07-17,2746.8849999999998,3280.7509999999997,3013.8179999999998
2025-07-18,2766.1230000000005,3286.145,3026.134
2025-07-19,2637.127,2886.982,2762.0545
2025-07-20,2536.567,2764.937,2650.752
2025-07-21,2631.7819999999997,3307.802,2969.792
2025-07-22,2762.0319999999997,3290.613,3026.3224999999998
2025-07-23,2761.5019999999995,3304.26,3032.881
2025-07-24,2764.6820000000002,3311.748,3038.215
2025-07-25,2777.848,3314.623,3046.2355
2025-07-26,2646.069,2904.061,2775.065
2025-07-27,2540.349,2773.078,2656.7135
2025-07-28,2634.674,3310.205,2972.4395
2025-07-29,2765.6029999999996,3319.965,3042.7839999999997
2025-07-30,2764.464,3331.4230000000002,3047.9435000000003
2025-07-31,2767.1560000000004,3345.419000000001,3056.2875000000004
2025-08-01,2870.417,3373.381,3121.899
2025-08-02,2767.736,3013.19,2890.4629999999997
2025-08-03,2651.648,2871.567,2761.6075
2025-08-04,2670.541,3330.132,3000.3365000000003
2025-08-05,2808.1189999999997,3350.8759999999997,3079.4974999999995
2025-08-06,2818.274,3376.172,3097.223
2025-08-07,2833.666,3395.87,3114.768
2025-08-08,2862.4809999999998,3406.21,3134.3455
2025-08-09,2789.6050000000005,3051.612,2920.6085000000003
2025-08-10,2678.474,2924.9969999999994,2801.7355
2025-08-11,2715.13,3396.5899999999997,3055.8599999999997
2025-08-12,2834.9499999999994,3373.7670000000003,3104.3585
2025-08-13,2827.252,3326.749,3077.0005
2025-08-14,2826.0399999999995,3397.2170000000006,3111.6285
2025-08-15,2863.23,3408.46,3135.8450000000003
2025-08-16,2789.4089999999997,3046.578,2917.9934999999996
2025-08-17,2687.7799999999997,2912.578,2800.179
2025-08-18,2716.2479999999996,3427.747,3071.9974999999995
2025-08-19,2856.021,3448.9489999999996,3152.4849999999997
2025-08-20,2861.5240000000003,3348.306,3104.915
2025-08-21,2842.2180000000003,3390.298,3116.258
2025-08-22,2854.019,3362.997,3108.508
2025-08-23,2765.2149999999997,3032.6830000000004,2898.949
2025-08-24,2659.528,2929.9289999999996,2794.7284999999997
2025-08-25,2705.335,3404.184,3054.7595
2025-08-26,2834.017,3350.7439999999997,3092.3804999999998
2025-08-27,2816.556,3354.1549999999993,3085.3554999999997
2025-08-28,2832.956,3421.4309999999996,3127.1935
2025-08-29,2843.389,3312.449,3077.919
2025-08-30,2719.917,2958.5719999999997,2839.2445
2025-08-31,2627.835,2830.9940000000006,2729.4145000000003
2025-09-01,2441.251,2703.492,2572.3715
2025-09-02,2744.3090000000007,3275.222,3009.7655000000004
2025-09-03,2747.688,3271.226,3009.4570000000003
2025-09-04,2742.009,3339.3159999999993,3040.6624999999995
2025-09-05,2788.0960000000005,3334.758,3061.427
2025-09-06,2605.302,2827.4950000000003,2716.3985000000002
2025-09-07,2516.5820000000003,2712.493,2614.5375000000004
2025-09-08,2573.8389999999995,3212.635,2893.237
2025-09-09,2702.714,3221.1659999999997,2961.9399999999996
2025-09-10,2709.1339999999996,3255.935,2982.5344999999998
2025-09-11,2727.2300000000005,3282.5450000000005,3004.8875000000007
2025-09-12,2773.015,3298.644,3035.8295
2025-09-13,2673.424,2927.3870000000006,2800.4055000000003
2025-09-14,2567.506,2814.142,2690.8239999999996
2025-09-15,2644.614,3315.2980000000002,2979.956
2025-09-16,2769.64,3307.75,3038.6949999999997
2025-09-17,2773.0770000000007,3313.5,3043.2885000000006
2025-09-18,2774.6400000000003,3316.6639999999993,3045.652
2025-09-19,2797.624,3298.007,3047.8154999999997
2025-09-20,2678.485,2932.2839999999997,2805.3845
2025-09-21,2579.278,2817.584,2698.4309999999996
2025-09-22,2653.897,3337.8639999999996,2995.8804999999998
2025-09-23,2801.5440000000003,3348.2180000000003,3074.8810000000003
2025-09-24,2789.043,3246.299,3017.6710000000003
2025-09-25,2749.332,3242.707,2996.0195
2025-09-26,2744.2039999999997,3241.166,2992.685
2025-09-27,2630.203,2869.118,2749.6605
2025-09-28,2522.002,2756.579,2639.2905
2025-09-29,2599.73,3243.482,2921.6059999999998
2025-09-30,2743.736,3267.2729999999997,3005.5045
