date,min_load,max_load,avg_load
2009-07-06,15158.88,26679.44,21654.299166666664
2009-07-07,16524.02,28241.18,22956.57416666667
2009-07-08,17123.49,26635.12,22402.212499999998
2009-07-09,16976.36,28149.89,23165.5275
2009-07-10,17919.81,28136.08,23676.907916666667
2009-07-11,17874.25,25140.91,21848.57666666667
2009-07-12,16272.74,23523.32,20356.957083333335
2009-07-13,16136.55,28328.49,22802.42125
2009-07-14,16714.72,26513.42,22342.157083333335
2009-07-15,17674.46,28123.05,23337.224583333333
2009-07-16,17957.97,29344.48,24098.684583333335
2009-07-17,17353.2,23762.0,20827.875833333335
2009-07-18,14887.03,18953.15,17352.220416666667
2009-07-19,14289.86,20093.15,17394.750416666666
2009-07-20,15110.63,24893.78,20753.648333333334
2009-07-21,16303.83,24395.99,21064.48125
2009-07-22,16559.1,22606.64,20426.27666666667
2009-07-23,16313.4,25620.21,21491.859583333335
2009-07-24,16514.61,28131.82,22816.830416666664
2009-07-25,17263.21,24421.11,20927.324583333335
2009-07-26,15424.02,24990.59,20398.83125
2009-07-27,16426.79,28940.56,23414.17541666667
2009-07-28,17707.04,29530.86,23947.422916666663
2009-07-29,17636.36,27078.85,22882.104166666668
2009-07-30,17164.24,26719.48,22542.967916666665
2009-07-31,17081.49,26642.78,22207.851249999996
2009-08-01,15557.06,22404.96,19388.26
2009-08-02,15225.99,23484.26,19338.14625
2009-08-03,15703.86,28638.77,22881.491666666665
2009-08-04,19044.74,25309.63,23028.492500000004
2009-08-05,17308.21,28313.9,23210.059583333332
2009-08-06,17326.47,28054.28,23071.293333333335
2009-08-07,16901.59,26914.31,22536.030833333334
2009-08-08,17225.31,30219.8,23931.677083333332
2009-08-09,18678.21,31429.78,25397.971666666668
2009-08-10,20112.09,31471.52,26182.273333333334
2009-08-11,18959.21,30326.25,25047.848749999994
2009-08-12,17614.75,29383.12,23866.431666666667
2009-08-13,17337.46,29837.68,24000.16625
2009-08-14,17575.61,29837.81,24057.85208333333
2009-08-15,16938.98,29143.36,23164.974999999995
2009-08-16,18051.07,28895.87,23725.788333333334
2009-08-17,18940.63,31326.32,25538.812916666666
2009-08-18,18714.66,29848.32,24888.364166666666
2009-08-19,18750.83,30574.21,25111.484583333335
2009-08-20,18585.4,27782.59,23773.553333333333
2009-08-21,17368.52,25678.96,21869.988750000004
2009-08-22,15536.26,20148.12,18191.061250000002
2009-08-23,14374.77,20682.02,17623.955416666668
2009-08-24,15180.05,25155.07,20992.554999999997
2009-08-25,16239.68,27735.11,22488.887083333335
2009-08-26,16970.420000000002,29682.18,23932.81666666667
2009-08-27,18101.0,30267.79,24766.748333333333
2009-08-28,18258.76,25880.15,22489.23583333333
2009-08-29,16172.13,22756.04,19458.570416666666
2009-08-30,14312.28,19460.45,16978.048333333336
2009-08-31,14645.67,21549.52,19082.24
2009-09-01,15178.82,21836.15,19337.705833333333
2009-09-02,15378.75,23030.0,19940.056249999998
2009-09-03,15701.09,24056.56,20725.149999999998
2009-09-04,16044.86,24579.79,20841.335
2009-09-05,15302.31,21297.36,18624.57458333333
2009-09-06,14944.6,20427.13,17926.367916666666
2009-09-07,14825.76,22579.12,18893.722916666666
2009-09-08,15677.42,25545.42,21431.35208333333
2009-09-09,16312.890000000005,26047.35,21830.07875
2009-09-10,16644.38,26279.6,22097.681666666667
2009-09-11,16474.86,26114.7,21726.767916666668
2009-09-12,15450.7,22904.08,19308.31166666667
2009-09-13,14623.26,22150.21,18407.33375
2009-09-14,15198.76,25652.69,21100.145
2009-09-15,16360.74,25519.85,21678.611249999998
2009-09-16,16509.420000000002,25803.81,21671.6475
2009-09-17,15905.49,24104.27,20562.14875
2009-09-18,15616.89,23302.8,19999.115
2009-09-19,14817.83,20808.91,18145.438333333335
2009-09-20,14581.14,20847.47,17600.9525
2009-09-21,15686.76,25108.29,21392.33875
2009-09-22,17021.61,25969.36,22266.063749999998
2009-09-23,17043.15,24733.18,21820.99125
2009-09-24,17130.53,23040.31,20982.844166666666
2009-09-25,16316.16,22168.85,20006.789166666666
2009-09-26,15134.61,19696.51,17836.0975
2009-09-27,14145.26,20804.07,17264.0
2009-09-28,15037.35,20905.84,18681.227499999997
2009-09-29,14796.7,20674.57,18457.189166666667
2009-09-30,15018.61,20819.34,18618.86125
2009-10-01,15173.86,21046.86,18846.413333333334
2009-10-02,15178.35,20083.07,18290.0025
2009-10-03,14432.2,18428.48,16695.757916666666
2009-10-04,14207.1,18901.63,16371.127916666666
2009-10-05,14664.16,21012.41,18740.749166666665
2009-10-06,15201.86,21187.28,19112.131250000002
2009-10-07,15367.02,20916.69,18765.06583333333
2009-10-08,15554.68,21418.32,19327.955416666668
2009-10-09,15657.68,20970.24,19103.409166666668
2009-10-10,15517.34,18843.7,17411.18666666667
2009-10-11,15434.55,19629.54,17341.44
2009-10-12,15832.23,21451.78,19416.895
2009-10-13,15792.33,21833.64,19522.40625
2009-10-14,16557.510000000002,22085.26,20031.835000000003
2009-10-15,16618.69,22086.92,20199.864583333332
2009-10-16,16942.81,21882.95,20079.366250000003
2009-10-17,16799.86,20074.95,18602.408333333333
2009-10-18,16974.83,19984.28,18215.162083333333
2009-10-19,16587.16,22008.39,19726.994166666667
2009-10-20,16094.15,21140.9,19302.690000000002
2009-10-21,15697.44,20972.26,19062.953333333335
2009-10-22,15538.81,21249.57,19130.371666666666
2009-10-23,15519.26,20733.19,18880.630416666667
2009-10-24,15434.88,19222.73,17676.917916666665
2009-10-25,15583.91,19412.95,17287.307083333333
2009-10-26,15420.78,21531.19,19299.7325
2009-10-27,15844.71,21956.48,19648.78541666667
2009-10-28,16013.82,21248.33,19284.27375
2009-10-29,15866.59,21425.91,19381.400833333333
2009-10-30,15504.39,20771.5,18955.812083333334
2009-10-31,15282.58,19075.52,17540.945000000003
2009-11-01,16179.32,19903.48,17729.430416666666
2009-11-02,16120.98,21880.74,19566.63333333333
2009-11-03,16504.760000000002,22249.56,19854.2175
2009-11-04,17202.9,22062.88,20108.09041666667
2009-11-05,17283.94,22062.47,20153.920416666668
2009-11-06,17487.71,21775.96,19882.275833333333
2009-11-07,15835.85,19629.79,17772.912916666668
2009-11-08,14689.56,19938.49,17072.454166666666
2009-11-09,15107.03,22256.86,19274.454166666666
2009-11-10,15949.890000000005,22304.0,19655.672916666666
2009-11-11,16724.05,22429.68,20045.82458333333
2009-11-12,18013.5,22716.59,20816.1275
2009-11-13,17779.8,22129.01,20162.756666666668
2009-11-14,16526.23,19758.42,18170.743749999998
2009-11-15,15038.44,20385.98,17504.834166666667
2009-11-16,15809.96,22919.1,19998.45125
2009-11-17,16887.510000000002,23222.71,20723.004166666666
2009-11-18,16969.75,23265.47,20652.735
2009-11-19,17199.39,22916.09,20677.27
2009-11-20,17787.5,22230.05,20255.6325
2009-11-21,17104.36,20345.47,18732.216666666664
2009-11-22,16256.08,20598.86,18128.918333333335
2009-11-23,16508.29,22602.04,20108.940416666665
2009-11-24,16694.38,22813.61,20300.975
2009-11-25,16855.920000000002,22449.1,20246.102916666667
2009-11-26,16573.25,20596.76,18462.757916666666
2009-11-27,17189.010000000002,20931.9,19068.5075
2009-11-28,17378.97,19795.34,18465.08375
2009-11-29,15622.59,21277.46,18193.065
2009-11-30,16762.65,24678.92,21256.325416666663
2009-12-01,19164.56,23857.43,21713.22375
2009-12-02,18596.36,25167.49,22379.65208333333
2009-12-03,19011.79,25865.52,22912.382083333334
2009-12-04,20584.31,25953.28,23737.232916666664
2009-12-05,21146.31,24530.64,22710.319166666664
2009-12-06,20716.89,24912.78,22333.24166666667
2009-12-07,19796.16,26357.56,23603.217916666665
2009-12-08,19810.19,26375.15,23579.805833333336
2009-12-09,18853.53,29239.06,24619.888333333332
2009-12-10,23621.18,29210.49,26781.350416666668
2009-12-11,23206.82,27547.5,24944.698749999996
2009-12-12,21246.03,24225.1,22659.352499999997
2009-12-13,18550.8,23368.36,20675.060416666667
2009-12-14,18155.58,24424.4,21730.176666666666
2009-12-15,19400.58,27895.22,24189.883749999997
2009-12-16,22914.4,27750.37,25078.727500000005
2009-12-17,21494.6,26197.91,23715.95583333333
2009-12-18,19801.3,24635.93,22700.79541666667
2009-12-19,19127.61,24799.5,22179.885
2009-12-20,19498.33,24796.42,22088.5575
2009-12-21,19948.82,26211.82,23589.900000000005
2009-12-22,20071.28,25414.43,23193.702083333334
2009-12-23,19065.46,24179.48,22139.869166666667
2009-12-24,17335.510000000002,21409.24,19739.244166666667
2009-12-25,16340.94,22260.7,19532.799583333333
2009-12-26,19081.17,23788.54,21482.57416666667
2009-12-27,19161.94,25114.53,21823.267083333332
2009-12-28,21027.54,26259.59,23920.53125
2009-12-29,21040.58,25777.9,23532.024583333336
2009-12-30,20604.87,24867.62,22892.558333333334
2009-12-31,18698.26,24200.1,21602.617916666666
2010-01-01,21370.95,25754.69,23278.237916666665
2010-01-02,22909.77,27258.82,24897.248333333333
2010-01-03,23980.8,27994.61,25474.191250000003
2010-01-04,23931.52,30054.61,27305.22375
2010-01-05,25189.49,30034.69,27718.935
2010-01-06,24681.86,29368.05,26906.267499999998
2010-01-07,22926.49,30468.28,27001.545000000002
2010-01-08,25574.01,29775.3,27852.64625
2010-01-09,24078.8,27729.21,25849.290833333333
2010-01-10,23801.06,27669.32,25551.04375
2010-01-11,23145.96,28255.86,25956.895833333332
2010-01-12,22923.55,27624.46,25334.3
2010-01-13,22815.52,27973.5,24713.409166666668
2010-01-14,20979.57,25795.88,23202.976249999996
2010-01-15,18841.46,23923.97,22053.818750000002
2010-01-16,18900.8,22502.07,20896.844583333335
2010-01-17,18050.97,22915.42,20459.730833333335
2010-01-18,19218.23,24977.18,22593.062083333334
2010-01-19,19619.22,24759.8,22853.009583333333
2010-01-20,19666.07,25098.89,23085.779166666664
2010-01-21,19393.19,25108.78,22892.405416666665
2010-01-22,19231.62,23957.94,22247.9575
2010-01-23,18355.59,21767.82,20273.505416666667
2010-01-24,16709.05,21974.38,19350.777083333334
2010-01-25,18374.3,26830.26,23428.18375
2010-01-26,21656.38,27643.89,25301.404583333333
2010-01-27,22510.19,27110.38,24812.425
2010-01-28,21080.15,28036.9,25022.543749999997
2010-01-29,23616.56,28473.68,26546.578333333335
2010-01-30,22678.02,25590.84,24118.60083333333
2010-01-31,21005.39,24613.4,22998.252500000002
2010-02-01,21523.86,26657.3,23908.928333333333
2010-02-02,20138.81,25195.98,23213.868749999998
2010-02-03,20612.68,26022.81,23689.0125
2010-02-04,21121.71,25887.01,23798.466666666664
2010-02-05,19977.11,25713.98,23585.89375
2010-02-06,20507.49,24752.25,22665.597083333338
2010-02-07,21307.85,23658.24,22427.914166666666
2010-02-08,21467.46,26714.5,24547.571666666667
2010-02-09,21663.4,28830.09,25387.053750000003
2010-02-10,23576.61,27482.23,25631.177083333332
2010-02-11,22868.63,27741.58,24952.762499999997
2010-02-12,22811.85,27639.42,24554.152499999997
2010-02-13,21276.27,24380.82,22701.220833333336
2010-02-14,21169.74,24641.4,22574.599583333333
2010-02-15,21549.53,27661.26,25039.83958333333
2010-02-16,22296.15,27193.17,25158.462500000005
2010-02-17,22179.4,26746.43,24584.05083333333
2010-02-18,21634.63,26249.38,23904.364166666666
2010-02-19,21626.22,26524.8,23362.328333333335
2010-02-20,19501.71,22299.27,20676.50125
2010-02-21,17985.58,22675.77,20145.65
2010-02-22,18481.11,25443.67,22661.477916666667
2010-02-23,20567.71,25472.28,23527.540833333333
2010-02-24,21357.94,27265.05,24641.19458333333
2010-02-25,22768.9,27126.43,24603.308749999997
2010-02-26,21992.6,26480.03,23812.41875
2010-02-27,20796.64,23647.83,22194.9175
2010-02-28,19706.41,22639.22,20850.743749999998
2010-03-01,19138.39,24828.23,22646.76625
2010-03-02,20021.52,25053.62,23093.13625
2010-03-03,20687.27,25174.04,23131.628333333338
2010-03-04,20765.35,25433.56,22546.82666666667
2010-03-05,20258.87,24987.55,21866.12958333333
2010-03-06,18110.91,21832.31,19930.11333333333
2010-03-07,17984.010000000002,20573.84,18981.405
2010-03-08,17102.8,22459.11,20222.373750000002
2010-03-09,17432.38,22029.82,20252.670416666664
2010-03-10,16439.53,21036.99,19334.906666666666
2010-03-11,15734.38,21355.43,19284.7825
2010-03-12,16272.74,21401.9,19694.28458333333
2010-03-13,16291.99,20746.73,18937.021666666667
2010-03-14,16429.65,21290.8,18864.477083333335
2010-03-15,17014.97,22478.12,20614.80375
2010-03-16,17491.29,22189.01,20055.864166666666
2010-03-17,17061.4,22043.81,19752.335416666665
2010-03-18,17019.83,22309.64,19664.58125
2010-03-19,16511.04,21600.55,19003.327083333334
2010-03-20,15482.65,19649.77,17966.335416666665
2010-03-21,16133.01,20870.33,18549.724166666667
2010-03-22,16930.37,22456.6,20484.412916666664
2010-03-23,17272.0,22556.0,19832.369583333333
2010-03-24,16283.83,21289.02,19231.53916666667
2010-03-25,15831.28,22713.49,20204.993333333332
2010-03-26,18690.52,23555.85,20714.961666666666
2010-03-27,16670.56,20618.24,18773.935416666667
2010-03-28,15326.75,20004.98,17906.792083333334
2010-03-29,16898.84,22225.25,19976.633333333335
2010-03-30,17194.15,22243.01,19696.174583333333
2010-03-31,16048.13,20614.07,19085.39
2010-04-01,15143.06,20908.0,18941.262083333335
2010-04-02,14658.51,19424.7,17759.178750000003
2010-04-03,14113.49,18286.82,16489.45375
2010-04-04,14100.74,18470.99,16130.834166666667
2010-04-05,14733.63,21853.68,19371.14125
2010-04-06,15828.05,22717.9,20170.02875
2010-04-07,16145.3,21593.45,19629.734583333335
2010-04-08,15407.15,20855.17,18970.17125
2010-04-09,16449.43,21081.08,19036.670833333334
2010-04-10,15805.62,18501.22,17340.923333333336
2010-04-11,14549.29,19628.74,16904.7
2010-04-12,14849.63,21365.37,19199.024166666666
2010-04-13,15437.41,21972.21,19601.53125
2010-04-14,15500.55,22594.18,19905.362083333333
2010-04-15,15753.45,23002.42,20184.771666666667
2010-04-16,16038.32,21832.77,19259.202083333334
2010-04-17,14627.8,18264.29,16727.785416666666
2010-04-18,14822.53,18900.94,16659.127916666668
2010-04-19,15189.63,20494.74,18745.783333333333
2010-04-20,15443.48,20428.12,18782.023333333334
2010-04-21,15479.93,20668.88,18905.215
2010-04-22,15410.41,20823.57,19012.827916666665
2010-04-23,15336.36,20677.58,18839.69958333333
2010-04-24,14904.95,18798.37,17302.7975
2010-04-25,14229.87,18984.17,16676.587083333336
2010-04-26,14999.3,20595.41,18818.05916666667
2010-04-27,15878.49,20661.33,18947.87958333333
2010-04-28,16131.52,20460.17,18904.07875
2010-04-29,15648.73,21106.57,19217.277083333334
2010-04-30,15597.16,21521.14,19382.02875
2010-05-01,15200.78,19088.24,17592.33541666667
2010-05-02,14466.38,19738.27,17171.949583333335
2010-05-03,14946.42,22059.81,19496.8175
2010-05-04,15462.86,22260.11,19804.534166666668
2010-05-05,15731.72,23442.13,20333.707916666666
2010-05-06,15653.7,21602.85,19492.798333333336
2010-05-07,15582.73,22968.86,19752.725416666668
2010-05-08,14790.55,18561.92,17025.869166666667
2010-05-09,15023.11,18432.68,16487.647916666665
2010-05-10,15137.47,20819.29,18955.337499999998
2010-05-11,15784.67,21373.02,19529.05916666667
2010-05-12,15695.78,21984.61,19767.552083333332
2010-05-13,16246.99,23812.18,21016.900416666667
2010-05-14,16515.71,21751.98,19656.92625
2010-05-15,14967.49,18855.08,17372.225833333334
2010-05-16,14475.22,19191.1,16948.0275
2010-05-17,15126.02,21219.24,19173.454166666666
2010-05-18,15735.3,20920.51,19186.73833333333
2010-05-19,15708.43,20848.68,19071.167083333334
2010-05-20,15620.37,21324.54,19378.186250000002
2010-05-21,15781.74,21531.82,19402.79625
2010-05-22,15211.79,21814.44,18856.67
2010-05-23,15227.25,26144.24,21048.41041666667
2010-05-24,17970.56,30704.58,25168.2675
2010-05-25,18136.85,29569.09,24618.630416666667
2010-05-26,18087.83,30181.67,24742.25458333333
2010-05-27,17958.2,29608.31,24271.876666666667
2010-05-28,17211.03,27591.41,22868.262083333335
2010-05-29,16242.41,27336.18,21997.049166666668
2010-05-30,16065.08,27395.28,22161.787500000002
2010-05-31,17209.27,25839.81,21653.548333333332
2010-06-01,16852.91,30513.61,24444.678333333333
2010-06-02,18775.59,28525.04,23993.621666666662
2010-06-03,18178.01,28557.74,23977.114583333332
2010-06-04,18190.43,31094.04,25259.246666666662
2010-06-05,19484.02,27505.87,23802.36666666667
2010-06-06,17909.63,23878.18,20997.482083333332
2010-06-07,16532.31,25752.43,21949.834166666667
2010-06-08,17153.97,24696.96,21850.028333333332
2010-06-09,18023.91,28237.8,23530.554583333334
2010-06-10,17583.56,29948.73,24348.145
2010-06-11,19239.57,30223.24,25259.345833333336
2010-06-12,19129.33,29172.81,24148.668333333335
2010-06-13,17392.13,29000.68,23401.549166666668
2010-06-14,18951.3,31610.78000000001,25936.18333333333
2010-06-15,19240.36,30313.88,25232.21416666667
2010-06-16,18648.32,30467.61,25071.33208333333
2010-06-17,18432.04,30864.93,25172.5625
2010-06-18,19216.2,33586.2,26841.171250000003
2010-06-19,18648.96,29791.38,24235.06708333333
2010-06-20,17442.63,31147.47,24866.657083333335
2010-06-21,20803.35,32481.2,27504.414583333335
2010-06-22,20629.79,32456.6,27189.949583333335
2010-06-23,21474.89,35335.770000000004,29088.916666666668
2010-06-24,21439.02,30972.13,26473.122916666664
2010-06-25,18627.61,31512.77,25590.8225
2010-06-26,19016.72,32521.89,26073.013750000002
2010-06-27,20106.78,30960.01,25705.913749999996
2010-06-28,19539.12,30849.59,25638.567916666667
2010-06-29,18244.98,28181.49,23687.765000000003
2010-06-30,16984.39,26700.5,22268.5925
2010-07-01,16696.39,26299.24,21882.006250000002
2010-07-02,16374.5,26165.06,21575.116250000003
2010-07-03,15403.01,27596.64,21519.91791666667
2010-07-04,16970.72,28722.43,23269.259583333333
2010-07-05,18418.0,30698.32,24918.462083333336
2010-07-06,19424.94,33848.0,27375.087083333332
2010-07-07,20667.29,33539.520000000004,27660.27666666666
2010-07-08,20793.13,32834.24,27110.790416666667
2010-07-09,20270.19,30355.41,25468.675
2010-07-10,17864.29,28772.39,23636.31375
2010-07-11,17099.57,27663.57,22981.400833333333
2010-07-12,18996.8,31856.05,25907.25333333333
2010-07-13,19753.44,30497.34,25698.924166666664
2010-07-14,19744.8,34664.590000000004,28016.552916666667
2010-07-15,22027.07,34987.770000000004,28928.072916666668
2010-07-16,20858.67,33329.93,27393.40208333333
2010-07-17,19849.26,32145.34,26235.624166666665
2010-07-18,19622.62,28678.69,24318.879166666666
2010-07-19,19558.17,31321.94,26105.142916666668
2010-07-20,19577.7,30821.26,25583.630833333333
2010-07-21,20211.32,32640.58,26839.43041666667
2010-07-22,20408.26,34451.44,28301.197916666668
2010-07-23,22669.41,35799.36,29837.367499999997
2010-07-24,22261.82,33683.58,28146.878333333327
2010-07-25,19992.84,30429.86,25339.161666666667
2010-07-26,19636.23,32425.18,26565.997916666664
2010-07-27,19974.28,33203.81,27358.869583333333
2010-07-28,21407.81,34791.25,28723.182083333333
2010-07-29,21548.28,32930.06,27478.142916666668
2010-07-30,19335.6,28888.19,24405.702083333334
2010-07-31,18442.55,27298.24,23006.455
2010-08-01,17248.1,28671.68,23087.55
2010-08-02,18573.62,33321.67,26785.657083333335
2010-08-03,21360.77,36332.17,29449.42375
2010-08-04,23514.33,36999.66,30946.635416666668
2010-08-05,22809.65,33642.03,28297.464999999997
2010-08-06,20017.23,30865.85,25568.252083333336
2010-08-07,17775.84,29043.58,23373.303750000003
2010-08-08,17404.52,30977.61,24389.319166666668
2010-08-09,20440.57,36203.06,29063.194583333334
2010-08-10,23160.65,36918.67,30542.860833333336
2010-08-11,23247.66,35983.78,30257.190416666668
2010-08-12,22948.15,36067.9,29953.770833333332
2010-08-13,21822.86,36499.78,29472.09583333333
2010-08-14,21437.57,32711.79,27117.734583333335
2010-08-15,20718.41,31557.7,26096.01958333333
2010-08-16,19108.03,31153.1,25402.99166666667
2010-08-17,18371.91,29223.88,24333.003750000003
2010-08-18,18898.86,31712.68,25663.81791666667
2010-08-19,19377.39,34306.86,27258.57083333333
2010-08-20,20875.33,33446.03,27477.609166666673
2010-08-21,19777.49,28889.9,24273.667083333334
2010-08-22,18321.61,30438.15,24196.83541666667
2010-08-23,18623.2,31057.02,25204.873333333333
2010-08-24,18334.52,29402.37,24567.594583333335
2010-08-25,18370.16,28506.67,23699.192916666663
2010-08-26,17069.09,26745.76,22321.115
2010-08-27,16806.23,27145.89,22190.730833333335
2010-08-28,16247.65,28434.0,22261.265416666665
2010-08-29,18042.42,30934.25,24705.474999999995
2010-08-30,19416.85,31178.97,26034.22583333333
2010-08-31,19691.32,33195.23,26999.85875
2010-09-01,20231.35,29792.45,25659.82541666667
2010-09-02,19358.41,30841.89,25652.142499999998
2010-09-03,17801.73,25173.69,22070.85666666667
2010-09-04,15384.56,19844.1,17752.204166666666
2010-09-05,14391.01,20322.79,17341.890833333335
2010-09-06,14650.12,24804.75,19571.3575
2010-09-07,17021.48,27503.65,22918.554583333334
2010-09-08,16836.920000000002,25829.12,21714.23
2010-09-09,16560.49,23098.37,20633.67125
2010-09-10,16409.36,22459.72,20308.235833333336
2010-09-11,16352.47,22319.02,19531.296666666665
2010-09-12,15312.04,23502.31,19300.99
2010-09-13,16134.99,28117.19,22611.2075
2010-09-14,17374.260000000002,26660.67,22495.258749999997
2010-09-15,16919.27,27301.34,22779.772083333333
2010-09-16,18194.18,25688.3,22492.46041666667
2010-09-17,16405.19,24417.34,20841.935416666667
2010-09-18,15864.24,25076.83,20364.857500000002
2010-09-19,16080.88,23591.66,19764.61291666667
2010-09-20,16765.18,30264.09,24026.564583333336
2010-09-21,18375.73,31711.05,25447.359999999997
2010-09-22,18971.18,27276.2,23905.652083333334
2010-09-23,17912.54,31170.59,25187.493333333336
2010-09-24,18746.77,27353.64,23589.844166666666
2010-09-25,15953.890000000005,20698.91,18530.419583333332
2010-09-26,14425.07,19506.26,16763.368749999998
2010-09-27,14797.62,21324.75,18843.884166666667
2010-09-28,15380.74,21487.43,19121.07375
2010-09-29,15450.55,22197.84,19573.375833333335
2010-09-30,15308.66,22063.94,19560.675
2010-10-01,15422.12,20759.93,18743.788750000003
2010-10-02,14684.2,18545.68,16862.527916666666
2010-10-03,14278.44,19422.58,16680.55875
2010-10-04,15491.92,21233.96,19043.757916666666
2010-10-05,16147.68,20973.33,19213.632500000003
2010-10-06,15799.8,21341.85,19228.079583333332
2010-10-07,15650.68,21768.9,19437.62625
2010-10-08,15464.98,21306.63,19100.66083333333
2010-10-09,14984.33,21113.98,18219.226249999996
2010-10-10,14554.12,21743.57,18179.895833333332
2010-10-11,15478.99,24019.88,20385.087499999998
2010-10-12,15880.95,22719.07,20093.122499999998
2010-10-13,15812.58,21710.59,19517.156666666666
2010-10-14,15471.63,20765.83,18791.7775
2010-10-15,15407.48,20325.59,18580.654583333333
2010-10-16,15287.84,18870.62,17330.295416666664
2010-10-17,14391.89,19725.65,16893.623750000002
2010-10-18,14670.22,21379.74,18970.360416666666
2010-10-19,15494.19,21062.5,18982.958333333332
2010-10-20,15762.68,21005.55,19105.319166666668
2010-10-21,15409.21,20850.47,18871.802916666664
2010-10-22,16067.47,20679.65,18883.14125
2010-10-23,15110.78,19117.82,17370.667916666665
2010-10-24,14124.43,20123.25,17006.8275
2010-10-25,15001.05,21900.2,19247.609166666665
2010-10-26,15870.91,20836.06,19036.07625
2010-10-27,15356.78,20921.84,18884.927083333332
2010-10-28,15501.12,21843.08,19386.688749999998
2010-10-29,16964.47,21822.65,19462.095833333333
2010-10-30,15853.42,19488.46,17852.26375
2010-10-31,14918.7,18703.29,16874.48041666667
2010-11-01,15760.3,21491.98,19371.26166666667
2010-11-02,16649.39,21776.51,19737.611666666668
2010-11-03,17203.25,22503.36,20046.239166666666
2010-11-04,16708.58,22094.41,19976.12958333333
2010-11-05,17298.86,22343.26,20409.677083333332
2010-11-06,18039.97,21240.07,19401.32416666667
2010-11-07,17356.55,20039.3,18449.990416666667
2010-11-08,16353.45,21413.92,19438.09875
2010-11-09,16247.73,21559.77,19396.832916666666
2010-11-10,16004.22,21513.33,19261.75125
2010-11-11,15867.71,21435.81,19134.76375
2010-11-12,15781.72,20711.72,18855.492916666666
2010-11-13,15180.76,19884.81,17649.992083333334
2010-11-14,15801.17,20582.95,17909.262083333335
2010-11-15,17123.19,22728.59,20487.09833333333
2010-11-16,17910.91,23435.67,21175.1375
2010-11-17,18008.38,22777.54,20762.159583333334
2010-11-18,17922.74,23632.24,21302.212916666667
2010-11-19,18993.72,23227.21,21157.48125
2010-11-20,17491.62,20769.48,19286.341666666667
2010-11-21,16383.69,20209.3,18054.967083333333
2010-11-22,15307.54,22030.46,19191.2
2010-11-23,15857.61,23050.38,20124.408333333333
2010-11-24,18876.45,24265.82,22242.13666666667
2010-11-25,16014.71,20156.15,18261.174583333333
2010-11-26,17956.96,22114.18,20070.484166666665
2010-11-27,17850.69,21648.52,19693.832083333335
2010-11-28,18323.51,22095.74,19783.587499999998
2010-11-29,17991.95,23816.51,21318.247916666664
2010-11-30,17313.27,25891.98,22151.029583333333
2010-12-01,21625.94,28185.53,25350.19875
2010-12-02,22306.12,26992.34,24917.28583333334
2010-12-03,21452.94,26232.93,24191.023749999997
2010-12-04,20511.25,26322.87,23424.210833333334
2010-12-05,21095.11,27600.07,24058.339999999997
2010-12-06,23387.78,30435.38,27323.952916666665
2010-12-07,24690.02,29937.55,27382.405833333334
2010-12-08,25222.75,30162.51,27450.20708333333
2010-12-09,24667.45,29650.74,27017.607916666664
2010-12-10,22010.77,26429.7,24016.33666666667
2010-12-11,20299.87,25424.14,22955.839583333334
2010-12-12,21497.77,29759.76,25458.947083333333
2010-12-13,25444.39,31914.56,28944.365
2010-12-14,26840.85,31398.01,28957.740833333333
2010-12-15,25898.65,30524.59,28197.684166666662
2010-12-16,23735.57,29443.59,26937.1725
2010-12-17,23505.12,28582.6,26437.803333333333
2010-12-18,23682.58,26840.93,25190.317916666663
2010-12-19,22978.33,26567.62,24521.375
2010-12-20,22036.06,27873.19,25340.145416666666
2010-12-21,21628.75,27049.21,24795.305416666666
2010-12-22,21537.07,28531.34,25698.565000000002
2010-12-23,22390.4,26494.06,24698.610416666663
2010-12-24,20484.49,24319.79,22644.17333333333
2010-12-25,19958.5,23891.92,22027.743333333332
2010-12-26,21080.2,26362.08,23483.03
2010-12-27,22662.09,28075.0,25611.777916666662
2010-12-28,23469.65,27098.45,25281.672916666666
2010-12-29,21753.86,26243.89,24147.4675
2010-12-30,19777.43,23586.2,21886.966249999998
2010-12-31,17387.04,21487.64,19403.425833333335
2011-01-01,17120.12,24275.64,20633.795833333334
2011-01-02,21277.5,26084.34,23292.523333333334
2011-01-03,22410.37,27091.36,24755.333333333332
2011-01-04,21740.77,27114.85,24759.705416666668
2011-01-05,23159.0,27550.47,25266.849583333333
2011-01-06,22121.19,27878.71,25436.57833333334
2011-01-07,22435.79,27831.26,25687.94541666667
2011-01-08,23345.3,28260.4,25974.08875
2011-01-09,24291.39,27345.81,25609.551666666666
2011-01-10,23076.1,28777.12,26390.825833333336
2011-01-11,22957.12,30018.44,26823.68375
2011-01-12,24941.33,30260.32,28023.837499999998
2011-01-13,25257.15,30289.39,27700.152083333334
2011-01-14,23700.39,28592.72,25865.67458333333
2011-01-15,21358.6,25763.2,23611.415833333333
2011-01-16,22252.86,26028.85,23991.189583333336
2011-01-17,22897.46,27244.28,25399.395
2011-01-18,20560.72,27162.79,24395.812916666666
2011-01-19,22049.27,28157.06,25630.7825
2011-01-20,22814.17,29431.64,26533.20708333333
2011-01-21,25346.03,30572.64,28374.189583333336
2011-01-22,24390.59,28005.55,26286.726666666666
2011-01-23,23001.66,27907.53,25076.855833333335
2011-01-24,23246.3,27762.2,25941.400833333333
2011-01-25,22400.16,27580.94,25438.547916666666
2011-01-26,22757.42,28097.79,25906.286249999994
2011-01-27,23077.9,28210.56,25815.122083333332
2011-01-28,22208.49,27110.11,24820.444583333334
2011-01-29,21566.65,23966.99,22693.2675
2011-01-30,20271.14,25108.0,22292.272083333333
2011-01-31,21978.4,28424.6,25807.86
2011-02-01,22138.03,28405.26,25879.874583333334
2011-02-02,22419.49,29225.47,26082.359583333335
2011-02-03,24874.81,29775.47,27257.57083333333
2011-02-04,24220.81,29689.95,26540.075833333336
2011-02-05,22093.92,25930.59,24052.259583333333
2011-02-06,21236.5,24090.0,22658.565000000002
2011-02-07,20636.36,28194.29,24941.104166666668
2011-02-08,23451.71,30403.59,27256.292083333334
2011-02-09,25873.68,30533.35,28679.689166666667
2011-02-10,26351.46,31823.44,28348.78
2011-02-11,23972.72,29556.9,26215.31375
2011-02-12,21182.8,24187.09,22626.51166666667
2011-02-13,19473.79,22503.32,20771.275833333333
2011-02-14,18849.17,24867.14,22522.259166666667
2011-02-15,21150.71,25943.23,23515.209166666667
2011-02-16,19836.61,24031.86,21850.767083333336
2011-02-17,17603.62,22988.76,20825.12125
2011-02-18,17134.25,21968.77,20347.666666666668
2011-02-19,18497.92,22143.01,20486.27375
2011-02-20,18424.2,21825.62,20074.625833333335
2011-02-21,16905.62,25434.11,21715.948333333334
2011-02-22,20815.34,26687.76,24291.970416666663
2011-02-23,21958.5,26137.57,24232.11333333333
2011-02-24,19766.35,26084.26,23627.960000000003
2011-02-25,21457.99,26017.25,24220.94291666667
2011-02-26,20637.2,23720.89,22400.12041666666
2011-02-27,19071.95,21952.37,20346.197083333333
2011-02-28,17212.91,25731.54,22302.663750000003
2011-03-01,21665.37,26343.58,23262.4825
2011-03-02,20276.92,24833.45,22484.76
2011-03-03,20531.29,25011.15,22582.476666666666
2011-03-04,18645.97,22880.92,21308.345833333333
2011-03-05,17721.600000000002,23747.51,21078.817916666667
2011-03-06,19826.79,23894.61,21647.156666666666
2011-03-07,20050.85,25087.53,23100.568333333333
2011-03-08,20003.74,24480.68,22622.446249999997
2011-03-09,18896.78,24808.32,22354.145833333332
2011-03-10,19755.25,26307.39,23799.50125
2011-03-11,20731.34,25295.06,22578.019166666665
2011-03-12,18751.72,20700.73,19682.95666666667
2011-03-13,17906.54,22498.24,19996.709583333333
2011-03-14,19178.61,25269.83,23245.671666666665
2011-03-15,19962.7,24800.36,22931.766666666666
2011-03-16,18989.2,24355.92,21543.2225
2011-03-17,18006.87,22752.6,20663.23125
2011-03-18,16468.04,21506.21,19886.18375
2011-03-19,17348.69,20660.22,19051.524583333332
2011-03-20,16727.22,20392.11,18554.615416666667
2011-03-21,16079.42,22394.85,20084.17125
2011-03-22,16506.28,22105.27,20089.250416666666
2011-03-23,16667.88,21763.11,20057.09375
2011-03-24,17598.760000000002,24547.56,22285.34708333333
2011-03-25,20005.61,24904.83,22813.251666666667
2011-03-26,19584.97,23675.84,21947.98125
2011-03-27,20079.02,22837.36,21220.568333333333
2011-03-28,20024.98,25086.17,22414.58666666667
2011-03-29,19785.95,24654.69,22636.102499999997
2011-03-30,19655.18,24389.98,22441.91
2011-03-31,20090.11,24865.3,22194.710000000003
2011-04-01,19337.8,24052.61,21553.409583333334
2011-04-02,17795.49,20825.74,19300.8
2011-04-03,16814.22,20739.55,18555.283333333333
2011-04-04,16327.17,22900.93,20511.387083333335
2011-04-05,18607.45,23305.6,21181.840833333332
2011-04-06,18103.74,22618.82,20718.444583333334
2011-04-07,16933.06,21827.52,20223.71375
2011-04-08,16932.53,21811.56,20149.795833333334
2011-04-09,16054.36,21536.0,19120.424583333333
2011-04-10,16005.68,23075.73,19534.835000000003
2011-04-11,17336.75,22268.83,20532.0325
2011-04-12,16608.66,21821.47,19992.985833333336
2011-04-13,17109.72,21831.87,20202.897083333333
2011-04-14,16748.3,21736.53,20003.73125
2011-04-15,16594.02,21625.17,19830.969583333335
2011-04-16,16363.53,21029.35,19242.12125
2011-04-17,17100.21,20094.03,18481.845
2011-04-18,16245.6,21947.07,20030.555
2011-04-19,16842.04,23014.11,20859.323333333334
2011-04-20,16323.16,22122.54,20251.9075
2011-04-21,17834.38,22311.77,20368.139583333334
2011-04-22,16569.18,21205.03,19391.6475
2011-04-23,15552.1,19709.79,17961.155833333334
2011-04-24,15260.19,19444.61,17362.78583333333
2011-04-25,15857.44,22175.9,20068.48375
2011-04-26,16806.32,22251.62,20364.125416666666
2011-04-27,16770.07,22047.65,20384.205416666668
2011-04-28,17333.7,21845.93,20364.708333333332
2011-04-29,17176.25,21421.89,19778.204166666666
2011-04-30,16071.31,19817.49,18266.420416666668
2011-05-01,15381.57,20111.55,17838.76125
2011-05-02,16321.53,22129.64,20280.555833333332
2011-05-03,17526.13,22061.03,20444.712916666667
2011-05-04,17855.69,22289.88,20558.80125
2011-05-05,17897.56,22024.53,20335.047083333335
2011-05-06,16755.4,21172.09,19591.706250000003
2011-05-07,15878.56,19946.09,18173.879166666666
2011-05-08,15198.76,20894.64,18012.881666666668
2011-05-09,16185.76,24360.35,21247.44875
2011-05-10,17525.4,26642.99,23078.632083333334
2011-05-11,18427.69,29750.35,24833.334166666664
2011-05-12,19195.61,29119.79,24814.44541666667
2011-05-13,18098.86,25804.77,22322.269166666665
2011-05-14,16522.5,20311.33,18817.881250000002
2011-05-15,15618.84,20192.18,18032.74875
2011-05-16,16725.09,21700.09,20048.658333333336
2011-05-17,17037.47,21953.44,20388.3225
2011-05-18,17030.760000000002,21719.12,20191.176666666666
2011-05-19,16699.73,21959.01,20216.734166666665
2011-05-20,16570.56,23399.52,20831.11
2011-05-21,16582.8,23332.09,20378.56
2011-05-22,16399.78,24423.03,20929.366666666665
2011-05-23,17377.91,26191.86,22396.99166666667
2011-05-24,17189.260000000002,27452.81,22991.499166666665
2011-05-25,18517.34,27357.75,23134.12166666667
2011-05-26,17207.920000000002,22707.56,20638.64
2011-05-27,16567.38,21553.33,19647.553750000003
2011-05-28,15804.61,20958.67,18691.421666666665
2011-05-29,16270.15,25772.59,21396.933333333334
2011-05-30,17450.71,29441.76,23978.631666666668
2011-05-31,19736.82,32402.07,27220.27625
2011-06-01,20334.38,31441.24,26200.183333333334
2011-06-02,18724.79,27726.64,23988.435833333333
2011-06-03,18853.04,31271.89,25481.11083333333
2011-06-04,19534.29,32762.8,26295.930833333332
2011-06-05,18868.07,28266.48,23855.740833333333
2011-06-06,19197.22,34049.55,27395.33541666667
2011-06-07,21153.28,35831.58,29263.086250000004
2011-06-08,22013.0,35925.840000000004,29852.140416666665
2011-06-09,22386.3,34112.41,28624.612500000003
2011-06-10,21218.93,33294.020000000004,27427.255833333333
2011-06-11,19020.87,26956.85,23151.004166666666
2011-06-12,17036.52,23881.52,20619.67541666667
2011-06-13,17180.7,25713.81,22131.364583333332
2011-06-14,17621.64,25374.24,22218.799166666664
2011-06-15,18014.86,26434.95,22840.26708333333
2011-06-16,17944.37,28711.66,24167.40125
2011-06-17,19072.96,28673.06,24642.133749999997
2011-06-18,19060.29,25764.69,22504.89208333333
2011-06-19,17452.03,25975.96,21907.87833333333
2011-06-20,19327.85,30204.03,25609.364583333332
2011-06-21,20626.87,31767.5,26236.956666666665
2011-06-22,19655.03,28362.06,24492.690000000002
2011-06-23,18887.13,26428.87,23216.652083333334
2011-06-24,18025.67,25029.18,22157.859166666665
2011-06-25,17374.25,24424.93,21275.255416666667
2011-06-26,17153.91,25264.22,21276.119583333333
2011-06-27,18197.48,29141.86,24094.10541666667
2011-06-28,19438.18,29890.68,25056.73708333333
2011-06-29,18195.29,30850.63,24912.104166666668
2011-06-30,18892.21,33094.31,26530.547083333327
2011-07-01,20449.39,32114.88,26759.052083333332
2011-07-02,19393.34,32622.83,26221.376666666667
2011-07-03,19547.26,30285.7,24794.407916666667
2011-07-04,18246.67,28113.46,22901.39791666667
2011-07-05,18184.79,33023.3,26365.20375
2011-07-06,20108.44,34359.61,27870.834583333333
2011-07-07,20768.36,32786.35,27103.56666666667
2011-07-08,20226.24,31863.83,26368.028333333335
2011-07-09,19021.68,31600.75,25599.0625
2011-07-10,19073.31,33754.99,26884.788750000003
2011-07-11,23165.8,38570.02,31799.100833333334
2011-07-12,24980.74,37529.62,31038.903333333335
2011-07-13,21816.86,32704.39,27552.75208333333
2011-07-14,19935.42,32388.49,26510.81458333333
2011-07-15,20017.73,33194.39,27014.645416666666
2011-07-16,19853.52,32107.2,26224.006666666664
2011-07-17,20529.68,33811.6,27667.255
2011-07-18,22839.01,36948.21,30795.047916666663
2011-07-19,24395.76,38707.3,32156.081250000003
2011-07-20,24961.05,39148.97,32610.400416666667
2011-07-21,25145.97,39454.05,33186.68833333333
2011-07-22,26137.01,38665.95,32932.905
2011-07-23,24534.26,36195.89,30759.231666666663
2011-07-24,23165.34,31774.82,27502.650416666667
2011-07-25,21219.39,35916.96,29141.135416666668
2011-07-26,22312.53,37154.06,30359.54125
2011-07-27,23178.65,38136.51,31204.403749999998
2011-07-28,24628.33,38651.29,32051.31125
2011-07-29,24650.44,36448.99,30755.524166666666
2011-07-30,22514.34,31786.83,27435.44125
2011-07-31,20730.52,34146.520000000004,27737.422916666666
2011-08-01,22168.11,37805.38,30668.050416666665
2011-08-02,23453.82,38514.12,31635.34875
2011-08-03,25237.49,36989.94,31244.355
2011-08-04,22444.11,34072.42,28706.517916666664
2011-08-05,22010.2,32090.33,27426.837083333336
2011-08-06,21054.69,32131.72,26878.501666666667
2011-08-07,21492.86,33253.13,27359.16916666667
2011-08-08,21657.77,33428.94,27922.11375
2011-08-09,20725.67,34030.2,27487.196249999997
2011-08-10,20104.5,29153.49,25162.204166666666
2011-08-11,18679.28,29164.98,24226.675416666665
2011-08-12,18406.47,29311.94,24113.81625
2011-08-13,18333.32,29821.27,23942.221250000002
2011-08-14,17582.29,25400.96,21563.005416666667
2011-08-15,17989.63,28289.62,23716.477499999997
2011-08-16,18300.49,28658.17,24141.096250000002
2011-08-17,18893.31,32122.58,26032.255833333333
2011-08-18,20494.72,34241.15,27780.198333333334
2011-08-19,20660.4,32646.71,26881.41125
2011-08-20,19939.74,29855.11,24937.30041666667
2011-08-21,19326.8,30580.1,25020.476666666666
2011-08-22,19062.19,31249.39,25584.224999999995
2011-08-23,19262.84,32590.08,26516.802083333332
2011-08-24,21056.34,37354.81,29663.928750000003
2011-08-25,22029.3,32524.71,27282.55083333333
2011-08-26,19269.88,31741.36,25709.2675
2011-08-27,18429.36,30621.21,24462.35666666667
2011-08-28,17913.45,27440.64,22631.3425
2011-08-29,18224.13,30248.12,24530.465833333335
2011-08-30,18283.3,29837.3,24508.24
2011-08-31,19242.47,35222.06,27539.316666666666
2011-09-01,22108.04,38098.27,30553.36958333333
2011-09-02,22919.52,37472.8,30338.152916666662
2011-09-03,21071.48,34205.14,27399.9375
2011-09-04,18379.8,22909.61,21367.735416666666
2011-09-05,16008.38,20276.58,18199.524166666666
2011-09-06,15736.29,22243.53,19993.001666666667
2011-09-07,16714.66,22677.21,20562.135416666668
2011-09-08,16924.71,22890.41,20774.439583333336
2011-09-09,17187.25,22584.74,20601.343333333334
2011-09-10,16701.59,21720.93,19631.24208333333
2011-09-11,16301.25,23678.53,20100.172916666666
2011-09-12,17323.010000000002,29105.35,23752.96375
2011-09-13,18526.03,30831.3,24981.8025
2011-09-14,18267.36,23660.02,21647.650416666667
2011-09-15,16911.78,22018.86,20118.51625
2011-09-16,16614.99,21633.67,19870.444583333334
2011-09-17,16183.68,20322.63,18522.49666666667
2011-09-18,15703.3,21537.14,18539.775416666667
2011-09-19,16816.39,23468.65,21171.6775
2011-09-20,17183.83,24339.35,21498.631666666664
2011-09-21,17726.45,25010.4,22116.015
2011-09-22,17402.85,22898.07,20919.073333333334
2011-09-23,16988.34,22209.49,20292.09041666667
2011-09-24,16378.41,20203.04,18625.03458333333
2011-09-25,15882.0,21076.87,18435.696666666667
2011-09-26,16627.07,22868.4,20586.478333333333
2011-09-27,16847.59,22648.91,20546.791666666668
2011-09-28,17036.39,23152.85,20813.92125
2011-09-29,17180.63,23665.45,21105.344166666666
2011-09-30,17017.06,21930.47,20194.763750000002
2011-10-01,16586.68,20329.44,18702.466666666667
2011-10-02,16492.2,20975.34,18530.385
2011-10-03,16736.09,23024.67,20689.45375
2011-10-04,17030.23,23320.25,20878.726666666666
2011-10-05,17034.670000000002,23771.84,21180.898333333334
2011-10-06,17196.74,24501.57,21636.4875
2011-10-07,17406.91,24859.15,21634.81625
2011-10-08,16696.83,22656.72,19877.89458333333
2011-10-09,16024.73,22095.72,18987.9675
2011-10-10,16492.77,24274.08,21167.70625
2011-10-11,17067.64,24145.95,21421.132916666666
2011-10-12,17257.83,23109.7,20993.94375
2011-10-13,16972.45,22615.7,20588.37083333333
2011-10-14,16734.37,21650.72,19905.890833333335
2011-10-15,16291.45,20049.01,18409.77
2011-10-16,15710.03,21166.4,18286.258333333335
2011-10-17,16159.68,22702.41,20209.254166666666
2011-10-18,17121.22,23272.94,20913.94
2011-10-19,17731.88,23948.5,21546.380833333333
2011-10-20,18387.99,23572.9,21744.26
2011-10-21,18672.76,23221.88,20996.004166666666
2011-10-22,17644.89,20937.26,19373.01625
2011-10-23,16478.5,20760.55,18433.212499999998
2011-10-24,16449.73,22588.3,20306.52875
2011-10-25,17079.85,22759.19,20642.713333333333
2011-10-26,16845.57,22554.51,20343.156666666666
2011-10-27,16958.420000000002,22978.21,20731.42458333333
2011-10-28,18498.93,23154.77,21147.110833333336
2011-10-29,18254.25,21321.84,19681.770416666666
2011-10-30,17714.37,21173.19,19286.441666666666
2011-10-31,17303.14,22894.33,20774.685
2011-11-01,18475.66,23517.27,21171.320416666666
2011-11-02,17550.79,22761.11,20771.154166666667
2011-11-03,17339.77,23882.15,21374.021666666667
2011-11-04,18167.43,23083.77,20937.105
2011-11-05,18262.34,21589.17,19823.066666666666
2011-11-06,17156.63,21347.86,19040.147083333333
2011-11-07,16915.05,23362.97,20705.467916666665
2011-11-08,17182.61,23221.47,20722.481666666667
2011-11-09,17050.04,24283.61,21184.5775
2011-11-10,19277.39,25134.15,22632.117500000004
2011-11-11,20704.22,24527.45,22459.779583333333
2011-11-12,18440.92,21489.25,19838.786666666667
2011-11-13,16473.23,21260.33,18635.514166666664
2011-11-14,16343.140000000005,23230.67,20367.926666666666
2011-11-15,16928.6,23296.88,20685.985
2011-11-16,17489.920000000002,24772.4,21618.80791666667
2011-11-17,19844.24,25677.59,23026.169583333336
2011-11-18,21185.74,25318.95,23020.915833333333
2011-11-19,18774.34,22001.52,20433.122916666664
2011-11-20,16631.64,22915.61,19714.91625
2011-11-21,17954.420000000002,24440.8,21837.396666666667
2011-11-22,18364.53,24309.39,21967.127083333336
2011-11-23,18739.29,23738.67,21824.41083333333
2011-11-24,17365.5,21057.15,18830.365
2011-11-25,17262.29,20473.07,18773.092916666665
2011-11-26,16210.42,20633.02,18467.779166666667
2011-11-27,16370.33,23592.69,19839.788333333334
2011-11-28,18803.21,26641.7,23330.479166666668
2011-11-29,20145.67,27064.27,24040.345416666667
2011-11-30,21424.3,26506.02,24082.739583333332
2011-12-01,21853.23,26229.96,23862.102499999997
2011-12-02,20880.59,25269.71,23238.634166666667
2011-12-03,19420.84,22635.09,20971.466666666667
2011-12-04,17513.28,23762.96,20504.253333333338
2011-12-05,19071.19,27371.81,23927.179583333334
2011-12-06,21118.59,27569.3,24846.682499999995
2011-12-07,21397.66,27634.33,24892.874166666665
2011-12-08,22456.02,26962.75,24802.829166666663
2011-12-09,21469.1,26923.65,24585.450833333336
2011-12-10,22633.41,25986.04,24290.154583333337
2011-12-11,21414.44,25678.45,23400.542083333334
2011-12-12,22028.83,27161.21,24524.302916666667
2011-12-13,20404.35,26149.76,23662.717083333333
2011-12-14,19484.11,24936.27,22578.1725
2011-12-15,18265.36,26039.67,22558.900833333333
2011-12-16,21038.39,26319.02,24189.2375
2011-12-17,21526.34,24637.24,23191.01875
2011-12-18,20456.04,23974.7,21913.563333333335
2011-12-19,19324.12,25670.44,22941.916666666668
2011-12-20,19200.54,25512.0,22968.766249999997
2011-12-21,18905.13,25238.15,22543.564583333336
2011-12-22,19459.11,25702.69,23100.219166666666
2011-12-23,19850.69,25063.95,22819.09916666667
2011-12-24,19663.66,22608.87,21210.399583333336
2011-12-25,17674.98,21122.58,19716.697083333336
2011-12-26,18828.12,23975.19,21376.385
2011-12-27,19268.52,25947.48,22990.837499999998
2011-12-28,20543.11,25358.47,23167.069999999996
2011-12-29,20168.29,23456.84,21929.165416666667
2011-12-30,18115.75,23027.96,20836.416666666668
2011-12-31,18047.5,22172.61,20008.653333333332
2012-01-01,15077.04,20155.24,17332.69625
2012-01-02,17547.31,24102.12,20969.773750000004
2012-01-03,20466.8,24465.7,22564.381250000002
2012-01-04,19663.27,23054.44,21109.618333333336
2012-01-05,18485.41,22415.8,20013.546666666665
2012-01-06,16972.18,20811.71,18762.157916666667
2012-01-07,15805.66,19430.56,17764.86208333333
2012-01-08,16848.66,20408.03,18436.078333333335
2012-01-09,17129.39,22185.39,19840.540833333336
2012-01-10,18085.15,22441.78,19940.374583333334
2012-01-11,17220.65,21498.85,19813.05125
2012-01-12,17460.35,26228.43,22304.434999999998
2012-01-13,21985.19,25704.78,24049.96166666667
2012-01-14,20579.63,22908.68,21616.485833333332
2012-01-15,18937.52,21676.78,20449.814166666667
2012-01-16,17808.18,21184.83,19934.09
2012-01-17,15746.32,24020.8,20286.57375
2012-01-18,20269.65,24544.88,22501.01291666667
2012-01-19,19957.63,24591.21,22369.306666666667
2012-01-20,21450.41,25177.68,23442.628333333338
2012-01-21,20088.49,23336.84,21904.31625
2012-01-22,18098.08,21496.19,20310.97708333333
2012-01-23,16283.51,22763.41,20219.88291666667
2012-01-24,18782.19,22995.89,21101.825416666667
2012-01-25,18987.29,23746.74,21823.96625
2012-01-26,18723.47,22588.39,21075.787083333333
2012-01-27,18279.87,22420.62,20608.48
2012-01-28,17957.89,20981.15,19568.6775
2012-01-29,18088.05,21129.56,19243.324999999997
2012-01-30,18358.23,22509.65,20083.257083333334
2012-01-31,16603.65,20380.71,18830.242083333334
2012-02-01,15720.37,20095.57,18330.642916666668
2012-02-02,16836.34,21208.69,19037.74875
2012-02-03,17064.16,21165.2,19126.325
2012-02-04,16106.640000000005,19643.49,18212.345833333333
2012-02-05,16191.42,19148.6,17872.937916666666
2012-02-06,17568.03,22306.5,20143.700416666667
2012-02-07,18384.7,22508.93,20709.668333333335
2012-02-08,18374.95,23221.68,21267.204166666666
2012-02-09,18963.04,23113.53,21371.112083333333
2012-02-10,18591.07,23137.2,21430.91125
2012-02-11,20496.56,23799.87,22184.530416666665
2012-02-12,19260.48,22222.95,21089.45
2012-02-13,19632.82,24102.93,22282.34791666667
2012-02-14,19236.89,22550.96,21284.985416666666
2012-02-15,18358.91,22036.78,20598.882083333334
2012-02-16,17253.87,21605.11,19825.537083333333
2012-02-17,18468.09,22357.28,19721.051666666666
2012-02-18,17129.48,19942.75,18529.623333333333
2012-02-19,17544.600000000002,20601.25,18797.87
2012-02-20,18706.07,22303.8,20448.03583333333
2012-02-21,17633.34,21361.99,19919.524583333332
2012-02-22,17626.100000000002,21259.99,19332.898333333334
2012-02-23,16766.97,20659.12,18989.87041666667
2012-02-24,16434.55,22035.93,20114.04375
2012-02-25,18574.75,21097.9,19742.330416666668
2012-02-26,17000.13,19761.13,18643.332916666666
2012-02-27,16598.81,21167.94,19190.108333333334
2012-02-28,17773.39,21747.09,19616.945416666666
2012-02-29,15702.08,19744.68,18047.63666666667
2012-03-01,16222.9,20365.28,18518.326250000002
2012-03-02,16331.73,20317.7,18749.42375
2012-03-03,17457.89,20363.1,19017.884583333333
2012-03-04,17737.05,20605.82,18859.2075
2012-03-05,18045.39,22308.19,20405.16625
2012-03-06,17438.89,21507.76,19299.444583333334
2012-03-07,15681.33,19683.35,18031.197083333333
2012-03-08,14869.39,21263.41,18602.720416666667
2012-03-09,17759.68,21063.34,19277.70791666667
2012-03-10,16466.170000000002,19168.19,17740.471250000002
2012-03-11,15597.37,18370.14,16749.194166666668
2012-03-12,14623.28,19292.36,17667.274166666666
2012-03-13,14706.97,19445.35,17615.263333333332
2012-03-14,14720.21,20246.91,18095.736666666668
2012-03-15,14973.0,20082.61,18173.16
2012-03-16,14628.71,19122.06,17577.235
2012-03-17,14040.01,17757.89,16312.688333333334
2012-03-18,13465.83,18833.27,16137.253749999998
2012-03-19,14563.55,20774.66,18451.453333333335
2012-03-20,14951.35,20877.98,18591.152083333334
2012-03-21,15120.67,21182.43,18876.969583333335
2012-03-22,15370.34,20084.8,18319.43375
2012-03-23,14994.28,19092.78,17501.08125
2012-03-24,13992.37,17226.760000000002,15895.661666666667
2012-03-25,13514.67,17758.55,15592.562083333332
2012-03-26,13955.98,18847.1,17064.703333333335
2012-03-27,14725.2,19037.33,17495.564166666667
2012-03-28,14533.44,19444.11,17710.67375
2012-03-29,14406.33,18756.13,17269.727083333335
2012-03-30,14369.34,19194.08,17365.077916666665
2012-03-31,13847.19,17467.03,15891.40375
2012-04-01,13801.87,19256.63,16528.055416666666
2012-04-02,14653.24,21580.15,18779.060833333333
2012-04-03,15123.76,21391.26,18784.01875
2012-04-04,15029.35,19245.82,17763.514583333334
2012-04-05,14532.91,18458.44,17098.19125
2012-04-06,14694.03,17691.760000000002,16375.15375
2012-04-07,14224.92,16743.47,15627.310833333335
2012-04-08,13195.55,16530.52,14712.120833333334
2012-04-09,13965.73,18823.33,17155.883749999997
2012-04-10,14728.98,19326.72,17528.480833333335
2012-04-11,15948.76,19675.7,18123.572916666668
2012-04-12,16039.69,19683.74,17990.846666666668
2012-04-13,15167.69,18893.48,17559.794583333336
2012-04-14,14360.25,17549.83,16311.950000000003
2012-04-15,13779.69,18517.81,16136.449166666667
2012-04-16,14488.7,18841.27,17382.825833333332
2012-04-17,14716.88,18910.91,17475.759583333333
2012-04-18,14856.84,19197.36,17677.779583333333
2012-04-19,14529.39,19474.19,17727.555
2012-04-20,14571.26,18784.23,17259.83
2012-04-21,14609.94,17458.82,16170.465833333334
2012-04-22,14246.17,17873.65,15938.717499999999
2012-04-23,15338.12,19376.94,17900.507500000003
2012-04-24,15635.41,19118.09,17876.562916666666
2012-04-25,14721.4,20287.91,18144.399999999998
2012-04-26,15146.86,20180.97,18211.924583333337
2012-04-27,14343.8,18603.85,17081.743333333332
2012-04-28,14210.96,17541.45,16303.17333333333
2012-04-29,13970.42,17879.44,15910.01333333333
2012-04-30,14293.66,19941.17,17973.623333333333
2012-05-01,14751.91,20962.53,18633.024999999998
2012-05-02,15617.35,24013.89,20570.266666666666
2012-05-03,16209.67,24740.08,21096.797916666666
2012-05-04,16100.62,23298.98,20216.936666666665
2012-05-05,15351.85,23619.68,19574.40291666667
2012-05-06,15159.96,24402.36,19907.434166666666
2012-05-07,16178.82,22622.73,19817.86
2012-05-08,15164.89,20584.63,18436.060833333333
2012-05-09,14663.61,19444.37,17745.170416666664
2012-05-10,14674.49,19459.74,17796.95875
2012-05-11,14796.11,19875.98,17878.9975
2012-05-12,14237.03,18025.49,16554.130416666667
2012-05-13,13744.39,18371.82,16220.239166666666
2012-05-14,14282.19,21422.01,18576.087499999998
2012-05-15,14881.19,22391.34,19141.007916666666
2012-05-16,15249.49,22007.2,19080.455833333337
2012-05-17,14809.7,21151.5,18491.060833333333
2012-05-18,14836.64,23219.91,19315.23041666667
2012-05-19,15053.15,24104.22,19691.442916666667
2012-05-20,15068.43,24120.58,19740.502500000002
2012-05-21,15638.84,21521.19,19069.814166666667
2012-05-22,14769.09,21363.0,18573.284166666665
2012-05-23,14893.78,23443.11,19561.211666666666
2012-05-24,15598.37,25967.63,21263.943333333333
2012-05-25,17382.010000000002,27457.23,22761.67125
2012-05-26,16304.05,27128.21,22034.575833333332
2012-05-27,16191.67,26495.98,21721.919166666663
2012-05-28,16614.97,26707.18,22110.926666666666
2012-05-29,17845.55,26324.52,22107.726666666666
2012-05-30,16069.140000000005,23088.03,19923.905416666665
2012-05-31,15368.77,20808.81,18346.171666666665
2012-06-01,14804.64,18652.16,17123.585000000003
2012-06-02,14012.12,17377.48,16068.050833333333
2012-06-03,13602.49,20276.59,17131.34875
2012-06-04,15188.24,23889.68,19981.419166666667
2012-06-05,15486.28,22508.91,19446.195416666666
2012-06-06,15171.23,22044.26,19063.2275
2012-06-07,15130.93,23513.43,19707.81
2012-06-08,15377.21,24872.55,20418.550416666665
2012-06-09,15079.28,24850.66,20057.5775
2012-06-10,15158.6,24758.26,20433.05
2012-06-11,17078.69,24313.41,21463.154166666664
2012-06-12,16314.49,24596.47,20787.965416666666
2012-06-13,15322.47,23919.35,19859.892499999998
2012-06-14,15516.99,25910.52,20925.01916666667
2012-06-15,16081.08,27734.6,22137.137083333335
2012-06-16,16757.66,27524.83,22495.513750000002
2012-06-17,16618.57,25572.45,21282.017499999998
2012-06-18,17922.75,30128.44,24591.88625
2012-06-19,18570.04,30369.33,25067.895416666666
2012-06-20,18563.61,30306.72,24991.771249999994
2012-06-21,18805.21,28008.98,23836.125
2012-06-22,17321.74,27341.49,22530.844583333335
2012-06-23,15632.44,25100.79,20554.101666666666
2012-06-24,15678.01,27515.83,21803.180000000004
2012-06-25,18332.38,28314.2,23590.853333333333
2012-06-26,16182.56,25780.04,21128.565
2012-06-27,15906.55,29078.87,22641.118749999998
2012-06-28,18064.97,33220.41,26252.9275
2012-06-29,20688.55,32438.15,26795.08875
2012-06-30,18615.68,29482.0,24432.569166666664
2012-07-01,18169.92,28856.94,23784.94875
2012-07-02,18394.4,31834.05,25378.922083333335
2012-07-03,18840.57,31572.16,25623.281666666666
2012-07-04,18877.36,30408.33,25083.662083333333
2012-07-05,19695.27,33178.7,27208.938333333335
2012-07-06,21044.51,33479.020000000004,27979.559166666662
2012-07-07,20832.14,32347.83,27079.206666666665
2012-07-08,19489.9,28242.21,23857.372916666664
2012-07-09,18091.17,29175.31,23973.283333333336
2012-07-10,18159.87,29688.29,24224.60208333333
2012-07-11,18127.99,29750.26,24146.03
2012-07-12,18169.31,30121.56,24648.688333333335
2012-07-13,18766.58,29586.16,24425.959166666667
2012-07-14,18005.010000000002,26250.68,22332.359583333335
2012-07-15,17064.93,28759.76,23175.75583333333
2012-07-16,19288.08,31953.82,26393.038749999996
2012-07-17,21029.89,32734.91,27315.783750000002
2012-07-18,20918.78,32806.53,27399.940000000002
2012-07-19,21296.89,32139.74,26601.25708333333
2012-07-20,19974.52,26325.56,23300.602916666667
2012-07-21,16361.34,26922.17,21674.19916666667
2012-07-22,16463.91,29166.37,22954.990833333333
2012-07-23,19481.21,33686.32,27284.330416666668
2012-07-24,22525.59,33089.020000000004,27975.689583333336
2012-07-25,21430.31,34404.29,28434.291666666668
2012-07-26,22489.67,30727.89,26838.745833333334
2012-07-27,19222.04,29808.78,24682.057499999995
2012-07-28,17180.25,26463.6,21829.244583333333
2012-07-29,16095.22,25903.98,20830.57125
2012-07-30,17602.74,28947.1,23898.33791666667
2012-07-31,18486.74,31676.0,25356.217916666665
2012-08-01,19078.77,31342.92,25332.569999999996
2012-08-02,18323.62,30620.25,24774.608333333334
2012-08-03,19089.15,30622.33,25290.304999999997
2012-08-04,19641.12,28151.76,23937.810416666664
2012-08-05,17827.73,26219.02,21846.353333333333
2012-08-06,16720.16,28938.69,23135.08833333333
2012-08-07,17167.19,30674.88,24149.181249999998
2012-08-08,18446.23,30334.42,24624.616250000003
2012-08-09,18457.03,28957.09,23726.25583333333
2012-08-10,17464.78,23005.27,20492.439583333333
2012-08-11,15035.13,22054.19,18493.265
2012-08-12,14441.15,21150.97,17908.467083333333
2012-08-13,15775.32,22844.03,19975.0775
2012-08-14,16200.38,23018.49,20141.385833333334
2012-08-15,15898.97,27000.02,21722.48375
2012-08-16,17203.11,26204.56,21740.547083333335
2012-08-17,16350.24,23169.72,19973.54
2012-08-18,14739.1,20895.47,17831.014166666664
2012-08-19,14366.22,20949.11,17723.35541666667
2012-08-20,14915.06,23507.29,19712.51625
2012-08-21,15432.75,24430.13,20233.414999999997
2012-08-22,15682.29,26570.09,21287.190416666668
2012-08-23,16403.14,28525.77,22569.439166666667
2012-08-24,16993.58,28522.86,22909.69083333333
2012-08-25,16434.15,26432.33,21499.6475
2012-08-26,16309.06,24986.34,20888.122083333335
2012-08-27,17797.04,27805.46,23019.719583333335
2012-08-28,16576.66,28126.77,22516.482500000002
2012-08-29,16646.53,28325.83,22639.485
2012-08-30,16958.510000000002,29388.98,23256.15625
2012-08-31,18139.15,25910.4,22633.302083333332
2012-09-01,17605.760000000002,22810.62,20501.403333333335
2012-09-02,16407.72,21690.54,19278.128333333334
2012-09-03,16088.03,24527.99,20282.55916666667
2012-09-04,17092.48,29297.68,23605.384583333333
2012-09-05,18116.21,25248.49,22271.117083333334
2012-09-06,16945.13,28489.11,22866.08083333333
2012-09-07,17049.8,26675.36,21780.994583333337
2012-09-08,15416.44,19196.59,17476.078333333335
2012-09-09,13980.81,19076.51,16600.58916666667
2012-09-10,14502.42,22083.28,18836.549166666668
2012-09-11,15125.22,23476.89,19689.700833333332
2012-09-12,15449.14,24164.62,20299.208333333332
2012-09-13,15896.84,23986.92,20345.157499999998
2012-09-14,15460.55,19801.26,18184.73
2012-09-15,14248.41,18128.81,16501.45875
2012-09-16,13966.68,19594.37,16666.599583333333
2012-09-17,14872.02,21252.78,18831.37875
2012-09-18,15305.37,19426.5,17929.935
2012-09-19,14602.39,19648.87,17657.84
2012-09-20,14750.34,20073.53,18109.233333333334
2012-09-21,14689.84,19728.17,17865.844166666666
2012-09-22,14219.73,17395.3,16178.65125
2012-09-23,13803.85,18018.24,15755.455833333335
2012-09-24,14547.79,19720.48,17746.5975
2012-09-25,14813.16,20579.74,18299.063333333335
2012-09-26,15253.81,20777.65,18675.437916666666
2012-09-27,15173.25,20541.96,18451.12041666667
2012-09-28,15023.92,19504.1,17766.40375
2012-09-29,13979.1,17781.24,16134.8075
2012-09-30,13616.0,18082.97,15717.595416666669
2012-10-01,14045.62,19410.93,17353.795416666664
2012-10-02,14729.49,19427.69,17587.673749999998
2012-10-03,14685.34,19808.94,17743.355
2012-10-04,14646.94,20293.74,18136.575833333332
2012-10-05,14585.65,18863.12,17430.019583333335
2012-10-06,14944.54,17855.28,16516.3
2012-10-07,14725.34,18272.96,16301.163750000002
2012-10-08,15770.09,19836.78,18245.390416666665
2012-10-09,15832.47,19584.64,17957.962083333336
2012-10-10,15042.6,19664.86,17781.51958333333
2012-10-11,16104.19,20028.25,18221.235416666666
2012-10-12,15052.87,18872.56,17440.672916666666
2012-10-13,14621.94,17789.18,16351.292916666667
2012-10-14,13761.09,17877.08,15809.7675
2012-10-15,14052.92,19343.35,17360.735833333336
2012-10-16,14989.46,19605.87,17788.190416666668
2012-10-17,14642.7,19428.33,17605.693750000002
2012-10-18,14706.35,19406.28,17545.95
2012-10-19,15138.65,19078.36,17759.60208333333
2012-10-20,14994.01,17440.54,16366.301250000002
2012-10-21,14626.63,18237.94,16093.768749999997
2012-10-22,14225.14,19993.98,17770.92916666667
2012-10-23,14641.54,19945.14,17873.245
2012-10-24,14536.84,20894.01,18313.12
2012-10-25,14854.79,20211.21,18062.646666666667
2012-10-26,14366.16,19046.58,17520.215
2012-10-27,15560.45,18074.42,16866.1425
2012-10-28,15419.46,18766.01,16866.166666666668
2012-10-29,16038.43,20920.98,18923.452083333334
2012-10-30,16589.91,20913.48,19219.730416666665
2012-10-31,16641.73,21016.65,18968.795416666664
2012-11-01,16848.05,21095.99,18911.567916666667
2012-11-02,16069.28,20319.76,18248.585833333334
2012-11-03,15856.38,18748.18,17584.91
2012-11-04,16101.86,19350.07,17468.356249999997
2012-11-05,16650.31,21469.94,19504.98416666667
2012-11-06,17189.31,21184.48,19390.023333333334
2012-11-07,16360.66,21024.11,19047.500833333335
2012-11-08,17316.38,20985.56,19276.72875
2012-11-09,16787.68,20070.36,18360.405416666665
2012-11-10,14787.56,17725.5,16250.871666666668
2012-11-11,13716.04,18196.39,15803.66375
2012-11-12,15085.71,21761.14,18935.567916666667
2012-11-13,18099.05,21840.44,20041.241249999995
2012-11-14,18188.05,21829.37,20180.240416666667
2012-11-15,18477.03,22106.13,20173.73125
2012-11-16,18034.82,21687.24,19414.13
2012-11-17,16649.8,19171.45,17844.494583333333
2012-11-18,16210.3,18735.75,17239.222083333334
2012-11-19,16143.98,20473.26,18708.635416666668
2012-11-20,15781.27,19803.77,18152.965
2012-11-21,15657.13,19586.45,18033.09875
2012-11-22,14538.9,17225.28,15684.280833333332
2012-11-23,13688.11,19769.36,16947.243333333332
2012-11-24,17160.16,20593.46,18870.055416666666
2012-11-25,17061.36,19631.67,18082.729166666668
2012-11-26,16764.25,22304.0,19932.217083333333
2012-11-27,18369.84,22882.13,20790.585
2012-11-28,18953.71,22728.04,20625.624583333334
2012-11-29,18595.94,22250.31,20194.732083333336
2012-11-30,17122.89,20586.7,18817.06625
2012-12-01,15808.53,18677.59,17159.540833333333
2012-12-02,14259.22,19028.0,16373.776666666667
2012-12-03,14546.77,20533.17,17932.97
2012-12-04,14847.09,20771.76,18171.31625
2012-12-05,16647.23,21525.86,19275.58875
2012-12-06,17663.43,21523.92,19831.732500000002
2012-12-07,16378.81,20591.06,18867.22708333333
2012-12-08,15356.77,19814.57,17693.956666666665
2012-12-09,15580.45,19925.54,17619.303750000003
2012-12-10,16522.64,24397.16,21088.82541666667
2012-12-11,19307.03,23551.1,21562.859583333335
2012-12-12,19662.19,23377.12,21220.546666666665
2012-12-13,19127.79,23032.28,20838.51208333333
2012-12-14,18420.09,22149.95,20027.806666666667
2012-12-15,16517.16,19599.08,18214.765833333335
2012-12-16,15045.26,19811.05,17228.44625
2012-12-17,16269.88,22417.62,19804.005416666667
2012-12-18,17710.05,21809.27,20104.224166666667
2012-12-19,17632.55,22118.31,20160.995833333334
2012-12-20,16627.75,23956.76,20473.82458333333
2012-12-21,20111.7,23823.61,22302.635416666668
2012-12-22,18383.63,21613.53,20210.69583333333
2012-12-23,17005.46,19835.59,18535.041666666668
2012-12-24,16614.760000000002,20549.24,18824.900833333333
2012-12-25,17258.09,20232.66,18869.65625
2012-12-26,17885.58,23260.9,20818.958333333336
2012-12-27,18423.97,22709.76,20736.564166666667
2012-12-28,18316.5,22341.8,20585.988333333335
2012-12-29,17965.52,22675.56,20316.437916666666
2012-12-30,18962.71,21861.75,20247.075
2012-12-31,18008.27,21996.58,19969.53625
2013-01-01,17663.58,22612.39,19886.672083333335
2013-01-02,20102.84,24753.48,22691.832916666666
2013-01-03,21081.1,24556.6,22586.139583333326
2013-01-04,19949.07,23901.1,21875.608333333334
2013-01-05,19384.66,21677.6,20553.30125
2013-01-06,17652.04,22465.59,19918.900833333333
2013-01-07,19847.85,24343.65,21836.367083333334
2013-01-08,19302.33,23417.92,20920.734166666665
2013-01-09,17353.91,21249.98,19493.26125
2013-01-10,17688.0,22100.21,20275.483333333334
2013-01-11,16259.86,19652.88,18299.790833333333
2013-01-12,15195.42,19201.59,17277.16083333333
2013-01-13,16145.56,23010.92,19633.549166666668
2013-01-14,20080.22,25067.62,23077.237916666665
2013-01-15,21145.7,25117.94,23223.89125
2013-01-16,20044.6,23980.89,21998.677916666667
2013-01-17,19132.05,23155.42,21334.568333333333
2013-01-18,19746.77,24068.45,21347.165416666667
2013-01-19,17430.69,19748.36,18521.715
2013-01-20,16640.59,22025.5,19336.639166666664
2013-01-21,19614.22,26433.49,23336.779583333333
2013-01-22,22698.13,26734.11,24859.483750000003
2013-01-23,22001.3,25754.0,23460.347083333338
2013-01-24,21080.32,25750.44,23690.406666666666
2013-01-25,20750.59,24311.81,22410.109166666665
2013-01-26,19185.9,22129.06,20627.853333333333
2013-01-27,18713.83,21975.03,20456.57416666667
2013-01-28,16864.33,20540.57,19151.010416666668
2013-01-29,15395.47,20101.54,18151.3175
2013-01-30,15174.98,23481.25,19595.29125
2013-01-31,20107.94,25884.86,23142.845416666663
2013-02-01,22631.89,27002.46,24476.880416666667
2013-02-02,20530.48,22320.19,21375.445000000003
2013-02-03,19359.99,22341.19,20914.05125
2013-02-04,19773.33,23374.22,21600.558333333334
2013-02-05,19217.0,23246.38,21081.770833333332
2013-02-06,18695.14,22747.79,20614.2325
2013-02-07,18297.9,22114.58,20050.330416666668
2013-02-08,17489.79,22623.53,20920.91125
2013-02-09,18475.03,21067.33,19662.715
2013-02-10,17176.81,20017.79,18567.07875
2013-02-11,16555.22,22028.27,19998.73833333333
2013-02-12,18584.86,22557.11,20467.21625
2013-02-13,18119.36,22030.42,20126.947083333333
2013-02-14,18080.23,21599.4,19736.259166666667
2013-02-15,17744.7,22181.21,20454.813749999998
2013-02-16,19250.03,22086.21,20683.27125
2013-02-17,18058.77,21038.96,19765.224583333333
2013-02-18,18142.91,21426.76,19965.1225
2013-02-19,18183.15,24462.97,21930.41125
2013-02-20,20948.83,24802.24,22981.705833333337
2013-02-21,20886.29,24627.38,23083.904583333333
2013-02-22,19394.6,22662.93,21460.805416666666
2013-02-23,18632.89,21197.9,19975.94916666667
2013-02-24,17720.28,20777.65,19324.89458333333
2013-02-25,18449.27,22477.73,20560.804166666665
2013-02-26,18451.04,22745.79,21094.683333333334
2013-02-27,18333.95,23549.17,21463.67
2013-02-28,19146.52,23296.43,21654.437916666666
2013-03-01,18958.05,22747.6,21360.3175
2013-03-02,19022.11,21925.15,20640.446666666667
2013-03-03,18909.11,21458.89,19966.521666666667
2013-03-04,18850.44,22868.41,20985.90875
2013-03-05,17933.11,24058.1,21350.391666666666
2013-03-06,19820.02,23439.48,21954.52416666667
2013-03-07,19763.93,23113.49,21233.911666666667
2013-03-08,18815.47,22669.32,20088.998333333333
2013-03-09,16820.920000000002,19402.75,18019.970833333336
2013-03-10,15168.89,18515.27,16772.385416666668
2013-03-11,15607.43,22505.96,19875.145833333332
2013-03-12,18579.14,22625.81,20526.000833333335
2013-03-13,18768.74,23214.19,21324.166666666668
2013-03-14,18894.16,23606.72,21055.020833333332
2013-03-15,16571.9,22165.48,19283.758333333335
2013-03-16,15351.17,19284.19,17489.17
2013-03-17,16737.79,21145.48,19052.186666666665
2013-03-18,17963.11,22031.82,20491.653333333332
2013-03-19,18714.84,23088.39,20702.455
2013-03-20,18706.17,23334.57,21388.161666666667
2013-03-21,20019.87,24323.5,21763.09583333333
2013-03-22,18477.24,23372.14,20686.107916666668
2013-03-23,16953.03,19924.43,18149.829999999998
2013-03-24,16590.510000000002,21785.25,19442.749583333334
2013-03-25,18860.41,22850.34,21356.600000000002
2013-03-26,18973.19,22532.92,20699.633749999997
2013-03-27,18668.38,22707.96,20235.267083333336
2013-03-28,17195.7,21694.46,19163.43625
2013-03-29,16108.58,19429.49,17567.047916666666
2013-03-30,15615.49,18027.89,16730.50125
2013-03-31,14526.92,16791.87,15538.889583333332
2013-04-01,14911.58,20342.1,18384.812083333334
2013-04-02,17721.0,21694.33,19434.47291666667
2013-04-03,17756.48,21607.69,19285.672083333335
2013-04-04,16819.7,21105.53,18654.939166666667
2013-04-05,16039.1,20166.6,17898.97
2013-04-06,14852.71,17446.510000000002,16224.253333333334
2013-04-07,13644.14,17451.27,15429.314583333333
2013-04-08,13906.48,19230.47,17315.84
2013-04-09,14522.32,19615.92,17659.44125
2013-04-10,14792.37,20019.22,18109.66041666667
2013-04-11,14811.36,19351.39,17763.234166666665
2013-04-12,15774.93,19824.33,18481.912083333333
2013-04-13,15603.37,18177.54,16910.522083333333
2013-04-14,14594.1,17443.86,15780.652083333334
2013-04-15,13978.38,19024.57,17256.4125
2013-04-16,14650.37,19454.31,17802.96041666667
2013-04-17,15188.16,19757.77,18074.32875
2013-04-18,15152.21,19682.68,18148.591666666664
2013-04-19,15633.39,20565.77,18804.944166666668
2013-04-20,16139.6,18584.19,17267.362916666665
2013-04-21,15534.31,17745.78,16441.800416666665
2013-04-22,15059.43,19072.91,17596.671666666665
2013-04-23,14551.6,19295.99,17595.345
2013-04-24,15455.0,20072.95,18290.809583333335
2013-04-25,16267.88,19789.43,18051.044166666667
2013-04-26,15599.27,18950.37,17449.5025
2013-04-27,14664.52,17142.31,16173.203333333333
2013-04-28,13947.5,17282.87,15631.077083333332
2013-04-29,14275.88,19141.77,17430.544583333332
2013-04-30,14527.16,20427.86,18155.077083333334
2013-05-01,14684.32,21154.3,18646.50375
2013-05-02,15072.3,20259.19,18221.315416666668
2013-05-03,14882.02,19714.76,18012.69083333333
2013-05-04,14764.94,17446.06,16309.265833333333
2013-05-05,14315.24,17502.28,15914.125416666668
2013-05-06,14352.74,18981.19,17474.242499999997
2013-05-07,14644.27,19608.48,17875.46125
2013-05-08,14798.72,20250.54,18188.784583333338
2013-05-09,14971.95,19858.45,18137.865416666667
2013-05-10,14819.23,19142.78,17422.294166666667
2013-05-11,14092.2,16886.63,15730.154999999999
2013-05-12,13934.46,16958.27,15310.026666666667
2013-05-13,14680.91,18764.89,17428.98
2013-05-14,14532.53,21542.32,18621.523333333334
2013-05-15,15451.87,23637.44,20135.648749999997
2013-05-16,16245.98,22389.88,19830.86666666667
2013-05-17,15382.2,21286.37,18850.862916666665
2013-05-18,14747.87,20371.31,17814.155
2013-05-19,14608.66,23799.08,19291.492916666666
2013-05-20,16817.47,24438.19,21152.78375
2013-05-21,16142.78,23473.65,20161.493333333336
2013-05-22,15731.57,21164.51,19088.47625
2013-05-23,15044.87,19233.37,17633.047916666666
2013-05-24,14583.32,18336.05,16949.52125
2013-05-25,13798.37,16594.02,15385.932916666667
2013-05-26,13291.8,17244.64,15431.359583333333
2013-05-27,13566.83,18748.8,16457.617499999997
2013-05-28,14388.08,22873.19,19465.514166666664
2013-05-29,15951.43,25260.55,21126.909166666668
2013-05-30,16823.37,24862.77,21327.630416666667
2013-05-31,16327.25,21841.09,19558.678333333333
2013-06-01,15054.26,19098.77,17282.38375
2013-06-02,13839.43,17556.600000000002,16025.240416666666
2013-06-03,14141.49,19432.32,17525.373750000002
2013-06-04,14523.2,20205.74,18033.97875
2013-06-05,14828.28,22481.11,19094.787916666668
2013-06-06,15611.24,22119.75,19396.23625
2013-06-07,15274.06,20847.95,18425.342916666665
2013-06-08,14408.9,20164.49,17455.852916666667
2013-06-09,14211.19,19293.72,17209.5975
2013-06-10,15055.13,22233.01,19388.682916666665
2013-06-11,15531.99,25889.78,21355.937916666666
2013-06-12,17595.91,29217.2,24048.38333333333
2013-06-13,18112.96,24395.06,21713.539583333335
2013-06-14,15471.98,23608.22,19917.525833333333
2013-06-15,15359.29,22962.26,19229.50458333333
2013-06-16,15252.91,22098.75,18744.617083333334
2013-06-17,16204.45,26420.88,21492.875416666666
2013-06-18,16164.91,26254.82,21438.19916666667
2013-06-19,15982.73,25843.82,21269.819583333334
2013-06-20,16277.18,27592.65,22468.357083333336
2013-06-21,17309.69,28144.22,23147.527499999997
2013-06-22,17322.07,25503.93,20897.247916666664
2013-06-23,15226.4,23668.18,19572.620833333334
2013-06-24,16242.04,27844.81,22448.793333333335
2013-06-25,17940.64,29208.61,24012.229583333334
2013-06-26,18168.41,26950.64,22821.174166666664
2013-06-27,17609.66,28859.49,23719.586250000004
2013-06-28,18029.86,26632.21,22486.37166666667
2013-06-29,15608.33,21128.54,18491.84833333333
2013-06-30,14488.93,19460.88,17186.328333333335
2013-07-01,14958.01,21217.54,18620.712499999998
2013-07-02,15199.72,20618.4,18480.76291666667
2013-07-03,15180.1,22726.59,19224.919166666667
2013-07-04,14584.61,20891.43,17851.564583333333
2013-07-05,14737.15,23691.72,19489.04
2013-07-06,15507.99,22312.19,18994.877500000002
2013-07-07,14821.1,25533.69,20117.985
2013-07-08,17386.63,28667.62,23576.66791666667
2013-07-09,19009.68,29959.88,25035.13208333333
2013-07-10,20045.73,26979.33,23632.732500000002
2013-07-11,17086.36,25615.56,21616.532083333335
2013-07-12,15952.79,25184.93,20682.64
2013-07-13,15273.99,24236.19,19780.690833333334
2013-07-14,15381.43,26336.52,21176.917083333334
2013-07-15,17941.420000000002,29677.71,24493.524583333332
2013-07-16,18616.13,30290.25,25171.240416666667
2013-07-17,19276.95,31084.37,25835.784166666668
2013-07-18,19690.59,31488.33,26322.870833333334
2013-07-19,20122.11,31105.8,26021.790833333333
2013-07-20,19113.75,26106.76,22606.52125
2013-07-21,16439.52,23952.44,20408.7775
2013-07-22,17153.58,28204.88,23006.539166666666
2013-07-23,18319.43,28989.46,23812.577083333337
2013-07-24,16722.04,23614.64,20322.649166666666
2013-07-25,15473.76,23875.79,19998.99875
2013-07-26,15923.54,22178.64,19481.1325
2013-07-27,15427.95,20027.9,17714.15166666667
2013-07-28,13668.06,19162.88,16530.066666666666
2013-07-29,14521.78,21883.31,18912.056666666667
2013-07-30,15650.36,21147.87,19141.658333333333
2013-07-31,15919.32,23043.37,20040.797083333335
2013-08-01,16024.63,25459.02,21115.977083333335
2013-08-02,16103.65,24102.32,20435.09
2013-08-03,16028.03,23970.2,19819.227916666667
2013-08-04,14641.28,21430.3,18253.717083333333
2013-08-05,15420.62,22983.07,19958.377916666668
2013-08-06,16571.64,26359.79,21877.94125
2013-08-07,17840.46,27336.11,22850.475833333334
2013-08-08,17854.14,25614.45,22283.81666666667
2013-08-09,17197.36,25076.56,21484.939583333333
2013-08-10,16398.83,24723.2,20518.10583333333
2013-08-11,15298.88,24997.02,20121.7875
2013-08-12,16606.45,25698.26,21827.763333333332
2013-08-13,16891.83,23592.81,20427.290833333333
2013-08-14,15065.62,20815.51,18528.44875
2013-08-15,14930.19,20832.48,18498.764166666664
2013-08-16,15144.48,21322.33,18738.030833333334
2013-08-17,14691.29,20852.12,17889.99125
2013-08-18,14365.64,22644.17,18437.2625
2013-08-19,15549.77,26545.97,21512.763333333332
2013-08-20,16502.89,27485.17,22499.054999999997
2013-08-21,17201.010000000002,28770.03,23365.810833333333
2013-08-22,17597.12,27360.09,22966.898750000004
2013-08-23,17462.2,27954.33,22891.030833333334
2013-08-24,16187.91,26445.55,21164.57375
2013-08-25,15498.17,26966.59,21087.17541666667
2013-08-26,17235.27,30206.34,24357.999583333334
2013-08-27,18803.19,30625.16,25112.394166666665
2013-08-28,19036.57,31484.14,25575.451250000002
2013-08-29,19161.39,30852.13,25336.155833333334
2013-08-30,18744.44,31555.72,25451.601249999996
2013-08-31,18585.25,29180.26,23630.19208333333
2013-09-01,16950.68,24803.86,20946.117916666666
2013-09-02,15886.44,24357.05,19957.369166666667
2013-09-03,15143.75,24201.23,20027.642916666668
2013-09-04,15403.31,25475.42,20608.748333333333
2013-09-05,15954.09,26540.33,21502.9175
2013-09-06,16322.65,26878.71,21646.037500000002
2013-09-07,15915.6,26334.83,21016.141666666666
2013-09-08,16704.29,25068.93,20782.015833333335
2013-09-09,17153.11,31300.93,24724.62375
2013-09-10,19420.32,31286.82,25623.53458333333
2013-09-11,18894.06,30956.85,25142.327083333337
2013-09-12,18088.03,26112.77,22515.545
2013-09-13,15743.71,20506.62,18469.823333333334
2013-09-14,14035.54,18117.18,16295.346250000002
2013-09-15,13526.92,19426.91,16358.613749999999
2013-09-16,14861.84,20186.43,18191.819166666668
2013-09-17,14656.48,20528.09,18189.65375
2013-09-18,15240.4,23900.12,20094.915
2013-09-19,16715.16,26702.95,22112.400833333333
2013-09-20,16715.53,22319.88,20065.16083333333
2013-09-21,14560.74,18051.65,16523.256666666668
2013-09-22,13459.33,18403.2,15861.930833333332
2013-09-23,14000.06,20097.78,17744.868749999998
2013-09-24,14443.84,21232.86,18408.200416666667
2013-09-25,15193.66,22484.46,19350.002083333333
2013-09-26,15362.05,23199.07,19626.24625
2013-09-27,15368.71,22875.83,19330.382500000003
2013-09-28,14816.74,20658.02,17942.87125
2013-09-29,14479.45,18878.36,16706.35666666667
2013-09-30,14417.51,21152.99,18419.919583333332
2013-10-01,15241.19,22351.76,19365.160416666666
2013-10-02,15905.66,23142.94,20228.956666666665
2013-10-03,16406.34,24355.04,20904.705
2013-10-04,16619.04,25300.52,21290.507500000003
2013-10-05,16327.07,20660.68,18790.774583333332
2013-10-06,14328.25,17919.83,16002.957083333333
2013-10-07,14317.42,19654.64,17561.885
2013-10-08,14927.74,20040.49,18071.289583333335
2013-10-09,14918.07,20289.85,18124.486249999998
2013-10-10,15098.41,20490.07,18434.304166666665
2013-10-11,15114.84,20710.01,18394.40125
2013-10-12,14598.28,18530.72,16862.802916666667
2013-10-13,13918.09,18180.67,16046.317083333333
2013-10-14,14311.99,19789.04,17680.319166666668
2013-10-15,14892.98,19916.15,18054.806666666667
2013-10-16,14849.38,19480.92,17568.837916666667
2013-10-17,15135.23,19703.2,17906.290833333333
2013-10-18,15502.08,19068.5,17754.820416666666
2013-10-19,14833.99,17891.68,16581.446666666667
2013-10-20,14977.9,18111.84,16330.642916666666
2013-10-21,14653.69,19905.09,17865.50875
2013-10-22,16082.390000000005,20310.05,18698.022916666665
2013-10-23,16219.5,20744.33,18965.514583333334
2013-10-24,16611.81,21179.22,19387.7775
2013-10-25,17666.29,21784.47,19381.645416666666
2013-10-26,16361.1,19087.25,17616.803750000003
2013-10-27,15793.390000000005,18725.04,17114.260833333334
2013-10-28,16234.73,20981.92,18784.185833333333
2013-10-29,16049.56,20360.28,18763.891666666666
2013-10-30,15432.21,20062.27,18250.910416666666
2013-10-31,15063.82,19491.19,17901.89625
2013-11-01,14979.18,19044.2,17600.075416666663
2013-11-02,15228.47,18476.58,17014.48875
2013-11-03,15803.36,18886.01,17140.132499999996
2013-11-04,15767.99,20835.66,18769.61125
2013-11-05,15864.53,20380.17,18471.882083333334
2013-11-06,15404.26,20912.52,18552.235833333332
2013-11-07,17073.5,21032.81,19392.415833333333
2013-11-08,17636.33,21366.44,19401.1925
2013-11-09,16356.01,18335.62,17351.7925
2013-11-10,15217.41,19192.23,17087.055833333336
2013-11-11,16751.89,21085.98,19248.240833333333
2013-11-12,17824.78,23264.38,20862.78125
2013-11-13,19660.74,23507.57,21290.912916666668
2013-11-14,18840.01,22241.58,20229.728333333333
2013-11-15,17176.77,20879.3,19338.479166666668
2013-11-16,15791.91,18554.69,17209.907916666667
2013-11-17,14049.19,17424.31,15706.035833333333
2013-11-18,14682.64,20847.36,18209.315
2013-11-19,17468.66,21806.1,19912.331666666665
2013-11-20,18162.64,21879.22,20252.66875
2013-11-21,16674.260000000002,20890.56,19226.485
2013-11-22,15962.33,21786.08,19408.760416666668
2013-11-23,17856.510000000002,22865.22,20364.049583333333
2013-11-24,19884.98,22932.17,21168.72375
2013-11-25,19619.18,23873.95,22133.02291666667
2013-11-26,18638.27,23454.53,21447.430833333336
2013-11-27,20175.22,24176.62,22559.270833333332
2013-11-28,16955.0,21130.08,19387.66
2013-11-29,17813.79,20678.81,19269.858333333334
2013-11-30,16996.920000000002,19452.83,18325.922083333335
2013-12-01,16477.6,19744.15,17699.920416666664
2013-12-02,16626.02,21573.58,19562.795833333334
2013-12-03,17063.63,21124.61,19419.297916666666
2013-12-04,16331.71,20767.42,18903.852083333335
2013-12-05,16217.390000000005,24643.21,21026.01916666667
2013-12-06,20042.47,25453.39,23169.874166666665
2013-12-07,21145.04,24423.72,22650.570416666666
2013-12-08,20468.53,24116.86,21983.521666666667
2013-12-09,19571.11,25727.81,22998.29125
2013-12-10,21133.95,25250.64,23399.869999999995
2013-12-11,41398.68,52828.03,47466.69500000001
2013-12-12,43257.04,52713.38,48628.5825
2013-12-13,41095.88,49753.82,46130.496250000004
2013-12-14,37793.91,47583.37,42677.348333333335
2013-12-15,37355.95,48442.97,42312.5225
2013-12-16,38913.38,50853.21,45797.3175
2013-12-17,39345.72,50399.01,45600.69041666667
2013-12-18,39611.26,49905.24,45187.056666666664
2013-12-19,37481.78,47407.3,43055.01416666667
2013-12-20,35072.15,45736.39,41459.11041666667
2013-12-21,33843.36,44572.03,39551.01291666667
2013-12-22,33625.8,44280.34,38750.56458333333
2013-12-23,35698.12,48116.22,42795.905
2013-12-24,38719.3,44650.27,41786.043333333335
2013-12-25,35560.29,40254.66,38257.614166666666
2013-12-26,33836.82,45709.65,40481.825833333336
2013-12-27,35732.3,43630.29,40173.119166666664
2013-12-28,34090.75,40946.76,37257.58541666667
2013-12-29,32365.22,44947.27,38291.68916666667
2013-12-30,37560.84,48879.53,43844.19625
2013-12-31,37940.52,45424.25,41675.21208333334
2014-01-01,35456.13,43998.64,39040.895833333336
2014-01-02,36873.29,52851.05,45890.42875
2014-01-03,43118.95,51898.18,48120.347083333334
2014-01-04,40014.97,45709.67,42847.669583333336
2014-01-05,35931.54,48582.26,42001.170000000006
2014-01-06,43020.51,57443.13,50519.28958333333
2014-01-07,47350.04,55396.34,51535.99208333334
2014-01-08,43891.64,52143.12,48326.92041666666
2014-01-09,42007.06,50897.06,47097.355
2014-01-10,38959.26,47366.69,44052.52833333334
2014-01-11,34962.68,44030.89,39803.7425
2014-01-12,35173.42,42883.13,38358.5375
2014-01-13,34637.38,45895.17,41363.46708333333
2014-01-14,36857.09,48025.29,43366.66291666666
2014-01-15,39300.23,50627.26,45882.17999999999
2014-01-16,40659.54,49193.94,45781.67041666666
2014-01-17,39657.05,50883.43,46529.322916666664
2014-01-18,40884.41,46803.88,43906.92875
2014-01-19,37767.99,44507.81,40732.652083333334
2014-01-20,36199.26,47804.3,42772.941249999996
2014-01-21,39375.08,53520.69,47732.84208333333
2014-01-22,44368.31,53419.47,49808.25083333333
2014-01-23,44963.28,55621.41,51170.71041666667
2014-01-24,45844.85,54912.42,50809.78083333333
2014-01-25,40536.28,48243.98,43930.03541666667
2014-01-26,40095.82,45290.65,42093.10291666667
2014-01-27,40381.99,56057.04,49579.76583333333
2014-01-28,46984.06,55393.39,51586.23583333333
2014-01-29,46459.21,54460.69,49941.474583333336
2014-01-30,43121.57,51302.16,47677.56041666667
2014-01-31,39469.62,48241.06,44972.70625000001
2014-02-01,37916.01,44971.5,41660.707916666666
2014-02-02,36619.17,46216.52,41465.05708333334
2014-02-03,40543.94,50869.39,46582.481250000004
2014-02-04,41585.99,51558.72,47434.15166666667
2014-02-05,40829.36,52200.05,47156.854166666664
2014-02-06,42945.47,54060.14,49220.42125000001
2014-02-07,45919.12,54122.68,49772.43625
2014-02-08,41911.67,47334.7,44829.07875000001
2014-02-09,38072.37,48036.16,42221.95416666666
2014-02-10,41708.26,53456.76,48455.46791666667
2014-02-11,45115.73,53940.21,49517.05416666667
2014-02-12,44980.94,53227.5,48335.81208333333
2014-02-13,41989.79,50411.49,45780.598750000005
2014-02-14,39313.09,49477.0,45538.09666666666
2014-02-15,40774.55,46675.67,43620.40583333333
2014-02-16,37904.25,46303.98,41308.7575
2014-02-17,39627.06,49863.59,45927.67999999999
2014-02-18,38631.02,46434.33,42764.13375
2014-02-19,36156.72,45279.37,41330.36875
2014-02-20,36088.5,45405.36,41802.354166666664
2014-02-21,36481.79,45781.19,42136.27375
2014-02-22,36016.83,41632.09,38680.32791666667
2014-02-23,34860.06,44738.58,39231.08666666667
2014-02-24,38742.57,49169.8,44758.856250000004
2014-02-25,39403.8,50527.58,45550.6525
2014-02-26,42637.82,51948.6,47818.715416666666
2014-02-27,42826.86,51606.16,47762.924999999996
2014-02-28,41679.36,51198.03,46485.449166666665
2014-03-01,37267.17,44689.38,40929.201250000006
2014-03-02,37792.33,49689.01,43166.12458333333
2014-03-03,43266.41,51859.32,48203.17916666666
2014-03-04,42768.26,49788.63,46185.67625
2014-03-05,40351.26,49194.7,45262.64250000001
2014-03-06,40633.0,48503.03,44359.89083333334
2014-03-07,38291.92,46554.51,41891.13375
2014-03-08,34798.96,42470.76,38854.763333333336
2014-03-09,35807.96,41632.86,37981.47791666666
2014-03-10,34937.0,44455.78,40059.105
2014-03-11,33427.12,42648.96,39092.496250000004
2014-03-12,33730.590000000004,47157.44,42158.097499999996
2014-03-13,38541.96,48503.95,43404.05583333334
2014-03-14,35520.020000000004,44434.17,40114.71666666667
2014-03-15,33529.94,39499.86,36511.652916666666
2014-03-16,33226.22,44564.4,39185.629166666666
2014-03-17,38807.42,48429.18,43575.82874999999
2014-03-18,36683.75,45973.45,41455.14125
2014-03-19,34598.64,44513.35,41098.229583333334
2014-03-20,36286.19,45300.25,40768.46833333333
2014-03-21,34370.97,43367.66,39048.79583333333
2014-03-22,32277.22,39692.66,36706.60125
2014-03-23,34022.2,41973.42,37720.54791666667
2014-03-24,37209.89,47016.95,42874.354166666664
2014-03-25,37595.66,46628.39,43577.52458333334
2014-03-26,38259.94,47931.19,43029.903750000005
2014-03-27,36339.36,45390.35,41771.28208333333
2014-03-28,34060.69,43440.61,39524.544583333336
2014-03-29,33453.75,40386.19,37470.99125
2014-03-30,33664.8,37903.91,35512.794583333336
2014-03-31,32711.29,42146.21,38487.33375
2014-04-01,32024.37,41496.93,38318.00958333333
2014-04-02,33026.13,41846.51,38750.30708333333
2014-04-03,32915.090000000004,43128.87,39467.82208333333
2014-04-04,32992.03,43074.97,39626.27833333333
2014-04-05,33317.67,38654.11,35609.12291666667
2014-04-06,31695.15,36893.07,33910.449583333335
2014-04-07,31366.72,41970.96,38588.97
2014-04-08,33281.05,41294.28,38143.53291666667
2014-04-09,32999.12,41318.07,37806.659999999996
2014-04-10,31878.87,40088.06,37245.722499999996
2014-04-11,30806.52,39638.56,36262.34458333333
2014-04-12,29800.33,35957.520000000004,33682.88375
2014-04-13,28204.05,37441.73,32748.251666666667
2014-04-14,30375.97,42514.07,38253.47166666667
2014-04-15,34883.35,43636.99,40498.30541666666
2014-04-16,35779.35,43648.86,39861.545
2014-04-17,32484.66,41756.23,38013.27291666667
2014-04-18,30453.41,37581.25,34513.948333333334
2014-04-19,28960.35,35152.5,32390.9375
2014-04-20,27590.79,34958.98,30972.010416666668
2014-04-21,28567.74,40847.75,36660.142916666664
2014-04-22,30458.55,39975.93,36692.75625
2014-04-23,31264.31,40016.18,37008.33833333333
2014-04-24,31415.74,40445.82,37398.777083333334
2014-04-25,31115.46,40273.76,36753.43583333333
2014-04-26,29796.54,35895.520000000004,33269.41333333333
2014-04-27,28660.73,36984.22,32799.195
2014-04-28,30142.98,40913.38,37334.40041666667
2014-04-29,31069.06,40663.79,37316.7175
2014-04-30,30983.39,40224.71,37214.21166666667
2014-05-01,31763.82,40600.02,37696.78291666667
2014-05-02,31718.39,40548.57,36983.00083333333
2014-05-03,30279.99,35575.54,33187.02
2014-05-04,27949.84,36639.54,32001.697916666668
2014-05-05,29675.59,40842.07,37237.559166666666
2014-05-06,30927.44,41356.91,37732.21041666667
2014-05-07,31159.9,42662.49,38801.20916666667
2014-05-08,31979.22,45665.35,40553.62458333333
2014-05-09,32891.04,43210.78,38993.18166666667
2014-05-10,29587.04,37662.54,34349.573333333334
2014-05-11,28173.09,40260.07,34422.34375
2014-05-12,31443.18,47312.56,41215.20652173913
2014-05-13,32853.13,44848.27,39748.885
2014-05-14,31000.22,40059.57,37086.329999999994
2014-05-15,31356.82,41072.48,37556.22416666666
2014-05-16,32064.98,40489.18,37024.53541666667
2014-05-17,30949.41,35952.340000000004,33583.51583333333
2014-05-18,29094.62,36048.83,32340.850416666668
2014-05-19,29603.34,40939.33,37268.083333333336
2014-05-20,31235.26,45313.22,40009.48
2014-05-21,33152.36,49327.93,42539.75833333334
2014-05-22,33233.96,44989.15,40375.729583333334
2014-05-23,31576.17,42664.44,38283.36791666667
2014-05-24,29184.77,37881.31,34114.708333333336
2014-05-25,27994.35,39342.43,34008.2475
2014-05-26,28727.63,44013.91,37258.51125
2014-05-27,32877.95,51765.63,44024.162916666675
2014-05-28,33922.590000000004,48387.28,42426.893749999996
2014-05-29,32800.95,48593.41,42134.87583333333
2014-05-30,33065.24,49586.59,42528.90666666667
2014-05-31,31806.53000000001,47167.83,39881.230833333335
2014-06-01,30281.41,48042.91,39775.2675
2014-06-02,34700.32,51644.36,45124.017499999994
2014-06-03,35314.270000000004,52949.3,45415.78833333333
2014-06-04,34530.55,46845.99,41682.770833333336
2014-06-05,32202.85,45087.29,40041.18333333333
2014-06-06,31818.97,48141.73,41114.60666666667
2014-06-07,31234.07,43356.99,38008.4
2014-06-08,30025.66,40060.11,35444.39916666666
2014-06-09,31166.17,46845.87,40625.78041666667
2014-06-10,32602.97,45107.83,40184.76833333333
2014-06-11,32913.41,45481.61,40720.00958333333
2014-06-12,33084.71,47933.27,41882.91541666666
2014-06-13,33037.96,43388.35,39012.355416666665
2014-06-14,29761.09,39699.56,35141.445
2014-06-15,28471.2,43667.81,36653.255833333336
2014-06-16,34174.08,58468.16,48043.03291666667
2014-06-17,37823.61,60901.2,50771.91375
2014-06-18,38486.43,56701.15,48436.019583333335
2014-06-19,36643.69,55267.37,47028.31125
2014-06-20,36070.75,51943.21,44888.8525
2014-06-21,33300.11,48461.73,41299.72833333333
2014-06-22,31677.9,49625.44,41018.87208333333
2014-06-23,34735.25,54686.69,46197.99541666667
2014-06-24,36552.58,53541.96,46462.50291666666
2014-06-25,35948.37,54316.69,46220.80541666667
2014-06-26,35723.97,55040.69,46368.52833333333
2014-06-27,35448.12,55635.13,46628.317083333335
2014-06-28,35158.74,52980.29,44818.71875
2014-06-29,34702.46,52924.38,44339.90458333333
2014-06-30,37222.25,61145.71,50217.77375
2014-07-01,37078.88,56026.7,47334.32541666667
2014-07-02,35291.3,48632.44,42690.81416666667
2014-07-03,32074.93,42894.54,38517.72375
2014-07-04,28551.95,39763.35,34330.52833333333
2014-07-05,28093.36,41123.5,35127.81791666667
2014-07-06,29428.9,48655.49,39285.13208333334
2014-07-07,36388.0,58290.51,48584.81416666667
2014-07-08,36770.1,53093.92,45882.73708333333
2014-07-09,34312.48,50737.29,43711.559166666666
2014-07-10,33730.56,50876.29,43427.34666666667
2014-07-11,33784.7,52707.23,44222.12625
2014-07-12,34812.95,50961.38,43640.57791666667
2014-07-13,35546.29,52511.55,44123.333333333336
2014-07-14,35627.21,53983.84,45153.38375
2014-07-15,33401.99,44357.76,39884.82083333334
2014-07-16,31903.65,43760.84,39220.53791666666
2014-07-17,31831.4,46301.89,40394.3675
2014-07-18,32552.83,47266.8,40953.79625
2014-07-19,31741.47,43746.41,38258.253749999996
2014-07-20,30731.01,48057.23,39497.75958333333
2014-07-21,34151.07,59664.45,48074.94458333333
2014-07-22,37116.98,63799.87,51740.90791666667
2014-07-23,38215.6,50884.14,45983.68458333334
2014-07-24,33647.69,48427.26,42177.0725
2014-07-25,33268.73,45797.09,40831.613333333335
2014-07-26,32614.63,49977.67,41886.28416666667
2014-07-27,34154.56,50235.59,41873.96958333333
2014-07-28,33172.72,45769.87,40539.769166666665
2014-07-29,32176.63,46165.05,40534.28083333333
2014-07-30,33075.64,48153.7,41822.68958333333
2014-07-31,33429.95,50851.92,43303.82041666666
2014-08-01,34128.92,51663.27,43435.58833333333
2014-08-02,32144.59,47571.62,39893.15541666667
2014-08-03,30954.62,49789.6,40474.65541666667
2014-08-04,34285.83,56106.85,46187.74166666667
2014-08-05,35748.89,53143.71,45446.57166666668
2014-08-06,35348.79,53496.06,45345.3975
2014-08-07,35059.57,50524.01,43938.24833333333
2014-08-08,34761.91,50299.51,43486.50833333333
2014-08-09,33167.43,47000.89,40348.26666666667
2014-08-10,31902.08,49156.65,40852.1025
2014-08-11,35392.35,52790.39,45650.167083333334
2014-08-12,34800.12,47221.46,42032.642499999994
2014-08-13,32760.31,48844.43,41882.265
2014-08-14,33493.07,48418.64,41909.19166666667
2014-08-15,32537.26,46921.73,40859.59791666667
2014-08-16,32111.14,43981.8,38854.46708333333
2014-08-17,31725.11,43699.47,38156.385
2014-08-18,33325.57,54072.23,45027.03375
2014-08-19,35720.79,55799.23,46931.28583333333
2014-08-20,36010.48,55320.2,47135.85791666667
2014-08-21,36687.05,57469.0,48573.831666666665
2014-08-22,38796.96,59281.99,49970.8525
2014-08-23,37424.35,54390.12,46236.16999999999
2014-08-24,34970.48,55497.23,45495.31666666667
2014-08-25,38482.29,62788.17,52016.87416666667
2014-08-26,39168.12,61513.65,50804.357083333336
2014-08-27,37111.41,57449.68,47869.08666666667
2014-08-28,35692.75,54283.63,45868.49208333334
2014-08-29,35741.950000000004,54284.24,45862.224583333336
2014-08-30,34837.1,49251.72,42452.90916666667
2014-08-31,33157.54,50519.57,41783.28083333333
2014-09-01,33786.71,50107.47,42167.53166666667
2014-09-02,34908.45,53082.08,45167.82041666666
2014-09-03,34426.48,55908.67,46206.69500000001
2014-09-04,36236.2,59376.42,49043.85833333334
2014-09-05,38906.2,62886.23,50835.8975
2014-09-06,33053.07,41217.87,38066.84875
2014-09-07,29204.1,41930.53,35603.6275
2014-09-08,31187.01,48071.33,41193.638333333336
2014-09-09,32818.43,50018.36,42833.072916666664
2014-09-10,34998.0,49817.77,44200.89708333332
2014-09-11,33454.53,41442.61,38620.985
2014-09-12,30968.3,40484.88,36992.21
2014-09-13,29880.33,36134.2,33499.013333333336
2014-09-14,28318.94,37626.91,32795.57083333333
2014-09-15,29877.66,42013.81,37792.566249999996
2014-09-16,31200.49,41401.35,37805.27958333333
2014-09-17,30988.18,41837.89,37886.68708333333
2014-09-18,31324.15,42171.05,38328.315
2014-09-19,31475.84,42211.18,38259.362916666665
2014-09-20,30477.63,41365.48,36677.88625
2014-09-21,30724.75,38924.5,34910.45416666667
2014-09-22,29942.01,42060.63,37691.112499999996
2014-09-23,31048.49,42676.29,38346.002916666665
2014-09-24,31204.88,43444.34,38888.793750000004
2014-09-25,31559.44,44835.9,39753.88166666667
2014-09-26,31735.51,45916.06,39982.012500000004
2014-09-27,30646.81,41885.9,36690.732083333336
2014-09-28,29220.91,42446.63,35937.1775
2014-09-29,31152.46,47580.93,40896.512500000004
2014-09-30,31922.21,43958.76,39364.68125
2014-10-01,31516.09,44780.92,39550.68625
2014-10-02,32338.03000000001,44759.43,40294.32041666666
2014-10-03,32690.78000000001,42027.98,37995.74583333333
2014-10-04,30046.41,37345.78,34174.6975
2014-10-05,29498.69,37758.52,33326.61541666667
2014-10-06,30183.67,41524.29,37508.34166666667
2014-10-07,31230.01,41659.12,37919.66458333333
2014-10-08,31237.02,41659.34,37877.173749999994
2014-10-09,31441.48,41538.67,37933.237916666665
2014-10-10,31422.3,40846.08,37498.71875
2014-10-11,30862.94,36920.51,34192.409583333334
2014-10-12,29351.66,37409.07,33165.511666666665
2014-10-13,30106.96,42863.26,38308.2875
2014-10-14,31692.67,42039.3,38477.57791666666
2014-10-15,31429.08,41851.18,38099.37125
2014-10-16,31583.35,41600.81,38115.9325
2014-10-17,31478.24,40672.46,37512.87666666667
2014-10-18,30354.93,37783.42,34669.48875
2014-10-19,30174.73,38140.36,33761.12541666667
2014-10-20,30857.86,42235.06,38101.925833333335
2014-10-21,31794.09,42488.19,38600.75125
2014-10-22,32518.54,42100.8,38682.35
2014-10-23,32921.98,42303.63,38862.67625
2014-10-24,32302.62,41271.24,37863.30833333333
2014-10-25,30259.54,37122.93,34193.619166666664
2014-10-26,28342.29,38149.75,32965.60083333333
2014-10-27,30357.36,43595.88,38494.856250000004
2014-10-28,31584.71,41575.01,37799.63958333334
2014-10-29,31283.18,42438.39,38228.49166666667
2014-10-30,32796.78,42509.59,38939.800416666665
2014-10-31,32312.03000000001,42604.06,39221.02291666667
2014-11-01,33653.11,39835.42,36878.60125
2014-11-02,33080.7,40007.66,35956.8
2014-11-03,32372.33,42961.65,38670.89625
2014-11-04,32099.56,43194.8,38743.80416666667
2014-11-05,33018.6,43391.7,39229.01625000001
2014-11-06,33000.590000000004,44870.47,40052.85083333333
2014-11-07,34871.23,43123.96,39948.27958333333
2014-11-08,33139.68,40335.07,36889.905
2014-11-09,32371.09,40009.67,35705.25166666667
2014-11-10,32233.52,43507.3,38967.24833333333
2014-11-11,32441.94,45862.09,40099.99083333334
2014-11-12,35826.23,48222.56,42902.89333333333
2014-11-13,37879.79,49161.25,44310.60333333333
2014-11-14,39059.97,46913.51,43794.731250000004
2014-11-15,37665.83,43797.48,40605.8625
2014-11-16,34658.69,44550.53,39200.48
2014-11-17,36767.69,51871.94,45422.65625
2014-11-18,41929.24,51844.44,47411.73708333333
2014-11-19,41244.28,49749.19,45991.81041666667
2014-11-20,39779.95,49442.43,45403.61791666667
2014-11-21,40370.88,48954.2,44671.8425
2014-11-22,35596.08,41105.03,38768.07958333333
2014-11-23,31430.12,41144.31,35947.70875
2014-11-24,32000.38,47046.29,40936.829999999994
2014-11-25,36662.22,47795.13,43235.480416666665
2014-11-26,37992.05,47284.93,43547.775
2014-11-27,34715.64,41516.34,38029.44416666667
2014-11-28,35253.07,42502.59,38919.018749999996
2014-11-29,33522.520000000004,39746.65,36479.96708333333
2014-11-30,30182.21,41101.56,35241.003749999996
2014-12-01,34388.74,50667.97,44066.35291666666
2014-12-02,39383.3,49437.03,45287.06625
2014-12-03,37866.6,48317.77,43734.06291666667
2014-12-04,38128.4,49177.09,44555.357500000006
2014-12-05,36871.09,46003.66,42620.705416666664
2014-12-06,34502.82,44351.56,39779.0775
2014-12-07,35361.24,45052.38,39557.153750000005
2014-12-08,35834.64,48070.19,43005.86708333333
2014-12-09,36315.86,48691.72,43528.97166666667
2014-12-10,37028.28,49321.48,44033.456666666665
2014-12-11,38072.51,48877.14,44254.380000000005
2014-12-12,38352.37,47032.43,43603.96666666667
2014-12-13,35014.48,42401.15,38878.823333333334
2014-12-14,31974.17,41942.48,36476.8775
2014-12-15,32781.8,46562.47,40889.37416666667
2014-12-16,34437.31,48597.21,42601.39916666666
2014-12-17,37499.56,50142.78,44695.517916666664
2014-12-18,38499.74,49778.63,45123.07708333334
2014-12-19,38555.46,48065.54,44217.5875
2014-12-20,36687.24,44530.43,40821.025416666664
2014-12-21,35163.3,43961.41,39300.50083333333
2014-12-22,35615.19,46440.42,42002.2075
2014-12-23,34071.11,43812.22,39796.83583333334
2014-12-24,31435.92,39360.13,36377.98166666667
2014-12-25,30845.08,36609.64,34099.20458333333
2014-12-26,30945.82,40058.65,35706.01125
2014-12-27,30600.46,40609.05,35794.45916666667
2014-12-28,32459.5,42702.28,37378.8075
2014-12-29,35606.0,46407.14,41518.65041666667
2014-12-30,36964.37,48175.42,42998.919583333336
2014-12-31,38948.57,46743.59,42932.846666666665
2015-01-01,36852.28,43157.85,39335.0075
2015-01-02,34404.64,44230.97,39870.32541666667
2015-01-03,34174.72,42171.71,38361.57
2015-01-04,32425.65,47279.19,39512.979583333334
2015-01-05,40831.67,53317.84,48069.69041666666
2015-01-06,41735.55,52748.8,47643.28875000001
2015-01-07,43187.05,56813.08,50785.161250000005
2015-01-08,46958.45,55700.47,52051.27916666667
2015-01-09,43435.86,53366.99,49226.8175
2015-01-10,42450.5,48649.24,45991.15750000001
2015-01-11,37881.77,45916.82,41337.62458333333
2015-01-12,37242.87,51235.35,45233.31125
2015-01-13,42096.05,51999.05,47945.13416666668
2015-01-14,43251.26,52062.11,48058.4575
2015-01-15,40948.18,49789.1,45605.23333333334
2015-01-16,38989.34,47800.0,43558.972916666666
2015-01-17,36681.7,41895.34,39461.674999999996
2015-01-18,33592.3,41605.13,37379.19416666667
2015-01-19,35718.25,45608.78,41640.38625
2015-01-20,36489.96,46290.99,42384.78375
2015-01-21,36693.23,47274.43,42933.362499999996
2015-01-22,37581.83,47896.12,43751.67333333334
2015-01-23,37843.87,46740.2,43265.333333333336
2015-01-24,36779.89,41728.4,39282.08083333333
2015-01-25,33468.32,44444.79,38581.33625
2015-01-26,37896.76,48924.01,44682.081666666665
2015-01-27,38340.06,48190.37,44121.07958333333
2015-01-28,39548.1,48390.04,44220.544583333336
2015-01-29,36827.61,48044.83,43569.79958333333
2015-01-30,38167.58,47322.89,43442.33791666667
2015-01-31,37919.25,42860.13,40453.488333333335
2015-02-01,34708.83,44056.25,39496.67041666667
2015-02-02,38383.43,50233.73,45122.24166666667
2015-02-03,40761.86,49055.34,45102.208333333336
2015-02-04,38057.2,49666.98,44424.042916666665
2015-02-05,41796.29,51120.64,47005.01666666666
2015-02-06,40719.09,49462.75,44893.14791666666
2015-02-07,35552.42,41106.18,38422.482500000006
2015-02-08,32040.83,41442.98,36257.51791666667
2015-02-09,34900.75,48971.03,43464.76416666667
2015-02-10,39186.04,47817.17,43992.635416666664
2015-02-11,38173.76,48053.63,43947.707083333335
2015-02-12,39780.41,51202.27,46681.27374999999
2015-02-13,42055.27,50217.51,46069.330416666664
2015-02-14,37907.27,48637.4,42996.200000000004
2015-02-15,41736.49,49036.47,44732.495
2015-02-16,42174.85,52442.31,48204.60916666667
2015-02-17,43160.52,50978.52,47555.065
2015-02-18,42095.81,54497.06,48864.965416666666
2015-02-19,46279.82,54298.16,50812.035
2015-02-20,44936.92,53674.81,49937.200833333336
2015-02-21,39823.4,44555.8,42196.72166666667
2015-02-22,36985.73,47607.43,41458.40833333333
2015-02-23,42290.69,52901.31,48443.6275
2015-02-24,43854.68,52482.21,48003.73166666667
2015-02-25,41009.67,49239.93,45322.09541666667
2015-02-26,40400.56,51806.6,46868.21333333334
2015-02-27,44256.43,52223.69,47741.71416666667
2015-02-28,41213.0,46417.27,43763.65375
2015-03-01,37651.86,45487.32,40844.96791666667
2015-03-02,38857.07,48014.51,44103.63625
2015-03-03,38492.19,47373.92,44075.69208333333
2015-03-04,37317.25,50387.9,44813.35375000001
2015-03-05,41562.57,50406.15,46451.45458333333
2015-03-06,42069.31,50622.12,45993.40916666667
2015-03-07,36372.52,41648.92,38958.724583333336
2015-03-08,34054.67,39997.05,36301.184166666666
2015-03-09,34349.54,44713.38,40126.019166666665
2015-03-10,34462.81,43610.19,40010.122083333335
2015-03-11,34290.65,43329.84,38899.55375
2015-03-12,33509.23,43085.74,38918.06416666667
2015-03-13,33204.03,42372.31,38583.527083333334
2015-03-14,31461.88,37334.24,34661.6875
2015-03-15,31155.96,37158.0,33752.29083333333
2015-03-16,30730.27,40693.7,37379.03916666666
2015-03-17,31153.45,41665.37,38016.60333333333
2015-03-18,34630.97,43714.47,40052.67291666666
2015-03-19,34568.73,43379.38,40058.08458333334
2015-03-20,34133.71,42659.93,38825.23875
2015-03-21,32068.7,37531.86,34678.69708333333
2015-03-22,30561.46,38006.92,34122.88166666666
2015-03-23,32822.12,43208.88,39804.001249999994
2015-03-24,35488.13,44565.96,40793.7825
2015-03-25,34319.770000000004,42628.61,39272.55333333334
2015-03-26,33389.92,43164.26,39722.92416666667
2015-03-27,35507.38,44424.86,41022.39000000001
2015-03-28,35498.21,41062.48,37844.356250000004
2015-03-29,33771.79,38919.5,36471.43791666667
2015-03-30,32752.49,41953.14,38186.563749999994
2015-03-31,32228.76,40871.09,37617.160833333335
2015-04-01,31957.24,40605.31,37282.87208333333
2015-04-02,31004.63,40412.97,36848.060000000005
2015-04-03,29724.02,37588.53,34646.412083333336
2015-04-04,31197.3,36460.76,33599.42458333333
2015-04-05,29468.02,34210.63,31466.944583333334
2015-04-06,29617.54,40047.11,36566.54
2015-04-07,31174.24,40994.43,37599.941249999996
2015-04-08,31631.37,41279.3,38040.3325
2015-04-09,31759.91,41649.76,38306.88125
2015-04-10,30948.5,40068.88,36383.05666666667
2015-04-11,30534.31,35789.16,33327.12333333334
2015-04-12,28590.42,35959.1,32048.8175
2015-04-13,29335.7,40554.4,36601.591250000005
2015-04-14,30613.75,39849.16,36642.607083333336
2015-04-15,30658.81,39515.73,36548.510833333334
2015-04-16,30462.66,39909.03,36812.68
2015-04-17,30602.35,40147.63,36667.46333333333
2015-04-18,28867.81,35720.35,32969.3175
2015-04-19,27518.73,35980.82,31847.37625
2015-04-20,29410.62,40212.18,36793.48666666667
2015-04-21,31754.14,40578.95,37487.09583333333
2015-04-22,31761.14,41181.0,37989.527500000004
2015-04-23,33151.92,41274.41,38026.520416666666
2015-04-24,32362.5,40542.56,37010.13333333333
2015-04-25,29991.21,36337.58,33699.21791666667
2015-04-26,29501.42,35793.17,32250.63333333333
2015-04-27,30407.98,40350.26,36987.18958333333
2015-04-28,31754.64,39954.28,37066.80458333334
2015-04-29,30848.61,39755.33,36760.67958333334
2015-04-30,30523.74,39422.03,36467.49083333334
2015-05-01,31138.22,39252.69,36214.36083333333
2015-05-02,29040.41,35597.68,32881.57208333333
2015-05-03,27469.56,38034.91,32638.773750000004
2015-05-04,29819.09,43036.09,38366.90625
2015-05-05,31243.2,43171.94,38903.15875
2015-05-06,31429.31,44561.83,39669.388333333336
2015-05-07,31438.84,46954.56,40745.43125
2015-05-08,32327.9,46600.21,40508.731250000004
2015-05-09,30794.72,39016.57,35812.074166666665
2015-05-10,28814.0,39257.44,34464.262500000004
2015-05-11,30658.28,44317.82,39034.996250000004
2015-05-12,30920.22,40317.01,37133.1325
2015-05-13,30873.2,39926.51,36888.13416666666
2015-05-14,30823.5,40128.65,37021.814999999995
2015-05-15,30645.87,43296.63,38411.94375
2015-05-16,30651.37,39141.27,35921.26666666667
2015-05-17,29924.83,42778.43,36825.17125
2015-05-18,32989.54,48849.68,42279.68583333333
2015-05-19,31379.08,40228.09,37201.06208333333
2015-05-20,30896.9,40206.69,37152.93666666667
2015-05-21,31483.95,40254.49,37052.99083333334
2015-05-22,30569.6,39725.41,36253.9075
2015-05-23,28505.68,36525.65,33057.300833333335
2015-05-24,27344.08,37490.79,33014.91958333333
2015-05-25,28713.49,41156.98,35636.130833333336
2015-05-26,31573.4,47801.94,41627.75291666667
2015-05-27,32971.71,47566.9,41799.761666666665
2015-05-28,32242.71,49789.27,42427.935000000005
2015-05-29,33398.39,50443.82,43240.33625
2015-05-30,32433.3,42809.93,37809.68333333334
2015-05-31,28815.32,35405.53,32254.404583333333
2015-06-01,29563.04,40264.35,36524.36583333333
2015-06-02,30612.16,41466.01,37575.8825
2015-06-03,30941.33,42971.34,38582.456666666665
2015-06-04,31590.7,46951.24,40979.434166666666
2015-06-05,33091.96,48138.42,41518.120416666665
2015-06-06,30423.68,41589.6,36385.56541666667
2015-06-07,29075.26,45793.13,37935.15875
2015-06-08,33408.01,49766.71,42890.895416666666
2015-06-09,32783.36,52060.15,43801.10125
2015-06-10,34758.36,58140.9,47549.401249999995
2015-06-11,35714.770000000004,52689.66,45475.42958333334
2015-06-12,35695.19,51327.65,44208.62625
2015-06-13,32803.16,46047.37,40293.00208333333
2015-06-14,32511.77,47046.59,40366.283749999995
2015-06-15,34925.06,55376.68,46747.22041666667
2015-06-16,36304.21,52551.8,45371.65708333333
2015-06-17,34494.24,48902.82,43123.76416666667
2015-06-18,35014.68,52281.25,44689.392499999994
2015-06-19,34136.51,46200.37,41093.76791666667
2015-06-20,31757.9,45756.91,39246.674166666664
2015-06-21,31496.51,48257.45,40408.808750000004
2015-06-22,34581.48,57019.85,48135.12125
2015-06-23,38657.43,54331.51,47093.61083333334
2015-06-24,34019.92,51782.21,44181.03291666667
2015-06-25,35169.79,52391.93,44629.185
2015-06-26,34352.090000000004,47373.06,41606.69291666667
2015-06-27,31368.78,39993.42,36272.25625
2015-06-28,28719.71,41267.11,35584.095
2015-06-29,31570.28000000001,48289.94,41461.229583333334
2015-06-30,32666.67,48787.45,41859.847083333334
2015-07-01,32436.31,46113.81,40458.917916666665
2015-07-02,31951.95,44424.49,39152.94666666666
2015-07-03,29652.06,41721.61,36059.00625
2015-07-04,28234.99,42573.44,35472.19458333333
2015-07-05,28536.67,47499.22,38309.95416666666
2015-07-06,32963.49,56043.7,46195.21208333334
2015-07-07,35434.38,47543.57,42629.575000000004
2015-07-08,31907.89,42433.63,38609.2275
2015-07-09,32642.44,45493.12,40419.89916666667
2015-07-10,32822.01,48444.65,41760.0525
2015-07-11,31908.3,48180.51,40719.74083333334
2015-07-12,32462.54,52842.62,42845.60916666667
2015-07-13,36260.5,58987.36,48749.418333333335
2015-07-14,38387.41,57467.16,48824.52833333334
2015-07-15,34798.63,51343.91,43897.21833333333
2015-07-16,33885.29,51900.19,44269.09166666667
2015-07-17,36636.76,59861.82,49708.4125
2015-07-18,37639.04,57040.09,48165.77583333334
2015-07-19,36553.61,53315.68,45357.27416666667
2015-07-20,35905.82,57085.27,48054.07875000001
2015-07-21,36890.11,54858.13,46811.105416666665
2015-07-22,34450.75,53135.17,44981.942500000005
2015-07-23,34974.63,57248.36,47088.14333333333
2015-07-24,35956.35,59045.91,48491.37791666667
2015-07-25,35995.6,56825.84,46591.443333333336
2015-07-26,34837.41,53812.34,44834.42958333334
2015-07-27,36839.56,63939.49,51520.81
2015-07-28,38650.46,65643.51,53568.80541666667
2015-07-29,41282.55,63681.19,52900.388750000006
2015-07-30,36952.63,59504.34,49078.847083333334
2015-07-31,36648.41,58377.93,48279.52958333333
2015-08-01,33938.44,51698.1,42962.65583333333
2015-08-02,32857.3,57450.22,45221.013750000006
2015-08-03,36619.99,56967.35,47790.808750000004
2015-08-04,35466.72,54385.67,45860.30166666667
2015-08-05,35367.21,52557.47,45012.19666666668
2015-08-06,35384.950000000004,50977.77,44059.880833333336
2015-08-07,34297.39,51799.64,44110.32000000001
2015-08-08,33653.19,47383.18,41223.09666666667
2015-08-09,32725.79,49178.66,41213.93375
2015-08-10,36215.48,55763.89,47335.486666666664
2015-08-11,35830.18,55223.23,46390.954999999994
2015-08-12,34339.25,52942.49,44671.8375
2015-08-13,34395.69,57030.18,46654.80791666667
2015-08-14,36856.43,59940.74,48812.84666666666
2015-08-15,34607.38,56281.74,45651.89124999999
2015-08-16,34207.4,58038.72,46443.26583333333
2015-08-17,37748.63,61109.44,50373.99458333334
2015-08-18,37226.92,58555.54,48772.504583333335
2015-08-19,37460.58,54024.8,46473.30708333334
2015-08-20,34151.58,46444.22,41455.494999999995
2015-08-21,32252.66,48911.54,41430.03916666666
2015-08-22,31583.96,45377.94,38635.07208333333
2015-08-23,30983.33,44764.72,38029.792916666665
2015-08-24,31411.32,45285.44,39824.60375
2015-08-25,31855.51,43071.57,39039.09
2015-08-26,31679.25,43984.99,39432.97041666667
2015-08-27,31801.2,45215.98,39912.30333333334
2015-08-28,32048.79,45940.66,40207.5825
2015-08-29,31832.45,42716.45,38218.68083333334
2015-08-30,31298.59,48667.41,40098.512083333335
2015-08-31,34107.67,57917.95,47220.46791666667
2015-09-01,36284.09,62368.07,50363.26583333333
2015-09-02,38239.38,63956.89,52028.458333333336
2015-09-03,38363.85,60305.55,50627.34833333333
2015-09-04,37374.32,59109.35,48650.377083333326
2015-09-05,34470.39,53494.66,43982.51499999999
2015-09-06,33042.06,56751.56,44787.99125
2015-09-07,34858.7,55723.62,45538.465
2015-09-08,37026.37,58779.73,48972.46124999999
2015-09-09,36346.69,50077.59,44230.54458333333
2015-09-10,32912.61,49949.16,42555.32791666667
2015-09-11,32763.78000000001,42752.67,38701.20791666667
2015-09-12,29404.23,35648.26,33187.70041666667
2015-09-13,27430.98,37252.46,32248.996249999997
2015-09-14,29327.43,44478.95,38680.528333333335
2015-09-15,31680.02,49038.46,41539.230416666665
2015-09-16,32639.9,51082.71,42775.72041666666
2015-09-17,33304.99,53136.81,44343.43625
2015-09-18,34988.07,50540.12,43967.605
2015-09-19,31382.14,39298.68,36777.731250000004
2015-09-20,28053.8,38749.36,33311.38458333333
2015-09-21,29713.77,43962.13,38527.14708333334
2015-09-22,30821.81,46094.18,39791.69291666667
2015-09-23,31413.4,47662.25,40596.18875
2015-09-24,31895.0,47561.92,40844.84791666667
2015-09-25,32026.01,47051.83,40461.10083333333
2015-09-26,30702.02,39978.88,36074.07916666667
2015-09-27,29579.66,42200.04,35707.16208333333
2015-09-28,31837.05,49637.49,42634.4375
2015-09-29,34049.71,44507.51,40600.512500000004
2015-09-30,31131.97,41406.57,37644.0175
2015-10-01,30471.09,40606.26,36920.54583333333
2015-10-02,30731.87,39598.13,36503.274583333325
2015-10-03,29645.17,36762.55,33736.37583333333
2015-10-04,28356.85,37633.67,32751.062916666666
2015-10-05,29778.41,42401.08,37775.345
2015-10-06,31094.57,42564.17,38336.90833333333
2015-10-07,31015.64,42654.23,38390.583333333336
2015-10-08,31076.69,43613.05,38846.00625
2015-10-09,31466.48,40590.66,36936.49291666667
2015-10-10,29111.02,36104.29,33054.49
2015-10-11,27800.29,38141.56,32728.412916666664
2015-10-12,29603.48,42153.14,37650.70333333333
2015-10-13,30278.08,41018.49,37087.69416666667
2015-10-14,30418.42,40766.2,36950.44
2015-10-15,30579.46,40658.42,37092.494166666664
2015-10-16,30529.72,39842.09,36536.25541666666
2015-10-17,30543.96,36857.15,34156.93833333333
2015-10-18,30345.29,37294.29,33386.47541666667
2015-10-19,30849.4,41180.07,37609.893749999996
2015-10-20,30965.12,41397.19,37562.91541666666
2015-10-21,30740.38,42432.9,38013.583333333336
2015-10-22,30879.8,42260.54,37995.10333333333
2015-10-23,30704.52,40033.0,36925.10291666666
2015-10-24,29626.6,36673.87,33793.64916666666
2015-10-25,27471.21,36376.38,31691.85375
2015-10-26,29542.59,40798.02,36790.06083333333
2015-10-27,30526.96,41386.96,37236.549999999996
2015-10-28,30718.74,40785.41,37193.24291666667
2015-10-29,31066.87,41412.24,37736.253333333334
2015-10-30,31757.4,40689.0,36989.802083333336
2015-10-31,30010.41,36777.02,33865.956666666665
2015-11-01,28123.49,36752.22,31992.767083333336
2015-11-02,29394.38,41456.32,36696.208333333336
2015-11-03,30511.24,41815.79,37236.137500000004
2015-11-04,30572.66,42520.34,37571.05666666667
2015-11-05,30767.14,42688.22,37908.551666666666
2015-11-06,31010.8,39917.37,36639.263333333336
2015-11-07,29891.35,37512.57,33934.66333333334
2015-11-08,30143.34,38110.79,33597.92124999999
2015-11-09,32080.13,42330.9,38276.89666666667
2015-11-10,32610.68,41997.06,38235.232500000006
2015-11-11,32441.94,42109.4,37893.97541666666
2015-11-12,31316.44,42894.51,38319.35791666667
2015-11-13,32865.78,41994.29,38570.59916666666
2015-11-14,32777.93,37944.72,35290.475
2015-11-15,30017.59,37706.7,33240.02208333334
2015-11-16,30572.82,42684.0,37663.605416666665
2015-11-17,31633.94,42541.16,38085.81083333333
2015-11-18,31138.47,42405.73,37877.95458333333
2015-11-19,31716.7,43033.91,38307.465833333335
2015-11-20,34191.28,42536.38,39135.17333333333
2015-11-21,32083.66,42359.57,37538.92458333333
2015-11-22,34015.340000000004,42491.71,37608.40458333333
2015-11-23,35048.78,44331.08,40567.35791666667
2015-11-24,34690.020000000004,43333.82,39866.04
2015-11-25,33459.15,41798.24,38482.51
2015-11-26,28449.14,34911.590000000004,31355.969583333335
2015-11-27,26736.14,37628.32,32581.433749999997
2015-11-28,29565.74,39427.13,34742.050833333335
2015-11-29,31106.72,41045.76,35598.4525
2015-11-30,32864.87,44904.53,40024.064999999995
2015-12-01,33154.38,44594.16,39872.93708333333
2015-12-02,34878.21,46455.1,41555.92333333333
2015-12-03,35764.99,45852.81,41670.59166666667
2015-12-04,36386.55,44558.52,41082.05458333334
2015-12-05,34664.22,41615.56,38231.9075
2015-12-06,33520.78,41490.66,36861.15416666667
2015-12-07,33220.17,46033.74,40640.50625
2015-12-08,34616.42,44606.84,40416.862916666665
2015-12-09,33359.73,44262.43,39619.095
2015-12-10,33296.48,43787.89,39416.802083333336
2015-12-11,32885.08,42319.69,38587.52958333333
2015-12-12,30161.53,38978.22,34732.53916666666
2015-12-13,28380.19,39675.26,33780.674999999996
2015-12-14,30030.42,44760.41,38528.091250000005
2015-12-15,32917.73,45086.66,39996.607500000006
2015-12-16,33856.51,44779.55,40216.74375
2015-12-17,34733.29,47572.2,42165.6775
2015-12-18,36388.13,46942.82,42590.996666666666
2015-12-19,36209.47,43230.82,39836.25375
2015-12-20,34350.81,41692.99,37505.43208333333
2015-12-21,32720.93,44079.3,39547.308750000004
2015-12-22,32312.65,43662.41,39019.865
2015-12-23,31862.89,41492.0,37614.160416666666
2015-12-24,29136.8,35902.43,33176.11375
2015-12-25,27747.56,34218.340000000004,31262.197500000006
2015-12-26,28549.7,38064.87,33674.14083333333
2015-12-27,29179.29,40692.48,34833.64625
2015-12-28,33099.97,45141.67,40106.98333333334
2015-12-29,33366.95,44933.99,39807.918333333335
2015-12-30,33926.32,44517.58,39879.57958333333
2015-12-31,33591.87,42835.6,38525.138750000006
2016-01-01,33737.61,41157.53,37080.29541666667
2016-01-02,33247.71,40883.23,36883.77291666667
2016-01-03,33351.31,43215.43,37674.044583333336
2016-01-04,35653.17,47748.76,42678.98333333333
2016-01-05,38627.56,47746.19,43865.74125
2016-01-06,38204.61,46875.18,43077.78166666667
2016-01-07,36000.24,44753.78,41176.24875
2016-01-08,33935.36,42988.39,39676.28791666666
2016-01-09,31912.86,42100.93,37324.54875
2016-01-10,35235.65,47979.88,41471.64
2016-01-11,40740.08,50137.41,46281.41
2016-01-12,38672.04,51037.23,45640.03208333333
2016-01-13,42141.0,51116.79,46803.817916666674
2016-01-14,38353.69,46598.41,42308.60958333333
2016-01-15,34571.61,44527.4,40753.83625
2016-01-16,35367.98,43457.92,39692.93208333334
2016-01-17,36236.11,48809.34,42086.112916666665
2016-01-18,42585.56,52788.5,48391.838749999995
2016-01-19,43101.78,51516.9,47761.409999999996
2016-01-20,40616.22,49779.74,45867.10333333333
2016-01-21,40413.57,49253.32,45702.02916666667
2016-01-22,39445.61,47993.61,44682.980416666665
2016-01-23,37989.15,43446.68,40678.49125
2016-01-24,36827.61,43063.32,39257.15416666667
2016-01-25,35867.76,45539.82,41804.37291666667
2016-01-26,35285.66,47749.0,42898.87291666667
2016-01-27,37088.97,46956.11,42960.19708333333
2016-01-28,36779.86,45094.55,41679.43791666667
2016-01-29,36147.28,45320.76,40998.61833333333
2016-01-30,33662.63,38340.66,36176.695
2016-01-31,30237.2,38837.51,34199.214583333334
2016-02-01,31964.44,43096.91,38884.00041666667
2016-02-02,34596.29,43684.16,40462.53
2016-02-03,32958.42,45800.02,40550.12458333333
2016-02-04,36712.32,46238.09,42578.972083333334
2016-02-05,37850.01,45980.19,41868.585
2016-02-06,35774.44,40678.08,37932.39208333333
2016-02-07,32827.840000000004,38517.42,35602.02958333333
2016-02-08,32965.11,47992.94,41891.388750000006
2016-02-09,38555.98,49798.81,45247.74666666667
2016-02-10,40716.0,50060.67,46261.652500000004
2016-02-11,40670.03,48962.29,45018.31875
2016-02-12,39300.59,48167.62,44678.40791666667
2016-02-13,40615.85,45898.99,43160.0675
2016-02-14,38512.01,46360.5,42088.04416666667
2016-02-15,37967.62,46834.54,43322.456666666665
2016-02-16,36701.96,46075.3,42462.41541666666
2016-02-17,36272.8,45529.92,41728.427083333336
2016-02-18,37363.62,45481.08,41773.29541666667
2016-02-19,34655.07,41652.51,38457.1725
2016-02-20,31134.8,36476.39,33860.63958333334
2016-02-21,29070.18,38563.82,33358.14208333333
2016-02-22,32592.87,43414.95,39260.878749999996
2016-02-23,35084.48,43735.46,40161.081249999996
2016-02-24,35029.91,45922.49,41764.24208333334
2016-02-25,35703.68,45956.37,41811.16625
2016-02-26,36492.74,44215.41,40972.13125
2016-02-27,34162.54,39128.01,36474.625
2016-02-28,30898.9,37302.29,33471.621250000004
2016-02-29,31283.31,42305.53,38233.599583333336
2016-03-01,33827.42,46773.29,41253.68125
2016-03-02,37564.26,45232.15,41894.011666666665
2016-03-03,36058.41,44707.33,41318.568333333336
2016-03-04,35502.64,43625.75,40185.745416666665
2016-03-05,34056.39,39067.65,36761.00833333333
2016-03-06,32622.41,38951.65,35032.975
2016-03-07,31751.2,40820.52,37411.28833333333
2016-03-08,30670.73,40580.4,36701.46041666667
2016-03-09,30011.71,40448.14,36456.07708333334
2016-03-10,30269.03,40909.08,36857.80583333334
2016-03-11,31969.34,40343.35,36692.099583333336
2016-03-12,30191.02,35925.75,33218.03125
2016-03-13,28015.15,36654.09,32157.599166666667
2016-03-14,29462.99,39873.1,36309.06916666666
2016-03-15,30203.27,39866.51,36472.84916666667
2016-03-16,29995.08,39386.1,36237.4375
2016-03-17,30922.99,39781.9,36451.105
2016-03-18,31557.52,40375.39,36834.74041666667
2016-03-19,31192.32,37168.21,34586.354166666664
2016-03-20,30984.6,37657.51,34088.92791666667
2016-03-21,32657.36,42305.19,37798.528333333335
2016-03-22,32205.62,40669.5,36881.03041666667
2016-03-23,30336.31,39700.13,36630.95875
2016-03-24,30685.24,40000.67,36875.27416666666
2016-03-25,31508.69,38762.1,34872.8025
2016-03-26,29457.59,34680.47,32109.92041666667
2016-03-27,27389.32,33333.87,30284.832916666666
2016-03-28,28887.03,39851.7,35988.50541666667
2016-03-29,31630.5,40343.65,36456.06041666667
2016-03-30,31102.11,39436.63,36446.63125
2016-03-31,30006.61,39271.7,35921.20208333333
2016-04-01,30132.41,38638.27,35352.41333333333
2016-04-02,30365.6,36637.75,33902.64958333334
2016-04-03,30740.12,35138.42,32850.21375
2016-04-04,29433.82,40320.45,36876.307916666665
2016-04-05,33267.07,41638.51,37910.364166666666
2016-04-06,32201.09,40672.03,37450.31291666667
2016-04-07,31430.54,40731.02,37814.9775
2016-04-08,33020.44,41172.72,37723.730416666665
2016-04-09,32503.38,37714.96,34929.115
2016-04-10,30809.58,36313.19,33854.785416666666
2016-04-11,29833.64,39806.96,36471.402083333334
2016-04-12,32633.2,41145.86,37279.44875
2016-04-13,32174.15,40434.39,36628.04833333333
2016-04-14,30838.09,39262.92,35924.98291666666
2016-04-15,29800.95,38207.34,35041.956666666665
2016-04-16,27683.09,34268.82,31567.733333333337
2016-04-17,26207.94,36263.86,31111.658750000002
2016-04-18,27813.44,41105.92,36364.52958333333
2016-04-19,29014.52,39412.43,35861.605416666665
2016-04-20,29382.62,39112.42,35846.19458333333
2016-04-21,29271.69,39223.03,35746.08416666667
2016-04-22,28903.09,38294.28,34687.31791666667
2016-04-23,27703.78,33692.69,31170.455
2016-04-24,26449.08,35685.11,30903.552916666667
2016-04-25,28046.36,41092.29,36674.800416666665
2016-04-26,29978.12,41562.91,36944.345
2016-04-27,29649.3,38705.79,35870.84208333333
2016-04-28,29642.03,39331.7,36198.49625
2016-04-29,29566.68,38370.72,34764.50541666667
2016-04-30,28164.27,34246.840000000004,31989.930833333332
2016-05-01,26983.9,35275.91,31325.316250000003
2016-05-02,28411.64,38793.86,35152.42
2016-05-03,29462.11,38465.3,35369.072916666664
2016-05-04,29396.2,38620.03,35537.61791666666
2016-05-05,29873.3,38455.0,35409.87541666667
2016-05-06,29616.39,38340.23,35318.315833333334
2016-05-07,27646.13,34433.05,31780.314166666667
2016-05-08,26294.72,34450.1,30383.295833333337
2016-05-09,28159.78,39752.64,35694.43125
2016-05-10,29512.43,39605.82,36363.605833333335
2016-05-11,29693.42,41302.73,37004.27833333333
2016-05-12,29855.72,41092.3,36800.49791666667
2016-05-13,29230.7,38605.22,35133.09166666667
2016-05-14,27760.04,34138.88,31724.471666666668
2016-05-15,27796.19,34293.92,30859.841249999998
2016-05-16,29021.87,38799.03,35481.18041666666
2016-05-17,29601.52,39017.64,35679.42791666667
2016-05-18,29749.89,38316.05,35387.51833333333
2016-05-19,29302.99,39146.05,35754.91166666667
2016-05-20,28804.86,38756.32,34948.981250000004
2016-05-21,27800.41,34401.33,31969.068750000002
2016-05-22,26674.87,36645.01,31917.854583333334
2016-05-23,28495.3,43071.81,37543.041666666664
2016-05-24,29966.63,45624.68,39426.26291666667
2016-05-25,31461.36,48685.68,41627.285
2016-05-26,32953.56,49151.36,42511.191249999996
2016-05-27,32691.19,48714.98,41820.04083333333
2016-05-28,30769.7,45072.51,38383.80583333334
2016-05-29,29121.73,44292.36,37207.293750000004
2016-05-30,28335.88,45796.5,37594.40083333334
2016-05-31,30769.44,50386.61,41984.94666666666
2016-06-01,32362.55,49211.4,41922.363333333335
2016-06-02,32261.91,49459.31,42006.11
2016-06-03,31644.84,47751.78,40696.722499999996
2016-06-04,30672.62,40806.09,36474.207083333335
2016-06-05,29065.54,40187.48,35056.98541666667
2016-06-06,30146.98,48200.84,40647.78208333333
2016-06-07,31148.71,42620.5,38137.23375
2016-06-08,29794.38,43100.09,37803.285
2016-06-09,30308.04,46392.28,39844.20333333333
2016-06-10,32742.64,55224.57,44902.77625
2016-06-11,33942.090000000004,56230.26,45732.03541666667
2016-06-12,31642.53000000001,47538.55,40332.52291666667
2016-06-13,32030.03000000001,52267.23,43506.58666666667
2016-06-14,34219.66,51381.07,44351.86250000001
2016-06-15,35092.520000000004,56815.42,47091.61958333334
2016-06-16,36145.67,52452.28,45604.180833333325
2016-06-17,34148.090000000004,54538.25,44752.700000000004
2016-06-18,31702.23,52203.27,42127.31375
2016-06-19,30786.42,54678.99,43529.356250000004
2016-06-20,37317.99,62637.69,51578.78083333332
2016-06-21,36602.93,54975.49,46699.26
2016-06-22,35344.43,54994.32,46350.12458333333
2016-06-23,37683.29,55608.36,47687.01541666667
2016-06-24,34591.06,55369.19,45597.43666666667
2016-06-25,33379.79,55455.99,44777.95875
2016-06-26,34376.0,56115.86,45594.832916666666
2016-06-27,36897.88,60545.21,49661.84458333333
2016-06-28,35451.07,49353.14,43186.55833333333
2016-06-29,31876.23,48619.19,41129.25708333334
2016-06-30,32095.49,48772.62,41635.03083333333
2016-07-01,33254.25,46630.52,40474.857083333336
2016-07-02,28859.73,37185.77,33542.74791666667
2016-07-03,27385.07,37408.04,32802.92541666667
2016-07-04,27723.29,40323.16,34605.63375
2016-07-05,31185.0,57748.03,45940.649583333325
2016-07-06,36551.36,54686.11,46899.65
2016-07-07,35334.29,55477.71,46963.121666666666
2016-07-08,36073.8,58690.28,47632.162083333336
2016-07-09,32751.27,47130.43,40232.504583333335
2016-07-10,30066.07,50291.66,40506.34333333333
2016-07-11,34648.28,61106.47,49444.81083333333
2016-07-12,38584.13,60912.33,51122.833333333336
2016-07-13,38143.02,62932.79,50396.4575
2016-07-14,36712.39,58888.02,48512.0925
2016-07-15,35833.99,52319.48,44570.994999999995
2016-07-16,31996.17,46541.01,39487.315833333334
2016-07-17,30727.15,52327.12,41862.40583333333
2016-07-18,38361.25,58719.57,49645.503749999996
2016-07-19,36573.9,60982.61,49751.888333333336
2016-07-20,36654.12,62023.07,50417.46041666667
2016-07-21,39429.09,63553.06000000001,52981.81541666666
2016-07-22,40597.85,63074.11,52562.96833333333
2016-07-23,37764.46,60508.24,49885.19666666666
2016-07-24,37255.61,59741.67,48551.30583333334
2016-07-25,40263.27,62178.89,52148.90583333333
2016-07-26,37844.93,61300.51,50447.64333333333
2016-07-27,37401.06,62672.18,50953.31083333333
2016-07-28,38134.5,58742.85,49012.44375
2016-07-29,36328.48,54196.63,45878.18458333334
2016-07-30,33337.15,48074.77,41028.27125
2016-07-31,31630.58,50684.49,41435.582083333335
2016-08-01,34803.01,57677.69,47384.14833333334
2016-08-02,36305.26,59773.17,49334.17291666666
2016-08-03,37349.98,62396.44,51082.31333333333
2016-08-04,38079.44,64441.5,52734.135
2016-08-05,39954.69,60254.98,50574.38791666667
2016-08-06,35260.13,51907.95,43510.83875
2016-08-07,31396.64,49880.8,40796.138750000006
2016-08-08,33610.28,57138.66,46400.072916666664
2016-08-09,35535.88,61568.04,49898.62458333333
2016-08-10,38625.52,64710.45,53101.768749999996
2016-08-11,40862.59,66434.43000000001,55104.48666666667
2016-08-12,42859.81,62032.73,52803.2925
2016-08-13,38237.91,50646.72,44745.60958333333
2016-08-14,33200.74,47631.51,40845.79083333333
2016-08-15,34536.17,52180.08,44943.542083333334
2016-08-16,36338.52,55649.27,46981.86625
2016-08-17,36087.3,57323.01,47744.92875
2016-08-18,36059.39,60070.42,49052.99916666667
2016-08-19,37162.7,57135.37,47941.81291666667
2016-08-20,35183.88,48461.92,42033.90458333333
2016-08-21,30235.55,41897.67,36376.71166666666
2016-08-22,30434.83,49064.95,41014.11791666667
2016-08-23,32077.74,50385.37,42599.926666666666
2016-08-24,34377.91,56780.78,47209.65375
2016-08-25,37885.19,59731.85,49598.267499999994
2016-08-26,36265.65,56171.51,46547.480416666665
2016-08-27,33966.83,49605.55,42357.95625
2016-08-28,33253.37,54652.89,44166.48041666666
2016-08-29,35723.25,61284.8,49599.90041666667
2016-08-30,37351.55,58055.4,48782.69166666667
2016-08-31,36397.73,54309.41,45657.5625
2016-09-01,33058.37,46817.66,40878.77416666667
2016-09-02,31129.75,44714.59,38740.083333333336
2016-09-03,28693.97,41308.59,34964.77208333334
2016-09-04,27838.16,42897.73,35177.489583333336
2016-09-05,28886.7,52472.21,40679.38916666667
2016-09-06,35313.44,64396.49,51481.847499999996
2016-09-07,39474.25,62014.02,51865.41458333333
2016-09-08,39868.19,54522.7,48296.6575
2016-09-09,35222.19,52951.13,45119.302083333336
2016-09-10,31731.12,42767.67,38435.74625
2016-09-11,27907.11,40408.91,34235.849583333336
2016-09-12,29737.77,47279.83,39766.737499999996
2016-09-13,31448.84,50449.63,42170.48333333333
2016-09-14,33450.72,49152.6,42271.37375
2016-09-15,32228.03000000001,48767.25,41651.263750000006
2016-09-16,32678.05,47835.05,41323.36708333334
2016-09-17,32039.99,44203.85,38376.4625
2016-09-18,29595.22,44422.78,37103.00125
2016-09-19,30870.95,52545.55,42661.60875000001
2016-09-20,32875.67,54476.35,44226.067083333335
2016-09-21,32861.73,51815.06,43353.2775
2016-09-22,32908.21,53681.14,44309.70416666666
2016-09-23,33936.41,50807.25,43197.60999999999
2016-09-24,31369.56,45107.57,38381.65708333333
2016-09-25,29593.22,45100.92,37474.299999999996
2016-09-26,31101.2,41682.65,37724.378333333334
2016-09-27,29272.16,40670.16,36531.89
2016-09-28,29778.49,39461.65,36173.480833333335
2016-09-29,29504.04,39989.09,36409.097083333334
2016-09-30,29929.38,39645.0,35983.520833333336
2016-10-01,28295.35,35374.05,32530.107500000002
2016-10-02,27077.36,36688.87,31667.80875
2016-10-03,28509.93,41072.33,36597.70458333333
2016-10-04,29795.4,42695.06,37834.942083333335
2016-10-05,30712.88,44890.71,39425.982500000006
2016-10-06,31435.91,46399.67,40435.7725
2016-10-07,31319.81,43528.74,38072.44708333333
2016-10-08,27834.61,34590.71,31689.440000000002
2016-10-09,26624.72,35909.090000000004,31011.94125
2016-10-10,28327.02,39947.62,35822.26291666667
2016-10-11,29543.81,40547.81,36598.12333333333
2016-10-12,29520.44,40196.02,36393.82666666667
2016-10-13,29100.47,39123.96,35448.62
2016-10-14,29669.58,38507.26,35347.059166666666
2016-10-15,28649.55,36994.67,33298.129583333335
2016-10-16,28133.18,39286.81,33584.37583333333
2016-10-17,30435.09,46803.19,40515.90416666667
2016-10-18,33008.07,45272.68,40574.59541666667
2016-10-19,30895.19,41849.52,37814.04083333333
2016-10-20,30205.2,39832.19,36473.85666666667
2016-10-21,30106.76,38751.03,35682.80125
2016-10-22,29320.41,35114.57,32665.40958333333
2016-10-23,27956.72,36581.85,31841.545416666664
2016-10-24,28493.55,39796.48,35694.225416666675
2016-10-25,30251.55,40062.96,36408.00666666667
2016-10-26,30041.73,40747.22,36873.965000000004
2016-10-27,30027.4,39892.19,36407.65083333334
2016-10-28,30393.08,38928.0,35842.08458333334
2016-10-29,28323.75,36695.0,32878.792916666665
2016-10-30,26850.58,36426.73,31527.45666666667
2016-10-31,28741.9,39278.64,35962.14958333333
2016-11-01,29768.82,41825.32,37032.85208333333
2016-11-02,29703.27,42045.15,37223.050833333335
2016-11-03,30410.46,40068.6,36406.43666666667
2016-11-04,29437.64,38382.89,35185.923749999994
2016-11-05,28782.32,35180.85,32313.161250000005
2016-11-06,27379.45,36139.14,31419.037083333333
2016-11-07,28688.97,40350.11,35756.50125
2016-11-08,29441.22,40072.95,35834.528750000005
2016-11-09,30221.38,40215.2,36162.09416666667
2016-11-10,31216.1,40040.5,36603.4775
2016-11-11,30357.89,39006.7,35653.83708333333
2016-11-12,30501.88,36698.4,33668.56291666667
2016-11-13,30154.0,36791.79,32895.94708333333
2016-11-14,30523.11,40665.28,36757.839583333334
2016-11-15,30683.92,40093.02,36389.00666666667
2016-11-16,30776.6,40399.28,36498.28708333333
2016-11-17,30787.76,40291.39,36468.09166666667
2016-11-18,29322.4,38805.59,35318.89
2016-11-19,29279.22,39003.26,34714.27375
2016-11-20,31383.57,40109.7,35238.96166666667
2016-11-21,33569.29,43250.12,39327.73458333333
2016-11-22,33845.78,42956.78,39410.38083333333
2016-11-23,32410.37,41661.95,38084.23458333333
2016-11-24,28556.71,35606.450000000004,31861.93875
2016-11-25,28069.17,37107.35,32908.63291666666
2016-11-26,29346.73,36834.46,33264.902916666666
2016-11-27,30270.17,39093.06,34050.55666666667
2016-11-28,31224.33,42982.93,38431.18666666667
2016-11-29,31466.36,41617.96,37335.52875
2016-11-30,31634.36,43455.88,38431.65666666667
2016-12-01,33302.82,43480.89,39521.332083333335
2016-12-02,33947.39,42825.81,39429.083333333336
2016-12-03,32680.63,40617.18,36849.785
2016-12-04,31364.59,41758.2,36228.806666666664
2016-12-05,33030.87,45146.93,40075.59
2016-12-06,34083.2,45535.36,40778.30375
2016-12-07,35467.32,46890.11,41938.97375
2016-12-08,37122.49,49290.83,44197.33125000001
2016-12-09,38394.5,47376.01,43791.06083333333
2016-12-10,36839.56,44201.86,40494.98458333333
2016-12-11,34308.19,44022.61,38759.566666666666
2016-12-12,34121.92,47920.98,42099.8125
2016-12-13,36584.83,49056.66,43648.91833333333
2016-12-14,40029.4,50822.97,46171.52208333334
2016-12-15,41827.31,52458.29,47844.840416666666
2016-12-16,41173.21,49621.3,46261.287916666675
2016-12-17,36163.26,45485.37,40854.982500000006
2016-12-18,37680.23,49329.6,42964.28375
2016-12-19,42441.62,52126.52,48068.88166666666
2016-12-20,42232.71,49926.08,45825.50916666666
2016-12-21,38746.59,46931.61,43386.29083333333
2016-12-22,36238.67,44892.22,41262.95458333333
2016-12-23,35097.700000000004,43134.8,39601.945
2016-12-24,30677.34,36875.56,34356.53375
2016-12-25,29575.66,35378.840000000004,32938.559166666666
2016-12-26,27673.19,38146.83,32950.125
2016-12-27,31501.71,42864.57,38072.440833333334
2016-12-28,34436.41,42197.79,38834.65666666667
2016-12-29,32609.27,43363.07,38549.340416666666
2016-12-30,33720.31,41491.45,38063.86375
2016-12-31,32162.95,39112.49,35417.37291666667
2017-01-01,32088.82,38101.41,34346.36375
2017-01-02,30520.93,40217.83,35437.824583333335
2017-01-03,30964.49,44214.0,38875.66
2017-01-04,36633.21,49322.08,44082.43916666667
2017-01-05,39439.78,51106.86,46176.56333333333
2017-01-06,41977.96,51014.19,47378.51125
2017-01-07,42202.3,47250.9,44782.34833333333
2017-01-08,40131.48,47140.14,43098.43208333333
2017-01-09,39212.68,48255.43,44664.80791666667
2017-01-10,36279.12,44398.94,41550.3675
2017-01-11,35907.67,44785.12,40933.95291666667
2017-01-12,32901.28,46004.08,40782.17333333333
2017-01-13,37361.73,46306.94,43032.160416666666
2017-01-14,35614.47,42514.4,39266.95291666667
2017-01-15,34068.65,41647.92,37633.99166666667
2017-01-16,34218.38,43938.8,40101.9125
2017-01-17,32891.47,44040.58,39561.229166666664
2017-01-18,34206.31,43997.29,40207.980416666665
2017-01-19,34102.28,43449.61,39955.99208333333
2017-01-20,33331.590000000004,41909.5,38541.86166666667
2017-01-21,30773.12,36450.55,33960.457083333335
2017-01-22,28798.15,38110.78,33194.90416666667
2017-01-23,31262.24,43890.57,39043.93833333333
2017-01-24,33711.42,43228.41,39664.95166666667
2017-01-25,33678.03,43463.8,39702.22083333333
2017-01-26,35003.38,45762.15,41640.4075
2017-01-27,36046.82,45230.94,42124.77875
2017-01-28,35926.71,41385.76,38918.73333333333
2017-01-29,33108.28,42822.07,37813.512500000004
2017-01-30,36241.89,46457.09,42222.801666666666
2017-01-31,35201.51,44031.41,40683.237499999996
2017-02-01,34248.14,44276.6,40116.13125
2017-02-02,36411.53,46533.12,42410.865
2017-02-03,38116.29,46775.63,42968.53166666667
2017-02-04,36896.13,42672.82,40078.4775
2017-02-05,33253.3,38520.04,35850.878749999996
2017-02-06,33806.99,43190.57,39193.90875
2017-02-07,31600.68,41431.72,37860.111249999994
2017-02-08,33085.11,46079.97,40926.99166666667
2017-02-09,38038.29,47431.64,43834.53833333333
2017-02-10,35887.0,46182.42,41296.03791666666
2017-02-11,31520.09,36733.96,34354.02416666667
2017-02-12,28946.63,39242.86,33539.754166666666
2017-02-13,33549.36,43501.8,39262.05291666667
2017-02-14,33805.15,41732.91,38484.246250000004
2017-02-15,33708.62,43811.07,39737.82958333333
2017-02-16,35443.44,43809.0,39749.33833333334
2017-02-17,33189.45,40888.42,36932.28625
2017-02-18,29766.92,35207.71,32630.810416666664
2017-02-19,28211.85,35641.12,31469.97875
2017-02-20,29736.08,39931.99,35888.129583333335
2017-02-21,29897.68,39639.56,36070.263333333336
2017-02-22,30169.44,39547.32,35973.012500000004
2017-02-23,29866.06,39452.05,35825.238333333335
2017-02-24,30258.98,39156.85,36161.270833333336
2017-02-25,31377.01,40120.47,36364.861249999994
2017-02-26,33466.69,38967.13,35543.40583333333
2017-02-27,32073.64,41140.34,37427.385
2017-02-28,31308.6,40202.75,37068.88874999999
2017-03-01,30023.82,42450.46,37190.8375
2017-03-02,34309.55,43137.78,39613.18958333333
2017-03-03,35575.48,43630.69,39913.54625
2017-03-04,34121.66,38316.62,35939.64375
2017-03-05,31246.39,37328.72,33683.21916666667
2017-03-06,30222.04,40534.49,36722.24041666667
2017-03-07,30051.7,40021.74,36244.49166666667
2017-03-08,32335.8,40092.4,36655.39375
2017-03-09,31512.67,39676.47,36563.322916666664
2017-03-10,32288.19,41635.15,38155.59791666667
2017-03-11,34136.31,39870.98,37117.78625
2017-03-12,33722.090000000004,39502.48,35906.605416666665
2017-03-13,33843.16,44789.51,41141.97291666667
2017-03-14,36615.72,45548.91,42225.974583333336
2017-03-15,38307.48,46976.43,42152.53625
2017-03-16,35915.75,45679.54,40394.29041666666
2017-03-17,33241.28,42643.76,38530.24166666667
2017-03-18,31211.71,37564.19,34823.557916666665
2017-03-19,31056.84,36137.62,33330.010833333334
2017-03-20,31047.67,40576.24,37024.65625
2017-03-21,30861.59,39658.02,36631.025
2017-03-22,33290.41,42748.83,38596.58875
2017-03-23,33735.96,42802.34,38660.70458333333
2017-03-24,30971.31,39098.06,35822.06166666667
2017-03-25,28214.28,35003.28,32402.680833333332
2017-03-26,27571.62,35078.54,31475.257499999996
2017-03-27,28887.53,39115.11,35644.278333333335
2017-03-28,30121.67,39194.44,35902.76833333333
2017-03-29,30822.27,39370.18,36354.68041666667
2017-03-30,30672.26,40266.85,36933.95875
2017-03-31,30824.59,39988.21,36505.25791666666
2017-04-01,30152.05,35337.93,32603.97875
2017-04-02,28462.59,34419.22,31199.512083333335
2017-04-03,28476.01,38834.12,35428.25875
2017-04-04,30003.11,38645.04,35570.18583333333
2017-04-05,30289.53,39568.03,36595.55416666667
2017-04-06,31928.76,41126.5,37737.4275
2017-04-07,32322.19,40677.13,36440.611666666664
2017-04-08,29216.31,34854.72,32452.840833333335
2017-04-09,27051.16,35341.61,30973.068749999995
2017-04-10,28393.84,39248.33,35710.292916666665
2017-04-11,29387.68,38573.55,35371.1275
2017-04-12,30027.49,38240.06,35414.84166666667
2017-04-13,29655.34,38701.55,35789.925
2017-04-14,28576.68,36056.29,33405.74041666667
2017-04-15,27038.49,35451.51,31985.717916666665
2017-04-16,26551.7,33235.48,30159.99166666667
2017-04-17,27060.46,37972.87,34358.034999999996
2017-04-18,29022.65,39059.59,35727.454999999994
2017-04-19,29486.08,41223.86,37114.65125
2017-04-20,30267.26,41268.86,37150.64041666667
2017-04-21,29435.09,37900.0,34713.41166666667
2017-04-22,28799.35,34756.06,31977.707916666666
2017-04-23,27801.31,34456.64,30843.621666666662
2017-04-24,28391.2,38438.67,35248.21791666667
2017-04-25,28955.31,39429.07,35933.65541666667
2017-04-26,29379.98,41005.82,36760.25
2017-04-27,29620.97,38884.53,35429.090416666666
2017-04-28,29274.74,38160.97,34778.34208333333
2017-04-29,28112.21,34818.590000000004,32287.41041666667
2017-04-30,27385.56,35508.42,31919.806249999998
2017-05-01,28991.08,39074.06,35758.3375
2017-05-02,30634.42,38990.96,36170.32791666667
2017-05-03,30416.38,38872.73,36124.550833333335
2017-05-04,30880.32,40092.25,36881.85208333334
2017-05-05,31316.14,39479.48,35888.72583333334
2017-05-06,29438.1,34078.81,31941.683333333334
2017-05-07,28108.19,34702.020000000004,31121.271666666667
2017-05-08,29250.22,38834.21,35922.732083333336
2017-05-09,30272.98,40276.82,37094.75875
2017-05-10,30386.44,42035.18,37757.68958333333
2017-05-11,30538.41,40043.04,36587.29708333334
2017-05-12,29610.39,38573.78,35264.55625
2017-05-13,27956.69,35361.67,32466.37125
2017-05-14,26849.84,36569.61,31939.68291666666
2017-05-15,28625.69,44283.87,38127.99875
2017-05-16,30539.94,47433.4,40528.73166666667
2017-05-17,32654.9,48082.72,42077.06333333333
2017-05-18,33366.06,49917.18,42822.4975
2017-05-19,31446.84,41467.16,37319.207916666666
2017-05-20,28625.52,36498.3,33396.918333333335
2017-05-21,27709.62,35724.41,32150.625416666666
2017-05-22,28285.53,39590.95,35782.305
2017-05-23,29476.2,40165.62,36304.575833333336
2017-05-24,29530.58,39208.93,35763.800833333335
2017-05-25,29674.31,39400.45,36075.74041666667
2017-05-26,29498.13,40436.42,36210.61708333334
2017-05-27,28497.25,37346.05,33525.03208333333
2017-05-28,27024.02,36153.24,31908.533750000002
2017-05-29,26475.45,37633.89,32610.274583333336
2017-05-30,28078.45,42406.61,37069.6425
2017-05-31,29686.33,43327.31,37840.32875
2017-06-01,29951.41,43579.01,38057.60166666667
2017-06-02,30330.96,46685.99,39591.40875
2017-06-03,29893.34,45059.01,37946.04
2017-06-04,29745.5,46540.62,38654.97416666667
2017-06-05,32060.23,48757.59,41644.043750000004
2017-06-06,31056.13,44107.37,38826.11666666667
2017-06-07,30127.2,43771.47,38280.94875
2017-06-08,30282.19,45856.44,39291.91583333333
2017-06-09,30928.23,48186.26,40529.79625
2017-06-10,30415.42,49077.51,40035.67916666667
2017-06-11,30719.61,53445.26,42826.19541666667
2017-06-12,35677.43,62771.67,50859.837916666664
2017-06-13,38619.28,59932.64,50443.725
2017-06-14,36638.9,58481.46,48445.53125
2017-06-15,35434.11,57268.7,47309.527500000004
2017-06-16,35679.48,56595.35,46803.51708333334
2017-06-17,34040.46,51663.61,43346.06916666667
2017-06-18,33034.43,45155.96,39392.88291666666
2017-06-19,31505.76,48500.55,41279.18
2017-06-20,31494.59,48394.48,41159.83666666667
2017-06-21,32324.39,51950.26,43517.08166666667
2017-06-22,34719.47,53849.51,45656.065
2017-06-23,35770.42,49623.23,43428.692083333335
2017-06-24,30758.54,41109.93,36294.60833333333
2017-06-25,27529.52,38276.45,33287.5425
2017-06-26,29073.02,42465.39,36965.871250000004
2017-06-27,29677.7,43592.8,37922.09416666667
2017-06-28,30711.97,46535.41,39975.00041666667
2017-06-29,32980.71,53600.94,44721.17791666667
2017-06-30,35354.14,51834.47,44156.29791666666
2017-07-01,31569.26,47521.22,39651.30541666667
2017-07-02,28838.05,47074.45,38354.615
2017-07-03,30803.17,50589.86,41078.144583333335
2017-07-04,29706.52,47327.17,38911.83875
2017-07-05,31531.11,54121.08,44213.70916666667
2017-07-06,34060.16,57934.96,47039.65666666667
2017-07-07,35751.69,57520.77,46778.17208333333
2017-07-08,31680.59,46868.63,39511.857083333336
2017-07-09,29116.36,50045.61,39800.370416666665
2017-07-10,34529.71,55091.77,46053.04958333333
2017-07-11,36492.57,58126.81,48651.06041666667
2017-07-12,37575.39,58754.53,49519.162916666675
2017-07-13,39356.66,58569.41,49485.066249999996
2017-07-14,35968.55,52579.4,44870.63999999999
2017-07-15,31771.58,49180.13,40314.630833333336
2017-07-16,30766.31,49331.39,40112.8375
2017-07-17,32818.14,55319.46,45170.47625000001
2017-07-18,34727.88,61149.32,48737.465416666666
2017-07-19,37702.09,63784.92,51679.80125
2017-07-20,39060.11,63689.79,52289.919583333336
2017-07-21,40292.41,62686.49,52229.168333333335
2017-07-22,38812.04,56538.21,47550.22291666667
2017-07-23,34952.85,53511.32,44014.94208333333
2017-07-24,34671.21,52696.63,44705.63291666666
2017-07-25,33604.91,54228.13,44838.07875000001
2017-07-26,35092.57,57213.85,47361.59375
2017-07-27,37715.07,56010.23,47601.37791666667
2017-07-28,35519.06,52279.43,44333.189999999995
2017-07-29,31356.38,45946.1,38588.505
2017-07-30,29253.96,49527.82,39136.510833333334
2017-07-31,32777.85,57579.5,46200.699583333335
2017-08-01,35209.24,57427.88,47213.40708333333
2017-08-02,35349.42,57679.84,47332.02291666666
2017-08-03,35006.840000000004,55624.43,45975.90208333333
2017-08-04,32544.11,43451.48,39030.208333333336
2017-08-05,28844.67,39584.87,34759.809166666666
2017-08-06,28654.34,38668.01,34027.68958333333
2017-08-07,30663.55,47419.73,40419.38458333333
2017-08-08,31683.51,50673.18,41905.723333333335
2017-08-09,32199.59,52384.76,43053.52625
2017-08-10,33108.93,54308.14,44536.700833333336
2017-08-11,34380.31,50265.73,42932.18625
2017-08-12,30965.05,43285.96,37253.27208333334
2017-08-13,28616.8,44469.52,36542.287083333336
2017-08-14,32049.79,52214.18,43563.1475
2017-08-15,34336.37,56295.78,46084.06625
2017-08-16,34946.55,57096.04,46851.817500000005
2017-08-17,36738.98,55429.52,47087.923749999994
2017-08-18,35226.55,51461.07,43961.07916666666
2017-08-19,32398.72,50843.94,41477.94375
2017-08-20,31206.38,52598.65,42020.949583333335
2017-08-21,35906.79,58377.86,48759.722083333334
2017-08-22,36210.03,51778.26,45219.87583333333
2017-08-23,31938.9,46613.63,40193.06291666667
2017-08-24,30921.73,44184.26,38741.92958333334
2017-08-25,30764.35,43732.71,38101.24791666667
2017-08-26,29108.23,40662.49,35181.557916666665
2017-08-27,28281.4,41704.79,35207.348333333335
2017-08-28,31363.64,46998.37,40579.93916666667
2017-08-29,32182.89,47499.88,41040.951250000006
2017-08-30,32149.6,50202.47,42172.51875
2017-08-31,32510.69,45916.07,40112.55625
2017-09-01,30866.47,39911.47,36193.504166666666
2017-09-02,27604.42,35527.85,31956.58583333333
2017-09-03,26984.25,40090.68,33431.957916666666
2017-09-04,27888.84,45295.04,36600.75916666666
2017-09-05,30275.94,42275.73,37491.24208333334
2017-09-06,29308.52,39666.53,35876.28333333333
2017-09-07,29240.29,39479.5,35964.14708333334
2017-09-08,29557.45,40543.22,36413.97375
2017-09-09,28706.17,37389.7,33540.277083333334
2017-09-10,27106.57,37015.95,32143.787499999995
2017-09-11,28190.97,41371.24,36596.26875
2017-09-12,29923.7,42098.87,37509.25375
2017-09-13,30424.64,42317.21,38107.677083333336
2017-09-14,30530.28,46752.06,39934.870416666665
2017-09-15,31593.35,50061.33,41516.253749999996
2017-09-16,31016.96,48577.23,39692.76375
2017-09-17,30684.12,46570.62,38797.92375
2017-09-18,32078.86,48267.55,41601.441249999996
2017-09-19,32378.59,48776.02,41796.68791666667
2017-09-20,33194.08,57480.91,46194.03333333333
2017-09-21,35880.21,60091.8,48776.35833333334
2017-09-22,35765.770000000004,61936.45,49141.26458333334
2017-09-23,34195.82,57709.47,45407.57250000001
2017-09-24,32095.73,55798.74,43416.89708333334
2017-09-25,33924.3,59967.64,47529.92041666666
2017-09-26,34867.32,59061.2,47451.08041666667
2017-09-27,33117.19,46423.2,41057.0725
2017-09-28,30142.86,41288.46,37134.64083333334
2017-09-29,29714.84,40384.56,36170.82958333333
2017-09-30,27870.46,35284.41,32190.2975
2017-10-01,26765.32,36802.05,31433.18625
2017-10-02,28724.81,44096.09,38112.245
2017-10-03,31065.01,45894.35,40140.01291666667
2017-10-04,32837.47,45028.9,40427.97041666667
2017-10-05,31222.12,43155.2,38774.73499999999
2017-10-06,31223.3,42346.95,38155.168750000004
2017-10-07,30102.6,40638.75,35984.2725
2017-10-08,27721.13,38593.14,33339.21958333333
2017-10-09,29834.67,45520.38,39140.85875
2017-10-10,30910.03,41883.67,37826.74875
2017-10-11,30181.3,39432.6,36161.525416666664
2017-10-12,29785.06,39325.09,36051.24333333333
2017-10-13,29683.18,39367.5,36113.42333333333
2017-10-14,28830.79,39030.31,34611.08666666667
2017-10-15,29081.18,35150.520000000004,32022.133749999997
2017-10-16,28265.93,39041.92,35338.7475
2017-10-17,29792.81,39254.03,36004.01291666667
2017-10-18,29511.11,39157.47,35794.06125
2017-10-19,29391.44,39688.44,36067.68083333334
2017-10-20,29328.38,39674.66,35785.17625
2017-10-21,28357.57,36550.29,32909.82166666666
2017-10-22,27140.07,36803.93,32010.383749999997
2017-10-23,28677.98,39831.7,36047.24333333334
2017-10-24,29691.38,40761.58,36545.293750000004
2017-10-25,31046.9,40132.44,36880.231250000004
2017-10-26,31718.11,40404.31,36946.09875
2017-10-27,30538.59,40071.81,36840.88708333333
2017-10-28,30968.75,38149.03,35105.121666666666
2017-10-29,30557.93,37896.64,34069.53958333333
2017-10-30,31652.77,42174.85,38463.16458333333
2017-10-31,33002.39,42753.3,38867.061250000006
2017-11-01,33094.340000000004,42132.07,38879.15666666667
2017-11-02,31126.19,40397.15,37018.57625
2017-11-03,30345.9,39224.95,35930.09416666667
2017-11-04,29679.57,36050.22,33383.21916666667
2017-11-05,27203.77,36778.55,32041.810833333333
2017-11-06,29039.38,42032.95,36950.95333333333
2017-11-07,32091.25,42355.3,38128.940833333334
2017-11-08,32988.11,41983.23,38366.025416666664
2017-11-09,33977.61,42937.15,39453.97041666667
2017-11-10,35419.85,43651.37,40448.445
2017-11-11,34283.15,39955.76,37283.862916666665
2017-11-12,31032.55,39393.16,34984.39083333333
2017-11-13,32117.32,43103.56,38846.10625
2017-11-14,33958.26,42187.74,38919.01666666667
2017-11-15,32359.52,42163.92,38534.27208333334
2017-11-16,33605.72,43692.63,39826.674166666664
2017-11-17,34698.49,42769.5,39228.181666666664
2017-11-18,30597.59,39053.45,35035.900416666664
2017-11-19,31323.76,41029.6,35962.519583333335
2017-11-20,34428.23,43088.77,39529.4475
2017-11-21,33388.58,42693.15,39073.732083333336
2017-11-22,34968.32,43283.29,39873.61375
2017-11-23,30790.45,36682.77,33441.98
2017-11-24,29997.16,35432.47,32706.883749999997
2017-11-25,27714.6,36043.1,32137.931249999998
2017-11-26,30394.9,38262.75,33783.07833333334
2017-11-27,31716.22,42005.5,37873.019166666665
2017-11-28,31701.67,41348.21,37405.74916666667
2017-11-29,31099.79,42351.22,37711.04833333333
2017-11-30,32210.28000000001,42015.31,38044.70875
2017-12-01,33891.79,42630.94,38506.65041666667
2017-12-02,32214.23,37873.85,35082.26708333333
2017-12-03,30842.87,38504.85,34091.80833333333
2017-12-04,30688.35,41989.58,37390.01625000001
2017-12-05,31051.71,45511.21,39465.198333333334
2017-12-06,35810.340000000004,45450.04,41259.10791666667
2017-12-07,35890.73,47906.56,42901.45458333333
2017-12-08,38568.77,47319.68,42970.16208333333
2017-12-09,35987.6,43684.95,40008.144583333335
2017-12-10,35352.71,42791.79,38539.419583333336
2017-12-11,35225.06,46112.53,41699.01583333333
2017-12-12,35698.63,48626.88,43095.97041666667
2017-12-13,38637.74,47057.74,43678.67083333333
2017-12-14,36707.98,47882.91,43140.505833333336
2017-12-15,37637.06,46070.77,42833.90708333333
2017-12-16,35325.51,40906.24,38159.27916666667
2017-12-17,32441.99,41371.98,36647.51583333334
2017-12-18,32571.07,44594.87,39816.160833333335
2017-12-19,34093.25,43674.16,39680.87625
2017-12-20,33981.67,44791.39,40365.51791666667
2017-12-21,35501.28,43908.65,40570.137500000004
2017-12-22,32831.46,42176.56,38357.18583333333
2017-12-23,32161.66,40909.8,36835.19
2017-12-24,32758.86,40594.36,36971.813749999994
2017-12-25,34272.9,40184.22,37200.027500000004
2017-12-26,34860.8,48620.2,42287.35291666666
2017-12-27,41139.16,50919.75,46436.21958333333
2017-12-28,42006.89,49298.09,46064.03791666666
2017-12-29,38771.47,46724.58,43320.17875
2017-12-30,37248.34,47762.24,42500.86708333334
2017-12-31,40335.26,48059.84,43355.26125
2018-01-01,41849.51,49644.61,44991.201250000006
2018-01-02,43234.08,52919.6,48782.91541666668
2018-01-03,43484.34,51667.15,48063.50791666666
2018-01-04,43914.13,52923.57,48991.53250000001
2018-01-05,44280.11,51942.2,48782.69
2018-01-06,43887.94,48953.2,46240.93791666667
2018-01-07,39147.51,45638.44,42559.557916666665
2018-01-08,36459.72,46693.91,42542.87791666667
2018-01-09,36907.89,45901.65,42379.40541666667
2018-01-10,35842.65,43636.87,40538.08041666667
2018-01-11,32346.04,43007.53,38768.51833333333
2018-01-12,36380.12,49292.66,44465.19208333333
2018-01-13,40128.41,46263.68,43234.052083333336
2018-01-14,40218.92,46617.17,42920.47875
2018-01-15,39566.75,50782.39,45934.472083333334
2018-01-16,43321.84,52878.34,48904.23416666667
2018-01-17,43891.68,52216.78,47877.22791666666
2018-01-18,41981.44,50076.68,45560.26125
2018-01-19,38586.21,46959.79,42257.534583333334
2018-01-20,34781.75,39361.08,37154.168750000004
2018-01-21,31353.02,39213.88,34977.93583333333
2018-01-22,31458.03000000001,42719.79,38467.12416666667
2018-01-23,34103.37,46005.9,41407.46958333333
2018-01-24,36527.25,45984.79,42378.917083333334
2018-01-25,37391.19,45880.16,41460.34416666667
2018-01-26,35223.57,43339.98,39111.03
2018-01-27,31586.47,37994.95,35187.74875
2018-01-28,32602.76,39522.6,35564.95958333334
2018-01-29,34394.23,47361.26,42489.40625
2018-01-30,38935.28,47621.07,43654.53541666666
2018-01-31,37495.37,45127.71,41381.13791666667
2018-02-01,34726.340000000004,48245.94,42455.15208333333
2018-02-02,41225.58,49617.39,45115.815833333334
2018-02-03,37256.29,43461.32,40644.57208333333
2018-02-04,33929.67,44580.55,39189.23708333333
2018-02-05,39787.75,49700.91,45494.92291666666
2018-02-06,39373.0,48084.66,44596.025416666664
2018-02-07,39387.86,48108.59,44460.02625
2018-02-08,40219.34,48697.86,44331.08416666667
2018-02-09,37816.0,45273.9,41810.769583333335
2018-02-10,35565.43,43450.27,39972.799166666664
2018-02-11,35647.91,44359.14,39829.6975
2018-02-12,38153.38,47635.75,43400.75916666666
2018-02-13,39126.11,47115.91,42869.8975
2018-02-14,35778.450000000004,43073.39,39741.777083333334
2018-02-15,32515.83,41127.54,37875.70208333334
2018-02-16,32421.66,42983.99,39337.419583333336
2018-02-17,35592.4,41327.05,38727.1675
2018-02-18,34089.81,39765.05,36263.72833333333
2018-02-19,32503.47,41418.62,38052.043333333335
2018-02-20,31202.57,41119.74,37394.55416666667
2018-02-21,32811.44,44846.61,40211.32708333334
2018-02-22,35719.89,43768.73,40567.2125
2018-02-23,33853.05,41725.38,38623.23625
2018-02-24,32401.92,38501.59,35957.409583333334
2018-02-25,31080.28,38757.28,34470.89916666667
2018-02-26,33376.01,42380.62,38238.230833333335
2018-02-27,33662.57,41273.2,37559.94625
2018-02-28,31202.59,40061.18,36701.50916666666
2018-03-01,31330.95,41935.24,37971.68
2018-03-02,34167.57,42023.29,38220.31
2018-03-03,33391.58,37437.83,35229.72708333333
2018-03-04,31707.5,37824.72,34142.80875
2018-03-05,32547.46,43155.07,39326.76291666667
2018-03-06,34371.24,43411.25,39658.16916666667
2018-03-07,35274.06,44543.27,40844.880833333336
2018-03-08,36270.39,44674.51,41538.160833333335
2018-03-09,36657.75,43809.99,39915.552083333336
2018-03-10,33809.78,38200.11,35953.705
2018-03-11,32121.15,39773.59,35618.35291666666
2018-03-12,34284.68,44011.29,40480.20416666666
2018-03-13,35677.98,44216.6,40593.55458333334
2018-03-14,35889.01,45186.25,40124.96708333333
2018-03-15,34252.66,42365.15,38336.33791666667
2018-03-16,33700.520000000004,43004.46,38729.45416666667
2018-03-17,32829.57,38389.81,35507.41541666666
2018-03-18,31577.18,36514.11,33807.34625
2018-03-19,31822.98,41601.93,38021.79791666666
2018-03-20,34056.79,43374.76,39977.48541666666
2018-03-21,35305.76,43702.15,39628.8975
2018-03-22,35224.19,43937.91,39090.94625
2018-03-23,34027.69,42126.69,38159.96333333333
2018-03-24,32699.62,39274.85,36693.9425
2018-03-25,33136.57,37881.03,35307.17458333333
2018-03-26,33084.86,42243.83,38528.59875
2018-03-27,32055.24,40961.32,37732.88625
2018-03-28,32200.35,40535.1,37222.77458333333
2018-03-29,31470.05,40429.8,37213.745416666665
2018-03-30,31646.87,38330.76,34744.68833333333
2018-03-31,30650.92,36049.46,33683.42958333333
2018-04-01,30100.98,36905.06,33190.63791666667
2018-04-02,33266.38,42717.91,39008.0475
2018-04-03,33065.92,41106.27,38319.75416666667
2018-04-04,34259.840000000004,43781.79,40173.2025
2018-04-05,34793.13,43716.11,39147.45083333333
2018-04-06,33112.03,41000.17,38293.90666666667
2018-04-07,34416.93,39592.21,36568.15416666667
2018-04-08,33453.01,38385.8,35622.88791666667
2018-04-09,33462.89,42807.25,39025.40708333333
2018-04-10,33956.99,42222.42,38542.806666666664
2018-04-11,32369.99,41228.03,37098.72041666667
2018-04-12,30669.82,38728.43,36038.63041666667
2018-04-13,29780.29,39006.69,35709.239166666666
2018-04-14,29415.94,36181.03,33555.68041666667
2018-04-15,29562.01,37804.7,34126.5525
2018-04-16,32856.26,43654.62,39746.71166666667
2018-04-17,34534.43,42566.75,38712.05958333333
2018-04-18,33212.28,40925.49,37867.177083333336
2018-04-19,33248.49,41832.88,37615.97875
2018-04-20,31950.39,40888.97,36323.70916666667
2018-04-21,29984.63,35079.42,32687.977083333335
2018-04-22,28280.21,34653.26,31417.859166666665
2018-04-23,29253.75,38976.47,35699.68
2018-04-24,29913.75,38794.9,35786.8725
2018-04-25,30052.19,38308.16,35452.60333333333
2018-04-26,30539.15,38623.24,35595.556666666664
2018-04-27,29819.29,38132.76,34802.96583333333
2018-04-28,28647.44,34252.32,31875.88208333333
2018-04-29,29123.54,34461.74,31507.62375
2018-04-30,29544.97,38618.98,35763.192083333335
2018-05-01,29261.37,40646.55,36622.55125
2018-05-02,30303.49,44109.83,38982.01625
2018-05-03,32154.95,41198.68,37936.497083333335
2018-05-04,30451.8,40937.21,36662.4475
2018-05-05,28122.9,36430.71,32927.46333333333
2018-05-06,26932.62,36163.46,31985.727916666667
2018-05-07,28319.66,40358.75,36109.01583333333
2018-05-08,29410.96,42208.16,37193.769166666665
2018-05-09,29838.09,42933.9,37909.887500000004
2018-05-10,30567.88,43705.17,38449.73708333333
2018-05-11,30451.59,42815.93,38050.80125
2018-05-12,29812.11,38492.3,35021.465416666666
2018-05-13,28027.68,39802.29,34547.520833333336
2018-05-14,30379.88,48310.01,40904.028333333335
2018-05-15,32200.04,45348.52,40018.01916666667
2018-05-16,30946.47,46174.2,39699.81125
2018-05-17,31087.21,45819.21,39534.732500000006
2018-05-18,30905.09,41300.26,37154.38916666667
2018-05-19,29194.64,39362.0,35111.11083333333
2018-05-20,28177.97,39075.67,34095.34333333333
2018-05-21,29919.53,43440.63,38438.45958333334
2018-05-22,31211.27,45989.42,39914.63458333333
2018-05-23,31136.1,48077.21,40737.00833333333
2018-05-24,31725.84,51024.79,42389.191249999996
2018-05-25,32282.45,51858.12,43161.02166666667
2018-05-26,31244.94,49953.77,40583.137083333335
2018-05-27,30694.69,52810.54,42419.37458333333
2018-05-28,31823.53000000001,55445.12,44277.200000000004
2018-05-29,34804.520000000004,58457.26,47984.050416666665
2018-05-30,36148.22,54869.32,46857.138750000006
2018-05-31,35961.16,56311.15,47594.74583333333
2018-06-01,35061.9,54361.38,45165.912083333336
2018-06-02,31608.96,43231.36,37631.40666666667
2018-06-03,29545.68,40673.02,35307.137083333335
2018-06-04,29394.62,44033.24,38117.6725
2018-06-05,30681.72,45933.35,39176.35
2018-06-06,30427.53,46702.77,39621.75916666666
2018-06-07,31889.6,53647.66,43682.70416666667
2018-06-08,33519.85,52042.54,43583.697916666664
2018-06-09,32188.82,42413.84,38077.05333333334
2018-06-10,29368.8,41031.71,35813.89041666667
2018-06-11,31116.62,48822.84,41467.878333333334
2018-06-12,33361.41,50729.14,43296.23583333333
2018-06-13,34803.78,54220.21,45285.71291666667
2018-06-14,32577.0,53022.51,43324.91291666667
2018-06-15,33013.93,55213.55,45012.86208333333
2018-06-16,34180.82,54977.11,45179.00458333333
2018-06-17,34544.98,60177.79,48646.98833333334
2018-06-18,40947.44,65153.31000000001,54290.525
2018-06-19,39015.87,55291.02,47512.580416666664
2018-06-20,35056.85,51938.11,44361.57833333333
2018-06-21,34387.15,48125.93,42043.0875
2018-06-22,32382.25,44235.04,39181.09875
2018-06-23,30655.71,42612.89,37176.8325
2018-06-24,29921.94,45216.86,37994.18583333333
2018-06-25,31939.83,49487.32,41895.05958333333
2018-06-26,33154.74,47556.93,41572.21791666667
2018-06-27,33549.74,52576.47,44240.03416666666
2018-06-28,35115.01,60477.7,48137.875416666655
2018-06-29,36150.62,64868.79,51859.47625000001
2018-06-30,39762.79,63067.01,52273.954999999994
2018-07-01,37231.34,59542.84,49355.369166666664
2018-07-02,38189.89,61068.91,50431.26
2018-07-03,36444.2,62256.41,50332.61875
2018-07-04,36494.28,60415.45,49356.65125
2018-07-05,38931.92,63626.59,52162.348750000005
2018-07-06,35862.020000000004,51737.18,44118.70916666667
2018-07-07,30117.33,46033.94,37817.1275
2018-07-08,28806.08,52895.17,40390.699166666665
2018-07-09,34430.95,63148.38,50086.072916666664
2018-07-10,38540.12,62940.61,51486.16874999999
2018-07-11,36601.99,59993.08,48700.722499999996
2018-07-12,35586.83,58839.94,48148.118333333325
2018-07-13,36507.86,63276.04,50671.3775
2018-07-14,37433.81,55131.61,46610.10666666667
2018-07-15,35077.16,58310.76,47114.54958333333
2018-07-16,38976.84,63046.76,52198.0675
2018-07-17,37162.67,56617.78,47585.57666666667
2018-07-18,34375.8,54198.35,44890.87125
2018-07-19,34014.020000000004,55182.41,45578.97333333333
2018-07-20,36071.52,53941.2,45846.924999999996
2018-07-21,34005.41,44337.52,39777.835
2018-07-22,31689.71,43106.28,37671.07833333333
2018-07-23,32373.13,51792.17,43491.14083333333
2018-07-24,34787.94,57224.01,46891.15083333334
2018-07-25,35501.0,58163.96,47483.80125
2018-07-26,35564.1,53756.86,45242.34833333333
2018-07-27,32692.4,48670.14,41524.05666666667
2018-07-28,30766.46,44462.99,37930.13625
2018-07-29,29926.56,43102.02,36914.67791666667
2018-07-30,32029.92,48097.72,41679.8025
2018-07-31,33311.11,48173.24,41780.0225
2018-08-01,32931.520000000004,51922.78,43232.25541666666
2018-08-02,33607.47,55418.08,45162.138333333336
2018-08-03,34680.36,57768.99,46819.737916666665
2018-08-04,34323.44,58046.65,46402.36208333333
2018-08-05,35117.55,59428.45,47759.93125
2018-08-06,39276.2,60402.39,50700.027500000004
2018-08-07,37810.19,54930.56,47322.25541666666
2018-08-08,36598.16,57484.43,47876.32958333333
2018-08-09,35633.700000000004,59007.3,48084.335
2018-08-10,36347.27,58560.71,47581.76416666667
2018-08-11,33769.96,53652.96,43634.348333333335
2018-08-12,32304.57,53988.17,43061.18666666667
2018-08-13,34834.73,60382.47,48537.47166666666
2018-08-14,36088.54,60052.43,48979.23374999999
2018-08-15,37279.12,56156.66,47851.57166666668
2018-08-16,37053.16,56193.28,47927.69999999999
2018-08-17,37954.69,53853.44,46665.22125
2018-08-18,34216.74,51532.7,42854.455416666664
2018-08-19,32127.38,51784.26,41903.47625
2018-08-20,35259.87,53091.51,45498.474583333336
2018-08-21,35663.57,50673.56,43948.287916666675
2018-08-22,33091.020000000004,47188.62,40789.826250000006
2018-08-23,31569.27,48814.13,41049.19291666667
2018-08-24,32354.16,44024.82,39389.44041666667
2018-08-25,31994.82,48609.43,40813.0375
2018-08-26,34139.68,57752.76,45804.222499999996
2018-08-27,38564.94,64587.77,52743.21583333333
2018-08-28,41060.49,64288.98,52974.41041666667
2018-08-29,38165.59,51937.08,45890.76416666666
2018-08-30,34150.94,49400.92,42588.72708333333
2018-08-31,33150.090000000004,52988.05,43619.582083333335
2018-09-01,33698.61,50548.56,42467.77208333334
2018-09-02,33334.78,54459.91,43791.840000000004
2018-09-03,34697.85,54338.41,45005.81416666667
2018-09-04,36307.51,64871.49,51801.17208333334
2018-09-05,39490.78,63020.61,52062.20874999999
2018-09-06,37843.22,51492.89,45209.57166666666
2018-09-07,34630.25,46298.53,41058.427083333336
2018-09-08,30902.43,37641.05,34934.58083333333
2018-09-09,28045.56,36815.57,32505.190416666668
2018-09-10,29326.77,42164.68,37568.817916666674
2018-09-11,31081.5,46031.4,39663.267916666664
2018-09-12,31754.31,47167.29,40476.317500000005
2018-09-13,32376.65,50429.49,42341.96083333333
2018-09-14,33358.83,54985.15,44657.29
2018-09-15,33189.96,53544.93,43060.4575
2018-09-16,31848.56,54423.09,42881.48375000001
2018-09-17,34942.5,61212.05,48588.87666666667
2018-09-18,35929.19,57150.24,47161.99833333333
2018-09-19,35287.69,53885.31,45421.91166666666
2018-09-20,35136.19,56507.8,47067.11625
2018-09-21,33895.73,50488.36,43892.54958333333
2018-09-22,29804.77,35751.72,33334.74833333333
2018-09-23,27276.66,38647.78,32857.481250000004
2018-09-24,29888.32,43149.39,38381.15708333333
2018-09-25,32875.04,47610.61,41796.302083333336
2018-09-26,32463.77,41422.59,37932.574583333335
2018-09-27,30260.08,39563.7,36379.58708333334
2018-09-28,29998.94,39708.24,35923.85291666666
2018-09-29,28494.02,35310.6,32442.155
2018-09-30,27282.23,38755.3,33068.880833333336
2018-10-01,29243.38,43976.48,38434.002916666665
2018-10-02,31858.64,45292.09,40101.69625
2018-10-03,31863.53000000001,49682.72,42355.652083333334
2018-10-04,32859.64,42563.52,39470.57375
2018-10-05,30286.08,43147.93,38317.26624999999
2018-10-06,30900.49,41422.08,36744.565
2018-10-07,28499.67,40487.68,34921.152916666666
2018-10-08,30786.39,49740.76,41713.00208333333
2018-10-09,33623.85,51746.64,43869.07458333333
2018-10-10,33918.06,45290.05,40602.36833333333
2018-10-11,30575.2,38884.14,35961.933750000004
2018-10-12,30329.81,39150.3,36085.99833333333
2018-10-13,29974.99,35494.38,33005.16166666667
2018-10-14,28278.07,35683.57,31869.059583333335
2018-10-15,29169.28,40326.21,36469.198333333334
2018-10-16,32275.01,40870.36,37212.02125
2018-10-17,31635.03000000001,40067.17,36983.965
2018-10-18,32185.65,40966.1,37044.371250000004
2018-10-19,31660.77,39793.01,36631.16291666666
2018-10-20,29734.32,35665.6,33203.784166666665
2018-10-21,30215.32,36813.39,33357.77416666667
2018-10-22,31283.28,40720.09,36845.597499999996
2018-10-23,30858.81,39943.51,36597.36666666667
2018-10-24,32060.8,41009.78,37212.895416666666
2018-10-25,32191.56,40790.77,37442.01291666667
2018-10-26,31288.66,39833.23,36585.4275
2018-10-27,30100.41,36126.97,33461.925833333335
2018-10-28,28885.94,36285.26,32562.935
2018-10-29,30066.26,40310.62,36493.555
2018-10-30,31294.91,39779.12,36660.955416666664
2018-10-31,29954.75,39036.02,35847.6475
2018-11-01,30446.99,40987.11,37269.82791666667
2018-11-02,31924.42,40476.89,37008.15875
2018-11-03,30896.78,36302.06,33946.85041666666
2018-11-04,28966.15,37214.9,32914.582916666666
2018-11-05,29694.01,40971.75,36664.61958333334
2018-11-06,30909.84,40441.12,36825.425416666665
2018-11-07,31996.73,41980.26,38047.76
2018-11-08,33291.46,43107.73,39320.21541666667
2018-11-09,33825.21,43756.91,40022.136666666665
2018-11-10,35759.68,41341.93,38686.79708333334
2018-11-11,34025.840000000004,40150.96,36636.738333333335
2018-11-12,33555.35,45239.89,40534.41125
2018-11-13,36164.43,46684.56,42512.76791666667
2018-11-14,38402.58,46622.59,43320.46083333334
2018-11-15,37079.77,45699.03,42324.0275
2018-11-16,36479.79,43767.02,40748.46916666667
2018-11-17,33904.65,39859.97,37159.112916666665
2018-11-18,32196.62,40619.08,36187.3725
2018-11-19,33650.44,44408.51,40320.28416666667
2018-11-20,34949.4,45122.41,41184.49958333333
2018-11-21,36350.51,43871.78,40488.237499999996
2018-11-22,32488.26,37830.64,34603.996250000004
2018-11-23,30709.35,37658.98,34407.729583333334
2018-11-24,29570.15,36634.52,33468.41958333333
2018-11-25,29741.92,39330.42,34297.45958333334
2018-11-26,33205.85,47673.68,41853.465
2018-11-27,37785.92,48834.82,44205.135
2018-11-28,39408.67,47759.54,44288.72166666666
2018-11-29,37169.1,44960.62,41849.84208333333
2018-11-30,34229.92,42593.95,39507.068333333336
2018-12-01,32741.3,39441.13,36486.345
2018-12-02,30322.36,40763.13,35325.805
2018-12-03,33245.99,46374.74,41050.09833333333
2018-12-04,35947.82,46792.24,42343.05458333334
2018-12-05,36977.64,46725.0,42809.793750000004
2018-12-06,37010.84,47340.7,43060.545000000006
2018-12-07,38206.54,46805.66,43330.402916666666
2018-12-08,37843.23,44376.19,41300.99458333333
2018-12-09,36893.54,44103.93,39939.770833333336
2018-12-10,37821.3,47964.03,43944.56166666667
2018-12-11,39046.74,47051.44,43101.67875
2018-12-12,35873.340000000004,44857.66,41275.71833333333
2018-12-13,35236.58,44503.96,40748.86583333333
2018-12-14,33761.98,43221.85,39671.45583333333
2018-12-15,33418.06,40820.0,37604.44541666666
2018-12-16,32727.4,40503.59,36146.9775
2018-12-17,34219.46,44931.33,40598.60666666667
2018-12-18,36429.16,45214.83,41331.175833333335
2018-12-19,36042.63,44452.94,40861.28208333333
2018-12-20,33864.35,44006.1,39985.58625
2018-12-21,34177.45,44457.24,40615.65583333333
2018-12-22,34560.73,40280.53,37708.745416666665
2018-12-23,32687.05,40133.78,36541.115
2018-12-24,32745.47,37763.73,35405.45416666666
2018-12-25,30197.78,34912.11,32780.50041666667
2018-12-26,30516.74,41381.35,36864.691249999996
2018-12-27,32454.06,41176.58,37710.605416666665
2018-12-28,30775.17,42169.74,37343.24041666667
2018-12-29,33780.5,41480.71,37721.8225
2018-12-30,33665.25,40278.62,36556.520833333336
2018-12-31,31359.67,39158.91,35715.82583333333
2019-01-01,30476.17,40266.81,35060.344999999994
2019-01-02,32955.020000000004,46115.39,40795.13
2019-01-03,36172.46,43959.62,40761.93125
2019-01-04,35607.22,43186.14,39809.52125
2019-01-05,33830.61,38246.05,35960.56916666666
2019-01-06,31460.64,39296.94,35011.8075
2019-01-07,32272.29,42009.11,38493.4675
2019-01-08,32003.84,42900.13,38462.97458333333
2019-01-09,35594.72,47375.42,42734.573333333334
2019-01-10,38469.1,47228.46,43574.45875
2019-01-11,38082.6,46218.72,42753.21375
2019-01-12,35299.96,42778.23,39306.378333333334
2019-01-13,34361.82,43304.06,38486.387083333335
2019-01-14,36707.57,46059.03,42498.981250000004
2019-01-15,36893.38,46622.04,42900.47875
2019-01-16,36278.29,45450.05,41839.32541666667
2019-01-17,36428.89,44752.3,41755.75083333333
2019-01-18,35757.270000000004,44631.52,41373.32375
2019-01-19,35284.950000000004,44925.21,40368.737916666665
2019-01-20,38195.41,46607.21,42046.57791666667
2019-01-21,41284.64,50423.31,46646.989583333336
2019-01-22,39580.78,48160.87,44842.7925
2019-01-23,35808.16,46719.27,42339.260833333334
2019-01-24,38813.73,48486.2,44753.18458333334
2019-01-25,42033.94,50497.79,46319.67250000001
2019-01-26,39285.12,44553.4,41963.15833333333
2019-01-27,36701.93,45595.58,40785.2775
2019-01-28,38637.78,48545.77,44261.68291666667
2019-01-29,41664.17,51883.86,47597.42833333334
2019-01-30,45797.85,54670.78,50802.215
2019-01-31,45794.04,52866.04,49763.9075
2019-02-01,41490.14,48848.57,44782.36749999999
2019-02-02,35265.5,41848.47,38935.86916666667
2019-02-03,32030.01,37105.14,34546.72541666667
2019-02-04,31109.34,41687.89,37701.6475
2019-02-05,34011.32,44970.81,40942.705
2019-02-06,34978.44,43959.03,40569.9625
2019-02-07,34547.270000000004,45722.41,41384.081249999996
2019-02-08,40123.64,49060.89,45528.97625
2019-02-09,39869.04,44824.71,42210.87666666667
2019-02-10,36992.67,43570.71,40091.78291666667
2019-02-11,35781.87,45718.52,42146.16625
2019-02-12,35978.22,47020.31,42329.332916666666
2019-02-13,38818.78,46496.7,42883.1775
2019-02-14,36639.97,43897.16,40235.159583333334
2019-02-15,35408.99,46103.14,42414.24833333333
2019-02-16,37825.67,42512.15,40148.1075
2019-02-17,35459.76,43110.9,39137.401666666665
2019-02-18,36693.22,46833.58,42929.394583333335
2019-02-19,39231.02,47370.72,43487.71583333333
2019-02-20,37805.84,45344.6,42478.41125
2019-02-21,36440.81,44465.45,40979.06291666667
2019-02-22,36365.86,44469.39,40662.34
2019-02-23,33923.07,39318.45,36787.386666666665
2019-02-24,31312.28,42500.69,36715.58625
2019-02-25,37877.71,46820.78,42857.96041666667
2019-02-26,38079.94,46073.12,42258.77166666667
2019-02-27,36774.18,45593.41,41881.76708333333
2019-02-28,38283.48,46180.24,43220.74041666667
2019-03-01,37608.59,45005.54,41156.93958333333
2019-03-02,34507.01,40863.2,37985.52125
2019-03-03,34588.26,45068.52,39441.02583333333
2019-03-04,40694.81,50540.48,46714.28083333332
2019-03-05,43105.98,50271.46,46996.46458333333
2019-03-06,41690.0,48795.1,45092.78125
2019-03-07,38944.66,46072.94,43190.30333333333
2019-03-08,37772.03,45168.31,41156.63291666666
2019-03-09,34531.590000000004,39910.27,37474.59291666667
2019-03-10,32145.22,39768.89,36031.449166666665
2019-03-11,34145.520000000004,43703.94,39478.84458333333
2019-03-12,35303.68,44498.58,39729.69291666667
2019-03-13,33347.37,41627.4,38044.47583333333
2019-03-14,31513.02,39843.34,36954.58541666666
2019-03-15,32418.18,42598.61,38814.63291666666
2019-03-16,33906.35,38868.62,36012.11583333334
2019-03-17,32593.92,37699.48,34997.95208333333
2019-03-18,33745.8,43539.94,38796.95250000001
2019-03-19,34849.37,43694.2,38675.31541666667
2019-03-20,33436.090000000004,41636.64,38567.1675
2019-03-21,32868.41,41592.5,38276.723750000005
2019-03-22,33738.74,41869.77,37404.16166666667
2019-03-23,31248.78,37404.75,34147.37291666667
2019-03-24,29644.32,35619.9,32707.118333333332
2019-03-25,30783.41,40844.04,37142.805
2019-03-26,33859.58,42449.65,37983.06166666667
2019-03-27,32997.7,42174.68,37339.56416666667
2019-03-28,31495.23,39064.97,35804.8325
2019-03-29,30016.39,38401.99,34972.56291666667
2019-03-30,29288.7,37309.58,34061.43958333333
2019-03-31,32202.69,37988.07,35085.19125
2019-04-01,34059.76,43003.36,38470.042916666665
2019-04-02,33069.21,41551.56,37159.027916666666
2019-04-03,31995.36,39953.08,36296.300833333335
2019-04-04,31242.65,39837.09,36744.495833333334
2019-04-05,31349.12,39471.75,35699.692916666674
2019-04-06,28980.89,33935.090000000004,31794.70875
2019-04-07,26994.93,34530.45,30990.03958333333
2019-04-08,28344.73,38279.73,35189.598333333335
2019-04-09,29255.56,37667.66,35020.871666666666
2019-04-10,29910.6,38781.95,35835.38291666667
2019-04-11,31062.98,39600.74,36570.8825
2019-04-12,30082.92,38544.88,34983.027083333334
2019-04-13,29392.49,34718.89,32227.139583333334
2019-04-14,28732.04,37327.33,33785.620833333334
2019-04-15,32508.22,41326.53,36894.68625
2019-04-16,31145.44,38907.19,36247.378333333334
2019-04-17,29834.16,38601.67,35801.11791666666
2019-04-18,30149.56,38939.3,35736.37625
2019-04-19,29825.15,37570.14,34426.79666666667
2019-04-20,29778.21,34757.44,32364.003750000003
2019-04-21,27999.43,32896.16,30165.825833333332
2019-04-22,27515.4,38692.62,35140.300833333335
2019-04-23,29509.06,38543.28,35333.36791666666
2019-04-24,29742.67,37996.01,35224.99916666667
2019-04-25,29639.19,38473.78,35509.71125
2019-04-26,29758.66,37904.29,34531.4375
2019-04-27,28806.4,34271.21,32225.649999999998
2019-04-28,28277.33,34187.8,31182.672916666663
2019-04-29,29357.82,39608.0,36027.18916666667
2019-04-30,29952.65,38935.66,36137.475
2019-05-01,30264.95,38953.54,35900.42250000001
2019-05-02,29619.9,39051.71,35741.25958333333
2019-05-03,29797.66,38136.69,34844.239583333336
2019-05-04,28529.08,33566.28,31398.127083333336
2019-05-05,27260.07,34374.2,30670.974583333333
2019-05-06,28060.62,38779.86,35277.91291666667
2019-05-07,29438.34,38941.28,35695.99166666667
2019-05-08,29670.4,39761.31,36364.19458333334
2019-05-09,30453.68,40029.08,36379.44416666666
2019-05-10,29514.37,38056.44,34374.2175
2019-05-11,28737.25,33613.22,31731.02291666667
2019-05-12,27640.81,33873.270000000004,30934.365416666667
2019-05-13,29273.43,38444.7,35164.85916666667
2019-05-14,30294.82,37752.35,35316.89125
2019-05-15,29195.49,38973.13,35739.95583333333
2019-05-16,29598.22,42064.8,37455.3725
2019-05-17,30902.46,41977.03,37706.87583333333
2019-05-18,29236.46,39488.56,34997.58583333334
2019-05-19,28158.84,36863.91,33040.768749999996
2019-05-20,28575.12,38890.3,35334.25291666667
2019-05-21,29778.96,38573.86,35684.587916666664
2019-05-22,30040.29,41408.65,37292.19416666666
2019-05-23,31466.77,43632.59,38922.56541666667
2019-05-24,30619.91,44422.7,38896.84333333333
2019-05-25,30117.35,42777.43,36868.23708333333
2019-05-26,28971.65,38368.63,34040.82125
2019-05-27,27342.44,40410.36,34464.13708333333
2019-05-28,30674.44,47557.69,40747.43875
2019-05-29,32074.51,45089.34,39460.127916666665
2019-05-30,31231.16,43901.95,38776.60375
2019-05-31,30825.56,45429.23,39191.58
2019-06-01,30223.24,41826.78,36314.512083333335
2019-06-02,28198.33,38239.57,33491.53125
2019-06-03,28736.08,41411.42,36593.07666666667
2019-06-04,29737.41,44620.93,38605.67833333334
2019-06-05,32014.25,50416.49,41937.15708333333
2019-06-06,32082.06,48456.5,41368.870416666665
2019-06-07,32515.3,48243.18,41172.699583333335
2019-06-08,30010.06,41438.15,36183.435
2019-06-09,29204.83,41882.03,35902.958333333336
2019-06-10,31650.36,42324.18,38252.24125
2019-06-11,29656.4,44187.49,37950.71333333333
2019-06-12,30271.81,41766.0,36990.40333333333
2019-06-13,29878.99,39418.9,35872.17458333333
2019-06-14,29296.85,39609.64,35637.51416666667
2019-06-15,28928.63,37303.77,33879.47125
2019-06-16,28256.59,39094.59,34007.542916666665
2019-06-17,30124.51,43065.76,38184.4175
2019-06-18,31372.59,47339.68,40602.47125
2019-06-19,32334.07,46972.92,40640.238333333335
2019-06-20,31989.67,42778.04,38639.14708333334
2019-06-21,30731.1,43243.98,37655.47791666666
2019-06-22,28909.59,40598.92,35084.55458333334
2019-06-23,28511.96,41311.54,35426.011666666665
2019-06-24,31372.27,47087.53,40783.418333333335
2019-06-25,31706.54,51545.4,42687.96166666666
2019-06-26,33432.340000000004,55437.88,45510.55125
2019-06-27,34235.63,57816.46,46790.105
2019-06-28,35588.520000000004,57059.83,47013.79666666666
2019-06-29,34005.48,56087.44,45518.37583333333
2019-06-30,32779.22,52711.46,43317.14625
2019-07-01,33905.15,59806.16,48001.25041666667
2019-07-02,37817.94,60886.28,49998.25416666667
2019-07-03,36849.56,57594.1,47452.11625
2019-07-04,32362.78000000001,53081.41,43163.182916666665
2019-07-05,34102.8,56638.6,46420.722499999996
2019-07-06,34471.93,51683.06,43234.950833333336
2019-07-07,31252.42,50250.75,40723.9225
2019-07-08,32724.5,55013.08,44694.02124999999
2019-07-09,33971.22,57967.03,46770.806666666664
2019-07-10,36880.71,63686.94,51667.236666666664
2019-07-11,38509.5,57446.96,48599.11583333334
2019-07-12,34069.4,54812.29,44836.59875
2019-07-13,33113.55,56914.22,45202.621666666666
2019-07-14,32835.96,55580.2,44430.18125
2019-07-15,35755.61,58793.21,48556.07833333333
2019-07-16,38054.77,56915.02,48722.00708333333
2019-07-17,38370.22,63381.33,51329.96916666667
2019-07-18,37944.48,62397.06,51505.862916666665
2019-07-19,42708.51,65537.79000000001,54944.236249999994
2019-07-20,39749.64,58580.16,49050.744166666664
2019-07-21,35457.88,53043.33,44165.52833333334
2019-07-22,35201.18,48118.92,42435.090416666666
2019-07-23,31719.71,49120.36,41161.70416666667
2019-07-24,32327.15,51567.67,42497.480416666665
2019-07-25,33202.69,55190.87,44721.43125
2019-07-26,34447.06,54868.99,45147.504583333335
2019-07-27,33704.88,54381.99,44319.969166666655
2019-07-28,33900.97,56231.54,45580.15916666667
2019-07-29,37631.98,55775.25,47320.41458333334
2019-07-30,35397.46,55223.24,46050.158333333326
2019-07-31,33870.48,52186.6,43519.824166666665
2019-08-01,32472.31,52505.96,43063.56958333333
2019-08-02,33004.63,54049.64,43852.21125
2019-08-03,32165.38,52100.06,41919.60291666666
2019-08-04,31380.64,53255.79,42260.69625
2019-08-05,34395.51,60658.25,48387.02833333334
2019-08-06,36698.16,56130.75,47299.312083333345
2019-08-07,35018.67,57893.83,47096.93375
2019-08-08,35516.08,56132.57,46445.58958333334
2019-08-09,34360.33,52983.64,44104.92500000001
2019-08-10,31595.31,49270.1,40144.64208333333
2019-08-11,30959.53,48775.18,40223.06708333333
2019-08-12,35537.62,57627.06,47723.79958333333
2019-08-13,37785.21,56836.94,47491.494999999995
2019-08-14,34755.64,54224.66,45310.52875
2019-08-15,33990.44,51424.17,43519.263333333336
2019-08-16,33297.83,51671.95,43194.925416666665
2019-08-17,33294.39,50431.35,42031.706666666665
2019-08-18,33409.76,50820.01,42164.712916666664
2019-08-19,34073.74,60055.25,48126.42208333333
2019-08-20,37470.42,55420.94,47095.35791666666
2019-08-21,34963.12,57378.61,47024.480416666665
2019-08-22,35173.66,48991.57,42719.14708333334
2019-08-23,32810.0,46362.82,40125.35333333333
2019-08-24,29955.12,40746.1,35481.52166666667
2019-08-25,28579.89,41035.84,35085.68125
2019-08-26,31820.05,46136.9,40805.21208333334
2019-08-27,33782.24,51386.65,43286.56541666667
2019-08-28,32281.06,46724.58,40355.962499999994
2019-08-29,31550.99,50488.2,41760.28041666667
2019-08-30,33447.840000000004,46996.93,40489.37
2019-08-31,29580.16,38921.66,34554.098333333335
2019-09-01,28700.4,39352.36,34067.340000000004
2019-09-02,28555.21,45081.46,36808.652916666666
2019-09-03,31097.62,51867.61,43019.747500000005
2019-09-04,34425.020000000004,47552.65,41528.75166666667
2019-09-05,30968.92,45796.15,39329.71375
2019-09-06,31547.29,45822.17,39625.087916666664
2019-09-07,29945.19,41149.0,35584.42291666667
2019-09-08,28419.14,38529.16,33524.25
2019-09-09,29813.28,48735.09,40681.12333333333
2019-09-10,33489.590000000004,55391.07,45436.19625
2019-09-11,36011.64,57336.32,47507.072916666664
2019-09-12,35272.590000000004,53226.64,45258.05375
2019-09-13,34775.61,51679.17,43328.316666666666
2019-09-14,30075.72,43858.14,36660.238333333335
2019-09-15,29182.03,44400.3,36712.09291666667
2019-09-16,32446.17,53966.44,44168.61041666666
2019-09-17,33243.88,51562.1,43022.572916666664
2019-09-18,32604.72,52557.58,42961.975
2019-09-19,32725.12,52463.53,42834.08833333333
2019-09-20,33128.35,54053.06,43827.81625
2019-09-21,32710.28000000001,47629.24,40535.66458333334
2019-09-22,31833.37,45996.13,39316.5225
2019-09-23,32956.23,46328.83,40335.770833333336
2019-09-24,30090.02,44576.02,38418.267916666664
2019-09-25,30851.66,44836.25,39151.82083333334
2019-09-26,31248.98,42502.23,37674.857083333336
2019-09-27,29503.59,44601.18,38114.17916666667
2019-09-28,30568.27,40080.7,35740.93708333333
2019-09-29,28514.63,41737.72,35315.614166666666
2019-09-30,30596.99,52131.48,42607.60916666667
2019-10-01,34138.1,53982.0,45043.0875
2019-10-02,34215.16,48625.35,42414.14916666666
2019-10-03,32067.82,42998.46,38652.21666666667
2019-10-04,29522.14,37846.78,34752.525
2019-10-05,27764.86,35104.97,31927.932083333337
2019-10-06,27143.01,34929.31,31038.275416666667
2019-10-07,27787.91,38553.45,34882.104583333334
2019-10-08,28836.33,38571.69,35275.24833333333
2019-10-09,29064.66,39020.75,35586.29958333333
2019-10-10,29557.56,40209.84,36441.005
2019-10-11,30364.98,39170.23,35438.83541666667
2019-10-12,28669.58,34570.090000000004,32033.549583333337
2019-10-13,28016.53,34761.48,31288.180833333336
2019-10-14,28631.64,38413.07,35062.73875
2019-10-15,29821.64,38727.02,35685.150416666664
2019-10-16,29433.7,38818.87,35639.17916666667
2019-10-17,30896.34,39240.8,35895.98625
2019-10-18,30625.29,38718.69,35078.473333333335
2019-10-19,28997.49,34066.020000000004,31927.819999999996
2019-10-20,27086.47,35048.5,30981.42583333334
2019-10-21,28199.1,38856.43,35306.223333333335
2019-10-22,29507.85,38860.67,35604.97125
2019-10-23,30493.84,38979.34,35664.41333333333
2019-10-24,29756.31,38770.15,35670.76125
2019-10-25,30141.38,39070.28,35437.239166666666
2019-10-26,29783.52,35575.66,33222.260833333334
2019-10-27,28018.5,34704.590000000004,31269.939583333336
2019-10-28,28929.61,39086.73,35589.40708333333
2019-10-29,30258.05,40192.21,36627.800833333335
2019-10-30,31571.35,40819.57,37700.9575
2019-10-31,32103.01,42223.1,39032.99875
2019-11-01,33914.04,42908.63,38338.760416666664
2019-11-02,32165.18,37415.35,34933.94125
2019-11-03,31204.49,37065.5,33870.1075
2019-11-04,30953.55,40663.42,36937.456666666665
2019-11-05,31901.84,41162.8,37514.43666666667
2019-11-06,33805.17,42056.24,38886.74291666667
2019-11-07,33169.22,44006.21,39862.6325
2019-11-08,36827.94,44415.12,40838.40541666667
2019-11-09,33363.8,38684.34,36208.86166666667
2019-11-10,30456.22,37301.38,33671.746666666666
2019-11-11,31488.12,46144.62,40091.737916666665
2019-11-12,38590.46,48168.0,44214.27958333333
2019-11-13,40196.9,47609.34,44365.58916666667
2019-11-14,36993.66,44619.87,41711.57791666667
2019-11-15,36874.52,44588.7,40508.99208333334
2019-11-16,34855.82,39632.97,37261.528750000005
2019-11-17,33511.04,39503.34,36121.34541666667
2019-11-18,32718.76,42670.77,38923.534999999996
2019-11-19,33548.51,41948.02,38890.058750000004
2019-11-20,33130.2,41744.25,38423.07958333333
2019-11-21,32664.69,41389.68,38266.76833333333
2019-11-22,32536.93,42180.8,38719.79625000001
2019-11-23,33983.61,40110.64,37373.64083333333
2019-11-24,32834.42,38357.21,35065.824583333335
2019-11-25,32112.43,40723.78,37287.76541666667
2019-11-26,31985.11,40745.6,37425.2075
2019-11-27,31229.23,41306.69,37422.372500000005
2019-11-28,31191.6,37391.63,33891.107083333336
2019-11-29,29920.38,37402.86,34043.57916666666
2019-11-30,30279.32,37599.6,34356.63416666666
2019-12-01,29754.57,40657.2,35210.730416666665
2019-12-02,33557.4,45160.39,40582.39
2019-12-03,35827.46,44164.3,40958.1375
2019-12-04,35037.86,43238.77,39924.83833333333
2019-12-05,34777.67,43430.27,39593.45041666667
2019-12-06,33169.86,43004.18,39221.20375
2019-12-07,34991.24,40416.74,37908.95458333333
2019-12-08,33038.65,39494.05,35761.433750000004
2019-12-09,31047.93,43183.96,38480.0825
2019-12-10,35652.91,47438.8,42832.92875
2019-12-11,39233.0,47421.05,44013.184166666666
2019-12-12,38605.13,46323.15,42738.56666666667
2019-12-13,35564.46,43481.77,40105.69458333333
2019-12-14,33268.11,41441.22,37694.36666666667
2019-12-15,34061.32,43823.93,38547.74958333333
2019-12-16,35747.32,47288.39,42494.807916666665
2019-12-17,37205.74,47320.58,42969.62583333333
2019-12-18,38626.33,48625.91,44448.93125
2019-12-19,40406.22,48258.44,43886.54374999999
2019-12-20,37235.83,45409.04,41162.12458333333
2019-12-21,34353.81,39143.39,36738.53083333333
2019-12-22,33017.16,38180.21,35240.85916666667
2019-12-23,32109.89,39432.27,36228.00625
2019-12-24,31107.96,36453.02,33574.27166666667
2019-12-25,28974.96,33128.7,30762.159166666668
2019-12-26,26875.87,37348.35,32975.832083333335
2019-12-27,28860.66,39286.78,35025.45583333333
2019-12-28,30687.45,36357.32,33736.21708333333
2019-12-29,28172.94,36272.56,32158.007500000003
2019-12-30,29708.06,42411.99,37182.46041666666
2019-12-31,33378.11,40498.87,37384.92291666667
2020-01-01,32147.14,37707.64,34306.32125
2020-01-02,31414.58,40249.97,36713.97708333333
2020-01-03,31509.68,40801.89,37328.18208333333
2020-01-04,32171.17,40429.06,36623.85041666667
2020-01-05,33193.69,39402.74,36011.566666666666
2020-01-06,33514.99,43313.66,39273.39708333334
2020-01-07,34782.76,43284.95,39684.24041666667
2020-01-08,35267.04,44626.93,40960.104583333334
2020-01-09,35437.46,43801.52,40198.464583333334
2020-01-10,32036.84,39953.93,37097.63
2020-01-11,30850.54,40508.23,36139.165
2020-01-12,33248.4,41763.27,37267.92958333334
2020-01-13,34162.54,43772.31,40161.71708333333
2020-01-14,34660.1,42730.96,39344.415
2020-01-15,33690.69,41907.72,38887.56791666666
2020-01-16,34664.9,45723.72,41511.29125
2020-01-17,38002.09,46033.67,42780.105
2020-01-18,34785.67,41512.17,38199.706666666665
2020-01-19,36798.98,45111.68,40902.9525
2020-01-20,38776.45,47201.57,43856.28375
2020-01-21,38807.14,47103.85,43299.44666666666
2020-01-22,38504.98,46517.7,42813.23375
2020-01-23,36080.05,44159.56,41132.582916666666
2020-01-24,34972.82,42718.4,39861.44541666666
2020-01-25,33673.83,40659.02,37703.871666666666
2020-01-26,33039.69,39995.72,36255.80333333334
2020-01-27,34338.66,44330.49,40732.894166666665
2020-01-28,35618.3,44784.76,41386.90458333333
2020-01-29,35760.75,44584.78,41292.676666666666
2020-01-30,35752.21,43903.49,40946.67625
2020-01-31,34944.99,42903.47,39501.82708333333
2020-02-01,33053.94,39291.24,36639.46708333333
2020-02-02,32257.88,35854.05,33964.50541666667
2020-02-03,30998.0,40582.28,36809.800416666665
2020-02-04,31592.38,43494.52,38850.24625
2020-02-05,35534.36,45134.71,41399.72083333333
2020-02-06,36265.93,45105.08,42028.80416666667
2020-02-07,36921.07,44746.61,40945.27
2020-02-08,34741.58,40557.81,37945.15583333333
2020-02-09,34013.83,40409.76,37195.795000000006
2020-02-10,33105.83,44197.21,40050.28625
2020-02-11,35488.71,43723.31,40510.59458333333
2020-02-12,36087.38,44656.26,41371.370833333334
2020-02-13,35932.6,48574.94,43375.283749999995
2020-02-14,42077.15,49996.79,45296.347499999996
2020-02-15,35565.24,42958.63,40103.449166666665
2020-02-16,32800.79,38518.27,35103.47125
2020-02-17,34110.64,42611.48,39593.130833333336
2020-02-18,33327.68,43345.79,39548.630833333336
2020-02-19,36641.82,44681.99,41017.0375
2020-02-20,37367.79,46110.41,42483.995833333334
2020-02-21,38778.66,46867.28,41899.57875
2020-02-22,34467.56,39820.78,36875.488333333335
2020-02-23,32474.05,37229.33,34220.19666666666
2020-02-24,31763.31,42015.37,38303.56916666666
2020-02-25,33585.41,43434.55,39796.792083333334
2020-02-26,35350.92,45241.8,41394.9825
2020-02-27,37353.44,45066.13,41731.79791666667
2020-02-28,36783.17,44483.77,40867.62375
2020-02-29,35053.46,40075.84,37358.47791666667
2020-03-01,32379.4,36693.65,34318.97125
2020-03-02,30706.09,39910.71,36542.456666666665
2020-03-03,32116.84,40213.64,37179.006666666675
2020-03-04,33392.49,40529.14,37492.36166666667
2020-03-05,34047.66,41663.72,38026.7425
2020-03-06,33638.75,42341.69,38844.15041666667
2020-03-07,33186.1,37971.02,35321.5025
2020-03-08,30678.39,35202.85,32687.649583333332
2020-03-09,29588.53,38909.64,35862.862499999996
2020-03-10,30705.81,40291.81,37051.12666666666
2020-03-11,32762.64,40876.14,37466.55458333334
2020-03-12,32254.81,40392.85,37085.79958333333
2020-03-13,31654.8,40319.22,36632.284583333334
2020-03-14,31391.01,38570.84,35714.05416666667
2020-03-15,31886.66,37350.5,34612.8025
2020-03-16,32663.64,41733.65,38217.76458333333
2020-03-17,32692.58,40095.61,36718.927083333336
2020-03-18,32365.05,40493.45,37082.2675
2020-03-19,30969.76,39266.19,35962.486666666664
2020-03-20,29802.22,38398.98,35404.49083333334
2020-03-21,31955.22,36953.64,34786.737916666665
2020-03-22,31975.53000000001,37166.04,34737.55875
2020-03-23,31521.0,39250.87,35957.4275
2020-03-24,31246.01,38154.87,35400.04
2020-03-25,29944.29,37149.66,33635.11708333334
2020-03-26,28531.45,35343.78,32754.569583333334
2020-03-27,27994.56,35251.68,32213.974999999995
2020-03-28,26977.04,32989.03,30508.192083333328
2020-03-29,25944.75,32511.78000000001,29499.479166666668
2020-03-30,27394.16,35070.53,32246.85875
2020-03-31,28154.02,35999.71,33052.839166666665
2020-04-01,29132.54,35468.74,32567.677083333332
2020-04-02,28349.47,34327.31,31684.999166666665
2020-04-03,27104.97,32781.39,30448.9175
2020-04-04,25838.31,31861.61,29524.16083333334
2020-04-05,26498.76,31094.6,28963.5
2020-04-06,27099.48,33653.46,31207.81833333333
2020-04-07,26392.6,34448.67,31545.24291666667
2020-04-08,26492.68,35646.950000000004,31683.33875
2020-04-09,26110.61,33587.6,31090.033333333336
2020-04-10,27955.83,33198.590000000004,30771.70875
2020-04-11,26382.47,30020.67,28437.245
2020-04-12,24756.25,29839.82,27791.665416666667
2020-04-13,25947.98,36032.53,32178.650833333337
2020-04-14,29343.27,35950.65,33305.017916666664
2020-04-15,30388.4,36039.76,33679.32750000001
2020-04-16,29988.17,36184.91,33213.050416666665
2020-04-17,28694.88,35832.9,32898.792083333334
2020-04-18,27647.53,31513.51,30031.249583333334
2020-04-19,26229.6,30300.35,28273.01375
2020-04-20,26471.25,33345.04,30883.060416666664
2020-04-21,26800.01,34130.47,31368.45375
2020-04-22,28221.2,34082.520000000004,31818.883749999997
2020-04-23,26882.91,34655.5,31448.914999999997
2020-04-24,26615.26,32771.81,30147.453333333327
2020-04-25,25300.97,30553.35,28474.25208333333
2020-04-26,25408.73,30106.95,27901.844583333335
2020-04-27,26092.18,33215.57,30571.2025
2020-04-28,25996.69,33283.29,30837.563333333335
2020-04-29,26014.65,34254.25,31023.20625
2020-04-30,26908.36,34361.76,31260.052083333332
2020-05-01,26644.55,32010.26,29885.984583333335
2020-05-02,24428.14,32000.97,28499.91791666667
2020-05-03,23961.25,30081.44,27443.11666666667
2020-05-04,24548.35,33116.55,30109.844166666666
2020-05-05,26250.14,34390.71,31205.529166666664
2020-05-06,27210.83,33558.05,30928.618333333336
2020-05-07,26930.09,33164.14,30734.47
2020-05-08,26436.48,33853.98,30770.888333333336
2020-05-09,26867.73,30784.61,29102.920416666664
2020-05-10,25262.32,30610.36,28168.148749999997
2020-05-11,26934.74,34975.88,31848.278333333332
2020-05-12,28070.63,34158.54,31577.799166666664
2020-05-13,27458.38,34722.63,31722.961249999997
2020-05-14,26686.26,35398.770000000004,32075.351249999996
2020-05-15,26983.16,34833.88,31515.59
2020-05-16,25176.36,32700.31,29405.94875
2020-05-17,25048.69,32787.2,29312.65041666666
2020-05-18,26313.55,36193.38,32351.109166666673
2020-05-19,27448.05,35854.26,32493.161666666667
2020-05-20,27200.47,35372.0,32205.173749999998
2020-05-21,27065.78,35384.0,32207.405416666672
2020-05-22,26880.22,35388.61,31998.109166666665
2020-05-23,25311.1,35020.29,30486.174166666668
2020-05-24,25131.06,39380.43,32530.170833333337
2020-05-25,26305.29,44196.86,35449.159583333334
2020-05-26,29082.16,51271.02,41486.15666666667
2020-05-27,31345.09,47614.54,40462.715416666666
2020-05-28,31048.13,44591.71,38565.52416666667
2020-05-29,29251.88,38984.93,34831.78208333333
2020-05-30,25794.61,33658.51,29896.391666666666
2020-05-31,24473.45,33835.93,29134.99666666667
2020-06-01,26105.35,38820.67,33957.36083333333
2020-06-02,28596.02,53328.04,41476.606250000004
2020-06-03,32615.63,53058.06,43190.38958333334
2020-06-04,31809.44,50903.48,42018.700000000004
2020-06-05,31311.16,52207.87,42367.38416666666
2020-06-06,30078.59,47388.7,38790.996250000004
2020-06-07,27187.94,44468.87,35570.72625
2020-06-08,29362.73,51829.94,41336.59916666667
2020-06-09,32754.29,53197.43,44222.392499999994
2020-06-10,33447.58,51836.5,43276.64875
2020-06-11,29464.17,44633.47,37708.0925
2020-06-12,29036.09,44596.58,37354.96125
2020-06-13,27645.54,38517.94,33058.3925
2020-06-14,25970.15,36976.68,31396.950416666663
2020-06-15,27450.8,43082.52,36147.44291666667
2020-06-16,28816.9,48324.64,39144.76
2020-06-17,30361.95,51775.45,41674.020833333336
2020-06-18,31055.42,54470.49,43273.5275
2020-06-19,32151.55,55429.26,44543.40666666667
2020-06-20,31489.92,51534.1,41862.111666666664
2020-06-21,30439.37,45469.28,38682.371250000004
2020-06-22,31514.92,52603.7,42846.40875
2020-06-23,32338.13,45556.97,39444.86000000001
2020-06-24,30024.8,45332.75,38587.448333333334
2020-06-25,30257.63,50235.92,40899.118749999994
2020-06-26,31687.34,52240.27,42953.79958333333
2020-06-27,33031.95,48281.52,40676.487499999996
2020-06-28,30087.43,51762.33,40772.2125
2020-06-29,33575.31,57419.93,46629.51708333334
2020-06-30,34583.44,55145.68,45825.38041666666
2020-07-01,33615.520000000004,56346.75,46063.57541666667
2020-07-02,33711.770000000004,59489.6,47364.206666666665
2020-07-03,33266.82,57730.95,45798.6775
2020-07-04,31793.31,54237.9,43519.62875
2020-07-05,30543.68,56259.13,44230.85708333333
2020-07-06,35264.97,63244.85,50730.17041666666
2020-07-07,37819.79,63680.38,51941.15833333333
2020-07-08,38093.81,62730.6,51387.125
2020-07-09,38123.96,64125.5,52243.28916666666
2020-07-10,38569.08,54866.56,47455.1675
2020-07-11,33006.08,53547.13,43445.53125
2020-07-12,31399.78,49303.68,40286.302083333336
2020-07-13,31975.15,53829.44,43684.568333333336
2020-07-14,33129.62,56659.59,45557.18083333334
2020-07-15,35267.39,56807.16,46622.02416666667
2020-07-16,35871.17,52624.66,44865.84625
2020-07-17,34139.45,59421.82,47324.465416666666
2020-07-18,35010.41,59277.06,47757.49166666667
2020-07-19,38538.02,51125.35,45278.097083333334
2020-07-20,34231.75,54648.52,45392.30625
2020-07-21,34624.51,54902.42,45353.09791666667
2020-07-22,35591.4,57113.58,46848.55708333334
2020-07-23,35693.06,56028.65,46481.42250000001
2020-07-24,33913.67,57241.01,46002.86041666666
2020-07-25,33405.75,57917.68,45819.30291666667
2020-07-26,34526.17,60911.96,48198.024999999994
2020-07-27,40148.1,58398.47,49435.04916666667
2020-07-28,35112.55,58108.05,47153.26125
2020-07-29,35564.64,58967.39,48062.915
2020-07-30,36242.95,51863.92,44644.5825
2020-07-31,33277.35,49243.37,41808.53291666667
2020-08-01,31333.55,42258.51,37435.49166666667
2020-08-02,29925.01,44048.96,36929.53041666667
2020-08-03,31183.4,47346.6,40044.49041666667
2020-08-04,31129.87,43149.64,37943.20416666667
2020-08-05,29754.15,43844.04,37714.75666666666
2020-08-06,30371.6,47059.14,39326.31125
2020-08-07,30942.69,49796.7,40726.46708333333
2020-08-08,30754.37,50581.0,40431.199166666665
2020-08-09,31966.91,55314.5,43577.94708333333
2020-08-10,36859.29,61941.25,48795.574583333335
2020-08-11,34623.95,55450.09,45316.09916666666
2020-08-12,33517.520000000004,56137.69,44999.119166666664
2020-08-13,33850.66,56398.37,45714.863333333335
2020-08-14,34418.32,56422.57,45979.302083333336
2020-08-15,33091.82,53754.28,43139.205416666664
2020-08-16,31842.42,49607.67,39969.87708333333
2020-08-17,31883.12,54170.22,43710.28583333333
2020-08-18,33136.25,48637.49,41382.18541666667
2020-08-19,31143.69,48553.45,40225.47833333333
2020-08-20,31330.99,52213.81,41986.808333333334
2020-08-21,32347.95,54972.1,43643.298749999994
2020-08-22,31632.14,53293.0,42010.94
2020-08-23,31267.8,55549.53,43144.79916666667
2020-08-24,35189.8,63854.14,50457.27875
2020-08-25,38407.26,59867.27,49646.14791666667
2020-08-26,36710.95,60921.17,49381.638750000006
2020-08-27,39132.15,60810.41,50986.66416666666
2020-08-28,38363.04,55105.15,47141.30416666667
2020-08-29,33059.42,45648.07,39742.27375
2020-08-30,28284.14,42051.45,35009.84125
2020-08-31,30359.37,48328.2,40710.49083333334
2020-09-01,32554.21,48366.77,41545.04666666667
2020-09-02,33758.61,49536.17,42409.668750000004
2020-09-03,32283.68,51974.42,42447.10291666666
2020-09-04,30762.1,43116.78,37270.80416666667
2020-09-05,27814.19,40948.26,33895.9575
2020-09-06,27381.8,40080.85,33694.670000000006
2020-09-07,29312.66,44804.86,36905.54666666667
2020-09-08,30743.49,46190.01,39399.722083333334
2020-09-09,30743.45,45774.41,39272.43166666667
2020-09-10,31461.94,43167.43,38435.79625000001
2020-09-11,30890.83,42157.85,37433.339583333334
2020-09-12,29727.09,40577.64,35508.19291666667
2020-09-13,28964.11,40033.55,34371.40666666667
2020-09-14,28797.31,42212.45,36589.005000000005
2020-09-15,29353.58,41848.82,36548.06458333333
2020-09-16,29467.59,43123.65,37112.42458333333
2020-09-17,29985.45,41346.7,36535.31416666667
2020-09-18,29094.6,37201.43,33982.130833333336
2020-09-19,27247.83,33250.57,30721.595416666667
2020-09-20,26079.06,34417.62,30151.661666666663
2020-09-21,27385.25,38785.62,34553.37291666667
2020-09-22,28599.42,39809.75,35526.21916666667
2020-09-23,28970.82,41161.43,36287.58083333333
2020-09-24,29506.82,41893.6,36752.2925
2020-09-25,29656.25,42786.98,36859.0775
2020-09-26,28949.4,39756.08,34625.22041666667
2020-09-27,28225.0,39100.42,33668.762500000004
2020-09-28,28691.47,38254.77,34549.51
2020-09-29,28192.66,37155.26,34002.42083333334
2020-09-30,28552.95,38086.17,34651.31125
2020-10-01,28742.23,37425.67,34357.619166666664
2020-10-02,29110.49,37046.48,33969.53083333334
2020-10-03,28211.11,33568.5,31313.409583333338
2020-10-04,26769.26,34093.520000000004,30376.7775
2020-10-05,28815.71,38319.87,34782.182499999995
2020-10-06,29395.86,37909.61,35030.5325
2020-10-07,28998.73,39736.52,35632.54958333333
2020-10-08,29087.33,39122.71,35448.43125
2020-10-09,29251.4,39817.21,35631.78916666666
2020-10-10,28620.93,36520.2,33036.845
2020-10-11,26978.52,37409.27,32134.08208333333
2020-10-12,28564.53,39627.6,35288.88291666667
2020-10-13,28512.75,37706.24,34580.114583333336
2020-10-14,28739.95,38528.84,34914.47041666667
2020-10-15,28872.24,37700.37,34645.655000000006
2020-10-16,30200.63,38288.76,34689.70375
2020-10-17,28853.16,34211.92,32025.378333333338
2020-10-18,26808.39,34559.8,30757.104583333334
2020-10-19,28566.88,39163.04,35541.8325
2020-10-20,30131.83,38643.06,35569.92041666667
2020-10-21,29405.49,38276.7,35023.6675
2020-10-22,29363.72,39811.83,35961.135416666664
2020-10-23,29570.39,39022.79,35056.712916666664
2020-10-24,28697.46,35197.67,32425.367083333334
2020-10-25,28449.85,36159.56,32263.023750000004
2020-10-26,29551.53,40610.09,36755.56041666667
2020-10-27,31531.46,40892.14,37410.85708333333
2020-10-28,31304.39,39339.5,36302.59375
2020-10-29,30272.52,40032.17,36726.13333333334
2020-10-30,31812.67,40297.78,36466.776249999995
2020-10-31,29721.81,36015.270000000004,33098.168750000004
2020-11-01,27999.65,37761.49,32791.96875
2020-11-02,32335.95,41180.93,37382.043333333335
2020-11-03,31728.56,38681.42,35665.47291666667
2020-11-04,29885.08,38388.83,34850.67958333333
2020-11-05,28846.17,38113.26,34513.74625
2020-11-06,29299.11,37008.46,34109.56916666667
2020-11-07,28016.27,34443.1,31294.42625
2020-11-08,26629.83,35669.950000000004,30743.944999999996
2020-11-09,27810.66,39805.17,34907.10958333333
2020-11-10,29102.9,39806.98,35484.09583333333
2020-11-11,28812.52,38956.82,34864.31458333333
2020-11-12,31983.29,39701.17,36375.96083333333
2020-11-13,31303.46,39462.41,36398.89666666667
2020-11-14,31361.08,37402.92,34705.15791666667
2020-11-15,28026.76,37164.45,32508.78583333333
2020-11-16,31165.76,39686.91,36396.15708333333
2020-11-17,31723.12,41424.29,37442.230416666665
2020-11-18,33453.97,40978.23,37734.73166666667
2020-11-19,31852.43,38864.11,36029.17875
2020-11-20,29838.02,37355.83,34411.739166666666
2020-11-21,28687.36,37032.43,32871.14041666667
2020-11-22,29540.3,38264.93,33686.767499999994
2020-11-23,31540.24,40922.74,37111.525
2020-11-24,32491.83,41068.65,37743.34916666667
2020-11-25,31059.87,39260.21,36010.17791666667
2020-11-26,28006.78,34764.41,31284.7925
2020-11-27,27533.15,35581.82,31802.234166666665
2020-11-28,30080.38,36293.42,32970.06083333333
2020-11-29,30506.91,37768.46,33531.97375
2020-11-30,31744.43,45134.33,39797.33416666667
2020-12-01,35802.46,44549.64,40819.82750000001
2020-12-02,36213.64,43637.88,39926.784583333334
2020-12-03,34823.47,42816.19,39496.67291666667
2020-12-04,33196.38,41067.49,37961.17791666667
2020-12-05,33077.6,39662.2,36340.80125
2020-12-06,32522.37,40716.61,36162.74625
2020-12-07,33164.47,44143.97,39706.364166666666
2020-12-08,34491.22,43572.41,39853.75625
2020-12-09,33642.56,41333.48,38012.8575
2020-12-10,33211.07,41132.85,37559.806666666664
2020-12-11,31967.57,40421.59,37089.298749999994
2020-12-12,30539.94,39665.51,35375.16625
2020-12-13,31220.42,40687.61,35711.614166666666
2020-12-14,33399.64,45581.9,40648.706666666665
2020-12-15,36997.84,46400.02,42336.886249999996
2020-12-16,36095.71,46202.54,41862.690833333334
2020-12-17,36481.3,45758.58,41962.4675
2020-12-18,36778.99,44624.07,41254.162083333336
2020-12-19,33784.4,40605.93,37357.23583333333
2020-12-20,31979.82,40349.8,35866.69708333333
2020-12-21,33211.42,42599.93,38826.92
2020-12-22,33531.37,42117.45,38711.91125
2020-12-23,33401.22,40450.72,37685.05375
2020-12-24,32155.62,42030.54,37755.42333333333
2020-12-25,35594.16,41385.86,38650.83125
2020-12-26,34700.85,39538.55,36909.16916666667
2020-12-27,32617.53000000001,38391.56,35086.43666666667
2020-12-28,31728.01,43779.25,38648.41291666667
2020-12-29,35317.56,44152.63,40292.832916666666
2020-12-30,33391.4,42278.32,38336.206666666665
2020-12-31,33559.86,41497.06,37711.64166666667
2021-01-01,33193.56,39559.35,36224.83833333333
2021-01-02,31425.75,39925.71,35700.6525
2021-01-03,32012.28000000001,40779.38,36090.08875
2021-01-04,34070.26,43721.86,40022.79791666667
2021-01-05,34729.54,43463.83,40098.74041666667
2021-01-06,34900.55,43382.39,40010.39958333334
2021-01-07,35004.92,44339.44,40706.18875
2021-01-08,35216.41,44079.44,40693.912500000006
2021-01-09,34841.45,41602.96,38317.47791666666
2021-01-10,34430.85,42310.76,38045.037083333336
2021-01-11,35176.05,45844.75,41874.49333333333
2021-01-12,37045.8,45019.17,41062.777916666666
2021-01-13,35197.700000000004,43250.73,39480.056666666664
2021-01-14,34170.0,42589.51,39295.40666666667
2021-01-15,34068.89,42758.5,39540.61666666667
2021-01-16,33897.770000000004,40771.25,37607.925
2021-01-17,32380.38,40644.55,36366.300833333335
2021-01-18,33817.2,43351.43,39600.38041666667
2021-01-19,35207.8,44142.96,40663.27166666667
2021-01-20,36439.0,45011.5,41350.265
2021-01-21,35424.55,43100.16,39467.855416666665
2021-01-22,35090.96,43981.72,40693.51583333333
2021-01-23,36679.51,41968.1,39225.80541666667
2021-01-24,33637.06,40433.62,37078.863333333335
2021-01-25,34186.11,45069.35,41039.31208333333
2021-01-26,35147.25,44679.38,40944.29666666667
2021-01-27,36036.39,46025.99,42149.64625
2021-01-28,38427.09,46827.37,43158.369166666664
2021-01-29,38755.75,46593.1,42012.58916666667
2021-01-30,35752.31,41939.91,38918.48166666667
2021-01-31,32970.99,42139.14,37430.604583333334
2021-02-01,35393.29,45392.93,41637.395416666666
2021-02-02,36931.42,45054.87,41461.78125
2021-02-03,37021.2,45260.89,40912.5925
2021-02-04,36057.72,45323.36,41851.31291666667
2021-02-05,37695.75,45505.15,42327.52458333333
2021-02-06,37531.23,43727.66,40711.137500000004
2021-02-07,38465.41,46198.55,42345.3825
2021-02-08,40023.46,48577.63,45294.04125000001
2021-02-09,39855.7,48558.05,45232.49083333334
2021-02-10,40585.02,49059.67,45933.051666666666
2021-02-11,40918.12,48958.3,45718.62666666667
2021-02-12,40503.45,48146.68,44838.15166666667
2021-02-13,40264.71,46782.8,43765.28541666667
2021-02-14,41294.63,48679.93,44529.189583333326
2021-02-15,42952.6,51878.73,48464.937083333345
2021-02-16,43047.79,49229.28,46186.845833333326
2021-02-17,42863.6,49983.94,46548.013750000006
2021-02-18,40731.91,48140.89,44779.095833333326
2021-02-19,40845.71,48513.27,44097.2075
2021-02-20,37682.56,42982.06,40266.575000000004
2021-02-21,36660.69,41674.35,38641.20458333333
2021-02-22,34667.97,43659.28,40229.29958333333
2021-02-23,34952.44,41608.15,38131.614583333336
2021-02-24,33094.94,40587.84,37528.77416666667
2021-02-25,34645.520000000004,43002.88,38934.875
2021-02-26,35289.090000000004,42828.06,38857.190833333334
2021-02-27,32047.13,36064.1,33845.4575
2021-02-28,29507.54,36798.01,33002.51458333333
2021-03-01,32071.14,42226.03,38332.00833333333
2021-03-02,36237.73,43461.58,39383.11791666667
2021-03-03,34252.31,40962.44,37048.43625
2021-03-04,32516.77,40868.44,37461.15375
2021-03-05,34469.4,41803.27,37758.357083333336
2021-03-06,32645.01,36618.75,34443.380833333336
2021-03-07,31576.3,36225.47,33295.824166666665
2021-03-08,31576.42,39482.36,35667.89208333333
2021-03-09,31063.51,38491.8,35200.17875
2021-03-10,29933.92,37578.5,34778.92916666667
2021-03-11,29049.39,37473.06,34483.43958333333
2021-03-12,30332.8,37744.81,34868.13291666667
2021-03-13,30421.42,34931.5,32711.08083333333
2021-03-14,29106.13,36189.31,32460.6925
2021-03-15,31257.8,41901.28,38213.628333333334
2021-03-16,32615.87,40398.87,37033.706666666665
2021-03-17,31745.0,39786.84,36582.82791666667
2021-03-18,31615.82,40886.13,37772.63375
2021-03-19,33552.61,41834.97,36994.20208333334
2021-03-20,30314.46,36550.02,33062.2825
2021-03-21,29400.41,33419.520000000004,31176.01958333333
2021-03-22,28860.5,37871.87,34279.280000000006
2021-03-23,29218.76,37429.32,34391.0025
2021-03-24,28986.42,36980.1,33990.75541666667
2021-03-25,28991.42,37635.02,34663.551666666666
2021-03-26,30236.94,38478.46,34515.51
2021-03-27,28741.74,33422.93,31492.852500000005
2021-03-28,27079.96,34976.57,31465.60666666667
2021-03-29,31160.76,39608.36,35314.996250000004
2021-03-30,30107.05,37107.57,34292.61708333334
2021-03-31,29438.23,38104.21,35315.315
2021-04-01,33108.06,40729.72,37279.9625
2021-04-02,31335.82,38688.02,34578.36833333333
2021-04-03,28063.54,33661.88,31076.91083333334
2021-04-04,26828.84,31687.08,29200.375
2021-04-05,26831.66,36579.54,33566.85166666667
2021-04-06,28678.62,37897.93,34688.69708333333
2021-04-07,28616.11,38594.5,34977.92
2021-04-08,28830.75,37537.55,34369.6875
2021-04-09,29035.39,36742.69,33863.6475
2021-04-10,27313.91,33192.1,30918.992083333334
2021-04-11,26860.96,33132.95,30288.797083333327
2021-04-12,28272.86,37032.14,33940.190833333334
2021-04-13,28963.95,36993.03,34019.82208333333
2021-04-14,29338.59,37032.75,34303.56375
2021-04-15,30098.82,38109.94,34884.12666666667
2021-04-16,29912.91,37427.12,33879.925833333335
2021-04-17,28331.66,33031.2,30823.304166666665
2021-04-18,27648.14,32723.14,30105.409583333338
2021-04-19,28524.88,37159.91,34353.24125
2021-04-20,30253.26,39054.58,36322.34375000001
2021-04-21,32753.1,39868.24,36646.48333333334
2021-04-22,32275.07,39733.96,35890.03833333334
2021-04-23,30014.01,38307.65,34505.504583333335
2021-04-24,28459.18,33659.13,31364.866250000003
2021-04-25,27682.64,33259.63,30305.879166666666
2021-04-26,28770.16,37614.61,34646.6025
2021-04-27,28882.37,38976.79,35503.595
2021-04-28,29642.66,38723.12,35303.94375
2021-04-29,29117.0,37812.7,34574.167916666665
2021-04-30,28673.31,36269.87,33415.65916666667
2021-05-01,28164.7,33642.11,31276.913333333334
2021-05-02,26525.61,35479.91,31332.494583333333
2021-05-03,28408.26,39091.03,35382.1
2021-05-04,29275.97,37557.37,34396.13166666667
2021-05-05,28669.61,36276.9,33516.465000000004
2021-05-06,28887.52,37115.84,34174.918750000004
2021-05-07,29416.57,36410.45,33567.23291666667
2021-05-08,28426.46,32691.01,30751.381250000002
2021-05-09,27175.01,33277.73,30509.578333333335
2021-05-10,29395.73,37410.75,34473.956249999996
2021-05-11,29556.37,36807.21,34197.31916666666
2021-05-12,29959.12,36892.06,34235.39166666667
2021-05-13,29670.31,36913.35,34300.04916666667
2021-05-14,28960.52,36690.52,33688.642499999994
2021-05-15,27382.52,32429.81,30497.507083333334
2021-05-16,26057.2,33930.62,30172.3225
2021-05-17,27711.37,38834.37,34871.662083333336
2021-05-18,29004.15,39824.98,35957.28791666667
2021-05-19,29760.19,42510.86,37628.44125
2021-05-20,31024.59,48195.75,40718.799166666664
2021-05-21,31881.64,48565.83,41128.98166666667
2021-05-22,30601.4,46144.55,38272.119166666664
2021-05-23,29754.69,43988.98,37231.176666666666
2021-05-24,30311.32,50033.04,41265.31625
2021-05-25,32788.8,52327.04,43590.322916666664
2021-05-26,33427.41,47191.48,40717.445
2021-05-27,30417.86,42079.42,37108.89166666666
2021-05-28,29916.28,38367.94,34459.97666666666
2021-05-29,27531.46,31402.33,29819.566250000003
2021-05-30,26491.48,31241.88,29059.9875
2021-05-31,25497.02,33757.13,30089.616250000003
2021-06-01,27322.13,39974.81,35389.75166666667
2021-06-02,29544.84,40312.38,36298.503749999996
2021-06-03,30222.71,45661.62,39012.269166666665
2021-06-04,31461.7,51270.02,41976.46875
2021-06-05,31562.09,51242.93,41696.59541666667
2021-06-06,31348.59,51324.76,41976.1725
2021-06-07,35322.24,53222.96,45422.40583333332
2021-06-08,34734.53,54305.59,45651.36958333334
2021-06-09,34824.48,56981.88,47094.388750000006
2021-06-10,35533.88,57625.56,48171.286666666674
2021-06-11,35835.270000000004,60515.34,48735.39333333333
2021-06-12,34121.45,56088.84,45277.019583333335
2021-06-13,32224.2,52524.24,42472.113333333335
2021-06-14,32534.58,52160.6,43128.53791666666
2021-06-15,31775.95,49107.46,41123.815
2021-06-16,31079.94,48960.42,40518.8975
2021-06-17,31303.17,54739.76,43549.2425
2021-06-18,36134.1,57700.9,47377.96083333334
2021-06-19,34714.61,46981.5,40453.479166666664
2021-06-20,30683.72,49811.73,40776.81958333334
2021-06-21,32390.85,44420.36,39512.450000000004
2021-06-22,29286.9,40660.67,36150.31541666667
2021-06-23,29827.42,43409.85,37705.06625
2021-06-24,31653.97,46337.32,40320.806666666664
2021-06-25,34220.83,48371.95,42321.88125
2021-06-26,34016.8,48418.6,41660.579999999994
2021-06-27,33252.06,50522.88,42298.800833333335
2021-06-28,35187.48,57088.13,47326.86000000001
2021-06-29,36688.54,57720.7,48380.2175
2021-06-30,36971.31,54331.21,46097.887500000004
2021-07-01,34844.11,51220.18,43317.8675
2021-07-02,30954.1,44883.97,38209.581249999996
2021-07-03,28618.63,46172.99,36805.236249999994
2021-07-04,29579.64,52554.86,40987.95291666667
2021-07-05,32819.71,58312.61,45851.90208333333
2021-07-06,37310.18,62782.11,50700.63791666667
2021-07-07,36754.75,56652.31,46862.59625
2021-07-08,35131.66,49497.85,42738.28833333333
2021-07-09,32221.13,46979.57,40301.3
2021-07-10,30512.4,42049.03,36512.59375
2021-07-11,29768.98,41156.26,35612.47083333333
2021-07-12,31556.51,47484.88,40950.925
2021-07-13,34143.65,50546.69,43391.018749999996
2021-07-14,33846.22,56094.45,46054.69625
2021-07-15,36433.1,55651.07,46446.22
2021-07-16,34872.47,46877.42,41568.35166666666
2021-07-17,31711.66,47342.3,39162.87916666667
2021-07-18,30028.33,49446.5,39470.74625
2021-07-19,32726.44,56495.7,45209.28958333333
2021-07-20,34248.07,56697.18,45719.9975
2021-07-21,33676.24,51880.26,43154.70458333333
2021-07-22,33163.03,53080.95,43799.800833333335
2021-07-23,34797.08,55346.03,45926.29416666667
2021-07-24,35206.020000000004,56235.61,45715.09541666667
2021-07-25,33947.4,55000.51,44399.181666666664
2021-07-26,34943.83,61272.11,48826.05333333332
2021-07-27,35996.03,59631.93,48294.25958333333
2021-07-28,36504.9,61358.16,49803.37541666667
2021-07-29,39212.62,61094.38,50429.40041666667
2021-07-30,35678.83,50145.93,42999.368749999994
2021-07-31,30885.71,42683.43,36743.85958333333
2021-08-01,29378.47,43379.27,36147.902083333334
2021-08-02,30448.7,47495.99,39767.822916666664
2021-08-03,31312.39,49678.01,41088.90875
2021-08-04,31887.01,52724.5,42697.50125
2021-08-05,32769.7,54223.24,44073.073333333334
2021-08-06,34034.79,54260.25,44359.979583333334
2021-08-07,33530.770000000004,52741.75,43014.315
2021-08-08,33603.39,54926.92,43942.45999999999
2021-08-09,36329.8,55666.21,47429.18833333333
2021-08-10,38827.51,62402.03,51297.35208333333
2021-08-11,39172.92,59811.13,50438.78666666666
2021-08-12,39377.81,59669.84,49092.755833333336
2021-08-13,35856.8,53869.04,45187.644583333335
2021-08-14,31966.31,46417.46,38814.26125
2021-08-15,29269.03,45414.63,37001.16125
2021-08-16,31683.83,50532.64,42099.32791666667
2021-08-17,33559.79,55598.7,45221.11958333334
2021-08-18,35267.05,58032.07,47562.306666666664
2021-08-19,36262.6,59905.07,48739.26833333334
2021-08-20,36673.98,60850.22,49225.27208333334
2021-08-21,35905.1,55918.94,45852.34
2021-08-22,33804.04,55827.49,44608.76624999999
2021-08-23,35883.03,60511.3,48915.99833333333
2021-08-24,37391.96,64808.3,51764.325000000004
2021-08-25,38762.83,63412.31000000001,51789.9625
2021-08-26,39900.69,63651.82,51670.767499999994
2021-08-27,38072.16,60655.04,49816.89208333334
2021-08-28,37478.8,60464.19,48889.651666666665
2021-08-29,36193.28,58646.07,47366.21375
2021-08-30,36750.56,56190.2,46851.23416666667
2021-08-31,34355.42,52224.66,43798.68791666668
2021-09-01,33522.91,49265.64,41695.767499999994
2021-09-02,31388.24,47379.84,39780.25166666667
2021-09-03,31183.31,43191.57,37898.597916666666
2021-09-04,29833.88,38233.22,34735.739583333336
2021-09-05,28861.56,41729.4,34863.8225
2021-09-06,27786.52,44644.96,35777.940833333334
2021-09-07,30449.18,51910.76,41748.83666666667
2021-09-08,32571.04,46626.77,40106.19583333333
2021-09-09,30448.75,43863.28,38002.05416666667
2021-09-10,30357.05,45409.72,38213.27875
2021-09-11,30012.74,47201.29,38371.53958333333
2021-09-12,31646.67,48100.68,39605.35666666667
2021-09-13,32571.35,50459.85,42397.52125
2021-09-14,34255.22,54878.93,44795.31083333333
2021-09-15,33168.6,47148.88,40439.21875
2021-09-16,30859.54,49023.68,40206.92916666667
2021-09-17,32245.41,53067.19,42756.04
2021-09-18,31887.63,48103.33,39438.24833333333
2021-09-19,29997.98,48169.52,38751.285833333335
2021-09-20,33725.1,50230.36,43196.621666666666
2021-09-21,32650.55,43122.48,39385.964583333334
2021-09-22,30124.65,38428.71,35313.299166666664
2021-09-23,28970.06,37616.03,34720.39666666667
2021-09-24,29189.91,38886.95,35061.95916666667
2021-09-25,28189.12,34694.840000000004,31946.438333333335
2021-09-26,26911.41,38079.94,32248.086250000004
2021-09-27,30020.68,47539.65,39418.29791666667
2021-09-28,31184.16,46826.12,39404.66083333333
2021-09-29,30955.02,47116.03,39469.76
2021-09-30,31250.05,45695.22,39159.93583333334
2021-10-01,30979.76,45157.27,38402.25625
2021-10-02,30048.14,39173.57,35191.432916666665
2021-10-03,29880.35,39637.68,35124.975
2021-10-04,30390.16,42236.72,37847.99
2021-10-05,30966.86,42075.89,37911.05125
2021-10-06,31069.16,41730.6,37907.495833333334
2021-10-07,31278.14,42360.32,38169.135416666664
2021-10-08,31081.12,43493.31,38165.12458333333
2021-10-09,29915.5,41986.12,36248.4
2021-10-10,29915.98,43226.64,36669.637083333335
2021-10-11,31804.4,45783.49,39685.528333333335
2021-10-12,31364.18,41033.7,37413.88458333334
2021-10-13,30422.71,41830.95,37504.19541666666
2021-10-14,31902.17,43262.58,38507.067083333335
2021-10-15,30263.97,39363.1,35589.59083333333
2021-10-16,27786.44,33380.88,31049.727499999997
2021-10-17,27173.4,34308.26,30638.439166666667
2021-10-18,28418.59,38316.76,34945.49875
2021-10-19,29602.71,38483.65,35293.25833333333
2021-10-20,29161.36,39106.39,35351.3925
2021-10-21,29602.09,38175.22,35025.50083333333
2021-10-22,29527.84,37671.14,34428.28916666666
2021-10-23,28690.44,34038.83,31832.661250000005
2021-10-24,27493.22,35920.37,31737.440416666668
2021-10-25,28503.63,38688.6,35224.73416666667
2021-10-26,30342.49,38619.75,35439.770416666666
2021-10-27,30701.35,38807.33,35685.27541666667
2021-10-28,30187.76,38773.6,35741.38625
2021-10-29,29810.8,38396.88,34890.4125
2021-10-30,28536.33,34263.88,31873.05125
2021-10-31,27866.98,33973.4,31279.27125
2021-11-01,29772.25,39862.39,36404.24916666667
2021-11-02,32129.68,40428.81,37141.270416666666
2021-11-03,33161.11,41901.4,37754.770416666666
2021-11-04,33363.33,42278.65,37840.79625000001
2021-11-05,32975.38,41819.04,36992.21458333333
2021-11-06,30731.1,36851.24,33633.95875
2021-11-07,29549.24,35182.6,32019.91458333333
2021-11-08,29350.47,38750.47,35182.354166666664
2021-11-09,29920.01,38666.31,35400.21791666667
2021-11-10,30298.08,38689.01,35476.69625
2021-11-11,29816.71,38753.82,35403.52166666667
2021-11-12,31390.06,40201.13,36801.510416666664
2021-11-13,31742.9,38351.81,35358.36833333333
2021-11-14,31081.35,39062.4,34985.6775
2021-11-15,32836.39,41621.09,38388.635
2021-11-16,33571.83,41128.04,37650.011666666665
2021-11-17,30768.76,39626.61,36218.98291666667
2021-11-18,31761.41,42399.69,38217.59416666667
2021-11-19,35129.07,42654.42,38965.635
2021-11-20,32609.93,37552.53,35293.5
2021-11-21,30142.4,37899.02,33942.910833333335
2021-11-22,33115.37,43418.65,39446.65708333333
2021-11-23,36324.26,44002.66,40022.25666666666
2021-11-24,32962.090000000004,41521.97,37914.74083333334
2021-11-25,28634.5,36473.06,33003.564999999995
2021-11-26,32043.75,39065.74,35873.47083333333
2021-11-27,32110.3,37711.8,35043.378749999996
2021-11-28,31258.94,39536.72,34899.77375
2021-11-29,34351.090000000004,43369.56,39814.48875
2021-11-30,33649.6,41613.67,38338.2475
2021-12-01,33366.36,41280.7,38232.73875
2021-12-02,31648.38,39936.3,36683.79083333334
2021-12-03,32097.31,40042.82,36878.87375
2021-12-04,31221.57,38374.45,35041.77833333333
2021-12-05,31883.6,39327.41,35351.80291666667
2021-12-06,30861.05,45654.71,39694.629583333335
2021-12-07,37473.07,47135.23,43274.97
2021-12-08,37199.91,44923.19,41517.02541666667
2021-12-09,36200.11,43660.32,40322.855416666665
2021-12-10,32893.61,40490.16,37627.0725
2021-12-11,29844.88,39863.22,35354.59333333333
2021-12-12,32950.11,39517.8,35662.333333333336
2021-12-13,33200.46,42498.54,38530.143749999996
2021-12-14,34042.55,41783.53,38353.41458333333
2021-12-15,31253.36,40143.67,36634.682916666665
2021-12-16,29982.06,40962.56,36514.087916666664
2021-12-17,34121.05,42721.58,39476.909583333334
2021-12-18,32681.67,40865.22,37233.53333333333
2021-12-19,33429.25,41457.91,37270.6125
2021-12-20,35872.58,44509.86,40630.35625
2021-12-21,36126.26,44665.33,40869.00125
2021-12-22,36276.4,44318.15,41148.49125
2021-12-23,34457.61,41962.86,38812.88291666667
2021-12-24,29937.26,34945.53,32713.02541666667
2021-12-25,26164.91,32534.98,29754.57416666667
2021-12-26,28077.21,37160.29,32420.060833333333
2021-12-27,29584.57,38840.83,34844.25958333333
2021-12-28,31380.42,41296.22,37361.86666666667
2021-12-29,31748.39,41243.62,37205.25125
2021-12-30,32257.28000000001,39673.0,36569.86041666666
2021-12-31,30425.28,36419.6,33413.18875
2022-01-01,28323.7,38334.15,33410.36708333334
2022-01-02,32584.58,43088.9,37834.59375
2022-01-03,37082.93,45181.52,41760.908749999995
2022-01-04,38078.55,45812.02,42220.77958333334
2022-01-05,36102.0,47854.47,42728.65
2022-01-06,40108.61,50112.05,45987.62083333333
2022-01-07,42626.15,49944.54,46149.628333333334
2022-01-08,37039.82,43971.27,41851.43583333333
2022-01-09,33293.18,44338.51,38539.072916666664
2022-01-10,39279.58,48002.07,44443.95791666666
2022-01-11,40059.4,48559.16,44062.81291666667
2022-01-12,36904.79,43622.08,40315.995833333334
2022-01-13,34856.17,42972.17,39593.43791666667
2022-01-14,35495.49,44066.28,40945.10208333333
2022-01-15,36235.52,43407.61,40031.56375
2022-01-16,37391.85,42356.83,39547.9425
2022-01-17,36539.77,45603.92,42106.69541666666
2022-01-18,37299.25,45568.27,41614.849166666674
2022-01-19,34973.26,47148.53,41920.00875
2022-01-20,40779.81,49575.55,45964.85791666666
2022-01-21,41557.72,49548.48,45174.14625
2022-01-22,38883.14,44739.54,41886.52458333334
2022-01-23,36072.73,43847.26,39446.85666666667
2022-01-24,38003.51,46425.35,43018.885
2022-01-25,38966.29,48649.74,44836.76500000001
2022-01-26,42518.93,51107.39,46518.284999999996
2022-01-27,40418.35,47981.55,44652.96875
2022-01-28,38207.27,47071.54,43860.73833333334
2022-01-29,39393.98,45677.29,42372.21375
2022-01-30,36854.42,42233.01,38985.695
2022-01-31,36985.53,46686.95,41851.18083333333
2022-02-01,36513.1,43677.1,39853.24458333333
2022-02-02,34454.25,45854.53,41496.57791666667
2022-02-03,38240.89,47587.9,43864.17458333333
2022-02-04,39688.3,47068.39,43819.0425
2022-02-05,40043.25,44819.39,42348.51458333334
2022-02-06,37290.54,41996.46,39579.801666666666
2022-02-07,36876.7,45989.63,42427.056666666664
2022-02-08,38214.49,46373.84,41781.114583333336
2022-02-09,35307.71,42867.35,39624.95166666667
2022-02-10,35626.33,43627.06,40564.495416666665
2022-02-11,35999.36,42732.21,40037.332083333335
2022-02-12,36013.62,43836.46,40448.34125
2022-02-13,37874.08,43537.52,40438.15
2022-02-14,39537.95,47616.21,43257.19416666667
2022-02-15,37659.5,46560.15,41662.47375
2022-02-16,34323.12,41348.19,38603.431666666664
2022-02-17,32439.79,45967.45,40661.003749999996
2022-02-18,39421.44,46885.54,42853.30541666667
2022-02-19,37267.39,42832.24,40132.76833333333
2022-02-20,34345.8,39032.88,36958.12333333333
2022-02-21,33165.47,40872.01,37768.747083333335
2022-02-22,32142.43,42568.02,38572.566666666666
2022-02-23,37123.13,46888.93,43306.29583333333
2022-02-24,38823.86,46245.51,43457.85916666667
2022-02-25,38160.19,46072.56,42836.298749999994
2022-02-26,37220.12,41742.09,39291.20291666667
2022-02-27,34560.12,39367.06,36837.41541666666
2022-02-28,35368.9,43849.94,39270.87458333333
2022-03-01,34180.770000000004,41180.36,37330.457916666666
2022-03-02,32787.53,40235.96,36893.00875
2022-03-03,32494.66,41432.98,38052.074166666665
2022-03-04,34457.69,42297.46,38053.70291666667
2022-03-05,30671.89,34929.33,33215.0
2022-03-06,27689.14,36198.94,31780.845833333336
2022-03-07,31272.67,43188.46,38789.46791666667
2022-03-08,35425.06,42905.96,39384.42833333334
2022-03-09,34688.0,41813.37,38161.2175
2022-03-10,34937.18,42557.1,38907.50958333333
2022-03-11,35424.93,43451.45,40667.83458333334
2022-03-12,38052.59,42242.54,40177.71083333334
2022-03-13,33063.23,38152.35,35887.54708333333
2022-03-14,32293.59,41117.3,36560.829999999994
2022-03-15,31589.16,39387.0,35720.91916666667
2022-03-16,31072.24,39234.18,35254.472083333334
2022-03-17,29875.84,37566.86,34532.31333333333
2022-03-18,29141.02,37618.21,34444.388333333336
2022-03-19,29296.62,35853.17,33123.81958333333
2022-03-20,29724.32,33783.68,31492.94125
2022-03-21,29700.15,38324.77,34834.519166666665
2022-03-22,29843.91,38890.5,35891.426666666666
2022-03-23,30998.07,38681.02,36143.46791666667
2022-03-24,31988.5,40175.51,37142.989166666666
2022-03-25,32427.95,40310.45,36795.78166666666
2022-03-26,32173.34,37927.9,35590.56208333333
2022-03-27,32883.33,37706.52,35042.02958333333
2022-03-28,34112.79,42636.0,38438.520833333336
2022-03-29,34195.95,41777.92,38486.21583333333
2022-03-30,32406.1,39372.15,36521.14208333333
2022-03-31,31148.11,40764.64,37669.39166666666
2022-04-01,33724.21,41047.82,37123.23
2022-04-02,31591.75,36514.16,34165.70916666667
2022-04-03,30416.9,34420.45,32293.10625
2022-04-04,30053.47,39334.3,35613.129166666666
2022-04-05,31005.54,38836.33,35456.386666666665
2022-04-06,30356.4,38654.63,35466.84416666667
2022-04-07,31409.29,39144.87,36690.84291666667
2022-04-08,32703.91,40744.37,37500.915
2022-04-09,31938.93,36675.53,34338.82
2022-04-10,30300.08,34194.73,32106.04375
2022-04-11,28962.64,37494.02,34612.698333333334
2022-04-12,30300.67,37600.96,35118.41625
2022-04-13,29691.65,38496.38,35324.256250000006
2022-04-14,30885.37,38681.49,35209.57916666667
2022-04-15,29998.2,35495.3,33250.942083333335
2022-04-16,28657.14,33334.49,31339.07875
2022-04-17,29074.02,33806.36,31282.97458333333
2022-04-18,30071.27,40887.2,37183.96708333333
2022-04-19,33246.58,40964.47,37021.9225
2022-04-20,32084.96,39579.43,36514.36583333333
2022-04-21,30727.5,37888.12,34942.92375
2022-04-22,29769.7,37906.43,35162.9125
2022-04-23,28832.85,36071.31,32862.47083333333
2022-04-24,27576.05,35852.91,32098.242500000004
2022-04-25,28437.07,37431.47,34308.1325
2022-04-26,30036.63,38286.81,35267.35666666667
2022-04-27,31370.75,38721.86,35608.20916666667
2022-04-28,30646.0,37900.02,35062.886666666665
2022-04-29,29672.86,36982.79,33947.46375
2022-04-30,28078.38,33664.43,31506.36666666667
2022-05-01,26747.76,33521.31,30485.28541666667
2022-05-02,28043.92,36879.62,33988.69666666666
2022-05-03,29443.85,38421.91,35117.94291666667
2022-05-04,29509.34,37056.83,34280.57
2022-05-05,29578.27,37434.96,34595.622083333335
2022-05-06,29503.57,37516.01,34194.09541666667
2022-05-07,28364.34,32224.37,30630.80541666667
2022-05-08,26759.35,33056.05,29851.42458333333
2022-05-09,28087.64,40290.29,35777.29875
2022-05-10,30401.52,47824.2,40099.003333333334
2022-05-11,33118.94,51361.26,43435.125
2022-05-12,33033.7,52996.76,43573.840833333335
2022-05-13,32263.46,51869.61,42202.059583333335
2022-05-14,30630.45,45068.45,37930.74625
2022-05-15,28465.61,41594.72,34997.975
2022-05-16,28853.35,42148.34,36630.662083333336
2022-05-17,29235.6,41399.33,36417.3575
2022-05-18,29809.51,39574.22,35950.13458333333
2022-05-19,29684.63,43278.27,37691.79875
2022-05-20,31497.96,48418.32,40975.07958333333
2022-05-21,29913.35,37154.84,34054.505
2022-05-22,27097.21,32914.28,30314.680416666666
2022-05-23,27900.32,36755.87,33880.1175
2022-05-24,28910.73,37880.74,34849.068333333336
2022-05-25,29604.73,41459.2,36828.83083333333
2022-05-26,31107.67,41593.82,37383.98
2022-05-27,30015.69,38505.63,34827.16291666667
2022-05-28,27531.83,36043.01,31850.977916666667
2022-05-29,27088.75,41177.81,33971.380000000005
2022-05-30,28925.44,49129.26,39016.42458333333
2022-05-31,33284.37,55558.65,45835.943333333336
2022-06-01,35027.39,47944.28,42116.99416666667
2022-06-02,31193.07,43514.24,38094.503333333334
2022-06-03,29821.62,43793.58,37315.67916666667
2022-06-04,28264.38,39772.52,34064.28166666667
2022-06-05,27696.77,40691.73,34220.698333333334
2022-06-06,30066.21,44409.15,38362.87583333333
2022-06-07,31150.34,44738.79,38866.28833333334
2022-06-08,30794.92,42265.37,37598.46791666667
2022-06-09,30056.92,43128.3,37434.29583333333
2022-06-10,30192.1,41481.22,36602.03916666667
2022-06-11,28623.65,41125.29,35239.51541666667
2022-06-12,29477.77,46122.2,37807.32791666666
2022-06-13,33428.16,54924.57,45470.89083333333
2022-06-14,37379.23,61516.48,50375.42375000001
2022-06-15,40026.98,65017.16,53545.91583333333
2022-06-16,41389.69,62055.23,52285.15916666667
2022-06-17,37506.04,53945.39,45603.52208333334
2022-06-18,30839.54,42157.9,36301.073333333334
2022-06-19,27548.93,43514.5,35108.20875
2022-06-20,31286.87,56873.74,44348.57666666666
2022-06-21,34788.04,65324.88,51064.4625
2022-06-22,40279.74,60329.71,50730.10916666667
2022-06-23,34179.17,55925.58,45382.869999999995
2022-06-24,33651.58,57133.75,45828.23458333333
2022-06-25,33520.47,50556.04,42599.674166666664
2022-06-26,33774.07,47287.7,40004.51666666666
2022-06-27,30851.16,45966.94,39140.64791666667
2022-06-28,30875.2,49360.25,40376.050833333335
2022-06-29,31907.86,53672.95,43030.78875
2022-06-30,33887.16,59144.94,47298.04083333333
2022-07-01,36861.94,54202.44,45639.39333333333
2022-07-02,31410.03,45740.83,38705.025
2022-07-03,29310.22,49851.71,39173.78875
2022-07-04,30834.69,52842.36,42414.25041666667
2022-07-05,36105.23,62694.79,50509.762500000004
2022-07-06,39725.87,55085.52,47806.15416666667
2022-07-07,35805.97,55016.9,46114.85375
2022-07-08,36630.6,50752.14,44086.94583333333
2022-07-09,32181.37,45338.08,38312.714166666665
2022-07-10,28801.56,49029.19,38361.70083333333
2022-07-11,32755.4,57459.11,46015.80291666667
2022-07-12,36971.29,54997.81,46305.04916666667
2022-07-13,33826.83,52807.7,43887.79583333334
2022-07-14,33429.22,54048.38,44257.11833333334
2022-07-15,33815.38,48069.46,41781.24208333333
2022-07-16,32752.45,51157.34,41990.25208333333
2022-07-17,33573.17,45283.67,39619.214166666665
2022-07-18,33394.63,58464.67,46778.362916666665
2022-07-19,36268.55,61990.01,50402.40333333334
2022-07-20,39997.25,62754.79,52087.1625
2022-07-21,37975.87,61892.08,50498.03041666667
2022-07-22,37475.71,61978.19,50079.17791666667
2022-07-23,37627.13,56895.14,46875.55541666667
2022-07-24,36357.67,53607.7,44563.7275
2022-07-25,35314.450000000004,49319.64,42918.464583333334
2022-07-26,33231.11,49232.03,41873.14124999999
2022-07-27,34396.21,53394.47,44405.142499999994
2022-07-28,35599.590000000004,53461.94,44871.98
2022-07-29,33232.61,49206.67,41574.87666666666
2022-07-30,30580.78,47475.19,38892.369166666664
2022-07-31,30579.38,50361.79,40214.64833333334
2022-08-01,35235.81,58716.96,47489.8975
2022-08-02,36520.0,56055.16,46533.96333333334
2022-08-03,37034.11,61402.9,48899.12625
2022-08-04,37167.53,55138.89,46705.1875
2022-08-05,36187.72,58213.99,47749.06791666666
2022-08-06,36535.02,59800.21,48476.31291666667
2022-08-07,36998.15,54669.02,46538.10125
2022-08-08,38563.92,57881.18,48541.77125
2022-08-09,35361.950000000004,49850.37,43031.07666666667
2022-08-10,33019.020000000004,53680.52,43574.29666666667
2022-08-11,33422.32,51662.52,42906.01833333333
2022-08-12,32010.78000000001,46784.03,39665.9625
2022-08-13,29891.35,41256.24,35794.94625
2022-08-14,29743.01,41467.31,35768.81958333334
2022-08-15,31453.0,48457.89,40805.307499999995
2022-08-16,32046.05,48953.84,41050.912083333336
2022-08-17,31747.7,49832.04,41367.495
2022-08-18,31947.7,51813.64,42316.04541666667
2022-08-19,32479.62,52462.68,42744.614166666666
2022-08-20,32045.31,46197.76,39138.82125
2022-08-21,30324.61,46297.58,37850.189999999995
2022-08-22,31631.72,51541.77,42160.681666666664
2022-08-23,32114.47,52272.74,42543.489166666666
2022-08-24,32640.79,54453.37,43848.76458333334
2022-08-25,33393.29,52003.43,43493.64375
2022-08-26,33896.81,51143.82,42689.034999999996
2022-08-27,30892.03,48084.11,39082.034999999996
2022-08-28,30634.0,52596.11,41476.35333333333
2022-08-29,35964.53,57393.27,46339.70916666667
2022-08-30,33529.64,50322.72,42222.72083333333
2022-08-31,31142.45,51274.22,41416.66916666667
2022-09-01,32158.84,54331.62,43383.525416666664
2022-09-02,33590.270000000004,52023.24,43098.92916666667
2022-09-03,31909.1,46107.56,38862.225
2022-09-04,29876.32,37973.77,34144.681666666664
2022-09-05,28508.32,40218.33,34582.190416666665
2022-09-06,30213.25,47115.39,39745.6225
2022-09-07,31340.34,49214.45,40607.1425
2022-09-08,31121.04,50178.96,40711.0375
2022-09-09,31286.04,50479.14,40782.76833333333
2022-09-10,30687.14,47893.52,39006.28625
2022-09-11,30768.33,39047.56,35081.60166666666
2022-09-12,29469.49,39432.61,35749.47708333334
2022-09-13,29274.7,41744.36,36488.68583333334
2022-09-14,29751.07,45957.3,38242.47875
2022-09-15,30528.64,47010.16,39188.85375
2022-09-16,31216.35,48832.29,40070.1875
2022-09-17,30261.68,46263.33,38034.31458333333
2022-09-18,29866.97,48001.04,38575.411250000005
2022-09-19,33112.33,52784.29,43254.3425
2022-09-20,32672.48,52308.73,43013.9075
2022-09-21,34509.35,53601.41,44121.619583333326
2022-09-22,30612.84,38101.94,35497.64791666667
2022-09-23,28628.07,36487.25,33515.02375
2022-09-24,27249.87,35828.66,31824.891666666666
2022-09-25,27030.77,35269.56,31383.342916666665
2022-09-26,27731.09,36941.88,33586.9575
2022-09-27,28073.72,36723.44,33832.28333333333
2022-09-28,28622.15,36757.63,34005.510833333334
2022-09-29,29044.16,36593.02,34117.57833333333
2022-09-30,28790.87,36195.38,33556.818333333336
2022-10-01,27420.15,33084.13,30635.350416666664
2022-10-02,26226.94,34303.42,30128.733333333334
2022-10-03,27720.1,37078.87,34010.26708333333
2022-10-04,28750.31,37125.34,34299.99833333333
2022-10-05,28578.09,37516.99,34430.23875
2022-10-06,28633.28,38026.45,34676.4375
2022-10-07,28559.12,35968.64,33219.83708333334
2022-10-08,28160.64,32817.26,30854.048333333336
2022-10-09,27439.15,33296.11,30232.652083333334
2022-10-10,27653.86,37354.16,34028.098333333335
2022-10-11,28939.17,37725.55,34713.1025
2022-10-12,28822.82,37621.32,34483.504583333335
2022-10-13,28713.15,36829.75,34285.00958333333
2022-10-14,30014.33,37790.03,34329.28333333333
2022-10-15,28283.85,33405.66,31312.249166666672
2022-10-16,27485.16,34033.26,30764.472916666666
2022-10-17,28806.42,39443.09,35854.13291666666
2022-10-18,32213.11,40159.47,37282.75083333333
2022-10-19,32474.43,40846.12,37024.81958333333
2022-10-20,32367.74,40739.16,36518.13333333333
2022-10-21,29751.65,38171.43,34565.292916666665
2022-10-22,27621.42,33875.35,31079.6725
2022-10-23,26380.22,35669.49,30931.4025
2022-10-24,28061.16,38598.85,34789.78
2022-10-25,28646.26,37674.3,34486.60833333333
2022-10-26,29380.27,37258.03,34531.13166666666
2022-10-27,30798.5,39211.19,35249.13041666667
2022-10-28,30234.41,38107.71,34211.00708333333
2022-10-29,28185.52,33468.97,31131.846250000002
2022-10-30,26738.45,33712.16,30289.065416666665
2022-10-31,27404.89,37017.13,33549.409583333334
2022-11-01,28937.55,37353.92,34180.49625
2022-11-02,28986.58,37347.79,34369.18916666667
2022-11-03,29066.13,37546.71,34493.018749999996
2022-11-04,28774.85,37246.8,34133.97041666667
2022-11-05,27609.55,33284.41,30865.690416666668
2022-11-06,26488.62,33934.54,30003.8225
2022-11-07,27964.77,38075.76,34120.56041666667
2022-11-08,30289.55,37876.94,34822.262083333335
2022-11-09,30039.91,38348.58,35040.05416666667
2022-11-10,29453.27,38060.72,34603.96083333334
2022-11-11,28570.23,38116.27,34487.365
2022-11-12,31081.35,39103.63,35509.07
2022-11-13,31655.64,38757.43,34821.14041666667
2022-11-14,33696.42,42193.23,38445.05583333334
2022-11-15,33216.32,42287.35,38743.81375
2022-11-16,33918.06,43449.72,39705.18916666667
2022-11-17,35320.42,43379.89,40386.72375
2022-11-18,35737.31,43928.4,40844.763333333336
2022-11-19,36584.12,42088.21,39316.681666666664
2022-11-20,36066.47,41619.46,38325.4775
2022-11-21,36068.21,43732.64,39526.6775
2022-11-22,34991.93,42626.94,38328.30166666667
2022-11-23,33122.92,40899.04,36823.033749999995
2022-11-24,28856.82,34271.64,31411.108333333334
2022-11-25,27049.61,34254.05,31001.305416666666
2022-11-26,30149.85,35066.82,32564.787083333333
2022-11-27,28281.32,37275.09,32739.200416666663
2022-11-28,30661.09,41087.92,37120.17333333333
2022-11-29,32368.37,40005.17,37128.78916666666
2022-11-30,32418.25,44580.96,39883.28416666667
2022-12-01,36782.57,44776.45,41146.21916666667
2022-12-02,34105.770000000004,41710.3,38493.14000000001
2022-12-03,30646.6,40122.3,35892.03625
2022-12-04,34369.020000000004,41118.2,37155.832083333335
2022-12-05,34548.78,42704.41,39508.1225
2022-12-06,32860.54,40593.61,37809.13391304348
2022-12-07,31769.16,41143.47,37453.58625
2022-12-08,32585.46,42241.97,38542.85208333333
2022-12-09,33506.35,41444.89,38341.49875
2022-12-10,32358.67,38552.37,35805.84166666667
2022-12-11,30709.92,39636.85,35097.42083333334
2022-12-12,32846.23,43137.86,39172.122083333335
2022-12-13,35082.9,43568.07,40265.28375
2022-12-14,33493.48,42228.61,38881.87375
2022-12-15,33815.520000000004,44000.58,40004.20333333333
2022-12-16,35407.090000000004,44574.75,41063.63333333333
2022-12-17,35635.07,43157.72,39676.356250000004
2022-12-18,35858.44,43162.97,39342.269583333335
2022-12-19,37531.02,45970.67,42682.333333333336
2022-12-20,36974.11,44342.3,41305.56958333334
2022-12-21,37681.83,45321.07,42129.200000000004
2022-12-22,35728.42,48422.92,42702.02541666667
2022-12-23,43958.05,53392.93,49015.13041666666
2022-12-24,42434.73,46586.47,44654.3525
2022-12-25,38901.9,42964.22,40936.67833333334
2022-12-26,36384.32,43853.46,40130.03958333334
2022-12-27,37130.13,45673.75,41953.64041666667
2022-12-28,36003.36,42513.29,39582.86541666667
2022-12-29,32394.48,38399.47,35892.49833333333
2022-12-30,29014.05,37274.4,33718.472916666666
