date,avg_load,max_load,min_load
2005-01-01,7212.0,8412.0,6012.0
2005-01-02,7430.5,8979.0,5882.0
2005-01-03,7930.0,10074.0,5786.0
2005-01-04,7976.5,10112.0,5841.0
2005-01-05,8175.5,10450.0,5901.0
2005-01-06,8347.0,10445.0,6249.0
2005-01-07,8121.5,10097.0,6146.0
2005-01-08,7626.0,9114.0,6138.0
2005-01-09,7511.5,8963.0,6060.0
2005-01-10,8085.5,10144.0,6027.0
2005-01-11,8233.0,10373.0,6093.0
2005-01-12,12560.5,18917.0,6204.0
2005-01-13,8004.5,9994.0,6015.0
2005-01-14,7885.0,9918.0,5852.0
2005-01-15,7696.0,9129.0,6263.0
2005-01-16,7675.5,9091.0,6260.0
2005-01-17,8347.0,10266.0,6428.0
2005-01-18,14408.0,22008.0,6808.0
2005-01-19,8983.5,10838.0,7129.0
2005-01-20,8707.5,10616.0,6799.0
2005-01-21,8836.5,10719.0,6954.0
2005-01-22,8564.0,9957.0,7171.0
2005-01-23,8399.0,9969.0,6829.0
2005-01-24,9016.5,10907.0,7126.0
2005-01-25,8747.0,10550.0,6944.0
2005-01-26,8548.0,10520.0,6576.0
2005-01-27,9033.0,11074.0,6992.0
2005-01-28,8998.0,10659.0,7337.0
2005-01-29,8297.5,9502.0,7093.0
2005-01-30,7965.5,9316.0,6615.0
2005-01-31,8498.0,10390.3,6605.7
2005-02-01,8430.400000000001,10193.1,6667.700000000001
2005-02-02,8365.25,10170.0,6560.5
2005-02-03,8340.4,10201.1,6479.7
2005-02-04,8046.0,9772.7,6319.299999999999
2005-02-05,7481.7,8755.9,6207.5
2005-02-06,7329.1,8626.7,6031.5
2005-02-07,7914.65,9811.1,6018.2
2005-02-08,7915.1,9823.5,6006.7
2005-02-09,7842.7,9703.0,5982.4
2005-02-10,7954.35,10025.6,5883.1
2005-02-11,8079.2,9826.5,6331.9
2005-02-12,7622.0,8918.6,6325.4
2005-02-13,7441.650000000001,8790.6,6092.700000000001
2005-02-14,8163.099999999999,10187.8,6138.4
2005-02-15,7836.599999999999,9660.3,6012.9
2005-02-16,4921.35,9842.7,0.0
2005-02-17,8045.75,9944.7,6146.799999999999
2005-02-18,8196.2,10087.4,6305.0
2005-02-19,7882.65,9051.8,6713.5
2005-02-20,7515.950000000001,8671.2,6360.7
2005-02-21,7896.5,9474.6,6318.400000000001
2005-02-22,7989.849999999999,9710.8,6268.9
2005-02-23,7998.950000000001,9837.1,6160.8
2005-02-24,8327.8,10262.9,6392.7
2005-02-25,8212.45,9824.5,6600.4
2005-02-26,7702.0,8920.7,6483.3
2005-02-27,7664.799999999999,8946.8,6382.799999999999
2005-02-28,8323.55,10382.5,6264.6
2005-03-01,8318.55,10198.7,6438.4
2005-03-02,8247.6,10081.6,6413.6
2005-03-03,8316.05,10110.3,6521.799999999999
2005-03-04,8201.9,9812.7,6591.099999999999
2005-03-05,7551.7,8699.9,6403.5
2005-03-06,7461.1,8739.5,6182.7
2005-03-07,7766.25,9601.3,5931.200000000001
2005-03-08,8105.9,10377.3,5834.5
2005-03-09,8504.15,10259.8,6748.5
2005-03-10,8404.65,10121.4,6687.9
2005-03-11,8112.200000000001,9729.5,6494.900000000001
2005-03-12,7494.950000000001,8713.0,6276.900000000001
2005-03-13,7398.25,8680.0,6116.5
2005-03-14,8030.85,9930.2,6131.5
2005-03-15,8059.2,9673.9,6444.5
2005-03-16,7949.65,9663.6,6235.7
2005-03-17,7883.05,9579.5,6186.6
2005-03-18,7670.95,9246.0,6095.9
2005-03-19,7245.85,8435.4,6056.3
2005-03-20,7244.099999999999,8614.4,5873.799999999999
2005-03-21,7703.75,9558.2,5849.299999999999
2005-03-22,7695.65,9355.6,6035.7
2005-03-23,7955.75,9997.1,5914.4
2005-03-24,7876.849999999999,9474.4,6279.299999999999
2005-03-25,7528.75,8968.0,6089.5
2005-03-26,9364.8,12700.4,6029.200000000001
2005-03-27,6768.85,7993.700000000001,5544.0
2005-03-28,7758.599999999999,9691.8,5825.4
2005-03-29,7572.150000000001,9305.7,5838.6
2005-03-30,7499.25,9137.7,5860.8
2005-03-31,7569.849999999999,9319.1,5820.6
2005-04-01,7478.05,9090.5,5865.6
2005-04-02,7255.400000000001,8618.400000000001,5892.4
2005-04-03,7091.25,8376.8,5805.700000000001
2005-04-04,7388.1,8989.0,5787.200000000001
2005-04-05,7334.15,8885.4,5782.9
2005-04-06,7254.75,8870.2,5639.3
2005-04-07,7335.3,9061.7,5608.9
2005-04-08,7306.200000000001,8920.2,5692.2
2005-04-09,6782.05,7933.700000000001,5630.4
2005-04-10,6750.6,7954.0,5547.2
2005-04-11,7118.9,8766.9,5470.9
2005-04-12,7238.950000000001,8816.7,5661.2
2005-04-13,7205.55,8772.0,5639.1
2005-04-14,7251.85,8806.9,5696.8
2005-04-15,7310.05,8885.0,5735.1
2005-04-16,6781.700000000001,7869.3,5694.1
2005-04-17,6794.5,7948.200000000001,5640.8
2005-04-18,7323.700000000001,9131.2,5516.2
2005-04-19,7372.349999999999,9176.3,5568.4
2005-04-20,7826.700000000001,10005.7,5647.7
2005-04-21,7507.15,9069.0,5945.299999999999
2005-04-22,7267.049999999999,8705.4,5828.7
2005-04-23,6830.7,8073.7,5587.7
2005-04-24,6664.1,7767.0,5561.2
2005-04-25,7136.1,8711.2,5561.0
2005-04-26,7158.3,8730.0,5586.6
2005-04-27,7255.25,8948.7,5561.799999999999
2005-04-28,7135.55,8701.2,5569.9
2005-04-29,7082.499999999999,8599.599999999999,5565.4
2005-04-30,6739.950000000001,8002.400000000001,5477.5
2005-05-01,6654.05,7800.0,5508.1
2005-05-02,7091.4,8814.1,5368.7
2005-05-03,7130.65,8700.599999999999,5560.7
2005-05-04,7125.85,8691.5,5560.200000000001
2005-05-05,7147.900000000001,8744.1,5551.700000000001
2005-05-06,7194.65,8830.5,5558.799999999999
2005-05-07,6701.700000000001,7778.6,5624.8
2005-05-08,6540.6,7612.8,5468.4
2005-05-09,7202.75,8944.5,5461.0
2005-05-10,7258.049999999999,8992.3,5523.8
2005-05-11,7318.650000000001,9116.7,5520.6
2005-05-12,7397.7,9153.4,5642.0
2005-05-13,7102.199999999999,8714.599999999999,5489.8
2005-05-14,6669.65,7839.7,5499.6
2005-05-15,6864.95,8220.0,5509.9
2005-05-16,7552.55,9414.1,5691.0
2005-05-17,7420.45,9233.8,5607.1
2005-05-18,7379.800000000001,9214.4,5545.2
2005-05-19,7387.8,9194.0,5581.6
2005-05-20,7302.5,9001.3,5603.7
2005-05-21,6691.65,7845.6,5537.7
2005-05-22,6578.35,7748.0,5408.700000000001
2005-05-23,7192.0,8951.4,5432.6
2005-05-24,7281.699999999999,9008.6,5554.8
2005-05-25,7363.95,9172.4,5555.5
2005-05-26,7312.65,8966.9,5658.4
2005-05-27,7475.200000000001,9320.9,5629.5
2005-05-28,6836.4,8107.799999999999,5565.0
2005-05-29,6584.85,7677.200000000001,5492.5
2005-05-30,6775.65,8038.2,5513.1
2005-05-31,7847.05,10029.2,5664.9
2005-06-01,7622.45,9481.1,5763.799999999999
2005-06-02,7545.05,9427.5,5662.6
2005-06-03,7633.450000000001,9540.1,5726.8
2005-06-04,7268.0,8769.2,5766.799999999999
2005-06-05,7950.45,9886.5,6014.4
2005-06-06,9953.65,12836.6,7070.7
2005-06-07,10100.3,13107.4,7093.2
2005-06-08,10959.3,14108.1,7810.5
2005-06-09,11162.15,14092.5,8231.8
2005-06-10,10613.75,13209.3,8018.2
2005-06-11,9548.5,11706.8,7390.200000000001
2005-06-12,9575.6,11613.2,7538.0
2005-06-13,11622.4,14676.3,8568.5
2005-06-14,12450.45,15457.9,9443.0
2005-06-15,10177.8,11993.1,8362.5
2005-06-16,9015.0,11217.3,6812.7
2005-06-17,8516.05,10568.8,6463.299999999999
2005-06-18,7686.2,9164.3,6208.1
2005-06-19,7261.6,8363.5,6159.7
2005-06-20,8418.45,10676.3,6160.6
2005-06-21,8933.4,11673.6,6193.2
2005-06-22,9454.55,12011.9,6897.200000000001
2005-06-23,8817.2,11084.0,6550.4
2005-06-24,9412.0,12241.7,6582.299999999999
2005-06-25,9449.65,11860.0,7039.3
2005-06-26,9817.65,12009.4,7625.9
2005-06-27,10695.0,12936.1,8453.9
2005-06-28,10854.2,13651.0,8057.4
2005-06-29,11195.45,13742.1,8648.8
2005-06-30,10367.6,12665.1,8070.1
2005-07-01,10469.0,13116.7,7821.3
2005-07-02,9046.15,10460.3,7632.0
2005-07-03,8027.3,9366.1,6688.5
2005-07-04,8154.1,9726.3,6581.900000000001
2005-07-05,10133.4,12845.9,7420.9
2005-07-06,10461.55,12969.1,7954.0
2005-07-07,9405.45,11218.3,7592.6
2005-07-08,8602.65,10339.4,6865.9
2005-07-09,7956.099999999999,9739.8,6172.4
2005-07-10,8884.8,11192.1,6577.5
2005-07-11,11253.95,14644.3,7863.6
2005-07-12,11456.75,13770.1,9143.4
2005-07-13,10039.45,12276.5,7802.4
2005-07-14,10855.3,13691.2,8019.4
2005-07-15,11314.2,14136.2,8492.2
2005-07-16,10078.5,11676.1,8480.9
2005-07-17,9891.9,11429.4,8354.400000000001
2005-07-18,11896.0,14942.1,8849.9
2005-07-19,12762.35,15961.3,9563.4
2005-07-20,12636.5,15290.8,9982.2
2005-07-21,12067.3,15058.6,9076.0
2005-07-22,12284.05,15172.8,9395.3
2005-07-23,10407.35,11845.4,8969.3
2005-07-24,9601.0,11538.9,7663.1
2005-07-25,11631.9,14571.4,8692.4
2005-07-26,12666.5,16041.6,9291.4
2005-07-27,13274.2,16277.6,10270.8
2005-07-28,10827.55,12801.3,8853.8
2005-07-29,10536.55,13176.5,7896.599999999999
2005-07-30,9969.45,11581.6,8357.3
2005-07-31,9337.4,10943.8,7731.0
2005-08-01,10866.05,13777.7,7954.4
2005-08-02,11999.45,15324.4,8674.5
2005-08-03,12590.3,15717.2,9463.4
2005-08-04,12731.05,15701.1,9761.0
2005-08-05,12949.65,15879.0,10020.3
2005-08-06,10539.35,12127.7,8951.0
2005-08-07,10055.85,11681.5,8430.2
2005-08-08,11394.1,13753.7,9034.5
2005-08-09,11014.0,13052.4,8975.6
2005-08-10,11559.85,14584.5,8535.2
2005-08-11,12325.4,15520.9,9129.9
2005-08-12,12691.45,15767.9,9615.0
2005-08-13,12432.75,14780.3,10085.2
2005-08-14,12156.0,14311.1,10000.9
2005-08-15,11221.25,12884.3,9558.2
2005-08-16,9935.6,11877.8,7993.4
2005-08-17,10520.6,13279.7,7761.5
2005-08-18,10089.3,12314.9,7863.700000000001
2005-08-19,9906.45,12038.8,7774.1
2005-08-20,9627.75,11403.9,7851.599999999999
2005-08-21,10748.95,12986.3,8511.599999999999
2005-08-22,11417.7,13899.5,8935.9
2005-08-23,10137.9,12448.1,7827.7
2005-08-24,9733.75,11793.7,7673.799999999999
2005-08-25,5964.65,11929.3,0.0
2005-08-26,9615.5,11953.0,7278.0
2005-08-27,9024.55,10690.8,7358.3
2005-08-28,9624.85,11354.1,7895.6
2005-08-29,11369.1,14115.8,8622.4
2005-08-30,11596.9,14069.6,9124.2
2005-08-31,12079.55,14789.8,9369.3
2005-09-01,10895.15,13413.7,8376.6
2005-09-02,10562.7,13326.3,7799.1
2005-09-03,9033.7,10404.3,7663.1
2005-09-04,8489.300000000001,9974.7,7003.900000000001
2005-09-05,8538.2,10029.4,7047.0
2005-09-06,9565.9,12054.0,7077.799999999999
2005-09-07,9368.85,11839.9,6897.799999999999
2005-09-08,9699.95,12466.5,6933.400000000001
2005-09-09,9444.15,11484.1,7404.2
2005-09-10,8341.55,9882.5,6800.6
2005-09-11,8026.65,9593.1,6460.2
2005-09-12,9997.45,13145.0,6849.9
2005-09-13,10988.5,14126.0,7851.0
2005-09-14,10896.8,13523.1,8270.5
2005-09-15,11301.25,13776.5,8826.0
2005-09-16,11219.25,13558.5,8880.0
2005-09-17,10123.0,12060.8,8185.2
2005-09-18,8949.6,10572.7,7326.5
2005-09-19,10133.0,12865.7,7400.3
2005-09-20,10411.15,12922.3,7900.0
2005-09-21,9854.65,12222.9,7486.4
2005-09-22,9753.5,12319.1,7187.9
2005-09-23,10242.4,13015.0,7469.8
2005-09-24,7823.049999999999,8900.3,6745.8
2005-09-25,7510.7,8983.4,6038.0
2005-09-26,8836.150000000001,11231.1,6441.200000000001
2005-09-27,8836.1,10794.6,6877.6
2005-09-28,8229.4,10305.9,6152.9
2005-09-29,8588.65,10777.4,6399.9
2005-09-30,7450.0,9148.6,5751.400000000001
2005-10-01,7050.349999999999,8439.3,5661.4
2005-10-02,7302.1,8830.0,5774.200000000001
2005-10-03,8256.6,10503.9,6009.3
2005-10-04,8485.55,10585.6,6385.5
2005-10-05,8633.050000000001,10880.2,6385.900000000001
2005-10-06,8759.65,10958.6,6560.7
2005-10-07,9145.8,11370.2,6921.4
2005-10-08,8664.8,10103.7,7225.9
2005-10-09,7159.450000000001,8310.1,6008.8
2005-10-10,7563.099999999999,9386.3,5739.9
2005-10-11,7704.35,9636.5,5772.200000000001
2005-10-12,7584.25,9448.1,5720.4
2005-10-13,7551.6,9390.1,5713.1
2005-10-14,7660.65,9529.9,5791.400000000001
2005-10-15,7136.049999999999,8483.3,5788.8
2005-10-16,6905.35,8271.1,5539.6
2005-10-17,7393.45,9258.3,5528.6
2005-10-18,7525.650000000001,9411.7,5639.6
2005-10-19,7550.95,9455.4,5646.5
2005-10-20,7479.4,9271.5,5687.3
2005-10-21,7358.9,9091.8,5626.0
2005-10-22,6991.25,8401.7,5580.8
2005-10-23,6867.2,8241.1,5493.299999999999
2005-10-24,7601.7,9618.0,5585.4
2005-10-25,7706.4,9639.8,5773.0
2005-10-26,7629.65,9438.9,5820.400000000001
2005-10-27,7659.849999999999,9558.9,5760.799999999999
2005-10-28,7525.849999999999,9258.4,5793.299999999999
2005-10-29,7098.75,8422.9,5774.6
2005-10-30,8794.65,11914.3,5675.0
2005-10-31,7544.65,9516.9,5572.4
2005-11-01,7765.35,9885.4,5645.3
2005-11-02,7633.25,9663.1,5603.4
2005-11-03,7726.950000000001,9775.7,5678.2
2005-11-04,7655.1,9685.0,5625.2
2005-11-05,7069.85,8525.900000000001,5613.8
2005-11-06,7044.5,8565.6,5523.4
2005-11-07,7638.0,9737.0,5539.0
2005-11-08,7644.4,9686.1,5602.7
2005-11-09,7786.849999999999,9930.8,5642.9
2005-11-10,7737.45,9753.0,5721.9
2005-11-11,7580.9,9457.8,5704.0
2005-11-12,7078.35,8353.2,5803.5
2005-11-13,7027.75,8441.8,5613.7
2005-11-14,7623.85,9720.1,5527.6
2005-11-15,7782.700000000001,10013.1,5552.3
2005-11-16,7945.85,10192.5,5699.200000000001
2005-11-17,4965.9,9931.8,0.0
2005-11-18,7923.950000000001,9854.7,5993.200000000001
2005-11-19,7390.8,8721.2,6060.4
2005-11-20,7191.35,8557.4,5825.3
2005-11-21,7873.9,10019.0,5728.8
2005-11-22,7995.549999999999,10186.1,5805.0
2005-11-23,8102.3,10073.2,6131.4
2005-11-24,6912.1,7875.3,5948.9
2005-11-25,7873.65,9538.8,6208.5
2005-11-26,7524.4,8825.599999999999,6223.2
2005-11-27,7340.8,8781.0,5900.6
2005-11-28,7807.6,9891.6,5723.6
2005-11-29,7905.6,10086.3,5724.900000000001
2005-11-30,7660.5,9910.0,5411.0
2005-12-01,7908.7,10048.4,5769.0
2005-12-02,8049.500000000001,10159.4,5939.6
2005-12-03,7776.65,9312.9,6240.4
2005-12-04,7796.1,9441.2,6151.0
2005-12-05,8407.35,10630.1,6184.6
2005-12-06,8500.6,10666.5,6334.700000000001
2005-12-07,8634.95,10832.6,6437.299999999999
2005-12-08,8695.099999999999,10749.3,6640.9
2005-12-09,8573.15,10643.6,6502.7
2005-12-10,7974.450000000001,9482.7,6466.2
2005-12-11,7838.6,9454.4,6222.8
2005-12-12,8463.25,10695.6,6230.9
2005-12-13,8856.7,11107.4,6606.0
2005-12-14,9064.65,11220.6,6908.7
2005-12-15,8974.55,11030.6,6918.5
2005-12-16,8435.45,10395.3,6475.6
2005-12-17,7934.0,9509.3,6358.7
2005-12-18,7873.900000000001,9451.4,6296.4
2005-12-19,8548.800000000001,10801.9,6295.700000000001
2005-12-20,8577.15,10522.3,6632.0
2005-12-21,8550.2,10521.9,6578.5
2005-12-22,8466.55,10388.3,6544.799999999999
2005-12-23,8232.900000000001,9994.2,6471.6
2005-12-24,7512.65,8898.8,6126.5
2005-12-25,7166.549999999999,8260.8,6072.3
2005-12-26,7529.75,9260.4,5799.1
2005-12-27,8105.75,10108.1,6103.400000000001
2005-12-28,8135.55,10050.2,6220.9
2005-12-29,8007.15,10031.5,5982.799999999999
2005-12-30,7882.0,9745.6,6018.4
2005-12-31,7830.55,9463.0,6198.1
2006-01-01,7453.799999999999,8666.9,6240.7
2006-01-02,7725.349999999999,9451.4,5999.299999999999
2006-01-03,8360.2,10635.2,6085.200000000001
2006-01-04,8361.9,10378.5,6345.3
2006-01-05,8181.6,10200.7,6162.5
2006-01-06,8122.5,10174.1,6070.9
2006-01-07,7820.0,9223.4,6416.6
2006-01-08,7516.95,8880.4,6153.5
2006-01-09,7938.1,9907.1,5969.099999999999
2006-01-10,7952.0,9971.9,5932.1
2006-01-11,8046.1,10079.6,6012.6
2006-01-12,7829.65,9779.6,5879.7
2006-01-13,7840.65,9772.4,5908.9
2006-01-14,7284.5,8729.0,5840.0
2006-01-15,7807.4,9415.8,6199.0
2006-01-16,8416.15,10106.7,6725.599999999999
2006-01-17,8429.2,10337.2,6521.2
2006-01-18,8109.0,10109.3,6108.700000000001
2006-01-19,8102.25,9966.5,6238.0
2006-01-20,7815.25,9558.6,6071.9
2006-01-21,7284.25,8674.6,5893.9
2006-01-22,7390.6,8792.900000000001,5988.3
2006-01-23,8076.75,10134.2,6019.3
2006-01-24,8005.4,9852.9,6157.9
2006-01-25,8048.15,10040.3,6056.0
2006-01-26,8230.6,10180.2,6281.0
2006-01-27,8180.049999999999,9815.9,6544.2
2006-01-28,7401.55,8614.6,6188.5
2006-01-29,7295.05,8700.5,5889.6
2006-01-30,7788.2,9756.4,5820.0
2006-01-31,8001.799999999999,10090.8,5912.8
2006-02-01,7988.35,9866.7,6110.0
2006-02-02,7899.1,9690.9,6107.299999999999
2006-02-03,7659.4,9396.8,5922.0
2006-02-04,7304.349999999999,8747.8,5860.9
2006-02-05,7156.95,8581.8,5732.1
2006-02-06,8002.5,10010.6,5994.4
2006-02-07,8062.35,9908.6,6216.1
2006-02-08,8179.1,10059.7,6298.5
2006-02-09,8210.900000000001,10062.6,6359.200000000001
2006-02-10,8141.900000000001,9857.7,6426.1
2006-02-11,7774.95,9270.3,6279.6
2006-02-12,7929.25,9377.2,6481.3
2006-02-13,8374.900000000001,10234.9,6514.9
2006-02-14,8197.4,9971.3,6423.5
2006-02-15,8007.550000000001,9766.9,6248.2
2006-02-16,7845.450000000001,9630.6,6060.3
2006-02-17,7727.0,9518.3,5935.7
2006-02-18,7717.7,9201.3,6234.1
2006-02-19,7808.900000000001,8948.400000000001,6669.4
2006-02-20,7923.150000000001,9368.2,6478.1
2006-02-21,8082.799999999999,9823.3,6342.3
2006-02-22,8007.099999999999,9728.8,6285.4
2006-02-23,7875.3,9637.7,6112.9
2006-02-24,7942.4,9731.0,6153.8
2006-02-25,7569.599999999999,8722.8,6416.4
2006-02-26,7884.150000000001,9338.2,6430.1
2006-02-27,8541.75,10395.2,6688.299999999999
2006-02-28,8405.05,10199.9,6610.2
2006-03-01,8243.3,9960.6,6526.0
2006-03-02,8372.3,10365.5,6379.1
2006-03-03,8326.2,10116.2,6536.200000000001
2006-03-04,4504.45,9008.9,0.0
2006-03-05,7561.550000000001,8803.400000000001,6319.7
2006-03-06,8045.3,9857.1,6233.5
2006-03-07,8010.700000000001,9754.7,6266.700000000001
2006-03-08,7990.9,9735.4,6246.4
2006-03-09,7874.75,9717.0,6032.5
2006-03-10,7612.35,9289.2,5935.5
2006-03-11,6982.6,8242.4,5722.8
2006-03-12,7021.25,8435.8,5606.700000000001
2006-03-13,7550.9,9424.0,5677.8
2006-03-14,7522.35,9341.6,5703.099999999999
2006-03-15,7788.75,9647.2,5930.3
2006-03-16,7838.4,9548.3,6128.5
2006-03-17,7708.5,9309.2,6107.8
2006-03-18,7434.549999999999,8648.3,6220.799999999999
2006-03-19,7419.3,8708.4,6130.200000000001
2006-03-20,7950.700000000001,9784.6,6116.8
2006-03-21,8026.55,9690.2,6362.9
2006-03-22,7874.35,9629.9,6118.8
2006-03-23,7752.55,9330.5,6174.6
2006-03-24,7608.400000000001,9254.1,5962.700000000001
2006-03-25,7210.299999999999,8461.8,5958.8
2006-03-26,7139.200000000001,8422.7,5855.700000000001
2006-03-27,7542.55,9222.0,5863.1
2006-03-28,7544.1,9269.6,5818.599999999999
2006-03-29,7506.45,9167.4,5845.5
2006-03-30,7474.450000000001,9142.2,5806.700000000001
2006-03-31,7320.65,8924.9,5716.4
2006-04-01,6964.1,8260.0,5668.2
2006-04-02,6759.2,7938.0,5580.4
2006-04-03,7316.599999999999,9211.3,5421.9
2006-04-04,7317.9,8937.5,5698.299999999999
2006-04-05,7477.15,9158.9,5795.4
2006-04-06,7404.900000000001,8900.2,5909.6
2006-04-07,7429.55,9022.6,5836.5
2006-04-08,6965.45,8242.9,5688.0
2006-04-09,6921.6,8039.599999999999,5803.6
2006-04-10,7239.450000000001,8798.2,5680.700000000001
2006-04-11,7257.049999999999,8805.9,5708.2
2006-04-12,7230.9,8813.6,5648.2
2006-04-13,7313.05,8980.4,5645.700000000001
2006-04-14,7097.0,8544.7,5649.299999999999
2006-04-15,6814.45,8075.5,5553.4
2006-04-16,6475.75,7499.700000000001,5451.8
2006-04-17,7052.9,8657.3,5448.5
2006-04-18,7205.5,8852.7,5558.3
2006-04-19,7266.199999999999,8952.599999999999,5579.8
2006-04-20,7521.849999999999,9382.8,5660.9
2006-04-21,7200.7,8775.3,5626.1
2006-04-22,6835.200000000001,8115.1,5555.3
2006-04-23,6846.35,8060.0,5632.7
2006-04-24,7263.250000000001,8987.400000000001,5539.1
2006-04-25,7312.35,9006.2,5618.5
2006-04-26,7173.3,8735.0,5611.6
2006-04-27,7334.900000000001,9025.2,5644.6
2006-04-28,7191.4,8764.8,5618.0
2006-04-29,6737.4,7836.7,5638.1
2006-04-30,6716.049999999999,7879.9,5552.2
2006-05-01,7217.0,8898.6,5535.4
2006-05-02,7246.15,8923.5,5568.8
2006-05-03,7324.1,9054.2,5594.0
2006-05-04,7633.95,9636.9,5631.0
2006-05-05,7774.549999999999,9776.6,5772.5
2006-05-06,7001.55,8151.0,5852.1
2006-05-07,6675.5,7903.0,5448.0
2006-05-08,7227.900000000001,8930.7,5525.1
2006-05-09,7288.0,9005.2,5570.8
2006-05-10,7353.199999999999,9097.1,5609.3
2006-05-11,7361.200000000001,9070.2,5652.2
2006-05-12,7520.05,9398.9,5641.200000000001
2006-05-13,6841.55,8020.8,5662.3
2006-05-14,6613.0,7733.400000000001,5492.6
2006-05-15,7324.599999999999,9166.3,5482.9
2006-05-16,7405.9,9183.0,5628.8
2006-05-17,7436.799999999999,9267.1,5606.5
2006-05-18,7682.1,9678.4,5685.8
2006-05-19,7499.3,9216.1,5782.5
2006-05-20,6665.0,7785.0,5545.0
2006-05-21,6599.45,7798.5,5400.4
2006-05-22,7236.9,8953.5,5520.3
2006-05-23,7327.650000000001,9065.7,5589.6
2006-05-24,7535.5,9444.4,5626.6
2006-05-25,7718.650000000001,9746.2,5691.1
2006-05-26,7933.349999999999,9958.3,5908.4
2006-05-27,7528.9,9062.4,5995.400000000001
2006-05-28,7553.15,8923.7,6182.599999999999
2006-05-29,7958.85,9745.5,6172.200000000001
2006-05-30,9841.75,12779.5,6904.0
2006-05-31,9124.55,11255.7,6993.4
2006-06-01,9746.1,12805.7,6686.5
2006-06-02,9767.05,12133.4,7400.700000000001
2006-06-03,8003.050000000001,9218.4,6787.700000000001
2006-06-04,7124.3,8361.4,5887.200000000001
2006-06-05,8068.9,10104.3,6033.5
2006-06-06,8171.6,10244.7,6098.5
2006-06-07,7942.799999999999,9713.8,6171.8
2006-06-08,7719.2,9602.8,5835.6
2006-06-09,8098.7,10219.3,5978.1
2006-06-10,7052.75,8244.3,5861.200000000001
2006-06-11,6806.35,8143.200000000001,5469.5
2006-06-12,7977.349999999999,10076.8,5877.9
2006-06-13,8775.5,11404.2,6146.8
2006-06-14,9004.1,11328.2,6680.0
2006-06-15,8929.6,11266.4,6592.8
2006-06-16,9257.75,11962.8,6552.700000000001
2006-06-17,8506.6,10180.1,6833.1
2006-06-18,9282.1,11523.0,7041.200000000001
2006-06-19,11199.95,13969.5,8430.4
2006-06-20,10925.6,13583.9,8267.3
2006-06-21,10400.35,12938.8,7861.900000000001
2006-06-22,10794.45,13906.9,7682.0
2006-06-23,11005.05,13431.0,8579.099999999999
2006-06-24,9612.5,11054.6,8170.4
2006-06-25,8700.3,10043.8,7356.8
2006-06-26,9958.0,12371.8,7544.200000000001
2006-06-27,10330.85,12966.6,7695.1
2006-06-28,10743.6,13626.4,7860.799999999999
2006-06-29,10858.95,13553.0,8164.9
2006-06-30,9829.8,12179.1,7480.5
2006-07-01,8911.75,10905.0,6918.5
2006-07-02,9488.75,11700.7,7276.799999999999
2006-07-03,10828.0,13463.1,8192.9
2006-07-04,10475.4,12390.2,8560.6
2006-07-05,10738.7,12632.5,8844.9
2006-07-06,9630.5,11461.7,7799.3
2006-07-07,9434.4,11863.4,7005.4
2006-07-08,9026.8,10767.7,7285.900000000001
2006-07-09,9252.0,11094.0,7410.0
2006-07-10,10664.1,13611.2,7717.0
2006-07-11,11323.75,14394.5,8253.0
2006-07-12,11534.75,13966.7,9102.8
2006-07-13,11246.15,13811.0,8681.3
2006-07-14,11049.5,13901.0,8198.0
2006-07-15,9888.35,11759.0,8017.700000000001
2006-07-16,10453.8,12902.0,8005.6
2006-07-17,12934.4,16394.3,9474.5
2006-07-18,13495.95,16435.0,10556.9
2006-07-19,12030.8,14430.1,9631.5
2006-07-20,10934.5,13083.3,8785.7
2006-07-21,11466.25,14173.6,8758.9
2006-07-22,9934.95,11487.1,8382.8
2006-07-23,9056.0,10214.9,7897.1
2006-07-24,10415.9,13153.8,7678.0
2006-07-25,10900.45,13652.9,8148.0
2006-07-26,11415.05,14413.4,8416.7
2006-07-27,12041.3,15114.1,8968.5
2006-07-28,12244.75,15305.3,9184.2
2006-07-29,11113.25,13492.4,8734.1
2006-07-30,11287.15,13334.1,9240.2
2006-07-31,12601.25,15637.9,9564.6
2006-08-01,13560.000000000002,16840.800000000003,10279.2
2006-08-02,14311.7,17030.7,11592.7
2006-08-03,14217.55,16909.9,11525.2
2006-08-04,13033.95,15510.6,10557.3
2006-08-05,10793.35,12712.6,8874.1
2006-08-06,10184.55,11886.2,8482.9
2006-08-07,12001.15,14696.1,9306.2
2006-08-08,11884.15,14173.0,9595.3
2006-08-09,10602.35,13035.4,8169.3
2006-08-10,10761.3,13458.1,8064.5
2006-08-11,9667.8,11545.1,7790.5
2006-08-12,8203.3,9523.9,6882.7
2006-08-13,8050.8,9601.9,6499.700000000001
2006-08-14,10094.45,12999.2,7189.7
2006-08-15,10559.3,12684.5,8434.099999999999
2006-08-16,10545.9,13248.4,7843.4
2006-08-17,10488.7,12939.5,8037.9
2006-08-18,10269.45,12411.8,8127.1
2006-08-19,9381.6,11066.3,7696.900000000001
2006-08-20,10098.2,12159.7,8036.700000000001
2006-08-21,10667.4,13075.5,8259.3
2006-08-22,10418.85,12900.3,7937.4
2006-08-23,10613.65,13206.9,8020.400000000001
2006-08-24,10142.45,12489.0,7795.900000000001
2006-08-25,9846.0,11839.4,7852.6
2006-08-26,8217.15,9345.3,7089.0
2006-08-27,7910.45,9291.3,6529.6
2006-08-28,9507.8,11642.5,7373.1
2006-08-29,9214.4,11013.0,7415.8
2006-08-30,8614.849999999999,10569.8,6659.9
2006-08-31,8353.75,10086.8,6620.7
2006-09-01,8114.35,9874.5,6354.2
2006-09-02,7202.0,8433.2,5970.799999999999
2006-09-03,7412.45,8753.1,6071.799999999999
2006-09-04,7568.7,9049.0,6088.4
2006-09-05,8309.35,10297.0,6321.7
2006-09-06,8440.349999999999,10659.8,6220.9
2006-09-07,8880.6,11365.2,6396.0
2006-09-08,9197.7,11701.7,6693.700000000001
2006-09-09,8750.35,10548.2,6952.5
2006-09-10,7955.5,9074.2,6836.8
2006-09-11,8066.1,9921.6,6210.6
2006-09-12,7801.9,9690.2,5913.599999999999
2006-09-13,7787.400000000001,9734.6,5840.200000000001
2006-09-14,8143.700000000001,10130.2,6157.2
2006-09-15,8337.0,10341.4,6332.6
2006-09-16,7802.05,9336.0,6268.1
2006-09-17,8084.15,9799.9,6368.4
2006-09-18,9367.0,11978.6,6755.4
2006-09-19,9369.5,11775.3,6963.7
2006-09-20,8461.05,10299.2,6622.9
2006-09-21,7759.75,9613.7,5905.8
2006-09-22,7730.8,9611.1,5850.5
2006-09-23,7684.45,9358.9,6010.0
2006-09-24,8241.65,9944.4,6538.9
2006-09-25,8320.3,10180.8,6459.799999999999
2006-09-26,8042.5,10055.0,6030.0
2006-09-27,7989.9,9985.4,5994.4
2006-09-28,8166.8,10234.5,6099.1
2006-09-29,7954.35,9600.8,6307.900000000001
2006-09-30,7001.35,8336.7,5666.0
2006-10-01,7148.5,8508.2,5788.799999999999
2006-10-02,7523.650000000001,9327.7,5719.6
2006-10-03,8026.1,10293.5,5758.700000000001
2006-10-04,8560.85,10854.1,6267.6
2006-10-05,7935.25,9448.8,6421.700000000001
2006-10-06,7360.800000000001,8960.900000000001,5760.7
2006-10-07,6895.950000000001,8147.400000000001,5644.5
2006-10-08,6877.55,8169.0,5586.1
2006-10-09,7644.1,9653.5,5634.7
2006-10-10,7975.2,10015.9,5934.5
2006-10-11,7844.549999999999,9743.8,5945.3
2006-10-12,7771.55,9666.0,5877.1
2006-10-13,7263.95,8892.4,5635.5
2006-10-14,6923.15,8192.8,5653.5
2006-10-15,6918.8,8216.2,5621.4
2006-10-16,7475.5,9301.2,5649.8
2006-10-17,7692.750000000001,9653.9,5731.6
2006-10-18,7856.0,9875.3,5836.700000000001
2006-10-19,7828.6,9792.9,5864.3
2006-10-20,7837.5,9740.4,5934.599999999999
2006-10-21,6952.35,8197.2,5707.5
2006-10-22,6955.7,8293.0,5618.4
2006-10-23,7465.450000000001,9323.2,5607.7
2006-10-24,7611.05,9522.7,5699.4
2006-10-25,7616.45,9422.0,5810.9
2006-10-26,7622.700000000001,9416.2,5829.2
2006-10-27,7609.05,9329.6,5888.5
2006-10-28,7139.55,8436.4,5842.700000000001
2006-10-29,7133.55,8559.9,5707.200000000001
2006-10-30,7713.3,9660.1,5766.5
2006-10-31,7722.150000000001,9675.1,5769.200000000001
2006-11-01,7854.35,9990.7,5718.0
2006-11-02,7724.75,9720.7,5728.799999999999
2006-11-03,7772.050000000001,9673.4,5870.7
2006-11-04,7325.549999999999,8674.3,5976.8
2006-11-05,7261.25,8621.0,5901.5
2006-11-06,7883.7,9904.1,5863.299999999999
2006-11-07,7895.1,9940.0,5850.200000000001
2006-11-08,7997.65,10185.5,5809.799999999999
2006-11-09,7882.55,9952.5,5812.6
2006-11-10,7648.5,9575.2,5721.8
2006-11-11,7180.5,8603.6,5757.4
2006-11-12,7154.650000000001,8662.900000000001,5646.4
2006-11-13,7876.849999999999,10078.3,5675.4
2006-11-14,7902.7,10018.8,5786.6
2006-11-15,7935.95,10117.6,5754.299999999999
2006-11-16,8035.299999999999,10295.3,5775.3
2006-11-17,7787.25,9709.4,5865.1
2006-11-18,7177.450000000001,8619.2,5735.700000000001
2006-11-19,7206.200000000001,8646.7,5765.7
2006-11-20,7938.25,10069.7,5806.799999999999
2006-11-21,8032.35,10021.0,6043.700000000001
2006-11-22,7990.25,9927.3,6053.2
2006-11-23,7138.6,8259.7,6017.5
2006-11-24,7452.15,9046.4,5857.9
2006-11-25,7215.950000000001,8553.7,5878.200000000001
2006-11-26,7297.6,8739.0,5856.200000000001
2006-11-27,7898.0,10022.7,5773.299999999999
2006-11-28,7987.55,10151.9,5823.200000000001
2006-11-29,7959.5,10127.6,5791.400000000001
2006-11-30,8017.099999999999,10231.6,5802.6
2006-12-01,8049.799999999999,10199.9,5899.7
2006-12-02,7388.5999999999985,8933.599999999999,5843.599999999999
2006-12-03,7511.55,9082.0,5941.1
2006-12-04,8223.25,10545.9,5900.6
2006-12-05,8448.099999999999,10643.3,6252.9
2006-12-06,8423.85,10501.0,6346.7
2006-12-07,8205.55,10329.8,6081.3
2006-12-08,8705.4,10875.4,6535.4
2006-12-09,8102.200000000001,9594.0,6610.400000000001
2006-12-10,7778.1,9293.7,6262.5
2006-12-11,8213.65,10392.5,6034.799999999999
2006-12-12,8267.35,10477.0,6057.7
2006-12-13,8240.75,10469.8,6011.7
2006-12-14,8166.9,10362.8,5971.0
2006-12-15,8113.900000000001,10224.4,6003.4
2006-12-16,7669.15,9300.3,6038.0
2006-12-17,7618.450000000001,9207.2,6029.7
2006-12-18,8149.7,10439.5,5859.9
2006-12-19,8267.25,10481.8,6052.7
2006-12-20,8389.150000000001,10522.4,6255.9
2006-12-21,8273.2,10313.9,6232.5
2006-12-22,8172.35,10165.0,6179.7
2006-12-23,7560.65,9105.9,6015.4
2006-12-24,7331.05,8776.5,5885.6
2006-12-25,7236.55,8440.6,6032.5
2006-12-26,7939.75,9963.9,5915.6
2006-12-27,8066.5,10138.2,5994.8
2006-12-28,8152.45,10102.1,6202.799999999999
2006-12-29,7921.85,9805.0,6038.7
2006-12-30,7636.349999999999,9116.8,6155.9
2006-12-31,7673.95,9245.6,6102.299999999999
2007-01-01,7481.95,8875.5,6088.4
2007-01-02,7988.3,10158.9,5817.700000000001
2007-01-03,8110.150000000001,10114.1,6106.200000000001
2007-01-04,8037.95,10041.5,6034.4
2007-01-05,7962.6,9988.2,5937.0
2007-01-06,7302.6,8777.5,5827.7
2007-01-07,7208.300000000001,8709.2,5707.400000000001
2007-01-08,7912.0,10014.3,5809.7
2007-01-09,8115.45,10147.4,6083.5
2007-01-10,8276.5,10338.4,6214.6
2007-01-11,8342.45,10286.9,6398.0
2007-01-12,8078.799999999999,9907.3,6250.299999999999
2007-01-13,7403.400000000001,8791.6,6015.200000000001
2007-01-14,7273.500000000001,8708.900000000001,5838.1
2007-01-15,7860.6,9762.1,5959.099999999999
2007-01-16,8132.799999999999,10392.8,5872.799999999999
2007-01-17,8617.5,10561.5,6673.5
2007-01-18,8548.55,10438.7,6658.4
2007-01-19,8180.200000000001,10068.7,6291.700000000001
2007-01-20,7970.750000000001,9488.4,6453.1
2007-01-21,8043.25,9426.5,6660.0
2007-01-22,8478.55,10500.3,6456.8
2007-01-23,8374.0,10292.3,6455.7
2007-01-24,8363.75,10287.4,6440.1
2007-01-25,8447.3,10499.7,6394.9
2007-01-26,8930.7,10747.6,7113.799999999999
2007-01-27,8127.7,9409.4,6846.0
2007-01-28,7703.150000000001,9105.9,6300.4
2007-01-29,8508.7,10593.8,6423.6
2007-01-30,8607.25,10413.8,6800.7
2007-01-31,8558.95,10534.1,6583.8
2007-02-01,8548.0,10402.8,6693.200000000001
2007-02-02,8356.5,10189.2,6523.8
2007-02-03,8038.299999999999,9531.8,6544.8
2007-02-04,8149.1,9599.7,6698.5
2007-02-05,9108.85,11185.2,7032.5
2007-02-06,9152.75,10985.5,7320.0
2007-02-07,9033.3,10865.9,7200.7
2007-02-08,8988.800000000001,10800.9,7176.700000000001
2007-02-09,8819.2,10516.8,7121.6
2007-02-10,8218.45,9536.5,6900.4
2007-02-11,8127.700000000001,9456.7,6798.7
2007-02-12,8510.0,10314.5,6705.5
2007-02-13,8659.5,10678.9,6640.1
2007-02-14,8841.35,10751.2,6931.5
2007-02-15,9041.65,10887.6,7195.7
2007-02-16,8925.25,10526.7,7323.799999999999
2007-02-17,8210.3,9383.8,7036.799999999999
2007-02-18,7935.35,9245.0,6625.7
2007-02-19,8543.05,10025.6,7060.5
2007-02-20,8317.2,9909.3,6725.1
2007-02-21,8058.9,9756.3,6361.5
2007-02-22,8139.4,9901.8,6377.0
2007-02-23,8226.15,10035.5,6416.8
2007-02-24,7990.299999999999,9098.5,6882.099999999999
2007-02-25,7906.150000000001,9246.7,6565.6
2007-02-26,8424.099999999999,10309.6,6538.6
2007-02-27,8255.5,10069.0,6442.0
2007-02-28,8101.650000000001,9883.7,6319.6
2007-03-01,8197.7,10004.4,6391.0
2007-03-02,7949.200000000001,9607.7,6290.7
2007-03-03,7401.2,8648.4,6154.0
2007-03-04,7543.65,8991.4,6095.9
2007-03-05,8322.35,10296.3,6348.400000000001
2007-03-06,8957.55,10971.7,6943.4
2007-03-07,9014.15,10777.2,7251.1
2007-03-08,8825.4,10546.3,7104.5
2007-03-09,8585.8,10100.4,7071.2
2007-03-10,7763.1,8857.1,6669.1
2007-03-11,7363.300000000001,8623.7,6102.900000000001
2007-03-12,7754.75,9363.1,6146.400000000001
2007-03-13,7691.35,9323.9,6058.8
2007-03-14,7681.300000000001,9354.2,6008.400000000001
2007-03-15,7677.35,9450.7,5904.0
2007-03-16,8059.95,9924.0,6195.9
2007-03-17,7802.0,8995.5,6608.5
2007-03-18,7718.85,8948.1,6489.6
2007-03-19,8127.900000000001,9805.2,6450.6
2007-03-20,7816.75,9384.5,6249.0
2007-03-21,7977.8,9589.1,6366.5
2007-03-22,7779.599999999999,9372.6,6186.6
2007-03-23,7550.75,9124.3,5977.200000000001
2007-03-24,7120.55,8311.2,5929.9
2007-03-25,7090.3,8318.2,5862.4
2007-03-26,7585.2,9234.8,5935.6
2007-03-27,7544.049999999999,9153.3,5934.8
2007-03-28,7343.549999999999,8930.3,5756.799999999999
2007-03-29,7441.6,9013.0,5870.2
2007-03-30,7448.049999999999,8940.3,5955.799999999999
2007-03-31,6968.05,8112.0,5824.1
2007-04-01,7030.099999999999,8290.3,5769.9
2007-04-02,7516.75,9167.3,5866.2
2007-04-03,7421.65,8912.5,5930.799999999999
2007-04-04,7752.2,9514.4,5990.0
2007-04-05,7607.45,9150.1,6064.799999999999
2007-04-06,7573.35,8911.900000000001,6234.8
2007-04-07,7291.650000000001,8404.7,6178.6
2007-04-08,7156.099999999999,8149.099999999999,6163.099999999999
2007-04-09,7618.5,9080.8,6156.200000000001
2007-04-10,7605.950000000001,9039.7,6172.200000000001
2007-04-11,7560.95,9056.0,6065.9
2007-04-12,7802.15,9645.1,5959.200000000001
2007-04-13,7579.450000000001,9109.5,6049.400000000001
2007-04-14,7103.75,8154.9,6052.599999999999
2007-04-15,7233.7,8622.9,5844.5
2007-04-16,7639.9,9367.1,5912.7
2007-04-17,7610.800000000001,9163.2,6058.400000000001
2007-04-18,7615.849999999999,9188.8,6042.9
2007-04-19,7516.0,9067.7,5964.3
2007-04-20,7423.1,8933.7,5912.5
2007-04-21,6953.05,8078.900000000001,5827.2
2007-04-22,6888.45,8118.9,5658.0
2007-04-23,7628.05,9553.1,5703.0
2007-04-24,7878.2,9775.3,5981.1
2007-04-25,7487.1,9140.5,5833.700000000001
2007-04-26,7314.65,8904.5,5724.8
2007-04-27,7491.499999999999,9214.6,5768.4
2007-04-28,6916.650000000001,8058.700000000001,5774.6
2007-04-29,6842.4,8041.8,5643.0
2007-04-30,7528.35,9407.6,5649.1
2007-05-01,7413.950000000001,9130.1,5697.8
2007-05-02,7389.85,9076.3,5703.400000000001
2007-05-03,7442.85,9159.4,5726.3
2007-05-04,7381.35,9009.2,5753.5
2007-05-05,6850.2,7999.2,5701.2
2007-05-06,6766.95,7946.5,5587.4
2007-05-07,7323.35,9014.6,5632.1
2007-05-08,7412.65,9152.9,5672.4
2007-05-09,7924.800000000001,10069.2,5780.400000000001
2007-05-10,8283.45,10449.7,6117.200000000001
2007-05-11,8223.45,10318.6,6128.299999999999
2007-05-12,7375.199999999999,8551.099999999999,6199.3
2007-05-13,6758.25,7867.4,5649.1
2007-05-14,7476.5,9307.8,5645.200000000001
2007-05-15,8068.099999999999,10373.9,5762.299999999999
2007-05-16,8749.95,11131.3,6368.6
2007-05-17,7949.25,9712.1,6186.400000000001
2007-05-18,7502.15,9155.3,5849.0
2007-05-19,6898.65,8034.9,5762.4
2007-05-20,6904.799999999999,8183.8,5625.799999999999
2007-05-21,7646.5,9547.1,5745.9
2007-05-22,7756.799999999999,9689.3,5824.299999999999
2007-05-23,7850.9,9773.5,5928.3
2007-05-24,8393.1,10817.6,5968.6
2007-05-25,9217.8,11916.9,6518.7
2007-05-26,8918.15,10768.3,7068.0
2007-05-27,8385.25,9769.8,7000.700000000001
2007-05-28,8821.4,10590.3,7052.5
2007-05-29,9290.05,11582.4,6997.7
2007-05-30,9384.0,11992.5,6775.5
2007-05-31,10004.55,12819.3,7189.8
2007-06-01,10138.4,13216.2,7060.6
2007-06-02,9727.05,11891.0,7563.1
2007-06-03,8806.2,10194.2,7418.2
2007-06-04,8686.35,10565.1,6807.599999999999
2007-06-05,9461.95,12145.8,6778.1
2007-06-06,8536.25,10383.0,6689.5
2007-06-07,8335.55,10534.8,6136.3
2007-06-08,9499.35,12388.9,6609.799999999999
2007-06-09,8804.1,10397.5,7210.7
2007-06-10,7701.45,8866.1,6536.799999999999
2007-06-11,9338.95,12124.2,6553.7
2007-06-12,9774.15,12379.0,7169.3
2007-06-13,8756.099999999999,10369.3,7142.9
2007-06-14,7838.8,9593.7,6083.9
2007-06-15,8178.6,10283.0,6074.200000000001
2007-06-16,7915.549999999999,9664.0,6167.099999999999
2007-06-17,8734.35,11022.0,6446.7
2007-06-18,10484.05,12883.2,8084.900000000001
2007-06-19,10025.35,12695.6,7355.1
2007-06-20,9910.85,11973.1,7848.6
2007-06-21,9480.6,12066.2,6895.0
2007-06-22,8927.55,10855.4,6999.700000000001
2007-06-23,7594.549999999999,8971.8,6217.299999999999
2007-06-24,7770.15,9500.6,6039.7
2007-06-25,9886.6,12612.1,7161.1
2007-06-26,11390.8,14869.5,7912.1
2007-06-27,12296.5,15418.4,9174.6
2007-06-28,11857.9,14985.4,8730.4
2007-06-29,10141.95,11757.2,8526.7
2007-06-30,8581.75,10208.5,6955.0
2007-07-01,7691.9,8788.5,6595.299999999999
2007-07-02,8481.4,10563.9,6398.900000000001
2007-07-03,8751.35,10985.2,6517.5
2007-07-04,7691.2,8768.4,6614.0
2007-07-05,9363.75,11867.3,6860.2
2007-07-06,10074.25,12686.2,7462.3
2007-07-07,9158.85,11061.9,7255.8
2007-07-08,9870.05,12203.5,7536.6
2007-07-09,12278.6,15378.9,9178.3
2007-07-10,12718.95,15743.2,9694.7
2007-07-11,12056.8,14486.5,9627.1
2007-07-12,10563.8,12751.9,8375.7
2007-07-13,10254.65,12693.6,7815.7
2007-07-14,9263.4,11084.5,7442.299999999999
2007-07-15,9912.3,12031.2,7793.4
2007-07-16,10805.15,12791.6,8818.7
2007-07-17,11025.85,13992.8,8058.9
2007-07-18,10847.15,12939.3,8755.0
2007-07-19,11054.9,13729.0,8380.8
2007-07-20,10745.5,12603.0,8888.0
2007-07-21,8721.15,10408.9,7033.4
2007-07-22,8770.05,10397.0,7143.1
2007-07-23,9482.6,11293.4,7671.8
2007-07-24,9345.4,12010.7,6680.1
2007-07-25,10318.25,13171.6,7464.900000000001
2007-07-26,11024.2,13939.0,8109.4
2007-07-27,11305.85,13993.2,8618.5
2007-07-28,10709.65,12732.3,8687.0
2007-07-29,10242.15,11783.1,8701.2
2007-07-30,11235.6,14147.3,8323.9
2007-07-31,11598.0,14434.6,8761.4
2007-08-01,11972.55,15094.3,8850.8
2007-08-02,12625.2,15840.3,9410.1
2007-08-03,12707.6,15686.8,9728.4
2007-08-04,11318.9,13662.8,8975.0
2007-08-05,9709.3,11294.0,8124.6
2007-08-06,11311.15,13901.2,8721.1
2007-08-07,12248.95,15079.9,9418.0
2007-08-08,13167.9,16346.0,9989.8
2007-08-09,11732.0,13827.6,9636.4
2007-08-10,9703.15,11607.4,7798.9
2007-08-11,8093.0,9821.0,6365.0
2007-08-12,9309.25,11455.7,7162.799999999999
2007-08-13,11305.8,14086.6,8525.0
2007-08-14,10270.75,12700.0,7841.5
2007-08-15,10655.3,13500.4,7810.200000000001
2007-08-16,11337.3,13941.6,8733.0
2007-08-17,11164.6,13228.8,9100.4
2007-08-18,8069.7,9130.3,7009.1
2007-08-19,7743.299999999999,8880.099999999999,6606.5
2007-08-20,8484.05,10410.1,6558.0
2007-08-21,8009.4,9726.1,6292.7
2007-08-22,7869.85,9724.0,6015.7
2007-08-23,8527.25,10786.7,6267.8
2007-08-24,9806.15,12767.7,6844.6
2007-08-25,10206.2,12479.6,7932.8
2007-08-26,9826.95,11152.3,8501.6
2007-08-27,10593.55,13178.4,8008.7
2007-08-28,10321.6,12847.6,7795.6
2007-08-29,10286.25,13022.9,7549.6
2007-08-30,10622.5,13527.7,7717.299999999999
2007-08-31,10496.7,12978.0,8015.4
2007-09-01,8575.400000000001,9950.1,7200.700000000001
2007-09-02,7852.35,9173.4,6531.299999999999
2007-09-03,8719.45,10750.2,6688.700000000001
2007-09-04,10302.45,12846.2,7758.7
2007-09-05,9644.5,11778.6,7510.4
2007-09-06,9831.15,12376.5,7285.8
2007-09-07,10858.95,13850.1,7867.8
2007-09-08,10349.25,12494.5,8204.0
2007-09-09,10028.2,11957.6,8098.8
2007-09-10,11224.2,13567.6,8880.8
2007-09-11,10574.15,12626.8,8521.5
2007-09-12,9114.15,11074.7,7153.6
2007-09-13,8657.8,10703.6,6612.0
2007-09-14,8650.8,10658.9,6642.700000000001
2007-09-15,7786.750000000001,8847.900000000001,6725.6
2007-09-16,7105.05,8361.6,5848.5
2007-09-17,7740.849999999999,9640.8,5840.9
2007-09-18,7822.7,9745.8,5899.6
2007-09-19,8101.75,10228.9,5974.599999999999
2007-09-20,8582.35,11016.7,6148.0
2007-09-21,9198.3,11731.4,6665.200000000001
2007-09-22,8465.300000000001,10056.7,6873.900000000001
2007-09-23,8274.25,9661.0,6887.5
2007-09-24,8847.050000000001,11099.2,6594.900000000001
2007-09-25,9425.45,12261.3,6589.6
2007-09-26,10324.5,13260.4,7388.6
2007-09-27,10391.8,12775.3,8008.299999999999
2007-09-28,9748.85,11536.0,7961.700000000001
2007-09-29,7767.5,9180.5,6354.5
2007-09-30,7533.6,8920.9,6146.3
2007-10-01,8056.0,9948.4,6163.6
2007-10-02,8170.450000000001,10272.7,6068.2
2007-10-03,9008.8,11491.0,6526.6
2007-10-04,9770.65,12456.3,7085.0
2007-10-05,9766.35,12177.4,7355.3
2007-10-06,8956.05,10767.3,7144.799999999999
2007-10-07,8788.45,10189.0,7387.9
2007-10-08,9899.6,12818.1,6981.1
2007-10-09,9600.4,11501.3,7699.5
2007-10-10,8471.0,10539.7,6402.3
2007-10-11,8327.699999999999,10245.8,6409.599999999999
2007-10-12,7668.25,9291.8,6044.7
2007-10-13,6974.15,8255.9,5692.4
2007-10-14,7000.450000000001,8374.1,5626.8
2007-10-15,7587.5,9513.3,5661.700000000001
2007-10-16,7710.0,9626.3,5793.700000000001
2007-10-17,7959.65,10066.1,5853.200000000001
2007-10-18,8356.1,10561.7,6150.5
2007-10-19,8757.6,10884.2,6631.0
2007-10-20,7622.700000000001,8792.6,6452.8
2007-10-21,7352.549999999999,8879.4,5825.7
2007-10-22,8213.45,10415.2,6011.700000000001
2007-10-23,8626.9,10888.4,6365.4
2007-10-24,8384.5,10074.2,6694.8
2007-10-25,7732.950000000001,9551.2,5914.7
2007-10-26,7650.35,9501.5,5799.2
2007-10-27,7365.700000000001,8821.2,5910.200000000001
2007-10-28,7045.4,8398.1,5692.7
2007-10-29,7611.95,9521.9,5702.0
2007-10-30,7719.200000000001,9560.6,5877.8
2007-10-31,7612.2,9372.8,5851.6
2007-11-01,7753.950000000001,9645.7,5862.2
2007-11-02,7605.450000000001,9382.9,5828.0
2007-11-03,7245.049999999999,8622.599999999999,5867.5
2007-11-04,7199.15,8606.2,5792.099999999999
2007-11-05,7803.65,9837.3,5770.0
2007-11-06,7843.3,9865.2,5821.4
2007-11-07,7955.0,9979.5,5930.5
2007-11-08,8084.05,10098.9,6069.200000000001
2007-11-09,8024.400000000001,9958.9,6089.9
2007-11-10,7434.75,8786.9,6082.6
2007-11-11,7390.450000000001,8737.6,6043.3
2007-11-12,8048.8,10030.9,6066.700000000001
2007-11-13,8016.650000000001,10012.7,6020.6
2007-11-14,8060.35,10110.2,6010.5
2007-11-15,8039.05,10121.2,5956.9
2007-11-16,8004.05,9990.7,6017.4
2007-11-17,7557.65,8940.4,6174.9
2007-11-18,7472.2,8976.3,5968.1
2007-11-19,8148.25,10254.3,6042.2
2007-11-20,8178.9,10182.4,6175.4
2007-11-21,8003.550000000001,9905.7,6101.400000000001
2007-11-22,6951.25,7978.1,5924.4
2007-11-23,7735.95,9492.9,5979.0
2007-11-24,7700.1,9050.5,6349.7
2007-11-25,7564.25,8982.6,6145.900000000001
2007-11-26,8131.599999999999,10232.8,6030.4
2007-11-27,8059.4,10113.1,6005.700000000001
2007-11-28,8178.65,10240.0,6117.299999999999
2007-11-29,8213.5,10226.0,6201.0
2007-11-30,8233.85,10203.1,6264.6
2007-12-01,7924.9,9503.4,6346.400000000001
2007-12-02,8165.200000000001,9840.7,6489.7
2007-12-03,8427.45,10571.3,6283.6
2007-12-04,8694.4,10850.5,6538.3
2007-12-05,8767.65,10869.3,6666.0
2007-12-06,8796.95,10839.8,6754.1
2007-12-07,8737.55,10708.6,6766.5
2007-12-08,8010.099999999999,9487.9,6532.299999999999
2007-12-09,7994.2,9612.9,6375.5
2007-12-10,8511.75,10734.2,6289.299999999999
2007-12-11,8549.3,10710.7,6387.9
2007-12-12,8433.05,10611.7,6254.4
2007-12-13,8832.349999999999,11204.1,6460.6
2007-12-14,8576.05,10516.8,6635.3
2007-12-15,8253.3,9923.6,6583.0
2007-12-16,8304.45,9958.0,6650.900000000001
2007-12-17,8970.650000000001,11170.7,6770.6
2007-12-18,8856.7,10886.3,6827.1
2007-12-19,8704.6,10756.0,6653.200000000001
2007-12-20,8573.75,10638.4,6509.099999999999
2007-12-21,8535.25,10578.0,6492.5
2007-12-22,8079.6,9609.0,6550.2
2007-12-23,7784.950000000001,9317.2,6252.700000000001
2007-12-24,7962.9,9684.6,6241.2
2007-12-25,7434.25,8563.2,6305.3
2007-12-26,8386.45,10420.0,6352.9
2007-12-27,8394.25,10360.4,6428.099999999999
2007-12-28,8182.25,10017.9,6346.6
2007-12-29,7671.249999999999,9092.6,6249.9
2007-12-30,7760.35,9293.5,6227.200000000001
2007-12-31,8147.65,9933.5,6361.8
2008-01-01,7827.7,9166.4,6489.0
2008-01-02,8632.300000000001,10963.9,6300.700000000001
2008-01-03,9187.05,11321.9,7052.200000000001
2008-01-04,8955.85,10732.1,7179.6
2008-01-05,8041.950000000001,9401.1,6682.8
2008-01-06,7760.650000000001,9199.1,6322.200000000001
2008-01-07,8137.200000000001,10114.6,6159.8
2008-01-08,8057.65,10046.3,6069.0
2008-01-09,7999.65,9984.1,6015.2
2008-01-10,8063.150000000001,10072.7,6053.6
2008-01-11,8024.3,9924.7,6123.9
2008-01-12,7523.5,8965.0,6082.0
2008-01-13,7587.049999999999,9051.8,6122.3
2008-01-14,8359.7,10422.2,6297.2
2008-01-15,8373.7,10404.6,6342.8
2008-01-16,8508.75,10450.3,6567.200000000001
2008-01-17,8526.099999999999,10478.4,6573.799999999999
2008-01-18,8153.3,9918.1,6388.5
2008-01-19,7795.599999999999,9225.3,6365.9
2008-01-20,7999.800000000001,9582.2,6417.400000000001
2008-01-21,8729.4,10461.8,6997.0
2008-01-22,8780.25,10650.9,6909.6
2008-01-23,8413.85,10291.6,6536.1
2008-01-24,8596.35,10554.2,6638.5
2008-01-25,8628.95,10338.6,6919.299999999999
2008-01-26,8102.15,9416.1,6788.2
2008-01-27,7903.1,9308.9,6497.3
2008-01-28,8420.099999999999,10277.8,6562.4
2008-01-29,8406.5,10304.7,6508.299999999999
2008-01-30,8220.9,10188.6,6253.2
2008-01-31,8381.3,10214.8,6547.8
2008-02-01,8450.75,10349.5,6552.0
2008-02-02,7749.25,9116.8,6381.7
2008-02-03,7606.9,8838.5,6375.299999999999
2008-02-04,8237.35,10289.6,6185.1
2008-02-05,8101.55,9972.1,6231.0
2008-02-06,7978.3,9894.7,6061.9
2008-02-07,7971.95,9889.4,6054.5
2008-02-08,7978.549999999999,9765.5,6191.599999999999
2008-02-09,7657.099999999999,9038.4,6275.799999999999
2008-02-10,7756.75,9379.3,6134.200000000001
2008-02-11,8931.85,10895.2,6968.5
2008-02-12,8888.349999999999,10699.4,7077.299999999999
2008-02-13,8463.55,10186.5,6740.6
2008-02-14,8273.5,10043.3,6503.7
2008-02-15,8168.4,9824.8,6512.0
2008-02-16,7876.1,9149.2,6603.0
2008-02-17,7659.8,8830.7,6488.9
2008-02-18,7623.950000000001,9175.4,6072.5
2008-02-19,8050.8,9933.0,6168.6
2008-02-20,8354.95,10155.1,6554.799999999999
2008-02-21,8458.9,10151.3,6766.5
2008-02-22,8422.15,10133.3,6711.0
2008-02-23,7897.6,9246.9,6548.299999999999
2008-02-24,7880.35,9163.5,6597.2
2008-02-25,8203.45,9956.2,6450.7
2008-02-26,8253.75,10162.8,6344.7
2008-02-27,8193.349999999999,10186.3,6200.4
2008-02-28,8667.900000000001,10543.6,6792.200000000001
2008-02-29,8617.9,10252.4,6983.4
2008-03-01,7825.25,9086.9,6563.6
2008-03-02,7750.650000000001,8987.2,6514.1
2008-03-03,8099.450000000001,9826.4,6372.5
2008-03-04,8011.65,9867.5,6155.799999999999
2008-03-05,7921.0,9789.5,6052.5
2008-03-06,8006.0,9808.8,6203.2
2008-03-07,8044.349999999999,9801.3,6287.4
2008-03-08,7464.099999999999,8848.8,6079.4
2008-03-09,7567.5,8782.5,6352.5
2008-03-10,8001.85,9607.5,6396.200000000001
2008-03-11,7896.35,9507.4,6285.3
2008-03-12,7855.1,9534.5,6175.7
2008-03-13,7932.75,9511.3,6354.2
2008-03-14,7722.7,9249.0,6196.4
2008-03-15,7220.35,8396.5,6044.200000000001
2008-03-16,7259.449999999999,8553.8,5965.099999999999
2008-03-17,7836.0,9397.3,6274.7
2008-03-18,7924.799999999999,9578.8,6270.799999999999
2008-03-19,7858.599999999999,9569.4,6147.799999999999
2008-03-20,7675.1,9276.1,6074.1
2008-03-21,7729.3,9088.5,6370.1
2008-03-22,7287.200000000001,8356.7,6217.7
2008-03-23,7163.4,8147.7,6179.1
2008-03-24,7693.05,9245.2,6140.9
2008-03-25,7780.200000000001,9339.5,6220.900000000001
2008-03-26,7593.049999999999,9058.9,6127.2
2008-03-27,7691.400000000001,9411.7,5971.1
2008-03-28,7652.900000000001,9280.9,6024.9
2008-03-29,7287.700000000001,8415.7,6159.7
2008-03-30,7370.4,8523.3,6217.5
2008-03-31,7802.199999999999,9484.8,6119.599999999999
2008-04-01,7674.45,9363.4,5985.5
2008-04-02,7550.05,9169.7,5930.4
2008-04-03,7699.45,9216.4,6182.5
2008-04-04,7673.6,9306.7,6040.5
2008-04-05,7009.1,8128.9,5889.3
2008-04-06,7102.75,8441.5,5764.0
2008-04-07,7621.2,9291.3,5951.1
2008-04-08,7525.5,9021.0,6030.0
2008-04-09,7508.55,9052.4,5964.700000000001
2008-04-10,7520.500000000001,9169.4,5871.6
2008-04-11,7386.950000000001,8994.5,5779.400000000001
2008-04-12,7015.0,8214.0,5816.0
2008-04-13,6941.8,8221.5,5662.1
2008-04-14,7349.1,8938.2,5760.0
2008-04-15,7398.200000000001,8932.2,5864.200000000001
2008-04-16,7394.0,8946.0,5842.0
2008-04-17,7442.85,9095.1,5790.6
2008-04-18,7555.55,9330.7,5780.4
2008-04-19,6899.5,8046.3,5752.700000000001
2008-04-20,6845.450000000001,8002.8,5688.1
2008-04-21,7300.35,8903.5,5697.2
2008-04-22,7426.35,9116.5,5736.2
2008-04-23,7598.9,9438.3,5759.5
2008-04-24,7788.05,9667.6,5908.5
2008-04-25,7568.05,9268.2,5867.9
2008-04-26,6849.85,7933.2,5766.5
2008-04-27,6822.65,8044.8,5600.5
2008-04-28,7496.25,9354.7,5637.8
2008-04-29,7430.549999999999,9113.4,5747.7
2008-04-30,7333.700000000001,8847.0,5820.400000000001
2008-05-01,7343.55,8869.7,5817.4
2008-05-02,7407.599999999999,9028.8,5786.4
2008-05-03,6945.4,8109.6,5781.2
2008-05-04,6927.7,8180.6,5674.799999999999
2008-05-05,7431.2,9203.5,5658.9
2008-05-06,7648.200000000001,9571.2,5725.2
2008-05-07,7691.5,9580.1,5802.9
2008-05-08,7892.0,9876.9,5907.1
2008-05-09,7577.1,9249.1,5905.1
2008-05-10,6882.599999999999,7985.799999999999,5779.4
2008-05-11,6735.1,7846.6,5623.6
2008-05-12,7451.0,9250.6,5651.4
2008-05-13,7516.25,9209.6,5822.9
2008-05-14,7566.35,9396.7,5736.0
2008-05-15,7733.65,9696.5,5770.799999999999
2008-05-16,7638.95,9376.4,5901.5
2008-05-17,6920.150000000001,8080.200000000001,5760.1
2008-05-18,6835.35,8057.1,5613.6
2008-05-19,7315.299999999999,8987.3,5643.299999999999
2008-05-20,7529.1,9358.9,5699.3
2008-05-21,7475.049999999999,9180.3,5769.8
2008-05-22,7387.2,9056.9,5717.5
2008-05-23,7450.45,9113.8,5787.1
2008-05-24,6799.25,7900.8,5697.7
2008-05-25,6638.45,7713.2,5563.7
2008-05-26,7024.999999999999,8367.599999999999,5682.4
2008-05-27,8695.1,11254.5,6135.7
2008-05-28,7893.15,9660.7,6125.599999999999
2008-05-29,7910.5,9958.6,5862.4
2008-05-30,8194.9,10334.8,6055.0
2008-05-31,7659.1,9147.7,6170.5
2008-06-01,7758.55,9343.2,6173.9
2008-06-02,8799.8,11134.9,6464.7
2008-06-03,9114.05,11578.9,6649.2
2008-06-04,8581.7,10642.4,6521.0
2008-06-05,8525.849999999999,10592.3,6459.4
2008-06-06,8381.35,10378.5,6384.2
2008-06-07,9096.3,11833.0,6359.6
2008-06-08,10695.35,13242.7,8148.0
2008-06-09,12694.05,16209.8,9178.3
2008-06-10,13384.95,16542.5,10227.4
2008-06-11,11881.6,14332.4,9430.8
2008-06-12,11165.85,13668.1,8663.6
2008-06-13,10150.6,12396.6,7904.6
2008-06-14,10158.35,12601.4,7715.299999999999
2008-06-15,9362.65,10763.2,7962.1
2008-06-16,9767.45,12229.8,7305.1
2008-06-17,9249.3,11465.4,7033.200000000001
2008-06-18,8699.9,10798.9,6600.9
2008-06-19,8667.6,10894.6,6440.599999999999
2008-06-20,9004.25,11391.9,6616.6
2008-06-21,8650.55,10598.5,6702.6
2008-06-22,8857.65,10482.8,7232.5
2008-06-23,10180.65,12591.1,7770.200000000001
2008-06-24,10005.05,12323.5,7686.6
2008-06-25,9926.35,12575.1,7277.6
2008-06-26,10389.45,12794.5,7984.4
2008-06-27,10807.75,13283.7,8331.8
2008-06-28,10618.9,13009.7,8228.1
2008-06-29,10428.95,12445.9,8412.0
2008-06-30,11267.4,13808.7,8726.1
2008-07-01,11136.4,13917.6,8355.2
2008-07-02,10731.45,13281.3,8181.6
2008-07-03,10909.45,13736.1,8082.8
2008-07-04,9514.45,10815.1,8213.8
2008-07-05,9015.8,10256.0,7775.6
2008-07-06,9063.35,10644.7,7482.0
2008-07-07,11016.15,13856.9,8175.4
2008-07-08,11782.8,14843.7,8721.9
2008-07-09,11788.5,14436.7,9140.3
2008-07-10,11206.45,13427.0,8985.9
2008-07-11,10704.0,13348.4,8059.6
2008-07-12,9862.0,11717.7,8006.299999999999
2008-07-13,9780.65,11558.5,8002.8
2008-07-14,10974.3,13015.9,8932.7
2008-07-15,11034.0,13893.7,8174.3
2008-07-16,11440.3,14479.5,8401.1
2008-07-17,11846.85,14949.4,8744.3
2008-07-18,12411.4,15658.4,9164.4
2008-07-19,11869.9,14077.9,9661.9
2008-07-20,11708.65,13866.1,9551.2
2008-07-21,12750.5,15538.7,9962.3
2008-07-22,12126.2,14511.3,9741.1
2008-07-23,11493.3,13715.1,9271.5
2008-07-24,10961.5,13256.0,8667.0
2008-07-25,10515.95,13176.8,7855.1
2008-07-26,9997.8,11992.3,8003.3
2008-07-27,9381.75,10808.3,7955.2
2008-07-28,10585.65,13445.7,7725.6
2008-07-29,11316.05,14308.1,8324.0
2008-07-30,11630.65,14268.6,8992.7
2008-07-31,12114.2,14841.5,9386.9
2008-08-01,11805.35,14419.7,9191.0
2008-08-02,10250.7,11697.1,8804.3
2008-08-03,9260.75,10948.4,7573.1
2008-08-04,10717.15,13367.8,8066.5
2008-08-05,10980.05,13653.1,8307.0
2008-08-06,11478.7,14253.0,8704.400000000001
2008-08-07,10944.25,13398.0,8490.5
2008-08-08,10191.95,12336.6,8047.3
2008-08-09,8848.8,10478.5,7219.1
2008-08-10,8766.05,10253.6,7278.5
2008-08-11,9319.3,11251.4,7387.200000000001
2008-08-12,9267.8,11762.8,6772.8
2008-08-13,9762.35,12329.5,7195.200000000001
2008-08-14,10382.5,12907.5,7857.5
2008-08-15,9804.4,12122.5,7486.3
2008-08-16,8796.7,10389.2,7204.200000000001
2008-08-17,8802.5,10572.0,7033.0
2008-08-18,10730.35,13557.4,7903.299999999999
2008-08-19,10839.15,13297.1,8381.2
2008-08-20,9145.05,11239.7,7050.4
2008-08-21,9422.7,11836.6,7008.8
2008-08-22,9651.45,12030.8,7272.099999999999
2008-08-23,8798.05,10406.7,7189.4
2008-08-24,8959.9,10607.3,7312.5
2008-08-25,10546.15,13186.9,7905.4
2008-08-26,9213.6,11359.1,7068.1
2008-08-27,9087.5,11254.7,6920.299999999999
2008-08-28,9290.85,11761.6,6820.1
2008-08-29,9347.25,11475.3,7219.2
2008-08-30,9264.75,11070.5,7459.0
2008-08-31,8717.9,10276.0,7159.799999999999
2008-09-01,9010.35,10809.1,7211.6
2008-09-02,10527.55,13391.2,7663.9
2008-09-03,10558.8,13090.1,8027.5
2008-09-04,11321.3,14486.7,8155.9
2008-09-05,11496.2,14176.9,8815.5
2008-09-06,10763.55,12681.9,8845.2
2008-09-07,9251.0,10838.1,7663.9
2008-09-08,10002.1,12465.3,7538.9
2008-09-09,9761.3,11866.1,7656.5
2008-09-10,8937.75,10892.0,6983.5
2008-09-11,8538.4,10528.5,6548.299999999999
2008-09-12,8442.45,10347.8,6537.1
2008-09-13,8631.25,10458.0,6804.5
2008-09-14,9832.95,12267.4,7398.5
2008-09-15,10950.25,13078.0,8822.5
2008-09-16,8856.349999999999,10613.1,7099.6
2008-09-17,8639.5,10800.0,6479.0
2008-09-18,8560.25,10603.4,6517.1
2008-09-19,7886.000000000001,9611.4,6160.6
2008-09-20,7221.7,8537.5,5905.9
2008-09-21,7535.450000000001,9168.9,5902.0
2008-09-22,8371.699999999999,10347.8,6395.599999999999
2008-09-23,8020.0,9920.7,6119.299999999999
2008-09-24,7950.9,9868.1,6033.7
2008-09-25,7736.5,9526.1,5946.9
2008-09-26,7944.000000000001,9921.9,5966.1
2008-09-27,7788.9,9342.0,6235.8
2008-09-28,8041.299999999999,9652.0,6430.599999999999
2008-09-29,8653.1,10685.2,6621.0
2008-09-30,8153.55,10033.0,6274.1
2008-10-01,8269.15,10219.7,6318.599999999999
2008-10-02,7697.95,9348.6,6047.299999999999
2008-10-03,7415.1,9082.7,5747.5
2008-10-04,6949.35,8223.0,5675.7
2008-10-05,7012.65,8374.0,5651.3
2008-10-06,7449.049999999999,9268.9,5629.2
2008-10-07,7474.0,9264.9,5683.1
2008-10-08,7476.65,9225.1,5728.2
2008-10-09,7758.049999999999,9687.9,5828.2
2008-10-10,7806.35,9609.5,6003.2
2008-10-11,7155.3,8447.0,5863.6
2008-10-12,7068.25,8368.6,5767.9
2008-10-13,7748.6,9659.4,5837.8
2008-10-14,7857.75,9764.7,5950.8
2008-10-15,7887.1,9700.4,6073.8
2008-10-16,8144.85,10287.6,6002.1
2008-10-17,7434.9,9038.0,5831.8
2008-10-18,6996.7,8258.8,5734.6
2008-10-19,7037.1,8398.0,5676.2
2008-10-20,7526.9,9331.9,5721.9
2008-10-21,7583.3,9351.9,5814.700000000001
2008-10-22,7681.65,9504.2,5859.099999999999
2008-10-23,7665.25,9415.8,5914.7
2008-10-24,7626.5,9281.5,5971.5
2008-10-25,7256.5,8651.6,5861.4
2008-10-26,7024.85,8354.5,5695.2
2008-10-27,7613.550000000001,9535.7,5691.400000000001
2008-10-28,7814.200000000001,9823.4,5805.0
2008-10-29,7860.599999999999,9676.6,6044.6
2008-10-30,7858.25,9611.2,6105.3
2008-10-31,7583.5,9103.1,6063.9
2008-11-01,7151.6,8396.900000000001,5906.299999999999
2008-11-02,7224.35,8714.0,5734.7
2008-11-03,7892.200000000001,9898.7,5885.7
2008-11-04,7909.75,9919.2,5900.3
2008-11-05,7932.25,10041.5,5823.0
2008-11-06,7971.1,10085.9,5856.3
2008-11-07,7889.599999999999,9916.3,5862.9
2008-11-08,7308.15,8779.9,5836.4
2008-11-09,7130.0,8566.3,5693.700000000001
2008-11-10,7806.25,9867.7,5744.8
2008-11-11,7897.9,9789.6,6006.2
2008-11-12,7994.599999999999,9998.3,5990.9
2008-11-13,8029.749999999999,10100.1,5959.4
2008-11-14,7873.1,9875.7,5870.5
2008-11-15,7405.25,8922.2,5888.3
2008-11-16,7233.950000000001,8746.2,5721.7
2008-11-17,7989.6500000000015,10056.9,5922.400000000001
2008-11-18,8212.3,10289.3,6135.3
2008-11-19,8397.849999999999,10363.9,6431.799999999999
2008-11-20,8394.2,10363.1,6425.3
2008-11-21,8336.15,10223.0,6449.3
2008-11-22,8078.75,9521.4,6636.099999999999
2008-11-23,7981.85,9339.1,6624.6
2008-11-24,8336.8,10269.4,6404.200000000001
2008-11-25,8180.6,10219.6,6141.6
2008-11-26,8156.249999999999,10012.6,6299.9
2008-11-27,7201.0,8134.4,6267.6
2008-11-28,7754.65,9308.4,6200.9
2008-11-29,7538.650000000001,8903.1,6174.200000000001
2008-11-30,7667.450000000001,9235.2,6099.700000000001
2008-12-01,8042.549999999999,10085.8,5999.299999999999
2008-12-02,8182.799999999999,10254.6,6111.0
2008-12-03,8325.599999999999,10339.8,6311.4
2008-12-04,8244.75,10225.1,6264.4
2008-12-05,8246.05,10286.6,6205.5
2008-12-06,7965.6,9451.2,6480.0
2008-12-07,8056.2,9794.0,6318.4
2008-12-08,8888.15,10989.9,6786.4
2008-12-09,8604.8,10541.8,6667.799999999999
2008-12-10,8250.95,10342.0,6159.9
2008-12-11,8352.45,10604.1,6100.8
2008-12-12,8379.5,10461.1,6297.9
2008-12-13,8123.85,9726.0,6521.7
2008-12-14,8025.099999999999,9498.3,6551.9
2008-12-15,8242.55,10364.3,6120.8
2008-12-16,8389.7,10748.8,6030.6
2008-12-17,8576.800000000001,10649.2,6504.400000000001
2008-12-18,8464.3,10524.8,6403.799999999999
2008-12-19,8725.05,10931.5,6518.6
2008-12-20,8400.3,10047.3,6753.3
2008-12-21,8281.5,9869.4,6693.6
2008-12-22,9115.65,11262.4,6968.9
2008-12-23,9052.7,10930.4,7175.0
2008-12-24,8411.050000000001,10054.4,6767.7
2008-12-25,7419.7,8560.5,6278.9
2008-12-26,8177.199999999999,9909.6,6444.8
2008-12-27,7660.300000000001,9073.9,6246.700000000001
2008-12-28,7440.95,8868.0,6013.9
2008-12-29,8052.55,10025.7,6079.4
2008-12-30,8223.4,10212.9,6233.9
2008-12-31,8527.2,10569.0,6485.4
2009-01-01,8399.8,9624.5,7175.1
2009-01-02,8537.6,10256.4,6818.8
2009-01-03,8054.299999999999,9463.8,6644.8
2009-01-04,7993.65,9364.3,6623.0
2009-01-05,8336.449999999999,10368.1,6304.8
2009-01-06,8492.6,10564.6,6420.6
2009-01-07,8516.5,10490.8,6542.200000000001
2009-01-08,8465.150000000001,10457.7,6472.6
2009-01-09,8548.849999999999,10396.3,6701.4
2009-01-10,8281.6,9801.2,6762.0
2009-01-11,8110.549999999999,9608.1,6613.0
2009-01-12,8654.45,10617.2,6691.7
2009-01-13,8571.8,10447.7,6695.9
2009-01-14,8711.35,10787.2,6635.5
2009-01-15,9019.45,11044.3,6994.6
2009-01-16,9142.8,10963.5,7322.099999999999
2009-01-17,8802.2,10086.6,7517.8
2009-01-18,8240.45,9507.5,6973.4
2009-01-19,8538.7,10332.4,6745.0
2009-01-20,8730.15,10671.9,6788.400000000001
2009-01-21,8896.0,10762.9,7029.1
2009-01-22,8774.400000000001,10481.7,7067.1
2009-01-23,8390.150000000001,10018.7,6761.6
2009-01-24,7971.25,9545.9,6396.6
2009-01-25,8309.95,9604.9,7015.0
2009-01-26,8749.7,10603.3,6896.1
2009-01-27,8756.199999999999,10677.1,6835.3
2009-01-28,8815.95,10724.2,6907.7
2009-01-29,8560.8,10376.6,6745.0
2009-01-30,8501.3,10219.2,6783.4
2009-01-31,8237.05,9616.5,6857.6
2009-02-01,7825.85,8953.5,6698.200000000001
2009-02-02,8167.55,9991.1,6344.0
2009-02-03,8491.849999999999,10561.3,6422.4
2009-02-04,8696.45,10568.8,6824.1
2009-02-05,9000.95,10835.4,7166.5
2009-02-06,8827.650000000001,10404.1,7251.200000000001
2009-02-07,7996.9,9108.8,6885.0
2009-02-08,7562.15,8914.5,6209.8
2009-02-09,8151.05,9986.5,6315.6
2009-02-10,8110.800000000001,9903.2,6318.400000000001
2009-02-11,7932.6,9694.0,6171.2
2009-02-12,7937.099999999999,9825.3,6048.9
2009-02-13,7926.400000000001,9647.6,6205.200000000001
2009-02-14,7647.849999999999,8817.4,6478.299999999999
2009-02-15,7502.55,8676.7,6328.4
2009-02-16,7879.35,9367.7,6391.0
2009-02-17,8197.1,9916.2,6478.0
2009-02-18,8316.55,10127.6,6505.5
2009-02-19,8020.95,9763.1,6278.799999999999
2009-02-20,8359.95,10034.0,6685.9
2009-02-21,7849.75,8979.1,6720.400000000001
2009-02-22,7737.099999999999,9166.3,6307.9
2009-02-23,8484.15,10382.3,6586.0
2009-02-24,8526.849999999999,10231.4,6822.299999999999
2009-02-25,8379.35,10057.2,6701.5
2009-02-26,8171.200000000001,9847.1,6495.3
2009-02-27,7925.0,9583.8,6266.2
2009-02-28,7528.900000000001,8944.1,6113.700000000001
2009-03-01,7774.549999999999,9216.3,6332.8
2009-03-02,8604.25,10564.6,6643.9
2009-03-03,8844.05,10627.7,7060.4
2009-03-04,8698.0,10315.8,7080.200000000001
2009-03-05,8408.15,9994.8,6821.5
2009-03-06,7960.75,9512.8,6408.700000000001
2009-03-07,7285.65,8449.1,6122.2
2009-03-08,7171.0,8430.3,5911.7
2009-03-09,7705.05,9558.0,5852.1
2009-03-10,7858.45,9552.9,6164.0
2009-03-11,7779.0,9411.8,6146.200000000001
2009-03-12,7843.0,9515.5,6170.5
2009-03-13,7923.599999999999,9416.4,6430.799999999999
2009-03-14,7407.15,8453.6,6360.7
2009-03-15,7220.7,8419.3,6022.1
2009-03-16,7723.049999999999,9407.3,6038.8
2009-03-17,7617.65,9081.6,6153.7
2009-03-18,7608.05,9100.7,6115.4
2009-03-19,7594.35,9261.4,5927.3
2009-03-20,7669.15,9272.1,6066.2
2009-03-21,7293.1,8327.900000000001,6258.3
2009-03-22,7270.7,8423.4,6118.0
2009-03-23,7785.65,9411.2,6160.099999999999
2009-03-24,7904.950000000001,9361.2,6448.7
2009-03-25,7656.65,9114.5,6198.8
2009-03-26,7765.0,9446.2,6083.8
2009-03-27,7472.949999999999,8896.8,6049.099999999999
2009-03-28,6984.65,8135.9,5833.400000000001
2009-03-29,7051.85,8307.5,5796.200000000001
2009-03-30,7419.05,9041.9,5796.200000000001
2009-03-31,7454.8,8914.0,5995.6
2009-04-01,7622.75,9324.6,5920.9
2009-04-02,7477.7,9022.9,5932.5
2009-04-03,7512.2,9189.4,5835.0
2009-04-04,7021.25,8223.7,5818.799999999999
2009-04-05,6914.900000000001,8020.6,5809.200000000001
2009-04-06,7479.5,9257.3,5701.7
2009-04-07,7480.6,9104.4,5856.8
2009-04-08,7556.550000000001,9090.4,6022.700000000001
2009-04-09,7408.1,8791.0,6025.2
2009-04-10,7191.800000000001,8527.7,5855.900000000001
2009-04-11,6969.6,8181.0,5758.2
2009-04-12,6897.15,7888.799999999999,5905.5
2009-04-13,7434.85,8914.3,5955.400000000001
2009-04-14,7448.150000000001,9071.2,5825.1
2009-04-15,7498.35,8998.6,5998.1
2009-04-16,7365.650000000001,8738.7,5992.6
2009-04-17,7339.2,8766.8,5911.6
2009-04-18,6893.5,8057.299999999999,5729.7
2009-04-19,6832.7,8050.9,5614.5
2009-04-20,7547.45,9429.3,5665.6
2009-04-21,7407.75,8981.3,5834.2
2009-04-22,7371.75,8955.7,5787.799999999999
2009-04-23,7313.9,8806.2,5821.599999999999
2009-04-24,7286.5,8808.0,5765.0
2009-04-25,7049.200000000001,8389.7,5708.700000000001
2009-04-26,7456.15,8988.0,5924.299999999999
2009-04-27,8354.300000000001,10471.2,6237.400000000001
2009-04-28,8901.199999999999,11379.3,6423.099999999999
2009-04-29,7775.25,9254.9,6295.6
2009-04-30,7296.2,8929.8,5662.6
2009-05-01,7620.200000000001,9483.7,5756.700000000001
2009-05-02,6962.65,8025.8,5899.5
2009-05-03,6906.55,8125.0,5688.1
2009-05-04,7440.9,9207.9,5673.9
2009-05-05,7434.299999999999,9140.8,5727.8
2009-05-06,7393.2,8994.3,5792.1
2009-05-07,7667.8,9565.0,5770.6
2009-05-08,7680.35,9483.0,5877.7
2009-05-09,7227.8,8556.2,5899.4
2009-05-10,6815.85,7904.5,5727.200000000001
2009-05-11,7335.5,9043.9,5627.1
2009-05-12,7435.650000000001,9199.7,5671.6
2009-05-13,7480.65,9194.9,5766.4
2009-05-14,7533.8,9288.0,5779.6
2009-05-15,7870.35,9870.5,5870.2
2009-05-16,7129.799999999999,8319.9,5939.7
2009-05-17,6972.050000000001,8018.400000000001,5925.700000000001
2009-05-18,7243.900000000001,8840.7,5647.1
2009-05-19,7425.75,9150.9,5700.6
2009-05-20,7793.25,9908.4,5678.1
2009-05-21,8088.75,10242.0,5935.5
2009-05-22,8473.6,10786.5,6160.7
2009-05-23,7659.5,8754.4,6564.6
2009-05-24,7527.349999999999,9054.3,6000.4
2009-05-25,7813.85,9117.5,6510.2
2009-05-26,7831.549999999999,9443.3,6219.8
2009-05-27,7627.9,9426.9,5828.9
2009-05-28,7707.200000000001,9472.9,5941.5
2009-05-29,7862.65,9770.0,5955.299999999999
2009-05-30,7410.55,8791.9,6029.200000000001
2009-05-31,7267.15,8641.0,5893.3
2009-06-01,7695.950000000001,9518.4,5873.5
2009-06-02,8474.6,10904.2,6045.0
2009-06-03,8358.25,10243.4,6473.1
2009-06-04,7826.25,9641.1,6011.4
2009-06-05,7703.05,9407.5,5998.6
2009-06-06,7260.150000000001,8672.2,5848.1
2009-06-07,7553.8,9123.2,5984.4
2009-06-08,8660.7,10705.7,6615.700000000001
2009-06-09,8372.75,10421.7,6323.8
2009-06-10,8107.05,9965.0,6249.1
2009-06-11,7948.75,9773.2,6124.299999999999
2009-06-12,8608.150000000001,11088.1,6128.200000000001
2009-06-13,7984.049999999999,9350.8,6617.299999999999
2009-06-14,7346.15,8569.1,6123.2
2009-06-15,8106.200000000001,10118.7,6093.7
2009-06-16,7878.9,9732.9,6024.9
2009-06-17,7797.35,9666.1,5928.599999999999
2009-06-18,7993.0,9964.4,6021.6
2009-06-19,8473.9,10805.5,6142.3
2009-06-20,7774.3,9163.6,6385.0
2009-06-21,7540.0,8896.6,6183.4
2009-06-22,8586.1,10682.0,6490.200000000001
2009-06-23,8812.85,11167.4,6458.3
2009-06-24,8958.3,11133.2,6783.4
2009-06-25,9154.55,11664.5,6644.599999999999
2009-06-26,9565.75,12252.3,6879.2
2009-06-27,8513.6,10340.7,6686.5
2009-06-28,8274.8,9877.6,6672.0
2009-06-29,9681.65,12272.3,7091.0
2009-06-30,9991.8,12690.9,7292.700000000001
2009-07-01,9679.35,11987.1,7371.6
2009-07-02,9615.1,12013.6,7216.599999999999
2009-07-03,8852.35,10549.1,7155.6
2009-07-04,8059.05,9326.1,6792.0
2009-07-05,7892.3,9429.1,6355.5
2009-07-06,9565.65,12091.4,7039.900000000001
2009-07-07,9675.7,12018.7,7332.7
2009-07-08,9089.7,11339.0,6840.400000000001
2009-07-09,8612.3,10431.8,6792.8
2009-07-10,8576.25,10708.7,6443.799999999999
2009-07-11,7949.85,9473.1,6426.599999999999
2009-07-12,8161.55,9711.2,6611.9
2009-07-13,9058.8,11296.2,6821.4
2009-07-14,9117.75,11406.6,6828.9
2009-07-15,9315.4,11783.8,6847.0
2009-07-16,10299.7,13192.5,7406.9
2009-07-17,10715.15,13409.0,8021.3
2009-07-18,9752.05,11316.8,8187.3
2009-07-19,8649.35,10274.2,7024.5
2009-07-20,10052.3,12524.4,7580.2
2009-07-21,9322.65,11033.4,7611.9
2009-07-22,9960.7,12765.0,7156.4
2009-07-23,9950.0,11995.1,7904.9
2009-07-24,9330.8,11818.9,6842.700000000001
2009-07-25,9116.1,11055.4,7176.8
2009-07-26,9701.45,11604.5,7798.4
2009-07-27,10876.8,13704.2,8049.4
2009-07-28,11268.65,14154.9,8382.4
2009-07-29,11200.4,13641.5,8759.3
2009-07-30,11300.65,14176.7,8424.6
2009-07-31,11454.4,14169.3,8739.5
2009-08-01,9463.65,11344.7,7582.599999999999
2009-08-02,9271.85,10646.8,7896.9
2009-08-03,10768.25,13640.4,7896.1
2009-08-04,10969.6,13827.0,8112.2
2009-08-05,11809.5,14724.7,8894.3
2009-08-06,9963.8,11771.7,8155.9
2009-08-07,9550.45,11744.4,7356.5
2009-08-08,8416.900000000001,9839.7,6994.1
2009-08-09,9116.3,10963.4,7269.2
2009-08-10,11780.2,15345.2,8215.2
2009-08-11,12225.35,15083.0,9367.7
2009-08-12,11373.5,13503.0,9244.0
2009-08-13,9862.45,11566.0,8158.9
2009-08-14,10479.2,13370.3,7588.1
2009-08-15,10202.8,12344.5,8061.1
2009-08-16,10556.35,12879.0,8233.7
2009-08-17,12354.85,15439.2,9270.5
2009-08-18,12315.25,15305.9,9324.6
2009-08-19,12291.15,15350.6,9231.7
2009-08-20,12540.55,15557.4,9523.7
2009-08-21,13023.7,15845.4,10202.0
2009-08-22,11014.2,12984.1,9044.3
2009-08-23,10452.6,12345.4,8559.8
2009-08-24,11272.7,13821.9,8723.5
2009-08-25,11046.95,13741.2,8352.7
2009-08-26,11306.45,14089.9,8523.0
2009-08-27,10265.6,12106.0,8425.2
2009-08-28,9360.0,10925.2,7794.799999999999
2009-08-29,8669.05,9928.6,7409.5
2009-08-30,8670.650000000001,10323.2,7018.1
2009-08-31,8733.8,10562.5,6905.1
2009-09-01,8409.55,10464.0,6355.1
2009-09-02,8601.3,10807.8,6394.799999999999
2009-09-03,8707.650000000001,10870.7,6544.6
2009-09-04,9082.6,11535.8,6629.4
2009-09-05,8970.05,10711.9,7228.2
2009-09-06,8015.9,9048.5,6983.299999999999
2009-09-07,7774.4,9168.8,6380.0
2009-09-08,8753.8,10956.7,6550.9
2009-09-09,8930.4,10945.8,6915.0
2009-09-10,8183.75,9959.2,6408.299999999999
2009-09-11,7937.65,9767.8,6107.5
2009-09-12,7575.900000000001,8934.400000000001,6217.4
2009-09-13,7993.400000000001,9640.7,6346.1
2009-09-14,8917.25,11225.6,6608.9
2009-09-15,9073.5,11477.4,6669.6
2009-09-16,8522.95,10180.0,6865.9
2009-09-17,7758.7,9406.5,6110.9
2009-09-18,7993.5,10087.7,5899.3
2009-09-19,7228.6,8421.7,6035.5
2009-09-20,7238.1,8646.2,5830.0
2009-09-21,8142.05,10334.0,5950.1
2009-09-22,8462.0,10541.6,6382.4
2009-09-23,9219.55,11812.8,6626.3
2009-09-24,9833.4,12161.8,7505.0
2009-09-25,8311.8,9963.2,6660.4
2009-09-26,7123.75,8333.099999999999,5914.400000000001
2009-09-27,7418.299999999999,8953.8,5882.8
2009-09-28,8015.549999999999,10003.3,6027.799999999999
2009-09-29,7665.5,9427.0,5904.0
2009-09-30,7446.95,9115.9,5778.0
2009-10-01,7362.2,9087.5,5636.9
2009-10-02,7347.849999999999,9007.9,5687.799999999999
2009-10-03,7335.65,8774.9,5896.4
2009-10-04,7382.9,8789.0,5976.799999999999
2009-10-05,7526.599999999999,9312.8,5740.4
2009-10-06,7488.9,9282.8,5695.0
2009-10-07,7721.9,9578.6,5865.2
2009-10-08,7463.849999999999,9211.9,5715.799999999999
2009-10-09,7633.8,9480.7,5786.9
2009-10-10,7111.3,8237.7,5984.9
2009-10-11,6869.25,8089.2,5649.3
2009-10-12,7324.8,9042.2,5607.4
2009-10-13,7476.700000000001,9243.2,5710.2
2009-10-14,7499.55,9247.5,5751.6
2009-10-15,7712.2,9656.4,5768.0
2009-10-16,7711.65,9390.0,6033.3
2009-10-17,7194.4,8467.6,5921.2
2009-10-18,7248.35,8659.0,5837.700000000001
2009-10-19,7619.85,9339.2,5900.5
2009-10-20,7637.0,9345.6,5928.400000000001
2009-10-21,7597.8,9416.7,5778.9
2009-10-22,7653.85,9530.2,5777.5
2009-10-23,7560.2,9289.1,5831.299999999999
2009-10-24,7299.4,8758.9,5839.9
2009-10-25,7001.099999999999,8283.3,5718.9
2009-10-26,7498.4,9336.0,5660.8
2009-10-27,7686.35,9616.9,5755.8
2009-10-28,7676.9,9551.3,5802.5
2009-10-29,7584.799999999999,9370.3,5799.3
2009-10-30,7510.95,9201.6,5820.299999999999
2009-10-31,7162.2,8570.3,5754.1
2009-11-01,7082.2,8516.4,5648.0
2009-11-02,7704.2,9722.5,5685.9
2009-11-03,7751.4,9672.8,5830.0
2009-11-04,7812.799999999999,9775.8,5849.799999999999
2009-11-05,7813.7,9780.8,5846.6
2009-11-06,7831.05,9697.7,5964.4
2009-11-07,7314.4,8590.0,6038.799999999999
2009-11-08,7155.5,8552.0,5759.0
2009-11-09,7816.6,9917.7,5715.5
2009-11-10,7771.65,9810.5,5732.8
2009-11-11,7720.199999999999,9704.8,5735.599999999999
2009-11-12,7904.200000000001,9982.7,5825.7
2009-11-13,7898.75,9850.9,5946.6
2009-11-14,7306.3,8748.6,5864.0
2009-11-15,7179.650000000001,8632.2,5727.1
2009-11-16,7729.25,9764.7,5693.8
2009-11-17,7806.950000000001,9800.2,5813.7
2009-11-18,7874.3,9857.5,5891.1
2009-11-19,7886.4,9920.9,5851.900000000001
2009-11-20,7737.5,9601.5,5873.5
2009-11-21,7203.65,8582.9,5824.4
2009-11-22,7204.35,8641.0,5767.7
2009-11-23,7900.0,10024.3,5775.700000000001
2009-11-24,7859.9,9833.4,5886.400000000001
2009-11-25,7781.15,9712.6,5849.7
2009-11-26,6791.15,7796.5,5785.8
2009-11-27,7433.35,9160.1,5706.6
2009-11-28,7221.35,8575.1,5867.6
2009-11-29,7237.8,8661.1,5814.5
2009-11-30,7905.35,10107.1,5703.6
2009-12-01,8075.25,10132.6,6017.900000000001
2009-12-02,8089.0,10107.5,6070.5
2009-12-03,7954.6,9964.6,5944.6
2009-12-04,7869.599999999999,9859.1,5880.1
2009-12-05,7640.8,9346.0,5935.6
2009-12-06,7725.6,9348.1,6103.1
2009-12-07,8365.4,10543.5,6187.3
2009-12-08,8368.2,10428.8,6307.6
2009-12-09,8346.849999999999,10374.6,6319.1
2009-12-10,8334.85,10564.7,6105.0
2009-12-11,8751.0,10838.4,6663.6
2009-12-12,8180.25,9657.4,6703.1
2009-12-13,8039.9,9590.5,6489.299999999999
2009-12-14,8353.25,10513.3,6193.2
2009-12-15,8310.0,10442.3,6177.7
2009-12-16,8541.85,10752.6,6331.1
2009-12-17,8859.75,11004.8,6714.7
2009-12-18,8908.0,10854.8,6961.2
2009-12-19,8574.4,10329.9,6818.9
2009-12-20,8542.0,10154.5,6929.5
2009-12-21,8884.55,10930.8,6838.3
2009-12-22,8826.25,10799.9,6852.6
2009-12-23,8884.25,10808.9,6959.6
2009-12-24,8451.2,9970.5,6931.900000000001
2009-12-25,7660.05,8788.5,6531.6
2009-12-26,7855.85,9331.9,6379.8
2009-12-27,7485.050000000001,8888.2,6081.900000000001
2009-12-28,8287.45,10338.3,6236.6
2009-12-29,8838.95,11022.1,6655.8
2009-12-30,8853.9,10613.7,7094.099999999999
2009-12-31,8502.5,10275.6,6729.4
2010-01-01,7826.35,9063.3,6589.400000000001
2010-01-02,8175.9,9865.5,6486.299999999999
2010-01-03,8632.2,10227.2,7037.200000000001
2010-01-04,9002.7,10979.1,7026.299999999999
2010-01-05,8918.15,10847.4,6988.9
2010-01-06,8795.35,10744.5,6846.2
2010-01-07,8641.95,10509.0,6774.9
2010-01-08,8607.05,10553.6,6660.5
2010-01-09,8362.35,9773.5,6951.2
2010-01-10,8420.55,9818.6,7022.5
2010-01-11,8857.1,10789.2,6925.0
2010-01-12,8685.95,10620.0,6751.9
2010-01-13,8717.15,10555.1,6879.2
2010-01-14,8496.400000000001,10320.2,6672.6
2010-01-15,8245.35,9967.7,6523.0
2010-01-16,7607.6,8892.7,6322.5
2010-01-17,7660.699999999999,9110.3,6211.099999999999
2010-01-18,7943.15,9587.1,6299.2
2010-01-19,8130.3,10115.0,6145.6
2010-01-20,8177.799999999999,10102.4,6253.2
2010-01-21,8256.050000000001,10104.7,6407.400000000001
2010-01-22,8143.099999999999,9913.3,6372.9
2010-01-23,7747.0,9069.1,6424.9
2010-01-24,7681.45,9004.4,6358.5
2010-01-25,7971.9,9939.6,6004.2
2010-01-26,7996.9,9950.0,6043.8
2010-01-27,8219.95,10096.0,6343.9
2010-01-28,8313.3,10213.0,6413.6
2010-01-29,8745.65,10566.5,6924.799999999999
2010-01-30,8529.0,9982.2,7075.8
2010-01-31,8335.75,9637.4,7034.1
2010-02-01,8616.150000000001,10422.2,6810.1
2010-02-02,8580.15,10468.8,6691.5
2010-02-03,8464.0,10256.2,6671.799999999999
2010-02-04,8424.55,10230.8,6618.299999999999
2010-02-05,8352.95,10087.4,6618.5
2010-02-06,8209.900000000001,9784.1,6635.700000000001
2010-02-07,8209.6,9458.4,6960.8
2010-02-08,8589.8,10375.3,6804.299999999999
2010-02-09,8404.300000000001,10076.9,6731.7
2010-02-10,8388.35,10190.3,6586.400000000001
2010-02-11,8494.75,10305.8,6683.7
2010-02-12,8362.7,9969.4,6756.0
2010-02-13,8022.15,9343.5,6700.8
2010-02-14,7789.1,8908.400000000001,6669.8
2010-02-15,8029.75,9490.7,6568.799999999999
2010-02-16,8371.95,10269.4,6474.5
2010-02-17,8388.550000000001,10106.4,6670.700000000001
2010-02-18,8237.6,9916.2,6559.0
2010-02-19,8076.200000000001,9695.6,6456.8
2010-02-20,7630.5,8858.0,6403.0
2010-02-21,7593.1,8920.9,6265.3
2010-02-22,8148.4,9946.9,6349.9
2010-02-23,8278.3,10249.3,6307.299999999999
2010-02-24,8199.05,10008.6,6389.5
2010-02-25,8289.55,10284.8,6294.3
2010-02-26,8356.8,9968.9,6744.700000000001
2010-02-27,7865.0,9153.7,6576.3
2010-02-28,7705.35,9032.9,6377.8
2010-03-01,8093.400000000001,9813.2,6373.6
2010-03-02,8032.049999999999,9792.9,6271.2
2010-03-03,8118.800000000001,9995.9,6241.7
2010-03-04,8064.65,9781.1,6348.2
2010-03-05,7946.75,9572.8,6320.700000000001
2010-03-06,7452.5,8547.1,6357.9
2010-03-07,7319.4,8529.4,6109.4
2010-03-08,7682.099999999999,9376.8,5987.4
2010-03-09,7637.45,9346.5,5928.4
2010-03-10,7713.599999999999,9475.8,5951.4
2010-03-11,7749.15,9565.6,5932.7
2010-03-12,7806.25,9626.4,5986.1
2010-03-13,7501.45,8793.0,6209.9
2010-03-14,7250.1,8548.7,5951.5
2010-03-15,7759.200000000001,9530.7,5987.7
2010-03-16,7516.0,8951.1,6080.900000000001
2010-03-17,7382.95,8835.0,5930.9
2010-03-18,7362.25,8872.7,5851.8
2010-03-19,7316.849999999999,8825.4,5808.299999999999
2010-03-20,6853.800000000001,7990.900000000001,5716.700000000001
2010-03-21,6868.150000000001,8112.6,5623.700000000001
2010-03-22,7432.6,9235.1,5630.1
2010-03-23,7523.75,9268.2,5779.299999999999
2010-03-24,7404.2,8901.9,5906.5
2010-03-25,7411.15,8970.9,5851.4
2010-03-26,7447.75,9078.6,5816.9
2010-03-27,7266.1,8363.2,6169.0
2010-03-28,7161.15,8315.3,6007.0
2010-03-29,7614.299999999999,9333.8,5894.799999999999
2010-03-30,7651.15,9399.7,5902.599999999999
2010-03-31,7496.700000000001,8978.1,6015.3
2010-04-01,7306.049999999999,8737.099999999999,5875.0
2010-04-02,7142.299999999999,8454.8,5829.799999999999
2010-04-03,6881.65,7997.2,5766.1
2010-04-04,6704.0,7786.9,5621.1
2010-04-05,7287.2,8932.9,5641.5
2010-04-06,7563.65,9304.3,5823.0
2010-04-07,8073.9,10335.8,5812.0
2010-04-08,8148.0,10035.4,6260.6
2010-04-09,7586.6,9137.6,6035.6
2010-04-10,6818.85,7920.8,5716.9
2010-04-11,6857.1,8130.0,5584.2
2010-04-12,7248.6,8926.4,5570.8
2010-04-13,7210.800000000001,8766.900000000001,5654.700000000001
2010-04-14,7271.800000000001,8840.900000000001,5702.7
2010-04-15,7360.7,9063.3,5658.1
2010-04-16,7201.900000000001,8744.400000000001,5659.4
2010-04-17,6824.1,8002.599999999999,5645.6
2010-04-18,6833.6,8044.5,5622.7
2010-04-19,7170.7,8723.9,5617.5
2010-04-20,7295.049999999999,8929.3,5660.8
2010-04-21,7315.35,8986.900000000001,5643.8
2010-04-22,7368.799999999999,9096.9,5640.7
2010-04-23,7189.6,8760.0,5619.200000000001
2010-04-24,6702.35,7831.099999999999,5573.6
2010-04-25,6790.35,8071.7,5509.0
2010-04-26,7345.25,9120.7,5569.8
2010-04-27,7247.35,8814.2,5680.5
2010-04-28,7258.85,8788.5,5729.2
2010-04-29,7307.300000000001,8870.7,5743.900000000001
2010-04-30,7416.55,9173.1,5660.0
2010-05-01,7213.949999999999,8643.3,5784.599999999999
2010-05-02,7870.6,9733.7,6007.5
2010-05-03,9040.3,11108.2,6972.4
2010-05-04,8800.75,10871.2,6730.299999999999
2010-05-05,8313.400000000001,10396.7,6230.1
2010-05-06,8320.2,10472.4,6168.0
2010-05-07,7763.75,9565.8,5961.700000000001
2010-05-08,7139.4,8415.1,5863.7
2010-05-09,6677.35,7799.4,5555.3
2010-05-10,7254.400000000001,8836.7,5672.1
2010-05-11,7282.6,8842.0,5723.2
2010-05-12,7463.9,9182.8,5745.0
2010-05-13,7431.950000000001,9008.6,5855.3
2010-05-14,7891.750000000001,10034.9,5748.6
2010-05-15,7157.9,8253.5,6062.3
2010-05-16,6973.95,8275.5,5672.4
2010-05-17,7769.549999999999,9675.8,5863.299999999999
2010-05-18,7550.95,9248.5,5853.4
2010-05-19,7446.55,9113.0,5780.1
2010-05-20,7926.3,10058.6,5794.0
2010-05-21,8540.85,10938.8,6142.900000000001
2010-05-22,7378.35,8649.9,6106.8
2010-05-23,7284.6,8610.1,5959.1
2010-05-24,8260.25,10415.7,6104.8
2010-05-25,8806.150000000001,11352.9,6259.4
2010-05-26,10054.1,13517.8,6590.4
2010-05-27,9417.7,11088.5,7746.9
2010-05-28,8123.15,10000.4,6245.900000000001
2010-05-29,7563.8,8987.1,6140.5
2010-05-30,8075.45,9734.4,6416.5
2010-05-31,8687.1,10382.4,6991.799999999999
2010-06-01,10087.3,12902.1,7272.5
2010-06-02,10275.4,12945.2,7605.6
2010-06-03,10550.85,13585.6,7516.1
2010-06-04,11019.1,13853.0,8185.200000000001
2010-06-05,10562.8,12664.7,8460.900000000001
2010-06-06,10399.85,12337.3,8462.4
2010-06-07,8848.949999999999,10887.8,6810.099999999999
2010-06-08,8428.099999999999,10436.8,6419.4
2010-06-09,8067.799999999999,9876.9,6258.7
2010-06-10,8281.150000000001,10519.1,6043.200000000001
2010-06-11,8212.75,10104.0,6321.5
2010-06-12,7807.25,9391.6,6222.9
2010-06-13,8292.5,10021.3,6563.7
2010-06-14,9236.55,11603.5,6869.6
2010-06-15,9231.5,11487.9,6975.1
2010-06-16,8754.0,10859.8,6648.200000000001
2010-06-17,9249.35,11263.9,7234.799999999999
2010-06-18,9511.05,12329.5,6692.6
2010-06-19,8774.349999999999,10676.8,6871.9
2010-06-20,9699.75,12098.5,7301.0
2010-06-21,11361.35,14305.2,8417.5
2010-06-22,10947.7,13516.2,8379.2
2010-06-23,11701.15,14972.6,8429.7
2010-06-24,12480.25,15553.0,9407.5
2010-06-25,11443.85,13892.7,8995.0
2010-06-26,10385.9,12584.0,8187.8
2010-06-27,10806.9,13260.9,8352.9
2010-06-28,13173.7,16294.0,10053.4
2010-06-29,12438.75,14940.9,9936.6
2010-06-30,9784.65,11754.6,7814.700000000001
2010-07-01,9112.95,11204.6,7021.3
2010-07-02,8897.95,11118.2,6677.7
2010-07-03,8916.5,11019.1,6813.9
2010-07-04,9885.1,12289.5,7480.700000000001
2010-07-05,11480.95,14323.9,8638.0
2010-07-06,13627.2,17044.9,10209.5
2010-07-07,13862.0,16513.4,11210.6
2010-07-08,13006.8,15265.0,10748.6
2010-07-09,12478.95,15110.7,9847.2
2010-07-10,10885.7,12442.6,9328.8
2010-07-11,10548.9,12735.8,8362.0
2010-07-12,12035.6,14791.9,9279.3
2010-07-13,11660.0,13897.0,9423.0
2010-07-14,11539.95,13663.2,9416.7
2010-07-15,11364.55,13907.7,8821.4
2010-07-16,12244.0,15481.8,9006.2
2010-07-17,11638.65,13814.4,9462.9
2010-07-18,11660.45,13886.8,9434.1
2010-07-19,12779.55,15727.0,9832.1
2010-07-20,12273.25,14887.4,9659.1
2010-07-21,12794.9,15891.4,9698.4
2010-07-22,11906.6,14389.1,9424.1
2010-07-23,11574.5,14010.5,9138.5
2010-07-24,12429.65,15013.2,9846.1
2010-07-25,12216.15,14178.1,10254.2
2010-07-26,11160.75,13762.3,8559.2
2010-07-27,11355.2,14342.3,8368.099999999999
2010-07-28,12047.45,15139.4,8955.5
2010-07-29,12328.95,14887.8,9770.1
2010-07-30,10464.55,12560.9,8368.2
2010-07-31,9127.75,10673.4,7582.1
2010-08-01,8934.95,10334.7,7535.2
2010-08-02,10481.6,13047.6,7915.6
2010-08-03,10799.9,13462.2,8137.599999999999
2010-08-04,12079.75,15301.5,8858.0
2010-08-05,12949.1,15970.6,9927.6
2010-08-06,12327.5,14537.8,10117.2
2010-08-07,9544.25,11267.6,7820.9
2010-08-08,10221.05,12177.4,8264.7
2010-08-09,12245.65,15258.3,9233.0
2010-08-10,12282.6,15024.4,9540.8
2010-08-11,12493.0,15285.0,9701.0
2010-08-12,10833.95,12451.9,9216.0
2010-08-13,9873.05,11912.4,7833.700000000001
2010-08-14,8596.45,10075.0,7117.9
2010-08-15,8611.9,10018.1,7205.7
2010-08-16,10714.65,13573.9,7855.400000000001
2010-08-17,11643.0,14374.0,8912.0
2010-08-18,10704.3,12768.6,8640.0
2010-08-19,10984.7,13832.4,8137.0
2010-08-20,11232.5,13894.6,8570.4
2010-08-21,9408.0,11049.5,7766.5
2010-08-22,9953.8,11323.4,8584.2
2010-08-23,9633.2,11266.9,7999.5
2010-08-24,8473.199999999999,10221.6,6724.8
2010-08-25,8589.05,10578.8,6599.3
2010-08-26,9405.45,11904.9,6906.0
2010-08-27,8876.25,11035.0,6717.5
2010-08-28,8297.2,9917.2,6677.2
2010-08-29,9401.4,11869.4,6933.400000000001
2010-08-30,11272.15,14262.8,8281.5
2010-08-31,12336.7,15831.4,8842.0
2010-09-01,12748.6,15853.4,9643.8
2010-09-02,12808.85,15861.6,9756.1
2010-09-03,11693.05,14005.1,9381.0
2010-09-04,9348.2,10447.2,8249.2
2010-09-05,7754.549999999999,8909.8,6599.299999999999
2010-09-06,8092.45,9713.0,6471.9
2010-09-07,6641.95,13283.9,0.0
2010-09-08,10937.75,13602.1,8273.4
2010-09-09,8601.8,10163.6,7040.0
2010-09-10,8195.65,9992.0,6399.3
2010-09-11,7653.15,9124.8,6181.5
2010-09-12,7490.85,8647.9,6333.8
2010-09-13,8213.25,10314.2,6112.3
2010-09-14,8411.9,10544.5,6279.299999999999
2010-09-15,8055.95,9908.4,6203.5
2010-09-16,8156.55,10282.0,6031.1
2010-09-17,8429.1,10342.6,6515.6
2010-09-18,7303.950000000001,8574.6,6033.3
2010-09-19,7684.05,9364.6,6003.5
2010-09-20,8308.55,10092.3,6524.8
2010-09-21,7892.25,9796.4,5988.099999999999
2010-09-22,9007.65,11832.7,6182.6
2010-09-23,9231.9,11389.7,7074.1
2010-09-24,9496.7,12012.7,6980.7
2010-09-25,9438.55,11187.7,7689.400000000001
2010-09-26,7922.5,9162.4,6682.6
2010-09-27,8516.25,10657.1,6375.400000000001
2010-09-28,9176.85,11288.5,7065.200000000001
2010-09-29,8986.05,11080.7,6891.4
2010-09-30,9380.8,11724.5,7037.1
2010-10-01,8936.75,10426.6,7446.9
2010-10-02,7086.150000000001,8314.400000000001,5857.9
2010-10-03,6926.15,8242.9,5609.4
2010-10-04,7424.35,9242.4,5606.3
2010-10-05,7467.75,9245.5,5690.0
2010-10-06,7441.75,9150.5,5733.0
2010-10-07,7503.25,9305.3,5701.2
2010-10-08,7486.9,9265.6,5708.2
2010-10-09,7031.1,8284.6,5777.6
2010-10-10,6857.450000000001,8175.6,5539.3
2010-10-11,7560.3,9406.5,5714.1
2010-10-12,7732.0,9500.7,5963.3
2010-10-13,7407.9,9124.1,5691.7
2010-10-14,7512.65,9340.6,5684.7
2010-10-15,7307.450000000001,8925.1,5689.8
2010-10-16,6903.6,8135.0,5672.2
2010-10-17,6906.4,8240.4,5572.4
2010-10-18,7362.5,9158.7,5566.3
2010-10-19,7392.5,9130.9,5654.1
2010-10-20,7427.299999999999,9151.4,5703.2
2010-10-21,7429.25,9133.6,5724.900000000001
2010-10-22,7378.150000000001,9018.2,5738.1
2010-10-23,7036.45,8224.5,5848.4
2010-10-24,7001.1,8352.7,5649.5
2010-10-25,7690.65,9682.5,5698.799999999999
2010-10-26,7917.450000000001,9904.0,5930.900000000001
2010-10-27,8221.3,10370.2,6072.4
2010-10-28,7961.900000000001,9729.7,6194.1
2010-10-29,7397.1,9052.0,5742.200000000001
2010-10-30,6986.25,8265.6,5706.9
2010-10-31,6918.1,8191.6,5644.6
2010-11-01,7578.700000000001,9429.1,5728.3
2010-11-02,7653.75,9373.6,5933.900000000001
2010-11-03,7667.650000000001,9398.1,5937.200000000001
2010-11-04,7690.300000000001,9562.7,5817.900000000001
2010-11-05,7530.45,9237.9,5823.0
2010-11-06,7140.9,8440.9,5840.9
2010-11-07,9038.35,12272.2,5804.5
2010-11-08,7946.849999999999,10023.3,5870.4
2010-11-09,7877.7,9758.9,5996.5
2010-11-10,7770.0,9662.5,5877.5
2010-11-11,7748.9,9581.0,5916.8
2010-11-12,7722.5,9499.0,5946.0
2010-11-13,7114.45,8405.6,5823.299999999999
2010-11-14,7120.900000000001,8498.7,5743.1
2010-11-15,7729.9,9763.0,5696.8
2010-11-16,7760.200000000001,9786.7,5733.7
2010-11-17,7735.900000000001,9647.4,5824.4
2010-11-18,7728.599999999999,9687.3,5769.9
2010-11-19,7747.5,9632.4,5862.599999999999
2010-11-20,7299.85,8623.3,5976.400000000001
2010-11-21,7265.45,8700.5,5830.4
2010-11-22,7799.650000000001,9788.1,5811.200000000001
2010-11-23,7756.099999999999,9750.3,5761.9
2010-11-24,7723.4,9615.1,5831.700000000001
2010-11-25,6957.1,8001.200000000001,5913.0
2010-11-26,7414.599999999999,9015.1,5814.1
2010-11-27,7378.400000000001,8757.7,5999.1
2010-11-28,7411.65,8800.8,6022.5
2010-11-29,8025.099999999999,10029.8,6020.4
2010-11-30,8016.349999999999,10040.8,5991.9
2010-12-01,7928.25,9980.2,5876.299999999999
2010-12-02,8043.35,10055.2,6031.5
2010-12-03,8103.549999999999,10033.3,6173.799999999999
2010-12-04,7761.15,9251.4,6270.9
2010-12-05,7830.05,9408.9,6251.200000000001
2010-12-06,8520.65,10709.5,6331.8
2010-12-07,8557.099999999999,10592.6,6521.6
2010-12-08,8595.4,10628.7,6562.099999999999
2010-12-09,8733.85,10825.3,6642.400000000001
2010-12-10,8724.2,10642.5,6805.9
2010-12-11,7928.849999999999,9355.3,6502.4
2010-12-12,7729.25,9256.0,6202.5
2010-12-13,8264.85,10533.1,5996.599999999999
2010-12-14,8968.1,11173.0,6763.200000000001
2010-12-15,9089.2,11115.8,7062.6
2010-12-16,8982.6,10976.6,6988.6
2010-12-17,8738.599999999999,10620.3,6856.9
2010-12-18,8201.900000000001,9666.2,6737.6
2010-12-19,8149.25,9724.6,6573.9
2010-12-20,8711.5,10797.2,6625.799999999999
2010-12-21,8753.7,10715.5,6791.9
2010-12-22,8678.65,10636.9,6720.4
2010-12-23,8635.3,10551.6,6719.0
2010-12-24,8137.4,9551.8,6723.0
2010-12-25,7690.550000000001,8735.2,6645.900000000001
2010-12-26,8203.3,9950.8,6455.8
2010-12-27,8525.55,10170.4,6880.7
2010-12-28,8585.6,10258.7,6912.5
2010-12-29,8479.0,10276.3,6681.7
2010-12-30,8392.05,10075.5,6708.6
2010-12-31,8045.95,9582.5,6509.4
2011-01-01,7553.099999999999,8686.8,6419.4
2011-01-02,7527.9,9018.0,6037.799999999999
2011-01-03,8385.2,10404.4,6366.0
2011-01-04,8449.0,10340.8,6557.200000000001
2011-01-05,8407.7,10333.5,6481.9
2011-01-06,8509.4,10420.8,6598.0
2011-01-07,8486.5,10389.4,6583.6
2011-01-08,8144.65,9585.0,6704.3
2011-01-09,8157.4,9648.1,6666.7
2011-01-10,8657.150000000001,10558.2,6756.1
2011-01-11,8663.25,10538.9,6787.6
2011-01-12,8763.2,10673.2,6853.2
2011-01-13,8769.6,10675.2,6864.0
2011-01-14,8753.95,10478.2,7029.7
2011-01-15,8173.25,9422.2,6924.299999999999
2011-01-16,7873.55,9252.7,6494.4
2011-01-17,8551.35,10371.9,6730.799999999999
2011-01-18,8668.949999999999,10529.3,6808.599999999999
2011-01-19,8357.35,10211.5,6503.200000000001
2011-01-20,8409.7,10300.7,6518.7
2011-01-21,8547.05,10427.5,6666.6
2011-01-22,8425.5,9767.6,7083.4
2011-01-23,8531.9,10019.8,7044.0
2011-01-24,9149.05,10989.6,7308.5
2011-01-25,8759.15,10435.0,7083.299999999999
2011-01-26,8742.5,10715.2,6769.799999999999
2011-01-27,8535.3,10240.4,6830.2
2011-01-28,8467.4,10202.5,6732.3
2011-01-29,8004.700000000001,9357.4,6652.0
2011-01-30,7916.05,9282.0,6550.1
2011-01-31,8540.7,10400.1,6681.299999999999
2011-02-01,8753.15,10701.3,6805.0
2011-02-02,8600.2,10364.4,6836.0
2011-02-03,8491.599999999999,10287.3,6695.9
2011-02-04,8499.75,10132.9,6866.6
2011-02-05,8007.9,9286.8,6729.0
2011-02-06,7694.549999999999,8975.3,6413.799999999999
2011-02-07,8144.0,9929.1,6358.9
2011-02-08,8318.449999999999,10339.6,6297.3
2011-02-09,8726.550000000001,10453.9,6999.2
2011-02-10,8569.3,10388.6,6750.0
2011-02-11,8472.55,9964.2,6980.9
2011-02-12,7943.75,9216.5,6671.0
2011-02-13,7831.35,9071.0,6591.7
2011-02-14,7955.9,9656.4,6255.4
2011-02-15,8307.75,10184.6,6430.9
2011-02-16,8270.25,9869.5,6671.0
2011-02-17,7889.65,9579.2,6200.099999999999
2011-02-18,7634.200000000001,9214.1,6054.3
2011-02-19,7521.25,9047.9,5994.6
2011-02-20,7723.549999999999,8795.3,6651.8
2011-02-21,8005.55,9666.2,6344.9
2011-02-22,8387.7,10035.1,6740.3
2011-02-23,8292.25,9805.0,6779.5
2011-02-24,8200.6,9778.5,6622.700000000001
2011-02-25,7944.85,9635.4,6254.3
2011-02-26,7642.049999999999,8836.9,6447.2
2011-02-27,7397.35,8651.2,6143.5
2011-02-28,7843.75,9616.7,6070.8
2011-03-01,7947.0,9682.5,6211.5
2011-03-02,7972.249999999999,9637.1,6307.4
2011-03-03,8312.05,10016.3,6607.8
2011-03-04,8154.400000000001,9671.2,6637.6
2011-03-05,7380.3,8556.7,6203.9
2011-03-06,7299.700000000001,8738.2,5861.200000000001
2011-03-07,7779.1,9633.0,5925.2
2011-03-08,7948.9,9596.2,6301.599999999999
2011-03-09,8052.95,9824.8,6281.1
2011-03-10,8023.950000000001,9762.7,6285.200000000001
2011-03-11,7639.049999999999,9174.9,6103.2
2011-03-12,7214.45,8337.6,6091.299999999999
2011-03-13,7147.650000000001,8350.7,5944.6
2011-03-14,7655.900000000001,9331.7,5980.1
2011-03-15,7724.85,9302.7,6147.0
2011-03-16,7671.849999999999,9231.4,6112.299999999999
2011-03-17,7386.650000000001,8827.6,5945.700000000001
2011-03-18,7308.15,8815.9,5800.4
2011-03-19,6881.35,8059.3,5703.4
2011-03-20,7068.0,8249.2,5886.8
2011-03-21,7637.45,9418.3,5856.6
2011-03-22,7499.65,9022.1,5977.2
2011-03-23,7786.25,9561.7,6010.8
2011-03-24,7780.15,9269.9,6290.4
2011-03-25,7666.849999999999,9086.4,6247.299999999999
2011-03-26,7397.799999999999,8458.4,6337.2
2011-03-27,7394.45,8549.0,6239.9
2011-03-28,7733.6,9206.2,6261.0
2011-03-29,7661.799999999999,9084.9,6238.7
2011-03-30,7589.299999999999,9057.3,6121.3
2011-03-31,7644.599999999999,9335.8,5953.4
2011-04-01,7716.5,9262.1,6170.900000000001
2011-04-02,7121.849999999999,8141.799999999999,6101.9
2011-04-03,7010.9,8137.5,5884.3
2011-04-04,7379.35,8949.1,5809.6
2011-04-05,7419.2,9031.0,5807.4
2011-04-06,7517.349999999999,9036.8,5997.9
2011-04-07,7469.900000000001,9027.1,5912.700000000001
2011-04-08,7455.35,8940.0,5970.7
2011-04-09,7003.9,8020.6,5987.2
2011-04-10,6985.0,8197.0,5773.0
2011-04-11,7368.1,9020.9,5715.3
2011-04-12,7466.55,9079.6,5853.5
2011-04-13,7451.4,9092.8,5810.0
2011-04-14,7248.9,8705.8,5792.0
2011-04-15,7158.0,8645.2,5670.8
2011-04-16,7105.15,8361.5,5848.8
2011-04-17,6846.25,7958.900000000001,5733.6
2011-04-18,7160.599999999999,8656.3,5664.9
2011-04-19,7268.650000000001,8795.900000000001,5741.4
2011-04-20,7300.700000000001,8804.1,5797.3
2011-04-21,7150.95,8553.5,5748.4
2011-04-22,7080.3,8360.5,5800.1
2011-04-23,6952.15,8124.1,5780.2
2011-04-24,6802.0,7903.0,5701.0
2011-04-25,7477.7,9180.9,5774.5
2011-04-26,7696.2,9679.4,5713.0
2011-04-27,7758.7,9577.3,5940.1
2011-04-28,7759.150000000001,9603.1,5915.200000000001
2011-04-29,7469.45,9099.9,5839.0
2011-04-30,6743.35,7844.5,5642.2
2011-05-01,6685.65,7853.1,5518.2
2011-05-02,7154.3,8762.0,5546.6
2011-05-03,7386.9,9155.5,5618.3
2011-05-04,7333.05,8939.2,5726.9
2011-05-05,7169.9,8691.4,5648.4
2011-05-06,7230.55,8834.7,5626.4
2011-05-07,6700.95,7819.799999999999,5582.1
2011-05-08,6646.5,7837.4,5455.6
2011-05-09,7357.150000000001,9141.1,5573.200000000001
2011-05-10,7466.049999999999,9301.8,5630.3
2011-05-11,7409.95,9129.3,5690.6
2011-05-12,7443.299999999999,9214.3,5672.3
2011-05-13,7281.8,8928.7,5634.9
2011-05-14,6804.0,7949.7,5658.3
2011-05-15,6889.75,8173.7,5605.8
2011-05-16,7488.099999999999,9208.8,5767.4
2011-05-17,7377.0,9079.8,5674.2
2011-05-18,7633.2,9564.5,5701.9
2011-05-19,7766.65,9727.6,5805.7
2011-05-20,7589.85,9317.0,5862.7
2011-05-21,7013.950000000001,8278.1,5749.8
2011-05-22,6818.55,7980.1,5657.0
2011-05-23,7480.85,9347.2,5614.5
2011-05-24,8186.3,10454.0,5918.6
2011-05-25,8695.55,11025.5,6365.6
2011-05-26,8697.8,10988.5,6407.1
2011-05-27,9088.4,11594.7,6582.099999999999
2011-05-28,8479.400000000001,10176.6,6782.200000000001
2011-05-29,8374.05,10047.8,6700.3
2011-05-30,9417.25,11530.4,7304.099999999999
2011-05-31,10809.8,13457.1,8162.5
2011-06-01,10829.1,13849.0,7809.2
2011-06-02,9584.55,11360.6,7808.5
2011-06-03,8369.099999999999,10333.4,6404.799999999999
2011-06-04,7501.950000000001,8887.2,6116.700000000001
2011-06-05,7153.099999999999,8372.3,5933.9
2011-06-06,8825.8,11460.9,6190.700000000001
2011-06-07,10103.2,13285.6,6920.8
2011-06-08,11689.0,15120.2,8257.8
2011-06-09,12718.7,16074.0,9363.4
2011-06-10,11238.65,13941.9,8535.4
2011-06-11,8680.3,9634.5,7726.099999999999
2011-06-12,7526.250000000001,8871.400000000001,6181.1
2011-06-13,8492.35,10459.5,6525.200000000001
2011-06-14,8139.9,9954.1,6325.7
2011-06-15,8645.75,11195.5,6096.0
2011-06-16,9399.1,12005.1,6793.099999999999
2011-06-17,9448.3,11778.7,7117.9
2011-06-18,8729.3,10704.0,6754.6
2011-06-19,8749.400000000001,10342.9,7155.900000000001
2011-06-20,9746.85,12201.4,7292.3
2011-06-21,10263.35,13155.5,7371.200000000001
2011-06-22,10309.2,12718.2,7900.2
2011-06-23,10016.05,11934.1,8098.0
2011-06-24,8990.7,10820.8,7160.6
2011-06-25,8643.5,10451.6,6835.400000000001
2011-06-26,8585.3,10243.9,6926.7
2011-06-27,10152.45,12895.8,7409.1
2011-06-28,10861.25,13604.3,8118.2
2011-06-29,10828.7,13133.7,8523.7
2011-06-30,10077.2,12598.2,7556.200000000001
2011-07-01,9749.5,12130.0,7369.0
2011-07-02,9269.75,11167.1,7372.4
2011-07-03,8743.65,9944.4,7542.900000000001
2011-07-04,9565.8,11522.5,7609.1
2011-07-05,10867.55,13781.4,7953.700000000001
2011-07-06,11681.5,14607.2,8755.8
2011-07-07,11909.4,14891.2,8927.6
2011-07-08,11528.35,13995.9,9060.8
2011-07-09,10101.7,12217.1,7986.299999999999
2011-07-10,9655.35,11691.6,7619.099999999999
2011-07-11,12041.75,15412.9,8670.6
2011-07-12,12980.45,16075.0,9885.9
2011-07-13,11980.8,14330.6,9631.0
2011-07-14,10177.4,12472.6,7882.2
2011-07-15,10165.5,12787.1,7543.9
2011-07-16,9847.95,11945.3,7750.599999999999
2011-07-17,10179.5,12453.7,7905.299999999999
2011-07-18,12231.15,15363.9,9098.4
2011-07-19,12590.0,15526.5,9653.5
2011-07-20,12378.1,15166.6,9589.6
2011-07-21,12851.25,16111.8,9590.7
2011-07-22,14127.45,17308.0,10946.9
2011-07-23,13187.8,15313.1,11062.5
2011-07-24,12161.55,13690.9,10632.2
2011-07-25,11361.9,13007.8,9716.0
2011-07-26,11341.75,14549.5,8134.0
2011-07-27,11003.25,13463.1,8543.4
2011-07-28,11163.45,13808.3,8518.6
2011-07-29,11380.1,13756.9,9003.3
2011-07-30,10830.45,13005.9,8655.0
2011-07-31,10554.5,12771.9,8337.1
2011-08-01,12215.8,15167.5,9264.1
2011-08-02,11919.55,14684.6,9154.5
2011-08-03,11192.95,13586.9,8799.0
2011-08-04,10717.95,13188.6,8247.3
2011-08-05,10867.65,13500.3,8235.0
2011-08-06,10183.3,11973.6,8393.0
2011-08-07,10904.2,13144.0,8664.4
2011-08-08,12342.9,15368.0,9317.8
2011-08-09,11476.8,13927.2,9026.4
2011-08-10,11154.1,13752.0,8556.2
2011-08-11,10557.65,12739.4,8375.9
2011-08-12,10018.35,12496.1,7540.6
2011-08-13,9591.75,11442.5,7741.0
2011-08-14,8931.3,9952.0,7910.599999999999
2011-08-15,10002.55,12203.1,7802.0
2011-08-16,9571.6,11604.5,7538.7
2011-08-17,10252.85,13084.3,7421.4
2011-08-18,10572.3,13067.1,8077.5
2011-08-19,10465.55,12904.6,8026.5
2011-08-20,9513.25,11520.2,7506.299999999999
2011-08-21,9945.6,11942.3,7948.900000000001
2011-08-22,9920.9,11734.3,8107.5
2011-08-23,9208.0,11409.3,7006.7
2011-08-24,9545.9,11918.8,7173.0
2011-08-25,10147.2,12470.4,7824.0
2011-08-26,10691.55,13391.0,7992.1
2011-08-27,9798.2,11118.0,8478.4
2011-08-28,7777.000000000001,8732.900000000001,6821.1
2011-08-29,8005.299999999999,10099.9,5910.7
2011-08-30,8773.0,11113.5,6432.5
2011-08-31,9352.1,11873.2,6831.0
2011-09-01,9643.8,11961.2,7326.4
2011-09-02,9234.4,11399.6,7069.2
2011-09-03,8818.9,10755.5,6882.3
2011-09-04,9498.7,11436.8,7560.6
2011-09-05,9605.45,11367.5,7843.4
2011-09-06,9057.0,10397.2,7716.799999999999
2011-09-07,8543.4,10597.5,6489.3
2011-09-08,9365.95,12013.5,6718.4
2011-09-09,9998.05,12865.7,7130.4
2011-09-10,9216.05,10706.3,7725.799999999999
2011-09-11,8107.200000000001,9373.2,6841.2
2011-09-12,9636.35,12307.6,6965.1
2011-09-13,10120.65,12849.3,7392.0
2011-09-14,10569.7,13415.6,7723.8
2011-09-15,9667.55,11988.8,7346.3
2011-09-16,7639.0,9285.5,5992.5
2011-09-17,6954.6,8103.0,5806.2
2011-09-18,6965.45,8241.5,5689.4
2011-09-19,7532.25,9349.0,5715.5
2011-09-20,7802.15,9728.1,5876.2
2011-09-21,8238.5,10327.3,6149.700000000001
2011-09-22,9080.4,11493.3,6667.5
2011-09-23,9151.45,11084.5,7218.4
2011-09-24,8696.75,10237.7,7155.8
2011-09-25,8911.75,10724.2,7099.3
2011-09-26,9903.85,12457.9,7349.8
2011-09-27,9825.7,12149.5,7501.9
2011-09-28,9296.3,11282.8,7309.799999999999
2011-09-29,9260.1,11163.3,7356.9
2011-09-30,8490.75,10599.7,6381.8
2011-10-01,7386.65,8548.0,6225.3
2011-10-02,7011.9,8333.9,5689.9
2011-10-03,7317.650000000001,9051.7,5583.6
2011-10-04,7358.95,9100.4,5617.5
2011-10-05,7503.349999999999,9298.6,5708.1
2011-10-06,7398.299999999999,9127.4,5669.2
2011-10-07,7308.000000000001,8895.900000000001,5720.1
2011-10-08,7099.650000000001,8522.2,5677.1
2011-10-09,7475.3,9145.1,5805.5
2011-10-10,8336.5,10399.8,6273.200000000001
2011-10-11,8324.4,10120.6,6528.2
2011-10-12,7775.7,9478.3,6073.1
2011-10-13,7843.3,9754.6,5932.0
2011-10-14,8189.05,10095.2,6282.9
2011-10-15,6973.25,8173.6,5772.9
2011-10-16,6939.6,8285.0,5594.2
2011-10-17,7451.050000000001,9186.9,5715.200000000001
2011-10-18,7490.75,9285.2,5696.3
2011-10-19,7726.3,9634.4,5818.200000000001
2011-10-20,7684.1,9255.4,6112.799999999999
2011-10-21,7336.700000000001,8949.400000000001,5724.0
2011-10-22,6880.2,8102.1,5658.299999999999
2011-10-23,6858.55,8163.3,5553.8
2011-10-24,7385.4,9193.1,5577.7
2011-10-25,7398.75,9133.2,5664.299999999999
2011-10-26,7462.45,9242.6,5682.299999999999
2011-10-27,7577.7,9410.0,5745.4
2011-10-28,7466.35,9105.0,5827.700000000001
2011-10-29,7412.2,8981.3,5843.1
2011-10-30,7357.65,8614.9,6100.400000000001
2011-10-31,7596.950000000001,9209.6,5984.3
2011-11-01,7616.35,9337.7,5895.0
2011-11-02,7628.3,9351.1,5905.5
2011-11-03,7615.25,9353.8,5876.7
2011-11-04,7518.1,9211.4,5824.8
2011-11-05,7175.9,8400.8,5951.0
2011-11-06,9177.3,12447.4,5907.2
2011-11-07,7756.8,9678.1,5835.5
2011-11-08,7726.8,9648.2,5805.4
2011-11-09,7707.349999999999,9635.8,5778.9
2011-11-10,7744.9,9710.9,5778.9
2011-11-11,7577.65,9392.8,5762.5
2011-11-12,7200.0,8465.2,5934.799999999999
2011-11-13,7087.5,8460.6,5714.4
2011-11-14,7713.549999999999,9773.4,5653.7
2011-11-15,7787.700000000001,9818.4,5757.0
2011-11-16,7781.099999999999,9826.8,5735.4
2011-11-17,7788.15,9823.9,5752.4
2011-11-18,7838.75,9638.2,6039.299999999999
2011-11-19,7346.85,8626.6,6067.1
2011-11-20,7167.1,8537.0,5797.200000000001
2011-11-21,7670.700000000001,9638.7,5702.7
2011-11-22,7792.8,9792.0,5793.6
2011-11-23,7790.849999999999,9664.4,5917.299999999999
2011-11-24,6848.1,7757.5,5938.700000000001
2011-11-25,7308.499999999999,8796.099999999999,5820.9
2011-11-26,7030.55,8320.7,5740.4
2011-11-27,7129.3,8567.2,5691.4
2011-11-28,7719.3,9780.5,5658.1
2011-11-29,7847.450000000001,9975.2,5719.700000000001
2011-11-30,7774.25,9809.5,5739.0
2011-12-01,7882.4,9842.6,5922.2
2011-12-02,7863.299999999999,9718.8,6007.8
2011-12-03,7468.4,8897.3,6039.5
2011-12-04,7453.75,8948.8,5958.700000000001
2011-12-05,7910.549999999999,9991.5,5829.599999999999
2011-12-06,7965.55,10092.1,5839.0
2011-12-07,7918.9,10011.0,5826.8
2011-12-08,8063.0,10115.2,6010.799999999999
2011-12-09,8033.650000000001,9892.2,6175.1
2011-12-10,7560.2,9150.5,5969.9
2011-12-11,7758.75,9307.3,6210.2
2011-12-12,8259.4,10299.9,6218.9
2011-12-13,8276.8,10271.5,6282.1
2011-12-14,8177.75,10160.1,6195.4
2011-12-15,8063.25,10088.7,6037.8
2011-12-16,7960.0,9981.8,5938.200000000001
2011-12-17,7726.0,9297.8,6154.200000000001
2011-12-18,7965.599999999999,9607.8,6323.4
2011-12-19,8460.400000000001,10421.2,6499.6
2011-12-20,8174.35,10246.4,6102.3
2011-12-21,8136.3,10124.2,6148.4
2011-12-22,7898.25,9818.7,5977.8
2011-12-23,7840.9,9690.5,5991.299999999999
2011-12-24,7664.0,9088.5,6239.5
2011-12-25,7242.5,8167.2,6317.8
2011-12-26,7579.75,9141.5,6018.0
2011-12-27,8049.55,9974.2,6124.9
2011-12-28,7986.849999999999,9994.3,5979.4
2011-12-29,8317.75,10159.6,6475.9
2011-12-30,7922.45,9545.4,6299.5
2011-12-31,7495.049999999999,8963.3,6026.799999999999
2012-01-01,7248.85,8452.0,6045.7
2012-01-02,7659.85,9420.2,5899.5
2012-01-03,8486.55,10700.6,6272.5
2012-01-04,8900.3,10790.8,7009.8
2012-01-05,8538.05,10365.3,6710.8
2012-01-06,8106.4,9799.0,6413.8
2012-01-07,7357.5,8612.2,6102.799999999999
2012-01-08,7415.049999999999,8895.5,5934.599999999999
2012-01-09,8160.85,10078.0,6243.700000000001
2012-01-10,8097.049999999999,9940.8,6253.3
2012-01-11,8058.15,9903.1,6213.2
2012-01-12,8030.749999999999,9956.1,6105.4
2012-01-13,8100.15,10158.4,6041.9
2012-01-14,7907.75,9235.4,6580.1
2012-01-15,8049.05,9475.4,6622.700000000001
2012-01-16,8451.0,10041.6,6860.400000000001
2012-01-17,8249.35,10079.2,6419.5
2012-01-18,8151.299999999999,10200.3,6102.299999999999
2012-01-19,8489.650000000001,10307.2,6672.1
2012-01-20,8298.3,10166.0,6430.6
2012-01-21,8157.949999999999,9629.8,6686.099999999999
2012-01-22,8090.2,9418.1,6762.299999999999
2012-01-23,8238.2,10037.5,6438.9
2012-01-24,7815.849999999999,9571.8,6059.9
2012-01-25,7916.049999999999,9730.3,6101.799999999999
2012-01-26,8131.85,10065.4,6198.3
2012-01-27,7809.8,9517.0,6102.6
2012-01-28,7386.200000000001,8673.900000000001,6098.5
2012-01-29,7472.95,8821.3,6124.6
2012-01-30,8049.700000000001,9929.4,6170.0
2012-01-31,7856.65,9501.4,6211.9
2012-02-01,7649.9,9371.8,5928.0
2012-02-02,7794.900000000001,9729.7,5860.1
2012-02-03,7886.05,9506.0,6266.1
2012-02-04,7420.15,8690.5,6149.799999999999
2012-02-05,7428.45,8727.8,6129.1
2012-02-06,7942.05,9618.2,6265.9
2012-02-07,7848.35,9612.7,6084.0
2012-02-08,8074.9,9975.6,6174.2
2012-02-09,8036.7,9714.3,6359.1
2012-02-10,7877.75,9454.1,6301.4
2012-02-11,7591.65,8956.5,6226.799999999999
2012-02-12,7924.85,9329.4,6520.3
2012-02-13,8200.45,9863.2,6537.7
2012-02-14,7950.9,9624.2,6277.599999999999
2012-02-15,7909.200000000001,9687.1,6131.3
2012-02-16,7980.05,9753.2,6206.9
2012-02-17,7673.15,9248.3,6098.0
2012-02-18,7343.5,8524.0,6163.0
2012-02-19,7236.049999999999,8417.099999999999,6055.0
2012-02-20,7598.700000000001,9063.1,6134.3
2012-02-21,7903.300000000001,9547.2,6259.400000000001
2012-02-22,7653.15,9247.1,6059.200000000001
2012-02-23,7533.799999999999,9167.5,5900.099999999999
2012-02-24,7726.4,9526.3,5926.5
2012-02-25,7412.0,8717.9,6106.1
2012-02-26,7476.8,8659.6,6294.0
2012-02-27,7815.450000000001,9488.7,6142.200000000001
2012-02-28,7729.4,9427.5,6031.3
2012-02-29,7940.849999999999,9830.9,6050.799999999999
2012-03-01,7882.5,9660.5,6104.5
2012-03-02,7885.3,9563.0,6207.6
2012-03-03,7233.6,8404.6,6062.6
2012-03-04,7260.65,8627.9,5893.400000000001
2012-03-05,7888.099999999999,9666.1,6110.1
2012-03-06,8056.9,9685.8,6428.0
2012-03-07,7744.799999999999,9296.5,6193.099999999999
2012-03-08,7561.950000000001,9241.2,5882.7
2012-03-09,7488.65,9208.5,5768.799999999999
2012-03-10,7353.2,8516.9,6189.5
2012-03-11,7203.7,8261.8,6145.6
2012-03-12,7360.4,8913.3,5807.5
2012-03-13,7363.3,9016.5,5710.1
2012-03-14,7263.6,8795.8,5731.400000000001
2012-03-15,7369.25,9062.4,5676.1
2012-03-16,7425.450000000001,8995.0,5855.900000000001
2012-03-17,6931.4,7989.2,5873.6
2012-03-18,6874.75,8054.3,5695.2
2012-03-19,7279.299999999999,8888.099999999999,5670.5
2012-03-20,7404.3,9119.0,5689.6
2012-03-21,7369.6,9013.5,5725.7
2012-03-22,7467.549999999999,9246.8,5688.3
2012-03-23,7566.200000000001,9291.7,5840.700000000001
2012-03-24,6760.450000000001,7868.900000000001,5652.0
2012-03-25,6800.450000000001,8053.3,5547.6
2012-03-26,7272.450000000001,8926.2,5618.7
2012-03-27,7500.25,8954.5,6046.0
2012-03-28,7333.1,8799.5,5866.700000000001
2012-03-29,7245.950000000001,8788.1,5703.8
2012-03-30,7216.0,8625.4,5806.6
2012-03-31,7032.799999999999,8243.8,5821.8
2012-04-01,6992.5,8204.2,5780.799999999999
2012-04-02,7281.1,8811.2,5751.0
2012-04-03,7268.7,8696.0,5841.4
2012-04-04,7239.35,8776.2,5702.5
2012-04-05,7174.000000000001,8643.900000000001,5704.1
2012-04-06,7083.299999999999,8364.3,5802.299999999999
2012-04-07,6799.0,7833.0,5765.0
2012-04-08,6594.0,7571.1,5616.9
2012-04-09,7023.4,8481.8,5565.0
2012-04-10,7052.05,8495.1,5609.0
2012-04-11,7100.5,8529.0,5672.0
2012-04-12,7133.25,8524.0,5742.5
2012-04-13,7113.45,8491.8,5735.1
2012-04-14,6767.8,7894.1,5641.5
2012-04-15,6975.15,8372.4,5577.9
2012-04-16,8064.650000000001,10254.6,5874.700000000001
2012-04-17,8198.400000000001,10080.2,6316.6
2012-04-18,7362.95,8863.3,5862.6
2012-04-19,7328.85,8980.9,5676.8
2012-04-20,7361.35,9021.7,5701.0
2012-04-21,6930.7,8123.7,5737.7
2012-04-22,6839.299999999999,8081.299999999999,5597.299999999999
2012-04-23,7248.75,8861.9,5635.6
2012-04-24,7208.35,8675.5,5741.200000000001
2012-04-25,7200.35,8679.1,5721.6
2012-04-26,7310.950000000001,8932.7,5689.2
2012-04-27,7130.55,8559.0,5702.1
2012-04-28,6814.0,7812.799999999999,5815.2
2012-04-29,6747.299999999999,7885.7,5608.9
2012-04-30,7132.049999999999,8635.3,5628.799999999999
2012-05-01,7332.800000000001,9004.900000000001,5660.7
2012-05-02,7258.85,8856.7,5661.0
2012-05-03,7263.75,8814.6,5712.9
2012-05-04,7427.950000000001,9137.6,5718.3
2012-05-05,6835.05,7936.7,5733.400000000001
2012-05-06,6720.4,7846.5,5594.299999999999
2012-05-07,7169.15,8781.9,5556.4
2012-05-08,7298.95,8978.8,5619.1
2012-05-09,7562.65,9407.8,5717.5
2012-05-10,7348.949999999999,8907.099999999999,5790.8
2012-05-11,7237.4,8827.9,5646.9
2012-05-12,6855.45,8103.799999999999,5607.1
2012-05-13,7047.700000000001,8418.7,5676.700000000001
2012-05-14,7937.55,9715.0,6160.1
2012-05-15,7800.8,9586.7,6014.9
2012-05-16,8159.35,10358.8,5959.900000000001
2012-05-17,7778.55,9496.2,6060.9
2012-05-18,7621.6,9364.5,5878.7
2012-05-19,7092.650000000001,8398.7,5786.6
2012-05-20,7124.35,8467.9,5780.8
2012-05-21,7845.7,9614.6,6076.799999999999
2012-05-22,7924.6,9857.5,5991.7
2012-05-23,8311.5,10367.6,6255.4
2012-05-24,8185.2,10034.3,6336.1
2012-05-25,8175.1,10184.6,6165.6
2012-05-26,8292.5,10184.5,6400.5
2012-05-27,8165.1,9521.0,6809.200000000001
2012-05-28,9311.15,11556.0,7066.3
2012-05-29,11155.65,14213.6,8097.700000000001
2012-05-30,10026.2,11873.1,8179.299999999999
2012-05-31,9719.5,12020.9,7418.1
2012-06-01,8755.55,10699.7,6811.4
2012-06-02,8008.9,9492.4,6525.4
2012-06-03,7469.65,8804.4,6134.9
2012-06-04,7807.099999999999,9397.8,6216.4
2012-06-05,7496.049999999999,9220.3,5771.8
2012-06-06,7765.95,9722.3,5809.6
2012-06-07,8289.0,10516.7,6061.3
2012-06-08,8678.95,11089.4,6268.5
2012-06-09,8030.5,9427.0,6634.0
2012-06-10,8635.550000000001,10501.2,6769.900000000001
2012-06-11,9094.1,11052.9,7135.3
2012-06-12,8652.599999999999,10632.9,6672.299999999999
2012-06-13,8537.35,10438.1,6636.6
2012-06-14,8673.75,10777.7,6569.8
2012-06-15,8702.85,10956.5,6449.2
2012-06-16,7881.1,9430.6,6331.599999999999
2012-06-17,7370.15,8482.8,6257.5
2012-06-18,8196.85,10244.1,6149.6
2012-06-19,8746.1,11135.4,6356.8
2012-06-20,11235.8,15298.6,7173.0
2012-06-21,13025.3,16201.3,9849.3
2012-06-22,12969.55,15588.4,10350.7
2012-06-23,10122.15,11845.3,8399.0
2012-06-24,9287.4,11120.6,7454.200000000001
2012-06-25,10018.95,11797.5,8240.400000000001
2012-06-26,8434.05,10273.0,6595.1
2012-06-27,9092.4,11668.9,6515.900000000001
2012-06-28,10312.5,13453.7,7171.3
2012-06-29,12145.9,15724.8,8567.0
2012-06-30,11563.65,13769.3,9358.0
2012-07-01,11264.2,13850.5,8677.9
2012-07-02,11693.8,14378.7,9008.9
2012-07-03,11469.85,14288.7,8651.0
2012-07-04,11181.95,13221.7,9142.2
2012-07-05,12921.4,15781.1,10061.7
2012-07-06,12267.45,15115.7,9419.2
2012-07-07,12091.2,14607.4,9575.0
2012-07-08,11346.25,13417.7,9274.8
2012-07-09,11569.55,13828.7,9310.4
2012-07-10,11120.75,13737.7,8503.8
2012-07-11,11261.85,13874.2,8649.5
2012-07-12,11213.7,13992.4,8435.0
2012-07-13,11222.85,13867.3,8578.4
2012-07-14,10490.35,12304.1,8676.6
2012-07-15,10843.4,13093.1,8593.7
2012-07-16,12258.35,15471.2,9045.5
2012-07-17,12697.55,15833.2,9561.9
2012-07-18,13628.0,16538.7,10717.3
2012-07-19,10936.25,12277.7,9594.8
2012-07-20,9481.55,10835.7,8127.400000000001
2012-07-21,8190.75,9717.3,6664.2
2012-07-22,8694.5,10557.1,6831.900000000001
2012-07-23,10877.35,13842.1,7912.6
2012-07-24,12186.45,15466.4,8906.5
2012-07-25,10833.85,13328.0,8339.7
2012-07-26,11792.45,15082.5,8502.400000000001
2012-07-27,11844.05,14778.8,8909.3
2012-07-28,10423.05,11677.6,9168.5
2012-07-29,9239.15,10725.9,7752.4
2012-07-30,10459.6,12891.3,8027.900000000001
2012-07-31,10101.3,12242.7,7959.9
2012-08-01,10376.85,12733.9,8019.8
2012-08-02,11423.6,14616.5,8230.7
2012-08-03,12312.85,15345.7,9280.0
2012-08-04,11622.4,13882.0,9362.8
2012-08-05,11859.05,14062.4,9655.7
2012-08-06,12064.7,14576.7,9552.7
2012-08-07,10738.0,13156.8,8319.2
2012-08-08,11463.1,14288.0,8638.2
2012-08-09,12209.9,15148.5,9271.3
2012-08-10,11789.8,13845.5,9734.1
2012-08-11,11102.75,13187.0,9018.5
2012-08-12,10580.1,12462.1,8698.1
2012-08-13,11143.65,13696.4,8590.9
2012-08-14,10788.9,13123.6,8454.2
2012-08-15,11002.0,13160.5,8843.5
2012-08-16,10676.9,13365.6,7988.200000000001
2012-08-17,11080.25,14129.6,8030.9
2012-08-18,9202.85,10461.9,7943.8
2012-08-19,8161.349999999999,9412.3,6910.4
2012-08-20,9511.9,11812.0,7211.799999999999
2012-08-21,9866.7,12230.1,7503.299999999999
2012-08-22,10090.95,12557.5,7624.4
2012-08-23,10445.25,13121.4,7769.1
2012-08-24,10706.7,13359.8,8053.599999999999
2012-08-25,10080.4,11913.5,8247.3
2012-08-26,9323.3,11070.4,7576.200000000001
2012-08-27,10480.7,12900.3,8061.1
2012-08-28,11388.4,13930.9,8845.900000000001
2012-08-29,9982.65,11981.8,7983.5
2012-08-30,9725.9,12196.4,7255.4
2012-08-31,10742.95,13839.6,7646.299999999999
2012-09-01,10608.15,12655.9,8560.400000000001
2012-09-02,9633.75,11082.4,8185.1
2012-09-03,9393.7,10531.6,8255.8
2012-09-04,10438.8,12921.6,7956.0
2012-09-05,11121.05,13305.3,8936.8
2012-09-06,10401.75,12685.4,8118.1
2012-09-07,11350.55,14574.1,8127.0
2012-09-08,10632.75,12629.7,8635.8
2012-09-09,8646.75,10014.7,7278.8
2012-09-10,8679.15,10521.8,6836.5
2012-09-11,8110.15,10096.5,6123.8
2012-09-12,8636.1,10985.6,6286.6
2012-09-13,9047.9,11495.2,6600.599999999999
2012-09-14,9188.95,11530.1,6847.799999999999
2012-09-15,7951.25,9039.7,6862.8
2012-09-16,7458.549999999999,8821.3,6095.8
2012-09-17,8322.95,10429.4,6216.5
2012-09-18,9038.75,11283.5,6794.0
2012-09-19,8361.35,10018.5,6704.200000000001
2012-09-20,7810.1,9645.1,5975.1
2012-09-21,8008.9,9986.3,6031.5
2012-09-22,7714.9,9347.3,6082.5
2012-09-23,7341.65,8441.1,6242.2
2012-09-24,7552.450000000001,9323.2,5781.7
2012-09-25,7674.049999999999,9618.8,5729.3
2012-09-26,8090.15,10110.9,6069.4
2012-09-27,8476.65,10499.6,6453.7
2012-09-28,8444.849999999999,10363.9,6525.799999999999
2012-09-29,7255.7,8396.5,6114.9
2012-09-30,7092.099999999999,8404.599999999999,5779.6
2012-10-01,7518.4,9345.0,5691.8
2012-10-02,7780.299999999999,9639.3,5921.3
2012-10-03,8285.5,10430.2,6140.8
2012-10-04,8606.9,10613.6,6600.2
2012-10-05,8615.7,10710.7,6520.7
2012-10-06,7721.55,9076.9,6366.200000000001
2012-10-07,6831.35,8035.9,5626.8
2012-10-08,7210.75,8829.2,5592.3
2012-10-09,7394.65,9141.3,5648.0
2012-10-10,7407.0,9128.7,5685.299999999999
2012-10-11,7301.9,8979.0,5624.8
2012-10-12,7257.55,8821.1,5694.0
2012-10-13,6954.2,8151.299999999999,5757.1
2012-10-14,7024.25,8375.7,5672.8
2012-10-15,7755.75,9722.6,5788.900000000001
2012-10-16,7409.75,9055.3,5764.200000000001
2012-10-17,7400.25,9107.2,5693.299999999999
2012-10-18,7479.5,9235.2,5723.8
2012-10-19,7687.599999999999,9512.9,5862.299999999999
2012-10-20,7061.75,8223.4,5900.1
2012-10-21,6871.5,8185.200000000001,5557.8
2012-10-22,7388.2,9203.4,5573.0
2012-10-23,7463.4,9282.3,5644.5
2012-10-24,7490.75,9280.0,5701.5
2012-10-25,7459.7,9255.0,5664.4
2012-10-26,7487.35,9255.9,5718.8
2012-10-27,7059.400000000001,8362.1,5756.700000000001
2012-10-28,7007.800000000001,8385.400000000001,5630.200000000001
2012-10-29,5893.200000000001,7727.1,4059.3
2012-10-30,4278.35,5248.2,3308.5
2012-10-31,4782.299999999999,5959.799999999999,3604.8
2012-11-01,5337.05,6613.7,4060.4
2012-11-02,5660.1,7067.200000000001,4253.0
2012-11-03,6095.450000000001,7320.900000000001,4870.0
2012-11-04,7976.849999999999,10831.8,5121.9
2012-11-05,6959.45,8704.5,5214.4
2012-11-06,7238.85,8873.4,5604.3
2012-11-07,7614.0,9497.8,5730.2
2012-11-08,7600.4,9320.7,5880.099999999999
2012-11-09,7443.299999999999,9030.9,5855.7
2012-11-10,6989.15,8232.6,5745.7
2012-11-11,6839.8,8008.6,5671.0
2012-11-12,7569.9,9493.1,5646.7
2012-11-13,7517.45,9390.3,5644.6
2012-11-14,7645.75,9519.8,5771.7
2012-11-15,7758.5,9567.9,5949.1
2012-11-16,7671.35,9397.5,5945.200000000001
2012-11-17,7177.9,8399.5,5956.3
2012-11-18,7164.550000000001,8490.900000000001,5838.2
2012-11-19,7703.550000000001,9609.9,5797.2
2012-11-20,7711.400000000001,9512.7,5910.1
2012-11-21,7575.8,9270.1,5881.5
2012-11-22,6764.6,7648.6,5880.599999999999
2012-11-23,7254.15,8721.1,5787.2
2012-11-24,7216.45,8585.0,5847.9
2012-11-25,7397.95,8824.0,5971.9
2012-11-26,7876.3,9750.7,6001.9
2012-11-27,8037.2,10084.0,5990.4
2012-11-28,8038.55,9941.1,6136.0
2012-11-29,8064.699999999999,9893.1,6236.299999999999
2012-11-30,7936.3,9683.9,6188.700000000001
2012-12-01,7536.1,8993.6,6078.6
2012-12-02,7364.95,8814.4,5915.5
2012-12-03,7703.6,9622.6,5784.6
2012-12-04,7763.25,9714.7,5811.799999999999
2012-12-05,7763.5,9742.7,5784.3
2012-12-06,8083.65,10050.3,6117.0
2012-12-07,7985.25,9789.9,6180.6
2012-12-08,7399.65,8842.6,5956.7
2012-12-09,7393.1500000000015,9003.900000000001,5782.400000000001
2012-12-10,7881.099999999999,9930.9,5831.299999999999
2012-12-11,7854.099999999999,9902.4,5805.799999999999
2012-12-12,8040.7,10035.3,6046.1
2012-12-13,8083.799999999999,10007.1,6160.5
2012-12-14,8002.349999999999,9818.3,6186.4
2012-12-15,7525.6,8929.4,6121.8
2012-12-16,7493.4,9077.9,5908.9
2012-12-17,8042.4,10144.4,5940.400000000001
2012-12-18,7948.200000000001,9869.5,6026.900000000001
2012-12-19,8003.25,9986.1,6020.400000000001
2012-12-20,8103.65,10056.3,6151.0
2012-12-21,7948.700000000001,9834.7,6062.7
2012-12-22,7683.449999999999,9204.6,6162.299999999999
2012-12-23,7553.55,8950.0,6157.1
2012-12-24,7785.65,9387.0,6184.3
2012-12-25,7250.099999999999,8338.8,6161.4
2012-12-26,8207.8,10207.8,6207.799999999999
2012-12-27,8151.400000000001,10007.9,6294.9
2012-12-28,8163.75,9831.4,6496.1
2012-12-29,7851.2,9317.8,6384.6
2012-12-30,7881.25,9363.0,6399.5
2012-12-31,8215.8,9870.0,6561.6
2013-01-01,7742.75,9136.6,6348.900000000001
2013-01-02,8463.3,10468.5,6458.1
2013-01-03,8502.349999999999,10426.8,6577.9
2013-01-04,8303.4,10083.4,6523.4
2013-01-05,7752.2,9024.8,6479.6
2013-01-06,7570.3,8917.1,6223.5
2013-01-07,7934.900000000001,9800.7,6069.1
2013-01-08,7981.55,9735.2,6227.9
2013-01-09,7961.049999999999,9818.0,6104.099999999999
2013-01-10,7855.6,9679.5,6031.700000000001
2013-01-11,7896.0,9686.8,6105.2
2013-01-12,7313.150000000001,8676.2,5950.1
2013-01-13,7230.05,8615.2,5844.9
2013-01-14,7668.6,9563.3,5773.900000000001
2013-01-15,7910.25,9846.2,5974.3
2013-01-16,8122.299999999999,10037.4,6207.2
2013-01-17,7973.9,9818.6,6129.2
2013-01-18,8070.8,9877.7,6263.9
2013-01-19,7548.75,8647.4,6450.099999999999
2013-01-20,7294.25,8554.6,6033.9
2013-01-21,8048.45,9818.5,6278.4
2013-01-22,8607.0,10654.1,6559.9
2013-01-23,9006.4,10861.8,7151.0
2013-01-24,9029.0,10854.3,7203.7
2013-01-25,8972.15,10643.8,7300.5
2013-01-26,8425.95,9721.2,7130.7
2013-01-27,8236.45,9460.8,7012.1
2013-01-28,8586.25,10483.8,6688.7
2013-01-29,8121.150000000001,9835.7,6406.6
2013-01-30,7922.85,9708.6,6137.1
2013-01-31,7916.749999999999,9832.6,6000.9
2013-02-01,8302.05,10102.2,6501.9
2013-02-02,8114.099999999999,9365.8,6862.4
2013-02-03,7966.8,9291.5,6642.1
2013-02-04,8498.95,10314.6,6683.3
2013-02-05,8461.1,10314.7,6607.5
2013-02-06,8321.25,10049.3,6593.2
2013-02-07,8419.45,10174.9,6664.0
2013-02-08,8448.849999999999,10244.3,6653.4
2013-02-09,8172.3,9559.5,6785.1
2013-02-10,8103.75,9360.5,6847.0
2013-02-11,8217.400000000001,9911.7,6523.1
2013-02-12,8040.650000000001,9737.7,6343.6
2013-02-13,8033.949999999999,9712.1,6355.799999999999
2013-02-14,7862.099999999999,9388.3,6335.9
2013-02-15,7759.75,9272.2,6247.299999999999
2013-02-16,7491.9,8801.4,6182.4
2013-02-17,7827.849999999999,9175.4,6480.299999999999
2013-02-18,8242.6,9563.4,6921.8
2013-02-19,8130.050000000001,9777.7,6482.400000000001
2013-02-20,8221.6,10146.8,6296.400000000001
2013-02-21,8411.0,10105.4,6716.6
2013-02-22,8220.0,9689.9,6750.1
2013-02-23,7621.700000000001,8908.5,6334.900000000001
2013-02-24,7520.699999999999,8827.599999999999,6213.8
2013-02-25,7951.4,9601.6,6301.200000000001
2013-02-26,7963.150000000001,9737.7,6188.6
2013-02-27,7948.8,9603.4,6294.200000000001
2013-02-28,7805.549999999999,9505.0,6106.099999999999
2013-03-01,7792.2,9431.5,6152.9
2013-03-02,7513.2,8760.4,6266.0
2013-03-03,7565.65,8834.099999999999,6297.200000000001
2013-03-04,8116.5,9784.7,6448.299999999999
2013-03-05,7960.75,9471.2,6450.3
2013-03-06,8065.6,9941.9,6189.3
2013-03-07,8192.35,9970.2,6414.5
2013-03-08,8117.5,9745.2,6489.799999999999
2013-03-09,7409.75,8409.6,6409.9
2013-03-10,7328.3499999999985,8478.099999999999,6178.599999999999
2013-03-11,7627.2,9181.3,6073.1
2013-03-12,7602.099999999999,9257.8,5946.4
2013-03-13,7515.1,9051.3,5978.900000000001
2013-03-14,7773.049999999999,9403.3,6142.8
2013-03-15,7819.15,9188.8,6449.5
2013-03-16,7418.8,8647.2,6190.4
2013-03-17,7403.450000000001,8590.6,6216.3
2013-03-18,8042.900000000001,9764.1,6321.700000000001
2013-03-19,8009.450000000001,9536.6,6482.3
2013-03-20,7719.8,9138.1,6301.5
2013-03-21,7767.15,9318.3,6216.0
2013-03-22,7772.55,9142.0,6403.1
2013-03-23,7348.450000000001,8368.7,6328.200000000001
2013-03-24,7243.1,8288.9,6197.3
2013-03-25,7707.349999999999,9363.8,6050.9
2013-03-26,7489.15,8771.4,6206.9
2013-03-27,7407.349999999999,8697.8,6116.9
2013-03-28,7391.35,8732.5,6050.200000000001
2013-03-29,7159.9,8350.099999999999,5969.700000000001
2013-03-30,6879.5,7885.1,5873.9
2013-03-31,6787.95,7825.6,5750.299999999999
2013-04-01,7208.9,8651.3,5766.5
2013-04-02,7447.449999999999,8896.099999999999,5998.799999999999
2013-04-03,7562.5,8978.3,6146.700000000001
2013-04-04,7500.8,8843.7,6157.9
2013-04-05,7329.799999999999,8733.099999999999,5926.5
2013-04-06,6963.15,8004.299999999999,5922.0
2013-04-07,6965.299999999999,8073.4,5857.2
2013-04-08,7158.95,8621.0,5696.9
2013-04-09,7357.15,9108.4,5605.9
2013-04-10,7360.700000000001,8970.6,5750.8
2013-04-11,7163.099999999999,8655.9,5670.299999999999
2013-04-12,7344.55,9051.0,5638.1
2013-04-13,6869.1,7870.700000000001,5867.5
2013-04-14,6798.25,7952.0,5644.5
2013-04-15,7145.450000000001,8623.2,5667.7
2013-04-16,7197.950000000001,8678.2,5717.7
2013-04-17,7223.450000000001,8782.2,5664.7
2013-04-18,7181.35,8740.400000000001,5622.3
2013-04-19,7287.95,8898.3,5677.6
2013-04-20,6665.35,7722.4,5608.3
2013-04-21,6762.8,7910.6,5615.0
2013-04-22,7131.4,8613.8,5649.0
2013-04-23,7323.35,8890.5,5756.2
2013-04-24,7201.2,8614.3,5788.1
2013-04-25,7099.099999999999,8544.3,5653.9
2013-04-26,7074.85,8514.9,5634.8
2013-04-27,6625.35,7660.2,5590.5
2013-04-28,6632.25,7780.1,5484.4
2013-04-29,7101.9,8711.099999999999,5492.7
2013-04-30,7082.099999999999,8577.3,5586.9
2013-05-01,7079.5,8575.8,5583.2
2013-05-02,7163.95,8753.5,5574.4
2013-05-03,7029.799999999999,8498.9,5560.7
2013-05-04,6584.25,7599.299999999999,5569.2
2013-05-05,6574.0,7664.2,5483.8
2013-05-06,7069.35,8700.4,5438.3
2013-05-07,7299.0,9005.0,5593.0
2013-05-08,7389.700000000001,9104.2,5675.2
2013-05-09,7284.299999999999,8989.9,5578.7
2013-05-10,7572.5,9446.8,5698.200000000001
2013-05-11,6976.3,8128.8,5823.8
2013-05-12,6621.5,7604.0,5639.0
2013-05-13,6978.2,8499.4,5457.0
2013-05-14,7064.299999999999,8522.9,5605.7
2013-05-15,7201.65,8743.599999999999,5659.7
2013-05-16,7626.85,9459.4,5794.3
2013-05-17,7468.15,9128.6,5807.7
2013-05-18,6816.25,7878.2,5754.299999999999
2013-05-19,6780.549999999999,7961.099999999999,5600.0
2013-05-20,7782.299999999999,9918.8,5645.8
2013-05-21,8842.400000000001,11513.7,6171.1
2013-05-22,8784.1,10753.4,6814.8
2013-05-23,8836.25,11027.3,6645.2
2013-05-24,8002.6,9609.0,6396.200000000001
2013-05-25,6678.450000000001,7691.6,5665.3
2013-05-26,6460.9,7360.0,5561.799999999999
2013-05-27,6696.2,7863.299999999999,5529.1
2013-05-28,7437.799999999999,9217.3,5658.299999999999
2013-05-29,8205.05,10605.3,5804.8
2013-05-30,9825.85,12964.3,6687.4
2013-05-31,10665.75,13636.4,7695.1
2013-06-01,9943.05,12078.8,7807.299999999999
2013-06-02,9492.25,11367.2,7617.3
2013-06-03,9817.4,11787.7,7847.1
2013-06-04,8534.7,10450.5,6618.9
2013-06-05,8213.6,10209.1,6218.1
2013-06-06,8077.8,9930.0,6225.6
2013-06-07,7919.9,9650.8,6189.0
2013-06-08,7417.450000000001,8929.400000000001,5905.5
2013-06-09,7825.0,9513.1,6136.900000000001
2013-06-10,8646.8,10462.3,6831.299999999999
2013-06-11,9005.85,11511.3,6500.400000000001
2013-06-12,8828.25,10823.9,6832.6
2013-06-13,8240.45,9868.3,6612.6
2013-06-14,7775.8,9584.7,5966.9
2013-06-15,7641.299999999999,9268.8,6013.799999999999
2013-06-16,7888.150000000001,9585.7,6190.6
2013-06-17,9893.85,12703.7,7084.0
2013-06-18,9952.35,12515.3,7389.400000000001
2013-06-19,8883.35,10972.2,6794.5
2013-06-20,8899.699999999999,11289.1,6510.299999999999
2013-06-21,9012.0,11453.0,6571.0
2013-06-22,8458.4,10345.3,6571.5
2013-06-23,9107.1,11391.4,6822.8
2013-06-24,11546.65,14797.1,8296.2
2013-06-25,11862.85,15131.3,8594.4
2013-06-26,11641.55,14160.0,9123.1
2013-06-27,11540.95,14199.3,8882.599999999999
2013-06-28,11375.4,13976.5,8774.3
2013-06-29,10052.15,11997.1,8107.200000000001
2013-06-30,9913.25,11725.9,8100.6
2013-07-01,10475.4,12468.9,8481.9
2013-07-02,10716.35,13239.4,8193.3
2013-07-03,10958.9,13653.7,8264.1
2013-07-04,10604.3,12662.9,8545.7
2013-07-05,11908.55,14802.0,9015.1
2013-07-06,11644.1,14113.1,9175.1
2013-07-07,11966.35,14325.9,9606.8
2013-07-08,12649.4,15526.9,9771.9
2013-07-09,12271.55,15160.1,9383.0
2013-07-10,12185.4,14865.0,9505.8
2013-07-11,11901.55,13964.6,9838.5
2013-07-12,10482.4,12226.2,8738.6
2013-07-13,9616.45,11480.4,7752.5
2013-07-14,10901.35,13482.0,8320.7
2013-07-15,13061.5,16303.9,9819.1
2013-07-16,13162.1,16000.4,10323.8
2013-07-17,13301.15,16291.0,10311.3
2013-07-18,13833.3,17016.7,10649.9
2013-07-19,14318.6,17109.4,11527.8
2013-07-20,13003.2,15129.9,10876.5
2013-07-21,11313.95,12878.1,9749.8
2013-07-22,12176.399999999998,14650.7,9702.1
2013-07-23,12366.4,15149.4,9583.4
2013-07-24,11618.1,13944.4,9291.8
2013-07-25,8914.5,10083.7,7745.3
2013-07-26,9060.6,11474.2,6647.0
2013-07-27,9196.45,11040.3,7352.6
2013-07-28,9030.9,10545.7,7516.1
2013-07-29,10823.6,13594.6,8052.6
2013-07-30,9949.35,12312.6,7586.1
2013-07-31,9933.35,12349.8,7516.900000000001
2013-08-01,9655.6,11438.5,7872.7
2013-08-02,10013.95,12528.2,7499.700000000001
2013-08-03,8940.8,10201.0,7680.6
2013-08-04,8559.0,10111.1,7006.9
2013-08-05,9007.5,11102.4,6912.6
2013-08-06,9312.95,11618.0,7007.9
2013-08-07,9517.95,11714.9,7321.0
2013-08-08,10085.2,12429.1,7741.299999999999
2013-08-09,10765.5,13318.5,8212.5
2013-08-10,9641.4,11209.3,8073.5
2013-08-11,8665.25,10277.7,7052.8
2013-08-12,10171.3,12373.5,7969.1
2013-08-13,9820.2,11642.3,7998.1
2013-08-14,8856.400000000001,10535.6,7177.200000000001
2013-08-15,8600.5,10769.1,6431.900000000001
2013-08-16,8821.900000000001,10932.6,6711.200000000001
2013-08-17,8389.6,10059.4,6719.8
2013-08-18,8079.65,9249.4,6909.9
2013-08-19,9092.75,11286.2,6899.299999999999
2013-08-20,10158.4,13030.4,7286.4
2013-08-21,10899.3,13717.6,8081.0
2013-08-22,10632.55,12599.6,8665.5
2013-08-23,10011.0,11961.4,8060.6
2013-08-24,8419.35,9845.5,6993.2
2013-08-25,8390.25,10092.5,6688.0
2013-08-26,9620.4,12036.0,7204.799999999999
2013-08-27,10733.6,13450.5,8016.700000000001
2013-08-28,10850.55,13361.3,8339.8
2013-08-29,10293.45,12305.9,8281.0
2013-08-30,10214.7,12768.6,7660.8
2013-08-31,10009.25,11903.4,8115.1
2013-09-01,10007.65,11700.3,8315.0
2013-09-02,10127.7,11709.7,8545.7
2013-09-03,10626.05,12861.5,8390.6
2013-09-04,9736.55,12171.6,7301.5
2013-09-05,9330.75,11270.6,7390.9
2013-09-06,8140.05,9858.4,6421.700000000001
2013-09-07,7547.45,8966.3,6128.6
2013-09-08,8286.2,9993.0,6579.400000000001
2013-09-09,8169.5,10077.4,6261.6
2013-09-10,9675.4,12714.2,6636.6
2013-09-11,11841.3,15336.5,8346.1
2013-09-12,11401.75,13724.1,9079.4
2013-09-13,9585.75,11393.5,7778.0
2013-09-14,7181.25,8213.8,6148.7
2013-09-15,7069.95,8416.5,5723.4
2013-09-16,7798.1,9584.7,6011.5
2013-09-17,7324.8,8921.2,5728.4
2013-09-18,7462.9,9272.8,5653.0
2013-09-19,7735.9,9684.4,5787.400000000001
2013-09-20,8028.8,10077.2,5980.4
2013-09-21,7583.749999999999,9131.1,6036.4
2013-09-22,7294.700000000001,8297.7,6291.7
2013-09-23,7296.3,8956.5,5636.1
2013-09-24,7337.0,9152.7,5521.3
2013-09-25,7465.15,9271.5,5658.799999999999
2013-09-26,7510.150000000001,9232.6,5787.700000000001
2013-09-27,7402.55,9029.7,5775.4
2013-09-28,7054.25,8334.2,5774.299999999999
2013-09-29,7036.5,8328.0,5745.0
2013-09-30,7578.250000000001,9450.9,5705.6
2013-10-01,8025.3,10230.2,5820.4
2013-10-02,8685.150000000001,11116.7,6253.6
2013-10-03,8508.2,10379.4,6637.0
2013-10-04,9021.55,11567.8,6475.299999999999
2013-10-05,8078.15,9346.5,6809.8
2013-10-06,7788.2,9107.0,6469.4
2013-10-07,8655.25,10759.5,6551.0
2013-10-08,7489.3,9055.6,5923.0
2013-10-09,7297.950000000001,8907.2,5688.7
2013-10-10,7344.75,9056.0,5633.5
2013-10-11,7383.7,9049.8,5717.6
2013-10-12,6921.549999999999,8112.7,5730.4
2013-10-13,6772.4,7941.9,5602.9
2013-10-14,7162.4,8755.6,5569.2
2013-10-15,7361.700000000001,9099.2,5624.2
2013-10-16,7415.3,9183.5,5647.1
2013-10-17,7624.4,9471.5,5777.3
2013-10-18,7397.299999999999,8903.3,5891.3
2013-10-19,6804.049999999999,8006.7,5601.4
2013-10-20,6769.15,8018.4,5519.9
2013-10-21,7233.15,8931.0,5535.3
2013-10-22,7302.65,8992.9,5612.4
2013-10-23,7290.450000000001,8992.2,5588.700000000001
2013-10-24,7305.8,8985.1,5626.5
2013-10-25,7316.3,8875.1,5757.5
2013-10-26,6944.45,8077.0,5811.9
2013-10-27,6862.9,8102.3,5623.5
2013-10-28,7349.35,9060.7,5638.0
2013-10-29,7364.549999999999,9049.4,5679.7
2013-10-30,7429.2,9128.5,5729.9
2013-10-31,7392.85,9093.4,5692.3
2013-11-01,7452.4,9108.8,5796.0
2013-11-02,6905.55,8136.3,5674.8
2013-11-03,8503.35,11570.0,5436.7
2013-11-04,7652.4,9528.0,5776.8
2013-11-05,7660.050000000001,9431.7,5888.400000000001
2013-11-06,7595.3,9393.6,5797.0
2013-11-07,7561.949999999999,9386.8,5737.099999999999
2013-11-08,7560.2,9344.4,5776.0
2013-11-09,7161.95,8416.9,5907.0
2013-11-10,7030.4,8331.0,5729.8
2013-11-11,7573.0,9391.2,5754.8
2013-11-12,7808.5,9901.9,5715.1
2013-11-13,8064.299999999999,9891.3,6237.3
2013-11-14,7939.75,9644.1,6235.4
2013-11-15,7689.45,9340.8,6038.1
2013-11-16,7087.5,8326.2,5848.8
2013-11-17,7056.25,8439.7,5672.8
2013-11-18,7522.7,9386.5,5658.9
2013-11-19,7677.6,9648.5,5706.700000000001
2013-11-20,7925.35,9760.5,6090.2
2013-11-21,7919.8,9668.1,6171.5
2013-11-22,7631.9,9401.6,5862.2
2013-11-23,7219.299999999999,8631.5,5807.099999999999
2013-11-24,7922.4,9482.0,6362.8
2013-11-25,8390.65,10198.6,6582.7
2013-11-26,8187.65,9985.7,6389.599999999999
2013-11-27,7861.299999999999,9654.3,6068.299999999999
2013-11-28,7242.15,8170.900000000001,6313.4
2013-11-29,7770.8,9273.5,6268.1
2013-11-30,7640.200000000001,8901.5,6378.900000000001
2013-12-01,7361.849999999999,8717.3,6006.4
2013-12-02,7843.05,9798.0,5888.1
2013-12-03,7887.95,9733.5,6042.4
2013-12-04,7911.150000000001,9794.2,6028.1
2013-12-05,7802.8,9712.9,5892.700000000001
2013-12-06,7782.35,9685.4,5879.3
2013-12-07,7563.949999999999,9021.3,6106.599999999999
2013-12-08,7886.55,9479.2,6293.9
2013-12-09,8293.5,10215.6,6371.4
2013-12-10,8413.6,10507.9,6319.3
2013-12-11,8577.4,10497.6,6657.2
2013-12-12,8706.8,10677.3,6736.299999999999
2013-12-13,8640.75,10378.6,6902.900000000001
2013-12-14,8401.95,10110.9,6693.0
2013-12-15,8026.55,9494.0,6559.1
2013-12-16,8615.4,10680.0,6550.8
2013-12-17,8823.150000000001,10844.7,6801.6
2013-12-18,8695.55,10519.1,6872.0
2013-12-19,8492.95,10256.7,6729.200000000001
2013-12-20,8095.45,9826.8,6364.1
2013-12-21,7453.75,8783.3,6124.200000000001
2013-12-22,7313.75,8745.8,5881.700000000001
2013-12-23,7802.15,9705.3,5899.0
2013-12-24,7781.900000000001,9453.7,6110.1
2013-12-25,7672.799999999999,8696.9,6648.7
2013-12-26,8232.35,10015.7,6449.0
2013-12-27,8166.049999999999,9815.3,6516.799999999999
2013-12-28,7518.85,8720.1,6317.599999999999
2013-12-29,7461.200000000001,8910.7,6011.7
2013-12-30,8029.6,9965.1,6094.1
2013-12-31,8367.1,10062.3,6671.900000000001
2014-01-01,8009.05,9223.5,6794.6
2014-01-02,8605.3,10718.8,6491.8
2014-01-03,8994.7,10743.8,7245.6
2014-01-04,8618.55,9889.9,7347.200000000001
2014-01-05,8253.85,9582.9,6924.8
2014-01-06,8259.85,10174.0,6345.700000000001
2014-01-07,9360.2,11441.2,7279.2
2014-01-08,9409.35,11100.1,7718.6
2014-01-09,8863.85,10528.6,7199.1
2014-01-10,8512.4,10161.3,6863.5
2014-01-11,7641.849999999999,8872.099999999999,6411.6
2014-01-12,7439.950000000001,8894.5,5985.400000000001
2014-01-13,7992.8,9739.5,6246.1
2014-01-14,7917.65,9787.1,6048.2
2014-01-15,7894.5,9687.1,6101.9
2014-01-16,7969.65,9839.9,6099.4
2014-01-17,7912.15,9513.8,6310.5
2014-01-18,7538.849999999999,8927.3,6150.4
2014-01-19,7706.900000000001,8985.2,6428.6
2014-01-20,7942.05,9551.6,6332.5
2014-01-21,8577.800000000001,10621.4,6534.2
2014-01-22,9171.85,10983.4,7360.3
2014-01-23,9215.6,10929.8,7501.400000000001
2014-01-24,9145.65,10739.2,7552.1
2014-01-25,8611.05,9852.0,7370.1
2014-01-26,8502.9,9876.8,7129.0
2014-01-27,8579.0,10373.0,6785.0
2014-01-28,8994.6,10808.9,7180.3
2014-01-29,9017.1,10720.0,7314.2
2014-01-30,8893.650000000001,10468.7,7318.6
2014-01-31,8406.4,9816.0,6996.799999999999
2014-02-01,7739.25,8923.9,6554.6
2014-02-02,7438.25,8608.8,6267.7
2014-02-03,8185.050000000001,10182.9,6187.200000000001
2014-02-04,8357.05,10025.5,6688.6
2014-02-05,8442.199999999999,10207.8,6676.599999999999
2014-02-06,8434.95,10128.0,6741.9
2014-02-07,8380.4,9936.3,6824.5
2014-02-08,8106.15,9362.1,6850.2
2014-02-09,8110.3,9435.9,6784.700000000001
2014-02-10,8580.65,10379.5,6781.8
2014-02-11,8730.099999999999,10447.4,7012.799999999999
2014-02-12,8819.0,10445.0,7193.0
2014-02-13,8620.2,10238.2,7002.2
2014-02-14,8230.45,9680.7,6780.2
2014-02-15,7946.25,9325.0,6567.5
2014-02-16,7937.1,9137.9,6736.3
2014-02-17,8297.45,9667.8,6927.1
2014-02-18,8303.55,9859.0,6748.099999999999
2014-02-19,8073.0,9561.8,6584.200000000001
2014-02-20,7863.5,9384.7,6342.3
2014-02-21,7809.35,9374.5,6244.2
2014-02-22,7308.4,8367.4,6249.4
2014-02-23,7193.0,8343.2,6042.8
2014-02-24,7892.299999999999,9814.3,5970.3
2014-02-25,8319.3,10032.0,6606.6
2014-02-26,8426.5,10166.9,6686.099999999999
2014-02-27,8549.65,10164.9,6934.4
2014-02-28,8707.4,10136.9,7277.9
2014-03-01,8044.75,9023.4,7066.099999999999
2014-03-02,7764.099999999999,9068.4,6459.799999999999
2014-03-03,8559.05,10524.5,6593.6
2014-03-04,8753.4,10288.5,7218.3
2014-03-05,8363.2,9894.1,6832.299999999999
2014-03-06,8460.25,10057.9,6862.6
2014-03-07,8241.2,9720.0,6762.4
2014-03-08,7391.5,8339.5,6443.5
2014-03-09,7280.45,8483.3,6077.6
2014-03-10,7609.85,9080.6,6139.1
2014-03-11,7377.5,8748.2,6006.799999999999
2014-03-12,7452.450000000001,9107.1,5797.8
2014-03-13,8067.5999999999985,9833.1,6302.099999999999
2014-03-14,8173.85,9493.2,6854.5
2014-03-15,7089.049999999999,8007.4,6170.7
2014-03-16,7330.25,8623.8,6036.7
2014-03-17,8011.650000000001,9569.1,6454.200000000001
2014-03-18,7893.1,9237.2,6549.0
2014-03-19,7887.3,9352.0,6422.6
2014-03-20,7510.5,8839.9,6181.1
2014-03-21,7450.049999999999,8761.9,6138.2
2014-03-22,6972.700000000001,7871.6,6073.8
2014-03-23,7168.0,8468.6,5867.4
2014-03-24,7918.2,9385.8,6450.6
2014-03-25,7952.6,9396.2,6509.0
2014-03-26,7968.9,9510.6,6427.200000000001
2014-03-27,7984.949999999999,9231.6,6738.3
2014-03-28,7602.65,8944.4,6260.9
2014-03-29,7112.65,8328.7,5896.599999999999
2014-03-30,7121.849999999999,8395.8,5847.9
2014-03-31,7628.5,9210.8,6046.2
2014-04-01,7375.95,8695.6,6056.299999999999
2014-04-02,7386.65,8840.8,5932.5
2014-04-03,7233.5,8539.4,5927.6
2014-04-04,7389.1,9009.7,5768.5
2014-04-05,6907.75,7878.5,5937.0
2014-04-06,6911.4,7950.0,5872.799999999999
2014-04-07,7358.950000000001,8967.1,5750.8
2014-04-08,7279.85,8742.6,5817.1
2014-04-09,7100.85,8474.0,5727.7
2014-04-10,7120.700000000001,8475.7,5765.7
2014-04-11,7105.450000000001,8515.1,5695.8
2014-04-12,6605.450000000001,7639.3,5571.6
2014-04-13,6660.45,7839.799999999999,5481.1
2014-04-14,7202.05,8779.7,5624.4
2014-04-15,7254.5,8829.4,5679.6
2014-04-16,7254.7,8622.9,5886.5
2014-04-17,7230.950000000001,8512.2,5949.7
2014-04-18,7120.55,8306.1,5935.0
2014-04-19,6722.950000000001,7639.3,5806.6
2014-04-20,6489.8,7443.900000000001,5535.7
2014-04-21,7008.8,8317.5,5700.1
2014-04-22,7112.1,8567.1,5657.1
2014-04-23,7000.4,8422.3,5578.5
2014-04-24,7037.05,8393.6,5680.5
2014-04-25,6975.2,8307.8,5642.6
2014-04-26,6627.45,7680.299999999999,5574.6
2014-04-27,6605.75,7712.700000000001,5498.8
2014-04-28,6957.1,8375.7,5538.5
2014-04-29,7168.35,8770.2,5566.5
2014-04-30,7475.6,9140.0,5811.2
2014-05-01,7375.6,8909.7,5841.5
2014-05-02,7118.0,8543.2,5692.8
2014-05-03,6649.4,7695.3,5603.5
2014-05-04,6596.1,7703.3,5488.9
2014-05-05,7037.200000000001,8542.400000000001,5532.0
2014-05-06,7052.5,8589.0,5516.0
2014-05-07,7028.75,8549.9,5507.6
2014-05-08,7153.1,8763.9,5542.3
2014-05-09,7157.650000000001,8725.2,5590.1
2014-05-10,6875.15,8149.9,5600.4
2014-05-11,6839.8,8038.5,5641.1
2014-05-12,7959.7,10082.1,5837.299999999999
2014-05-13,7709.0,9155.9,6262.1
2014-05-14,7240.75,8881.3,5600.2
2014-05-15,7573.4,9442.9,5703.9
2014-05-16,7689.65,9427.9,5951.400000000001
2014-05-17,6710.85,7728.1,5693.6
2014-05-18,6535.0,7644.9,5425.1
2014-05-19,7194.35,8899.5,5489.2
2014-05-20,7495.85,9433.4,5558.3
2014-05-21,7729.7,9594.4,5865.0
2014-05-22,7558.25,9150.2,5966.3
2014-05-23,7448.0,9101.6,5794.4
2014-05-24,6710.9,7736.3,5685.5
2014-05-25,6688.2,7890.5,5485.9
2014-05-26,7428.15,9054.2,5802.099999999999
2014-05-27,9091.2,11586.2,6596.2
2014-05-28,7851.85,9100.7,6603.0
2014-05-29,7243.05,8829.0,5657.1
2014-05-30,7562.35,9420.2,5704.5
2014-05-31,6871.15,8031.7,5710.6
2014-06-01,6799.3,8081.0,5517.6
2014-06-02,8023.25,10210.0,5836.5
2014-06-03,9022.9,11680.2,6365.6
2014-06-04,8993.8,11230.2,6757.4
2014-06-05,8477.300000000001,10190.4,6764.200000000001
2014-06-06,8133.75,10091.1,6176.4
2014-06-07,7845.0,9584.9,6105.099999999999
2014-06-08,8207.0,10054.5,6359.5
2014-06-09,8567.45,10241.4,6893.5
2014-06-10,8851.15,11150.4,6551.9
2014-06-11,8347.95,9922.9,6773.0
2014-06-12,8237.1,10329.4,6144.799999999999
2014-06-13,9002.05,11393.5,6610.599999999999
2014-06-14,8055.35,9432.1,6678.6
2014-06-15,7439.7,9052.9,5826.5
2014-06-16,8926.0,11275.9,6576.1
2014-06-17,10107.95,13298.3,6917.6
2014-06-18,11328.15,14213.4,8442.9
2014-06-19,10026.45,11657.1,8395.8
2014-06-20,9277.75,11429.2,7126.3
2014-06-21,7999.95,9428.5,6571.4
2014-06-22,7904.5,9393.1,6415.9
2014-06-23,9254.5,11762.9,6746.1
2014-06-24,9510.5,11992.6,7028.4
2014-06-25,10249.45,13125.4,7373.5
2014-06-26,10793.1,13541.5,8044.7
2014-06-27,10056.4,12317.1,7795.7
2014-06-28,8987.3,10987.4,6987.2
2014-06-29,8633.2,10378.7,6887.700000000001
2014-06-30,10236.15,13047.5,7424.799999999999
2014-07-01,11120.3,14190.2,8050.4
2014-07-02,11802.05,14916.6,8687.5
2014-07-03,11674.9,14629.8,8720.0
2014-07-04,8832.65,9897.6,7767.7
2014-07-05,7963.1,9620.7,6305.5
2014-07-06,8568.95,10519.0,6618.9
2014-07-07,10990.4,14158.2,7822.6
2014-07-08,11805.8,14865.1,8746.5
2014-07-09,11396.5,14185.9,8607.1
2014-07-10,10703.6,12906.1,8501.099999999999
2014-07-11,10473.95,12887.1,8060.8
2014-07-12,9513.1,11428.7,7597.5
2014-07-13,9454.95,11172.2,7737.7
2014-07-14,10998.15,13661.6,8334.7
2014-07-15,10972.65,13452.4,8492.9
2014-07-16,10016.55,12017.4,8015.700000000001
2014-07-17,9612.25,11792.7,7431.8
2014-07-18,9492.2,11769.3,7215.1
2014-07-19,8508.400000000001,9817.7,7199.1
2014-07-20,8338.900000000001,9796.6,6881.200000000001
2014-07-21,9935.25,12626.0,7244.5
2014-07-22,10685.4,13741.7,7629.1
2014-07-23,11442.15,14685.2,8199.1
2014-07-24,10597.25,12483.4,8711.099999999999
2014-07-25,9873.0,12229.1,7516.900000000001
2014-07-26,8911.099999999999,10381.8,7440.4
2014-07-27,9815.55,11941.1,7690.0
2014-07-28,10777.25,13054.2,8500.3
2014-07-29,9177.8,11168.5,7187.1
2014-07-30,9124.2,11375.9,6872.5
2014-07-31,9625.1,12140.5,7109.700000000001
2014-08-01,10344.5,12843.7,7845.299999999999
2014-08-02,8518.25,9471.4,7565.099999999999
2014-08-03,8117.4,9479.3,6755.5
2014-08-04,10033.5,12724.9,7342.1
2014-08-05,10796.25,13655.3,7937.200000000001
2014-08-06,10439.85,12771.1,8108.6
2014-08-07,9848.45,12220.4,7476.5
2014-08-08,9448.95,11774.2,7123.7
2014-08-09,9035.1,10874.5,7195.7
2014-08-10,9257.3,11203.6,7311.0
2014-08-11,10480.8,12954.6,8007.0
2014-08-12,10140.8,12239.1,8042.5
2014-08-13,10042.8,12415.4,7670.2
2014-08-14,9078.5,11026.4,7130.6
2014-08-15,8495.0,10237.1,6752.9
2014-08-16,7861.6,9284.4,6438.8
2014-08-17,8346.05,9934.6,6757.5
2014-08-18,9195.5,11486.8,6904.2
2014-08-19,9448.55,11827.3,7069.8
2014-08-20,9842.25,12293.1,7391.4
2014-08-21,9757.85,12013.5,7502.2
2014-08-22,9386.8,11341.7,7431.9
2014-08-23,8057.549999999999,9216.8,6898.3
2014-08-24,8028.55,9514.4,6542.700000000001
2014-08-25,9747.8,12634.7,6860.9
2014-08-26,10491.0,13240.3,7741.7
2014-08-27,10747.4,13797.0,7697.799999999999
2014-08-28,10264.0,12172.8,8355.2
2014-08-29,8979.55,11018.3,6940.799999999999
2014-08-30,8170.8,9619.2,6722.4
2014-08-31,9670.9,11986.5,7355.3
2014-09-01,10508.25,12751.8,8264.7
2014-09-02,12367.85,15607.2,9128.5
2014-09-03,11266.95,13443.8,9090.1
2014-09-04,10831.65,13644.0,8019.3
2014-09-05,11335.25,14316.0,8354.5
2014-09-06,11474.75,13859.6,9089.9
2014-09-07,8996.0,10451.1,7540.900000000001
2014-09-08,9067.65,10966.5,7168.799999999999
2014-09-09,8474.05,10324.5,6623.6
2014-09-10,8690.5,10860.4,6520.6
2014-09-11,9513.35,12154.7,6872.0
2014-09-12,8806.3,10709.8,6902.8
2014-09-13,7410.75,8550.1,6271.400000000001
2014-09-14,6975.55,8197.1,5754.0
2014-09-15,7594.5,9441.8,5747.2
2014-09-16,7685.200000000001,9443.6,5926.8
2014-09-17,7672.550000000001,9511.4,5833.700000000001
2014-09-18,7846.900000000001,9785.9,5907.9
2014-09-19,7457.3,8947.0,5967.6
2014-09-20,7183.25,8635.0,5731.5
2014-09-21,7979.85,9653.1,6306.6
2014-09-22,8147.45,9691.0,6603.9
2014-09-23,7445.8,9241.5,5650.1
2014-09-24,7568.15,9317.0,5819.3
2014-09-25,7413.099999999999,8935.8,5890.4
2014-09-26,7659.45,9535.9,5783.0
2014-09-27,7589.25,9228.8,5949.7
2014-09-28,7927.15,9606.2,6248.099999999999
2014-09-29,8598.15,10543.9,6652.4
2014-09-30,8241.650000000001,9837.6,6645.700000000001
2014-10-01,7712.799999999999,9315.3,6110.299999999999
2014-10-02,7518.700000000001,9165.2,5872.2
2014-10-03,7460.5,9120.1,5800.9
2014-10-04,7086.849999999999,8323.3,5850.4
2014-10-05,6636.65,7866.1,5407.2
2014-10-06,7162.400000000001,8899.2,5425.6
2014-10-07,7466.599999999999,9218.8,5714.4
2014-10-08,7587.0,9263.4,5910.599999999999
2014-10-09,7278.2,8868.9,5687.5
2014-10-10,7095.75,8616.5,5575.0
2014-10-11,6670.15,7834.3,5506.0
2014-10-12,6532.6,7713.6,5351.6
2014-10-13,7156.15,8868.3,5444.0
2014-10-14,7695.7,9642.4,5749.0
2014-10-15,8226.95,10262.3,6191.6
2014-10-16,8143.3,9785.6,6501.0
2014-10-17,7590.200000000001,9260.7,5919.700000000001
2014-10-18,6944.35,8061.1,5827.6
2014-10-19,6707.4,7957.4,5457.4
2014-10-20,7150.7,8815.9,5485.5
2014-10-21,7270.7,8972.9,5568.5
2014-10-22,7343.150000000001,9097.2,5589.1
2014-10-23,7400.2,9047.6,5752.799999999999
2014-10-24,7187.1,8717.0,5657.200000000001
2014-10-25,6754.15,7903.599999999999,5604.7
2014-10-26,6724.05,7967.3,5480.8
2014-10-27,7197.05,8896.0,5498.1
2014-10-28,7337.55,9114.6,5560.5
2014-10-29,7368.2,9059.8,5676.6
2014-10-30,7200.15,8843.6,5556.7
2014-10-31,7121.4,8642.1,5600.7
2014-11-01,6971.95,8310.5,5633.4
2014-11-02,8847.95,11994.8,5701.1
2014-11-03,7511.5,9224.8,5798.200000000001
2014-11-04,7455.15,9236.8,5673.5
2014-11-05,7397.05,9224.2,5569.9
2014-11-06,7466.150000000001,9363.7,5568.6
2014-11-07,7426.55,9191.6,5661.5
2014-11-08,7089.549999999999,8305.0,5874.099999999999
2014-11-09,6938.65,8221.8,5655.5
2014-11-10,7450.15,9226.5,5673.8
2014-11-11,7475.2,9254.5,5695.9
2014-11-12,7485.1,9310.2,5660.0
2014-11-13,7549.75,9402.9,5696.6
2014-11-14,7645.6,9395.6,5895.6
2014-11-15,7308.3,8558.2,6058.4
2014-11-16,7324.8,8635.1,6014.5
2014-11-17,7758.950000000001,9644.1,5873.8
2014-11-18,8014.700000000001,10054.6,5974.8
2014-11-19,8390.2,10142.6,6637.8
2014-11-20,8067.35,9764.0,6370.7
2014-11-21,8152.7,9893.0,6412.4
2014-11-22,7659.799999999999,8824.8,6494.799999999999
2014-11-23,7250.450000000001,8501.2,5999.7
2014-11-24,7661.95,9535.0,5788.9
2014-11-25,7529.9,9337.4,5722.4
2014-11-26,7800.650000000001,9820.9,5780.4
2014-11-27,7163.950000000001,8172.0,6155.900000000001
2014-11-28,7744.849999999999,9286.6,6203.1
2014-11-29,7621.8,8853.1,6390.5
2014-11-30,7266.1,8575.8,5956.400000000001
2014-12-01,7651.05,9533.7,5768.4
2014-12-02,7980.349999999999,9969.6,5991.1
2014-12-03,7905.35,9785.5,6025.200000000001
2014-12-04,7952.35,9772.9,6131.8
2014-12-05,7977.35,9753.5,6201.200000000001
2014-12-06,7458.5,8886.3,6030.700000000001
2014-12-07,7633.7,9182.9,6084.5
2014-12-08,8474.3,10463.1,6485.5
2014-12-09,8344.75,10263.1,6426.400000000001
2014-12-10,8258.6,10270.5,6246.7
2014-12-11,8344.900000000001,10204.4,6485.400000000001
2014-12-12,8272.4,10057.7,6487.099999999999
2014-12-13,7779.35,9123.6,6435.1
2014-12-14,7676.25,9121.2,6231.299999999999
2014-12-15,8103.849999999999,9957.3,6250.4
2014-12-16,8116.1,9991.7,6240.5
2014-12-17,7958.85,9853.9,6063.8
2014-12-18,8086.25,10024.0,6148.5
2014-12-19,8164.55,10014.1,6315.0
2014-12-20,7904.299999999999,9355.3,6453.3
2014-12-21,7780.15,9223.9,6336.4
2014-12-22,8134.35,9985.4,6283.3
2014-12-23,7941.55,9746.0,6137.1
2014-12-24,7657.55,9255.7,6059.4
2014-12-25,6898.55,7954.4,5842.700000000001
2014-12-26,7513.65,9088.0,5939.299999999999
2014-12-27,7244.05,8446.2,6041.9
2014-12-28,7170.3,8499.5,5841.1
2014-12-29,7794.0,9611.0,5977.0
2014-12-30,8136.4,9975.9,6296.9
2014-12-31,8212.85,9901.0,6524.700000000001
2015-01-01,7767.65,8868.0,6667.3
2015-01-02,7896.2,9504.9,6287.5
2015-01-03,7712.349999999999,9114.8,6309.9
2015-01-04,7341.75,8683.9,5999.6
2015-01-05,8028.15,10108.5,5947.799999999999
2015-01-06,8699.35,10599.5,6799.200000000001
2015-01-07,8923.6,10887.7,6959.5
2015-01-08,9258.4,10967.0,7549.799999999999
2015-01-09,8852.15,10433.0,7271.3
2015-01-10,8517.65,9881.7,7153.599999999999
2015-01-11,8292.5,9474.6,7110.400000000001
2015-01-12,8388.349999999999,10209.8,6566.9
2015-01-13,8505.2,10484.7,6525.7
2015-01-14,8763.099999999999,10435.8,7090.4
2015-01-15,8483.55,10169.0,6798.1
2015-01-16,8332.0,9951.9,6712.1
2015-01-17,8180.1,9321.5,7038.7
2015-01-18,7764.599999999999,8974.9,6554.299999999999
2015-01-19,7971.65,9617.6,6325.7
2015-01-20,8150.599999999999,9945.3,6355.9
2015-01-21,8323.45,10077.9,6569.0
2015-01-22,8178.65,9836.3,6521.0
2015-01-23,8187.9,9744.9,6630.900000000001
2015-01-24,7822.849999999999,9118.4,6527.299999999999
2015-01-25,7726.099999999999,9026.1,6426.1
2015-01-26,8477.15,10297.0,6657.3
2015-01-27,8420.45,9876.8,6964.1
2015-01-28,8687.35,10328.2,7046.5
2015-01-29,8643.3,10253.4,7033.2
2015-01-30,8350.1,10041.7,6658.5
2015-01-31,8524.65,9776.1,7273.2
2015-02-01,8164.8,9278.6,7051.0
2015-02-02,8615.0,10507.5,6722.5
2015-02-03,8915.349999999999,10505.4,7325.299999999999
2015-02-04,8543.7,10018.8,7068.6
2015-02-05,8556.2,10555.5,6556.9
2015-02-06,8847.45,10295.7,7399.2
2015-02-07,8122.599999999999,9204.4,7040.799999999999
2015-02-08,7844.05,9178.1,6510.0
2015-02-09,8617.35,10516.5,6718.2
2015-02-10,8519.25,10073.1,6965.4
2015-02-11,8497.9,10116.3,6879.5
2015-02-12,8450.8,10057.8,6843.8
2015-02-13,8915.7,10442.9,7388.5
2015-02-14,8416.05,9497.6,7334.5
2015-02-15,8597.9,10055.8,7140.0
2015-02-16,9141.3,10491.9,7790.700000000001
2015-02-17,8945.55,10490.3,7400.8
2015-02-18,8728.0,10180.0,7276.0
2015-02-19,8946.849999999999,10720.6,7173.1
2015-02-20,9332.45,10776.0,7888.900000000001
2015-02-21,8773.900000000001,9823.1,7724.700000000001
2015-02-22,8045.15,9200.5,6889.799999999999
2015-02-23,8720.1,10697.7,6742.5
2015-02-24,9221.4,10741.3,7701.5
2015-02-25,8695.099999999999,10128.1,7262.099999999999
2015-02-26,8680.15,10377.8,6982.5
2015-02-27,8588.2,10028.7,7147.700000000001
2015-02-28,8334.5,9390.1,7278.9
2015-03-01,8371.9,9692.5,7051.299999999999
2015-03-02,8465.75,10069.5,6862.0
2015-03-03,8594.55,10219.4,6969.7
2015-03-04,8249.05,9746.6,6751.5
2015-03-05,8441.7,10343.1,6540.3
2015-03-06,8682.050000000001,10114.7,7249.400000000001
2015-03-07,8136.5,9084.1,7188.9
2015-03-08,7599.25,8601.4,6597.1
2015-03-09,7731.450000000001,9028.7,6434.200000000001
2015-03-10,7667.099999999999,9121.8,6212.4
2015-03-11,7390.0,8728.1,6051.9
2015-03-12,7504.75,9011.9,5997.6
2015-03-13,7631.7,8968.1,6295.299999999999
2015-03-14,7265.6,8395.6,6135.6
2015-03-15,7210.75,8497.0,5924.5
2015-03-16,7600.749999999999,9007.099999999999,6194.4
2015-03-17,7469.1,8967.4,5970.8
2015-03-18,7840.25,9368.2,6312.299999999999
2015-03-19,7826.5,9123.9,6529.1
2015-03-20,7934.4,9468.0,6400.8
2015-03-21,7419.65,8291.5,6547.8
2015-03-22,7299.450000000001,8465.5,6133.400000000001
2015-03-23,7863.65,9265.0,6462.3
2015-03-24,7789.4,9083.0,6495.8
2015-03-25,7720.6,9110.2,6331.0
2015-03-26,7482.650000000001,8908.6,6056.700000000001
2015-03-27,7412.950000000001,8897.2,5928.700000000001
2015-03-28,7278.65,8464.9,6092.4
2015-03-29,7363.549999999999,8326.0,6401.099999999999
2015-03-30,7656.05,9171.5,6140.6
2015-03-31,7536.450000000001,9065.6,6007.3
2015-04-01,7445.549999999999,8740.9,6150.2
2015-04-02,7283.9,8537.3,6030.5
2015-04-03,7090.75,8446.0,5735.5
2015-04-04,6727.6,7770.0,5685.2
2015-04-05,6615.45,7489.9,5741.0
2015-04-06,6979.25,8291.2,5667.3
2015-04-07,7101.2,8597.8,5604.6
2015-04-08,7248.2,8723.6,5772.799999999999
2015-04-09,7434.749999999999,8877.099999999999,5992.4
2015-04-10,7363.0,8740.0,5986.0
2015-04-11,6705.75,7682.3,5729.200000000001
2015-04-12,6710.9,7747.8,5674.0
2015-04-13,6981.1,8364.2,5598.0
2015-04-14,7007.05,8461.0,5553.1
2015-04-15,6929.650000000001,8324.7,5534.6
2015-04-16,6857.7,8220.5,5494.9
2015-04-17,7019.299999999999,8528.8,5509.8
2015-04-18,6622.65,7710.4,5534.9
2015-04-19,6484.55,7633.1,5336.0
2015-04-20,7109.3,8793.2,5425.4
2015-04-21,6941.2,8335.3,5547.1
2015-04-22,7035.400000000001,8581.2,5489.6
2015-04-23,6993.8,8459.1,5528.5
2015-04-24,7151.65,8502.8,5800.5
2015-04-25,6727.75,7583.0,5872.5
2015-04-26,6633.9,7677.3,5590.5
2015-04-27,6901.549999999999,8288.3,5514.8
2015-04-28,6933.1,8361.6,5504.6
2015-04-29,7086.950000000001,8707.7,5466.2
2015-04-30,6889.7,8364.4,5415.0
2015-05-01,6854.249999999999,8219.099999999999,5489.4
2015-05-02,6481.6,7494.2,5469.0
2015-05-03,6535.3,7678.1,5392.5
2015-05-04,7374.9,9246.1,5503.7
2015-05-05,7812.75,9841.8,5783.7
2015-05-06,7426.4,8838.099999999999,6014.7
2015-05-07,7478.85,9302.2,5655.5
2015-05-08,7641.95,9551.9,5732.0
2015-05-09,6844.950000000001,7877.200000000001,5812.7
2015-05-10,7185.549999999999,8700.3,5670.8
2015-05-11,8663.15,10943.3,6383.0
2015-05-12,9057.0,11448.5,6665.5
2015-05-13,7752.45,9178.9,6326.0
2015-05-14,7321.6,9032.0,5611.2
2015-05-15,7297.1,9001.2,5593.0
2015-05-16,6967.6,8209.0,5726.2
2015-05-17,7733.9,9482.1,5985.7
2015-05-18,8005.75,9310.5,6701.0
2015-05-19,7918.15,10017.9,5818.4
2015-05-20,7321.7,8690.1,5953.299999999999
2015-05-21,7038.05,8511.7,5564.4
2015-05-22,7188.05,8805.6,5570.5
2015-05-23,6473.9,7433.9,5513.9
2015-05-24,6546.4,7653.2,5439.6
2015-05-25,7334.15,8930.5,5737.799999999999
2015-05-26,8852.75,11422.3,6283.2
2015-05-27,9068.45,11352.9,6784.0
2015-05-28,9339.75,11819.6,6859.9
2015-05-29,9081.6,11355.0,6808.2
2015-05-30,8532.35,10349.7,6715.0
2015-05-31,8602.75,10458.4,6747.1
2015-06-01,7763.5,9193.4,6333.6
2015-06-02,7122.900000000001,8696.7,5549.1
2015-06-03,7247.2,8894.5,5599.9
2015-06-04,7162.95,8771.5,5554.4
2015-06-05,7294.05,8924.2,5663.9
2015-06-06,6995.15,8196.8,5793.5
2015-06-07,6707.35,7891.900000000001,5522.8
2015-06-08,8011.0,10167.2,5854.799999999999
2015-06-09,8812.55,11210.4,6414.7
2015-06-10,9017.35,11407.0,6627.7
2015-06-11,10240.05,13409.4,7070.700000000001
2015-06-12,10934.7,13604.8,8264.6
2015-06-13,9982.7,11583.4,8382.0
2015-06-14,9382.2,11367.8,7396.599999999999
2015-06-15,9872.65,12174.8,7570.5
2015-06-16,9076.65,11276.6,6876.700000000001
2015-06-17,9246.6,11396.3,7096.900000000001
2015-06-18,8431.2,10177.2,6685.200000000001
2015-06-19,9590.1,12541.9,6638.3
2015-06-20,8018.0,9002.6,7033.4
2015-06-21,9221.5,11503.8,6939.2
2015-06-22,10733.85,13530.2,7937.5
2015-06-23,11596.9,14784.7,8409.1
2015-06-24,10441.3,12855.6,8027.0
2015-06-25,9755.8,12085.1,7426.5
2015-06-26,9714.25,11817.0,7611.5
2015-06-27,7978.25,8907.8,7048.7
2015-06-28,7461.1,8673.1,6249.099999999999
2015-06-29,8455.3,10454.1,6456.5
2015-06-30,9252.7,11705.2,6800.2
2015-07-01,10027.6,12420.5,7634.7
2015-07-02,9472.6,11488.8,7456.4
2015-07-03,8703.55,10437.1,6970.0
2015-07-04,7934.25,8923.6,6944.9
2015-07-05,8548.9,10436.4,6661.400000000001
2015-07-06,10193.35,12659.2,7727.5
2015-07-07,11148.8,14060.9,8236.7
2015-07-08,11596.3,14297.7,8894.9
2015-07-09,10105.7,11757.9,8453.5
2015-07-10,10195.7,12381.7,8009.7
2015-07-11,9470.1,11458.6,7481.6
2015-07-12,9756.15,11856.4,7655.900000000001
2015-07-13,10972.4,13476.7,8468.1
2015-07-14,10498.65,12686.6,8310.7
2015-07-15,10562.9,12566.7,8559.1
2015-07-16,9252.3,11405.0,7099.6
2015-07-17,9389.5,11694.9,7084.1
2015-07-18,9533.35,11553.3,7513.400000000001
2015-07-19,11001.65,13688.3,8315.0
2015-07-20,13063.7,15817.7,10309.7
2015-07-21,12206.9,14368.2,10045.6
2015-07-22,10535.1,12819.5,8250.7
2015-07-23,10121.9,12569.2,7674.6
2015-07-24,10070.6,12469.6,7671.599999999999
2015-07-25,9500.95,11381.8,7620.1
2015-07-26,9871.75,11858.5,7885.0
2015-07-27,11303.5,13906.9,8700.1
2015-07-28,12031.4,15197.4,8865.400000000001
2015-07-29,12528.3,15536.5,9520.1
2015-07-30,12240.35,14449.1,10031.6
2015-07-31,11466.65,14013.8,8919.5
2015-08-01,10450.85,12422.9,8478.8
2015-08-02,10034.35,12135.0,7933.700000000001
2015-08-03,11699.45,14641.2,8757.7
2015-08-04,11816.75,14498.1,9135.4
2015-08-05,11085.0,13658.8,8511.2
2015-08-06,10154.8,12417.4,7892.2
2015-08-07,10099.6,12327.7,7871.5
2015-08-08,9029.55,10584.0,7475.1
2015-08-09,8903.05,10567.0,7239.099999999999
2015-08-10,10039.5,12313.5,7765.5
2015-08-11,10216.35,12305.6,8127.1
2015-08-12,10307.95,12777.2,7838.7
2015-08-13,9981.5,12358.8,7604.2
2015-08-14,10191.1,12907.7,7474.5
2015-08-15,10215.65,12527.8,7903.5
2015-08-16,10494.45,12610.2,8378.7
2015-08-17,12072.5,15055.8,9089.2
2015-08-18,12020.3,14718.9,9321.7
2015-08-19,11969.7,14550.7,9388.7
2015-08-20,11870.95,14342.4,9399.5
2015-08-21,11223.5,13093.6,9353.4
2015-08-22,9482.6,11177.5,7787.700000000001
2015-08-23,9430.3,11234.9,7625.7
2015-08-24,11006.2,13566.0,8446.4
2015-08-25,11603.15,14504.2,8702.1
2015-08-26,10161.7,12353.0,7970.4
2015-08-27,9629.85,11774.7,7485.0
2015-08-28,9386.6,11620.0,7153.2
2015-08-29,9050.05,10950.3,7149.8
2015-08-30,9738.1,11942.2,7534.0
2015-08-31,11656.4,14467.0,8845.8
2015-09-01,11685.4,14216.4,9154.4
2015-09-02,11536.9,14418.5,8655.3
2015-09-03,11876.7,14814.6,8938.8
2015-09-04,11162.1,13138.2,9186.0
2015-09-05,9017.75,10427.6,7607.9
2015-09-06,8582.35,10238.6,6926.099999999999
2015-09-07,9776.1,12135.2,7417.0
2015-09-08,11980.9,15326.9,8634.9
2015-09-09,12112.05,14936.9,9287.2
2015-09-10,10742.75,12324.1,9161.4
2015-09-11,9688.25,11668.4,7708.1
2015-09-12,8887.5,10366.8,7408.200000000001
2015-09-13,8711.4,10099.8,7323.0
2015-09-14,8159.299999999999,10023.4,6295.2
2015-09-15,8732.4,11153.4,6311.4
2015-09-16,9558.95,12297.2,6820.700000000001
2015-09-17,9962.7,12687.7,7237.7
2015-09-18,9897.4,12435.6,7359.200000000001
2015-09-19,9213.45,11002.5,7424.400000000001
2015-09-20,8524.150000000001,9504.2,7544.1
2015-09-21,7943.05,9611.0,6275.1
2015-09-22,7836.450000000001,9617.6,6055.3
2015-09-23,8015.35,9980.9,6049.8
2015-09-24,8361.2,10595.3,6127.1
2015-09-25,8166.15,9899.0,6433.299999999999
2015-09-26,7169.800000000001,8246.900000000001,6092.7
2015-09-27,7084.8,8441.5,5728.1
2015-09-28,8321.95,10578.2,6065.700000000001
2015-09-29,9294.2,11660.1,6928.3
2015-09-30,9509.25,11581.1,7437.4
2015-10-01,7383.75,8866.2,5901.299999999999
2015-10-02,7114.6,8682.2,5547.0
2015-10-03,6790.35,8037.599999999999,5543.1
2015-10-04,6748.7,7972.2,5525.2
2015-10-05,7110.950000000001,8717.7,5504.2
2015-10-06,7228.95,8907.3,5550.6
2015-10-07,7319.150000000001,9072.2,5566.1
2015-10-08,7278.6,8901.0,5656.2
2015-10-09,7668.15,9570.8,5765.5
2015-10-10,6712.700000000001,7778.3,5647.1
2015-10-11,6631.6,7826.0,5437.200000000001
2015-10-12,7198.05,8854.2,5541.9
2015-10-13,7467.4,9263.3,5671.5
2015-10-14,7292.9,8844.0,5741.8
2015-10-15,7102.7,8668.0,5537.4
2015-10-16,7021.2,8482.9,5559.5
2015-10-17,6697.450000000001,7850.700000000001,5544.2
2015-10-18,6855.5,8146.6,5564.4
2015-10-19,7372.95,8931.4,5814.5
2015-10-20,7321.55,8867.6,5775.5
2015-10-21,7309.15,8988.3,5630.0
2015-10-22,7383.4,9149.1,5617.7
2015-10-23,7093.45,8544.5,5642.4
2015-10-24,6774.75,7903.3,5646.200000000001
2015-10-25,6720.8,7941.4,5500.200000000001
2015-10-26,7145.9,8805.5,5486.3
2015-10-27,7261.699999999999,8894.099999999999,5629.3
2015-10-28,7457.3,9271.7,5642.9
2015-10-29,7399.35,8937.1,5861.6
2015-10-30,7034.35,8562.0,5506.700000000001
2015-10-31,6716.5,7815.3,5617.7
2015-11-01,8530.7,11578.0,5483.4
2015-11-02,7306.55,9118.2,5494.9
2015-11-03,7364.699999999999,9205.1,5524.299999999999
2015-11-04,7385.05,9199.0,5571.1
2015-11-05,7528.3,9465.0,5591.6
2015-11-06,7703.3,9617.4,5789.200000000001
2015-11-07,6919.5,8051.1,5787.9
2015-11-08,6726.15,8009.4,5442.9
2015-11-09,7339.9,9124.6,5555.200000000001
2015-11-10,7410.6,9265.2,5556.0
2015-11-11,7380.65,9127.4,5633.9
2015-11-12,7451.35,9280.6,5622.1
2015-11-13,7263.6,8917.4,5609.8
2015-11-14,6923.05,8156.6,5689.5
2015-11-15,6914.05,8136.700000000001,5691.4
2015-11-16,7353.65,9139.1,5568.2
2015-11-17,7432.35,9243.5,5621.2
2015-11-18,7506.05,9266.7,5745.4
2015-11-19,7520.25,9381.5,5659.0
2015-11-20,7321.400000000001,8963.6,5679.200000000001
2015-11-21,6923.8,8154.8,5692.8
2015-11-22,6925.3,8283.7,5566.9
2015-11-23,7622.950000000001,9496.7,5749.200000000001
2015-11-24,7726.9,9405.5,6048.3
2015-11-25,7600.35,9176.0,6024.7
2015-11-26,6733.299999999999,7563.8,5902.799999999999
2015-11-27,7040.65,8441.9,5639.4
2015-11-28,6803.45,8090.299999999999,5516.6
2015-11-29,6991.0,8426.9,5555.1
2015-11-30,7702.4,9551.6,5853.2
2015-12-01,7659.4,9517.4,5801.4
2015-12-02,7611.749999999999,9473.1,5750.4
2015-12-03,7527.8,9398.1,5657.5
2015-12-04,7573.05,9268.0,5878.1
2015-12-05,7205.1,8509.400000000001,5900.8
2015-12-06,7222.05,8595.2,5848.9
2015-12-07,7668.150000000001,9558.1,5778.200000000001
2015-12-08,7724.0,9614.4,5833.599999999999
2015-12-09,7716.2,9544.5,5887.9
2015-12-10,7595.95,9413.8,5778.1
2015-12-11,7526.05,9300.1,5752.0
2015-12-12,7033.15,8418.3,5648.0
2015-12-13,7014.099999999999,8471.9,5556.299999999999
2015-12-14,7591.15,9590.6,5591.7
2015-12-15,7547.049999999999,9411.3,5682.799999999999
2015-12-16,7576.7,9489.8,5663.6
2015-12-17,7690.950000000001,9674.6,5707.3
2015-12-18,7563.1,9442.3,5683.900000000001
2015-12-19,7500.65,8957.9,6043.400000000001
2015-12-20,7449.45,8810.0,6088.9
2015-12-21,7810.25,9618.1,6002.4
2015-12-22,7669.049999999999,9538.3,5799.799999999999
2015-12-23,7622.0,9490.3,5753.7
2015-12-24,7439.299999999999,9092.8,5785.8
2015-12-25,6740.049999999999,7834.099999999999,5646.0
2015-12-26,6877.450000000001,8246.6,5508.3
2015-12-27,6930.65,8255.0,5606.3
2015-12-28,7593.450000000001,9494.6,5692.3
2015-12-29,7803.7,9483.1,6124.299999999999
2015-12-30,7694.55,9407.4,5981.700000000001
2015-12-31,7519.650000000001,9145.7,5893.6
2016-01-01,7194.900000000001,8420.6,5969.200000000001
2016-01-02,7346.299999999999,8633.4,6059.2
2016-01-03,7372.65,8684.0,6061.299999999999
2016-01-04,8184.549999999999,10292.0,6077.099999999999
2016-01-05,8750.1,10425.4,7074.799999999999
2016-01-06,8436.1,9999.3,6872.900000000001
2016-01-07,8114.55,9697.6,6531.5
2016-01-08,7884.2,9530.3,6238.1
2016-01-09,7295.6,8533.2,6058.0
2016-01-10,7170.45,8449.0,5891.9
2016-01-11,7960.35,9922.3,5998.400000000001
2016-01-12,8200.7,9903.5,6497.9
2016-01-13,8448.5,10238.7,6658.3
2016-01-14,8375.1,9983.6,6766.6
2016-01-15,7881.5,9357.5,6405.5
2016-01-16,7204.75,8388.8,6020.7
2016-01-17,7386.5,8817.8,5955.2
2016-01-18,8252.55,10136.8,6368.299999999999
2016-01-19,8792.55,10484.7,7100.4
2016-01-20,8429.55,9960.2,6898.9
2016-01-21,8256.25,9953.5,6559.0
2016-01-22,8456.3,10075.3,6837.299999999999
2016-01-23,8069.3,9251.0,6887.6
2016-01-24,7969.75,9223.6,6715.9
2016-01-25,8228.05,9825.3,6630.799999999999
2016-01-26,8031.35,9560.2,6502.5
2016-01-27,7877.15,9534.8,6219.5
2016-01-28,4750.9,9501.8,0.0
2016-01-29,7915.75,9511.7,6319.8
2016-01-30,7639.349999999999,8747.4,6531.299999999999
2016-01-31,7347.000000000001,8490.900000000001,6203.1
2016-02-01,7615.099999999999,9239.3,5990.9
2016-02-02,7619.0,9233.6,6004.4
2016-02-03,7730.299999999999,9446.9,6013.7
2016-02-04,7505.799999999999,9138.8,5872.799999999999
2016-02-05,7822.450000000001,9526.6,6118.3
2016-02-06,7563.65,8690.5,6436.799999999999
2016-02-07,7423.95,8593.4,6254.5
2016-02-08,8041.0,9883.1,6198.9
2016-02-09,8134.9,9748.8,6521.0
2016-02-10,8096.1,9733.0,6459.2
2016-02-11,8530.55,10416.0,6645.1
2016-02-12,8675.0,10107.1,7242.9
2016-02-13,8598.2,10105.7,7090.7
2016-02-14,8913.5,10054.2,7772.799999999999
2016-02-15,8820.8,10082.1,7559.5
2016-02-16,8018.1,9417.3,6618.900000000001
2016-02-17,7981.5,9616.7,6346.299999999999
2016-02-18,8111.9,9700.4,6523.4
2016-02-19,8143.45,9532.0,6754.9
2016-02-20,7268.450000000001,8218.7,6318.200000000001
2016-02-21,7126.85,8337.6,5916.1
2016-02-22,7584.1,9171.0,5997.2
2016-02-23,7932.15,9702.8,6161.5
2016-02-24,7877.25,9427.1,6327.400000000001
2016-02-25,7566.85,9306.2,5827.5
2016-02-26,7832.8,9434.6,6231.0
2016-02-27,7585.1,8570.5,6599.700000000001
2016-02-28,7203.45,8221.9,6185.0
2016-02-29,7459.75,9036.2,5883.299999999999
2016-03-01,7521.450000000001,9128.6,5914.3
2016-03-02,7497.7,9154.8,5840.6
2016-03-03,7960.7,9521.3,6400.1
2016-03-04,7912.75,9425.0,6400.5
2016-03-05,7495.05,8494.0,6496.1
2016-03-06,7352.15,8420.5,6283.8
2016-03-07,7581.1,8987.2,6175.0
2016-03-08,7359.1,8851.5,5866.700000000001
2016-03-09,7251.6,8783.6,5719.6
2016-03-10,7355.6,9051.9,5659.3
2016-03-11,7092.2,8526.0,5658.4
2016-03-12,6693.8,7799.3,5588.3
2016-03-13,6654.85,7769.400000000001,5540.3
2016-03-14,7217.9,8974.9,5460.9
2016-03-15,7197.950000000001,8582.900000000001,5813.0
2016-03-16,7113.099999999999,8537.099999999999,5689.1
2016-03-17,7034.25,8411.6,5656.9
2016-03-18,6974.2,8276.3,5672.1
2016-03-19,6864.75,7915.1,5814.400000000001
2016-03-20,7102.349999999999,8297.599999999999,5907.1
2016-03-21,7424.6,8769.0,6080.2
2016-03-22,7340.450000000001,8597.2,6083.7
2016-03-23,7060.349999999999,8336.4,5784.299999999999
2016-03-24,7055.2,8459.9,5650.5
2016-03-25,6995.200000000001,8303.6,5686.8
2016-03-26,6648.35,7709.6,5587.1
2016-03-27,6554.450000000001,7523.6,5585.3
2016-03-28,7132.849999999999,8695.3,5570.4
2016-03-29,7060.05,8434.5,5685.6
2016-03-30,7140.800000000001,8451.7,5829.900000000001
2016-03-31,7058.1,8380.6,5735.6
2016-04-01,7192.949999999999,8723.599999999999,5662.299999999999
2016-04-02,6646.549999999999,7713.7,5579.4
2016-04-03,6831.200000000001,8043.8,5618.6
2016-04-04,7511.799999999999,9121.3,5902.299999999999
2016-04-05,7572.0,8886.6,6257.4
2016-04-06,7525.45,8755.8,6295.1
2016-04-07,7258.049999999999,8629.3,5886.799999999999
2016-04-08,7060.65,8409.5,5711.799999999999
2016-04-09,6990.349999999999,8064.4,5916.299999999999
2016-04-10,7009.849999999999,7962.799999999999,6056.9
2016-04-11,7181.450000000001,8563.1,5799.8
2016-04-12,7160.9,8643.1,5678.7
2016-04-13,7037.45,8320.9,5754.0
2016-04-14,7002.749999999999,8287.599999999999,5717.9
2016-04-15,6976.65,8180.5,5772.799999999999
2016-04-16,6621.0,7536.6,5705.4
2016-04-17,6570.35,7609.400000000001,5531.3
2016-04-18,7072.450000000001,8665.7,5479.2
2016-04-19,7039.6,8560.4,5518.8
2016-04-20,6948.400000000001,8355.7,5541.1
2016-04-21,7017.15,8500.8,5533.5
2016-04-22,7401.25,9163.4,5639.099999999999
2016-04-23,6742.15,7623.9,5860.4
2016-04-24,6419.25,7423.6,5414.9
2016-04-25,6839.950000000001,8247.7,5432.2
2016-04-26,6918.05,8341.5,5494.6
2016-04-27,6794.05,8028.5,5559.6
2016-04-28,6826.450000000001,8093.6,5559.3
2016-04-29,6863.849999999999,8102.4,5625.299999999999
2016-04-30,6520.35,7427.0,5613.7
2016-05-01,6643.5,7766.5,5520.5
2016-05-02,7009.75,8412.6,5606.9
2016-05-03,7067.0,8506.2,5627.799999999999
2016-05-04,7078.300000000001,8552.400000000001,5604.2
2016-05-05,7029.7,8388.3,5671.1
2016-05-06,7095.8,8541.5,5650.1
2016-05-07,6594.3,7502.0,5686.6
2016-05-08,6434.0,7366.8,5501.2
2016-05-09,6923.9,8403.6,5444.2
2016-05-10,6899.15,8331.9,5466.4
2016-05-11,7047.8,8593.5,5502.1
2016-05-12,7286.0,9022.0,5550.0
2016-05-13,7173.8,8720.5,5627.1
2016-05-14,6686.6,7729.6,5643.6
2016-05-15,6484.450000000001,7529.8,5439.1
2016-05-16,6868.85,8260.9,5476.8
2016-05-17,6981.6,8436.4,5526.8
2016-05-18,6963.35,8371.9,5554.8
2016-05-19,7030.0,8531.7,5528.3
2016-05-20,7179.35,8794.6,5564.1
2016-05-21,6595.05,7573.8,5616.3
2016-05-22,6563.1,7670.4,5455.8
2016-05-23,7335.900000000001,9141.2,5530.6
2016-05-24,7447.5,9175.7,5719.299999999999
2016-05-25,8214.0,10624.6,5803.4
2016-05-26,9154.8,11781.0,6528.6
2016-05-27,9309.25,11694.4,6924.1
2016-05-28,9030.95,11082.2,6979.7
2016-05-29,8621.9,10230.8,7013.0
2016-05-30,8809.9,10357.1,7262.7
2016-05-31,9932.65,12439.3,7426.0
2016-06-01,9666.75,11921.7,7411.799999999999
2016-06-02,8825.6,10907.6,6743.6
2016-06-03,8225.4,9812.4,6638.4
2016-06-04,8438.65,10400.0,6477.3
2016-06-05,7906.099999999999,9144.8,6667.4
2016-06-06,9237.1,11798.4,6675.799999999999
2016-06-07,9779.4,12137.5,7421.299999999999
2016-06-08,8054.900000000001,9571.7,6538.1
2016-06-09,7471.65,9143.8,5799.5
2016-06-10,7743.2,9663.5,5822.9
2016-06-11,8111.650000000001,10253.9,5969.4
2016-06-12,8735.8,10017.7,7453.9
2016-06-13,8212.65,10126.0,6299.3
2016-06-14,8407.2,10629.5,6184.9
2016-06-15,9029.35,11552.7,6506.0
2016-06-16,8882.400000000001,10497.1,7267.700000000001
2016-06-17,8730.35,10612.6,6848.1
2016-06-18,8218.75,10150.3,6287.2
2016-06-19,8265.15,9952.9,6577.400000000001
2016-06-20,9469.85,12004.5,6935.2
2016-06-21,10344.55,12953.5,7735.599999999999
2016-06-22,10049.0,12610.9,7487.1
2016-06-23,9825.45,12071.4,7579.5
2016-06-24,9816.5,11981.6,7651.4
2016-06-25,8779.75,10500.9,7058.6
2016-06-26,8671.0,10451.7,6890.3
2016-06-27,9829.6,12368.1,7291.1
2016-06-28,9553.6,11368.5,7738.7
2016-06-29,10076.3,12642.8,7509.799999999999
2016-06-30,10001.45,12554.4,7448.5
2016-07-01,9844.6,11984.4,7704.799999999999
2016-07-02,8225.900000000001,9361.2,7090.6
2016-07-03,7873.45,9217.3,6529.6
2016-07-04,8468.75,10161.2,6776.299999999999
2016-07-05,10697.85,13621.7,7774.0
2016-07-06,11731.95,14746.4,8717.5
2016-07-07,12251.85,15012.8,9490.9
2016-07-08,11526.35,13708.9,9343.8
2016-07-09,8540.75,9509.6,7571.9
2016-07-10,8681.4,10345.8,7017.0
2016-07-11,9609.1,11903.5,7314.7
2016-07-12,9977.65,12502.1,7453.2
2016-07-13,10521.05,13098.1,7944.0
2016-07-14,11671.8,14660.6,8683.0
2016-07-15,12200.1,14901.1,9499.1
2016-07-16,11137.0,13259.2,9014.8
2016-07-17,10838.1,13171.5,8504.7
2016-07-18,12491.25,15549.4,9433.1
2016-07-19,11139.35,13059.0,9219.7
2016-07-20,10384.55,12774.6,7994.5
2016-07-21,11052.35,14009.2,8095.5
2016-07-22,12202.35,15514.3,8890.4
2016-07-23,11891.65,14176.2,9607.1
2016-07-24,11094.95,13271.5,8918.4
2016-07-25,12642.7,15479.6,9805.8
2016-07-26,12189.85,15117.8,9261.9
2016-07-27,12180.25,15091.3,9269.2
2016-07-28,12609.5,15409.0,9810.0
2016-07-29,11558.8,13571.4,9546.2
2016-07-30,10670.7,12586.3,8755.1
2016-07-31,9992.95,11367.9,8618.0
2016-08-01,10287.15,12245.9,8328.4
2016-08-02,9679.1,11544.0,7814.2
2016-08-03,9590.55,11911.0,7270.099999999999
2016-08-04,9787.45,12247.1,7327.799999999999
2016-08-05,10023.0,12542.2,7503.8
2016-08-06,10463.4,12902.5,8024.299999999999
2016-08-07,9943.9,12009.3,7878.5
2016-08-08,10781.9,13140.2,8423.599999999999
2016-08-09,11017.5,13701.7,8333.3
2016-08-10,11794.55,14477.2,9111.9
2016-08-11,12981.05,16158.5,9803.6
2016-08-12,13019.55,16180.7,9858.4
2016-08-13,12999.0,15586.3,10411.7
2016-08-14,12952.7,15342.8,10562.6
2016-08-15,13199.8,15791.3,10608.3
2016-08-16,13094.5,15835.4,10353.6
2016-08-17,12535.15,14560.5,10509.8
2016-08-18,11640.55,13878.8,9402.3
2016-08-19,11685.95,14203.1,9168.8
2016-08-20,10605.0,12247.4,8962.6
2016-08-21,10695.6,12555.7,8835.5
2016-08-22,10280.35,11994.0,8566.7
2016-08-23,9359.95,11722.9,6997.0
2016-08-24,10249.95,13042.4,7457.5
2016-08-25,10489.4,12998.0,7980.8
2016-08-26,11948.15,15077.8,8818.5
2016-08-27,10486.45,12347.8,8625.1
2016-08-28,10195.55,12123.9,8267.2
2016-08-29,11761.95,14738.1,8785.8
2016-08-30,10923.4,13406.2,8440.6
2016-08-31,11397.65,13994.0,8801.3
2016-09-01,10558.2,12160.9,8955.5
2016-09-02,9523.7,11561.4,7486.0
2016-09-03,8250.3,9203.2,7297.4
2016-09-04,7973.299999999999,9386.3,6560.3
2016-09-05,8340.0,10064.0,6616.0
2016-09-06,9357.85,11302.7,7413.0
2016-09-07,10082.85,12517.0,7648.7
2016-09-08,11108.05,14126.4,8089.7
2016-09-09,12302.65,15200.7,9404.6
2016-09-10,11629.85,13840.0,9419.7
2016-09-11,10181.4,11502.4,8860.400000000001
2016-09-12,9209.5,11196.3,7222.700000000001
2016-09-13,9277.15,11687.5,6866.8
2016-09-14,10377.95,13483.4,7272.5
2016-09-15,8734.95,10424.8,7045.1
2016-09-16,8246.8,10004.7,6488.9
2016-09-17,7721.849999999999,9244.3,6199.4
2016-09-18,8999.7,11085.2,6914.200000000001
2016-09-19,9622.9,11232.1,8013.7
2016-09-20,9727.05,12097.8,7356.299999999999
2016-09-21,9701.5,11803.5,7599.5
2016-09-22,9465.4,11848.8,7082.0
2016-09-23,9639.15,12281.0,6997.3
2016-09-24,7698.15,8526.4,6869.9
2016-09-25,7020.349999999999,8196.3,5844.4
2016-09-26,7528.9,9293.3,5764.5
2016-09-27,8156.400000000001,10021.2,6291.6
2016-09-28,7829.8,9384.6,6275.0
2016-09-29,7322.05,8788.0,5856.1
2016-09-30,7199.45,8711.0,5687.9
2016-10-01,6799.75,7937.0,5662.5
2016-10-02,6767.25,7985.1,5549.4
2016-10-03,7396.5,9036.6,5756.4
2016-10-04,7429.0,8929.4,5928.599999999999
2016-10-05,7222.05,8789.0,5655.1
2016-10-06,7383.35,9104.0,5662.7
2016-10-07,7415.450000000001,9090.7,5740.2
2016-10-08,7057.6,8349.3,5765.900000000001
2016-10-09,6795.8,7805.5,5786.1
2016-10-10,6964.25,8437.9,5490.6
2016-10-11,7019.299999999999,8524.3,5514.3
2016-10-12,7103.7,8588.8,5618.6
2016-10-13,7240.000000000001,8837.900000000001,5642.1
2016-10-14,6996.35,8420.2,5572.5
2016-10-15,6684.4,7766.0,5602.8
2016-10-16,6779.85,8041.1,5518.6
2016-10-17,7702.1,9703.5,5700.700000000001
2016-10-18,8228.85,10257.6,6200.1
2016-10-19,8657.55,10843.8,6471.299999999999
2016-10-20,7844.799999999999,9494.8,6194.8
2016-10-21,8010.849999999999,9715.3,6306.4
2016-10-22,6870.299999999999,7901.799999999999,5838.8
2016-10-23,6707.5,7853.6,5561.4
2016-10-24,7096.75,8647.8,5545.7
2016-10-25,7198.3,8766.1,5630.5
2016-10-26,7301.05,8854.2,5747.9
2016-10-27,7460.650000000001,9116.1,5805.200000000001
2016-10-28,7240.950000000001,8743.2,5738.7
2016-10-29,6866.55,7898.5,5834.6
2016-10-30,6917.95,8237.3,5598.6
2016-10-31,7082.85,8620.6,5545.1
2016-11-01,7278.85,8814.0,5743.7
2016-11-02,7304.25,8973.4,5635.1
2016-11-03,7354.9,8974.9,5734.9
2016-11-04,7057.6,8531.7,5583.5
2016-11-05,6745.549999999999,7856.299999999999,5634.799999999999
2016-11-06,8565.75,11630.9,5500.6
2016-11-07,7361.049999999999,9066.3,5655.8
2016-11-08,7392.05,9011.1,5773.0
2016-11-09,7421.45,9120.6,5722.299999999999
2016-11-10,7331.95,8984.3,5679.6
2016-11-11,7226.0,8769.0,5683.0
2016-11-12,6961.2,8087.9,5834.5
2016-11-13,6888.9,8038.599999999999,5739.200000000001
2016-11-14,7352.700000000001,9048.1,5657.3
2016-11-15,7403.700000000001,9226.4,5581.0
2016-11-16,7348.9,9003.3,5694.5
2016-11-17,7327.45,9011.9,5643.0
2016-11-18,7295.150000000001,8897.2,5693.1
2016-11-19,6859.4,8026.3,5692.5
2016-11-20,7134.2,8556.9,5711.5
2016-11-21,7825.549999999999,9674.9,5976.2
2016-11-22,7870.85,9570.4,6171.3
2016-11-23,7690.6,9215.5,6165.700000000001
2016-11-24,6906.25,7861.4,5951.1
2016-11-25,7144.849999999999,8525.9,5763.799999999999
2016-11-26,6928.049999999999,8148.9,5707.2
2016-11-27,7101.450000000001,8395.2,5807.7
2016-11-28,7629.2,9364.4,5894.0
2016-11-29,7632.6,9465.1,5800.1
2016-11-30,7546.800000000001,9378.2,5715.400000000001
2016-12-01,7490.45,9259.4,5721.5
2016-12-02,7568.65,9221.0,5916.299999999999
2016-12-03,7259.900000000001,8546.7,5973.1
2016-12-04,7284.549999999999,8655.0,5914.099999999999
2016-12-05,7740.4,9542.4,5938.4
2016-12-06,7822.1,9625.1,6019.1
2016-12-07,7811.650000000001,9628.2,5995.1
2016-12-08,7887.2,9720.4,6054.0
2016-12-09,8101.700000000001,9867.2,6336.2
2016-12-10,7827.25,9134.5,6520.0
2016-12-11,7888.85,9302.3,6475.400000000001
2016-12-12,8066.5,9838.4,6294.6
2016-12-13,8061.5,9841.6,6281.4
2016-12-14,8045.199999999999,9888.8,6201.599999999999
2016-12-15,8630.25,10767.5,6493.0
2016-12-16,8894.7,10546.4,7243.0
2016-12-17,8218.1,9473.9,6962.3
2016-12-18,7691.75,9035.8,6347.7
2016-12-19,8542.15,10501.6,6582.7
2016-12-20,8645.85,10336.5,6955.2
2016-12-21,8392.45,10065.0,6719.9
2016-12-22,8122.799999999999,9748.3,6497.299999999999
2016-12-23,7904.7,9439.8,6369.6
2016-12-24,7415.3,8612.9,6217.700000000001
2016-12-25,7052.15,7930.4,6173.9
2016-12-26,7587.65,8928.9,6246.4
2016-12-27,7518.75,9092.7,5944.799999999999
2016-12-28,7846.25,9615.5,6077.0
2016-12-29,7978.450000000001,9581.2,6375.700000000001
2016-12-30,7910.2,9486.5,6333.9
2016-12-31,7715.5,8957.3,6473.700000000001
2017-01-01,7222.049999999999,8285.3,6158.8
2017-01-02,7672.9,9178.6,6167.2
2017-01-03,7949.65,9769.1,6130.2
2017-01-04,7780.299999999999,9465.3,6095.3
2017-01-05,8258.55,10064.2,6452.9
2017-01-06,8283.95,9929.6,6638.3
2017-01-07,8329.599999999999,9865.9,6793.299999999999
2017-01-08,8445.3,9852.5,7038.1
2017-01-09,8988.099999999999,10680.9,7295.299999999999
2017-01-10,8690.25,10178.2,7202.299999999999
2017-01-11,7996.25,9519.1,6473.400000000001
2017-01-12,7646.15,9224.2,6068.099999999999
2017-01-13,7555.799999999999,9289.9,5821.7
2017-01-14,7705.6,9009.8,6401.400000000001
2017-01-15,7549.9,8691.8,6408.0
2017-01-16,7903.799999999999,9340.3,6467.299999999999
2017-01-17,7973.35,9730.1,6216.6
2017-01-18,7901.1,9598.9,6203.3
2017-01-19,7765.85,9366.6,6165.1
2017-01-20,7706.2,9319.8,6092.6
2017-01-21,7175.4,8291.8,6059.0
2017-01-22,7119.0,8371.6,5866.4
2017-01-23,7893.75,9830.5,5957.0
2017-01-24,8051.15,9749.1,6353.2
2017-01-25,7794.7,9242.3,6347.1
2017-01-26,7623.7,9252.0,5995.4
2017-01-27,7762.65,9399.6,6125.7
2017-01-28,7482.55,8654.2,6310.9
2017-01-29,7416.35,8591.1,6241.6
2017-01-30,7979.65,9685.0,6274.3
2017-01-31,8234.0,9949.2,6518.8
2017-02-01,7961.7,9441.5,6481.9
2017-02-02,7874.05,9458.4,6289.700000000001
2017-02-03,8051.6,9588.2,6515.0
2017-02-04,7861.95,8945.8,6778.1
2017-02-05,7587.75,8722.3,6453.2
2017-02-06,7778.45,9328.0,6228.9
2017-02-07,7861.05,9560.0,6162.1
2017-02-08,7519.25,8948.5,6090.0
2017-02-09,8046.4,9943.2,6149.599999999999
2017-02-10,8379.3,9803.6,6955.0
2017-02-11,7588.799999999999,8586.8,6590.8
2017-02-12,7673.95,9007.0,6340.9
2017-02-13,8084.450000000001,9773.9,6395.0
2017-02-14,8035.05,9468.9,6601.200000000001
2017-02-15,7858.4,9373.3,6343.5
2017-02-16,8044.25,9666.8,6421.7
2017-02-17,7961.450000000001,9258.6,6664.3
2017-02-18,7214.65,8065.0,6364.3
2017-02-19,6764.5,7739.5,5789.5
2017-02-20,7078.6,8402.9,5754.3
2017-02-21,7529.900000000001,9033.2,6026.6
2017-02-22,7391.5,8813.2,5969.8
2017-02-23,7212.25,8556.2,5868.3
2017-02-24,7111.0,8488.0,5734.0
2017-02-25,6797.15,7929.7,5664.6
2017-02-26,6977.999999999999,8280.099999999999,5675.9
2017-02-27,7535.55,9046.7,6024.4
2017-02-28,7368.1,8901.0,5835.200000000001
2017-03-01,7343.95,8956.0,5731.9
2017-03-02,7339.9,8988.9,5690.9
2017-03-03,7697.35,9224.1,6170.6
2017-03-04,7887.150000000001,9085.7,6688.6
2017-03-05,7963.5,8933.8,6993.2
2017-03-06,8004.95,9411.9,6598.0
2017-03-07,7619.549999999999,9106.4,6132.7
2017-03-08,7300.849999999999,8760.8,5840.9
2017-03-09,7253.35,8694.7,5812.0
2017-03-10,7588.3,9334.9,5841.700000000001
2017-03-11,7975.25,9125.7,6824.799999999999
2017-03-12,7979.65,9031.4,6927.900000000001
2017-03-13,8171.750000000001,9464.9,6878.6
2017-03-14,8033.2,9307.1,6759.299999999999
2017-03-15,8428.2,9960.0,6896.4
2017-03-16,8183.25,9379.8,6986.700000000001
2017-03-17,7852.6,9028.6,6676.6
2017-03-18,7505.3,8592.4,6418.200000000001
2017-03-19,7300.150000000001,8249.2,6351.1
2017-03-20,7469.85,8738.400000000001,6201.3
2017-03-21,7232.45,8497.3,5967.6
2017-03-22,7542.3,9224.5,5860.1
2017-03-23,7807.299999999999,8972.3,6642.299999999999
2017-03-24,7552.1,8812.400000000001,6291.8
2017-03-25,6859.5,7814.3,5904.700000000001
2017-03-26,7029.35,8217.7,5841.0
2017-03-27,7428.65,8885.8,5971.5
2017-03-28,7362.4,8897.3,5827.5
2017-03-29,7139.75,8375.8,5903.700000000001
2017-03-30,7263.0,8627.0,5899.0
2017-03-31,7479.0,9050.6,5907.4
2017-04-01,7070.65,7979.1,6162.2
2017-04-02,6813.1,7729.7,5896.5
2017-04-03,7031.6,8382.6,5680.6
2017-04-04,7113.55,8522.2,5704.9
2017-04-05,6982.1,8262.2,5702.0
2017-04-06,7313.900000000001,8925.2,5702.6
2017-04-07,7108.549999999999,8452.9,5764.2
2017-04-08,6765.8,7581.1,5950.5
2017-04-09,6610.35,7537.200000000001,5683.5
2017-04-10,6889.8,8212.0,5567.6
2017-04-11,7031.950000000001,8465.7,5598.200000000001
2017-04-12,7043.95,8455.9,5632.0
2017-04-13,6746.55,7973.5,5519.6
2017-04-14,6576.65,7647.3,5506.0
2017-04-15,6449.5,7408.299999999999,5490.7
2017-04-16,6602.85,7804.0,5401.7
2017-04-17,7109.9,8437.5,5782.3
2017-04-18,6768.7,8041.0,5496.4
2017-04-19,6927.049999999999,8363.3,5490.8
2017-04-20,6888.65,8233.3,5544.0
2017-04-21,6926.0,8323.3,5528.7
2017-04-22,6559.75,7537.400000000001,5582.1
2017-04-23,6505.5,7516.5,5494.5
2017-04-24,6822.4,8183.1,5461.7
2017-04-25,7019.95,8507.8,5532.1
2017-04-26,6976.950000000001,8365.2,5588.7
2017-04-27,6993.1,8441.7,5544.5
2017-04-28,7380.6,9213.4,5547.8
2017-04-29,7329.0,8802.6,5855.4
2017-04-30,6629.8,7493.0,5766.6
2017-05-01,7019.849999999999,8626.599999999999,5413.1
2017-05-02,7344.950000000001,8962.2,5727.7
2017-05-03,6916.75,8273.3,5560.200000000001
2017-05-04,6742.4,8052.3,5432.5
2017-05-05,7045.200000000001,8623.7,5466.7
2017-05-06,6542.25,7499.4,5585.1
2017-05-07,6433.15,7481.4,5384.9
2017-05-08,6759.2,8059.9,5458.5
2017-05-09,6831.4,8151.4,5511.4
2017-05-10,6801.2,8080.0,5522.4
2017-05-11,6786.900000000001,8080.200000000001,5493.6
2017-05-12,6755.25,7983.4,5527.1
2017-05-13,6546.55,7611.700000000001,5481.4
2017-05-14,6414.25,7318.5,5510.0
2017-05-15,6847.45,8269.6,5425.299999999999
2017-05-16,7266.7,9024.4,5509.0
2017-05-17,8327.6,10919.5,5735.700000000001
2017-05-18,9991.25,12904.5,7078.0
2017-05-19,10742.65,13484.0,8001.299999999999
2017-05-20,7645.799999999999,8504.8,6786.799999999999
2017-05-21,6612.1,7613.7,5610.5
2017-05-22,7236.9,8839.1,5634.7
2017-05-23,7251.049999999999,8768.4,5733.7
2017-05-24,7254.0,8803.7,5704.3
2017-05-25,7159.45,8634.6,5684.299999999999
2017-05-26,7238.549999999999,8825.8,5651.3
2017-05-27,6782.299999999999,7849.299999999999,5715.299999999999
2017-05-28,6532.450000000001,7457.6,5607.3
2017-05-29,6601.549999999999,7595.3,5607.799999999999
2017-05-30,6986.549999999999,8453.3,5519.8
2017-05-31,7542.7,9398.5,5686.9
2017-06-01,7877.95,9846.5,5909.4
2017-06-02,7636.4,9322.0,5950.799999999999
2017-06-03,6828.9,7893.799999999999,5764.0
2017-06-04,6666.5,7745.4,5587.6
2017-06-05,7452.300000000001,9164.2,5740.400000000001
2017-06-06,7117.3,8508.5,5726.1
2017-06-07,7046.7,8572.9,5520.5
2017-06-08,7167.9,8725.4,5610.4
2017-06-09,7626.05,9663.6,5588.5
2017-06-10,7944.05,9793.6,6094.5
2017-06-11,9131.4,11559.8,6703.0
2017-06-12,11402.05,14578.7,8225.4
2017-06-13,12223.45,15488.7,8958.2
2017-06-14,10808.25,12703.3,8913.2
2017-06-15,8940.5,10712.8,7168.2
2017-06-16,8203.25,9764.3,6642.2
2017-06-17,7811.1,9098.0,6524.200000000001
2017-06-18,8947.6,11000.1,6895.1
2017-06-19,10828.2,13523.3,8133.1
2017-06-20,10147.85,12471.2,7824.5
2017-06-21,10300.9,12707.8,7894.0
2017-06-22,10033.65,12511.1,7556.2
2017-06-23,10860.65,13098.0,8623.3
2017-06-24,9964.0,11524.2,8403.8
2017-06-25,9081.15,10703.0,7459.3
2017-06-26,9300.9,11236.4,7365.4
2017-06-27,9017.75,10996.8,7038.7
2017-06-28,8797.5,10957.2,6637.799999999999
2017-06-29,9355.4,11799.2,6911.6
2017-06-30,10345.75,13173.7,7517.8
2017-07-01,9702.8,11362.5,8043.1
2017-07-02,9798.7,11918.2,7679.2
2017-07-03,10814.15,13226.2,8402.1
2017-07-04,9475.8,11119.5,7832.1
2017-07-05,10281.85,12658.0,7905.7
2017-07-06,9522.5,11261.1,7783.900000000001
2017-07-07,9646.3,11569.8,7722.799999999999
2017-07-08,9655.65,11751.6,7559.7
2017-07-09,8905.95,10593.7,7218.2
2017-07-10,10310.05,13024.0,7596.099999999999
2017-07-11,11236.05,13849.3,8622.8
2017-07-12,11955.75,14840.1,9071.4
2017-07-13,12492.55,15341.2,9643.9
2017-07-14,9474.95,10616.8,8333.1
2017-07-15,9169.25,11076.1,7262.4
2017-07-16,9483.1,11634.3,7331.900000000001
2017-07-17,11009.8,13674.0,8345.6
2017-07-18,11597.75,14371.6,8823.9
2017-07-19,12226.35,15213.6,9239.1
2017-07-20,12842.45,15792.0,9892.9
2017-07-21,12484.65,15283.6,9685.7
2017-07-22,11481.35,13239.5,9723.2
2017-07-23,9933.15,11181.1,8685.2
2017-07-24,9312.45,10751.8,7873.1
2017-07-25,8239.95,9860.6,6619.3
2017-07-26,8679.25,10799.0,6559.5
2017-07-27,8969.15,11150.9,6787.4
2017-07-28,10180.65,12655.0,7706.3
2017-07-29,8312.45,9119.2,7505.700000000001
2017-07-30,8124.9,9870.1,6379.7
2017-07-31,9989.5,12951.1,7027.9
2017-08-01,11005.15,14018.6,7991.7
2017-08-02,11125.65,13472.3,8779.0
2017-08-03,10834.4,13669.3,7999.5
2017-08-04,10886.05,13147.4,8624.7
2017-08-05,9677.9,10788.6,8567.2
2017-08-06,7954.4,9137.5,6771.299999999999
2017-08-07,8599.400000000001,10243.2,6955.6
2017-08-08,8813.1,10874.6,6751.6
2017-08-09,9454.8,11954.1,6955.5
2017-08-10,9966.25,12555.7,7376.799999999999
2017-08-11,9657.05,11858.9,7455.2
2017-08-12,8666.0,10068.2,7263.799999999999
2017-08-13,9366.25,11096.4,7636.1
2017-08-14,9906.7,12043.3,7770.099999999999
2017-08-15,9545.5,11256.7,7834.3
2017-08-16,10340.1,13008.1,7672.1
2017-08-17,10040.15,12279.6,7800.700000000001
2017-08-18,10802.15,13036.1,8568.2
2017-08-19,10239.85,12191.5,8288.2
2017-08-20,9455.55,11121.1,7790.0
2017-08-21,10569.1,13191.0,7947.2
2017-08-22,11805.3,14866.4,8744.2
2017-08-23,10739.95,12450.8,9029.1
2017-08-24,9570.1,11672.2,7468.0
2017-08-25,8973.55,10867.8,7079.299999999999
2017-08-26,8014.1,9327.1,6701.1
2017-08-27,7697.2,8966.1,6428.299999999999
2017-08-28,8358.65,10091.5,6625.799999999999
2017-08-29,7946.85,9424.7,6469.0
2017-08-30,8146.700000000001,10212.7,6080.7
2017-08-31,8811.5,11063.1,6559.9
2017-09-01,7628.650000000001,9031.2,6226.1
2017-09-02,6727.4,7652.099999999999,5802.7
2017-09-03,6787.400000000001,7891.700000000001,5683.1
2017-09-04,7454.8,9069.7,5839.9
2017-09-05,9639.4,12570.4,6708.4
2017-09-06,8841.15,10334.3,7348.0
2017-09-07,8053.799999999999,9833.8,6273.799999999999
2017-09-08,7689.099999999999,9365.3,6012.9
2017-09-09,6830.9,7860.8,5801.0
2017-09-10,6918.549999999999,8183.799999999999,5653.3
2017-09-11,7803.5,9741.5,5865.5
2017-09-12,8199.6,10337.4,6061.8
2017-09-13,8641.25,10842.7,6439.8
2017-09-14,9443.6,11718.0,7169.2
2017-09-15,9718.75,12155.9,7281.6
2017-09-16,9205.45,10842.2,7568.700000000001
2017-09-17,8863.1,10459.1,7267.1
2017-09-18,8996.7,10669.5,7323.900000000001
2017-09-19,8876.4,10576.4,7176.400000000001
2017-09-20,9040.05,11105.8,6974.3
2017-09-21,9150.2,10980.0,7320.4
2017-09-22,8947.95,11065.3,6830.6
2017-09-23,8798.35,10718.0,6878.7
2017-09-24,9441.25,11802.2,7080.3
2017-09-25,10565.85,13228.0,7903.7
2017-09-26,10074.1,12452.4,7695.8
2017-09-27,10585.5,13508.5,7662.5
2017-09-28,9290.95,11047.9,7534.0
2017-09-29,7588.400000000001,9038.6,6138.200000000001
2017-09-30,6783.5,7705.900000000001,5861.1
2017-10-01,6664.75,7871.9,5457.6
2017-10-02,7253.049999999999,8988.3,5517.8
2017-10-03,7276.799999999999,8883.9,5669.7
2017-10-04,7499.65,9345.6,5653.7
2017-10-05,8266.0,10492.7,6039.3
2017-10-06,8805.9,10811.4,6800.4
2017-10-07,8312.849999999999,9784.3,6841.4
2017-10-08,8649.2,10126.1,7172.3
2017-10-09,9263.1,10973.2,7553.0
2017-10-10,9290.75,11371.9,7209.6
2017-10-11,8495.0,10163.0,6827.0
2017-10-12,7448.15,8711.4,6184.9
2017-10-13,7170.45,8674.5,5666.4
2017-10-14,7158.25,8499.4,5817.1
2017-10-15,7421.450000000001,8726.1,6116.8
2017-10-16,7303.35,8449.5,6157.200000000001
2017-10-17,6943.500000000001,8443.900000000001,5443.1
2017-10-18,7111.650000000001,8732.900000000001,5490.4
2017-10-19,7166.05,8770.0,5562.1
2017-10-20,7139.85,8691.2,5588.5
2017-10-21,6757.799999999999,7942.4,5573.2
2017-10-22,6792.549999999999,8037.599999999999,5547.5
2017-10-23,7588.799999999999,9438.8,5738.799999999999
2017-10-24,7958.450000000001,9727.2,6189.700000000001
2017-10-25,7500.650000000001,8839.1,6162.200000000001
2017-10-26,7010.65,8508.5,5512.8
2017-10-27,6904.25,8314.8,5493.700000000001
2017-10-28,6652.3,7817.4,5487.200000000001
2017-10-29,6901.349999999999,8243.3,5559.4
2017-10-30,7060.65,8542.9,5578.4
2017-10-31,6934.55,8363.0,5506.1
2017-11-01,7105.35,8634.4,5576.3
2017-11-02,7310.25,9013.3,5607.2
2017-11-03,7410.15,9096.5,5723.8
2017-11-04,6586.7,7695.0,5478.4
2017-11-05,8442.65,11461.6,5423.7
2017-11-06,7326.75,9094.0,5559.5
2017-11-07,7283.95,9041.0,5526.9
2017-11-08,7425.349999999999,9101.3,5749.4
2017-11-09,7383.400000000001,8969.6,5797.200000000001
2017-11-10,7501.85,9298.2,5705.5
2017-11-11,7441.150000000001,8481.900000000001,6400.4
2017-11-12,7220.6,8319.2,6122.0
2017-11-13,7563.049999999999,9269.6,5856.5
2017-11-14,7613.650000000001,9273.6,5953.700000000001
2017-11-15,7548.450000000001,9151.7,5945.2
2017-11-16,7388.2,9014.3,5762.1
2017-11-17,7439.35,9026.5,5852.2
2017-11-18,7088.9,8179.2,5998.6
2017-11-19,6852.1,8169.4,5534.8
2017-11-20,7570.15,9259.0,5881.3
2017-11-21,7457.15,8995.5,5918.799999999999
2017-11-22,7312.6,8963.6,5661.6
2017-11-23,6811.549999999999,7623.0,6000.099999999999
2017-11-24,7205.15,8472.0,5938.299999999999
2017-11-25,6899.25,7948.200000000001,5850.3
2017-11-26,6941.65,8264.5,5618.8
2017-11-27,7533.799999999999,9215.8,5851.8
2017-11-28,7601.4,9230.5,5972.299999999999
2017-11-29,7393.85,9025.6,5762.1
2017-11-30,7537.0,9221.8,5852.200000000001
2017-12-01,7374.5,9001.5,5747.5
2017-12-02,7121.750000000001,8317.400000000001,5926.1
2017-12-03,7127.6,8441.6,5813.599999999999
2017-12-04,7592.55,9348.5,5836.6
2017-12-05,7572.950000000001,9315.6,5830.3
2017-12-06,7563.200000000001,9438.4,5688.0
2017-12-07,7734.35,9468.4,6000.3
2017-12-08,7828.549999999999,9556.9,6100.2
2017-12-09,7724.75,9228.9,6220.6
2017-12-10,7681.549999999999,9004.099999999999,6359.0
2017-12-11,8007.85,9760.9,6254.799999999999
2017-12-12,7871.449999999999,9563.1,6179.8
2017-12-13,8417.5,10282.3,6552.7
2017-12-14,8544.3,10305.2,6783.4
2017-12-15,8647.85,10334.4,6961.3
2017-12-16,8096.200000000001,9246.7,6945.700000000001
2017-12-17,7800.05,9117.6,6482.5
2017-12-18,8026.200000000001,9636.7,6415.7
2017-12-19,7770.75,9431.9,6109.6
2017-12-20,7809.849999999999,9635.4,5984.299999999999
2017-12-21,8041.55,9692.1,6391.0
2017-12-22,7863.450000000001,9359.6,6367.3
2017-12-23,7360.2,8554.9,6165.5
2017-12-24,7277.4,8491.8,6063.0
2017-12-25,7244.2,8343.6,6144.799999999999
2017-12-26,8352.2,10116.8,6587.6
2017-12-27,8656.15,10357.6,6954.7
2017-12-28,9063.85,10800.2,7327.5
2017-12-29,9056.15,10537.4,7574.9
2017-12-30,8649.45,9910.9,7388.0
2017-12-31,8897.1,10423.4,7370.8
2018-01-01,9103.2,10324.5,7881.9
2018-01-02,9300.6,10949.9,7651.299999999999
2018-01-03,9092.2,10594.1,7590.3
2018-01-04,8957.6,10644.1,7271.1
2018-01-05,9473.9,11247.1,7700.7
2018-01-06,9518.9,10869.3,8168.5
2018-01-07,9408.9,10616.4,8201.4
2018-01-08,9233.05,10718.6,7747.5
2018-01-09,8533.6,9932.6,7134.6
2018-01-10,8388.65,9899.3,6878.0
2018-01-11,7992.300000000001,9484.2,6500.400000000001
2018-01-12,7715.95,9238.5,6193.4
2018-01-13,7516.1,9026.5,6005.7
2018-01-14,8333.050000000001,9568.2,7097.900000000001
2018-01-15,8748.4,10206.4,7290.4
2018-01-16,8557.4,10048.6,7066.2
2018-01-17,8364.2,10096.0,6632.4
2018-01-18,8610.1,10105.9,7114.3
2018-01-19,8390.3,9770.0,7010.6
2018-01-20,7539.05,8448.7,6629.4
2018-01-21,7358.9,8465.1,6252.7
2018-01-22,7754.15,9394.3,6114.0
2018-01-23,7684.5,9213.7,6155.3
2018-01-24,7846.25,9546.8,6145.7
2018-01-25,8303.95,9850.3,6757.6
2018-01-26,8176.8,9527.7,6825.9
2018-01-27,7459.45,8371.5,6547.4
2018-01-28,7156.25,8390.0,5922.5
2018-01-29,7744.150000000001,9471.7,6016.6
2018-01-30,8116.7,9768.4,6465.0
2018-01-31,8414.9,9908.0,6921.8
2018-02-01,8078.0,9504.4,6651.6
2018-02-02,8228.65,10078.3,6379.0
2018-02-03,8277.35,9250.2,7304.5
2018-02-04,7778.35,8804.8,6751.900000000001
2018-02-05,8069.0,9845.8,6292.2
2018-02-06,8227.55,9718.4,6736.700000000001
2018-02-07,8291.7,9861.8,6721.6
2018-02-08,8246.95,9790.8,6703.1
2018-02-09,8262.0,9661.6,6862.4
2018-02-10,7440.699999999999,8441.599999999999,6439.799999999999
2018-02-11,7192.299999999999,8430.4,5954.2
2018-02-12,7565.3,9283.9,5846.700000000001
2018-02-13,8058.55,9578.1,6539.0
2018-02-14,7749.500000000001,9069.4,6429.6
2018-02-15,7491.549999999999,8904.599999999999,6078.5
2018-02-16,7313.2,8759.0,5867.4
2018-02-17,7345.200000000001,8474.7,6215.7
2018-02-18,7227.6,8183.400000000001,6271.8
2018-02-19,7370.75,8538.9,6202.6
2018-02-20,7265.900000000001,8649.900000000001,5881.9
2018-02-21,7271.450000000001,8805.2,5737.700000000001
2018-02-22,7299.900000000001,9014.7,5585.1
2018-02-23,7560.3,9040.2,6080.4
2018-02-24,7064.049999999999,8050.299999999999,6077.8
2018-02-25,7089.950000000001,8329.6,5850.3
2018-02-26,7410.0,8906.5,5913.5
2018-02-27,7440.199999999999,8819.599999999999,6060.8
2018-02-28,7294.049999999999,8640.3,5947.8
2018-03-01,7191.9,8640.4,5743.4
2018-03-02,7660.05,9406.2,5913.9
2018-03-03,7312.75,8312.3,6313.2
2018-03-04,7288.15,8455.2,6121.099999999999
2018-03-05,7820.4,9330.3,6310.5
2018-03-06,7679.6,9035.5,6323.700000000001
2018-03-07,7944.700000000001,9615.5,6273.900000000001
2018-03-08,7868.05,9291.1,6445.0
2018-03-09,7759.65,9092.3,6427.0
2018-03-10,7428.75,8450.099999999999,6407.400000000001
2018-03-11,7254.650000000001,8178.1,6331.200000000001
2018-03-12,7617.9,9015.3,6220.5
2018-03-13,7821.05,9290.5,6351.6
2018-03-14,7799.75,9161.4,6438.1
2018-03-15,7667.349999999999,8855.4,6479.299999999999
2018-03-16,7577.1,8866.8,6287.400000000001
2018-03-17,7274.85,8018.599999999999,6531.1
2018-03-18,7226.549999999999,8232.9,6220.2
2018-03-19,7506.799999999999,8764.8,6248.8
2018-03-20,7740.5,9198.3,6282.7
2018-03-21,7853.6,9313.6,6393.6
2018-03-22,7736.0,8931.5,6540.5
2018-03-23,7454.75,8620.6,6288.900000000001
2018-03-24,6996.5,7787.5,6205.5
2018-03-25,7095.700000000001,8123.3,6068.1
2018-03-26,7422.75,8640.5,6205.0
2018-03-27,7507.099999999999,8809.4,6204.799999999999
2018-03-28,7322.75,8586.2,6059.3
2018-03-29,7200.65,8536.9,5864.4
2018-03-30,7035.75,8223.5,5848.0
2018-03-31,6739.8,7615.700000000001,5863.9
2018-04-01,6604.0,7430.4,5777.6
2018-04-02,7361.450000000001,8897.6,5825.3
2018-04-03,7503.6,8873.5,6133.700000000001
2018-04-04,7277.200000000001,8541.2,6013.2
2018-04-05,7316.5,8476.5,6156.5
2018-04-06,7488.700000000001,8779.1,6198.3
2018-04-07,6813.9,7755.5,5872.3
2018-04-08,7052.35,8053.1,6051.6
2018-04-09,7396.5,8615.3,6177.700000000001
2018-04-10,7331.45,8657.0,6005.9
2018-04-11,7214.85,8384.0,6045.7
2018-04-12,7057.5,8231.2,5883.799999999999
2018-04-13,7004.9,8300.3,5709.5
2018-04-14,6515.8,7448.6,5583.0
2018-04-15,6842.15,8142.3,5542.0
2018-04-16,7418.450000000001,8917.7,5919.2
2018-04-17,7227.05,8601.1,5853.0
2018-04-18,7135.75,8275.7,5995.799999999999
2018-04-19,7147.45,8572.3,5722.6
2018-04-20,7118.25,8188.599999999999,6047.9
2018-04-21,6672.25,7435.5,5909.0
2018-04-22,6560.0,7498.0,5622.0
2018-04-23,6822.05,8050.4,5593.700000000001
2018-04-24,6809.95,8012.6,5607.299999999999
2018-04-25,6982.55,8334.7,5630.4
2018-04-26,6785.6,8026.1,5545.1
2018-04-27,6831.7,8230.3,5433.1
2018-04-28,6457.65,7343.7,5571.6
2018-04-29,6427.950000000001,7463.3,5392.6
2018-04-30,6832.65,8187.8,5477.5
2018-05-01,6965.999999999999,8370.599999999999,5561.4
2018-05-02,7418.55,9357.7,5479.4
2018-05-03,8573.75,11061.0,6086.5
2018-05-04,8771.25,10610.9,6931.6
2018-05-05,7191.349999999999,8004.799999999999,6377.9
2018-05-06,6699.8,7597.6,5802.0
2018-05-07,7166.85,8810.1,5523.6
2018-05-08,7108.25,8694.2,5522.3
2018-05-09,7206.0,8786.599999999999,5625.400000000001
2018-05-10,7026.2,8385.9,5666.5
2018-05-11,7166.25,8591.9,5740.599999999999
2018-05-12,6488.2,7414.299999999999,5562.1
2018-05-13,6304.1,7332.0,5276.2
2018-05-14,6914.2,8431.9,5396.5
2018-05-15,8067.2,10524.9,5609.5
2018-05-16,7345.299999999999,8719.4,5971.2
2018-05-17,7241.25,8847.0,5635.5
2018-05-18,7129.45,8355.0,5903.9
2018-05-19,6532.549999999999,7513.4,5551.7
2018-05-20,7085.7,8596.8,5574.6
2018-05-21,7598.6,9309.4,5887.8
2018-05-22,7259.4,8709.599999999999,5809.2
2018-05-23,7835.4,9946.4,5724.4
2018-05-24,8215.65,10298.3,6133.0
2018-05-25,8583.95,10946.3,6221.6
2018-05-26,8986.6,11013.6,6959.6
2018-05-27,7665.75,8658.6,6672.9
2018-05-28,6726.0,7789.5,5662.5
2018-05-29,8758.65,11598.3,5919.0
2018-05-30,8463.0,10239.4,6686.6
2018-05-31,7864.4,9551.6,6177.2
2018-06-01,8654.6,10944.4,6364.8
2018-06-02,9136.8,11365.7,6907.9
2018-06-03,7299.700000000001,8152.1,6447.3
2018-06-04,7285.75,8965.6,5605.9
2018-06-05,7474.450000000001,9211.2,5737.700000000001
2018-06-06,7402.95,9008.0,5797.9
2018-06-07,7408.299999999999,9024.9,5791.7
2018-06-08,8106.95,10334.8,5879.1
2018-06-09,7978.1,9469.7,6486.5
2018-06-10,7276.65,8067.8,6485.5
2018-06-11,7558.0,9219.1,5896.9
2018-06-12,7565.1,9323.2,5807.0
2018-06-13,8002.950000000001,9995.4,6010.5
2018-06-14,8997.9,11204.3,6791.5
2018-06-15,8231.55,9849.1,6614.0
2018-06-16,8145.599999999999,9954.3,6336.9
2018-06-17,8653.85,10736.7,6571.0
2018-06-18,10803.2,13885.7,7720.700000000001
2018-06-19,11292.1,13635.1,8949.1
2018-06-20,10085.2,12286.2,7884.200000000001
2018-06-21,10048.95,12410.1,7687.8
2018-06-22,9102.2,10633.0,7571.4
2018-06-23,7412.6,8302.7,6522.5
2018-06-24,8237.4,10127.5,6347.3
2018-06-25,9274.4,11300.3,7248.5
2018-06-26,8741.300000000001,10758.2,6724.400000000001
2018-06-27,8474.0,10146.4,6801.6
2018-06-28,9735.5,12335.5,7135.5
2018-06-29,10653.95,13541.5,7766.4
2018-06-30,10477.65,13031.3,7924.0
2018-07-01,11462.35,14229.4,8695.3
2018-07-02,12754.7,15511.3,9998.1
2018-07-03,12798.5,15376.1,10220.9
2018-07-04,11218.45,13090.1,9346.8
2018-07-05,12310.6,15113.8,9507.4
2018-07-06,11010.35,12830.1,9190.6
2018-07-07,8033.5,9218.5,6848.5
2018-07-08,8171.199999999999,9954.8,6387.599999999999
2018-07-09,9855.95,12646.2,7065.700000000001
2018-07-10,10934.6,14104.5,7764.700000000001
2018-07-11,11297.15,13595.7,8998.6
2018-07-12,10383.9,12508.1,8259.7
2018-07-13,10113.85,12537.6,7690.1
2018-07-14,9777.85,12056.1,7499.6
2018-07-15,9928.4,11690.9,8165.900000000001
2018-07-16,11897.7,15030.1,8765.3
2018-07-17,12111.2,14605.5,9616.9
2018-07-18,10462.0,12747.4,8176.599999999999
2018-07-19,9810.15,12045.5,7574.799999999999
2018-07-20,9844.8,12029.4,7660.2
2018-07-21,8539.5,9783.0,7296.0
2018-07-22,9412.35,11151.6,7673.1
2018-07-23,11127.25,13514.3,8740.2
2018-07-24,11456.4,14031.1,8881.7
2018-07-25,10948.9,12690.3,9207.5
2018-07-26,11032.95,13683.1,8382.8
2018-07-27,11446.2,14153.7,8738.7
2018-07-28,10244.35,12378.9,8109.8
2018-07-29,9581.35,11167.0,7995.7
2018-07-30,9957.55,11782.2,8132.9
2018-07-31,10143.95,12628.8,7659.1
2018-08-01,11458.55,14406.9,8510.2
2018-08-02,12129.3,14793.0,9465.6
2018-08-03,11885.9,14117.5,9654.3
2018-08-04,10692.4,12303.9,9080.9
2018-08-05,10911.4,13392.8,8430.0
2018-08-06,12724.15,15732.0,9716.3
2018-08-07,12882.95,15625.5,10140.4
2018-08-08,12529.25,15544.1,9514.4
2018-08-09,12396.9,14991.6,9802.2
2018-08-10,11528.55,14236.2,8820.900000000001
2018-08-11,10027.1,11012.1,9042.1
2018-08-12,10041.0,11912.0,8170.0
2018-08-13,10335.0,11799.8,8870.2
2018-08-14,10622.8,13075.3,8170.299999999999
2018-08-15,10995.65,14003.1,7988.200000000001
2018-08-16,11964.0,14822.2,9105.8
2018-08-17,12222.8,14915.9,9529.7
2018-08-18,11044.05,12943.4,9144.7
2018-08-19,8754.7,9500.5,8008.9
2018-08-20,8936.5,10633.7,7239.3
2018-08-21,9282.4,11439.8,7125.0
2018-08-22,10355.1,12760.6,7949.599999999999
2018-08-23,9321.0,11071.4,7570.6
2018-08-24,9406.4,11788.3,7024.5
2018-08-25,8708.3,10248.6,7168.0
2018-08-26,9108.7,11210.3,7007.1
2018-08-27,11479.4,14472.0,8486.8
2018-08-28,12749.75,15911.7,9587.8
2018-08-29,13436.7,16283.7,10589.7
2018-08-30,13112.9,15449.6,10776.2
2018-08-31,10375.6,11719.0,9032.2
2018-09-01,8868.05,10169.9,7566.200000000001
2018-09-02,9119.5,10992.3,7246.7
2018-09-03,11168.4,13803.0,8533.8
2018-09-04,12835.95,15901.8,9770.1
2018-09-05,12701.25,15516.1,9886.4
2018-09-06,13117.5,16275.7,9959.3
2018-09-07,10598.3,12010.8,9185.8
2018-09-08,8232.95,9047.4,7418.5
2018-09-09,7037.799999999999,7967.0,6108.599999999999
2018-09-10,7295.849999999999,8794.8,5796.9
2018-09-11,8153.6,10249.1,6058.1
2018-09-12,9255.4,11440.0,7070.8
2018-09-13,9119.9,10932.7,7307.099999999999
2018-09-14,8945.099999999999,10793.8,7096.4
2018-09-15,8521.9,10204.9,6838.9
2018-09-16,8962.25,11084.7,6839.799999999999
2018-09-17,9546.85,11789.6,7304.1
2018-09-18,10137.6,12141.6,8133.6
2018-09-19,9569.15,11755.7,7382.6
2018-09-20,8579.5,10184.8,6974.2
2018-09-21,8267.7,9874.6,6660.8
2018-09-22,7958.1,8790.7,7125.5
2018-09-23,7080.55,8182.3,5978.8
2018-09-24,7359.2,8756.8,5961.6
2018-09-25,7739.95,9769.8,5710.1
2018-09-26,9249.55,11797.0,6702.1
2018-09-27,8167.75,9668.6,6666.9
2018-09-28,7463.45,8715.5,6211.4
2018-09-29,6896.0,8110.6,5681.400000000001
2018-09-30,6894.299999999999,8172.799999999999,5615.8
2018-10-01,7906.85,9879.1,5934.6
2018-10-02,8509.4,10528.3,6490.5
2018-10-03,8396.45,10303.6,6489.299999999999
2018-10-04,8301.4,10354.6,6248.2
2018-10-05,7804.1,9130.1,6478.1
2018-10-06,7073.05,8155.900000000001,5990.2
2018-10-07,7871.5,9557.1,6185.9
2018-10-08,7985.4,9141.3,6829.5
2018-10-09,8369.35,10432.2,6306.5
2018-10-10,9025.15,11201.9,6848.4
2018-10-11,9118.7,11009.8,7227.6
2018-10-12,7477.15,8414.9,6539.400000000001
2018-10-13,6460.9,7477.5,5444.3
2018-10-14,6475.1,7600.5,5349.7
2018-10-15,7087.0,8754.7,5419.3
2018-10-16,6926.25,8349.7,5502.8
2018-10-17,6947.7,8388.3,5507.1
2018-10-18,7020.25,8470.0,5570.5
2018-10-19,6988.799999999999,8285.4,5692.2
2018-10-20,6507.8,7476.5,5539.1
2018-10-21,6661.85,7848.2,5475.5
2018-10-22,7167.75,8621.3,5714.200000000001
2018-10-23,7097.299999999999,8476.3,5718.3
2018-10-24,7006.25,8471.0,5541.5
2018-10-25,7125.449999999999,8546.8,5704.099999999999
2018-10-26,7120.950000000001,8470.2,5771.7
2018-10-27,6822.6,7895.0,5750.200000000001
2018-10-28,6665.6,7762.9,5568.3
2018-10-29,7066.75,8568.7,5564.8
2018-10-30,7087.200000000001,8535.2,5639.2
2018-10-31,7020.0,8339.6,5700.4
2018-11-01,7150.65,8720.4,5580.9
2018-11-02,7302.6,8842.5,5762.7
2018-11-03,6655.799999999999,7651.9,5659.7
2018-11-04,8488.0,11507.3,5468.7
2018-11-05,7229.949999999999,8906.099999999999,5553.799999999999
2018-11-06,7283.75,8929.2,5638.299999999999
2018-11-07,7186.650000000001,8755.2,5618.1
2018-11-08,7147.3,8723.7,5570.9
2018-11-09,7268.65,8843.4,5693.9
2018-11-10,6869.1,8054.700000000001,5683.5
2018-11-11,6971.0,8033.9,5908.1
2018-11-12,7442.55,8977.7,5907.4
2018-11-13,7422.15,9091.1,5753.2
2018-11-14,7648.95,9362.5,5935.4
2018-11-15,7966.299999999999,9680.9,6251.7
2018-11-16,7766.3,9190.9,6341.700000000001
2018-11-17,7166.1,8212.2,6120.0
2018-11-18,7103.5,8299.3,5907.7
2018-11-19,7454.6,9024.6,5884.6
2018-11-20,7465.549999999999,9126.3,5804.8
2018-11-21,7613.950000000001,9182.2,6045.700000000001
2018-11-22,7473.15,8393.3,6553.0
2018-11-23,8047.049999999999,9257.9,6836.2
2018-11-24,7426.049999999999,8359.3,6492.799999999999
2018-11-25,7047.15,8169.0,5925.299999999999
2018-11-26,7579.25,9331.3,5827.200000000001
2018-11-27,7662.65,9375.4,5949.9
2018-11-28,7890.7,9584.4,6197.0
2018-11-29,7821.150000000001,9412.6,6229.700000000001
2018-11-30,7764.7,9312.1,6217.299999999999
2018-12-01,7279.150000000001,8409.6,6148.700000000001
2018-12-02,7153.65,8375.8,5931.5
2018-12-03,7435.6,9151.2,5720.0
2018-12-04,7755.85,9515.7,5996.0
2018-12-05,8074.0,9742.0,6406.0
2018-12-06,8108.55,9722.0,6495.1
2018-12-07,7993.25,9642.6,6343.900000000001
2018-12-08,7829.650000000001,8998.7,6660.6
2018-12-09,7809.75,9083.0,6536.5
2018-12-10,8183.95,9841.3,6526.6
2018-12-11,8159.35,9734.1,6584.6
2018-12-12,8149.75,9803.0,6496.5
2018-12-13,8163.75,9846.2,6481.299999999999
2018-12-14,7793.5,9324.7,6262.3
2018-12-15,7228.15,8456.5,5999.799999999999
2018-12-16,7413.700000000001,8848.7,5978.7
2018-12-17,7927.5,9662.6,6192.4
2018-12-18,8161.45,9932.6,6390.299999999999
2018-12-19,8228.849999999999,9751.1,6706.6
2018-12-20,7993.9,9528.1,6459.7
2018-12-21,7582.6,9105.7,6059.5
2018-12-22,7172.15,8479.7,5864.599999999999
2018-12-23,7255.449999999999,8405.8,6105.099999999999
2018-12-24,7505.6,8877.2,6134.0
2018-12-25,7161.650000000001,8071.200000000001,6252.1
2018-12-26,7822.0,9329.0,6315.0
2018-12-27,7714.45,9235.4,6193.5
2018-12-28,7565.5,9029.1,6101.900000000001
2018-12-29,7012.949999999999,8212.3,5813.599999999999
2018-12-30,7252.800000000001,8474.2,6031.400000000001
2018-12-31,7658.799999999999,9101.3,6216.3
2019-01-01,7111.299999999999,8250.8,5971.8
2019-01-02,7777.75,9522.7,6032.8
2019-01-03,7752.15,9395.5,6108.8
2019-01-04,7738.650000000001,9213.2,6264.1
2019-01-05,7211.0,8420.9,6001.1
2019-01-06,7285.299999999999,8549.4,6021.2
2019-01-07,8110.650000000001,9802.7,6418.6
2019-01-08,7817.450000000001,9292.7,6342.200000000001
2019-01-09,7723.75,9384.4,6063.1
2019-01-10,8103.25,9799.0,6407.5
2019-01-11,8341.25,9895.7,6786.8
2019-01-12,7983.0,9008.2,6957.799999999999
2019-01-13,7868.0,9124.0,6612.0
2019-01-14,8352.55,9918.7,6786.4
2019-01-15,8284.1,9778.0,6790.2
2019-01-16,8177.1,9680.6,6673.6
2019-01-17,8256.0,9846.4,6665.6
2019-01-18,8062.549999999999,9468.8,6656.3
2019-01-19,7636.85,8770.2,6503.5
2019-01-20,7834.15,9267.3,6401.0
2019-01-21,9280.65,11064.1,7497.200000000001
2019-01-22,9097.7,10365.2,7830.2
2019-01-23,8385.0,9696.3,7073.700000000001
2019-01-24,7731.6,9242.0,6221.200000000001
2019-01-25,7930.0,9412.3,6447.7
2019-01-26,7808.75,8829.4,6788.099999999999
2019-01-27,7548.1,8531.0,6565.2
2019-01-28,8100.05,9830.6,6369.5
2019-01-29,8296.050000000001,9738.4,6853.700000000001
2019-01-30,8687.45,10648.8,6726.1
2019-01-31,9509.25,10997.8,8020.700000000001
2019-02-01,9237.75,10556.9,7918.6
2019-02-02,8491.45,9353.3,7629.6
2019-02-03,7716.3,8599.0,6833.6
2019-02-04,7714.4,9024.0,6404.8
2019-02-05,7462.95,8776.9,6149.0
2019-02-06,7591.25,9128.7,6053.8
2019-02-07,7703.049999999999,9199.4,6206.7
2019-02-08,7534.05,8926.2,6141.9
2019-02-09,7751.1,8883.8,6618.400000000001
2019-02-10,7807.5,8862.4,6752.6
2019-02-11,8012.800000000001,9527.2,6498.400000000001
2019-02-12,8284.55,10003.3,6565.8
2019-02-13,7964.1,9427.0,6501.2
2019-02-14,7834.65,9077.8,6591.5
2019-02-15,7477.450000000001,8727.7,6227.200000000001
2019-02-16,7090.199999999999,8158.599999999999,6021.799999999999
2019-02-17,7350.45,8325.6,6375.299999999999
2019-02-18,7612.2,8958.3,6266.1
2019-02-19,8076.35,9453.1,6699.6
2019-02-20,8239.25,9811.1,6667.4
2019-02-21,7635.5,8655.0,6616.0
2019-02-22,7528.700000000001,8879.7,6177.7
2019-02-23,7307.8,8301.7,6313.9
2019-02-24,7188.700000000001,8264.7,6112.700000000001
2019-02-25,7779.6,9389.6,6169.6
2019-02-26,8159.199999999999,9580.6,6737.8
2019-02-27,8300.400000000001,9790.7,6810.1
2019-02-28,8095.15,9484.1,6706.2
2019-03-01,8021.25,9401.8,6640.7
2019-03-02,7572.5,8542.2,6602.8
2019-03-03,7489.4,8680.7,6298.099999999999
2019-03-04,7957.75,9399.5,6516.0
2019-03-05,8214.849999999999,9643.4,6786.299999999999
2019-03-06,8522.45,10052.4,6992.5
2019-03-07,8525.1,9830.1,7220.1
2019-03-08,8110.799999999999,9236.9,6984.7
2019-03-09,7359.8,8201.6,6518.0
2019-03-10,7337.55,8372.0,6303.1
2019-03-11,7382.95,8585.6,6180.299999999999
2019-03-12,7526.5,8885.2,6167.799999999999
2019-03-13,7625.25,8890.9,6359.599999999999
2019-03-14,7295.8,8468.1,6123.5
2019-03-15,7041.55,8182.9,5900.200000000001
2019-03-16,6704.950000000001,7696.1,5713.8
2019-03-17,7000.45,7972.599999999999,6028.3
2019-03-18,7435.05,8692.1,6178.0
2019-03-19,7360.25,8544.6,6175.9
2019-03-20,7303.0,8481.4,6124.6
2019-03-21,7294.75,8655.5,5934.0
2019-03-22,7312.05,8578.9,6045.200000000001
2019-03-23,7059.95,7883.799999999999,6236.1
2019-03-24,6870.95,7682.099999999999,6059.8
2019-03-25,7072.15,8397.4,5746.9
2019-03-26,7188.450000000001,8407.6,5969.3
2019-03-27,7306.650000000001,8512.1,6101.200000000001
2019-03-28,7252.8,8384.9,6120.700000000001
2019-03-29,7120.7,8392.5,5848.9
2019-03-30,6519.799999999999,7344.599999999999,5695.0
2019-03-31,6610.6,7719.6,5501.6
2019-04-01,7168.9,8433.9,5903.9
2019-04-02,7268.9,8511.5,6026.299999999999
2019-04-03,6955.099999999999,8031.799999999999,5878.4
2019-04-04,6848.55,8022.400000000001,5674.7
2019-04-05,7142.7,8501.6,5783.799999999999
2019-04-06,6599.349999999999,7333.4,5865.299999999999
2019-04-07,6497.15,7440.1,5554.2
2019-04-08,6916.35,8309.1,5523.6
2019-04-09,6907.1,8333.400000000001,5480.799999999999
2019-04-10,6805.6,7964.700000000001,5646.5
2019-04-11,6944.8,8216.0,5673.6
2019-04-12,6936.25,8180.9,5691.6
2019-04-13,6563.25,7544.6,5581.9
2019-04-14,6560.7,7597.0,5524.4
2019-04-15,6869.65,8150.0,5589.3
2019-04-16,6804.85,7986.0,5623.7
2019-04-17,6699.549999999999,7890.2,5508.9
2019-04-18,6883.65,8267.5,5499.799999999999
2019-04-19,6822.799999999999,8090.599999999999,5555.0
2019-04-20,6497.25,7420.4,5574.1
2019-04-21,6191.95,7006.299999999999,5377.6
2019-04-22,6724.5,8108.0,5341.0
2019-04-23,6738.200000000001,8000.700000000001,5475.700000000001
2019-04-24,6751.549999999999,7983.2,5519.9
2019-04-25,6606.1,7852.0,5360.2
2019-04-26,6726.950000000001,8082.900000000001,5371.0
2019-04-27,6249.6,7105.8,5393.4
2019-04-28,6331.65,7334.3,5329.0
2019-04-29,6668.85,7880.200000000001,5457.5
2019-04-30,6733.65,8030.299999999999,5437.0
2019-05-01,6769.1,8105.8,5432.4
2019-05-02,6843.150000000001,8184.200000000001,5502.1
2019-05-03,6727.799999999999,8012.299999999999,5443.3
2019-05-04,6356.1,7245.6,5466.6
2019-05-05,6421.15,7462.799999999999,5379.5
2019-05-06,6775.55,8085.700000000001,5465.4
2019-05-07,6758.4,8071.400000000001,5445.4
2019-05-08,6776.35,8064.0,5488.7
2019-05-09,6697.4,7959.099999999999,5435.700000000001
2019-05-10,6835.5,8250.3,5420.7
2019-05-11,6456.299999999999,7318.9,5593.7
2019-05-12,6415.15,7434.0,5396.299999999999
2019-05-13,7006.3,8500.2,5512.4
2019-05-14,6960.799999999999,8281.8,5639.8
2019-05-15,6807.849999999999,7986.799999999999,5628.9
2019-05-16,6863.700000000001,8218.6,5508.8
2019-05-17,7077.25,8622.6,5531.9
2019-05-18,6443.0,7349.7,5536.3
2019-05-19,6761.1,8080.4,5441.8
2019-05-20,8331.75,10652.4,6011.099999999999
2019-05-21,7429.299999999999,8787.099999999999,6071.5
2019-05-22,7257.950000000001,8925.900000000001,5590.0
2019-05-23,7366.799999999999,8987.5,5746.099999999999
2019-05-24,7488.6,8901.2,6076.0
2019-05-25,6519.35,7358.6,5680.1
2019-05-26,7327.2,9037.4,5617.0
2019-05-27,7618.8,9066.7,6170.9
2019-05-28,7812.65,9183.8,6441.5
2019-05-29,7664.45,8970.3,6358.6
2019-05-30,7226.650000000001,8735.900000000001,5717.4
2019-05-31,8055.9,10149.9,5961.9
2019-06-01,7447.85,8627.5,6268.2
2019-06-02,7679.050000000001,9235.9,6122.200000000001
2019-06-03,7583.55,9025.1,6142.0
2019-06-04,7254.1,8826.4,5681.8
2019-06-05,8131.549999999999,10375.8,5887.3
2019-06-06,9211.65,11605.3,6818.0
2019-06-07,8878.9,10814.5,6943.299999999999
2019-06-08,7796.950000000001,9095.1,6498.8
2019-06-09,7237.25,8475.3,5999.2
2019-06-10,7623.400000000001,9279.2,5967.6
2019-06-11,8117.15,9828.8,6405.5
2019-06-12,7748.599999999999,9493.9,6003.299999999999
2019-06-13,7340.9,8635.0,6046.8
2019-06-14,7360.85,8884.7,5837.0
2019-06-15,7249.45,8712.8,5786.1
2019-06-16,7780.349999999999,9278.8,6281.9
2019-06-17,8817.7,10541.1,7094.3
2019-06-18,8663.55,10416.5,6910.6
2019-06-19,8298.949999999999,9919.1,6678.799999999999
2019-06-20,8709.55,10887.1,6532.0
2019-06-21,8582.45,10013.8,7151.1
2019-06-22,7695.549999999999,9234.0,6157.099999999999
2019-06-23,8107.650000000001,10033.9,6181.4
2019-06-24,9400.65,11782.0,7019.299999999999
2019-06-25,10029.65,12339.3,7720.0
2019-06-26,10584.65,13284.5,7884.8
2019-06-27,10957.55,13688.8,8226.3
2019-06-28,11071.25,13824.3,8318.2
2019-06-29,10851.0,13206.5,8495.5
2019-06-30,9468.7,10854.0,8083.4
2019-07-01,9999.5,12632.5,7366.5
2019-07-02,10457.75,13035.9,7879.599999999999
2019-07-03,11105.6,13458.2,8753.0
2019-07-04,10245.4,12097.3,8393.5
2019-07-05,10812.55,13041.9,8583.2
2019-07-06,10971.4,12953.9,8988.900000000001
2019-07-07,10080.3,11538.9,8621.7
2019-07-08,9898.95,11619.8,8178.1
2019-07-09,10528.4,13435.3,7621.5
2019-07-10,11301.3,14052.2,8550.4
2019-07-11,11137.15,13386.2,8888.1
2019-07-12,11220.2,13837.6,8602.8
2019-07-13,10131.25,12231.4,8031.1
2019-07-14,10611.75,12872.6,8350.9
2019-07-15,11024.6,13563.8,8485.4
2019-07-16,11558.65,14608.7,8508.6
2019-07-17,12743.05,15816.5,9669.6
2019-07-18,11507.1,13461.1,9553.1
2019-07-19,11573.7,14705.8,8441.6
2019-07-20,12750.05,15319.8,10180.3
2019-07-21,13249.7,15809.9,10689.5
2019-07-22,13098.6,15403.8,10793.4
2019-07-23,10101.05,11217.4,8984.7
2019-07-24,9995.6,12358.5,7632.700000000001
2019-07-25,10206.25,12536.2,7876.299999999999
2019-07-26,10507.95,13067.6,7948.299999999999
2019-07-27,9976.6,11881.9,8071.3
2019-07-28,10582.55,13061.0,8104.1
2019-07-29,12122.85,15158.5,9087.2
2019-07-30,12613.45,15374.0,9852.9
2019-07-31,12080.5,14586.6,9574.4
2019-08-01,11102.6,13570.1,8635.1
2019-08-02,10739.5,12888.8,8590.2
2019-08-03,10435.4,12483.2,8387.599999999999
2019-08-04,10343.8,12390.2,8297.4
2019-08-05,10501.75,12526.8,8476.7
2019-08-06,10498.3,12467.8,8528.8
2019-08-07,10889.0,13289.4,8488.6
2019-08-08,10673.3,13447.2,7899.400000000001
2019-08-09,10182.55,12347.1,8018.0
2019-08-10,8908.8,10450.5,7367.1
2019-08-11,8476.55,10107.0,6846.1
2019-08-12,10037.6,12636.9,7438.299999999999
2019-08-13,10128.7,11759.9,8497.5
2019-08-14,10287.05,12278.3,8295.8
2019-08-15,10235.5,12438.0,8033.0
2019-08-16,9892.25,12040.2,7744.299999999999
2019-08-17,10110.65,12015.6,8205.7
2019-08-18,10871.45,13173.1,8569.8
2019-08-19,11807.1,14738.5,8875.7
2019-08-20,11347.9,13722.2,8973.599999999999
2019-08-21,11914.05,14563.5,9264.6
2019-08-22,11932.65,14638.1,9227.2
2019-08-23,9425.05,10503.6,8346.5
2019-08-24,7979.9,9122.4,6837.4
2019-08-25,7675.799999999999,8798.4,6553.2
2019-08-26,8124.3,9849.6,6399.0
2019-08-27,8110.65,9822.2,6399.099999999999
2019-08-28,8459.1,10185.7,6732.5
2019-08-29,9153.9,11282.3,7025.5
2019-08-30,9436.35,11965.0,6907.7
2019-08-31,8748.15,10033.3,7463.0
2019-09-01,7883.200000000001,9104.2,6662.2
2019-09-02,8352.6,9857.3,6847.900000000001
2019-09-03,9498.25,11674.7,7321.799999999999
2019-09-04,10083.5,12900.9,7266.1
2019-09-05,8802.95,10226.9,7379.0
2019-09-06,7962.05,9305.7,6618.4
2019-09-07,7043.700000000001,8276.7,5810.700000000001
2019-09-08,7459.9,8896.4,6023.400000000001
2019-09-09,8460.900000000001,10432.1,6489.700000000001
2019-09-10,8699.8,10619.3,6780.3
2019-09-11,10001.05,13004.9,6997.200000000001
2019-09-12,9787.35,11687.7,7887.0
2019-09-13,7790.75,9173.1,6408.4
2019-09-14,7465.75,8918.9,6012.6
2019-09-15,8430.75,10055.5,6806.0
2019-09-16,8759.8,10499.6,7020.0
2019-09-17,8195.2,9912.7,6477.700000000001
2019-09-18,7553.05,8945.0,6161.1
2019-09-19,7156.05,8683.1,5629.0
2019-09-20,7471.9,9316.3,5627.5
2019-09-21,7593.1,9218.4,5967.8
2019-09-22,8234.55,10116.3,6352.799999999999
2019-09-23,10019.9,12654.8,7385.0
2019-09-24,8906.85,10318.5,7495.200000000001
2019-09-25,8209.9,10163.8,6256.0
2019-09-26,8605.199999999999,10765.6,6444.8
2019-09-27,7879.75,9514.3,6245.200000000001
2019-09-28,7892.6,9582.4,6202.8
2019-09-29,8197.0,9340.2,7053.799999999999
2019-09-30,7666.15,9013.7,6318.599999999999
2019-10-01,8352.3,10579.8,6124.799999999999
2019-10-02,10185.05,13213.5,7156.599999999999
2019-10-03,7484.1,8436.9,6531.3
2019-10-04,6943.1,8171.1,5715.099999999999
2019-10-05,6346.1,7322.0,5370.2
2019-10-06,6662.85,7938.8,5386.9
2019-10-07,7736.35,9568.7,5904.0
2019-10-08,7056.0,8273.6,5838.4
2019-10-09,6842.95,8163.9,5522.0
2019-10-10,6853.75,8263.1,5444.4
2019-10-11,6764.4,8097.3,5431.5
2019-10-12,6448.8,7462.0,5435.6
2019-10-13,6402.35,7410.6,5394.1
2019-10-14,6935.5,8368.5,5502.5
2019-10-15,6856.85,8238.4,5475.3
2019-10-16,7048.35,8642.7,5454.0
2019-10-17,6782.6,8210.0,5355.200000000001
2019-10-18,6719.299999999999,7975.2,5463.4
2019-10-19,6398.1,7330.5,5465.7
2019-10-20,6510.6,7648.400000000001,5372.8
2019-10-21,6864.2,8288.8,5439.6
2019-10-22,6960.450000000001,8449.1,5471.8
2019-10-23,6894.0,8257.9,5530.1
2019-10-24,6812.5,8225.8,5399.2
2019-10-25,6794.95,8191.4,5398.5
2019-10-26,6418.049999999999,7395.099999999999,5441.0
2019-10-27,6570.6,7785.2,5356.0
2019-10-28,6856.4,8312.5,5400.3
2019-10-29,6928.650000000001,8438.2,5419.1
2019-10-30,7008.65,8532.3,5485.0
2019-10-31,7153.5,8742.5,5564.5
2019-11-01,6784.6,8081.7,5487.5
2019-11-02,6515.6,7496.9,5534.3
2019-11-03,8416.35,11389.4,5443.3
2019-11-04,7119.25,8626.1,5612.4
2019-11-05,7088.5,8593.3,5583.7
2019-11-06,7088.750000000001,8618.900000000001,5558.6
2019-11-07,7164.65,8675.099999999999,5654.2
2019-11-08,7352.4,8962.0,5742.799999999999
2019-11-09,7146.6,8097.3,6195.9
2019-11-10,6892.15,7887.1,5897.2
2019-11-11,7167.049999999999,8634.8,5699.299999999999
2019-11-12,7461.6,9386.5,5536.7
2019-11-13,8066.950000000001,9645.1,6488.8
2019-11-14,7869.5,9227.1,6511.9
2019-11-15,7468.25,8833.9,6102.6
2019-11-16,7192.3,8343.7,6040.9
2019-11-17,7331.9,8429.3,6234.5
2019-11-18,7614.35,9217.4,6011.3
2019-11-19,7484.5,8997.7,5971.299999999999
2019-11-20,7506.4,9109.5,5903.299999999999
2019-11-21,7477.45,8930.0,6024.9
2019-11-22,7360.15,8914.1,5806.2
2019-11-23,7123.25,8148.1,6098.4
2019-11-24,7069.35,8324.2,5814.5
2019-11-25,7447.1,8918.7,5975.5
2019-11-26,7309.2,8720.3,5898.1
2019-11-27,7206.15,8642.8,5769.5
2019-11-28,6605.55,7500.8,5710.3
2019-11-29,7290.999999999999,8583.099999999999,5998.9
2019-11-30,7156.299999999999,8186.9,6125.7
2019-12-01,7521.099999999999,8860.3,6181.9
2019-12-02,7984.4,9808.4,6160.4
2019-12-03,8091.65,9656.7,6526.599999999999
2019-12-04,7969.35,9528.7,6410.0
2019-12-05,7890.3,9510.1,6270.5
2019-12-06,7762.25,9173.4,6351.099999999999
2019-12-07,7493.15,8678.5,6307.8
2019-12-08,7603.4,8724.3,6482.5
2019-12-09,7663.650000000001,9258.7,6068.6
2019-12-10,7475.9,9096.0,5855.8
2019-12-11,7891.7,9676.4,6107.0
2019-12-12,8213.05,9793.9,6632.2
2019-12-13,7935.1,9344.9,6525.3
2019-12-14,7215.35,8341.900000000001,6088.799999999999
2019-12-15,7318.25,8638.0,5998.5
2019-12-16,8036.55,9759.5,6313.6
2019-12-17,8231.7,9939.9,6523.5
2019-12-18,8322.4,10039.6,6605.200000000001
2019-12-19,8896.95,10522.0,7271.9
2019-12-20,8630.75,10048.1,7213.400000000001
2019-12-21,8046.95,9050.6,7043.299999999999
2019-12-22,7638.75,8603.4,6674.1
2019-12-23,7697.200000000001,9062.0,6332.400000000001
2019-12-24,7454.15,8751.3,6157.0
2019-12-25,7077.5,7868.9,6286.1
2019-12-26,7639.65,9126.6,6152.7
2019-12-27,7400.650000000001,8768.900000000001,6032.4
2019-12-28,7028.6,8095.1,5962.1
2019-12-29,7132.25,8263.1,6001.4
2019-12-30,7686.65,9318.3,6055.0
2019-12-31,7591.1,8980.0,6202.2
2020-01-01,7360.0,8501.6,6218.4
2020-01-02,7745.55,9186.2,6304.9
2020-01-03,7493.549999999999,8993.3,5993.799999999999
2020-01-04,7049.5,8167.2,5931.8
2020-01-05,7324.45,8574.9,6074.0
2020-01-06,7780.0,9291.3,6268.7
2020-01-07,7746.1,9274.6,6217.6
2020-01-08,7921.65,9565.9,6277.400000000001
2020-01-09,8214.6,9684.9,6744.3
2020-01-10,7716.4,8941.4,6491.4
2020-01-11,6899.95,7892.4,5907.5
2020-01-12,6736.7,7800.0,5673.4
2020-01-13,7417.0,9033.8,5800.200000000001
2020-01-14,7549.549999999999,9138.4,5960.7
2020-01-15,7402.0,8857.2,5946.799999999999
2020-01-16,7535.8,9174.2,5897.4
2020-01-17,8115.2,9680.4,6550.0
2020-01-18,8011.05,9101.7,6920.4
2020-01-19,7375.75,8416.599999999999,6334.900000000001
2020-01-20,8177.200000000001,9632.7,6721.7
2020-01-21,8379.5,9824.5,6934.5
2020-01-22,8138.150000000001,9453.1,6823.200000000001
2020-01-23,7878.999999999999,9222.1,6535.9
2020-01-24,7569.1,8859.2,6279.0
2020-01-25,7185.75,8199.3,6172.2
2020-01-26,7118.699999999999,8208.599999999999,6028.8
2020-01-27,7622.1,9127.0,6117.200000000001
2020-01-28,7656.450000000001,9180.7,6132.200000000001
2020-01-29,7746.0,9213.9,6278.1
2020-01-30,7915.4,9317.9,6512.9
2020-01-31,7690.4,9019.9,6360.9
2020-02-01,7185.8,8220.5,6151.1
2020-02-02,7174.85,8335.0,6014.7
2020-02-03,7394.799999999999,8731.099999999999,6058.5
2020-02-04,7338.5,8751.9,5925.1
2020-02-05,7439.75,9011.7,5867.8
2020-02-06,7617.849999999999,9125.9,6109.799999999999
2020-02-07,7556.5,9039.8,6073.2
2020-02-08,7397.849999999999,8357.8,6437.9
2020-02-09,7286.700000000001,8300.2,6273.2
2020-02-10,7560.1500000000015,9104.9,6015.400000000001
2020-02-11,7375.0,8817.2,5932.8
2020-02-12,7460.25,8873.4,6047.099999999999
2020-02-13,7526.0,8959.5,6092.5
2020-02-14,7763.25,9342.2,6184.3
2020-02-15,7890.3,8784.0,6996.6
2020-02-16,7314.0,8146.9,6481.1
2020-02-17,7219.099999999999,8331.3,6106.9
2020-02-18,7521.799999999999,8917.3,6126.299999999999
2020-02-19,7344.75,8743.8,5945.7
2020-02-20,7746.700000000001,9179.2,6314.2
2020-02-21,7928.75,9120.0,6737.5
2020-02-22,7293.75,8035.5,6552.0
2020-02-23,7038.15,7939.5,6136.799999999999
2020-02-24,7236.25,8575.2,5897.299999999999
2020-02-25,7178.6,8582.2,5775.0
2020-02-26,7228.549999999999,8692.8,5764.3
2020-02-27,7483.5,9074.5,5892.5
2020-02-28,7683.8,8929.5,6438.1
2020-02-29,7518.35,8607.400000000001,6429.3
2020-03-01,7428.1,8271.5,6584.7
2020-03-02,7422.950000000001,8651.5,6194.400000000001
2020-03-03,7172.349999999999,8610.3,5734.4
2020-03-04,7109.650000000001,8468.1,5751.200000000001
2020-03-05,7183.2,8536.9,5829.5
2020-03-06,7328.650000000001,8762.400000000001,5894.9
2020-03-07,7025.85,7966.1,6085.6
2020-03-08,6896.15,7678.900000000001,6113.4
2020-03-09,6929.549999999999,8105.9,5753.2
2020-03-10,6860.65,8163.8,5557.5
2020-03-11,6804.95,8105.0,5504.9
2020-03-12,7020.9,8359.5,5682.3
2020-03-13,6996.5,8269.1,5723.9
2020-03-14,6582.05,7504.1,5660.0
2020-03-15,6517.05,7467.700000000001,5566.4
2020-03-16,7054.950000000001,8328.7,5781.2
2020-03-17,6946.65,8091.0,5802.299999999999
2020-03-18,6794.1,7908.2,5680.0
2020-03-19,6761.849999999999,7866.299999999999,5657.4
2020-03-20,6625.65,7689.7,5561.6
2020-03-21,6290.5,7228.0,5353.0
2020-03-22,6544.549999999999,7486.4,5602.7
2020-03-23,7015.900000000001,8270.2,5761.6
2020-03-24,6654.700000000001,7476.3,5833.1
2020-03-25,6671.65,7730.8,5612.5
2020-03-26,6523.549999999999,7339.799999999999,5707.3
2020-03-27,6218.349999999999,7035.299999999999,5401.4
2020-03-28,6275.15,7258.6,5291.7
2020-03-29,6290.799999999999,7227.2,5354.4
2020-03-30,6390.75,7360.200000000001,5421.3
2020-03-31,6434.299999999999,7412.4,5456.2
2020-04-01,6370.7,7186.299999999999,5555.1
2020-04-02,6342.85,7198.400000000001,5487.3
2020-04-03,6338.05,7275.3,5400.8
2020-04-04,6135.049999999999,6904.4,5365.7
2020-04-05,6046.55,6851.1,5242.0
2020-04-06,6098.549999999999,6944.7,5252.4
2020-04-07,6044.15,6898.8,5189.5
2020-04-08,6040.200000000001,6907.400000000001,5173.0
2020-04-09,6155.549999999999,7057.9,5253.2
2020-04-10,6332.950000000001,7235.1,5430.8
2020-04-11,6199.9,6902.099999999999,5497.7
2020-04-12,6019.4,6702.0,5336.8
2020-04-13,6204.25,7223.7,5184.8
2020-04-14,6141.35,6987.8,5294.9
2020-04-15,6187.6,7044.1,5331.1
2020-04-16,6307.299999999999,7198.7,5415.9
2020-04-17,6387.049999999999,7202.4,5571.7
2020-04-18,6245.15,7116.3,5374.0
2020-04-19,6145.65,6823.8,5467.5
2020-04-20,6092.75,6980.299999999999,5205.2
2020-04-21,6214.85,7122.0,5307.7
2020-04-22,6351.549999999999,7152.3,5550.799999999999
2020-04-23,6333.049999999999,7169.8,5496.299999999999
2020-04-24,6367.85,7277.3,5458.4
2020-04-25,6111.200000000001,6768.6,5453.8
2020-04-26,6154.4,7101.5,5207.299999999999
2020-04-27,6339.7,7262.099999999999,5417.3
2020-04-28,6214.8,6921.200000000001,5508.4
2020-04-29,6274.85,7239.1,5310.6
2020-04-30,6253.6,7144.200000000001,5363.0
2020-05-01,6096.0,6909.0,5283.0
2020-05-02,5967.45,6736.5,5198.4
2020-05-03,6026.35,6979.1,5073.6
2020-05-04,6126.799999999999,7007.599999999999,5246.0
2020-05-05,5984.75,6813.8,5155.7
2020-05-06,6126.200000000001,7070.700000000001,5181.7
2020-05-07,6076.65,6837.7,5315.6
2020-05-08,6133.35,7093.4,5173.3
2020-05-09,6286.799999999999,7073.3,5500.299999999999
2020-05-10,6031.6,6605.5,5457.7
2020-05-11,6073.549999999999,6952.599999999999,5194.5
2020-05-12,6107.5,6878.9,5336.1
2020-05-13,6076.15,6853.4,5298.9
2020-05-14,6068.35,6887.5,5249.2
2020-05-15,6414.4,7632.5,5196.3
2020-05-16,6389.9,7179.5,5600.3
2020-05-17,5968.450000000001,6767.700000000001,5169.2
2020-05-18,6051.05,6960.3,5141.8
2020-05-19,6000.35,6833.8,5166.9
2020-05-20,5968.75,6805.5,5132.0
2020-05-21,6004.2,6836.4,5172.0
2020-05-22,6257.9,7323.7,5192.1
2020-05-23,6195.85,6951.0,5440.700000000001
2020-05-24,5830.95,6585.5,5076.4
2020-05-25,6026.7,6883.4,5170.0
2020-05-26,6493.75,7696.700000000001,5290.8
2020-05-27,6706.8,7988.0,5425.6
2020-05-28,6942.099999999999,8230.3,5653.9
2020-05-29,7324.25,8803.0,5845.5
2020-05-30,7145.9,8269.6,6022.2
2020-05-31,6180.65,6910.6,5450.7
2020-06-01,6242.4,7247.5,5237.3
2020-06-02,6371.2,7420.9,5321.5
2020-06-03,7216.95,8921.3,5512.6
2020-06-04,7965.05,9825.6,6104.5
2020-06-05,8141.95,9720.8,6563.1
2020-06-06,8260.35,10010.7,6510.0
2020-06-07,6909.5,7887.900000000001,5931.1
2020-06-08,7388.299999999999,8996.3,5780.299999999999
2020-06-09,8259.25,10494.6,6023.9
2020-06-10,8949.6,11022.4,6876.8
2020-06-11,8615.7,10145.3,7086.1
2020-06-12,8617.6,10459.6,6775.6
2020-06-13,7149.25,8118.2,6180.3
2020-06-14,6506.35,7540.9,5471.8
2020-06-15,7100.5,8511.4,5689.6
2020-06-16,7241.0,8736.9,5745.1
2020-06-17,7493.35,9112.0,5874.7
2020-06-18,7908.05,9620.5,6195.6
2020-06-19,8410.75,10349.7,6471.799999999999
2020-06-20,8419.1,10178.0,6660.2
2020-06-21,8665.25,10542.5,6788.0
2020-06-22,10133.95,12819.8,7448.1
2020-06-23,10135.65,12457.4,7813.900000000001
2020-06-24,10116.1709,12141.4418,8090.9
2020-06-25,9451.23295,11411.548,7490.9179
2020-06-26,9473.3288,11580.0877,7366.5699
2020-06-27,8613.0625,10003.1565,7222.9685
2020-06-28,9485.76055,11640.9822,7330.5389
2020-06-29,10069.3311,12380.3217,7758.3405
2020-06-30,8996.7364,10612.3669,7381.1059
2020-07-01,9089.01685,11054.3868,7123.6469
2020-07-02,9820.86885,12574.8157,7066.9220000000005
2020-07-03,10285.1808,12382.9912,8187.3704
2020-07-04,8888.544600000001,10455.9707,7321.1185
2020-07-05,9582.3886,11793.3224,7371.454799999999
2020-07-06,10900.1518,13415.3757,8384.9279
2020-07-07,9738.94875,11630.5722,7847.3253
2020-07-08,10576.6922,12882.9878,8270.3966
2020-07-09,10913.29725,13484.4395,8342.155
2020-07-10,10020.4853,11293.7668,8747.2038
2020-07-11,9721.8656,11649.8335,7793.897699999999
2020-07-12,9646.83235,11712.4326,7581.2321
2020-07-13,10677.35555,13112.788099999998,8241.923
2020-07-14,10341.0168,12721.4368,7960.5968
2020-07-15,9781.5092,11592.3598,7970.6586
2020-07-16,9140.2276,10766.9591,7513.4961
2020-07-17,9413.10765,11676.2107,7150.0046
2020-07-18,10116.31775,12393.9314,7838.7041
2020-07-19,10747.675,13199.7403,8295.6097
2020-07-20,12523.806799999998,15350.0313,9697.5823
2020-07-21,11889.5985,14538.2847,9240.9123
2020-07-22,12239.16355,15160.4312,9317.8959
2020-07-23,11443.09845,14029.8023,8856.3946
2020-07-24,10151.63175,11403.9132,8899.3503
2020-07-25,10258.89785,12562.7581,7955.0376
2020-07-26,11014.886299999998,13282.1743,8747.5983
2020-07-27,12090.81025,15123.8192,9057.8013
2020-07-28,12815.8716,15555.0886,10076.6546
2020-07-29,12022.8923,14618.239,9427.5456
2020-07-30,11878.62135,14614.455,9142.7877
2020-07-31,10385.42335,11938.545,8832.3017
2020-08-01,10024.7876,12065.0802,7984.495000000001
2020-08-02,10795.708750000002,12916.3644,8675.053100000001
2020-08-03,11845.524,14132.6316,9558.4164
2020-08-04,10410.97965,12132.1626,8689.796699999999
2020-08-05,9941.52485,12279.6904,7603.3593
2020-08-06,9569.39435,11350.064,7788.7247
2020-08-07,9090.513599999998,10695.9628,7485.064399999999
2020-08-08,9005.5949,10638.7957,7372.394099999999
2020-08-09,9571.17435,11668.7278,7473.6209
2020-08-10,11505.38275,14375.1342,8635.6313
2020-08-11,11665.964,14083.590800000002,9248.3372
2020-08-12,11773.9695,14192.5935,9355.3455
2020-08-13,10381.92785,11783.1991,8980.6566
2020-08-14,10443.77,12612.2823,8275.2577
2020-08-15,9083.975,10476.4145,7691.5355
2020-08-16,7863.4311,8486.3842,7240.478
2020-08-17,8705.87325,10821.2433,6590.5032
2020-08-18,9111.3366,11268.527,6954.1462
2020-08-19,8665.99795,9972.1827,7359.8132
2020-08-20,8542.776,10472.5426,6613.0094
2020-08-21,9271.7363,11620.5514,6922.9212
2020-08-22,9800.2834,11833.509,7767.0578
2020-08-23,9845.53815,11795.0616,7896.0147
2020-08-24,11350.9321,14102.9613,8598.902900000001
2020-08-25,11460.80385,14170.5578,8751.0499
2020-08-26,9061.4039,10446.6424,7676.1654
2020-08-27,10471.00675,13711.705000000002,7230.308499999999
2020-08-28,10299.88455,12646.5045,7953.264599999999
2020-08-29,9400.7101,10832.8992,7968.521000000001
2020-08-30,8270.9025,9532.0952,7009.7098000000005
2020-08-31,8160.76475,9694.2698,6627.2597000000005
2020-09-01,8819.17825,10661.471,6976.8855
2020-09-02,9333.8716,11422.049,7245.6942
2020-09-03,10220.3183,12216.3672,8224.269400000001
2020-09-04,10081.35625,12289.8391,7872.873399999999
2020-09-05,8160.107750000001,9341.3355,6978.88
2020-09-06,8128.88895,9690.5942,6567.1837000000005
2020-09-07,8410.0592,9921.2698,6898.8486
2020-09-08,9505.375499999998,11901.5845,7109.166499999999
2020-09-09,9293.23355,11210.5368,7375.9303
2020-09-10,10183.3152,12454.3926,7912.2378
2020-09-11,9123.70685,10479.4916,7767.9221
2020-09-12,7254.01725,8108.8526,6399.1819
2020-09-13,7430.71605,8889.9519,5971.4802
2020-09-14,8254.464899999999,9656.783,6852.1468
2020-09-15,6914.55315,8130.84,5698.2663
2020-09-16,6990.9956,8446.6936,5535.2976
2020-09-17,7553.0891,9215.2243,5890.9539
2020-09-18,7310.624150000001,8394.4248,6226.8235
2020-09-19,6168.01205,6998.619500000001,5337.4046
2020-09-20,6099.6646,7013.0345,5186.2947
2020-09-21,6397.07085,7609.963900000001,5184.1778
2020-09-22,6539.837799999999,7828.7665,5250.9091
2020-09-23,7046.176299999999,8763.030999999999,5329.3216
2020-09-24,7135.056,8543.9924,5726.1196
2020-09-25,7394.2349,8954.6789,5833.7909
2020-09-26,7134.52985,8265.1685,6003.8912
2020-09-27,7653.1367,9118.7654,6187.508
2020-09-28,8410.68035,9947.7592,6873.6015
2020-09-29,8100.678800000001,9686.0626,6515.295
2020-09-30,7583.3335,8507.2623,6659.404699999999
2020-10-01,7059.21545,8449.0684,5669.362499999999
2020-10-02,6766.44405,7886.7253,5646.1628
2020-10-03,6233.65315,7134.648499999999,5332.6578
2020-10-04,6221.5536,7195.6438,5247.463400000001
2020-10-05,6599.6271,7902.340099999999,5296.9141
2020-10-06,6685.7705000000005,7960.3685,5411.172500000001
2020-10-07,6928.155,8397.0142,5459.2958
2020-10-08,6509.8222000000005,7679.4554,5340.189
2020-10-09,6505.373750000001,7762.2191,5248.5284
2020-10-10,6407.97505,7437.1455,5378.8046
2020-10-11,6444.7471000000005,7281.464900000001,5608.0293
2020-10-12,6606.21875,7901.8125,5310.625
2020-10-13,6630.54055,7934.2293,5326.8518
2020-10-14,6582.9795,7866.8209,5299.1381
2020-10-15,6676.42575,8033.8166,5319.0349
2020-10-16,6768.9804,7940.661599999999,5597.2992
2020-10-17,6203.06945,7091.084699999999,5315.0542000000005
2020-10-18,6204.246349999999,7142.4839,5266.0088
2020-10-19,6589.095949999999,7920.830099999999,5257.3618
2020-10-20,6738.2377,8146.921899999999,5329.5535
2020-10-21,6885.873100000001,8291.3256,5480.4206
2020-10-22,7026.1085,8405.9549,5646.2621
2020-10-23,6891.259499999999,8127.986999999999,5654.531999999999
2020-10-24,6396.76725,7275.4798,5518.0547
2020-10-25,6231.27075,7296.730399999999,5165.8111
2020-10-26,6656.6947,8054.8565,5258.5329
2020-10-27,6627.933649999999,7900.2597,5355.607599999999
2020-10-28,6644.41485,8007.079,5281.7507000000005
2020-10-29,6756.0477,8188.7739,5323.3215
2020-10-30,6850.6296,8260.7801,5440.4791000000005
2020-10-31,6626.69175,7487.3119,5766.0716
2020-11-01,8482.890500000001,11490.3375,5475.4435
2020-11-02,7102.53795,8652.770199999999,5552.3057
2020-11-03,7079.6494,8384.239,5775.0598
2020-11-04,6941.94825,8216.8375,5667.058999999999
2020-11-05,6817.6235,8186.9213,5448.3257
2020-11-06,6696.56735,8042.8869,5350.2478
2020-11-07,6308.5075,7309.660800000001,5307.3542
2020-11-08,6285.65945,7345.7287,5225.590200000001
2020-11-09,6777.8436,8286.6271,5269.060100000001
2020-11-10,6880.19485,8415.5511,5344.8386
2020-11-11,6958.7833,8487.2099,5430.3567
2020-11-12,6949.1359,8281.6223,5616.6495
2020-11-13,6786.413549999999,8204.6292,5368.1979
2020-11-14,6486.78235,7482.248299999999,5491.3164
2020-11-15,6521.5452000000005,7553.7266,5489.3638
2020-11-16,6808.68145,8291.9265,5325.4364
2020-11-17,7065.643250000001,8581.4369,5549.8496000000005
2020-11-18,7434.746849999999,9031.2012,5838.2925
2020-11-19,7410.3359,8722.1549,6098.5169000000005
2020-11-20,6918.3223,8137.1031,5699.541499999999
2020-11-21,6392.0371,7344.8806,5439.1936
2020-11-22,6492.21965,7636.5836,5347.8557
2020-11-23,6892.9477,8458.2328,5327.6626
2020-11-24,7054.8334,8475.1615,5634.5053
2020-11-25,6896.00165,8192.9358,5599.0675
2020-11-26,6379.7476,7307.927599999999,5451.5676
2020-11-27,6523.81665,7706.5944,5341.0389
2020-11-28,6443.9216,7514.662,5373.1812
2020-11-29,6550.5626,7633.3917,5467.7335
2020-11-30,6968.35535,8482.3122,5454.3985
2020-12-01,6965.954750000001,8530.154,5401.7555
2020-12-02,7323.7416,8886.0586,5761.4246
2020-12-03,7312.24635,8725.1298,5899.3629
2020-12-04,7128.128500000001,8581.708200000001,5674.5488
2020-12-05,6890.34795,8157.1149,5623.581
2020-12-06,7101.8861,8369.7778,5833.9944000000005
2020-12-07,7613.3048,9162.888,6063.7216
2020-12-08,7782.3696,9417.2656,6147.473599999999
2020-12-09,7855.75985,9443.6697,6267.85
2020-12-10,7513.62625,8921.3608,6105.8917
2020-12-11,7307.6549,8608.0195,6007.290300000001
2020-12-12,6843.1858,7944.8554,5741.5162
2020-12-13,6678.16765,7830.895,5525.4403
2020-12-14,7375.19315,9128.704,5621.6823
2020-12-15,7645.238899999999,9175.5441,6114.9337
2020-12-16,8102.190549999999,9831.3177,6373.0634
2020-12-17,8114.77815,9625.4671,6604.0892
2020-12-18,8129.4857,9609.5494,6649.4220000000005
2020-12-19,7813.675950000001,8857.052800000001,6770.2991
2020-12-20,7537.04635,8725.3754,6348.717299999999
2020-12-21,7662.63345,9120.1707,6205.0962
2020-12-22,7579.184149999999,9067.8682,6090.5001
2020-12-23,7527.87355,8932.7029,6123.0442
2020-12-24,7163.69385,8343.6606,5983.7271
2020-12-25,6671.33085,7738.9278,5603.7339
2020-12-26,7456.76875,8670.4925,6243.045
2020-12-27,7462.79475,8503.0041,6422.5854
2020-12-28,7468.93335,8727.6939,6210.1728
2020-12-29,7578.307199999999,9162.6698,5993.9446
2020-12-30,7715.964599999999,9036.8871,6395.0421
2020-12-31,7335.0589,8733.3374,5936.7804
2021-01-01,7166.01015,8205.5288,6126.4915
2021-01-02,6969.328350000001,8019.404700000001,5919.252
2021-01-03,7215.88335,8479.4023,5952.3644
2021-01-04,7483.924,8933.9798,6033.868200000001
2021-01-05,7516.26375,8985.1786,6047.3489
2021-01-06,7562.144549999999,9075.9903,6048.2988
2021-01-07,7610.91525,9019.3675,6202.463000000001
2021-01-08,7686.26595,9068.4797,6304.0522
2021-01-09,7462.88495,8470.776399999999,6454.9935
2021-01-10,7291.08275,8336.4344,6245.731100000001
2021-01-11,7762.82485,9210.4393,6315.2104
2021-01-12,7601.610199999999,8905.5623,6297.6581
2021-01-13,7517.3218,8915.137999999999,6119.5056
2021-01-14,7320.616,8624.5486,6016.6834
2021-01-15,7315.35715,8693.5196,5937.1947
2021-01-16,6991.01435,7952.340099999999,6029.6886
2021-01-17,6977.3829,7986.173199999999,5968.5926
2021-01-18,7193.44155,8515.2433,5871.6398
2021-01-19,7469.72365,8914.1014,6025.3459
2021-01-20,7585.59895,9119.0633,6052.1346
2021-01-21,7642.7801,8909.9188,6375.6414
2021-01-22,7372.62045,8645.5488,6099.6921
2021-01-23,7477.9531,8736.3859,6219.5203
2021-01-24,7686.175099999999,8777.9376,6594.4126
2021-01-25,7904.6949,9254.8299,6554.5599
2021-01-26,7821.962500000001,9338.1977,6305.7273000000005
2021-01-27,7698.2822,9162.1021,6234.462299999999
2021-01-28,7977.0305,9554.2253,6399.8357
2021-01-29,8441.118,9906.0122,6976.2238
2021-01-30,8111.021500000001,8993.3119,7228.7311
2021-01-31,8051.88525,9246.3855,6857.385
2021-02-01,8106.01455,9317.3446,6894.6845
2021-02-02,7983.203100000001,9349.5064,6616.8998
2021-02-03,7985.038100000001,9336.7321,6633.3441
2021-02-04,7761.77015,8973.0383,6550.502
2021-02-05,7463.1281,8602.8613,6323.394899999999
2021-02-06,7237.952450000001,8192.8106,6283.0943
2021-02-07,7432.913,8721.7662,6144.059799999999
2021-02-08,8134.386899999999,9519.4759,6749.2979
2021-02-09,8093.2576,9441.77,6744.745199999999
2021-02-10,7962.9606,9246.8515,6679.0697
2021-02-11,7982.9142,9362.314,6603.5144
2021-02-12,8042.45145,9306.6455,6778.2574
2021-02-13,7748.063999999999,8841.786399999999,6654.3416
2021-02-14,7433.2337,8350.3775,6516.089899999999
2021-02-15,7576.071400000001,8818.3647,6333.7781
2021-02-16,7461.2723,8592.5285,6330.016100000001
2021-02-17,7797.9308,9187.9092,6407.9524
2021-02-18,8014.73535,9434.1139,6595.3568
2021-02-19,7946.05765,9203.304,6688.811299999999
2021-02-20,7568.157749999999,8608.4821,6527.8334
2021-02-21,7565.1924,8498.5578,6631.827
2021-02-22,7781.08005,9117.9394,6444.2207
2021-02-23,7561.601549999999,8803.2658,6319.9373000000005
2021-02-24,7282.25915,8472.4596,6092.0587000000005
2021-02-25,7155.347,8428.3405,5882.3535
2021-02-26,7238.31395,8411.8228,6064.8051
2021-02-27,6854.96775,7745.229499999999,5964.706
2021-02-28,6900.82095,8010.0689,5791.573
2021-03-01,7236.6392,8616.7472,5856.5312
2021-03-02,7855.98145,9178.3027,6533.6602
2021-03-03,7395.4427,8394.687,6396.1984
2021-03-04,7360.823299999999,8798.258399999999,5923.388199999999
2021-03-05,7689.517099999999,8852.326,6526.7082
2021-03-06,7351.3848,8367.9389,6334.8307
2021-03-07,7235.208,8112.0997,6358.3163
2021-03-08,7480.310399999999,8629.1403,6331.4805
2021-03-09,7003.839599999999,7984.3457,6023.3335
2021-03-10,6915.12455,8139.6085,5690.6406
2021-03-11,6743.3256,7843.222299999999,5643.4289
2021-03-12,6519.98135,7590.5113,5449.4514
2021-03-13,6506.6505,7429.3468,5583.9542
2021-03-14,6652.93555,7643.191,5662.6801
2021-03-15,7355.55205,8550.631000000001,6160.4731
2021-03-16,7452.698350000001,8657.8344,6247.5623000000005
2021-03-17,7121.41365,8152.9153,6089.912
2021-03-18,7052.291450000001,8354.9896,5749.5933
2021-03-19,7012.3575,8126.3751,5898.339900000001
2021-03-20,6685.10665,7257.299199999999,6112.9141
2021-03-21,6428.816900000001,7145.133900000001,5712.499900000001
2021-03-22,6626.5279,7639.4451,5613.6107
2021-03-23,6518.1623,7514.349400000001,5521.9752
2021-03-24,6659.3716,7880.9497,5437.7935
2021-03-25,6489.35565,7537.1858,5441.5255
2021-03-26,6447.0345,7555.3933,5338.6757
2021-03-27,6011.99525,6785.5615,5238.429
2021-03-28,6127.3683,7056.543000000001,5198.1936
2021-03-29,6385.34655,7420.8625,5349.8306
2021-03-30,6447.365750000001,7386.974700000001,5507.7568
2021-03-31,6452.8653,7527.200000000001,5378.5306
2021-04-01,6472.3047,7598.1828,5346.4266
2021-04-02,6769.34405,7847.241599999999,5691.4465
2021-04-03,6541.9178,7155.9188,5927.9168
2021-04-04,6167.47255,6801.5863,5533.3588
2021-04-05,6336.154,7315.8667,5356.4413
2021-04-06,6288.00745,7288.2636,5287.7513
2021-04-07,6265.423699999999,7287.4779,5243.3695
2021-04-08,6257.366400000001,7267.9503,5246.7825
2021-04-09,6266.5264,7309.3223,5223.7305
2021-04-10,6053.8355,6826.9854,5280.685600000001
2021-04-11,6119.34935,7117.5495,5121.1492
2021-04-12,6554.244650000001,7822.0506,5286.4387
2021-04-13,6367.8822,7307.922500000001,5427.841899999999
2021-04-14,6368.62165,7417.6683,5319.575
2021-04-15,6516.9591,7815.3904,5218.5278
2021-04-16,6445.0926500000005,7493.5274,5396.6579
2021-04-17,6183.25545,6907.465099999999,5459.0458
2021-04-18,6063.32375,6858.7435,5267.904
2021-04-19,6223.5962500000005,7236.3165,5210.876
2021-04-20,6270.7538,7302.0182,5239.4894
2021-04-21,6326.773950000001,7466.120800000001,5187.4271
2021-04-22,6573.03455,7615.3475,5530.721600000001
2021-04-23,6362.91865,7159.552299999999,5566.285
2021-04-24,6023.610350000001,6740.879500000001,5306.3412
2021-04-25,5987.55335,6833.944,5141.1627
2021-04-26,6258.865049999999,7280.891299999999,5236.8388
2021-04-27,6283.62715,7261.834299999999,5305.42
2021-04-28,6433.1207,7633.186799999999,5233.0546
2021-04-29,6571.78815,7843.097400000001,5300.4789
2021-04-30,6375.9367,7279.0526,5472.8208
2021-05-01,6044.769899999999,6731.481,5358.0588
2021-05-02,6146.417950000001,7171.989600000001,5120.8463
2021-05-03,6474.499449999999,7612.9334,5336.0655
2021-05-04,6455.343849999999,7639.0916,5271.5961
2021-05-05,6413.7564,7571.6971,5255.8157
2021-05-06,6285.02585,7284.914500000001,5285.1372
2021-05-07,6186.07435,7133.4859,5238.6628
2021-05-08,6022.7034,6830.5644,5214.8424
2021-05-09,6009.02165,6798.558499999999,5219.4848
2021-05-10,6306.6666000000005,7385.9084,5227.4248
2021-05-11,6347.5164,7434.193099999999,5260.8397
2021-05-12,6267.59425,7317.1035,5218.085
2021-05-13,6310.2478,7369.6979,5250.7977
2021-05-14,6423.8825,7594.097099999999,5253.6679
2021-05-15,6128.129349999999,6972.7666,5283.4921
2021-05-16,6172.996749999999,7081.618699999999,5264.3748
2021-05-17,6724.396849999999,8078.0004,5370.793299999999
2021-05-18,7095.4084,8716.1571,5474.6597
2021-05-19,7847.62095,9879.4884,5815.7535
2021-05-20,7190.2398,8534.8927,5845.5869
2021-05-21,7106.69095,8556.382300000001,5656.9996
2021-05-22,7652.81745,9436.2434,5869.3915
2021-05-23,8677.32645,10723.7441,6630.9088
2021-05-24,7283.315200000001,8103.0344,6463.5960000000005
2021-05-25,7037.0638,8518.5707,5555.5569
2021-05-26,8330.1971,10736.3919,5924.0023
2021-05-27,8541.06875,10474.0072,6608.130300000001
2021-05-28,6984.224200000001,7969.903200000001,5998.5452000000005
2021-05-29,6152.7345000000005,6968.3613000000005,5337.1077
2021-05-30,6132.08415,6987.008,5277.1603
2021-05-31,6124.4897,6941.2531,5307.7263
2021-06-01,6717.79155,8158.809499999999,5276.7736
2021-06-02,6971.0496,8416.2443,5525.8549
2021-06-03,7120.3228,8648.2404,5592.4052
2021-06-04,7674.5534,9322.5397,6026.5671
2021-06-05,8314.296750000001,10571.2427,6057.3508
2021-06-06,9375.4265,11635.2006,7115.6524
2021-06-07,10464.1854,13021.3891,7906.9817
2021-06-08,10810.64235,13538.1888,8083.0959
2021-06-09,10936.1355,13921.0545,7951.2165
2021-06-10,9456.1791,11163.1779,7749.1803
2021-06-11,7595.560049999999,8822.573499999999,6368.5466
2021-06-12,6901.10235,7598.198700000001,6204.005999999999
2021-06-13,6844.10495,7998.6811,5689.5288
2021-06-14,7649.49705,9188.2389,6110.7552000000005
2021-06-15,8411.074,10396.0099,6426.1381
2021-06-16,7944.54865,9672.561,6216.5363
2021-06-17,7768.47425,9622.3443,5914.6042
2021-06-18,8247.68405,10353.811,6141.5571
2021-06-19,8976.23055,11226.1029,6726.3582
2021-06-20,8817.043699999998,11007.6141,6626.4733
2021-06-21,10484.2804,12868.0195,8100.541300000001
2021-06-22,9107.18195,11134.3275,7080.0364
2021-06-23,7546.36845,9201.0508,5891.6861
2021-06-24,7757.4022,9496.8706,6017.9338
2021-06-25,8133.8486,10012.6928,6255.0044
2021-06-26,8775.21895,10664.4676,6885.9703
2021-06-27,9589.6943,11713.094,7466.2946
2021-06-28,11382.3092,14397.5213,8367.097099999999
2021-06-29,12113.680799999998,15139.3288,9088.0328
2021-06-30,12529.34625,15312.8065,9745.886
2021-07-01,11090.99725,13014.2333,9167.7612
2021-07-02,9524.6071,11019.8333,8029.3809
2021-07-03,7118.6576000000005,7766.992700000001,6470.3225
2021-07-04,7023.15665,8216.8648,5829.4485
2021-07-05,8487.2998,10474.4498,6500.1498
2021-07-06,10890.346,14118.3979,7662.2941
2021-07-07,11353.828,14655.0184,8052.6376
2021-07-08,11008.35475,13116.6244,8900.0851
2021-07-09,10426.61635,12653.8305,8199.4022
2021-07-10,9154.6649,10572.1411,7737.188700000001
2021-07-11,8814.75595,10207.2049,7422.307
2021-07-12,10524.7131,12995.584,8053.8422
2021-07-13,9120.0433,10567.1382,7672.948399999999
2021-07-14,10304.45055,13253.4718,7355.4293
2021-07-15,11016.4737,13898.9952,8133.9522
2021-07-16,11888.6915,14708.1161,9069.2669
2021-07-17,11226.29695,13336.5449,9116.049
2021-07-18,10051.9697,11657.6712,8446.2682
2021-07-19,9944.37,11742.7281,8146.011899999999
2021-07-20,10587.74725,13244.9473,7930.547200000001
2021-07-21,10148.5306,11966.1783,8330.8829
2021-07-22,9315.6026,11354.697,7276.5082
2021-07-23,9181.70965,11259.9545,7103.4648
2021-07-24,8704.34685,10365.7661,7042.9276
2021-07-25,9047.11225,10790.7889,7303.4356
2021-07-26,10799.86495,13457.4261,8142.3038
2021-07-27,10737.5835,13389.7425,8085.424499999999
2021-07-28,10104.28355,12065.5128,8143.0543
2021-07-29,9522.475,11291.4921,7753.4579
2021-07-30,9600.46345,11501.4543,7699.472599999999
2021-07-31,7732.3871,9070.3955,6394.3787
2021-08-01,7781.17735,9026.475,6535.8797
2021-08-02,8722.75245,10664.7748,6780.7301
2021-08-03,8412.90915,10094.4796,6731.3387
2021-08-04,8279.6208,9728.6173,6830.6243
2021-08-05,8714.2724,10645.8559,6782.6889
2021-08-06,9797.654,12476.0818,7119.2262
2021-08-07,9395.42355,11231.1404,7559.7067
2021-08-08,8152.7723,8964.0258,7341.5188
2021-08-09,9055.24675,10955.5468,7154.9467
2021-08-10,10121.408,12747.023,7495.793
2021-08-11,11268.74535,14365.808,8171.682699999999
2021-08-12,11891.5153,15034.6617,8748.3689
2021-08-13,12251.0947,14994.2629,9507.9265
2021-08-14,11420.84085,13323.548600000002,9518.1331
2021-08-15,9285.4747,10808.7496,7762.199799999999
2021-08-16,9688.7806,11660.4262,7717.135
2021-08-17,9806.2983,11839.2859,7773.3107
2021-08-18,10256.7128,12477.4485,8035.9771
2021-08-19,11188.0652,13326.5181,9049.6123
2021-08-20,10402.75095,12330.6594,8474.8425
2021-08-21,9702.87065,11249.8179,8155.923400000001
2021-08-22,8953.20465,9604.4887,8301.9206
2021-08-23,9749.9526,11886.4731,7613.4321
2021-08-24,10826.49945,13825.1911,7827.8078
2021-08-25,11327.52695,14317.8057,8337.2482
2021-08-26,12041.395,15061.1308,9021.6592
2021-08-27,12292.4434,15091.2186,9493.6682
2021-08-28,9221.48335,10449.737,7993.2297
2021-08-29,8174.16505,9521.4528,6826.8773
2021-08-30,10430.3279,13215.0735,7645.5823
2021-08-31,10541.27885,12640.089,8442.4687
2021-09-01,9263.4635,10412.4452,8114.4818
2021-09-02,8101.54995,9606.6702,6596.4297
2021-09-03,7652.4023,9173.5644,6131.2402
2021-09-04,7486.8528,8909.7334,6063.9722
2021-09-05,7526.46945,8680.2595,6372.6794
2021-09-06,8472.5081,10096.4851,6848.5311
2021-09-07,8766.55285,10752.4251,6780.6806
2021-09-08,9640.5825,12060.9925,7220.1725
2021-09-09,8999.1733,10286.6332,7711.713400000001
2021-09-10,8076.40275,9494.1288,6658.6767
2021-09-11,7451.00105,8845.4681,6056.534
2021-09-12,8300.8001,10183.307,6418.2932
2021-09-13,10093.5578,12566.8088,7620.3068
2021-09-14,9306.11595,11173.7681,7438.4638
2021-09-15,10341.413600000002,13005.221700000002,7677.605500000001
2021-09-16,9293.2671,10711.5794,7874.954799999999
2021-09-17,8922.9882,10392.6438,7453.3326
2021-09-18,9028.59435,10960.9693,7096.2194
2021-09-19,8006.0441,9142.1492,6869.939
2021-09-20,8187.7406,9894.7235,6480.7577
2021-09-21,8166.352800000001,10056.1372,6276.5684
2021-09-22,9259.6459,11315.5015,7203.790300000001
2021-09-23,9592.7245,11571.6396,7613.8094
2021-09-24,7942.9811,9281.8277,6604.1345
2021-09-25,7141.5984,8384.309,5898.8878
2021-09-26,6882.641949999999,7855.7469,5909.536999999999
2021-09-27,7634.33415,9509.8184,5758.849899999999
2021-09-28,7767.61205,9279.9594,6255.2647
2021-09-29,6964.3567,8219.9465,5708.7669
2021-09-30,6726.06395,7937.7055,5514.4224
2021-10-01,6628.6175,7931.8019,5325.4331
2021-10-02,6533.9017,7675.728300000001,5392.0751
2021-10-03,7055.62425,8502.7022,5608.5463
2021-10-04,7769.3361,9163.5457,6375.126499999999
2021-10-05,7079.727849999999,8351.9514,5807.5043
2021-10-06,7127.41395,8588.5996,5666.228300000001
2021-10-07,7435.7304,9085.8118,5785.649
2021-10-08,7532.7796,9155.8367,5909.7225
2021-10-09,6688.16,7539.2369,5837.0831
2021-10-10,6566.29945,7558.1269,5574.472
2021-10-11,7038.80215,8461.5883,5616.016
2021-10-12,7167.38515,8638.5787,5696.1916
2021-10-13,7210.23985,8670.2611,5750.2186
2021-10-14,7612.6514,9365.0638,5860.239
2021-10-15,7818.32555,9643.3442,5993.3069
2021-10-16,7373.144099999999,8456.2617,6290.0265
2021-10-17,6338.3423,7202.6164,5474.0682
2021-10-18,6542.54,7872.7238,5212.3562
2021-10-19,6636.299999999999,7978.129699999999,5294.4703
2021-10-20,6823.6344,8384.5133,5262.755499999999
2021-10-21,7010.8976,8568.3148,5453.4804
2021-10-22,6943.4558,8208.385699999999,5678.5259
2021-10-23,6241.8822,7115.4884,5368.276
2021-10-24,6181.52715,7173.3366000000005,5189.717699999999
2021-10-25,6937.264300000001,8529.9647,5344.5639
2021-10-26,6849.48255,8211.6564,5487.3087
2021-10-27,6705.34455,8026.666,5384.0231
2021-10-28,6651.37865,7988.993399999999,5313.7639
2021-10-29,6601.28835,7874.1711,5328.4056
2021-10-30,6392.29305,7300.3066,5484.279500000001
2021-10-31,6257.0497,7151.2076,5362.8918
2021-11-01,6565.19285,7854.6597,5275.726000000001
2021-11-02,6726.8067,8040.0072,5413.6062
2021-11-03,6783.0574,8146.4136,5419.7012
2021-11-04,6849.5918,8211.4493,5487.7343
2021-11-05,6812.43,8071.8402,5553.0198
2021-11-06,6527.28645,7309.4484,5745.1245
2021-11-07,8589.77315,11695.8493,5483.697
2021-11-08,6789.818300000001,8142.806500000001,5436.8301
2021-11-09,6853.40545,8313.1097,5393.7012
2021-11-10,6755.54605,8166.7019,5344.3902
2021-11-11,6775.90925,8151.3231,5400.4954
2021-11-12,6773.23455,8168.5081,5377.961
2021-11-13,6470.5895,7394.7788,5546.4002
2021-11-14,6601.97325,7569.8734,5634.0731
2021-11-15,7137.26245,8624.990600000001,5649.534299999999
2021-11-16,7187.59595,8597.1373,5778.0546
2021-11-17,7120.91335,8466.7515,5775.075199999999
2021-11-18,6938.138499999999,8351.8553,5524.4217
2021-11-19,6985.3716,8479.2795,5491.4637
2021-11-20,6797.8791,7764.651400000001,5831.1068
2021-11-21,6625.6476,7640.344800000001,5610.9504
2021-11-22,7022.29375,8580.0747,5464.5128
2021-11-23,7429.518050000001,8920.826500000001,5938.209599999999
2021-11-24,7421.19945,8662.749,6179.649899999999
2021-11-25,6572.91425,7244.3285,5901.5
2021-11-26,6893.4814,8225.0525,5561.9103
2021-11-27,7021.744199999999,8076.7917,5966.6967
2021-11-28,7068.55685,8158.9803,5978.1334
2021-11-29,7482.96395,9055.9325,5909.9954
2021-11-30,7676.115299999999,9141.8141,6210.4165
2021-12-01,7423.411,8845.913199999999,6000.9088
2021-12-02,7228.994900000001,8650.308,5807.6818
2021-12-03,7181.821,8657.7264,5705.9156
2021-12-04,7039.5221,7982.8886,6096.1556
2021-12-05,6922.570250000001,8011.0339,5834.1066
2021-12-06,7242.65445,8650.8892,5834.4197
2021-12-07,7401.235100000001,9020.5508,5781.919400000001
2021-12-08,7554.40825,9134.9334,5973.8831
2021-12-09,7704.89825,9239.2405,6170.556
2021-12-10,7380.15405,8691.8825,6068.4256000000005
2021-12-11,6809.852449999999,7851.441699999999,5768.263199999999
2021-12-12,6860.8655,8004.0988,5717.6322
2021-12-13,7317.02635,8784.1774,5849.875300000001
2021-12-14,7358.4842,8743.7343,5973.2341
2021-12-15,7399.984050000001,8747.120200000001,6052.847900000001
2021-12-16,7141.231650000001,8558.1882,5724.275100000001
2021-12-17,6935.75605,8313.4263,5558.0858
2021-12-18,6951.1397,8102.3243,5799.955099999999
2021-12-19,7126.168900000001,8476.693500000001,5775.6443
2021-12-20,7834.2582,9326.9067,6341.6097
2021-12-21,7717.22485,9112.345,6322.1047
2021-12-22,7467.1608,8995.5237,5938.7979
2021-12-23,7722.01905,9125.5284,6318.5097000000005
2021-12-24,7388.3575,8477.712599999999,6299.0024
2021-12-25,6828.4349,7610.4473,6046.4225
2021-12-26,6832.802299999999,7952.3579,5713.2467
2021-12-27,7479.39765,8958.5885,6000.2068
2021-12-28,7362.3092,8706.5128,6018.1056
2021-12-29,7296.87825,8713.0705,5880.686
2021-12-30,7141.7544,8457.257,5826.2518
2021-12-31,6934.6324,8140.5848,5728.68
2022-01-01,6571.5196,7551.1176,5591.9216
2022-01-02,6627.62735,7813.633,5441.6217
2022-01-03,7723.48985,9577.7616,5869.2181
2022-01-04,8109.1399,9464.4527,6753.8271
2022-01-05,7714.23835,9017.6096,6410.8671
2022-01-06,7576.51255,9126.2497,6026.7754
2022-01-07,7918.57755,9386.1353,6451.0198
2022-01-08,7852.24175,8905.3325,6799.151
2022-01-09,7581.98705,8608.4394,6555.5347
2022-01-10,7938.51025,9652.3407,6224.6798
2022-01-11,8614.0626,10216.7143,7011.4109
2022-01-12,8305.061150000001,9419.9416,7190.180700000001
2022-01-13,7733.72135,8951.6535,6515.7892
2022-01-14,7603.739799999999,9078.836,6128.6436
2022-01-15,8320.85875,9566.6305,7075.087
2022-01-16,8305.06415,9226.6098,7383.5185
2022-01-17,7898.235699999999,9245.622899999998,6550.8485
2022-01-18,8050.336099999999,9480.4033,6620.268899999999
2022-01-19,7815.8782,8965.7927,6665.9637
2022-01-20,7735.3112,9384.4244,6086.197999999999
2022-01-21,8547.650399999999,10012.1739,7083.126899999999
2022-01-22,8192.006099999999,9053.5242,7330.487999999999
2022-01-23,7832.348,8750.583700000001,6914.1123
2022-01-24,8011.2017,9476.2676,6546.1358
2022-01-25,7773.329299999999,9150.0484,6396.6102
2022-01-26,8290.48195,9802.1047,6778.8592
2022-01-27,8405.73375,9634.4,7177.067500000001
2022-01-28,8085.33035,9448.7393,6721.9214
2022-01-29,8313.377499999999,9654.4749,6972.2801
2022-01-30,8483.7253,9511.8295,7455.6211
2022-01-31,8490.2394,9815.0014,7165.4774
2022-02-01,8257.18575,9420.9636,7093.4079
2022-02-02,7817.0263,9021.2335,6612.819100000001
2022-02-03,7548.0783,8908.4329,6187.7237000000005
2022-02-04,7653.58345,9308.7929,5998.374000000001
2022-02-05,7943.436949999999,9122.6652,6764.2087
2022-02-06,8051.08425,8971.7791,7130.3894
2022-02-07,7994.3177,9369.189,6619.446400000001
2022-02-08,7702.48865,9045.9688,6359.0085
2022-02-09,7684.01195,8872.6268,6495.3971
2022-02-10,7389.81395,8525.3932,6254.2347
2022-02-11,7155.773,8278.2246,6033.321400000001
2022-02-12,6693.586,7571.2988,5815.8732
2022-02-13,7230.65075,8572.8238,5888.4777
2022-02-14,8273.73405,9827.0242,6720.4439
2022-02-15,8430.48195,9670.7238,7190.2401
2022-02-16,7884.83445,8903.6823,6865.9866
2022-02-17,7170.0451,8299.9228,6040.1674
2022-02-18,7182.31075,8581.175,5783.4465
2022-02-19,7439.9383,8470.5568,6409.3198
2022-02-20,7505.15955,8273.7447,6736.5744
2022-02-21,7188.93775,8055.575,6322.3005
2022-02-22,7201.2358,8446.743999999999,5955.7276
2022-02-23,6847.41965,7998.5682,5696.2711
2022-02-24,7494.3544,8961.2281,6027.4807
2022-02-25,7670.46365,8889.8354,6451.091899999999
2022-02-26,7493.3537,8285.889,6700.8184
2022-02-27,7241.29755,8037.3001,6445.295
2022-02-28,7715.00945,9074.772,6355.2469
2022-03-01,7610.243300000001,8761.079300000001,6459.407300000001
2022-03-02,7170.239149999999,8371.6841,5968.794199999999
2022-03-03,7291.43555,8724.5491,5858.322
2022-03-04,7688.7361,8789.296699999999,6588.1755
2022-03-05,7160.48085,7906.6307,6414.331
2022-03-06,6658.64365,7513.3311,5803.9562000000005
2022-03-07,6840.2439,8161.110699999999,5519.3771
2022-03-08,6966.8138,8365.5339,5568.093699999999
2022-03-09,7389.07955,8936.2971,5841.862
2022-03-10,7280.260700000001,8422.447400000001,6138.0740000000005
2022-03-11,7038.49505,8081.8394,5995.1507
2022-03-12,7142.838750000001,8584.936300000001,5700.7412
2022-03-13,7546.66115,8346.5312,6746.7911
2022-03-14,7161.973599999999,8074.9136,6249.0336
2022-03-15,6749.817149999999,7743.0498,5756.584499999999
2022-03-16,6594.0566,7702.241099999999,5485.8721000000005
2022-03-17,6743.59575,7982.6792,5504.5123
2022-03-18,6514.4658500000005,7506.1311,5522.8006000000005
2022-03-19,6261.992050000001,7083.055700000001,5440.9284
2022-03-20,6229.156650000001,7140.2651000000005,5318.0482
2022-03-21,6537.8032,7611.4915,5464.1149000000005
2022-03-22,6542.630450000001,7672.3862,5412.8747
2022-03-23,6826.9439,8079.6796,5574.2082
2022-03-24,7005.61715,8222.7181,5788.5162
2022-03-25,6660.74055,7602.227800000001,5719.2533
2022-03-26,6342.96775,7161.1972,5524.7383
2022-03-27,6625.1475,7652.1798,5598.1152
2022-03-28,7582.6756,8936.5414,6228.8098
2022-03-29,7658.99345,8622.6865,6695.3004
2022-03-30,7347.5045,8309.7127,6385.2963
2022-03-31,6867.25065,7913.7137,5820.7876
2022-04-01,6627.902599999999,7718.7548,5537.0504
2022-04-02,6459.2379,7165.38,5753.0958
2022-04-03,6499.9074,7432.7641,5567.0507
2022-04-04,6767.387000000001,7793.3147,5741.4593
2022-04-05,6783.4864,7909.5849,5657.3879
2022-04-06,6831.1259,8075.5453,5586.7065
2022-04-07,6986.118350000001,8372.8475,5599.3892000000005
2022-04-08,6487.7498,7348.339599999999,5627.16
2022-04-09,6230.36875,7039.2424,5421.4951
2022-04-10,6391.685750000001,7359.793900000001,5423.5776
2022-04-11,6648.907,7639.431,5658.383
2022-04-12,6568.10835,7653.864,5482.3527
2022-04-13,6518.8228500000005,7645.2263,5392.4194
2022-04-14,6811.2709,8269.0192,5353.5226
2022-04-15,6256.88365,7139.9593,5373.808
2022-04-16,6059.704250000001,6843.7149,5275.6936000000005
2022-04-17,6046.8306,6830.717000000001,5262.9442
2022-04-18,6610.426149999999,7759.2626,5461.5897
2022-04-19,6633.8772,7666.0427,5601.7117
2022-04-20,6523.79945,7387.044,5660.5549
2022-04-21,6533.31875,7560.6064,5506.0311
2022-04-22,6296.1488,7138.5409,5453.7567
2022-04-23,5985.8019,6715.1514,5256.4524
2022-04-24,6017.4815,6868.511,5166.451999999999
2022-04-25,6355.92945,7459.7603,5252.0986
2022-04-26,6425.89185,7593.6566,5258.1271
2022-04-27,6383.5743,7473.8248,5293.3238
2022-04-28,6497.3501,7486.676899999999,5508.0233
2022-04-29,6357.9522,7202.75,5513.154399999999
2022-04-30,6073.81825,6751.063300000001,5396.5732
2022-05-01,6021.35615,6818.8707,5223.8416
2022-05-02,6446.859549999999,7708.8838,5184.8353
2022-05-03,6386.33455,7460.0289,5312.6402
2022-05-04,6471.53155,7635.3099,5307.7532
2022-05-05,6419.23285,7554.2416,5284.2241
2022-05-06,6405.88855,7546.1329,5265.6442
2022-05-07,6261.7016,7199.3581,5324.0451
2022-05-08,6148.7713,6916.7314,5380.8112
2022-05-09,6331.62385,7323.6251,5339.6226
2022-05-10,6375.8937000000005,7447.827,5303.9604
2022-05-11,6465.237999999999,7689.4185,5241.0575
2022-05-12,6662.14785,8044.618,5279.6777
2022-05-13,6813.5695,8159.798699999999,5467.3403
2022-05-14,6484.2409,7493.2307,5475.2511
2022-05-15,6554.0161,7699.140499999999,5408.8917
2022-05-16,7243.37045,8771.0117,5715.729200000001
2022-05-17,6959.15255,8420.7312,5497.573899999999
2022-05-18,6740.75045,8070.810299999999,5410.6906
2022-05-19,6600.91915,7748.6873,5453.151
2022-05-20,6753.09335,8134.6985,5371.4882
2022-05-21,7569.20125,9561.0099,5577.3926
2022-05-22,8524.54065,10464.96,6584.1213
2022-05-23,7896.974099999999,9115.6037,6678.3445
2022-05-24,7037.4765,8218.0206,5856.9324
2022-05-25,6773.637,8078.4949,5468.7791
2022-05-26,6819.038500000001,8235.8333,5402.2437
2022-05-27,7610.518499999999,9399.3775,5821.6595
2022-05-28,7008.6988,7990.9558,6026.4418
2022-05-29,6848.757100000001,8030.328,5667.1862
2022-05-30,7838.76815,9784.1731,5893.363200000001
2022-05-31,10322.6365,13440.62,7204.653
2022-06-01,7777.75685,8897.5478,6657.965899999999
2022-06-02,8239.9644,10515.7144,5964.2144
2022-06-03,8011.5574,9644.5427,6378.572099999999
2022-06-04,7342.25,8684.8802,5999.6198
2022-06-05,6960.991900000001,8195.990600000001,5725.9932
2022-06-06,7880.898499999999,9826.8589,5934.938099999999
2022-06-07,7878.21855,9680.488,6075.9491
2022-06-08,8916.1819,11273.0057,6559.3581
2022-06-09,9153.5808,11112.3164,7194.8452
2022-06-10,8247.9039,10113.8784,6381.9294
2022-06-11,7602.039549999999,8670.145,6533.9341
2022-06-12,7237.2236,8383.7651,6090.6821
2022-06-13,9243.54745,11902.9617,6584.1332
2022-06-14,8913.77435,10990.2837,6837.264999999999
2022-06-15,8785.8869,10718.6186,6853.1552
2022-06-16,8035.828899999999,9415.6433,6656.014499999999
2022-06-17,9487.5459,12283.4926,6691.5992
2022-06-18,7444.5267,8337.4851,6551.5683
2022-06-19,6406.4114,7365.7618,5447.061
2022-06-20,7437.402,9263.3546,5611.4494
2022-06-21,7967.9277,9784.2795,6151.5759
2022-06-22,7626.03415,8800.4441,6451.6242
2022-06-23,7614.215249999999,9364.89,5863.5405
2022-06-24,8282.5005,10341.8997,6223.1013
2022-06-25,8959.47205,11176.3592,6742.5849
2022-06-26,9202.34735,11152.3082,7252.3865
2022-06-27,9381.39655,11026.8113,7735.9818
2022-06-28,8602.938450000001,10480.3518,6725.525100000001
2022-06-29,8927.2303,11153.4125,6701.0481
2022-06-30,9570.7535,11982.4458,7159.0612
2022-07-01,10441.9877,13245.4993,7638.4761
2022-07-02,10102.63945,11787.5901,8417.6888
2022-07-03,9315.7425,10707.7812,7923.7038
2022-07-04,8573.9981,10273.5687,6874.4275
2022-07-05,9638.9383,11776.2907,7501.5859
2022-07-06,10238.47315,12518.3824,7958.5639
2022-07-07,9876.63335,11796.596,7956.6707
2022-07-08,9602.76555,11830.3915,7375.1396
2022-07-09,9043.4112,10618.6795,7468.142900000001
2022-07-10,8415.7698,9929.8114,6901.7282
2022-07-11,9244.1324,11423.1117,7065.1531
2022-07-12,10269.96845,13292.0128,7247.9241
2022-07-13,11006.131,13457.196,8555.065999999999
2022-07-14,10973.28925,13487.4594,8459.1191
2022-07-15,10096.01685,12125.1218,8066.9119
2022-07-16,9293.976,10735.1722,7852.7798
2022-07-17,9488.6756,11246.7027,7730.6485
2022-07-18,10705.0035,12698.1901,8711.8169
2022-07-19,11379.74485,14286.0449,8473.4448
2022-07-20,12104.244900000002,15047.1504,9161.3394
2022-07-21,12121.9173,14550.6953,9693.1393
2022-07-22,12139.3379,14734.248200000002,9544.4276
2022-07-23,11489.59315,13746.011299999998,9233.175
2022-07-24,11711.471,14045.2828,9377.6592
2022-07-25,12306.6951,14020.1988,10593.1914
2022-07-26,10305.35075,11789.6449,8821.0566
2022-07-27,10177.70695,12587.6283,7767.785599999999
2022-07-28,11383.5072,14095.9991,8671.0153
2022-07-29,10912.69505,12778.8764,9046.5137
2022-07-30,10106.6516,11801.1332,8412.17
2022-07-31,9486.74685,11311.6578,7661.8359
2022-08-01,9519.36115,10664.878,8373.8443
2022-08-02,10898.96275,14105.1197,7692.8058
2022-08-03,11246.1515,13842.0864,8650.2166
2022-08-04,11743.857,14633.422600000002,8854.2914
2022-08-05,11793.38615,14123.6764,9463.0959
2022-08-06,11282.9322,13545.2801,9020.5843
2022-08-07,11475.3367,13408.5732,9542.1002
2022-08-08,12574.55175,15170.7801,9978.3234
2022-08-09,13185.1803,16039.3847,10330.9759
2022-08-10,11643.82055,13587.973,9699.6681
2022-08-11,11284.5345,13424.3524,9144.7166
2022-08-12,10054.90555,11802.5241,8307.287
2022-08-13,8376.96485,9674.4509,7079.4788
2022-08-14,8208.184799999999,9660.2853,6756.0843
2022-08-15,9222.9983,11225.982,7220.014599999999
2022-08-16,9227.44465,11323.1292,7131.7601
2022-08-17,8917.911250000001,10581.2416,7254.5809
2022-08-18,9162.9074,11401.6965,6924.1183
2022-08-19,9829.66425,12346.5994,7312.7291
2022-08-20,10016.5322,12050.9423,7982.1221
2022-08-21,9406.9898,10911.9575,7902.0221
2022-08-22,10051.3147,11812.3165,8290.3129
2022-08-23,10588.267350000002,12964.843400000002,8211.6913
2022-08-24,10567.67895,13100.9862,8034.3717
2022-08-25,10766.2539,13362.2855,8170.222299999999
2022-08-26,10815.7889,13182.1955,8449.382300000001
2022-08-27,10171.14585,12007.3031,8334.9886
2022-08-28,9618.639,11020.7403,8216.5377
2022-08-29,10975.76025,13544.4655,8407.055
2022-08-30,11309.8794,13883.1408,8736.617999999999
2022-08-31,10372.2758,12224.4642,8520.0874
2022-09-01,9743.7858,12065.8835,7421.688099999999
2022-09-02,8627.2237,10421.3784,6833.069
2022-09-03,8141.16125,9556.381,6725.941500000001
2022-09-04,9125.0915,11159.8288,7090.3542
2022-09-05,9836.570500000002,11670.2409,8002.900100000001
2022-09-06,9527.143,10898.434,8155.851999999999
2022-09-07,8300.568449999999,9654.6727,6946.464199999999
2022-09-08,8492.62105,10411.39,6573.8521
2022-09-09,8391.2925,10281.252,6501.333
2022-09-10,8218.97855,9916.6907,6521.2664
2022-09-11,8023.79535,9019.8387,7027.752
2022-09-12,9395.88005,11620.0865,7171.6736
2022-09-13,10062.2315,12410.699,7713.763999999999
2022-09-14,8793.651399999999,10811.6475,6775.6553
2022-09-15,8169.3274,9471.9443,6866.7105
2022-09-16,7493.63895,9057.5869,5929.691
2022-09-17,7235.9426,8406.622800000001,6065.2624000000005
2022-09-18,8183.2626,10031.9363,6334.5889
2022-09-19,9312.03125,11598.7451,7025.3174
2022-09-20,8829.680550000001,10580.3738,7078.9873
2022-09-21,8526.90745,10517.184,6536.6309
2022-09-22,8445.9254,10261.1898,6630.661
2022-09-23,6600.61595,7618.8441,5582.3878
2022-09-24,6187.82655,7131.1513,5244.5018
2022-09-25,6427.09875,7534.8249,5319.3726
2022-09-26,7039.12265,8495.0421,5583.2032
2022-09-27,6984.2852,8287.4789,5681.0915
2022-09-28,6783.365,8166.608,5400.122
2022-09-29,6672.045700000001,7926.4776,5417.6138
2022-09-30,6466.01345,7621.8817,5310.1452
2022-10-01,6220.50705,7165.0655,5275.9486
2022-10-02,6188.1162,7164.412899999999,5211.8195
2022-10-03,6701.012200000001,8170.1122,5231.912200000001
2022-10-04,6827.38725,8165.2417,5489.5328
2022-10-05,6690.8586,7893.4686,5488.2486
2022-10-06,6772.08945,8161.4593,5382.7196
2022-10-07,6922.794150000001,8375.644400000001,5469.9439
2022-10-08,6155.53215,6991.8468,5319.2175
2022-10-09,6121.8002,7007.5071,5236.0933
2022-10-10,6463.8111,7674.4645,5253.1577
2022-10-11,6606.03805,7943.385,5268.6911
2022-10-12,6651.56805,7966.0877,5337.0484
2022-10-13,6945.11155,8439.148799999999,5451.0743
2022-10-14,6566.63725,7732.5064,5400.7681
2022-10-15,6174.31595,7078.189899999999,5270.442
2022-10-16,6176.3013,7135.0692,5217.5334
2022-10-17,6618.68075,7969.457200000001,5267.9043
2022-10-18,6509.6775,7754.2616,5265.0934
2022-10-19,6617.43055,7895.6319,5339.2292
2022-10-20,6651.23185,7859.8997,5442.564
2022-10-21,6537.39575,7658.248799999999,5416.5427
2022-10-22,6207.12665,7050.8033,5363.45
2022-10-23,6252.8667000000005,7271.5909,5234.1425
2022-10-24,6682.30985,8067.599899999999,5297.0198
2022-10-25,6950.7149500000005,8459.2638,5442.1661
2022-10-26,7070.97375,8525.1355,5616.812
2022-10-27,6656.33435,7889.126,5423.5427
2022-10-28,6548.9658,7763.5214,5334.4102
2022-10-29,6289.304550000001,7153.3675,5425.2416
2022-10-30,6307.8272,7213.720600000001,5401.9338
2022-10-31,6576.64335,7811.1139,5342.1728
2022-11-01,6761.0805,8132.4361,5389.7249
2022-11-02,6696.347900000001,8011.5591,5381.1367
2022-11-03,6639.9599,7952.334199999999,5327.5856
2022-11-04,6675.645200000001,7996.8276,5354.4628
2022-11-05,6520.6535,7573.536700000001,5467.7703
2022-11-06,8550.8092,11623.5468,5478.0716
2022-11-07,7179.10685,8656.5443,5701.6694
2022-11-08,6694.5878,8120.5749,5268.6007
2022-11-09,6840.499449999999,8239.6785,5441.3204
2022-11-10,6834.17945,8181.0695,5487.2894
2022-11-11,6894.401400000001,8371.1031,5417.6997
2022-11-12,6530.2594500000005,7414.8667,5645.6522
2022-11-13,6315.74685,7403.9113,5227.582399999999
2022-11-14,6966.8723,8462.5635,5471.1811
2022-11-15,7220.97975,8654.0004,5787.9591
2022-11-16,7141.442999999999,8552.6081,5730.2779
2022-11-17,7247.1263,8684.9034,5809.349200000001
2022-11-18,7277.35705,8629.6684,5925.045700000001
2022-11-19,7037.581050000001,8033.093800000001,6042.0683
2022-11-20,7174.7758,8360.279,5989.2726
2022-11-21,7651.8829,9038.0379,6265.7279
2022-11-22,7335.0405,8592.1152,6077.9658
2022-11-23,7096.4956,8306.9513,5886.0399
2022-11-24,6487.7547,7193.3323,5782.1771
2022-11-25,6723.1752,7876.4181,5569.9323
2022-11-26,6578.2325,7487.6566,5668.8084
2022-11-27,6633.9032,7728.949399999999,5538.857
2022-11-28,6971.496950000001,8452.5956,5490.3983
2022-11-29,7292.079100000001,8789.4775,5794.6807
2022-11-30,7240.81935,8627.4394,5854.1993
2022-12-01,7394.21355,8914.9609,5873.4662
2022-12-02,7467.396999999999,8762.007099999999,6172.7869
2022-12-03,6777.2479,7773.890600000001,5780.6052
2022-12-04,6906.2142,8060.4377,5751.9907
2022-12-05,7429.0392,8850.0084,6008.07
2022-12-06,7328.333399999999,8716.9962,5939.6706
2022-12-07,7111.618100000001,8567.019100000001,5656.2171
2022-12-08,7097.15725,8596.4479,5597.8666
2022-12-09,7316.1258,8767.9273,5864.3243
2022-12-10,7223.5668,8309.0506,6138.083
2022-12-11,7218.578750000001,8429.1941,6007.9634
2022-12-12,7807.304599999999,9420.4387,6194.1705
2022-12-13,7938.29905,9341.6036,6534.9945
2022-12-14,7935.8858,9398.9785,6472.793100000001
2022-12-15,7855.3209,9331.8267,6378.8151
2022-12-16,7598.011350000001,9069.5789,6126.443800000001
2022-12-17,7185.844349999999,8253.880799999999,6117.8079
2022-12-18,7285.283650000001,8420.653400000001,6149.9139000000005
2022-12-19,7910.79635,9440.5937,6380.999000000001
2022-12-20,7881.67785,9311.045,6452.3107
2022-12-21,7879.046499999999,9236.4469,6521.6461
2022-12-22,7739.03675,9082.321,6395.7525000000005
2022-12-23,7752.16195,9603.6975,5900.6264
2022-12-24,8694.0946,9805.9531,7582.2361
2022-12-25,8235.043399999999,8890.238,7579.8488
2022-12-26,8374.024249999999,9447.4063,7300.6422
2022-12-27,8240.92655,9556.8514,6925.0017
2022-12-28,7793.252950000001,8958.343700000001,6628.162200000001
2022-12-29,7513.1413,8717.8665,6308.4161
2022-12-30,7171.057250000001,8288.292300000001,6053.8222000000005
2022-12-31,6856.209150000001,7918.4226,5793.9957
2023-01-01,6560.25415,7457.1638,5663.344499999999
2023-01-02,6855.43045,8027.2191,5683.6418
2023-01-03,7084.971750000001,8569.080600000001,5600.8629
2023-01-04,6974.8705,8337.6065,5612.1345
2023-01-05,7020.559450000001,8522.5239,5518.595
2023-01-06,7129.84505,8520.4883,5739.2018
2023-01-07,6958.966,7960.4644,5957.4676
2023-01-08,7105.328100000001,8181.7474,6028.9088
2023-01-09,7412.66335,8821.8879,6003.4388
2023-01-10,7526.433050000001,8941.4722,6111.393900000001
2023-01-11,7539.7421,9003.8081,6075.676100000001
2023-01-12,7415.361949999999,8733.4715,6097.252399999999
2023-01-13,7068.77525,8441.4404,5696.1101
2023-01-14,7217.8613,8371.8072,6063.9154
2023-01-15,7307.484,8238.256,6376.712
2023-01-16,7523.671699999999,8661.7915,6385.5519
2023-01-17,7523.882,8878.1894,6169.5746
2023-01-18,7208.62455,8501.3615,5915.8876
2023-01-19,7347.777699999999,8848.848699999999,5846.7067
2023-01-20,7221.8429,8518.493199999999,5925.1926
2023-01-21,7031.66015,8059.4762,6003.8441
2023-01-22,7044.39345,8081.6176,6007.1693000000005
2023-01-23,7536.07875,9087.7421,5984.4154
2023-01-24,7548.59495,8838.743699999999,6258.4462
2023-01-25,7593.6486,9046.9546,6140.3426
2023-01-26,7304.895199999999,8805.2771,5804.5133
2023-01-27,7337.19225,8619.1806,6055.2039
2023-01-28,6934.03435,7730.3905,6137.678199999999
2023-01-29,6788.90975,7764.6312,5813.1883
2023-01-30,7041.3073,8315.464899999999,5767.1497
2023-01-31,7325.721649999999,8898.105,5753.338299999999
2023-02-01,7629.766549999999,8977.353299999999,6282.1798
2023-02-02,7749.05595,9013.957,6484.1549
2023-02-03,8267.8088,10148.3244,6387.2932
2023-02-04,8739.61455,9570.3195,7908.9096
2023-02-05,7625.195100000001,8310.351200000001,6940.039
2023-02-06,7430.187749999999,8726.1688,6134.2067
2023-02-07,7592.61615,8867.5945,6317.6378
2023-02-08,7257.45435,8435.5749,6079.333799999999
2023-02-09,7271.7892,8567.5606,5976.0178
2023-02-10,6858.60985,7979.6986,5737.5211
2023-02-11,6766.722250000001,7734.6955,5798.749000000001
2023-02-12,6857.61915,7809.884199999999,5905.3541
2023-02-13,7038.3240000000005,8231.2805,5845.3675
2023-02-14,6953.02655,8144.3983,5761.654799999999
2023-02-15,6902.840249999999,8074.0342,5731.646299999999
2023-02-16,6748.19435,8000.9601,5495.4286
2023-02-17,6818.76195,8191.149799999999,5446.3741
2023-02-18,6962.8388,7779.598599999999,6146.079000000001
2023-02-19,6746.41395,7607.738800000001,5885.0891
2023-02-20,6620.938400000001,7609.599700000001,5632.2771
2023-02-21,6962.39395,8331.6325,5593.1554
2023-02-22,7197.132,8496.5828,5897.6812
2023-02-23,7215.28455,8501.0386,5929.5305
2023-02-24,7215.0372,8576.5888,5853.4856
2023-02-25,7504.2572,8426.479,6582.0354
2023-02-26,7175.508400000001,7934.179900000001,6416.8369
2023-02-27,7445.254000000001,8774.058,6116.450000000001
2023-02-28,7652.97045,8956.8693,6349.071599999999
2023-03-01,7495.76555,8736.0342,6255.4969
2023-03-02,7186.1602,8409.4114,5962.909000000001
2023-03-03,7251.748100000001,8514.5434,5988.9528
2023-03-04,6912.10815,7819.2925,6004.9238000000005
2023-03-05,6804.15795,7668.8629,5939.453
2023-03-06,7036.8676,8239.434799999999,5834.3004
2023-03-07,7264.6858,8618.0776,5911.294
2023-03-08,7387.6577,8530.6192,6244.6962
2023-03-09,7227.230750000001,8329.071100000001,6125.3904
2023-03-10,7162.9794,8339.4775,5986.4813
2023-03-11,6867.7972,7848.8173,5886.7771
2023-03-12,6900.0744,7734.5683,6065.5805
2023-03-13,7178.32555,8477.115,5879.536099999999
2023-03-14,7505.63625,8965.7004,6045.5721
2023-03-15,7384.86355,8431.5182,6338.2089
2023-03-16,7194.18455,8210.6312,6177.7379
2023-03-17,6700.2356500000005,7693.2484,5707.2229
2023-03-18,6384.11515,7198.3516,5569.8787
2023-03-19,6794.9449,7778.008100000001,5811.8817
2023-03-20,7070.60875,8073.1656,6068.0519
2023-03-21,6806.086499999999,7768.245199999999,5843.9278
2023-03-22,6682.20585,7773.603,5590.8087
2023-03-23,6622.3646,7779.623,5465.1062
2023-03-24,6640.61805,7828.2498,5452.9863000000005
2023-03-25,6587.625400000001,7567.746,5607.504800000001
2023-03-26,6290.84125,7035.4274,5546.2551
2023-03-27,6640.421,7840.6847,5440.1573
2023-03-28,6689.492399999999,7855.834699999999,5523.1501
2023-03-29,6717.26705,7755.2845,5679.2496
2023-03-30,6849.84205,7971.2176,5728.4665
2023-03-31,6823.7487,7747.863800000001,5899.6336
2023-04-01,6338.42605,7186.7643,5490.0878
2023-04-02,6344.1603,7234.9541,5453.3665
2023-04-03,6699.115400000001,7701.3035,5696.9273
2023-04-04,6545.375,7620.8866,5469.8634
2023-04-05,6610.13915,7867.0085,5353.2698
2023-04-06,6543.56155,7599.839300000001,5487.2838
2023-04-07,6339.295749999999,7381.6079,5296.9836
2023-04-08,6312.54245,7070.1995,5554.8854
2023-04-09,6202.9312,6882.4104,5523.452
2023-04-10,6446.749400000001,7369.8739,5523.6249
2023-04-11,6448.84505,7512.8839,5384.8062
2023-04-12,6684.7243,8076.6195,5292.8291
2023-04-13,7370.782999999999,9144.2326,5597.3334
2023-04-14,7743.89135,9457.1374,6030.6453
2023-04-15,6804.03405,7546.5679,6061.5002
2023-04-16,6383.9545,7279.7402,5488.1688
2023-04-17,6553.99995,7703.3513,5404.6486
2023-04-18,6316.0109,7407.4395,5224.5823
2023-04-19,6377.89815,7422.5437,5333.2526
2023-04-20,6335.734049999999,7341.651099999999,5329.817
2023-04-21,6355.5136,7410.9989,5300.0283
2023-04-22,6096.4,6931.1514,5261.6486
2023-04-23,6079.77635,6917.6829,5241.8698
2023-04-24,6299.19675,7394.352,5204.0415
2023-04-25,6359.93945,7420.3554,5299.5235
2023-04-26,6384.001249999999,7434.0911,5333.9114
2023-04-27,6422.45275,7508.617,5336.288500000001
2023-04-28,6474.67495,7589.581099999999,5359.7688
2023-04-29,6310.65345,7197.0878,5424.2191
2023-04-30,6271.64945,7248.0993,5295.1996
2023-05-01,6344.22065,7359.3192,5329.1221000000005
2023-05-02,6376.37055,7435.5417,5317.1994
2023-05-03,6415.1373,7467.3238,5362.9508000000005
2023-05-04,6418.5537,7487.234,5349.8734
2023-05-05,6293.553400000001,7191.9971000000005,5395.1097
2023-05-06,6109.2734,6901.5683,5316.9785
2023-05-07,6205.34395,7226.161599999999,5184.5263
2023-05-08,6836.9254,8286.7662,5387.0846
2023-05-09,6443.7454,7522.1772,5365.3136
2023-05-10,6484.775949999999,7715.3291,5254.2228
2023-05-11,6866.3833,8413.547,5319.2196
2023-05-12,7541.223099999999,9465.4476,5616.9986
2023-05-13,7379.24905,8523.6085,6234.8896
2023-05-14,6487.3172,7364.8395,5609.7949
2023-05-15,6872.7852,8296.4959,5449.0745
2023-05-16,7176.018150000001,8770.935300000001,5581.101000000001
2023-05-17,6766.334650000001,7704.269,5828.4003
2023-05-18,6325.00605,7364.778,5285.2341
2023-05-19,6423.0578000000005,7503.2772,5342.8384
2023-05-20,6321.637500000001,7238.0688,5405.2062000000005
2023-05-21,6258.2592,7204.1789,5312.3395
2023-05-22,6821.613600000001,8212.8492,5430.378000000001
2023-05-23,6602.78295,7786.5009,5419.065
2023-05-24,6657.4871,7986.8759,5328.0983
2023-05-25,6508.376399999999,7690.4279,5326.3249
2023-05-26,6623.739799999999,7840.4599,5407.0197
2023-05-27,6355.19765,7319.721100000001,5390.6742
2023-05-28,6299.4539,7261.918599999999,5336.9892
2023-05-29,6710.8429,7669.182,5752.5038
2023-05-30,6824.2302,8195.5613,5452.8991
2023-05-31,7053.597249999999,8650.663199999999,5456.5313
2023-06-01,7735.23445,9789.4693,5680.9996
2023-06-02,8357.5778,10540.456,6174.6996
2023-06-03,6951.2619,7552.6916,6349.832200000001
2023-06-04,6141.97495,6987.272500000001,5296.6774
2023-06-05,6868.59805,8403.989599999999,5333.2065
2023-06-06,7094.80265,8603.775,5585.8303
2023-06-07,6824.7116000000005,8096.086300000001,5553.3369
2023-06-08,6935.96535,8387.441,5484.4897
2023-06-09,6959.3249,8347.5947,5571.0551
2023-06-10,6793.35585,8007.465700000001,5579.246
2023-06-11,7181.82805,8507.412,5856.2441
2023-06-12,8180.05685,10007.3482,6352.7655
2023-06-13,8104.3179,9836.5389,6372.0969000000005
2023-06-14,7756.09655,9311.4623,6200.7308
2023-06-15,7738.1587,9586.4692,5889.8482
2023-06-16,7887.1325,9537.1626,6237.1024
2023-06-17,7042.73455,8130.1234,5955.3457
2023-06-18,7161.43315,8600.5839,5722.2824
2023-06-19,8103.14365,9890.4527,6315.8346
2023-06-20,7929.086799999999,9539.0209,6319.1527
2023-06-21,7382.447099999999,8755.379799999999,6009.5144
2023-06-22,7184.52975,8553.5072,5815.5523
2023-06-23,7454.712649999999,8845.1701,6064.2552
2023-06-24,7718.772550000001,9136.4755,6301.069600000001
2023-06-25,8406.716,10192.0507,6621.3813
2023-06-26,9194.65265,11179.5141,7209.7912
2023-06-27,8944.5792,10820.3629,7068.7955
2023-06-28,8998.1211,11069.1853,6927.0569
2023-06-29,8855.7186,10968.0261,6743.411099999999
2023-06-30,9155.5789,11214.4034,7096.7544
2023-07-01,8364.21615,9919.4147,6809.0176
2023-07-02,9002.826949999999,10833.195,7172.4589
2023-07-03,10471.69305,13078.9387,7864.447400000001
2023-07-04,9492.95705,10744.2712,8241.6429
2023-07-05,10909.508,13872.4064,7946.6096
2023-07-06,11315.4928,13881.8535,8749.1321
2023-07-07,11137.73795,13526.210900000002,8749.265
2023-07-08,10353.7033,12090.4919,8616.914700000001
2023-07-09,9766.763,11158.4452,8375.0808
2023-07-10,10558.0973,12786.6642,8329.5304
2023-07-11,10411.528150000002,13257.7082,7565.348100000001
2023-07-12,11145.8668,13948.1466,8343.587
2023-07-13,11568.7614,14288.6361,8848.8867
2023-07-14,10867.409,12752.3136,8982.5044
2023-07-15,10431.30825,12531.4824,8331.1341
2023-07-16,10186.01475,11147.7538,9224.2757
2023-07-17,11245.188,13933.8724,8556.5036
2023-07-18,10791.34145,12728.1946,8854.4883
2023-07-19,9997.77785,11868.08,8127.475699999999
2023-07-20,10288.314449999998,12629.9786,7946.650299999999
2023-07-21,10496.0154,12703.2751,8288.7557
2023-07-22,9282.1292,10906.0677,7658.1907
2023-07-23,9440.88225,11486.8462,7394.9183
2023-07-24,10556.82565,12956.463,8157.1883
2023-07-25,10746.15055,13122.4346,8369.8665
2023-07-26,10516.0717,13358.221,7673.922399999999
2023-07-27,11834.3447,14963.5974,8705.092
2023-07-28,12009.9371,14536.6636,9483.2106
2023-07-29,11398.61215,13530.2692,9266.9551
2023-07-30,8763.6198,10000.5399,7526.6997
2023-07-31,9379.68985,11533.674,7225.7057
2023-08-01,9081.34795,10828.8278,7333.8681
2023-08-02,8730.16055,10598.8856,6861.4355
2023-08-03,8632.79,10448.1222,6817.4578
2023-08-04,8877.353,10466.3206,7288.385400000001
2023-08-05,9089.2031,10845.4695,7332.9367
2023-08-06,8948.5043,10734.0217,7162.9869
2023-08-07,9973.9105,11738.7127,8209.1083
2023-08-08,9556.09825,11278.1398,7834.0567
2023-08-09,9698.7724,12132.999,7264.5458
2023-08-10,9462.7114,11388.6135,7536.8093
2023-08-11,9512.92875,11794.1295,7231.728
2023-08-12,9185.0276,11030.867,7339.1882
2023-08-13,9697.86205,11770.2157,7625.5084
2023-08-14,10418.98,12786.892,8051.067999999999
2023-08-15,10083.775549999998,11868.2597,8299.2914
2023-08-16,9861.591,11948.737,7774.445
2023-08-17,9514.3744,11176.8986,7851.8502
2023-08-18,9711.039,11296.9066,8125.171399999999
2023-08-19,7888.2555,9199.7645,6576.746499999999
2023-08-20,8458.9264,10418.0275,6499.8253
2023-08-21,10380.143800000002,13106.4746,7653.813
2023-08-22,9342.6262,10784.7346,7900.5178
2023-08-23,8555.4367,10312.5909,6798.2825
2023-08-24,8310.79335,9629.2549,6992.3318
2023-08-25,8691.4712,10355.4208,7027.5216
2023-08-26,9138.56785,10861.6546,7415.481099999999
2023-08-27,8819.19625,10543.6929,7094.6996
2023-08-28,8969.72825,10427.5914,7511.865100000001
2023-08-29,9039.81275,11056.6425,7022.983
2023-08-30,9590.67715,11504.2605,7677.0938
2023-08-31,8354.60585,9888.5313,6820.6804
2023-09-01,7807.19115,9429.402,6184.980299999999
2023-09-02,7443.124650000001,8783.7926,6102.456700000001
2023-09-03,8832.21195,11179.6101,6484.8138
2023-09-04,10112.60725,12434.7231,7790.4914
2023-09-05,11706.57405,14725.9798,8687.168300000001
2023-09-06,12390.5956,15407.0804,9374.1108
2023-09-07,12434.95435,15305.5087,9564.4
2023-09-08,11659.9555,14167.685,9152.226
2023-09-09,10745.6819,12575.9707,8915.3931
2023-09-10,9462.02205,10574.9557,8349.0884
2023-09-11,10153.04435,12344.6126,7961.4761
2023-09-12,9920.6752,12167.7517,7673.5987
2023-09-13,9811.77345,11710.1776,7913.3693
2023-09-14,8829.6762,10475.3472,7184.0052
2023-09-15,7366.6898,8574.4197,6158.9599
2023-09-16,6882.626249999999,7989.3996,5775.8529
2023-09-17,7030.805700000001,8339.0856,5722.5258
2023-09-18,7776.301650000001,9108.5158,6444.087500000001
2023-09-19,7381.172200000001,8934.3556,5827.9888
2023-09-20,7344.421249999999,8984.6302,5704.2123
2023-09-21,7272.396549999999,8797.6613,5747.1318
2023-09-22,7009.9354,8270.901100000001,5748.9697
2023-09-23,6458.1152,7318.2651,5597.9653
2023-09-24,6463.24215,7479.4424,5447.0419
2023-09-25,6743.43385,7903.1304,5583.737300000001
2023-09-26,6593.41485,7835.5507,5351.279
2023-09-27,6491.28715,7756.104499999999,5226.4698
2023-09-28,6576.289049999999,7852.4115,5300.1666
2023-09-29,6708.3143,7971.8165,5444.8121
2023-09-30,6347.831249999999,7342.292299999999,5353.3702
2023-10-01,6650.447700000001,7900.4682,5400.4272
2023-10-02,7394.0707,9080.9241,5707.217299999999
2023-10-03,7652.688899999999,9558.0104,5747.3674
2023-10-04,8203.9414,10310.4441,6097.438700000001
2023-10-05,7802.2864,9506.08,6098.4928
2023-10-06,7775.089099999999,9257.3399,6292.838299999999
2023-10-07,7077.2814,7932.8836,6221.6792000000005
2023-10-08,6131.17045,6983.8154,5278.5255
2023-10-09,6420.83475,7628.534900000001,5213.134599999999
2023-10-10,6563.09775,7834.8996,5291.2959
2023-10-11,6628.7583,7960.0662,5297.4504
2023-10-12,6659.16545,7996.5068,5321.8241
2023-10-13,6475.52235,7635.4954,5315.549300000001
2023-10-14,6253.5277,7241.775299999999,5265.2801
2023-10-15,6212.355,7163.5654,5261.1446
2023-10-16,6558.22445,7841.6725,5274.7764
2023-10-17,6579.19825,7833.745800000001,5324.6507
2023-10-18,6626.6056,7911.4185,5341.7927
2023-10-19,6599.093800000001,7873.0409,5325.1467
2023-10-20,6669.49085,7963.8431,5375.1386
2023-10-21,6269.0518,7132.9673,5405.1363
2023-10-22,6232.6189,7244.6095,5220.6283
2023-10-23,6620.53935,7893.6106,5347.4681
2023-10-24,6647.02005,7907.245,5386.7951
2023-10-25,6697.27405,8051.770700000001,5342.7774
2023-10-26,6860.58315,8367.902699999999,5353.2636
2023-10-27,6861.3803,8213.8391,5508.9215
2023-10-28,6906.4395,8225.2137,5587.665300000001
2023-10-29,6378.1802,7362.5116,5393.8488
2023-10-30,6648.44945,7983.368899999999,5313.53
2023-10-31,6589.508449999999,7829.9908,5349.0261
2023-11-01,6836.881649999999,8290.285,5383.4783
2023-11-02,6978.6666,8250.0345,5707.298699999999
2023-11-03,6855.30215,7982.504800000001,5728.0995
2023-11-04,6409.0609,7251.1589,5566.9629
2023-11-05,8231.96155,11146.8434,5317.0797
2023-11-06,6814.131149999999,8236.2884,5391.9739
2023-11-07,6798.36975,8161.899499999999,5434.84
2023-11-08,6848.932049999999,8327.8323,5370.0318
2023-11-09,6929.47405,8237.8601,5621.088
2023-11-10,6895.1353500000005,8217.966,5572.304700000001
2023-11-11,6568.066049999999,7476.1897,5659.9424
2023-11-12,6741.2338500000005,7800.2018,5682.2659
2023-11-13,7230.52165,8583.8936,5877.1497
2023-11-14,7111.7304,8447.3373,5776.1235
2023-11-15,7131.03265,8469.7315,5792.3338
2023-11-16,6956.694449999999,8248.339899999999,5665.049
2023-11-17,6831.545,8124.764300000001,5538.325699999999
2023-11-18,6458.65985,7494.7706,5422.5491
2023-11-19,6609.7062000000005,7544.3099,5675.1025
2023-11-20,7168.0872,8652.0962,5684.0782
2023-11-21,7367.2901,8778.2834,5956.2968
2023-11-22,7029.065299999999,8253.6485,5804.482099999999
2023-11-23,6398.693799999999,7180.145699999999,5617.2419
2023-11-24,6783.1662,7969.0934,5597.239
2023-11-25,7013.61465,7976.9373,6050.292
2023-11-26,6992.4552,7938.2948,6046.6156
2023-11-27,7134.3617,8630.3577,5638.3657
2023-11-28,7721.2251,9268.2775,6174.172699999999
2023-11-29,7912.3747,9355.5784,6469.171
2023-11-30,7596.0719,8842.321,6349.8228
2023-12-01,7338.275900000001,8709.162,5967.3898
2023-12-02,6764.50095,7731.465999999999,5797.5359
2023-12-03,6814.0746,8010.6944,5617.4548
2023-12-04,7178.7654,8672.1074,5685.4234
2023-12-05,7458.742450000001,9022.5387,5894.9462
2023-12-06,7674.223349999999,9155.6382,6192.808499999999
2023-12-07,7834.50665,9218.8552,6450.158100000001
2023-12-08,7558.069100000001,8703.603500000001,6412.5347
2023-12-09,6934.65145,7823.9152,6045.3877
2023-12-10,6840.84995,7996.6213,5685.0786
2023-12-11,7436.0239,9167.2387,5704.8091
2023-12-12,7639.31055,9076.7178,6201.9033
2023-12-13,7609.2105,9047.6278,6170.7932
2023-12-14,7799.865949999999,9262.0646,6337.667299999999
2023-12-15,7450.658299999999,8654.857899999999,6246.4587
2023-12-16,6939.9011,7897.1615,5982.6407
2023-12-17,6857.386850000001,7996.9899,5717.7838
2023-12-18,7201.29575,8688.1316,5714.4599
2023-12-19,7492.900949999999,9078.7718,5907.0301
2023-12-20,7735.84765,9052.4467,6419.2486
2023-12-21,7709.48635,9153.9302,6265.0425
2023-12-22,7829.28255,9085.1804,6573.3847
2023-12-23,7356.49605,8246.6549,6466.3372
2023-12-24,6878.091200000001,7776.552100000001,5979.630300000001
2023-12-25,6669.0365,7491.2518,5846.8212
2023-12-26,7152.4311,8490.1413,5814.7209
2023-12-27,7174.084,8534.864099999999,5813.303900000001
2023-12-28,7097.8972,8406.5573,5789.2371
2023-12-29,6950.340749999999,8176.1474,5724.5341
2023-12-30,6844.56785,7918.499400000001,5770.6363
2023-12-31,7044.97825,8175.979300000001,5913.9772
2024-01-01,6952.177449999999,7970.2018,5934.1531
2024-01-02,7581.7586,9009.3057,6154.211499999999
2024-01-03,7623.90065,8962.7681,6285.0332
2024-01-04,7563.9876,9048.3794,6079.5958
2024-01-05,7887.1343,9141.4881,6632.7805
2024-01-06,7624.381,8711.5648,6537.1972000000005
2024-01-07,7434.601849999999,8622.3764,6246.8273
2024-01-08,7629.94365,8959.9806,6299.9067
2024-01-09,7707.68215,9111.2416,6304.1227
2024-01-10,7306.064550000001,8773.1748,5838.9543
2024-01-11,7338.5282,8718.7869,5958.2695
2024-01-12,7326.2013,8621.2068,6031.1958
2024-01-13,6884.21685,7901.288399999999,5867.1453
2024-01-14,7343.6264,8520.1843,6167.068499999999
2024-01-15,8085.4724,9545.3493,6625.595499999999
2024-01-16,8325.393,9874.0471,6776.7389
2024-01-17,8691.494200000001,10203.1258,7179.8626
2024-01-18,8616.54575,9897.3566,7335.734899999999
2024-01-19,8331.68275,9812.3306,6851.034900000001
2024-01-20,8453.56755,9617.0316,7290.103499999999
2024-01-21,8431.484,9463.6415,7399.3265
2024-01-22,8423.052650000001,9645.4775,7200.6278
2024-01-23,8003.8309,9324.2631,6683.3987
2024-01-24,7699.331599999999,9025.7168,6372.9464
2024-01-25,7257.64105,8510.4539,6004.8282
2024-01-26,7304.999,8662.187,5947.811000000001
2024-01-27,6921.8081,7896.216399999999,5947.3998
2024-01-28,7148.562899999999,8336.537499999999,5960.588299999999
2024-01-29,7685.4103,9174.443,6196.3776
2024-01-30,7747.19305,9192.8218,6301.5643
2024-01-31,7755.01725,9117.3154,6392.7191
2024-02-01,7552.25575,8843.1602,6261.3513
2024-02-02,7416.02285,8774.9876,6057.0581
2024-02-03,7225.563,8128.6245,6322.5015
2024-02-04,7209.35715,8116.933,6301.781300000001
2024-02-05,7583.5927,8884.3064,6282.879000000001
2024-02-06,7710.9731,8929.631,6492.315200000001
2024-02-07,7552.33505,8678.9644,6425.7057
2024-02-08,7378.113499999999,8527.2789,6228.9481
2024-02-09,7124.9309,8245.2287,6004.633100000001
2024-02-10,6734.337949999999,7531.8564,5936.8195
2024-02-11,6700.28075,7765.786099999999,5634.7754
2024-02-12,7178.2145,8491.0126,5865.4164
2024-02-13,7562.0116,9025.2749,6098.748299999999
2024-02-14,7815.042600000001,9245.8878,6384.1974
2024-02-15,7918.134050000001,9101.7067,6734.5614
2024-02-16,7535.3991,8698.2242,6372.5740000000005
2024-02-17,7497.362000000001,8520.098600000001,6474.6254
2024-02-18,7448.6155,8231.537100000001,6665.693899999999
2024-02-19,7460.512549999999,8526.2961,6394.729
2024-02-20,7796.92635,9001.7911,6592.061599999999
2024-02-21,7746.713750000001,8896.831400000001,6596.596100000001
2024-02-22,7543.62935,8738.6327,6348.626
2024-02-23,7238.036,8404.2487,6071.8233
2024-02-24,7008.8274,7998.9084,6018.7464
2024-02-25,7429.185249999999,8318.0703,6540.3002
2024-02-26,7371.631300000001,8485.6653,6257.5973
2024-02-27,7191.44705,8375.0464,6007.8477
2024-02-28,7071.396650000001,8402.4644,5740.3289
2024-02-29,7445.18945,8757.1076,6133.271299999999
2024-03-01,7460.910949999999,8509.3784,6412.4435
2024-03-02,6925.52405,7857.824,5993.2241
2024-03-03,6492.44805,7306.7042,5678.1919
2024-03-04,6845.7361,8153.2467,5538.2255000000005
2024-03-05,7069.323050000001,8455.3407,5683.3054
2024-03-06,7099.476700000001,8477.156500000001,5721.7969
2024-03-07,6992.9719000000005,8275.5296,5710.4142
2024-03-08,6924.4161,8010.711200000001,5838.121
2024-03-09,6902.640899999999,7969.221799999999,5836.06
2024-03-10,6824.103800000001,7863.068,5785.1396
2024-03-11,7184.04955,8255.5717,6112.5274
2024-03-12,6841.64375,7758.4254,5924.8621
2024-03-13,6662.04125,7762.3971,5561.6854
2024-03-14,6598.71955,7615.642,5581.7971
2024-03-15,6480.947700000001,7542.3831,5419.5123
2024-03-16,6252.76615,7053.0339,5452.4984
2024-03-17,6235.27335,7051.6141,5418.9326
2024-03-18,6682.0433,7953.0802,5411.0064
2024-03-19,6976.20585,8102.136,5850.2757
2024-03-20,6923.9847,8059.9924,5787.977
2024-03-21,7278.53695,8385.2737,6171.800200000001
2024-03-22,7337.602700000001,8335.484400000001,6339.7210000000005
2024-03-23,6865.8917,7756.9141,5974.8693
2024-03-24,6933.06205,7674.5339,6191.590200000001
2024-03-25,7039.086299999999,8007.088299999999,6071.0843
2024-03-26,6996.73265,8042.0796,5951.385700000001
2024-03-27,6911.02545,8029.41,5792.6409
2024-03-28,6916.69735,8143.0522,5690.342500000001
2024-03-29,6726.3853500000005,7631.403,5821.3677
2024-03-30,6497.945449999999,7132.0122,5863.878699999999
2024-03-31,6192.084650000001,6903.7362,5480.4331
2024-04-01,6613.00955,7790.697399999999,5435.3217
2024-04-02,6961.7901,8319.7717,5603.8085
2024-04-03,7253.7022,8744.2099,5763.1945000000005
2024-04-04,7009.8837,8034.9819,5984.7855
2024-04-05,6863.053400000001,7843.1804,5882.9264
2024-04-06,6591.43225,7320.4367,5862.4278
2024-04-07,6479.8464,7236.5408,5723.152
2024-04-08,6605.4629,7589.0064,5621.9194
2024-04-09,6472.603,7529.1482,5416.0578000000005
2024-04-10,6434.3093,7523.2464,5345.3722
2024-04-11,6553.18525,7734.4871,5371.8834
2024-04-12,6546.3709,7628.3975,5464.344300000001
2024-04-13,6252.8619,7106.2166,5399.5072
2024-04-14,6207.3264,7010.9087,5403.7441
2024-04-15,6611.97215,7937.8604,5286.0839
2024-04-16,6419.73585,7573.4105,5266.0612
2024-04-17,6477.7531,7650.965899999999,5304.540300000001
2024-04-18,6622.62205,7873.4144,5371.8297
2024-04-19,6488.947099999999,7437.465999999999,5540.4282
2024-04-20,6108.0356,6823.4526000000005,5392.6186
2024-04-21,6192.64705,7053.9072,5331.3869
2024-04-22,6349.8113,7259.220600000001,5440.402
2024-04-23,6370.2032500000005,7310.3521,5430.0544
2024-04-24,6305.4064,7238.368,5372.4448
2024-04-25,6334.8943500000005,7344.0234,5325.7653
2024-04-26,6346.49305,7195.1033,5497.8828
2024-04-27,6144.3731,6855.3232,5433.423
2024-04-28,6163.518599999999,7070.657999999999,5256.379199999999
2024-04-29,7032.0072,8608.0169,5455.9975
2024-04-30,6540.66815,7577.183300000001,5504.153
2024-05-01,6535.1508,7746.607,5323.694600000001
2024-05-02,6661.4506,7984.9668,5337.9344
2024-05-03,6349.49105,7279.1456,5419.836499999999
2024-05-04,6071.9571,6833.9612,5309.953
2024-05-05,6186.3692,7120.6492,5252.0892
2024-05-06,6640.64015,7975.620800000001,5305.6595
2024-05-07,6931.01965,8360.7192,5501.3201
2024-05-08,7430.22345,9221.287,5639.159900000001
2024-05-09,6964.02985,8082.9149,5845.1448
2024-05-10,6466.365,7532.611,5400.119000000001
2024-05-11,6103.78715,6823.7383,5383.836
2024-05-12,6067.59515,6881.4924,5253.6979
2024-05-13,6428.2871,7536.8479,5319.7263
2024-05-14,6645.58545,7981.1302,5310.0407
2024-05-15,6688.566049999999,7928.5841,5448.548
2024-05-16,6660.8212,7917.9874,5403.655
2024-05-17,6670.7915,7943.0829,5398.5001
2024-05-18,6286.70295,7131.9056,5441.5003
2024-05-19,6358.89935,7332.1815,5385.6172
2024-05-20,6823.2992,8233.0584,5413.54
2024-05-21,7364.02715,9200.5806,5527.4737
2024-05-22,7928.6487,9822.4907,6034.806699999999
2024-05-23,8090.87065,9766.9165,6414.8248
2024-05-24,8414.0373,10359.5443,6468.530299999999
2024-05-25,7414.68665,8527.650599999999,6301.722699999999
2024-05-26,7622.675300000001,9008.2082,6237.142400000001
2024-05-27,7659.92325,8803.5749,6516.2716
2024-05-28,8359.72185,10300.0985,6419.3452
2024-05-29,7968.88805,9722.5895,6215.1866
2024-05-30,7336.93465,8589.5985,6084.2708
2024-05-31,7310.60535,8876.089,5745.1217
2024-06-01,7372.60995,8975.5128,5769.7071000000005
2024-06-02,7505.8535,8957.6724,6054.034600000001
2024-06-03,9149.9473,11506.4384,6793.4562
2024-06-04,8895.961800000001,10719.2229,7072.700699999999
2024-06-05,8816.87955,10905.7694,6727.9897
2024-06-06,9213.27505,11241.39,7185.1601
2024-06-07,9066.084,11000.1406,7132.0274
2024-06-08,7740.249299999999,9112.2932,6368.2054
2024-06-09,7573.392,8695.634600000001,6451.149399999999
2024-06-10,7922.77555,9528.4928,6317.058300000001
2024-06-11,7775.489450000001,9332.6555,6218.3234
2024-06-12,7947.243350000001,9619.4032,6275.0835
2024-06-13,8689.275,10929.8521,6448.6979
2024-06-14,9317.78365,11687.2878,6948.279500000001
2024-06-15,8154.418249999999,9514.8463,6793.990199999999
2024-06-16,7411.46895,8590.4249,6232.513
2024-06-17,8969.46665,11382.5268,6556.4065
2024-06-18,9973.55305,12522.6849,7424.421200000001
2024-06-19,10006.8941,12405.0565,7608.731699999999
2024-06-20,10659.24285,13554.6706,7763.8151
2024-06-21,11493.92645,14491.2702,8496.582699999999
2024-06-22,10744.77735,12808.060399999998,8681.4943
2024-06-23,10599.79295,12838.8054,8360.7805
2024-06-24,10127.9713,11492.7594,8763.1832
2024-06-25,10091.655,12859.5415,7323.7685
2024-06-26,10891.89185,13708.3771,8075.4066
2024-06-27,10252.19475,12361.4772,8142.9123
2024-06-28,8466.2978,9882.0819,7050.5137
2024-06-29,8318.5458,9902.1635,6734.9281
2024-06-30,9473.13735,11169.6758,7776.598900000001
2024-07-01,8902.78165,10841.28,6964.283299999999
2024-07-02,9005.698649999998,11131.9256,6879.4717
2024-07-03,8938.777600000001,10807.3967,7070.1585
2024-07-04,8981.74235,10894.9884,7068.496300000001
2024-07-05,10692.23565,13284.575400000002,8099.895899999999
2024-07-06,10436.53395,12468.0584,8405.0095
2024-07-07,10851.0052,12909.1462,8792.8642
2024-07-08,12085.00005,14880.6187,9289.3814
2024-07-09,11837.6503,14316.9875,9358.3131
2024-07-10,11985.4841,14336.5331,9634.4351
2024-07-11,11710.39555,13903.2818,9517.5093
2024-07-12,10910.15155,12900.2439,8920.0592
2024-07-13,10371.07815,12070.9352,8671.221099999999
2024-07-14,10401.32365,12289.9528,8512.694500000001
2024-07-15,12009.193900000002,14738.7642,9279.6236
2024-07-16,12577.8755,15180.0678,9975.6832
2024-07-17,12188.3627,14484.3874,9892.338
2024-07-18,11275.20625,13293.444,9256.9685
2024-07-19,10005.10025,12104.8622,7905.3383
2024-07-20,9345.0306,11036.3242,7653.737
2024-07-21,9956.6507,11900.6778,8012.6236
2024-07-22,10689.81655,12706.148,8673.4851
2024-07-23,10317.3914,12195.5735,8439.2093
2024-07-24,10514.0832,12507.5082,8520.6582
2024-07-25,10476.85775,12381.3928,8572.3227
2024-07-26,9377.76525,11411.2581,7344.2724
2024-07-27,9140.1467,10926.4834,7353.809999999999
2024-07-28,9080.97175,10829.1982,7332.7453
2024-07-29,10027.37205,12138.3253,7916.418799999999
2024-07-30,10848.38675,13288.1027,8408.6708
2024-07-31,11467.09045,13873.0578,9061.1231
2024-08-01,11640.803650000002,14338.7144,8942.8929
2024-08-02,12239.352,14859.4077,9619.2963
2024-08-03,11393.248,13520.8945,9265.6015
2024-08-04,10072.79605,11551.971,8593.6211
2024-08-05,11166.2995,13812.1649,8520.434099999999
2024-08-06,11619.8676,13920.8561,9318.8791
2024-08-07,8878.358199999999,9939.4298,7817.286599999999
2024-08-08,8164.559999999999,9506.8889,6822.2311
2024-08-09,9909.6549,12336.732800000002,7482.576999999999
2024-08-10,9757.21785,11493.7112,8020.7245
2024-08-11,8882.139599999999,10353.4427,7410.836499999999
2024-08-12,9082.7982,10966.8326,7198.7638
2024-08-13,8939.78305,11037.8188,6841.7473
2024-08-14,9589.54715,11930.2077,7248.8866
2024-08-15,9928.66685,12362.8161,7494.517599999999
2024-08-16,10176.4318,12465.3715,7887.4921
2024-08-17,9104.8681,10299.9674,7909.7688
2024-08-18,9120.2554,10663.7822,7576.7286
2024-08-19,10041.09025,12410.7972,7671.3833
2024-08-20,8198.0545,9330.8518,7065.2572
2024-08-21,7526.4573,9013.697,6039.2176
2024-08-22,7617.7862,9267.5557,5968.0167
2024-08-23,8204.133150000001,10188.7105,6219.5558
2024-08-24,8290.304650000002,10005.0986,6575.510700000001
2024-08-25,8656.5995,10480.0529,6833.1461
2024-08-26,9730.83995,12013.2584,7448.4215
2024-08-27,9809.59715,12183.207,7435.9873
2024-08-28,11247.8874,14517.1541,7978.620699999999
2024-08-29,9751.8397,11024.5082,8479.1712
2024-08-30,8424.7683,9769.2952,7080.2414
2024-08-31,8321.733049999999,9779.5051,6863.960999999999
2024-09-01,8862.4242,10319.5271,7405.3213
2024-09-02,8362.6053,9569.5257,7155.6849
2024-09-03,7731.66615,9277.8259,6185.5064
2024-09-04,7764.0754,9509.5709,6018.5799
2024-09-05,7946.932150000001,9771.5056,6122.358700000001
2024-09-06,8213.9595,10079.1224,6348.7966
2024-09-07,7746.9144,8768.0849,6725.7439
2024-09-08,6675.83865,7631.7997,5719.8776
2024-09-09,7257.097650000001,8913.7257,5600.4696
2024-09-10,7836.471449999999,9729.6572,5943.285699999999
2024-09-11,7837.83935,9591.6789,6083.9998000000005
2024-09-12,8080.379350000001,9926.1182,6234.6405
2024-09-13,8314.1613,10280.1968,6348.1258
2024-09-14,8288.372500000001,9972.0043,6604.7407
2024-09-15,7942.956550000001,9221.804,6664.109100000001
2024-09-16,7904.425300000001,9529.4909,6279.3597
2024-09-17,8325.7953,10245.6488,6405.9418000000005
2024-09-18,8039.5276,9484.7144,6594.3408
2024-09-19,8679.685300000001,10787.881,6571.4896
2024-09-20,8621.0767,10338.6498,6903.5036
2024-09-21,7511.70575,8649.6487,6373.7628
2024-09-22,7153.7502,8280.9825,6026.517900000001
2024-09-23,7082.57075,8254.233,5910.9085
2024-09-24,6924.53695,8168.538500000001,5680.5354
2024-09-25,6927.8218,8248.9044,5606.7392
2024-09-26,7570.829,9354.8176,5786.840399999999
2024-09-27,7632.5187,8962.0182,6303.0192
2024-09-28,6896.18595,7645.7397,6146.6322
2024-09-29,6579.49845,7526.9105,5632.0864
2024-09-30,7031.654850000001,8446.6401,5616.6696
2024-10-01,6929.68775,8277.688,5581.6875
2024-10-02,6843.569,8123.801100000001,5563.3369
2024-10-03,6969.486150000001,8329.9102,5609.0621
2024-10-04,7025.4999,8392.7107,5658.2891
2024-10-05,6775.59035,7767.0915,5784.0892
2024-10-06,6560.02305,7662.8691,5457.177
2024-10-07,7066.31965,8451.8812,5680.758100000001
2024-10-08,6693.2776,7980.026900000001,5406.5283
2024-10-09,6655.34255,7949.942000000001,5360.7431
2024-10-10,6495.6492,7728.2255,5263.0729
2024-10-11,6490.094800000001,7704.6436,5275.546
2024-10-12,6255.7999,7217.6481,5293.9517
2024-10-13,6362.82705,7461.1885,5264.4656
2024-10-14,6568.78695,7721.8932,5415.6807
2024-10-15,6571.1019,7831.7198,5310.484
2024-10-16,6637.03535,7865.8005,5408.2702
2024-10-17,6668.7875,7867.1819,5470.3931
2024-10-18,6604.65055,7719.9468,5489.3543
2024-10-19,6300.9702,7167.3321,5434.6083
2024-10-20,6338.983,7332.769200000001,5345.1968
2024-10-21,6864.0136,8324.3982,5403.629
2024-10-22,7145.365400000001,8710.5383,5580.1925
2024-10-23,7187.851849999999,8731.9623,5643.7414
2024-10-24,6902.5383,8071.9763,5733.1003
2024-10-25,6569.65055,7751.8993,5387.4018
2024-10-26,6255.1714,7135.3984,5374.9444
2024-10-27,6271.01165,7242.0887,5299.9346000000005
2024-10-28,6690.2376,7986.141399999999,5394.3338
2024-10-29,6727.567,8041.273499999999,5413.860500000001
2024-10-30,6848.0393,8267.5984,5428.4802
2024-10-31,7090.0298,8626.9581,5553.101500000001
2024-11-01,7126.8429,8446.6221,5807.0637
2024-11-02,6255.733050000001,7165.960800000001,5345.505300000001
2024-11-03,8197.280050000001,11086.6153,5307.944799999999
2024-11-04,6858.32595,8231.9881,5484.6638
2024-11-05,6897.63,8352.0241,5443.2359
2024-11-06,7232.9846,8918.1489,5547.8203
2024-11-07,7170.3759,8506.8939,5833.857900000001
2024-11-08,6699.2855,8029.1235,5369.4475
2024-11-09,6362.91085,7329.3303,5396.4914
2024-11-10,6448.45845,7409.4094,5487.5075
2024-11-11,6743.00795,8112.5233,5373.4926000000005
2024-11-12,6817.1074,8297.2237,5336.991099999999
2024-11-13,7072.25975,8472.7508,5671.7687000000005
2024-11-14,7187.279350000001,8574.3001,5800.2586
2024-11-15,6971.58855,8186.324699999999,5756.8524
2024-11-16,6563.5287,7441.8868,5685.1706
2024-11-17,6500.9094000000005,7471.628,5530.1908
2024-11-18,6844.222750000001,8193.582900000001,5494.8626
2024-11-19,6834.43185,8207.9895,5460.8742
2024-11-20,6826.5800500000005,8207.5344,5445.6257000000005
2024-11-21,6959.49905,8448.2543,5470.7438
2024-11-22,7247.226100000001,8683.2481,5811.204100000001
2024-11-23,6884.9317,7873.5046,5896.3588
2024-11-24,6745.9506,7760.2945,5731.6067
2024-11-25,7074.99885,8389.8031,5760.1946
2024-11-26,6955.8916500000005,8271.461500000001,5640.3218
2024-11-27,7000.5437,8256.8644,5744.223
2024-11-28,6680.80845,7679.6427,5681.974200000001
2024-11-29,6967.909250000001,8165.9071,5769.9114
2024-11-30,7142.797500000001,8173.133100000001,6112.4619
2024-12-01,7488.653850000001,8628.005000000001,6349.3027
2024-12-02,7901.9801,9357.6701,6446.2901
2024-12-03,7865.59725,9252.3949,6478.7996
2024-12-04,7943.622650000001,9352.0346,6535.2107000000005
2024-12-05,7905.322899999999,9449.5516,6361.0942
2024-12-06,8083.6902,9537.5722,6629.8082
2024-12-07,7603.454650000001,8564.4953,6642.414000000001
2024-12-08,7174.6168,8123.6745,6225.5591
2024-12-09,7445.58885,8862.7431,6028.4346
2024-12-10,7363.1865,8864.9778,5861.3952
2024-12-11,7218.2561,8666.210799999999,5770.3014
2024-12-12,7668.470649999999,9325.1914,6011.7499
2024-12-13,8140.07995,9586.416,6693.7439
2024-12-14,7914.06675,8921.7348,6906.3987
2024-12-15,7757.3259,8724.5491,6790.1027
2024-12-16,7683.132299999999,9081.3761,6284.888499999999
2024-12-17,7234.77635,8581.7091,5887.8436
2024-12-18,7317.7826,8687.8244,5947.7408
2024-12-19,7460.8409,8977.0875,5944.594300000001
2024-12-20,7781.9882,9288.7254,6275.251
2024-12-21,7917.276499999999,9270.0935,6564.459499999999
2024-12-22,8532.74865,9766.6271,7298.8702
2024-12-23,8943.829699999998,10194.9904,7692.669
2024-12-24,8173.825699999999,9249.3748,7098.276599999999
2024-12-25,7584.183849999999,8428.6089,6739.7588000000005
2024-12-26,8133.896,9374.8226,6892.9694
2024-12-27,8017.1088,9087.7751,6946.4425
2024-12-28,7247.173050000001,8152.181200000001,6342.164900000001
2024-12-29,6836.3325,7779.7556,5892.9094
2024-12-30,7041.601000000001,8324.2926,5758.9094
2024-12-31,7139.3861,8401.9246,5876.8476
