date,min_load,max_load,avg_load
2005-01-01,1939.27,2091.51,2015.39
2005-01-02,1860.4,1989.5900000000001,1924.9950000000001
2005-01-03,1995.7799999999997,2505.37,2250.575
2005-01-04,2119.7799999999997,2515.48,2317.63
2005-01-05,2117.62,2513.38,2315.5
2005-01-06,2113.34,2496.8799999999997,2305.1099999999997
2005-01-07,2126.2400000000002,2497.56,2311.9
2005-01-08,1932.5399999999997,2080.86,2006.6999999999998
2005-01-09,1843.0800000000002,1977.79,1910.435
2005-01-10,1989.94,2500.6800000000003,2245.3100000000004
2005-01-11,2116.7400000000002,2518.2000000000003,2317.4700000000003
2005-01-12,2119.66,2516.6199999999994,2318.1399999999994
2005-01-13,2105.4500000000003,2494.72,2300.085
2005-01-14,2124.4900000000002,2494.54,2309.5150000000003
2005-01-15,1933.8500000000001,2081.9,2007.875
2005-01-16,1854.1400000000003,1977.09,1915.6150000000002
2005-01-17,2004.7800000000002,2437.02,2220.9
2005-01-18,2114.8,2497.2599999999998,2306.0299999999997
2005-01-19,2108.01,2497.1600000000003,2302.585
2005-01-20,2101.96,2498.79,2300.375
2005-01-21,2120.01,2500.3900000000003,2310.2000000000003
2005-01-22,1927.37,2083.29,2005.33
2005-01-23,1855.05,1976.03,1915.54
2005-01-24,1986.2500000000002,2480.5699999999997,2233.41
2005-01-25,2106.7999999999997,2498.4,2302.6
2005-01-26,2105.17,2507.24,2306.205
2005-01-27,2101.14,2492.44,2296.79
2005-01-28,2118.6899999999996,2491.55,2305.12
2005-01-29,1925.9500000000003,2076.63,2001.2900000000002
2005-01-30,1845.04,1969.17,1907.105
2005-01-31,1981.7499999999998,2478.91,2230.33
2005-02-01,2130.36,2519.2400000000002,2324.8
2005-02-02,2130.96,2519.4,2325.1800000000003
2005-02-03,2129.9700000000003,2518.39,2324.1800000000003
2005-02-04,2143.66,2519.12,2331.39
2005-02-05,1981.9399999999998,2137.55,2059.745
2005-02-06,1896.42,2030.6400000000003,1963.5300000000002
2005-02-07,2000.7900000000002,2505.42,2253.105
2005-02-08,2123.46,2514.7799999999997,2319.12
2005-02-09,2119.32,2516.1900000000005,2317.755
2005-02-10,2122.6600000000003,2511.94,2317.3
2005-02-11,2136.71,2515.0299999999997,2325.87
2005-02-12,1978.84,2136.1,2057.47
2005-02-13,1899.4500000000003,2035.35,1967.4
2005-02-14,1996.58,2511.42,2254.0
2005-02-15,2124.95,2530.86,2327.9049999999997
2005-02-16,2127.66,2530.4700000000003,2329.065
2005-02-17,2115.8199999999997,2513.0000000000005,2314.41
2005-02-18,2131.63,2512.68,2322.1549999999997
2005-02-19,1977.76,2132.03,2054.895
2005-02-20,1902.7599999999995,2039.64,1971.1999999999998
2005-02-21,1889.3700000000001,2464.62,2176.995
2005-02-22,2127.2200000000003,2529.82,2328.5200000000004
2005-02-23,2126.79,2534.5200000000004,2330.655
2005-02-24,2113.6499999999996,2510.8199999999997,2312.2349999999997
2005-02-25,2129.61,2507.9,2318.755
2005-02-26,1973.32,2128.81,2051.065
2005-02-27,1891.5900000000001,2021.5500000000002,1956.5700000000002
2005-02-28,1990.5000000000002,2496.2000000000003,2243.3500000000004
2005-03-01,2132.32,2529.79,2331.0550000000003
2005-03-02,2131.04,2527.2900000000004,2329.165
2005-03-03,2131.53,2526.37,2328.95
2005-03-04,2151.3,2533.73,2342.5150000000003
2005-03-05,1949.5200000000002,2140.3,2044.9100000000003
2005-03-06,1886.6200000000001,2015.5600000000002,1951.0900000000001
2005-03-07,1996.7700000000002,2540.7999999999997,2268.785
2005-03-08,2128.59,2527.92,2328.255
2005-03-09,2127.16,2527.9799999999996,2327.5699999999997
2005-03-10,2124.16,2525.42,2324.79
2005-03-11,2149.1000000000004,2537.25,2343.175
2005-03-12,1953.96,2142.39,2048.175
2005-03-13,1887.41,2033.97,1960.69
2005-03-14,1987.22,2527.9900000000002,2257.605
2005-03-15,2125.54,2522.0600000000004,2323.8
2005-03-16,2128.62,2519.8199999999997,2324.22
2005-03-17,2128.4,2518.76,2323.58
2005-03-18,2147.61,2528.69,2338.15
2005-03-19,1948.64,2145.4,2047.02
2005-03-20,1881.8,2019.0800000000002,1950.44
2005-03-21,1993.28,2542.96,2268.12
2005-03-22,2132.44,2543.7,2338.0699999999997
2005-03-23,2126.07,2525.9199999999996,2325.995
2005-03-24,2128.17,2533.45,2330.81
2005-03-25,2149.38,2548.02,2348.7
2005-03-26,1947.5900000000001,2146.13,2046.8600000000001
2005-03-27,1874.81,2003.95,1939.38
2005-03-28,1983.75,2524.4199999999996,2254.085
2005-03-29,2125.12,2531.46,2328.29
2005-03-30,2128.49,2546.44,2337.465
2005-03-31,2133.64,2543.25,2338.4449999999997
2005-04-01,2197.51,2584.92,2391.215
2005-04-02,1989.23,2178.37,2083.8
2005-04-03,1977.29,2120.4700000000003,2048.88
2005-04-04,2083.7400000000002,2652.35,2368.045
2005-04-05,2228.5499999999997,2653.08,2440.8149999999996
2005-04-06,2231.55,2657.9199999999996,2444.7349999999997
2005-04-07,2226.26,2647.29,2436.775
2005-04-08,2247.3399999999992,2651.11,2449.2249999999995
2005-04-09,2049.85,2249.1400000000003,2149.495
2005-04-10,1988.47,2132.97,2060.72
2005-04-11,2089.79,2663.9700000000003,2376.88
2005-04-12,2224.35,2650.26,2437.3050000000003
2005-04-13,2226.7799999999997,2658.1499999999996,2442.4649999999997
2005-04-14,2223.8999999999996,2644.39,2434.1449999999995
2005-04-15,2244.82,2644.6600000000003,2444.7400000000002
2005-04-16,2048.34,2243.84,2146.09
2005-04-17,1982.07,2126.88,2054.475
2005-04-18,2085.08,2653.54,2369.31
2005-04-19,2225.81,2649.71,2437.76
2005-04-20,2226.71,2654.47,2440.59
2005-04-21,2230.29,2658.9000000000005,2444.5950000000003
2005-04-22,2253.9100000000003,2663.5599999999995,2458.7349999999997
2005-04-23,2044.34,2242.59,2143.465
2005-04-24,1973.9399999999998,2113.5,2043.7199999999998
2005-04-25,2076.71,2637.11,2356.91
2005-04-26,2218.84,2645.2500000000005,2432.045
2005-04-27,2220.1600000000003,2649.48,2434.82
2005-04-28,2226.19,2658.62,2442.4049999999997
2005-04-29,2253.6200000000003,2665.0099999999998,2459.315
2005-04-30,2035.9900000000002,2234.44,2135.215
2005-05-01,2038.0,2185.75,2111.875
2005-05-02,2142.72,2731.5800000000004,2437.15
2005-05-03,2291.83,2725.41,2508.62
2005-05-04,2293.2200000000003,2725.87,2509.545
2005-05-05,2291.27,2728.6,2509.935
2005-05-06,2314.18,2736.7400000000002,2525.46
2005-05-07,2113.6200000000003,2322.7299999999996,2218.175
2005-05-08,2052.18,2190.06,2121.12
2005-05-09,2150.58,2749.74,2450.16
2005-05-10,2302.6699999999996,2745.1400000000003,2523.9049999999997
2005-05-11,2304.9100000000003,2746.2799999999997,2525.5950000000003
2005-05-12,2306.13,2744.66,2525.395
2005-05-13,2326.1899999999996,2748.67,2537.43
2005-05-14,2122.8799999999997,2329.21,2226.045
2005-05-15,2055.3,2211.33,2133.315
2005-05-16,2156.0,2746.0299999999997,2451.015
2005-05-17,2299.5600000000004,2741.5699999999997,2520.565
2005-05-18,2301.28,2745.88,2523.58
2005-05-19,2303.12,2748.7400000000002,2525.9300000000003
2005-05-20,2328.12,2753.61,2540.865
2005-05-21,2136.0099999999998,2343.0,2239.505
2005-05-22,2067.1800000000003,2224.6600000000003,2145.92
2005-05-23,2168.3399999999997,2765.1499999999996,2466.745
2005-05-24,2310.5899999999997,2753.72,2532.1549999999997
2005-05-25,2310.0499999999997,2755.8,2532.925
2005-05-26,2310.0,2751.8599999999997,2530.93
2005-05-27,2329.1099999999997,2754.28,2541.6949999999997
2005-05-28,2127.12,2338.8900000000003,2233.005
2005-05-29,2058.23,2210.95,2134.59
2005-05-30,2025.18,2273.03,2149.105
2005-05-31,2303.5200000000004,2748.46,2525.9900000000002
2005-06-01,2347.0800000000004,2686.1399999999994,2516.6099999999997
2005-06-02,2349.0899999999997,2695.19,2522.14
2005-06-03,2367.76,2707.86,2537.8100000000004
2005-06-04,2244.4700000000003,2438.12,2341.295
2005-06-05,2173.76,2306.45,2240.105
2005-06-06,2235.5,2701.7700000000004,2468.635
2005-06-07,2362.0,2710.6499999999996,2536.325
2005-06-08,2362.39,2709.9700000000003,2536.1800000000003
2005-06-09,2361.29,2709.2699999999995,2535.2799999999997
2005-06-10,2374.0600000000004,2716.2,2545.13
2005-06-11,2248.1800000000003,2438.5399999999995,2343.3599999999997
2005-06-12,2173.66,2309.5,2241.58
2005-06-13,2236.05,2703.7600000000007,2469.9050000000007
2005-06-14,2361.09,2711.07,2536.08
2005-06-15,2360.6700000000005,2709.71,2535.1900000000005
2005-06-16,2362.13,2712.38,2537.255
2005-06-17,2376.9,2721.75,2549.325
2005-06-18,2252.3199999999997,2441.4100000000003,2346.865
2005-06-19,2174.98,2309.76,2242.37
2005-06-20,2235.4100000000003,2698.83,2467.12
2005-06-21,2356.71,2704.43,2530.5699999999997
2005-06-22,2357.2900000000004,2705.7400000000002,2531.5150000000003
2005-06-23,2358.36,2706.6899999999996,2532.5249999999996
2005-06-24,2371.59,2712.6200000000003,2542.1050000000005
2005-06-25,2247.21,2439.6200000000003,2343.415
2005-06-26,2173.39,2310.75,2242.0699999999997
2005-06-27,2235.64,2700.9,2468.27
2005-06-28,2359.15,2708.29,2533.7200000000003
2005-06-29,2360.98,2711.08,2536.0299999999997
2005-06-30,2362.9900000000002,2714.5899999999997,2538.79
2005-07-01,2359.9500000000003,2705.25,2532.6000000000004
2005-07-02,2197.96,2383.7899999999995,2290.875
2005-07-03,2120.69,2254.29,2187.49
2005-07-04,2069.6,2349.92,2209.76
2005-07-05,2347.7700000000004,2696.7099999999996,2522.24
2005-07-06,2348.65,2699.58,2524.115
2005-07-07,2349.42,2697.12,2523.27
2005-07-08,2354.96,2688.87,2521.915
2005-07-09,2182.9700000000003,2371.9100000000003,2277.4400000000005
2005-07-10,2111.8,2249.3599999999997,2180.58
2005-07-11,2218.2599999999998,2679.53,2448.895
2005-07-12,2343.31,2690.5599999999995,2516.9349999999995
2005-07-13,2344.6200000000003,2692.57,2518.5950000000003
2005-07-14,2344.47,2686.5099999999998,2515.49
2005-07-15,2351.08,2680.48,2515.7799999999997
2005-07-16,2181.13,2367.0,2274.065
2005-07-17,2110.72,2240.7599999999998,2175.74
2005-07-18,2218.08,2680.64,2449.3599999999997
2005-07-19,2343.4300000000003,2689.48,2516.455
2005-07-20,2345.3599999999997,2689.61,2517.4849999999997
2005-07-21,2343.9399999999996,2688.1399999999994,2516.0399999999995
2005-07-22,2357.6400000000003,2696.03,2526.835
2005-07-23,2191.6899999999996,2376.9700000000003,2284.33
2005-07-24,2118.42,2251.19,2184.8050000000003
2005-07-25,2224.25,2688.7400000000002,2456.495
2005-07-26,2347.5700000000006,2694.4000000000005,2520.9850000000006
2005-07-27,2346.55,2691.87,2519.21
2005-07-28,2348.43,2696.3999999999996,2522.415
2005-07-29,2363.3,2704.1699999999996,2533.7349999999997
2005-07-30,2195.49,2378.91,2287.2
2005-07-31,2118.68,2254.16,2186.42
2005-08-01,2295.99,2772.35,2534.17
2005-08-02,2422.48,2778.85,2600.665
2005-08-03,2423.42,2779.5899999999997,2601.505
2005-08-04,2422.61,2777.4100000000003,2600.01
2005-08-05,2435.2000000000003,2780.3999999999996,2607.8
2005-08-06,2321.87,2517.48,2419.675
2005-08-07,2249.27,2388.7099999999996,2318.99
2005-08-08,2295.3600000000006,2771.9400000000005,2533.6500000000005
2005-08-09,2419.0,2768.97,2593.9849999999997
2005-08-10,2420.7900000000004,2778.370000000001,2599.580000000001
2005-08-11,2424.02,2781.53,2602.775
2005-08-12,2441.75,2793.45,2617.6
2005-08-13,2326.2599999999998,2525.52,2425.89
2005-08-14,2255.23,2390.6400000000003,2322.9350000000004
2005-08-15,2298.8399999999997,2773.8100000000004,2536.325
2005-08-16,2423.83,2777.7,2600.765
2005-08-17,2424.26,2781.17,2602.715
2005-08-18,2426.97,2783.8900000000003,2605.4300000000003
2005-08-19,2444.0400000000004,2797.4100000000003,2620.7250000000004
2005-08-20,2328.4700000000003,2528.1,2428.285
2005-08-21,2256.1899999999996,2398.4700000000003,2327.33
2005-08-22,2305.3599999999997,2783.99,2544.6749999999997
2005-08-23,2431.2799999999997,2789.1400000000003,2610.21
2005-08-24,2431.5699999999997,2789.0099999999998,2610.29
2005-08-25,2430.99,2784.0,2607.495
2005-08-26,2445.46,2798.93,2622.1949999999997
2005-08-27,2333.3300000000004,2531.6500000000005,2432.4900000000007
2005-08-28,2258.2699999999995,2395.8700000000003,2327.0699999999997
2005-08-29,2305.8900000000003,2785.37,2545.63
2005-08-30,2429.9599999999996,2786.1099999999997,2608.035
2005-08-31,2431.7499999999995,2789.6699999999996,2610.7099999999996
2005-09-01,2373.8999999999996,2721.9700000000003,2547.935
2005-09-02,2385.6299999999997,2725.93,2555.7799999999997
2005-09-03,2234.0,2424.4299999999994,2329.2149999999997
2005-09-04,2163.6,2299.2299999999996,2231.415
2005-09-05,2069.7,2250.1099999999997,2159.9049999999997
2005-09-06,2369.68,2715.6400000000003,2542.66
2005-09-07,2366.65,2711.37,2539.01
2005-09-08,2367.4000000000005,2714.2099999999996,2540.8050000000003
2005-09-09,2383.3900000000003,2725.5699999999997,2554.48
2005-09-10,2230.1899999999996,2423.35,2326.7699999999995
2005-09-11,2164.3,2294.26,2229.28
2005-09-12,2244.2,2708.9399999999996,2476.5699999999997
2005-09-13,2371.95,2721.08,2546.515
2005-09-14,2375.2999999999997,2726.4599999999996,2550.8799999999997
2005-09-15,2380.21,2732.41,2556.31
2005-09-16,2396.5999999999995,2741.77,2569.1849999999995
2005-09-17,2246.5899999999997,2440.92,2343.755
2005-09-18,2176.95,2310.45,2243.7
2005-09-19,2254.5200000000004,2722.69,2488.6050000000005
2005-09-20,2377.74,2726.7699999999995,2552.2549999999997
2005-09-21,2379.9000000000005,2734.55,2557.2250000000004
2005-09-22,2382.7999999999997,2736.4700000000003,2559.635
2005-09-23,2397.22,2738.5000000000005,2567.86
2005-09-24,2247.94,2432.7699999999995,2340.3549999999996
2005-09-25,2179.12,2317.8900000000003,2248.505
2005-09-26,2261.19,2734.1699999999996,2497.68
2005-09-27,2387.9999999999995,2740.29,2564.1449999999995
2005-09-28,2387.65,2740.05,2563.8500000000004
2005-09-29,2385.27,2731.28,2558.275
2005-09-30,2389.59,2723.96,2556.775
2005-10-01,2141.0299999999997,2358.1300000000006,2249.58
2005-10-02,2081.81,2234.9900000000002,2158.4
2005-10-03,2102.97,2683.9900000000002,2393.48
2005-10-04,2245.25,2673.19,2459.2200000000003
2005-10-05,2244.97,2674.9,2459.935
2005-10-06,2242.49,2674.6800000000003,2458.585
2005-10-07,2246.9599999999996,2640.3699999999994,2443.6649999999995
2005-10-08,2117.79,2321.5599999999995,2219.6749999999997
2005-10-09,2055.35,2208.19,2131.77
2005-10-10,2080.0299999999997,2651.6099999999997,2365.8199999999997
2005-10-11,2228.96,2658.08,2443.52
2005-10-12,2233.1299999999997,2665.1200000000003,2449.125
2005-10-13,2235.27,2664.19,2449.73
2005-10-14,2256.08,2664.82,2460.45
2005-10-15,2131.0599999999995,2344.56,2237.8099999999995
2005-10-16,2068.05,2223.09,2145.57
2005-10-17,2087.41,2670.2599999999998,2378.835
2005-10-18,2231.76,2664.78,2448.2700000000004
2005-10-19,2233.2400000000002,2666.26,2449.75
2005-10-20,2235.6400000000003,2668.62,2452.13
2005-10-21,2258.65,2667.8700000000003,2463.26
2005-10-22,2123.9900000000002,2329.5900000000006,2226.7900000000004
2005-10-23,2062.29,2213.08,2137.685
2005-10-24,2074.37,2632.55,2353.46
2005-10-25,2219.4600000000005,2628.64,2424.05
2005-10-26,2214.33,2630.8800000000006,2422.6050000000005
2005-10-27,2219.75,2638.4500000000003,2429.1000000000004
2005-10-28,2239.8199999999997,2634.25,2437.035
2005-10-29,2116.81,2318.5899999999997,2217.7
2005-10-30,2008.2800000000002,2159.1,2083.69
2005-10-31,2036.73,2601.5800000000004,2319.155
2005-11-01,2146.1099999999997,2547.73,2346.92
2005-11-02,2145.85,2550.6000000000004,2348.2250000000004
2005-11-03,2148.52,2561.2099999999996,2354.865
2005-11-04,2172.2400000000002,2576.56,2374.4
2005-11-05,2018.8400000000004,2223.44,2121.1400000000003
2005-11-06,1958.52,2106.06,2032.29
2005-11-07,2031.1000000000001,2590.4500000000007,2310.7750000000005
2005-11-08,2171.98,2587.1300000000006,2379.5550000000003
2005-11-09,2170.84,2588.59,2379.715
2005-11-10,2170.75,2583.85,2377.3
2005-11-11,2188.21,2582.88,2385.545
2005-11-12,2020.82,2228.2599999999998,2124.54
2005-11-13,1960.5199999999998,2108.9300000000003,2034.725
2005-11-14,2031.73,2593.67,2312.7
2005-11-15,2173.61,2588.2299999999996,2380.92
2005-11-16,2152.11,2546.6,2349.355
2005-11-17,2157.71,2549.0699999999997,2353.39
2005-11-18,2176.5,2553.1,2364.8
2005-11-19,2005.0900000000001,2199.11,2102.1000000000004
2005-11-20,1942.8600000000001,2080.44,2011.65
2005-11-21,2015.5,2554.6,2285.05
2005-11-22,2156.9,2553.9199999999996,2355.41
2005-11-23,2148.9300000000003,2563.39,2356.16
2005-11-24,1797.69,1945.2599999999998,1871.475
2005-11-25,1781.18,1968.1000000000001,1874.64
2005-11-26,2008.1499999999999,2205.28,2106.715
2005-11-27,1951.7,2102.82,2027.2600000000002
2005-11-28,2014.1299999999999,2560.15,2287.14
2005-11-29,2156.88,2550.7000000000003,2353.79
2005-11-30,2158.18,2554.2599999999998,2356.22
2005-12-01,2103.97,2497.88,2300.925
2005-12-02,2120.7999999999997,2497.83,2309.3149999999996
2005-12-03,1967.1699999999998,2125.87,2046.52
2005-12-04,1883.67,2007.0800000000002,1945.375
2005-12-05,1983.7799999999997,2479.67,2231.725
2005-12-06,2112.94,2495.43,2304.185
2005-12-07,2109.9,2495.87,2302.885
2005-12-08,2125.97,2505.27,2315.62
2005-12-09,2137.08,2505.16,2321.12
2005-12-10,1958.91,2108.61,2033.7600000000002
2005-12-11,1876.1299999999999,2002.0700000000002,1939.1
2005-12-12,1987.8100000000002,2485.2900000000004,2236.55
2005-12-13,2109.96,2499.25,2304.605
2005-12-14,2109.53,2501.62,2305.575
2005-12-15,2110.1400000000003,2493.97,2302.0550000000003
2005-12-16,2128.94,2499.07,2314.005
2005-12-17,1962.84,2112.23,2037.5349999999999
2005-12-18,1880.18,2005.08,1942.63
2005-12-19,1974.1899999999998,2275.94,2125.065
2005-12-20,2067.2400000000002,2286.64,2176.94
2005-12-21,2064.19,2286.14,2175.165
2005-12-22,2066.45,2285.8599999999997,2176.1549999999997
2005-12-23,2007.36,2296.48,2151.92
2005-12-24,1957.0999999999997,2110.88,2033.9899999999998
2005-12-25,1873.59,2001.03,1937.31
2005-12-26,1619.85,1709.64,1664.745
2005-12-27,1943.93,2173.97,2058.95
2005-12-28,1940.1200000000001,2163.83,2051.975
2005-12-29,1941.17,2160.2000000000003,2050.6850000000004
2005-12-30,1915.45,2164.3700000000003,2039.9100000000003
2005-12-31,1955.1399999999999,2104.88,2030.01
2006-01-01,1858.58,1993.7900000000002,1926.185
2006-01-02,1642.8799999999999,1895.0800000000002,1768.98
2006-01-03,2109.26,2506.2999999999997,2307.7799999999997
2006-01-04,2111.37,2508.9500000000003,2310.16
2006-01-05,2107.8599999999997,2498.83,2303.345
2006-01-06,2123.85,2495.76,2309.8050000000003
2006-01-07,1931.83,2080.24,2006.0349999999999
2006-01-08,1848.66,1982.79,1915.725
2006-01-09,1988.75,2500.09,2244.42
2006-01-10,2107.12,2494.6900000000005,2300.905
2006-01-11,2110.92,2495.0000000000005,2302.96
2006-01-12,2106.59,2504.4599999999996,2305.5249999999996
2006-01-13,2122.11,2497.08,2309.5950000000003
2006-01-14,1928.5799999999997,2077.16,2002.87
2006-01-15,1842.53,1974.09,1908.31
2006-01-16,1997.46,2442.64,2220.05
2006-01-17,2106.35,2492.7000000000003,2299.525
2006-01-18,2108.33,2496.59,2302.46
2006-01-19,2107.77,2504.42,2306.0950000000003
2006-01-20,2127.6099999999997,2512.0,2319.805
2006-01-21,1925.6999999999998,2076.9700000000003,2001.335
2006-01-22,1845.9099999999999,1971.1200000000001,1908.5149999999999
2006-01-23,1981.8199999999997,2480.1499999999996,2230.9849999999997
2006-01-24,2105.28,2493.9900000000002,2299.635
2006-01-25,2106.96,2495.1,2301.0299999999997
2006-01-26,2104.34,2493.2200000000003,2298.78
2006-01-27,2118.81,2495.79,2307.3
2006-01-28,1927.9100000000003,2084.8799999999997,2006.395
2006-01-29,1844.71,1977.1100000000001,1910.91
2006-01-30,1983.2199999999998,2488.78,2236.0
2006-01-31,2102.91,2492.7,2297.805
2006-02-01,2123.96,2522.7099999999996,2323.335
2006-02-02,2125.9100000000003,2532.45,2329.1800000000003
2006-02-03,2138.79,2518.5099999999998,2328.6499999999996
2006-02-04,1981.55,2135.75,2058.65
2006-02-05,1900.1000000000001,2030.17,1965.1350000000002
2006-02-06,1999.6,2506.39,2252.995
2006-02-07,2122.88,2512.5899999999997,2317.7349999999997
2006-02-08,2123.91,2514.890000000001,2319.4000000000005
2006-02-09,2123.7,2515.4900000000002,2319.5950000000003
2006-02-10,2135.41,2519.0,2327.205
2006-02-11,1982.8200000000002,2136.98,2059.9
2006-02-12,1903.58,2028.8799999999999,1966.23
2006-02-13,2003.02,2502.13,2252.575
2006-02-14,2122.42,2515.8,2319.11
2006-02-15,2120.15,2525.07,2322.61
2006-02-16,2123.18,2534.81,2328.995
2006-02-17,2132.63,2513.2,2322.915
2006-02-18,1982.3100000000002,2136.78,2059.545
2006-02-19,1911.2299999999998,2034.5499999999997,1972.8899999999999
2006-02-20,1891.05,2446.23,2168.64
2006-02-21,2119.42,2512.8,2316.11
2006-02-22,2117.34,2527.14,2322.24
2006-02-23,2116.22,2510.04,2313.13
2006-02-24,2129.85,2510.5099999999998,2320.18
2006-02-25,1974.1699999999998,2130.3,2052.235
2006-02-26,1891.38,2021.3400000000001,1956.3600000000001
2006-02-27,1992.29,2497.28,2244.785
2006-02-28,2114.19,2520.02,2317.105
2006-03-01,2136.4300000000003,2548.29,2342.36
2006-03-02,2140.14,2551.14,2345.64
2006-03-03,2159.34,2548.0600000000004,2353.7000000000003
2006-03-04,1949.18,2140.8,2044.9900000000002
2006-03-05,1890.28,2027.51,1958.895
2006-03-06,1997.37,2553.95,2275.66
2006-03-07,2141.3300000000004,2545.22,2343.275
2006-03-08,2141.2000000000003,2554.22,2347.71
2006-03-09,2143.0400000000004,2553.1199999999994,2348.08
2006-03-10,2157.75,2547.66,2352.705
2006-03-11,1963.97,2166.39,2065.18
2006-03-12,1902.32,2041.62,1971.9699999999998
2006-03-13,2007.63,2553.5900000000006,2280.6100000000006
2006-03-14,2131.24,2530.9399999999996,2331.0899999999997
2006-03-15,2127.98,2525.8900000000003,2326.9350000000004
2006-03-16,2130.0099999999998,2548.12,2339.0649999999996
2006-03-17,2156.13,2551.44,2353.785
2006-03-18,1950.37,2148.1,2049.2349999999997
2006-03-19,1893.75,2033.1200000000001,1963.435
2006-03-20,2000.5900000000001,2550.3,2275.445
2006-03-21,2126.36,2520.39,2323.375
2006-03-22,2124.42,2517.57,2320.995
2006-03-23,2126.63,2517.7799999999997,2322.205
2006-03-24,2147.09,2521.0,2334.045
2006-03-25,1942.85,2131.32,2037.085
2006-03-26,1878.7799999999997,2009.7,1944.2399999999998
2006-03-27,1988.2399999999998,2536.98,2262.6099999999997
2006-03-28,2127.8500000000004,2523.05,2325.4500000000003
2006-03-29,2128.46,2532.74,2330.6
2006-03-30,2127.6200000000003,2541.9100000000003,2334.7650000000003
2006-03-31,2155.13,2553.31,2354.2200000000003
2006-04-01,2004.83,2214.63,2109.73
2006-04-02,2002.1699999999998,2145.02,2073.595
2006-04-03,2099.4700000000003,2676.95,2388.21
2006-04-04,2241.01,2666.2999999999997,2453.6549999999997
2006-04-05,2238.9900000000002,2665.91,2452.45
2006-04-06,2239.0499999999997,2665.6099999999997,2452.33
2006-04-07,2261.5599999999995,2672.4399999999996,2466.9999999999995
2006-04-08,2050.5099999999998,2244.4599999999996,2147.4849999999997
2006-04-09,1980.8900000000003,2125.7799999999997,2053.335
2006-04-10,2080.36,2650.72,2365.54
2006-04-11,2223.86,2653.2799999999997,2438.5699999999997
2006-04-12,2227.66,2655.4799999999996,2441.5699999999997
2006-04-13,2228.36,2656.57,2442.465
2006-04-14,2250.78,2662.51,2456.6450000000004
2006-04-15,2056.65,2262.2400000000002,2159.445
2006-04-16,1995.32,2145.7000000000003,2070.51
2006-04-17,2097.2999999999997,2679.39,2388.345
2006-04-18,2240.52,2669.4599999999996,2454.99
2006-04-19,2240.35,2668.82,2454.585
2006-04-20,2238.59,2668.1000000000004,2453.3450000000003
2006-04-21,2255.9700000000003,2664.7099999999996,2460.34
2006-04-22,2059.44,2261.13,2160.285
2006-04-23,1990.74,2141.48,2066.11
2006-04-24,2093.37,2673.859999999999,2383.615
2006-04-25,2239.56,2670.4900000000002,2455.025
2006-04-26,2224.6,2634.4599999999996,2429.5299999999997
2006-04-27,2220.55,2640.61,2430.58
2006-04-28,2246.5600000000004,2660.14,2453.3500000000004
2006-04-29,2057.1600000000003,2259.04,2158.1000000000004
2006-04-30,1984.34,2140.84,2062.59
2006-05-01,2158.18,2761.2400000000002,2459.71
2006-05-02,2309.79,2754.5299999999997,2532.16
2006-05-03,2312.28,2755.8799999999997,2534.08
2006-05-04,2312.07,2753.04,2532.5550000000003
2006-05-05,2332.79,2757.83,2545.31
2006-05-06,2124.8700000000003,2332.66,2228.7650000000003
2006-05-07,2062.01,2212.25,2137.13
2006-05-08,2161.25,2760.2,2460.725
2006-05-09,2313.3700000000003,2759.7,2536.535
2006-05-10,2316.52,2761.69,2539.105
2006-05-11,2305.63,2740.54,2523.085
2006-05-12,2319.8399999999997,2740.85,2530.345
2006-05-13,2123.88,2327.9200000000005,2225.9000000000005
2006-05-14,2059.0600000000004,2205.7799999999997,2132.42
2006-05-15,2155.1,2742.15,2448.625
2006-05-16,2294.5099999999998,2736.24,2515.375
2006-05-17,2294.0899999999997,2740.57,2517.33
2006-05-18,2296.7200000000003,2747.65,2522.1850000000004
2006-05-19,2326.39,2757.14,2541.765
2006-05-20,2122.9100000000003,2335.78,2229.3450000000003
2006-05-21,2057.22,2212.6499999999996,2134.9349999999995
2006-05-22,2160.29,2759.39,2459.84
2006-05-23,2307.84,2752.1499999999996,2529.995
2006-05-24,2308.7,2754.8500000000004,2531.775
2006-05-25,2310.53,2759.2200000000003,2534.875
2006-05-26,2335.4099999999994,2763.7699999999995,2549.5899999999992
2006-05-27,2130.48,2346.95,2238.715
2006-05-28,2066.9800000000005,2209.15,2138.0650000000005
2006-05-29,2030.6000000000004,2276.4099999999994,2153.505
2006-05-30,2306.0800000000004,2742.6600000000003,2524.3700000000003
2006-05-31,2303.63,2736.19,2519.91
2006-06-01,2346.15,2684.5499999999997,2515.35
2006-06-02,2360.3100000000004,2699.61,2529.96
2006-06-03,2241.4700000000007,2429.7799999999997,2335.625
2006-06-04,2167.11,2302.3999999999996,2234.755
2006-06-05,2230.53,2694.9599999999996,2462.745
2006-06-06,2354.4900000000002,2700.3500000000004,2527.42
2006-06-07,2354.08,2700.1800000000003,2527.13
2006-06-08,2355.27,2702.3900000000003,2528.83
2006-06-09,2372.1000000000004,2716.8999999999996,2544.5
2006-06-10,2247.13,2439.6299999999997,2343.38
2006-06-11,2171.0499999999997,2305.2100000000005,2238.13
2006-06-12,2231.41,2693.8799999999997,2462.6449999999995
2006-06-13,2358.1,2709.6900000000005,2533.8950000000004
2006-06-14,2357.17,2702.2200000000003,2529.695
2006-06-15,2356.08,2703.27,2529.675
2006-06-16,2372.3300000000004,2712.4999999999995,2542.415
2006-06-17,2242.75,2436.5,2339.625
2006-06-18,2170.42,2303.64,2237.0299999999997
2006-06-19,2229.1700000000005,2687.6,2458.385
2006-06-20,2348.5200000000004,2688.1500000000005,2518.3350000000005
2006-06-21,2351.6200000000003,2701.33,2526.4750000000004
2006-06-22,2356.63,2704.29,2530.46
2006-06-23,2370.31,2711.9300000000003,2541.12
2006-06-24,2250.2999999999997,2438.41,2344.3549999999996
2006-06-25,2175.4,2314.18,2244.79
2006-06-26,2238.34,2703.23,2470.785
2006-06-27,2356.74,2699.4999999999995,2528.12
2006-06-28,2353.76,2697.6,2525.6800000000003
2006-06-29,2353.31,2698.54,2525.925
2006-06-30,2367.76,2707.24,2537.5
2006-07-01,2171.71,2364.2100000000005,2267.96
2006-07-02,2105.41,2231.6000000000004,2168.505
2006-07-03,2207.56,2661.14,2434.35
2006-07-04,2158.2599999999998,2325.4100000000003,2241.835
2006-07-05,2332.36,2672.9399999999996,2502.6499999999996
2006-07-06,2333.5699999999997,2677.46,2505.515
2006-07-07,2350.0100000000007,2686.97,2518.4900000000002
2006-07-08,2183.05,2370.94,2276.995
2006-07-09,2112.28,2240.31,2176.295
2006-07-10,2218.09,2682.69,2450.3900000000003
2006-07-11,2343.89,2691.6399999999994,2517.7649999999994
2006-07-12,2344.74,2691.7700000000004,2518.255
2006-07-13,2345.6300000000006,2692.3699999999994,2519.0
2006-07-14,2358.7400000000002,2698.2,2528.4700000000003
2006-07-15,2192.7400000000002,2380.9100000000003,2286.8250000000003
2006-07-16,2118.62,2253.37,2185.995
2006-07-17,2225.16,2690.8100000000004,2457.985
2006-07-18,2348.5200000000004,2691.27,2519.8950000000004
2006-07-19,2345.79,2692.3100000000004,2519.05
2006-07-20,2344.91,2690.3100000000004,2517.61
2006-07-21,2359.9300000000003,2701.7,2530.815
2006-07-22,2186.03,2381.4199999999996,2283.725
2006-07-23,2115.84,2247.5200000000004,2181.6800000000003
2006-07-24,2216.5199999999995,2671.79,2444.1549999999997
2006-07-25,2337.91,2674.52,2506.215
2006-07-26,2336.13,2673.8199999999997,2504.975
2006-07-27,2340.96,2688.11,2514.535
2006-07-28,2360.5000000000005,2704.0499999999997,2532.275
2006-07-29,2195.08,2384.2,2289.64
2006-07-30,2122.0299999999997,2253.15,2187.59
2006-07-31,2226.06,2688.6199999999994,2457.3399999999997
2006-08-01,2423.42,2778.83,2601.125
2006-08-02,2423.8399999999997,2779.64,2601.74
2006-08-03,2422.76,2777.24,2600.0
2006-08-04,2438.42,2790.2999999999997,2614.3599999999997
2006-08-05,2321.6400000000003,2520.37,2421.005
2006-08-06,2249.4000000000005,2384.31,2316.8550000000005
2006-08-07,2295.0099999999998,2768.83,2531.92
2006-08-08,2421.63,2776.52,2599.075
2006-08-09,2424.07,2781.56,2602.815
2006-08-10,2425.42,2780.0400000000004,2602.7300000000005
2006-08-11,2439.5400000000004,2789.1,2614.32
2006-08-12,2324.82,2523.56,2424.19
2006-08-13,2253.4199999999996,2392.7,2323.0599999999995
2006-08-14,2301.48,2780.4300000000003,2540.955
2006-08-15,2427.81,2785.4500000000003,2606.63
2006-08-16,2429.4399999999996,2786.9499999999994,2608.1949999999997
2006-08-17,2430.0199999999995,2788.55,2609.285
2006-08-18,2446.91,2800.04,2623.475
2006-08-19,2318.6600000000008,2522.81,2420.7350000000006
2006-08-20,2255.2,2395.3500000000004,2325.275
2006-08-21,2303.0600000000004,2783.1400000000003,2543.1000000000004
2006-08-22,2430.4,2785.8900000000003,2608.1450000000004
2006-08-23,2426.3799999999997,2775.3199999999997,2600.8499999999995
2006-08-24,2426.82,2786.0499999999997,2606.435
2006-08-25,2445.0200000000004,2799.09,2622.0550000000003
2006-08-26,2324.67,2527.43,2426.05
2006-08-27,2260.33,2396.3300000000004,2328.33
2006-08-28,2305.85,2788.3499999999995,2547.0999999999995
2006-08-29,2433.2000000000003,2791.68,2612.44
2006-08-30,2431.35,2783.7599999999998,2607.555
2006-08-31,2426.0299999999997,2778.9700000000003,2602.5
2006-09-01,2383.7000000000003,2728.58,2556.1400000000003
2006-09-02,2237.5,2430.54,2334.02
2006-09-03,2165.61,2300.36,2232.985
2006-09-04,2071.75,2247.2000000000003,2159.4750000000004
2006-09-05,2367.2799999999997,2706.3700000000003,2536.825
2006-09-06,2360.8900000000003,2704.1200000000003,2532.505
2006-09-07,2361.16,2706.38,2533.77
2006-09-08,2379.14,2720.23,2549.685
2006-09-09,2224.23,2416.51,2320.37
2006-09-10,2159.02,2291.86,2225.44
2006-09-11,2241.2599999999998,2706.36,2473.81
2006-09-12,2368.3199999999997,2713.53,2540.925
2006-09-13,2368.44,2712.97,2540.705
2006-09-14,2367.57,2712.31,2539.94
2006-09-15,2385.6699999999996,2728.8500000000004,2557.26
2006-09-16,2246.46,2440.83,2343.645
2006-09-17,2177.39,2307.84,2242.615
2006-09-18,2250.0299999999997,2709.7599999999998,2479.8949999999995
2006-09-19,2365.1299999999997,2702.56,2533.845
2006-09-20,2360.19,2701.04,2530.615
2006-09-21,2363.32,2711.9300000000003,2537.625
2006-09-22,2392.39,2743.5800000000004,2567.985
2006-09-23,2248.7,2446.5900000000006,2347.6450000000004
2006-09-24,2170.89,2289.76,2230.325
2006-09-25,2239.14,2690.86,2465.0
2006-09-26,2355.73,2695.65,2525.69
2006-09-27,2357.09,2700.78,2528.9350000000004
2006-09-28,2363.5000000000005,2708.6299999999997,2536.065
2006-09-29,2378.02,2713.0299999999997,2545.5249999999996
2006-09-30,2241.3599999999997,2431.06,2336.21
2006-10-01,2076.23,2230.0600000000004,2153.1450000000004
2006-10-02,2097.35,2675.97,2386.66
2006-10-03,2239.61,2670.21,2454.91
2006-10-04,2239.81,2669.71,2454.76
2006-10-05,2240.3900000000003,2675.2900000000004,2457.84
2006-10-06,2262.3799999999997,2676.08,2469.2299999999996
2006-10-07,2128.65,2343.93,2236.29
2006-10-08,2066.27,2222.06,2144.165
2006-10-09,2089.2799999999997,2670.04,2379.66
2006-10-10,2235.18,2658.47,2446.825
2006-10-11,2231.91,2658.92,2445.415
2006-10-12,2231.07,2660.4599999999996,2445.765
2006-10-13,2244.72,2637.5599999999995,2441.1399999999994
2006-10-14,2127.6,2335.9800000000005,2231.79
2006-10-15,2070.8,2219.48,2145.1400000000003
2006-10-16,2095.68,2674.77,2385.225
2006-10-17,2240.93,2675.6400000000003,2458.285
2006-10-18,2246.0699999999993,2674.6299999999997,2460.3499999999995
2006-10-19,2232.53,2641.76,2437.1450000000004
2006-10-20,2242.5400000000004,2636.29,2439.415
2006-10-21,2131.08,2338.89,2234.9849999999997
2006-10-22,2059.66,2196.54,2128.1
2006-10-23,2074.25,2634.85,2354.55
2006-10-24,2220.0499999999997,2642.3900000000003,2431.2200000000003
2006-10-25,2226.81,2658.2799999999997,2442.545
2006-10-26,2239.84,2670.0399999999995,2454.9399999999996
2006-10-27,2255.49,2649.6700000000005,2452.58
2006-10-28,2117.91,2324.5,2221.205
2006-10-29,2004.4499999999998,2154.77,2079.6099999999997
2006-10-30,2033.2399999999998,2604.88,2319.06
2006-10-31,2183.05,2610.9999999999995,2397.0249999999996
2006-11-01,2158.8100000000004,2562.71,2360.76
2006-11-02,2146.25,2547.51,2346.88
2006-11-03,2170.17,2550.1800000000003,2360.175
2006-11-04,2001.64,2196.13,2098.885
2006-11-05,1945.7099999999998,2090.59,2018.15
2006-11-06,2022.4299999999998,2571.67,2297.05
2006-11-07,2156.41,2560.9900000000002,2358.7
2006-11-08,2156.0,2571.1900000000005,2363.5950000000003
2006-11-09,2160.75,2585.84,2373.295
2006-11-10,2191.58,2595.2599999999998,2393.42
2006-11-11,1998.5099999999998,2193.91,2096.21
2006-11-12,1939.4099999999999,2075.35,2007.3799999999999
2006-11-13,2014.2,2567.5099999999998,2290.855
2006-11-14,2159.25,2582.1600000000003,2370.705
2006-11-15,2165.48,2562.0299999999997,2363.755
2006-11-16,2152.8399999999997,2547.72,2350.2799999999997
2006-11-17,2175.54,2555.01,2365.275
2006-11-18,2003.5900000000001,2198.41,2101.0
2006-11-19,1942.11,2078.58,2010.3449999999998
2006-11-20,2016.5500000000002,2555.83,2286.19
2006-11-21,2158.25,2550.8500000000004,2354.55
2006-11-22,2156.9,2555.61,2356.255
2006-11-23,1794.3799999999997,1939.57,1866.975
2006-11-24,1776.52,1966.44,1871.48
2006-11-25,2006.98,2202.33,2104.6549999999997
2006-11-26,1949.3899999999999,2095.32,2022.355
2006-11-27,2025.6799999999998,2574.4,2300.04
2006-11-28,2166.52,2582.91,2374.715
2006-11-29,2171.29,2585.7799999999997,2378.535
2006-11-30,2152.33,2550.2999999999997,2351.3149999999996
2006-12-01,2132.2000000000003,2499.57,2315.885
2006-12-02,1956.44,2106.6,2031.52
2006-12-03,1876.9499999999998,2003.2500000000002,1940.1
2006-12-04,1994.39,2486.6400000000003,2240.5150000000003
2006-12-05,2116.92,2498.1499999999996,2307.535
2006-12-06,2108.82,2499.89,2304.355
2006-12-07,2107.31,2497.77,2302.54
2006-12-08,2134.0299999999997,2501.8400000000006,2317.9350000000004
2006-12-09,1962.79,2111.19,2036.99
2006-12-10,1876.04,2006.74,1941.3899999999999
2006-12-11,1984.77,2492.74,2238.755
2006-12-12,2111.98,2510.24,2311.1099999999997
2006-12-13,2109.15,2498.99,2304.0699999999997
2006-12-14,2105.6,2500.19,2302.895
2006-12-15,2126.2200000000003,2507.33,2316.775
2006-12-16,1964.8999999999999,2121.73,2043.315
2006-12-17,1884.67,2020.94,1952.805
2006-12-18,1976.7400000000002,2287.1599999999994,2131.95
2006-12-19,2065.96,2295.0,2180.48
2006-12-20,2061.69,2300.4500000000003,2181.07
2006-12-21,2055.28,2284.92,2170.1000000000004
2006-12-22,2005.1399999999999,2294.3,2149.7200000000003
2006-12-23,1955.8399999999997,2105.2999999999997,2030.5699999999997
2006-12-24,1877.4,2002.86,1940.13
2006-12-25,1623.3,1709.48,1666.3899999999999
2006-12-26,1950.3,2161.88,2056.09
2006-12-27,1945.02,2158.88,2051.95
2006-12-28,1936.11,2162.13,2049.12
2006-12-29,1922.59,2172.09,2047.3400000000001
2006-12-30,1953.93,2105.73,2029.83
2006-12-31,1873.42,2000.28,1936.85
2007-01-01,1639.9799999999998,1877.21,1758.5949999999998
2007-01-02,2116.46,2498.64,2307.55
2007-01-03,2111.67,2495.99,2303.83
2007-01-04,2110.58,2498.46,2304.52
2007-01-05,2124.5899999999997,2501.13,2312.8599999999997
2007-01-06,1928.7999999999997,2081.52,2005.1599999999999
2007-01-07,1848.56,1975.8500000000001,1912.205
2007-01-08,1987.68,2482.3799999999997,2235.0299999999997
2007-01-09,2111.0800000000004,2496.27,2303.675
2007-01-10,2111.18,2497.08,2304.13
2007-01-11,2104.69,2500.71,2302.7
2007-01-12,2129.74,2516.7200000000003,2323.23
2007-01-13,1938.7800000000002,2094.7799999999997,2016.78
2007-01-14,1845.0,1973.6200000000001,1909.31
2007-01-15,2005.4199999999998,2438.1800000000003,2221.8
2007-01-16,2126.3199999999997,2505.52,2315.92
2007-01-17,2127.2799999999997,2505.75,2316.515
2007-01-18,2120.6,2501.53,2311.065
2007-01-19,2128.72,2499.89,2314.305
2007-01-20,1930.0400000000002,2080.0600000000004,2005.0500000000002
2007-01-21,1847.6500000000003,1972.7,1910.1750000000002
2007-01-22,1982.85,2479.7599999999998,2231.305
2007-01-23,2112.44,2496.52,2304.48
2007-01-24,2113.0,2496.56,2304.7799999999997
2007-01-25,2107.9,2492.14,2300.02
2007-01-26,2122.81,2493.8300000000004,2308.32
2007-01-27,1927.9199999999998,2078.5,2003.21
2007-01-28,1847.79,1970.53,1909.1599999999999
2007-01-29,1987.0600000000002,2480.8,2233.9300000000003
2007-01-30,2105.0699999999997,2491.3700000000003,2298.2200000000003
2007-01-31,2109.42,2493.98,2301.7
2007-02-01,2127.6400000000003,2516.8700000000003,2322.255
2007-02-02,2145.19,2521.1600000000003,2333.175
2007-02-03,1990.1899999999998,2144.15,2067.17
2007-02-04,1902.76,2029.73,1966.245
2007-02-05,2001.97,2503.7299999999996,2252.85
2007-02-06,2124.8399999999997,2517.52,2321.18
2007-02-07,2118.5,2520.91,2319.705
2007-02-08,2125.93,2528.3800000000006,2327.155
2007-02-09,2135.0,2514.4700000000003,2324.735
2007-02-10,1982.8,2137.55,2060.175
2007-02-11,1899.7200000000003,2026.96,1963.3400000000001
2007-02-12,1993.5700000000002,2503.21,2248.3900000000003
2007-02-13,2119.88,2514.38,2317.13
2007-02-14,2130.4999999999995,2517.33,2323.915
2007-02-15,2134.49,2519.31,2326.8999999999996
2007-02-16,2152.29,2522.7999999999997,2337.545
2007-02-17,1979.4699999999998,2134.5499999999997,2057.0099999999998
2007-02-18,1898.0600000000002,2023.28,1960.67
2007-02-19,1883.53,2445.44,2164.485
2007-02-20,2119.09,2519.46,2319.275
2007-02-21,2121.9,2528.96,2325.4300000000003
2007-02-22,2120.7,2522.48,2321.59
2007-02-23,2135.9300000000003,2516.51,2326.2200000000003
2007-02-24,1985.19,2147.56,2066.375
2007-02-25,1889.9499999999998,2020.7099999999998,1955.33
2007-02-26,1987.6000000000001,2500.91,2244.255
2007-02-27,2117.45,2522.42,2319.935
2007-02-28,2123.9,2527.7900000000004,2325.8450000000003
2007-03-01,2143.33,2550.9799999999996,2347.1549999999997
2007-03-02,2150.82,2532.14,2341.48
2007-03-03,1948.19,2139.0299999999997,2043.61
2007-03-04,1885.67,2011.8400000000001,1948.755
2007-03-05,1994.63,2529.1900000000005,2261.9100000000003
2007-03-06,2133.21,2527.65,2330.4300000000003
2007-03-07,2131.06,2529.73,2330.395
2007-03-08,2125.3399999999997,2528.85,2327.095
2007-03-09,2150.62,2541.3299999999995,2345.9749999999995
2007-03-10,1957.4700000000003,2150.23,2053.8500000000004
2007-03-11,1946.7700000000002,2082.54,2014.6550000000002
2007-03-12,2049.8500000000004,2600.87,2325.36
2007-03-13,2188.9799999999996,2594.7599999999998,2391.87
2007-03-14,2187.92,2584.4999999999995,2386.21
2007-03-15,2183.33,2594.82,2389.075
2007-03-16,2206.9100000000003,2593.4500000000003,2400.1800000000003
2007-03-17,2000.9599999999998,2189.62,2095.29
2007-03-18,1939.8100000000002,2078.15,2008.98
2007-03-19,2047.7899999999997,2606.9399999999996,2327.365
2007-03-20,2189.55,2605.0099999999998,2397.2799999999997
2007-03-21,2192.78,2606.8200000000006,2399.8
2007-03-22,2191.0400000000004,2604.32,2397.6800000000003
2007-03-23,2212.0399999999995,2608.62,2410.33
2007-03-24,2012.1899999999998,2211.7100000000005,2111.9500000000003
2007-03-25,1950.68,2087.91,2019.295
2007-03-26,2050.57,2608.67,2329.62
2007-03-27,2191.62,2609.43,2400.5249999999996
2007-03-28,2193.26,2611.91,2402.585
2007-03-29,2195.5699999999997,2611.04,2403.305
2007-03-30,2215.2100000000005,2611.8900000000003,2413.55
2007-03-31,2007.04,2202.4,2104.7200000000003
2007-04-01,1994.6999999999998,2141.68,2068.1899999999996
2007-04-02,2094.0699999999997,2670.98,2382.5249999999996
2007-04-03,2240.67,2668.7200000000003,2454.695
2007-04-04,2237.3900000000003,2649.2099999999996,2443.3
2007-04-05,2224.66,2636.81,2430.7349999999997
2007-04-06,2242.9100000000003,2638.7999999999997,2440.855
2007-04-07,2044.0000000000002,2236.9500000000003,2140.4750000000004
2007-04-08,1982.29,2112.5,2047.395
2007-04-09,2077.55,2638.17,2357.86
2007-04-10,2221.58,2650.46,2436.02
2007-04-11,2225.32,2654.28,2439.8
2007-04-12,2226.47,2648.41,2437.4399999999996
2007-04-13,2250.91,2658.27,2454.59
2007-04-14,2033.5200000000002,2235.72,2134.62
2007-04-15,1972.8600000000001,2109.28,2041.0700000000002
2007-04-16,2072.07,2636.9899999999993,2354.5299999999997
2007-04-17,2221.0699999999997,2636.07,2428.5699999999997
2007-04-18,2221.08,2639.5000000000005,2430.29
2007-04-19,2220.71,2642.68,2431.6949999999997
2007-04-20,2243.97,2649.2300000000005,2446.6000000000004
2007-04-21,2047.57,2246.41,2146.99
2007-04-22,1984.8400000000001,2131.37,2058.105
2007-04-23,2085.57,2659.96,2372.7650000000003
2007-04-24,2232.9799999999996,2656.6800000000003,2444.83
2007-04-25,2229.3900000000003,2648.34,2438.8650000000002
2007-04-26,2222.35,2644.73,2433.54
2007-04-27,2243.5600000000004,2643.5899999999997,2443.575
2007-04-28,2052.1800000000003,2250.76,2151.4700000000003
2007-04-29,1983.84,2135.9300000000003,2059.885
2007-04-30,2085.97,2662.9100000000003,2374.44
2007-05-01,2305.14,2744.89,2525.015
2007-05-02,2307.1499999999996,2747.26,2527.205
2007-05-03,2305.06,2745.38,2525.2200000000003
2007-05-04,2329.78,2753.98,2541.88
2007-05-05,2124.5400000000004,2342.3100000000004,2233.425
2007-05-06,2067.34,2212.39,2139.865
2007-05-07,2165.89,2761.79,2463.84
2007-05-08,2310.52,2751.1,2530.81
2007-05-09,2307.78,2745.98,2526.88
2007-05-10,2303.65,2741.58,2522.615
2007-05-11,2322.25,2740.25,2531.25
2007-05-12,2123.52,2329.53,2226.525
2007-05-13,2057.18,2216.3700000000003,2136.775
2007-05-14,2161.2999999999997,2763.2200000000003,2462.26
2007-05-15,2224.3300000000004,2639.5399999999995,2431.935
2007-05-16,2225.41,2633.31,2429.3599999999997
2007-05-17,2220.0699999999997,2625.58,2422.825
2007-05-18,2238.58,2627.3500000000004,2432.965
2007-05-19,2024.3199999999997,2223.04,2123.68
2007-05-20,1970.47,2107.98,2039.225
2007-05-21,2071.5,2636.4100000000003,2353.955
2007-05-22,2218.9,2627.01,2422.955
2007-05-23,2221.9100000000003,2635.13,2428.5200000000004
2007-05-24,2223.9700000000003,2635.87,2429.92
2007-05-25,2245.4399999999996,2632.8899999999994,2439.1649999999995
2007-05-26,2028.31,2227.1300000000006,2127.7200000000003
2007-05-27,1976.13,2109.28,2042.7050000000002
2007-05-28,1945.1000000000001,2163.6600000000003,2054.38
2007-05-29,2219.72,2632.34,2426.0299999999997
2007-05-30,2221.4999999999995,2636.2400000000002,2428.87
2007-05-31,2220.68,2634.8,2427.74
2007-06-01,2276.17,2585.37,2430.77
2007-06-02,2144.58,2325.7200000000003,2235.15
2007-06-03,2082.96,2206.8700000000003,2144.915
2007-06-04,2141.71,2576.52,2359.115
2007-06-05,2265.32,2574.77,2420.045
2007-06-06,2262.6600000000003,2577.1,2419.88
2007-06-07,2269.3999999999996,2587.4700000000007,2428.4350000000004
2007-06-08,2284.11,2598.1600000000003,2441.135
2007-06-09,2151.18,2333.5100000000007,2242.3450000000003
2007-06-10,2086.1600000000003,2210.31,2148.235
2007-06-11,2143.64,2578.1800000000003,2360.91
2007-06-12,2266.57,2585.98,2426.275
2007-06-13,2267.7000000000003,2587.0,2427.3500000000004
2007-06-14,2266.15,2580.7,2423.425
2007-06-15,2278.18,2588.16,2433.17
2007-06-16,2141.5299999999997,2325.0,2233.265
2007-06-17,2083.02,2194.31,2138.665
2007-06-18,2143.06,2582.74,2362.8999999999996
2007-06-19,2270.4900000000002,2589.9800000000005,2430.2350000000006
2007-06-20,2270.84,2582.5200000000004,2426.6800000000003
2007-06-21,2268.84,2577.33,2423.085
2007-06-22,2279.28,2585.4700000000003,2432.375
2007-06-23,2141.32,2322.9100000000003,2232.1150000000002
2007-06-24,2081.53,2202.6200000000003,2142.0750000000003
2007-06-25,2141.1199999999994,2571.72,2356.4199999999996
2007-06-26,2268.9700000000003,2584.5699999999997,2426.77
2007-06-27,2269.6999999999994,2586.2499999999995,2427.9749999999995
2007-06-28,2269.29,2580.7599999999998,2425.0249999999996
2007-06-29,2279.77,2591.2200000000003,2435.495
2007-06-30,2149.56,2329.3399999999997,2239.45
2007-07-01,2022.95,2131.27,2077.11
2007-07-02,2123.4399999999996,2544.9300000000003,2334.185
2007-07-03,2245.47,2553.38,2399.425
2007-07-04,2069.18,2207.6199999999994,2138.3999999999996
2007-07-05,2243.0000000000005,2550.5,2396.75
2007-07-06,2259.0600000000004,2563.65,2411.3550000000005
2007-07-07,2083.63,2263.83,2173.73
2007-07-08,2024.0800000000002,2144.56,2084.32
2007-07-09,2129.0,2562.0,2345.5
2007-07-10,2253.7099999999996,2568.2000000000003,2410.955
2007-07-11,2252.8699999999994,2568.55,2410.71
2007-07-12,2252.17,2568.1699999999996,2410.17
2007-07-13,2264.3900000000003,2577.29,2420.84
2007-07-14,2089.15,2264.2700000000004,2176.71
2007-07-15,2025.4099999999999,2134.02,2079.715
2007-07-16,2124.25,2551.32,2337.785
2007-07-17,2247.0299999999997,2558.59,2402.81
2007-07-18,2248.1099999999997,2556.8,2402.455
2007-07-19,2248.7000000000003,2553.6000000000004,2401.1500000000005
2007-07-20,2260.6800000000003,2563.8199999999997,2412.25
2007-07-21,2092.62,2268.05,2180.335
2007-07-22,2028.1200000000003,2147.98,2088.05
2007-07-23,2128.78,2557.1399999999994,2342.96
2007-07-24,2249.02,2559.94,2404.48
2007-07-25,2248.7,2561.0200000000004,2404.86
2007-07-26,2250.52,2558.54,2404.5299999999997
2007-07-27,2262.6699999999996,2567.0699999999997,2414.87
2007-07-28,2092.0400000000004,2269.8300000000004,2180.9350000000004
2007-07-29,2029.5800000000002,2147.86,2088.7200000000003
2007-07-30,2132.77,2567.9900000000002,2350.38
2007-07-31,2256.64,2575.1200000000003,2415.88
2007-08-01,2331.29,2654.83,2493.06
2007-08-02,2329.5200000000004,2649.97,2489.745
2007-08-03,2341.83,2664.39,2503.1099999999997
2007-08-04,2221.1599999999994,2409.21,2315.1849999999995
2007-08-05,2161.36,2291.4200000000005,2226.3900000000003
2007-08-06,2207.7999999999997,2659.08,2433.4399999999996
2007-08-07,2335.2599999999998,2662.3199999999997,2498.79
2007-08-08,2334.7200000000003,2661.27,2497.995
2007-08-09,2333.38,2661.54,2497.46
2007-08-10,2348.7699999999995,2673.9100000000003,2511.34
2007-08-11,2230.63,2423.86,2327.245
2007-08-12,2168.36,2307.8399999999997,2238.1
2007-08-13,2213.5499999999997,2667.5000000000005,2440.525
2007-08-14,2338.7799999999997,2672.19,2505.4849999999997
2007-08-15,2339.99,2665.43,2502.71
2007-08-16,2337.31,2653.3100000000004,2495.3100000000004
2007-08-17,2347.68,2670.7700000000004,2509.2250000000004
2007-08-18,2227.05,2416.27,2321.66
2007-08-19,2165.23,2295.51,2230.37
2007-08-20,2210.46,2658.6900000000005,2434.5750000000003
2007-08-21,2336.63,2664.4500000000003,2500.54
2007-08-22,2338.5099999999998,2666.98,2502.745
2007-08-23,2339.2400000000002,2666.78,2503.01
2007-08-24,2351.94,2673.9,2512.92
2007-08-25,2229.6800000000003,2418.78,2324.2300000000005
2007-08-26,2167.5,2298.94,2233.2200000000003
2007-08-27,2211.16,2658.2400000000002,2434.7
2007-08-28,2334.19,2658.040000000001,2496.1150000000007
2007-08-29,2333.44,2654.84,2494.1400000000003
2007-08-30,2333.85,2657.24,2495.545
2007-08-31,2347.4100000000003,2668.2499999999995,2507.83
2007-09-01,2136.55,2316.96,2226.755
2007-09-02,2075.23,2189.9,2132.565
2007-09-03,1977.29,2132.82,2055.0550000000003
2007-09-04,2277.0099999999998,2593.1,2435.055
2007-09-05,2281.8599999999997,2601.01,2441.435
2007-09-06,2283.2299999999996,2603.26,2443.245
2007-09-07,2296.7500000000005,2613.9399999999996,2455.3450000000003
2007-09-08,2142.97,2325.98,2234.475
2007-09-09,2081.23,2204.9300000000003,2143.08
2007-09-10,2160.46,2599.59,2380.025
2007-09-11,2283.67,2602.31,2442.99
2007-09-12,2282.5299999999997,2590.75,2436.64
2007-09-13,2280.77,2593.94,2437.355
2007-09-14,2294.22,2611.51,2452.865
2007-09-15,2145.75,2327.74,2236.745
2007-09-16,2078.47,2202.04,2140.255
2007-09-17,2156.8399999999997,2594.5499999999997,2375.6949999999997
2007-09-18,2286.6699999999996,2604.2799999999997,2445.4749999999995
2007-09-19,2289.2299999999996,2608.23,2448.7299999999996
2007-09-20,2287.16,2603.08,2445.12
2007-09-21,2297.74,2611.04,2454.39
2007-09-22,2147.1800000000003,2330.5600000000004,2238.8700000000003
2007-09-23,2085.36,2208.9,2147.13
2007-09-24,2163.73,2601.08,2382.4049999999997
2007-09-25,2289.24,2606.87,2448.055
2007-09-26,2290.89,2609.37,2450.13
2007-09-27,2291.8599999999997,2609.74,2450.7999999999997
2007-09-28,2304.58,2618.31,2461.4449999999997
2007-09-29,2150.27,2331.6499999999996,2240.96
2007-09-30,2090.11,2210.64,2150.375
2007-10-01,2019.64,2573.7099999999996,2296.6749999999997
2007-10-02,2160.03,2563.94,2361.985
2007-10-03,2157.61,2561.9399999999996,2359.7749999999996
2007-10-04,2157.19,2564.2,2360.6949999999997
2007-10-05,2180.62,2564.8899999999994,2372.7549999999997
2007-10-06,2059.32,2260.71,2160.0150000000003
2007-10-07,2004.6200000000001,2141.9900000000002,2073.3050000000003
2007-10-08,2021.84,2571.4399999999996,2296.64
2007-10-09,2163.77,2571.59,2367.6800000000003
2007-10-10,2162.7199999999993,2562.0499999999997,2362.3849999999993
2007-10-11,2158.5599999999995,2561.6499999999996,2360.1049999999996
2007-10-12,2177.21,2559.54,2368.375
2007-10-13,2050.23,2252.09,2151.16
2007-10-14,1997.23,2140.9100000000003,2069.07
2007-10-15,2020.74,2569.7099999999996,2295.225
2007-10-16,2160.3100000000004,2558.04,2359.175
2007-10-17,2164.84,2570.11,2367.4750000000004
2007-10-18,2167.6499999999996,2574.52,2371.085
2007-10-19,2181.6,2567.1700000000005,2374.385
2007-10-20,2052.06,2255.94,2154.0
2007-10-21,1999.59,2145.42,2072.505
2007-10-22,2018.06,2544.18,2281.12
2007-10-23,2151.8,2538.2,2345.0
2007-10-24,2151.3,2545.8199999999997,2348.56
2007-10-25,2153.5099999999998,2539.51,2346.51
2007-10-26,2173.9100000000003,2543.72,2358.815
2007-10-27,2045.7099999999998,2241.33,2143.52
2007-10-28,1993.49,2126.98,2060.235
2007-10-29,2011.78,2551.7000000000003,2281.7400000000002
2007-10-30,2154.33,2547.45,2350.89
2007-10-31,2155.1399999999994,2552.3900000000003,2353.765
2007-11-01,2136.7799999999997,2532.08,2334.43
2007-11-02,2157.7799999999997,2533.96,2345.87
2007-11-03,1984.49,2180.2000000000003,2082.3450000000003
2007-11-04,1881.57,2009.74,1945.655
2007-11-05,1951.03,2487.14,2219.085
2007-11-06,2092.58,2469.6800000000003,2281.13
2007-11-07,2088.22,2461.01,2274.615
2007-11-08,2088.97,2469.86,2279.415
2007-11-09,2109.74,2486.1,2297.92
2007-11-10,1939.06,2133.06,2036.06
2007-11-11,1886.01,2018.0800000000002,1952.045
2007-11-12,1956.3000000000002,2486.95,2221.625
2007-11-13,2096.73,2484.5600000000004,2290.6450000000004
2007-11-14,2100.37,2488.77,2294.5699999999997
2007-11-15,2094.72,2466.36,2280.54
2007-11-16,2109.73,2468.08,2288.9049999999997
2007-11-17,1939.01,2128.19,2033.6
2007-11-18,1885.98,2011.91,1948.9450000000002
2007-11-19,1955.6599999999999,2480.92,2218.29
2007-11-20,2096.82,2481.2999999999997,2289.06
2007-11-21,2099.84,2483.45,2291.645
2007-11-22,1731.52,1876.09,1803.8049999999998
2007-11-23,1718.4899999999998,1876.7700000000002,1797.63
2007-11-24,1938.75,2123.11,2030.93
2007-11-25,1887.0900000000001,2008.73,1947.91
2007-11-26,1956.4899999999998,2471.09,2213.79
2007-11-27,2096.44,2465.9799999999996,2281.21
2007-11-28,2096.03,2469.39,2282.71
2007-11-29,2092.96,2468.9399999999996,2280.95
2007-11-30,2114.47,2475.07,2294.77
2007-12-01,1892.76,2038.33,1965.545
2007-12-02,1821.8799999999999,1943.0099999999998,1882.4449999999997
2007-12-03,1923.2,2399.3300000000004,2161.2650000000003
2007-12-04,2048.0899999999997,2412.1899999999996,2230.1399999999994
2007-12-05,2049.2200000000003,2415.24,2232.23
2007-12-06,2049.69,2414.45,2232.0699999999997
2007-12-07,2063.89,2424.0499999999997,2243.97
2007-12-08,1898.79,2048.21,1973.5
2007-12-09,1825.9199999999998,1946.8000000000002,1886.3600000000001
2007-12-10,1929.06,2407.79,2168.425
2007-12-11,2056.2,2432.0499999999997,2244.125
2007-12-12,2054.5,2414.64,2234.5699999999997
2007-12-13,2048.78,2411.7500000000005,2230.2650000000003
2007-12-14,2063.4500000000003,2413.37,2238.41
2007-12-15,1892.67,2034.29,1963.48
2007-12-16,1821.21,1932.6,1876.905
2007-12-17,1929.16,2401.78,2165.4700000000003
2007-12-18,1994.0,2208.02,2101.01
2007-12-19,1997.8400000000001,2211.57,2104.705
2007-12-20,1993.46,2216.61,2105.035
2007-12-21,1936.2500000000002,2215.8199999999997,2076.035
2007-12-22,1888.2900000000002,2038.42,1963.355
2007-12-23,1820.4099999999999,1932.79,1876.6
2007-12-24,1910.4600000000003,2193.439999999999,2051.95
2007-12-25,1625.6,1722.2,1673.9
2007-12-26,1883.08,2079.92,1981.5
2007-12-27,1881.42,2076.92,1979.17
2007-12-28,1843.86,2076.5099999999998,1960.185
2007-12-29,1890.9199999999998,2035.01,1962.965
2007-12-30,1819.5100000000002,1930.3,1874.9050000000002
2007-12-31,1765.87,2063.79,1914.83
2008-01-01,1691.9100000000003,1823.1000000000001,1757.505
2008-01-02,2054.5600000000004,2416.8400000000006,2235.7000000000007
2008-01-03,2057.1,2417.38,2237.24
2008-01-04,2067.6299999999997,2414.45,2241.04
2008-01-05,1868.2700000000002,2011.3000000000002,1939.7850000000003
2008-01-06,1795.1399999999999,1913.4399999999998,1854.29
2008-01-07,1930.5300000000002,2413.9,2172.215
2008-01-08,2054.01,2423.6099999999997,2238.81
2008-01-09,2047.3400000000001,2413.72,2230.5299999999997
2008-01-10,2049.93,2418.0,2233.965
2008-01-11,2062.17,2412.4799999999996,2237.325
2008-01-12,1865.32,2007.71,1936.5149999999999
2008-01-13,1792.4199999999998,1903.5100000000002,1847.9650000000001
2008-01-14,1925.91,2399.9300000000003,2162.92
2008-01-15,2049.42,2411.88,2230.65
2008-01-16,2049.5800000000004,2410.66,2230.12
2008-01-17,2049.33,2410.4399999999996,2229.8849999999998
2008-01-18,2066.15,2413.19,2239.67
2008-01-19,1868.0399999999997,2010.16,1939.1
2008-01-20,1794.8200000000002,1904.8899999999999,1849.855
2008-01-21,1938.5,2355.1200000000003,2146.8100000000004
2008-01-22,2045.5199999999998,2411.4700000000003,2228.495
2008-01-23,2047.78,2409.07,2228.425
2008-01-24,2049.19,2409.8100000000004,2229.5
2008-01-25,2065.19,2411.89,2238.54
2008-01-26,1862.6,2005.6799999999998,1934.1399999999999
2008-01-27,1790.52,1899.7300000000002,1845.125
2008-01-28,1923.87,2398.27,2161.0699999999997
2008-01-29,2045.25,2416.84,2231.045
2008-01-30,2042.9,2407.2000000000003,2225.05
2008-01-31,2045.82,2408.1,2226.96
2008-02-01,2081.59,2434.2,2257.895
2008-02-02,1916.7700000000002,2065.6400000000003,1991.2050000000004
2008-02-03,1846.3000000000002,1967.21,1906.755
2008-02-04,1943.5600000000002,2432.87,2188.215
2008-02-05,2069.98,2444.5600000000004,2257.2700000000004
2008-02-06,2061.4500000000003,2430.3900000000003,2245.92
2008-02-07,2063.29,2431.8199999999997,2247.555
2008-02-08,2078.17,2431.71,2254.94
2008-02-09,1914.59,2064.69,1989.6399999999999
2008-02-10,1841.9599999999998,1959.08,1900.52
2008-02-11,1939.05,2423.73,2181.39
2008-02-12,2063.34,2432.6499999999996,2247.995
2008-02-13,2060.4,2427.8400000000006,2244.1200000000003
2008-02-14,2061.77,2431.0100000000007,2246.3900000000003
2008-02-15,2076.77,2435.16,2255.965
2008-02-16,1913.96,2063.96,1988.96
2008-02-17,1837.87,1955.05,1896.46
2008-02-18,1826.18,2366.4300000000003,2096.3050000000003
2008-02-19,2059.47,2427.3300000000004,2243.4
2008-02-20,2058.85,2431.1499999999996,2245.0
2008-02-21,2061.2599999999998,2435.96,2248.6099999999997
2008-02-22,2072.36,2424.5,2248.4300000000003
2008-02-23,1909.66,2056.11,1982.8850000000002
2008-02-24,1836.3799999999999,1958.69,1897.5349999999999
2008-02-25,1933.2500000000002,2421.6,2177.425
2008-02-26,2055.8,2424.47,2240.135
2008-02-27,2056.44,2421.9199999999996,2239.18
2008-02-28,2056.68,2425.28,2240.98
2008-02-29,2070.67,2429.52,2250.0950000000003
2008-03-01,1883.0,2067.07,1975.035
2008-03-02,1830.1199999999997,1950.16,1890.1399999999999
2008-03-03,1936.58,2444.3799999999997,2190.4799999999996
2008-03-04,2069.53,2437.1499999999996,2253.34
2008-03-05,2069.64,2441.1099999999997,2255.375
2008-03-06,2069.53,2440.8299999999995,2255.18
2008-03-07,2090.9199999999996,2440.7200000000003,2265.8199999999997
2008-03-08,1880.25,2060.23,1970.24
2008-03-09,1877.63,1998.94,1938.285
2008-03-10,1977.72,2500.33,2239.025
2008-03-11,2117.37,2493.5900000000006,2305.4800000000005
2008-03-12,2116.13,2494.8800000000006,2305.505
2008-03-13,2114.78,2498.9,2306.84
2008-03-14,2136.7500000000005,2510.51,2323.63
2008-03-15,1934.96,2125.6,2030.28
2008-03-16,1875.63,2000.4499999999998,1938.04
2008-03-17,1978.5400000000002,2514.7200000000003,2246.63
2008-03-18,2121.29,2501.83,2311.56
2008-03-19,2113.27,2492.05,2302.66
2008-03-20,2111.84,2490.8200000000006,2301.3300000000004
2008-03-21,2130.27,2495.13,2312.7
2008-03-22,1927.3,2111.22,2019.2599999999998
2008-03-23,1870.89,1993.7700000000002,1932.3300000000002
2008-03-24,1970.0599999999997,2493.97,2232.015
2008-03-25,2110.07,2492.5,2301.285
2008-03-26,2113.27,2496.69,2304.98
2008-03-27,2112.41,2502.0499999999997,2307.2299999999996
2008-03-28,2134.4400000000005,2504.0099999999998,2319.2250000000004
2008-03-29,1930.9800000000002,2119.4300000000003,2025.2050000000004
2008-03-30,1877.82,2004.04,1940.9299999999998
2008-03-31,1977.46,2511.0,2244.23
2008-04-01,2166.8199999999997,2563.4400000000005,2365.13
2008-04-02,2164.0700000000006,2556.86,2360.465
2008-04-03,2165.2300000000005,2561.98,2363.6050000000005
2008-04-04,2178.3,2558.3300000000004,2368.3150000000005
2008-04-05,1967.3899999999999,2154.98,2061.185
2008-04-06,1913.9399999999998,2047.3200000000002,1980.63
2008-04-07,2012.19,2561.2499999999995,2286.72
2008-04-08,2160.7299999999996,2558.8099999999995,2359.7699999999995
2008-04-09,2161.93,2557.44,2359.685
2008-04-10,2163.9500000000003,2556.7999999999997,2360.375
2008-04-11,2184.09,2560.2299999999996,2372.16
2008-04-12,1968.29,2157.0699999999997,2062.68
2008-04-13,1910.67,2040.31,1975.49
2008-04-14,2008.6,2542.7500000000005,2275.675
2008-04-15,2149.0000000000005,2536.9600000000005,2342.9800000000005
2008-04-16,2150.29,2543.81,2347.05
2008-04-17,2152.37,2550.37,2351.37
2008-04-18,2171.79,2543.46,2357.625
2008-04-19,1966.21,2155.3199999999997,2060.765
2008-04-20,1910.29,2042.25,1976.27
2008-04-21,2012.65,2562.34,2287.495
2008-04-22,2158.91,2557.53,2358.2200000000003
2008-04-23,2160.0099999999998,2559.0500000000006,2359.53
2008-04-24,2160.15,2556.86,2358.505
2008-04-25,2180.3599999999997,2558.22,2369.29
2008-04-26,1969.56,2163.27,2066.415
2008-04-27,1912.3799999999999,2037.9299999999998,1975.1549999999997
2008-04-28,2003.88,2543.97,2273.925
2008-04-29,2145.4300000000003,2541.22,2343.325
2008-04-30,2147.14,2547.03,2347.085
2008-05-01,2228.4700000000003,2639.89,2434.1800000000003
2008-05-02,2254.0799999999995,2647.8500000000004,2450.965
2008-05-03,2036.4100000000003,2237.1400000000003,2136.7750000000005
2008-05-04,1976.9399999999998,2117.4199999999996,2047.1799999999998
2008-05-05,2079.9,2632.29,2356.0950000000003
2008-05-06,2224.83,2632.08,2428.455
2008-05-07,2228.08,2639.9500000000003,2434.0150000000003
2008-05-08,2230.81,2645.36,2438.085
2008-05-09,2252.16,2649.2900000000004,2450.7250000000004
2008-05-10,2043.87,2245.3500000000004,2144.61
2008-05-11,1988.23,2119.2400000000002,2053.735
2008-05-12,2078.3900000000003,2638.7900000000004,2358.59
2008-05-13,2229.47,2640.32,2434.895
2008-05-14,2231.27,2640.38,2435.825
2008-05-15,2228.74,2639.2599999999998,2434.0
2008-05-16,2245.6499999999996,2628.7599999999998,2437.205
2008-05-17,2025.2800000000002,2220.38,2122.83
2008-05-18,1972.9800000000002,2119.88,2046.4300000000003
2008-05-19,2077.2,2654.49,2365.845
2008-05-20,2229.52,2649.9900000000002,2439.755
2008-05-21,2232.32,2648.0700000000006,2440.1950000000006
2008-05-22,2234.24,2647.78,2441.01
2008-05-23,2256.7599999999998,2653.94,2455.35
2008-05-24,2045.1399999999999,2248.15,2146.645
2008-05-25,1991.8700000000001,2131.19,2061.53
2008-05-26,1960.29,2191.57,2075.9300000000003
2008-05-27,2234.32,2651.2999999999997,2442.81
2008-05-28,2230.39,2645.6300000000006,2438.01
2008-05-29,2228.2599999999998,2641.8,2435.0299999999997
2008-05-30,2248.4900000000002,2646.39,2447.44
2008-05-31,2042.83,2244.93,2143.88
2008-06-01,2089.0800000000004,2215.14,2152.11
2008-06-02,2150.0099999999998,2588.7699999999995,2369.3899999999994
2008-06-03,2274.82,2594.1000000000004,2434.46
2008-06-04,2276.4,2593.37,2434.885
2008-06-05,2277.36,2595.01,2436.1850000000004
2008-06-06,2289.7400000000002,2603.9799999999996,2446.8599999999997
2008-06-07,2157.9500000000003,2341.2799999999993,2249.615
2008-06-08,2093.8900000000003,2218.8,2156.3450000000003
2008-06-09,2152.11,2589.55,2370.83
2008-06-10,2274.0,2586.95,2430.475
2008-06-11,2272.03,2592.29,2432.16
2008-06-12,2272.05,2592.67,2432.36
2008-06-13,2286.5899999999997,2601.2999999999997,2443.9449999999997
2008-06-14,2156.28,2337.74,2247.01
2008-06-15,2090.87,2219.88,2155.375
2008-06-16,2150.78,2590.37,2370.575
2008-06-17,2273.5899999999997,2591.0400000000004,2432.315
2008-06-18,2270.9700000000003,2590.91,2430.94
2008-06-19,2272.6600000000003,2590.5800000000004,2431.6200000000003
2008-06-20,2283.2499999999995,2599.7100000000005,2441.48
2008-06-21,2149.3199999999997,2336.63,2242.975
2008-06-22,2087.63,2219.89,2153.76
2008-06-23,2147.8599999999997,2585.54,2366.7
2008-06-24,2271.1200000000003,2582.4900000000002,2426.8050000000003
2008-06-25,2272.19,2593.37,2432.7799999999997
2008-06-26,2273.52,2586.74,2430.13
2008-06-27,2286.68,2602.47,2444.575
2008-06-28,2157.37,2338.6299999999997,2248.0
2008-06-29,2091.46,2218.2799999999997,2154.87
2008-06-30,2149.8100000000004,2583.47,2366.6400000000003
2008-07-01,2251.15,2563.5400000000004,2407.3450000000003
2008-07-02,2250.0099999999998,2560.92,2405.465
2008-07-03,2249.46,2564.4300000000003,2406.945
2008-07-04,2089.37,2219.59,2154.48
2008-07-05,2090.5600000000004,2265.2799999999997,2177.92
2008-07-06,2026.4099999999999,2148.77,2087.59
2008-07-07,2129.96,2561.64,2345.8
2008-07-08,2253.5299999999997,2570.14,2411.835
2008-07-09,2253.87,2568.26,2411.065
2008-07-10,2254.33,2569.0,2411.665
2008-07-11,2268.12,2582.6,2425.3599999999997
2008-07-12,2100.29,2278.44,2189.365
2008-07-13,2030.3899999999999,2158.33,2094.3599999999997
2008-07-14,2134.85,2570.9000000000005,2352.875
2008-07-15,2256.93,2575.12,2416.0249999999996
2008-07-16,2257.38,2572.53,2414.955
2008-07-17,2255.9799999999996,2572.66,2414.3199999999997
2008-07-18,2267.13,2578.17,2422.65
2008-07-19,2099.4100000000003,2277.98,2188.695
2008-07-20,2031.9,2162.13,2097.0150000000003
2008-07-21,2136.0299999999997,2574.2100000000005,2355.12
2008-07-22,2259.22,2574.82,2417.02
2008-07-23,2257.02,2566.43,2411.725
2008-07-24,2255.22,2565.42,2410.3199999999997
2008-07-25,2268.4700000000003,2583.0799999999995,2425.7749999999996
2008-07-26,2102.04,2281.53,2191.785
2008-07-27,2033.62,2162.35,2097.9849999999997
2008-07-28,2136.7,2570.33,2353.515
2008-07-29,2258.52,2577.1800000000003,2417.8500000000004
2008-07-30,2261.1199999999994,2580.51,2420.8149999999996
2008-07-31,2262.42,2581.3999999999996,2421.91
2008-08-01,2349.1929999999998,2675.845,2512.519
2008-08-02,2232.043,2421.428,2326.7355
2008-08-03,2166.793,2298.8460000000005,2232.8195000000005
2008-08-04,2208.516,2659.396,2433.956
2008-08-05,2333.7389999999996,2649.016,2491.3774999999996
2008-08-06,2333.9449999999997,2658.3489999999997,2496.147
2008-08-07,2335.13,2664.678,2499.904
2008-08-08,2350.101,2673.8700000000003,2511.9855000000002
2008-08-09,2231.0750000000003,2420.9150000000004,2325.9950000000003
2008-08-10,2169.336,2300.47,2234.903
2008-08-11,2215.2270000000003,2665.6059999999998,2440.4165000000003
2008-08-12,2342.832,2665.2100000000005,2504.021
2008-08-13,2340.4100000000003,2662.543,2501.4765
2008-08-14,2337.9410000000003,2664.812,2501.3765000000003
2008-08-15,2351.3440000000005,2670.335,2510.8395
2008-08-16,2224.213,2410.475,2317.344
2008-08-17,2163.254,2285.7850000000003,2224.5195000000003
2008-08-18,2208.036,2650.713,2429.3745
2008-08-19,2332.8779999999997,2648.156,2490.517
2008-08-20,2333.2850000000003,2652.156,2492.7205000000004
2008-08-21,2334.9990000000003,2660.373,2497.686
2008-08-22,2350.9320000000002,2673.477,2512.2045
2008-08-23,2231.486,2420.968,2326.227
2008-08-24,2168.0690000000004,2295.215,2231.6420000000003
2008-08-25,2214.606,2665.0080000000003,2439.8070000000002
2008-08-26,2340.639,2667.8439999999996,2504.2415
2008-08-27,2340.8990000000003,2669.616,2505.2575
2008-08-28,2341.559,2668.662,2505.1105
2008-08-29,2355.2050000000004,2678.4710000000005,2516.8380000000006
2008-08-30,2233.884,2424.951,2329.4175
2008-08-31,2172.933,2305.8300000000004,2239.3815000000004
2008-09-01,1985.2050000000002,2151.1369999999997,2068.171
2008-09-02,2287.238,2608.578,2447.908
2008-09-03,2290.1839999999997,2610.078,2450.131
2008-09-04,2284.6059999999998,2598.96,2441.783
2008-09-05,2294.298,2606.948,2450.6229999999996
2008-09-06,2139.3059999999996,2319.7580000000003,2229.532
2008-09-07,2076.477,2201.7740000000003,2139.1255
2008-09-08,2159.794,2599.394,2379.594
2008-09-09,2285.969,2604.9599999999996,2445.4645
2008-09-10,2287.309,2605.6099999999997,2446.4595
2008-09-11,2288.081,2610.375,2449.228
2008-09-12,2303.6510000000003,2617.7039999999997,2460.6775
2008-09-13,172.77800000000002,840.3599999999999,506.56899999999996
2008-09-14,303.55299999999994,540.0649999999998,421.80899999999986
2008-09-15,546.8240000000001,753.629,650.2265
2008-09-16,745.3040000000001,925.62,835.462
2008-09-17,885.48,1041.5089999999998,963.4944999999999
2008-09-18,972.068,1135.539,1053.8035
2008-09-19,1074.787,1272.645,1173.716
2008-09-20,1162.9740000000002,1286.904,1224.939
2008-09-21,1240.628,1399.133,1319.8805
2008-09-22,1406.624,1738.6659999999997,1572.645
2008-09-23,1603.1570000000002,1880.0330000000001,1741.5950000000003
2008-09-24,1722.9530000000002,1987.5650000000003,1855.2590000000002
2008-09-25,1788.571,2056.167,1922.369
2008-09-26,1861.8449999999998,2139.101,2000.473
2008-09-27,1851.79,2001.0059999999999,1926.398
2008-09-28,1856.763,2018.2770000000003,1937.52
2008-09-29,2158.386,2592.1469999999995,2375.2664999999997
2008-09-30,2282.3819999999996,2600.093,2441.2374999999997
2008-10-01,2151.8659999999995,2552.572,2352.219
2008-10-02,2149.404,2553.755,2351.5795
2008-10-03,2171.0899999999997,2558.9049999999997,2364.9974999999995
2008-10-04,2050.0330000000004,2251.459,2150.746
2008-10-05,1993.2499999999998,2137.72,2065.4849999999997
2008-10-06,2009.989,2572.0820000000003,2291.0355
2008-10-07,2159.892,2559.727,2359.8095
2008-10-08,2149.409,2548.3450000000003,2348.8770000000004
2008-10-09,2149.3079999999995,2547.1,2348.2039999999997
2008-10-10,2171.3509999999997,2553.472,2362.4115
2008-10-11,2049.989,2251.062,2150.5254999999997
2008-10-12,1996.879,2139.777,2068.328
2008-10-13,2017.8249999999998,2569.6840000000007,2293.7545
2008-10-14,2162.986,2561.332,2362.1589999999997
2008-10-15,2164.281,2560.715,2362.498
2008-10-16,2160.361,2548.398,2354.3795
2008-10-17,2175.7459999999996,2547.562,2361.6539999999995
2008-10-18,2046.6270000000002,2245.175,2145.9010000000003
2008-10-19,1993.405,2128.623,2061.014
2008-10-20,2010.912,2557.188,2284.05
2008-10-21,2153.5179999999996,2553.004,2353.2609999999995
2008-10-22,2155.417,2556.054,2355.7355
2008-10-23,2154.763,2540.777,2347.77
2008-10-24,2172.454,2546.5559999999996,2359.505
2008-10-25,2046.484,2245.783,2146.1335
2008-10-26,1995.017,2134.881,2064.949
2008-10-27,2014.463,2546.525,2280.494
2008-10-28,2154.0150000000003,2539.3540000000003,2346.6845000000003
2008-10-29,2155.272,2542.1299999999997,2348.701
2008-10-30,2154.1149999999993,2548.6870000000004,2351.401
2008-10-31,2177.129,2554.6769999999997,2365.903
2008-11-01,1985.661,2177.946000000001,2081.8035000000004
2008-11-02,2138.085,2330.9919999999997,2234.5384999999997
2008-11-03,2201.071,2839.837,2520.4539999999997
2008-11-04,2347.5299999999997,2841.723,2594.6265
2008-11-05,2350.411,2880.6409999999996,2615.526
2008-11-06,2365.725,2857.451,2611.5879999999997
2008-11-07,2373.569,2825.226,2599.3975
2008-11-08,2191.217,2414.5299999999997,2302.8734999999997
2008-11-09,2126.161,2316.578,2221.3695
2008-11-10,2212.702,2837.23,2524.9660000000003
2008-11-11,2364.311,2869.6139999999996,2616.9624999999996
2008-11-12,2364.347,2838.011,2601.179
2008-11-13,2357.906,2810.592,2584.249
2008-11-14,2375.567,2840.384,2607.9755
2008-11-15,2208.7920000000004,2390.852,2299.822
2008-11-16,2137.2209999999995,2297.12,2217.1704999999997
2008-11-17,2206.513,2805.338,2505.9255000000003
2008-11-18,2351.734,2802.14,2576.937
2008-11-19,2348.453,2805.73,2577.0915
2008-11-20,2343.117,2828.1219999999994,2585.6195
2008-11-21,2367.549,2784.4399999999996,2575.9945
2008-11-22,2208.3349999999996,2400.6580000000004,2304.4965
2008-11-23,2139.495,2338.488,2238.9915
2008-11-24,2217.9030000000002,2850.253,2534.0780000000004
2008-11-25,2339.721,2797.538,2568.6295
2008-11-26,2349.2039999999997,2805.738,2577.4709999999995
2008-11-27,2019.835,2146.094,2082.9645
2008-11-28,1989.006,2228.7160000000003,2108.8610000000003
2008-11-29,2198.572,2404.066,2301.319
2008-11-30,2133.878,2307.433,2220.6555
2008-12-01,2178.393,2715.5789999999993,2446.986
2008-12-02,2303.313,2742.022,2522.6675
2008-12-03,2310.462,2789.764,2550.1130000000003
2008-12-04,2298.83,2724.28,2511.5550000000003
2008-12-05,2328.73,2731.223,2529.9764999999998
2008-12-06,2167.6839999999997,2319.1499999999996,2243.4169999999995
2008-12-07,2073.5139999999997,2239.673,2156.5935
2008-12-08,2167.127,2739.332,2453.2295
2008-12-09,2318.8869999999997,2784.3140000000003,2551.6005
2008-12-10,2320.836,2738.179,2529.5074999999997
2008-12-11,2324.3440000000005,2741.128,2532.7360000000003
2008-12-12,2332.76,2738.886,2535.8230000000003
2008-12-13,2167.697,2336.439,2252.068
2008-12-14,2075.703,2274.683,2175.193
2008-12-15,2181.026,2708.2780000000002,2444.652
2008-12-16,2324.126,2731.721,2527.9235
2008-12-17,2317.809,2735.386,2526.5975
2008-12-18,2284.249,2556.626,2420.4375
2008-12-19,2240.0810000000006,2575.696,2407.8885
2008-12-20,2182.8179999999998,2364.583,2273.7005
2008-12-21,2054.6459999999997,2236.108,2145.377
2008-12-22,2182.934,2529.961,2356.4475
2008-12-23,2269.461,2526.9699999999993,2398.2154999999993
2008-12-24,2273.508,2548.204,2410.8559999999998
2008-12-25,1910.806,2001.254,1956.03
2008-12-26,2146.813,2443.142,2294.9775
2008-12-27,2164.005,2363.552,2263.7785000000003
2008-12-28,2054.153,2235.693,2144.923
2008-12-29,2020.6639999999998,2369.676,2195.17
2008-12-30,2145.568,2393.732,2269.65
2008-12-31,2149.1090000000004,2392.328,2270.7185
2009-01-01,1950.3970000000002,2127.795,2039.096
2009-01-02,2134.225,2430.906,2282.5654999999997
2009-01-03,2161.274,2353.297,2257.2855
2009-01-04,2063.018,2206.508,2134.763
2009-01-05,2180.5629999999996,2710.5910000000003,2445.577
2009-01-06,2314.398,2725.506,2519.952
2009-01-07,2307.0339999999997,2743.8999999999996,2525.4669999999996
2009-01-08,2285.143,2759.9339999999997,2522.5384999999997
2009-01-09,2318.154,2776.294,2547.224
2009-01-10,2142.402,2300.418,2221.41
2009-01-11,2046.643,2212.536,2129.5895
2009-01-12,2181.241,2720.674,2450.9575
2009-01-13,2316.351,2730.872,2523.6115
2009-01-14,2311.7960000000003,2737.21,2524.503
2009-01-15,2307.961,2735.5660000000003,2521.7635
2009-01-16,2331.0539999999996,2740.254,2535.6539999999995
2009-01-17,2137.6780000000003,2304.8759999999997,2221.277
2009-01-18,2031.341,2217.5550000000003,2124.4480000000003
2009-01-19,2187.638,2690.0429999999997,2438.8405
2009-01-20,2295.658,2729.1040000000003,2512.3810000000003
2009-01-21,2298.617,2730.7039999999997,2514.6605
2009-01-22,2300.5950000000003,2749.9719999999998,2525.2835
2009-01-23,2309.178,2765.23,2537.2039999999997
2009-01-24,2136.977,2291.214,2214.0955
2009-01-25,2032.2419999999997,2204.2239999999997,2118.2329999999997
2009-01-26,2163.294,2736.366,2449.83
2009-01-27,2305.38,2767.246,2536.313
2009-01-28,2305.136,2726.865,2516.0005
2009-01-29,2309.931,2731.4,2520.6655
2009-01-30,2319.965,2725.68,2522.8225
2009-01-31,2132.71,2292.629,2212.6695
2009-02-01,2080.831,2275.46,2178.1455
2009-02-02,2190.402,2739.858,2465.13
2009-02-03,2311.364,2753.7200000000003,2532.5420000000004
2009-02-04,2318.7969999999996,2746.996,2532.8965
2009-02-05,2317.446,2760.772,2539.109
2009-02-06,2323.768,2773.298,2548.533
2009-02-07,2196.576,2372.6890000000003,2284.6325
2009-02-08,2092.6910000000003,2283.745,2188.218
2009-02-09,2198.2,2775.066,2486.633
2009-02-10,2329.7400000000002,2790.668,2560.204
2009-02-11,2308.23,2779.4179999999997,2543.8239999999996
2009-02-12,2304.558,2761.3340000000003,2532.946
2009-02-13,2328.005,2778.6340000000005,2553.3195000000005
2009-02-14,2191.6189999999997,2355.674,2273.6465
2009-02-15,2084.1540000000005,2261.518,2172.8360000000002
2009-02-16,2071.657,2680.8559999999998,2376.2565
2009-02-17,2309.148,2772.7500000000005,2540.9490000000005
2009-02-18,2316.802,2796.458,2556.63
2009-02-19,2302.288,2751.7280000000005,2527.0080000000003
2009-02-20,2316.119,2740.8940000000002,2528.5065000000004
2009-02-21,2186.217,2340.477,2263.3469999999998
2009-02-22,2076.614,2249.547,2163.0805
2009-02-23,2180.278,2729.3039999999996,2454.7909999999997
2009-02-24,2292.3019999999997,2770.448,2531.375
2009-02-25,2314.419,2794.0319999999997,2554.2254999999996
2009-02-26,2318.323,2811.9939999999997,2565.1584999999995
2009-02-27,2349.5769999999998,2822.418,2585.9975
2009-02-28,2170.372,2328.9,2249.636
2009-03-01,2069.212,2231.821,2150.5164999999997
2009-03-02,2179.089,2764.4999999999995,2471.7945
2009-03-03,2326.09,2766.6099999999997,2546.35
2009-03-04,2311.276,2784.1919999999996,2547.7339999999995
2009-03-05,2324.339,2821.67,2573.0045
2009-03-06,2349.0570000000002,2824.128,2586.5925
2009-03-07,2180.8379999999997,2398.11,2289.474
2009-03-08,2153.3709999999996,2357.024,2255.1974999999998
2009-03-09,2260.369,2910.64,2585.5045
2009-03-10,2408.132,2911.2859999999996,2659.709
2009-03-11,2391.638,2875.1900000000005,2633.414
2009-03-12,2365.7180000000003,2795.764,2580.741
2009-03-13,2403.1659999999997,2806.791,2604.9785
2009-03-14,2218.1499999999996,2403.638,2310.894
2009-03-15,2126.648,2284.391,2205.5195000000003
2009-03-16,2233.671,2830.87,2532.2704999999996
2009-03-17,2375.728,2819.69,2597.709
2009-03-18,2356.8740000000003,2843.0940000000005,2599.9840000000004
2009-03-19,2357.2180000000003,2849.81,2603.514
2009-03-20,2381.3010000000004,2850.326,2615.8135
2009-03-21,2216.678,2416.276,2316.477
2009-03-22,2127.381,2314.874,2221.1274999999996
2009-03-23,2235.407,2886.322,2560.8645
2009-03-24,2395.066,2880.7420000000006,2637.9040000000005
2009-03-25,2384.2889999999998,2878.5180000000005,2631.4035000000003
2009-03-26,2377.716,2849.528,2613.622
2009-03-27,2395.4939999999997,2865.5679999999998,2630.531
2009-03-28,2193.3309999999997,2381.106,2287.2185
2009-03-29,2112.4550000000004,2271.685,2192.07
2009-03-30,2213.527,2845.948,2529.7375
2009-03-31,2376.223,2837.088,2606.6555
2009-04-01,2409.4689999999996,2880.412,2644.9404999999997
2009-04-02,2419.087,2920.0,2669.5434999999998
2009-04-03,2421.106,2877.48,2649.293
2009-04-04,2265.163,2470.268,2367.7155000000002
2009-04-05,2185.777,2358.363,2272.0699999999997
2009-04-06,2255.578,2858.6679999999997,2557.1229999999996
2009-04-07,2404.86,2860.5,2632.6800000000003
2009-04-08,2394.196,2911.358,2652.777
2009-04-09,2407.909,2923.5679999999998,2665.7385
2009-04-10,2456.7280000000005,2959.5160000000005,2708.1220000000003
2009-04-11,2256.736,2453.72,2355.228
2009-04-12,2192.959,2366.668,2279.8135
2009-04-13,2263.134,2919.936,2591.535
2009-04-14,2395.7369999999996,2897.7,2646.7185
2009-04-15,2402.7900000000004,2897.38,2650.085
2009-04-16,2410.385,2898.94,2654.6625000000004
2009-04-17,2440.6400000000003,2895.956,2668.2980000000002
2009-04-18,2261.335,2463.998,2362.6665000000003
2009-04-19,2176.899,2362.483,2269.691
2009-04-20,2253.859,2910.924,2582.3914999999997
2009-04-21,2402.766,2944.4200000000005,2673.5930000000003
2009-04-22,2412.539,2970.8989999999994,2691.719
2009-04-23,2434.994,2955.6520000000005,2695.3230000000003
2009-04-24,2463.6280000000006,2949.782,2706.7050000000004
2009-04-25,2283.219,2514.366,2398.7925
2009-04-26,2208.137,2388.852,2298.4945
2009-04-27,2297.335,2959.6660000000006,2628.5005
2009-04-28,2442.9700000000003,2942.7119999999995,2692.841
2009-04-29,2446.811,2961.214,2704.0125
2009-04-30,2448.005,2963.011,2705.508
2009-05-01,2550.6730000000002,3062.5539999999996,2806.6135
2009-05-02,2375.5229999999997,2615.265,2495.394
2009-05-03,2300.725,2481.083,2390.904
2009-05-04,2360.894,3048.706,2704.8
2009-05-05,2524.11,3074.927,2799.5185
2009-05-06,2538.342,3088.269,2813.3055
2009-05-07,2549.653,3091.4120000000003,2820.5325000000003
2009-05-08,2574.436,3092.914,2833.675
2009-05-09,2385.5190000000002,2632.2259999999997,2508.8725
2009-05-10,2299.588,2514.982,2407.285
2009-05-11,2394.892,3096.77,2745.831
2009-05-12,2534.02,3089.216,2811.618
2009-05-13,2541.203,3096.511,2818.857
2009-05-14,2539.0969999999998,3092.681,2815.889
2009-05-15,2559.3669999999997,3092.203,2825.785
2009-05-16,2357.9210000000003,2628.315,2493.1180000000004
2009-05-17,2273.311,2416.625,2344.968
2009-05-18,2319.538,2996.84,2658.1890000000003
2009-05-19,2465.1620000000003,3008.2279999999996,2736.6949999999997
2009-05-20,2473.5060000000003,3021.3280000000004,2747.4170000000004
2009-05-21,2491.2219999999998,3057.943,2774.5825
2009-05-22,2529.9030000000002,3035.6380000000004,2782.7705000000005
2009-05-23,2356.305,2583.4660000000003,2469.8855000000003
2009-05-24,2270.5530000000003,2456.5139999999997,2363.5335
2009-05-25,2230.613,2559.995,2395.304
2009-05-26,2532.365,3093.3979999999997,2812.8814999999995
2009-05-27,2538.969,3044.921,2791.9449999999997
2009-05-28,2524.2099999999996,3071.975,2798.0924999999997
2009-05-29,2535.1050000000005,3084.7320000000004,2809.9185000000007
2009-05-30,2377.677,2628.1530000000007,2502.9150000000004
2009-05-31,2272.256,2499.928,2386.0919999999996
2009-06-01,2428.1580000000004,2988.224,2708.1910000000003
2009-06-02,2559.911,3004.933,2782.422
2009-06-03,2570.427,3002.6200000000003,2786.5235000000002
2009-06-04,2565.714,2987.6440000000002,2776.679
2009-06-05,2565.186,2987.02,2776.103
2009-06-06,2471.556,2705.735,2588.6455
2009-06-07,2367.578,2593.195,2480.3865
2009-06-08,2445.591,3013.818,2729.7045
2009-06-09,2582.607,3042.8659999999995,2812.7365
2009-06-10,2594.1730000000002,3050.822,2822.4975000000004
2009-06-11,2603.712,3055.747,2829.7295
2009-06-12,2615.0620000000004,3073.2639999999997,2844.163
2009-06-13,2523.576,2760.244,2641.91
2009-06-14,2412.6659999999997,2638.689,2525.6775
2009-06-15,2473.201,3062.3419999999996,2767.7715
2009-06-16,2603.1519999999996,3061.1830000000004,2832.1675
2009-06-17,2604.6789999999996,3057.86,2831.2695
2009-06-18,2610.091,3067.4950000000003,2838.793
2009-06-19,2620.15,3078.4870000000005,2849.3185000000003
2009-06-20,2529.104,2771.2129999999997,2650.1584999999995
2009-06-21,2423.7999999999997,2651.99,2537.8949999999995
2009-06-22,2476.0759999999996,3074.975,2775.5254999999997
2009-06-23,2606.6980000000003,3072.1629999999996,2839.4305
2009-06-24,2609.6220000000003,3103.2529999999997,2856.4375
2009-06-25,2626.4210000000003,3103.6199999999994,2865.0204999999996
2009-06-26,2629.665,3110.983,2870.324
2009-06-27,2547.989,2797.558,2672.7735000000002
2009-06-28,2441.379,2680.6240000000003,2561.0015000000003
2009-06-29,2493.397,3097.722,2795.5595000000003
2009-06-30,2612.049,3062.747,2837.398
2009-07-01,2589.5689999999995,3045.8250000000003,2817.697
2009-07-02,2588.305,3074.29,2831.2974999999997
2009-07-03,2432.441,2692.207,2562.3239999999996
2009-07-04,2490.8289999999997,2741.37,2616.0995
2009-07-05,2382.5119999999997,2612.1240000000003,2497.318
2009-07-06,2482.694,3070.147,2776.4205
2009-07-07,2588.2520000000004,3009.387,2798.8195000000005
2009-07-08,2592.012,3060.182,2826.0969999999998
2009-07-09,2597.569,3067.932,2832.7505
2009-07-10,2615.074,3075.2760000000003,2845.175
2009-07-11,2477.335,2721.042,2599.1885
2009-07-12,2369.67,2603.043,2486.3565
2009-07-13,2474.546,3069.051,2771.7985
2009-07-14,2599.7880000000005,3061.3949999999995,2830.5915
2009-07-15,2599.3669999999997,3065.185,2832.276
2009-07-16,2598.4019999999996,3062.5339999999997,2830.468
2009-07-17,2603.055,3047.1639999999998,2825.1094999999996
2009-07-18,2445.058,2710.034,2577.5460000000003
2009-07-19,2342.926,2543.255,2443.0905000000002
2009-07-20,2456.191,3031.2920000000004,2743.7415
2009-07-21,2597.267,3051.5069999999996,2824.3869999999997
2009-07-22,2599.365,3045.516,2822.4404999999997
2009-07-23,2582.0900000000006,3039.027,2810.5585
2009-07-24,2593.2830000000004,3019.5170000000003,2806.4000000000005
2009-07-25,2460.19,2710.3480000000004,2585.2690000000002
2009-07-26,2368.737,2593.386,2481.0615
2009-07-27,2471.766,3046.0420000000004,2758.9040000000005
2009-07-28,2604.218,3074.0299999999997,2839.124
2009-07-29,2610.8810000000003,3072.23,2841.5555000000004
2009-07-30,2615.486,3076.4900000000002,2845.9880000000003
2009-07-31,2625.7390000000005,3052.3480000000004,2839.0435000000007
2009-08-01,2616.0510000000004,2859.84,2737.9455000000003
2009-08-02,2514.34,2727.856,2621.098
2009-08-03,2546.875,3159.905,2853.3900000000003
2009-08-04,2671.0660000000003,3154.3779999999997,2912.7219999999998
2009-08-05,2674.463,3164.0480000000002,2919.2555
2009-08-06,2680.6859999999997,3159.839,2920.2625
2009-08-07,2684.6760000000004,3168.6630000000005,2926.6695000000004
2009-08-08,2607.77,2864.907,2736.3385
2009-08-09,2502.3540000000003,2714.04,2608.197
2009-08-10,2547.183,3149.5339999999997,2848.3585
2009-08-11,2673.458,3163.821,2918.6395
2009-08-12,2671.839,3155.451,2913.645
2009-08-13,2663.5249999999996,3131.9390000000003,2897.732
2009-08-14,2674.166,3144.853,2909.5095
2009-08-15,2596.9379999999996,2851.4379999999996,2724.1879999999996
2009-08-16,2495.299,2738.744,2617.0215
2009-08-17,2542.557,3157.98,2850.2685
2009-08-18,2670.05,3136.9300000000003,2903.4900000000002
2009-08-19,2670.487,3147.464,2908.9755
2009-08-20,2676.1249999999995,3184.232,2930.1785
2009-08-21,2693.0860000000002,3195.6850000000004,2944.3855000000003
2009-08-22,2600.849,2864.942,2732.8955
2009-08-23,2500.969,2740.604,2620.7865
2009-08-24,2548.1600000000003,3147.679,2847.9195
2009-08-25,2669.8089999999997,3132.747,2901.278
2009-08-26,2672.837,3135.7219999999998,2904.2794999999996
2009-08-27,2662.742,3128.951,2895.8465
2009-08-28,2679.851,3121.5269999999996,2900.689
2009-08-29,2590.489,2820.337,2705.413
2009-08-30,2487.337,2723.261,2605.299
2009-08-31,2527.8630000000003,3095.6419999999994,2811.7524999999996
2009-09-01,2591.223,3009.181,2800.202
2009-09-02,2574.3120000000004,3023.962,2799.137
2009-09-03,2583.959,3051.941,2817.95
2009-09-04,2602.7109999999993,3033.1020000000003,2817.9065
2009-09-05,2491.024,2742.198,2616.611
2009-09-06,2388.491,2598.481,2493.486
2009-09-07,2300.602,2562.691,2431.6465
2009-09-08,2600.0170000000003,3037.5879999999997,2818.8025
2009-09-09,2599.747,3007.211,2803.479
2009-09-10,2591.849,3008.734,2800.2915000000003
2009-09-11,2603.5980000000004,3009.493,2806.5455
2009-09-12,2476.3830000000003,2678.272,2577.3275000000003
2009-09-13,2379.605,2565.6459999999997,2472.6255
2009-09-14,2458.5620000000004,3011.5489999999995,2735.0555
2009-09-15,2584.976,2996.1,2790.538
2009-09-16,2580.861,3021.484,2801.1724999999997
2009-09-17,2584.93,2999.952,2792.441
2009-09-18,2597.636,3014.208,2805.922
2009-09-19,2480.7200000000003,2695.3819999999996,2588.051
2009-09-20,2382.839,2604.232,2493.5355
2009-09-21,2481.165,3063.02,2772.0924999999997
2009-09-22,2597.897,2979.7580000000003,2788.8275000000003
2009-09-23,2567.839,2963.394,2765.6165
2009-09-24,2545.2070000000003,2934.4039999999995,2739.8055
2009-09-25,2567.9690000000005,2976.9099999999994,2772.4395
2009-09-26,2474.234,2699.9230000000002,2587.0785
2009-09-27,2385.596,2617.48,2501.538
2009-09-28,2482.5809999999997,3061.2949999999996,2771.9379999999996
2009-09-29,2598.234,2990.7340000000004,2794.4840000000004
2009-09-30,2570.1879999999996,2998.7860000000005,2784.487
2009-10-01,2459.77,3029.184,2744.477
2009-10-02,2471.947,2970.671,2721.309
2009-10-03,2380.928,2595.7700000000004,2488.349
2009-10-04,2304.2999999999997,2517.364,2410.832
2009-10-05,2321.554,3009.686,2665.62
2009-10-06,2493.092,3057.2909999999997,2775.1915
2009-10-07,2499.6859999999997,3054.561,2777.1234999999997
2009-10-08,2510.44,3065.0769999999993,2787.7585
2009-10-09,2495.752,2943.892,2719.822
2009-10-10,2319.496,2518.178,2418.837
2009-10-11,2252.781,2423.466,2338.1234999999997
2009-10-12,2266.981,2960.28,2613.6305
2009-10-13,2454.222,2992.011,2723.1165
2009-10-14,2481.675,3036.3140000000003,2758.9945000000002
2009-10-15,2495.0389999999998,3040.847,2767.943
2009-10-16,2482.6020000000003,2935.792,2709.197
2009-10-17,2327.5769999999998,2540.156,2433.8665
2009-10-18,2241.888,2414.93,2328.4089999999997
2009-10-19,2256.849,2912.3759999999997,2584.6125
2009-10-20,2412.302,2952.536,2682.419
2009-10-21,2443.1160000000004,2964.2279999999996,2703.672
2009-10-22,2449.136,2922.852,2685.9939999999997
2009-10-23,2428.3600000000006,2873.7980000000002,2651.0790000000006
2009-10-24,2323.339,2533.122,2428.2304999999997
2009-10-25,2238.819,2477.5419999999995,2358.1804999999995
2009-10-26,2289.8450000000003,2883.518,2586.6815
2009-10-27,2406.436,2872.06,2639.248
2009-10-28,2389.683,2942.132,2665.9075000000003
2009-10-29,2456.452,2967.944,2712.1980000000003
2009-10-30,2425.15,2863.92,2644.535
2009-10-31,2326.035,2522.456,2424.2455
2009-11-01,2121.562,2296.8810000000003,2209.2215
2009-11-02,2195.173,2819.0679999999998,2507.1205
2009-11-03,2340.833,2822.9,2581.8665
2009-11-04,2340.9929999999995,2829.033,2585.013
2009-11-05,2344.0389999999998,2833.313,2588.676
2009-11-06,2363.201,2826.8360000000002,2595.0185
2009-11-07,2214.0040000000004,2433.926,2323.965
2009-11-08,2153.121,2338.88,2246.0005
2009-11-09,2217.162,2841.299,2529.2304999999997
2009-11-10,2355.794,2847.995,2601.8945
2009-11-11,2353.605,2843.674,2598.6395
2009-11-12,2350.21,2814.6620000000003,2582.436
2009-11-13,2363.571,2827.982,2595.7765
2009-11-14,2227.4460000000004,2451.63,2339.5380000000005
2009-11-15,2156.3579999999997,2362.319,2259.3385
2009-11-16,2225.183,2801.5099999999998,2513.3464999999997
2009-11-17,2341.227,2789.6639999999998,2565.4455
2009-11-18,2343.853,2803.6020000000003,2573.7275
2009-11-19,2342.0809999999997,2819.456,2580.7685
2009-11-20,2381.5589999999997,2802.4359999999997,2591.9974999999995
2009-11-21,2206.927,2398.806,2302.8665
2009-11-22,2139.489,2306.122,2222.8055
2009-11-23,2196.561,2814.944,2505.7525
2009-11-24,2359.9519999999998,2797.9340000000007,2578.943
2009-11-25,2345.2290000000003,2796.7,2570.9645
2009-11-26,1998.3,2139.891,2069.0955
2009-11-27,1971.266,2180.865,2076.0654999999997
2009-11-28,2222.9570000000003,2408.632,2315.7945
2009-11-29,2155.114,2353.7850000000003,2254.4495
2009-11-30,2204.1220000000003,2787.8869999999997,2496.0045
2009-12-01,2305.618,2722.777,2514.1975
2009-12-02,2310.802,2726.4390000000003,2518.6205
2009-12-03,2312.483,2729.796,2521.1395
2009-12-04,2346.777,2752.1359999999995,2549.4565
2009-12-05,2194.687,2342.091,2268.389
2009-12-06,2073.366,2247.606,2160.486
2009-12-07,2189.988,2720.238,2455.113
2009-12-08,2300.831,2754.294,2527.5625
2009-12-09,2303.48,2728.798,2516.139
2009-12-10,2319.069,2734.353,2526.7110000000002
2009-12-11,2335.859,2730.961,2533.41
2009-12-12,2168.275,2327.4620000000004,2247.8685000000005
2009-12-13,2066.4300000000003,2242.07,2154.25
2009-12-14,2187.511,2727.5160000000005,2457.5135
2009-12-15,2311.125,2729.9289999999996,2520.527
2009-12-16,2311.831,2724.6029999999996,2518.2169999999996
2009-12-17,2317.735,2726.5389999999998,2522.1369999999997
2009-12-18,2326.291,2733.072,2529.6815
2009-12-19,2170.388,2321.3579999999997,2245.8729999999996
2009-12-20,2077.5409999999997,2238.956,2158.2484999999997
2009-12-21,2164.245,2511.4179999999997,2337.8315
2009-12-22,2272.833,2537.534,2405.1835
2009-12-23,2287.6369999999997,2561.0780000000004,2424.3575
2009-12-24,2268.7889999999998,2520.881,2394.835
2009-12-25,1874.131,2006.173,1940.152
2009-12-26,2175.989,2328.6679999999997,2252.3284999999996
2009-12-27,2078.039,2240.873,2159.456
2009-12-28,2034.451,2374.8599999999997,2204.6555
2009-12-29,2165.497,2388.8590000000004,2277.178
2009-12-30,2157.684,2380.7039999999997,2269.194
2009-12-31,2152.7160000000003,2379.118,2265.9170000000004
2010-01-01,1917.4410000000003,2098.996,2008.2185000000002
2010-01-02,2155.601,2301.727,2228.6639999999998
2010-01-03,2053.352,2219.591,2136.4714999999997
2010-01-04,2200.718,2721.416,2461.067
2010-01-05,2334.394,2746.811,2540.6025
2010-01-06,2322.425,2734.8149999999996,2528.62
2010-01-07,2328.3489999999997,2732.79,2530.5694999999996
2010-01-08,2363.677,2778.505,2571.0910000000003
2010-01-09,2191.013,2341.7290000000003,2266.371
2010-01-10,2094.965,2236.845,2165.9049999999997
2010-01-11,2208.371,2731.016,2469.6935000000003
2010-01-12,2317.731,2740.7739999999994,2529.2524999999996
2010-01-13,2312.263,2733.8419999999996,2523.0525
2010-01-14,2313.15,2732.19,2522.67
2010-01-15,2324.002,2727.387,2525.6945
2010-01-16,2138.366,2293.6119999999996,2215.9889999999996
2010-01-17,2043.242,2207.593,2125.4175
2010-01-18,2189.342,2694.0480000000002,2441.695
2010-01-19,2298.7650000000003,2763.538,2531.1515
2010-01-20,2312.0270000000005,2762.9900000000002,2537.5085000000004
2010-01-21,2301.916,2778.2739999999994,2540.095
2010-01-22,2305.17,2740.496,2522.833
2010-01-23,2140.988,2314.089,2227.5384999999997
2010-01-24,2031.225,2213.616,2122.4205
2010-01-25,2166.319,2714.3160000000003,2440.3175
2010-01-26,2297.286,2735.9060000000004,2516.5960000000005
2010-01-27,2299.234,2739.044,2519.139
2010-01-28,2298.275,2732.8599999999997,2515.5675
2010-01-29,2311.468,2723.141,2517.3045
2010-01-30,2160.429,2310.663,2235.5460000000003
2010-01-31,2064.434,2222.987,2143.7105
2010-02-01,2212.486,2738.26,2475.373
2010-02-02,2330.8430000000003,2747.88,2539.3615
2010-02-03,2324.047,2745.6560000000004,2534.8515
2010-02-04,2323.556,2744.241,2533.8985000000002
2010-02-05,2335.907,2746.256,2541.0815000000002
2010-02-06,2188.385,2343.892,2266.1385
2010-02-07,2087.679,2263.59,2175.6345
2010-02-08,2198.909,2741.118,2470.0135
2010-02-09,2322.616,2746.757,2534.6865
2010-02-10,2333.358,2752.336,2542.8469999999998
2010-02-11,2339.4040000000005,2748.752,2544.0780000000004
2010-02-12,2360.835,2772.52,2566.6775
2010-02-13,2206.654,2364.456,2285.5550000000003
2010-02-14,2093.479,2260.675,2177.077
2010-02-15,2091.354,2687.114,2389.234
2010-02-16,2325.791,2749.0960000000005,2537.4435000000003
2010-02-17,2322.6,2747.636,2535.118
2010-02-18,2318.1079999999997,2745.944,2532.026
2010-02-19,2334.6119999999996,2740.126,2537.3689999999997
2010-02-20,2184.153,2343.1380000000004,2263.6455
2010-02-21,2079.8529999999996,2264.5350000000003,2172.194
2010-02-22,2181.067,2720.03,2450.5485
2010-02-23,2322.679,2746.053,2534.366
2010-02-24,2327.3379999999997,2746.0199999999995,2536.6789999999996
2010-02-25,2316.676,2744.1440000000002,2530.41
2010-02-26,2329.808,2744.326,2537.067
2010-02-27,2180.0899999999997,2332.209,2256.1494999999995
2010-02-28,2078.476,2250.026,2164.251
2010-03-01,2187.296,2764.064,2475.68
2010-03-02,2325.757,2753.5480000000002,2539.6525
2010-03-03,2325.012,2756.928,2540.9700000000003
2010-03-04,2324.579,2764.768,2544.6735
2010-03-05,2344.4309999999996,2761.41,2552.9204999999997
2010-03-06,2152.21,2337.3360000000002,2244.773
2010-03-07,2072.4709999999995,2236.497,2154.4839999999995
2010-03-08,2179.077,2758.0580000000004,2468.5675
2010-03-09,2324.021,2806.648,2565.3345
2010-03-10,2327.113,2799.868,2563.4905
2010-03-11,2323.972,2790.088,2557.03
2010-03-12,2330.476,2761.3979999999997,2545.937
2010-03-13,2143.618,2338.706,2241.1620000000003
2010-03-14,2112.762,2303.195,2207.9785
2010-03-15,2227.2720000000004,2846.144,2536.708
2010-03-16,2371.659,2807.6040000000003,2589.6315000000004
2010-03-17,2368.8089999999997,2819.9480000000003,2594.3785
2010-03-18,2370.9230000000002,2817.7580000000003,2594.3405000000002
2010-03-19,2381.301,2822.0760000000005,2601.6885
2010-03-20,2214.329,2381.389,2297.8590000000004
2010-03-21,2119.577,2271.5640000000003,2195.5705000000003
2010-03-22,2228.563,2818.932,2523.7475
2010-03-23,2366.999,2824.886,2595.9425
2010-03-24,2370.258,2807.0139999999997,2588.6359999999995
2010-03-25,2363.799,2818.59,2591.1945
2010-03-26,2383.487,2808.6200000000003,2596.0535
2010-03-27,2212.5869999999995,2403.656,2308.1214999999997
2010-03-28,2113.989,2284.359,2199.174
2010-03-29,2215.481,2819.412,2517.4465
2010-03-30,2353.322,2838.636,2595.9790000000003
2010-03-31,2363.2670000000003,2852.274,2607.7705
2010-04-01,2421.046,2908.7340000000004,2664.8900000000003
2010-04-02,2446.2400000000002,2913.928,2680.084
2010-04-03,2277.219,2510.842,2394.0305
2010-04-04,2196.415,2371.733,2284.074
2010-04-05,2289.889,2943.7720000000004,2616.8305
2010-04-06,2437.0460000000003,2934.886,2685.9660000000003
2010-04-07,2437.6859999999997,2929.6579999999994,2683.6719999999996
2010-04-08,2401.996,2874.1600000000003,2638.0780000000004
2010-04-09,2417.387,2869.7039999999997,2643.5455
2010-04-10,2245.388,2439.678,2342.533
2010-04-11,2161.474,2344.476,2252.9750000000004
2010-04-12,2259.1910000000003,2905.9219999999996,2582.5564999999997
2010-04-13,2410.623,2914.63,2662.6265000000003
2010-04-14,2411.694,2917.138,2664.416
2010-04-15,2423.354,2921.9840000000004,2672.669
2010-04-16,2444.76,2912.2019999999998,2678.4809999999998
2010-04-17,2258.115,2470.482,2364.2985
2010-04-18,2173.9,2349.236,2261.568
2010-04-19,2268.145,2869.4159999999997,2568.7805
2010-04-20,2403.1230000000005,2898.5580000000004,2650.8405000000002
2010-04-21,2404.1820000000002,2909.228,2656.705
2010-04-22,2410.0260000000003,2920.9259999999995,2665.4759999999997
2010-04-23,2459.1099999999997,2955.4939999999992,2707.3019999999997
2010-04-24,2289.009,2518.808,2403.9085
2010-04-25,2181.399,2400.401,2290.8999999999996
2010-04-26,2258.004,2964.412,2611.2079999999996
2010-04-27,2407.431,2899.2320000000004,2653.3315000000002
2010-04-28,2398.789,2910.2980000000002,2654.5435
2010-04-29,2411.7490000000003,2940.966,2676.3575
2010-04-30,2462.993,2946.4920000000006,2704.7425000000003
2010-05-01,2376.247,2606.614,2491.4305
2010-05-02,2273.228,2486.644,2379.9359999999997
2010-05-03,2340.122,3077.0809999999997,2708.6014999999998
2010-05-04,2480.839,3049.78,2765.3095000000003
2010-05-05,2485.0180000000005,3068.149,2776.5835
2010-05-06,2503.6530000000007,3055.9340000000007,2779.7935000000007
2010-05-07,2544.704,3074.495,2809.5995000000003
2010-05-08,2361.5820000000003,2587.79,2474.686
2010-05-09,2263.471,2456.838,2360.1545
2010-05-10,2367.533,3071.0310000000004,2719.282
2010-05-11,2530.117,3084.1549999999997,2807.136
2010-05-12,2538.455,3076.719,2807.587
2010-05-13,2540.7630000000004,3065.821,2803.2920000000004
2010-05-14,2555.71,3059.834,2807.772
2010-05-15,2336.85,2555.158,2446.004
2010-05-16,2261.115,2485.6259999999997,2373.3705
2010-05-17,2364.293,3086.781,2725.5370000000003
2010-05-18,2516.5540000000005,3049.381,2782.9675
2010-05-19,2522.1610000000005,3080.3959999999997,2801.2785000000003
2010-05-20,2533.506,3087.911,2810.7084999999997
2010-05-21,2562.0749999999994,3087.423,2824.749
2010-05-22,2388.164,2631.165,2509.6645
2010-05-23,2310.7609999999995,2505.835,2408.298
2010-05-24,2392.0019999999995,3093.528,2742.7649999999994
2010-05-25,2536.281,3069.789,2803.035
2010-05-26,2525.6600000000003,3089.9159999999997,2807.788
2010-05-27,2524.066,3099.3659999999995,2811.7159999999994
2010-05-28,2556.747,3131.386,2844.0665
2010-05-29,2406.719,2663.999,2535.359
2010-05-30,2303.797,2530.6530000000002,2417.2250000000004
2010-05-31,2266.165,2583.137,2424.651
2010-06-01,2577.83,3024.4429999999998,2801.1364999999996
2010-06-02,2581.895,3031.648,2806.7715
2010-06-03,2566.276,2961.524,2763.8999999999996
2010-06-04,2570.427,2997.28,2783.8535
2010-06-05,2494.872,2734.123,2614.4975
2010-06-06,2409.488,2617.828,2513.658
2010-06-07,2470.1659999999997,3019.786,2744.9759999999997
2010-06-08,2590.024,2992.107,2791.0654999999997
2010-06-09,2596.252,3047.268,2821.76
2010-06-10,2605.4460000000004,3053.757,2829.6015
2010-06-11,2620.4820000000004,3067.407,2843.9445000000005
2010-06-12,2536.5530000000003,2765.322,2650.9375
2010-06-13,2430.5229999999997,2632.192,2531.3575
2010-06-14,2485.828,3054.951,2770.3895
2010-06-15,2603.7309999999998,3045.329,2824.5299999999997
2010-06-16,2599.3579999999997,3056.66,2828.009
2010-06-17,2602.5409999999993,3058.358,2830.4494999999997
2010-06-18,2622.123,3083.8650000000002,2852.994
2010-06-19,2527.122,2776.593,2651.8575
2010-06-20,2420.2369999999996,2658.196,2539.2164999999995
2010-06-21,2479.8729999999996,3073.2670000000003,2776.5699999999997
2010-06-22,2606.8250000000003,3080.3709999999996,2843.598
2010-06-23,2605.717,3049.9739999999997,2827.8455
2010-06-24,2595.5280000000002,3026.2290000000003,2810.8785000000003
2010-06-25,2608.615,3055.2060000000006,2831.9105
2010-06-26,2526.968,2764.7639999999997,2645.866
2010-06-27,2422.935,2646.998,2534.9665
2010-06-28,2485.523,3038.898,2762.2105
2010-06-29,2602.974,3054.3489999999997,2828.6615
2010-06-30,2599.1040000000003,3012.312,2805.708
2010-07-01,2572.553,2975.3130000000006,2773.933
2010-07-02,2579.155,2989.986,2784.5705
2010-07-03,2438.635,2654.906,2546.7705
2010-07-04,2344.6490000000003,2545.093,2444.871
2010-07-05,2304.03,2643.441,2473.7355
2010-07-06,2584.0280000000002,3029.6459999999997,2806.837
2010-07-07,2580.8240000000005,2995.6189999999997,2788.2215
2010-07-08,2570.176,2962.352,2766.264
2010-07-09,2580.053,3012.9429999999993,2796.4979999999996
2010-07-10,2453.111,2681.2570000000005,2567.184
2010-07-11,2357.37,2561.575,2459.4725
2010-07-12,2464.297,3031.7349999999997,2748.0159999999996
2010-07-13,2596.313,3044.258,2820.2855
2010-07-14,2598.234,3044.272,2821.2529999999997
2010-07-15,2590.801,3044.684,2817.7425000000003
2010-07-16,2608.0679999999998,3060.9289999999996,2834.4984999999997
2010-07-17,2468.3869999999997,2699.7129999999997,2584.0499999999997
2010-07-18,2360.009,2545.839,2452.924
2010-07-19,2454.203,2983.5330000000004,2718.8680000000004
2010-07-20,2578.859,3012.0430000000006,2795.451
2010-07-21,2580.6559999999995,3025.1979999999994,2802.9269999999997
2010-07-22,2588.409,3031.7490000000003,2810.079
2010-07-23,2599.3710000000005,3046.761,2823.0660000000003
2010-07-24,2459.95,2687.085,2573.5175
2010-07-25,2353.763,2576.0589999999997,2464.911
2010-07-26,2458.321,3027.5309999999995,2742.9259999999995
2010-07-27,2580.011,2998.693,2789.352
2010-07-28,2576.0039999999995,2993.5429999999997,2784.7734999999993
2010-07-29,2575.9950000000003,3027.89,2801.9425
2010-07-30,2591.562,3048.468,2820.015
2010-07-31,2470.55,2705.5759999999996,2588.063
2010-08-01,2487.003,2740.3360000000002,2613.6695
2010-08-02,2537.4930000000004,3153.2799999999997,2845.3865
2010-08-03,2672.4240000000004,3155.1530000000002,2913.7885000000006
2010-08-04,2680.429,3154.993,2917.7110000000002
2010-08-05,2680.904,3157.2640000000006,2919.0840000000003
2010-08-06,2694.5019999999995,3168.1639999999998,2931.3329999999996
2010-08-07,2621.927,2861.238,2741.5825
2010-08-08,2502.97,2743.811,2623.3905
2010-08-09,2547.798,3168.9739999999997,2858.3859999999995
2010-08-10,2679.668,3164.6730000000002,2922.1705
2010-08-11,2686.64,3177.916,2932.2780000000002
2010-08-12,2690.463,3155.485,2922.974
2010-08-13,2692.5319999999997,3172.831,2932.6814999999997
2010-08-14,2622.237,2884.0170000000003,2753.1270000000004
2010-08-15,2520.1730000000002,2778.005,2649.089
2010-08-16,2561.941,3179.335,2870.638
2010-08-17,2678.3689999999997,3147.152,2912.7605
2010-08-18,2691.333,3173.0030000000006,2932.1680000000006
2010-08-19,2686.398,3159.097,2922.7475000000004
2010-08-20,2702.5560000000005,3173.895,2938.2255000000005
2010-08-21,2618.493,2882.7619999999997,2750.6274999999996
2010-08-22,2516.33,2759.184,2637.757
2010-08-23,2556.5910000000003,3186.8720000000003,2871.7315000000003
2010-08-24,2679.313,3172.225,2925.7690000000002
2010-08-25,2676.2690000000002,3167.464,2921.8665
2010-08-26,2674.5539999999996,3144.658,2909.6059999999998
2010-08-27,2675.4030000000002,3142.163,2908.7830000000004
2010-08-28,2592.322,2852.2320000000004,2722.277
2010-08-29,2496.804,2717.4539999999997,2607.129
2010-08-30,2552.2410000000004,3134.6520000000005,2843.4465000000005
2010-08-31,2676.2639999999997,3124.1870000000004,2900.2255
2010-09-01,2615.126,3069.1459999999997,2842.136
2010-09-02,2614.1130000000003,3079.8019999999997,2846.9575
2010-09-03,2620.89,3039.354,2830.122
2010-09-04,2484.6319999999996,2714.4030000000002,2599.5175
2010-09-05,2380.67,2608.9120000000003,2494.791
2010-09-06,2308.732,2505.186,2406.959
2010-09-07,2607.961,3017.2529999999997,2812.607
2010-09-08,2612.3469999999998,3070.427,2841.3869999999997
2010-09-09,2616.531,3080.926,2848.7285
2010-09-10,2634.272,3095.0640000000003,2864.668
2010-09-11,2531.5440000000003,2771.658,2651.601
2010-09-12,2421.3129999999996,2642.185,2531.749
2010-09-13,2495.458,3077.166,2786.312
2010-09-14,2618.226,3073.392,2845.809
2010-09-15,2609.995,3053.198,2831.5964999999997
2010-09-16,2598.171,3058.602,2828.3864999999996
2010-09-17,2623.9760000000006,3060.645,2842.3105000000005
2010-09-18,2494.374,2710.244,2602.309
2010-09-19,2400.156,2554.0019999999995,2477.0789999999997
2010-09-20,2470.83,3006.6380000000004,2738.7340000000004
2010-09-21,2591.634,3014.375,2803.0045
2010-09-22,2595.429,3038.294,2816.8615
2010-09-23,2603.2509999999997,3050.664,2826.9575
2010-09-24,2623.2999999999997,3061.478,2842.389
2010-09-25,2505.8269999999998,2737.372,2621.5995
2010-09-26,2396.972,2580.84,2488.906
2010-09-27,2439.143,2951.9359999999997,2695.5395
2010-09-28,2542.2310000000007,2950.674,2746.4525000000003
2010-09-29,2544.419,2986.18,2765.2995
2010-09-30,2557.4,3000.897,2779.1485000000002
2010-10-01,2460.93,2983.805,2722.3675
2010-10-02,2356.7470000000003,2604.6890000000003,2480.7180000000003
2010-10-03,2251.808,2451.206,2351.507
2010-10-04,2258.362,2898.2,2578.281
2010-10-05,2399.7560000000003,2899.4959999999996,2649.626
2010-10-06,2397.0260000000003,2913.562,2655.294
2010-10-07,2399.5669999999996,2934.198,2666.8824999999997
2010-10-08,2412.974,2946.1680000000006,2679.5710000000004
2010-10-09,2347.2909999999997,2595.2540000000004,2471.2725
2010-10-10,2251.715,2501.349,2376.532
2010-10-11,2287.942,3008.8430000000003,2648.3925
2010-10-12,2444.909,3000.033,2722.471
2010-10-13,2439.021,2983.546,2711.2835
2010-10-14,2429.727,2949.36,2689.5434999999998
2010-10-15,2429.39,2930.212,2679.801
2010-10-16,2343.3520000000003,2575.4059999999995,2459.379
2010-10-17,2250.3570000000004,2490.737,2370.5470000000005
2010-10-18,2284.213,2987.0280000000002,2635.6205
2010-10-19,2438.205,2990.993,2714.599
2010-10-20,2442.218,2995.8269999999998,2719.0225
2010-10-21,2444.6040000000003,2993.078,2718.8410000000003
2010-10-22,2474.3439999999996,2991.568,2732.956
2010-10-23,2403.0969999999998,2641.7259999999997,2522.4114999999997
2010-10-24,2307.7290000000003,2545.82,2426.7745000000004
2010-10-25,2326.224,3027.815,2677.0195000000003
2010-10-26,2492.23,3039.2089999999994,2765.7194999999997
2010-10-27,2489.322,3048.213,2768.7675
2010-10-28,2472.7479999999996,2974.3959999999997,2723.5719999999997
2010-10-29,2429.8430000000003,2890.02,2659.9315
2010-10-30,2328.328,2545.4520000000007,2436.8900000000003
2010-10-31,2221.678,2498.5649999999996,2360.1214999999997
2010-11-01,2281.079,2980.959,2631.0190000000002
2010-11-02,2410.451,2860.006,2635.2285
2010-11-03,2389.935,2841.1440000000007,2615.5395000000003
2010-11-04,2392.4069999999997,2857.662,2625.0344999999998
2010-11-05,2410.6220000000003,2847.222,2628.9220000000005
2010-11-06,2265.3540000000003,2452.7589999999996,2359.0564999999997
2010-11-07,2135.4139999999998,2302.3070000000002,2218.8605
2010-11-08,2188.7619999999997,2817.052,2502.907
2010-11-09,2343.114,2836.472,2589.793
2010-11-10,2357.185,2845.0439999999994,2601.1144999999997
2010-11-11,2359.667,2855.211,2607.439
2010-11-12,2391.968,2877.256,2634.612
2010-11-13,2203.208,2393.248,2298.228
2010-11-14,2127.957,2299.82,2213.8885
2010-11-15,2211.026,2797.72,2504.3729999999996
2010-11-16,2350.313,2799.098,2574.7055
2010-11-17,2336.793,2832.4019999999996,2584.5975
2010-11-18,2345.208,2793.6119999999996,2569.41
2010-11-19,2365.911,2794.322,2580.1165
2010-11-20,2215.061,2419.344,2317.2025000000003
2010-11-21,2133.129,2355.7780000000002,2244.4535
2010-11-22,2224.52,2887.905,2556.2125
2010-11-23,2387.195,2895.216,2641.2055
2010-11-24,2398.049,2893.2500000000005,2645.6495000000004
2010-11-25,2012.054,2199.546,2105.8
2010-11-26,1960.97,2173.93,2067.45
2010-11-27,2219.353,2401.9619999999995,2310.6575
2010-11-28,2143.267,2322.422,2232.8445
2010-11-29,2196.1730000000002,2859.987,2528.08
2010-11-30,2346.353,2789.7299999999996,2568.0415
2010-12-01,2296.9139999999998,2734.656,2515.785
2010-12-02,2306.009,2746.24,2526.1245
2010-12-03,2305.6620000000003,2750.9959999999996,2528.3289999999997
2010-12-04,2178.614,2359.857,2269.2355
2010-12-05,2058.873,2237.5370000000003,2148.205
2010-12-06,2184.393,2717.3599999999997,2450.8765
2010-12-07,2310.746,2731.486,2521.116
2010-12-08,2317.723,2727.975,2522.849
2010-12-09,2311.292,2733.5339999999997,2522.4129999999996
2010-12-10,2300.5029999999997,2743.778,2522.1404999999995
2010-12-11,2170.625,2345.886,2258.2555
2010-12-12,2063.219,2233.9310000000005,2148.5750000000003
2010-12-13,2185.4990000000003,2724.3280000000004,2454.9135000000006
2010-12-14,2311.0190000000002,2749.416,2530.2175
2010-12-15,2302.8500000000004,2775.966,2539.4080000000004
2010-12-16,2315.048,2765.4359999999997,2540.2419999999997
2010-12-17,2318.195,2726.816,2522.5055
2010-12-18,2169.636,2318.854,2244.245
2010-12-19,2069.2619999999997,2240.225,2154.7434999999996
2010-12-20,2156.755,2538.1440000000002,2347.4495
2010-12-21,2281.628,2580.2430000000004,2430.9355000000005
2010-12-22,2273.4329999999995,2563.888,2418.6605
2010-12-23,2265.6789999999996,2519.706,2392.6925
2010-12-24,1848.4669999999999,1988.959,1918.713
2010-12-25,2182.6079999999997,2329.5119999999997,2256.0599999999995
2010-12-26,2095.728,2254.207,2174.9674999999997
2010-12-27,2040.054,2375.28,2207.6670000000004
2010-12-28,2157.821,2394.872,2276.3464999999997
2010-12-29,2146.649,2377.4,2262.0245
2010-12-30,2150.6000000000004,2420.346,2285.473
2010-12-31,1940.3259999999998,2149.112,2044.719
2011-01-01,2141.511,2298.774,2220.1425
2011-01-02,2048.681,2215.946,2132.3135
2011-01-03,2183.439,2717.534,2450.4865
2011-01-04,2316.83,2744.564,2530.697
2011-01-05,2308.259,2757.4320000000002,2532.8455000000004
2011-01-06,2298.665,2737.3439999999996,2518.0045
2011-01-07,2317.002,2735.3439999999996,2526.173
2011-01-08,2141.224,2299.847,2220.5355
2011-01-09,2042.4189999999999,2213.9120000000003,2128.1655
2011-01-10,2197.054,2718.747,2457.9004999999997
2011-01-11,2330.28,2738.5879999999997,2534.434
2011-01-12,2337.838,2743.846,2540.842
2011-01-13,2342.436,2748.7509999999997,2545.5935
2011-01-14,2339.634,2739.1449999999995,2539.3894999999998
2011-01-15,2141.922,2301.672,2221.797
2011-01-16,2042.326,2219.239,2130.7825000000003
2011-01-17,2190.502,2675.5320000000006,2433.0170000000003
2011-01-18,2307.09,2735.562,2521.326
2011-01-19,2300.131,2731.952,2516.0415000000003
2011-01-20,2305.1630000000005,2732.838,2519.0005
2011-01-21,2341.411,2751.5809999999997,2546.496
2011-01-22,2151.9379999999996,2304.0119999999997,2227.9749999999995
2011-01-23,2045.689,2212.1150000000002,2128.902
2011-01-24,2180.4210000000003,2706.8379999999997,2443.6295
2011-01-25,2303.904,2722.7919999999995,2513.348
2011-01-26,2304.879,2730.0459999999994,2517.4624999999996
2011-01-27,2301.774,2731.8799999999997,2516.8269999999998
2011-01-28,2316.1220000000003,2733.2400000000002,2524.6810000000005
2011-01-29,2136.554,2302.513,2219.5335
2011-01-30,2039.794,2219.591,2129.6925
2011-01-31,2171.651,2733.2839999999997,2452.4674999999997
2011-02-01,2316.381,2748.3009999999995,2532.3409999999994
2011-02-02,2356.717,2782.081,2569.3990000000003
2011-02-03,2368.833,2785.376,2577.1045000000004
2011-02-04,2390.904,2804.051000000001,2597.4775000000004
2011-02-05,2209.707,2372.71,2291.2084999999997
2011-02-06,2095.54,2271.631,2183.5855
2011-02-07,2192.9689999999996,2732.1859999999997,2462.5774999999994
2011-02-08,2319.753,2751.736,2535.7445
2011-02-09,2336.971,2762.3459999999995,2549.6584999999995
2011-02-10,2358.488,2772.509,2565.4984999999997
2011-02-11,2367.404,2773.8850000000007,2570.6445000000003
2011-02-12,2200.3280000000004,2358.434,2279.3810000000003
2011-02-13,2089.51,2262.087,2175.7985
2011-02-14,2187.734,2747.752,2467.743
2011-02-15,2305.313,2765.844,2535.5785
2011-02-16,2308.921,2761.898,2535.4094999999998
2011-02-17,2316.033,2783.254,2549.6435
2011-02-18,2330.79,2783.63,2557.21
2011-02-19,2184.243,2355.661,2269.952
2011-02-20,2094.252,2280.015,2187.1335
2011-02-21,2083.166,2733.81,2408.4880000000003
2011-02-22,2316.6020000000003,2790.854,2553.728
2011-02-23,2320.467,2804.332,2562.3995
2011-02-24,2329.2799999999997,2800.2180000000003,2564.749
2011-02-25,2320.1369999999997,2774.1839999999997,2547.1605
2011-02-26,2189.4199999999996,2358.311,2273.8655
2011-02-27,2098.9849999999997,2298.77,2198.8774999999996
2011-02-28,2196.7349999999997,2786.2580000000003,2491.4965
2011-03-01,2314.6150000000002,2769.326,2541.9705000000004
2011-03-02,2316.7549999999997,2774.5139999999997,2545.6344999999997
2011-03-03,2313.284,2783.526,2548.4049999999997
2011-03-04,2349.244,2808.312,2578.7780000000002
2011-03-05,2136.2219999999998,2332.188,2234.205
2011-03-06,2065.358,2228.241,2146.7995
2011-03-07,2181.204,2771.578,2476.391
2011-03-08,2329.395,2802.216,2565.8055
2011-03-09,2327.131,2796.4,2561.7655
2011-03-10,2313.733,2759.338,2536.5355
2011-03-11,2332.087,2766.0280000000002,2549.0575
2011-03-12,2155.589,2360.8120000000004,2258.2005
2011-03-13,2137.244,2317.051,2227.1475
2011-03-14,2241.511,2837.462,2539.4865
2011-03-15,2364.411,2819.6320000000005,2592.0215000000003
2011-03-16,2372.7509999999997,2848.2579999999994,2610.5044999999996
2011-03-17,2371.669,2870.92,2621.2945
2011-03-18,2411.5640000000003,2884.3780000000006,2647.9710000000005
2011-03-19,2227.205,2442.7599999999998,2334.9825
2011-03-20,2141.937,2335.363,2238.6499999999996
2011-03-21,2242.945,2891.148,2567.0465000000004
2011-03-22,2394.13,2896.15,2645.1400000000003
2011-03-23,2399.747,2908.412,2654.0795
2011-03-24,2393.792,2896.754,2645.273
2011-03-25,2416.3109999999997,2895.518,2655.9145
2011-03-26,2257.483,2471.0580000000004,2364.2705000000005
2011-03-27,2169.4500000000003,2342.792,2256.121
2011-03-28,2230.264,2837.3500000000004,2533.8070000000002
2011-03-29,2381.3320000000003,2862.0119999999997,2621.672
2011-03-30,2364.239,2817.3859999999995,2590.8125
2011-03-31,2354.971,2846.1639999999998,2600.5675
2011-04-01,2425.223,2941.0939999999996,2683.1584999999995
2011-04-02,2293.723,2513.6620000000003,2403.6925
2011-04-03,2210.927,2400.4489999999996,2305.688
2011-04-04,2310.471,2946.082,2628.2765
2011-04-05,2394.5209999999997,2866.0119999999997,2630.2664999999997
2011-04-06,2402.257,2911.064,2656.6605
2011-04-07,2412.744,2950.856,2681.8
2011-04-08,2466.8959999999997,2981.946,2724.421
2011-04-09,2310.314,2534.772,2422.5429999999997
2011-04-10,2219.207,2425.221,2322.214
2011-04-11,2312.618,2998.886,2655.752
2011-04-12,2422.605,2944.54,2683.5725
2011-04-13,2408.1209999999996,2925.754,2666.9375
2011-04-14,2437.999,2960.702,2699.3505
2011-04-15,2474.112,2976.8199999999997,2725.466
2011-04-16,2266.139,2482.0260000000003,2374.0825000000004
2011-04-17,2164.1589999999997,2364.3729999999996,2264.2659999999996
2011-04-18,2291.216,2990.7630000000004,2640.9895
2011-04-19,2453.41,3009.521,2731.4655000000002
2011-04-20,2471.8639999999996,3004.488,2738.1759999999995
2011-04-21,2471.799,2992.493,2732.1459999999997
2011-04-22,2485.407,3002.8589999999995,2744.133
2011-04-23,2322.1929999999998,2553.168,2437.6805
2011-04-24,2230.171,2432.009,2331.09
2011-04-25,2325.3689999999997,3001.681,2663.5249999999996
2011-04-26,2476.306,2991.6870000000004,2733.9965
2011-04-27,2479.435,3049.985,2764.71
2011-04-28,2406.014,2922.786,2664.4
2011-04-29,2429.65,2939.5620000000004,2684.606
2011-04-30,2312.852,2538.3280000000004,2425.59
2011-05-01,2301.476,2510.2439999999997,2405.8599999999997
2011-05-02,2339.8970000000004,3003.342,2671.6195000000002
2011-05-03,2470.4840000000004,2970.29,2720.387
2011-05-04,2467.61,2979.424,2723.517
2011-05-05,2470.645,2999.332,2734.9885
2011-05-06,2491.658,3025.8679999999995,2758.763
2011-05-07,2353.268,2600.0139999999997,2476.6409999999996
2011-05-08,2282.397,2503.251,2392.824
2011-05-09,2391.098,3111.874,2751.486
2011-05-10,2547.8100000000004,3096.7190000000005,2822.2645
2011-05-11,2546.027,3070.236,2808.1315
2011-05-12,2538.132,3041.69,2789.911
2011-05-13,2523.7140000000004,3082.884,2803.299
2011-05-14,2330.522,2565.399,2447.9605
2011-05-15,2224.739,2434.834,2329.7865
2011-05-16,2338.194,3045.4320000000002,2691.813
2011-05-17,2485.415,3020.238,2752.8265
2011-05-18,2502.37,3030.326,2766.348
2011-05-19,2521.1609999999996,3063.456,2792.3085
2011-05-20,2563.605,3104.436,2834.0205
2011-05-21,2391.997,2631.8669999999997,2511.932
2011-05-22,2306.3849999999998,2518.786,2412.5855
2011-05-23,2398.7360000000003,3116.5039999999995,2757.62
2011-05-24,2554.058,3118.9159999999997,2836.487
2011-05-25,2560.036,3132.378,2846.2070000000003
2011-05-26,2551.2059999999997,3133.597,2842.4015
2011-05-27,2566.397,3120.008,2843.2025
2011-05-28,2406.881,2661.4809999999998,2534.1809999999996
2011-05-29,2320.714,2536.702,2428.708
2011-05-30,2293.654,2600.5159999999996,2447.085
2011-05-31,2559.0480000000002,3144.123,2851.5855
2011-06-01,2588.087,3055.0669999999996,2821.5769999999998
2011-06-02,2591.855,3067.814,2829.8345
2011-06-03,2612.2389999999996,3065.866,2839.0525
2011-06-04,2509.069,2756.6629999999996,2632.866
2011-06-05,2403.6690000000003,2684.395,2544.032
2011-06-06,2465.1020000000003,3094.6059999999998,2779.8540000000003
2011-06-07,2586.223,3027.6130000000003,2806.918
2011-06-08,2590.672,3048.132,2819.402
2011-06-09,2589.46,3046.847,2818.1535000000003
2011-06-10,2603.223,3058.953,2831.0879999999997
2011-06-11,2509.194,2758.3830000000003,2633.7885
2011-06-12,2400.27,2644.157,2522.2135
2011-06-13,2466.767,3068.2279999999996,2767.4974999999995
2011-06-14,2606.364,3076.62,2841.492
2011-06-15,2610.4439999999995,3083.975,2847.2095
2011-06-16,2614.993,3084.562,2849.7775
2011-06-17,2637.6050000000005,3106.7159999999994,2872.1605
2011-06-18,2552.219,2800.2850000000003,2676.2520000000004
2011-06-19,2446.366,2664.864,2555.615
2011-06-20,2498.7690000000002,3081.7749999999996,2790.272
2011-06-21,2626.748,3086.1810000000005,2856.4645
2011-06-22,2593.9790000000003,2993.736,2793.8575
2011-06-23,2588.5950000000003,3024.1890000000003,2806.3920000000003
2011-06-24,2598.847,3045.376,2822.1115
2011-06-25,2525.0750000000003,2767.2250000000004,2646.1500000000005
2011-06-26,2432.9,2656.23,2544.565
2011-06-27,2491.937,3083.611,2787.774
2011-06-28,2614.517,3082.7360000000003,2848.6265000000003
2011-06-29,2611.176,3079.052,2845.114
2011-06-30,2606.634,3089.4390000000003,2848.0365
2011-07-01,2605.299,3069.882,2837.5905000000002
2011-07-02,2468.1510000000003,2712.195,2590.1730000000002
2011-07-03,2361.531,2603.2259999999997,2482.3785
2011-07-04,2317.204,2671.6040000000003,2494.4040000000005
2011-07-05,2582.927,3050.851,2816.889
2011-07-06,2578.199,3034.681,2806.44
2011-07-07,2576.2780000000002,3038.007,2807.1425
2011-07-08,2600.011,3064.4610000000002,2832.236
2011-07-09,2480.8320000000003,2713.906,2597.369
2011-07-10,2372.103,2592.2459999999996,2482.1745
2011-07-11,2471.481,3072.2729999999997,2771.877
2011-07-12,2600.271,3071.67,2835.9705000000004
2011-07-13,2599.915,3071.276,2835.5955
2011-07-14,2603.701,3074.5110000000004,2839.106
2011-07-15,2620.5710000000004,3070.919,2845.745
2011-07-16,2471.643,2688.5009999999997,2580.072
2011-07-17,2362.703,2599.507,2481.105
2011-07-18,2470.106,3039.5750000000003,2754.8405000000002
2011-07-19,2594.2530000000006,2999.251,2796.7520000000004
2011-07-20,2586.4909999999995,3042.769,2814.6299999999997
2011-07-21,2590.191,3064.6690000000003,2827.4300000000003
2011-07-22,2611.812,3074.923,2843.3675
2011-07-23,2483.702,2741.124,2612.413
2011-07-24,2380.3869999999997,2613.4660000000003,2496.9265
2011-07-25,2480.028,3079.2990000000004,2779.6635
2011-07-26,2608.694,3077.513,2843.1035
2011-07-27,2609.0080000000003,3086.069,2847.5385
2011-07-28,2605.093,3062.144,2833.6184999999996
2011-07-29,2608.1620000000003,3048.109,2828.1355000000003
2011-07-30,2473.359,2703.197,2588.2780000000002
2011-07-31,2359.929,2610.983,2485.456
2011-08-01,2545.084,3174.3289999999997,2859.7065
2011-08-02,2685.216,3170.7810000000004,2927.9985
2011-08-03,2689.885,3177.3720000000003,2933.6285000000003
2011-08-04,2687.508,3178.96,2933.234
2011-08-05,2701.2289999999994,3189.6730000000002,2945.451
2011-08-06,2624.813,2889.7099999999996,2757.2614999999996
2011-08-07,2522.466,2768.217,2645.3415
2011-08-08,2563.169,3193.638,2878.4035
2011-08-09,2696.5639999999994,3183.543,2940.0535
2011-08-10,2696.584,3187.768,2942.176
2011-08-11,2695.163,3195.169,2945.166
2011-08-12,2707.9629999999997,3195.967,2951.965
2011-08-13,2622.404,2897.9739999999997,2760.189
2011-08-14,2518.666,2758.626,2638.646
2011-08-15,2557.9460000000004,3184.77,2871.358
2011-08-16,2686.222,3181.181,2933.7015
2011-08-17,2688.12,3193.1949999999997,2940.6575
2011-08-18,2694.989,3198.6159999999995,2946.8025
2011-08-19,2712.18,3207.0640000000003,2959.6220000000003
2011-08-20,2631.675,2905.254,2768.4645
2011-08-21,2515.4579999999996,2775.006,2645.232
2011-08-22,2557.7640000000006,3192.779,2875.2715000000003
2011-08-23,2688.292,3186.4539999999997,2937.3729999999996
2011-08-24,2690.41,3174.2010000000005,2932.3055000000004
2011-08-25,2683.6520000000005,3115.4040000000005,2899.5280000000002
2011-08-26,2684.4719999999998,3185.162,2934.817
2011-08-27,2623.622,2939.264,2781.443
2011-08-28,2530.667,2830.9799999999996,2680.8234999999995
2011-08-29,2565.508,3236.1560000000004,2900.8320000000003
2011-08-30,2697.617,3197.022,2947.3195
2011-08-31,2685.655,3185.5299999999997,2935.5924999999997
2011-09-01,2724.784,3271.634,2998.209
2011-09-02,2733.342,3265.194,2999.268
2011-09-03,2605.654,2881.929,2743.7915000000003
2011-09-04,2499.6620000000003,2713.609,2606.6355000000003
2011-09-05,2410.453,2685.344,2547.8985000000002
2011-09-06,2651.618,3132.105,2891.8615
2011-09-07,2633.678,3125.53,2879.6040000000003
2011-09-08,2628.3120000000004,3143.001,2885.6565
2011-09-09,2647.3530000000005,3159.1800000000003,2903.2665000000006
2011-09-10,2554.9429999999998,2863.664,2709.3035
2011-09-11,2459.237,2778.922,2619.0795
2011-09-12,2560.085,3248.159,2904.1220000000003
2011-09-13,2713.779,3262.966,2988.3725
2011-09-14,2721.824,3243.137,2982.4805
2011-09-15,2711.697,3218.7450000000003,2965.2210000000005
2011-09-16,2701.475,3161.483,2931.4790000000003
2011-09-17,2573.1040000000003,2833.348,2703.226
2011-09-18,2479.964,2674.9100000000003,2577.437
2011-09-19,2535.7889999999998,3135.278,2835.5334999999995
2011-09-20,2659.975,3155.9410000000003,2907.958
2011-09-21,2667.2409999999995,3175.448,2921.3444999999997
2011-09-22,2676.8799999999997,3179.69,2928.285
2011-09-23,2687.2999999999997,3150.004,2918.652
2011-09-24,2563.105,2848.7870000000003,2705.946
2011-09-25,2501.901,2785.641,2643.7709999999997
2011-09-26,2589.411,3248.1929999999998,2918.8019999999997
2011-09-27,2723.7369999999996,3229.163,2976.45
2011-09-28,2714.659,3229.819,2972.239
2011-09-29,2707.307,3210.435,2958.871
2011-09-30,2692.4090000000006,3157.743,2925.076
2011-10-01,2446.2999999999997,2716.353,2581.3265
2011-10-02,2322.103,2584.4900000000002,2453.2965000000004
2011-10-03,2331.891,3065.3309999999997,2698.611
2011-10-04,2479.8100000000004,3071.4190000000003,2775.6145000000006
2011-10-05,2493.314,3097.063,2795.1885
2011-10-06,2517.7180000000003,3131.465,2824.5915000000005
2011-10-07,2568.2380000000003,3146.374,2857.306
2011-10-08,2495.332,2760.4089999999997,2627.8705
2011-10-09,2393.451,2548.3239999999996,2470.8875
2011-10-10,2376.622,3090.567,2733.5945
2011-10-11,2518.201,3115.635,2816.918
2011-10-12,2527.6189999999992,3116.5489999999995,2822.0839999999994
2011-10-13,2536.099,3117.877,2826.9880000000003
2011-10-14,2523.8710000000005,3088.586,2806.2285
2011-10-15,2450.4539999999997,2720.922,2585.688
2011-10-16,2340.651,2619.415,2480.033
2011-10-17,2370.045,3125.954,2747.9995
2011-10-18,2505.6179999999995,3021.1830000000004,2763.4004999999997
2011-10-19,2476.3129999999996,2987.9800000000005,2732.1465
2011-10-20,2467.6459999999997,3003.39,2735.518
2011-10-21,2491.4529999999995,3061.094,2776.2735
2011-10-22,2442.756,2716.8280000000004,2579.7920000000004
2011-10-23,2358.621,2614.414,2486.5175
2011-10-24,2372.413,3128.0290000000005,2750.2210000000005
2011-10-25,2530.1609999999996,3109.7740000000003,2819.9674999999997
2011-10-26,2528.461,3120.27,2824.3655
2011-10-27,2529.2049999999995,3106.039,2817.622
2011-10-28,2494.028,2951.349,2722.6885
2011-10-29,2403.017,2601.664,2502.3405000000002
2011-10-30,2301.2000000000003,2504.7889999999998,2402.9945
2011-10-31,2325.955,3009.368,2667.6615
2011-11-01,2459.0469999999996,3003.9700000000003,2731.5085
2011-11-02,2463.502,3055.7729999999997,2759.6375
2011-11-03,2453.0779999999995,2943.898,2698.488
2011-11-04,2476.584999999999,2940.2519999999995,2708.4184999999993
2011-11-05,2347.391,2550.391,2448.891
2011-11-06,2206.579,2454.08,2330.3295
2011-11-07,2303.754,3004.4390000000003,2654.0965
2011-11-08,2473.4559999999997,2998.71,2736.0829999999996
2011-11-09,2428.329,2889.96,2659.1445000000003
2011-11-10,2410.071,2885.434,2647.7525
2011-11-11,2431.009,2887.1740000000004,2659.0915000000005
2011-11-12,2302.9260000000004,2524.778,2413.852
2011-11-13,2219.185,2479.597,2349.391
2011-11-14,2310.502,3020.2820000000006,2665.3920000000003
2011-11-15,2470.313,2989.564,2729.9385
2011-11-16,2443.4159999999997,2997.424,2720.42
2011-11-17,2409.6479999999997,2890.21,2649.929
2011-11-18,2432.1259999999997,2891.7990000000004,2661.9625
2011-11-19,2318.1459999999997,2554.0750000000003,2436.1105
2011-11-20,2257.037,2493.336,2375.1865
2011-11-21,2340.0020000000004,3024.931,2682.4665000000005
2011-11-22,2462.4089999999997,2931.828,2697.1184999999996
2011-11-23,2415.556,2910.5400000000004,2663.0480000000002
2011-11-24,2067.774,2207.3540000000003,2137.5640000000003
2011-11-25,2037.426,2301.252,2169.339
2011-11-26,2272.821,2510.073,2391.447
2011-11-27,2202.473,2381.734,2292.1035
2011-11-28,2282.97,2892.2409999999995,2587.6054999999997
2011-11-29,2425.352,2898.857,2662.1045
2011-11-30,2425.5519999999997,2892.002,2658.777
2011-12-01,2353.431,2845.4860000000003,2599.4585
2011-12-02,2392.086,2852.277,2622.1814999999997
2011-12-03,2263.379,2460.856,2362.1175000000003
2011-12-04,2159.077,2324.445,2241.7610000000004
2011-12-05,2242.836,2797.4940000000006,2520.165
2011-12-06,2398.032,2829.994,2614.013
2011-12-07,2411.604,2845.0249999999996,2628.3144999999995
2011-12-08,2398.477,2833.7369999999996,2616.107
2011-12-09,2407.636,2828.341,2617.9885
2011-12-10,2244.144,2412.241,2328.1925
2011-12-11,2136.257,2322.302,2229.2795
2011-12-12,2255.534,2817.658,2536.596
2011-12-13,2376.761,2831.683,2604.2219999999998
2011-12-14,2388.573,2887.1880000000006,2637.8805
2011-12-15,2391.8320000000003,2891.27,2641.5510000000004
2011-12-16,2384.746,2821.2720000000004,2603.009
2011-12-17,2242.229,2412.638,2327.4335
2011-12-18,2136.759,2331.263,2234.011
2011-12-19,2231.684,2630.7580000000003,2431.2210000000005
2011-12-20,2339.669,2623.176,2481.4224999999997
2011-12-21,2342.235,2605.3609999999994,2473.798
2011-12-22,2344.37,2612.8940000000002,2478.632
2011-12-23,2296.965,2627.858,2462.4115
2011-12-24,2252.2189999999996,2414.2690000000002,2333.2439999999997
2011-12-25,2144.969,2333.419,2239.194
2011-12-26,1899.0559999999998,2041.7169999999999,1970.3864999999998
2011-12-27,2227.5080000000003,2480.406,2353.9570000000003
2011-12-28,2222.913,2480.121,2351.517
2011-12-29,2224.717,2479.832,2352.2745
2011-12-30,2196.9280000000003,2487.54,2342.2340000000004
2011-12-31,2250.286,2447.767,2349.0265
2012-01-01,2120.3650000000002,2303.527,2211.946
2012-01-02,1905.6940000000002,2185.572,2045.6330000000003
2012-01-03,2381.377,2828.053,2604.715
2012-01-04,2380.3810000000003,2848.611,2614.496
2012-01-05,2367.852,2856.77,2612.3109999999997
2012-01-06,2385.431,2863.215,2624.3230000000003
2012-01-07,2220.3109999999997,2412.148,2316.2295
2012-01-08,2126.208,2341.356,2233.782
2012-01-09,2270.2500000000005,2828.952,2549.6010000000006
2012-01-10,2366.5,2814.069,2590.2844999999998
2012-01-11,2372.85,2840.6240000000003,2606.737
2012-01-12,2376.602,2821.319,2598.9605
2012-01-13,2407.067,2835.6759999999995,2621.3714999999997
2012-01-14,2220.703,2384.336,2302.5195
2012-01-15,2109.82,2305.819,2207.8195
2012-01-16,2259.003,2827.6290000000004,2543.3160000000003
2012-01-17,2388.9829999999997,2882.8360000000002,2635.9094999999998
2012-01-18,2360.128,2817.8019999999997,2588.965
2012-01-19,2362.661,2851.156,2606.9085
2012-01-20,2376.18,2884.085,2630.1324999999997
2012-01-21,2221.295,2408.625,2314.96
2012-01-22,2123.422,2352.5930000000003,2238.0075
2012-01-23,2248.0019999999995,2834.807,2541.4044999999996
2012-01-24,2374.418,2833.7249999999995,2604.0715
2012-01-25,2391.7929999999997,2836.8619999999996,2614.3274999999994
2012-01-26,2366.056,2823.107,2594.5815000000002
2012-01-27,2376.2949999999996,2822.4300000000003,2599.3625
2012-01-28,2212.0699999999997,2384.524,2298.2969999999996
2012-01-29,2097.5640000000003,2290.637,2194.1005000000005
2012-01-30,2240.5000000000005,2817.134,2528.817
2012-01-31,2365.988,2855.004,2610.496
2012-02-01,2400.116,2912.2939999999994,2656.205
2012-02-02,2406.476,2896.0280000000002,2651.2520000000004
2012-02-03,2422.27,2911.503,2666.8865
2012-02-04,2270.09,2444.353,2357.2215
2012-02-05,2143.846,2344.641,2244.2435
2012-02-06,2259.924,2820.1929999999998,2540.0585
2012-02-07,2394.0370000000003,2847.293,2620.665
2012-02-08,2388.088,2843.433,2615.7605000000003
2012-02-09,2384.3250000000003,2837.556,2610.9405
2012-02-10,2407.408,2836.684,2622.0460000000003
2012-02-11,2269.024,2431.42,2350.2219999999998
2012-02-12,2168.9,2360.203,2264.5515
2012-02-13,2270.601,2824.807,2547.7039999999997
2012-02-14,2388.0730000000003,2849.946,2619.0095
2012-02-15,2385.516,2876.5000000000005,2631.0080000000003
2012-02-16,2382.915,2847.085,2615.0
2012-02-17,2396.967,2828.8389999999995,2612.903
2012-02-18,2258.701,2434.321,2346.511
2012-02-19,2147.544,2338.959,2243.2515
2012-02-20,2144.768,2777.9409999999993,2461.3544999999995
2012-02-21,2370.778,2864.9649999999997,2617.8714999999997
2012-02-22,2384.66,2910.642,2647.651
2012-02-23,2399.31,2923.7479999999996,2661.5289999999995
2012-02-24,2407.3109999999997,2833.666,2620.4885
2012-02-25,2252.114,2414.265,2333.1895
2012-02-26,2140.685,2340.045,2240.365
2012-02-27,2250.0609999999997,2835.725,2542.893
2012-02-28,2381.122,2887.872,2634.497
2012-02-29,2399.2870000000003,2935.7840000000006,2667.5355000000004
2012-03-01,2430.621,2953.1249999999995,2691.8729999999996
2012-03-02,2456.427,2957.671,2707.049
2012-03-03,2223.038,2422.398,2322.718
2012-03-04,2127.562,2320.805,2224.1835
2012-03-05,2230.414,2889.0400000000004,2559.7270000000003
2012-03-06,2390.185,2895.183,2642.684
2012-03-07,2396.564,2923.063,2659.8135
2012-03-08,2424.2799999999997,2939.5240000000003,2681.902
2012-03-09,2400.242,2837.5189999999993,2618.8804999999998
2012-03-10,2218.831,2419.083,2318.9570000000003
2012-03-11,2203.029,2381.357,2292.193
2012-03-12,2295.272,2974.679,2634.9755
2012-03-13,2464.622,2993.3400000000006,2728.981
2012-03-14,2472.236,3011.72,2741.978
2012-03-15,2485.7619999999997,3014.045,2749.9035
2012-03-16,2500.638,3011.0099999999998,2755.8239999999996
2012-03-17,2341.377,2560.734,2451.0555
2012-03-18,2251.739,2453.829,2352.784
2012-03-19,2349.292,3030.062,2689.6769999999997
2012-03-20,2466.2270000000003,2927.0820000000003,2696.6545000000006
2012-03-21,2436.895,2935.537,2686.216
2012-03-22,2438.4829999999997,2977.395,2707.939
2012-03-23,2454.476,2974.806,2714.641
2012-03-24,2298.372,2547.753,2423.0625
2012-03-25,2208.369,2459.919,2334.1440000000002
2012-03-26,2306.06,3019.887,2662.9735
2012-03-27,2452.6020000000003,3002.08,2727.3410000000003
2012-03-28,2455.705,3003.0679999999998,2729.3864999999996
2012-03-29,2470.25,2981.174,2725.712
2012-03-30,2491.629,3012.686,2752.1575000000003
2012-03-31,2344.3170000000005,2584.1,2464.2085
2012-04-01,2300.449,2524.148,2412.2985
2012-04-02,2378.9649999999997,3084.802,2731.8835
2012-04-03,2544.854,3104.299,2824.5765
2012-04-04,2531.782,3071.3759999999997,2801.5789999999997
2012-04-05,2518.633,3102.956,2810.7945
2012-04-06,2531.517,3068.858,2800.1875
2012-04-07,2367.73,2613.3099999999995,2490.5199999999995
2012-04-08,2260.781,2504.451,2382.616
2012-04-09,2358.928,3078.3650000000002,2718.6465
2012-04-10,2505.833,3074.905,2790.369
2012-04-11,2508.046,3079.579,2793.8125
2012-04-12,2518.1650000000004,3074.085,2796.125
2012-04-13,2539.945,3088.71,2814.3275000000003
2012-04-14,2408.4089999999997,2647.157,2527.783
2012-04-15,2316.162,2525.432,2420.7969999999996
2012-04-16,2352.168,2994.142,2673.1549999999997
2012-04-17,2490.9530000000004,3038.071,2764.512
2012-04-18,2470.803,3026.713,2748.758
2012-04-19,2472.1380000000004,3040.289,2756.2135000000003
2012-04-20,2508.117,3019.321,2763.719
2012-04-21,2322.117,2535.4460000000004,2428.7815
2012-04-22,2203.594,2500.595,2352.0945
2012-04-23,2325.89,3018.3559999999998,2672.1229999999996
2012-04-24,2469.851,3028.471,2749.161
2012-04-25,2491.2889999999998,3086.3590000000004,2788.824
2012-04-26,2520.0699999999997,3101.532,2810.801
2012-04-27,2552.49,3095.6070000000004,2824.0485
2012-04-28,2392.547,2644.5099999999998,2518.5285
2012-04-29,2303.358,2520.9429999999998,2412.1504999999997
2012-04-30,2398.623,3110.0759999999996,2754.3495
2012-05-01,2614.6189999999997,3194.318,2904.4685
2012-05-02,2604.9680000000003,3213.77,2909.369
2012-05-03,2613.058,3210.009,2911.5335
2012-05-04,2635.071,3213.454,2924.2625
2012-05-05,2480.786,2750.004,2615.395
2012-05-06,2383.2000000000003,2624.728,2503.964
2012-05-07,2464.271,3231.071,2847.6710000000003
2012-05-08,2606.5550000000003,3176.698,2891.6265000000003
2012-05-09,2596.918,3177.8370000000004,2887.3775000000005
2012-05-10,2593.9339999999997,3168.487,2881.2105
2012-05-11,2607.9379999999996,3162.546,2885.2419999999997
2012-05-12,2448.922,2683.8469999999998,2566.3845
2012-05-13,2338.0200000000004,2566.667,2452.3435
2012-05-14,2423.1989999999996,3178.629,2800.9139999999998
2012-05-15,2584.791,3098.0139999999997,2841.4025
2012-05-16,2573.148,3150.348,2861.748
2012-05-17,2576.962,3192.454,2884.708
2012-05-18,2609.046,3189.6409999999996,2899.3435
2012-05-19,2455.149,2719.0510000000004,2587.1000000000004
2012-05-20,2348.014,2618.8230000000003,2483.4185
2012-05-21,2452.6870000000004,3246.002,2849.3445
2012-05-22,2618.378,3247.7939999999994,2933.086
2012-05-23,2623.6699999999996,3217.4919999999997,2920.5809999999997
2012-05-24,2633.0750000000003,3232.4790000000007,2932.7770000000005
2012-05-25,2663.133,3244.2350000000006,2953.684
2012-05-26,2492.0710000000004,2752.5890000000004,2622.3300000000004
2012-05-27,2384.6400000000003,2637.9610000000002,2511.3005000000003
2012-05-28,2348.192,2704.1530000000002,2526.1725
2012-05-29,2629.8799999999997,3260.2780000000007,2945.079
2012-05-30,2636.73,3260.0910000000003,2948.4105
2012-05-31,2648.349,3217.8390000000004,2933.094
2012-06-01,2675.175,3146.7909999999997,2910.983
2012-06-02,2581.554,2855.3460000000005,2718.4500000000003
2012-06-03,2487.634,2739.8849999999998,2613.7595
2012-06-04,2555.5339999999997,3187.176,2871.3549999999996
2012-06-05,2680.729,3188.9509999999996,2934.8399999999997
2012-06-06,2688.604,3187.719,2938.1615
2012-06-07,2672.223,3164.217,2918.2200000000003
2012-06-08,2675.261,3122.1229999999996,2898.692
2012-06-09,2573.996,2822.4940000000006,2698.2450000000003
2012-06-10,2478.7670000000003,2753.385,2616.076
2012-06-11,2573.401,3215.124,2894.2625
2012-06-12,2702.404,3197.672,2950.038
2012-06-13,2678.894,3142.972,2910.933
2012-06-14,2683.795,3186.565,2935.1800000000003
2012-06-15,2698.383,3197.446,2947.9145
2012-06-16,2605.556,2834.3970000000004,2719.9765
2012-06-17,2486.9,2718.947,2602.9235
2012-06-18,2540.135,3126.462,2833.2985
2012-06-19,2671.2630000000004,3123.358,2897.3105000000005
2012-06-20,2664.504,3119.4640000000004,2891.9840000000004
2012-06-21,2665.1810000000005,3137.448,2901.3145000000004
2012-06-22,2681.3760000000007,3180.0699999999997,2930.723
2012-06-23,2600.622,2884.983,2742.8025
2012-06-24,2513.989,2829.365,2671.6769999999997
2012-06-25,2583.871,3299.604,2941.7375
2012-06-26,2732.83,3304.5690000000004,3018.6995
2012-06-27,2731.8179999999998,3266.342,2999.08
2012-06-28,2718.278,3210.364,2964.321
2012-06-29,2712.2660000000005,3199.638,2955.952
2012-06-30,2591.6369999999997,2813.4130000000005,2702.525
2012-07-01,2423.9379999999996,2602.087,2513.0125
2012-07-02,2527.975,3146.851,2837.413
2012-07-03,2658.0080000000007,3154.6159999999995,2906.312
2012-07-04,2486.2299999999996,2756.361,2621.2954999999997
2012-07-05,2666.539,3157.3129999999996,2911.926
2012-07-06,2677.7300000000005,3177.382,2927.5560000000005
2012-07-07,2547.873,2815.205,2681.5389999999998
2012-07-08,2441.424,2612.536,2526.98
2012-07-09,2536.593,3112.4259999999995,2824.5094999999997
2012-07-10,2644.066,3072.717,2858.3914999999997
2012-07-11,2638.3949999999995,3059.2709999999997,2848.8329999999996
2012-07-12,2635.0380000000005,3062.342,2848.6900000000005
2012-07-13,2650.614,3089.872,2870.243
2012-07-14,2516.4339999999997,2752.639,2634.5365
2012-07-15,2418.399,2614.534,2516.4665
2012-07-16,2526.436,3135.719,2831.0775000000003
2012-07-17,2657.266,3135.2980000000002,2896.282
2012-07-18,2661.184,3145.2140000000004,2903.1990000000005
2012-07-19,2663.54,3169.9170000000004,2916.7285
2012-07-20,2694.536,3195.9089999999997,2945.2225
2012-07-21,2572.201,2817.7679999999996,2694.9844999999996
2012-07-22,2452.568,2672.877,2562.7225
2012-07-23,2544.058,3127.3659999999995,2835.7119999999995
2012-07-24,2665.8329999999996,3157.8219999999997,2911.8274999999994
2012-07-25,2673.08,3177.965,2925.5225
2012-07-26,2687.8600000000006,3188.1670000000004,2938.0135000000005
2012-07-27,2691.6220000000003,3200.5860000000007,2946.1040000000003
2012-07-28,2562.944,2836.535,2699.7394999999997
2012-07-29,2462.8689999999997,2704.5660000000003,2583.7174999999997
2012-07-30,2561.05,3200.715,2880.8825
2012-07-31,2693.845,3197.45,2945.6475
2012-08-01,2766.4230000000002,3277.876,3022.1495000000004
2012-08-02,2767.983,3277.098,3022.5405
2012-08-03,2782.946,3298.159,3040.5525
2012-08-04,2702.87,2993.9399999999996,2848.4049999999997
2012-08-05,2584.474,2782.69,2683.5820000000003
2012-08-06,2616.926,3255.194,2936.06
2012-08-07,2751.117,3277.6949999999997,3014.406
2012-08-08,2757.7949999999996,3277.177,3017.486
2012-08-09,2763.8360000000002,3283.965,3023.9005
2012-08-10,2783.3350000000005,3308.979,3046.157
2012-08-11,2710.309,2999.286,2854.7975
2012-08-12,2606.084,2875.403,2740.7434999999996
2012-08-13,2649.048,3319.064,2984.0559999999996
2012-08-14,2778.5610000000006,3307.135,3042.8480000000004
2012-08-15,2781.722,3306.721,3044.2215
2012-08-16,2778.4380000000006,3313.084,3045.7610000000004
2012-08-17,2790.3170000000005,3320.1150000000002,3055.2160000000003
2012-08-18,2681.0370000000003,2969.083,2825.0600000000004
2012-08-19,2563.768,2779.0660000000007,2671.4170000000004
2012-08-20,2606.3509999999997,3264.582,2935.4664999999995
2012-08-21,2736.799,3244.4590000000003,2990.629
2012-08-22,2743.6049999999996,3232.362,2987.9835
2012-08-23,2736.3550000000005,3218.473,2977.414
2012-08-24,2747.5220000000004,3228.4600000000005,2987.9910000000004
2012-08-25,2679.4460000000004,2943.7709999999997,2811.6085000000003
2012-08-26,2576.677,2816.551,2696.614
2012-08-27,2617.545,3282.2209999999995,2949.883
2012-08-28,2768.6130000000003,3308.2129999999997,3038.413
2012-08-29,2783.535,3329.9080000000004,3056.7215
2012-08-30,2779.6929999999998,3336.709,3058.201
2012-08-31,2810.98,3337.781,3074.3805
2012-09-01,2611.826,2868.661,2740.2435
2012-09-02,2511.9100000000003,2774.3269999999998,2643.1185
2012-09-03,2419.242,2722.937,2571.0895
2012-09-04,2714.889,3233.356,2974.1225000000004
2012-09-05,2711.2619999999997,3234.433,2972.8475
2012-09-06,2711.258,3231.6679999999997,2971.4629999999997
2012-09-07,2720.729,3236.881,2978.805
2012-09-08,2607.018,2855.5789999999997,2731.2985
2012-09-09,2451.2140000000004,2697.336,2574.275
2012-09-10,2519.2150000000006,3134.066,2826.6405000000004
2012-09-11,2647.3240000000005,3145.3120000000004,2896.318
2012-09-12,2676.4840000000004,3151.7239999999997,2914.1040000000003
2012-09-13,2680.699,3122.8709999999996,2901.785
2012-09-14,2677.908,3144.38,2911.1440000000002
2012-09-15,2555.3689999999997,2804.87,2680.1195
2012-09-16,2459.9790000000003,2675.494,2567.7365
2012-09-17,2534.648,3096.959,2815.8035
2012-09-18,2656.832,3132.463,2894.6475
2012-09-19,2656.6259999999997,3107.447,2882.0365
2012-09-20,2637.1320000000005,3105.218,2871.175
2012-09-21,2644.6929999999998,3119.143,2881.9179999999997
2012-09-22,2554.595,2824.084,2689.3395
2012-09-23,2456.275,2718.3610000000003,2587.318
2012-09-24,2541.4700000000003,3167.0409999999997,2854.2555
2012-09-25,2680.874,3175.1430000000005,2928.0085
2012-09-26,2687.3399999999997,3175.622,2931.4809999999998
2012-09-27,2684.006,3157.982,2920.9939999999997
2012-09-28,2697.811,3170.353,2934.0820000000003
2012-09-29,2583.456,2795.322,2689.389
2012-09-30,2453.808,2595.4159999999997,2524.612
2012-10-01,2338.1859999999997,3072.1839999999997,2705.1849999999995
2012-10-02,2493.971,3056.072,2775.0215
2012-10-03,2486.388,3071.838,2779.1130000000003
2012-10-04,2511.7410000000004,3112.6659999999997,2812.2035
2012-10-05,2544.599,3114.108,2829.3535
2012-10-06,2454.748,2724.163,2589.4555
2012-10-07,2317.159,2495.486,2406.3225
2012-10-08,2325.186,2970.3689999999997,2647.7775
2012-10-09,2464.816,3047.6349999999998,2756.2254999999996
2012-10-10,2505.448,3121.579,2813.5135
2012-10-11,2541.054,3127.898,2834.476
2012-10-12,2566.6750000000006,3134.902,2850.7885000000006
2012-10-13,2501.903,2762.5819999999994,2632.2424999999994
2012-10-14,2409.105,2639.7850000000003,2524.445
2012-10-15,2385.4939999999997,3092.883,2739.1884999999997
2012-10-16,2495.9470000000006,3033.064,2764.5055
2012-10-17,2506.734,3125.68,2816.207
2012-10-18,2530.9429999999998,3068.4950000000003,2799.719
2012-10-19,2507.435,3049.1740000000004,2778.3045
2012-10-20,2430.557,2724.775,2577.666
2012-10-21,2375.772,2639.806,2507.7889999999998
2012-10-22,2398.549,3139.661,2769.105
2012-10-23,2541.8590000000004,3126.796,2834.3275000000003
2012-10-24,2534.9519999999998,3129.3889999999997,2832.1704999999997
2012-10-25,2553.826,3142.649,2848.2375
2012-10-26,2532.894,2960.146,2746.52
2012-10-27,2399.919,2600.9919999999997,2500.4555
2012-10-28,2317.515,2499.693,2408.6040000000003
2012-10-29,2335.042,2977.1339999999996,2656.0879999999997
2012-10-30,2462.836,2994.488,2728.662
2012-10-31,2477.1079999999997,3053.3650000000002,2765.2365
2012-11-01,2464.828,3063.752,2764.29
2012-11-02,2512.042,3068.178,2790.1099999999997
2012-11-03,2360.299,2638.548,2499.4235
2012-11-04,2225.866,2452.9320000000002,2339.3990000000003
2012-11-05,2290.6240000000003,2999.5860000000002,2645.1050000000005
2012-11-06,2420.711,2928.3810000000003,2674.5460000000003
2012-11-07,2411.873,2947.624,2679.7484999999997
2012-11-08,2416.875,2952.49,2684.6825
2012-11-09,2446.1310000000003,2987.585,2716.858
2012-11-10,2334.581,2593.007,2463.794
2012-11-11,2271.6119999999996,2495.631,2383.6214999999997
2012-11-12,2262.464,2889.704,2576.084
2012-11-13,2410.019,2875.7560000000003,2642.8875
2012-11-14,2425.671,2884.6119999999996,2655.1414999999997
2012-11-15,2417.2639999999997,2893.1310000000003,2655.1975
2012-11-16,2439.089,2891.5429999999997,2665.316
2012-11-17,2285.063,2478.702,2381.8825
2012-11-18,2208.0049999999997,2394.174,2301.0895
2012-11-19,2261.848,2913.823,2587.8355
2012-11-20,2413.047,2935.1789999999996,2674.113
2012-11-21,2416.86,2952.334,2684.5969999999998
2012-11-22,2073.9750000000004,2214.308,2144.1415
2012-11-23,2049.0,2298.135,2173.5675
2012-11-24,2286.148,2476.272,2381.21
2012-11-25,2202.9120000000003,2400.8160000000003,2301.8640000000005
2012-11-26,2258.455,2981.424,2619.9395
2012-11-27,2417.1490000000003,2886.473,2651.811
2012-11-28,2415.758,2889.3329999999996,2652.5454999999997
2012-11-29,2424.04,2900.9490000000005,2662.4945000000002
2012-11-30,2446.069,2948.5870000000004,2697.3280000000004
2012-12-01,2252.896,2475.394,2364.145
2012-12-02,2152.902,2390.15,2271.526
2012-12-03,2278.098,2907.8720000000003,2592.985
2012-12-04,2396.62,2914.446,2655.533
2012-12-05,2382.429,2843.552,2612.9905
2012-12-06,2380.035,2844.161,2612.098
2012-12-07,2389.14,2891.2290000000003,2640.1845000000003
2012-12-08,2257.2180000000003,2481.053,2369.1355000000003
2012-12-09,2160.79,2407.554,2284.172
2012-12-10,2233.762,2800.256,2517.009
2012-12-11,2385.8559999999998,2826.592,2606.224
2012-12-12,2389.6240000000003,2833.627,2611.6255
2012-12-13,2382.745,2832.5660000000003,2607.6555
2012-12-14,2382.9410000000003,2838.714,2610.8275000000003
2012-12-15,2254.857,2474.678,2364.7675
2012-12-16,2170.795,2353.655,2262.2250000000004
2012-12-17,2254.533,2837.163,2545.848
2012-12-18,2342.9469999999997,2662.5029999999997,2502.7249999999995
2012-12-19,2365.2219999999998,2701.269,2533.2455
2012-12-20,2341.6059999999998,2611.0319999999997,2476.3189999999995
2012-12-21,2302.2039999999997,2629.0820000000003,2465.643
2012-12-22,2241.267,2417.807,2329.537
2012-12-23,2145.328,2373.6549999999997,2259.4915
2012-12-24,2242.806,2647.935,2445.3705
2012-12-25,1926.277,2078.034,2002.1555
2012-12-26,2233.017,2485.542,2359.2794999999996
2012-12-27,2235.1910000000003,2473.952,2354.5715
2012-12-28,2204.7,2480.131,2342.4155
2012-12-29,2261.565,2422.324,2341.9445
2012-12-30,2150.907,2336.537,2243.7219999999998
2012-12-31,2109.467,2463.625,2286.5460000000003
2013-01-01,2025.992,2213.136,2119.564
2013-01-02,2392.629,2824.215,2608.422
2013-01-03,2396.479,2825.6410000000005,2611.0600000000004
2013-01-04,2412.8540000000003,2833.737,2623.2955
2013-01-05,2231.072,2394.687,2312.8795
2013-01-06,2125.4849999999997,2299.733,2212.609
2013-01-07,2258.38,2810.638,2534.509
2013-01-08,2388.058,2834.593,2611.3255
2013-01-09,2381.2219999999998,2833.8630000000003,2607.5425
2013-01-10,2373.168,2830.613,2601.8905
2013-01-11,2381.567,2831.743,2606.6549999999997
2013-01-12,2232.098,2429.3940000000002,2330.746
2013-01-13,2090.88,2293.7740000000003,2192.327
2013-01-14,2259.338,2806.323,2532.8305
2013-01-15,2405.247,2838.354,2621.8005
2013-01-16,2402.369,2831.623,2616.996
2013-01-17,2390.3740000000003,2832.2709999999997,2611.3225
2013-01-18,2395.7200000000003,2823.424,2609.572
2013-01-19,2214.941,2381.944,2298.4425
2013-01-20,2111.125,2298.9190000000003,2205.022
2013-01-21,2259.3520000000003,2782.7239999999997,2521.038
2013-01-22,2369.815,2833.341,2601.578
2013-01-23,2352.167,2845.699,2598.933
2013-01-24,2368.305,2879.566,2623.9354999999996
2013-01-25,2388.64,2881.3979999999997,2635.019
2013-01-26,2221.819,2423.2870000000003,2322.553
2013-01-27,2116.643,2338.9,2227.7715
2013-01-28,2262.98,2886.1210000000005,2574.5505000000003
2013-01-29,2400.978,2900.7920000000004,2650.885
2013-01-30,2357.552,2818.883,2588.2174999999997
2013-01-31,2356.4269999999997,2820.8640000000005,2588.6455
2013-02-01,2402.425,2853.723,2628.074
2013-02-02,2254.4410000000003,2447.094,2350.7675
2013-02-03,2149.372,2352.841,2251.1065
2013-02-04,2255.596,2857.7059999999997,2556.651
2013-02-05,2390.654,2902.8549999999996,2646.7545
2013-02-06,2401.1240000000003,2856.231,2628.6775000000002
2013-02-07,2387.1110000000003,2871.0710000000004,2629.0910000000003
2013-02-08,2398.18,2852.2659999999996,2625.223
2013-02-09,2264.293,2449.8340000000003,2357.0635
2013-02-10,2181.2019999999998,2369.1459999999997,2275.174
2013-02-11,2249.5150000000003,2823.309,2536.4120000000003
2013-02-12,2384.491,2845.881,2615.1859999999997
2013-02-13,2381.3590000000004,2837.27,2609.3145000000004
2013-02-14,2380.2200000000003,2839.163,2609.6915
2013-02-15,2396.4100000000003,2842.8900000000003,2619.6500000000005
2013-02-16,2258.5099999999998,2422.4139999999998,2340.4619999999995
2013-02-17,2150.938,2348.274,2249.6059999999998
2013-02-18,2147.43,2818.329,2482.8795
2013-02-19,2372.096,2846.085,2609.0905000000002
2013-02-20,2378.647,2838.143,2608.395
2013-02-21,2389.4449999999997,2884.2740000000003,2636.8595
2013-02-22,2395.9979999999996,2829.2110000000002,2612.6045
2013-02-23,2251.5339999999997,2426.437,2338.9855
2013-02-24,2142.6189999999997,2342.968,2242.7934999999998
2013-02-25,2252.7960000000003,2853.852,2553.324
2013-02-26,2372.2709999999997,2830.174,2601.2225
2013-02-27,2373.536,2844.876,2609.206
2013-02-28,2378.7580000000003,2821.032,2599.8950000000004
2013-03-01,2414.254,2855.125,2634.6895
2013-03-02,2228.2459999999996,2419.887,2324.0665
2013-03-03,2140.5,2318.212,2229.3559999999998
2013-03-04,2239.481,2916.9220000000005,2578.2015
2013-03-05,2398.314,2876.621,2637.4674999999997
2013-03-06,2378.1099999999997,2852.2369999999996,2615.1735
2013-03-07,2385.86,2862.0359999999996,2623.948
2013-03-08,2401.315,2864.548,2632.9314999999997
2013-03-09,2246.48,2455.993,2351.2365
2013-03-10,2206.399,2377.081,2291.74
2013-03-11,2292.692,2909.972,2601.3320000000003
2013-03-12,2440.2090000000003,2915.543,2677.876
2013-03-13,2444.635,2921.1,2682.8675000000003
2013-03-14,2423.0609999999997,2926.027,2674.544
2013-03-15,2446.8680000000004,2956.7090000000003,2701.7885000000006
2013-03-16,2305.92,2522.718,2414.319
2013-03-17,2205.154,2426.6040000000003,2315.879
2013-03-18,2325.075,3036.625,2680.85
2013-03-19,2453.316,2977.265,2715.2905
2013-03-20,2442.281,2954.253,2698.267
2013-03-21,2438.76,2943.8660000000004,2691.313
2013-03-22,2474.421,2989.878,2732.1495
2013-03-23,2307.7110000000002,2509.9559999999997,2408.8334999999997
2013-03-24,2174.909,2355.924,2265.4165000000003
2013-03-25,2284.489,2898.8450000000003,2591.6670000000004
2013-03-26,2436.561,2899.289,2667.925
2013-03-27,2433.2999999999997,2913.0280000000002,2673.1639999999998
2013-03-28,2432.191,2930.801,2681.496
2013-03-29,2455.662,2949.225,2702.4435
2013-03-30,2303.044,2524.3689999999997,2413.7065
2013-03-31,2212.592,2415.218,2313.9049999999997
2013-04-01,2342.313,3037.5389999999998,2689.926
2013-04-02,2495.1749999999997,3009.037,2752.1059999999998
2013-04-03,2492.265,2952.752,2722.5085
2013-04-04,2476.648,2943.898,2710.273
2013-04-05,2500.611,2956.376,2728.4935
2013-04-06,2335.773,2538.674,2437.2235
2013-04-07,2245.826,2453.261,2349.5434999999998
2013-04-08,2348.7409999999995,3052.903,2700.8219999999997
2013-04-09,2510.8710000000005,3068.957,2789.914
2013-04-10,2507.1420000000003,3012.8559999999998,2759.999
2013-04-11,2467.304,2947.0800000000004,2707.192
2013-04-12,2478.555,2990.7039999999997,2734.6295
2013-04-13,2333.123,2545.377,2439.25
2013-04-14,2235.126,2457.274,2346.2
2013-04-15,2355.793,3065.71,2710.7515000000003
2013-04-16,2520.0679999999998,3073.85,2796.959
2013-04-17,2532.0360000000005,3052.4949999999994,2792.2655
2013-04-18,2505.979,2986.6340000000005,2746.3065
2013-04-19,2485.12,2943.163,2714.1414999999997
2013-04-20,2309.59,2513.0119999999997,2411.301
2013-04-21,2218.907,2414.1620000000003,2316.5345
2013-04-22,2320.045,3017.823,2668.934
2013-04-23,2474.872,3035.3070000000002,2755.0895
2013-04-24,2464.2490000000003,2950.245,2707.2470000000003
2013-04-25,2471.83,2972.719,2722.2745
2013-04-26,2497.553,3027.6690000000003,2762.611
2013-04-27,2341.464,2592.292,2466.8779999999997
2013-04-28,2253.945,2470.7,2362.3225
2013-04-29,2348.2870000000003,3050.443,2699.3650000000002
2013-04-30,2499.033,3059.5640000000003,2779.2985
2013-05-01,2578.854,3155.829,2867.3415
2013-05-02,2569.101,3079.948,2824.5245
2013-05-03,2553.2149999999997,3026.5510000000004,2789.883
2013-05-04,2383.8250000000003,2608.241,2496.0330000000004
2013-05-05,2283.863,2485.6600000000003,2384.7615
2013-05-06,2380.005,3093.8909999999996,2736.948
2013-05-07,2527.833,3128.994,2828.4135
2013-05-08,2555.398,3140.7909999999997,2848.0945
2013-05-09,2586.078,3127.941,2857.0095
2013-05-10,2608.1389999999997,3117.7550000000006,2862.947
2013-05-11,2425.05,2674.407,2549.7285
2013-05-12,2324.17,2541.2879999999996,2432.729
2013-05-13,2393.75,3110.8269999999998,2752.2884999999997
2013-05-14,2550.771,3126.2309999999998,2838.501
2013-05-15,2571.892,3116.67,2844.281
2013-05-16,2582.8450000000003,3159.892,2871.3685
2013-05-17,2620.1929999999998,3176.371,2898.282
2013-05-18,2458.513,2726.751,2592.632
2013-05-19,2377.2360000000003,2594.067,2485.6515
2013-05-20,2472.6279999999997,3216.44,2844.5339999999997
2013-05-21,2625.7749999999996,3210.3010000000004,2918.038
2013-05-22,2616.2270000000003,3194.3399999999997,2905.2835
2013-05-23,2614.232,3201.25,2907.741
2013-05-24,2638.8129999999996,3201.9680000000003,2920.3905
2013-05-25,2464.685,2706.5190000000002,2585.602
2013-05-26,2374.501,2604.614,2489.5575
2013-05-27,2335.329,2668.9730000000004,2502.1510000000003
2013-05-28,2621.8830000000003,3204.3870000000006,2913.135
2013-05-29,2625.98,3192.718,2909.349
2013-05-30,2630.4219999999996,3224.366,2927.394
2013-05-31,2662.6150000000002,3243.1209999999996,2952.868
2013-06-01,2613.685,2865.1479999999997,2739.4165
2013-06-02,2470.728,2666.8230000000003,2568.7755
2013-06-03,2513.9629999999997,3127.163,2820.563
2013-06-04,2643.392,3130.97,2887.1809999999996
2013-06-05,2659.299,3157.7329999999997,2908.5159999999996
2013-06-06,2670.5579999999995,3173.1479999999997,2921.8529999999996
2013-06-07,2666.18,3118.2639999999997,2892.2219999999998
2013-06-08,2564.8669999999997,2818.8120000000004,2691.8395
2013-06-09,2469.307,2665.703,2567.505
2013-06-10,2521.7580000000003,3152.4330000000004,2837.0955000000004
2013-06-11,2670.449,3162.7219999999998,2916.5855
2013-06-12,2683.79,3176.869,2930.3295
2013-06-13,2686.2009999999996,3179.9159999999997,2933.0584999999996
2013-06-14,2706.63,3207.438,2957.034
2013-06-15,2623.265,2883.308,2753.2865
2013-06-16,2509.259,2770.4930000000004,2639.876
2013-06-17,2571.661,3207.4900000000002,2889.5755
2013-06-18,2697.4809999999998,3182.77,2940.1255
2013-06-19,2686.0299999999997,3180.5609999999997,2933.2954999999997
2013-06-20,2685.5060000000003,3180.7029999999995,2933.1045
2013-06-21,2699.7040000000006,3195.0710000000004,2947.3875000000007
2013-06-22,2609.91,2885.456,2747.683
2013-06-23,2505.5879999999997,2763.3,2634.444
2013-06-24,2567.352,3203.067,2885.2095
2013-06-25,2707.0959999999995,3210.1240000000003,2958.6099999999997
2013-06-26,2711.256,3209.645,2960.4505
2013-06-27,2701.683,3218.903,2960.2929999999997
2013-06-28,2718.6809999999996,3222.4570000000003,2970.569
2013-06-29,2637.62,2961.528,2799.5739999999996
2013-06-30,2527.484,2817.681,2672.5825
2013-07-01,2543.248,3163.341,2853.2945
2013-07-02,2653.4320000000002,3153.8329999999996,2903.6324999999997
2013-07-03,2647.1189999999997,3159.158,2903.1385
2013-07-04,2472.05,2758.263,2615.1565
2013-07-05,2661.675,3175.045,2918.36
2013-07-06,2544.158,2815.722,2679.94
2013-07-07,2441.912,2649.942,2545.9269999999997
2013-07-08,2541.705,3116.3039999999996,2829.0045
2013-07-09,2664.0419999999995,3169.5370000000003,2916.7895
2013-07-10,2673.299,3173.4,2923.3495000000003
2013-07-11,2680.4120000000003,3187.5999999999995,2934.006
2013-07-12,2697.753,3191.184,2944.4685
2013-07-13,2560.8469999999998,2846.461,2703.6539999999995
2013-07-14,2458.056,2673.09,2565.5730000000003
2013-07-15,2537.412,3132.1949999999993,2834.8034999999995
2013-07-16,2648.745,3115.0269999999996,2881.8859999999995
2013-07-17,2645.579,3076.806,2861.1925
2013-07-18,2645.891,3135.5429999999997,2890.7169999999996
2013-07-19,2661.395,3119.6189999999997,2890.5069999999996
2013-07-20,2525.458,2764.7230000000004,2645.0905000000002
2013-07-21,2417.648,2626.8529999999996,2522.2505
2013-07-22,2541.8450000000003,3184.262,2863.0535
2013-07-23,2684.6320000000005,3178.675,2931.6535000000003
2013-07-24,2683.399,3158.3860000000004,2920.8925
2013-07-25,2662.6730000000002,3181.527,2922.1000000000004
2013-07-26,2696.933,3197.8849999999998,2947.4089999999997
2013-07-27,2567.976,2828.799,2698.3875
2013-07-28,2454.0469999999996,2695.399,2574.723
2013-07-29,2555.111,3194.031,2874.571
2013-07-30,2686.478,3178.91,2932.694
2013-07-31,2678.272,3190.622,2934.447
2013-08-01,2761.9440000000004,3285.864,3023.9040000000005
2013-08-02,2775.6620000000003,3288.098,3031.88
2013-08-03,2691.645,2992.071,2841.858
2013-08-04,2600.427,2866.9660000000003,2733.6965
2013-08-05,2640.573,3311.9399999999996,2976.2564999999995
2013-08-06,2773.965,3301.549,3037.757
2013-08-07,2779.7360000000003,3301.872,3040.804
2013-08-08,2772.556,3300.694,3036.625
2013-08-09,2770.6350000000007,3300.7949999999996,3035.715
2013-08-10,2686.731,2957.86,2822.2955
2013-08-11,2585.338,2831.7099999999996,2708.524
2013-08-12,2627.8769999999995,3289.5949999999993,2958.7359999999994
2013-08-13,2770.616,3307.0139999999997,3038.8149999999996
2013-08-14,2771.0840000000003,3299.804,3035.4440000000004
2013-08-15,2750.6169999999997,3199.6929999999998,2975.1549999999997
2013-08-16,2749.435,3271.723,3010.5789999999997
2013-08-17,2658.525,2928.025,2793.275
2013-08-18,2550.9519999999998,2815.661,2683.3064999999997
2013-08-19,2604.66,3253.0269999999996,2928.8435
2013-08-20,2738.574,3193.276,2965.925
2013-08-21,2736.673,3257.503,2997.0879999999997
2013-08-22,2751.7199999999993,3267.208,3009.464
2013-08-23,2763.991,3270.4359999999997,3017.2135
2013-08-24,2688.147,2965.7870000000003,2826.967
2013-08-25,2575.426999999999,2789.1780000000003,2682.3025
2013-08-26,2610.578,3163.5260000000003,2887.052
2013-08-27,2728.4539999999997,3219.666,2974.06
2013-08-28,2734.313,3249.614,2991.9635
2013-08-29,2753.4970000000003,3281.927,3017.7120000000004
2013-08-30,2776.5629999999996,3294.024,3035.2934999999998
2013-08-31,2693.965,2974.6789999999996,2834.322
2013-09-01,2490.0530000000003,2762.843,2626.4480000000003
2013-09-02,2414.345,2705.806,2560.0755
2013-09-03,2708.5249999999996,3242.834,2975.6794999999997
2013-09-04,2713.5260000000003,3228.8900000000003,2971.2080000000005
2013-09-05,2705.154,3201.9619999999995,2953.558
2013-09-06,2710.665,3202.163,2956.4139999999998
2013-09-07,2577.665,2829.72,2703.6925
2013-09-08,2475.296,2692.739,2584.0175
2013-09-09,2555.35,3177.7180000000003,2866.534
2013-09-10,2691.6299999999997,3166.4889999999996,2929.0594999999994
2013-09-11,2688.637,3174.223,2931.4300000000003
2013-09-12,2692.7059999999997,3191.1639999999998,2941.9349999999995
2013-09-13,2703.0480000000002,3201.3089999999997,2952.1785
2013-09-14,2597.4779999999996,2864.151,2730.8144999999995
2013-09-15,2493.83,2720.733,2607.2815
2013-09-16,2568.663,3192.292,2880.4775
2013-09-17,2702.398,3196.238,2949.318
2013-09-18,2699.152,3191.0240000000003,2945.088
2013-09-19,2699.8179999999998,3185.37,2942.594
2013-09-20,2710.769,3151.2980000000002,2931.0335
2013-09-21,2553.06,2769.28,2661.17
2013-09-22,2429.621,2661.792,2545.7065000000002
2013-09-23,2526.167,3132.152,2829.1594999999998
2013-09-24,2680.4269999999997,3187.868,2934.1475
2013-09-25,2672.829,3192.763,2932.7960000000003
2013-09-26,2674.6649999999995,3165.621,2920.143
2013-09-27,2699.447,3177.9610000000002,2938.704
2013-09-28,2599.214,2836.2599999999998,2717.737
2013-09-29,2495.434,2671.7830000000004,2583.6085000000003
2013-09-30,2558.777,3143.549,2851.163
2013-10-01,2555.866,3108.769,2832.3175
2013-10-02,2552.513,3117.2369999999996,2834.875
2013-10-03,2551.6450000000004,3144.964,2848.3045
2013-10-04,2570.214,3149.7949999999996,2860.0045
2013-10-05,2507.0530000000003,2790.346,2648.6995
2013-10-06,2325.436,2548.506,2436.971
2013-10-07,2329.519,3036.969,2683.2439999999997
2013-10-08,2476.928,3029.451,2753.1895
2013-10-09,2475.729,3059.83,2767.7794999999996
2013-10-10,2498.5509999999995,3096.622,2797.5864999999994
2013-10-11,2545.1479999999997,3128.1079999999997,2836.6279999999997
2013-10-12,2491.699,2757.685,2624.692
2013-10-13,2400.629,2590.5429999999997,2495.586
2013-10-14,2399.521,3130.908,2765.2145
2013-10-15,2545.926,3137.1859999999997,2841.5559999999996
2013-10-16,2535.104,3040.438,2787.7709999999997
2013-10-17,2490.8840000000005,3019.541,2755.2125000000005
2013-10-18,2511.4809999999998,2996.7580000000003,2754.1195
2013-10-19,2400.049,2618.0699999999993,2509.0594999999994
2013-10-20,2306.313,2517.334,2411.8235
2013-10-21,2344.5480000000002,3034.931,2689.7395
2013-10-22,2492.4449999999997,3010.053,2751.249
2013-10-23,2476.0570000000002,3032.681,2754.369
2013-10-24,2481.452,3044.9790000000003,2763.2155000000002
2013-10-25,2509.2519999999995,3011.791,2760.5215
2013-10-26,2425.52,2660.4559999999997,2542.988
2013-10-27,2336.865,2547.6859999999997,2442.2754999999997
2013-10-28,2346.6259999999997,3085.305,2715.9655
2013-10-29,2521.7720000000004,3109.0879999999997,2815.4300000000003
2013-10-30,2552.368,3104.3160000000003,2828.342
2013-10-31,2552.629,3058.343,2805.486
2013-11-01,2489.4610000000002,3011.3630000000003,2750.4120000000003
2013-11-02,2340.134,2561.8619999999996,2450.9979999999996
2013-11-03,2192.431,2387.724,2290.0775000000003
2013-11-04,2272.397,2935.0640000000003,2603.7305
2013-11-05,2434.641,2986.1569999999997,2710.399
2013-11-06,2448.208,2973.518,2710.8630000000003
2013-11-07,2403.714,2881.7619999999997,2642.738
2013-11-08,2430.985,2887.0539999999996,2659.0195
2013-11-09,2280.078,2487.969,2384.0235000000002
2013-11-10,2203.1440000000002,2404.7070000000003,2303.9255000000003
2013-11-11,2270.513,2929.476,2599.9945
2013-11-12,2413.7009999999996,2897.2180000000003,2655.4595
2013-11-13,2418.5930000000003,2878.6800000000003,2648.6365000000005
2013-11-14,2422.737,2883.232,2652.9845
2013-11-15,2428.041,2931.719,2679.88
2013-11-16,2302.3489999999997,2563.045,2432.697
2013-11-17,2262.167,2506.995,2384.581
2013-11-18,2329.83,2980.1960000000004,2655.013
2013-11-19,2433.614,2903.6929999999998,2668.6535
2013-11-20,2421.753,2923.0270000000005,2672.3900000000003
2013-11-21,2441.132,2992.1769999999997,2716.6544999999996
2013-11-22,2431.703,2884.066,2657.8845
2013-11-23,2289.144,2485.1490000000003,2387.1465
2013-11-24,2219.875,2396.16,2308.0175
2013-11-25,2303.466,2887.053,2595.2595
2013-11-26,2457.3109999999997,2884.773,2671.042
2013-11-27,2453.406,2893.554,2673.48
2013-11-28,2091.783,2232.4030000000002,2162.093
2013-11-29,2054.627,2264.467,2159.547
2013-11-30,2290.536,2489.601,2390.0685000000003
2013-12-01,2123.775,2331.8849999999998,2227.83
2013-12-02,2251.5020000000004,2869.072,2560.2870000000003
2013-12-03,2382.274,2904.3139999999994,2643.294
2013-12-04,2397.382,2921.354,2659.368
2013-12-05,2410.192,2823.3109999999997,2616.7515
2013-12-06,2406.947,2838.36,2622.6535000000003
2013-12-07,2281.991,2437.633,2359.812
2013-12-08,2168.9579999999996,2342.013,2255.4855
2013-12-09,2275.637,2810.356,2542.9965
2013-12-10,2406.574,2835.56,2621.067
2013-12-11,2403.016,2823.9059999999995,2613.461
2013-12-12,2398.431,2828.7239999999997,2613.5775
2013-12-13,2404.225,2820.629,2612.4269999999997
2013-12-14,2250.5930000000003,2408.137,2329.3650000000002
2013-12-15,2157.464,2331.037,2244.2505
2013-12-16,2258.909,2820.749,2539.8289999999997
2013-12-17,2380.9629999999997,2838.513,2609.738
2013-12-18,2345.27,2623.0809999999997,2484.1755
2013-12-19,2348.6800000000003,2646.857,2497.7685
2013-12-20,2322.955,2675.425,2499.19
2013-12-21,2232.171,2445.1339999999996,2338.6524999999997
2013-12-22,2138.842,2318.848,2228.8450000000003
2013-12-23,2244.817,2608.9360000000006,2426.8765000000003
2013-12-24,2365.802,2636.3050000000003,2501.0535
2013-12-25,1973.8580000000002,2058.06,2015.959
2013-12-26,2226.241,2478.785,2352.513
2013-12-27,2200.166,2468.44,2334.303
2013-12-28,2245.46,2405.373,2325.4165000000003
2013-12-29,2136.515,2328.536,2232.5254999999997
2013-12-30,2108.2780000000002,2457.795,2283.0365
2013-12-31,2238.7560000000003,2479.4889999999996,2359.1225
2014-01-01,2032.8089999999997,2214.738,2123.7735
2014-01-02,2378.816,2825.706,2602.261
2014-01-03,2408.473,2841.46,2624.9665
2014-01-04,2217.928,2397.131,2307.5294999999996
2014-01-05,2121.871,2299.286,2210.5785
2014-01-06,2283.645,2838.536,2561.0905000000002
2014-01-07,2421.7740000000003,2852.5120000000006,2637.1430000000005
2014-01-08,2398.69,2829.1199999999994,2613.9049999999997
2014-01-09,2364.744,2827.792,2596.268
2014-01-10,2389.583,2841.76,2615.6715000000004
2014-01-11,2203.582,2390.355,2296.9685
2014-01-12,2098.408,2303.382,2200.895
2014-01-13,2253.0860000000002,2839.96,2546.523
2014-01-14,2363.5930000000003,2832.911,2598.2520000000004
2014-01-15,2369.1240000000003,2822.3410000000003,2595.7325
2014-01-16,2371.6009999999997,2834.6730000000002,2603.1369999999997
2014-01-17,2389.6110000000003,2824.7090000000003,2607.1600000000003
2014-01-18,2210.571,2382.5809999999997,2296.576
2014-01-19,2114.892,2297.393,2206.1425
2014-01-20,2258.889,2793.9370000000004,2526.4130000000005
2014-01-21,2370.355,2828.252,2599.3035
2014-01-22,2362.4809999999998,2827.9350000000004,2595.208
2014-01-23,2373.584,2827.9130000000005,2600.7485
2014-01-24,2429.3579999999997,2870.8440000000005,2650.101
2014-01-25,2230.678,2395.1240000000003,2312.901
2014-01-26,2115.901,2305.064,2210.4825
2014-01-27,2244.364,2813.0269999999996,2528.6955
2014-01-28,2392.289,2842.014,2617.1515
2014-01-29,2410.656,2849.018,2629.837
2014-01-30,2385.812,2826.451,2606.1315
2014-01-31,2367.774,2835.4939999999997,2601.634
2014-02-01,2276.788,2465.7320000000004,2371.26
2014-02-02,2165.685,2340.0119999999997,2252.8485
2014-02-03,2272.248,2828.334,2550.291
2014-02-04,2403.2239999999997,2835.611000000001,2619.4175000000005
2014-02-05,2407.739,2847.8029999999994,2627.7709999999997
2014-02-06,2424.028,2868.4120000000003,2646.2200000000003
2014-02-07,2447.6580000000004,2884.482,2666.07
2014-02-08,2276.1620000000003,2447.8559999999998,2362.009
2014-02-09,2166.747,2352.237,2259.492
2014-02-10,2264.2960000000003,2823.783,2544.0395
2014-02-11,2411.599,2855.315,2633.4570000000003
2014-02-12,2418.128,2847.311,2632.7195
2014-02-13,2401.9719999999998,2844.2500000000005,2623.111
2014-02-14,2403.4639999999995,2854.746,2629.1049999999996
2014-02-15,2260.4030000000002,2431.522,2345.9625
2014-02-16,2147.0550000000003,2362.441,2254.748
2014-02-17,2151.0260000000003,2832.3559999999998,2491.691
2014-02-18,2389.742,2899.3349999999996,2644.5384999999997
2014-02-19,2391.48,2899.807,2645.6435
2014-02-20,2399.022,2903.851,2651.4365
2014-02-21,2379.391,2836.4359999999997,2607.9134999999997
2014-02-22,2254.7749999999996,2427.8160000000003,2341.2955
2014-02-23,2151.895,2374.6440000000002,2263.2695000000003
2014-02-24,2260.6319999999996,2834.869,2547.7505
2014-02-25,2384.558,2877.4120000000003,2630.985
2014-02-26,2373.176,2824.9650000000006,2599.0705000000003
2014-02-27,2390.4570000000003,2832.374,2611.4155
2014-02-28,2401.672,2839.512,2620.592
2014-03-01,2249.7019999999998,2482.896,2366.299
2014-03-02,2167.1299999999997,2313.28,2240.205
2014-03-03,2265.826,2867.988,2566.907
2014-03-04,2436.372,2867.328,2651.85
2014-03-05,2423.054,2852.908,2637.9809999999998
2014-03-06,2405.513,2851.919,2628.716
2014-03-07,2410.3430000000003,2855.173,2632.758
2014-03-08,2219.529,2409.252,2314.3905
2014-03-09,2188.0609999999997,2364.774,2276.4174999999996
2014-03-10,2301.1240000000003,2925.0319999999997,2613.078
2014-03-11,2436.806,2936.4910000000004,2686.6485000000002
2014-03-12,2440.976,2913.3530000000005,2677.1645000000003
2014-03-13,2433.457,2911.3329999999996,2672.3949999999995
2014-03-14,2450.0219999999995,2927.373,2688.6974999999998
2014-03-15,2303.9359999999997,2494.0460000000003,2398.991
2014-03-16,2210.401,2348.589,2279.495
2014-03-17,2291.523,2900.3399999999997,2595.9314999999997
2014-03-18,2422.672,2939.128,2680.9
2014-03-19,2438.232,2947.1749999999997,2692.7034999999996
2014-03-20,2435.7019999999998,2941.215,2688.4584999999997
2014-03-21,2460.786,2947.4030000000002,2704.0945
2014-03-22,2306.297,2519.736,2413.0164999999997
2014-03-23,2205.9449999999997,2346.008,2275.9764999999998
2014-03-24,2290.063,2898.597,2594.33
2014-03-25,2436.062,2913.0130000000004,2674.5375000000004
2014-03-26,2437.73,2907.495,2672.6125
2014-03-27,2446.039,2942.698,2694.3685
2014-03-28,2472.332,2988.4320000000002,2730.382
2014-03-29,2280.011,2501.528,2390.7695
2014-03-30,2183.892,2363.476,2273.684
2014-03-31,2285.447,2963.924,2624.6855
2014-04-01,2492.694,3042.9320000000002,2767.813
2014-04-02,2517.9039999999995,3063.257,2790.5805
2014-04-03,2530.2349999999997,3047.8929999999996,2789.0639999999994
2014-04-04,2517.0769999999998,3017.0730000000003,2767.075
2014-04-05,2328.394,2525.8160000000003,2427.105
2014-04-06,2241.576,2389.109,2315.3424999999997
2014-04-07,2318.168,2981.3750000000005,2649.7715000000003
2014-04-08,2465.86,2991.511,2728.6855
2014-04-09,2461.2309999999993,3002.7889999999998,2732.0099999999993
2014-04-10,2480.2809999999995,3032.1759999999995,2756.2284999999993
2014-04-11,2504.377,3035.779,2770.078
2014-04-12,2349.285,2597.951,2473.618
2014-04-13,2282.705,2472.576,2377.6405
2014-04-14,2360.0809999999997,2952.824,2656.4525
2014-04-15,2465.247,2940.0739999999996,2702.6605
2014-04-16,2471.737,2954.857,2713.297
2014-04-17,2471.7670000000003,2966.648,2719.2075000000004
2014-04-18,2489.9849999999997,3008.744,2749.3644999999997
2014-04-19,2336.223,2551.3649999999993,2443.794
2014-04-20,2239.022,2449.212,2344.117
2014-04-21,2333.907,3039.7280000000005,2686.8175
2014-04-22,2501.485,3063.449,2782.467
2014-04-23,2501.3960000000006,3060.564,2780.9800000000005
2014-04-24,2515.3440000000005,3064.701,2790.0225
2014-04-25,2536.003,3083.3089999999997,2809.656
2014-04-26,2378.8469999999998,2616.711,2497.7789999999995
2014-04-27,2301.3070000000002,2526.118,2413.7125
2014-04-28,2398.422,3137.072,2767.7470000000003
2014-04-29,2539.29,3098.552,2818.9210000000003
2014-04-30,2480.4179999999997,3001.5550000000003,2740.9865
2014-05-01,2538.9939999999997,3069.757,2804.3755
2014-05-02,2557.408,3090.839,2824.1234999999997
2014-05-03,2402.487,2683.007,2542.7470000000003
2014-05-04,2312.351,2574.533,2443.442
2014-05-05,2410.167,3156.876,2783.5215
2014-05-06,2577.495,3150.368,2863.9314999999997
2014-05-07,2582.0169999999994,3158.4849999999997,2870.2509999999993
2014-05-08,2607.948,3145.5370000000003,2876.7425000000003
2014-05-09,2625.7949999999996,3173.013,2899.4039999999995
2014-05-10,2441.926,2703.6559999999995,2572.7909999999997
2014-05-11,2367.532,2589.821,2478.6765
2014-05-12,2468.757,3189.996,2829.3765000000003
2014-05-13,2566.963,3080.9159999999997,2823.9395
2014-05-14,2542.8779999999997,3059.9640000000004,2801.4210000000003
2014-05-15,2528.3849999999998,3084.314,2806.3495
2014-05-16,2563.14,3119.026,2841.0829999999996
2014-05-17,2417.536,2674.9680000000003,2546.2520000000004
2014-05-18,2323.98,2563.3230000000003,2443.6515
2014-05-19,2430.5499999999997,3170.9090000000006,2800.7295000000004
2014-05-20,2597.86,3175.767,2886.8135
2014-05-21,2598.623,3184.462,2891.5425
2014-05-22,2598.8269999999998,3185.81,2892.3185
2014-05-23,2618.0260000000003,3169.464,2893.745
2014-05-24,2456.001,2708.649,2582.325
2014-05-25,2359.623,2592.81,2476.2165
2014-05-26,2330.636,2596.221,2463.4285
2014-05-27,2580.388,3112.0669999999996,2846.2275
2014-05-28,2587.833,3154.527,2871.1800000000003
2014-05-29,2587.928,3187.529,2887.7285
2014-05-30,2619.944,3206.1910000000007,2913.0675
2014-05-31,2457.787,2704.311,2581.049
2014-06-01,2457.504,2688.831,2573.1675
2014-06-02,2526.1500000000005,3122.89,2824.5200000000004
2014-06-03,2659.4,3123.951,2891.6755000000003
2014-06-04,2657.5090000000005,3130.4620000000004,2893.9855000000007
2014-06-05,2670.0820000000003,3146.6810000000005,2908.3815000000004
2014-06-06,2683.8619999999996,3165.2619999999997,2924.562
2014-06-07,2598.869,2852.44,2725.6545
2014-06-08,2499.964,2721.543,2610.7535
2014-06-09,2556.303,3132.65,2844.4764999999998
2014-06-10,2670.1610000000005,3133.75,2901.9555
2014-06-11,2655.984,3151.7940000000003,2903.889
2014-06-12,2684.1939999999995,3181.027,2932.6105
2014-06-13,2692.926,3162.237,2927.5815000000002
2014-06-14,2589.441,2845.001,2717.221
2014-06-15,2493.019,2737.533,2615.276
2014-06-16,2565.5039999999995,3174.2639999999997,2869.8839999999996
2014-06-17,2698.8359999999993,3189.478,2944.1569999999997
2014-06-18,2698.2719999999995,3159.2859999999996,2928.7789999999995
2014-06-19,2685.585,3176.2760000000003,2930.9305000000004
2014-06-20,2690.0960000000005,3165.5099999999998,2927.803
2014-06-21,2591.778,2856.515,2724.1465
2014-06-22,2509.08,2712.8139999999994,2610.9469999999997
2014-06-23,2567.586,3157.303,2862.4444999999996
2014-06-24,2670.654,3142.867,2906.7605000000003
2014-06-25,2666.8179999999998,3097.5760000000005,2882.197
2014-06-26,2655.9139999999998,3101.7030000000004,2878.8085
2014-06-27,2678.9499999999994,3167.6849999999995,2923.317499999999
2014-06-28,2611.2570000000005,2852.617,2731.9370000000004
2014-06-29,2512.1459999999997,2738.117,2625.1315
2014-06-30,2566.608,3177.2659999999996,2871.937
2014-07-01,2667.065,3161.3989999999994,2914.232
2014-07-02,2661.869,3156.2909999999997,2909.08
2014-07-03,2661.071,3147.4869999999996,2904.2789999999995
2014-07-04,2478.5,2717.544,2598.022
2014-07-05,2509.739,2756.9130000000005,2633.326
2014-07-06,2413.736,2641.262,2527.499
2014-07-07,2522.926,3156.778,2839.852
2014-07-08,2660.4790000000003,3152.43,2906.4545
2014-07-09,2666.4779999999996,3164.4960000000005,2915.487
2014-07-10,2663.4930000000004,3149.318,2906.4055000000003
2014-07-11,2671.027,3165.278,2918.1525
2014-07-12,2539.185,2810.3189999999995,2674.7519999999995
2014-07-13,2446.6369999999997,2688.409,2567.523
2014-07-14,2546.9990000000003,3181.131,2864.065
2014-07-15,2677.074,3128.24,2902.657
2014-07-16,2660.535,3133.605,2897.0699999999997
2014-07-17,2664.939,3133.5130000000004,2899.226
2014-07-18,2680.516,3127.534,2904.025
2014-07-19,2523.575,2746.0910000000003,2634.833
2014-07-20,2424.777,2673.2239999999997,2549.0005
2014-07-21,2544.643,3194.538,2869.5905000000002
2014-07-22,2678.051,3190.504,2934.2775
2014-07-23,2684.849,3178.8370000000004,2931.8430000000003
2014-07-24,2672.683,3149.955,2911.319
2014-07-25,2683.4130000000005,3182.2490000000007,2932.8310000000006
2014-07-26,2563.777,2846.8799999999997,2705.3284999999996
2014-07-27,2463.943,2730.294,2597.1185
2014-07-28,2562.442,3211.4100000000003,2886.9260000000004
2014-07-29,2686.989,3161.486,2924.2375
2014-07-30,2668.775,3167.033,2917.904
2014-07-31,2681.8999999999996,3177.3860000000004,2929.643
2014-08-01,2755.4619999999995,3223.4440000000004,2989.453
2014-08-02,2644.5,2871.3210000000004,2757.9105
2014-08-03,2538.983,2782.412,2660.6975
2014-08-04,2591.203,3236.68,2913.9415
2014-08-05,2733.6470000000004,3246.866,2990.2565000000004
2014-08-06,2746.0400000000004,3264.3990000000003,3005.2195
2014-08-07,2767.8580000000006,3295.1820000000002,3031.5200000000004
2014-08-08,2780.3209999999995,3327.84,3054.0805
2014-08-09,2703.716,2978.381,2841.0485
2014-08-10,2597.2970000000005,2846.2079999999996,2721.7525
2014-08-11,2635.112,3311.0910000000003,2973.1015
2014-08-12,2758.408,3281.097,3019.7525
2014-08-13,2755.6,3262.612,3009.1059999999998
2014-08-14,2748.059,3258.497,3003.2780000000002
2014-08-15,2764.8839999999996,3284.4939999999997,3024.6889999999994
2014-08-16,2707.2239999999997,3014.9840000000004,2861.1040000000003
2014-08-17,2609.302,2884.218,2746.76
2014-08-18,2648.204,3311.7940000000003,2979.9990000000003
2014-08-19,2767.422,3269.3869999999997,3018.4044999999996
2014-08-20,2759.434,3286.8810000000003,3023.1575000000003
2014-08-21,2771.79,3318.121,3044.9555
2014-08-22,2787.3210000000004,3319.194,3053.2575
2014-08-23,2700.793,2999.653,2850.223
2014-08-24,2591.625,2886.6240000000003,2739.1245
2014-08-25,2637.651,3313.972,2975.8115
2014-08-26,2763.4120000000007,3257.948,3010.6800000000003
2014-08-27,2755.939,3248.882,3002.4105
2014-08-28,2747.337,3224.7589999999996,2986.048
2014-08-29,2765.631,3251.909,3008.77
2014-08-30,2673.0719999999997,2930.683,2801.8774999999996
2014-08-31,2568.438,2763.0649999999996,2665.7515
2014-09-01,2390.0150000000003,2684.552,2537.2835000000005
2014-09-02,2703.9789999999994,3221.017,2962.4979999999996
2014-09-03,2706.152,3209.89,2958.0209999999997
2014-09-04,2709.4339999999997,3187.835,2948.6345
2014-09-05,2715.786,3218.1339999999996,2966.96
2014-09-06,2601.586,2871.2760000000003,2736.431
2014-09-07,2490.995,2694.4570000000003,2592.726
2014-09-08,2554.759,3176.323,2865.541
2014-09-09,2692.554,3205.005,2948.7795
2014-09-10,2713.2250000000004,3232.772,2972.9985
2014-09-11,2716.405,3239.7470000000003,2978.076
2014-09-12,2720.933,3179.339,2950.136
2014-09-13,2552.293,2767.881,2660.087
2014-09-14,2430.5739999999996,2608.971,2519.7725
2014-09-15,2514.323,3160.627,2837.475
2014-09-16,2678.434,3170.715,2924.5745
2014-09-17,2688.957,3157.723,2923.34
2014-09-18,2693.0119999999997,3120.904,2906.9579999999996
2014-09-19,2690.1440000000002,3140.6610000000005,2915.4025
2014-09-20,2579.484,2823.285,2701.3845
2014-09-21,2480.782,2719.2760000000003,2600.0290000000005
2014-09-22,2560.17,3194.228,2877.199
2014-09-23,2662.107,3114.454,2888.2805
2014-09-24,2646.87,3111.2050000000004,2879.0375000000004
2014-09-25,2656.692,3097.124,2876.908
2014-09-26,2670.9049999999997,3126.7889999999998,2898.8469999999998
2014-09-27,2567.306,2788.6650000000004,2677.9855000000002
2014-09-28,2458.607,2680.7909999999997,2569.6989999999996
2014-09-29,2541.518,3141.491,2841.5045
2014-09-30,2676.487,3147.065,2911.776
2014-10-01,2558.013,3175.137,2866.575
2014-10-02,2588.4059999999995,3203.98,2896.1929999999998
2014-10-03,2572.992,3096.288,2834.6400000000003
2014-10-04,2406.746,2643.551,2525.1485000000002
2014-10-05,2314.8999999999996,2604.981,2459.9404999999997
2014-10-06,2368.868,3071.837,2720.3525
2014-10-07,2520.3579999999997,3140.0980000000004,2830.228
2014-10-08,2543.6459999999993,3142.094,2842.87
2014-10-09,2555.0860000000002,3157.822,2856.454
2014-10-10,2593.975,3165.643,2879.809
2014-10-11,2481.801,2726.65,2604.2255
2014-10-12,2372.064,2624.116,2498.09
2014-10-13,2413.4030000000002,3056.802,2735.1025
2014-10-14,2483.018,3025.594,2754.306
2014-10-15,2475.112,3054.3759999999997,2764.7439999999997
2014-10-16,2483.0510000000004,3089.9809999999998,2786.516
2014-10-17,2525.972,3102.123,2814.0475
2014-10-18,2461.477,2735.684,2598.5805
2014-10-19,2357.599,2586.538,2472.0685000000003
2014-10-20,2359.0750000000003,3078.132,2718.6035
2014-10-21,2495.3610000000003,3064.7949999999996,2780.078
2014-10-22,2497.6769999999997,3067.301,2782.4889999999996
2014-10-23,2491.071,3034.461,2762.7659999999996
2014-10-24,2502.724,3034.696,2768.71
2014-10-25,2422.711,2679.8399999999997,2551.2754999999997
2014-10-26,2316.567,2599.7070000000003,2458.137
2014-10-27,2354.238,3105.428,2729.8329999999996
2014-10-28,2512.617,3113.5400000000004,2813.0785000000005
2014-10-29,2525.8309999999997,3095.406,2810.6184999999996
2014-10-30,2497.6000000000004,3045.158,2771.379
2014-10-31,2516.335,3034.408,2775.3715
2014-11-01,2338.178,2528.7640000000006,2433.4710000000005
2014-11-02,2183.7039999999997,2387.545,2285.6245
2014-11-03,2267.982,2965.681,2616.8315000000002
2014-11-04,2431.7019999999998,2998.004,2714.853
2014-11-05,2444.801,2943.326,2694.0635
2014-11-06,2436.145,2892.335,2664.24
2014-11-07,2428.553,2883.222,2655.8875
2014-11-08,2270.297,2492.085,2381.191
2014-11-09,2193.1240000000003,2383.9500000000003,2288.5370000000003
2014-11-10,2264.024,2956.807,2610.4155
2014-11-11,2438.56,2892.033,2665.2965
2014-11-12,2415.212,2865.384,2640.298
2014-11-13,2441.326,2882.809,2662.0675
2014-11-14,2470.002,2886.935,2678.4685
2014-11-15,2283.548,2489.15,2386.349
2014-11-16,2218.727,2390.9970000000003,2304.862
2014-11-17,2289.168,2888.8590000000004,2589.0135
2014-11-18,2440.7380000000003,2894.112,2667.425
2014-11-19,2427.4770000000003,2899.7920000000004,2663.6345
2014-11-20,2406.696,2907.7140000000004,2657.205
2014-11-21,2452.369,2910.558,2681.4635
2014-11-22,2302.392,2508.197,2405.2945
2014-11-23,2218.922,2438.557,2328.7394999999997
2014-11-24,2268.635,2896.37,2582.5025
2014-11-25,2417.9570000000003,2889.3089999999997,2653.633
2014-11-26,2424.5209999999997,2902.666,2663.5935
2014-11-27,2075.33,2215.929,2145.6295
2014-11-28,2038.811,2274.5699999999997,2156.6904999999997
2014-11-29,2305.6549999999997,2527.034,2416.3445
2014-11-30,2227.62,2449.038,2338.3289999999997
2014-12-01,2240.624,2821.6009999999997,2531.1124999999997
2014-12-02,2373.98,2810.5840000000003,2592.282
2014-12-03,2382.214,2837.142,2609.678
2014-12-04,2372.154,2851.733,2611.9435000000003
2014-12-05,2386.812,2893.505,2640.1585
2014-12-06,2243.257,2429.692,2336.4745000000003
2014-12-07,2124.108,2330.288,2227.1980000000003
2014-12-08,2246.935,2815.852,2531.3935
2014-12-09,2374.191,2837.992,2606.0915
2014-12-10,2376.6459999999997,2837.7589999999996,2607.2024999999994
2014-12-11,2376.679,2851.406,2614.0425
2014-12-12,2396.167,2860.926,2628.5465
2014-12-13,2245.366,2433.215,2339.2905
2014-12-14,2152.8569999999995,2369.492,2261.1745
2014-12-15,2267.633,2885.3849999999998,2576.509
2014-12-16,2369.0099999999998,2832.771,2600.8905
2014-12-17,2375.0159999999996,2830.9359999999997,2602.9759999999997
2014-12-18,2347.308,2623.9699999999993,2485.6389999999997
2014-12-19,2295.426,2626.005,2460.7155000000002
2014-12-20,2241.119,2412.155,2326.637
2014-12-21,2135.2709999999997,2331.3740000000003,2233.3225
2014-12-22,2228.3920000000003,2625.1099999999997,2426.751
2014-12-23,2345.5119999999997,2614.362,2479.937
2014-12-24,2352.491,2614.578,2483.5344999999998
2014-12-25,1970.3239999999998,2058.414,2014.3690000000001
2014-12-26,2214.069,2506.5,2360.2844999999998
2014-12-27,2195.324,2429.326,2312.325
2014-12-28,2138.428,2334.252,2236.34
2014-12-29,2108.088,2459.085,2283.5865000000003
2014-12-30,2232.4339999999997,2471.587,2352.0105
2014-12-31,2242.019,2478.674,2360.3464999999997
2015-01-01,2042.2890000000002,2220.3179999999998,2131.3035
2015-01-02,2201.14,2466.506,2333.823
2015-01-03,2223.207,2383.9770000000003,2303.592
2015-01-04,2127.486,2302.588,2215.0370000000003
2015-01-05,2275.375,2825.5150000000003,2550.445
2015-01-06,2387.283,2833.028,2610.1555
2015-01-07,2386.289,2824.083,2605.186
2015-01-08,2409.086,2844.913,2626.9995
2015-01-09,2431.414,2860.85,2646.132
2015-01-10,2249.866,2411.3709999999996,2330.6184999999996
2015-01-11,2129.859,2308.933,2219.3959999999997
2015-01-12,2267.815,2806.844,2537.3295
2015-01-13,2397.3050000000003,2824.7329999999997,2611.0190000000002
2015-01-14,2402.207,2830.4610000000002,2616.334
2015-01-15,2400.5919999999996,2826.4980000000005,2613.545
2015-01-16,2401.4599999999996,2830.804,2616.1319999999996
2015-01-17,2215.353,2386.246,2300.7995
2015-01-18,2116.724,2296.0139999999997,2206.3689999999997
2015-01-19,2254.7879999999996,2786.956,2520.872
2015-01-20,2374.184,2841.248,2607.7160000000003
2015-01-21,2369.2490000000003,2818.27,2593.7595
2015-01-22,2371.779,2818.053,2594.916
2015-01-23,2401.712,2834.828,2618.27
2015-01-24,2217.632,2381.717,2299.6745
2015-01-25,2111.968,2299.925,2205.9465
2015-01-26,2238.297,2819.0649999999996,2528.6809999999996
2015-01-27,2345.192,2860.958,2603.075
2015-01-28,2347.969,2852.3239999999996,2600.1465
2015-01-29,2356.747,2857.288,2607.0175
2015-01-30,2376.6780000000003,2819.3229999999994,2598.0005
2015-01-31,2204.212,2384.6839999999997,2294.448
2015-02-01,2160.605,2376.956,2268.7805
2015-02-02,2259.79,2828.0620000000004,2543.9260000000004
2015-02-03,2404.286,2842.244,2623.2650000000003
2015-02-04,2399.2509999999997,2839.521,2619.386
2015-02-05,2398.303,2836.2520000000004,2617.2775
2015-02-06,2415.6349999999998,2844.6009999999997,2630.1179999999995
2015-02-07,2263.237,2441.527,2352.382
2015-02-08,2150.011,2373.2969999999996,2261.6539999999995
2015-02-09,2247.1090000000004,2900.9170000000004,2574.0130000000004
2015-02-10,2372.6859999999997,2856.087,2614.3864999999996
2015-02-11,2378.992,2854.913,2616.9525000000003
2015-02-12,2382.841,2844.9329999999995,2613.8869999999997
2015-02-13,2393.007,2839.359,2616.183
2015-02-14,2247.438,2439.364,2343.401
2015-02-15,2150.898,2357.663,2254.2805
2015-02-16,2146.2980000000002,2770.069,2458.1835
2015-02-17,2400.66,2840.455,2620.5575
2015-02-18,2391.804,2836.939,2614.3715
2015-02-19,2386.155,2840.339,2613.2470000000003
2015-02-20,2392.6369999999997,2856.002,2624.3194999999996
2015-02-21,2276.459,2461.3309999999997,2368.8949999999995
2015-02-22,2163.426,2341.505,2252.4655000000002
2015-02-23,2261.296,2823.989,2542.6425
2015-02-24,2413.219,2849.648,2631.4335
2015-02-25,2413.919,2837.369,2625.6440000000002
2015-02-26,2405.628,2842.2389999999996,2623.9335
2015-02-27,2424.837,2853.867,2639.352
2015-02-28,2259.268,2425.9750000000004,2342.6215
2015-03-01,2151.063,2322.5350000000003,2236.799
2015-03-02,2255.491,2849.9579999999996,2552.7245
2015-03-03,2379.299,2897.9280000000003,2638.6135000000004
2015-03-04,2400.338,2923.1079999999997,2661.723
2015-03-05,2398.803,2849.771,2624.2870000000003
2015-03-06,2430.617,2857.724,2644.1705
2015-03-07,2225.9010000000003,2424.094,2324.9975000000004
2015-03-08,2197.824,2372.199,2285.0115
2015-03-09,2309.899,2918.5809999999997,2614.24
2015-03-10,2450.3819999999996,2908.3379999999997,2679.3599999999997
2015-03-11,2449.239,2905.0200000000004,2677.1295
2015-03-12,2449.0209999999997,2912.3240000000005,2680.6725
2015-03-13,2456.233,2903.502,2679.8675000000003
2015-03-14,2292.02,2495.964,2393.992
2015-03-15,2190.818,2381.9130000000005,2286.3655000000003
2015-03-16,2295.6009999999997,2951.7149999999997,2623.6579999999994
2015-03-17,2446.917,2976.406,2711.6615
2015-03-18,2452.3269999999998,2968.692,2710.5095
2015-03-19,2457.787,2969.877,2713.832
2015-03-20,2483.557,2982.116,2732.8365
2015-03-21,2292.773,2490.7019999999998,2391.7375
2015-03-22,2202.014,2399.97,2300.992
2015-03-23,2289.1150000000002,2958.216,2623.6655
2015-03-24,2436.429,2957.411,2696.92
2015-03-25,2438.804,2971.1800000000003,2704.992
2015-03-26,2453.622,2919.13,2686.376
2015-03-27,2436.363,2939.411,2687.8869999999997
2015-03-28,2293.474,2509.555,2401.5145
2015-03-29,2196.993,2412.036,2304.5145
2015-03-30,2298.713,2998.207,2648.46
2015-03-31,2453.422,2998.616,2726.0190000000002
2015-04-01,2515.2970000000005,3049.453,2782.375
2015-04-02,2525.366,3070.461,2797.9134999999997
2015-04-03,2555.8969999999995,3064.5869999999995,2810.2419999999993
2015-04-04,2339.8160000000003,2554.7640000000006,2447.2900000000004
2015-04-05,2249.86,2431.513,2340.6865
2015-04-06,2355.3630000000003,3054.2230000000004,2704.7930000000006
2015-04-07,2519.32,3086.7149999999997,2803.0175
2015-04-08,2536.1710000000003,3079.587,2807.879
2015-04-09,2541.034,3092.244,2816.639
2015-04-10,2531.7239999999997,2993.624,2762.674
2015-04-11,2342.446,2555.2340000000004,2448.84
2015-04-12,2266.456,2468.425,2367.4405
2015-04-13,2367.257,3089.4359999999997,2728.3464999999997
2015-04-14,2520.7329999999997,3013.0719999999997,2766.9024999999997
2015-04-15,2485.439,3020.731,2753.085
2015-04-16,2501.81,3040.9210000000003,2771.3655
2015-04-17,2521.592,3051.5560000000005,2786.5740000000005
2015-04-18,2348.014,2574.2299999999996,2461.122
2015-04-19,2241.374,2484.291,2362.8325
2015-04-20,2334.769,2996.8469999999998,2665.808
2015-04-21,2478.3619999999996,3015.366,2746.8639999999996
2015-04-22,2495.2369999999996,3055.836,2775.5364999999997
2015-04-23,2515.48,3091.34,2803.41
2015-04-24,2552.781,3090.213,2821.4970000000003
2015-04-25,2394.915,2630.355,2512.635
2015-04-26,2297.457,2498.3990000000003,2397.928
2015-04-27,2371.431,3060.557,2715.9939999999997
2015-04-28,2491.2889999999998,2976.8570000000004,2734.0730000000003
2015-04-29,2461.4460000000004,2992.3480000000004,2726.8970000000004
2015-04-30,2463.2940000000003,3021.4089999999997,2742.3514999999998
2015-05-01,2562.257,3123.29,2842.7735000000002
2015-05-02,2409.844,2663.3439999999996,2536.594
2015-05-03,2307.06,2554.8540000000003,2430.9570000000003
2015-05-04,2416.591,3159.471,2788.031
2015-05-05,2582.678,3158.156,2870.417
2015-05-06,2601.088,3174.584,2887.8360000000002
2015-05-07,2612.238,3183.39,2897.814
2015-05-08,2644.2509999999993,3192.167,2918.209
2015-05-09,2479.5400000000004,2731.966999999999,2605.7535
2015-05-10,2388.5840000000003,2595.419,2492.0015000000003
2015-05-11,2476.1139999999996,3160.565,2818.3395
2015-05-12,2596.891,3134.0640000000003,2865.4775
2015-05-13,2591.312,3142.2320000000004,2866.772
2015-05-14,2600.895,3177.386,2889.1405
2015-05-15,2632.5909999999994,3159.651,2896.1209999999996
2015-05-16,2479.777,2726.2389999999996,2603.008
2015-05-17,2390.8610000000003,2571.705,2481.2830000000004
2015-05-18,2475.402,3202.6600000000003,2839.031
2015-05-19,2622.0510000000004,3193.5229999999997,2907.7870000000003
2015-05-20,2622.942,3201.002,2911.9719999999998
2015-05-21,2620.1679999999997,3145.512,2882.84
2015-05-22,2609.786,3131.544,2870.665
2015-05-23,2466.845,2707.9420000000005,2587.3935
2015-05-24,2354.064,2570.853,2462.4584999999997
2015-05-25,2326.0409999999997,2653.178,2489.6094999999996
2015-05-26,2597.377,3172.6820000000002,2885.0295
2015-05-27,2593.483,3180.7589999999996,2887.121
2015-05-28,2605.405,3207.45,2906.4275
2015-05-29,2625.8889999999997,3194.49,2910.1894999999995
2015-05-30,2437.318,2729.365,2583.3415
2015-05-31,2355.469,2588.402,2471.9355
2015-06-01,2506.418,3111.0609999999997,2808.7394999999997
2015-06-02,2639.7440000000006,3111.3010000000004,2875.5225000000005
2015-06-03,2645.2219999999998,3121.2980000000002,2883.26
2015-06-04,2646.6160000000004,3129.4300000000003,2888.023
2015-06-05,2671.2639999999997,3152.527,2911.8954999999996
2015-06-06,2584.4230000000002,2848.421,2716.422
2015-06-07,2477.391,2731.9469999999997,2604.669
2015-06-08,2540.671,3163.2100000000005,2851.9405
2015-06-09,2677.749,3157.3579999999997,2917.5535
2015-06-10,2678.6330000000003,3176.0080000000003,2927.3205000000003
2015-06-11,2679.911,3175.614,2927.7625
2015-06-12,2694.1910000000003,3193.155,2943.6730000000002
2015-06-13,2590.185,2807.211,2698.698
2015-06-14,2482.359,2695.8909999999996,2589.125
2015-06-15,2540.7019999999998,3126.1710000000003,2833.4365
2015-06-16,2668.142,3091.108,2879.625
2015-06-17,2666.0629999999996,3103.657,2884.8599999999997
2015-06-18,2673.7169999999996,3131.884,2902.8005
2015-06-19,2687.447,3167.0229999999997,2927.2349999999997
2015-06-20,2602.782,2844.3620000000005,2723.572
2015-06-21,2507.531,2726.7960000000003,2617.1635
2015-06-22,2559.62,3156.607,2858.1135
2015-06-23,2687.0180000000005,3165.49,2926.254
2015-06-24,2678.27,3163.0550000000003,2920.6625000000004
2015-06-25,2681.524,3180.509,2931.0164999999997
2015-06-26,2699.311,3199.6240000000003,2949.4675
2015-06-27,2616.4120000000003,2856.3769999999995,2736.3945
2015-06-28,2491.746,2696.6459999999997,2594.196
2015-06-29,2553.212,3170.453,2861.8325
2015-06-30,2676.877,3158.776,2917.8265
2015-07-01,2642.6099999999997,3101.2099999999996,2871.91
2015-07-02,2633.904,3119.8410000000003,2876.8725000000004
2015-07-03,2492.539,2752.702,2622.6205
2015-07-04,2555.045,2803.039,2679.0420000000004
2015-07-05,2449.201,2682.821,2566.011
2015-07-06,2556.517,3164.397,2860.457
2015-07-07,2688.24,3175.241,2931.7405
2015-07-08,2685.381,3174.705,2930.0429999999997
2015-07-09,2675.5409999999997,3168.805,2922.173
2015-07-10,2681.0860000000002,3162.776,2921.931
2015-07-11,2547.6639999999998,2807.5830000000005,2677.6235
2015-07-12,2443.1639999999998,2697.913,2570.5384999999997
2015-07-13,2544.42,3173.3830000000003,2858.9015
2015-07-14,2674.408,3172.3869999999997,2923.3975
2015-07-15,2671.7639999999997,3182.177,2926.9705
2015-07-16,2678.4519999999998,3185.8680000000004,2932.16
2015-07-17,2693.8469999999998,3188.7490000000003,2941.298
2015-07-18,2574.51,2851.4689999999996,2712.9894999999997
2015-07-19,2456.065,2723.2380000000003,2589.6515
2015-07-20,2555.859,3198.514,2877.1865
2015-07-21,2683.1279999999997,3190.1600000000003,2936.6440000000002
2015-07-22,2690.554,3196.381,2943.4674999999997
2015-07-23,2686.338,3201.647,2943.9925000000003
2015-07-24,2692.265,3208.679,2950.4719999999998
2015-07-25,2556.697,2849.884,2703.2905
2015-07-26,2464.822,2735.5870000000004,2600.2045000000003
2015-07-27,2571.267,3219.2630000000004,2895.2650000000003
2015-07-28,2689.391,3218.347,2953.869
2015-07-29,2688.1059999999998,3223.977,2956.0415
2015-07-30,2691.4710000000005,3233.8740000000003,2962.6725000000006
2015-07-31,2707.0429999999997,3227.446,2967.2445
2015-08-01,2686.629,2978.516,2832.5725
2015-08-02,2573.699,2877.2560000000003,2725.4775
2015-08-03,2618.88,3291.087,2954.9835000000003
2015-08-04,2756.955,3289.2740000000003,3023.1145
2015-08-05,2772.9629999999997,3308.1639999999998,3040.5634999999997
2015-08-06,2776.593,3307.349,3041.971
2015-08-07,2787.874,3318.312,3053.093
2015-08-08,2710.848,3012.411,2861.6295
2015-08-09,2597.214,2893.1900000000005,2745.202
2015-08-10,2640.083,3324.8540000000003,2982.4685
2015-08-11,2768.249,3350.757,3059.5029999999997
2015-08-12,2767.602,3317.871,3042.7365
2015-08-13,2775.1330000000003,3315.917,3045.525
2015-08-14,2786.8469999999998,3320.696,3053.7715
2015-08-15,2698.2540000000004,2987.3849999999993,2842.8194999999996
2015-08-16,2574.287,2813.6790000000005,2693.983
2015-08-17,2604.3680000000004,3250.0099999999998,2927.1890000000003
2015-08-18,2753.7029999999995,3282.67,3018.1865
2015-08-19,2759.765,3246.0799999999995,3002.9224999999997
2015-08-20,2746.613,3171.301,2958.957
2015-08-21,2734.5850000000005,3197.7210000000005,2966.1530000000002
2015-08-22,2676.136,2957.7059999999997,2816.921
2015-08-23,2583.7670000000003,2871.781,2727.7740000000003
2015-08-24,2639.9880000000003,3306.784,2973.3860000000004
2015-08-25,2763.968,3238.455,3001.2115
2015-08-26,2736.01,3209.6470000000004,2972.8285000000005
2015-08-27,2719.308,3219.4570000000003,2969.3825
2015-08-28,2734.069,3229.4559999999997,2981.7625
2015-08-29,2656.932,2928.7680000000005,2792.8500000000004
2015-08-30,2551.431,2798.644,2675.0375
2015-08-31,2602.4359999999997,3200.89,2901.6629999999996
2015-09-01,2674.054,3111.346,2892.7
2015-09-02,2661.02,3133.654,2897.337
2015-09-03,2668.5679999999998,3148.429,2908.4984999999997
2015-09-04,2695.809,3186.7150000000006,2941.2620000000006
2015-09-05,2596.1429999999996,2849.9300000000003,2723.0365
2015-09-06,2488.856,2761.721,2625.2885
2015-09-07,2409.902,2689.8219999999997,2549.862
2015-09-08,2702.975,3193.175,2948.075
2015-09-09,2698.333,3181.9560000000006,2940.1445000000003
2015-09-10,2691.419,3150.417,2920.9179999999997
2015-09-11,2693.334,3118.532,2905.933
2015-09-12,2563.6119999999996,2797.436,2680.524
2015-09-13,2421.552,2646.956,2534.254
2015-09-14,2504.685,3103.265,2803.975
2015-09-15,2660.85,3159.543,2910.1965
2015-09-16,2682.089,3166.0320000000006,2924.0605000000005
2015-09-17,2685.637,3159.8709999999996,2922.754
2015-09-18,2685.329,3167.0660000000003,2926.1975
2015-09-19,2573.318,2829.907,2701.6125
2015-09-20,2466.58,2718.386,2592.483
2015-09-21,2557.587,3172.172,2864.8795
2015-09-22,2688.345,3176.249,2932.2969999999996
2015-09-23,2673.2839999999997,3153.855,2913.5694999999996
2015-09-24,2665.992,3146.815,2906.4035000000003
2015-09-25,2683.9860000000003,3180.264,2932.125
2015-09-26,2565.685,2843.186,2704.4355
2015-09-27,2454.294,2622.255,2538.2745
2015-09-28,2526.6520000000005,3077.9100000000003,2802.2810000000004
2015-09-29,2649.206,3132.362,2890.784
2015-09-30,2664.0980000000004,3164.7599999999998,2914.429
2015-10-01,2537.8740000000003,3130.7940000000003,2834.3340000000003
2015-10-02,2537.472,3072.937,2805.2045
2015-10-03,2418.281,2663.678,2540.9795
2015-10-04,2317.5860000000002,2571.765,2444.6755000000003
2015-10-05,2334.8410000000003,3069.48,2702.1605
2015-10-06,2504.8959999999997,3113.514,2809.205
2015-10-07,2519.274,3133.0720000000006,2826.1730000000002
2015-10-08,2537.7689999999993,3123.2219999999998,2830.4954999999995
2015-10-09,2562.4840000000004,3120.722,2841.603
2015-10-10,2472.288,2753.138,2612.7129999999997
2015-10-11,2360.929,2640.1,2500.5145
2015-10-12,2391.7599999999998,3171.614,2781.687
2015-10-13,2567.669,3181.507,2874.5879999999997
2015-10-14,2521.076,3140.9850000000006,2831.0305000000003
2015-10-15,2508.797,3135.614,2822.2055
2015-10-16,2534.3360000000002,3118.6180000000004,2826.4770000000003
2015-10-17,2433.9829999999997,2706.6210000000005,2570.302
2015-10-18,2323.486,2552.1980000000003,2437.842
2015-10-19,2334.546,3043.8140000000003,2689.1800000000003
2015-10-20,2489.672,3048.316,2768.9939999999997
2015-10-21,2526.5310000000004,3103.5609999999997,2815.0460000000003
2015-10-22,2550.2769999999996,3115.0779999999995,2832.6775
2015-10-23,2585.64,3118.1949999999997,2851.9174999999996
2015-10-24,2471.511,2711.281,2591.3959999999997
2015-10-25,2348.777,2516.787,2432.782
2015-10-26,2344.505,3011.8120000000004,2678.1585000000005
2015-10-27,2491.019,3037.661,2764.34
2015-10-28,2501.831,3085.1490000000003,2793.4900000000002
2015-10-29,2488.961,3035.6180000000004,2762.2895
2015-10-30,2546.184,3060.564,2803.374
2015-10-31,2453.062,2688.042,2570.5519999999997
2015-11-01,2227.725,2417.8669999999997,2322.796
2015-11-02,2277.033,2935.016,2606.0245
2015-11-03,2422.2499999999995,2940.6760000000004,2681.4629999999997
2015-11-04,2426.807,2965.2029999999995,2696.0049999999997
2015-11-05,2450.593,3024.413,2737.5029999999997
2015-11-06,2491.038,3009.9800000000005,2750.509
2015-11-07,2290.473,2505.391,2397.932
2015-11-08,2202.1510000000003,2391.348,2296.7495
2015-11-09,2265.326,2916.9560000000006,2591.1410000000005
2015-11-10,2423.3489999999997,2943.5530000000003,2683.451
2015-11-11,2456.401,3016.203,2736.3019999999997
2015-11-12,2437.788,2928.725,2683.2565
2015-11-13,2446.279,2882.9420000000005,2664.6105000000002
2015-11-14,2271.038,2485.887,2378.4625
2015-11-15,2202.7490000000003,2411.14,2306.9445
2015-11-16,2276.658,2979.1720000000005,2627.915
2015-11-17,2453.459,2925.089,2689.274
2015-11-18,2416.6589999999997,2907.3779999999997,2662.0184999999997
2015-11-19,2412.691,2934.101,2673.3959999999997
2015-11-20,2441.167,2915.853,2678.51
2015-11-21,2269.823,2495.2929999999997,2382.558
2015-11-22,2209.3579999999997,2388.429,2298.8935
2015-11-23,2277.36,2890.987,2584.1735
2015-11-24,2431.028,2899.8289999999997,2665.4285
2015-11-25,2428.7870000000003,2939.182,2683.9845
2015-11-26,2106.231,2230.339,2168.285
2015-11-27,2084.555,2336.915,2210.7349999999997
2015-11-28,2283.5669999999996,2475.5289999999995,2379.548
2015-11-29,2201.514,2388.498,2295.0060000000003
2015-11-30,2286.633,2892.728,2589.6805
2015-12-01,2382.323,2821.3990000000003,2601.861
2015-12-02,2378.653,2827.264,2602.9584999999997
2015-12-03,2376.58,2823.202,2599.891
2015-12-04,2391.838,2824.1079999999997,2607.973
2015-12-05,2245.436,2404.812,2325.124
2015-12-06,2142.169,2329.058,2235.6135
2015-12-07,2248.736,2825.4950000000003,2537.1155
2015-12-08,2376.5359999999996,2842.316,2609.4259999999995
2015-12-09,2366.368,2863.7929999999997,2615.0805
2015-12-10,2377.812,2893.609,2635.7105
2015-12-11,2412.987,2919.181,2666.084
2015-12-12,2296.183,2487.7090000000003,2391.946
2015-12-13,2118.293,2332.633,2225.4629999999997
2015-12-14,2244.143,2824.327,2534.235
2015-12-15,2369.763,2872.813,2621.288
2015-12-16,2392.223,2837.5809999999997,2614.902
2015-12-17,2368.328,2827.298,2597.813
2015-12-18,2389.329,2821.5779999999995,2605.4534999999996
2015-12-19,2245.534,2410.832,2328.183
2015-12-20,2127.401,2342.1769999999997,2234.7889999999998
2015-12-21,2246.469,2650.5519999999997,2448.5105
2015-12-22,2357.469,2643.3389999999995,2500.4039999999995
2015-12-23,2359.762,2709.6079999999997,2534.685
2015-12-24,2374.284,2695.5269999999996,2534.9055
2015-12-25,1991.071,2130.38,2060.7255
2015-12-26,2311.5280000000002,2505.203,2408.3655
2015-12-27,2174.599,2325.17,2249.8845
2015-12-28,2091.744,2456.842,2274.293
2015-12-29,2228.8140000000003,2471.217,2350.0155000000004
2015-12-30,2229.844,2471.766,2350.8050000000003
2015-12-31,2224.478,2469.7239999999997,2347.1009999999997
2016-01-01,1990.1690000000003,2187.2439999999997,2088.7065000000002
2016-01-02,2230.875,2392.25,2311.5625
2016-01-03,2122.627,2298.467,2210.547
2016-01-04,2255.604,2813.407,2534.5055
2016-01-05,2390.195,2828.824,2609.5095
2016-01-06,2389.395,2827.7679999999996,2608.5815
2016-01-07,2366.618,2829.298,2597.9579999999996
2016-01-08,2390.002,2828.38,2609.191
2016-01-09,2222.975,2381.0899999999997,2302.0325
2016-01-10,2124.287,2306.787,2215.537
2016-01-11,2266.0299999999997,2814.244,2540.1369999999997
2016-01-12,2384.465,2829.744,2607.1045000000004
2016-01-13,2378.87,2829.0769999999998,2603.9735
2016-01-14,2383.3,2832.993,2608.1465
2016-01-15,2391.598,2834.114,2612.8559999999998
2016-01-16,2215.275,2376.639,2295.9570000000003
2016-01-17,2117.36,2300.192,2208.776
2016-01-18,2264.151,2774.24,2519.1955
2016-01-19,2378.232,2836.8130000000006,2607.5225
2016-01-20,2376.18,2830.1360000000004,2603.1580000000004
2016-01-21,2371.895,2842.367,2607.1310000000003
2016-01-22,2390.544,2823.92,2607.232
2016-01-23,2231.696,2387.6160000000004,2309.656
2016-01-24,2108.3289999999997,2300.4039999999995,2204.3664999999996
2016-01-25,2232.815,2838.244,2535.5295
2016-01-26,2365.3650000000002,2820.154,2592.7595
2016-01-27,2370.5,2814.478,2592.489
2016-01-28,2372.807,2822.412,2597.6094999999996
2016-01-29,2385.778,2828.6869999999994,2607.2324999999996
2016-01-30,2204.81,2399.5750000000003,2302.1925
2016-01-31,2109.942,2329.6259999999997,2219.7839999999997
2016-02-01,2270.3399999999997,2883.466,2576.903
2016-02-02,2397.117,2881.0899999999997,2639.1035
2016-02-03,2379.141,2839.2230000000004,2609.1820000000002
2016-02-04,2388.531,2841.325,2614.928
2016-02-05,2407.087,2844.759,2625.923
2016-02-06,2266.721,2433.213,2349.967
2016-02-07,2156.372,2345.95,2251.161
2016-02-08,2261.196,2829.4619999999995,2545.3289999999997
2016-02-09,2387.571,2842.1530000000002,2614.862
2016-02-10,2382.909,2851.4349999999995,2617.1719999999996
2016-02-11,2370.353,2886.939,2628.6459999999997
2016-02-12,2390.877,2879.92,2635.3985000000002
2016-02-13,2259.139,2434.613,2346.876
2016-02-14,2153.8199999999997,2364.1169999999997,2258.9685
2016-02-15,2146.159,2825.087,2485.623
2016-02-16,2359.5099999999998,2879.1789999999996,2619.3444999999997
2016-02-17,2374.714,2851.813,2613.2635
2016-02-18,2363.806,2870.9120000000003,2617.3590000000004
2016-02-19,2397.57,2898.4770000000003,2648.0235000000002
2016-02-20,2276.2180000000003,2467.62,2371.919
2016-02-21,2171.006,2380.736,2275.871
2016-02-22,2265.1800000000003,2848.342,2556.7610000000004
2016-02-23,2387.612,2856.6890000000003,2622.1505
2016-02-24,2374.005,2830.3859999999995,2602.1955
2016-02-25,2376.777,2844.007,2610.392
2016-02-26,2391.653,2826.072,2608.8625
2016-02-27,2255.143,2422.6420000000003,2338.8925
2016-02-28,2136.953,2347.107,2242.0299999999997
2016-02-29,2248.549,2866.8500000000004,2557.6995
2016-03-01,2399.868,2916.482,2658.175
2016-03-02,2394.18,2872.471,2633.3255
2016-03-03,2396.615,2931.047,2663.831
2016-03-04,2404.106,2874.382,2639.244
2016-03-05,2221.936,2429.4790000000003,2325.7075000000004
2016-03-06,2136.977,2331.2980000000002,2234.1375
2016-03-07,2257.985,2906.619,2582.302
2016-03-08,2410.738,2908.4880000000003,2659.6130000000003
2016-03-09,2414.5099999999998,2893.8690000000006,2654.1895000000004
2016-03-10,2404.288,2900.466,2652.377
2016-03-11,2421.467,2891.984,2656.7255
2016-03-12,2239.733,2450.568,2345.1505
2016-03-13,2204.835,2435.284,2320.0595000000003
2016-03-14,2298.3289999999997,3003.324,2650.8265
2016-03-15,2465.513,3009.579,2737.5460000000003
2016-03-16,2468.5989999999997,2984.9020000000005,2726.7505
2016-03-17,2470.7059999999997,2994.908,2732.807
2016-03-18,2485.8379999999997,2994.389,2740.1135
2016-03-19,2275.936,2466.1209999999996,2371.0285
2016-03-20,2180.496,2350.734,2265.615
2016-03-21,2289.259,2905.965,2597.612
2016-03-22,2420.004,2919.45,2669.727
2016-03-23,2448.259,2957.973,2703.116
2016-03-24,2441.319,2913.664,2677.4915
2016-03-25,2447.422,2903.709,2675.5654999999997
2016-03-26,2284.023,2475.063,2379.543
2016-03-27,2197.022,2406.988,2302.005
2016-03-28,2281.039,2941.6090000000004,2611.3240000000005
2016-03-29,2447.0,2938.554,2692.777
2016-03-30,2453.947,2963.1339999999996,2708.5405
2016-03-31,2475.556,3014.933,2745.2445
2016-04-01,2515.0969999999998,2969.4809999999998,2742.2889999999998
2016-04-02,2312.8469999999998,2515.622,2414.2344999999996
2016-04-03,2214.924,2420.786,2317.855
2016-04-04,2316.3689999999997,3014.7889999999998,2665.5789999999997
2016-04-05,2470.4390000000003,3015.0570000000002,2742.7480000000005
2016-04-06,2481.5470000000005,3015.7409999999995,2748.6440000000002
2016-04-07,2467.6659999999997,3036.634,2752.1499999999996
2016-04-08,2496.2059999999997,3012.876,2754.541
2016-04-09,2335.505,2552.2520000000004,2443.8785000000003
2016-04-10,2238.803,2465.844,2352.3235
2016-04-11,2361.412,3043.1560000000004,2702.284
2016-04-12,2516.848,3043.311,2780.0795
2016-04-13,2491.5009999999997,2996.762,2744.1315
2016-04-14,2484.3909999999996,3018.0849999999996,2751.2379999999994
2016-04-15,2499.2909999999997,3004.546,2751.9184999999998
2016-04-16,2350.604,2577.9529999999995,2464.2784999999994
2016-04-17,2270.3810000000003,2456.52,2363.4505
2016-04-18,2350.0319999999997,2993.797,2671.9145
2016-04-19,2495.862,3036.5229999999997,2766.1925
2016-04-20,2507.9539999999997,3023.847,2765.9004999999997
2016-04-21,2491.3940000000002,3000.323,2745.8585000000003
2016-04-22,2503.75,3045.402,2774.576
2016-04-23,2344.303,2579.947,2462.125
2016-04-24,2242.482,2437.7259999999997,2340.104
2016-04-25,2354.568,3082.522,2718.545
2016-04-26,2526.6319999999996,3078.065,2802.3485
2016-04-27,2505.877,3080.02,2792.9485
2016-04-28,2518.5299999999997,3081.079,2799.8045
2016-04-29,2556.201,3097.043,2826.6220000000003
2016-04-30,2400.7980000000002,2635.6440000000002,2518.2210000000005
2016-05-01,2370.1530000000002,2570.8559999999998,2470.5045
2016-05-02,2415.297,3083.792,2749.5445
2016-05-03,2545.8810000000003,3084.2639999999997,2815.0725
2016-05-04,2539.286,3109.7580000000003,2824.522
2016-05-05,2547.8370000000004,3149.4519999999998,2848.6445000000003
2016-05-06,2568.9210000000003,3133.866,2851.3935
2016-05-07,2418.2580000000003,2669.2400000000002,2543.7490000000003
2016-05-08,2324.571,2538.5350000000003,2431.553
2016-05-09,2440.1730000000002,3165.004,2802.5885
2016-05-10,2599.27,3191.7369999999996,2895.5035
2016-05-11,2608.3770000000004,3184.8059999999996,2896.5915
2016-05-12,2608.314,3203.396,2905.855
2016-05-13,2629.695,3189.395,2909.545
2016-05-14,2423.4519999999998,2710.385,2566.9184999999998
2016-05-15,2345.306,2526.7169999999996,2436.0114999999996
2016-05-16,2425.837,3094.8680000000004,2760.3525
2016-05-17,2574.797,3141.187,2857.992
2016-05-18,2583.692,3138.7879999999996,2861.24
2016-05-19,2566.1780000000003,3063.8509999999997,2815.0145
2016-05-20,2584.102,3123.0490000000004,2853.5755
2016-05-21,2430.573,2681.04,2555.8064999999997
2016-05-22,2355.687,2567.8940000000002,2461.7905
2016-05-23,2445.472,3178.443,2811.9575000000004
2016-05-24,2608.285,3191.6890000000003,2899.987
2016-05-25,2626.145,3219.634,2922.8895
2016-05-26,2636.603,3178.56,2907.5815000000002
2016-05-27,2626.567,3166.9,2896.7335000000003
2016-05-28,2451.1749999999997,2715.726,2583.4505
2016-05-29,2362.502,2593.516,2478.009
2016-05-30,2326.874,2639.116,2482.995
2016-05-31,2601.2090000000003,3196.928999999999,2899.0689999999995
2016-06-01,2647.6989999999996,3110.5070000000005,2879.103
2016-06-02,2648.322,3071.654,2859.9880000000003
2016-06-03,2638.742,3067.589,2853.1655
2016-06-04,2526.2790000000005,2740.179,2633.2290000000003
2016-06-05,2427.0879999999997,2626.1290000000004,2526.6085000000003
2016-06-06,2502.2329999999997,3091.1150000000002,2796.674
2016-06-07,2643.673,3120.395,2882.0339999999997
2016-06-08,2656.718,3125.064,2890.8909999999996
2016-06-09,2657.261,3124.3940000000002,2890.8275000000003
2016-06-10,2670.202,3148.2590000000005,2909.2305000000006
2016-06-11,2595.118,2859.996,2727.557
2016-06-12,2499.0930000000003,2685.1890000000003,2592.1410000000005
2016-06-13,2556.565,3171.426,2863.9955
2016-06-14,2691.108,3188.899,2940.0035
2016-06-15,2698.616,3202.7949999999996,2950.7055
2016-06-16,2702.8579999999997,3186.463,2944.6605
2016-06-17,2712.0670000000005,3197.689,2954.878
2016-06-18,2621.684,2866.252,2743.968
2016-06-19,2490.462,2713.96,2602.2110000000002
2016-06-20,2552.9909999999995,3174.0240000000003,2863.5074999999997
2016-06-21,2679.7019999999998,3156.719,2918.2105
2016-06-22,2684.9209999999994,3164.816,2924.8684999999996
2016-06-23,2682.164,3168.8689999999997,2925.5164999999997
2016-06-24,2688.846,3165.8059999999996,2927.326
2016-06-25,2611.263,2866.2419999999997,2738.7524999999996
2016-06-26,2506.527,2742.019,2624.273
2016-06-27,2561.6739999999995,3189.102,2875.388
2016-06-28,2687.585,3168.946999999999,2928.2659999999996
2016-06-29,2670.265,3148.6829999999995,2909.4739999999997
2016-06-30,2677.981,3165.902,2921.9415
2016-07-01,2677.852,3162.5710000000004,2920.2115000000003
2016-07-02,2548.773,2823.2610000000004,2686.0170000000003
2016-07-03,2467.524,2708.9429999999998,2588.2335
2016-07-04,2432.179,2800.699,2616.4390000000003
2016-07-05,2705.0099999999998,3192.94,2948.975
2016-07-06,2700.773,3189.343,2945.058
2016-07-07,2697.621,3188.5290000000005,2943.0750000000003
2016-07-08,2705.704,3201.16,2953.432
2016-07-09,2564.562,2839.218,2701.89
2016-07-10,2471.0080000000003,2692.745,2581.8765000000003
2016-07-11,2571.773,3194.3819999999996,2883.0775
2016-07-12,2693.883,3191.6659999999997,2942.7744999999995
2016-07-13,2702.533,3204.179,2953.3559999999998
2016-07-14,2700.971,3199.416,2950.1935000000003
2016-07-15,2704.473,3206.166,2955.3195
2016-07-16,2562.1139999999996,2828.3460000000005,2695.23
2016-07-17,2454.7059999999997,2699.692,2577.1989999999996
2016-07-18,2553.242,3173.781,2863.5115
2016-07-19,2676.941,3149.4559999999997,2913.1984999999995
2016-07-20,2672.6249999999995,3165.1450000000004,2918.885
2016-07-21,2677.906,3193.4500000000003,2935.678
2016-07-22,2697.332,3201.238,2949.285
2016-07-23,2569.77,2853.328,2711.549
2016-07-24,2468.181,2744.767,2606.474
2016-07-25,2563.5989999999997,3176.1579999999994,2869.8785
2016-07-26,2669.8469999999998,3113.115,2891.4809999999998
2016-07-27,2667.516,3113.7920000000004,2890.6540000000005
2016-07-28,2674.2889999999998,3143.376,2908.8325
2016-07-29,2682.426,3169.4189999999994,2925.9224999999997
2016-07-30,2555.3,2840.4670000000006,2697.8835000000004
2016-07-31,2463.52,2709.1749999999997,2586.3475
2016-08-01,2623.1009999999997,3287.465,2955.283
2016-08-02,2760.6299999999997,3285.6600000000003,3023.145
2016-08-03,2763.389,3286.446,3024.9175
2016-08-04,2763.7230000000004,3289.158,3026.4405
2016-08-05,2781.254,3293.719,3037.4865
2016-08-06,2701.33,2989.4680000000003,2845.3990000000003
2016-08-07,2604.0340000000006,2886.4049999999997,2745.2195
2016-08-08,2640.7680000000005,3313.4700000000003,2977.1190000000006
2016-08-09,2773.1659999999997,3317.954,3045.56
2016-08-10,2783.156,3319.626,3051.391
2016-08-11,2790.2099999999996,3318.902,3054.5559999999996
2016-08-12,2800.574,3306.743,3053.6585
2016-08-13,2693.0029999999997,2953.1400000000003,2823.0715
2016-08-14,2568.987,2766.211,2667.599
2016-08-15,2607.6200000000003,3186.9539999999997,2897.2870000000003
2016-08-16,2731.612,3170.999,2951.3055
2016-08-17,2724.632,3184.701,2954.6665000000003
2016-08-18,2726.083,3199.634,2962.8585000000003
2016-08-19,2747.1220000000003,3247.433,2997.2775
2016-08-20,2683.142,2946.6559999999995,2814.8989999999994
2016-08-21,2577.1059999999993,2758.487,2667.7964999999995
2016-08-22,2612.839,3208.0889999999995,2910.464
2016-08-23,2745.1249999999995,3258.265,3001.6949999999997
2016-08-24,2752.181,3257.8239999999996,3005.0024999999996
2016-08-25,2749.96,3231.411,2990.6855
2016-08-26,2748.669,3222.182,2985.4255
2016-08-27,2652.439,2923.31,2787.8745
2016-08-28,2553.7929999999997,2763.787,2658.79
2016-08-29,2600.437,3173.286,2886.8615
2016-08-30,2728.952,3209.7999999999997,2969.376
2016-08-31,2744.94,3253.251,2999.0955000000004
2016-09-01,2702.223,3213.0589999999997,2957.6409999999996
2016-09-02,2716.373,3215.0020000000004,2965.6875
2016-09-03,2599.134,2847.889,2723.5115
2016-09-04,2488.0150000000003,2712.8709999999996,2600.443
2016-09-05,2401.9579999999996,2665.581,2533.7695
2016-09-06,2700.0739999999996,3190.219,2945.1465
2016-09-07,2703.372,3193.706,2948.5389999999998
2016-09-08,2707.577,3201.7529999999997,2954.665
2016-09-09,2718.5159999999996,3189.9459999999995,2954.2309999999998
2016-09-10,2583.8319999999994,2818.9050000000007,2701.3685
2016-09-11,2469.85,2724.9469999999997,2597.3985
2016-09-12,2557.1730000000007,3174.432,2865.8025000000002
2016-09-13,2690.5950000000003,3181.465,2936.03
2016-09-14,2694.555,3177.893,2936.224
2016-09-15,2698.385,3184.6270000000004,2941.5060000000003
2016-09-16,2713.978,3185.0930000000003,2949.5355
2016-09-17,2601.439,2871.6440000000002,2736.5415000000003
2016-09-18,2504.7599999999998,2775.03,2639.895
2016-09-19,2589.778,3236.152,2912.965
2016-09-20,2716.6189999999997,3209.53,2963.0744999999997
2016-09-21,2702.109,3197.312,2949.7105
2016-09-22,2704.875,3186.0470000000005,2945.4610000000002
2016-09-23,2719.287,3184.5029999999997,2951.8949999999995
2016-09-24,2586.384,2837.957,2712.1705
2016-09-25,2485.53,2680.0380000000005,2582.7840000000006
2016-09-26,2553.944,3124.482,2839.2129999999997
2016-09-27,2670.059,3108.8540000000003,2889.4565000000002
2016-09-28,2661.968,3121.626,2891.797
2016-09-29,2654.7290000000003,3107.523,2881.126
2016-09-30,2619.747,3046.105,2832.926
2016-10-01,2438.349,2680.8030000000003,2559.576
2016-10-02,2341.749,2617.0,2479.3745
2016-10-03,2364.195,3096.63,2730.4125000000004
2016-10-04,2527.2219999999998,3129.49,2828.3559999999998
2016-10-05,2549.0399999999995,3150.58,2849.8099999999995
2016-10-06,2561.486,3151.7220000000007,2856.6040000000003
2016-10-07,2578.2419999999997,3147.3050000000003,2862.7735000000002
2016-10-08,2477.749,2744.138,2610.9435
2016-10-09,2348.31,2590.151,2469.2304999999997
2016-10-10,2324.462,3054.6240000000003,2689.543
2016-10-11,2510.3160000000003,3091.692,2801.004
2016-10-12,2533.226,3132.5319999999997,2832.879
2016-10-13,2548.0420000000004,3131.979,2840.0105000000003
2016-10-14,2570.676,3114.8089999999997,2842.7425
2016-10-15,2491.56,2763.3949999999995,2627.4775
2016-10-16,2390.8790000000004,2671.4249999999997,2531.152
2016-10-17,2408.574,3167.551,2788.0625
2016-10-18,2560.898,3178.9279999999994,2869.9129999999996
2016-10-19,2566.4270000000006,3155.433,2860.9300000000003
2016-10-20,2555.303,3106.7940000000003,2831.0485
2016-10-21,2511.2709999999997,3013.353,2762.312
2016-10-22,2406.879,2632.6510000000003,2519.7650000000003
2016-10-23,2319.197,2560.559,2439.878
2016-10-24,2342.004,3078.7760000000003,2710.3900000000003
2016-10-25,2500.3740000000003,3076.1910000000003,2788.2825000000003
2016-10-26,2503.391,3084.734,2794.0625
2016-10-27,2506.9870000000005,3078.8940000000002,2792.9405000000006
2016-10-28,2532.879,3083.4300000000003,2808.1545
2016-10-29,2451.933,2720.6499999999996,2586.2915
2016-10-30,2360.775,2610.1029999999996,2485.439
2016-10-31,2360.3379999999997,3081.6490000000003,2720.9935
2016-11-01,2506.7450000000003,3085.0219999999995,2795.8835
2016-11-02,2521.799,3104.964,2813.3815
2016-11-03,2530.8419999999996,3101.2960000000003,2816.069
2016-11-04,2548.546,3082.8959999999997,2815.7209999999995
2016-11-05,2396.591,2634.398,2515.4945
2016-11-06,2247.248,2461.717,2354.4825
2016-11-07,2304.7,2970.764,2637.732
2016-11-08,2438.576,2924.633,2681.6045
2016-11-09,2435.982,2940.436,2688.209
2016-11-10,2426.1099999999997,2914.564,2670.3369999999995
2016-11-11,2444.5460000000003,2924.7920000000004,2684.6690000000003
2016-11-12,2299.692,2533.277,2416.4845
2016-11-13,2216.092,2398.7650000000003,2307.4285
2016-11-14,2272.281,2948.043,2610.1620000000003
2016-11-15,2427.3149999999996,2981.299,2704.307
2016-11-16,2418.633,2970.9700000000003,2694.8015
2016-11-17,2430.658,3003.921,2717.2895
2016-11-18,2470.887,2996.069,2733.478
2016-11-19,2280.779,2473.902,2377.3405000000002
2016-11-20,2202.713,2386.2389999999996,2294.4759999999997
2016-11-21,2257.801,2925.574,2591.6875
2016-11-22,2397.954,2975.227,2686.5905000000002
2016-11-23,2446.1209999999996,2935.0729999999994,2690.5969999999998
2016-11-24,2065.895,2218.9759999999997,2142.4354999999996
2016-11-25,2049.803,2291.647,2170.725
2016-11-26,2283.1499999999996,2497.169,2390.1594999999998
2016-11-27,2210.153,2429.968,2320.0604999999996
2016-11-28,2302.905,2999.5950000000003,2651.25
2016-11-29,2452.873,2996.477,2724.675
2016-11-30,2438.34,2909.4619999999995,2673.901
2016-12-01,2364.629,2829.891,2597.26
2016-12-02,2390.8469999999998,2832.541,2611.694
2016-12-03,2241.592,2415.363,2328.4775
2016-12-04,2131.306,2326.435,2228.8705
2016-12-05,2254.822,2802.595,2528.7084999999997
2016-12-06,2378.7709999999997,2844.885,2611.828
2016-12-07,2380.976,2826.649,2603.8125
2016-12-08,2380.877,2813.447,2597.1620000000003
2016-12-09,2409.367,2833.4889999999996,2621.428
2016-12-10,2241.097,2412.512,2326.8045
2016-12-11,2138.526,2366.121,2252.3235
2016-12-12,2265.862,2852.866,2559.364
2016-12-13,2396.399,2889.955,2643.1769999999997
2016-12-14,2389.257,2824.385,2606.821
2016-12-15,2370.21,2824.2630000000004,2597.2365
2016-12-16,2378.09,2843.394,2610.742
2016-12-17,2267.5060000000003,2493.928,2380.717
2016-12-18,2142.21,2339.14,2240.675
2016-12-19,2259.603,2623.248,2441.4255000000003
2016-12-20,2362.134,2634.28,2498.2070000000003
2016-12-21,2345.979,2632.6339999999996,2489.3064999999997
2016-12-22,2358.625,2638.9690000000005,2498.7970000000005
2016-12-23,2316.126,2661.9990000000003,2489.0625
2016-12-24,2271.005,2474.0750000000003,2372.54
2016-12-25,2180.8469999999998,2406.3929999999996,2293.62
2016-12-26,1946.9189999999996,2127.124,2037.0214999999998
2016-12-27,2265.407,2583.0370000000003,2424.222
2016-12-28,2263.563,2582.6780000000003,2423.1205
2016-12-29,2241.444,2513.806,2377.625
2016-12-30,2193.795,2465.334,2329.5645
2016-12-31,2246.223,2427.79,2337.0065
2017-01-01,2122.6249999999995,2337.571,2230.098
2017-01-02,1940.204,2222.656,2081.43
2017-01-03,2372.48,2881.7329999999997,2627.1065
2017-01-04,2371.045,2814.02,2592.5325000000003
2017-01-05,2384.351,2824.002,2604.1765
2017-01-06,2420.5240000000003,2859.064,2639.794
2017-01-07,2271.0950000000003,2425.1629999999996,2348.129
2017-01-08,2153.1800000000003,2319.4579999999996,2236.319
2017-01-09,2267.212,2827.866,2547.5389999999998
2017-01-10,2376.614,2888.409,2632.5115
2017-01-11,2385.3250000000003,2903.603,2644.464
2017-01-12,2396.962,2923.244,2660.103
2017-01-13,2414.857,2903.651,2659.254
2017-01-14,2224.607,2420.738,2322.6724999999997
2017-01-15,2130.517,2342.9429999999998,2236.7299999999996
2017-01-16,2284.6749999999997,2861.468,2573.0715
2017-01-17,2398.653,2847.6149999999993,2623.1339999999996
2017-01-18,2384.258,2852.533,2618.3954999999996
2017-01-19,2371.3720000000003,2823.089,2597.2305
2017-01-20,2389.388,2867.7270000000003,2628.5575
2017-01-21,2226.466,2428.703,2327.5845
2017-01-22,2116.161,2309.764,2212.9625
2017-01-23,2231.8379999999997,2823.7380000000003,2527.788
2017-01-24,2364.348,2892.3990000000003,2628.3735
2017-01-25,2385.925,2882.0969999999998,2634.011
2017-01-26,2359.781,2813.973,2586.877
2017-01-27,2379.8410000000003,2811.379,2595.61
2017-01-28,2210.956,2378.476,2294.7160000000003
2017-01-29,2104.312,2294.403,2199.3575
2017-01-30,2237.105,2827.223,2532.1639999999998
2017-01-31,2352.6679999999997,2862.246,2607.457
2017-02-01,2385.509,2920.454,2652.9815
2017-02-02,2403.187,2887.8210000000004,2645.504
2017-02-03,2394.4610000000002,2839.114,2616.7875000000004
2017-02-04,2257.842,2443.442,2350.642
2017-02-05,2170.7830000000004,2400.584,2285.6835
2017-02-06,2268.736,2915.178,2591.957
2017-02-07,2423.634,2961.161,2692.3975
2017-02-08,2427.651,2963.487,2695.569
2017-02-09,2382.052,2860.96,2621.5060000000003
2017-02-10,2393.918,2887.8689999999997,2640.8935
2017-02-11,2291.337,2516.581,2403.959
2017-02-12,2203.147,2434.363,2318.755
2017-02-13,2276.92,2887.743,2582.3315000000002
2017-02-14,2404.362,2843.5660000000003,2623.964
2017-02-15,2377.5299999999997,2834.013,2605.7715
2017-02-16,2379.3079999999995,2843.5960000000005,2611.452
2017-02-17,2385.325,2830.774,2608.0495
2017-02-18,2268.727,2484.546,2376.6364999999996
2017-02-19,2181.087,2394.911,2287.999
2017-02-20,2164.06,2784.956,2474.508
2017-02-21,2376.023,2886.378,2631.2005
2017-02-22,2369.648,2909.4829999999997,2639.5654999999997
2017-02-23,2376.0130000000004,2914.2989999999995,2645.156
2017-02-24,2404.05,2918.627,2661.3385
2017-02-25,2248.6169999999997,2422.264,2335.4404999999997
2017-02-26,2142.939,2362.1699999999996,2252.5544999999997
2017-02-27,2251.51,2917.761,2584.6355000000003
2017-02-28,2418.0260000000003,2951.73,2684.878
2017-03-01,2450.106,2975.7490000000003,2712.9275000000002
2017-03-02,2377.68,2858.0989999999997,2617.8894999999998
2017-03-03,2404.245,2862.2790000000005,2633.262
2017-03-04,2222.897,2422.022,2322.4595
2017-03-05,2154.614,2349.554,2252.084
2017-03-06,2265.858,2939.344,2602.601
2017-03-07,2429.014,2954.579,2691.7965000000004
2017-03-08,2403.2059999999997,2892.656,2647.9309999999996
2017-03-09,2411.0339999999997,2931.936,2671.4849999999997
2017-03-10,2437.5460000000003,2932.2329999999997,2684.8895
2017-03-11,2239.799,2456.797,2348.298
2017-03-12,2177.585,2364.898,2271.2415
2017-03-13,2299.947,2918.4690000000005,2609.2080000000005
2017-03-14,2442.297,2910.3990000000003,2676.348
2017-03-15,2441.3450000000003,2917.84,2679.5925
2017-03-16,2440.146,2957.978,2699.062
2017-03-17,2465.984,2987.7610000000004,2726.8725000000004
2017-03-18,2317.25,2558.537,2437.8935
2017-03-19,2212.129,2461.395,2336.7619999999997
2017-03-20,2324.5490000000004,3031.925,2678.237
2017-03-21,2464.4300000000003,3029.5250000000005,2746.9775000000004
2017-03-22,2462.4179999999997,3027.58,2744.999
2017-03-23,2464.53,3028.003,2746.2665
2017-03-24,2505.3859999999995,3002.8530000000005,2754.1195
2017-03-25,2326.145,2550.662,2438.4035
2017-03-26,2230.741,2461.797,2346.2690000000002
2017-03-27,2341.068,3049.7000000000003,2695.384
2017-03-28,2489.587,3046.879,2768.233
2017-03-29,2494.081,3007.0319999999997,2750.5564999999997
2017-03-30,2442.613,2961.644,2702.1285
2017-03-31,2449.611,3011.628,2730.6195
2017-04-01,2372.227,2599.5800000000004,2485.9035000000003
2017-04-02,2298.4139999999998,2495.5609999999997,2396.9874999999997
2017-04-03,2348.004,3079.5969999999998,2713.8005
2017-04-04,2503.7960000000003,3103.8289999999997,2803.8125
2017-04-05,2495.7670000000003,3018.148,2756.9575000000004
2017-04-06,2472.88,3016.84,2744.86
2017-04-07,2493.051,3019.846,2756.4485
2017-04-08,2339.659,2593.916,2466.7875000000004
2017-04-09,2259.257,2494.098,2376.6775
2017-04-10,2382.168,3073.7290000000003,2727.9485000000004
2017-04-11,2504.8930000000005,3021.016,2762.9545000000003
2017-04-12,2496.3390000000004,3033.694,2765.0165
2017-04-13,2505.035,3056.432,2780.7335
2017-04-14,2520.5879999999997,3059.1829999999995,2789.8854999999994
2017-04-15,2375.213,2616.4699999999993,2495.8414999999995
2017-04-16,2279.289,2518.341,2398.815
2017-04-17,2374.1899999999996,3085.801,2729.9955
2017-04-18,2517.9139999999998,3032.1730000000002,2775.0434999999998
2017-04-19,2514.817,3079.25,2797.0335
2017-04-20,2522.4900000000002,3096.5910000000003,2809.5405
2017-04-21,2550.827,3107.359,2829.093
2017-04-22,2354.189,2611.1380000000004,2482.6635
2017-04-23,2228.918,2426.094,2327.5060000000003
2017-04-24,2319.466,3023.665,2671.5654999999997
2017-04-25,2488.842,3080.9690000000005,2784.9055000000003
2017-04-26,2539.8250000000003,3113.7410000000004,2826.7830000000004
2017-04-27,2476.237,3025.662,2750.9494999999997
2017-04-28,2554.361,3124.166,2839.2635
2017-04-29,2429.058,2671.632,2550.3450000000003
2017-04-30,2241.436,2443.1669999999995,2342.3014999999996
2017-05-01,2390.938,3160.562,2775.75
2017-05-02,2557.567,3181.236,2869.4015
2017-05-03,2612.515,3178.794,2895.6544999999996
2017-05-04,2549.798,3095.137,2822.4674999999997
2017-05-05,2559.9099999999994,3110.616,2835.263
2017-05-06,2394.84,2681.9700000000003,2538.405
2017-05-07,2310.84,2565.6929999999998,2438.2664999999997
2017-05-08,2418.64,3168.1770000000006,2793.4085000000005
2017-05-09,2583.8169999999996,3164.324,2874.0705
2017-05-10,2601.991,3176.106,2889.0485
2017-05-11,2615.815,3191.318,2903.5665
2017-05-12,2640.381,3188.1370000000006,2914.259
2017-05-13,2437.668,2708.8379999999997,2573.2529999999997
2017-05-14,2337.223,2590.214,2463.7185
2017-05-15,2426.87,3195.13,2811.0
2017-05-16,2600.375,3195.9999999999995,2898.1875
2017-05-17,2620.828,3197.9,2909.364
2017-05-18,2635.9589999999994,3230.703,2933.3309999999997
2017-05-19,2663.0910000000003,3236.9280000000003,2950.0095
2017-05-20,2502.662,2761.44,2632.051
2017-05-21,2391.426,2596.2599999999998,2493.843
2017-05-22,2459.635,3139.584,2799.6095
2017-05-23,2585.0,3153.8170000000005,2869.4085000000005
2017-05-24,2555.2980000000002,3132.954,2844.126
2017-05-25,2569.418,3196.531,2882.9745000000003
2017-05-26,2637.0,3220.5190000000002,2928.7595
2017-05-27,2514.329,2778.5910000000003,2646.46
2017-05-28,2417.9359999999997,2645.9970000000003,2531.9665
2017-05-29,2346.648,2621.7300000000005,2484.1890000000003
2017-05-30,2608.675,3202.043,2905.3590000000004
2017-05-31,2610.5480000000002,3195.613,2903.0805
2017-06-01,2653.595,3089.9060000000004,2871.7505
2017-06-02,2670.132,3130.2230000000004,2900.1775000000002
2017-06-03,2581.734,2845.4840000000004,2713.6090000000004
2017-06-04,2478.414,2662.1090000000004,2570.2615000000005
2017-06-05,2517.2279999999996,3089.5609999999997,2803.3944999999994
2017-06-06,2641.466,3107.175,2874.3205
2017-06-07,2651.276,3147.8019999999997,2899.5389999999998
2017-06-08,2652.1479999999997,3108.9569999999994,2880.5525
2017-06-09,2657.576,3114.53,2886.053
2017-06-10,2562.4280000000003,2811.2529999999997,2686.8405000000002
2017-06-11,2461.946,2715.7940000000003,2588.87
2017-06-12,2542.7520000000004,3156.86,2849.8060000000005
2017-06-13,2683.461,3161.024,2922.2425
2017-06-14,2686.9999999999995,3184.0649999999996,2935.5324999999993
2017-06-15,2691.774,3187.059,2939.4165000000003
2017-06-16,2702.9449999999997,3195.2340000000004,2949.0895
2017-06-17,2622.737,2879.716,2751.2264999999998
2017-06-18,2517.362,2760.388,2638.875
2017-06-19,2564.734,3196.523,2880.6285
2017-06-20,2693.7160000000003,3201.2999999999997,2947.508
2017-06-21,2679.5720000000006,3141.784,2910.6780000000003
2017-06-22,2673.272,3127.435,2900.3535
2017-06-23,2703.045,3210.757,2956.901
2017-06-24,2594.754,2819.5830000000005,2707.1685
2017-06-25,2478.003,2683.194,2580.5985
2017-06-26,2533.165,3111.491,2822.328
2017-06-27,2662.198,3103.707,2882.9525
2017-06-28,2656.726,3119.6789999999996,2888.2025
2017-06-29,2663.1089999999995,3145.864,2904.4865
2017-06-30,2707.2270000000003,3203.184,2955.2055
2017-07-01,2557.9269999999997,2817.977,2687.9519999999998
2017-07-02,2451.778,2686.01,2568.8940000000002
2017-07-03,2553.058,3180.6780000000003,2866.8680000000004
2017-07-04,2509.0220000000004,2781.7590000000005,2645.3905000000004
2017-07-05,2679.6659999999997,3180.78,2930.223
2017-07-06,2675.934,3169.766,2922.8500000000004
2017-07-07,2682.6630000000005,3187.034,2934.8485
2017-07-08,2554.339,2826.0850000000005,2690.2120000000004
2017-07-09,2445.43,2674.487,2559.9584999999997
2017-07-10,2532.551,3089.269,2810.91
2017-07-11,2657.318,3152.7270000000003,2905.0225
2017-07-12,2663.466,3145.7999999999997,2904.633
2017-07-13,2667.738,3159.84,2913.7889999999998
2017-07-14,2682.768,3189.2460000000005,2936.0070000000005
2017-07-15,2517.31,2803.0930000000003,2660.2015
2017-07-16,2428.846,2655.111,2541.9785
2017-07-17,2537.548,3155.8810000000003,2846.7145
2017-07-18,2668.847,3142.8949999999995,2905.871
2017-07-19,2668.273,3161.573,2914.923
2017-07-20,2677.4149999999995,3196.0750000000003,2936.745
2017-07-21,2692.82,3207.172,2949.996
2017-07-22,2559.001,2838.205,2698.603
2017-07-23,2465.31,2699.736,2582.523
2017-07-24,2565.922,3196.4230000000002,2881.1725
2017-07-25,2691.243,3191.125,2941.184
2017-07-26,2689.8289999999997,3191.678,2940.7535
2017-07-27,2684.1569999999997,3202.969,2943.563
2017-07-28,2702.9489999999996,3221.0609999999997,2962.0049999999997
2017-07-29,2581.689,2875.4170000000004,2728.553
2017-07-30,2477.415,2721.1279999999997,2599.2715
2017-07-31,2548.487,3168.5209999999997,2858.504
2017-08-01,2744.313,3253.153,2998.733
2017-08-02,2740.498,3219.6369999999997,2980.0675
2017-08-03,2730.395,3187.482,2958.9385
2017-08-04,2746.523,3244.458,2995.4905
2017-08-05,2677.481,2930.8830000000003,2804.1820000000002
2017-08-06,2584.331,2827.7710000000006,2706.0510000000004
2017-08-07,2637.662,3215.584,2926.6229999999996
2017-08-08,2736.1330000000003,3196.179,2966.156
2017-08-09,2738.017,3229.843,2983.93
2017-08-10,2748.125,3285.774,3016.9494999999997
2017-08-11,2772.1030000000005,3295.9429999999998,3034.023
2017-08-12,2708.175,2999.6510000000003,2853.9130000000005
2017-08-13,2601.2200000000003,2871.9979999999996,2736.609
2017-08-14,2650.467,3302.9260000000004,2976.6965
2017-08-15,2779.023,3301.484,3040.2535
2017-08-16,2789.485,3313.907,3051.696
2017-08-17,2793.315,3314.9950000000003,3054.155
2017-08-18,2793.858,3320.4199999999996,3057.139
2017-08-19,2709.447,3008.534,2858.9905
2017-08-20,2596.091,2871.3689999999997,2733.7299999999996
2017-08-21,2638.894,3286.252,2962.573
2017-08-22,2761.169,3279.727,3020.448
2017-08-23,2759.672,3272.1690000000003,3015.9205
2017-08-24,2757.142,3264.6620000000003,3010.902
2017-08-25,2760.7799999999997,3194.97,2977.875
2017-08-26,2663.5119999999997,2892.148,2777.83
2017-08-27,2549.5190000000002,2712.0489999999995,2630.7839999999997
2017-08-28,2583.536,3132.3199999999997,2857.928
2017-08-29,2699.708,3127.4170000000004,2913.5625
2017-08-30,2699.2569999999996,3183.8140000000003,2941.5355
2017-08-31,2718.518,3233.777,2976.1475
2017-09-01,2685.041,3175.8249999999994,2930.433
2017-09-02,2579.1980000000003,2840.841,2710.0195000000003
2017-09-03,2475.34,2713.559,2594.4495
2017-09-04,2384.925,2658.897,2521.911
2017-09-05,2686.24,3185.5769999999998,2935.9084999999995
2017-09-06,2678.51,3113.2760000000003,2895.893
2017-09-07,2638.0609999999997,3081.295,2859.678
2017-09-08,2635.6720000000005,3096.9,2866.286
2017-09-09,2523.386,2775.1119999999996,2649.249
2017-09-10,2421.806,2667.786,2544.7960000000003
2017-09-11,2510.033,3096.316,2803.1745
2017-09-12,2624.576,3106.033,2865.3045
2017-09-13,2650.377,3129.7889999999998,2890.0829999999996
2017-09-14,2659.247,3164.8959999999993,2912.0714999999996
2017-09-15,2681.437,3172.482,2926.9595
2017-09-16,2572.078,2845.417,2708.7475
2017-09-17,2473.287,2731.7470000000003,2602.517
2017-09-18,2568.739,3173.6319999999996,2871.1854999999996
2017-09-19,2698.924,3204.442,2951.683
2017-09-20,2712.618,3217.385,2965.0015000000003
2017-09-21,2711.158,3176.6850000000004,2943.9215000000004
2017-09-22,2704.075,3179.812,2941.9435
2017-09-23,2582.526,2852.4519999999998,2717.4889999999996
2017-09-24,2482.584,2712.21,2597.397
2017-09-25,2563.725,3181.388,2872.5564999999997
2017-09-26,2691.9919999999997,3163.3990000000003,2927.6955
2017-09-27,2700.767,3177.973,2939.37
2017-09-28,2699.0049999999997,3197.398,2948.2015
2017-09-29,2703.679,3187.411,2945.545
2017-09-30,2570.721,2821.658,2696.1895
2017-10-01,2372.1150000000002,2662.5969999999998,2517.3559999999998
2017-10-02,2404.323,3147.8240000000005,2776.0735000000004
2017-10-03,2570.135,3124.104,2847.1195
2017-10-04,2563.561,3153.8369999999995,2858.6989999999996
2017-10-05,2556.5389999999998,3133.759,2845.149
2017-10-06,2559.9320000000002,3124.444,2842.188
2017-10-07,2493.448,2765.165,2629.3064999999997
2017-10-08,2398.4939999999997,2698.21,2548.352
2017-10-09,2420.013,3209.0640000000003,2814.5385
2017-10-10,2570.595,3082.119,2826.357
2017-10-11,2521.84,3070.099,2795.9695
2017-10-12,2513.3330000000005,3132.813,2823.0730000000003
2017-10-13,2560.684,3158.388,2859.536
2017-10-14,2508.513,2782.6020000000003,2645.5575
2017-10-15,2398.226,2649.605,2523.9155
2017-10-16,2349.169,3037.1769999999997,2693.173
2017-10-17,2476.7500000000005,3015.527,2746.1385
2017-10-18,2475.792,3045.7479999999996,2760.7699999999995
2017-10-19,2494.1839999999997,3084.546,2789.365
2017-10-20,2549.3970000000004,3086.4790000000003,2817.938
2017-10-21,2491.993,2764.5280000000002,2628.2605000000003
2017-10-22,2384.225,2552.556,2468.3905
2017-10-23,2334.259,3037.071,2685.665
2017-10-24,2487.351,3023.4239999999995,2755.3875
2017-10-25,2469.0170000000007,3007.6339999999996,2738.3255
2017-10-26,2478.231,3051.271,2764.751
2017-10-27,2525.848,2983.772,2754.81
2017-10-28,2400.782,2597.86,2499.321
2017-10-29,2315.908,2498.145,2407.0265
2017-10-30,2314.9779999999996,3027.732,2671.3549999999996
2017-10-31,2495.332,3026.019,2760.6755
2017-11-01,2485.983,3051.2409999999995,2768.612
2017-11-02,2518.9069999999997,3116.148,2817.5275
2017-11-03,2561.9500000000003,3106.5730000000003,2834.2615000000005
2017-11-04,2421.768,2679.946,2550.857
2017-11-05,2283.27,2521.741,2402.5055
2017-11-06,2341.897,3066.505,2704.201
2017-11-07,2486.368,3047.698,2767.033
2017-11-08,2439.4,2868.0530000000003,2653.7265
2017-11-09,2414.0710000000004,2881.0,2647.5355
2017-11-10,2427.16,2884.245,2655.7025
2017-11-11,2296.8179999999998,2521.652,2409.2349999999997
2017-11-12,2219.875,2431.812,2325.8435
2017-11-13,2286.162,2954.748,2620.455
2017-11-14,2429.965,2946.246,2688.1055
2017-11-15,2427.142,2967.751,2697.4465
2017-11-16,2447.244,2981.08,2714.1620000000003
2017-11-17,2475.31,3014.1299999999997,2744.72
2017-11-18,2320.685,2592.817,2456.751
2017-11-19,2192.187,2387.296,2289.7415
2017-11-20,2269.404,2897.06,2583.232
2017-11-21,2419.45,2936.441,2677.9455
2017-11-22,2425.154,2896.337,2660.7455
2017-11-23,2067.547,2204.524,2136.0355
2017-11-24,2038.585,2270.812,2154.6985
2017-11-25,2294.7780000000002,2526.1110000000003,2410.4445000000005
2017-11-26,2211.04,2413.5199999999995,2312.2799999999997
2017-11-27,2269.26,2922.595,2595.9275
2017-11-28,2416.637,2932.6009999999997,2674.6189999999997
2017-11-29,2428.475,2926.496,2677.4855
2017-11-30,2418.857,2936.9539999999997,2677.9055
2017-12-01,2380.7560000000003,2852.89,2616.8230000000003
2017-12-02,2237.293,2436.818,2337.0555000000004
2017-12-03,2145.3520000000003,2358.542,2251.947
2017-12-04,2260.005,2909.4830000000006,2584.7440000000006
2017-12-05,2403.867,2850.036,2626.9515
2017-12-06,2376.1839999999997,2816.284,2596.234
2017-12-07,2398.605,2824.977,2611.791
2017-12-08,2433.099,2861.816,2647.4575
2017-12-09,2263.676,2413.842,2338.759
2017-12-10,2150.677,2322.258,2236.4674999999997
2017-12-11,2252.033,2829.8680000000004,2540.9505
2017-12-12,2379.12,2834.7039999999997,2606.912
2017-12-13,2376.2149999999997,2827.3039999999996,2601.7594999999997
2017-12-14,2382.31,2836.871,2609.5905000000002
2017-12-15,2396.2780000000002,2819.3750000000005,2607.8265
2017-12-16,2242.008,2413.373,2327.6904999999997
2017-12-17,2140.236,2329.2239999999997,2234.7299999999996
2017-12-18,2229.232,2599.0510000000004,2414.1415
2017-12-19,2350.244,2682.7810000000004,2516.5125000000003
2017-12-20,2351.1910000000003,2678.336,2514.7635
2017-12-21,2357.156,2670.1510000000003,2513.6535000000003
2017-12-22,2310.5009999999997,2680.588,2495.5445
2017-12-23,2235.342,2404.401,2319.8715
2017-12-24,2144.53,2320.054,2232.2920000000004
2017-12-25,1887.099,2044.206,1965.6525
2017-12-26,2226.523,2472.235,2349.379
2017-12-27,2237.582,2477.728,2357.6549999999997
2017-12-28,2246.027,2480.2490000000003,2363.138
2017-12-29,2203.778,2469.3940000000002,2336.5860000000002
2017-12-30,2246.752,2419.017,2332.8845
2017-12-31,2142.27,2325.4500000000003,2233.86
2018-01-01,1941.8149999999998,2219.163,2080.489
2018-01-01,1941.8149999999998,2219.163,2080.489
2018-01-02,2435.909,2865.97,2650.9395
2018-01-03,2432.835,2858.4429999999998,2645.639
2018-01-04,2414.422,2842.4269999999997,2628.4245
2018-01-05,2413.064,2835.536,2624.3
2018-01-06,2219.684,2384.879,2302.2815
2018-01-07,2117.6349999999998,2310.888,2214.2614999999996
2018-01-08,2251.3,2824.3470000000007,2537.8235000000004
2018-01-09,2372.739,2817.696,2595.2174999999997
2018-01-10,2380.3999999999996,2833.8070000000002,2607.1035
2018-01-11,2370.6730000000002,2836.99,2603.8315000000002
2018-01-12,2399.528,2836.0519999999997,2617.79
2018-01-13,2244.042,2395.197,2319.6195
2018-01-14,2136.953,2308.9139999999998,2222.9335
2018-01-15,2266.223,2784.449,2525.3360000000002
2018-01-16,2405.689,2858.5400000000004,2632.1145
2018-01-17,2431.932,2872.034,2651.983
2018-01-18,2433.822,2862.6000000000004,2648.2110000000002
2018-01-19,2414.487,2835.941,2625.214
2018-01-20,2198.168,2388.1859999999997,2293.1769999999997
2018-01-21,2118.5179999999996,2324.092,2221.305
2018-01-22,2249.415,2820.0329999999994,2534.7239999999997
2018-01-23,2359.329,2823.603,2591.4660000000003
2018-01-24,2366.666,2822.562,2594.614
2018-01-25,2371.0420000000004,2824.308,2597.675
2018-01-26,2390.969,2830.147,2610.558
2018-01-27,2212.748,2388.4120000000003,2300.58
2018-01-28,2103.559,2294.626,2199.0925
2018-01-29,2231.835,2811.9870000000005,2521.911
2018-01-30,2362.565,2815.5860000000002,2589.0755
2018-01-31,2366.213,2833.909,2600.061
2018-02-01,2375.258,2903.758,2639.508
2018-02-02,2397.953,2839.643,2618.798
2018-02-03,2259.119,2438.512,2348.8155
2018-02-04,2156.278,2353.054,2254.666
2018-02-05,2256.244,2831.2440000000006,2543.7440000000006
2018-02-06,2385.5099999999998,2883.731,2634.6205
2018-02-07,2382.8940000000002,2832.988,2607.941
2018-02-08,2391.272,2834.6609999999996,2612.9664999999995
2018-02-09,2383.012,2841.6820000000002,2612.347
2018-02-10,2265.9100000000003,2451.666,2358.7880000000005
2018-02-11,2158.429,2351.744,2255.0865000000003
2018-02-12,2276.994,2829.0190000000002,2553.0065000000004
2018-02-13,2400.272,2831.977,2616.1245
2018-02-14,2365.362,2885.66,2625.511
2018-02-15,2375.607,2911.0989999999997,2643.353
2018-02-16,2416.0,2910.5060000000003,2663.253
2018-02-17,2265.878,2467.445,2366.6615
2018-02-18,2162.896,2383.773,2273.3345
2018-02-19,2166.3340000000003,2868.701,2517.5175
2018-02-20,2415.2219999999998,2931.6189999999997,2673.4204999999997
2018-02-21,2412.533,2851.4660000000003,2631.9995
2018-02-22,2378.0,2840.7770000000005,2609.3885
2018-02-23,2391.705,2898.087,2644.8959999999997
2018-02-24,2298.07,2506.453,2402.2615
2018-02-25,2172.5840000000003,2350.173,2261.3785
2018-02-26,2249.7259999999997,2848.3880000000004,2549.057
2018-02-27,2375.879,2911.708,2643.7934999999998
2018-02-28,2411.338,2955.6479999999997,2683.493
2018-03-01,2425.416,2953.555,2689.4855
2018-03-02,2418.3779999999997,2890.4519999999998,2654.415
2018-03-03,2240.145,2448.097,2344.121
2018-03-04,2160.031,2372.397,2266.214
2018-03-05,2283.75,2960.4810000000007,2622.1155000000003
2018-03-06,2393.674,2886.367,2640.0205
2018-03-07,2382.4,2855.58,2618.99
2018-03-08,2388.17,2857.272,2622.721
2018-03-09,2399.3750000000005,2879.914,2639.6445000000003
2018-03-10,2256.795,2498.8680000000004,2377.8315000000002
2018-03-11,2242.685,2406.56,2324.6225
2018-03-12,2284.4500000000003,2915.3890000000006,2599.9195000000004
2018-03-13,2437.761,2916.707,2677.234
2018-03-14,2437.721,2922.2789999999995,2680.0
2018-03-15,2433.6369999999997,2945.228,2689.4325
2018-03-16,2471.8290000000006,3003.9449999999997,2737.887
2018-03-17,2338.654,2560.227,2449.4404999999997
2018-03-18,2248.1040000000003,2466.3300000000004,2357.2170000000006
2018-03-19,2348.913,3053.7990000000004,2701.356
2018-03-20,2438.736,2945.826,2692.281
2018-03-21,2427.287,2937.1530000000002,2682.2200000000003
2018-03-22,2431.505,2947.602,2689.5535
2018-03-23,2461.3590000000004,2977.5179999999996,2719.4385
2018-03-24,2327.4139999999998,2549.446,2438.43
2018-03-25,2225.6389999999997,2446.375,2336.0069999999996
2018-03-26,2330.2999999999997,3032.469,2681.3845
2018-03-27,2489.07,3021.3199999999997,2755.1949999999997
2018-03-28,2482.259,3002.107,2742.183
2018-03-29,2441.006,2979.6309999999994,2710.3184999999994
2018-03-30,2460.3559999999998,2961.1499999999996,2710.7529999999997
2018-03-31,2299.2790000000005,2516.7900000000004,2408.0345000000007
2018-04-01,2248.175,2488.221,2368.1980000000003
2018-04-02,2373.056,3092.766,2732.911
2018-04-03,2537.713,3088.1929999999998,2812.953
2018-04-04,2485.602,2998.862,2742.232
2018-04-05,2481.981,3000.436,2741.2085
2018-04-06,2525.095,3060.884,2792.9894999999997
2018-04-07,2322.442,2509.7670000000003,2416.1045000000004
2018-04-08,2216.019,2392.678,2304.3485
2018-04-09,2336.495,2960.178,2648.3365
2018-04-10,2464.8139999999994,3007.4429999999998,2736.1285
2018-04-11,2464.509,3011.301,2737.9049999999997
2018-04-12,2475.355,3052.516,2763.9355
2018-04-13,2542.054,3077.017,2809.5355
2018-04-14,2307.4629999999997,2507.3039999999996,2407.3835
2018-04-15,2214.502,2396.0969999999998,2305.2995
2018-04-16,2309.503,3006.082,2657.7925
2018-04-17,2463.755,3044.826,2754.2905
2018-04-18,2502.961,3058.527,2780.7439999999997
2018-04-19,2487.8920000000003,3019.3840000000005,2753.6380000000004
2018-04-20,2496.046,2952.8450000000003,2724.4455
2018-04-21,2341.5440000000003,2551.4809999999998,2446.5125
2018-04-22,2237.421,2431.302,2334.3615
2018-04-23,2314.335,3027.4900000000002,2670.9125000000004
2018-04-24,2463.936,3049.752,2756.844
2018-04-25,2483.8749999999995,3066.9839999999995,2775.4294999999993
2018-04-26,2469.192,2999.585,2734.3885
2018-04-27,2487.945,3010.4629999999997,2749.2039999999997
2018-04-28,2332.1639999999998,2588.1839999999997,2460.174
2018-04-29,2227.504,2466.723,2347.1135
2018-04-30,2332.247,3047.377,2689.812
2018-05-01,2584.817,3144.992,2864.9045
2018-05-02,2604.427,3189.388,2896.9075000000003
2018-05-03,2617.5809999999997,3192.4199999999996,2905.0004999999996
2018-05-04,2639.6950000000006,3166.3959999999997,2903.0455
2018-05-05,2429.402,2682.233,2555.8175
2018-05-06,2327.604,2604.037,2465.8205
2018-05-07,2422.782,3217.943,2820.3625
2018-05-08,2584.1059999999998,3209.439,2896.7725
2018-05-09,2587.5399999999995,3199.29,2893.415
2018-05-10,2585.8730000000005,3199.987,2892.9300000000003
2018-05-11,2626.586,3207.164,2916.875
2018-05-12,2476.911,2730.4970000000003,2603.704
2018-05-13,2374.716,2629.041,2501.8785
2018-05-14,2461.576,3226.885,2844.2305
2018-05-15,2602.39,3227.915,2915.1525
2018-05-16,2605.92,3245.1540000000005,2925.5370000000003
2018-05-17,2623.065,3264.1119999999996,2943.5885
2018-05-18,2651.084,3238.3379999999997,2944.711
2018-05-19,2494.276,2759.732,2627.004
2018-05-20,2382.273,2598.049,2490.161
2018-05-21,2459.147,3183.4610000000002,2821.304
2018-05-22,2600.661,3206.8920000000003,2903.7765
2018-05-23,2608.239,3176.253,2892.246
2018-05-24,2607.438,3205.915,2906.6765
2018-05-25,2633.398,3217.5280000000002,2925.463
2018-05-26,2487.958,2762.25,2625.1040000000003
2018-05-27,2378.248,2640.883,2509.5654999999997
2018-05-28,2352.873,2723.1820000000002,2538.0275
2018-05-29,2638.478,3277.131,2957.8045
2018-05-30,2637.362,3271.639,2954.5005
2018-05-31,2649.7999999999997,3281.4859999999994,2965.6429999999996
2018-06-01,2701.4,3210.125,2955.7625
2018-06-02,2620.58,2891.043,2755.8115
2018-06-03,2503.264,2771.356,2637.3100000000004
2018-06-04,2557.279,3183.7500000000005,2870.5145
2018-06-05,2689.4990000000003,3197.328,2943.4135
2018-06-06,2689.8679999999995,3197.3329999999996,2943.6004999999996
2018-06-07,2683.261,3182.939,2933.1
2018-06-08,2695.0589999999997,3196.781,2945.92
2018-06-09,2605.279,2858.831,2732.0550000000003
2018-06-10,2521.269,2760.87,2641.0694999999996
2018-06-11,2580.4930000000004,3202.625,2891.559
2018-06-12,2709.943,3214.3920000000003,2962.1675000000005
2018-06-13,2696.737,3205.9069999999997,2951.322
2018-06-14,2691.1759999999995,3179.0340000000006,2935.105
2018-06-15,2695.4900000000002,3194.0300000000007,2944.76
2018-06-16,2610.889,2887.565,2749.227
2018-06-17,2501.884,2691.436,2596.66
2018-06-18,2543.1380000000004,3102.777,2822.9575000000004
2018-06-19,2659.158,3096.3390000000004,2877.7485
2018-06-20,2661.203,3130.147,2895.675
2018-06-21,2667.54,3122.696,2895.118
2018-06-22,2692.4970000000003,3183.9410000000003,2938.219
2018-06-23,2613.014,2879.919,2746.4665
2018-06-24,2520.191,2747.261,2633.7259999999997
2018-06-25,2577.664,3171.415,2874.5395
2018-06-26,2693.1620000000003,3189.549,2941.3555
2018-06-27,2695.438,3194.8749999999995,2945.1565
2018-06-28,2703.0899999999997,3192.365,2947.7275
2018-06-29,2715.1790000000005,3212.5170000000003,2963.8480000000004
2018-06-30,2631.726,2887.395,2759.5605
2018-07-01,2452.8109999999997,2700.5840000000003,2576.6975
2018-07-02,2552.66,3178.062,2865.361
2018-07-03,2672.523,3158.3880000000004,2915.4555
2018-07-04,2479.964,2641.5190000000002,2560.7415
2018-07-05,2642.413,3106.8289999999997,2874.621
2018-07-06,2659.0809999999997,3132.0570000000007,2895.5690000000004
2018-07-07,2524.371,2783.4660000000003,2653.9185
2018-07-08,2417.52,2588.009,2502.7645
2018-07-09,2521.268,3090.49,2805.879
2018-07-10,2648.606,3136.591,2892.5985
2018-07-11,2664.238,3162.5110000000004,2913.3745
2018-07-12,2672.1349999999998,3165.596,2918.8655
2018-07-13,2683.686,3176.3649999999993,2930.0254999999997
2018-07-14,2555.8889999999997,2821.5040000000004,2688.6965
2018-07-15,2453.748,2704.81,2579.279
2018-07-16,2551.09,3188.7439999999997,2869.917
2018-07-17,2679.2059999999997,3175.524,2927.365
2018-07-18,2684.447,3184.971,2934.709
2018-07-19,2688.5620000000004,3193.65,2941.106
2018-07-20,2702.9150000000004,3206.3860000000004,2954.6505000000006
2018-07-21,2574.889,2845.082,2709.9855
2018-07-22,2470.151,2732.4449999999997,2601.298
2018-07-23,2567.212,3220.211,2893.7115
2018-07-24,2703.8929999999996,3180.658,2942.2754999999997
2018-07-25,2677.125,3186.738,2931.9314999999997
2018-07-26,2671.7049999999995,3206.318,2939.0114999999996
2018-07-27,2685.535,3200.299,2942.917
2018-07-28,2561.721,2846.2239999999997,2703.9725
2018-07-29,2462.4990000000003,2737.742,2600.1205
2018-07-30,2570.3650000000002,3213.161,2891.763
2018-07-31,2693.359,3120.089,2906.724
2018-08-01,2726.362,3233.6189999999997,2979.9905
2018-08-02,2726.278,3248.5519999999997,2987.415
2018-08-03,2748.8659999999995,3257.5910000000003,3003.2285
2018-08-04,2666.0409999999997,2929.838,2797.9395
2018-08-05,2563.539,2814.378,2688.9585
2018-08-06,2615.183,3228.2819999999997,2921.7325
2018-08-07,2745.804,3249.41,2997.607
2018-08-08,2750.862,3257.5499999999997,3004.206
2018-08-09,2744.4159999999997,3264.909,3004.6625
2018-08-10,2763.7349999999997,3290.1349999999998,3026.9349999999995
2018-08-11,2672.08,2925.488,2798.7839999999997
2018-08-12,2575.4790000000003,2826.5460000000003,2701.0125000000003
2018-08-13,2624.759,3279.7679999999996,2952.2635
2018-08-14,2754.213,3276.184,3015.1985000000004
2018-08-15,2761.271,3280.13,3020.7005
2018-08-16,2763.1390000000006,3302.9210000000003,3033.0300000000007
2018-08-17,2774.375,3305.4210000000003,3039.898
2018-08-18,2700.055,3008.1040000000003,2854.0795
2018-08-19,2607.085,2877.981,2742.5330000000004
2018-08-20,2648.791,3314.3259999999996,2981.5585
2018-08-21,2782.2279999999996,3299.928,3041.0779999999995
2018-08-22,2772.669,3315.668,3044.1684999999998
2018-08-23,2771.253,3290.1110000000003,3030.6820000000002
2018-08-24,2779.2690000000002,3300.497,3039.883
2018-08-25,2695.166,2997.7459999999996,2846.456
2018-08-26,2594.372,2855.0310000000004,2724.7015
2018-08-27,2639.566,3287.5759999999996,2963.571
2018-08-28,2767.701,3304.579,3036.1400000000003
2018-08-29,2762.8630000000003,3215.8569999999995,2989.3599999999997
2018-08-30,2743.714,3236.093,2989.9035
2018-08-31,2756.505,3276.404,3016.4545
2018-09-01,2599.9550000000004,2848.096,2724.0255
2018-09-02,2484.439,2662.922,2573.6805
2018-09-03,2384.88,2590.949,2487.9145
2018-09-04,2679.5080000000003,3159.642,2919.575
2018-09-05,2691.258,3180.246,2935.752
2018-09-06,2693.388,3171.231,2932.3095000000003
2018-09-07,2706.7999999999997,3188.36,2947.58
2018-09-08,2590.5810000000006,2862.2849999999994,2726.433
2018-09-09,2483.86,2678.669,2581.2645
2018-09-10,2556.3460000000005,3105.8419999999996,2831.094
2018-09-11,2669.0840000000003,3113.0,2891.0420000000004
2018-09-12,2674.747,3137.212,2905.9795
2018-09-13,2676.3179999999998,3137.045,2906.6814999999997
2018-09-14,2692.9120000000003,3124.1409999999996,2908.5265
2018-09-15,2581.405,2832.5,2706.9525000000003
2018-09-16,2475.125,2737.467,2606.2960000000003
2018-09-17,2571.064,3213.877,2892.4705
2018-09-18,2710.0190000000002,3223.08,2966.5495
2018-09-19,2711.85,3209.393,2960.6215
2018-09-20,2711.0389999999998,3182.4240000000004,2946.7315
2018-09-21,2725.0319999999997,3204.303,2964.6674999999996
2018-09-22,2587.998,2835.6769999999997,2711.8374999999996
2018-09-23,2465.4269999999997,2671.103,2568.265
2018-09-24,2543.3480000000004,3159.144,2851.246
2018-09-25,2689.995,3169.533,2929.764
2018-09-26,2687.4539999999997,3166.831,2927.1425
2018-09-27,2675.4269999999997,3104.424,2889.9255
2018-09-28,2672.9610000000002,3119.5739999999996,2896.2675
2018-09-29,2570.965,2786.5969999999998,2678.781
2018-09-30,2466.575,2656.6259999999997,2561.6004999999996
2018-10-01,2400.001,3103.7999999999997,2751.9004999999997
2018-10-02,2544.5859999999993,3146.2960000000003,2845.441
2018-10-03,2562.2900000000004,3160.153,2861.2215
2018-10-04,2563.916,3169.0009999999993,2866.4584999999997
2018-10-05,2592.442,3162.947,2877.6945
2018-10-06,2524.936,2786.4999999999995,2655.718
2018-10-07,2419.154,2662.512,2540.833
2018-10-08,2419.83,3151.279,2785.5545
2018-10-09,2570.773,3144.5769999999998,2857.675
2018-10-10,2554.5269999999996,3115.441,2834.9839999999995
2018-10-11,2522.0950000000003,3076.2630000000004,2799.179
2018-10-12,2532.093,3086.3039999999996,2809.1984999999995
2018-10-13,2493.182,2771.6459999999993,2632.4139999999998
2018-10-14,2418.2909999999997,2673.9350000000004,2546.1130000000003
2018-10-15,2373.921,2985.668,2679.7945
2018-10-16,2472.482,2951.4170000000004,2711.9495
2018-10-17,2481.212,2950.085,2715.6485000000002
2018-10-18,2477.9069999999997,2995.239,2736.573
2018-10-19,2505.7050000000004,3062.5390000000007,2784.1220000000003
2018-10-20,2420.709,2647.478,2534.0935
2018-10-21,2331.345,2523.694,2427.5195
2018-10-22,2333.837,2972.2300000000005,2653.0335000000005
2018-10-23,2482.146,2947.9129999999996,2715.0294999999996
2018-10-24,2491.421,2992.021,2741.721
2018-10-25,2497.085,2983.0789999999997,2740.082
2018-10-26,2500.8680000000004,3001.975,2751.4215000000004
2018-10-27,2422.941,2665.067,2544.004
2018-10-28,2326.001,2593.5040000000004,2459.7525000000005
2018-10-29,2352.8920000000003,3102.9590000000003,2727.9255000000003
2018-10-30,2522.051,3108.2059999999997,2815.1285
2018-10-31,2544.987,3064.8140000000003,2804.9005
2018-11-01,2474.902,2955.8979999999997,2715.3999999999996
2018-11-02,2478.011,2956.594,2717.3025
2018-11-03,2365.309,2586.4910000000004,2475.9000000000005
2018-11-04,2222.699,2418.481,2320.59
2018-11-05,2287.138,3018.243,2652.6904999999997
2018-11-06,2473.6639999999998,3053.474,2763.569
2018-11-07,2492.7909999999997,3067.955,2780.3729999999996
2018-11-08,2450.2450000000003,2936.832,2693.5385
2018-11-09,2428.001,2871.886,2649.9435000000003
2018-11-10,2278.896,2473.326,2376.111
2018-11-11,2204.5280000000002,2388.115,2296.3215
2018-11-12,2280.84,2880.273,2580.5565
2018-11-13,2444.926,2886.24,2665.5829999999996
2018-11-14,2447.27,2894.082,2670.676
2018-11-15,2436.2569999999996,2892.4410000000003,2664.349
2018-11-16,2445.263,2894.1009999999997,2669.682
2018-11-17,2282.825,2484.411,2383.618
2018-11-18,2215.3280000000004,2390.4790000000003,2302.9035000000003
2018-11-19,2277.692,2871.5649999999996,2574.6285
2018-11-20,2423.632,2886.0900000000006,2654.8610000000003
2018-11-21,2425.788,2881.4629999999997,2653.6255
2018-11-22,2071.72,2215.335,2143.5275
2018-11-23,2029.961,2276.235,2153.098
2018-11-24,2290.28,2494.911,2392.5955000000004
2018-11-25,2224.189,2416.049,2320.1189999999997
2018-11-26,2269.5,2880.7249999999995,2575.1124999999997
2018-11-27,2421.099,2885.753,2653.4260000000004
2018-11-28,2430.1749999999997,2902.9,2666.5375
2018-11-29,2432.294,2942.3450000000003,2687.3195
2018-11-30,2457.7639999999997,2969.627,2713.6955
2018-12-01,2255.092,2485.926,2370.509
2018-12-02,2136.542,2348.021,2242.2815
2018-12-03,2238.868,2818.6450000000004,2528.7565000000004
2018-12-04,2370.993,2823.4210000000003,2597.2070000000003
2018-12-05,2377.205,2822.225,2599.715
2018-12-06,2387.5150000000003,2836.105,2611.8100000000004
2018-12-07,2400.802,2859.5019999999995,2630.152
2018-12-08,2237.407,2406.216,2321.8115
2018-12-09,2143.7889999999998,2329.4660000000003,2236.6275
2018-12-10,2261.95,2811.578,2536.764
2018-12-11,2381.037,2829.4950000000003,2605.266
2018-12-12,2368.664,2837.3779999999997,2603.0209999999997
2018-12-13,2383.6949999999997,2864.076,2623.8855
2018-12-14,2388.311,2813.028,2600.6695
2018-12-15,2246.642,2410.745,2328.6935
2018-12-16,2141.811,2325.055,2233.433
2018-12-17,2252.238,2826.5319999999997,2539.3849999999998
2018-12-18,2343.731,2612.651,2478.191
2018-12-19,2345.864,2615.778,2480.821
2018-12-20,2346.4860000000003,2617.4489999999996,2481.9674999999997
2018-12-21,2296.869,2626.012,2461.4405
2018-12-22,2231.654,2427.754,2329.7039999999997
2018-12-23,2135.559,2316.9030000000002,2226.231
2018-12-24,2229.66,2599.562,2414.611
2018-12-25,1977.3390000000002,2077.011,2027.1750000000002
2018-12-26,2228.789,2505.266,2367.0275
2018-12-27,2223.19,2501.22,2362.205
2018-12-28,2194.942,2470.903,2332.9224999999997
2018-12-29,2242.0009999999997,2408.323,2325.162
2018-12-30,2140.636,2329.367,2235.0015000000003
2018-12-31,2101.658,2454.6479999999997,2278.153
2019-01-01,2027.2420000000002,2211.41,2119.326
2019-01-02,2384.265,2817.0160000000005,2600.6405000000004
2019-01-03,2386.4719999999998,2817.516,2601.9939999999997
2019-01-04,2398.752,2825.0950000000003,2611.9235
2019-01-05,2220.9320000000002,2386.3669999999997,2303.6495
2019-01-06,2112.161,2311.3070000000002,2211.7340000000004
2019-01-07,2248.533,2852.9240000000004,2550.7285
2019-01-08,2377.8869999999997,2881.454,2629.6705
2019-01-09,2368.112,2832.1629999999996,2600.1375
2019-01-10,2369.7,2823.6270000000004,2596.6635
2019-01-11,2392.502,2827.2720000000004,2609.887
2019-01-12,2198.178,2376.3250000000003,2287.2515000000003
2019-01-13,2107.9030000000002,2293.189,2200.5460000000003
2019-01-14,2257.675,2807.311,2532.4930000000004
2019-01-15,2386.574,2816.177,2601.3755
2019-01-16,2384.824,2828.8619999999996,2606.843
2019-01-17,2371.349,2828.969,2600.159
2019-01-18,2381.6079999999997,2835.084,2608.3459999999995
2019-01-19,2209.992,2383.373,2296.6825
2019-01-20,2122.7400000000002,2305.418,2214.079
2019-01-21,2261.579,2777.347,2519.463
2019-01-22,2368.018,2856.358,2612.188
2019-01-23,2374.504,2820.805,2597.6544999999996
2019-01-24,2380.017,2827.641,2603.8289999999997
2019-01-25,2390.5379999999996,2821.077,2605.8075
2019-01-26,2211.9179999999997,2383.338,2297.6279999999997
2019-01-27,2108.824,2295.342,2202.083
2019-01-28,2242.208,2819.418,2530.813
2019-01-29,2371.453,2820.605,2596.029
2019-01-30,2378.7270000000003,2818.359,2598.543
2019-01-31,2378.608,2821.7380000000003,2600.1730000000002
2019-02-01,2411.629,2849.285,2630.457
2019-02-02,2260.285,2436.5440000000003,2348.4145
2019-02-03,2163.9,2373.8269999999998,2268.8635
2019-02-04,2267.637,2889.346,2578.4915
2019-02-05,2402.928,2903.716,2653.322
2019-02-06,2414.362,2931.967,2673.1645
2019-02-07,2406.5550000000003,2878.5269999999996,2642.541
2019-02-08,2407.334,2854.9910000000004,2631.1625000000004
2019-02-09,2283.742,2452.6169999999997,2368.1795
2019-02-10,2166.696,2353.216,2259.956
2019-02-11,2252.303,2864.631,2558.4669999999996
2019-02-12,2383.485,2840.9649999999997,2612.225
2019-02-13,2371.324,2842.146,2606.735
2019-02-14,2369.955,2876.447,2623.201
2019-02-15,2397.101,2891.452,2644.2765
2019-02-16,2270.7780000000002,2443.206,2356.992
2019-02-17,2163.869,2328.7540000000004,2246.3115000000003
2019-02-18,2138.209,2771.5849999999996,2454.897
2019-02-19,2381.953,2823.7580000000003,2602.8555
2019-02-20,2388.1839999999997,2834.8509999999997,2611.5175
2019-02-21,2386.767,2829.8829999999994,2608.325
2019-02-22,2400.185,2836.4100000000003,2618.2975
2019-02-23,2266.522,2463.904,2365.2129999999997
2019-02-24,2138.297,2338.864,2238.5805
2019-02-25,2245.041,2816.555,2530.798
2019-02-26,2383.799,2836.563,2610.181
2019-02-27,2380.266,2863.3720000000003,2621.8190000000004
2019-02-28,2372.996,2824.877,2598.9365
2019-03-01,2414.634,2849.3879999999995,2632.0109999999995
2019-03-02,2234.07,2430.907,2332.4885000000004
2019-03-03,2144.308,2314.221,2229.2645
2019-03-04,2267.2439999999997,2860.038,2563.6409999999996
2019-03-05,2424.596,2863.431,2644.0135
2019-03-06,2407.562,2855.1220000000003,2631.342
2019-03-07,2375.038,2862.737,2618.8875
2019-03-08,2398.7369999999996,2917.8230000000003,2658.2799999999997
2019-03-09,2266.2019999999998,2492.39,2379.296
2019-03-10,2233.4770000000003,2442.498,2337.9875
2019-03-11,2332.987,3011.2909999999997,2672.139
2019-03-12,2463.651,2962.3160000000003,2712.9835000000003
2019-03-13,2478.469,2982.298,2730.3835
2019-03-14,2469.4199999999996,2982.3579999999997,2725.8889999999997
2019-03-15,2450.965,2900.86,2675.9125000000004
2019-03-16,2281.547,2472.677,2377.112
2019-03-17,2192.0190000000002,2361.9809999999998,2277.0
2019-03-18,2295.955,2918.476,2607.2155000000002
2019-03-19,2441.263,2917.342,2679.3025
2019-03-20,2421.694,2929.944,2675.819
2019-03-21,2426.41,2945.1549999999997,2685.7825
2019-03-22,2447.745,2957.5539999999996,2702.6494999999995
2019-03-23,2297.863,2498.476,2398.1695
2019-03-24,2200.784,2411.614,2306.199
2019-03-25,2311.9590000000003,3010.519,2661.239
2019-03-26,2437.966,2958.252,2698.109
2019-03-27,2432.572,2932.6529999999993,2682.6124999999997
2019-03-28,2430.057,2948.04,2689.0485
2019-03-29,2463.681,2968.481,2716.081
2019-03-30,2261.925,2513.1200000000003,2387.5225
2019-03-31,2170.471,2339.4970000000003,2254.9840000000004
2019-04-01,2336.594,2948.116,2642.355
2019-04-02,2484.053,2962.7200000000003,2723.3865
2019-04-03,2470.049,2969.1820000000002,2719.6155
2019-04-04,2476.578,3041.412,2758.995
2019-04-05,2524.201,3044.519,2784.3599999999997
2019-04-06,2368.5519999999997,2602.8140000000003,2485.683
2019-04-07,2265.88,2446.6259999999997,2356.2529999999997
2019-04-08,2343.604,3053.3979999999997,2698.5009999999997
2019-04-09,2493.04,3092.009,2792.5245
2019-04-10,2502.7300000000005,3095.623,2799.1765000000005
2019-04-11,2523.73,3045.87,2784.8
2019-04-12,2510.003,2999.958,2754.9805
2019-04-13,2330.759,2583.752,2457.2555
2019-04-14,2211.313,2396.529,2303.9210000000003
2019-04-15,2317.107,3013.1220000000003,2665.1145
2019-04-16,2469.9269999999997,3030.232,2750.0795
2019-04-17,2507.514,3038.3179999999998,2772.916
2019-04-18,2485.868,3013.737,2749.8025
2019-04-19,2493.235,2990.657,2741.946
2019-04-20,2330.1800000000003,2542.726,2436.4530000000004
2019-04-21,2235.15,2447.447,2341.2985
2019-04-22,2333.722,3044.9740000000006,2689.3480000000004
2019-04-23,2504.736,3027.3250000000003,2766.0305
2019-04-24,2504.3520000000003,3036.818,2770.585
2019-04-25,2491.72,3074.5269999999996,2783.1234999999997
2019-04-26,2510.593,3078.8559999999998,2794.7245
2019-04-27,2367.0069999999996,2614.926,2490.9664999999995
2019-04-28,2259.998,2486.276,2373.1369999999997
2019-04-29,2370.462,3094.392,2732.4269999999997
2019-04-30,2540.382,3107.4759999999997,2823.929
2019-05-01,2622.4449999999997,3192.724,2907.5845
2019-05-02,2611.656,3186.077,2898.8665
2019-05-03,2634.2230000000004,3131.95,2883.0865000000003
2019-05-04,2434.944,2694.803,2564.8734999999997
2019-05-05,2337.533,2580.3039999999996,2458.9184999999998
2019-05-06,2429.484,3164.4939999999997,2796.9889999999996
2019-05-07,2600.3909999999996,3144.0759999999996,2872.2334999999994
2019-05-08,2602.637,3172.898,2887.7675
2019-05-09,2621.48,3200.312,2910.8959999999997
2019-05-10,2617.3990000000003,3090.362,2853.8805
2019-05-11,2411.131,2637.708,2524.4195
2019-05-12,2316.6560000000004,2522.4230000000002,2419.5395000000003
2019-05-13,2402.3779999999997,3140.8259999999996,2771.602
2019-05-14,2569.524,3163.679,2866.6014999999998
2019-05-15,2584.1499999999996,3166.419,2875.2844999999998
2019-05-16,2583.6180000000004,3171.26,2877.4390000000003
2019-05-17,2612.1789999999996,3183.112,2897.6454999999996
2019-05-18,2485.364,2724.789,2605.0765
2019-05-19,2398.6910000000003,2630.168,2514.4295
2019-05-20,2487.277,3241.217,2864.2470000000003
2019-05-21,2647.653,3230.4100000000003,2939.0315
2019-05-22,2648.8559999999998,3242.3650000000002,2945.6105
2019-05-23,2646.0959999999995,3228.513,2937.3044999999997
2019-05-24,2657.6359999999995,3222.0559999999996,2939.8459999999995
2019-05-25,2489.855,2747.136,2618.4955
2019-05-26,2381.231,2624.0009999999997,2502.616
2019-05-27,2352.879,2690.925,2521.902
2019-05-28,2637.136,3250.658,2943.897
2019-05-29,2649.252,3228.7870000000003,2939.0195000000003
2019-05-30,2641.6099999999997,3236.3750000000005,2938.9925000000003
2019-05-31,2657.515,3228.75,2943.1324999999997
2019-06-01,2583.917,2860.792,2722.3545
2019-06-02,2488.007,2762.53,2625.2685
2019-06-03,2554.0060000000003,3183.562,2868.784
2019-06-04,2671.5860000000002,3170.5879999999997,2921.087
2019-06-05,2669.387,3097.194,2883.2905
2019-06-06,2660.7,3154.76,2907.73
2019-06-07,2680.342,3184.465,2932.4035000000003
2019-06-08,2600.0170000000003,2879.959,2739.9880000000003
2019-06-09,2504.028,2774.999,2639.5135
2019-06-10,2565.996,3181.47,2873.733
2019-06-11,2671.83,3117.4959999999996,2894.6629999999996
2019-06-12,2653.205,3108.071,2880.638
2019-06-13,2655.6020000000003,3135.527,2895.5645000000004
2019-06-14,2679.634,3161.465,2920.5495
2019-06-15,2607.572,2871.676,2739.624
2019-06-16,2501.332,2677.485,2589.4085
2019-06-17,2517.1570000000006,3082.5530000000003,2799.8550000000005
2019-06-18,2650.3699999999994,3158.8330000000005,2904.6014999999998
2019-06-19,2686.2219999999998,3205.21,2945.716
2019-06-20,2705.5220000000004,3211.491,2958.5065000000004
2019-06-21,2734.701,3228.746,2981.7235
2019-06-22,2649.973,2906.939,2778.456
2019-06-23,2544.526,2763.8730000000005,2654.1995
2019-06-24,2542.596,3117.0750000000003,2829.8355
2019-06-25,2664.754,3098.963,2881.8585000000003
2019-06-26,2660.419,3140.9750000000004,2900.697
2019-06-27,2674.867,3148.5159999999996,2911.6915
2019-06-28,2678.7929999999997,3164.3790000000004,2921.5860000000002
2019-06-29,2549.333,2820.283,2684.808
2019-06-30,2463.671,2677.9489999999996,2570.8099999999995
2019-07-01,2522.478,3145.526,2834.002
2019-07-02,2656.132,3139.8540000000003,2897.9930000000004
2019-07-03,2655.3830000000003,3134.545,2894.964
2019-07-04,2485.626,2750.803,2618.2145
2019-07-05,2688.8720000000003,3185.004,2936.938
2019-07-06,2552.7780000000002,2821.0550000000003,2686.9165000000003
2019-07-07,2454.5249999999996,2714.492,2584.5085
2019-07-08,2555.532,3198.5919999999996,2877.062
2019-07-09,2692.38,3196.6539999999995,2944.517
2019-07-10,2687.827,3191.13,2939.4785
2019-07-11,2687.016,3199.327,2943.1715000000004
2019-07-12,2712.758,3226.709,2969.7335
2019-07-13,2570.1369999999997,2830.7580000000003,2700.4475
2019-07-14,2459.082,2670.1620000000003,2564.6220000000003
2019-07-15,2564.629,3180.862,2872.7455
2019-07-16,2693.5099999999998,3203.817,2948.6634999999997
2019-07-17,2695.296,3190.168,2942.732
2019-07-18,2687.0829999999996,3204.0160000000005,2945.5495
2019-07-19,2699.308,3199.4750000000004,2949.3915
2019-07-20,2566.571,2850.077,2708.324
2019-07-21,2458.057,2694.8720000000003,2576.4645
2019-07-22,2559.814,3183.8909999999996,2871.8525
2019-07-23,2681.917,3133.688,2907.8025
2019-07-24,2642.236,3099.8089999999993,2871.0224999999996
2019-07-25,2625.2109999999993,3111.293,2868.2519999999995
2019-07-26,2645.8990000000003,3143.092,2894.4955
2019-07-27,2540.502,2825.4950000000003,2682.9985
2019-07-28,2451.178,2678.531,2564.8545
2019-07-29,2553.501,3183.73,2868.6155
2019-07-30,2684.503,3210.3509999999997,2947.4269999999997
2019-07-31,2676.471,3175.0539999999996,2925.7625
2019-08-01,2751.13,3274.2099999999996,3012.67
2019-08-02,2768.585,3283.919,3026.252
2019-08-03,2697.853,2964.327,2831.09
2019-08-04,2592.791,2833.648,2713.2195
2019-08-05,2629.6020000000003,3291.592,2960.597
2019-08-06,2765.395,3290.602,3027.9984999999997
2019-08-07,2778.048,3317.756,3047.902
2019-08-08,2786.137,3336.147,3061.142
2019-08-09,2805.4669999999996,3344.6549999999997,3075.0609999999997
2019-08-10,2714.598,3029.095,2871.8464999999997
2019-08-11,2614.089,2906.547,2760.318
2019-08-12,2657.701,3346.482,3002.0915
2019-08-13,2792.299,3350.136,3071.2174999999997
2019-08-14,2787.4860000000003,3350.342,3068.914
2019-08-15,2779.6939999999995,3310.763000000001,3045.2285
2019-08-16,2788.9320000000002,3319.484,3054.208
2019-08-17,2719.0,3031.1219999999994,2875.0609999999997
2019-08-18,2618.741,2905.6180000000004,2762.1795
2019-08-19,2654.813,3335.4089999999997,2995.111
2019-08-20,2781.843,3272.91,3027.3765
2019-08-21,2770.889,3282.6920000000005,3026.7905
2019-08-22,2768.2760000000003,3295.572,3031.924
2019-08-23,2780.893,3267.318,3024.1055
2019-08-24,2690.745,2952.822,2821.7835
2019-08-25,2593.568,2816.6520000000005,2705.1100000000006
2019-08-26,2640.892,3323.6049999999996,2982.2484999999997
2019-08-27,2784.7749999999996,3327.406,3056.0905
2019-08-28,2774.6429999999996,3286.3750000000005,3030.509
2019-08-29,2758.473,3269.2059999999997,3013.8395
2019-08-30,2774.5769999999998,3286.338,3030.4575
2019-08-31,2693.537,2976.003,2834.77
2019-09-01,2503.8700000000003,2796.212,2650.041
2019-09-02,2412.165,2733.963,2573.0640000000003
2019-09-03,2716.0299999999997,3232.5170000000003,2974.2735000000002
2019-09-04,2721.5950000000003,3253.6930000000007,2987.6440000000002
2019-09-05,2715.639,3251.47,2983.5545
2019-09-06,2730.2819999999997,3253.23,2991.756
2019-09-07,2611.93,2906.309,2759.1195
2019-09-08,2490.9,2785.822,2638.361
2019-09-09,2585.7399999999993,3243.801,2914.7704999999996
2019-09-10,2712.622,3221.4519999999998,2967.037
2019-09-11,2707.918,3191.723,2949.8205
2019-09-12,2705.2820000000006,3215.5789999999997,2960.4305000000004
2019-09-13,2714.155,3220.1009999999997,2967.1279999999997
2019-09-14,2603.555,2900.978,2752.2664999999997
2019-09-15,2499.768,2768.9770000000003,2634.3725000000004
2019-09-16,2577.116,3194.1029999999996,2885.6094999999996
2019-09-17,2694.262,3134.545,2914.4035000000003
2019-09-18,2685.414,3138.785,2912.0995000000003
2019-09-19,2705.509,3143.5099999999998,2924.5095
2019-09-20,2714.3,3201.812,2958.056
2019-09-21,2605.418,2862.7819999999992,2734.0999999999995
2019-09-22,2499.835,2719.6499999999996,2609.7425
2019-09-23,2577.4280000000003,3194.856,2886.1420000000003
2019-09-24,2700.861,3177.802,2939.3315000000002
2019-09-25,2693.081,3181.938,2937.5095
2019-09-26,2690.226,3182.681,2936.4535
2019-09-27,2710.025,3183.939,2946.982
2019-09-28,2605.814,2879.4840000000004,2742.6490000000003
2019-09-29,2513.7980000000002,2750.288,2632.043
2019-09-30,2595.7889999999998,3218.4269999999997,2907.1079999999997
2019-10-01,2583.177,3186.032,2884.6045000000004
2019-10-02,2578.215,3187.0509999999995,2882.633
2019-10-03,2574.162,3189.7149999999997,2881.9384999999997
2019-10-04,2585.4929999999995,3175.2889999999998,2880.3909999999996
2019-10-05,2513.277,2803.855,2658.566
2019-10-06,2407.613,2686.79,2547.2015
2019-10-07,2416.7599999999998,3132.369,2774.5645
2019-10-08,2533.9619999999995,3085.75,2809.8559999999998
2019-10-09,2527.579,3141.6910000000003,2834.635
2019-10-10,2559.674,3198.115,2878.8945
2019-10-11,2538.937,2992.674,2765.8055
2019-10-12,2390.07,2607.724,2498.897
2019-10-13,2301.3500000000004,2566.714,2434.032
2019-10-14,2363.214,3134.028,2748.621
2019-10-15,2561.701,3189.095,2875.398
2019-10-16,2556.7219999999998,3024.4580000000005,2790.59
2019-10-17,2488.998,2970.4030000000002,2729.7005
2019-10-18,2497.007,3031.679,2764.343
2019-10-19,2444.652,2758.33,2601.491
2019-10-20,2396.788,2681.3689999999997,2539.0784999999996
2019-10-21,2398.561,3101.48,2750.0205
2019-10-22,2489.4599999999996,3038.0699999999997,2763.7649999999994
2019-10-23,2487.441,3048.3830000000003,2767.9120000000003
2019-10-24,2499.7870000000003,3084.0270000000005,2791.907
2019-10-25,2491.5060000000003,2950.436,2720.9710000000005
2019-10-26,2400.555,2601.957,2501.256
2019-10-27,2311.5460000000003,2530.6890000000003,2421.1175000000003
2019-10-28,2343.3250000000003,3038.149,2690.737
2019-10-29,2511.5279999999993,3039.3430000000003,2775.4354999999996
2019-10-30,2509.067,2957.15,2733.1085000000003
2019-10-31,2478.9860000000003,2954.046,2716.516
2019-11-01,2485.5690000000004,2930.49,2708.0295
2019-11-02,2345.514,2541.748,2443.6310000000003
2019-11-03,2201.125,2387.097,2294.111
2019-11-04,2261.1269999999995,2939.562,2600.3444999999997
2019-11-05,2415.755,2986.846,2701.3005000000003
2019-11-06,2432.315,2973.7920000000004,2703.0535
2019-11-07,2431.765,2926.866,2679.3154999999997
2019-11-08,2433.103,2865.8940000000007,2649.4985000000006
2019-11-09,2280.1,2474.736,2377.4179999999997
2019-11-10,2181.897,2398.973,2290.435
2019-11-11,2280.783,2932.5989999999997,2606.691
2019-11-12,2433.734,2884.458,2659.096
2019-11-13,2449.114,2886.362,2667.7380000000003
2019-11-14,2445.149,2875.816,2660.4825
2019-11-15,2449.1160000000004,2882.541,2665.8285000000005
2019-11-16,2287.82,2479.354,2383.587
2019-11-17,2208.258,2393.6670000000004,2300.9625
2019-11-18,2274.934,2912.3360000000002,2593.635
2019-11-19,2405.6589999999997,2926.1119999999996,2665.8854999999994
2019-11-20,2427.265,2965.253,2696.259
2019-11-21,2450.845,2994.542,2722.6935
2019-11-22,2459.03,2954.7169999999996,2706.8734999999997
2019-11-23,2280.996,2476.3320000000003,2378.664
2019-11-24,2206.575,2391.112,2298.8435
2019-11-25,2267.052,2956.504,2611.7780000000002
2019-11-26,2445.649,2999.3360000000002,2722.4925000000003
2019-11-27,2447.21,2922.578,2684.8940000000002
2019-11-28,2087.1000000000004,2237.565,2162.3325000000004
2019-11-29,2069.884,2337.588,2203.736
2019-11-30,2351.0389999999998,2586.925,2468.982
2019-12-01,2147.5989999999997,2320.968,2234.2834999999995
2019-12-02,2238.355,2808.468,2523.4115
2019-12-03,2370.98,2842.026,2606.5029999999997
2019-12-04,2375.801,2849.5680000000007,2612.6845000000003
2019-12-05,2366.015,2868.525,2617.27
2019-12-06,2401.142,2885.433,2643.2875
2019-12-07,2222.777,2405.134,2313.9555
2019-12-08,2129.0469999999996,2349.164,2239.1054999999997
2019-12-09,2255.8610000000003,2913.14,2584.5005
2019-12-10,2366.812,2819.268,2593.04
2019-12-11,2374.113,2819.103,2596.608
2019-12-12,2380.596,2830.6639999999998,2605.63
2019-12-13,2381.312,2851.9310000000005,2616.6215
2019-12-14,2232.576,2419.935,2326.2555
2019-12-15,2151.887,2399.6730000000002,2275.78
2019-12-16,2275.035,2862.271,2568.6530000000002
2019-12-17,2374.96,2821.9280000000003,2598.4440000000004
2019-12-18,2359.2110000000002,2623.513,2491.362
2019-12-19,2353.407,2623.302,2488.3545000000004
2019-12-20,2299.8070000000002,2632.3920000000003,2466.0995000000003
2019-12-21,2244.484,2413.076,2328.7799999999997
2019-12-22,2140.784,2323.497,2232.1405
2019-12-23,2232.579,2607.245,2419.9120000000003
2019-12-24,2345.055,2628.674,2486.8644999999997
2019-12-25,1971.237,2065.632,2018.4345
2019-12-26,2210.408,2509.884,2360.1459999999997
2019-12-27,2205.166,2497.512,2351.339
2019-12-28,2265.06,2466.3070000000002,2365.6835
2019-12-29,2150.949,2333.026,2241.9875
2019-12-30,2082.916,2455.906,2269.411
2019-12-31,2214.7949999999996,2473.63,2344.2124999999996
2020-01-01,2027.9840000000002,2215.915,2121.9495
2020-01-02,2378.176,2830.635,2604.4055
2020-01-03,2390.367,2836.648,2613.5075
2020-01-04,2216.872,2386.885,2301.8785
2020-01-05,2110.821,2308.499,2209.66
2020-01-06,2233.775,2848.057,2540.916
2020-01-07,2368.518,2839.317,2603.9175
2020-01-08,2367.758,2837.38,2602.569
2020-01-09,2382.417,2882.9269999999997,2632.6719999999996
2020-01-10,2407.8480000000004,2894.514,2651.1810000000005
2020-01-11,2211.083,2382.899,2296.991
2020-01-12,2105.367,2295.854,2200.6105
2020-01-13,2258.1960000000004,2817.234,2537.715
2020-01-14,2356.712,2898.569,2627.6405
2020-01-15,2398.026,2920.327,2659.1765
2020-01-16,2397.292,2895.989,2646.6405
2020-01-17,2401.751,2864.3520000000003,2633.0515000000005
2020-01-18,2222.81,2417.002,2319.906
2020-01-19,2095.338,2291.631,2193.4845
2020-01-20,2255.7430000000004,2767.1949999999997,2511.469
2020-01-21,2371.4339999999997,2822.002,2596.718
2020-01-22,2380.32,2821.205,2600.7625
2020-01-23,2377.546,2833.868,2605.707
2020-01-24,2379.7309999999998,2823.988,2601.8594999999996
2020-01-25,2207.43,2389.5930000000003,2298.5115
2020-01-26,2105.788,2314.29,2210.0389999999998
2020-01-27,2237.553,2809.2649999999994,2523.4089999999997
2020-01-28,2370.8389999999995,2827.983,2599.411
2020-01-29,2366.496,2812.4900000000002,2589.4930000000004
2020-01-30,2372.9889999999996,2812.8520000000003,2592.9205
2020-01-31,2388.415,2816.2439999999997,2602.3295
2020-02-01,2265.097,2439.4849999999997,2352.291
2020-02-02,2140.937,2359.74,2250.3385
2020-02-03,2260.9629999999997,2880.8650000000002,2570.9139999999998
2020-02-04,2401.94,2919.0339999999997,2660.487
2020-02-05,2375.3559999999998,2827.311,2601.3334999999997
2020-02-06,2396.846,2843.7509999999997,2620.2985
2020-02-07,2403.196,2851.963,2627.5795
2020-02-08,2255.323,2439.828,2347.5755
2020-02-09,2168.8419999999996,2388.9249999999997,2278.8835
2020-02-10,2278.3869999999997,2888.9019999999996,2583.6444999999994
2020-02-11,2375.392,2831.093,2603.2425
2020-02-12,2386.53,2834.2610000000004,2610.3955000000005
2020-02-13,2385.77,2831.8810000000003,2608.8255
2020-02-14,2402.35,2835.125,2618.7375
2020-02-15,2260.479,2435.57,2348.0245
2020-02-16,2150.5,2361.355,2255.9275
2020-02-17,2147.724,2841.704,2494.714
2020-02-18,2404.151,2914.2670000000003,2659.209
2020-02-19,2372.723,2834.2449999999994,2603.4839999999995
2020-02-20,2377.9359999999997,2820.1929999999998,2599.0644999999995
2020-02-21,2399.3770000000004,2830.089,2614.733
2020-02-22,2258.006,2421.337,2339.6715
2020-02-23,2142.894,2344.71,2243.8019999999997
2020-02-24,2258.92,2855.3840000000005,2557.152
2020-02-25,2369.734,2856.388,2613.0609999999997
2020-02-26,2370.4970000000003,2824.883,2597.69
2020-02-27,2382.556,2830.492,2606.5240000000003
2020-02-28,2394.718,2840.13,2617.424
2020-02-29,2235.069,2426.3179999999998,2330.6935
2020-03-01,2155.117,2348.0099999999998,2251.5635
2020-03-02,2256.827,2931.8300000000004,2594.3285000000005
2020-03-03,2421.02,2948.4750000000004,2684.7475000000004
2020-03-04,2416.189,2913.176,2664.6825
2020-03-05,2386.996,2884.7889999999998,2635.8925
2020-03-06,2400.6429999999996,2872.098,2636.3705
2020-03-07,2220.766,2419.492,2320.129
2020-03-08,2187.165,2377.145,2282.1549999999997
2020-03-09,2308.0389999999998,2967.931,2637.9849999999997
2020-03-10,2450.203,2992.3709999999996,2721.287
2020-03-11,2458.7699999999995,2999.2019999999998,2728.986
2020-03-12,2478.425,3022.4220000000005,2750.4235000000003
2020-03-13,2505.373,3016.625,2760.999
2020-03-14,2346.244,2570.605,2458.4245
2020-03-15,2252.869,2443.909,2348.389
2020-03-16,2315.085,2978.112,2646.5985
2020-03-17,2477.058,3016.854,2746.956
2020-03-18,2487.1829999999995,3026.217,2756.7
2020-03-19,2502.261,3048.401,2775.331
2020-03-20,2519.533,2976.4480000000003,2747.9905
2020-03-21,2271.957,2470.0739999999996,2371.0154999999995
2020-03-22,2199.238,2416.689,2307.9635
2020-03-23,2315.7279999999996,3038.519,2677.1234999999997
2020-03-24,2491.6420000000003,3058.7589999999996,2775.2005
2020-03-25,2501.245,3052.6609999999996,2776.9529999999995
2020-03-26,2491.739,3056.736,2774.2375
2020-03-27,2524.4839999999995,3072.8029999999994,2798.643499999999
2020-03-28,2321.84,2574.572,2448.206
2020-03-29,2202.635,2421.2,2311.9175
2020-03-30,2322.232,3027.95,2675.091
2020-03-31,2479.437,2981.476,2730.4565000000002
2020-04-01,2482.8419999999996,3001.1040000000003,2741.973
2020-04-02,2492.4599999999996,3023.7909999999997,2758.1254999999996
2020-04-03,2523.8640000000005,3057.1130000000003,2790.4885000000004
2020-04-04,2325.515,2513.155,2419.335
2020-04-05,2240.004,2440.7999999999997,2340.402
2020-04-06,2339.025,3039.574,2689.2995
2020-04-07,2525.592,3103.816,2814.7039999999997
2020-04-08,2546.988,3124.5850000000005,2835.7865
2020-04-09,2551.943,3125.7810000000004,2838.862
2020-04-10,2552.91,3026.2719999999995,2789.5909999999994
2020-04-11,2371.9429999999998,2592.7260000000006,2482.3345
2020-04-12,2303.591,2552.237,2427.9139999999998
2020-04-13,2332.236,2980.987,2656.6115
2020-04-14,2465.2700000000004,2963.6530000000002,2714.4615000000003
2020-04-15,2471.055,2957.14,2714.0975
2020-04-16,2463.424,2993.3699999999994,2728.397
2020-04-17,2492.755,3040.5350000000003,2766.6450000000004
2020-04-18,2338.087,2549.751,2443.919
2020-04-19,2280.454,2498.4440000000004,2389.4490000000005
2020-04-20,2355.148,3071.601,2713.3745
2020-04-21,2518.818,3084.583,2801.7005
2020-04-22,2534.94,3097.9360000000006,2816.438
2020-04-23,2555.064,3130.7839999999997,2842.924
2020-04-24,2535.6189999999997,3118.3320000000003,2826.9755
2020-04-25,2362.956,2606.214,2484.585
2020-04-26,2243.109,2509.004,2376.0564999999997
2020-04-27,2345.232,3094.2239999999997,2719.728
2020-04-28,2536.1710000000003,3102.777,2819.474
2020-04-29,2513.67,3074.7319999999995,2794.201
2020-04-30,2485.888,3054.974,2770.431
2020-05-01,2582.4730000000004,3162.4200000000005,2872.4465000000005
2020-05-02,2444.469,2717.498,2580.9835000000003
2020-05-03,2366.908,2608.873,2487.8905
2020-05-04,2463.703,3227.5829999999996,2845.643
2020-05-05,2633.249,3246.595,2939.9219999999996
2020-05-06,2601.406,3178.966,2890.1859999999997
2020-05-07,2579.5840000000003,3177.8489999999997,2878.7165
2020-05-08,2634.527,3229.989,2932.258
2020-05-09,2391.455,2618.846,2505.1504999999997
2020-05-10,2296.529,2545.392,2420.9605
2020-05-11,2399.176,3154.436,2776.806
2020-05-12,2582.793,3170.965,2876.879
2020-05-13,2600.456,3191.0649999999996,2895.7605
2020-05-14,2615.706,3204.5989999999997,2910.1525
2020-05-15,2638.8439999999996,3197.017,2917.9304999999995
2020-05-16,2435.0879999999997,2675.244,2555.166
2020-05-17,2341.652,2605.844,2473.748
2020-05-18,2435.836,3232.4280000000003,2834.132
2020-05-19,2616.7090000000007,3248.951,2932.8300000000004
2020-05-20,2631.3729999999996,3255.712,2943.5424999999996
2020-05-21,2636.984,3247.92,2942.452
2020-05-22,2664.066,3252.687,2958.3765
2020-05-23,2514.529,2779.783,2647.156
2020-05-24,2404.032,2602.8979999999997,2503.465
2020-05-25,2327.047,2638.3689999999997,2482.7079999999996
2020-05-26,2594.143,3191.0800000000004,2892.6115
2020-05-27,2590.725,3201.419,2896.072
2020-05-28,2592.817,3198.9049999999997,2895.861
2020-05-29,2622.8370000000004,3201.48,2912.1585000000005
2020-05-30,2474.7070000000003,2724.298,2599.5025
2020-05-31,2376.9460000000004,2567.8179999999998,2472.382
2020-06-01,2527.478,3102.0399999999995,2814.759
2020-06-02,2656.6200000000003,3144.312,2900.4660000000003
2020-06-03,2663.9550000000004,3131.4080000000004,2897.6815000000006
2020-06-04,2666.193,3164.716,2915.4545
2020-06-05,2682.2670000000003,3174.7850000000003,2928.5260000000003
2020-06-06,2605.33,2895.355,2750.3424999999997
2020-06-07,2506.0760000000005,2782.069,2644.0725
2020-06-08,2579.237,3209.346,2894.2915000000003
2020-06-09,2712.6,3221.118,2966.859
2020-06-10,2698.1639999999998,3165.835,2931.9995
2020-06-11,2654.2549999999997,3147.636,2900.9455
2020-06-12,2661.234,3131.666,2896.45
2020-06-13,2564.34,2843.1710000000003,2703.7555
2020-06-14,2465.641,2730.1719999999996,2597.9065
2020-06-15,2546.4769999999994,3167.4610000000002,2856.969
2020-06-16,2671.2129999999997,3167.406,2919.3095
2020-06-17,2668.446,3168.849,2918.6475
2020-06-18,2669.094,3166.989,2918.0415000000003
2020-06-19,2687.482,3172.9799999999996,2930.2309999999998
2020-06-20,2605.858,2842.8650000000002,2724.3615
2020-06-21,2497.463,2735.8720000000003,2616.6675000000005
2020-06-22,2565.412,3101.4380000000006,2833.425
2020-06-23,2667.766,3140.5699999999997,2904.1679999999997
2020-06-24,2658.6119999999996,3115.5280000000002,2887.0699999999997
2020-06-25,2666.3970000000004,3119.454,2892.9255000000003
2020-06-26,2691.1289999999995,3159.6,2925.3644999999997
2020-06-27,2618.434,2868.3139999999994,2743.374
2020-06-28,2521.481,2736.708,2629.0945
2020-06-29,2585.817,3197.7660000000005,2891.7915000000003
2020-06-30,2717.36,3211.8779999999997,2964.6189999999997
2020-07-01,2700.3460000000005,3196.138,2948.242
2020-07-02,2704.2050000000004,3199.398,2951.8015000000005
2020-07-03,2529.925,2778.928,2654.4265
2020-07-04,2280.471,2496.8529999999996,2388.662
2020-07-05,2460.634,2708.807,2584.7205
2020-07-06,2572.044,3175.1459999999997,2873.595
2020-07-07,2694.2980000000002,3198.1610000000005,2946.2295000000004
2020-07-08,2701.7880000000005,3203.984,2952.8860000000004
2020-07-09,2704.485,3214.302,2959.3935
2020-07-10,2711.112,3221.84,2966.476
2020-07-11,2584.402,2862.94,2723.6710000000003
2020-07-12,2476.6940000000004,2730.347,2603.5205000000005
2020-07-13,2576.36,3234.2599999999998,2905.31
2020-07-14,2704.223,3212.958,2958.5905000000002
2020-07-15,2705.346,3214.286,2959.816
2020-07-16,2701.261,3226.4990000000003,2963.88
2020-07-17,2703.2980000000002,3170.7250000000004,2937.0115000000005
2020-07-18,2558.339,2809.961,2684.1499999999996
2020-07-19,2446.8799999999997,2697.06,2571.97
2020-07-20,2545.7250000000004,3147.07,2846.3975
2020-07-21,2664.9390000000003,3112.994,2888.9665000000005
2020-07-22,2669.286,3150.938,2910.112
2020-07-23,2679.1960000000004,3197.8100000000004,2938.5030000000006
2020-07-24,2697.914,3194.02,2945.967
2020-07-25,2538.477,2783.2590000000005,2660.8680000000004
2020-07-26,2442.54,2653.259,2547.8995
2020-07-27,2537.794,3151.086,2844.4399999999996
2020-07-28,2672.961,3123.895,2898.428
2020-07-29,2660.005,3131.663,2895.834
2020-07-30,2677.279,3193.295,2935.2870000000003
2020-07-31,2703.0549999999994,3212.788,2957.9214999999995
2020-08-01,2668.2610000000004,2898.3509999999997,2783.306
2020-08-02,2557.614,2824.1919999999996,2690.903
2020-08-03,2609.219,3285.084,2947.1515
2020-08-04,2766.221,3293.378,3029.7995
2020-08-05,2761.5900000000006,3285.768,3023.679
2020-08-06,2764.918,3278.3150000000005,3021.6165
2020-08-07,2776.9370000000004,3295.476,3036.2065000000002
2020-08-08,2697.1700000000005,2977.453,2837.3115000000003
2020-08-09,2596.7050000000004,2863.2619999999997,2729.9835000000003
2020-08-10,2637.175,3312.664,2974.9195
2020-08-11,2774.7370000000005,3315.788,3045.2625000000003
2020-08-12,2784.4850000000006,3320.4869999999996,3052.486
2020-08-13,2778.037,3323.892,3050.9645
2020-08-14,2791.578,3328.029,3059.8035
2020-08-15,2722.924,3026.717,2874.8205
2020-08-16,2615.01,2911.8830000000003,2763.4465
2020-08-17,2633.196,3277.847,2955.5215
2020-08-18,2757.558,3318.257,3037.9075000000003
2020-08-19,2755.82,3303.68,3029.75
2020-08-20,2752.054,3282.107,3017.0805
2020-08-21,2769.2200000000003,3276.4439999999995,3022.832
2020-08-22,2682.88,2941.5220000000004,2812.201
2020-08-23,2573.445,2860.2999999999997,2716.8725
2020-08-24,2623.781,3268.497,2946.139
2020-08-25,2760.576,3301.3199999999997,3030.948
2020-08-26,2772.296,3265.974,3019.135
2020-08-27,2768.061,3292.293,3030.177
2020-08-28,2801.221,3358.7250000000004,3079.973
2020-08-29,2723.225,3030.987,2877.1059999999998
2020-08-30,2618.474,2893.085,2755.7795
2020-08-31,2673.0629999999996,3346.1839999999997,3009.6234999999997
2020-09-01,2753.934,3288.336,3021.135
2020-09-02,2754.1290000000004,3289.743,3021.936
2020-09-03,2749.477,3259.5570000000002,3004.517
2020-09-04,2731.57,3234.2759999999994,2982.923
2020-09-05,2593.519,2877.489,2735.504
2020-09-06,2484.079,2746.5750000000003,2615.327
2020-09-07,2404.1769999999997,2678.8100000000004,2541.4935
2020-09-08,2703.941,3161.4530000000004,2932.697
2020-09-09,2706.757,3208.029,2957.393
2020-09-10,2694.413,3157.259,2925.8360000000002
2020-09-11,2691.229,3163.6500000000005,2927.4395000000004
2020-09-12,2591.2000000000003,2878.4199999999996,2734.81
2020-09-13,2491.968,2759.063,2625.5155
2020-09-14,2580.833,3207.299,2894.066
2020-09-15,2708.224,3227.4500000000003,2967.8370000000004
2020-09-16,2710.786,3231.258,2971.022
2020-09-17,2713.364,3184.472,2948.918
2020-09-18,2708.182,3174.8620000000005,2941.522
2020-09-19,2572.5260000000003,2809.774,2691.15
2020-09-20,2442.942,2616.902,2529.922
2020-09-21,2528.2440000000006,3072.0480000000002,2800.1460000000006
2020-09-22,2661.8540000000003,3108.1020000000003,2884.978
2020-09-23,2660.6420000000003,3094.9880000000003,2877.8150000000005
2020-09-24,2653.5670000000005,3072.422,2862.9945000000002
2020-09-25,2656.092,3105.184,2880.638
2020-09-26,2543.087,2806.743,2674.915
2020-09-27,2475.45,2739.1169999999997,2607.2834999999995
2020-09-28,2551.178,3107.228,2829.203
2020-09-29,2630.7550000000006,3062.243,2846.4990000000003
2020-09-30,2604.614,3071.9190000000003,2838.2665
2020-10-01,2476.235,3096.5599999999995,2786.3975
2020-10-02,2507.5609999999997,3048.5820000000003,2778.0715
2020-10-03,2422.9939999999997,2696.5179999999996,2559.7559999999994
2020-10-04,2319.794,2600.669,2460.2315
2020-10-05,2355.9970000000003,3075.4399999999996,2715.7185
2020-10-06,2502.2909999999997,3087.328,2794.8095
2020-10-07,2495.4449999999997,3111.54,2803.4925
2020-10-08,2537.5539999999996,3107.036,2822.295
2020-10-09,2568.496,3086.937,2827.7165
2020-10-10,2476.139,2765.0350000000003,2620.5870000000004
2020-10-11,2398.083,2675.634,2536.8585000000003
2020-10-12,2415.918,3175.8509999999997,2795.8845
2020-10-13,2541.3839999999996,3125.702,2833.5429999999997
2020-10-14,2529.3720000000003,3119.9339999999997,2824.6530000000002
2020-10-15,2545.031,3158.695,2851.8630000000003
2020-10-16,2522.325,2956.7129999999997,2739.519
2020-10-17,2443.178,2686.255,2564.7165
2020-10-18,2354.565,2641.7400000000002,2498.1525
2020-10-19,2408.591,3144.687,2776.639
2020-10-20,2553.373,3134.2300000000005,2843.8015000000005
2020-10-21,2552.8579999999997,3131.985,2842.4215
2020-10-22,2552.845,3131.685,2842.265
2020-10-23,2573.873,3118.642,2846.2574999999997
2020-10-24,2399.281,2610.191,2504.736
2020-10-25,2333.696,2561.721,2447.7084999999997
2020-10-26,2368.3,3082.592,2725.446
2020-10-27,2499.3140000000003,2992.895,2746.1045000000004
2020-10-28,2477.499,2950.808,2714.1535
2020-10-29,2480.7070000000003,2968.9,2724.8035
2020-10-30,2503.474,2971.2680000000005,2737.371
2020-10-31,2395.355,2616.6670000000004,2506.0110000000004
2020-11-01,2193.512,2413.612,2303.562
2020-11-02,2262.2999999999997,2898.558,2580.429
2020-11-03,2405.768,2900.015,2652.8914999999997
2020-11-04,2403.011,2941.318,2672.1645
2020-11-05,2420.018,2955.6519999999996,2687.835
2020-11-06,2437.905,2948.5060000000003,2693.2055
2020-11-07,2296.199,2542.71,2419.4545
2020-11-08,2220.844,2455.1789999999996,2338.0114999999996
2020-11-09,2310.7059999999997,3020.344,2665.5249999999996
2020-11-10,2469.084,3023.689,2746.3864999999996
2020-11-11,2458.5480000000002,3013.3370000000004,2735.9425
2020-11-12,2439.596,2993.106,2716.351
2020-11-13,2474.7929999999997,2982.554,2728.6735
2020-11-14,2361.8920000000003,2626.63,2494.2610000000004
2020-11-15,2251.5480000000002,2442.082,2346.815
2020-11-16,2258.284,2901.798,2580.041
2020-11-17,2404.518,2919.4380000000006,2661.978
2020-11-18,2408.173,2923.8579999999997,2666.0154999999995
2020-11-19,2421.867,2947.627,2684.7470000000003
2020-11-20,2450.44,2972.57,2711.505
2020-11-21,2305.4370000000004,2556.9249999999997,2431.181
2020-11-22,2234.9469999999997,2464.882,2349.9145
2020-11-23,2292.495,2905.286,2598.8905
2020-11-24,2428.9300000000003,2978.557,2703.7435
2020-11-25,2447.833,2945.913,2696.873
2020-11-26,2087.949,2226.347,2157.148
2020-11-27,2078.4159999999997,2315.9759999999997,2197.196
2020-11-28,2299.546,2501.054,2400.3
2020-11-29,2202.548,2393.551,2298.0495
2020-11-30,2278.638,2883.768,2581.203
2020-12-01,2375.7909999999997,2825.033,2600.412
2020-12-02,2371.6420000000003,2824.633,2598.1375
2020-12-03,2374.465,2818.4040000000005,2596.4345000000003
2020-12-04,2397.922,2822.0769999999998,2609.9995
2020-12-05,2245.3360000000002,2410.575,2327.9555
2020-12-06,2142.161,2327.39,2234.7754999999997
2020-12-07,2248.841,2820.2999999999997,2534.5705
2020-12-08,2376.7540000000004,2841.901,2609.3275000000003
2020-12-09,2355.258,2862.154,2608.706
2020-12-10,2361.48,2870.775,2616.1275
2020-12-11,2401.526,2875.286,2638.406
2020-12-12,2237.584,2414.428,2326.006
2020-12-13,2142.823,2300.393,2221.608
2020-12-14,2257.604,2807.451,2532.5275
2020-12-15,2387.069,2817.8410000000003,2602.455
2020-12-16,2393.0449999999996,2826.9629999999997,2610.004
2020-12-17,2395.6479999999997,2836.3430000000003,2615.9955
2020-12-18,2297.3120000000004,2630.964,2464.138
2020-12-19,2232.001,2406.624,2319.3125
2020-12-20,2139.9339999999997,2323.991,2231.9624999999996
2020-12-21,2229.698,2607.3769999999995,2418.5374999999995
2020-12-22,2343.442,2628.273,2485.8575
2020-12-23,2358.268,2675.835,2517.0515
2020-12-24,2349.232,2612.1839999999997,2480.7079999999996
2020-12-25,1927.086,2064.495,1995.7905
2020-12-26,2245.073,2415.3340000000003,2330.2035
2020-12-27,2127.462,2344.824,2236.143
2020-12-28,2091.224,2498.371,2294.7975
2020-12-29,2224.163,2514.886,2369.5245
2020-12-30,2232.35,2533.854,2383.102
2020-12-31,2208.717,2483.4779999999996,2346.0975
2021-01-01,1990.166,2185.031,2087.5985
2021-01-02,2229.398,2384.781,2307.0895
2021-01-03,2116.277,2304.997,2210.6369999999997
2021-01-04,2226.835,2834.99,2530.9125
2021-01-05,2375.371,2841.3160000000003,2608.3435
2021-01-06,2375.1059999999998,2853.4,2614.2529999999997
2021-01-07,2371.796,2824.0080000000003,2597.902
2021-01-08,2397.098,2823.4049999999997,2610.2515
2021-01-09,2228.813,2389.897,2309.355
2021-01-10,2137.3799999999997,2312.284,2224.832
2021-01-11,2280.6290000000004,2823.742,2552.1855000000005
2021-01-12,2409.0939999999996,2834.0970000000007,2621.5955000000004
2021-01-13,2392.77,2830.274,2611.522
2021-01-14,2381.695,2842.296,2611.9955
2021-01-15,2387.303,2821.273,2604.288
2021-01-16,2218.003,2378.435,2298.219
2021-01-17,2114.194,2294.349,2204.2715
2021-01-18,2257.937,2790.287,2524.112
2021-01-19,2373.33,2870.7999999999997,2622.0649999999996
2021-01-20,2372.8419999999996,2825.038,2598.9399999999996
2021-01-21,2376.969,2839.545,2608.257
2021-01-22,2392.578,2846.8610000000003,2619.7195
2021-01-23,2211.96,2386.2799999999997,2299.12
2021-01-24,2115.9410000000003,2335.757,2225.849
2021-01-25,2258.14,2872.5400000000004,2565.34
2021-01-26,2374.7079999999996,2876.675,2625.6915
2021-01-27,2369.688,2830.5490000000004,2600.1185000000005
2021-01-28,2359.718,2814.78,2587.249
2021-01-29,2382.7870000000003,2820.5929999999994,2601.6899999999996
2021-01-30,2215.3450000000003,2414.6079999999997,2314.9764999999998
2021-01-31,2103.385,2297.825,2200.605
2021-02-01,2251.7450000000003,2827.7980000000002,2539.7715000000003
2021-02-02,2382.88,2848.5579999999995,2615.719
2021-02-03,2386.4359999999997,2859.59,2623.013
2021-02-04,2385.879,2905.9169999999995,2645.8979999999997
2021-02-05,2398.575,2833.677,2616.126
2021-02-06,2260.306,2438.4350000000004,2349.3705
2021-02-07,2152.373,2346.981,2249.677
2021-02-08,2242.5190000000002,2830.943,2536.731
2021-02-09,2387.4249999999997,2886.925,2637.175
2021-02-10,2383.5170000000003,2842.5719999999997,2613.0445
2021-02-11,2393.282,2839.2170000000006,2616.2495000000004
2021-02-12,2431.31,2874.371,2652.8405000000002
2021-02-13,2298.1,2465.393,2381.7465
2021-02-14,2205.304,2371.925,2288.6145
2021-02-15,2153.0402000000004,2751.445,2452.2426000000005
2021-02-16,2396.592,2816.7134,2606.6527
2021-02-17,2377.207,2792.008,2584.6075
2021-02-18,2393.242,2821.8405,2607.54125
2021-02-19,2446.372,2872.92,2659.6459999999997
2021-02-20,2278.677,2442.119,2360.398
2021-02-21,2157.437,2349.5,2253.4685
2021-02-22,2255.996,2836.0860000000002,2546.041
2021-02-23,2370.315,2855.2339999999995,2612.7744999999995
2021-02-24,2377.972,2892.766,2635.369
2021-02-25,2394.158,2876.582,2635.37
2021-02-26,2403.978,2895.7919999999995,2649.8849999999998
2021-02-27,2279.3740000000003,2467.0550000000003,2373.2145
2021-02-28,2185.896,2402.8549999999996,2294.3755
2021-03-01,2269.62,2849.4919999999997,2559.5559999999996
2021-03-02,2388.784,2849.4750000000004,2619.1295
2021-03-03,2390.459,2857.6260000000007,2624.0425000000005
2021-03-04,2391.052,2865.766,2628.409
2021-03-05,2399.3390000000004,2880.9910000000004,2640.1650000000004
2021-03-06,2219.5420000000004,2413.155,2316.3485
2021-03-07,2134.266,2314.8610000000003,2224.5635
2021-03-08,2243.376,2868.568,2555.972
2021-03-09,2389.298,2893.8360000000002,2641.567
2021-03-10,2397.5660000000003,2914.1229999999996,2655.8445
2021-03-11,2410.288,2930.7609999999995,2670.5244999999995
2021-03-12,2439.425,2947.5730000000003,2693.4990000000003
2021-03-13,2253.474,2499.818,2376.646
2021-03-14,2224.986,2384.24,2304.613
2021-03-15,2300.17,2975.761,2637.9655000000002
2021-03-16,2460.446,2996.679,2728.5625
2021-03-17,2483.143,2993.468,2738.3055
2021-03-18,2428.13,2909.4210000000003,2668.7755
2021-03-19,2455.1730000000002,2903.333,2679.253
2021-03-20,2280.004,2471.283,2375.6435
2021-03-21,2188.001,2363.58,2275.7905
2021-03-22,2289.654,2955.048,2622.3509999999997
2021-03-23,2428.3450000000003,2983.7700000000004,2706.0575000000003
2021-03-24,2451.5589999999997,2944.0759999999996,2697.8174999999997
2021-03-25,2456.039,2984.145,2720.092
2021-03-26,2453.4199999999996,2983.1200000000003,2718.27
2021-03-27,2340.5209999999997,2559.7720000000004,2450.1465
2021-03-28,2210.846,2367.163,2289.0045
2021-03-29,2281.824,2927.595,2604.7095
2021-03-30,2435.273,2997.817,2716.545
2021-03-31,2456.8559999999998,2971.377,2714.1165
2021-04-01,2474.3460000000005,2975.3830000000003,2724.8645000000006
2021-04-02,2494.426,2956.2439999999997,2725.335
2021-04-03,2314.812,2504.5899999999997,2409.701
2021-04-04,2229.058,2429.899,2329.4785
2021-04-05,2333.277,3019.8650000000002,2676.571
2021-04-06,2500.2390000000005,3058.473,2779.356
2021-04-07,2524.177,3064.435,2794.306
2021-04-08,2501.92,3091.1499999999996,2796.535
2021-04-09,2554.667,3079.5209999999997,2817.094
2021-04-10,2370.617,2626.4689999999996,2498.5429999999997
2021-04-11,2236.601,2475.37,2355.9855
2021-04-12,2335.476,3074.946,2705.2110000000002
2021-04-13,2520.852,3076.3740000000003,2798.6130000000003
2021-04-14,2526.719,3065.279,2795.999
2021-04-15,2496.7149999999992,3000.861,2748.7879999999996
2021-04-16,2511.019,2999.317,2755.1679999999997
2021-04-17,2310.212,2508.717,2409.4645
2021-04-18,2217.074,2394.338,2305.706
2021-04-19,2317.3329999999996,2983.3389999999995,2650.3359999999993
2021-04-20,2461.542,3020.0829999999996,2740.8125
2021-04-21,2462.82,2952.828,2707.824
2021-04-22,2466.88,2980.6220000000003,2723.751
2021-04-23,2500.391,3017.4410000000003,2758.916
2021-04-24,2383.796,2641.841,2512.8185
2021-04-25,2254.878,2475.142,2365.01
2021-04-26,2342.64,3067.424,2705.032
2021-04-27,2520.3309999999997,3064.58,2792.4555
2021-04-28,2535.631,3106.721,2821.176
2021-04-29,2542.431,3093.644,2818.0375
2021-04-30,2556.188,3028.33,2792.259
2021-05-01,2421.856,2653.972,2537.914
2021-05-02,2347.978,2583.281,2465.6295
2021-05-03,2463.101,3211.829,2837.465
2021-05-04,2626.9320000000002,3196.624,2911.7780000000002
2021-05-05,2578.0499999999997,3142.7599999999998,2860.4049999999997
2021-05-06,2570.015,3151.839,2860.9269999999997
2021-05-07,2589.162,3166.822,2877.992
2021-05-08,2449.663,2709.006,2579.3345
2021-05-09,2380.878,2609.2780000000002,2495.0780000000004
2021-05-10,2478.678,3241.951,2860.3145
2021-05-11,2635.679,3223.2050000000004,2929.442
2021-05-12,2565.531,3085.03,2825.2805
2021-05-13,2566.4579999999996,3102.608,2834.533
2021-05-14,2585.58,3129.5570000000002,2857.5685000000003
2021-05-15,2433.696,2688.212,2560.9539999999997
2021-05-16,2349.7329999999997,2539.733,2444.733
2021-05-17,2446.679,3187.267,2816.973
2021-05-18,2590.834,3148.6140000000005,2869.724
2021-05-19,2561.521,3067.789,2814.655
2021-05-20,2568.8590000000004,3140.75,2854.8045
2021-05-21,2611.2090000000003,3152.3619999999996,2881.7855
2021-05-22,2453.655,2698.276,2575.9655000000002
2021-05-23,2360.754,2548.2700000000004,2454.512
2021-05-24,2454.101,3161.899,2808.0
2021-05-25,2608.941,3169.6510000000003,2889.2960000000003
2021-05-26,2611.1230000000005,3199.556,2905.3395
2021-05-27,2619.234,3221.0190000000002,2920.1265000000003
2021-05-28,2650.047,3188.1949999999997,2919.121
2021-05-29,2461.911,2719.218,2590.5645
2021-05-30,2373.031,2577.83,2475.4305
2021-05-31,2334.484,2651.621,2493.0525
2021-06-01,2662.05,3108.148,2885.099
2021-06-02,2648.612,3120.158,2884.385
2021-06-03,2642.438,3099.0599999999995,2870.749
2021-06-04,2649.9979999999996,3080.3450000000003,2865.1715
2021-06-05,2562.0640000000003,2797.093,2679.5785
2021-06-06,2463.75,2703.679,2583.7145
2021-06-07,2559.201,3171.607,2865.404
2021-06-08,2701.1110000000003,3196.91,2949.0105000000003
2021-06-09,2709.105,3197.179,2953.142
2021-06-10,2696.41,3191.2769999999996,2943.8435
2021-06-11,2706.8600000000006,3199.806,2953.3330000000005
2021-06-12,2621.093,2893.247,2757.17
2021-06-13,2528.04,2794.935,2661.4875
2021-06-14,2573.588,3246.21,2909.8990000000003
2021-06-15,2698.124,3213.789,2955.9565000000002
2021-06-16,2679.693,3181.847,2930.7700000000004
2021-06-17,2692.57,3195.693,2944.1315000000004
2021-06-18,2695.3060000000005,3181.181,2938.2435000000005
2021-06-19,2608.8239999999996,2884.998,2746.911
2021-06-20,2511.9120000000003,2749.469,2630.6905
2021-06-21,2582.523,3194.051,2888.2870000000003
2021-06-22,2692.6890000000003,3163.03,2927.8595000000005
2021-06-23,2693.9069999999997,3184.5,2939.2034999999996
2021-06-24,2700.4139999999998,3204.692,2952.553
2021-06-25,2717.946,3225.694,2971.8199999999997
2021-06-26,2627.2850000000003,2882.1959999999995,2754.7405
2021-06-27,2505.627,2691.2790000000005,2598.4530000000004
2021-06-28,2549.6040000000003,3088.461,2819.0325000000003
2021-06-29,2664.3199999999997,3104.9100000000003,2884.615
2021-06-30,2668.1839999999997,3155.5100000000007,2911.847
2021-07-01,2660.656,3151.8650000000002,2906.2605000000003
2021-07-02,2675.998,3188.839,2932.4184999999998
2021-07-03,2539.3419999999996,2778.6400000000003,2658.991
2021-07-04,2128.799,2333.66,2231.2295
2021-07-05,2525.433,3097.176,2811.3045
2021-07-06,2644.2180000000003,3100.895,2872.5565
2021-07-07,2641.9579999999996,3093.469,2867.7135
2021-07-08,2645.83,3077.613,2861.7214999999997
2021-07-09,2647.8040000000005,3086.307,2867.0555000000004
2021-07-10,2538.467,2803.144,2670.8055
2021-07-11,2443.6659999999997,2669.236,2556.451
2021-07-12,2548.3360000000002,3146.804,2847.57
2021-07-13,2655.992,3130.578,2893.285
2021-07-14,2652.213,3124.576,2888.3945000000003
2021-07-15,2659.225,3149.8999999999996,2904.5625
2021-07-16,2687.835,3173.741,2930.788
2021-07-17,2558.0939999999996,2826.484,2692.2889999999998
2021-07-18,2456.396,2698.025,2577.2105
2021-07-19,2558.501,3191.4179999999997,2874.9595
2021-07-20,2674.277,3131.894,2903.0855
2021-07-21,2665.617,3143.482,2904.5495
2021-07-22,2667.5220000000004,3154.018,2910.7700000000004
2021-07-23,2691.416,3202.162,2946.7889999999998
2021-07-24,2567.1150000000002,2845.914,2706.5145
2021-07-25,2455.3340000000003,2720.248,2587.791
2021-07-26,2560.772,3200.232,2880.502
2021-07-27,2688.403,3187.303,2937.853
2021-07-28,2673.752,3183.3689999999997,2928.5604999999996
2021-07-29,2693.29,3214.7850000000003,2954.0375000000004
2021-07-30,2703.699,3214.2680000000005,2958.9835000000003
2021-07-31,2570.215,2856.217,2713.2160000000003
2021-08-01,2603.293,2869.556,2736.4245
2021-08-02,2644.0529999999994,3274.2859999999996,2959.1694999999995
2021-08-03,2759.5359999999996,3239.2580000000003,2999.397
2021-08-04,2755.623,3226.6720000000005,2991.1475
2021-08-05,2745.835,3204.7329999999997,2975.2839999999997
2021-08-06,2749.4360000000006,3241.937,2995.6865000000003
2021-08-07,2681.4240000000004,2967.716,2824.57
2021-08-08,2589.6789999999996,2853.154,2721.4165
2021-08-09,2650.211,3307.166,2978.6885
2021-08-10,2781.434,3309.015,3045.2245000000003
2021-08-11,2772.0029999999997,3290.298,3031.1504999999997
2021-08-12,2763.4510000000005,3283.761,3023.606
2021-08-13,2769.458,3265.862,3017.66
2021-08-14,2688.619,2980.1259999999993,2834.3724999999995
2021-08-15,2576.5769999999998,2846.547,2711.562
2021-08-16,2616.026,3247.582,2931.804
2021-08-17,2746.635,3260.705,3003.67
2021-08-18,2760.322,3253.4829999999997,3006.9025
2021-08-19,2770.866,3289.912,3030.389
2021-08-20,2785.1679999999997,3305.2459999999996,3045.2069999999994
2021-08-21,2708.104,3003.985,2856.0445
2021-08-22,2592.9059999999995,2860.508,2726.7069999999994
2021-08-23,2627.167,3296.6880000000006,2961.9275000000002
2021-08-24,2768.7149999999997,3304.067,3036.3909999999996
2021-08-25,2773.099,3305.885,3039.492
2021-08-26,2770.573,3298.878,3034.7255
2021-08-27,2770.5789999999997,3244.3500000000004,3007.4645
2021-08-28,2678.994,2942.38,2810.687
2021-08-29,2576.7089999999994,2860.7140000000004,2718.7115
2021-08-30,2634.291,3322.173,2978.232
2021-08-31,2785.163,3335.986,3060.5744999999997
2021-09-01,2728.948,3227.8889999999997,2978.4184999999998
2021-09-02,2718.5910000000003,3223.9890000000005,2971.2900000000004
2021-09-03,2721.3859999999995,3198.801,2960.0935
2021-09-04,2603.792,2899.2239999999997,2751.508
2021-09-05,2508.842,2786.7630000000004,2647.8025000000002
2021-09-06,2414.011,2698.6690000000003,2556.34
2021-09-07,2695.3370000000004,3184.5209999999997,2939.929
2021-09-08,2679.821,3187.2690000000002,2933.545
2021-09-09,2681.744,3205.4210000000003,2943.5825000000004
2021-09-10,2697.848,3179.7229999999995,2938.7855
2021-09-11,2555.284,2823.845,2689.5645
2021-09-12,2458.352,2711.3309999999997,2584.8414999999995
2021-09-13,2551.476,3109.8119999999994,2830.644
2021-09-14,2664.052,3096.524,2880.288
2021-09-15,2659.496,3107.23,2883.3630000000003
2021-09-16,2662.449,3116.389,2889.419
2021-09-17,2678.231,3159.394,2918.8125
2021-09-18,2587.6890000000003,2860.216,2723.9525000000003
2021-09-19,2477.645,2745.2630000000004,2611.454
2021-09-20,2573.893,3237.792,2905.8424999999997
2021-09-21,2713.187,3229.4960000000005,2971.3415000000005
2021-09-22,2684.248,3111.66,2897.9539999999997
2021-09-23,2632.4750000000004,3080.1160000000004,2856.2955
2021-09-24,2632.987,3093.759,2863.373
2021-09-25,2518.3089999999997,2779.315,2648.812
2021-09-26,2420.555,2669.773,2545.1639999999998
2021-09-27,2521.6670000000004,3160.8210000000004,2841.2440000000006
2021-09-28,2687.9539999999997,3156.599,2922.2765
2021-09-29,2668.3699999999994,3119.491,2893.9304999999995
2021-09-30,2678.9229999999993,3144.776,2911.8494999999994
2021-10-01,2575.5570000000002,3074.7210000000005,2825.139
2021-10-02,2478.623,2711.1719999999996,2594.8975
2021-10-03,2385.076,2638.13,2511.603
2021-10-04,2393.486,3143.656,2768.571
2021-10-05,2527.703,3126.24,2826.9714999999997
2021-10-06,2518.944,3124.014,2821.4790000000003
2021-10-07,2518.135,3126.7090000000003,2822.4220000000005
2021-10-08,2541.267,3125.86,2833.5635
2021-10-09,2478.911,2751.529,2615.2200000000003
2021-10-10,2403.47,2674.1719999999996,2538.821
2021-10-11,2401.574,3150.4709999999995,2776.0225
2021-10-12,2570.638,3177.776,2874.207
2021-10-13,2578.912,3193.283,2886.0975
2021-10-14,2581.758,3120.7799999999997,2851.269
2021-10-15,2594.393,3171.478,2882.9355
2021-10-16,2414.506,2647.205,2530.8554999999997
2021-10-17,2319.7909999999997,2517.168,2418.4795
2021-10-18,2331.054,3022.717,2676.8855000000003
2021-10-19,2474.8459999999995,3060.6440000000002,2767.745
2021-10-20,2511.2740000000003,3115.7459999999996,2813.51
2021-10-21,2531.632,3121.8869999999997,2826.7595
2021-10-22,2553.886,3119.6899999999996,2836.7879999999996
2021-10-23,2468.7619999999997,2737.6620000000003,2603.212
2021-10-24,2382.281,2644.7839999999997,2513.5325
2021-10-25,2409.386,3166.826,2788.1059999999998
2021-10-26,2567.856,3141.403,2854.6295
2021-10-27,2561.073,3081.6779999999994,2821.3754999999996
2021-10-28,2494.0519999999997,3039.504,2766.778
2021-10-29,2506.5280000000002,3002.352,2754.44
2021-10-30,2397.506,2634.2200000000003,2515.8630000000003
2021-10-31,2314.8210000000004,2540.1710000000003,2427.496
2021-11-01,2317.549,3016.0319999999997,2666.7905
2021-11-02,2473.4649999999997,3019.294,2746.3795
2021-11-03,2480.6400000000003,2979.6180000000004,2730.1290000000004
2021-11-04,2461.8579999999997,2930.186,2696.022
2021-11-05,2483.8740000000003,2941.7959999999994,2712.835
2021-11-06,2343.911,2539.2079999999996,2441.5595
2021-11-07,2204.12,2391.005,2297.5625
2021-11-08,2262.09,2926.9959999999996,2594.5429999999997
2021-11-09,2417.5769999999998,2939.8250000000003,2678.701
2021-11-10,2420.681,2981.756,2701.2185
2021-11-11,2442.4759999999997,2945.322,2693.899
2021-11-12,2436.338,2934.735,2685.5365
2021-11-13,2280.4120000000003,2476.2200000000003,2378.3160000000003
2021-11-14,2192.413,2411.698,2302.0555
2021-11-15,2271.943,2971.675,2621.809
2021-11-16,2421.2819999999997,2994.556,2707.919
2021-11-17,2444.602,3019.2259999999997,2731.9139999999998
2021-11-18,2442.4919999999997,2916.201,2679.3464999999997
2021-11-19,2430.386,2884.9829999999997,2657.6845
2021-11-20,2297.688,2509.331,2403.5095
2021-11-21,2202.644,2463.0080000000003,2332.826
2021-11-22,2284.643,2918.755,2601.699
2021-11-23,2411.1130000000003,2898.9439999999995,2655.0285
2021-11-24,2425.2000000000003,2955.908,2690.554
2021-11-25,2054.071,2242.404,2148.2375
2021-11-26,2028.1909999999998,2261.728,2144.9595
2021-11-27,2285.241,2483.063,2384.152
2021-11-28,2212.4089999999997,2397.401,2304.9049999999997
2021-11-29,2277.393,2905.1459999999997,2591.2695
2021-11-30,2406.3700000000003,2912.115,2659.2425000000003
2021-12-01,2365.9730000000004,2877.617,2621.795
2021-12-02,2372.656,2892.594,2632.625
2021-12-03,2398.504,2908.047,2653.2754999999997
2021-12-04,2271.202,2482.112,2376.657
2021-12-05,2163.935,2416.038,2289.9865
2021-12-06,2294.356,2910.8250000000003,2602.5905000000002
2021-12-07,2368.7940000000003,2829.403,2599.0985
2021-12-08,2385.991,2845.8769999999995,2615.9339999999997
2021-12-09,2388.123,2950.0980000000004,2669.1105000000002
2021-12-10,2449.376,2967.468,2708.422
2021-12-11,2240.964,2413.346,2327.1549999999997
2021-12-12,2125.266,2319.3849999999998,2222.3255
2021-12-13,2238.1730000000002,2823.591,2530.882
2021-12-14,2373.596,2923.361,2648.4785
2021-12-15,2412.83,2948.55,2680.69
2021-12-16,2427.66,2957.576,2692.618
2021-12-17,2441.301,2940.968,2691.1345
2021-12-18,2217.855,2444.491,2331.173
2021-12-19,2123.319,2323.527,2223.423
2021-12-20,2234.9890000000005,2590.121,2412.5550000000003
2021-12-21,2347.061,2611.4829999999997,2479.272
2021-12-22,2344.8830000000003,2630.171,2487.527
2021-12-23,2352.643,2664.1800000000003,2508.4115
2021-12-24,2327.889,2681.0039999999995,2504.4465
2021-12-25,2273.194,2493.7549999999997,2383.4745
2021-12-26,2182.0069999999996,2411.268,2296.6375
2021-12-27,2289.037,2921.847,2605.442
2021-12-28,2429.508,2950.046,2689.777
2021-12-29,2434.589,2961.672,2698.1305
2021-12-30,2411.613,2937.4449999999997,2674.5289999999995
2021-12-31,2440.213,2952.6939999999995,2696.4534999999996
2022-01-01,1855.715,2034.777,1945.246
2022-01-02,2099.835,2306.6820000000002,2203.2585
2022-01-03,2266.855,2822.198,2544.5265
2022-01-04,2388.8920000000003,2837.3120000000004,2613.1020000000003
2022-01-05,2357.634,2870.028,2613.831
2022-01-06,2382.94,2856.3309999999997,2619.6355
2022-01-07,2393.199,2819.2690000000002,2606.2340000000004
2022-01-08,2220.702,2428.227,2324.4645
2022-01-09,2133.882,2323.2909999999997,2228.5865
2022-01-10,2237.388,2806.753,2522.0705
2022-01-11,2370.701,2819.2540000000004,2594.9775
2022-01-12,2383.591,2826.9309999999996,2605.2609999999995
2022-01-13,2375.962,2842.796,2609.379
2022-01-14,2363.551,2838.0969999999998,2600.8239999999996
2022-01-15,2219.3050000000003,2380.418,2299.8615
2022-01-16,2120.5860000000002,2300.7529999999997,2210.6695
2022-01-17,2260.407,2782.759,2521.583
2022-01-18,2346.931,2849.723,2598.327
2022-01-19,2375.69,2891.657,2633.6735
2022-01-20,2374.132,2817.2299999999996,2595.6809999999996
2022-01-21,2409.453,2840.98,2625.2165
2022-01-22,2234.46,2394.595,2314.5275
2022-01-23,2114.335,2295.058,2204.6965
2022-01-24,2254.226,2796.9590000000003,2525.5925
2022-01-25,2377.62,2819.871,2598.7455
2022-01-26,2372.183,2817.748,2594.9655000000002
2022-01-27,2373.149,2823.838,2598.4935
2022-01-28,2388.158,2816.824,2602.491
2022-01-29,2208.319,2376.1020000000003,2292.2105
2022-01-30,2103.517,2298.154,2200.8355
2022-01-31,2244.229,2812.766,2528.4975
2022-02-01,2386.117,2854.2400000000002,2620.1785
2022-02-02,2381.695,2869.574,2625.6345
2022-02-03,2406.014968199714,2859.440127999453,2632.7275480995836
2022-02-04,2451.7377834065824,2896.370923921729,2674.0543536641558
2022-02-05,2296.219484407873,2463.888538572823,2380.054011490348
2022-02-06,2178.8547921541895,2349.6722529595,2264.2635225568447
2022-02-07,2272.660902894361,2842.765220168053,2557.713061531207
2022-02-08,2392.8810332418375,2859.231853663771,2626.056443452804
2022-02-09,2392.5978980708633,2863.0559823121366,2627.8269401915
2022-02-10,2387.890972670415,2869.813309525548,2628.8521410979815
2022-02-11,2402.9126058361007,2862.666292786377,2632.789449311239
2022-02-12,2265.2255267966175,2422.576089608631,2343.900808202624
2022-02-13,2163.483659117933,2339.314928572661,2251.3992938452966
2022-02-14,2261.6782219924594,2846.612063228981,2554.14514261072
2022-02-15,2387.8445237345995,2874.795141340097,2631.3198325373482
2022-02-16,2389.413635274605,2900.9670221497745,2645.1903287121895
2022-02-17,2393.680611007943,2905.8368883152616,2649.7587496616025
2022-02-18,2402.591633623438,2841.2860468370422,2621.93884023024
2022-02-19,2256.5589642825225,2422.7642231968152,2339.661593739669
2022-02-20,2154.975515821609,2341.4512554495586,2248.213385635584
2022-02-21,2131.1928270581984,2852.0632826396804,2491.6280548489394
2022-02-22,2399.06682271731,2916.4714326902726,2657.769127703791
2022-02-23,2372.2651089633846,2837.790403792678,2605.027756378031
2022-02-24,2395.114812844045,2844.8142480724805,2619.9645304582627
2022-02-25,2424.3514775227695,2855.7028558470274,2640.0271666848985
2022-02-26,2273.6248708584712,2442.746793159413,2358.1858320089423
2022-02-27,2161.987687702822,2325.1623884742216,2243.575038088522
2022-02-28,2259.6740854797126,2830.9607951471517,2545.317440313432
2022-03-01,2401.324460300929,2881.3799488739487,2641.352204587439
2022-03-02,2397.5564316126333,2885.8558375147395,2641.7061345636866
2022-03-03,2386.446559979394,2901.8657131582627,2644.1561365688285
2022-03-04,2419.326881091512,2906.886926773304,2663.106903932408
2022-03-05,2252.3961622565603,2492.9094219723343,2372.652792114447
2022-03-06,2175.5786043127505,2360.643897022396,2268.111250667573
2022-03-07,2239.2677257581113,2869.3371547478014,2554.3024402529563
2022-03-08,2396.352992804452,2852.134361343331,2624.2436770738914
2022-03-09,2401.8581624991293,2857.5794819656217,2629.7188222323757
2022-03-10,2399.57558156569,2876.9937896711017,2638.284685618396
2022-03-11,2416.9028755099525,2863.34644682648,2640.1246611682163
2022-03-12,2229.835667007035,2427.5944984181006,2328.715082712568
2022-03-13,2161.844,2363.0005851145374,2262.4222925572685
2022-03-14,2293.247005645999,2968.7108649166667,2630.9789352813327
2022-03-15,2443.2926271521765,2964.7250007339667,2704.008813943072
2022-03-16,2434.9167478961745,2968.4249076103547,2701.6708277532643
2022-03-17,2451.8121362058837,2970.8544454124503,2711.333290809167
2022-03-18,2472.455937614888,2953.8773757605554,2713.166656687722
2022-03-19,2280.0016597831254,2489.335142256471,2384.6684010197982
2022-03-20,2184.7605572680463,2376.945418264248,2280.852987766147
2022-03-21,2300.2715963682185,2969.789229446979,2635.0304129075985
2022-03-22,2452.4912486817543,2955.489587219032,2703.990417950393
2022-03-23,2437.4801743290714,2925.7665265551377,2681.6233504421043
2022-03-24,2433.431712083703,2933.9458753186077,2683.688793701155
2022-03-25,2443.414269282417,2973.8980566008213,2708.656162941619
2022-03-26,2301.7396085876403,2530.6934241106487,2416.2165163491445
2022-03-27,2209.204901567808,2437.158306878392,2323.1816042231003
2022-03-28,2313.9642985195287,3024.674684980969,2669.3194917502487
2022-03-29,2482.739531222129,3027.765330834394,2755.2524310282615
2022-03-30,2484.4402268270355,3005.788658775301,2745.1144428011685
2022-03-31,2436.3651775800217,2957.7432408746267,2697.0542092273245
2022-04-01,2509.753460402095,3023.4842886713777,2766.6188745367363
2022-04-02,2342.5395110851728,2590.801141112172,2466.6703260986724
2022-04-03,2253.9670716187534,2464.7903241162794,2359.378697867516
2022-04-04,2366.2763610254938,3048.024743606154,2707.150552315824
2022-04-05,2526.6299017381225,3112.315043353515,2819.472472545819
2022-04-06,2534.981776987612,3083.812756379867,2809.39726668374
2022-04-07,2486.769923885783,3023.13612260041,2754.9530232430966
2022-04-08,2498.86443681046,3007.7768619038675,2753.320649357164
2022-04-09,2338.359147402537,2573.0811470922017,2455.7201472473694
2022-04-10,2257.011461641618,2475.688824424514,2366.350143033066
2022-04-11,2377.4785626505964,3088.9698540077948,2733.224208329196
2022-04-12,2542.7740348778607,3091.632967013255,2817.2035009455576
2022-04-13,2545.089250357629,3085.9493156200356,2815.5192829888324
2022-04-14,2500.4525579908836,3063.5972961047346,2782.024927047809
2022-04-15,2541.8969111258857,3059.729757472074,2800.81333429898
2022-04-16,2389.230194928997,2627.893523133757,2508.561859031377
2022-04-17,2292.134496658544,2519.6663854274443,2405.9004410429943
2022-04-18,2371.4400069010967,3072.1312075958062,2721.7856072484515
2022-04-19,2493.3913881570725,3024.6295334230276,2759.0104607900503
2022-04-20,2522.695951140307,3090.532222392499,2806.614086766403
2022-04-21,2538.4703770505953,3102.115387201007,2820.292882125801
2022-04-22,2565.8021350036247,3095.129102033976,2830.4656185188005
2022-04-23,2381.0765589520374,2633.0427963370166,2507.0596776445273
2022-04-24,2288.9484269891523,2499.2421835465607,2394.0953052678565
2022-04-25,2379.9285992272967,3084.125508114274,2732.0270536707853
2022-04-26,2502.4090537573034,3023.3182288338844,2762.863641295594
2022-04-27,2489.720949480434,3039.5740286179907,2764.6474890492123
2022-04-28,2504.2711531386212,3076.197475522991,2790.2343143308062
2022-04-29,2546.389048140686,3094.8467042558896,2820.617876198288
2022-04-30,2389.730362506767,2643.0566727992987,2516.393517653033
2022-05-01,2367.6292295247695,2592.632060566198,2480.130645045484
2022-05-02,2472.351838669002,3219.940168164892,2846.1460034169468
2022-05-03,2620.111784307116,3201.7020555012828,2910.9069199041996
2022-05-04,2624.4207761531084,3212.9109795874874,2918.6658778702977
2022-05-05,2629.12972129049,3201.199952824166,2915.164837057328
2022-05-06,2627.894714976097,3213.87167031331,2920.8831926447037
2022-05-07,2488.4362093211207,2759.51440154024,2623.9753054306802
2022-05-08,2401.8970631600946,2648.765234839575,2525.331148999835
2022-05-09,2501.789397011411,3274.740544159261,2888.264970585336
2022-05-10,2648.8946639534865,3251.811848826346,2950.353256389916
2022-05-11,2631.4411875971855,3231.3162768147504,2931.378732205968
2022-05-12,2616.5750685389276,3226.4447046665136,2921.5098866027206
2022-05-13,2635.3835628477827,3223.585191522551,2929.484377185167
2022-05-14,2475.354485938493,2742.4782763428066,2608.9163811406497
2022-05-15,2374.9288245123557,2645.467586180345,2510.1982053463503
2022-05-16,2475.6153262018065,3265.4631531578616,2870.5392396798343
2022-05-17,2629.3156235057904,3254.628169589314,2941.971896547552
2022-05-18,2638.9813960230704,3269.268856587471,2954.125126305271
2022-05-19,2643.50928243611,3265.8138549044934,2954.6615686703017
2022-05-20,2674.9073283717303,3259.864591528572,2967.385959950151
2022-05-21,2503.5241490679014,2777.005036401258,2640.2645927345798
2022-05-22,2362.3285467953906,2576.717172733122,2469.5228597642563
2022-05-23,2451.42016508002,3166.02800466633,2808.7240848731753
2022-05-24,2606.0938247773956,3146.365199408469,2876.229512092932
2022-05-25,2574.8567381828893,3151.3939242921856,2863.1253312375375
2022-05-26,2574.820080458421,3209.707847372205,2892.263963915313
2022-05-27,2630.3342639457674,3239.7399403722447,2935.0371021590063
2022-05-28,2478.4935143424445,2761.8573618256823,2620.1754380840634
2022-05-29,2395.785931436481,2639.1404165650465,2517.4631740007635
2022-05-30,2372.0951968142163,2695.5926398364563,2533.8439183253363
2022-05-31,2651.3690715091157,3259.6068953228764,2955.487983415996
2022-06-01,2692.7771870753295,3177.565303411242,2935.1712452432857
2022-06-02,2678.6849082874164,3156.7785907478583,2917.7317495176376
2022-06-03,2681.047053726975,3139.597490456297,2910.3222720916356
2022-06-04,2578.892496994177,2837.3569527921973,2708.124724893187
2022-06-05,2478.2629666881116,2735.5792990635405,2606.921132875826
2022-06-06,2564.4960096519067,3189.482519638583,2876.989264645245
2022-06-07,2699.744520913798,3202.707409761101,2951.2259653374495
2022-06-08,2703.609459027106,3207.8999512432583,2955.754705135182
2022-06-09,2698.0750387689573,3203.968100094874,2951.021569431916
2022-06-10,2716.380418994956,3216.144456790902,2966.262437892929
2022-06-11,2629.0987138529667,2899.593088050646,2764.3459009518065
2022-06-12,2526.615660960193,2785.828433737132,2656.2220473486623
2022-06-13,2590.9377254912156,3236.07150130174,2913.504613396478
2022-06-14,2717.0125108232864,3222.213826975241,2969.6131688992637
2022-06-15,2716.43790444222,3223.587611418294,2970.012757930257
2022-06-16,2704.9049267349073,3223.877252806673,2964.39108977079
2022-06-17,2718.370688313543,3216.6887001080822,2967.5296942108125
2022-06-18,2616.289437078227,2891.45930204108,2753.874369559653
2022-06-19,2512.438531307935,2802.7397404799995,2657.589135893967
2022-06-20,2578.0483100608108,3254.4496157817525,2916.2489629212814
2022-06-21,2710.111005866396,3233.4361956235766,2971.7736007449867
2022-06-22,2703.181955697223,3226.0016743517594,2964.5918150244916
2022-06-23,2707.7308650980794,3237.2644350293976,2972.4976500637385
2022-06-24,2725.087906283702,3228.319371214204,2976.703638748953
2022-06-25,2615.7594467557265,2905.0191798254255,2760.389313290576
2022-06-26,2511.4016953568976,2804.264433539553,2657.8330644482253
2022-06-27,2576.2150670106735,3213.5173205963133,2894.8661938034934
2022-06-28,2693.4189877304984,3172.7001509271513,2933.059569328825
2022-06-29,2680.1532029554646,3185.420353701646,2932.7867783285556
2022-06-30,2681.474312639801,3123.979111303584,2902.7267119716926
2022-07-01,2669.803421444703,3114.5223821695768,2892.16290180714
2022-07-02,2544.984968396421,2816.7005172426643,2680.8427428195428
2022-07-03,2444.125904207382,2703.2481942100403,2573.687049208711
2022-07-04,2407.0167902927237,2789.1680411107927,2598.092415701758
2022-07-05,2691.3896503565,3198.98538641119,2945.187518383845
2022-07-06,2688.6465923744695,3186.2089512953435,2937.4277718349067
2022-07-07,2687.5102344103707,3199.5369690774587,2943.5236017439147
2022-07-08,2702.9469549675027,3212.3631481374314,2957.655051552467
2022-07-09,2574.4627206866717,2856.20136685912,2715.3320437728958
2022-07-10,2476.687666827701,2761.94586344963,2619.3167651386657
2022-07-11,2581.818257409597,3241.2777438395888,2911.548000624593
2022-07-12,2708.182988822416,3237.3289273406676,2972.755958081542
2022-07-13,2696.946515665826,3222.139335070077,2959.5429253679513
2022-07-14,2682.152269426486,3190.945173842003,2936.5487216342444
2022-07-15,2683.3337635399484,3132.633481056714,2907.9836222983313
2022-07-16,2537.6003414510524,2816.3043432571394,2676.952342354096
2022-07-17,2448.128143288846,2711.1320515694238,2579.630097429135
2022-07-18,2566.2832438881806,3212.718549386681,2889.5008966374307
2022-07-19,2701.208837046666,3219.940696114433,2960.5747665805493
2022-07-20,2706.518661548858,3228.226414113399,2967.3725378311283
2022-07-21,2704.2008369120335,3217.2430409068575,2960.7219389094453
2022-07-22,2703.370772072322,3190.6567231569193,2947.0137476146206
2022-07-23,2556.994966920897,2826.879631273648,2691.9372990972724
2022-07-24,2455.671341830064,2715.018316280799,2585.3448290554315
2022-07-25,2564.324883992551,3218.1868861514695,2891.25588507201
2022-07-26,2693.0170055359076,3208.542979472403,2950.7799925041554
2022-07-27,2693.0179398295045,3199.1117642029385,2946.0648520162213
2022-07-28,2693.0177374346463,3201.730847652617,2947.374292543632
2022-07-29,2704.2131496092898,3212.5853613912623,2958.399255500276
2022-07-30,2567.0185133809855,2842.7858283779083,2704.902170879447
2022-07-31,2461.1544086161957,2733.0402766150996,2597.097342615648
2022-08-01,2639.5786924205,3283.141803513268,2961.360247966884
2022-08-02,2776.1045394119974,3307.375059883106,3041.739799647552
2022-08-03,2778.787841013477,3314.1361470236634,3046.4619940185703
2022-08-04,2778.834628863428,3319.887900826754,3049.361264845091
2022-08-05,2780.7542845602943,3260.385980505,3020.570132532647
2022-08-06,2668.962472631647,2913.607841331462,2791.285156981555
2022-08-07,2566.8156239222876,2836.923265977695,2701.8694449499912
2022-08-08,2625.5095661432056,3289.501004482874,2957.50528531304
2022-08-09,2761.7791134650442,3290.905510086935,3026.3423117759894
2022-08-10,2755.9436747521286,3306.7034749707404,3031.3235748614343
2022-08-11,2749.2025679831327,3258.8612199053973,3004.031893944265
2022-08-12,2760.542783113579,3268.155874265162,3014.3493286893704
2022-08-13,2677.8400616163117,2952.4737278469242,2815.156894731618
2022-08-14,2571.1063082779597,2802.4688526702075,2686.7875804740834
2022-08-15,2622.539868277296,3270.812832327062,2946.6763503021793
2022-08-16,2753.667930193134,3282.6368452677075,3018.1523877304207
2022-08-17,2762.636941075478,3296.347813051948,3029.492377063713
2022-08-18,2764.114365439539,3277.4714202399023,3020.7928928397205
2022-08-19,2757.4439479876205,3196.4848516784973,2976.964399833059
2022-08-20,2663.279014358418,2932.1333673189874,2797.7061908387027
2022-08-21,2570.902957583602,2810.231032559456,2690.566995071529
2022-08-22,2634.8387598319814,3275.3796976923445,2955.109228762163
2022-08-23,2756.012345698719,3242.964474380787,2999.488410039753
2022-08-24,2759.412020139837,3226.559267505893,2992.985643822865
2022-08-25,2746.813988578447,3228.968693458457,2987.8913410184523
2022-08-26,2758.5028355599616,3255.6021260735642,3007.052480816763
2022-08-27,2677.4713923856953,2937.9740024588973,2807.7226974222963
2022-08-28,2574.9930150630353,2820.6689796619594,2697.8309973624973
2022-08-29,2623.566721731165,3221.9622146470083,2922.764468189087
2022-08-30,2747.49264847137,3214.330207499256,2980.911427985313
2022-08-31,2736.5863953733938,3240.6824149990134,2988.6344051862034
2022-09-01,2682.6222963454243,3188.308654175631,2935.4654752605275
2022-09-02,2698.614487589481,3180.645242400294,2939.6298649948876
2022-09-03,2546.6387172361087,2817.4958736076665,2682.0672954218876
2022-09-04,2461.129665057968,2644.257153478311,2552.6934092681395
2022-09-05,2360.5691835435887,2611.0453392396207,2485.8072613916047
2022-09-06,2670.403608890509,3144.662078124568,2907.5328435075385
2022-09-07,2672.281630145297,3163.6178513040823,2917.94974072469
2022-09-08,2673.715759468138,3156.1683081059055,2914.9420337870215
2022-09-09,2687.5640779534783,3160.709216072157,2924.136647012818
2022-09-10,2572.3670837906766,2834.3354839684434,2703.35128387956
2022-09-11,2466.6241559961486,2733.056657672421,2599.8404068342847
2022-09-12,2553.259451537264,3160.712598062766,2856.986024800015
2022-09-13,2672.4950215235162,3140.735923493681,2906.615472508599
2022-09-14,2664.0250755244397,3134.5458500405734,2899.2854627825063
2022-09-15,2665.4665529567947,3143.4749440288283,2904.4707484928113
2022-09-16,2690.085532202996,3160.1710077196813,2925.1282699613384
2022-09-17,2581.7548545345808,2833.6286737650544,2707.6917641498176
2022-09-18,2475.738550103661,2726.7780789728163,2601.2583145382387
2022-09-19,2564.1468838094393,3185.0275141520506,2874.5871989807447
2022-09-20,2692.865552301225,3185.311365951162,2939.0884591261934
2022-09-21,2687.298285472726,3183.9043741338164,2935.6013298032713
2022-09-22,2686.7695214517894,3212.568112926105,2949.6688171889473
2022-09-23,2704.744061150907,3204.797046941085,2954.7705540459956
2022-09-24,2581.093656382663,2838.5832472165785,2709.838451799621
2022-09-25,2475.479662976555,2737.6949284267,2606.587295701627
2022-09-26,2564.071507945745,3188.0834878365717,2876.0774978911586
2022-09-27,2653.9978389588946,3124.899913899095,2889.4488764289945
2022-09-28,2640.022241753704,3114.1977145101746,2877.109978131939
2022-09-29,2637.769845274104,3096.879605457225,2867.3247253656646
2022-09-30,2636.8408698019894,3074.0371302584217,2855.4390000302055
2022-10-01,2412.0990240485044,2682.2670118873093,2547.183017967907
2022-10-02,2308.7250905762985,2566.5429734371414,2437.63403200672
2022-10-03,2332.6382358239207,3072.020561992273,2702.3293989080967
2022-10-04,2495.2174194471595,3060.5468242998822,2777.882121873521
2022-10-05,2489.594481249926,3080.3693375806474,2784.9819094152867
2022-10-06,2498.4198045690996,3095.825643260737,2797.1227239149184
2022-10-07,2529.6577949051816,3086.7255383467236,2808.1916666259526
2022-10-08,2447.1677069332077,2714.911360153509,2581.0395335433586
2022-10-09,2339.6676333182895,2589.9414540788007,2464.804543698545
2022-10-10,2355.1867606420483,3086.3533984251894,2720.7700795336186
2022-10-11,2506.4395358456295,3080.648237034193,2793.543886439911
2022-10-12,2520.400476624282,3143.664123131646,2832.032299877964
2022-10-13,2533.673604592415,3117.5836940703925,2825.6286493314037
2022-10-14,2537.455441132274,3092.7896767483285,2815.122558940301
2022-10-15,2457.972453821213,2740.6228808686465,2599.29766734493
2022-10-16,2363.9928285616443,2618.1190590747665,2491.0559438182054
2022-10-17,2375.750825700579,3019.6221189243097,2697.6864723124445
2022-10-18,2392.64,2873.792,2633.216
2022-10-19,2470.6090000000004,2961.884,2716.2465
2022-10-20,2460.771,3023.558,2742.1645
2022-10-21,2492.3390000000004,3064.2470000000003,2778.2930000000006
2022-10-22,2447.475,2733.5090000000005,2590.492
2022-10-23,2369.712,2632.0589999999997,2500.8855
2022-10-24,2409.673,3116.2720000000004,2762.9725
2022-10-25,2494.3089999999997,3011.8199999999997,2753.0644999999995
2022-10-26,2477.23,2997.351,2737.2905
2022-10-27,2475.6850000000004,3017.2500000000005,2746.4675000000007
2022-10-28,2517.021,3000.265,2758.643
2022-10-29,2398.472,2605.2880000000005,2501.88
2022-10-30,2316.19,2531.844,2424.017
2022-10-31,2334.8920000000003,3032.52,2683.706
2022-11-01,2479.866,2953.931,2716.8985000000002
2022-11-02,2471.4700000000003,3007.835,2739.6525
2022-11-03,2497.016,3077.557,2787.2865
2022-11-04,2542.469,3087.136,2814.8025
2022-11-05,2341.272,2566.9730000000004,2454.1225000000004
2022-11-06,2226.9519999999998,2480.996,2353.974
2022-11-07,2314.338,3029.512,2671.925
2022-11-08,2464.8920000000003,3016.9070000000006,2740.8995000000004
2022-11-09,2458.227,3011.85,2735.0384999999997
2022-11-10,2454.7720000000004,2994.732,2724.7520000000004
2022-11-11,2455.734,2960.898,2708.316
2022-11-12,2277.735,2466.765,2372.25
2022-11-13,2203.201,2382.6929999999998,2292.947
2022-11-14,2286.8089999999997,2886.9069999999997,2586.8579999999997
2022-11-15,2425.8630000000003,2876.6380000000004,2651.2505
2022-11-16,2435.536,2877.1760000000004,2656.356
2022-11-17,2430.111,2876.85,2653.4804999999997
2022-11-18,2450.581,2878.1370000000006,2664.3590000000004
2022-11-19,2295.023,2489.3759999999997,2392.1994999999997
2022-11-20,2211.806,2391.633,2301.7195
2022-11-21,2293.58,2878.011,2585.7955
2022-11-22,2435.765,2876.4739999999997,2656.1195
2022-11-23,2427.703,2903.9519999999998,2665.8275
2022-11-24,2078.7160000000003,2222.8070000000002,2150.7615000000005
2022-11-25,2050.464,2269.931,2160.1975
2022-11-26,2269.082,2483.67,2376.376
2022-11-27,2199.6960000000004,2404.844,2302.2700000000004
2022-11-28,2270.281,2915.939,2593.1099999999997
2022-11-29,2433.847,2984.7490000000003,2709.2980000000002
2022-11-30,2410.734,2895.4750000000004,2653.1045000000004
2022-12-01,2370.1,2817.5769999999998,2593.8385
2022-12-02,2386.618,2872.603,2629.6105
2022-12-03,2256.973,2455.888,2356.4305
2022-12-04,2147.629,2342.6110000000003,2245.12
2022-12-05,2257.8900000000003,2904.664,2581.277
2022-12-06,2406.7729999999997,2933.4169999999995,2670.0949999999993
2022-12-07,2418.331,2939.4539999999997,2678.8925
2022-12-08,2424.521,2951.685,2688.103
2022-12-09,2431.333,2933.7690000000002,2682.5510000000004
2022-12-10,2284.14,2492.306,2388.223
2022-12-11,2166.299,2370.114,2268.2065000000002
2022-12-12,2267.62,2857.8219999999997,2562.7209999999995
2022-12-13,2408.299,2930.8160000000003,2669.5575
2022-12-14,2392.972,2850.328,2621.65
2022-12-15,2362.797,2830.645,2596.721
2022-12-16,2391.3559999999998,2832.34,2611.848
2022-12-17,2249.82,2407.841,2328.8305
2022-12-18,2138.859,2330.517,2234.688
2022-12-19,2248.499,2600.41,2424.4545
2022-12-20,2347.797,2615.661,2481.7290000000003
2022-12-21,2355.89,2623.393,2489.6414999999997
2022-12-22,2365.388,2635.228,2500.308
2022-12-23,2375.6639999999998,2709.399,2542.5315
2022-12-24,2308.605,2464.538,2386.5715
2022-12-25,2197.5280000000002,2348.3940000000002,2272.9610000000002
2022-12-26,2275.636,2824.551,2550.0935
2022-12-27,2400.727,2834.29,2617.5085
2022-12-28,2381.145,2854.773,2617.959
2022-12-29,2380.622,2883.9790000000003,2632.3005000000003
2022-12-30,2399.351,2842.085,2620.718
2022-12-31,2228.601,2418.776,2323.6885
2023-01-01,1656.3,1894.712,1775.5059999999999
2023-01-02,2271.416,2894.6690000000003,2583.0425000000005
2023-01-03,2399.252,2915.677,2657.4645
2023-01-04,2372.553,2864.2999999999997,2618.4264999999996
2023-01-05,2365.6420000000003,2844.83,2605.236
2023-01-06,2375.823,2865.077,2620.45
2023-01-07,2231.291,2437.9120000000003,2334.6015
2023-01-08,2115.0879999999997,2302.504,2208.796
2023-01-09,2241.605,2818.8390000000004,2530.222
2023-01-10,2374.331,2873.2010000000005,2623.7660000000005
2023-01-11,2378.8779999999997,2908.749,2643.8134999999997
2023-01-12,2391.643,2828.902,2610.2725
2023-01-13,2378.226,2818.5460000000003,2598.3860000000004
2023-01-14,2214.946,2380.699,2297.8225
2023-01-15,2096.978,2318.483,2207.7305
2023-01-16,2266.6600000000003,2834.1060000000007,2550.3830000000007
2023-01-17,2385.8300000000004,2894.471,2640.1505
2023-01-18,2396.8120000000004,2888.76,2642.786
2023-01-19,2360.0869999999995,2837.1409999999996,2598.6139999999996
2023-01-20,2386.3390000000004,2813.611,2599.9750000000004
2023-01-21,2211.6389999999997,2382.964,2297.3014999999996
2023-01-22,2109.308,2294.14,2201.724
2023-01-23,2243.2889999999998,2802.515,2522.902
2023-01-24,2376.519,2828.4060000000004,2602.4625
2023-01-25,2379.268,2818.128,2598.6980000000003
2023-01-26,2381.287,2821.597,2601.442
2023-01-27,2390.819,2819.3210000000004,2605.07
2023-01-28,2209.8869999999997,2401.1169999999997,2305.5019999999995
2023-01-29,2115.5950000000003,2322.608,2219.1015
2023-01-30,2239.262,2796.526,2517.8940000000002
2023-01-31,2389.6980000000003,2830.184,2609.9410000000003
2023-02-01,2424.314,2863.687,2644.0005
2023-02-02,2425.584,2860.0910000000003,2642.8375
2023-02-03,2423.279,2849.8889999999997,2636.584
2023-02-04,2266.217,2435.654,2350.9355
2023-02-05,2135.694,2357.472,2246.583
2023-02-06,2250.5409999999997,2862.476,2556.5085
2023-02-07,2393.698,2891.31,2642.504
2023-02-08,2404.96,2865.578,2635.2690000000002
2023-02-09,2375.32,2847.174,2611.2470000000003
2023-02-10,2399.616,2836.5179999999996,2618.067
2023-02-11,2271.184,2434.72,2352.952
2023-02-12,2156.0570000000002,2344.016,2250.0365
2023-02-13,2257.7459999999996,2841.3890000000006,2549.5675
2023-02-14,2384.533,2910.068,2647.3005000000003
2023-02-15,2395.662,2908.3610000000003,2652.0115
2023-02-16,2374.135,2837.684,2605.9095
2023-02-17,2397.954,2834.8010000000004,2616.3775000000005
2023-02-18,2264.624,2429.002,2346.813
2023-02-19,2124.795,2352.277,2238.536
2023-02-20,2144.419,2841.727,2493.073
2023-02-21,2398.697,2923.0089999999996,2660.853
2023-02-22,2415.669,2936.761,2676.215
2023-02-23,2417.996,2946.832,2682.4139999999998
2023-02-24,2427.195,2914.5299999999997,2670.8625
2023-02-25,2280.1040000000003,2479.575,2379.8395
2023-02-26,2193.0899999999997,2407.764,2300.4269999999997
2023-02-27,2293.9900000000002,2920.6499999999996,2607.3199999999997
2023-02-28,2411.201,2938.078,2674.6395
2023-03-01,2442.4159999999997,2983.58,2712.9979999999996
2023-03-02,2449.382,2964.219,2706.8005000000003
2023-03-03,2414.0429999999997,2894.947,2654.495
2023-03-04,2225.6160000000004,2447.024,2336.32
2023-03-05,2137.7780000000002,2346.457,2242.1175000000003
2023-03-06,2238.903,2942.109,2590.506
2023-03-07,2420.24,2964.7400000000002,2692.49
2023-03-08,2425.609,2980.446,2703.0275
2023-03-09,2425.83,2976.1130000000003,2700.9715
2023-03-10,2450.188,2940.5609999999997,2695.3745
2023-03-11,2274.4829999999997,2529.88,2402.1814999999997
2023-03-12,2258.72,2447.084,2352.902
2023-03-13,2296.37,2923.795,2610.0825
2023-03-14,2437.215,2913.163,2675.1890000000003
2023-03-15,2439.0159999999996,2919.148,2679.082
2023-03-16,2452.227,2969.2219999999998,2710.7245
2023-03-17,2451.4770000000003,2893.0559999999996,2672.2664999999997
2023-03-18,2279.616,2470.589,2375.1025
2023-03-19,2188.715,2354.354,2271.5344999999998
2023-03-20,2299.2490000000003,2901.551,2600.4
2023-03-21,2435.462,2941.066,2688.264
2023-03-22,2441.128,2994.996,2718.062
2023-03-23,2476.982,3019.576,2748.279
2023-03-24,2512.0620000000004,3004.4359999999997,2758.249
2023-03-25,2332.962,2584.986,2458.974
2023-03-26,2198.286,2421.8849999999998,2310.0855
2023-03-27,2318.037,2985.4239999999995,2651.7304999999997
2023-03-28,2461.1259999999997,2966.605,2713.8655
2023-03-29,2443.629,2918.554,2681.0915
2023-03-30,2443.216,2967.293,2705.2545
2023-03-31,2491.6870000000004,3021.1560000000004,2756.4215000000004
2023-04-01,2392.808,2654.769,2523.7884999999997
2023-04-02,2294.548,2517.925,2406.2365
2023-04-03,2398.188,3114.5370000000003,2756.3625
2023-04-04,2548.9999999999995,3097.328,2823.1639999999998
2023-04-05,2547.428,3058.454,2802.941
2023-04-06,2487.828,2958.86,2723.344
2023-04-07,2497.712,2948.5069999999996,2723.1094999999996
2023-04-08,2318.598,2505.9519999999998,2412.2749999999996
2023-04-09,2233.8650000000002,2430.402,2332.1335
2023-04-10,2335.167,2987.443,2661.3050000000003
2023-04-11,2474.3689999999997,3005.731,2740.05
2023-04-12,2474.042,3006.531,2740.2865
2023-04-13,2470.902,3011.073,2740.9875
2023-04-14,2495.8559999999998,3029.806,2762.831
2023-04-15,2384.431,2645.681,2515.056
2023-04-16,2243.885,2452.748,2348.3165
2023-04-17,2323.2980000000002,3006.217,2664.7575
2023-04-18,2479.497,3025.7810000000004,2752.639
2023-04-19,2497.086,3065.9640000000004,2781.525
2023-04-20,2525.658,3053.527,2789.5924999999997
2023-04-21,2529.9590000000003,3030.5899999999997,2780.2745
2023-04-22,2338.807,2557.323,2448.0649999999996
2023-04-23,2243.553,2394.255,2318.904
2023-04-24,2317.848,2975.5059999999994,2646.6769999999997
2023-04-25,2476.8949999999995,3014.9049999999997,2745.8999999999996
2023-04-26,2494.1749999999997,3044.9570000000003,2769.566
2023-04-27,2491.847,3018.2709999999997,2755.059
2023-04-28,2500.553,3034.602,2767.5775
2023-04-29,2322.333,2519.9500000000003,2421.1415
2023-04-30,2220.087,2465.509,2342.798
2023-05-01,2391.616,3143.913,2767.7645
2023-05-02,2567.5620000000004,3123.3360000000002,2845.4490000000005
2023-05-03,2570.5449999999996,3146.5899999999997,2858.5674999999997
2023-05-04,2577.031,3149.798,2863.4145
2023-05-05,2628.419,3201.78,2915.0995000000003
2023-05-06,2470.045,2727.9490000000005,2598.9970000000003
2023-05-07,2386.855,2559.143,2472.999
2023-05-08,2463.94,3179.157,2821.5485
2023-05-09,2600.152,3110.3720000000003,2855.262
2023-05-10,2584.068,3105.3740000000003,2844.7210000000005
2023-05-11,2601.926,3181.014,2891.4700000000003
2023-05-12,2642.0789999999997,3200.342,2921.2105
2023-05-13,2454.2019999999998,2679.53,2566.866
2023-05-14,2363.524,2565.73,2464.627
2023-05-15,2450.609,3176.271,2813.44
2023-05-16,2591.8070000000002,3178.722,2885.2645
2023-05-17,2590.154,3166.0960000000005,2878.125
2023-05-18,2590.7120000000004,3187.135,2888.9235000000003
2023-05-19,2629.9249999999993,3211.552,2920.7384999999995
2023-05-20,2470.226,2726.5229999999997,2598.3745
2023-05-21,2361.308,2555.9230000000002,2458.6155
2023-05-22,2443.194,3167.155,2805.1745
2023-05-23,2590.194,3187.609,2888.9015
2023-05-24,2598.985,3185.168,2892.0765
2023-05-25,2597.08,3179.3149999999996,2888.1974999999998
2023-05-26,2621.834,3196.867,2909.3505
2023-05-27,2466.311,2728.1069999999995,2597.209
2023-05-28,2361.1520000000005,2599.942,2480.5470000000005
2023-05-29,2331.322,2654.981,2493.1515
2023-05-30,2599.058,3190.673,2894.8655
2023-05-31,2602.5280000000002,3194.838,2898.683
2023-06-01,2641.176,3114.2419999999997,2877.709
2023-06-02,2657.8109999999997,3130.0480000000002,2893.9295
2023-06-03,2580.7430000000004,2835.498,2708.1205
2023-06-04,2453.963,2659.836,2556.8995
2023-06-05,2513.8930000000005,3095.275,2804.5840000000003
2023-06-06,2631.0779999999995,3080.5799999999995,2855.8289999999997
2023-06-07,2629.6910000000003,3109.352,2869.5215
2023-06-08,2647.9040000000005,3110.2549999999997,2879.0795
2023-06-09,2652.854,3139.663,2896.2585
2023-06-10,2592.9220000000005,2847.525,2720.2235
2023-06-11,2484.6569999999997,2733.526,2609.0914999999995
2023-06-12,2552.9699999999993,3172.676,2862.8229999999994
2023-06-13,2686.003,3168.107,2927.0550000000003
2023-06-14,2698.352,3182.8979999999997,2940.625
2023-06-15,2707.897,3202.4320000000002,2955.1645
2023-06-16,2725.478,3220.4999999999995,2972.9889999999996
2023-06-17,2643.625,2897.1680000000006,2770.3965000000003
2023-06-18,2534.9030000000002,2789.0569999999993,2661.9799999999996
2023-06-19,2591.061,3238.3209999999995,2914.691
2023-06-20,2727.999,3226.597,2977.298
2023-06-21,2718.7629999999995,3222.989,2970.8759999999997
2023-06-22,2699.6299999999997,3180.711,2940.1704999999997
2023-06-23,2720.657,3214.817,2967.737
2023-06-24,2637.295,2902.204,2769.7495
2023-06-25,2538.603,2792.955,2665.779
2023-06-26,2591.876,3222.437,2907.1565
2023-06-27,2717.531,3222.526,2970.0285
2023-06-28,2718.017,3213.5190000000002,2965.768
2023-06-29,2713.2980000000002,3221.2590000000005,2967.2785000000003
2023-06-30,2726.4170000000004,3224.725,2975.571
2023-07-01,2575.101,2849.7030000000004,2712.402
2023-07-02,2469.836,2717.5,2593.6679999999997
2023-07-03,2556.663,3189.701,2873.182
2023-07-04,2513.467,2776.705,2645.0860000000002
2023-07-05,2685.632,3175.5980000000004,2930.6150000000002
2023-07-06,2673.382,3108.836,2891.109
2023-07-07,2664.8630000000003,3115.502,2890.1825
2023-07-08,2538.802,2806.9860000000003,2672.8940000000002
2023-07-09,2461.477,2712.906,2587.1915
2023-07-10,2565.6389999999997,3199.9440000000004,2882.7915000000003
2023-07-11,2701.5609999999997,3203.3880000000004,2952.4745000000003
2023-07-12,2706.12,3202.256,2954.188
2023-07-13,2707.5619999999994,3210.4919999999997,2959.0269999999996
2023-07-14,2717.2889999999998,3214.152,2965.7205
2023-07-15,2589.09,2859.419,2724.2545
2023-07-16,2479.312,2741.687,2610.4995
2023-07-17,2573.249,3217.992,2895.6205
2023-07-18,2703.1690000000003,3212.6510000000003,2957.9100000000003
2023-07-19,2703.254,3214.0949999999993,2958.6744999999996
2023-07-20,2700.7509999999997,3207.92,2954.3355
2023-07-21,2706.96,3205.535,2956.2475
2023-07-22,2583.478,2864.219,2723.8485
2023-07-23,2460.3250000000003,2713.598,2586.9615000000003
2023-07-24,2556.603,3206.232,2881.4175
2023-07-25,2685.125,3193.31,2939.2174999999997
2023-07-26,2691.339,3195.8279999999995,2943.5834999999997
2023-07-27,2687.181,3193.2400000000002,2940.2105
2023-07-28,2695.0029999999997,3199.763,2947.383
2023-07-29,2562.391,2845.2960000000003,2703.8435
2023-07-30,2466.413,2761.447,2613.9300000000003
2023-07-31,2573.225,3258.324,2915.7745
2023-08-01,2789.947,3328.759,3059.353
2023-08-02,2778.105,3330.9790000000003,3054.5420000000004
2023-08-03,2782.268,3328.034,3055.151
2023-08-04,2803.952,3334.668,3069.3100000000004
2023-08-05,2726.686,3020.837,2873.7615
2023-08-06,2626.7419999999997,2907.529,2767.1355
2023-08-07,2666.7929999999997,3339.635,3003.214
2023-08-08,2796.028,3329.085,3062.5564999999997
2023-08-09,2799.2899999999995,3332.106,3065.698
2023-08-10,2799.2200000000003,3339.683,3069.4515
2023-08-11,2813.8710000000005,3339.452,3076.6615
2023-08-12,2745.85,3031.2529999999992,2888.5514999999996
2023-08-13,2625.2450000000003,2924.212,2774.7285
2023-08-14,2664.884,3353.905,3009.3945000000003
2023-08-15,2800.826,3363.741,3082.2835
2023-08-16,2782.15,3332.1479999999997,3057.149
2023-08-17,2775.221,3324.1129999999994,3049.6669999999995
2023-08-18,2799.02,3328.2519999999995,3063.6359999999995
2023-08-19,2720.0759999999996,3024.9160000000006,2872.496
2023-08-20,2622.6820000000002,2967.913,2795.2975
2023-08-21,2662.57,3364.6429999999996,3013.6065
2023-08-22,2804.7799999999997,3308.062,3056.421
2023-08-23,2786.5490000000004,3336.37,3061.4595
2023-08-24,2794.329,3364.859,3079.594
2023-08-25,2799.4649999999997,3345.9259999999995,3072.6955
2023-08-26,2722.0599999999995,3034.4610000000002,2878.2605
2023-08-27,2622.0299999999997,2980.0950000000003,2801.0625
2023-08-28,2660.277,3333.3540000000003,2996.8155
2023-08-29,2788.3869999999997,3330.792,3059.5895
2023-08-30,2764.256,3316.0099999999998,3040.133
2023-08-31,2760.133,3307.662,3033.8975
2023-09-01,2711.2459999999996,3251.6450000000004,2981.4455
2023-09-02,2614.019,2903.268,2758.6435
2023-09-03,2522.0789999999997,2807.901,2664.99
2023-09-04,2441.0719999999997,2745.341,2593.2065
2023-09-05,2746.404,3280.1839999999997,3013.294
2023-09-06,2734.054,3273.9109999999996,3003.9825
2023-09-07,2744.915,3288.9929999999995,3016.9539999999997
2023-09-08,2751.089,3311.402,3031.2455
2023-09-09,2614.688,2893.975,2754.3315000000002
2023-09-10,2512.717,2787.991,2650.3540000000003
2023-09-11,2563.2360000000003,3211.245,2887.2405
2023-09-12,2704.6780000000003,3224.6019999999994,2964.64
2023-09-13,2712.6310000000003,3216.8489999999997,2964.74
2023-09-14,2707.2480000000005,3151.1,2929.174
2023-09-15,2692.729,3179.1690000000003,2935.949
2023-09-16,2563.0420000000004,2829.7589999999996,2696.4004999999997
2023-09-17,2476.2110000000002,2740.219,2608.215
2023-09-18,2552.699,3186.871,2869.785
2023-09-19,2683.697,3181.3850000000007,2932.541
2023-09-20,2694.4669999999996,3199.2129999999997,2946.8399999999997
2023-09-21,2708.7110000000002,3218.641,2963.6760000000004
2023-09-22,2727.6409999999996,3227.8500000000004,2977.7455
2023-09-23,2620.9529999999995,2899.976,2760.4645
2023-09-24,2525.548,2795.448,2660.4979999999996
2023-09-25,2598.262,3229.2999999999997,2913.781
2023-09-26,2700.3909999999996,3167.111,2933.7509999999997
2023-09-27,2697.959,3198.577,2948.268
2023-09-28,2701.485,3199.8830000000003,2950.684
2023-09-29,2719.3219999999997,3193.378,2956.35
2023-09-30,2607.681,2864.2329999999997,2735.957
2023-10-01,2422.7720000000004,2702.936,2562.8540000000003
2023-10-02,2421.872,3189.1119999999996,2805.4919999999997
2023-10-03,2571.485,3109.806,2840.6455
2023-10-04,2575.874,3145.562,2860.718
2023-10-05,2566.79,3077.922,2822.3559999999998
2023-10-06,2556.714,3092.573,2824.6435
2023-10-07,2436.76,2659.0649999999996,2547.9125
2023-10-08,2316.846,2530.373,2423.6095
2023-10-09,2325.202,3041.938,2683.57
2023-10-10,2497.0719999999997,3052.986,2775.0289999999995
2023-10-11,2499.3650000000002,2994.423,2746.8940000000002
2023-10-12,2481.9,3037.3380000000006,2759.6190000000006
2023-10-13,2534.0860000000002,3112.059,2823.0725
2023-10-14,2440.896,2664.6490000000003,2552.7725
2023-10-15,2318.3720000000003,2529.303,2423.8375
2023-10-16,2324.339,2979.8970000000004,2652.1180000000004
2023-10-17,2460.6639999999998,2980.39,2720.527
2023-10-18,2467.7949999999996,3037.291,2752.5429999999997
2023-10-19,2479.097,3079.975,2779.536
2023-10-20,2517.758,3105.8269999999998,2811.7924999999996
2023-10-21,2450.137,2759.439,2604.788
2023-10-22,2374.18,2641.036,2507.608
2023-10-23,2400.585,3126.5779999999995,2763.5815
2023-10-24,2555.971,3132.872,2844.4215
2023-10-25,2558.74,3140.038,2849.389
2023-10-26,2569.642,3121.581,2845.6115
2023-10-27,2586.5039999999995,3125.5809999999997,2856.0424999999996
2023-10-28,2502.752,2753.2180000000003,2627.985
2023-10-29,2401.397,2619.065,2510.2309999999998
2023-10-30,2320.498,2943.918,2632.208
2023-10-31,2489.6499999999996,2949.961,2719.8054999999995
2023-11-01,2471.9070000000006,2932.1209999999996,2702.014
2023-11-02,2469.2900000000004,2943.524,2706.407
2023-11-03,2464.8709999999996,2967.4990000000003,2716.185
2023-11-04,2361.975,2587.2999999999997,2474.6375
2023-11-05,2213.9030000000002,2443.83,2328.8665
2023-11-06,2282.538,3000.336,2641.437
2023-11-07,2441.315,3023.251,2732.2830000000004
2023-11-08,2458.581,3024.0430000000006,2741.3120000000004
2023-11-09,2457.904,3001.3730000000005,2729.6385
2023-11-10,2458.578,2869.733,2664.1555
2023-11-11,2276.988,2480.4210000000003,2378.7045
2023-11-12,2206.212,2388.6830000000004,2297.4475
2023-11-13,2280.6059999999998,2875.143,2577.8745
2023-11-14,2422.517,2906.6609999999996,2664.589
2023-11-15,2418.209,2915.074,2666.6414999999997
2023-11-16,2425.245,2880.847,2653.0460000000003
2023-11-17,2439.774,2934.516,2687.145
2023-11-18,2287.614,2518.395,2403.0045
2023-11-19,2214.163,2420.8289999999997,2317.496
2023-11-20,2293.576,2990.6690000000003,2642.1225000000004
2023-11-21,2414.583,2883.7360000000003,2649.1595
2023-11-22,2414.799,2878.156,2646.4775
2023-11-23,2067.224,2207.145,2137.1845000000003
2023-11-24,2047.314,2268.076,2157.695
2023-11-25,2285.591,2490.194,2387.8925
2023-11-26,2213.193,2396.089,2304.641
2023-11-27,2276.8909999999996,2880.979,2578.9349999999995
2023-11-28,2428.904,2886.9849999999997,2657.9444999999996
2023-11-29,2427.6690000000003,2898.121,2662.8950000000004
2023-11-30,2429.276,2919.535,2674.4055
2023-12-01,2405.324,2867.188,2636.2560000000003
2023-12-02,2238.9590000000003,2420.27,2329.6145
2023-12-03,2127.794,2327.3810000000003,2227.5875
2023-12-04,2242.6400000000003,2827.9509999999996,2535.2955
2023-12-05,2372.613,2838.0760000000005,2605.3445
2023-12-06,2372.5699999999997,2835.7270000000003,2604.1485000000002
2023-12-07,2375.609,2845.218,2610.4134999999997
2023-12-08,2378.557,2881.2299999999996,2629.8934999999997
2023-12-09,2269.842,2479.712,2374.777
2023-12-10,2125.0739999999996,2317.485,2221.2794999999996
2023-12-11,2241.5119999999997,2810.5290000000005,2526.0205
2023-12-12,2381.165,2838.3410000000003,2609.753
2023-12-13,2384.619,2827.888,2606.2535
2023-12-14,2368.277,2840.415,2604.346
2023-12-15,2394.806,2835.218,2615.0119999999997
2023-12-16,2244.265,2417.1440000000002,2330.7045
2023-12-17,2136.69,2322.239,2229.4645
2023-12-18,2232.177,2610.7399999999993,2421.4584999999997
2023-12-19,2344.852,2617.7270000000003,2481.2895
2023-12-20,2342.132,2621.271,2481.7015
2023-12-21,2348.0609999999997,2616.434,2482.2475
2023-12-22,2302.757,2643.4719999999998,2473.1144999999997
2023-12-23,2255.6839999999997,2447.471,2351.5775
2023-12-24,2155.366,2334.489,2244.9275
2023-12-25,2240.657,2805.6929999999998,2523.175
2023-12-26,2377.103,2819.786,2598.4445
2023-12-27,2379.838,2837.032,2608.4350000000004
2023-12-28,2379.418,2823.75,2601.584
2023-12-29,2401.285,2825.6220000000003,2613.4535
2023-12-30,2245.277,2406.741,2326.009
2023-12-31,2138.642,2336.118,2237.38
2024-01-01,1919.9050000000002,2195.589,2057.7470000000003
2024-01-02,2379.0060000000003,2814.3889999999997,2596.6975
2024-01-03,2382.563,2819.748,2601.1555
2024-01-04,2379.919,2830.8340000000003,2605.3765000000003
2024-01-05,2401.15,2826.3730000000005,2613.7615000000005
2024-01-06,2215.736,2384.2349999999997,2299.9855
2024-01-07,2110.672,2300.2599999999998,2205.466
2024-01-08,2246.276,2838.7,2542.488
2024-01-09,2372.6670000000004,2818.8340000000003,2595.7505
2024-01-10,2373.011,2833.6580000000004,2603.3345
2024-01-11,2361.524,2870.5609999999997,2616.0424999999996
2024-01-12,2388.8779999999997,2822.6220000000003,2605.75
2024-01-13,2209.893,2379.952,2294.9225
2024-01-14,2123.4139999999998,2302.7850000000003,2213.0995000000003
2024-01-15,2303.1530000000002,2784.083,2543.6180000000004
2024-01-16,2442.392,2880.481,2661.4365
2024-01-17,2434.295,2860.0879999999997,2647.1915
2024-01-18,2396.783,2834.9770000000003,2615.88
2024-01-19,2397.4240000000004,2824.9249999999997,2611.1745
2024-01-20,2240.487,2400.419,2320.453
2024-01-21,2129.47,2312.9269999999997,2221.1984999999995
2024-01-22,2260.991,2815.42,2538.2055
2024-01-23,2372.652,2839.250000000001,2605.9510000000005
2024-01-24,2379.5130000000004,2823.6070000000004,2601.5600000000004
2024-01-25,2366.379,2839.05,2602.7145
2024-01-26,2382.9449999999997,2818.0280000000002,2600.4865
2024-01-27,2210.744,2383.919,2297.3315000000002
2024-01-28,2100.382,2289.319,2194.8505
2024-01-29,2237.88,2812.292,2525.0860000000002
2024-01-30,2370.179,2833.9449999999997,2602.062
2024-01-31,2362.7520000000004,2840.723,2601.7375
2024-02-01,2385.623,2860.396,2623.0095
2024-02-02,2396.3759999999997,2867.2549999999997,2631.8154999999997
2024-02-03,2256.484,2446.092,2351.288
2024-02-04,2155.078,2345.572,2250.325
2024-02-05,2259.044,2831.197,2545.1205
2024-02-06,2382.091,2853.87,2617.9804999999997
2024-02-07,2380.384,2858.891,2619.6375
2024-02-08,2389.132,2890.7159999999994,2639.924
2024-02-09,2408.301,2903.289,2655.795
2024-02-10,2282.674,2478.278,2380.4759999999997
2024-02-11,2178.597,2368.784,2273.6905
2024-02-12,2245.808,2817.0640000000003,2531.436
2024-02-13,2378.492,2841.413,2609.9525000000003
2024-02-14,2382.612,2848.348,2615.48
2024-02-15,2375.375,2867.6450000000004,2621.51
2024-02-16,2403.574,2852.0499999999997,2627.812
2024-02-17,2254.0460000000003,2422.583,2338.3145000000004
2024-02-18,2161.13,2343.3689999999997,2252.2495
2024-02-19,2148.932,2771.183,2460.0575
2024-02-20,2350.5589999999997,2867.7929999999997,2609.1759999999995
2024-02-21,2376.353,2892.4579999999996,2634.4055
2024-02-22,2391.045,2895.253,2643.1490000000003
2024-02-23,2395.4869999999996,2894.1820000000002,2644.8345
2024-02-24,2256.5429999999997,2461.1330000000003,2358.8379999999997
2024-02-25,2149.977,2378.3140000000003,2264.1455
2024-02-26,2258.884,2895.3520000000003,2577.1180000000004
2024-02-27,2404.704,2942.7999999999997,2673.752
2024-02-28,2404.9750000000004,2859.577,2632.2760000000003
2024-02-29,2369.596,2820.757,2595.1765
2024-03-01,2416.495,2857.359,2636.9269999999997
2024-03-02,2233.739,2427.341,2330.54
2024-03-03,2155.296,2360.929,2258.1125
2024-03-04,2262.4909999999995,2944.585,2603.5379999999996
2024-03-05,2421.547,2962.9259999999995,2692.2365
2024-03-06,2404.8340000000003,2927.9640000000004,2666.3990000000003
2024-03-07,2405.371,2925.028,2665.1994999999997
2024-03-08,2447.395,2956.5979999999995,2701.9964999999997
2024-03-09,2216.132,2415.084,2315.608
2024-03-10,2185.208,2367.516,2276.362
2024-03-11,2285.725,2931.265,2608.495
2024-03-12,2438.332,2957.5930000000003,2697.9625
2024-03-13,2444.694,2992.1130000000003,2718.4035000000003
2024-03-14,2481.7459999999996,3014.744,2748.245
2024-03-15,2514.734000000001,3013.945,2764.3395000000005
2024-03-16,2306.079,2512.667,2409.373
2024-03-17,2215.2349999999997,2413.339,2314.287
2024-03-18,2302.817,2933.918,2618.3675000000003
2024-03-19,2430.855,2904.202,2667.5285000000003
2024-03-20,2432.711,2916.4990000000003,2674.605
2024-03-21,2446.327,2915.306,2680.8165
2024-03-22,2454.3650000000007,2957.9739999999997,2706.1695
2024-03-23,2291.866,2494.194,2393.0299999999997
2024-03-24,2201.9440000000004,2394.477,2298.2105
2024-03-25,2307.175,2969.7819999999997,2638.4785
2024-03-26,2431.0229999999997,2914.729,2672.8759999999997
2024-03-27,2433.6099999999997,2901.64,2667.625
2024-03-28,2417.045,2930.98,2674.0125
2024-03-29,2452.9049999999997,2953.05,2702.9775
2024-03-30,2308.315,2514.619,2411.467
2024-03-31,2217.551,2434.755,2326.1530000000002
2024-04-01,2382.235,3073.561,2727.898
2024-04-02,2531.0159999999996,3076.383,2803.6994999999997
2024-04-03,2473.2919999999995,3011.058,2742.1749999999997
2024-04-04,2466.7079999999996,3031.6380000000004,2749.173
2024-04-05,2497.319,3047.9249999999997,2772.622
2024-04-06,2354.8399999999997,2578.981,2466.9105
2024-04-07,2281.109,2504.786,2392.9475
2024-04-08,2381.9159999999997,3066.684,2724.3
2024-04-09,2534.603,3074.7070000000003,2804.655
2024-04-10,2498.0359999999996,3013.3230000000003,2755.6795
2024-04-11,2473.879,3035.469,2754.674
2024-04-12,2492.8189999999995,3022.1890000000003,2757.504
2024-04-13,2347.316,2573.03,2460.173
2024-04-14,2255.218,2492.141,2373.6795
2024-04-15,2371.465,3065.849,2718.657
2024-04-16,2533.9750000000004,3070.0499999999997,2802.0125
2024-04-17,2538.0110000000004,3079.308,2808.6595
2024-04-18,2542.003,3100.1800000000003,2821.0915000000005
2024-04-19,2556.667,3084.777,2820.7219999999998
2024-04-20,2363.601,2611.12,2487.3605
2024-04-21,2229.663,2418.8650000000002,2324.264
2024-04-22,2320.449,2976.6140000000005,2648.5315
2024-04-23,2469.0830000000005,3005.622,2737.3525
2024-04-24,2490.636,3055.7400000000002,2773.188
2024-04-25,2508.54,3058.0779999999995,2783.3089999999997
2024-04-26,2552.103,3070.7009999999996,2811.402
2024-04-27,2403.987,2634.839,2519.413
2024-04-28,2308.969,2500.614,2404.7915000000003
2024-04-29,2379.1609999999996,3077.5869999999995,2728.374
2024-04-30,2512.7969999999996,3076.431,2794.6139999999996
2024-05-01,2597.5960000000005,3173.75,2885.6730000000002
2024-05-02,2619.7760000000003,3139.3089999999997,2879.5425
2024-05-03,2626.9129999999996,3128.8659999999995,2877.8894999999993
2024-05-04,2460.564,2701.4590000000003,2581.0115
2024-05-05,2371.636,2561.0330000000004,2466.3345
2024-05-06,2460.928,3195.925,2828.4265
2024-05-07,2630.269,3204.4530000000004,2917.361
2024-05-08,2636.609,3220.488,2928.5485
2024-05-09,2638.8340000000003,3220.023,2929.4285
2024-05-10,2648.417,3204.8139999999994,2926.6155
2024-05-11,2448.175,2696.861,2572.518
2024-05-12,2362.2419999999997,2582.879,2472.5604999999996
2024-05-13,2458.2490000000003,3192.9190000000003,2825.5840000000003
2024-05-14,2585.902,3184.8790000000004,2885.3905000000004
2024-05-15,2588.4490000000005,3203.5929999999994,2896.0209999999997
2024-05-16,2610.195,3166.258,2888.2264999999998
2024-05-17,2615.6710000000003,3095.5440000000003,2855.6075
2024-05-18,2439.9359999999997,2717.065,2578.5005
2024-05-19,2357.514,2638.198,2497.8559999999998
2024-05-20,2462.197,3225.8630000000003,2844.03
2024-05-21,2643.528,3240.775,2942.1515
2024-05-22,2649.387,3243.7769999999996,2946.582
2024-05-23,2656.041,3254.158,2955.0995000000003
2024-05-24,2680.76,3255.1179999999995,2967.939
2024-05-25,2523.545,2783.318,2653.4315
2024-05-26,2433.8990000000003,2667.9700000000003,2550.9345000000003
2024-05-27,2394.541,2743.607,2569.074
2024-05-28,2650.943,3225.3339999999994,2938.1385
2024-05-29,2617.656,3212.648,2915.152
2024-05-30,2625.036,3230.9090000000006,2927.9725000000003
2024-05-31,2633.9799999999996,3155.472,2894.7259999999997
2024-06-01,2577.0910000000003,2816.613,2696.852
2024-06-02,2488.431,2723.829,2606.13
2024-06-03,2567.8030000000003,3171.2279999999996,2869.5155
2024-06-04,2709.44,3194.084,2951.7619999999997
2024-06-05,2704.442,3108.2290000000003,2906.3355
2024-06-06,2665.7889999999998,3159.2340000000004,2912.5115
2024-06-07,2686.703,3184.153,2935.428
2024-06-08,2607.165,2872.193,2739.679
2024-06-09,2498.741,2747.673,2623.207
2024-06-10,2564.157,3168.176,2866.1665000000003
2024-06-11,2681.3540000000003,3149.4269999999997,2915.3905
2024-06-12,2678.861,3144.96,2911.9105
2024-06-13,2685.2610000000004,3175.599,2930.4300000000003
2024-06-14,2704.754,3189.3059999999996,2947.0299999999997
2024-06-15,2611.416,2875.1800000000003,2743.2980000000002
2024-06-16,2506.602,2753.219,2629.9105
2024-06-17,2571.131,3181.885,2876.508
2024-06-18,2690.51,3159.5430000000006,2925.0265000000004
2024-06-19,2675.8019999999997,3115.0830000000005,2895.4425
2024-06-20,2678.2889999999998,3140.5309999999995,2909.41
2024-06-21,2689.526,3163.27,2926.398
2024-06-22,2606.5670000000005,2857.013,2731.79
2024-06-23,2499.283,2733.2120000000004,2616.2475000000004
2024-06-24,2565.96,3186.015,2875.9875
2024-06-25,2703.739,3197.008,2950.3734999999997
2024-06-26,2711.727,3202.076,2956.9015
2024-06-27,2713.407,3205.113,2959.26
2024-06-28,2729.3779999999997,3231.6400000000003,2980.509
2024-06-29,2648.538,2920.5480000000002,2784.543
2024-06-30,2532.1209999999996,2782.504,2657.3125
2024-07-01,2566.918,3207.092,2887.005
2024-07-02,2700.0049999999997,3213.6639999999998,2956.8345
2024-07-03,2697.9269999999997,3195.3250000000003,2946.626
2024-07-04,2527.0389999999998,2811.163,2669.1009999999997
2024-07-05,2708.8060000000005,3207.942,2958.3740000000003
2024-07-06,2548.6259999999997,2843.251,2695.9385
2024-07-07,2447.609,2649.4260000000004,2548.5175
2024-07-08,2536.757,3083.404,2810.0805
2024-07-09,2660.624,3146.401,2903.5125
2024-07-10,2665.083,3153.8859999999995,2909.4844999999996
2024-07-11,2666.8369999999995,3130.281,2898.5589999999997
2024-07-12,2671.6789999999996,3127.464,2899.5715
2024-07-13,2529.316,2774.0579999999995,2651.687
2024-07-14,2434.348,2673.439,2553.8935
2024-07-15,2549.137,3168.8370000000004,2858.987
2024-07-16,2678.071,3178.019,2928.045
2024-07-17,2685.307,3189.3789999999995,2937.343
2024-07-18,2687.786,3112.867,2900.3265
2024-07-19,2684.711,3149.8819999999996,2917.2964999999995
2024-07-20,2541.576,2790.372,2665.974
2024-07-21,2441.335,2666.398,2553.8665
2024-07-22,2534.0989999999997,3117.152,2825.6255
2024-07-23,2651.5950000000003,3101.722,2876.6585000000005
2024-07-24,2644.644,3089.6119999999996,2867.1279999999997
2024-07-25,2634.456,3062.4369999999994,2848.4465
2024-07-26,2643.713,3082.2319999999995,2862.9725
2024-07-27,2517.193,2721.659,2619.4260000000004
2024-07-28,2423.055,2625.226,2524.1405
2024-07-29,2546.306,3174.738,2860.522
2024-07-30,2689.042,3183.3280000000004,2936.1850000000004
2024-07-31,2697.5079999999994,3190.714,2944.111
2024-08-01,2758.9480000000003,3268.9950000000003,3013.9715000000006
2024-08-02,2780.864,3299.4610000000002,3040.1625000000004
2024-08-03,2711.879,2994.9800000000005,2853.4295
2024-08-04,2586.3269999999998,2848.022,2717.1745
2024-08-05,2640.25,3305.654,2972.952
2024-08-06,2771.9779999999996,3290.1959999999995,3031.0869999999995
2024-08-07,2779.937,3308.28,3044.1085000000003
2024-08-08,2783.744,3311.8060000000005,3047.7750000000005
2024-08-09,2798.2659999999996,3314.783,3056.5244999999995
2024-08-10,2715.2769999999996,2979.358,2847.3175
2024-08-11,2597.489,2869.377,2733.433
2024-08-12,2640.393,3313.456,2976.9245
2024-08-13,2779.2030000000004,3291.042,3035.1225000000004
2024-08-14,2776.8810000000003,3302.0530000000003,3039.4670000000006
2024-08-15,2776.2340000000004,3314.4030000000002,3045.3185000000003
2024-08-16,2791.579,3326.7570000000005,3059.1680000000006
2024-08-17,2716.332,3017.248,2866.79
2024-08-18,2619.5530000000003,2913.114,2766.3335
2024-08-19,2656.2690000000002,3345.58,3000.9245
2024-08-20,2798.586,3337.752,3068.169
2024-08-21,2796.0,3349.7850000000003,3072.8925
2024-08-22,2803.3350000000005,3339.203,3071.2690000000002
2024-08-23,2817.285,3331.7160000000003,3074.5005
2024-08-24,2712.321,3004.1839999999997,2858.2524999999996
2024-08-25,2602.413,2883.1890000000003,2742.8010000000004
2024-08-26,2634.47,3209.5270000000005,2921.9985
2024-08-27,2754.051,3228.5419999999995,2991.2964999999995
2024-08-28,2748.2529999999997,3241.567,2994.91
2024-08-29,2750.4640000000004,3220.6599999999994,2985.562
2024-08-30,2752.7789999999995,3213.61,2983.1944999999996
2024-08-31,2680.7259999999997,2917.79,2799.258
2024-09-01,2486.904,2702.726,2594.815
2024-09-02,2399.946,2652.514,2526.23
2024-09-03,2700.733,3175.2839999999997,2938.0085
2024-09-04,2697.33,3147.2889999999998,2922.3095
2024-09-05,2690.532,3138.645,2914.5885
2024-09-06,2693.519,3125.3900000000003,2909.4545
2024-09-07,2556.0709999999995,2799.4779999999996,2677.7744999999995
2024-09-08,2447.815,2675.383,2561.599
2024-09-09,2525.4889999999996,3128.516,2827.0024999999996
2024-09-10,2667.9849999999997,3136.9919999999997,2902.4884999999995
2024-09-11,2679.7130000000006,3127.803,2903.7580000000003
2024-09-12,2673.6240000000003,3122.422,2898.023
2024-09-13,2678.562,3166.22,2922.3909999999996
2024-09-14,2609.78,2884.1629999999996,2746.9714999999997
2024-09-15,2505.631,2748.948,2627.2895
2024-09-16,2579.7709999999997,3201.468,2890.6195
2024-09-17,2700.3940000000002,3197.2659999999996,2948.83
2024-09-18,2703.586,3213.863,2958.7245
2024-09-19,2707.1839999999997,3226.91,2967.0469999999996
2024-09-20,2725.365,3223.212,2974.2884999999997
2024-09-21,2612.508,2882.626,2747.567
2024-09-22,2500.98,2761.567,2631.2735000000002
2024-09-23,2576.951,3213.4429999999998,2895.197
2024-09-24,2702.847,3217.9359999999997,2960.3914999999997
2024-09-25,2701.417,3186.279,2943.848
2024-09-26,2682.237,3143.148,2912.6925
2024-09-27,2668.4919999999997,3137.356,2902.924
2024-09-28,2553.6240000000003,2828.764,2691.1940000000004
2024-09-29,2449.6349999999998,2737.925,2593.7799999999997
2024-09-30,2538.492,3173.438,2855.965
2024-10-01,2547.251,3182.9900000000002,2865.1205
2024-10-02,2551.65,3161.5649999999996,2856.6075
2024-10-03,2549.756,3157.2029999999995,2853.4794999999995
2024-10-04,2579.318,3158.567,2868.9425
2024-10-05,2503.7290000000003,2748.473,2626.101
2024-10-06,2404.23,2701.488,2552.859
2024-10-07,2403.169,3179.98,2791.5744999999997
2024-10-08,2546.385,3129.808,2838.0965
2024-10-09,2509.408,3105.511,2807.4595
2024-10-10,2509.6870000000004,3121.281,2815.4840000000004
2024-10-11,2531.1459999999997,3106.161,2818.6535
2024-10-12,2462.35,2755.7729999999997,2609.0615
2024-10-13,2372.782,2684.884,2528.833
2024-10-14,2398.601,3188.1210000000005,2793.3610000000003
2024-10-15,2533.691,3166.322,2850.0065
2024-10-16,2502.399,3010.197,2756.298
2024-10-17,2473.394,3001.012,2737.203
2024-10-18,2498.529,3039.16,2768.8445
2024-10-19,2433.681,2693.7849999999994,2563.7329999999997
2024-10-20,2339.1,2602.542,2470.821
2024-10-21,2344.73,3072.6090000000004,2708.6695
2024-10-22,2497.5440000000003,3084.305,2790.9245
2024-10-23,2507.546,3102.982,2805.264
2024-10-24,2507.9080000000004,3107.0909999999994,2807.4995
2024-10-25,2540.6709999999994,3122.977,2831.8239999999996
2024-10-26,2474.661,2756.064,2615.3625
2024-10-27,2370.512,2648.2349999999997,2509.3734999999997
2024-10-28,2382.56,3134.982,2758.7709999999997
2024-10-29,2552.321,3145.7980000000002,2849.0595000000003
2024-10-30,2560.512,3137.9939999999997,2849.2529999999997
2024-10-31,2570.452,3116.741,2843.5965
2024-11-01,2557.4880000000003,3070.884,2814.186
2024-11-02,2408.6,2653.201,2530.9004999999997
2024-11-03,2285.007,2518.299,2401.6530000000002
2024-11-04,2357.035,3062.4629999999997,2709.749
2024-11-05,2479.619,3006.8199999999997,2743.2195
2024-11-06,2449.308,3015.6659999999997,2732.487
2024-11-07,2483.267,3058.452,2770.8595
2024-11-08,2514.7960000000003,3053.8940000000007,2784.3450000000003
2024-11-09,2330.416,2588.595,2459.5055
2024-11-10,2264.339,2488.7019999999998,2376.5204999999996
2024-11-11,2309.3309999999997,3014.3410000000003,2661.8360000000002
2024-11-12,2434.0480000000002,2971.8579999999997,2702.953
2024-11-13,2426.3469999999998,3002.515,2714.4309999999996
2024-11-14,2423.352,2942.3540000000003,2682.853
2024-11-15,2432.093,2920.079,2676.0860000000002
2024-11-16,2310.1859999999997,2548.372,2429.2789999999995
2024-11-17,2255.535,2502.085,2378.81
2024-11-18,2343.1130000000003,3033.99,2688.5515
2024-11-19,2429.026,2977.7999999999997,2703.4129999999996
2024-11-20,2431.091,2909.699,2670.395
2024-11-21,2410.2980000000002,2899.842,2655.07
2024-11-22,2437.9660000000003,2900.299,2669.1325
2024-11-23,2284.3590000000004,2505.214,2394.7865
2024-11-24,2193.986,2471.376,2332.681
2024-11-25,2292.244,3017.3349999999996,2654.7895
2024-11-26,2409.526,2892.803,2651.1645
2024-11-27,2416.851,2981.791,2699.321
2024-11-28,2070.908,2234.25,2152.5789999999997
2024-11-29,2032.5059999999999,2262.213,2147.3595
2024-11-30,2284.577,2485.2439999999997,2384.9105
2024-12-01,2127.041,2318.614,2222.8275000000003
2024-12-02,2242.818,2822.3149999999996,2532.5665
2024-12-03,2374.111,2837.2039999999997,2605.6575
2024-12-04,2377.263,2876.252,2626.7574999999997
2024-12-05,2386.0699999999997,2830.5,2608.285
2024-12-06,2383.3480000000004,2817.05,2600.1990000000005
2024-12-07,2237.831,2412.544,2325.1875
2024-12-08,2137.9339999999997,2335.2400000000002,2236.587
2024-12-09,2248.144,2854.327,2551.2355
2024-12-10,2374.835,2835.987,2605.411
2024-12-11,2367.1960000000004,2826.963,2597.0795000000003
2024-12-12,2376.086,2832.809,2604.4475
2024-12-13,2389.4719999999998,2833.3459999999995,2611.4089999999997
2024-12-14,2265.4,2461.741,2363.5705
2024-12-15,2166.3689999999997,2391.335,2278.852
2024-12-16,2278.5849999999996,2910.3329999999996,2594.459
2024-12-17,2406.383,2920.917,2663.6499999999996
2024-12-18,2331.2709999999997,2670.878,2501.0744999999997
2024-12-19,2341.3859999999995,2613.811,2477.5985
2024-12-20,2295.301,2624.6929999999993,2459.9969999999994
2024-12-21,2244.695,2404.616,2324.6555
2024-12-22,2138.141,2328.17,2233.1555
2024-12-23,2222.133,2629.9669999999996,2426.0499999999997
2024-12-24,2360.4179999999997,2671.9120000000003,2516.165
2024-12-25,2386.882,2848.105,2617.4935
2024-12-26,2387.089,2888.246,2637.6675
2024-12-27,2388.357,2878.7990000000004,2633.5780000000004
2024-12-28,2257.1369999999997,2463.272,2360.2045
2024-12-29,2129.681,2326.411,2228.0460000000003
2024-12-30,2243.8459999999995,2883.9159999999997,2563.8809999999994
2024-12-31,2381.918,2868.174,2625.0460000000003
2025-01-01,2015.5839999999998,2207.435,2111.5095
2025-01-02,2378.706,2829.445,2604.0755
2025-01-03,2390.062,2846.0,2618.031
2025-01-04,2231.1800000000003,2418.2909999999997,2324.7355
2025-01-05,2134.378,2304.1530000000002,2219.2655000000004
2025-01-06,2257.621,2818.087,2537.8540000000003
2025-01-07,2400.63,2833.433,2617.0315
2025-01-08,2411.263,2839.158,2625.2105
2025-01-09,2405.071,2832.507,2618.7889999999998
2025-01-10,2423.246,2851.897,2637.5715
2025-01-11,2236.951,2392.745,2314.848
2025-01-12,2116.777,2301.505,2209.141
2025-01-13,2251.387,2808.908,2530.1475
2025-01-14,2382.757,2816.861,2599.809
2025-01-15,2382.983,2815.3350000000005,2599.1590000000006
2025-01-16,2373.909,2829.12,2601.5145
2025-01-17,2388.964,2826.4869999999996,2607.7254999999996
2025-01-18,2201.48,2375.744,2288.612
2025-01-19,2121.166,2311.327,2216.2465
2025-01-20,2293.447,2778.791,2536.119
2025-01-21,2432.705,2865.807,2649.256
2025-01-22,2423.4010000000003,2855.766,2639.5835
2025-01-23,2403.708,2836.593,2620.1504999999997
2025-01-24,2402.9429999999998,2837.792,2620.3675
2025-01-25,2209.5460000000003,2383.067,2296.3065
2025-01-26,2099.743,2303.903,2201.823
2025-01-27,2242.486,2798.1260000000007,2520.3060000000005
2025-01-28,2371.488,2818.391,2594.9395
2025-01-29,2363.408,2833.857,2598.6324999999997
2025-01-30,2382.074,2857.476,2619.775
2025-01-31,2372.572,2830.2140000000004,2601.393
2025-02-01,2261.032,2442.051,2351.5415000000003
2025-02-02,2143.313,2371.271,2257.2920000000004
2025-02-03,2261.2740000000003,2906.2460000000005,2583.76
2025-02-04,2409.076,2945.9159999999997,2677.496
2025-02-05,2419.176,2944.966,2682.071
2025-02-06,2421.81,2959.1,2690.455
2025-02-07,2433.899,2950.599,2692.249
2025-02-08,2313.7169999999996,2537.026,2425.3714999999997
2025-02-09,2208.058,2431.487,2319.7725
2025-02-10,2268.423,2860.3379999999997,2564.3804999999998
2025-02-11,2406.277,2852.639,2629.458
2025-02-12,2395.2110000000002,2870.837,2633.0240000000003
2025-02-13,2376.688,2826.572,2601.63
2025-02-14,2401.658,2829.3950000000004,2615.5265
2025-02-15,2264.566,2455.747,2360.1565
2025-02-16,2142.877,2336.6330000000003,2239.755
2025-02-17,2139.655,2769.878,2454.7665
2025-02-18,2390.9179999999997,2846.326,2618.622
2025-02-19,2402.705,2856.994,2629.8495000000003
2025-02-20,2424.178,2862.423,2643.3005
2025-02-21,2441.35,2873.737,2657.5434999999998
2025-02-22,2285.415,2452.683,2369.049
2025-02-23,2160.263,2337.585,2248.924
2025-02-24,2261.4,2821.919,2541.6594999999998
2025-02-25,2383.864,2847.385,2615.6245
2025-02-26,2364.04,2887.608,2625.824
2025-02-27,2379.846,2871.985,2625.9155
2025-02-28,2380.021,2861.718,2620.8695
2025-03-01,2238.5849999999996,2470.149,2354.3669999999997
2025-03-02,2150.302,2337.847,2244.0745
2025-03-03,2259.488,2925.702,2592.5950000000003
2025-03-04,2420.748,2926.3529999999996,2673.5505
2025-03-05,2388.266,2875.23,2631.748
2025-03-06,2379.209,2861.9289999999996,2620.5689999999995
2025-03-07,2408.783,2921.8880000000004,2665.3355
2025-03-08,2235.408,2483.9429999999998,2359.6755
2025-03-09,2179.932,2363.689,2271.8104999999996
2025-03-10,2296.234,2918.95,2607.5919999999996
2025-03-11,2419.775,2955.8460000000005,2687.8105000000005
2025-03-12,2441.2079999999996,2990.072,2715.64
2025-03-13,2465.142,3010.386,2737.764
2025-03-14,2501.1130000000003,3009.728,2755.4205
2025-03-15,2332.777,2574.272,2453.5245
2025-03-16,2190.97,2409.407,2300.1885
2025-03-17,2280.4060000000004,2973.6400000000003,2627.023
2025-03-18,2445.324,2982.7540000000004,2714.039
2025-03-19,2464.966,3005.283,2735.1245
2025-03-20,2426.319,2908.969,2667.6440000000002
2025-03-21,2437.346,2924.751,2681.0485
2025-03-22,2298.237,2517.687,2407.962
2025-03-23,2207.115,2451.166,2329.1405
2025-03-24,2301.665,3020.537,2661.1009999999997
2025-03-25,2455.1920000000005,3018.1029999999996,2736.6475
2025-03-26,2469.738,2994.8830000000003,2732.3105
2025-03-27,2457.111,2948.4829999999997,2702.7969999999996
2025-03-28,2477.571,2970.082,2723.8265
2025-03-29,2323.719,2555.5480000000002,2439.6335
2025-03-30,2246.464,2467.3160000000003,2356.8900000000003
2025-03-31,2352.107,3054.158,2703.1324999999997
2025-04-01,2535.2929999999997,3076.48,2805.8864999999996
2025-04-02,2549.6800000000003,3105.587,2827.6335
2025-04-03,2555.802,3127.4039999999995,2841.603
2025-04-04,2584.433,3121.0240000000003,2852.7285
2025-04-05,2355.643,2617.3840000000005,2486.5135
2025-04-06,2214.0359999999996,2389.2889999999998,2301.6624999999995
2025-04-07,2327.503,2959.101,2643.302
2025-04-08,2452.423,2976.529,2714.4759999999997
2025-04-09,2462.8810000000003,3016.9680000000003,2739.9245
2025-04-10,2468.64,3050.2190000000005,2759.4295
2025-04-11,2512.178999999999,3067.556,2789.8674999999994
2025-04-12,2350.342,2611.007,2480.6745
2025-04-13,2268.467,2514.5789999999997,2391.523
2025-04-14,2374.63,3085.7990000000004,2730.2145
2025-04-15,2509.479,3047.716,2778.5975
2025-04-16,2500.4659999999994,3063.605,2782.0355
2025-04-17,2515.347,3084.661,2800.004
2025-04-18,2557.783,3103.371,2830.577
2025-04-19,2400.528,2628.7740000000003,2514.651
2025-04-20,2313.007,2518.7980000000002,2415.9025
2025-04-21,2392.9399999999996,3075.337,2734.1385
2025-04-22,2522.714,3090.107,2806.4105
2025-04-23,2537.672,3046.456,2792.0640000000003
2025-04-24,2532.104,3081.2960000000003,2806.7
2025-04-25,2550.236,3087.6459999999997,2818.941
2025-04-26,2396.882,2632.259,2514.5705
2025-04-27,2299.138,2536.528,2417.8329999999996
2025-04-28,2393.959,3114.37,2754.1645
2025-04-29,2543.263,3097.1299999999997,2820.1965
2025-04-30,2548.563,3107.596,2828.0795
2025-05-01,2626.854,3200.217,2913.5355
2025-05-02,2635.303,3175.047,2905.175
2025-05-03,2423.146,2663.868,2543.507
2025-05-04,2310.039,2554.84,2432.4395000000004
2025-05-05,2412.9399999999996,3128.033,2770.4865
2025-05-06,2589.992,3161.8070000000002,2875.8995000000004
2025-05-07,2592.355,3156.478,2874.4165000000003
2025-05-08,2595.451,3177.447,2886.449
2025-05-09,2612.5429999999997,3142.5499999999997,2877.5464999999995
2025-05-10,2421.622,2672.56,2547.091
2025-05-11,2316.65,2544.533,2430.5915
2025-05-12,2402.4230000000002,3146.7210000000005,2774.572
2025-05-13,2585.3689999999997,3215.465,2900.417
2025-05-14,2619.702,3233.0480000000007,2926.3750000000005
2025-05-15,2638.3520000000003,3244.4269999999997,2941.3895
2025-05-16,2675.714,3243.374,2959.544
2025-05-17,2507.9030000000002,2766.1960000000004,2637.0495
2025-05-18,2420.126,2635.761,2527.9435000000003
2025-05-19,2501.637,3251.206,2876.4215000000004
2025-05-20,2660.3799999999997,3254.3799999999997,2957.3799999999997
2025-05-21,2642.428,3213.54,2927.984
2025-05-22,2639.371,3241.013,2940.192
2025-05-23,2661.7839999999997,3253.3210000000004,2957.5525
2025-05-24,2526.003,2788.953,2657.478
2025-05-25,2435.8520000000003,2681.3689999999997,2558.6105
2025-05-26,2392.309,2667.099,2529.704
2025-05-27,2611.822,3199.4060000000004,2905.6140000000005
2025-05-28,2622.317,3146.2479999999996,2884.2825
2025-05-29,2607.927,3216.978,2912.4525000000003
2025-05-30,2649.1180000000004,3179.153,2914.1355000000003
2025-05-31,2485.0009999999997,2729.4159999999997,2607.2084999999997
2025-06-01,2479.125,2726.011,2602.568
2025-06-02,2546.8340000000003,3168.0860000000002,2857.46
2025-06-03,2680.5170000000003,3158.727,2919.6220000000003
2025-06-04,2691.72,3173.995,2932.8575
2025-06-05,2688.145,3180.426,2934.2855
2025-06-06,2712.09,3208.4759999999997,2960.283
2025-06-07,2630.469,2896.0339999999997,2763.2515
2025-06-08,2527.949,2777.216,2652.5825
2025-06-09,2560.193,3178.9010000000003,2869.5470000000005
2025-06-10,2692.487,3172.1479999999997,2932.3175
2025-06-11,2684.887,3111.118,2898.0025
2025-06-12,2663.265,3063.863,2863.564
2025-06-13,2663.716,3155.2410000000004,2909.4785
2025-06-14,2590.0730000000003,2841.7740000000003,2715.9235000000003
2025-06-15,2504.103,2719.747,2611.925
2025-06-16,2546.3929999999996,3147.213,2846.803
2025-06-17,2687.715,3188.0550000000003,2937.885
2025-06-18,2705.862,3202.8860000000004,2954.3740000000003
2025-06-19,2708.732,3205.824,2957.2780000000002
2025-06-20,2720.9700000000003,3222.9390000000003,2971.9545000000003
2025-06-21,2639.2000000000003,2896.803,2768.0015000000003
2025-06-22,2524.9150000000004,2766.484,2645.6995
2025-06-23,2576.2999999999997,3198.59,2887.4449999999997
2025-06-24,2696.2999999999997,3171.99,2934.1449999999995
2025-06-25,2681.113,3117.236,2899.1745
2025-06-26,2671.276,3150.462,2910.8689999999997
2025-06-27,2686.016,3173.817,2929.9165000000003
2025-06-28,2608.3940000000002,2872.907,2740.6505
2025-06-29,2504.734,2717.7340000000004,2611.2340000000004
2025-06-30,2553.9769999999994,3171.587,2862.7819999999997
2025-07-01,2663.0549999999994,3154.493,2908.7739999999994
2025-07-02,2674.0109999999995,3178.728,2926.3695
2025-07-03,2681.462,3167.063,2924.2625
2025-07-04,2514.786,2744.6769999999997,2629.7315
2025-07-05,2575.908,2819.366,2697.6369999999997
2025-07-06,2453.4709999999995,2700.93,2577.2005
2025-07-07,2554.789,3174.494,2864.6415
2025-07-08,2679.758,3130.5,2905.129
2025-07-09,2656.041,3111.6789999999996,2883.8599999999997
2025-07-10,2666.36,3155.3650000000002,2910.8625
2025-07-11,2690.882,3180.0040000000004,2935.443
2025-07-12,2569.518,2833.5550000000003,2701.5365
2025-07-13,2459.9610000000002,2687.7580000000003,2573.8595000000005
2025-07-14,2547.022,3145.9170000000004,2846.4695
2025-07-15,2678.112,3176.208,2927.16
2025-07-16,2688.0049999999997,3185.904,2936.9545
2025-07-17,2678.012,3152.0709999999995,2915.0415
2025-07-18,2698.603,3174.6929999999998,2936.648
2025-07-19,2565.812,2838.1330000000003,2701.9725
2025-07-20,2469.8289999999997,2711.918,2590.8734999999997
2025-07-21,2570.599,3206.7059999999997,2888.6525
2025-07-22,2693.6280000000006,3203.02,2948.3240000000005
2025-07-23,2689.7000000000003,3199.998,2944.849
2025-07-24,2690.983,3204.7490000000003,2947.866
2025-07-25,2703.642,3146.0849999999996,2924.8634999999995
2025-07-26,2554.32,2784.9679999999994,2669.644
2025-07-27,2450.6839999999997,2703.6639999999998,2577.174
2025-07-28,2557.4230000000002,3202.705,2880.0640000000003
2025-07-29,2690.689,3197.2599999999998,2943.9745
2025-07-30,2696.975,3218.397,2957.6859999999997
2025-07-31,2706.6759999999995,3185.5260000000003,2946.1009999999997
2025-08-01,2795.8469999999998,3282.6720000000005,3039.2595
2025-08-02,2693.962,2941.4419999999996,2817.7019999999998
2025-08-03,2588.4280000000003,2846.915,2717.6715000000004
2025-08-04,2625.7239999999997,3198.91,2912.317
2025-08-05,2739.555,3246.16,2992.8575
2025-08-06,2752.1409999999996,3283.581,3017.861
2025-08-07,2760.6470000000004,3293.241,3026.9440000000004
2025-08-08,2781.7729999999997,3304.603,3043.188
2025-08-09,2705.524,2980.098,2842.8109999999997
2025-08-10,2592.3290000000006,2822.966,2707.6475
2025-08-11,2627.884,3274.14,2951.0119999999997
2025-08-12,2761.434,3270.502,3015.968
2025-08-13,2763.922,3283.095,3023.5085
2025-08-14,2777.385,3299.452,3038.4185
2025-08-15,2789.05,3293.698,3041.374
2025-08-16,2707.8050000000003,2970.124,2838.9645
2025-08-17,2599.854,2893.4030000000002,2746.6285
2025-08-18,2645.202,3316.8060000000005,2981.0040000000004
2025-08-19,2774.355,3249.6220000000003,3011.9885000000004
2025-08-20,2756.744,3293.354,3025.049
2025-08-21,2759.9489999999996,3248.8080000000004,3004.3785
2025-08-22,2759.9139999999998,3222.1220000000003,2991.018
2025-08-23,2671.7140000000004,2930.641,2801.1775000000002
2025-08-24,2579.445,2865.4519999999998,2722.4485
2025-08-25,2632.2999999999997,3286.633,2959.4664999999995
2025-08-26,2765.347,3265.3990000000003,3015.3730000000005
2025-08-27,2765.632,3243.6059999999998,3004.6189999999997
2025-08-28,2759.5299999999997,3276.173,3017.8514999999998
2025-08-29,2787.0539999999996,3300.447,3043.7505
2025-08-30,2699.938,2968.3879999999995,2834.1629999999996
2025-08-31,2578.139,2766.5320000000006,2672.3355
2025-09-01,2390.826,2633.128,2511.977
2025-09-02,2682.412,3176.2599999999998,2929.336
2025-09-03,2693.782,3205.2889999999998,2949.5355
2025-09-04,2694.394,3201.5309999999995,2947.9624999999996
2025-09-05,2728.348,3227.007,2977.6775
2025-09-06,2611.9419999999996,2856.0439999999994,2733.9929999999995
2025-09-07,2484.2309999999998,2644.18,2564.2055
2025-09-08,2539.2000000000003,3122.2690000000002,2830.7345000000005
2025-09-09,2649.855,3113.5090000000005,2881.6820000000002
2025-09-10,2648.0180000000005,3138.4810000000007,2893.249500000001
2025-09-11,2678.418,3165.285,2921.8514999999998
2025-09-12,2700.4100000000003,3176.953,2938.6815
2025-09-13,2584.033,2840.8009999999995,2712.4169999999995
2025-09-14,2472.6639999999998,2728.28,2600.4719999999998
2025-09-15,2566.836,3172.054,2869.4449999999997
2025-09-16,2691.0609999999997,3163.7650000000003,2927.413
2025-09-17,2689.2619999999997,3172.641,2930.9515
2025-09-18,2684.9460000000004,3173.649,2929.2975
2025-09-19,2697.353,3172.2030000000004,2934.7780000000002
2025-09-20,2584.9320000000002,2844.8639999999996,2714.898
2025-09-21,2486.927,2734.1560000000004,2610.5415000000003
2025-09-22,2572.899,3204.579,2888.739
2025-09-23,2706.9739999999997,3199.671,2953.3224999999998
2025-09-24,2720.2090000000003,3221.087,2970.648
2025-09-25,2701.3409999999994,3159.31,2930.3255
2025-09-26,2693.0640000000003,3141.147,2917.1055
2025-09-27,2558.096,2800.9060000000004,2679.501
2025-09-28,2441.465,2702.343,2571.904
2025-09-29,2525.833,3144.84,2835.3365000000003
2025-09-30,2668.346,3156.577,2912.4615000000003
