date,pred_min,pred_max,pred_avg,min_load,max_load,avg_load
2005-01-01,2228.8,3006.3,2619.920833333333,2125.0,3022.0,2529.4166666666665
2005-01-02,2294.9,3276.4,2762.570833333333,2193.0,3328.0,2699.9583333333335
2005-01-03,2257.0,3280.9,2942.9708333333333,2163.0,3507.0,2879.7083333333335
2005-01-04,2175.1,3332.9,2893.8541666666665,2127.0,3549.0,2907.9583333333335
2005-01-05,2094.5,3340.6,2762.6041666666665,2201.0,3725.0,3055.4166666666665
2005-01-06,2266.0,3528.5,2988.3458333333333,2388.0,3763.0,3156.7916666666665
2005-01-07,2127.6,3349.2,2816.745833333333,2333.0,3587.0,3024.4166666666665
2005-01-08,2188.4,3136.6,2680.0499999999997,2328.0,3479.0,2921.0
2005-01-09,2201.4,3141.8,2667.045833333333,2352.0,3393.0,2834.9583333333335
2005-01-10,2047.0,3304.0,2766.0291666666667,2300.0,3674.0,3075.625
2005-01-11,2371.9,3439.1,3112.3416666666667,2319.0,3700.0,3082.25
2005-01-12,2264.1,3391.6,2969.758333333333,2348.0,3701.0,3112.25
2005-01-13,2142.0,3381.6,2845.275,2307.0,3606.0,3039.6666666666665
2005-01-14,2092.3,3137.7,2674.1625,2140.0,3478.0,2917.75
2005-01-15,2093.0,3272.6,2738.9166666666665,2305.0,3316.0,2833.4583333333335
2005-01-16,2262.0,3392.7,2843.4166666666665,2385.0,3411.0,2890.625
2005-01-17,2377.4,3438.7,3039.5333333333333,2498.0,3908.0,3230.0833333333335
2005-01-18,2376.7,3476.3,3033.2833333333333,2772.0,4193.0,3569.5416666666665
2005-01-19,2685.2,3971.4,3388.3583333333336,2933.0,4045.0,3555.8333333333335
2005-01-20,2496.0,3868.6,3267.9,2635.0,3914.0,3336.75
2005-01-21,2401.6,3704.7,3172.9666666666667,2776.0,4094.0,3553.0833333333335
2005-01-22,2808.8,3197.8,3079.8333333333335,2987.0,3948.0,3450.7083333333335
2005-01-23,2565.3,3160.7,2926.6583333333333,2773.0,3902.0,3305.9583333333335
2005-01-24,2523.0,3318.7,3060.625,2922.0,4030.0,3496.1666666666665
2005-01-25,2469.6,3476.5,3081.1875,2734.0,3927.0,3379.0416666666665
2005-01-26,2618.8,3761.8,3313.058333333333,2645.0,4045.0,3414.7083333333335
2005-01-27,2595.8,3566.0,3200.9541666666664,2773.0,4046.0,3480.7916666666665
2005-01-28,2633.3,3627.1,3219.754166666667,2941.0,3899.0,3510.125
2005-01-29,2544.3,3204.9,2882.2791666666667,2826.0,3479.0,3136.9583333333335
2005-01-30,2331.2,3093.2,2685.954166666667,2499.0,3461.0,2895.5416666666665
2005-01-31,2298.6,3389.0,2932.1,2497.0,3819.0,3240.4583333333335
2005-02-01,2450.1,3414.6,3062.6375000000003,2622.0,3731.0,3251.2916666666665
2005-02-02,2371.5,3389.3,2983.2666666666664,2560.0,3694.0,3202.4166666666665
2005-02-03,2420.9,3454.0,3033.875,2491.0,3691.0,3166.9166666666665
2005-02-04,2354.6,3537.4,2959.633333333333,2405.0,3559.0,3106.4583333333335
2005-02-05,2332.9,3189.6,2761.5291666666667,2375.0,3160.0,2773.7916666666665
2005-02-06,2291.2,3222.3,2676.5875,2281.0,3195.0,2697.8333333333335
2005-02-07,2295.2,3524.4,2994.3916666666664,2335.0,3523.0,2993.625
2005-02-08,2297.3,3494.7,3011.133333333333,2304.0,3497.0,2986.75
2005-02-09,2280.2,3528.9,3020.3624999999997,2249.0,3440.0,2904.4583333333335
2005-02-10,2303.8,3560.1,3085.308333333333,2216.0,3685.0,3052.2916666666665
2005-02-11,2300.9,3517.2,3033.316666666667,2414.0,3588.0,3099.875
2005-02-12,2391.6,3327.1,2885.1541666666667,2418.0,3243.0,2837.875
2005-02-13,2386.2,3425.1,2860.6541666666667,2316.0,3335.0,2757.0
2005-02-14,2350.6,3572.3,3093.3375,2422.0,3610.0,3095.0
2005-02-15,2284.2,3506.4,3024.9791666666665,2302.0,3439.0,2915.2083333333335
2005-02-16,2193.1,3202.5,2893.491666666667,2219.0,3437.0,2898.9583333333335
2005-02-17,2334.7,3612.1,3094.8250000000003,2238.0,3514.0,2965.0
2005-02-18,2421.8,3630.5,3157.4791666666665,2361.0,3565.0,3057.2083333333335
2005-02-19,2545.0,3499.7,3014.5750000000003,2530.0,3324.0,2947.75
2005-02-20,2554.9,3533.7,3012.5416666666665,2455.0,3260.0,2814.4583333333335
2005-02-21,2480.4,3502.2,3125.8416666666667,2425.0,3552.0,3030.625
2005-02-22,2398.4,3527.7,3141.9249999999997,2444.0,3613.0,3106.0416666666665
2005-02-23,2427.1,3611.7,3164.8624999999997,2392.0,3561.0,3045.9166666666665
2005-02-24,2547.2,3498.2,3209.8541666666665,2511.0,3684.0,3167.1666666666665
2005-02-25,2539.0,3545.7,3228.375,2537.0,3544.0,3129.25
2005-02-26,2568.5,3335.0,2884.816666666667,2503.0,3257.0,2884.5833333333335
2005-02-27,2479.2,3332.2,2879.9791666666665,2448.0,3392.0,2839.75
2005-02-28,2430.1,3593.7,3126.366666666667,2456.0,3712.0,3152.875
2005-03-01,2341.9,3650.1,3101.004166666667,2458.0,3689.0,3137.6666666666665
2005-03-02,2376.4,3670.8,3126.3624999999997,2432.0,3675.0,3126.5416666666665
2005-03-03,2476.7,3543.4,3149.4375,2492.0,3722.0,3176.5
2005-03-04,2367.4,3638.6,3145.8916666666664,2545.0,3567.0,3149.1666666666665
2005-03-05,2443.2,3261.8,2824.4041666666667,2474.0,3181.0,2828.4583333333335
2005-03-06,2357.5,3083.9,2606.429166666667,2316.0,3262.0,2706.1666666666665
2005-03-07,2292.4,3468.7,3036.6541666666667,2254.0,3467.0,2919.125
2005-03-08,2279.0,3421.7,3015.4125,2191.0,3713.0,3037.2916666666665
2005-03-09,2496.2,3324.1,3097.995833333333,2653.0,3808.0,3292.4583333333335
2005-03-10,2487.8,3471.0,3115.9791666666665,2645.0,3673.0,3215.6666666666665
2005-03-11,2417.2,3285.5,3004.0458333333336,2549.0,3572.0,3123.2083333333335
2005-03-12,2341.3,3234.7,2642.545833333333,2320.0,3359.0,2871.75
2005-03-13,2274.4,3209.3,2573.7458333333334,2311.0,3226.0,2705.9583333333335
2005-03-14,2273.9,3351.0,2920.945833333333,2348.0,3496.0,2988.5
2005-03-15,2283.1,3361.9,2930.316666666667,2349.0,3419.0,2963.5833333333335
2005-03-16,2316.3,3454.9,2983.0833333333335,2282.0,3394.0,2931.375
2005-03-17,2301.5,3385.2,2923.570833333333,2305.0,3350.0,2915.5
2005-03-18,2270.6,3307.0,2887.4375,2282.0,3253.0,2880.6666666666665
2005-03-19,2109.5,2886.8,2362.383333333333,2262.0,2972.0,2635.625
2005-03-20,2108.0,2666.7,2359.704166666667,2209.0,3033.0,2555.3333333333335
2005-03-21,2232.8,3181.5,2844.7708333333335,2111.0,3402.0,2862.1666666666665
2005-03-22,2237.6,3315.1,2876.5,2246.0,3278.0,2845.0416666666665
2005-03-23,2194.3,3224.2,2839.3624999999997,2155.0,3433.0,2877.6666666666665
2005-03-24,2228.4,3204.3,2880.6875,2266.0,3360.0,2946.8333333333335
2005-03-25,2226.2,3222.3,2815.116666666667,2268.0,3179.0,2814.0
2005-03-26,2145.3,2987.4,2541.366666666667,2214.0,3021.0,2625.25
2005-03-27,2120.4,2957.9,2447.8875000000003,2190.0,2879.0,2461.2083333333335
2005-03-28,2103.6,3270.4,2767.8583333333336,2100.0,3498.0,2933.9583333333335
2005-03-29,2075.0,3137.9,2745.4874999999997,2197.0,3363.0,2879.0416666666665
2005-03-30,2105.0,3190.8,2754.525,2146.0,3251.0,2789.0416666666665
2005-03-31,2121.3,3208.1,2775.0833333333335,2133.0,3258.0,2779.0
2005-04-01,2125.3,2805.0,2597.0666666666666,2114.0,3105.0,2747.0
2005-04-02,2045.5,2749.3,2380.679166666667,2078.0,3061.0,2649.2083333333335
2005-04-03,0.0,2940.7,2380.6125,0.0,2973.0,2378.125
2005-04-04,1990.6,3273.7,2692.8791666666666,2065.0,3164.0,2784.125
2005-04-05,2117.4,3183.8,2814.566666666667,2113.0,3083.0,2751.0
2005-04-06,2103.1,2716.9,2556.15,2011.0,3042.0,2697.875
2005-04-07,1984.6,2891.3,2605.6124999999997,1984.0,3092.0,2688.375
2005-04-08,1948.3,2854.5,2524.0375,1998.0,3023.0,2641.4166666666665
2005-04-09,1901.8,2652.3,2373.525,1986.0,2726.0,2404.6666666666665
2005-04-10,1853.9,2516.4,2181.608333333333,1968.0,2839.0,2360.75
2005-04-11,1949.4,2675.7,2488.2791666666667,1935.0,3082.0,2671.875
2005-04-12,1774.3,2519.5,2298.266666666667,2068.0,3213.0,2776.9583333333335
2005-04-13,1636.1,2487.3,2187.2374999999997,2132.0,3096.0,2756.4166666666665
2005-04-14,1713.2,2700.3,2318.2000000000003,2068.0,3059.0,2709.4166666666665
2005-04-15,1714.7,2641.7,2327.8958333333335,2076.0,3046.0,2685.0
2005-04-16,1835.0,2556.5,2213.329166666667,2056.0,2704.0,2424.2916666666665
2005-04-17,1800.3,2469.8,2114.2125,1987.0,2706.0,2326.4583333333335
2005-04-18,1756.5,2750.6,2386.4166666666665,1906.0,2891.0,2523.0833333333335
2005-04-19,1809.9,2843.9,2471.0041666666666,1917.0,3077.0,2657.625
2005-04-20,1678.1,2813.2,2352.475,1959.0,3328.0,2784.875
2005-04-21,1834.6,2390.2,2251.704166666667,1941.0,2975.0,2598.125
2005-04-22,1901.6,2341.8,2221.8958333333335,1956.0,2958.0,2582.5833333333335
2005-04-23,1836.8,2340.1,2135.5333333333333,1920.0,2762.0,2445.6666666666665
2005-04-24,1771.0,2435.6,2116.1625,1900.0,2758.0,2339.5416666666665
2005-04-25,1830.4,2713.3,2335.7625000000003,1915.0,3030.0,2643.3333333333335
2005-04-26,1821.2,2511.4,2315.85,1995.0,3055.0,2672.125
2005-04-27,1800.2,2446.7,2275.445833333333,1945.0,3138.0,2719.25
2005-04-28,1805.4,2353.3,2198.920833333333,1973.0,3058.0,2674.625
2005-04-29,1838.2,1987.9,1951.675,1981.0,2990.0,2613.75
2005-04-30,1416.5,1883.7,1670.6375,1920.0,2753.0,2431.3333333333335
2005-05-01,1667.0,2163.7,1923.9333333333334,1896.0,2773.0,2353.9583333333335
2005-05-02,1744.6,2193.0,2018.8500000000001,1921.0,3007.0,2634.8333333333335
2005-05-03,1774.5,2176.4,2042.4624999999999,1950.0,3006.0,2636.625
2005-05-04,1909.2,2527.4,2273.5666666666666,1952.0,3006.0,2649.1666666666665
2005-05-05,1810.9,2776.9,2475.0583333333334,1971.0,3008.0,2640.375
2005-05-06,1816.4,2450.3,2117.8958333333335,1955.0,2979.0,2612.0
2005-05-07,1775.5,2220.9,2053.9958333333334,1946.0,2869.0,2499.4583333333335
2005-05-08,1697.5,2176.3,1947.3416666666665,1974.0,2804.0,2391.0416666666665
2005-05-09,1762.1,2460.2,2151.3875,1946.0,3086.0,2678.4583333333335
2005-05-10,1749.9,2225.0,2015.1458333333333,1950.0,3074.0,2678.0416666666665
2005-05-11,1782.0,2617.7,2157.4708333333333,1957.0,3229.0,2743.75
2005-05-12,1708.2,2596.5,2177.5041666666666,1984.0,3050.0,2673.7916666666665
2005-05-13,1736.4,2393.7,2065.6375000000003,1980.0,3015.0,2622.0833333333335
2005-05-14,1505.4,2346.5,1971.1458333333333,1910.0,2660.0,2361.75
2005-05-15,1639.4,2354.1,2017.8541666666667,1850.0,2742.0,2304.2916666666665
2005-05-16,1743.5,2019.3,1956.8125,1901.0,3050.0,2639.5833333333335
2005-05-17,1745.4,2582.1,2272.8250000000003,1941.0,3061.0,2651.9583333333335
2005-05-18,1824.1,2447.8,2282.7625000000003,1930.0,3065.0,2662.5833333333335
2005-05-19,1823.5,2433.3,2203.0833333333335,1943.0,3048.0,2650.5416666666665
2005-05-20,1782.9,2556.7,2088.5125000000003,1934.0,3060.0,2621.3333333333335
2005-05-21,1759.8,2529.0,2176.5333333333333,1903.0,2682.0,2386.25
2005-05-22,1731.2,2480.8,2125.641666666667,1900.0,2712.0,2327.0833333333335
2005-05-23,1623.9,2687.6,2283.0125000000003,1905.0,3073.0,2681.375
2005-05-24,1811.4,2720.0,2260.4583333333335,1980.0,3222.0,2776.375
2005-05-25,1794.3,2522.7,2208.0291666666667,2037.0,3249.0,2818.125
2005-05-26,1813.7,2637.1,2305.7541666666666,2046.0,3147.0,2759.9583333333335
2005-05-27,1800.0,2517.5,2267.3166666666666,1998.0,3086.0,2662.75
2005-05-28,1775.7,2447.8,2168.7125,1928.0,2690.0,2385.4166666666665
2005-05-29,1699.3,2384.1,2048.25,1867.0,2579.0,2279.25
2005-05-30,1648.2,2414.0,2067.9083333333333,1879.0,2741.0,2375.25
2005-05-31,1767.8,2536.2,2255.1458333333335,1900.0,3096.0,2668.9583333333335
2005-06-01,1807.5,2418.5,2187.3708333333334,1951.0,3082.0,2678.0
2005-06-02,1677.2,2332.9,2103.6208333333334,1934.0,3258.0,2755.5833333333335
2005-06-03,1830.6,2597.5,2249.258333333333,1959.0,3316.0,2776.9583333333335
2005-06-04,1840.6,2573.3,2281.1124999999997,2006.0,3046.0,2664.375
2005-06-05,1852.8,2575.8,2184.65,2030.0,3287.0,2776.375
2005-06-06,1658.7,2574.2,2276.9708333333333,2098.0,3326.0,2842.7916666666665
2005-06-07,1879.8,2948.9,2562.2625,2143.0,4091.0,3292.1666666666665
2005-06-08,1883.3,2847.2,2539.8083333333334,2340.0,4287.0,3451.625
2005-06-09,1977.3,2888.6,2633.695833333333,2517.0,3996.0,3376.0416666666665
2005-06-10,2274.1,3355.3,2929.991666666667,2339.0,4334.0,3505.0833333333335
2005-06-11,2058.3,3241.8,2854.070833333333,2510.0,4136.0,3490.375
2005-06-12,2138.5,3253.0,2843.304166666667,2612.0,4168.0,3540.375
2005-06-13,2281.3,3364.8,2950.0875,2928.0,4964.0,4114.125
2005-06-14,2503.2,3268.0,3021.0375,2428.0,4222.0,3482.2916666666665
2005-06-15,2117.9,3013.9,2714.016666666667,2055.0,3117.0,2730.0
2005-06-16,1924.2,2781.3,2449.5416666666665,1972.0,3102.0,2691.375
2005-06-17,1894.0,2844.1,2499.9166666666665,1967.0,3193.0,2689.1666666666665
2005-06-18,1865.3,2676.8,2357.795833333333,1960.0,2765.0,2431.9166666666665
2005-06-19,1768.4,2691.3,2310.5333333333333,1870.0,2654.0,2319.6666666666665
2005-06-20,1864.3,2918.1,2532.25,1919.0,3367.0,2808.5416666666665
2005-06-21,1933.7,3205.4,2701.8166666666666,2014.0,3816.0,3083.4583333333335
2005-06-22,2045.1,3112.2,2678.766666666667,2292.0,3510.0,3041.875
2005-06-23,1671.2,3200.5,2692.1833333333334,2044.0,3468.0,2904.8333333333335
2005-06-24,1830.7,2568.3,2396.7125,2119.0,3917.0,3195.7916666666665
2005-06-25,2369.2,3570.1,3109.1666666666665,2379.0,4278.0,3469.2083333333335
2005-06-26,2448.4,3600.6,3189.941666666667,2636.0,4373.0,3628.3333333333335
2005-06-27,2589.8,3742.9,3334.0166666666664,2805.0,4641.0,3884.25
2005-06-28,2482.6,3696.8,3193.054166666667,2913.0,4512.0,3835.625
2005-06-29,2492.1,3469.4,3109.1583333333333,2846.0,4731.0,3853.6666666666665
2005-06-30,2486.8,3590.2,3149.4208333333336,2719.0,4289.0,3592.5416666666665
2005-07-01,2280.5,3172.5,2903.1458333333335,2382.0,3646.0,3147.0
2005-07-02,2028.3,2943.6,2567.5875,2423.0,3351.0,2959.9583333333335
2005-07-03,2010.5,2870.7,2515.375,2061.0,2944.0,2591.4166666666665
2005-07-04,1900.7,2820.6,2420.0666666666666,2065.0,3038.0,2628.3333333333335
2005-07-05,2258.8,3422.4,2999.3416666666667,2144.0,4354.0,3379.5833333333335
2005-07-06,2280.3,3530.9,3021.7125,2569.0,3904.0,3275.2916666666665
2005-07-07,2304.2,3306.4,2919.4625,2145.0,3252.0,2826.1666666666665
2005-07-08,2170.6,3266.5,2796.025,2086.0,3238.0,2765.6666666666665
2005-07-09,1968.3,2749.8,2466.204166666667,2009.0,2889.0,2558.5
2005-07-10,2101.9,2815.2,2533.3791666666666,2030.0,3470.0,2826.6666666666665
2005-07-11,2490.8,3340.4,3086.4583333333335,2540.0,4643.0,3760.2916666666665
2005-07-12,2438.4,3335.2,2938.745833333333,2565.0,3923.0,3335.9583333333335
2005-07-13,2222.5,3107.8,2744.070833333333,2326.0,3961.0,3282.2916666666665
2005-07-14,2217.3,3312.0,2854.129166666667,2476.0,4501.0,3649.9583333333335
2005-07-15,2420.0,3292.1,2979.870833333333,2827.0,4478.0,3710.4583333333335
2005-07-16,2105.0,3125.3,2694.195833333333,2511.0,3930.0,3348.5833333333335
2005-07-17,1958.7,3007.3,2584.8708333333334,2581.0,3806.0,3297.25
2005-07-18,2582.1,3854.6,3312.125,2890.0,4796.0,3979.5833333333335
2005-07-19,2809.4,3968.3,3522.3916666666664,3068.0,5242.0,4270.0
2005-07-20,2668.5,3747.2,3372.258333333333,3059.0,4842.0,4095.375
2005-07-21,2536.1,3627.5,3209.9125,2867.0,4628.0,3876.9166666666665
2005-07-22,2674.0,3515.9,3169.8958333333335,2807.0,4804.0,3938.1666666666665
2005-07-23,2373.9,3228.8,2870.5125000000003,2657.0,3630.0,3217.7083333333335
2005-07-24,2040.5,3059.1,2665.375,2233.0,3338.0,2866.5
2005-07-25,2348.1,3173.7,2918.4208333333336,2502.0,4424.0,3644.0416666666665
2005-07-26,2649.4,3320.5,3049.0916666666667,2860.0,4903.0,4065.625
2005-07-27,2242.1,3529.4,3026.4125,3199.0,5391.0,4379.833333333333
2005-07-28,2355.3,3248.0,2885.866666666667,2686.0,3775.0,3328.3333333333335
2005-07-29,2298.5,3477.9,2972.054166666667,2246.0,3823.0,3210.125
2005-07-30,2240.0,3160.7,2741.975,2444.0,3277.0,2939.5
2005-07-31,2062.0,3124.5,2587.391666666667,2230.0,2933.0,2650.375
2005-08-01,1649.5,3224.7,2578.3125,2264.0,3988.0,3264.4583333333335
2005-08-02,2365.7,3389.8,3036.025,2466.0,4482.0,3641.0416666666665
2005-08-03,2366.4,3478.4,3096.8291666666664,2748.0,4488.0,3719.9166666666665
2005-08-04,2563.7,3680.1,3181.8583333333336,2632.0,4398.0,3639.4583333333335
2005-08-05,2599.0,3983.9,3275.754166666667,2761.0,4959.0,3897.9166666666665
2005-08-06,2306.1,2922.9,2696.3791666666666,2601.0,3512.0,3120.2083333333335
2005-08-07,2070.0,3063.2,2654.266666666667,2300.0,3671.0,3056.4166666666665
2005-08-08,2441.5,3631.3,3173.995833333333,2595.0,4756.0,3843.0416666666665
2005-08-09,2480.0,3332.8,3018.4041666666667,3003.0,4573.0,3868.875
2005-08-10,2646.6,3298.0,3016.7708333333335,2759.0,4747.0,3880.625
2005-08-11,2668.2,3190.4,2963.2958333333336,2892.0,4819.0,3961.5
2005-08-12,2435.4,3133.8,2914.0791666666664,2830.0,4425.0,3718.2916666666665
2005-08-13,2495.3,3346.2,3027.866666666667,2905.0,4520.0,3843.3333333333335
2005-08-14,2428.3,3404.4,3017.2708333333335,2999.0,4286.0,3549.2916666666665
2005-08-15,2464.7,3392.3,3021.3624999999997,2584.0,3607.0,3156.3333333333335
2005-08-16,2244.6,3306.5,2846.991666666667,2193.0,3612.0,3037.8333333333335
2005-08-17,2323.9,3442.2,2975.433333333333,2325.0,3985.0,3276.0416666666665
2005-08-18,1575.2,2621.7,2231.045833333333,2284.0,3590.0,3047.4166666666665
2005-08-19,1669.7,3376.8,2608.875,2220.0,3607.0,2985.0
2005-08-20,1730.3,2803.4,2337.7999999999997,2233.0,3342.0,2902.75
2005-08-21,2233.3,3239.1,2790.241666666667,2411.0,3990.0,3225.8333333333335
2005-08-22,1833.8,3350.4,2539.525,2540.0,4186.0,3466.75
2005-08-23,1883.7,3207.4,2588.8416666666667,2330.0,3776.0,3156.9166666666665
2005-08-24,1700.9,3113.4,2270.5583333333334,2279.0,3591.0,3030.0
2005-08-25,1646.2,3037.2,2239.633333333333,2140.0,3543.0,2988.8333333333335
2005-08-26,1677.0,3186.4,2568.579166666667,2175.0,3692.0,3053.625
2005-08-27,1771.6,2982.8,2422.3875000000003,2213.0,3347.0,2885.0833333333335
2005-08-28,1601.9,2732.4,2240.75,2269.0,3521.0,2965.375
2005-08-29,1830.4,3377.8,2683.3791666666666,2657.0,4483.0,3687.5
2005-08-30,2080.4,3340.6,2885.8624999999997,2729.0,4019.0,3519.9583333333335
2005-08-31,2521.3,4027.2,3380.129166666667,2681.0,4375.0,3735.0
2005-09-01,2569.5,3319.8,3087.0875,2715.0,4244.0,3584.5833333333335
2005-09-02,1849.9,3232.0,2520.9125,2436.0,4076.0,3375.5
2005-09-03,1691.6,2372.5,2039.3083333333334,2335.0,3249.0,2887.75
2005-09-04,1511.0,2139.6,1881.7333333333333,2169.0,3001.0,2652.6666666666665
2005-09-05,1454.9,2159.0,1864.3541666666667,2110.0,3079.0,2645.0
2005-09-06,1616.2,2820.1,2280.016666666667,2061.0,3580.0,2972.125
2005-09-07,1613.3,2910.5,2348.9625,2134.0,3837.0,3124.7916666666665
2005-09-08,1659.0,3048.9,2425.9083333333333,2237.0,3994.0,3264.5833333333335
2005-09-09,1648.3,2634.6,2303.6208333333334,2401.0,3539.0,3087.875
2005-09-10,1473.8,2326.6,1988.5,2078.0,2893.0,2573.4166666666665
2005-09-11,1434.1,2389.5,1971.8,1924.0,2978.0,2461.2083333333335
2005-09-12,1664.0,3176.8,2633.4375,2085.0,4252.0,3324.9583333333335
2005-09-13,1875.4,3231.3,2675.016666666667,2548.0,4141.0,3470.2916666666665
2005-09-14,1874.8,3016.3,2589.3875000000003,2482.0,4450.0,3614.4583333333335
2005-09-15,1616.3,3045.5,2529.945833333333,2763.0,4028.0,3551.7916666666665
2005-09-16,1663.0,2895.1,2367.1041666666665,2510.0,3674.0,3204.0833333333335
2005-09-17,1591.8,2409.8,2092.1375000000003,2217.0,3132.0,2771.7083333333335
2005-09-18,1510.0,2367.6,2013.2541666666666,2132.0,3250.0,2696.875
2005-09-19,1538.4,2904.4,2357.429166666667,2104.0,3749.0,3087.6666666666665
2005-09-20,1701.0,3049.7,2436.733333333333,2225.0,3763.0,3188.6666666666665
2005-09-21,1667.6,3097.7,2475.304166666667,2207.0,3661.0,3088.6666666666665
2005-09-22,1660.3,3144.3,2513.125,2175.0,3849.0,3163.9583333333335
2005-09-23,1616.2,2982.8,2388.1,2298.0,3726.0,3120.7916666666665
2005-09-24,1444.2,2071.0,1792.1666666666667,2018.0,2825.0,2504.0833333333335
2005-09-25,1424.7,2360.9,1945.3208333333332,1895.0,2946.0,2417.375
2005-09-26,1449.9,2998.6,2380.8624999999997,2039.0,3535.0,2990.6666666666665
2005-09-27,1428.9,2493.9,2083.8541666666665,2268.0,3379.0,2950.7083333333335
2005-09-28,1467.9,2683.6,2198.15,1989.0,3289.0,2801.0
2005-09-29,1484.3,2685.8,2231.2999999999997,2029.0,3404.0,2855.7083333333335
2005-09-30,1569.2,2740.7,2272.7708333333335,1957.0,3062.0,2671.7083333333335
2005-10-01,1298.1,2213.4,1825.7833333333335,1928.0,2875.0,2471.25
2005-10-02,1163.5,1960.7,1583.7833333333335,1907.0,3003.0,2448.5416666666665
2005-10-03,1286.8,2538.2,2022.5083333333332,1959.0,3390.0,2851.25
2005-10-04,1541.8,2761.8,2290.3125,2060.0,3418.0,2910.25
2005-10-05,1532.1,2813.7,2298.5,2077.0,3573.0,2980.375
2005-10-06,1583.1,3053.8,2476.9791666666665,2215.0,3704.0,3146.25
2005-10-07,1937.1,2853.9,2433.391666666667,2302.0,3819.0,3228.625
2005-10-08,1505.1,2750.4,2288.8541666666665,2358.0,3451.0,2945.4583333333335
2005-10-09,1370.5,2542.4,2065.133333333333,1990.0,2847.0,2425.75
2005-10-10,1372.7,2572.9,2082.1208333333334,1953.0,3188.0,2642.0833333333335
2005-10-11,1368.2,2466.8,2061.4166666666665,1992.0,3321.0,2803.3333333333335
2005-10-12,1131.3,2420.9,1952.7333333333333,2017.0,3316.0,2803.0
2005-10-13,1320.8,2450.1,1981.125,2040.0,3314.0,2821.0
2005-10-14,1380.2,2837.8,2327.195833333333,2040.0,3275.0,2829.25
2005-10-15,1786.1,2531.3,2188.9583333333335,2070.0,2984.0,2613.6666666666665
2005-10-16,1744.7,2513.1,2128.554166666667,1953.0,2988.0,2440.2916666666665
2005-10-17,1200.6,2092.4,1734.8999999999999,1963.0,3257.0,2741.9583333333335
2005-10-18,1240.7,2497.7,2030.8166666666666,1979.0,3271.0,2759.8333333333335
2005-10-19,1310.5,2297.6,1949.0833333333333,1967.0,3278.0,2735.0
2005-10-20,1369.6,2428.9,1947.4125000000001,1958.0,3215.0,2713.9166666666665
2005-10-21,1409.5,2510.1,2066.8958333333335,2007.0,3127.0,2712.7916666666665
2005-10-22,1399.7,2459.6,1990.1416666666667,2004.0,2989.0,2546.8333333333335
2005-10-23,1310.5,2328.3,1859.6499999999999,1964.0,3064.0,2505.0833333333335
2005-10-24,1388.7,2741.5,2199.3666666666663,2000.0,3401.0,2815.7083333333335
2005-10-25,1513.2,2713.8,2186.045833333333,2045.0,3429.0,2875.0833333333335
2005-10-26,1635.2,3044.0,2460.675,2089.0,3354.0,2829.75
2005-10-27,1164.7,2478.4,1951.4666666666665,2111.0,3350.0,2828.2916666666665
2005-10-28,1258.3,2526.1,2058.9333333333334,2082.0,3246.0,2798.375
2005-10-29,1548.2,2443.2,2070.775,2089.0,3147.0,2669.8333333333335
2005-10-30,1430.3,2916.1,1934.4416666666666,2071.0,4307.0,2598.25
2005-10-31,1535.1,2795.1,2261.5583333333334,1989.0,3333.0,2750.5833333333335
2005-11-01,1378.4,2591.6,2053.6,1987.0,3401.0,2769.4583333333335
2005-11-02,1377.9,2461.5,2005.4208333333333,1972.0,3350.0,2744.0833333333335
2005-11-03,1459.3,2424.3,2029.0708333333332,2043.0,3380.0,2790.9583333333335
2005-11-04,1378.6,2384.9,1967.9416666666666,1997.0,3268.0,2718.625
2005-11-05,1341.9,2209.3,1844.625,1962.0,2964.0,2486.5
2005-11-06,1310.8,2211.8,1764.0708333333332,1924.0,3042.0,2462.4583333333335
2005-11-07,1348.0,2417.8,1988.5125,1957.0,3409.0,2749.6666666666665
2005-11-08,1392.2,2473.6,2008.1375,2013.0,3401.0,2772.0833333333335
2005-11-09,1429.8,2539.6,2089.1875,2037.0,3472.0,2815.4166666666665
2005-11-10,1443.2,2569.7,2074.0666666666666,2042.0,3414.0,2817.4166666666665
2005-11-11,1492.7,2509.0,2110.2708333333335,2142.0,3346.0,2787.0833333333335
2005-11-12,1509.5,2401.3,1979.325,2197.0,3048.0,2621.875
2005-11-13,1380.4,2354.0,1895.4291666666668,2066.0,3038.0,2484.9166666666665
2005-11-14,1376.1,2614.6,2084.2541666666666,1970.0,3377.0,2754.2083333333335
2005-11-15,1398.2,2744.0,2143.4083333333333,2028.0,3469.0,2840.875
2005-11-16,1317.9,2452.1,1924.6458333333333,2037.0,3518.0,2843.5833333333335
2005-11-17,1910.0,3128.1,2680.2625,2005.0,3432.0,2796.7083333333335
2005-11-18,1530.9,2593.1,2131.1749999999997,2175.0,3463.0,2890.75
2005-11-19,1557.4,2454.1,2020.2791666666665,2231.0,3166.0,2696.8333333333335
2005-11-20,1392.4,2372.4,1883.0416666666667,2144.0,3110.0,2571.5833333333335
2005-11-21,1441.9,2608.2,2071.829166666667,2079.0,3452.0,2831.7916666666665
2005-11-22,1404.3,2634.4,2090.7083333333335,2041.0,3492.0,2902.875
2005-11-23,1719.0,2918.7,2427.1666666666665,2188.0,3576.0,2978.125
2005-11-24,1463.9,2418.0,2045.4208333333333,2250.0,3012.0,2618.625
2005-11-25,1541.4,2493.6,2076.741666666667,2232.0,3367.0,2824.5416666666665
2005-11-26,1607.0,2510.8,2073.6625,2303.0,3220.0,2769.875
2005-11-27,1514.6,2487.6,2030.6583333333335,2174.0,3248.0,2653.9583333333335
2005-11-28,1551.8,2800.2,2251.2374999999997,2145.0,3545.0,2926.0833333333335
2005-11-29,1388.4,2786.0,2172.1749999999997,2092.0,3481.0,2851.6666666666665
2005-11-30,1368.4,2713.7,2128.5666666666666,2036.0,3519.0,2883.375
2005-12-01,1990.5,3356.7,2757.570833333333,2059.0,3510.0,2862.4583333333335
2005-12-02,2041.6,3378.8,2818.5208333333335,2099.0,3507.0,2897.125
2005-12-03,2084.2,3226.9,2669.2458333333334,2274.0,3353.0,2823.0833333333335
2005-12-04,2097.3,3185.3,2634.3541666666665,2263.0,3481.0,2848.4583333333335
2005-12-05,2105.0,3665.6,3003.758333333333,2341.0,3828.0,3148.7916666666665
2005-12-06,2196.0,3550.0,3042.25,2353.0,3813.0,3155.3333333333335
2005-12-07,2221.7,3674.6,3075.4791666666665,2426.0,3918.0,3239.9166666666665
2005-12-08,2317.2,3454.4,2998.9666666666667,2575.0,3827.0,3268.75
2005-12-09,1760.9,3052.6,2480.6666666666665,2466.0,3880.0,3280.375
2005-12-10,1755.7,2726.6,2230.525,2438.0,3446.0,2929.875
2005-12-11,1652.4,2757.3,2154.3333333333335,2305.0,3413.0,2797.0416666666665
2005-12-12,1718.5,3150.7,2544.1916666666666,2324.0,3797.0,3121.9583333333335
2005-12-13,1807.8,3139.1,2643.1375000000003,2490.0,4016.0,3343.5416666666665
2005-12-14,1981.4,3332.5,2723.5916666666667,2704.0,4060.0,3448.5416666666665
2005-12-15,1966.5,3273.5,2670.920833333333,2709.0,3958.0,3390.2916666666665
2005-12-16,1778.3,3144.1,2525.1541666666667,2495.0,3773.0,3234.3333333333335
2005-12-17,1684.7,2704.5,2186.2458333333334,2388.0,3431.0,2915.0416666666665
2005-12-18,1638.3,2755.4,2171.9375,2387.0,3491.0,2892.2083333333335
2005-12-19,1753.8,3174.0,2523.508333333333,2417.0,3934.0,3242.2916666666665
2005-12-20,1870.4,3291.6,2642.1,2526.0,3874.0,3265.2083333333335
2005-12-21,2404.4,3759.7,3149.741666666667,2527.0,3896.0,3279.4583333333335
2005-12-22,2408.4,3770.2,3156.3958333333335,2524.0,3800.0,3224.1666666666665
2005-12-23,2308.0,3633.3,3041.3875000000003,2398.0,3516.0,2986.375
2005-12-24,2135.5,3177.6,2675.0750000000003,2203.0,3101.0,2660.625
2005-12-25,2116.5,3044.2,2559.8708333333334,2174.0,2801.0,2505.625
2005-12-26,2098.0,3248.9,2672.35,2064.0,3266.0,2678.3333333333335
2005-12-27,2270.9,3637.5,2994.741666666667,2279.0,3591.0,2987.5833333333335
2005-12-28,2304.1,3535.4,2956.245833333333,2347.0,3561.0,2988.1666666666665
2005-12-29,2152.5,3357.8,2809.1416666666664,2197.0,3481.0,2903.75
2005-12-30,2143.2,3253.1,2736.383333333333,2124.0,3442.0,2848.2916666666665
2005-12-31,2032.9,3074.9,2585.554166666667,2310.0,3374.0,2839.2083333333335
2006-01-01,2090.7,2940.9,2516.125,2331.0,3310.0,2782.1666666666665
2006-01-02,2119.3,3043.4,2590.7374999999997,2312.0,3488.0,2862.0833333333335
2006-01-03,2198.1,3502.2,2895.008333333333,2304.0,3815.0,3144.9583333333335
2006-01-04,2210.0,3522.4,2914.7041666666664,2428.0,3790.0,3185.1666666666665
2006-01-05,2184.5,3606.0,2970.433333333333,2388.0,3695.0,3134.625
2006-01-06,2149.2,3547.8,2939.25,2327.0,3613.0,3059.375
2006-01-07,2172.2,3215.4,2713.2875,2368.0,3370.0,2881.2916666666665
2006-01-08,2156.1,3160.7,2633.4249999999997,2357.0,3412.0,2845.875
2006-01-09,2167.1,3525.7,2893.6,2353.0,3651.0,3075.2083333333335
2006-01-10,2231.8,3603.4,2989.933333333333,2276.0,3590.0,3000.375
2006-01-11,2250.7,3477.1,2930.9791666666665,2287.0,3551.0,2984.125
2006-01-12,2115.1,3429.5,2861.4208333333336,2133.0,3419.0,2860.2083333333335
2006-01-13,2025.4,3233.9,2738.9874999999997,2179.0,3362.0,2846.875
2006-01-14,1975.8,3005.0,2509.2000000000003,2062.0,3067.0,2609.2083333333335
2006-01-15,2044.8,3227.1,2620.2999999999997,2130.0,3552.0,2831.0833333333335
2006-01-16,2214.6,3528.9,2934.7958333333336,2654.0,3808.0,3264.5416666666665
2006-01-17,2299.3,3587.6,2999.4041666666667,2547.0,3734.0,3185.5416666666665
2006-01-18,2143.1,3397.4,2838.929166666667,2331.0,3507.0,3015.5
2006-01-19,2097.0,3463.3,2841.8916666666664,2264.0,3538.0,2996.1666666666665
2006-01-20,2043.9,3233.8,2712.4791666666665,2257.0,3354.0,2880.2916666666665
2006-01-21,1952.1,2946.4,2461.9791666666665,2099.0,3080.0,2610.375
2006-01-22,2028.9,3143.2,2534.6833333333334,2206.0,3292.0,2697.4166666666665
2006-01-23,2121.1,3525.6,2896.570833333333,2264.0,3716.0,3092.4166666666665
2006-01-24,2147.3,3472.7,2854.5833333333335,2326.0,3561.0,3013.5416666666665
2006-01-25,2129.4,3405.5,2848.879166666667,2292.0,3569.0,3013.0416666666665
2006-01-26,2169.0,3703.8,3036.7958333333336,2287.0,3644.0,3053.875
2006-01-27,2211.3,3249.5,2811.7666666666664,2460.0,3537.0,3095.125
2006-01-28,2053.8,2923.9,2501.0,2302.0,3122.0,2735.0
2006-01-29,2018.4,3014.6,2477.6541666666667,2183.0,3206.0,2638.4166666666665
2006-01-30,2028.9,3364.1,2781.933333333333,2152.0,3673.0,3031.9583333333335
2006-01-31,2111.3,3433.7,2847.0291666666667,2302.0,3756.0,3127.8333333333335
2006-02-01,2136.3,3326.8,2801.0958333333333,2367.0,3582.0,3041.125
2006-02-02,2061.5,3213.8,2724.7125,2271.0,3480.0,2965.5416666666665
2006-02-03,2038.8,3120.2,2653.1208333333334,2196.0,3332.0,2922.0833333333335
2006-02-04,1853.3,2793.0,2358.3875000000003,2141.0,3091.0,2634.375
2006-02-05,1894.4,2944.7,2400.2000000000003,2086.0,3112.0,2575.3333333333335
2006-02-06,2079.5,3377.0,2800.8916666666664,2179.0,3596.0,2979.375
2006-02-07,2118.5,3359.7,2817.3916666666664,2303.0,3623.0,3038.2083333333335
2006-02-08,2206.0,3379.9,2857.35,2400.0,3629.0,3094.7083333333335
2006-02-09,2273.4,3372.1,2884.1666666666665,2392.0,3618.0,3103.0
2006-02-10,2261.4,3208.4,2824.0499999999997,2453.0,3613.0,3149.625
2006-02-11,2176.7,3072.7,2652.6291666666666,2453.0,3375.0,2919.2916666666665
2006-02-12,2118.5,3243.3,2666.295833333333,2423.0,3641.0,3001.0416666666665
2006-02-13,2294.2,3648.8,3099.5833333333335,2543.0,3706.0,3200.3333333333335
2006-02-14,2204.1,3437.6,2912.7958333333336,2438.0,3554.0,3070.125
2006-02-15,2089.0,3114.8,2679.525,2324.0,3423.0,2942.9583333333335
2006-02-16,2046.4,3093.9,2642.6041666666665,2198.0,3349.0,2861.8333333333335
2006-02-17,1922.3,3092.9,2560.883333333333,2123.0,3389.0,2871.0
2006-02-18,2162.8,3139.2,2660.2125,2343.0,3422.0,2900.125
2006-02-19,2272.6,3288.5,2720.4583333333335,2617.0,3362.0,2937.0416666666665
2006-02-20,2214.8,3363.1,2825.9791666666665,2513.0,3470.0,3000.625
2006-02-21,2193.6,3384.9,2855.2083333333335,2418.0,3565.0,3080.6666666666665
2006-02-22,2107.6,3225.5,2754.2041666666664,2405.0,3468.0,3006.875
2006-02-23,2101.4,3309.5,2769.875,2328.0,3471.0,2992.0833333333335
2006-02-24,2098.1,3298.4,2789.883333333333,2293.0,3518.0,3006.4166666666665
2006-02-25,2221.6,3090.1,2660.3958333333335,2468.0,3434.0,2970.9583333333335
2006-02-26,2247.6,3230.2,2708.7458333333334,2476.0,3589.0,2957.625
2006-02-27,2404.1,3476.1,3062.6083333333336,2679.0,3934.0,3389.0416666666665
2006-02-28,2359.9,3315.3,2903.5875,2687.0,3826.0,3313.25
2006-03-01,2273.4,3270.9,2831.8624999999997,2587.0,3702.0,3219.7916666666665
2006-03-02,2278.9,3402.4,2903.2333333333336,2499.0,3667.0,3165.7083333333335
2006-03-03,2274.0,3441.6,2910.8458333333333,2459.0,3659.0,3170.125
2006-03-04,2269.2,3083.6,2689.4500000000003,2529.0,3276.0,2910.2083333333335
2006-03-05,2169.4,3062.9,2563.8333333333335,2375.0,3242.0,2734.4166666666665
2006-03-06,2166.2,3302.7,2802.975,2340.0,3526.0,3010.2916666666665
2006-03-07,2152.6,3465.1,2878.308333333333,2358.0,3497.0,3001.4166666666665
2006-03-08,2167.3,3441.3,2889.4166666666665,2349.0,3472.0,2970.0833333333335
2006-03-09,2021.7,3096.5,2641.6458333333335,2248.0,3520.0,2974.1666666666665
2006-03-10,1804.8,2984.4,2480.766666666667,2194.0,3209.0,2819.375
2006-03-11,1812.5,2621.6,2250.2708333333335,2032.0,2898.0,2492.25
2006-03-12,1757.2,2648.5,2223.2291666666665,2058.0,3058.0,2520.625
2006-03-13,1713.8,3076.7,2524.5583333333334,2060.0,3373.0,2816.3333333333335
2006-03-14,1834.0,3323.0,2617.5875,2076.0,3289.0,2814.9166666666665
2006-03-15,1993.9,3272.3,2739.2916666666665,2184.0,3498.0,2923.9583333333335
2006-03-16,2043.1,3249.5,2698.6375,2296.0,3410.0,2934.5416666666665
2006-03-17,2097.4,3149.0,2710.170833333333,2294.0,3304.0,2913.0416666666665
2006-03-18,2099.1,2950.0,2542.5208333333335,2367.0,3126.0,2760.75
2006-03-19,2044.5,2970.4,2470.8083333333334,2288.0,3248.0,2710.75
2006-03-20,2058.9,3244.9,2742.0833333333335,2337.0,3575.0,3056.2083333333335
2006-03-21,2091.5,3296.8,2776.0791666666664,2429.0,3390.0,2988.0416666666665
2006-03-22,2020.6,3375.5,2832.8458333333333,2249.0,3435.0,2934.7916666666665
2006-03-23,1987.9,3484.0,2843.1583333333333,2263.0,3274.0,2857.8333333333335
2006-03-24,1969.8,2978.6,2583.8708333333334,2100.0,3203.0,2780.0
2006-03-25,1944.7,2766.9,2405.975,2144.0,3017.0,2619.875
2006-03-26,1949.7,2807.0,2367.3875000000003,2123.0,3066.0,2538.875
2006-03-27,1936.9,3075.9,2598.525,2130.0,3241.0,2786.6666666666665
2006-03-28,1963.7,3227.1,2623.170833333333,2093.0,3220.0,2751.0
2006-03-29,1933.3,3128.6,2575.4625,2093.0,3167.0,2741.9166666666665
2006-03-30,1863.4,2819.9,2447.6291666666666,2031.0,3143.0,2706.1666666666665
2006-03-31,1800.8,3185.5,2443.179166666667,2004.0,3058.0,2678.3333333333335
2006-04-01,1745.0,2547.8,2203.570833333333,1953.0,2862.0,2465.375
2006-04-02,0.0,2636.5,2092.2291666666665,0.0,2850.0,2263.9166666666665
2006-04-03,1809.7,2944.3,2497.641666666667,1993.0,3224.0,2741.2083333333335
2006-04-04,1877.3,2988.4,2540.7708333333335,2048.0,3250.0,2823.0
2006-04-05,1916.0,3010.1,2559.1666666666665,2167.0,3290.0,2903.3333333333335
2006-04-06,1904.6,2998.4,2532.6375000000003,2196.0,3141.0,2823.5416666666665
2006-04-07,1860.0,2819.5,2489.65,2118.0,3076.0,2756.0
2006-04-08,1772.7,2681.0,2314.2375,2023.0,2892.0,2547.75
2006-04-09,1854.4,2696.4,2264.2458333333334,2090.0,2928.0,2467.25
2006-04-10,1867.3,2932.4,2522.9125,2085.0,3085.0,2742.9583333333335
2006-04-11,1820.6,2854.8,2463.7083333333335,2039.0,3068.0,2716.2916666666665
2006-04-12,1784.6,2840.7,2446.766666666667,2028.0,3082.0,2714.125
2006-04-13,1737.2,2900.1,2449.133333333333,1971.0,3098.0,2705.875
2006-04-14,1740.3,2706.7,2378.5875,1939.0,3030.0,2609.7916666666665
2006-04-15,1717.7,2523.5,2218.304166666667,1907.0,2737.0,2398.7083333333335
2006-04-16,1732.0,2581.6,2123.1375000000003,1834.0,2577.0,2196.9166666666665
2006-04-17,1740.4,2845.7,2440.016666666667,1881.0,2911.0,2512.2083333333335
2006-04-18,1786.7,2834.7,2459.1833333333334,1933.0,3027.0,2616.5
2006-04-19,1733.2,2814.1,2430.179166666667,1942.0,3025.0,2639.0
2006-04-20,1718.0,2697.2,2362.1124999999997,1937.0,3044.0,2624.7916666666665
2006-04-21,1752.8,2760.0,2398.3375,1934.0,2946.0,2567.5416666666665
2006-04-22,1755.0,2506.2,2201.5875,1970.0,2739.0,2404.4583333333335
2006-04-23,1713.4,2618.2,2134.2833333333333,1946.0,2866.0,2422.7083333333335
2006-04-24,1725.3,2749.2,2393.0916666666667,1975.0,3120.0,2734.0
2006-04-25,1787.6,2782.2,2436.7916666666665,1997.0,3040.0,2683.5833333333335
2006-04-26,1790.7,2787.0,2438.7916666666665,1977.0,2976.0,2640.25
2006-04-27,1788.4,2789.6,2447.991666666667,1962.0,2995.0,2628.2083333333335
2006-04-28,1820.4,2786.2,2437.7708333333335,1961.0,2961.0,2597.0833333333335
2006-04-29,1804.2,2538.3,2200.35,2006.0,2681.0,2398.0833333333335
2006-04-30,1701.3,2419.0,2064.1375000000003,1952.0,2754.0,2323.0
2006-05-01,1760.3,2787.7,2441.15,1925.0,3026.0,2654.7916666666665
2006-05-02,1822.8,2825.5,2486.8166666666666,2004.0,3139.0,2757.8333333333335
2006-05-03,1760.6,2790.6,2442.7708333333335,2029.0,3133.0,2762.7916666666665
2006-05-04,1754.6,2769.9,2409.4249999999997,2017.0,3167.0,2741.375
2006-05-05,1684.9,2703.2,2335.6541666666667,1979.0,3270.0,2770.2916666666665
2006-05-06,1731.3,2501.8,2194.079166666667,1973.0,2800.0,2455.375
2006-05-07,1709.1,2526.2,2117.7125,1846.0,2721.0,2279.2916666666665
2006-05-08,1766.1,2723.1,2400.2541666666666,1871.0,3039.0,2609.7916666666665
2006-05-09,1758.9,2619.3,2119.5333333333333,1905.0,3107.0,2663.2916666666665
2006-05-10,1780.1,2998.0,2581.5333333333333,1977.0,3102.0,2721.9166666666665
2006-05-11,1784.0,2863.7,2532.758333333333,1961.0,3036.0,2676.125
2006-05-12,1761.0,2919.1,2531.55,1963.0,3052.0,2658.375
2006-05-13,1783.0,2713.2,2311.6875,1957.0,2890.0,2516.375
2006-05-14,1738.7,2478.6,2159.1375000000003,1968.0,2869.0,2471.9583333333335
2006-05-15,1731.8,2848.6,2465.2374999999997,2007.0,3161.0,2752.3333333333335
2006-05-16,1776.6,2841.4,2487.025,1995.0,3130.0,2732.3333333333335
2006-05-17,1773.4,2725.9,2414.4041666666667,1995.0,3110.0,2709.0
2006-05-18,1758.6,2765.9,2428.008333333333,1961.0,3223.0,2745.125
2006-05-19,1787.8,3028.2,2568.4041666666667,1979.0,3185.0,2702.8333333333335
2006-05-20,1752.3,2562.7,2258.0041666666666,1940.0,2725.0,2410.6666666666665
2006-05-21,1670.7,2459.3,2092.5750000000003,1863.0,2712.0,2341.8333333333335
2006-05-22,1764.1,2979.2,2545.6458333333335,1929.0,3093.0,2664.375
2006-05-23,1790.9,2934.1,2523.7791666666667,1949.0,3036.0,2657.3333333333335
2006-05-24,1778.4,2898.5,2495.766666666667,1942.0,3107.0,2675.5833333333335
2006-05-25,1782.7,3013.3,2531.3166666666666,1952.0,3239.0,2749.2083333333335
2006-05-26,1730.1,3079.4,2536.0,2005.0,3396.0,2850.5
2006-05-27,1712.9,2608.6,2257.6208333333334,2082.0,3066.0,2647.4166666666665
2006-05-28,1724.0,2692.4,2312.4708333333333,1974.0,2836.0,2511.75
2006-05-29,1726.8,3453.7,2653.195833333333,2070.0,3315.0,2763.5416666666665
2006-05-30,1826.1,3147.1,2648.4,2266.0,3570.0,3008.4166666666665
2006-05-31,1774.1,3226.1,2626.0208333333335,2040.0,3679.0,3002.625
2006-06-01,1955.2,3733.1,3036.9,2217.0,4193.0,3376.8333333333335
2006-06-02,2000.3,3934.5,3190.3333333333335,2454.0,3609.0,3085.0833333333335
2006-06-03,1873.7,2971.5,2508.391666666667,2045.0,2905.0,2531.5833333333335
2006-06-04,1786.1,2900.3,2393.9958333333334,1938.0,2757.0,2388.9583333333335
2006-06-05,1804.5,3269.2,2697.8541666666665,1968.0,3245.0,2769.875
2006-06-06,1907.4,3656.6,2979.1124999999997,2000.0,3343.0,2832.25
2006-06-07,1918.0,3358.3,2804.7666666666664,2050.0,3235.0,2794.4166666666665
2006-06-08,1875.1,3422.3,2800.225,1985.0,3147.0,2742.8333333333335
2006-06-09,1836.1,3291.8,2698.8875000000003,2007.0,3228.0,2773.3333333333335
2006-06-10,1808.6,2794.2,2403.079166666667,2023.0,2932.0,2519.4166666666665
2006-06-11,1780.7,2782.4,2351.8875000000003,1904.0,2778.0,2402.25
2006-06-12,1874.7,3121.7,2714.054166666667,1978.0,3523.0,2922.125
2006-06-13,1921.0,3328.5,2804.6666666666665,2140.0,3758.0,3114.75
2006-06-14,1980.9,3270.4,2761.7208333333333,2246.0,3797.0,3120.3333333333335
2006-06-15,1987.2,3147.0,2747.866666666667,2144.0,3492.0,2978.7083333333335
2006-06-16,2008.7,3452.3,2903.7666666666664,2105.0,3750.0,3082.5
2006-06-17,2041.2,3424.1,2796.445833333333,2182.0,3458.0,2930.25
2006-06-18,2106.6,4071.7,3191.9791666666665,2200.0,4027.0,3224.0416666666665
2006-06-19,2293.8,4272.0,3453.9125,2774.0,4908.0,3979.4583333333335
2006-06-20,2205.4,4253.0,3324.741666666667,2777.0,4566.0,3752.3333333333335
2006-06-21,2150.8,4180.0,3338.5125000000003,2489.0,3960.0,3332.1666666666665
2006-06-22,2210.9,4191.9,3369.2916666666665,2347.0,4245.0,3491.6666666666665
2006-06-23,2339.3,4294.4,3455.8375,2644.0,4469.0,3563.7083333333335
2006-06-24,2031.3,3052.6,2656.2166666666667,2501.0,3364.0,2958.5833333333335
2006-06-25,1840.2,2826.6,2435.9708333333333,2254.0,3033.0,2717.5
2006-06-26,2007.0,3623.0,2954.495833333333,2257.0,4105.0,3354.9583333333335
2006-06-27,2236.1,4185.0,3303.183333333333,2594.0,4453.0,3668.7916666666665
2006-06-28,2292.5,3828.0,3225.683333333333,2657.0,4002.0,3484.0833333333335
2006-06-29,2248.9,3917.8,3276.3875000000003,2587.0,4148.0,3514.5416666666665
2006-06-30,2295.2,3987.9,3250.3958333333335,2577.0,3962.0,3366.8333333333335
2006-07-01,2094.9,3621.4,2990.6875,2221.0,3399.0,2938.125
2006-07-02,2207.3,4077.2,3207.3583333333336,2335.0,3642.0,3089.9583333333335
2006-07-03,2314.9,4270.4,3405.304166666667,2751.0,4048.0,3457.1666666666665
2006-07-04,2163.6,3847.9,3032.0875,2541.0,3862.0,3259.25
2006-07-05,2384.4,4209.3,3468.65,2686.0,4124.0,3505.9166666666665
2006-07-06,2267.1,3858.2,3215.1375000000003,2502.0,3809.0,3245.5416666666665
2006-07-07,2241.8,3806.5,3179.383333333333,2261.0,3840.0,3188.0
2006-07-08,2061.7,3286.9,2791.929166666667,2321.0,3426.0,2971.9166666666665
2006-07-09,2068.0,3269.7,2779.6666666666665,2235.0,3703.0,3066.0416666666665
2006-07-10,2345.4,4112.1,3416.375,2526.0,4378.0,3590.5
2006-07-11,2439.6,4324.9,3492.816666666666,2638.0,4446.0,3631.8333333333335
2006-07-12,2476.2,4193.8,3509.7166666666667,2696.0,4240.0,3550.4166666666665
2006-07-13,2444.8,4070.5,3433.0833333333335,2698.0,3753.0,3351.625
2006-07-14,2452.1,4518.8,3644.241666666667,2411.0,4655.0,3699.0833333333335
2006-07-15,2443.0,4173.7,3371.2083333333335,2732.0,4116.0,3480.7916666666665
2006-07-16,2415.3,4076.4,3324.9708333333333,2565.0,4212.0,3512.9583333333335
2006-07-17,2580.1,4857.7,3886.5166666666664,2948.0,5192.0,4254.041666666667
2006-07-18,2733.5,5067.3,4052.945833333333,3191.0,5379.0,4429.041666666667
2006-07-19,2650.2,4138.3,3493.5166666666664,2997.0,4278.0,3720.375
2006-07-20,2340.2,4206.3,3376.625,2516.0,3895.0,3327.0416666666665
2006-07-21,2356.2,4270.6,3457.8333333333335,2572.0,4538.0,3626.2916666666665
2006-07-22,2290.1,3475.7,2954.5333333333333,2682.0,3606.0,3241.3333333333335
2006-07-23,2218.0,3391.5,2867.1875,2650.0,3373.0,3056.2916666666665
2006-07-24,2349.5,4082.7,3357.125,2357.0,4095.0,3368.2916666666665
2006-07-25,2426.2,4384.1,3572.7291666666665,2516.0,4539.0,3669.375
2006-07-26,2521.8,4324.6,3565.754166666667,2668.0,4797.0,3855.25
2006-07-27,2498.1,4363.8,3591.6,2829.0,4971.0,4063.3333333333335
2006-07-28,2610.7,4682.2,3765.3333333333335,3118.0,5027.0,4108.708333333333
2006-07-29,2495.0,4244.8,3465.3458333333333,2725.0,4349.0,3644.7916666666665
2006-07-30,2392.8,3579.6,3067.1749999999997,2797.0,3797.0,3363.25
2006-07-31,2342.7,4407.1,3516.4083333333333,2555.0,4324.0,3612.4583333333335
2006-08-01,2702.0,5058.8,4017.725,2889.0,5317.0,4280.25
2006-08-02,2958.3,5048.0,4166.691666666667,3519.0,5582.0,4660.041666666667
2006-08-03,3090.1,5242.5,4175.3625,3180.0,5292.0,4263.875
2006-08-04,2707.8,4456.5,3655.1375000000003,2704.0,3870.0,3399.2916666666665
2006-08-05,2224.8,3704.4,3017.0833333333335,2524.0,3672.0,3165.5
2006-08-06,2137.3,3502.8,2916.4125,2242.0,3314.0,2860.2916666666665
2006-08-07,2388.0,4297.6,3513.616666666667,2462.0,4396.0,3607.6666666666665
2006-08-08,2500.1,4313.4,3481.7208333333333,2890.0,4168.0,3588.9166666666665
2006-08-09,2284.9,4179.1,3311.445833333333,2379.0,3893.0,3249.0416666666665
2006-08-10,2297.6,4302.7,3395.0750000000003,2377.0,4058.0,3337.6666666666665
2006-08-11,2209.7,3706.6,3061.0,2362.0,3542.0,3030.0833333333335
2006-08-12,1992.8,3117.0,2641.6291666666666,2084.0,2905.0,2572.9166666666665
2006-08-13,1954.6,3127.3,2629.1916666666666,1990.0,2905.0,2492.6666666666665
2006-08-14,2216.1,4196.4,3347.4833333333336,2101.0,3834.0,3122.5833333333335
2006-08-15,2448.3,4280.2,3520.9249999999997,2573.0,3865.0,3350.4583333333335
2006-08-16,2326.6,4093.0,3324.6541666666667,2372.0,3972.0,3297.6666666666665
2006-08-17,2188.8,3761.3,3107.3375,2380.0,3911.0,3275.1666666666665
2006-08-18,2254.0,3991.8,3252.5499999999997,2408.0,3925.0,3277.125
2006-08-19,2232.0,3492.9,2977.6083333333336,2341.0,3473.0,3014.7083333333335
2006-08-20,2253.0,3249.9,2837.566666666667,2422.0,3528.0,3007.9583333333335
2006-08-21,2337.4,3973.9,3278.120833333333,2375.0,3650.0,3158.9583333333335
2006-08-22,2238.3,4270.6,3330.3375,2267.0,3919.0,3221.5416666666665
2006-08-23,2226.2,3948.7,3175.433333333333,2371.0,3817.0,3187.4583333333335
2006-08-24,2082.8,3417.3,2862.1749999999997,2254.0,3537.0,3009.7916666666665
2006-08-25,2073.7,3384.9,2855.9791666666665,2208.0,3328.0,2864.6666666666665
2006-08-26,1974.0,2848.4,2504.0625,2055.0,2898.0,2552.4166666666665
2006-08-27,1937.0,2865.1,2468.775,1996.0,2788.0,2428.0416666666665
2006-08-28,2148.1,3705.5,3077.5875,2033.0,3393.0,2859.875
2006-08-29,2171.2,3486.1,2961.3416666666667,2112.0,3284.0,2849.6666666666665
2006-08-30,2067.7,3528.7,2927.7958333333336,2091.0,3510.0,2937.375
2006-08-31,2014.3,3410.5,2844.129166666667,2059.0,3353.0,2844.4166666666665
2006-09-01,2001.5,3355.5,2817.695833333333,2084.0,3324.0,2807.2916666666665
2006-09-02,1921.8,2828.7,2473.475,2058.0,2814.0,2509.0
2006-09-03,1905.9,2921.8,2515.1,1997.0,2853.0,2467.8333333333335
2006-09-04,1932.6,3035.6,2573.9249999999997,2056.0,3028.0,2582.0
2006-09-05,2122.2,3545.9,2972.7208333333333,2051.0,3434.0,2921.2083333333335
2006-09-06,2062.6,3527.2,2955.4125,2146.0,3494.0,2992.0
2006-09-07,2064.8,3781.3,3045.2041666666664,2152.0,3576.0,3027.0833333333335
2006-09-08,2099.5,3697.1,3049.258333333333,2172.0,3609.0,3035.5416666666665
2006-09-09,2047.0,3329.4,2769.0791666666664,2173.0,3305.0,2857.0833333333335
2006-09-10,1969.7,2810.1,2464.0416666666665,2103.0,2903.0,2514.5416666666665
2006-09-11,1946.1,3341.6,2785.3416666666667,1974.0,3215.0,2744.6666666666665
2006-09-12,1959.4,3398.6,2826.0499999999997,1952.0,3171.0,2730.0833333333335
2006-09-13,1947.4,3327.9,2775.366666666667,1971.0,3216.0,2753.8333333333335
2006-09-14,1977.4,3385.7,2832.1083333333336,2015.0,3360.0,2870.0416666666665
2006-09-15,2009.1,3332.6,2830.8624999999997,2090.0,3429.0,2891.5833333333335
2006-09-16,1970.8,3074.4,2624.0875,2034.0,3070.0,2661.625
2006-09-17,1942.1,3238.4,2691.2833333333333,2053.0,3257.0,2658.5416666666665
2006-09-18,2091.3,3572.2,3039.2875,2166.0,3872.0,3174.0833333333335
2006-09-19,2104.8,3709.6,3053.1708333333336,2245.0,3849.0,3222.5416666666665
2006-09-20,2026.1,3391.7,2837.566666666667,2270.0,3443.0,2985.0
2006-09-21,1864.0,3135.5,2656.429166666667,2030.0,3178.0,2757.9166666666665
2006-09-22,1865.3,3112.9,2639.545833333333,1957.0,3168.0,2719.6666666666665
2006-09-23,1842.2,2937.7,2463.0291666666667,1977.0,2996.0,2585.0416666666665
2006-09-24,1905.5,2992.4,2515.275,2059.0,3170.0,2659.4166666666665
2006-09-25,1914.7,3143.9,2680.6749999999997,2049.0,3241.0,2810.625
2006-09-26,1852.7,3140.6,2654.8708333333334,1975.0,3230.0,2774.875
2006-09-27,1833.9,3091.3,2620.1875,1962.0,3246.0,2772.0
2006-09-28,1844.8,3113.8,2647.0333333333333,2005.0,3258.0,2805.2916666666665
2006-09-29,1814.6,2966.5,2549.2374999999997,2067.0,3336.0,2798.5416666666665
2006-09-30,1762.2,2611.5,2259.991666666667,1929.0,2803.0,2415.9166666666665
2006-10-01,1757.0,2641.7,2220.475,1935.0,2961.0,2464.625
2006-10-02,1778.4,2999.6,2548.6124999999997,1953.0,3223.0,2744.2083333333335
2006-10-03,1783.1,3162.9,2609.225,1981.0,3392.0,2843.625
2006-10-04,1858.7,3250.8,2724.25,2084.0,3515.0,2978.7083333333335
2006-10-05,1703.7,2895.1,2419.445833333333,2098.0,3200.0,2794.5
2006-10-06,1816.0,2940.8,2519.8416666666667,1981.0,3051.0,2676.9166666666665
2006-10-07,1793.0,2721.8,2300.641666666667,1972.0,2787.0,2434.125
2006-10-08,1755.9,2739.5,2249.266666666667,1938.0,2818.0,2370.7916666666665
2006-10-09,1768.8,2979.7,2508.4166666666665,1934.0,3264.0,2681.0
2006-10-10,1809.2,2997.0,2545.2708333333335,2008.0,3235.0,2781.75
2006-10-11,1775.7,2883.4,2464.3541666666665,2011.0,3351.0,2794.875
2006-10-12,1782.9,2994.3,2532.1458333333335,2091.0,3403.0,2902.1666666666665
2006-10-13,1793.5,2936.7,2505.358333333333,2015.0,3085.0,2698.5833333333335
2006-10-14,1805.6,2676.2,2283.6583333333333,1996.0,2841.0,2466.625
2006-10-15,1731.2,2620.6,2188.7125,1960.0,2974.0,2426.125
2006-10-16,1807.4,2962.0,2506.6916666666666,2007.0,3271.0,2775.6666666666665
2006-10-17,1829.4,2958.4,2504.8,2052.0,3356.0,2818.875
2006-10-18,1753.1,2967.3,2473.804166666667,2059.0,3344.0,2856.7916666666665
2006-10-19,1797.7,3045.6,2550.5583333333334,2036.0,3309.0,2805.625
2006-10-20,1790.5,2990.2,2518.0208333333335,2070.0,3334.0,2855.625
2006-10-21,1765.1,2659.4,2256.4125,2028.0,2897.0,2512.1666666666665
2006-10-22,1762.2,2681.5,2235.5750000000003,2042.0,3004.0,2482.0
2006-10-23,1791.4,3082.3,2557.758333333333,2002.0,3337.0,2793.25
2006-10-24,1840.8,3126.2,2581.5416666666665,2071.0,3344.0,2813.0
2006-10-25,1839.0,3029.9,2538.1916666666666,2095.0,3348.0,2826.5833333333335
2006-10-26,1879.8,3112.9,2605.7708333333335,2107.0,3392.0,2851.75
2006-10-27,1877.0,3079.1,2597.9041666666667,2175.0,3243.0,2838.7916666666665
2006-10-28,1812.8,2709.4,2308.2999999999997,2084.0,3133.0,2684.8333333333335
2006-10-29,1761.1,3523.4,2338.241666666667,2041.0,4229.0,2635.5833333333335
2006-10-30,1824.7,3062.6,2564.991666666667,2072.0,3407.0,2814.375
2006-10-31,1817.4,3048.7,2559.075,2070.0,3385.0,2798.8333333333335
2006-11-01,1775.2,3028.5,2523.054166666667,2045.0,3433.0,2817.3333333333335
2006-11-02,1797.3,3084.6,2554.670833333333,2028.0,3434.0,2831.4583333333335
2006-11-03,1890.5,3109.1,2595.0,2154.0,3399.0,2850.625
2006-11-04,1871.9,2824.7,2367.4,2173.0,3103.0,2646.5
2006-11-05,1895.7,2818.6,2336.125,2158.0,3166.0,2601.4583333333335
2006-11-06,1863.0,3075.6,2559.5666666666666,2142.0,3491.0,2888.4583333333335
2006-11-07,1843.6,3033.6,2527.508333333333,2161.0,3478.0,2884.0
2006-11-08,1795.0,3065.1,2536.633333333333,2082.0,3536.0,2892.3333333333335
2006-11-09,1807.3,3074.4,2544.820833333333,2089.0,3470.0,2855.8333333333335
2006-11-10,1799.9,3077.6,2544.7291666666665,2040.0,3293.0,2729.375
2006-11-11,1898.7,2815.1,2364.116666666667,2028.0,3035.0,2533.625
2006-11-12,1802.0,2744.7,2268.008333333333,2001.0,3127.0,2557.7916666666665
2006-11-13,1821.3,3129.8,2583.5625,2025.0,3521.0,2872.0833333333335
2006-11-14,1843.7,3034.4,2533.579166666667,2086.0,3490.0,2869.9583333333335
2006-11-15,1828.3,3066.8,2547.0499999999997,2054.0,3483.0,2850.625
2006-11-16,1818.9,3131.7,2576.1749999999997,2054.0,3603.0,2909.625
2006-11-17,1840.1,3074.7,2555.625,2152.0,3423.0,2870.7083333333335
2006-11-18,1800.9,2806.0,2335.5625,2028.0,3060.0,2550.375
2006-11-19,1853.7,2869.2,2349.9375,2029.0,3167.0,2574.4583333333335
2006-11-20,1971.9,3289.0,2735.9583333333335,2095.0,3564.0,2921.5
2006-11-21,2019.2,3246.3,2712.7625000000003,2261.0,3584.0,2987.375
2006-11-22,2021.1,3200.2,2697.008333333333,2267.0,3516.0,2975.2083333333335
2006-11-23,1858.3,2716.4,2354.641666666667,2148.0,3001.0,2596.875
2006-11-24,1889.2,2991.5,2467.516666666667,2117.0,3159.0,2643.9166666666665
2006-11-25,1910.4,2837.2,2399.391666666667,2124.0,3090.0,2607.4166666666665
2006-11-26,1834.5,2801.8,2304.616666666667,2141.0,3154.0,2577.6666666666665
2006-11-27,1886.1,3168.9,2624.170833333333,2072.0,3540.0,2871.9583333333335
2006-11-28,1905.0,3274.9,2672.795833333333,2087.0,3629.0,2952.8333333333335
2006-11-29,1954.3,3250.4,2686.304166666667,2181.0,3584.0,2959.4166666666665
2006-11-30,1968.4,3334.8,2713.141666666667,2103.0,3559.0,2907.5416666666665
2006-12-01,1997.4,3291.2,2726.225,2098.0,3547.0,2923.0
2006-12-02,1984.9,3118.7,2557.975,2026.0,3201.0,2617.7083333333335
2006-12-03,2053.4,3178.8,2568.170833333333,2161.0,3296.0,2660.75
2006-12-04,2116.3,3677.1,2936.7791666666667,2169.0,3788.0,3061.7916666666665
2006-12-05,2240.9,3654.4,3027.2875,2362.0,3834.0,3164.625
2006-12-06,2245.0,3564.6,3028.4,2443.0,3779.0,3155.875
2006-12-07,2092.7,3628.4,3063.6708333333336,2237.0,3587.0,2973.3333333333335
2006-12-08,2187.8,3939.7,3223.0458333333336,2327.0,3959.0,3246.6666666666665
2006-12-09,2282.7,3526.4,2955.620833333333,2487.0,3463.0,2967.4583333333335
2006-12-10,2163.6,3221.6,2739.1541666666667,2328.0,3376.0,2780.6666666666665
2006-12-11,2092.0,3605.1,2996.4375,2263.0,3742.0,3069.625
2006-12-12,2217.8,3841.7,3187.5125000000003,2293.0,3720.0,3062.2083333333335
2006-12-13,2077.5,3827.3,3080.5791666666664,2248.0,3680.0,3034.2083333333335
2006-12-14,2028.2,3903.7,3102.7333333333336,2176.0,3607.0,2946.1666666666665
2006-12-15,2026.4,3897.9,3125.004166666667,2163.0,3557.0,2946.2916666666665
2006-12-16,2002.5,3307.1,2665.5499999999997,2131.0,3252.0,2700.9166666666665
2006-12-17,2066.4,3610.5,2917.4541666666664,2165.0,3272.0,2681.4583333333335
2006-12-18,1972.6,4009.5,3158.1875,2106.0,3658.0,2965.5
2006-12-19,2232.3,4400.3,3487.629166666667,2215.0,3712.0,3034.125
2006-12-20,2326.3,4438.1,3502.2833333333333,2345.0,3718.0,3092.0
2006-12-21,2316.5,4436.3,3473.629166666667,2286.0,3631.0,3035.1666666666665
2006-12-22,2217.2,4345.8,3318.475,2267.0,3541.0,2957.7083333333335
2006-12-23,2085.3,3921.3,3013.225,2144.0,3173.0,2697.7916666666665
2006-12-24,2014.3,3880.9,2938.1375000000003,2088.0,3079.0,2583.7083333333335
2006-12-25,2026.0,3754.1,2912.6583333333333,2160.0,2923.0,2565.5833333333335
2006-12-26,2112.7,4226.2,3210.3250000000003,2116.0,3453.0,2828.9166666666665
2006-12-27,2123.3,4300.0,3256.7333333333336,2151.0,3577.0,2918.125
2006-12-28,2186.6,4239.4,3235.4375,2273.0,3548.0,2954.875
2006-12-29,2171.1,4248.2,3286.945833333333,2287.0,3597.0,2985.9583333333335
2006-12-30,2199.2,3984.4,3109.566666666667,2348.0,3372.0,2886.7916666666665
2006-12-31,2216.5,3939.9,3098.491666666667,2332.0,3309.0,2752.6666666666665
2007-01-01,2113.8,3919.0,3058.2916666666665,2292.0,3293.0,2763.7083333333335
2007-01-02,2099.5,4253.9,3301.3333333333335,2155.0,3622.0,2954.625
2007-01-03,2168.4,4234.4,3357.504166666667,2293.0,3598.0,3002.125
2007-01-04,2155.2,4239.6,3355.2708333333335,2204.0,3541.0,2938.3333333333335
2007-01-05,2117.6,4339.3,3462.379166666667,2140.0,3439.0,2863.875
2007-01-06,2055.2,3992.1,3158.2291666666665,2062.0,3090.0,2593.2083333333335
2007-01-07,2055.1,4220.5,3230.2291666666665,2005.0,3121.0,2514.625
2007-01-08,2119.7,4061.5,3293.5291666666667,2087.0,3523.0,2919.9166666666665
2007-01-09,2230.2,4151.8,3335.008333333333,2194.0,3580.0,2959.4583333333335
2007-01-10,2197.6,4152.2,3377.6708333333336,2283.0,3733.0,3079.625
2007-01-11,2376.0,3724.4,3136.8333333333335,2456.0,3751.0,3179.2083333333335
2007-01-12,2245.4,3548.2,2982.1541666666667,2364.0,3448.0,2996.375
2007-01-13,2066.7,3109.0,2599.9958333333334,2181.0,3163.0,2708.5
2007-01-14,2096.1,3183.1,2631.3250000000003,2164.0,3279.0,2731.5416666666665
2007-01-15,2183.9,3576.3,2971.4583333333335,2244.0,3679.0,3030.8333333333335
2007-01-16,2158.0,3799.7,3098.4208333333336,2306.0,3848.0,3172.2083333333335
2007-01-17,2531.1,3992.3,3351.183333333333,2653.0,4010.0,3436.0
2007-01-18,2525.5,3777.6,3218.5208333333335,2724.0,3806.0,3333.2916666666665
2007-01-19,1951.2,2931.1,2435.9083333333333,2410.0,3627.0,3099.7916666666665
2007-01-20,2248.8,3437.3,2863.4874999999997,2402.0,3561.0,2997.5416666666665
2007-01-21,2367.7,3380.4,2844.7625000000003,2643.0,3647.0,3089.2083333333335
2007-01-22,2513.1,3849.3,3247.629166666667,2540.0,3892.0,3316.1666666666665
2007-01-23,2474.6,3861.0,3242.1875,2558.0,3816.0,3268.25
2007-01-24,2391.1,3659.2,3080.941666666667,2506.0,3709.0,3186.1666666666665
2007-01-25,2495.6,3940.1,3310.0875,2474.0,3932.0,3289.4583333333335
2007-01-26,2625.0,4270.7,3536.4125,2878.0,4148.0,3600.9583333333335
2007-01-27,2599.5,3350.6,2917.85,2947.0,3685.0,3337.2916666666665
2007-01-28,2373.4,3443.2,2853.8624999999997,2568.0,3470.0,2951.375
2007-01-29,2426.4,3888.4,3250.0208333333335,2491.0,3924.0,3286.75
2007-01-30,2554.5,3873.1,3246.316666666667,2690.0,3859.0,3345.4166666666665
2007-01-31,2513.2,3847.0,3240.0208333333335,2588.0,3831.0,3291.9583333333335
2007-02-01,2520.8,3698.5,3171.3250000000003,2581.0,3738.0,3252.9583333333335
2007-02-02,2398.1,3631.0,3087.1708333333336,2476.0,3641.0,3160.875
2007-02-03,2236.7,3365.5,2809.441666666667,2377.0,3453.0,2943.7916666666665
2007-02-04,2354.3,3498.3,2896.7291666666665,2549.0,3654.0,3039.25
2007-02-05,2618.3,3887.4,3345.275,2738.0,4206.0,3546.2916666666665
2007-02-06,2640.5,3743.2,3245.3916666666664,2871.0,4017.0,3489.375
2007-02-07,2615.3,3803.7,3280.7041666666664,2798.0,4028.0,3480.375
2007-02-08,2574.1,3773.9,3231.495833333333,2765.0,3994.0,3453.4166666666665
2007-02-09,2455.6,3811.3,3239.4708333333333,2726.0,3810.0,3363.5833333333335
2007-02-10,2397.6,3276.8,2808.7916666666665,2697.0,3509.0,3108.9166666666665
2007-02-11,2365.2,3304.6,2794.870833333333,2606.0,3543.0,3002.7916666666665
2007-02-12,2325.8,3564.5,3012.7125,2540.0,3794.0,3238.375
2007-02-13,2428.7,3704.1,3147.8250000000003,2673.0,3962.0,3431.6666666666665
2007-02-14,2352.0,3557.7,3002.945833333333,2747.0,3969.0,3443.7916666666665
2007-02-15,2322.8,3708.7,3063.2999999999997,2771.0,4059.0,3462.5416666666665
2007-02-16,2492.7,3658.2,3081.1083333333336,2869.0,3796.0,3405.8333333333335
2007-02-17,2381.1,3240.0,2829.25,2662.0,3388.0,3015.125
2007-02-18,2239.1,3236.6,2710.6041666666665,2457.0,3361.0,2867.625
2007-02-19,2297.6,3449.3,2945.1375000000003,2686.0,3841.0,3291.0
2007-02-20,2422.9,3438.3,2962.379166666667,2666.0,3565.0,3171.7916666666665
2007-02-21,2137.4,3384.2,2853.025,2357.0,3497.0,3007.9583333333335
2007-02-22,2324.3,3520.0,3031.4833333333336,2414.0,3551.0,3070.8333333333335
2007-02-23,2272.2,3612.8,3046.4583333333335,2394.0,3613.0,3107.375
2007-02-24,2462.5,3305.3,2898.8916666666664,2687.0,3419.0,3065.4166666666665
2007-02-25,2012.5,2801.2,2401.4375,2519.0,3351.0,2856.7083333333335
2007-02-26,2188.4,2801.4,2453.9666666666667,2363.0,3737.0,3146.25
2007-02-27,2284.8,3114.3,2633.2291666666665,2428.0,3613.0,3083.125
2007-02-28,2254.7,3522.5,2973.475,2388.0,3544.0,3041.7083333333335
2007-03-01,2317.5,3497.1,2991.741666666667,2417.0,3568.0,3063.2083333333335
2007-03-02,2203.7,3344.1,2885.0208333333335,2375.0,3596.0,3124.4166666666665
2007-03-03,2090.0,2967.4,2552.741666666667,2343.0,3147.0,2740.9166666666665
2007-03-04,2110.4,3043.9,2569.295833333333,2254.0,3294.0,2720.2916666666665
2007-03-05,2168.5,3393.0,2881.7625000000003,2389.0,3760.0,3146.3333333333335
2007-03-06,2355.1,3702.0,3132.6375000000003,2678.0,4173.0,3523.9583333333335
2007-03-07,2551.7,3582.1,3116.133333333333,2956.0,3940.0,3511.4583333333335
2007-03-08,2467.0,3698.0,3149.8250000000003,2781.0,4039.0,3462.375
2007-03-09,2525.4,3437.6,3042.0625,2891.0,3762.0,3378.0
2007-03-10,1933.4,2526.2,2229.2999999999997,2536.0,3178.0,2860.375
2007-03-11,0.0,2421.5,1906.9583333333333,0.0,3129.0,2517.2916666666665
2007-03-12,2116.4,2557.4,2324.9874999999997,2274.0,3342.0,2926.6666666666665
2007-03-13,1611.9,2671.3,2017.8999999999999,2210.0,3283.0,2880.0833333333335
2007-03-14,1546.1,2413.3,1888.5874999999999,2138.0,3225.0,2822.6666666666665
2007-03-15,1943.2,3129.2,2680.3125,2096.0,3334.0,2868.5
2007-03-16,1627.8,3231.5,2575.3375,2245.0,3591.0,3099.875
2007-03-17,1448.1,2142.0,1776.8458333333335,2429.0,3229.0,2900.25
2007-03-18,1486.7,2150.1,1745.1291666666666,2409.0,3305.0,2828.3333333333335
2007-03-19,1481.5,2334.0,1969.9624999999999,2450.0,3558.0,3099.9166666666665
2007-03-20,1321.9,2287.5,1835.1875,2372.0,3415.0,3001.1666666666665
2007-03-21,1466.9,2220.7,1889.7250000000001,2466.0,3452.0,3089.5416666666665
2007-03-22,1250.2,1999.7,1725.7875000000001,2365.0,3322.0,2954.375
2007-03-23,1366.5,2193.9,1862.2375,2146.0,3138.0,2787.75
2007-03-24,1456.9,2067.9,1730.4041666666665,2161.0,2950.0,2593.0833333333335
2007-03-25,1434.9,2091.1,1718.9958333333334,2187.0,3023.0,2584.9166666666665
2007-03-26,1420.1,2244.1,1894.2291666666667,2186.0,3392.0,2928.2916666666665
2007-03-27,1395.8,2145.2,1854.1333333333332,2173.0,3185.0,2824.0
2007-03-28,1386.2,2309.5,1924.05,2082.0,3181.0,2784.5416666666665
2007-03-29,1551.1,2341.1,1987.6833333333334,2217.0,3216.0,2875.375
2007-03-30,1467.0,2174.8,1901.2166666666665,2215.0,3160.0,2808.2083333333335
2007-03-31,1410.0,2013.6,1698.5916666666665,2111.0,2852.0,2538.4166666666665
2007-04-01,1378.3,1962.3,1624.8708333333334,2119.0,2945.0,2492.625
2007-04-02,1862.5,2989.5,2561.2208333333333,2095.0,3333.0,2898.3333333333335
2007-04-03,1930.0,3062.2,2639.195833333333,2165.0,3337.0,2920.4166666666665
2007-04-04,1984.7,3129.0,2684.920833333333,2238.0,3492.0,3017.0833333333335
2007-04-05,2037.1,3096.5,2681.8416666666667,2315.0,3322.0,2970.5416666666665
2007-04-06,2032.4,2968.8,2603.358333333333,2354.0,3297.0,2947.1666666666665
2007-04-07,2003.6,2783.3,2442.2291666666665,2273.0,3011.0,2690.1666666666665
2007-04-08,1997.8,2751.0,2376.054166666667,2258.0,3019.0,2601.6666666666665
2007-04-09,1952.8,2939.5,2580.3166666666666,2266.0,3245.0,2903.25
2007-04-10,1992.1,2973.6,2597.929166666667,2224.0,3272.0,2909.25
2007-04-11,1625.2,2586.9,2027.8208333333332,2255.0,3186.0,2864.0
2007-04-12,1952.3,3065.7,2651.5,2169.0,3450.0,2968.9583333333335
2007-04-13,1747.1,2491.2,2080.391666666667,2267.0,3235.0,2873.3333333333335
2007-04-14,1916.8,2649.3,2318.9041666666667,2158.0,2845.0,2555.4583333333335
2007-04-15,1891.0,2799.8,2360.3250000000003,2093.0,3119.0,2642.625
2007-04-16,1855.0,2949.4,2560.991666666667,2179.0,3196.0,2824.125
2007-04-17,1895.5,2961.4,2584.9666666666667,2197.0,3338.0,2946.7083333333335
2007-04-18,1949.6,2970.3,2619.225,2249.0,3309.0,2934.4583333333335
2007-04-19,1980.8,2961.6,2617.7625000000003,2204.0,3146.0,2823.9583333333335
2007-04-20,1917.1,2783.7,2490.3458333333333,2154.0,3124.0,2753.2083333333335
2007-04-21,1800.3,2535.9,2206.5875,2082.0,2786.0,2498.2916666666665
2007-04-22,1743.6,2550.0,2146.5833333333335,1979.0,2892.0,2414.0833333333335
2007-04-23,1761.1,2675.2,2110.3250000000003,1992.0,3402.0,2866.4583333333335
2007-04-24,1748.6,2685.5,2281.8125,2107.0,3302.0,2851.75
2007-04-25,1762.0,2695.3,2377.15,2011.0,3150.0,2752.2916666666665
2007-04-26,1788.1,2648.0,2360.6916666666666,2054.0,3093.0,2735.2916666666665
2007-04-27,1758.2,2649.9,2154.0375,2022.0,3214.0,2783.1666666666665
2007-04-28,1727.4,2478.6,2151.383333333333,2046.0,2806.0,2492.25
2007-04-29,1686.5,2474.7,2081.733333333333,1985.0,2887.0,2452.4166666666665
2007-04-30,1705.8,2685.1,2355.733333333333,2015.0,3184.0,2774.5833333333335
2007-05-01,1766.9,2741.4,2423.4666666666667,2038.0,3125.0,2750.0416666666665
2007-05-02,1796.5,2817.9,2451.3375,2016.0,3126.0,2750.1666666666665
2007-05-03,1786.0,2750.4,2417.6583333333333,2039.0,3133.0,2748.375
2007-05-04,1847.9,2809.8,2474.295833333333,2023.0,3113.0,2701.875
2007-05-05,1796.0,2579.8,2247.4708333333333,1989.0,2724.0,2433.7916666666665
2007-05-06,1818.5,2633.3,2252.991666666667,1950.0,2816.0,2369.375
2007-05-07,1852.6,2826.1,2496.9583333333335,2017.0,3142.0,2737.2083333333335
2007-05-08,1814.1,3026.7,2562.4666666666667,2002.0,3280.0,2791.375
2007-05-09,1845.0,3037.7,2459.891666666667,2009.0,3539.0,2947.0
2007-05-10,1857.0,3135.6,2655.704166666667,2198.0,3907.0,3203.7916666666665
2007-05-11,1863.3,3065.1,2626.2999999999997,2299.0,3580.0,3067.0833333333335
2007-05-12,1785.6,2571.3,2250.633333333333,2155.0,2799.0,2514.75
2007-05-13,1758.4,2527.1,2162.8624999999997,1927.0,2746.0,2341.7083333333335
2007-05-14,1799.5,2897.8,2491.866666666667,1945.0,3217.0,2746.8333333333335
2007-05-15,1802.4,3245.2,2668.0833333333335,1988.0,3363.0,2833.75
2007-05-16,1894.7,3052.3,2604.108333333333,2117.0,3289.0,2831.0416666666665
2007-05-17,1823.4,2992.9,2592.2708333333335,1988.0,3080.0,2701.7916666666665
2007-05-18,1817.6,2922.6,2519.5041666666666,2027.0,3175.0,2770.8333333333335
2007-05-19,1766.8,2583.4,2263.125,2067.0,2837.0,2521.5
2007-05-20,1726.1,2514.3,2169.7208333333333,1974.0,2845.0,2436.8333333333335
2007-05-21,1776.9,2856.2,2492.204166666667,2000.0,3105.0,2713.125
2007-05-22,1827.3,2945.0,2532.7125,1996.0,3200.0,2750.7916666666665
2007-05-23,1835.5,2961.9,2544.125,1991.0,3307.0,2792.0416666666665
2007-05-24,1833.1,3381.3,2782.2208333333333,2020.0,3691.0,3016.9583333333335
2007-05-25,1967.9,3461.4,2846.629166666667,2273.0,4139.0,3355.4583333333335
2007-05-26,2048.8,2852.8,2505.5041666666666,2382.0,3397.0,2990.4166666666665
2007-05-27,1653.4,2366.3,2087.3208333333337,2139.0,2800.0,2532.9166666666665
2007-05-28,1718.2,2631.8,2229.2833333333333,2051.0,3192.0,2707.5833333333335
2007-05-29,1819.2,2814.3,2408.6041666666665,2089.0,3580.0,2984.125
2007-05-30,1892.6,3098.3,2701.025,2126.0,3777.0,3111.5833333333335
2007-05-31,1971.3,3116.5,2677.475,2282.0,3442.0,2976.7916666666665
2007-06-01,1847.9,3505.3,2802.5166666666664,2136.0,3978.0,3168.875
2007-06-02,2117.7,3152.9,2740.745833333333,2318.0,3664.0,3080.75
2007-06-03,1901.1,3000.9,2577.2208333333333,2251.0,2844.0,2615.125
2007-06-04,1898.8,3045.1,2645.6583333333333,2001.0,3326.0,2839.7916666666665
2007-06-05,1932.6,3445.0,2819.929166666667,2112.0,3847.0,3148.25
2007-06-06,1948.3,3218.5,2720.445833333333,2168.0,3345.0,2873.4166666666665
2007-06-07,1902.9,3293.9,2742.1124999999997,2024.0,3299.0,2829.8333333333335
2007-06-08,1933.0,3498.1,2859.554166666667,2099.0,3582.0,2971.4583333333335
2007-06-09,1950.7,2732.7,2416.8875000000003,2173.0,2970.0,2617.0416666666665
2007-06-10,1830.0,2640.0,2326.5875,1937.0,2934.0,2509.3333333333335
2007-06-11,1908.3,3268.7,2730.579166666667,2160.0,3837.0,3143.6666666666665
2007-06-12,1957.7,3306.7,2748.8125,2292.0,3646.0,3111.5833333333335
2007-06-13,1944.3,3143.3,2669.6541666666667,2163.0,3216.0,2812.875
2007-06-14,1870.4,3201.7,2668.6208333333334,2034.0,3168.0,2746.7916666666665
2007-06-15,1845.7,2588.1,2243.920833333333,2013.0,3282.0,2773.9166666666665
2007-06-16,1861.5,2833.6,2470.025,2020.0,3046.0,2654.125
2007-06-17,1952.9,3251.3,2695.2875,2081.0,3404.0,2851.5
2007-06-18,2110.2,3793.2,3068.058333333333,2349.0,3845.0,3240.1666666666665
2007-06-19,2098.2,3805.5,3089.2083333333335,2323.0,4016.0,3294.75
2007-06-20,2126.7,3647.8,3012.2125,2402.0,3857.0,3277.8333333333335
2007-06-21,2081.8,3720.6,3007.9708333333333,2229.0,3767.0,3132.5416666666665
2007-06-22,1989.2,3323.6,2741.9666666666667,2222.0,3466.0,2928.875
2007-06-23,1892.4,2940.6,2515.1,2023.0,2854.0,2519.9166666666665
2007-06-24,1880.2,2961.4,2509.670833333333,1944.0,2985.0,2535.7916666666665
2007-06-25,2030.8,3717.5,3019.0958333333333,2210.0,4279.0,3423.375
2007-06-26,2310.9,4378.8,3507.554166666667,2580.0,4933.0,3947.3333333333335
2007-06-27,2586.4,4977.9,3971.65,3076.0,5309.0,4359.0
2007-06-28,2627.9,4289.0,3577.0958333333333,3207.0,5016.0,4169.541666666667
2007-06-29,2248.2,3560.8,3013.629166666667,2673.0,3608.0,3234.875
2007-06-30,1968.9,3048.0,2617.4666666666667,2167.0,3135.0,2745.7083333333335
2007-07-01,1901.8,2848.9,2466.116666666667,2083.0,2791.0,2526.4583333333335
2007-07-02,1949.3,3346.9,2794.475,2033.0,3325.0,2817.125
2007-07-03,1949.7,3611.2,2953.1041666666665,2074.0,3378.0,2840.3333333333335
2007-07-04,1919.5,3294.0,2699.9083333333333,2089.0,3011.0,2600.875
2007-07-05,2125.6,3768.0,3115.75,2168.0,3957.0,3188.3333333333335
2007-07-06,2254.8,3915.8,3228.0166666666664,2468.0,4100.0,3323.6666666666665
2007-07-07,2140.5,3462.3,2914.525,2244.0,3327.0,2889.4583333333335
2007-07-08,2159.5,3496.9,2930.7999999999997,2322.0,3642.0,3008.75
2007-07-09,2324.3,4322.8,3465.3624999999997,2385.0,3986.0,3238.9583333333335
2007-07-10,2345.3,4419.0,3550.9125,2376.0,4078.0,3303.6666666666665
2007-07-11,2269.4,4083.2,3272.1749999999997,2553.0,4561.0,3719.1666666666665
2007-07-12,2142.0,3752.3,3063.4125,2806.0,4127.0,3521.625
2007-07-13,2271.8,3935.2,3223.366666666667,2385.0,4026.0,3317.3333333333335
2007-07-14,2053.1,3153.4,2712.9500000000003,2384.0,3401.0,2980.875
2007-07-15,2131.7,3271.3,2780.995833333333,2383.0,3896.0,3209.0833333333335
2007-07-16,2216.2,3903.6,3185.6,2631.0,4206.0,3509.0
2007-07-17,2184.4,3869.0,3158.558333333333,2519.0,4225.0,3490.2083333333335
2007-07-18,2136.8,3642.3,3014.820833333333,2608.0,3847.0,3354.0
2007-07-19,2189.6,3227.0,2675.1375000000003,2510.0,4024.0,3344.125
2007-07-20,2395.1,3986.7,3257.475,2576.0,4167.0,3456.25
2007-07-21,2118.3,3098.9,2702.7125,2283.0,3163.0,2834.9166666666665
2007-07-22,1986.9,3024.9,2586.4083333333333,2193.0,3235.0,2799.6666666666665
2007-07-23,2115.0,3499.0,2941.0875,2295.0,3554.0,3062.4166666666665
2007-07-24,2012.5,3702.3,2957.6708333333336,2294.0,3982.0,3276.125
2007-07-25,2265.3,4347.3,3404.066666666667,2443.0,4514.0,3623.2916666666665
2007-07-26,2427.8,4224.7,3473.433333333333,2643.0,4819.0,3880.7916666666665
2007-07-27,2543.3,4482.1,3598.225,2983.0,4906.0,4064.9583333333335
2007-07-28,2342.5,3505.3,3001.7791666666667,2919.0,4075.0,3484.125
2007-07-29,2305.0,3477.2,2993.5166666666664,2616.0,3959.0,3392.4583333333335
2007-07-30,2343.6,4183.8,3377.4208333333336,2817.0,4412.0,3702.75
2007-07-31,2347.3,4119.4,3331.383333333333,2695.0,4452.0,3712.25
2007-08-01,2368.0,4055.7,3332.9125,2744.0,4551.0,3768.4166666666665
2007-08-02,2223.8,4247.4,3426.808333333333,2689.0,5092.0,4075.1666666666665
2007-08-03,2576.7,4193.8,3385.5458333333336,3115.0,5199.0,4281.125
2007-08-04,2416.6,4022.4,3309.9208333333336,3012.0,4401.0,3745.375
2007-08-05,2219.1,3483.3,2922.2041666666664,2488.0,3362.0,3012.75
2007-08-06,2190.8,3880.8,3225.879166666667,2439.0,4049.0,3447.2083333333335
2007-08-07,2279.8,4358.7,3449.995833333333,2739.0,4468.0,3664.25
2007-08-08,2382.7,4168.4,3404.941666666667,2744.0,4903.0,3907.7083333333335
2007-08-09,2252.0,3791.8,3176.5166666666664,2649.0,3844.0,3335.0416666666665
2007-08-10,2034.5,3489.9,2908.5833333333335,2367.0,3427.0,2951.0
2007-08-11,1999.2,3128.6,2647.2083333333335,2070.0,3239.0,2761.2916666666665
2007-08-12,1993.5,3358.7,2799.5625,2309.0,3651.0,3058.0
2007-08-13,2293.6,4169.5,3353.6083333333336,2643.0,4320.0,3535.625
2007-08-14,2114.7,3668.9,3020.2875,2342.0,3712.0,3149.2083333333335
2007-08-15,2012.4,3978.6,3156.9791666666665,2316.0,4012.0,3339.75
2007-08-16,2147.3,3931.9,3196.183333333333,2554.0,4497.0,3656.75
2007-08-17,2282.3,3792.9,3162.2666666666664,2843.0,4005.0,3506.2083333333335
2007-08-18,1960.9,2976.0,2576.079166666667,2247.0,2927.0,2653.5416666666665
2007-08-19,1870.5,2877.4,2457.0499999999997,2041.0,2887.0,2493.0416666666665
2007-08-20,1913.9,3234.4,2741.2166666666667,2091.0,3382.0,2854.0
2007-08-21,1838.2,3283.1,2719.4125,2099.0,3328.0,2851.4583333333335
2007-08-22,1846.0,3212.8,2696.8875000000003,2107.0,3333.0,2852.9166666666665
2007-08-23,1920.1,3264.5,2779.5333333333333,2166.0,3506.0,3004.0833333333335
2007-08-24,2093.9,3968.0,3176.870833333333,2402.0,4579.0,3615.1666666666665
2007-08-25,2178.8,3799.3,3135.225,2777.0,4597.0,3764.375
2007-08-26,2177.3,3516.8,2956.8250000000003,2997.0,3884.0,3502.9166666666665
2007-08-27,2189.5,3590.8,2999.0375,2596.0,4090.0,3446.9583333333335
2007-08-28,1991.7,3720.3,3020.5375,2401.0,4023.0,3351.8333333333335
2007-08-29,2069.3,3890.5,3133.370833333333,2416.0,4324.0,3488.7083333333335
2007-08-30,2217.3,3992.2,3245.7875,2543.0,4578.0,3671.6666666666665
2007-08-31,2226.9,3485.5,2940.0,2603.0,4110.0,3427.0416666666665
2007-09-01,1893.3,2802.1,2447.204166666667,2313.0,3154.0,2796.3333333333335
2007-09-02,1825.8,2822.1,2365.0541666666663,2077.0,2903.0,2550.25
2007-09-03,1808.1,3156.2,2586.6291666666666,2136.0,3635.0,2917.5
2007-09-04,1969.4,3237.0,2775.8250000000003,2458.0,3734.0,3200.3333333333335
2007-09-05,1888.3,3081.8,2644.0,2157.0,3507.0,2976.4166666666665
2007-09-06,1948.5,3314.9,2793.616666666667,2154.0,3546.0,3011.6666666666665
2007-09-07,2086.6,3838.9,3097.6875,2286.0,4647.0,3603.875
2007-09-08,2225.0,3584.4,2988.3375,2687.0,4516.0,3672.4583333333335
2007-09-09,2172.2,2952.2,2631.3166666666666,2494.0,3198.0,2974.25
2007-09-10,2107.1,3728.4,3019.9375,2213.0,3491.0,3034.5416666666665
2007-09-11,2006.7,3323.2,2812.320833333333,2209.0,3483.0,3023.5416666666665
2007-09-12,2040.7,3400.2,2835.7333333333336,2209.0,3422.0,2978.5833333333335
2007-09-13,1900.1,3154.5,2687.6541666666667,2116.0,3421.0,2920.0833333333335
2007-09-14,1902.1,3268.7,2721.2999999999997,2105.0,3462.0,2934.7916666666665
2007-09-15,1950.3,2826.7,2455.7,2184.0,3057.0,2648.1666666666665
2007-09-16,1825.7,2674.5,2302.5083333333337,1964.0,2925.0,2437.0833333333335
2007-09-17,1821.5,3096.8,2611.4166666666665,1985.0,3216.0,2769.125
2007-09-18,1893.3,3205.7,2702.3708333333334,2012.0,3237.0,2799.2916666666665
2007-09-19,1893.0,3193.9,2703.983333333333,2025.0,3321.0,2844.7083333333335
2007-09-20,1913.9,3465.4,2820.8624999999997,2086.0,3587.0,3003.0
2007-09-21,2010.6,3326.7,2783.8291666666664,2182.0,3622.0,3027.0833333333335
2007-09-22,1926.9,3132.7,2617.0875,2162.0,3304.0,2822.9166666666665
2007-09-23,1900.2,2899.1,2467.3125,2229.0,3178.0,2710.5833333333335
2007-09-24,1861.6,3350.3,2742.741666666667,2089.0,3637.0,3026.6666666666665
2007-09-25,2014.4,3955.6,3128.0166666666664,2158.0,3954.0,3229.3333333333335
2007-09-26,2192.6,4180.8,3318.6875,2469.0,4737.0,3753.3333333333335
2007-09-27,2156.4,3716.1,3040.183333333333,2712.0,4422.0,3711.8333333333335
2007-09-28,2053.1,3376.6,2805.9375,2604.0,3898.0,3343.25
2007-09-29,1858.7,2742.2,2390.6291666666666,2143.0,2981.0,2647.2083333333335
2007-09-30,1792.1,2679.0,2264.2875,1984.0,2975.0,2468.2083333333335
2007-10-01,1705.5,2865.4,2433.9500000000003,1997.0,3296.0,2810.1666666666665
2007-10-02,1759.7,2897.5,2469.1,2013.0,3365.0,2843.9166666666665
2007-10-03,1782.2,3001.3,2514.266666666667,2129.0,3531.0,3014.5833333333335
2007-10-04,1847.4,3357.7,2754.558333333333,2274.0,3925.0,3251.2083333333335
2007-10-05,1872.7,3205.2,2686.3041666666663,2238.0,3880.0,3212.5416666666665
2007-10-06,1828.3,2905.0,2456.6291666666666,2361.0,3403.0,2924.0
2007-10-07,1708.8,2553.2,2152.233333333333,2218.0,2879.0,2544.0416666666665
2007-10-08,1672.9,2791.0,2352.7791666666667,2004.0,3202.0,2703.7916666666665
2007-10-09,1744.4,2824.0,2418.0958333333333,2044.0,3252.0,2788.3333333333335
2007-10-10,1665.2,2894.9,2409.1458333333335,2032.0,3298.0,2822.3333333333335
2007-10-11,1676.1,2950.2,2471.025,2063.0,3349.0,2860.0833333333335
2007-10-12,1794.5,2993.6,2564.9666666666667,2101.0,3227.0,2814.6666666666665
2007-10-13,1862.3,2376.5,2223.5041666666666,2003.0,2880.0,2498.125
2007-10-14,1803.6,2720.9,2282.204166666667,1970.0,2954.0,2452.3333333333335
2007-10-15,1764.5,2916.8,2523.4875,2011.0,3336.0,2799.0416666666665
2007-10-16,1823.2,2917.8,2518.3458333333333,2048.0,3278.0,2800.9583333333335
2007-10-17,1835.7,2970.8,2559.2291666666665,2040.0,3320.0,2811.5416666666665
2007-10-18,1787.3,2965.8,2530.829166666667,2063.0,3402.0,2894.9166666666665
2007-10-19,1803.4,3015.5,2561.725,2114.0,3515.0,3016.9583333333335
2007-10-20,1791.5,2718.9,2354.5958333333333,2150.0,3045.0,2673.7083333333335
2007-10-21,1671.0,2566.6,2169.116666666667,1992.0,3080.0,2521.1666666666665
2007-10-22,1699.8,2889.6,2440.9375,2031.0,3500.0,2909.875
2007-10-23,1812.9,3022.4,2561.8250000000003,2092.0,3610.0,3017.7083333333335
2007-10-24,1835.7,3011.3,2572.3624999999997,2186.0,3327.0,2877.625
2007-10-25,1844.5,3027.8,2581.225,2046.0,3267.0,2792.5
2007-10-26,1864.2,2971.1,2555.3666666666663,2050.0,3194.0,2767.375
2007-10-27,1768.2,2705.3,2297.5666666666666,2031.0,3158.0,2657.7083333333335
2007-10-28,1730.2,2730.1,2253.0,1997.0,2998.0,2470.4583333333335
2007-10-29,1881.9,3170.1,2658.1208333333334,2055.0,3390.0,2827.2916666666665
2007-10-30,1945.4,3087.0,2628.4333333333334,2147.0,3343.0,2852.75
2007-10-31,1852.8,2995.8,2542.3624999999997,2054.0,3250.0,2798.0833333333335
2007-11-01,1824.2,2903.2,2485.429166666667,2054.0,3331.0,2824.5833333333335
2007-11-02,1856.4,2928.9,2519.820833333333,2048.0,3247.0,2778.9583333333335
2007-11-03,1826.0,2786.6,2393.35,2081.0,3151.0,2683.4166666666665
2007-11-04,1837.1,3658.7,2375.3166666666666,2067.0,4311.0,2634.0416666666665
2007-11-05,1872.1,3003.5,2568.3083333333334,2085.0,3439.0,2850.375
2007-11-06,1790.9,3000.8,2549.679166666667,2085.0,3483.0,2893.4583333333335
2007-11-07,1967.3,3124.7,2669.2875,2177.0,3500.0,2900.4583333333335
2007-11-08,1976.1,3242.4,2733.4791666666665,2220.0,3550.0,2952.5416666666665
2007-11-09,1981.1,3119.6,2663.108333333333,2266.0,3485.0,2937.125
2007-11-10,1934.3,3001.9,2493.366666666667,2196.0,3177.0,2713.3333333333335
2007-11-11,1945.4,2891.3,2402.1041666666665,2252.0,3190.0,2683.25
2007-11-12,2011.8,3207.7,2694.2791666666667,2274.0,3575.0,2958.0
2007-11-13,1978.4,3140.7,2659.2625000000003,2165.0,3510.0,2916.2916666666665
2007-11-14,1976.4,3103.6,2642.741666666667,2182.0,3484.0,2902.625
2007-11-15,1850.0,3155.6,2600.891666666667,2113.0,3501.0,2905.375
2007-11-16,1987.7,3211.0,2677.475,2122.0,3511.0,2917.25
2007-11-17,2060.3,3057.3,2611.975,2212.0,3251.0,2753.1666666666665
2007-11-18,1988.4,3166.2,2562.9708333333333,2232.0,3295.0,2710.1666666666665
2007-11-19,2067.0,3457.2,2869.1,2264.0,3707.0,3071.8333333333335
2007-11-20,2097.4,3417.5,2796.179166666667,2306.0,3684.0,3095.5833333333335
2007-11-21,1993.9,3179.6,2659.125,2281.0,3522.0,2999.3333333333335
2007-11-22,1855.4,2829.8,2348.5666666666666,2114.0,2857.0,2514.7083333333335
2007-11-23,1909.1,3155.3,2533.9625,2087.0,3345.0,2735.4583333333335
2007-11-24,2097.5,3071.7,2607.725,2339.0,3288.0,2818.375
2007-11-25,2060.7,3035.0,2522.0625,2293.0,3302.0,2736.0416666666665
2007-11-26,2016.8,3262.0,2715.475,2226.0,3647.0,3026.6666666666665
2007-11-27,1889.7,3302.3,2682.304166666667,2167.0,3552.0,2917.2083333333335
2007-11-28,2075.9,3353.7,2791.5791666666664,2227.0,3642.0,3001.5416666666665
2007-11-29,2057.3,3291.1,2754.8125,2260.0,3629.0,3034.375
2007-11-30,2055.4,3294.5,2771.1083333333336,2287.0,3607.0,3030.9166666666665
2007-12-01,2113.7,3206.3,2713.070833333333,2323.0,3610.0,2979.875
2007-12-02,2272.2,3362.8,2744.3250000000003,2551.0,3685.0,3081.7916666666665
2007-12-03,2156.2,3480.1,2876.558333333333,2462.0,3912.0,3261.5833333333335
2007-12-04,2271.3,3463.4,2965.0291666666667,2510.0,4007.0,3348.0416666666665
2007-12-05,2259.1,3595.9,2984.0291666666667,2582.0,3937.0,3315.4583333333335
2007-12-06,2265.1,3590.4,3031.620833333333,2543.0,3941.0,3327.9166666666665
2007-12-07,2262.8,3530.9,2964.929166666667,2587.0,3837.0,3287.375
2007-12-08,2166.5,3217.9,2696.9375,2460.0,3460.0,2951.0416666666665
2007-12-09,2226.2,3289.8,2725.1041666666665,2412.0,3570.0,2954.1666666666665
2007-12-10,2188.9,3525.3,2965.2374999999997,2402.0,3954.0,3286.375
2007-12-11,2219.6,3609.2,2993.6666666666665,2522.0,3902.0,3267.0833333333335
2007-12-12,2101.1,3528.1,2911.7125,2384.0,3795.0,3157.625
2007-12-13,2284.0,3696.3,3050.933333333333,2464.0,4076.0,3346.875
2007-12-14,2292.0,3551.1,2962.7374999999997,2588.0,3853.0,3266.9166666666665
2007-12-15,2304.8,3465.0,2885.366666666667,2467.0,3779.0,3118.25
2007-12-16,2304.6,3407.4,2799.1124999999997,2580.0,3765.0,3154.0416666666665
2007-12-17,2270.6,3718.7,3114.383333333333,2487.0,4080.0,3378.875
2007-12-18,2439.4,3958.0,3258.7625000000003,2691.0,3981.0,3404.2083333333335
2007-12-19,2363.9,3754.7,3110.4500000000003,2620.0,3899.0,3328.9166666666665
2007-12-20,2231.8,3601.5,3000.4625,2481.0,3970.0,3317.2083333333335
2007-12-21,2255.5,3646.9,3008.8125,2559.0,3890.0,3324.375
2007-12-22,2301.1,3299.7,2807.4,2496.0,3462.0,2988.2083333333335
2007-12-23,2158.4,3138.1,2616.6458333333335,2342.0,3307.0,2806.375
2007-12-24,2134.8,3649.2,2931.995833333333,2229.0,3402.0,2846.7916666666665
2007-12-25,2162.6,3025.6,2625.883333333333,2309.0,3006.0,2691.75
2007-12-26,2155.0,3518.5,2898.320833333333,2339.0,3653.0,3037.5833333333335
2007-12-27,2165.4,3518.7,2917.475,2338.0,3710.0,3090.5416666666665
2007-12-28,2181.6,3407.6,2860.1541666666667,2355.0,3527.0,2976.3333333333335
2007-12-29,2115.2,3238.4,2680.8083333333334,2257.0,3254.0,2781.4583333333335
2007-12-30,2134.3,3301.5,2677.1124999999997,2272.0,3270.0,2726.375
2007-12-31,2177.2,3679.3,2945.7791666666667,2327.0,3565.0,2966.5416666666665
2008-01-01,2204.8,3188.8,2644.3125,2381.0,3488.0,2885.75
2008-01-02,2262.8,3703.6,3050.5458333333336,2369.0,3959.0,3262.25
2008-01-03,2515.2,3876.0,3270.566666666667,2819.0,4260.0,3615.9166666666665
2008-01-04,2583.5,3676.4,3184.883333333333,2914.0,3956.0,3499.0833333333335
2008-01-05,2313.8,3063.1,2694.6916666666666,2586.0,3461.0,3017.625
2008-01-06,2164.0,3007.3,2538.5,2357.0,3412.0,2844.1666666666665
2008-01-07,2156.5,3339.1,2829.066666666667,2311.0,3631.0,3046.0833333333335
2008-01-08,2016.2,3246.8,2715.6041666666665,2250.0,3534.0,2960.875
2008-01-09,2033.8,3338.3,2767.179166666667,2169.0,3523.0,2932.7083333333335
2008-01-10,2133.9,3380.4,2860.3333333333335,2210.0,3585.0,2976.9583333333335
2008-01-11,2124.1,3252.1,2773.816666666667,2277.0,3554.0,3048.625
2008-01-12,2024.2,2887.6,2462.2166666666667,2237.0,3241.0,2749.0833333333335
2008-01-13,2069.4,2965.8,2483.991666666667,2266.0,3322.0,2737.2083333333335
2008-01-14,2102.4,3515.0,2896.75,2293.0,3837.0,3146.4166666666665
2008-01-15,2243.3,3631.3,3044.9625,2455.0,3767.0,3199.0833333333335
2008-01-16,2370.3,3728.3,3099.8624999999997,2508.0,3818.0,3242.7916666666665
2008-01-17,2205.0,3703.8,3081.179166666667,2566.0,3828.0,3269.0
2008-01-18,2208.9,3493.2,2960.2791666666667,2437.0,3575.0,3098.375
2008-01-19,2296.6,3093.4,2698.5708333333337,2401.0,3385.0,2918.0
2008-01-20,2305.8,3361.7,2779.2625000000003,2381.0,3497.0,2935.0
2008-01-21,2366.2,3738.3,3118.554166666667,2652.0,3928.0,3327.3333333333335
2008-01-22,2443.4,3551.7,3069.6041666666665,2662.0,3842.0,3325.7916666666665
2008-01-23,2213.9,3488.3,2937.2916666666665,2468.0,3748.0,3193.7916666666665
2008-01-24,2342.3,3578.2,3031.629166666667,2507.0,3814.0,3239.375
2008-01-25,2458.2,3590.6,3122.4833333333336,2634.0,3768.0,3299.9583333333335
2008-01-26,2374.5,3154.7,2772.2291666666665,2576.0,3431.0,3015.4166666666665
2008-01-27,2279.9,3212.2,2713.141666666667,2428.0,3614.0,2994.75
2008-01-28,2292.9,3513.7,2997.3375,2576.0,3761.0,3260.0833333333335
2008-01-29,2252.4,3514.7,2973.5750000000003,2498.0,3706.0,3163.4166666666665
2008-01-30,2190.9,3393.5,2864.245833333333,2323.0,3656.0,3082.0
2008-01-31,2364.8,3555.6,3021.525,2427.0,3700.0,3162.125
2008-02-01,2263.0,3328.0,2874.4708333333333,2478.0,3770.0,3203.4166666666665
2008-02-02,2098.7,2982.1,2566.641666666667,2305.0,3291.0,2813.7916666666665
2008-02-03,2118.8,3053.7,2557.8333333333335,2288.0,3243.0,2740.0416666666665
2008-02-04,2170.5,3320.6,2825.429166666667,2301.0,3667.0,3084.0416666666665
2008-02-05,2184.9,3335.8,2831.5333333333333,2326.0,3614.0,3104.8333333333335
2008-02-06,2182.6,3448.0,2908.7000000000003,2273.0,3662.0,3092.0833333333335
2008-02-07,2335.6,3641.1,3065.85,2400.0,3786.0,3189.0833333333335
2008-02-08,2394.3,3514.1,3024.4666666666667,2464.0,3683.0,3203.375
2008-02-09,2338.7,3189.8,2779.8624999999997,2482.0,3402.0,2941.125
2008-02-10,2271.1,3320.4,2765.5333333333333,2336.0,3469.0,2867.25
2008-02-11,2463.4,3680.5,3153.5958333333333,2691.0,4003.0,3454.6666666666665
2008-02-12,2513.7,3556.5,3120.1,2728.0,3869.0,3385.75
2008-02-13,2331.8,3506.1,3015.7208333333333,2576.0,3855.0,3295.0
2008-02-14,2311.4,3591.0,3055.308333333333,2439.0,3668.0,3158.8333333333335
2008-02-15,2359.4,3464.4,2991.6458333333335,2469.0,3515.0,3114.9166666666665
2008-02-16,2466.4,3371.6,2941.3250000000003,2531.0,3381.0,2977.125
2008-02-17,2507.1,3246.3,2823.2291666666665,2518.0,3283.0,2849.2083333333335
2008-02-18,2261.1,3419.6,2889.225,2252.0,3293.0,2836.75
2008-02-19,2319.0,3624.1,3058.8958333333335,2238.0,3537.0,2994.4583333333335
2008-02-20,2388.6,3657.3,3127.870833333333,2468.0,3696.0,3174.5
2008-02-21,2472.8,3718.9,3201.975,2567.0,3705.0,3226.4583333333335
2008-02-22,2492.8,3578.2,3122.2333333333336,2554.0,3720.0,3246.5416666666665
2008-02-23,2341.1,3223.6,2806.179166666667,2505.0,3355.0,2943.0416666666665
2008-02-24,2364.7,3236.8,2768.4708333333333,2479.0,3387.0,2861.625
2008-02-25,2325.3,3539.9,3032.941666666667,2395.0,3560.0,3043.625
2008-02-26,2357.8,3579.0,3075.7125,2375.0,3682.0,3121.2083333333335
2008-02-27,2270.3,3515.1,2980.65,2356.0,3665.0,3114.5833333333335
2008-02-28,2459.6,3652.4,3147.9166666666665,2511.0,3782.0,3246.6666666666665
2008-02-29,2578.2,3561.3,3180.7333333333336,2679.0,3709.0,3294.625
2008-03-01,2310.5,3169.6,2777.8291666666664,2534.0,3352.0,2972.4166666666665
2008-03-02,2297.3,3203.5,2725.6041666666665,2429.0,3369.0,2842.875
2008-03-03,2279.5,3517.7,3042.5416666666665,2441.0,3581.0,3093.8333333333335
2008-03-04,2190.3,3567.3,3020.6583333333333,2272.0,3502.0,2976.0416666666665
2008-03-05,2195.1,3562.5,3015.1083333333336,2282.0,3460.0,2992.875
2008-03-06,2238.1,3583.6,3038.4083333333333,2316.0,3476.0,2980.1666666666665
2008-03-07,2243.0,3313.2,2878.870833333333,2325.0,3403.0,2965.0416666666665
2008-03-08,2188.5,3104.8,2674.2374999999997,2262.0,3247.0,2805.4583333333335
2008-03-09,0.0,3177.2,2590.875,0.0,3275.0,2610.0833333333335
2008-03-10,2346.8,3578.2,3090.5125000000003,2412.0,3541.0,3107.9166666666665
2008-03-11,2339.1,3596.8,3069.683333333333,2445.0,3448.0,3076.7916666666665
2008-03-12,2198.5,3479.2,2980.0208333333335,2334.0,3476.0,3063.375
2008-03-13,2263.7,3507.3,3025.3250000000003,2397.0,3445.0,3052.7916666666665
2008-03-14,2235.6,3358.0,2956.620833333333,2327.0,3325.0,2954.2083333333335
2008-03-15,2108.0,3066.8,2647.4625,2221.0,3161.0,2789.9583333333335
2008-03-16,2137.1,3089.6,2586.616666666667,2242.0,3149.0,2709.0833333333335
2008-03-17,2231.4,3354.2,2907.0208333333335,2339.0,3401.0,3026.75
2008-03-18,2295.1,3347.2,2927.441666666667,2386.0,3409.0,3020.125
2008-03-19,2198.5,3340.2,2895.3333333333335,2302.0,3494.0,3076.0833333333335
2008-03-20,2162.7,3281.0,2839.3458333333333,2279.0,3369.0,3005.4583333333335
2008-03-21,2193.3,3234.9,2837.8375,2352.0,3388.0,3003.4166666666665
2008-03-22,2222.7,3064.2,2683.6958333333337,2399.0,3047.0,2771.75
2008-03-23,2216.9,3003.9,2600.7583333333337,2300.0,3013.0,2616.875
2008-03-24,2247.0,3471.4,2938.5291666666667,2307.0,3356.0,2984.3333333333335
2008-03-25,2270.3,3358.7,2930.7999999999997,2322.0,3432.0,3016.2916666666665
2008-03-26,2232.8,3221.1,2840.379166666667,2310.0,3279.0,2934.25
2008-03-27,2182.2,3220.2,2833.7000000000003,2228.0,3317.0,2907.3333333333335
2008-03-28,2136.8,3268.5,2876.9583333333335,2183.0,3417.0,2992.2916666666665
2008-03-29,2190.4,3031.9,2669.258333333333,2339.0,3151.0,2803.8333333333335
2008-03-30,2211.9,3081.0,2599.6749999999997,2410.0,3140.0,2736.375
2008-03-31,2213.6,3306.4,2877.4708333333333,2317.0,3453.0,3053.5
2008-04-01,2077.3,3094.9,2743.2000000000003,2191.0,3301.0,2905.0
2008-04-02,2077.6,3261.2,2840.6708333333336,2132.0,3295.0,2877.7083333333335
2008-04-03,2142.7,3118.5,2769.995833333333,2294.0,3250.0,2916.2083333333335
2008-04-04,2109.1,3160.0,2796.6041666666665,2217.0,3380.0,2952.9166666666665
2008-04-05,2077.3,2867.9,2559.3375,2188.0,3007.0,2658.0
2008-04-06,2043.4,2912.5,2491.5333333333333,2142.0,3156.0,2660.4166666666665
2008-04-07,2102.8,3194.5,2794.179166666667,2227.0,3370.0,2936.0
2008-04-08,2128.4,3164.9,2802.133333333333,2283.0,3233.0,2905.4583333333335
2008-04-09,2158.6,3089.3,2768.054166666667,2243.0,3232.0,2882.5
2008-04-10,2036.1,3027.2,2683.954166666667,2135.0,3174.0,2814.25
2008-04-11,2018.0,3050.2,2705.508333333333,2068.0,3122.0,2766.9166666666665
2008-04-12,2005.8,2907.7,2530.483333333333,2075.0,2861.0,2560.1666666666665
2008-04-13,1965.1,2840.2,2404.9958333333334,2021.0,2999.0,2512.125
2008-04-14,2081.0,3146.5,2774.9500000000003,2157.0,3200.0,2834.9166666666665
2008-04-15,2107.1,3125.8,2776.6708333333336,2184.0,3145.0,2823.5416666666665
2008-04-16,2057.9,3094.7,2734.125,2137.0,3144.0,2799.5833333333335
2008-04-17,1998.5,3042.4,2687.6333333333337,2087.0,3133.0,2767.1666666666665
2008-04-18,1976.7,2958.6,2611.8791666666666,2079.0,3177.0,2754.25
2008-04-19,1934.0,2721.9,2414.85,2000.0,2758.0,2448.875
2008-04-20,1871.1,2785.7,2341.3166666666666,1970.0,2763.0,2367.7916666666665
2008-04-21,1975.5,3120.8,2716.0499999999997,1989.0,2961.0,2608.8333333333335
2008-04-22,1972.4,3012.8,2652.0833333333335,2013.0,3165.0,2731.625
2008-04-23,1940.1,3084.6,2690.25,2006.0,3358.0,2841.9166666666665
2008-04-24,1907.3,3092.7,2670.025,2127.0,3259.0,2822.375
2008-04-25,1949.0,3034.6,2635.4666666666667,2028.0,3168.0,2701.25
2008-04-26,1908.7,2697.0,2385.7708333333335,1982.0,2748.0,2424.875
2008-04-27,1921.0,2723.2,2335.983333333333,1957.0,2857.0,2421.125
2008-04-28,1943.4,3001.8,2646.3250000000003,2018.0,3251.0,2811.875
2008-04-29,1989.2,3037.8,2678.366666666667,2091.0,3232.0,2832.0
2008-04-30,1982.3,3004.3,2658.5041666666666,2118.0,3123.0,2777.5
2008-05-01,1974.7,3034.4,2671.25,2125.0,3124.0,2774.0416666666665
2008-05-02,1961.1,3047.9,2659.25,2065.0,3153.0,2770.625
2008-05-03,1922.5,2716.0,2408.2999999999997,2053.0,2885.0,2565.0
2008-05-04,1888.8,2700.6,2326.570833333333,2032.0,2893.0,2500.5
2008-05-05,1889.9,2976.9,2594.7291666666665,2033.0,3150.0,2748.0833333333335
2008-05-06,1905.0,3025.6,2623.608333333333,2004.0,3191.0,2762.9583333333335
2008-05-07,1905.2,3003.9,2620.329166666667,2004.0,3235.0,2785.9583333333335
2008-05-08,1927.7,3156.6,2699.108333333333,2037.0,3345.0,2840.2916666666665
2008-05-09,1937.2,3190.2,2712.9249999999997,2017.0,3092.0,2704.6666666666665
2008-05-10,1913.5,2927.4,2498.195833333333,1997.0,2755.0,2447.625
2008-05-11,1967.6,2751.3,2424.3333333333335,1966.0,2758.0,2345.0
2008-05-12,1903.3,3213.1,2762.8375,1976.0,3120.0,2722.2083333333335
2008-05-13,1962.8,3277.9,2813.379166666667,2038.0,3142.0,2751.7083333333335
2008-05-14,1937.4,3146.1,2709.4708333333333,2006.0,3163.0,2742.125
2008-05-15,1932.0,3182.4,2686.6291666666666,2005.0,3151.0,2762.0833333333335
2008-05-16,1870.1,3086.6,2612.9500000000003,2012.0,3131.0,2714.0
2008-05-17,1829.0,2687.9,2364.6583333333333,1983.0,2789.0,2474.75
2008-05-18,1809.0,2726.3,2293.883333333333,1956.0,2800.0,2417.0833333333335
2008-05-19,1855.1,2973.2,2576.508333333333,1952.0,3111.0,2688.6666666666665
2008-05-20,1939.3,3054.4,2648.679166666667,2002.0,3154.0,2731.625
2008-05-21,1915.2,3032.2,2628.920833333333,1991.0,3197.0,2753.5833333333335
2008-05-22,1864.7,3010.6,2593.5416666666665,1988.0,3083.0,2708.25
2008-05-23,1901.7,3058.5,2610.733333333333,2000.0,3153.0,2694.625
2008-05-24,1890.6,2705.5,2386.1583333333333,1959.0,2708.0,2399.875
2008-05-25,1847.4,2732.8,2319.625,1891.0,2599.0,2321.5833333333335
2008-05-26,1846.1,2861.7,2443.9583333333335,1924.0,2913.0,2480.5833333333335
2008-05-27,1971.0,3233.1,2736.495833333333,2045.0,3758.0,3034.875
2008-05-28,1960.2,3178.1,2720.4125,2038.0,3207.0,2772.25
2008-05-29,1970.5,3266.3,2783.0958333333333,1988.0,3327.0,2818.4583333333335
2008-05-30,1999.1,3297.2,2796.6083333333336,2040.0,3262.0,2783.2916666666665
2008-05-31,1939.0,2846.0,2489.858333333333,2035.0,3053.0,2616.2916666666665
2008-06-01,1836.6,2835.8,2400.7916666666665,1993.0,2943.0,2584.1666666666665
2008-06-02,1950.9,3407.6,2833.2916666666665,2048.0,3494.0,2946.625
2008-06-03,2083.8,3660.0,2985.975,2131.0,3747.0,3106.4583333333335
2008-06-04,2053.6,3285.7,2801.4666666666667,2228.0,3396.0,2933.3333333333335
2008-06-05,2022.2,3253.8,2771.120833333333,2049.0,3239.0,2812.625
2008-06-06,1992.0,3296.0,2792.8541666666665,2032.0,3221.0,2770.875
2008-06-07,2136.1,3583.9,2989.2208333333333,2040.0,3680.0,2959.4583333333335
2008-06-08,2208.5,3700.0,3083.866666666667,2531.0,4279.0,3570.6666666666665
2008-06-09,2535.7,4736.4,3797.0499999999997,2956.0,5086.0,4146.916666666667
2008-06-10,2673.7,4899.7,3965.6583333333333,2832.0,5302.0,4265.875
2008-06-11,2422.7,4306.4,3474.816666666666,3039.0,4509.0,3862.25
2008-06-12,2245.8,3727.9,3113.2916666666665,2585.0,3922.0,3367.9583333333335
2008-06-13,2131.7,3754.1,3076.3333333333335,2250.0,3771.0,3150.6666666666665
2008-06-14,2093.8,3188.3,2744.616666666667,2277.0,3423.0,2925.2916666666665
2008-06-15,1986.9,2842.2,2487.6,2207.0,2850.0,2582.8333333333335
2008-06-16,2021.6,3516.5,2926.0958333333333,2129.0,3381.0,2920.625
2008-06-17,2091.4,3681.9,3049.629166666667,2145.0,3674.0,3036.9583333333335
2008-06-18,2033.7,3400.7,2859.2000000000003,2138.0,3493.0,2960.8333333333335
2008-06-19,2014.7,3423.0,2869.7958333333336,2154.0,3587.0,3025.0416666666665
2008-06-20,2067.9,3468.7,2892.5499999999997,2200.0,3590.0,3022.9166666666665
2008-06-21,2086.3,3204.2,2770.0333333333333,2189.0,3270.0,2862.5416666666665
2008-06-22,2032.1,3034.6,2637.2083333333335,2222.0,3367.0,2888.5833333333335
2008-06-23,2054.1,3565.7,2958.9375,2458.0,3871.0,3293.0833333333335
2008-06-24,2069.8,3699.1,3016.2625000000003,2404.0,3990.0,3239.125
2008-06-25,2236.5,3885.6,3216.1666666666665,2236.0,3843.0,3171.7083333333335
2008-06-26,2074.3,4152.1,3257.5208333333335,2328.0,3891.0,3259.875
2008-06-27,2356.9,4466.0,3558.15,2410.0,4212.0,3405.4166666666665
2008-06-28,2363.5,3668.2,3046.4083333333333,2450.0,3171.0,2841.4166666666665
2008-06-29,2193.4,3424.9,2906.025,2143.0,3281.0,2797.5416666666665
2008-06-30,2328.8,3995.4,3317.4500000000003,2583.0,4470.0,3673.7916666666665
2008-07-01,2386.0,4098.2,3475.3916666666664,2637.0,4495.0,3673.7916666666665
2008-07-02,2404.9,4464.9,3579.008333333333,2560.0,4194.0,3403.3333333333335
2008-07-03,2394.8,4372.8,3516.2875,2391.0,4198.0,3396.25
2008-07-04,2231.1,3180.3,2762.725,2471.0,2910.0,2721.375
2008-07-05,2181.6,3088.6,2713.3875000000003,2183.0,2925.0,2642.0833333333335
2008-07-06,2148.9,3279.4,2813.625,2176.0,3451.0,2881.2083333333335
2008-07-07,2327.4,4242.9,3446.6375000000003,2548.0,4705.0,3794.2083333333335
2008-07-08,2542.4,4748.8,3780.6416666666664,2948.0,5026.0,4140.541666666667
2008-07-09,2716.3,4921.7,3909.945833333333,3025.0,5096.0,4182.916666666667
2008-07-10,2571.4,4371.8,3563.745833333334,3054.0,4344.0,3747.3333333333335
2008-07-11,2350.2,3998.7,3269.7916666666665,2514.0,4043.0,3399.125
2008-07-12,2297.0,3573.5,3007.9708333333333,2456.0,3634.0,3151.7083333333335
2008-07-13,2259.3,3449.0,2939.7166666666667,2484.0,3677.0,3190.2916666666665
2008-07-14,2442.5,4102.0,3385.808333333333,2781.0,4367.0,3714.3333333333335
2008-07-15,2430.5,4198.6,3432.570833333333,2571.0,4452.0,3664.2916666666665
2008-07-16,2406.8,4256.8,3453.6666666666665,2617.0,4528.0,3713.0416666666665
2008-07-17,2462.9,4430.2,3579.3250000000003,2738.0,4669.0,3845.75
2008-07-18,2537.9,4632.9,3722.933333333333,2800.0,4913.0,3958.9583333333335
2008-07-19,2736.5,4424.7,3681.383333333333,2768.0,4464.0,3699.8333333333335
2008-07-20,2543.0,3883.4,3308.775,2878.0,4054.0,3485.25
2008-07-21,2590.5,4343.0,3572.070833333333,2863.0,4564.0,3782.0
2008-07-22,2547.7,4415.5,3587.725,2605.0,4071.0,3451.9583333333335
2008-07-23,2455.8,4143.7,3426.4666666666667,2543.0,3797.0,3297.0416666666665
2008-07-24,2458.9,4063.8,3376.504166666667,2568.0,4256.0,3478.3333333333335
2008-07-25,2436.3,4221.2,3438.3250000000003,2545.0,4129.0,3481.375
2008-07-26,2389.8,3816.3,3219.0958333333333,2480.0,3767.0,3248.4166666666665
2008-07-27,2416.6,3648.5,3128.508333333333,2498.0,3567.0,3048.4583333333335
2008-07-28,2574.9,4377.9,3609.3333333333335,2408.0,4284.0,3485.3333333333335
2008-07-29,2406.5,4186.8,3425.304166666667,2646.0,4439.0,3674.0833333333335
2008-07-30,2419.2,4358.8,3527.3125,2638.0,4412.0,3635.5416666666665
2008-07-31,2530.2,4349.6,3558.2000000000003,2728.0,4681.0,3818.0416666666665
2008-08-01,2457.1,4143.1,3396.7208333333333,2764.0,4380.0,3667.625
2008-08-02,2282.8,3347.2,2889.6749999999997,2602.0,3713.0,3168.875
2008-08-03,2170.4,3282.7,2827.725,2435.0,3440.0,3002.9166666666665
2008-08-04,2325.8,3979.0,3287.2374999999997,2424.0,4049.0,3394.5416666666665
2008-08-05,2321.1,3976.1,3284.7791666666667,2542.0,3746.0,3266.125
2008-08-06,2261.4,3677.2,3091.258333333333,2398.0,3530.0,3088.3333333333335
2008-08-07,2202.8,3741.7,3112.4583333333335,2279.0,3617.0,3087.75
2008-08-08,2205.0,3667.1,3058.945833333333,2326.0,3696.0,3106.9166666666665
2008-08-09,2111.4,3096.5,2696.7291666666665,2239.0,3204.0,2824.6666666666665
2008-08-10,2090.4,3203.1,2739.8375,2243.0,3246.0,2806.25
2008-08-11,2187.7,3596.4,3018.375,2287.0,3524.0,3063.4166666666665
2008-08-12,2152.3,3619.9,3009.6375000000003,2245.0,3513.0,3019.5416666666665
2008-08-13,2190.1,3795.1,3116.1875,2226.0,3750.0,3131.7083333333335
2008-08-14,2224.3,3679.4,3078.3291666666664,2333.0,3849.0,3210.1666666666665
2008-08-15,2193.7,3629.6,3018.9791666666665,2374.0,3823.0,3175.3333333333335
2008-08-16,2163.4,3223.9,2778.316666666667,2295.0,3318.0,2856.4166666666665
2008-08-17,2105.6,3247.7,2764.9249999999997,2186.0,3396.0,2838.0
2008-08-18,2307.0,4157.9,3363.879166666667,2435.0,4330.0,3542.2916666666665
2008-08-19,2430.3,3955.2,3277.554166666667,2576.0,3935.0,3323.0
2008-08-20,2179.5,3607.7,2999.004166666667,2155.0,3440.0,2924.5833333333335
2008-08-21,2121.3,3723.4,3052.7958333333336,2139.0,3664.0,3045.2083333333335
2008-08-22,2211.7,3822.5,3125.9041666666667,2282.0,3905.0,3211.2916666666665
2008-08-23,2143.5,3319.2,2819.1458333333335,2295.0,3353.0,2920.5833333333335
2008-08-24,2123.8,3308.2,2805.758333333333,2238.0,3306.0,2843.7083333333335
2008-08-25,2297.5,3890.1,3199.7166666666667,2409.0,4119.0,3385.3333333333335
2008-08-26,2192.9,3621.3,3019.1708333333336,2221.0,3508.0,2988.2916666666665
2008-08-27,2111.8,3643.9,3004.1458333333335,2138.0,3579.0,3008.7083333333335
2008-08-28,2128.9,3596.1,2974.120833333333,2222.0,3650.0,3060.0833333333335
2008-08-29,2140.6,3539.5,2964.4375,2184.0,3656.0,3058.7916666666665
2008-08-30,2119.9,3216.8,2768.5791666666664,2328.0,3312.0,2922.5416666666665
2008-08-31,2113.3,3208.4,2750.1541666666667,2288.0,3066.0,2748.7083333333335
2008-09-01,2133.7,3317.0,2794.4041666666667,2163.0,3296.0,2798.5416666666665
2008-09-02,2249.6,3760.3,3135.0833333333335,2246.0,3826.0,3146.9583333333335
2008-09-03,2156.3,3697.3,3067.9625,2230.0,3753.0,3137.1666666666665
2008-09-04,2217.1,4077.2,3290.004166666667,2309.0,4350.0,3509.1666666666665
2008-09-05,2340.8,4078.9,3328.7958333333336,2677.0,4603.0,3732.9166666666665
2008-09-06,2209.1,3178.4,2797.5791666666664,2655.0,3990.0,3429.9166666666665
2008-09-07,2142.0,3112.2,2710.0750000000003,2583.0,3477.0,3111.2916666666665
2008-09-08,2152.1,3680.0,3053.025,2296.0,3845.0,3216.1666666666665
2008-09-09,2193.4,3760.6,3109.433333333333,2310.0,3798.0,3189.0833333333335
2008-09-10,2069.2,3426.9,2887.775,2188.0,3387.0,2940.875
2008-09-11,1993.8,3297.0,2788.8583333333336,2053.0,3341.0,2857.25
2008-09-12,2034.8,3375.1,2842.8291666666664,2073.0,3279.0,2846.0416666666665
2008-09-13,2038.5,3047.1,2631.2541666666666,2138.0,3159.0,2773.7916666666665
2008-09-14,2114.4,3213.6,2741.120833333333,2228.0,3484.0,2864.1666666666665
2008-09-15,2274.5,3779.0,3155.7916666666665,2484.0,4020.0,3417.1666666666665
2008-09-16,2111.7,3402.7,2900.9708333333333,2212.0,3348.0,2934.625
2008-09-17,2087.5,3385.5,2880.7958333333336,2098.0,3396.0,2918.2916666666665
2008-09-18,2084.0,3271.4,2827.4666666666667,2099.0,3300.0,2850.875
2008-09-19,2069.9,3215.1,2788.975,2018.0,3104.0,2707.625
2008-09-20,1976.1,2805.7,2488.3624999999997,1974.0,2851.0,2478.875
2008-09-21,1930.9,2795.7,2420.6625,1958.0,3066.0,2517.3333333333335
2008-09-22,2007.6,3168.6,2742.2291666666665,2060.0,3232.0,2813.375
2008-09-23,2031.6,3164.5,2748.9791666666665,2000.0,3206.0,2771.8333333333335
2008-09-24,2008.5,3168.7,2744.5,1991.0,3234.0,2779.2916666666665
2008-09-25,2011.1,3184.1,2750.054166666667,2016.0,3213.0,2777.4583333333335
2008-09-26,1997.5,3211.5,2765.7000000000003,2051.0,3320.0,2880.2916666666665
2008-09-27,1991.9,2894.1,2546.2708333333335,2109.0,3105.0,2706.6666666666665
2008-09-28,2010.3,2923.3,2519.5333333333333,2146.0,3270.0,2713.9583333333335
2008-09-29,2035.5,3344.3,2838.2708333333335,2177.0,3482.0,3012.1666666666665
2008-09-30,1991.6,3268.8,2791.066666666667,2142.0,3324.0,2895.625
2008-10-01,1871.0,3266.2,2766.6708333333336,2097.0,3384.0,2921.7916666666665
2008-10-02,1883.6,3302.7,2762.2791666666667,2093.0,3201.0,2817.125
2008-10-03,1863.4,3184.3,2711.695833333333,1989.0,3126.0,2723.2083333333335
2008-10-04,1924.4,2858.8,2473.2374999999997,1989.0,2850.0,2471.2083333333335
2008-10-05,1888.7,2799.4,2368.8125,1954.0,2984.0,2454.0416666666665
2008-10-06,1845.8,3187.3,2712.545833333333,1990.0,3243.0,2764.75
2008-10-07,1902.9,3186.4,2735.6375000000003,2041.0,3248.0,2788.375
2008-10-08,1895.0,3196.0,2745.2708333333335,2030.0,3246.0,2795.2916666666665
2008-10-09,1899.6,3281.8,2771.2083333333335,2033.0,3298.0,2847.0416666666665
2008-10-10,1866.6,3219.2,2712.554166666667,2034.0,3187.0,2759.625
2008-10-11,1933.5,2839.7,2473.6875,1962.0,2825.0,2459.125
2008-10-12,1866.2,2752.4,2355.8166666666666,1930.0,2825.0,2377.6666666666665
2008-10-13,1806.5,3103.8,2613.9874999999997,1940.0,3124.0,2610.3333333333335
2008-10-14,1856.5,3237.7,2728.8708333333334,1983.0,3286.0,2781.2916666666665
2008-10-15,1842.0,3244.6,2739.1875,2031.0,3252.0,2787.9583333333335
2008-10-16,1922.1,3174.7,2709.7374999999997,2018.0,3403.0,2841.0
2008-10-17,1921.7,3164.0,2700.295833333333,1996.0,3097.0,2703.7916666666665
2008-10-18,1887.2,2788.2,2402.4500000000003,2000.0,2903.0,2507.4583333333335
2008-10-19,1889.6,2740.0,2326.1458333333335,2032.0,3064.0,2517.2083333333335
2008-10-20,1935.3,3080.2,2644.4874999999997,2089.0,3317.0,2832.0416666666665
2008-10-21,1998.2,3241.8,2768.9375,2076.0,3354.0,2824.125
2008-10-22,1998.5,3299.6,2784.7625000000003,2061.0,3420.0,2879.8333333333335
2008-10-23,2071.2,3294.1,2811.745833333333,2167.0,3346.0,2878.9166666666665
2008-10-24,2057.6,3165.2,2745.2999999999997,2201.0,3216.0,2842.0833333333335
2008-10-25,1972.6,2844.6,2467.633333333333,2065.0,2991.0,2568.75
2008-10-26,1877.7,2813.6,2362.679166666667,2045.0,2991.0,2487.7083333333335
2008-10-27,1910.4,3177.7,2699.4625,1989.0,3313.0,2783.9166666666665
2008-10-28,2011.1,3325.9,2800.5416666666665,2042.0,3367.0,2832.0833333333335
2008-10-29,2064.6,3352.0,2838.629166666667,2131.0,3436.0,2886.2916666666665
2008-10-30,2107.2,3353.8,2858.429166666667,2212.0,3416.0,2925.875
2008-10-31,2092.2,3179.2,2774.4083333333333,2241.0,3238.0,2871.5833333333335
2008-11-01,1996.0,2925.5,2523.25,2079.0,2966.0,2553.5
2008-11-02,2046.9,4157.9,2574.820833333333,2090.0,4290.0,2688.0833333333335
2008-11-03,2082.3,3274.1,2802.9583333333335,2193.0,3517.0,2946.0416666666665
2008-11-04,2020.5,3275.5,2750.495833333333,2133.0,3431.0,2847.0416666666665
2008-11-05,2001.0,3342.6,2753.1083333333336,2052.0,3440.0,2830.5833333333335
2008-11-06,1957.4,3228.7,2701.5625,2050.0,3466.0,2859.125
2008-11-07,1979.8,3260.5,2717.5583333333334,2057.0,3375.0,2814.4583333333335
2008-11-08,1957.7,2904.9,2476.35,2036.0,3059.0,2572.875
2008-11-09,1943.1,2871.6,2420.4166666666665,1982.0,3026.0,2459.7083333333335
2008-11-10,2008.9,3410.0,2788.0291666666667,2006.0,3401.0,2785.4166666666665
2008-11-11,2103.4,3384.6,2837.945833333333,2135.0,3449.0,2823.5833333333335
2008-11-12,2145.1,3464.0,2867.0499999999997,2140.0,3471.0,2869.7083333333335
2008-11-13,2125.6,3401.6,2847.941666666667,2183.0,3497.0,2919.875
2008-11-14,2025.7,3321.3,2786.316666666667,2096.0,3400.0,2837.4166666666665
2008-11-15,1952.7,2937.9,2485.866666666667,2044.0,3142.0,2638.75
2008-11-16,1884.7,2921.7,2394.8708333333334,2034.0,3105.0,2520.375
2008-11-17,2044.5,3413.5,2840.1458333333335,2093.0,3517.0,2884.9583333333335
2008-11-18,2088.3,3357.5,2820.504166666667,2235.0,3599.0,2991.2916666666665
2008-11-19,2210.9,3536.2,2967.1666666666665,2370.0,3756.0,3123.375
2008-11-20,2263.0,3561.6,2990.3916666666664,2453.0,3731.0,3152.625
2008-11-21,2259.0,3507.9,2964.8541666666665,2441.0,3667.0,3126.125
2008-11-22,2227.1,3225.5,2750.6416666666664,2495.0,3561.0,3025.5416666666665
2008-11-23,2215.9,3177.5,2663.1208333333334,2516.0,3521.0,2958.25
2008-11-24,2203.5,3537.6,2912.808333333333,2415.0,3687.0,3102.875
2008-11-25,2147.9,3464.3,2879.85,2252.0,3592.0,3029.7916666666665
2008-11-26,2150.4,3422.5,2885.5791666666664,2243.0,3476.0,2935.0
2008-11-27,2065.3,2921.9,2544.7833333333333,2216.0,2851.0,2587.6666666666665
2008-11-28,2062.8,3157.8,2639.4166666666665,2202.0,3274.0,2775.9166666666665
2008-11-29,2129.5,3066.0,2606.420833333333,2218.0,3160.0,2690.25
2008-11-30,2160.8,3109.1,2591.5333333333333,2263.0,3386.0,2790.7083333333335
2008-12-01,2505.7,3828.0,3225.3291666666664,2199.0,3537.0,2945.2083333333335
2008-12-02,2123.8,3504.8,2882.5625,2173.0,3590.0,2948.6666666666665
2008-12-03,2188.2,3499.3,2924.4500000000003,2264.0,3603.0,3007.0416666666665
2008-12-04,2201.5,3444.9,2864.5,2286.0,3555.0,2988.375
2008-12-05,2217.1,3758.7,3027.8333333333335,2228.0,3573.0,2988.1666666666665
2008-12-06,2301.4,3342.7,2829.820833333333,2383.0,3409.0,2894.1666666666665
2008-12-07,2261.4,3307.6,2757.6083333333336,2274.0,3541.0,2890.7916666666665
2008-12-08,2345.8,3712.6,3111.2083333333335,2534.0,4071.0,3393.3333333333335
2008-12-09,2472.6,3675.0,3140.1875,2636.0,3810.0,3293.125
2008-12-10,2168.7,3500.0,2933.745833333333,2223.0,3585.0,2990.2083333333335
2008-12-11,2199.5,3613.4,2983.0333333333333,2202.0,3791.0,3107.1666666666665
2008-12-12,2306.3,3584.2,3000.9208333333336,2291.0,3646.0,3056.2083333333335
2008-12-13,2357.6,3426.8,2907.8541666666665,2388.0,3594.0,2997.1666666666665
2008-12-14,2423.9,3379.3,2855.5166666666664,2510.0,3523.0,2956.7916666666665
2008-12-15,2195.0,3492.9,2922.2625000000003,2277.0,3640.0,3009.1666666666665
2008-12-16,2145.2,3632.8,2964.883333333333,2124.0,3778.0,3058.0833333333335
2008-12-17,2256.6,3653.1,3010.491666666667,2391.0,3893.0,3232.5
2008-12-18,2246.8,3619.2,3006.3333333333335,2413.0,3761.0,3165.75
2008-12-19,2321.3,3638.0,3062.2999999999997,2439.0,3996.0,3272.75
2008-12-20,2404.0,3494.3,2960.1541666666667,2629.0,3809.0,3234.5833333333335
2008-12-21,2366.3,3390.3,2843.2708333333335,2602.0,3811.0,3176.875
2008-12-22,2375.8,3666.2,3138.375,2608.0,4004.0,3392.125
2008-12-23,2524.8,3851.5,3265.741666666667,2726.0,3873.0,3371.2916666666665
2008-12-24,2294.9,3515.6,2941.754166666667,2524.0,3506.0,3079.4166666666665
2008-12-25,2070.1,3034.2,2567.170833333333,2235.0,2999.0,2654.25
2008-12-26,2232.5,3418.7,2905.6,2342.0,3491.0,2933.6666666666665
2008-12-27,2144.9,3109.9,2627.6833333333334,2277.0,3187.0,2751.0833333333335
2008-12-28,1994.0,2988.5,2465.3250000000003,2130.0,3102.0,2583.9583333333335
2008-12-29,2072.2,3339.0,2765.1583333333333,2160.0,3534.0,2902.125
2008-12-30,2188.1,3396.1,2880.7958333333336,2280.0,3595.0,2993.9583333333335
2008-12-31,2298.8,3577.4,2967.1416666666664,2396.0,3850.0,3199.8333333333335
2009-01-01,2382.7,3436.1,2931.8958333333335,2793.0,3706.0,3193.1666666666665
2009-01-02,2456.2,3590.3,3077.15,2699.0,3733.0,3249.375
2009-01-03,2307.5,3277.1,2798.1,2472.0,3454.0,2953.0833333333335
2009-01-04,2263.7,3214.2,2728.6583333333333,2515.0,3486.0,2927.875
2009-01-05,2262.1,3507.2,2966.258333333333,2407.0,3751.0,3162.2916666666665
2009-01-06,2334.8,3619.0,3026.0125000000003,2444.0,3754.0,3179.5833333333335
2009-01-07,2327.5,3674.7,3054.4166666666665,2433.0,3817.0,3221.6666666666665
2009-01-08,2306.5,3677.4,3046.7000000000003,2425.0,3731.0,3142.6666666666665
2009-01-09,2449.8,3757.4,3165.7708333333335,2523.0,3795.0,3247.5416666666665
2009-01-10,2445.4,3437.0,2951.566666666667,2600.0,3554.0,3090.75
2009-01-11,2397.1,3432.1,2872.495833333333,2507.0,3643.0,3041.0833333333335
2009-01-12,2489.0,3809.2,3201.804166666667,2494.0,3856.0,3259.75
2009-01-13,2472.2,3736.3,3154.8583333333336,2592.0,3833.0,3283.125
2009-01-14,2393.0,3749.6,3208.054166666667,2435.0,3990.0,3325.3333333333335
2009-01-15,2568.1,3805.2,3315.8583333333336,2749.0,4098.0,3522.3333333333335
2009-01-16,2693.2,3894.1,3391.2666666666664,2919.0,4039.0,3561.0833333333335
2009-01-17,2615.3,3555.1,3103.9,2884.0,3723.0,3307.0416666666665
2009-01-18,2522.4,3440.0,2942.6416666666664,2670.0,3667.0,3141.0416666666665
2009-01-19,2393.2,3717.2,3082.5,2609.0,3759.0,3188.0
2009-01-20,2458.6,3850.4,3213.866666666667,2496.0,3835.0,3245.7083333333335
2009-01-21,2502.0,3811.8,3226.7916666666665,2590.0,3899.0,3329.6666666666665
2009-01-22,2454.9,3712.1,3146.3958333333335,2628.0,3803.0,3292.1666666666665
2009-01-23,2365.2,3587.2,3053.0833333333335,2501.0,3596.0,3121.4583333333335
2009-01-24,2300.0,3424.6,2889.695833333333,2338.0,3496.0,2935.375
2009-01-25,2524.8,3508.6,2964.616666666667,2664.0,3645.0,3103.2916666666665
2009-01-26,2617.6,3898.6,3306.5833333333335,2654.0,3893.0,3363.0833333333335
2009-01-27,2570.9,3859.5,3301.5791666666664,2663.0,3814.0,3309.2916666666665
2009-01-28,2550.2,3854.9,3257.9666666666667,2562.0,3924.0,3314.4166666666665
2009-01-29,2388.6,3832.0,3200.0375,2500.0,3683.0,3170.5416666666665
2009-01-30,2481.0,3781.3,3211.191666666667,2536.0,3610.0,3155.9583333333335
2009-01-31,2464.9,3483.6,2993.375,2473.0,3503.0,2997.4583333333335
2009-02-01,2487.0,3431.2,2889.4375,2547.0,3355.0,2899.5833333333335
2009-02-02,2346.9,3599.5,3083.0,2378.0,3557.0,3045.1666666666665
2009-02-03,2346.4,3882.7,3165.5499999999997,2333.0,3827.0,3186.9583333333335
2009-02-04,2458.5,3847.1,3242.2833333333333,2527.0,3812.0,3264.4583333333335
2009-02-05,2585.3,4011.7,3403.6,2723.0,3990.0,3458.9583333333335
2009-02-06,2613.8,3709.0,3235.6124999999997,2791.0,3749.0,3378.5
2009-02-07,2429.2,3332.2,2922.1,2647.0,3344.0,3009.0416666666665
2009-02-08,2257.7,3271.3,2715.766666666667,2282.0,3295.0,2724.0833333333335
2009-02-09,2305.8,3738.4,3138.3250000000003,2372.0,3639.0,3100.375
2009-02-10,2408.6,3590.6,3098.85,2432.0,3643.0,3127.2083333333335
2009-02-11,2250.6,3440.0,2947.554166666667,2336.0,3407.0,2951.625
2009-02-12,2200.3,3490.0,2948.6708333333336,2177.0,3457.0,2911.8333333333335
2009-02-13,2292.3,3571.1,3052.691666666667,2254.0,3503.0,2998.2916666666665
2009-02-14,2380.2,3312.6,2860.116666666667,2430.0,3206.0,2827.7916666666665
2009-02-15,2330.4,3314.0,2765.929166666667,2353.0,3165.0,2718.5416666666665
2009-02-16,2341.7,3497.4,2994.429166666667,2365.0,3408.0,2904.375
2009-02-17,2369.7,3665.0,3117.9833333333336,2406.0,3527.0,3052.0
2009-02-18,2368.0,3651.4,3122.9791666666665,2427.0,3540.0,3060.9166666666665
2009-02-19,2279.1,3488.0,2992.8958333333335,2323.0,3396.0,2963.0833333333335
2009-02-20,2328.7,3452.0,3013.808333333333,2418.0,3580.0,3102.4583333333335
2009-02-21,2358.2,3181.5,2793.3250000000003,2441.0,3223.0,2837.8333333333335
2009-02-22,2279.3,3165.9,2695.241666666667,2330.0,3339.0,2790.375
2009-02-23,2294.0,3581.5,3036.4625,2390.0,3718.0,3138.375
2009-02-24,2419.5,3607.9,3094.116666666667,2543.0,3655.0,3181.0
2009-02-25,2426.5,3559.4,3092.3458333333333,2489.0,3590.0,3123.875
2009-02-26,2358.3,3413.0,2980.6875,2407.0,3507.0,3057.4166666666665
2009-02-27,2292.2,3330.3,2927.191666666667,2291.0,3254.0,2869.2916666666665
2009-02-28,2187.7,3094.2,2687.8958333333335,2090.0,3157.0,2645.5416666666665
2009-03-01,2256.4,3154.8,2693.704166666667,2298.0,3506.0,2882.7916666666665
2009-03-02,2350.3,3616.9,3091.7041666666664,2482.0,3804.0,3231.1666666666665
2009-03-03,2510.1,3753.7,3226.3375,2585.0,3773.0,3254.1666666666665
2009-03-04,2597.0,3716.3,3245.991666666667,2649.0,3696.0,3246.6666666666665
2009-03-05,2618.9,3612.9,3214.945833333333,2547.0,3539.0,3115.5
2009-03-06,2309.1,3350.4,2947.195833333333,2361.0,3325.0,2949.6666666666665
2009-03-07,2142.2,3017.8,2617.733333333333,2189.0,2990.0,2589.5
2009-03-08,0.0,2960.8,2435.133333333333,0.0,2990.0,2388.2916666666665
2009-03-09,2179.0,3364.8,2910.183333333333,2093.0,3521.0,2986.25
2009-03-10,2267.7,3454.5,2980.8541666666665,2334.0,3388.0,2959.5416666666665
2009-03-11,2231.1,3348.8,2927.1458333333335,2258.0,3371.0,2972.5833333333335
2009-03-12,2228.9,3383.2,2952.179166666667,2246.0,3375.0,2953.0416666666665
2009-03-13,2314.1,3348.4,2989.625,2386.0,3375.0,3000.75
2009-03-14,2245.3,2956.4,2638.116666666667,2348.0,2948.0,2682.5833333333335
2009-03-15,2097.7,2994.1,2526.070833333333,2179.0,2957.0,2542.4583333333335
2009-03-16,2190.0,3387.4,2929.7916666666665,2155.0,3375.0,2909.625
2009-03-17,2229.5,3281.4,2887.7000000000003,2283.0,3240.0,2888.5833333333335
2009-03-18,2168.3,3171.0,2820.5166666666664,2227.0,3208.0,2842.7916666666665
2009-03-19,2089.0,3223.7,2814.8624999999997,2103.0,3231.0,2841.25
2009-03-20,2152.1,3220.9,2849.5791666666664,2203.0,3191.0,2849.6666666666665
2009-03-21,2241.9,2943.8,2632.7541666666666,2284.0,2948.0,2662.375
2009-03-22,2118.9,2892.3,2502.475,2219.0,3056.0,2618.9166666666665
2009-03-23,2182.7,3318.8,2903.433333333333,2287.0,3469.0,3020.5416666666665
2009-03-24,2276.6,3263.6,2897.316666666667,2451.0,3376.0,3021.2083333333335
2009-03-25,2257.2,3257.0,2897.9500000000003,2290.0,3211.0,2887.7916666666665
2009-03-26,2107.1,3108.7,2759.2708333333335,2223.0,3228.0,2849.4583333333335
2009-03-27,2113.4,3123.5,2776.7999999999997,2150.0,3164.0,2765.7916666666665
2009-03-28,2084.8,2807.9,2516.2791666666667,2077.0,2849.0,2504.2083333333335
2009-03-29,2033.4,2842.0,2461.7875,2049.0,3028.0,2574.5
2009-03-30,2066.2,3177.1,2769.6416666666664,2112.0,3292.0,2873.0416666666665
2009-03-31,2111.0,3164.1,2790.6541666666667,2172.0,3144.0,2798.4166666666665
2009-04-01,2111.2,3182.2,2815.6541666666667,2156.0,3273.0,2851.0833333333335
2009-04-02,2082.0,3126.7,2782.2875,2128.0,3138.0,2785.0
2009-04-03,2021.5,3149.6,2753.125,2045.0,3173.0,2763.8333333333335
2009-04-04,2045.6,2803.8,2499.5416666666665,1961.0,2800.0,2430.4166666666665
2009-04-05,2050.1,2811.3,2444.420833333333,2065.0,2860.0,2440.7916666666665
2009-04-06,2076.1,3182.7,2788.6708333333336,2031.0,3335.0,2833.4166666666665
2009-04-07,2085.1,3190.8,2820.7166666666667,2089.0,3201.0,2798.4166666666665
2009-04-08,2135.6,3155.3,2815.0125000000003,2165.0,3204.0,2846.4583333333335
2009-04-09,2116.9,3097.7,2768.9249999999997,2156.0,3087.0,2760.25
2009-04-10,2025.2,3016.1,2653.641666666667,2061.0,3022.0,2659.3333333333335
2009-04-11,2028.0,2798.4,2477.7916666666665,1982.0,2936.0,2558.0
2009-04-12,2060.3,2820.2,2450.1208333333334,2077.0,2925.0,2465.1666666666665
2009-04-13,2102.7,3139.5,2781.0333333333333,2180.0,3181.0,2809.0833333333335
2009-04-14,2106.8,3089.7,2764.741666666667,2100.0,3051.0,2730.875
2009-04-15,2067.5,3091.0,2745.2083333333335,2065.0,3065.0,2719.375
2009-04-16,2076.1,3093.7,2748.3333333333335,2104.0,3059.0,2726.3333333333335
2009-04-17,2060.6,3167.2,2754.0750000000003,2068.0,3037.0,2682.0
2009-04-18,1971.7,2725.6,2413.920833333333,1977.0,2712.0,2416.7916666666665
2009-04-19,1971.1,2823.3,2398.4958333333334,1939.0,2722.0,2324.7083333333335
2009-04-20,2068.5,3106.0,2749.0625,2012.0,2989.0,2610.75
2009-04-21,2048.3,3088.1,2724.0375,2067.0,3145.0,2763.75
2009-04-22,1987.8,3042.3,2670.4041666666667,2031.0,3065.0,2691.0416666666665
2009-04-23,1982.8,3029.3,2673.1041666666665,2013.0,3005.0,2656.7083333333335
2009-04-24,2018.6,3002.5,2641.2125,2028.0,3019.0,2649.1666666666665
2009-04-25,1984.7,2860.6,2505.5625,1954.0,2906.0,2503.9583333333335
2009-04-26,1995.3,2869.8,2468.9,2048.0,2994.0,2579.7916666666665
2009-04-27,1992.1,3205.2,2760.8125,1989.0,3181.0,2746.8333333333335
2009-04-28,2014.5,3453.8,2900.4583333333335,2041.0,3883.0,3098.75
2009-04-29,2018.4,3099.9,2711.6124999999997,2050.0,3077.0,2707.0416666666665
2009-04-30,1969.5,3038.3,2658.0291666666667,1967.0,3113.0,2679.8333333333335
2009-05-01,1959.1,3131.1,2689.9874999999997,1973.0,3186.0,2735.4166666666665
2009-05-02,1919.2,2749.2,2407.75,2017.0,2762.0,2453.2083333333335
2009-05-03,1889.9,2708.8,2330.570833333333,1899.0,2778.0,2345.2916666666665
2009-05-04,1937.5,3109.4,2689.2291666666665,1921.0,3126.0,2686.4166666666665
2009-05-05,1956.2,3285.4,2815.9208333333336,1968.0,3111.0,2704.875
2009-05-06,2003.8,3088.4,2697.7166666666667,1972.0,3059.0,2694.125
2009-05-07,1963.5,3333.2,2820.3125,1974.0,3209.0,2760.3333333333335
2009-05-08,1967.2,3114.2,2697.733333333333,1996.0,3244.0,2764.25
2009-05-09,1942.2,2971.0,2538.016666666667,2014.0,2900.0,2536.0416666666665
2009-05-10,1859.8,2844.3,2425.366666666667,1932.0,2728.0,2354.4166666666665
2009-05-11,1930.4,3164.5,2709.7625000000003,1902.0,3081.0,2637.6666666666665
2009-05-12,1962.3,3086.0,2683.8833333333337,1932.0,3072.0,2653.5416666666665
2009-05-13,1960.5,3080.3,2673.1916666666666,1933.0,3155.0,2689.625
2009-05-14,1979.4,3096.3,2687.054166666667,1940.0,3098.0,2692.5833333333335
2009-05-15,1969.4,3229.7,2760.5,2004.0,3253.0,2767.7916666666665
2009-05-16,1926.9,2666.3,2390.6124999999997,1992.0,2805.0,2470.2916666666665
2009-05-17,1822.9,2738.5,2340.875,2028.0,2785.0,2423.2916666666665
2009-05-18,1914.2,3032.5,2633.491666666667,1908.0,3025.0,2623.9166666666665
2009-05-19,1990.9,3105.4,2701.1375000000003,1953.0,3096.0,2676.4166666666665
2009-05-20,1989.9,3178.3,2732.975,1942.0,3353.0,2809.0833333333335
2009-05-21,2006.8,3568.4,2937.433333333333,2031.0,3808.0,3051.5
2009-05-22,2171.0,3697.1,3066.1625,2121.0,3801.0,3096.125
2009-05-23,1978.2,2795.7,2469.6666666666665,2112.0,2684.0,2460.5
2009-05-24,1898.9,2762.9,2400.0208333333335,1908.0,2806.0,2433.2916666666665
2009-05-25,1853.0,2723.2,2376.633333333333,2005.0,2921.0,2542.1666666666665
2009-05-26,1936.2,3196.7,2709.2000000000003,1935.0,3070.0,2648.75
2009-05-27,1945.6,3165.8,2713.9083333333333,1937.0,3075.0,2665.0416666666665
2009-05-28,1972.9,3200.9,2736.566666666667,1950.0,3068.0,2678.375
2009-05-29,1988.7,3156.6,2701.454166666667,1966.0,3097.0,2670.625
2009-05-30,1986.0,2765.3,2452.5625,1968.0,2850.0,2496.625
2009-05-31,1868.7,2719.5,2352.7999999999997,1891.0,2792.0,2427.75
2009-06-01,1888.8,3184.2,2670.8458333333333,1911.0,3145.0,2682.5833333333335
2009-06-02,2040.1,3432.6,2857.620833333333,1975.0,3408.0,2845.6666666666665
2009-06-03,2006.0,3406.6,2814.5208333333335,2042.0,3305.0,2799.7916666666665
2009-06-04,1975.5,3228.9,2741.316666666667,2010.0,3371.0,2827.4583333333335
2009-06-05,1982.6,3137.2,2675.358333333333,2046.0,3249.0,2740.6666666666665
2009-06-06,1932.9,2747.0,2425.1916666666666,1963.0,2769.0,2470.0833333333335
2009-06-07,1893.6,2806.0,2422.9625,1968.0,2894.0,2500.9166666666665
2009-06-08,1956.7,3255.3,2754.875,2030.0,3341.0,2833.5833333333335
2009-06-09,2019.0,3215.7,2750.2958333333336,2058.0,3203.0,2767.2083333333335
2009-06-10,2002.2,3205.5,2750.4541666666664,1978.0,3155.0,2716.7916666666665
2009-06-11,2015.7,3243.0,2770.9500000000003,1989.0,3129.0,2709.5
2009-06-12,2015.8,3357.5,2825.7333333333336,1991.0,3323.0,2805.2916666666665
2009-06-13,2023.6,2891.8,2546.445833333333,2057.0,2942.0,2589.0416666666665
2009-06-14,1943.1,2798.9,2441.4166666666665,2014.0,2761.0,2442.8333333333335
2009-06-15,1998.6,3235.6,2757.683333333333,1984.0,3211.0,2735.7916666666665
2009-06-16,1981.5,3224.0,2753.058333333333,1984.0,3199.0,2733.875
2009-06-17,2020.5,3280.6,2784.7374999999997,1967.0,3302.0,2776.375
2009-06-18,2026.6,3268.3,2776.945833333333,1999.0,3276.0,2789.75
2009-06-19,2057.8,3303.6,2801.275,2094.0,3413.0,2901.7083333333335
2009-06-20,2027.3,2922.0,2550.3458333333333,2079.0,3051.0,2659.9166666666665
2009-06-21,1963.6,2757.4,2434.975,2054.0,2848.0,2505.75
2009-06-22,2023.5,3225.3,2754.4166666666665,2069.0,3308.0,2839.5833333333335
2009-06-23,2045.5,3258.5,2789.8416666666667,2076.0,3312.0,2857.0833333333335
2009-06-24,2070.1,3356.4,2852.0916666666667,2048.0,3266.0,2815.5833333333335
2009-06-25,2101.5,3544.6,2953.9874999999997,2083.0,3554.0,2988.25
2009-06-26,2217.6,3757.1,3110.7833333333333,2237.0,3888.0,3178.6666666666665
2009-06-27,2142.5,3110.5,2709.7375,2247.0,3304.0,2796.75
2009-06-28,2042.6,2877.7,2534.195833333333,2074.0,2835.0,2525.6666666666665
2009-06-29,2088.5,3429.0,2889.2791666666667,2090.0,3588.0,2993.4583333333335
2009-06-30,2119.1,3494.6,2932.304166666667,2174.0,3410.0,2909.5416666666665
2009-07-01,2188.4,3543.5,2994.0875,2102.0,3298.0,2837.625
2009-07-02,2103.1,3356.2,2860.3333333333335,2050.0,3332.0,2792.7916666666665
2009-07-03,2086.0,3176.2,2712.4791666666665,2024.0,3055.0,2634.3333333333335
2009-07-04,2101.0,3019.4,2642.8875000000003,2034.0,2856.0,2501.25
2009-07-05,1974.7,2972.1,2575.0041666666666,1936.0,2853.0,2483.125
2009-07-06,2059.8,3369.2,2866.7958333333336,2089.0,3578.0,2980.7916666666665
2009-07-07,2165.9,3491.3,2963.8250000000003,2186.0,3423.0,2909.6666666666665
2009-07-08,2115.1,3435.0,2915.1041666666665,2096.0,3338.0,2833.7916666666665
2009-07-09,2068.5,3288.5,2813.6875,2026.0,3238.0,2772.5
2009-07-10,2081.1,3356.0,2837.1541666666667,2027.0,3348.0,2819.125
2009-07-11,2032.7,2999.6,2620.141666666667,2051.0,3045.0,2616.0833333333335
2009-07-12,2136.6,3112.5,2695.266666666667,2099.0,3015.0,2643.9166666666665
2009-07-13,2138.1,3564.0,2973.441666666667,2096.0,3501.0,2940.3333333333335
2009-07-14,2165.1,3571.0,2994.1,2104.0,3474.0,2910.0833333333335
2009-07-15,2155.0,3573.3,2991.0958333333333,2104.0,3596.0,2992.2083333333335
2009-07-16,2247.5,3805.8,3157.3875000000003,2239.0,3856.0,3214.7083333333335
2009-07-17,2330.4,3957.3,3277.0916666666667,2449.0,4149.0,3395.875
2009-07-18,2285.9,3279.6,2859.1749999999997,2482.0,3667.0,3132.2916666666665
2009-07-19,2179.9,3172.7,2742.9625,2226.0,3240.0,2848.0833333333335
2009-07-20,2198.3,3611.9,3030.9375,2326.0,3926.0,3279.0
2009-07-21,2267.1,3550.5,3033.9666666666667,2419.0,3548.0,3094.0416666666665
2009-07-22,2213.4,3724.8,3104.2333333333336,2224.0,3712.0,3113.9583333333335
2009-07-23,2284.9,3665.2,3101.4,2325.0,3714.0,3079.5
2009-07-24,2206.2,3500.7,2959.0208333333335,2195.0,3401.0,2922.3333333333335
2009-07-25,2188.4,3269.1,2842.933333333333,2160.0,3359.0,2869.0416666666665
2009-07-26,2234.4,3337.3,2879.0916666666667,2379.0,3757.0,3135.875
2009-07-27,2398.0,4090.9,3370.629166666667,2638.0,4595.0,3767.5416666666665
2009-07-28,2560.8,4269.0,3528.15,2702.0,4637.0,3817.5416666666665
2009-07-29,2585.4,4409.4,3607.691666666667,2838.0,4654.0,3851.2083333333335
2009-07-30,2565.9,4383.2,3592.070833333333,2869.0,4609.0,3843.5
2009-07-31,2531.7,4160.5,3439.7166666666667,2581.0,4100.0,3422.2916666666665
2009-08-01,2298.8,3479.6,2983.3416666666667,2406.0,3627.0,3113.0416666666665
2009-08-02,2206.4,3349.9,2865.508333333333,2380.0,3475.0,2975.0416666666665
2009-08-03,2333.0,4150.2,3391.179166666667,2574.0,4372.0,3603.0
2009-08-04,2392.8,4308.3,3491.491666666667,2578.0,4479.0,3652.125
2009-08-05,2496.0,4435.8,3597.3416666666667,2714.0,4767.0,3824.125
2009-08-06,2380.3,3926.0,3286.366666666667,2514.0,3906.0,3335.25
2009-08-07,2239.0,3672.1,3076.491666666667,2364.0,3719.0,3126.5833333333335
2009-08-08,2142.8,3133.2,2729.5583333333334,2158.0,2983.0,2662.5
2009-08-09,1991.1,2950.8,2546.516666666667,2073.0,3004.0,2604.0416666666665
2009-08-10,2353.4,4319.0,3466.9375,2351.0,4636.0,3681.625
2009-08-11,2526.7,4258.1,3530.6,2870.0,4605.0,3815.1666666666665
2009-08-12,2400.2,3947.5,3305.1541666666667,2588.0,3810.0,3309.25
2009-08-13,2231.9,3693.8,3087.570833333333,2414.0,3583.0,3113.9166666666665
2009-08-14,2202.9,3778.0,3117.0333333333333,2226.0,4081.0,3275.1666666666665
2009-08-15,2236.4,3548.0,2999.6541666666667,2461.0,3961.0,3325.0416666666665
2009-08-16,2291.0,3550.0,3005.945833333333,2607.0,4152.0,3492.1666666666665
2009-08-17,2465.2,4373.2,3539.2208333333333,2910.0,4976.0,4114.291666666667
2009-08-18,2692.3,4641.9,3794.0958333333333,3066.0,5134.0,4207.666666666667
2009-08-19,2625.8,4538.8,3729.1,3054.0,5025.0,4161.666666666667
2009-08-20,2561.9,4307.2,3555.1875,3016.0,4643.0,3912.8333333333335
2009-08-21,2542.4,4350.8,3585.8333333333335,3005.0,5115.0,4159.916666666667
2009-08-22,2546.7,3810.9,3247.3250000000003,3103.0,4368.0,3784.3333333333335
2009-08-23,2318.1,3373.5,2922.35,2817.0,4090.0,3528.75
2009-08-24,2349.2,3950.4,3297.9083333333333,2860.0,4470.0,3766.7916666666665
2009-08-25,2455.4,4128.9,3423.8541666666665,2667.0,4382.0,3644.3333333333335
2009-08-26,2480.5,4420.2,3561.8416666666667,2659.0,4514.0,3674.6666666666665
2009-08-27,2421.2,3706.4,3172.475,2401.0,3587.0,3086.7083333333335
2009-08-28,2180.8,3448.9,2936.8250000000003,2217.0,3433.0,2934.0416666666665
2009-08-29,2138.2,3079.5,2695.6875,2111.0,3028.0,2624.625
2009-08-30,2169.1,3239.3,2772.5,2003.0,3158.0,2577.5416666666665
2009-08-31,2244.0,3641.3,3074.879166666667,2186.0,3376.0,2908.7916666666665
2009-09-01,2063.6,3461.9,2922.758333333333,2060.0,3364.0,2851.1666666666665
2009-09-02,2088.7,3450.8,2916.1083333333336,2072.0,3484.0,2918.0833333333335
2009-09-03,2103.6,3524.9,2963.4249999999997,2118.0,3575.0,2983.5833333333335
2009-09-04,2130.8,3559.3,2977.0125000000003,2135.0,3651.0,3008.2916666666665
2009-09-05,2106.4,3066.1,2678.0833333333335,2177.0,3116.0,2738.4583333333335
2009-09-06,1999.7,2897.3,2489.5375,2046.0,2669.0,2416.0833333333335
2009-09-07,1958.3,2956.0,2536.275,1954.0,2983.0,2500.6666666666665
2009-09-08,2120.0,3508.9,2959.3250000000003,2055.0,3502.0,2928.625
2009-09-09,2081.6,3428.2,2871.691666666667,2169.0,3361.0,2893.2916666666665
2009-09-10,2013.3,3240.8,2761.433333333333,2052.0,3238.0,2797.2083333333335
2009-09-11,1995.4,3044.7,2668.516666666667,2019.0,3218.0,2784.5
2009-09-12,1969.4,2857.7,2499.4583333333335,2061.0,2992.0,2617.8333333333335
2009-09-13,1910.7,2832.7,2442.329166666667,2050.0,3171.0,2624.5416666666665
2009-09-14,2039.1,3380.0,2851.4249999999997,2068.0,3433.0,2915.25
2009-09-15,2092.3,3448.8,2911.125,2091.0,3486.0,2949.75
2009-09-16,2003.5,3189.8,2743.1749999999997,2093.0,3203.0,2803.5833333333335
2009-09-17,1978.5,3170.6,2729.6916666666666,1997.0,3132.0,2734.5416666666665
2009-09-18,2046.8,3212.4,2771.8291666666664,1983.0,3239.0,2755.75
2009-09-19,1979.8,2784.3,2462.2458333333334,1960.0,2801.0,2435.625
2009-09-20,1953.2,2809.6,2426.2833333333333,1907.0,2926.0,2407.0833333333335
2009-09-21,1990.9,3255.2,2780.4,1944.0,3320.0,2794.7916666666665
2009-09-22,2054.5,3405.9,2899.4041666666667,2030.0,3455.0,2926.4166666666665
2009-09-23,2124.9,3602.9,3023.3375,2162.0,3734.0,3137.875
2009-09-24,2106.4,3507.2,2933.3291666666664,2410.0,3801.0,3200.125
2009-09-25,1983.4,3187.3,2723.1875,2084.0,3187.0,2759.9166666666665
2009-09-26,1945.3,2777.2,2436.775,1953.0,2793.0,2421.7916666666665
2009-09-27,1893.4,2767.4,2375.616666666667,1925.0,3017.0,2493.9166666666665
2009-09-28,2003.6,3279.8,2822.429166666667,2067.0,3386.0,2884.0416666666665
2009-09-29,2025.4,3241.7,2792.129166666667,2056.0,3262.0,2825.1666666666665
2009-09-30,1990.6,3180.2,2747.9666666666667,2002.0,3146.0,2733.0
2009-10-01,1994.6,3123.8,2732.4625,1969.0,3147.0,2693.3333333333335
2009-10-02,1988.7,3115.1,2717.0333333333333,1989.0,3044.0,2681.6666666666665
2009-10-03,1930.8,2756.5,2432.4,1973.0,2973.0,2579.875
2009-10-04,1915.5,2781.0,2387.295833333333,2003.0,3004.0,2493.0416666666665
2009-10-05,1928.2,3096.8,2681.85,1955.0,3202.0,2740.875
2009-10-06,1949.1,3110.3,2688.445833333333,1965.0,3205.0,2733.7083333333335
2009-10-07,1946.8,3068.1,2669.516666666667,1987.0,3264.0,2770.4166666666665
2009-10-08,1931.9,3112.5,2682.2833333333333,1972.0,3147.0,2713.875
2009-10-09,1919.2,3041.5,2639.7708333333335,1969.0,3154.0,2716.9166666666665
2009-10-10,1905.0,2760.4,2401.525,2009.0,2764.0,2449.5833333333335
2009-10-11,1887.7,2822.0,2345.2625,1909.0,2766.0,2340.2083333333335
2009-10-12,1926.6,3056.0,2609.0583333333334,1937.0,3074.0,2565.0
2009-10-13,1988.9,3113.1,2700.6583333333333,1959.0,3248.0,2758.4166666666665
2009-10-14,2027.7,3262.6,2785.4125,2060.0,3247.0,2773.0
2009-10-15,2061.5,3227.7,2787.6083333333336,2109.0,3339.0,2844.5416666666665
2009-10-16,2043.4,3221.1,2792.0833333333335,2123.0,3237.0,2839.2916666666665
2009-10-17,1997.3,2847.0,2485.758333333333,2109.0,2958.0,2569.4583333333335
2009-10-18,1928.7,2865.2,2404.125,2018.0,3214.0,2622.0833333333335
2009-10-19,1977.8,3167.1,2702.545833333333,2165.0,3302.0,2858.125
2009-10-20,2016.6,3152.4,2725.295833333333,2144.0,3297.0,2842.7083333333335
2009-10-21,1949.5,3107.3,2667.7916666666665,2043.0,3284.0,2803.2916666666665
2009-10-22,1940.9,3110.3,2673.15,2025.0,3299.0,2794.375
2009-10-23,1952.7,3155.2,2701.9625,2013.0,3191.0,2735.3333333333335
2009-10-24,1944.3,2812.8,2425.391666666667,2038.0,3054.0,2591.1666666666665
2009-10-25,1889.1,2757.0,2333.1625,1998.0,2938.0,2436.4166666666665
2009-10-26,2012.2,3222.3,2739.6666666666665,1960.0,3268.0,2740.9583333333335
2009-10-27,2026.8,3201.6,2755.3375,2028.0,3329.0,2816.75
2009-10-28,2006.8,3220.4,2750.4166666666665,2035.0,3379.0,2844.2083333333335
2009-10-29,2041.6,3235.8,2773.495833333333,2062.0,3266.0,2790.125
2009-10-30,2039.4,3139.3,2740.6749999999997,2054.0,3174.0,2744.5
2009-10-31,1948.6,2849.3,2462.5041666666666,2018.0,2980.0,2555.0416666666665
2009-11-01,1906.2,3902.4,2452.5416666666665,1931.0,4057.0,2522.5
2009-11-02,2006.0,3284.4,2767.0750000000003,1995.0,3422.0,2783.0833333333335
2009-11-03,2025.8,3228.1,2761.5166666666664,2059.0,3375.0,2782.0416666666665
2009-11-04,2071.9,3340.2,2820.0375,2063.0,3407.0,2797.9583333333335
2009-11-05,2066.4,3313.8,2814.9249999999997,2083.0,3436.0,2840.0416666666665
2009-11-06,2074.9,3293.4,2789.5208333333335,2134.0,3381.0,2838.6666666666665
2009-11-07,2099.2,2983.6,2572.4291666666663,2167.0,3058.0,2606.7083333333335
2009-11-08,1958.9,2975.5,2455.641666666667,2038.0,3026.0,2479.4583333333335
2009-11-09,1982.8,3260.4,2727.9333333333334,2010.0,3425.0,2794.5416666666665
2009-11-10,1963.1,3231.7,2722.225,2011.0,3355.0,2763.7083333333335
2009-11-11,1992.5,3313.4,2746.3958333333335,1995.0,3355.0,2713.0833333333335
2009-11-12,2050.7,3478.7,2802.9791666666665,2078.0,3408.0,2805.625
2009-11-13,2037.0,3276.0,2760.945833333333,2084.0,3348.0,2796.1666666666665
2009-11-14,1976.1,2882.9,2478.9874999999997,2024.0,3101.0,2611.8333333333335
2009-11-15,1914.7,2870.1,2390.85,1977.0,3071.0,2492.0416666666665
2009-11-16,1955.9,3262.4,2712.616666666667,1975.0,3362.0,2744.7916666666665
2009-11-17,2045.4,3378.3,2808.633333333333,2067.0,3408.0,2801.6666666666665
2009-11-18,2082.6,3353.6,2797.0916666666667,2151.0,3441.0,2867.0833333333335
2009-11-19,2059.8,3335.8,2775.4041666666667,2166.0,3418.0,2856.7083333333335
2009-11-20,1967.5,3194.0,2682.2083333333335,2061.0,3308.0,2805.75
2009-11-21,1973.9,2905.2,2492.4333333333334,2032.0,3012.0,2530.0416666666665
2009-11-22,1974.2,3020.9,2481.204166666667,2028.0,3106.0,2534.6666666666665
2009-11-23,2013.2,3374.2,2770.2333333333336,2052.0,3477.0,2854.4583333333335
2009-11-24,2016.7,3388.3,2779.629166666667,2070.0,3435.0,2854.5
2009-11-25,2029.8,3298.1,2740.2291666666665,2062.0,3350.0,2792.6666666666665
2009-11-26,1914.6,2786.9,2415.9708333333333,1990.0,2747.0,2412.6666666666665
2009-11-27,1920.5,3101.9,2556.1666666666665,1986.0,3151.0,2613.6666666666665
2009-11-28,2013.4,2962.5,2509.6375000000003,2070.0,3017.0,2547.75
2009-11-29,2034.8,3033.2,2502.954166666667,2052.0,3092.0,2511.3333333333335
2009-11-30,2048.2,3370.6,2776.316666666667,2027.0,3491.0,2855.2083333333335
2009-12-01,2095.9,3487.6,2857.7833333333333,2161.0,3560.0,2927.5416666666665
2009-12-02,2116.7,3417.4,2845.9708333333333,2212.0,3508.0,2918.2083333333335
2009-12-03,2001.6,3302.8,2729.875,2099.0,3431.0,2855.5416666666665
2009-12-04,2033.8,3320.1,2758.6708333333336,2038.0,3362.0,2778.5
2009-12-05,2080.5,3097.6,2607.5125000000003,2076.0,3288.0,2712.4583333333335
2009-12-06,2128.9,3212.8,2631.7083333333335,2224.0,3391.0,2750.0416666666665
2009-12-07,2144.9,3514.7,2898.6458333333335,2287.0,3725.0,3081.0416666666665
2009-12-08,2216.6,3684.3,2985.6541666666667,2311.0,3682.0,3059.0833333333335
2009-12-09,2215.3,3620.6,2975.195833333333,2320.0,3744.0,3149.0833333333335
2009-12-10,2197.0,3643.7,3001.0791666666664,2253.0,3670.0,3030.625
2009-12-11,2356.3,3809.0,3121.8458333333333,2414.0,3870.0,3214.2916666666665
2009-12-12,2308.4,3411.8,2849.5416666666665,2518.0,3526.0,3014.0
2009-12-13,2273.1,3314.6,2736.85,2430.0,3446.0,2902.3333333333335
2009-12-14,2187.6,3564.0,2943.945833333333,2264.0,3693.0,3044.3333333333335
2009-12-15,2177.6,3569.3,2941.5208333333335,2236.0,3620.0,3001.75
2009-12-16,2293.9,3729.9,3090.4208333333336,2280.0,3835.0,3146.9583333333335
2009-12-17,2443.9,3922.6,3221.504166666667,2479.0,4069.0,3381.3333333333335
2009-12-18,2450.2,3852.7,3205.2125,2785.0,3962.0,3441.0
2009-12-19,2416.6,3514.2,2932.6083333333336,2636.0,3686.0,3178.2916666666665
2009-12-20,2313.7,3485.9,2848.120833333333,2587.0,3840.0,3187.9583333333335
2009-12-21,2345.7,3607.3,3042.475,2624.0,3954.0,3346.5
2009-12-22,2468.8,3878.0,3234.1375000000003,2592.0,3910.0,3323.25
2009-12-23,2485.9,3901.6,3226.4791666666665,2639.0,3946.0,3361.375
2009-12-24,2384.4,3520.0,3007.75,2572.0,3494.0,3074.0
2009-12-25,2192.7,3202.3,2708.366666666667,2382.0,3070.0,2768.9583333333335
2009-12-26,2207.1,3197.5,2717.0916666666667,2291.0,3258.0,2783.625
2009-12-27,2118.1,3201.7,2623.75,2180.0,3138.0,2642.9583333333335
2009-12-28,2250.4,3648.2,3011.4708333333333,2252.0,3640.0,3013.0833333333335
2009-12-29,2346.1,3841.4,3158.620833333333,2394.0,4048.0,3278.2083333333335
2009-12-30,2507.0,3804.9,3199.9500000000003,2788.0,3865.0,3357.5833333333335
2009-12-31,2344.6,3484.1,2962.3875000000003,2512.0,3680.0,3137.7916666666665
2010-01-01,2205.8,3263.7,2736.9041666666667,2428.0,3327.0,2843.7083333333335
2010-01-02,2234.6,3224.3,2730.570833333333,2369.0,3520.0,2953.2916666666665
2010-01-03,2244.8,3247.5,2706.4083333333333,2569.0,3670.0,3052.0
2010-01-04,2287.4,3439.1,2968.3458333333333,2450.0,3803.0,3203.2083333333335
2010-01-05,2432.3,3716.9,3159.2666666666664,2470.0,3762.0,3196.5416666666665
2010-01-06,2441.3,3690.7,3151.183333333333,2466.0,3809.0,3200.8333333333335
2010-01-07,2467.0,3719.9,3172.0875,2494.0,3697.0,3166.6666666666665
2010-01-08,2476.5,3725.9,3184.7208333333333,2451.0,3774.0,3208.6666666666665
2010-01-09,2487.5,3496.7,2984.0750000000003,2532.0,3577.0,3063.0416666666665
2010-01-10,2572.1,3669.3,3027.2708333333335,2668.0,3642.0,3103.0
2010-01-11,2495.9,3826.6,3240.3250000000003,2637.0,3822.0,3294.125
2010-01-12,2478.1,3769.6,3228.941666666667,2491.0,3851.0,3247.4166666666665
2010-01-13,2570.8,3834.0,3285.7999999999997,2658.0,3918.0,3362.0833333333335
2010-01-14,2488.5,3765.7,3213.191666666667,2561.0,3727.0,3222.2916666666665
2010-01-15,2388.8,3514.8,3046.1041666666665,2428.0,3544.0,3069.9166666666665
2010-01-16,2261.5,3116.3,2735.2083333333335,2316.0,3173.0,2755.6666666666665
2010-01-17,2253.0,3290.7,2727.1749999999997,2269.0,3243.0,2734.6666666666665
2010-01-18,2334.4,3599.2,3024.9500000000003,2339.0,3719.0,3076.5
2010-01-19,2349.9,3662.4,3092.1666666666665,2364.0,3719.0,3138.0
2010-01-20,2366.5,3626.0,3091.804166666667,2365.0,3684.0,3101.25
2010-01-21,2443.4,3777.5,3173.0750000000003,2416.0,3611.0,3095.7083333333335
2010-01-22,2453.1,3630.4,3139.1,2406.0,3615.0,3105.875
2010-01-23,2394.9,3434.5,2906.375,2430.0,3330.0,2887.0833333333335
2010-01-24,2367.1,3337.3,2810.2833333333333,2404.0,3355.0,2836.2916666666665
2010-01-25,2202.5,3472.7,2934.4083333333333,2247.0,3602.0,2996.2916666666665
2010-01-26,2281.1,3515.5,3008.0499999999997,2163.0,3527.0,2942.8333333333335
2010-01-27,2314.3,3712.7,3094.6625,2312.0,3569.0,3026.5416666666665
2010-01-28,2390.8,3709.7,3147.0166666666664,2355.0,3677.0,3139.125
2010-01-29,2567.3,3896.1,3320.525,2645.0,3959.0,3409.7916666666665
2010-01-30,2607.0,3580.4,3104.225,2835.0,3625.0,3243.8333333333335
2010-01-31,2569.3,3581.0,3002.741666666667,2662.0,3600.0,3073.5
2010-02-01,2565.6,3864.6,3289.9083333333333,2553.0,3769.0,3245.5
2010-02-02,2471.8,3693.4,3188.8291666666664,2526.0,3753.0,3224.5
2010-02-03,2452.4,3752.6,3191.2125,2484.0,3746.0,3206.7083333333335
2010-02-04,2434.3,3799.4,3196.2166666666667,2495.0,3731.0,3203.5
2010-02-05,2461.4,3674.5,3157.1583333333333,2540.0,3636.0,3181.7916666666665
2010-02-06,2476.1,3477.6,2963.0166666666664,2494.0,3541.0,3063.2083333333335
2010-02-07,2480.7,3441.8,2925.683333333333,2622.0,3543.0,3028.7083333333335
2010-02-08,2438.2,3730.4,3192.4083333333333,2549.0,3785.0,3245.75
2010-02-09,2496.3,3729.7,3192.241666666667,2551.0,3617.0,3163.3333333333335
2010-02-10,2396.9,3657.3,3128.4625,2390.0,3790.0,3168.6666666666665
2010-02-11,2453.6,3781.4,3176.4500000000003,2429.0,3563.0,3085.9583333333335
2010-02-12,2430.1,3664.3,3122.508333333333,2433.0,3475.0,3072.625
2010-02-13,2406.4,3405.4,2905.7374999999997,2428.0,3243.0,2856.375
2010-02-14,2339.1,3261.6,2787.570833333333,2361.0,3196.0,2733.875
2010-02-15,2379.0,3503.3,3016.6416666666664,2324.0,3411.0,2901.375
2010-02-16,2391.5,3721.7,3121.054166666667,2333.0,3670.0,3109.2916666666665
2010-02-17,2339.9,3607.4,3079.6416666666664,2423.0,3534.0,3055.4166666666665
2010-02-18,2357.6,3529.2,3051.8541666666665,2348.0,3433.0,2981.2083333333335
2010-02-19,2336.4,3474.7,3006.7833333333333,2342.0,3370.0,2957.9583333333335
2010-02-20,2311.5,3163.6,2761.2083333333335,2296.0,3081.0,2693.75
2010-02-21,2269.7,3199.3,2707.375,2226.0,3266.0,2687.25
2010-02-22,2320.1,3549.3,3019.4208333333336,2323.0,3463.0,2969.1666666666665
2010-02-23,2255.0,3515.2,2995.316666666667,2267.0,3567.0,3011.4166666666665
2010-02-24,2143.3,3515.5,2981.1041666666665,2307.0,3592.0,3068.625
2010-02-25,2238.3,3492.5,2964.1749999999997,2234.0,3541.0,2994.375
2010-02-26,2215.0,3392.3,2907.7916666666665,2142.0,3329.0,2861.625
2010-02-27,2262.7,3206.8,2750.2916666666665,2241.0,3208.0,2746.2083333333335
2010-02-28,2195.2,3108.7,2633.775,2274.0,3310.0,2746.9166666666665
2010-03-01,2219.1,3485.1,2985.3416666666667,2318.0,3514.0,3013.625
2010-03-02,2242.3,3434.7,2952.65,2248.0,3430.0,2918.0833333333335
2010-03-03,2231.4,3508.4,2983.195833333333,2249.0,3601.0,3045.7083333333335
2010-03-04,2274.7,3475.1,2978.7666666666664,2332.0,3559.0,3054.1666666666665
2010-03-05,2239.9,3439.7,2986.8125,2329.0,3340.0,2957.0
2010-03-06,2249.6,3107.5,2701.2541666666666,2307.0,2988.0,2651.375
2010-03-07,2148.6,3068.3,2603.829166666667,2160.0,3031.0,2535.5833333333335
2010-03-08,2139.0,3464.0,2952.754166666667,2107.0,3296.0,2791.7916666666665
2010-03-09,2202.4,3327.3,2874.2208333333333,2112.0,3305.0,2804.8333333333335
2010-03-10,2195.3,3323.0,2866.7166666666667,2202.0,3296.0,2838.9583333333335
2010-03-11,2137.1,3299.0,2850.0291666666667,2170.0,3391.0,2876.2083333333335
2010-03-12,2134.1,3228.4,2814.808333333333,2157.0,3269.0,2841.7916666666665
2010-03-13,2109.5,2922.5,2604.3083333333334,2169.0,3195.0,2726.25
2010-03-14,0.0,2915.6,2439.241666666667,0.0,3242.0,2626.125
2010-03-15,2105.1,3246.8,2825.320833333333,2262.0,3583.0,3079.375
2010-03-16,2172.1,3234.9,2836.3583333333336,2300.0,3251.0,2908.0833333333335
2010-03-17,2090.9,3199.2,2778.7791666666667,2217.0,3147.0,2823.2916666666665
2010-03-18,2070.1,3172.4,2738.9249999999997,2082.0,3135.0,2756.7083333333335
2010-03-19,2008.8,3089.6,2700.383333333333,2039.0,3076.0,2703.7916666666665
2010-03-20,2006.2,2798.7,2452.725,1990.0,2804.0,2459.1666666666665
2010-03-21,1927.8,2865.4,2386.679166666667,1942.0,2919.0,2395.8333333333335
2010-03-22,1993.9,3270.4,2776.629166666667,2023.0,3273.0,2800.8333333333335
2010-03-23,2098.9,3232.5,2791.7791666666667,2120.0,3324.0,2884.7083333333335
2010-03-24,2105.0,3265.4,2831.445833333333,2135.0,3186.0,2821.2083333333335
2010-03-25,2139.4,3209.6,2834.991666666667,2133.0,3124.0,2775.875
2010-03-26,2157.4,3316.8,2910.4,2032.0,3197.0,2789.5833333333335
2010-03-27,2298.3,3084.2,2731.3291666666664,2265.0,2985.0,2678.375
2010-03-28,2164.5,3017.3,2586.2999999999997,2235.0,3049.0,2595.9166666666665
2010-03-29,2092.3,3252.8,2801.3291666666664,2100.0,3267.0,2859.0
2010-03-30,2071.4,3194.7,2798.225,2069.0,3352.0,2901.75
2010-03-31,2074.0,3253.1,2814.4708333333333,2148.0,3243.0,2854.125
2010-04-01,2026.3,3136.1,2760.879166666667,2105.0,3115.0,2757.75
2010-04-02,1935.4,2967.6,2617.8708333333334,2055.0,3049.0,2670.625
2010-04-03,1910.0,2703.1,2387.25,1993.0,2801.0,2476.0833333333335
2010-04-04,1874.3,2676.6,2305.6124999999997,1927.0,2780.0,2355.7916666666665
2010-04-05,1903.7,2979.2,2605.2208333333333,1934.0,3157.0,2721.8333333333335
2010-04-06,1906.1,3036.7,2654.8958333333335,1997.0,3160.0,2737.0416666666665
2010-04-07,1934.4,3230.9,2764.304166666667,1988.0,3390.0,2860.7916666666665
2010-04-08,1935.5,3075.5,2664.8541666666665,2071.0,3117.0,2736.5
2010-04-09,1923.6,3084.8,2649.5416666666665,1990.0,3136.0,2727.4583333333335
2010-04-10,1987.3,2936.3,2513.5,2036.0,2754.0,2463.875
2010-04-11,1901.0,2756.3,2328.7625000000003,1964.0,2833.0,2402.875
2010-04-12,1949.2,3009.6,2654.366666666667,1949.0,3050.0,2676.375
2010-04-13,2013.8,3041.6,2661.4666666666667,2018.0,3044.0,2688.4166666666665
2010-04-14,2011.6,3068.0,2692.5958333333333,2026.0,3048.0,2707.6666666666665
2010-04-15,1950.1,3004.2,2652.1791666666663,1996.0,3045.0,2674.4166666666665
2010-04-16,2001.9,3117.8,2720.016666666667,2040.0,3141.0,2771.75
2010-04-17,1974.3,2945.1,2542.1833333333334,2088.0,2891.0,2581.5
2010-04-18,1992.4,2826.8,2424.0,2061.0,2819.0,2454.75
2010-04-19,1990.3,3066.7,2668.5125000000003,2056.0,2936.0,2626.5833333333335
2010-04-20,1962.1,2981.3,2628.1916666666666,2003.0,3063.0,2679.5416666666665
2010-04-21,1925.6,2966.1,2606.6666666666665,1990.0,3100.0,2686.25
2010-04-22,1944.4,3091.8,2670.108333333333,1976.0,3131.0,2684.7916666666665
2010-04-23,1951.1,3022.3,2651.8791666666666,1979.0,3015.0,2624.7083333333335
2010-04-24,1940.7,2801.1,2430.383333333333,1974.0,2702.0,2402.2916666666665
2010-04-25,1881.2,2791.0,2365.9083333333333,1921.0,2802.0,2360.7916666666665
2010-04-26,1909.4,3053.5,2656.391666666667,1930.0,3044.0,2669.4166666666665
2010-04-27,1964.3,3096.7,2693.1041666666665,1985.0,3121.0,2727.7916666666665
2010-04-28,2029.3,3095.6,2727.616666666667,2088.0,3167.0,2794.875
2010-04-29,2025.8,3025.0,2664.0125000000003,2116.0,3061.0,2729.0833333333335
2010-04-30,1981.4,3127.5,2684.179166666667,2047.0,3073.0,2701.375
2010-05-01,1904.7,2808.8,2415.1124999999997,1968.0,2808.0,2471.7083333333335
2010-05-02,1931.1,2867.1,2443.6124999999997,1950.0,3347.0,2637.25
2010-05-03,1910.5,3242.6,2740.0333333333333,2367.0,3819.0,3196.5
2010-05-04,1961.3,3139.5,2689.9625,2134.0,3574.0,2974.7083333333335
2010-05-05,1962.8,3195.5,2745.1041666666665,2037.0,3403.0,2875.5416666666665
2010-05-06,1958.9,3345.9,2784.2666666666664,2068.0,3421.0,2881.5416666666665
2010-05-07,1947.8,3067.2,2661.7708333333335,2006.0,3179.0,2734.7083333333335
2010-05-08,1903.7,2644.3,2350.7708333333335,1987.0,2858.0,2491.5833333333335
2010-05-09,1897.7,2662.3,2296.85,1943.0,2758.0,2344.0416666666665
2010-05-10,1960.9,3070.9,2676.6749999999997,1991.0,3032.0,2684.875
2010-05-11,1975.8,3075.0,2704.3250000000003,2033.0,3035.0,2701.0833333333335
2010-05-12,1971.1,3292.9,2816.225,2001.0,3078.0,2706.9583333333335
2010-05-13,1977.4,3082.0,2716.2,2031.0,3095.0,2725.2083333333335
2010-05-14,1917.0,3124.1,2619.3083333333334,2000.0,3097.0,2708.5416666666665
2010-05-15,1895.2,2667.2,2364.0,1991.0,2752.0,2461.3333333333335
2010-05-16,1849.5,2673.2,2298.6749999999997,1908.0,2816.0,2403.0416666666665
2010-05-17,1801.7,3121.7,2608.8708333333334,1952.0,3244.0,2750.0416666666665
2010-05-18,1889.4,3055.5,2655.0583333333334,1977.0,3152.0,2718.0
2010-05-19,1902.3,3117.4,2692.3416666666667,2002.0,3116.0,2731.2916666666665
2010-05-20,1923.8,3171.6,2731.933333333333,2000.0,3451.0,2883.375
2010-05-21,1995.7,3315.7,2797.566666666667,2120.0,3285.0,2807.3333333333335
2010-05-22,1907.6,2823.0,2438.3166666666666,1965.0,2862.0,2520.75
2010-05-23,1880.7,2838.2,2387.179166666667,1982.0,2908.0,2505.9583333333335
2010-05-24,1925.9,3202.6,2720.85,2065.0,3796.0,3106.8333333333335
2010-05-25,2071.3,3685.7,3050.2374999999997,2275.0,4361.0,3490.125
2010-05-26,2205.6,3842.9,3187.495833333333,2538.0,4775.0,3760.0
2010-05-27,2159.0,3511.7,2960.7333333333336,2310.0,3591.0,3045.5833333333335
2010-05-28,1965.1,3119.3,2683.2791666666667,2118.0,3377.0,2854.9166666666665
2010-05-29,1933.3,2818.5,2462.0875,2028.0,3029.0,2627.75
2010-05-30,1922.0,3007.3,2536.6749999999997,2106.0,2939.0,2609.5416666666665
2010-05-31,1956.2,2989.1,2558.2541666666666,2099.0,3000.0,2622.5
2010-06-01,2079.0,3582.9,2986.9500000000003,2126.0,4078.0,3241.2083333333335
2010-06-02,2244.3,3833.6,3185.9874999999997,2321.0,3785.0,3192.0
2010-06-03,2210.2,3968.2,3229.8250000000003,2234.0,4147.0,3335.0416666666665
2010-06-04,2251.4,3632.7,3058.2666666666664,2336.0,3964.0,3274.25
2010-06-05,2067.9,3295.9,2786.9166666666665,2356.0,3740.0,3156.4583333333335
2010-06-06,1980.4,2888.0,2521.9625,2457.0,3411.0,2940.5833333333335
2010-06-07,2033.8,3356.9,2845.7875,2080.0,3410.0,2888.5
2010-06-08,2013.5,3296.3,2801.7000000000003,2047.0,3298.0,2821.0
2010-06-09,2021.1,3233.6,2762.754166666667,2006.0,3332.0,2789.8333333333335
2010-06-10,1975.4,3242.0,2757.0625,2011.0,3187.0,2756.9166666666665
2010-06-11,1958.4,3211.6,2722.5375,2015.0,3179.0,2739.1666666666665
2010-06-12,1945.1,2987.5,2566.679166666667,2031.0,2937.0,2576.8333333333335
2010-06-13,2079.0,2980.8,2603.15,2027.0,2870.0,2507.8333333333335
2010-06-14,2105.1,3590.8,2980.695833333333,2042.0,3503.0,2939.7916666666665
2010-06-15,2045.0,3457.4,2877.633333333333,2104.0,3510.0,2954.7083333333335
2010-06-16,2011.9,3272.5,2759.0916666666667,2098.0,3493.0,2926.5416666666665
2010-06-17,2144.3,3583.2,2989.0875,2230.0,3520.0,3009.2083333333335
2010-06-18,2153.6,3962.6,3170.258333333333,2121.0,4068.0,3242.4583333333335
2010-06-19,2307.0,3618.3,3061.508333333333,2296.0,3644.0,3070.7916666666665
2010-06-20,2273.5,3434.2,2939.495833333333,2303.0,3954.0,3221.7083333333335
2010-06-21,2276.0,3956.5,3230.491666666667,2622.0,4443.0,3685.0416666666665
2010-06-22,2279.7,3839.8,3203.0958333333333,2467.0,4016.0,3355.9583333333335
2010-06-23,2274.5,4025.2,3295.0833333333335,2498.0,4456.0,3664.3333333333335
2010-06-24,2479.1,4293.1,3529.320833333333,2643.0,4910.0,3862.3333333333335
2010-06-25,2396.8,3982.8,3300.9666666666667,2548.0,4048.0,3422.6666666666665
2010-06-26,2203.3,3419.6,2931.7291666666665,2419.0,3606.0,3093.375
2010-06-27,2220.2,3350.3,2868.320833333333,2321.0,3508.0,3055.9583333333335
2010-06-28,2409.4,4342.1,3482.3375,2644.0,5027.0,4000.4166666666665
2010-06-29,2541.0,4291.0,3544.4583333333335,2975.0,4727.0,3916.0833333333335
2010-06-30,2317.6,3744.7,3141.875,2438.0,3713.0,3171.7916666666665
2010-07-01,2138.8,3487.9,2949.7708333333335,2173.0,3448.0,2928.0833333333335
2010-07-02,2050.9,3378.3,2829.2333333333336,2105.0,3435.0,2909.9166666666665
2010-07-03,2051.0,3187.6,2747.2166666666667,2123.0,3419.0,2866.375
2010-07-04,2172.3,3594.0,2998.008333333333,2347.0,3635.0,3079.7916666666665
2010-07-05,2366.3,3779.5,3156.7166666666667,2501.0,4348.0,3542.2916666666665
2010-07-06,2654.0,4353.0,3662.879166666667,3002.0,5436.0,4432.833333333333
2010-07-07,2894.0,4676.4,3889.366666666667,3318.0,5261.0,4399.833333333333
2010-07-08,2757.0,4572.4,3790.4791666666665,3241.0,5045.0,4237.541666666667
2010-07-09,2616.6,4323.5,3581.35,3142.0,4945.0,4139.458333333333
2010-07-10,2512.3,3639.5,3161.7666666666664,3034.0,4348.0,3586.5416666666665
2010-07-11,2377.7,3373.9,2961.7666666666664,2613.0,4067.0,3401.2916666666665
2010-07-12,2381.9,4188.3,3430.0958333333333,2792.0,4737.0,3934.625
2010-07-13,2536.8,4260.0,3511.8458333333333,3001.0,4956.0,4105.833333333333
2010-07-14,2583.7,4275.5,3542.183333333333,3039.0,4177.0,3703.7083333333335
2010-07-15,2542.1,4320.7,3543.3333333333335,2583.0,4310.0,3562.4583333333335
2010-07-16,2524.7,4436.0,3604.7833333333333,2659.0,4981.0,3903.2916666666665
2010-07-17,2632.5,3946.2,3376.6583333333333,2844.0,4400.0,3737.9583333333335
2010-07-18,2469.5,3870.4,3291.254166666667,2793.0,4236.0,3625.4583333333335
2010-07-19,2675.7,4524.3,3719.6541666666667,2825.0,4739.0,3912.375
2010-07-20,2719.6,4490.0,3701.9791666666665,2915.0,4339.0,3724.875
2010-07-21,2649.9,4331.5,3571.441666666667,2695.0,4743.0,3845.2083333333335
2010-07-22,2560.4,4378.3,3536.5333333333333,2688.0,4234.0,3590.2916666666665
2010-07-23,2453.1,4042.5,3350.804166666667,2591.0,3967.0,3345.1666666666665
2010-07-24,2433.4,3779.8,3216.4375,2490.0,3987.0,3300.3333333333335
2010-07-25,2535.0,3737.1,3217.5833333333335,2810.0,4114.0,3486.5833333333335
2010-07-26,2476.2,4197.9,3458.241666666667,2490.0,4044.0,3387.9166666666665
2010-07-27,2428.1,4179.9,3407.370833333333,2455.0,4475.0,3586.625
2010-07-28,2485.4,4217.6,3498.2000000000003,2701.0,4802.0,3889.5833333333335
2010-07-29,2646.8,4213.9,3530.1041666666665,3084.0,4727.0,3959.5833333333335
2010-07-30,2359.5,3786.8,3160.5875,2515.0,3820.0,3260.125
2010-07-31,2065.5,3053.6,2679.8,2253.0,3118.0,2783.5416666666665
2010-08-01,2090.3,3027.4,2641.2166666666667,2185.0,3154.0,2760.9583333333335
2010-08-02,2147.5,3692.5,3062.3875000000003,2323.0,3985.0,3290.7083333333335
2010-08-03,2323.6,4074.7,3332.8875000000003,2483.0,4419.0,3601.5
2010-08-04,2529.7,4323.0,3565.3916666666664,2799.0,5028.0,4066.4166666666665
2010-08-05,2708.3,4440.7,3713.3333333333335,3151.0,4952.0,4072.8333333333335
2010-08-06,2541.9,4221.9,3443.8416666666667,2844.0,4365.0,3633.4583333333335
2010-08-07,2234.5,3178.9,2780.6041666666665,2252.0,3138.0,2778.5833333333335
2010-08-08,2167.8,3244.0,2767.5208333333335,2227.0,3587.0,2984.9583333333335
2010-08-09,2333.8,4124.3,3344.1083333333336,2730.0,4884.0,3974.25
2010-08-10,2619.6,4367.8,3603.5375,2988.0,4768.0,3985.3333333333335
2010-08-11,2585.8,4150.6,3467.0916666666667,2848.0,4317.0,3634.125
2010-08-12,2363.3,3840.8,3212.1041666666665,2540.0,4009.0,3356.2916666666665
2010-08-13,2262.2,3641.0,3051.475,2444.0,3776.0,3184.5
2010-08-14,2138.4,3085.9,2689.045833333333,2177.0,3155.0,2766.6666666666665
2010-08-15,2136.6,3097.2,2683.8375,2184.0,3165.0,2734.25
2010-08-16,2323.5,3998.3,3307.179166666667,2404.0,4008.0,3399.875
2010-08-17,2488.1,4188.9,3449.383333333333,2841.0,4683.0,3846.2916666666665
2010-08-18,2479.3,4123.5,3395.558333333333,2626.0,4100.0,3457.7916666666665
2010-08-19,2411.8,4084.3,3342.4666666666667,2492.0,4258.0,3514.3333333333335
2010-08-20,2381.0,3917.9,3231.5125000000003,2650.0,4091.0,3424.6666666666665
2010-08-21,2134.2,3047.3,2665.5750000000003,2225.0,3151.0,2780.875
2010-08-22,2074.2,2961.2,2586.4625,2319.0,3073.0,2752.625
2010-08-23,2197.8,3518.5,2983.2374999999997,2301.0,3430.0,2976.2916666666665
2010-08-24,2076.3,3355.1,2848.2999999999997,2179.0,3335.0,2904.125
2010-08-25,2001.3,3346.1,2806.4125,2188.0,3456.0,2968.6666666666665
2010-08-26,2056.2,3592.5,2946.0166666666664,2208.0,3916.0,3179.7916666666665
2010-08-27,2107.6,3419.9,2843.275,2224.0,3542.0,2994.125
2010-08-28,2117.8,3172.5,2727.1375000000003,2112.0,3189.0,2744.1666666666665
2010-08-29,2199.2,3508.9,2909.9249999999997,2217.0,3931.0,3113.5
2010-08-30,2418.1,4324.3,3476.129166666667,2604.0,4650.0,3730.9583333333335
2010-08-31,2531.6,4550.9,3668.775,2755.0,5241.0,4138.5
2010-09-01,2896.9,4716.6,3928.933333333333,3037.0,5251.0,4260.75
2010-09-02,2876.6,4677.2,3891.7333333333336,3062.0,5312.0,4301.583333333333
2010-09-03,2787.1,4075.0,3516.995833333333,3047.0,4527.0,3874.8333333333335
2010-09-04,2462.4,3297.5,2941.7958333333336,2648.0,3555.0,3170.2083333333335
2010-09-05,2148.2,3125.5,2643.725,2166.0,2846.0,2571.0833333333335
2010-09-06,2190.8,3197.9,2663.1666666666665,2081.0,3165.0,2673.25
2010-09-07,2368.4,3759.1,3178.4041666666667,2227.0,4167.0,3336.7083333333335
2010-09-08,2310.7,3989.5,3245.6458333333335,2551.0,4215.0,3413.7916666666665
2010-09-09,2106.0,3405.6,2878.816666666667,2216.0,3468.0,2965.1666666666665
2010-09-10,2003.2,3229.0,2725.6541666666667,2129.0,3286.0,2840.4166666666665
2010-09-11,1942.0,2817.3,2478.975,2058.0,2904.0,2570.7916666666665
2010-09-12,1905.0,2749.5,2359.5958333333333,1999.0,2915.0,2460.0833333333335
2010-09-13,2014.3,3309.6,2802.2125,2023.0,3269.0,2820.1666666666665
2010-09-14,2024.1,3303.1,2795.633333333333,2070.0,3374.0,2872.5
2010-09-15,1945.1,3238.6,2731.6124999999997,2023.0,3184.0,2772.2083333333335
2010-09-16,1921.4,3147.7,2683.975,1980.0,3236.0,2785.625
2010-09-17,1991.9,3177.8,2724.2000000000003,2150.0,3394.0,2868.2916666666665
2010-09-18,1943.3,2731.6,2402.3166666666666,2005.0,2828.0,2496.0
2010-09-19,1919.9,2782.3,2383.1041666666665,1949.0,3067.0,2510.9166666666665
2010-09-20,1936.9,3127.2,2684.8458333333333,2074.0,3265.0,2817.9166666666665
2010-09-21,1935.5,3141.6,2700.429166666667,1971.0,3219.0,2761.5416666666665
2010-09-22,1991.1,3525.1,2898.6875,2061.0,3825.0,3126.875
2010-09-23,2106.5,3382.8,2861.820833333333,2366.0,3513.0,3034.25
2010-09-24,1979.2,3384.4,2814.5416666666665,2122.0,3935.0,3172.4166666666665
2010-09-25,2095.6,3049.9,2641.15,2457.0,3659.0,3104.9166666666665
2010-09-26,1869.3,2714.9,2289.85,2137.0,3007.0,2593.5416666666665
2010-09-27,1867.0,3065.3,2622.0833333333335,2067.0,3320.0,2863.9166666666665
2010-09-28,1973.9,3311.3,2773.9708333333333,2116.0,3752.0,3156.2916666666665
2010-09-29,2099.4,3402.2,2867.441666666667,2406.0,3903.0,3312.9583333333335
2010-09-30,2079.1,3402.4,2855.4375,2351.0,3977.0,3386.1666666666665
2010-10-01,2094.0,3208.1,2761.816666666667,2513.0,3982.0,3322.875
2010-10-02,1980.6,2733.2,2427.2541666666666,2067.0,2856.0,2523.375
2010-10-03,1893.9,2737.5,2316.108333333333,1925.0,2927.0,2398.5416666666665
2010-10-04,1881.0,3027.2,2595.8958333333335,1970.0,3226.0,2746.5
2010-10-05,1899.8,3077.8,2652.179166666667,2016.0,3275.0,2794.0
2010-10-06,1921.6,3052.8,2636.4583333333335,2040.0,3305.0,2836.2916666666665
2010-10-07,1934.0,3063.9,2663.7125,2024.0,3177.0,2756.9166666666665
2010-10-08,1926.3,3047.8,2621.0916666666667,2000.0,3143.0,2730.75
2010-10-09,1936.3,2680.2,2339.1749999999997,1979.0,2767.0,2426.0416666666665
2010-10-10,1847.7,2774.4,2282.1583333333333,1935.0,2801.0,2364.4583333333335
2010-10-11,1886.4,3029.7,2573.025,1949.0,3111.0,2611.4583333333335
2010-10-12,1910.8,3097.7,2628.3083333333334,1976.0,3226.0,2732.375
2010-10-13,1929.2,3029.1,2622.1833333333334,2003.0,3202.0,2743.2916666666665
2010-10-14,1927.6,3089.7,2622.8041666666663,2014.0,3230.0,2754.0
2010-10-15,1947.1,3040.4,2611.108333333333,2047.0,3171.0,2758.0416666666665
2010-10-16,1942.0,2662.8,2366.1749999999997,2056.0,2900.0,2527.5416666666665
2010-10-17,1859.3,2760.0,2276.6375000000003,2016.0,2980.0,2474.2083333333335
2010-10-18,1919.9,3059.3,2617.475,2003.0,3267.0,2755.4583333333335
2010-10-19,1982.5,3108.7,2643.6375000000003,2053.0,3253.0,2785.4583333333335
2010-10-20,1930.9,3087.4,2637.8375,2060.0,3279.0,2795.1666666666665
2010-10-21,1927.6,3066.8,2620.8541666666665,2050.0,3276.0,2801.5833333333335
2010-10-22,1946.0,3005.9,2627.2833333333333,2090.0,3208.0,2791.25
2010-10-23,2031.6,2713.2,2405.4375,2113.0,2931.0,2555.4583333333335
2010-10-24,1908.4,2749.2,2317.9125,2033.0,3056.0,2527.5416666666665
2010-10-25,1905.6,3140.2,2644.0,2022.0,3317.0,2795.8333333333335
2010-10-26,1952.4,3157.1,2703.4333333333334,2095.0,3405.0,2897.625
2010-10-27,2010.5,3242.1,2729.383333333333,2143.0,3573.0,3025.1666666666665
2010-10-28,1976.4,3102.8,2675.65,2158.0,3345.0,2910.25
2010-10-29,1908.9,3028.8,2584.266666666667,2003.0,3136.0,2704.625
2010-10-30,1928.6,2765.3,2366.3458333333333,2028.0,2936.0,2510.4166666666665
2010-10-31,1869.8,2780.4,2314.241666666667,1977.0,2889.0,2441.2083333333335
2010-11-01,1949.9,3129.6,2638.7083333333335,2081.0,3372.0,2831.125
2010-11-02,2039.2,3035.0,2647.3791666666666,2125.0,3336.0,2846.875
2010-11-03,2077.8,3039.8,2673.525,2190.0,3364.0,2887.7916666666665
2010-11-04,2021.6,3038.4,2665.108333333333,2156.0,3387.0,2902.75
2010-11-05,1931.0,2959.4,2596.795833333333,2087.0,3203.0,2792.9583333333335
2010-11-06,1951.7,2721.0,2369.6041666666665,2054.0,3016.0,2587.3333333333335
2010-11-07,1948.7,4010.2,2428.2166666666667,2068.0,4281.0,2703.2083333333335
2010-11-08,1984.5,3076.1,2632.5583333333334,2185.0,3520.0,2940.5833333333335
2010-11-09,2017.3,3101.4,2680.2000000000003,2130.0,3453.0,2875.2916666666665
2010-11-10,1981.8,3117.0,2648.5583333333334,2114.0,3444.0,2871.2916666666665
2010-11-11,2019.4,3070.8,2651.4666666666667,2158.0,3377.0,2817.3333333333335
2010-11-12,2015.2,2999.3,2619.9416666666666,2161.0,3320.0,2815.125
2010-11-13,1977.3,2745.1,2382.170833333333,2125.0,3008.0,2570.5
2010-11-14,1936.2,2720.6,2320.15,2069.0,3124.0,2552.0416666666665
2010-11-15,1946.6,3025.2,2601.7208333333333,2057.0,3439.0,2820.7083333333335
2010-11-16,1976.4,3106.5,2648.8958333333335,2067.0,3391.0,2804.9583333333335
2010-11-17,1947.4,3172.8,2651.25,2078.0,3415.0,2851.3333333333335
2010-11-18,1990.7,3159.6,2668.6,2086.0,3407.0,2820.375
2010-11-19,2048.6,3128.9,2666.7708333333335,2152.0,3430.0,2869.0416666666665
2010-11-20,2017.2,2762.2,2419.0750000000003,2202.0,3111.0,2671.9166666666665
2010-11-21,1999.9,2838.3,2406.5750000000003,2150.0,3247.0,2660.3333333333335
2010-11-22,2028.2,3216.0,2721.5416666666665,2201.0,3510.0,2941.1666666666665
2010-11-23,1967.6,3145.4,2659.5041666666666,2084.0,3420.0,2836.75
2010-11-24,1997.4,3226.7,2714.0916666666667,2087.0,3428.0,2831.75
2010-11-25,1992.8,2722.0,2420.8166666666666,2215.0,2926.0,2602.3333333333335
2010-11-26,2010.5,2948.3,2538.5416666666665,2148.0,3195.0,2703.1666666666665
2010-11-27,1962.3,2767.7,2401.1,2183.0,3115.0,2651.7916666666665
2010-11-28,1998.2,2820.2,2384.429166666667,2261.0,3249.0,2693.0416666666665
2010-11-29,1976.5,3140.8,2645.5041666666666,2214.0,3543.0,2954.3333333333335
2010-11-30,2040.9,3184.8,2708.4874999999997,2253.0,3534.0,2947.4166666666665
2010-12-01,2002.5,3233.7,2696.0875,2141.0,3455.0,2901.3333333333335
2010-12-02,1977.5,3264.2,2715.2208333333333,2148.0,3527.0,2914.2916666666665
2010-12-03,2079.3,3238.1,2739.929166666667,2260.0,3559.0,2986.75
2010-12-04,2173.4,3126.6,2660.7916666666665,2228.0,3292.0,2770.8333333333335
2010-12-05,2162.6,3181.5,2621.1583333333333,2263.0,3415.0,2807.1666666666665
2010-12-06,2198.5,3530.5,2963.6541666666667,2356.0,3834.0,3168.75
2010-12-07,2270.2,3562.0,2996.6749999999997,2414.0,3788.0,3153.0833333333335
2010-12-08,2283.3,3585.4,3029.6083333333336,2420.0,3862.0,3197.7083333333335
2010-12-09,2319.1,3675.0,3083.6,2513.0,3919.0,3284.125
2010-12-10,2422.4,3601.2,3097.9791666666665,2629.0,3891.0,3333.0
2010-12-11,2278.0,3225.1,2773.0875,2428.0,3364.0,2892.125
2010-12-12,2185.8,3167.3,2640.9333333333334,2321.0,3387.0,2843.125
2010-12-13,2159.1,3591.0,2955.6875,2162.0,3599.0,2957.4166666666665
2010-12-14,2258.2,3549.0,2987.8375,2239.0,3889.0,3161.9166666666665
2010-12-15,2395.7,3763.3,3132.1083333333336,2568.0,4058.0,3399.3333333333335
2010-12-16,2455.2,3698.1,3133.5416666666665,2614.0,3856.0,3296.2916666666665
2010-12-17,2434.0,3670.5,3113.4083333333333,2560.0,3780.0,3236.3333333333335
2010-12-18,2310.8,3328.8,2820.8624999999997,2491.0,3454.0,2974.3333333333335
2010-12-19,2255.9,3333.2,2753.245833333333,2419.0,3532.0,2943.5416666666665
2010-12-20,2303.6,3717.6,3074.379166666667,2402.0,3960.0,3277.7916666666665
2010-12-21,2367.8,3727.1,3100.8541666666665,2540.0,3805.0,3237.7916666666665
2010-12-22,2323.8,3661.7,3047.0833333333335,2408.0,3791.0,3171.9166666666665
2010-12-23,2343.1,3660.5,3048.375,2436.0,3703.0,3126.5
2010-12-24,2322.7,3440.6,2917.0875,2411.0,3417.0,2920.5833333333335
2010-12-25,2254.7,3075.6,2684.9375,2419.0,3085.0,2794.1666666666665
2010-12-26,2279.5,3337.1,2768.2000000000003,2369.0,3623.0,2955.4166666666665
2010-12-27,2295.3,3695.8,3026.4,2506.0,3899.0,3176.5833333333335
2010-12-28,2442.7,3704.6,3113.2374999999997,2695.0,3786.0,3259.25
2010-12-29,2392.4,3631.2,3041.2000000000003,2493.0,3661.0,3108.75
2010-12-30,2392.8,3585.9,3026.445833333333,2464.0,3531.0,3045.9166666666665
2010-12-31,2311.5,3398.3,2877.183333333333,2370.0,3319.0,2824.625
2011-01-01,2210.0,3188.5,2680.1375000000003,2212.0,3022.0,2578.7083333333335
2011-01-02,2171.6,3251.4,2682.795833333333,2085.0,3195.0,2609.125
2011-01-03,2291.6,3679.2,3036.745833333333,2240.0,3711.0,3043.4583333333335
2011-01-04,2368.4,3686.3,3082.429166666667,2436.0,3676.0,3134.5416666666665
2011-01-05,2351.7,3646.5,3055.7875,2417.0,3704.0,3122.875
2011-01-06,2390.0,3683.3,3089.2958333333336,2463.0,3761.0,3188.375
2011-01-07,2413.1,3590.3,3050.2333333333336,2518.0,3680.0,3175.7083333333335
2011-01-08,2351.3,3332.8,2833.0291666666667,2411.0,3458.0,2956.5
2011-01-09,2306.8,3386.8,2803.0125000000003,2393.0,3503.0,2898.75
2011-01-10,2384.8,3730.1,3125.7666666666664,2498.0,3780.0,3224.1666666666665
2011-01-11,2443.0,3711.8,3136.3250000000003,2529.0,3774.0,3243.0833333333335
2011-01-12,2507.1,3679.0,3140.004166666667,2481.0,3791.0,3125.875
2011-01-13,2395.8,3669.2,3105.025,2471.0,3792.0,3202.1666666666665
2011-01-14,2474.2,3691.0,3158.0333333333333,2575.0,3765.0,3277.6666666666665
2011-01-15,2488.3,3398.3,2943.3541666666665,2642.0,3496.0,3072.625
2011-01-16,2344.6,3363.9,2828.8416666666667,2421.0,3362.0,2873.2916666666665
2011-01-17,2473.8,3703.5,3158.179166666667,2568.0,3874.0,3258.9583333333335
2011-01-18,2475.1,3633.3,3130.275,2619.0,3885.0,3338.9166666666665
2011-01-19,2287.5,3595.0,3018.1083333333336,2428.0,3685.0,3137.625
2011-01-20,2398.1,3710.7,3126.0499999999997,2433.0,3709.0,3150.0416666666665
2011-01-21,2447.9,3632.1,3116.7291666666665,2496.0,3803.0,3234.75
2011-01-22,2479.4,3414.0,2949.5166666666664,2611.0,3556.0,3089.5416666666665
2011-01-23,2377.3,3435.1,2922.8333333333335,2696.0,3810.0,3190.2083333333335
2011-01-24,2611.2,3787.8,3272.7374999999997,2899.0,4199.0,3646.2083333333335
2011-01-25,2586.1,3642.3,3188.0375,2902.0,3915.0,3492.9166666666665
2011-01-26,2452.5,3578.4,3102.379166666667,2719.0,3948.0,3419.0416666666665
2011-01-27,2368.5,3605.9,3079.7625000000003,2639.0,3785.0,3252.7083333333335
2011-01-28,2463.6,3595.1,3097.9041666666667,2581.0,3649.0,3197.25
2011-01-29,2433.2,3327.5,2886.0416666666665,2472.0,3350.0,2923.2083333333335
2011-01-30,2392.0,3349.0,2837.2791666666667,2452.0,3513.0,2932.8333333333335
2011-01-31,2509.5,3767.0,3235.870833333333,2547.0,3851.0,3295.5
2011-02-01,2576.2,3733.0,3242.2083333333335,2679.0,4001.0,3425.2916666666665
2011-02-02,2555.4,3695.5,3170.3916666666664,2632.0,3941.0,3318.5416666666665
2011-02-03,2481.4,3771.2,3206.441666666667,2608.0,3776.0,3298.4583333333335
2011-02-04,2554.1,3551.7,3149.775,2673.0,3630.0,3251.5833333333335
2011-02-05,2438.3,3104.1,2767.2708333333335,2571.0,3435.0,3024.0416666666665
2011-02-06,2297.4,3186.2,2696.0333333333333,2376.0,3351.0,2807.5833333333335
2011-02-07,2379.4,3610.3,3072.3291666666664,2371.0,3587.0,3061.8333333333335
2011-02-08,2348.6,3645.4,3086.1583333333333,2367.0,3760.0,3153.5
2011-02-09,2591.9,3749.0,3242.620833333333,2689.0,3794.0,3320.375
2011-02-10,2513.4,3711.6,3231.225,2561.0,3774.0,3252.4583333333335
2011-02-11,2334.0,3586.4,3099.3624999999997,2683.0,3669.0,3285.375
2011-02-12,2403.5,3226.5,2819.883333333333,2594.0,3381.0,2997.125
2011-02-13,2368.3,3229.8,2769.0,2494.0,3458.0,2945.9166666666665
2011-02-14,2252.7,3488.7,2959.5499999999997,2389.0,3454.0,3007.9166666666665
2011-02-15,2343.8,3742.0,3109.0625,2434.0,3811.0,3220.9166666666665
2011-02-16,2478.6,3576.9,3077.15,2601.0,3603.0,3179.5833333333335
2011-02-17,2295.0,3366.7,2931.883333333333,2361.0,3401.0,2972.5
2011-02-18,2170.7,3332.8,2804.9249999999997,2225.0,3244.0,2844.9583333333335
2011-02-19,2212.8,3240.9,2747.1708333333336,2194.0,3324.0,2781.6666666666665
2011-02-20,2330.4,3225.2,2745.1708333333336,2564.0,3288.0,2892.3333333333335
2011-02-21,2273.3,2987.3,2638.2833333333333,2419.0,3627.0,3070.4583333333335
2011-02-22,2440.1,3567.1,3072.8375,2632.0,3645.0,3236.9583333333335
2011-02-23,2451.6,3459.1,3033.1083333333336,2587.0,3557.0,3156.7916666666665
2011-02-24,2425.6,3444.4,3037.8125,2514.0,3488.0,3072.5
2011-02-25,2263.9,3302.1,2901.0625,2329.0,3563.0,3070.7083333333335
2011-02-26,2315.6,3378.4,2878.8375,2445.0,3277.0,2865.2916666666665
2011-02-27,2308.8,3310.9,2838.75,2360.0,3508.0,2894.125
2011-02-28,2264.5,3371.7,2909.75,2465.0,3639.0,3175.5416666666665
2011-03-01,2263.0,3407.0,2947.25,2410.0,3578.0,3075.7916666666665
2011-03-02,2310.2,3341.5,2936.4708333333333,2453.0,3584.0,3088.2083333333335
2011-03-03,2408.2,3545.2,3086.7000000000003,2605.0,3722.0,3267.9583333333335
2011-03-04,2371.5,3252.9,2928.6583333333333,2616.0,3509.0,3149.875
2011-03-05,2247.7,2998.4,2654.9,2382.0,3093.0,2753.625
2011-03-06,2103.4,2928.8,2506.6625,2130.0,3118.0,2580.4583333333335
2011-03-07,2114.1,3294.4,2834.0125000000003,2125.0,3586.0,2934.0
2011-03-08,2300.8,3363.4,2931.0166666666664,2426.0,3505.0,3039.0
2011-03-09,2313.7,3346.5,2939.35,2392.0,3609.0,3091.25
2011-03-10,2260.3,3325.6,2913.625,2351.0,3531.0,3060.2083333333335
2011-03-11,2147.3,3173.3,2778.370833333333,2288.0,3303.0,2935.1666666666665
2011-03-12,2131.5,2908.0,2535.108333333333,2194.0,3023.0,2625.875
2011-03-13,0.0,2927.9,2365.9625,0.0,3087.0,2490.75
2011-03-14,2140.1,3328.8,2856.3541666666665,2184.0,3409.0,2946.0416666666665
2011-03-15,2206.9,3177.7,2747.2291666666665,2339.0,3298.0,2934.25
2011-03-16,2195.7,3234.4,2850.320833333333,2272.0,3384.0,2984.625
2011-03-17,2140.5,3115.2,2759.0833333333335,2243.0,3135.0,2820.125
2011-03-18,2073.9,3005.4,2683.391666666667,2077.0,3073.0,2715.875
2011-03-19,2043.7,2887.7,2508.2291666666665,2023.0,2895.0,2526.9166666666665
2011-03-20,2080.6,2925.4,2488.0916666666667,2192.0,3026.0,2576.2916666666665
2011-03-21,2135.2,3210.8,2808.4666666666667,2187.0,3462.0,2975.9166666666665
2011-03-22,2147.2,3182.8,2803.258333333333,2256.0,3345.0,2940.375
2011-03-23,2186.2,3187.4,2835.004166666667,2279.0,3352.0,2944.5833333333335
2011-03-24,2176.2,3254.7,2829.4583333333335,2269.0,3338.0,2970.7083333333335
2011-03-25,2186.6,3109.1,2782.2625000000003,2325.0,3243.0,2906.7083333333335
2011-03-26,2197.1,2908.6,2594.2999999999997,2312.0,3048.0,2736.625
2011-03-27,2207.8,2912.2,2569.7125,2318.0,3095.0,2687.5416666666665
2011-03-28,2215.5,3199.5,2843.5750000000003,2315.0,3310.0,2946.0
2011-03-29,2192.9,3133.4,2814.1375000000003,2259.0,3232.0,2887.7083333333335
2011-03-30,2139.1,3061.8,2735.6,2242.0,3158.0,2834.4166666666665
2011-03-31,2119.4,3190.1,2731.866666666667,2154.0,3308.0,2857.375
2011-04-01,2115.2,3099.3,2756.3416666666667,2268.0,3351.0,2952.75
2011-04-02,2044.1,2767.7,2469.3416666666667,2234.0,2883.0,2617.3333333333335
2011-04-03,2004.2,2814.9,2398.1458333333335,2141.0,2941.0,2520.2083333333335
2011-04-04,2083.3,3116.3,2742.4208333333336,2122.0,3274.0,2888.4166666666665
2011-04-05,1977.5,3097.9,2698.0958333333333,2118.0,3208.0,2833.2916666666665
2011-04-06,2049.5,3038.1,2690.2166666666667,2188.0,3168.0,2826.7916666666665
2011-04-07,2028.8,3018.6,2682.9583333333335,2176.0,3105.0,2789.5
2011-04-08,2030.6,2971.6,2651.225,2152.0,3081.0,2756.4583333333335
2011-04-09,2004.3,2678.7,2383.4874999999997,2138.0,2767.0,2513.4583333333335
2011-04-10,1895.3,2692.3,2294.9333333333334,2028.0,2879.0,2433.9166666666665
2011-04-11,1910.4,3038.7,2625.7166666666667,1979.0,3129.0,2745.3333333333335
2011-04-12,1941.0,3032.0,2643.8791666666666,2031.0,3076.0,2714.2083333333335
2011-04-13,1960.6,3045.0,2660.2999999999997,2001.0,3239.0,2817.2083333333335
2011-04-14,1976.8,2961.8,2625.0958333333333,2099.0,3056.0,2735.2083333333335
2011-04-15,1975.9,2934.5,2614.8333333333335,2046.0,3031.0,2685.9583333333335
2011-04-16,2030.7,2728.2,2440.5875,2103.0,2908.0,2552.0
2011-04-17,1906.7,2708.5,2319.5499999999997,2061.0,2758.0,2415.9166666666665
2011-04-18,1961.3,2937.8,2617.266666666667,1988.0,2918.0,2593.8333333333335
2011-04-19,1959.2,3007.3,2644.0875,1972.0,3087.0,2706.4166666666665
2011-04-20,1989.2,3065.0,2664.3624999999997,2064.0,3146.0,2763.7083333333335
2011-04-21,1942.4,2971.1,2612.4249999999997,2072.0,3028.0,2696.0
2011-04-22,1962.5,2871.3,2543.0916666666667,2115.0,2980.0,2648.0833333333335
2011-04-23,1925.2,2677.7,2387.375,2017.0,2897.0,2547.625
2011-04-24,1869.0,2662.2,2285.3166666666666,1980.0,2740.0,2357.0833333333335
2011-04-25,1884.0,2977.8,2584.85,1936.0,3059.0,2671.0416666666665
2011-04-26,1884.9,3004.5,2595.025,1973.0,3060.0,2681.4166666666665
2011-04-27,1908.6,3058.2,2631.3708333333334,1980.0,3278.0,2797.4166666666665
2011-04-28,1952.6,3049.8,2639.6,2101.0,3362.0,2898.4583333333335
2011-04-29,1940.8,2974.8,2591.733333333333,2053.0,3213.0,2739.5833333333335
2011-04-30,1906.9,2654.5,2337.7625000000003,1950.0,2706.0,2391.5833333333335
2011-05-01,1870.3,2651.8,2265.483333333333,1912.0,2772.0,2327.0
2011-05-02,1899.2,2986.0,2577.4,1952.0,3080.0,2675.875
2011-05-03,1914.4,3048.4,2631.116666666667,1960.0,3145.0,2717.9166666666665
2011-05-04,1918.5,2898.1,2547.4041666666667,2013.0,3221.0,2769.4583333333335
2011-05-05,1915.2,3055.8,2631.491666666667,1966.0,2992.0,2639.4166666666665
2011-05-06,1949.4,2944.9,2564.1124999999997,1983.0,3048.0,2650.3333333333335
2011-05-07,1880.1,2577.3,2299.3125,1928.0,2743.0,2427.4166666666665
2011-05-08,1824.7,2562.0,2211.6833333333334,1905.0,2740.0,2325.2083333333335
2011-05-09,1876.8,3006.0,2600.1041666666665,1921.0,3065.0,2656.4583333333335
2011-05-10,1896.4,3006.5,2595.1916666666666,1947.0,3026.0,2659.9166666666665
2011-05-11,1913.5,3027.8,2610.0625,1962.0,3039.0,2680.0
2011-05-12,1905.5,2990.1,2587.016666666667,1971.0,3001.0,2645.5833333333335
2011-05-13,1900.5,2944.7,2556.4666666666667,1953.0,3040.0,2613.5
2011-05-14,1867.8,2620.9,2323.4125,1912.0,2701.0,2376.1666666666665
2011-05-15,1815.7,2590.0,2262.070833333333,1903.0,2790.0,2389.625
2011-05-16,1841.0,2984.2,2557.766666666667,1929.0,3073.0,2677.75
2011-05-17,1897.1,3051.4,2628.241666666667,1985.0,3082.0,2721.9166666666665
2011-05-18,1896.1,3017.6,2606.9791666666665,2012.0,3100.0,2731.0833333333335
2011-05-19,1903.4,3017.6,2606.875,2008.0,3104.0,2721.25
2011-05-20,1902.8,3040.1,2608.4583333333335,1974.0,3101.0,2678.5833333333335
2011-05-21,1873.7,2643.0,2339.975,1958.0,2764.0,2442.2083333333335
2011-05-22,1829.2,2625.0,2270.4041666666667,1896.0,2745.0,2337.5416666666665
2011-05-23,1847.7,3018.2,2593.820833333333,1925.0,3119.0,2706.875
2011-05-24,1932.8,3294.2,2752.5416666666665,2056.0,3515.0,2944.7916666666665
2011-05-25,1990.9,3153.1,2697.025,2106.0,3400.0,2907.9583333333335
2011-05-26,1926.5,3197.3,2697.125,2058.0,3696.0,3032.625
2011-05-27,2015.3,3390.6,2806.9791666666665,2270.0,3985.0,3272.5416666666665
2011-05-28,1996.9,2838.5,2477.616666666667,2297.0,3131.0,2793.9166666666665
2011-05-29,1923.5,2866.7,2468.125,2228.0,3370.0,2875.2083333333335
2011-05-30,2016.2,3213.6,2704.6041666666665,2408.0,3830.0,3176.6666666666665
2011-05-31,2136.8,3628.3,3002.5375,2421.0,3848.0,3252.25
2011-06-01,2113.5,3601.2,3012.9541666666664,2286.0,4255.0,3350.7916666666665
2011-06-02,2123.3,3320.7,2838.5416666666665,2318.0,3495.0,2970.3333333333335
2011-06-03,1999.0,3179.0,2704.3708333333334,2013.0,3151.0,2716.5833333333335
2011-06-04,1926.4,2722.3,2395.4249999999997,1966.0,2748.0,2424.5416666666665
2011-06-05,1880.6,2665.2,2353.5916666666667,1894.0,2790.0,2386.0
2011-06-06,1936.7,3353.5,2782.304166666667,1982.0,3432.0,2889.0416666666665
2011-06-07,2007.5,3610.1,2943.808333333333,2115.0,3927.0,3208.4166666666665
2011-06-08,2258.8,4228.1,3356.975,2387.0,4486.0,3628.5416666666665
2011-06-09,2563.8,4388.7,3640.304166666667,2795.0,4822.0,3755.2916666666665
2011-06-10,2433.9,3648.9,3110.566666666667,2533.0,3859.0,3255.5833333333335
2011-06-11,2036.7,2794.9,2470.3,2193.0,2914.0,2595.0833333333335
2011-06-12,1923.6,2789.9,2413.1833333333334,1986.0,2777.0,2424.3333333333335
2011-06-13,1955.7,3266.5,2751.8958333333335,1976.0,3171.0,2730.125
2011-06-14,1939.7,3219.9,2706.8541666666665,2025.0,3120.0,2724.2916666666665
2011-06-15,1952.6,3231.2,2714.8416666666667,2007.0,3303.0,2802.625
2011-06-16,2052.1,3650.5,2979.5791666666664,2061.0,3979.0,3164.2916666666665
2011-06-17,2127.2,3425.6,2895.5750000000003,2339.0,3593.0,3110.5833333333335
2011-06-18,2060.8,3056.2,2664.366666666667,2232.0,3478.0,2951.7916666666665
2011-06-19,2011.6,2898.4,2541.795833333333,2189.0,3055.0,2731.375
2011-06-20,2044.2,3561.8,2931.183333333333,2143.0,3774.0,3109.9583333333335
2011-06-21,2139.6,3776.4,3075.3541666666665,2246.0,3835.0,3187.0416666666665
2011-06-22,2202.2,3521.4,2968.3958333333335,2375.0,3718.0,3179.3333333333335
2011-06-23,2145.2,3364.1,2869.5208333333335,2272.0,3442.0,2977.0416666666665
2011-06-24,2063.3,3270.5,2798.975,2123.0,3279.0,2799.9166666666665
2011-06-25,2006.0,2864.0,2519.4666666666667,2034.0,2826.0,2511.7083333333335
2011-06-26,1985.4,2917.5,2540.5375,2063.0,3139.0,2673.4583333333335
2011-06-27,2082.7,3664.9,3014.366666666667,2251.0,3972.0,3288.6666666666665
2011-06-28,2236.6,3883.6,3194.116666666667,2412.0,4205.0,3461.7083333333335
2011-06-29,2246.5,3861.2,3182.275,2551.0,4223.0,3488.375
2011-06-30,2205.7,3699.8,3083.195833333333,2325.0,3840.0,3233.75
2011-07-01,2185.2,3593.0,3013.745833333333,2280.0,3634.0,3104.375
2011-07-02,2073.5,3205.2,2737.3291666666664,2259.0,3291.0,2887.0
2011-07-03,2132.3,3304.6,2810.1583333333333,2262.0,3270.0,2867.9166666666665
2011-07-04,2172.6,3439.2,2915.804166666667,2437.0,3955.0,3241.0416666666665
2011-07-05,2359.4,4000.0,3314.129166666667,2616.0,4543.0,3713.5
2011-07-06,2404.5,4268.2,3490.7041666666664,2681.0,4765.0,3857.3333333333335
2011-07-07,2474.2,4086.9,3406.8958333333335,2724.0,4470.0,3721.5
2011-07-08,2303.2,3619.9,3082.8958333333335,2668.0,3899.0,3395.0
2011-07-09,2178.1,3255.3,2809.6708333333336,2528.0,3611.0,3140.625
2011-07-10,2165.8,3301.1,2828.3624999999997,2210.0,3587.0,2989.1666666666665
2011-07-11,2367.1,4147.9,3423.5750000000003,2568.0,4925.0,3936.3333333333335
2011-07-12,2691.8,4629.5,3814.3416666666667,3118.0,5195.0,4306.125
2011-07-13,2687.0,4222.4,3594.8541666666665,2997.0,4634.0,3836.5416666666665
2011-07-14,2396.1,3824.5,3222.691666666667,2483.0,3670.0,3192.75
2011-07-15,2266.0,3905.5,3221.7875,2326.0,3808.0,3167.75
2011-07-16,2297.6,3598.3,3062.058333333333,2290.0,3690.0,3110.0
2011-07-17,2327.1,3776.4,3149.0333333333333,2468.0,4150.0,3414.2916666666665
2011-07-18,2633.4,4566.7,3769.4249999999997,2952.0,4551.0,3889.5833333333335
2011-07-19,2543.7,4207.6,3494.2666666666664,2826.0,4699.0,3880.3333333333335
2011-07-20,2414.3,4307.6,3503.1375000000003,2679.0,4921.0,3881.1666666666665
2011-07-21,2655.4,4760.2,3839.320833333333,2963.0,5440.0,4393.5
2011-07-22,2920.2,5071.7,4143.858333333334,3539.0,5658.0,4713.083333333333
2011-07-23,2726.5,4283.3,3654.3416666666667,3084.0,4531.0,3860.0833333333335
2011-07-24,2511.1,3499.9,3078.429166666667,2982.0,3856.0,3480.75
2011-07-25,2383.1,3927.4,3291.9166666666665,2589.0,3851.0,3278.125
2011-07-26,2303.5,4058.1,3329.525,2382.0,4075.0,3326.2083333333335
2011-07-27,2360.2,4084.1,3352.5833333333335,2438.0,4077.0,3401.1666666666665
2011-07-28,2383.1,4027.6,3347.695833333333,2482.0,4076.0,3407.2083333333335
2011-07-29,2387.9,4097.0,3397.875,2532.0,3906.0,3364.9583333333335
2011-07-30,2408.7,3689.1,3170.9375,2629.0,3859.0,3325.875
2011-07-31,2303.7,3512.0,3004.7041666666664,2409.0,3815.0,3183.8333333333335
2011-08-01,2509.5,4461.5,3635.3291666666664,2749.0,4777.0,3869.5
2011-08-02,2585.6,4369.6,3597.7958333333336,2777.0,4519.0,3680.25
2011-08-03,2392.2,3892.4,3252.9666666666667,2465.0,3870.0,3280.9166666666665
2011-08-04,2330.3,3804.1,3187.745833333333,2415.0,3964.0,3304.6666666666665
2011-08-05,2274.4,3739.1,3133.2208333333333,2422.0,3861.0,3259.6666666666665
2011-08-06,2236.3,3365.9,2906.7791666666667,2493.0,3845.0,3257.8333333333335
2011-08-07,2279.5,3280.0,2859.2708333333335,2583.0,3667.0,3164.8333333333335
2011-08-08,2410.4,3927.3,3304.5125000000003,2792.0,4404.0,3714.2083333333335
2011-08-09,2443.8,3925.1,3298.1124999999997,2711.0,4117.0,3482.125
2011-08-10,2345.3,3876.4,3244.9625,2494.0,3978.0,3310.4583333333335
2011-08-11,2315.1,3917.4,3223.945833333333,2381.0,3846.0,3236.375
2011-08-12,2257.4,3837.4,3155.5291666666667,2287.0,3781.0,3157.2083333333335
2011-08-13,2227.7,3426.3,2937.683333333333,2309.0,3379.0,2967.4166666666665
2011-08-14,2230.3,3274.8,2859.7666666666664,2411.0,3309.0,2922.125
2011-08-15,2366.8,3703.5,3159.0375,2441.0,3685.0,3142.0
2011-08-16,2255.9,3715.4,3110.383333333333,2199.0,3433.0,2971.1666666666665
2011-08-17,2181.7,3892.6,3180.6666666666665,2222.0,3932.0,3214.9583333333335
2011-08-18,2341.0,4015.6,3321.0499999999997,2415.0,4251.0,3485.5416666666665
2011-08-19,2416.5,4014.9,3321.633333333333,2627.0,4479.0,3573.7083333333335
2011-08-20,2295.0,3540.7,3013.120833333333,2611.0,3839.0,3311.7916666666665
2011-08-21,2275.5,3476.1,2964.2374999999997,2480.0,3815.0,3221.6666666666665
2011-08-22,2442.2,3845.7,3254.883333333333,2726.0,3795.0,3325.1666666666665
2011-08-23,2217.1,3685.2,3087.6666666666665,2256.0,3633.0,3071.7083333333335
2011-08-24,2177.8,3871.8,3169.2999999999997,2240.0,3775.0,3149.0416666666665
2011-08-25,2308.3,4058.6,3325.6583333333333,2388.0,4257.0,3513.8333333333335
2011-08-26,2440.2,4042.2,3361.5958333333333,2606.0,4355.0,3585.8333333333335
2011-08-27,2303.2,3362.8,2928.0958333333333,2547.0,3677.0,3216.4583333333335
2011-08-28,2206.0,2871.4,2591.2458333333334,2435.0,3142.0,2833.5416666666665
2011-08-29,2123.7,3554.0,2956.0958333333333,2088.0,3652.0,2986.7083333333335
2011-08-30,1966.0,3433.5,2816.495833333333,2171.0,3677.0,3054.5833333333335
2011-08-31,1998.5,3513.9,2895.679166666667,2238.0,3864.0,3162.8333333333335
2011-09-01,2115.3,3432.9,2885.5458333333336,2300.0,3679.0,3073.0833333333335
2011-09-02,1981.7,3278.4,2767.6875,2190.0,3489.0,2934.5
2011-09-03,2040.8,3254.7,2776.7999999999997,2119.0,3536.0,2906.0416666666665
2011-09-04,2206.9,3300.0,2845.0125000000003,2399.0,3714.0,3107.1666666666665
2011-09-05,2196.2,3287.0,2847.7374999999997,2499.0,3941.0,3319.9583333333335
2011-09-06,2294.1,3424.3,2973.5458333333336,2477.0,3468.0,3089.4166666666665
2011-09-07,2032.1,3226.5,2784.8624999999997,2156.0,3342.0,2907.6666666666665
2011-09-08,2076.6,3273.1,2815.9541666666664,2097.0,3297.0,2877.0833333333335
2011-09-09,2068.7,3501.2,2926.3333333333335,2118.0,3550.0,2982.9583333333335
2011-09-10,2055.2,2927.4,2570.5875,2162.0,3006.0,2645.7083333333335
2011-09-11,1866.0,2854.4,2419.9708333333333,1992.0,3031.0,2522.4583333333335
2011-09-12,1981.3,3570.7,2923.3291666666664,2087.0,3796.0,3119.4166666666665
2011-09-13,2142.7,3731.9,3086.4,2314.0,4038.0,3331.0833333333335
2011-09-14,2200.8,3763.7,3124.066666666667,2456.0,4289.0,3535.9166666666665
2011-09-15,2170.1,3399.5,2900.7166666666667,2435.0,4015.0,3289.1666666666665
2011-09-16,1892.6,3092.8,2645.3791666666666,2024.0,3090.0,2693.7083333333335
2011-09-17,1887.4,2724.0,2367.8624999999997,1949.0,2774.0,2422.4583333333335
2011-09-18,1844.3,2717.5,2320.3458333333333,1918.0,2872.0,2400.0
2011-09-19,1860.5,3109.1,2642.0125000000003,1934.0,3165.0,2720.3333333333335
2011-09-20,1935.4,3184.9,2728.4625,1988.0,3277.0,2804.4166666666665
2011-09-21,1969.3,3350.0,2820.0833333333335,2043.0,3432.0,2918.9583333333335
2011-09-22,2103.7,3471.9,2933.1,2197.0,3636.0,3129.9166666666665
2011-09-23,2158.2,3354.0,2878.808333333333,2328.0,3651.0,3160.0833333333335
2011-09-24,2104.8,3101.4,2689.116666666667,2328.0,3543.0,3036.0
2011-09-25,2136.3,3058.4,2647.2291666666665,2392.0,3631.0,3044.1666666666665
2011-09-26,2157.1,3473.5,2944.9125,2395.0,3912.0,3309.5
2011-09-27,2138.1,3296.3,2857.9708333333333,2336.0,3821.0,3216.6666666666665
2011-09-28,2039.3,3295.9,2828.3375,2287.0,3629.0,3096.7916666666665
2011-09-29,2067.2,3426.1,2944.725,2215.0,3582.0,3078.75
2011-09-30,2055.2,3398.3,2893.5791666666664,2136.0,3480.0,2954.5833333333335
2011-10-01,1988.6,2825.4,2493.5583333333334,2207.0,3142.0,2745.6666666666665
2011-10-02,1875.8,2820.2,2347.6124999999997,2087.0,3050.0,2568.0416666666665
2011-10-03,1887.8,3051.5,2639.4958333333334,2056.0,3280.0,2831.4583333333335
2011-10-04,1921.7,3093.7,2666.5375,2054.0,3298.0,2828.9583333333335
2011-10-05,1901.8,3098.1,2659.975,2049.0,3176.0,2760.4166666666665
2011-10-06,1912.2,3020.2,2622.3708333333334,1995.0,3149.0,2717.8333333333335
2011-10-07,1903.1,2975.1,2602.2833333333333,2009.0,3040.0,2692.0416666666665
2011-10-08,1882.6,2954.1,2497.8708333333334,1985.0,2950.0,2528.9166666666665
2011-10-09,1918.3,3040.0,2533.5125000000003,1999.0,3085.0,2567.4166666666665
2011-10-10,1918.8,3243.3,2734.6625,2094.0,3497.0,2894.0833333333335
2011-10-11,1988.2,3154.9,2717.579166666667,2088.0,3238.0,2818.0416666666665
2011-10-12,1909.3,3072.4,2631.6833333333334,2018.0,3253.0,2755.4166666666665
2011-10-13,1950.8,3125.1,2701.445833333333,2048.0,3337.0,2863.4166666666665
2011-10-14,2000.8,3168.9,2732.883333333333,2082.0,3398.0,2915.2916666666665
2011-10-15,1918.3,2754.7,2372.3875000000003,2038.0,2873.0,2513.6666666666665
2011-10-16,1893.4,2760.9,2305.0375,1948.0,2929.0,2429.2916666666665
2011-10-17,1858.9,2940.7,2540.5875,1997.0,3220.0,2735.2083333333335
2011-10-18,1895.1,3045.4,2608.2125,1984.0,3235.0,2748.2916666666665
2011-10-19,1875.2,3030.2,2573.1375000000003,2001.0,3349.0,2820.9583333333335
2011-10-20,1984.3,3102.3,2700.9416666666666,2069.0,3283.0,2827.3333333333335
2011-10-21,1895.2,2993.5,2595.4249999999997,2010.0,3122.0,2715.0833333333335
2011-10-22,1879.6,2760.6,2356.6749999999997,1978.0,2882.0,2474.6666666666665
2011-10-23,1830.3,2790.2,2300.4375,1970.0,3010.0,2458.5833333333335
2011-10-24,1869.4,3055.4,2607.7875,2003.0,3271.0,2754.9166666666665
2011-10-25,1882.2,3061.2,2608.5375,2006.0,3237.0,2736.0416666666665
2011-10-26,1925.6,3126.2,2664.1833333333334,2025.0,3300.0,2791.5833333333335
2011-10-27,1928.5,3244.9,2683.2625000000003,2044.0,3379.0,2864.7083333333335
2011-10-28,2038.8,3112.9,2696.2083333333335,2158.0,3253.0,2829.75
2011-10-29,1996.9,2966.1,2508.3958333333335,2132.0,3233.0,2682.25
2011-10-30,2001.5,2968.9,2472.0916666666667,2047.0,2978.0,2471.75
2011-10-31,1992.3,3126.5,2658.8375,2132.0,3223.0,2805.375
2011-11-01,1869.6,2990.5,2526.5291666666667,2145.0,3344.0,2847.625
2011-11-02,1959.7,3084.5,2643.491666666667,2180.0,3310.0,2857.6666666666665
2011-11-03,1969.1,3128.5,2668.6833333333334,2129.0,3284.0,2820.0
2011-11-04,1916.3,3128.4,2641.195833333333,2064.0,3219.0,2770.7083333333335
2011-11-05,1981.6,2873.6,2455.920833333333,2158.0,3028.0,2625.625
2011-11-06,1992.6,4036.2,2495.8875000000003,2162.0,4432.0,2687.0
2011-11-07,1982.9,3227.6,2710.6124999999997,2098.0,3376.0,2811.5416666666665
2011-11-08,1947.3,3118.6,2643.1208333333334,2045.0,3372.0,2787.375
2011-11-09,1944.1,3164.8,2621.891666666667,2020.0,3365.0,2777.875
2011-11-10,1892.6,3164.7,2599.4166666666665,2022.0,3393.0,2808.25
2011-11-11,1912.6,3096.7,2599.570833333333,2014.0,3254.0,2706.9166666666665
2011-11-12,2009.3,2828.5,2413.0375,2112.0,3020.0,2568.7083333333335
2011-11-13,1951.3,2776.4,2316.1208333333334,2060.0,3067.0,2517.375
2011-11-14,1882.7,3105.2,2577.8875000000003,2010.0,3366.0,2764.0416666666665
2011-11-15,1921.8,3113.8,2596.0333333333333,2017.0,3363.0,2773.5
2011-11-16,1909.0,3143.4,2593.1625,1994.0,3402.0,2779.5
2011-11-17,1950.4,3212.9,2657.6291666666666,2016.0,3412.0,2799.7916666666665
2011-11-18,2081.9,3110.1,2679.2625000000003,2159.0,3387.0,2845.9166666666665
2011-11-19,2071.4,2829.8,2434.054166666667,2178.0,3073.0,2633.5
2011-11-20,1976.9,2748.1,2323.0875,2043.0,3066.0,2508.5
2011-11-21,1981.5,3199.0,2673.2166666666667,1983.0,3407.0,2781.1666666666665
2011-11-22,2104.5,3198.9,2701.4,2186.0,3428.0,2877.2916666666665
2011-11-23,2020.5,3246.8,2717.1375000000003,2153.0,3483.0,2925.1666666666665
2011-11-24,2088.1,2756.8,2471.7125,2200.0,2846.0,2562.1666666666665
2011-11-25,1982.4,3024.0,2522.9041666666667,2165.0,3084.0,2620.9166666666665
2011-11-26,1981.7,2787.7,2379.954166666667,2037.0,2932.0,2486.2916666666665
2011-11-27,1944.9,2824.5,2322.9041666666667,2009.0,3098.0,2514.1666666666665
2011-11-28,1949.5,3130.2,2586.1666666666665,2026.0,3423.0,2802.1666666666665
2011-11-29,1940.1,3283.1,2662.5291666666667,2022.0,3434.0,2813.625
2011-11-30,1958.4,3133.5,2583.9375,2082.0,3371.0,2778.5416666666665
2011-12-01,2048.9,3287.1,2690.2833333333333,2073.0,3440.0,2836.8333333333335
2011-12-02,2126.2,3120.7,2658.241666666667,2190.0,3401.0,2868.6666666666665
2011-12-03,2153.4,2877.9,2499.304166666667,2158.0,3178.0,2676.0
2011-12-04,2026.5,2765.6,2334.7916666666665,2187.0,3215.0,2655.625
2011-12-05,2004.2,3140.5,2599.804166666667,2100.0,3478.0,2849.5833333333335
2011-12-06,1981.1,3167.2,2592.7708333333335,2057.0,3500.0,2870.0416666666665
2011-12-07,1975.6,3232.1,2665.6375000000003,2046.0,3462.0,2872.7916666666665
2011-12-08,1992.6,3307.4,2706.7875,2160.0,3568.0,2947.4583333333335
2011-12-09,2077.7,3244.6,2707.7125,2246.0,3459.0,2926.4583333333335
2011-12-10,2017.9,3037.6,2516.5375,2117.0,3259.0,2702.6666666666665
2011-12-11,2136.2,3036.6,2555.420833333333,2274.0,3394.0,2783.1666666666665
2011-12-12,2128.3,3214.0,2757.3916666666664,2302.0,3639.0,3027.9583333333335
2011-12-13,2187.6,3250.8,2785.4791666666665,2301.0,3633.0,3033.0416666666665
2011-12-14,2188.4,3305.0,2803.179166666667,2261.0,3635.0,3024.9583333333335
2011-12-15,2050.1,3227.5,2685.3541666666665,2244.0,3563.0,2983.2083333333335
2011-12-16,1884.1,3186.1,2606.7625000000003,2115.0,3450.0,2862.3333333333335
2011-12-17,2004.2,3053.0,2527.7208333333333,2190.0,3350.0,2789.5833333333335
2011-12-18,2141.6,3143.8,2589.6124999999997,2358.0,3562.0,2926.8333333333335
2011-12-19,2209.8,3357.0,2816.383333333333,2513.0,3749.0,3184.0833333333335
2011-12-20,2067.9,3391.4,2785.816666666667,2253.0,3665.0,3029.5833333333335
2011-12-21,2052.7,3247.7,2703.608333333333,2322.0,3607.0,3043.4166666666665
2011-12-22,1916.3,3219.4,2621.2000000000003,2141.0,3436.0,2853.0
2011-12-23,1968.3,3252.9,2681.7208333333333,2119.0,3430.0,2861.6666666666665
2011-12-24,2086.0,3050.0,2572.008333333333,2270.0,3284.0,2808.75
2011-12-25,2109.1,2844.7,2447.8375,2412.0,2982.0,2737.1666666666665
2011-12-26,2003.7,3103.3,2562.741666666667,2212.0,3311.0,2742.2083333333335
2011-12-27,2052.4,3222.6,2694.9041666666667,2295.0,3492.0,2936.9583333333335
2011-12-28,1927.6,3314.5,2656.6291666666666,2085.0,3520.0,2847.625
2011-12-29,2191.0,3343.2,2816.0208333333335,2394.0,3657.0,3066.0416666666665
2011-12-30,2114.4,3182.3,2695.4333333333334,2391.0,3468.0,2981.0833333333335
2011-12-31,2003.6,3001.1,2474.2125,2240.0,3265.0,2762.5416666666665
2012-01-01,2020.2,3011.8,2463.608333333333,2226.0,3027.0,2569.625
2012-01-02,1939.7,3155.9,2544.679166666667,2073.0,3380.0,2708.7083333333335
2012-01-03,2178.4,3564.5,2936.0208333333335,2272.0,3832.0,3133.0833333333335
2012-01-04,2443.2,3578.6,3047.8875000000003,2637.0,3877.0,3330.625
2012-01-05,2280.4,3439.4,2917.304166666667,2512.0,3702.0,3170.8333333333335
2012-01-06,2160.4,3297.6,2798.4708333333333,2420.0,3503.0,3045.125
2012-01-07,1966.4,2981.5,2478.5041666666666,2261.0,3107.0,2689.75
2012-01-08,2019.2,3050.4,2483.641666666667,2142.0,3257.0,2659.7083333333335
2012-01-09,2112.3,3344.3,2786.1458333333335,2314.0,3618.0,3049.9166666666665
2012-01-10,2223.3,3451.2,2894.9708333333333,2302.0,3542.0,2995.6666666666665
2012-01-11,2295.5,3444.6,2916.754166666667,2302.0,3582.0,3020.5416666666665
2012-01-12,2208.0,3355.9,2852.6124999999997,2281.0,3626.0,3075.6666666666665
2012-01-13,2176.1,3406.5,2853.1375000000003,2293.0,3539.0,2998.9166666666665
2012-01-14,2267.5,3262.5,2757.1875,2341.0,3368.0,2870.3333333333335
2012-01-15,2460.0,3467.2,2892.366666666667,2543.0,3697.0,3092.375
2012-01-16,2509.4,3578.5,3063.1749999999997,2747.0,3846.0,3303.7083333333335
2012-01-17,2226.2,3405.4,2847.0791666666664,2450.0,3622.0,3095.2916666666665
2012-01-18,2183.1,3478.7,2924.15,2235.0,3683.0,3052.2083333333335
2012-01-19,2445.5,3621.7,3086.0499999999997,2554.0,3766.0,3238.4166666666665
2012-01-20,2359.9,3599.5,3026.5208333333335,2437.0,3653.0,3134.3333333333335
2012-01-21,2447.5,3392.3,2911.308333333333,2514.0,3646.0,3116.2916666666665
2012-01-22,2368.5,3300.5,2793.804166666667,2596.0,3462.0,3018.0416666666665
2012-01-23,2330.6,3503.2,2956.5416666666665,2442.0,3629.0,3112.25
2012-01-24,2111.5,3413.1,2853.754166666667,2201.0,3393.0,2874.2083333333335
2012-01-25,2272.5,3425.0,2906.625,2193.0,3512.0,2942.2083333333335
2012-01-26,2270.7,3412.8,2895.7208333333333,2279.0,3541.0,2991.0
2012-01-27,2221.1,3358.9,2831.566666666667,2278.0,3442.0,2972.4166666666665
2012-01-28,2143.8,3040.2,2580.7916666666665,2230.0,3133.0,2692.0416666666665
2012-01-29,2223.2,3167.9,2638.7916666666665,2209.0,3257.0,2683.7916666666665
2012-01-30,2279.5,3496.7,2949.995833333333,2267.0,3597.0,3026.125
2012-01-31,2250.2,3399.4,2897.3375,2355.0,3478.0,3017.25
2012-02-01,2203.7,3293.3,2814.0875,2255.0,3382.0,2926.9166666666665
2012-02-02,2208.2,3407.9,2873.0416666666665,2183.0,3566.0,2981.375
2012-02-03,2299.3,3349.0,2905.070833333333,2330.0,3441.0,2997.875
2012-02-04,2229.8,3184.9,2725.2125,2284.0,3208.0,2755.9583333333335
2012-02-05,2265.8,3088.2,2637.4500000000003,2361.0,3274.0,2788.2916666666665
2012-02-06,2269.7,3193.1,2800.125,2354.0,3442.0,2981.5416666666665
2012-02-07,2224.7,3397.0,2908.7625000000003,2245.0,3477.0,2970.5
2012-02-08,2388.0,3446.1,2994.025,2365.0,3570.0,3053.7083333333335
2012-02-09,2292.6,3353.2,2927.3624999999997,2309.0,3422.0,2959.125
2012-02-10,2262.1,3295.1,2872.6875,2305.0,3300.0,2905.125
2012-02-11,2201.4,3173.3,2700.3416666666667,2199.0,3211.0,2750.1666666666665
2012-02-12,2373.7,3288.7,2783.116666666667,2404.0,3512.0,2911.1666666666665
2012-02-13,2497.3,3521.3,3077.4,2563.0,3569.0,3150.2083333333335
2012-02-14,2335.5,3366.1,2927.2833333333333,2389.0,3482.0,3032.9166666666665
2012-02-15,2247.8,3275.1,2850.741666666667,2286.0,3440.0,2973.5416666666665
2012-02-16,2239.5,3341.1,2870.9208333333336,2255.0,3402.0,2927.7916666666665
2012-02-17,2156.3,3244.7,2809.1875,2192.0,3229.0,2833.5
2012-02-18,2149.7,3021.9,2599.025,2219.0,3034.0,2635.8333333333335
2012-02-19,2163.6,3117.7,2615.2791666666667,2209.0,3024.0,2581.75
2012-02-20,2252.8,3365.9,2881.5458333333336,2264.0,3351.0,2827.4166666666665
2012-02-21,2284.4,3344.0,2897.6708333333336,2322.0,3419.0,2941.25
2012-02-22,2162.0,3275.2,2815.2041666666664,2212.0,3242.0,2809.0833333333335
2012-02-23,2120.3,3238.5,2783.929166666667,2132.0,3244.0,2783.2916666666665
2012-02-24,2170.0,3263.8,2824.4249999999997,2171.0,3341.0,2879.375
2012-02-25,2141.1,3054.4,2607.6916666666666,2187.0,3127.0,2668.875
2012-02-26,2228.0,3145.4,2636.4333333333334,2308.0,3248.0,2713.1666666666665
2012-02-27,2258.0,3284.4,2853.0375,2312.0,3416.0,2944.75
2012-02-28,2173.0,3364.4,2860.1416666666664,2197.0,3401.0,2876.125
2012-02-29,2223.6,3418.9,2907.975,2255.0,3589.0,3012.875
2012-03-01,2198.2,3346.2,2893.8875000000003,2333.0,3621.0,3095.375
2012-03-02,2271.1,3238.2,2880.4541666666664,2439.0,3485.0,3093.5833333333335
2012-03-03,2139.6,2909.5,2555.4708333333333,2315.0,3108.0,2758.2916666666665
2012-03-04,2072.7,2976.2,2499.295833333333,2217.0,3210.0,2683.0
2012-03-05,2212.8,3362.1,2865.558333333333,2301.0,3524.0,3000.5416666666665
2012-03-06,2351.4,3357.5,2963.8583333333336,2447.0,3486.0,3061.7083333333335
2012-03-07,2237.4,3162.0,2800.133333333333,2331.0,3272.0,2878.625
2012-03-08,2050.2,3038.2,2672.0125000000003,2103.0,3219.0,2756.4583333333335
2012-03-09,2057.3,3112.9,2723.375,2019.0,3175.0,2731.9166666666665
2012-03-10,2104.5,2903.5,2543.170833333333,2189.0,3074.0,2661.4583333333335
2012-03-11,0.0,2805.0,2351.025,0.0,2951.0,2452.2083333333335
2012-03-12,2046.8,3020.6,2661.6916666666666,2086.0,3128.0,2743.0833333333335
2012-03-13,1990.2,3022.8,2636.2000000000003,1991.0,3092.0,2695.625
2012-03-14,1964.8,3073.1,2649.9333333333334,1929.0,3113.0,2656.2083333333335
2012-03-15,2038.4,3132.2,2696.891666666667,2059.0,3184.0,2762.625
2012-03-16,2070.7,3060.8,2687.975,2118.0,3119.0,2784.0
2012-03-17,2000.2,2824.7,2448.695833333333,2069.0,2807.0,2512.25
2012-03-18,1963.8,2792.7,2352.4,2052.0,2856.0,2425.0833333333335
2012-03-19,1926.0,3040.3,2587.6833333333334,1944.0,3134.0,2684.5833333333335
2012-03-20,1997.2,3093.7,2635.6583333333333,1966.0,3152.0,2712.625
2012-03-21,1847.2,3010.9,2544.758333333333,2003.0,3260.0,2806.125
2012-03-22,1958.2,3138.3,2702.5750000000003,2041.0,3373.0,2867.75
2012-03-23,1945.9,2925.2,2582.5666666666666,2101.0,3184.0,2774.2083333333335
2012-03-24,1862.2,2639.1,2280.4249999999997,1933.0,2761.0,2401.5833333333335
2012-03-25,1851.4,2693.7,2255.7541666666666,1925.0,2912.0,2423.5
2012-03-26,1829.1,2942.8,2527.3375,2001.0,3236.0,2750.5
2012-03-27,1995.9,3029.4,2635.4041666666667,2246.0,3226.0,2874.0416666666665
2012-03-28,2098.9,3062.0,2686.9,2165.0,3176.0,2820.25
2012-03-29,2024.9,3054.4,2694.108333333333,2065.0,3190.0,2788.875
2012-03-30,2048.0,2946.7,2620.1,2144.0,3069.0,2729.9583333333335
2012-03-31,1994.9,2722.1,2407.7708333333335,2065.0,2885.0,2559.25
2012-04-01,1923.0,2639.8,2282.9874999999997,2142.0,2978.0,2523.8333333333335
2012-04-02,1881.6,2959.7,2546.0750000000003,2070.0,3149.0,2768.5416666666665
2012-04-03,1951.6,2914.6,2536.4874999999997,2139.0,3076.0,2762.0833333333335
2012-04-04,1945.0,2853.8,2539.891666666667,2052.0,3060.0,2707.4166666666665
2012-04-05,1937.7,2900.3,2560.1916666666666,2045.0,3029.0,2707.0833333333335
2012-04-06,1954.8,2873.3,2521.8541666666665,2120.0,3039.0,2685.7916666666665
2012-04-07,1938.1,2533.4,2265.3458333333333,2073.0,2837.0,2505.8333333333335
2012-04-08,1854.3,2556.6,2242.4625,2031.0,2783.0,2405.5416666666665
2012-04-09,1921.6,2912.8,2540.4666666666667,2034.0,3072.0,2705.5833333333335
2012-04-10,1941.8,2855.0,2555.3875000000003,2036.0,3015.0,2687.2916666666665
2012-04-11,1982.2,2908.6,2597.2291666666665,1997.0,3006.0,2665.625
2012-04-12,1995.1,2975.5,2641.8708333333334,2017.0,3044.0,2700.8333333333335
2012-04-13,1983.1,2866.5,2569.6583333333333,2070.0,2991.0,2659.875
2012-04-14,1872.8,2580.1,2288.025,1961.0,2701.0,2404.5833333333335
2012-04-15,1862.3,2695.6,2290.5125000000003,1918.0,2828.0,2393.1666666666665
2012-04-16,1904.0,3389.0,2781.1625,2046.0,3503.0,2904.875
2012-04-17,2073.2,3245.0,2790.4666666666667,2113.0,3486.0,2932.375
2012-04-18,1931.4,2933.1,2570.75,2011.0,2998.0,2622.125
2012-04-19,1925.6,2934.7,2574.5375,1938.0,3028.0,2628.1666666666665
2012-04-20,1887.3,2958.5,2558.704166666667,1942.0,3162.0,2657.125
2012-04-21,1840.6,2606.3,2270.508333333333,1937.0,2829.0,2483.75
2012-04-22,1816.2,2650.0,2270.05,1992.0,2820.0,2408.5
2012-04-23,1889.1,2918.8,2571.0916666666667,1988.0,3174.0,2726.125
2012-04-24,2147.1,2997.6,2711.2166666666667,1964.0,2963.0,2626.5
2012-04-25,1939.8,2904.0,2558.7833333333333,1974.0,2968.0,2631.7916666666665
2012-04-26,1971.4,2939.1,2609.170833333333,1972.0,2987.0,2647.4583333333335
2012-04-27,1921.1,2928.9,2573.4125,1969.0,2951.0,2599.4583333333335
2012-04-28,1979.1,2653.5,2370.7791666666667,2003.0,2682.0,2401.2083333333335
2012-04-29,1901.7,2688.5,2310.991666666667,1943.0,2774.0,2340.625
2012-04-30,2000.4,2943.0,2605.329166666667,1973.0,2974.0,2640.0833333333335
2012-05-01,1945.9,2997.4,2626.3958333333335,1960.0,3110.0,2706.1666666666665
2012-05-02,1933.4,2991.6,2613.0583333333334,2008.0,3023.0,2682.0416666666665
2012-05-03,1961.8,2980.5,2595.4666666666667,1990.0,3035.0,2680.875
2012-05-04,1897.3,2882.8,2522.616666666667,1979.0,3072.0,2670.625
2012-05-05,1867.0,2630.1,2324.2083333333335,1957.0,2693.0,2402.5
2012-05-06,1863.3,2616.0,2276.9583333333335,1912.0,2750.0,2326.3333333333335
2012-05-07,1891.4,2977.7,2592.4333333333334,1921.0,3057.0,2644.0416666666665
2012-05-08,1918.6,3057.8,2644.641666666667,1935.0,3043.0,2672.125
2012-05-09,1932.9,2937.2,2542.0499999999997,1973.0,3171.0,2753.75
2012-05-10,1907.8,2844.2,2490.35,2017.0,3087.0,2690.625
2012-05-11,1939.5,2964.1,2594.0916666666667,1944.0,2989.0,2601.7916666666665
2012-05-12,1930.4,2706.6,2389.858333333333,1920.0,2770.0,2424.5833333333335
2012-05-13,1878.1,2804.8,2389.641666666667,1900.0,2913.0,2437.875
2012-05-14,1906.0,3112.7,2658.5750000000003,1993.0,3214.0,2736.6666666666665
2012-05-15,1904.6,3140.1,2675.1791666666663,2001.0,3263.0,2792.7083333333335
2012-05-16,1933.7,3186.5,2730.9791666666665,2075.0,3340.0,2881.2083333333335
2012-05-17,1941.1,3057.6,2643.204166666667,2060.0,3140.0,2735.0
2012-05-18,1904.6,2971.1,2587.375,1946.0,3112.0,2662.4583333333335
2012-05-19,1829.6,2691.8,2341.4791666666665,1916.0,2749.0,2438.25
2012-05-20,1796.7,2683.1,2311.045833333333,1904.0,2875.0,2450.2916666666665
2012-05-21,1881.8,3029.7,2610.9125,1956.0,3212.0,2742.75
2012-05-22,1915.7,3154.4,2686.1208333333334,2006.0,3246.0,2788.625
2012-05-23,1988.6,3323.9,2807.4500000000003,2034.0,3440.0,2904.0416666666665
2012-05-24,1972.5,3271.8,2761.8125,2103.0,3563.0,2981.0833333333335
2012-05-25,1972.9,3250.2,2735.5166666666664,2122.0,3333.0,2889.8333333333335
2012-05-26,1978.7,3134.7,2667.141666666667,2182.0,3381.0,2904.75
2012-05-27,1884.4,2813.9,2427.0375,2101.0,2848.0,2577.1666666666665
2012-05-28,1885.2,2826.9,2468.875,2143.0,3047.0,2678.7083333333335
2012-05-29,2009.1,3449.3,2862.9500000000003,2110.0,3568.0,2991.0416666666665
2012-05-30,2175.6,3683.5,3061.3916666666664,2200.0,3567.0,3077.5833333333335
2012-05-31,2054.7,3435.8,2885.9541666666664,2236.0,3756.0,3138.7083333333335
2012-06-01,2028.8,3244.8,2757.495833333333,2158.0,3280.0,2819.875
2012-06-02,1942.6,2750.1,2427.025,1994.0,2890.0,2532.0416666666665
2012-06-03,1871.7,2696.4,2335.304166666667,1989.0,2775.0,2418.0833333333335
2012-06-04,1885.6,3074.3,2629.5125000000003,1944.0,3068.0,2671.5416666666665
2012-06-05,1895.6,3113.6,2675.2833333333333,1969.0,3058.0,2680.25
2012-06-06,1957.5,3140.3,2695.5625,1972.0,3092.0,2685.375
2012-06-07,1993.7,3200.1,2737.9874999999997,1979.0,3217.0,2738.2916666666665
2012-06-08,1997.6,3268.1,2760.2999999999997,1984.0,3373.0,2807.3333333333335
2012-06-09,1954.9,2874.4,2532.704166666667,2018.0,2940.0,2605.9583333333335
2012-06-10,1894.9,2845.1,2448.1458333333335,1998.0,2934.0,2586.2083333333335
2012-06-11,1998.2,3378.9,2821.7791666666667,2058.0,3461.0,2910.9166666666665
2012-06-12,1991.4,3323.4,2792.625,2085.0,3537.0,2962.4166666666665
2012-06-13,2019.8,3249.3,2778.066666666667,2177.0,3394.0,2945.4166666666665
2012-06-14,1977.8,3281.5,2764.15,2142.0,3348.0,2887.625
2012-06-15,1981.0,3247.9,2725.525,2048.0,3325.0,2814.7083333333335
2012-06-16,1868.9,2816.6,2458.016666666667,2003.0,2818.0,2469.0833333333335
2012-06-17,1864.6,2677.0,2354.4708333333333,1906.0,2684.0,2370.0
2012-06-18,1945.6,3328.7,2782.7875,1971.0,3242.0,2762.0833333333335
2012-06-19,1987.2,3562.4,2907.6708333333336,2025.0,3483.0,2935.0833333333335
2012-06-20,2295.4,4483.1,3581.3875000000003,2263.0,5044.0,3893.2916666666665
2012-06-21,2774.7,4890.5,3991.9583333333335,3188.0,5268.0,4404.458333333333
2012-06-22,2786.6,4640.3,3818.7374999999997,3157.0,5204.0,4240.833333333333
2012-06-23,2404.7,3289.9,2943.3958333333335,2780.0,3888.0,3284.75
2012-06-24,2076.7,3153.2,2726.670833333333,2215.0,3424.0,2928.75
2012-06-25,2183.5,3522.2,2996.7958333333336,2473.0,3676.0,3198.8333333333335
2012-06-26,2062.9,3409.0,2868.5458333333336,2224.0,3493.0,2963.625
2012-06-27,2046.8,3445.6,2898.0208333333335,2107.0,3510.0,2943.3333333333335
2012-06-28,2150.5,3867.8,3140.195833333333,2187.0,3902.0,3205.375
2012-06-29,2399.7,4418.4,3538.0499999999997,2424.0,4517.0,3522.7083333333335
2012-06-30,2439.8,3885.9,3254.7166666666667,2426.0,3957.0,3317.2916666666665
2012-07-01,2600.2,3993.4,3378.991666666667,2558.0,4078.0,3424.0416666666665
2012-07-02,2543.6,4145.9,3452.183333333333,2678.0,4241.0,3580.2083333333335
2012-07-03,2329.9,4057.1,3298.7125,2519.0,4103.0,3418.2916666666665
2012-07-04,2307.1,3620.4,3062.245833333333,2524.0,3914.0,3297.2083333333335
2012-07-05,2495.5,4184.5,3456.0333333333333,2774.0,4235.0,3604.0
2012-07-06,2401.7,4273.6,3462.8250000000003,2533.0,4399.0,3593.75
2012-07-07,2454.7,3928.6,3290.775,2713.0,3823.0,3356.4583333333335
2012-07-08,2390.4,3577.4,3067.6124999999997,2444.0,3968.0,3289.25
2012-07-09,2399.7,3914.9,3261.4833333333336,2513.0,4098.0,3407.5416666666665
2012-07-10,2290.3,3910.7,3222.3250000000003,2354.0,4029.0,3311.0833333333335
2012-07-11,2333.8,3982.6,3277.7958333333336,2440.0,4205.0,3468.8333333333335
2012-07-12,2369.4,4118.1,3355.433333333333,2576.0,4546.0,3682.125
2012-07-13,2471.8,4347.9,3518.5249999999996,2626.0,4752.0,3780.375
2012-07-14,2467.0,3922.2,3308.9083333333333,2719.0,4224.0,3519.375
2012-07-15,2449.8,3769.2,3219.941666666667,2661.0,4351.0,3651.0416666666665
2012-07-16,2651.0,4694.2,3814.945833333333,3085.0,4973.0,4141.0
2012-07-17,2752.0,4886.4,3961.379166666667,3016.0,5363.0,4347.0
2012-07-18,2806.0,4637.6,3828.008333333333,3401.0,5157.0,4204.291666666667
2012-07-19,2552.1,4163.5,3455.2833333333333,2728.0,4106.0,3510.0
2012-07-20,2365.0,3669.6,3111.1875,2545.0,3549.0,3118.9166666666665
2012-07-21,2113.0,3160.9,2746.2666666666664,2175.0,3158.0,2767.2916666666665
2012-07-22,2114.8,3348.6,2779.5750000000003,2170.0,3590.0,2931.25
2012-07-23,2331.2,4189.8,3415.3875000000003,2480.0,4458.0,3597.6666666666665
2012-07-24,2572.6,4482.3,3643.2333333333336,2888.0,4819.0,3826.625
2012-07-25,2466.0,3863.8,3265.066666666667,2439.0,3952.0,3308.7083333333335
2012-07-26,2271.8,4003.2,3285.775,2464.0,4210.0,3472.375
2012-07-27,2594.6,3995.5,3354.929166666667,2789.0,3772.0,3362.875
2012-07-28,2316.6,3267.1,2877.429166666667,2385.0,3482.0,3005.5416666666665
2012-07-29,2148.5,3254.9,2765.9041666666667,2361.0,3060.0,2775.375
2012-07-30,2272.0,3991.8,3246.566666666667,2240.0,4053.0,3267.125
2012-07-31,2251.8,3766.7,3134.2625000000003,2384.0,3860.0,3237.9583333333335
2012-08-01,2285.1,4012.9,3258.6375000000003,2446.0,4187.0,3427.7916666666665
2012-08-02,2377.6,4262.0,3456.5375,2556.0,4651.0,3786.4583333333335
2012-08-03,2529.6,4514.0,3650.620833333333,2868.0,4961.0,4059.8333333333335
2012-08-04,2518.8,3884.6,3311.6749999999997,3021.0,4443.0,3795.4166666666665
2012-08-05,2467.1,3809.0,3223.3958333333335,2869.0,4507.0,3721.4583333333335
2012-08-06,2627.4,4348.8,3606.975,3011.0,4513.0,3855.1666666666665
2012-08-07,2432.1,4119.0,3394.8291666666664,2538.0,4198.0,3485.5833333333335
2012-08-08,2440.0,4325.2,3492.804166666667,2567.0,4530.0,3688.9583333333335
2012-08-09,2579.9,4432.8,3622.0499999999997,2764.0,4823.0,3929.4166666666665
2012-08-10,2547.8,4134.5,3439.5750000000003,2958.0,4580.0,3818.5
2012-08-11,2504.1,3677.8,3176.745833333333,2705.0,3932.0,3424.7083333333335
2012-08-12,2437.3,3604.2,3089.4666666666667,2791.0,4024.0,3454.375
2012-08-13,2475.0,4281.8,3495.633333333333,2780.0,4524.0,3751.5833333333335
2012-08-14,2525.3,4397.4,3563.3541666666665,2650.0,4318.0,3618.2916666666665
2012-08-15,2512.9,4202.7,3468.0916666666667,2740.0,4458.0,3687.5416666666665
2012-08-16,2472.5,4124.3,3410.429166666667,2648.0,4318.0,3597.5416666666665
2012-08-17,2474.8,4389.1,3548.9083333333333,2531.0,4474.0,3602.8333333333335
2012-08-18,2448.2,3391.2,2986.254166666667,2623.0,3242.0,2953.375
2012-08-19,2163.3,3089.8,2709.758333333333,2156.0,3080.0,2677.125
2012-08-20,2220.4,3777.1,3129.383333333333,2263.0,3743.0,3134.8333333333335
2012-08-21,2199.5,3808.4,3146.129166666667,2333.0,3931.0,3254.7916666666665
2012-08-22,2274.4,3869.4,3198.5875,2342.0,3954.0,3274.125
2012-08-23,2295.5,4075.1,3319.8958333333335,2424.0,4228.0,3465.8333333333335
2012-08-24,2390.3,3980.9,3301.9,2567.0,4122.0,3445.0
2012-08-25,2290.1,3361.3,2901.433333333333,2502.0,3558.0,3086.4583333333335
2012-08-26,2200.0,3259.7,2806.683333333333,2301.0,3443.0,2939.4166666666665
2012-08-27,2315.3,4059.2,3309.9,2377.0,4340.0,3474.0416666666665
2012-08-28,2522.0,4188.2,3454.0958333333333,2791.0,4470.0,3708.8333333333335
2012-08-29,2293.7,3711.8,3121.941666666667,2412.0,3625.0,3129.125
2012-08-30,2194.0,3955.3,3196.5125000000003,2200.0,3758.0,3115.6666666666665
2012-08-31,2359.4,4485.2,3536.941666666667,2305.0,4144.0,3356.5833333333335
2012-09-01,2456.8,3284.2,2907.1708333333336,2560.0,3398.0,2983.9166666666665
2012-09-02,2114.4,3074.0,2656.5625,2196.0,3009.0,2657.125
2012-09-03,2046.6,3237.3,2738.4,2165.0,3256.0,2788.125
2012-09-04,2222.0,3709.2,3142.695833333333,2235.0,3673.0,3151.875
2012-09-05,2317.6,3692.4,3147.3583333333336,2591.0,4215.0,3559.0416666666665
2012-09-06,2350.8,3901.5,3253.6875,2469.0,4030.0,3393.0
2012-09-07,2316.0,3781.5,3205.383333333333,2499.0,4342.0,3560.5
2012-09-08,2333.2,3271.5,2882.1041666666665,2637.0,3863.0,3370.7083333333335
2012-09-09,2236.4,3028.0,2674.7208333333333,2344.0,3127.0,2749.8333333333335
2012-09-10,2025.4,3302.3,2803.429166666667,2121.0,3269.0,2820.9583333333335
2012-09-11,1995.4,3235.1,2762.275,1984.0,3269.0,2774.2916666666665
2012-09-12,2012.1,3421.4,2847.945833333333,2011.0,3403.0,2862.0
2012-09-13,2086.1,3581.0,2981.5833333333335,2119.0,3755.0,3094.9166666666665
2012-09-14,2127.1,3610.9,3015.9791666666665,2238.0,3883.0,3164.2083333333335
2012-09-15,2082.9,2961.8,2617.2916666666665,2241.0,2956.0,2668.0
2012-09-16,1954.3,2795.0,2421.4333333333334,1953.0,2919.0,2447.125
2012-09-17,1999.7,3293.8,2814.945833333333,1958.0,3287.0,2782.8333333333335
2012-09-18,2038.8,3473.7,2925.929166666667,2059.0,3538.0,2969.9166666666665
2012-09-19,2176.3,3349.7,2913.2708333333335,2333.0,3324.0,2934.875
2012-09-20,1955.2,3176.2,2739.745833333333,1979.0,3113.0,2701.6666666666665
2012-09-21,1958.8,3178.7,2720.233333333333,1945.0,3041.0,2657.875
2012-09-22,1988.2,3015.3,2554.9333333333334,1976.0,2908.0,2494.6666666666665
2012-09-23,1966.6,2913.3,2464.8958333333335,2059.0,2942.0,2487.4166666666665
2012-09-24,1947.7,3149.1,2723.445833333333,1928.0,3131.0,2683.8333333333335
2012-09-25,1977.6,3245.8,2766.8458333333333,1942.0,3183.0,2726.0833333333335
2012-09-26,1988.0,3335.3,2826.4541666666664,2016.0,3345.0,2866.2083333333335
2012-09-27,2054.1,3200.7,2778.9541666666664,2112.0,3206.0,2808.1666666666665
2012-09-28,1961.6,3084.8,2685.133333333333,1968.0,3092.0,2703.0416666666665
2012-09-29,1932.0,2868.4,2462.7708333333335,1983.0,2807.0,2466.0416666666665
2012-09-30,1886.4,2830.9,2373.116666666667,1934.0,2918.0,2441.4583333333335
2012-10-01,1931.5,3115.7,2688.6208333333334,1942.0,3193.0,2713.5833333333335
2012-10-02,1948.7,3236.9,2744.1375000000003,1984.0,3250.0,2777.9166666666665
2012-10-03,2014.2,3333.8,2841.445833333333,2047.0,3308.0,2852.7916666666665
2012-10-04,2027.9,3235.7,2799.620833333333,2049.0,3267.0,2825.4166666666665
2012-10-05,1938.3,3148.4,2691.883333333333,2056.0,3306.0,2835.5
2012-10-06,1962.0,2745.2,2410.5750000000003,2052.0,2986.0,2580.75
2012-10-07,1852.8,2756.0,2312.5958333333333,1911.0,2774.0,2355.2083333333335
2012-10-08,1914.9,3015.6,2598.266666666667,1930.0,3069.0,2567.25
2012-10-09,1940.3,3058.0,2652.7708333333335,1956.0,3195.0,2718.1666666666665
2012-10-10,1922.9,3025.1,2617.608333333333,1975.0,3281.0,2761.1666666666665
2012-10-11,1896.9,3043.6,2615.6541666666667,1982.0,3113.0,2681.4166666666665
2012-10-12,1902.8,2985.7,2595.4958333333334,1994.0,3074.0,2700.1666666666665
2012-10-13,1992.4,2738.8,2425.3708333333334,2082.0,2865.0,2514.625
2012-10-14,1950.3,2754.8,2358.920833333333,1989.0,2972.0,2494.625
2012-10-15,1948.9,2986.5,2614.329166666667,1987.0,3331.0,2824.75
2012-10-16,1906.7,3066.1,2605.0750000000003,2031.0,3132.0,2693.375
2012-10-17,1979.6,3271.1,2748.275,1998.0,3148.0,2700.5416666666665
2012-10-18,1937.2,3047.3,2621.508333333333,1979.0,3155.0,2705.6666666666665
2012-10-19,1923.6,3042.7,2625.633333333333,1975.0,3192.0,2754.9583333333335
2012-10-20,1926.9,2681.4,2349.204166666667,2057.0,2925.0,2565.75
2012-10-21,1859.2,2792.4,2312.2208333333333,1890.0,2906.0,2375.8333333333335
2012-10-22,1898.9,3065.9,2618.6875,1917.0,3190.0,2679.4583333333335
2012-10-23,1922.1,3072.9,2616.5750000000003,1944.0,3189.0,2682.5416666666665
2012-10-24,1915.3,3125.1,2643.2625000000003,1952.0,3182.0,2682.25
2012-10-25,1911.7,3085.0,2615.2458333333334,1984.0,3161.0,2698.4583333333335
2012-10-26,1914.1,2987.1,2609.570833333333,1975.0,3085.0,2679.25
2012-10-27,1903.1,2775.0,2393.1208333333334,1945.0,2857.0,2435.9583333333335
2012-10-28,1869.5,2807.3,2332.0291666666667,1924.0,3012.0,2460.125
2012-10-29,1855.9,3070.3,2568.3541666666665,1949.0,3096.0,2548.9583333333335
2012-10-30,1609.8,2631.2,2225.108333333333,1846.0,3179.0,2620.7083333333335
2012-10-31,1652.3,2737.9,2310.6291666666666,1955.0,3068.0,2656.75
2012-11-01,1836.9,2998.7,2546.758333333333,1970.0,3162.0,2667.2916666666665
2012-11-02,1947.9,3119.9,2670.0291666666667,1973.0,3122.0,2671.5416666666665
2012-11-03,1973.0,2856.3,2439.3333333333335,1989.0,2888.0,2472.125
2012-11-04,1968.5,4095.2,2500.0583333333334,1990.0,4129.0,2552.7083333333335
2012-11-05,2100.2,3395.1,2829.3416666666667,2039.0,3419.0,2807.4166666666665
2012-11-06,2158.1,3369.1,2856.241666666667,2193.0,3423.0,2879.7083333333335
2012-11-07,2125.7,3408.5,2794.5625,2204.0,3613.0,3003.6666666666665
2012-11-08,2143.9,3464.3,2891.741666666667,2294.0,3578.0,3034.0833333333335
2012-11-09,2186.6,3262.4,2808.2666666666664,2217.0,3297.0,2824.3333333333335
2012-11-10,2102.5,2982.2,2544.5583333333334,2118.0,2985.0,2558.8333333333335
2012-11-11,2023.8,2913.7,2436.3708333333334,2059.0,2965.0,2479.5
2012-11-12,2002.4,3211.5,2707.2833333333333,1991.0,3325.0,2700.5833333333335
2012-11-13,1941.2,3277.7,2730.4041666666667,2027.0,3340.0,2769.5833333333335
2012-11-14,2087.9,3343.2,2825.2958333333336,2081.0,3392.0,2809.5416666666665
2012-11-15,2135.2,3356.3,2844.8583333333336,2179.0,3444.0,2895.2916666666665
2012-11-16,2128.9,3254.8,2782.8958333333335,2197.0,3352.0,2853.7083333333335
2012-11-17,2075.3,3020.9,2558.2374999999997,2168.0,3064.0,2627.75
2012-11-18,2109.3,3052.1,2543.9083333333333,2169.0,3147.0,2616.0833333333335
2012-11-19,2098.6,3364.2,2816.2958333333336,2187.0,3440.0,2889.9583333333335
2012-11-20,2146.4,3332.8,2815.8250000000003,2216.0,3399.0,2880.5416666666665
2012-11-21,2094.7,3351.9,2797.6375000000003,2160.0,3327.0,2812.2916666666665
2012-11-22,2004.7,2748.5,2459.045833333333,2075.0,2747.0,2459.1666666666665
2012-11-23,2044.6,3104.1,2611.875,2079.0,3049.0,2570.5416666666665
2012-11-24,2032.4,3040.0,2545.5375,2003.0,3035.0,2535.2083333333335
2012-11-25,2109.0,3121.7,2585.366666666667,2167.0,3281.0,2683.0416666666665
2012-11-26,2179.3,3479.6,2886.7291666666665,2226.0,3514.0,2938.9166666666665
2012-11-27,2181.5,3443.5,2879.6541666666667,2251.0,3604.0,3013.1666666666665
2012-11-28,2082.2,3439.3,2858.4791666666665,2255.0,3611.0,3025.7083333333335
2012-11-29,2182.1,3455.6,2893.0458333333336,2328.0,3475.0,2983.7916666666665
2012-11-30,2194.5,3487.6,2922.2916666666665,2254.0,3572.0,2994.4166666666665
2012-12-01,2142.2,3117.9,2626.0875,2288.0,3407.0,2890.8333333333335
2012-12-02,2056.3,3058.4,2513.5,2268.0,3273.0,2735.1666666666665
2012-12-03,2004.9,3395.6,2761.6708333333336,2092.0,3415.0,2821.625
2012-12-04,2141.8,3348.8,2815.308333333333,2136.0,3497.0,2897.6666666666665
2012-12-05,2023.4,3415.5,2798.1583333333333,2070.0,3439.0,2828.2083333333335
2012-12-06,2192.5,3493.3,2923.7083333333335,2231.0,3572.0,2982.875
2012-12-07,2244.0,3393.7,2890.4874999999997,2310.0,3493.0,2982.3333333333335
2012-12-08,2131.5,3289.1,2665.920833333333,2124.0,3194.0,2700.0
2012-12-09,2084.9,3192.2,2599.6041666666665,2094.0,3264.0,2637.4166666666665
2012-12-10,2091.4,3387.5,2809.695833333333,2137.0,3557.0,2927.3333333333335
2012-12-11,2082.7,3500.7,2875.5125000000003,2059.0,3513.0,2864.4166666666665
2012-12-12,2238.4,3574.7,2963.5625,2242.0,3639.0,3017.75
2012-12-13,2255.3,3541.2,2961.991666666667,2311.0,3591.0,3010.2916666666665
2012-12-14,2205.4,3445.9,2897.9791666666665,2309.0,3501.0,2975.7083333333335
2012-12-15,2195.0,3301.7,2755.0499999999997,2243.0,3285.0,2770.1666666666665
2012-12-16,2223.4,3319.7,2740.0791666666664,2245.0,3473.0,2862.7083333333335
2012-12-17,2204.6,3601.5,2970.2958333333336,2277.0,3713.0,3085.4166666666665
2012-12-18,2128.0,3470.7,2876.258333333333,2239.0,3547.0,2974.4583333333335
2012-12-19,2143.4,3503.0,2903.975,2176.0,3591.0,2961.4166666666665
2012-12-20,2237.6,3561.2,2968.504166666667,2236.0,3566.0,2980.125
2012-12-21,2169.5,3506.9,2901.3624999999997,2214.0,3443.0,2940.5833333333335
2012-12-22,2149.4,3238.5,2701.195833333333,2172.0,3313.0,2765.3333333333335
2012-12-23,2241.5,3332.0,2728.5583333333334,2323.0,3262.0,2773.625
2012-12-24,2226.4,3516.2,2917.1749999999997,2291.0,3317.0,2828.125
2012-12-25,2190.3,3198.6,2724.7458333333334,2221.0,3037.0,2706.0833333333335
2012-12-26,2294.7,3569.7,2976.2791666666667,2328.0,3590.0,3009.1666666666665
2012-12-27,2231.8,3597.5,2961.4208333333336,2327.0,3565.0,2998.75
2012-12-28,2216.7,3495.2,2922.4375,2339.0,3506.0,2972.8333333333335
2012-12-29,2293.5,3299.3,2791.2791666666667,2325.0,3377.0,2866.875
2012-12-30,2253.8,3390.4,2782.1416666666664,2352.0,3458.0,2876.625
2012-12-31,2374.1,3586.2,3013.320833333333,2515.0,3634.0,3090.0
2013-01-01,2200.0,3398.7,2784.8333333333335,2357.0,3489.0,2856.2916666666665
2013-01-02,2395.0,3675.5,3067.2708333333335,2502.0,3894.0,3277.0416666666665
2013-01-03,2422.4,3712.5,3089.129166666667,2719.0,3951.0,3394.2916666666665
2013-01-04,2439.6,3565.5,3036.820833333333,2602.0,3657.0,3183.4166666666665
2013-01-05,2279.0,3326.8,2791.9125,2372.0,3313.0,2839.7083333333335
2013-01-06,2248.4,3268.5,2725.8541666666665,2346.0,3325.0,2769.9583333333335
2013-01-07,2257.9,3613.9,3004.875,2283.0,3615.0,3020.4583333333335
2013-01-08,2277.6,3517.9,2957.3458333333333,2370.0,3534.0,3009.875
2013-01-09,2262.1,3476.5,2938.7208333333333,2291.0,3552.0,3004.7916666666665
2013-01-10,2228.4,3517.9,2929.725,2245.0,3473.0,2929.4166666666665
2013-01-11,2281.5,3458.6,2922.25,2289.0,3455.0,2962.375
2013-01-12,2128.5,3102.3,2628.6041666666665,2190.0,3149.0,2697.125
2013-01-13,2080.1,3072.2,2542.108333333333,2110.0,3113.0,2599.125
2013-01-14,2076.4,3408.9,2805.3125,2055.0,3331.0,2786.5833333333335
2013-01-15,2151.0,3495.0,2887.225,2111.0,3482.0,2886.875
2013-01-16,2204.7,3559.6,2938.4791666666665,2238.0,3643.0,3038.625
2013-01-17,2234.2,3535.4,2952.2999999999997,2302.0,3524.0,2990.4166666666665
2013-01-18,2373.6,3619.1,3064.3541666666665,2348.0,3682.0,3133.2083333333335
2013-01-19,2335.6,3202.7,2758.4249999999997,2452.0,3171.0,2819.4583333333335
2013-01-20,2161.2,3210.6,2649.2083333333335,2189.0,3171.0,2648.7916666666665
2013-01-21,2333.5,3591.4,3029.808333333333,2364.0,3717.0,3085.875
2013-01-22,2371.2,3724.5,3121.0958333333333,2455.0,3846.0,3250.3333333333335
2013-01-23,2518.3,3781.2,3220.0958333333333,2714.0,4057.0,3474.3333333333335
2013-01-24,2565.8,3834.3,3264.2041666666664,2880.0,4069.0,3561.8333333333335
2013-01-25,2589.0,3715.8,3229.7916666666665,2888.0,3878.0,3455.25
2013-01-26,2450.7,3413.8,2931.1458333333335,2688.0,3622.0,3170.1666666666665
2013-01-27,2428.8,3410.7,2874.5625,2724.0,3653.0,3129.625
2013-01-28,2461.2,3567.5,3091.15,2640.0,3873.0,3313.875
2013-01-29,2280.7,3511.6,2969.2125,2505.0,3692.0,3180.25
2013-01-30,2188.2,3390.2,2866.6041666666665,2365.0,3453.0,2985.8333333333335
2013-01-31,1928.4,3063.0,2565.2000000000003,2121.0,3402.0,2850.5416666666665
2013-02-01,2257.9,3495.5,2970.245833333333,2335.0,3578.0,3054.3333333333335
2013-02-02,2336.1,3287.2,2824.2916666666665,2504.0,3386.0,2955.7083333333335
2013-02-03,2366.8,3313.5,2773.8458333333333,2433.0,3527.0,2958.5416666666665
2013-02-04,2360.4,3441.6,3021.308333333333,2474.0,3807.0,3216.625
2013-02-05,2448.0,3500.2,3049.129166666667,2567.0,3758.0,3244.0
2013-02-06,2380.7,3510.1,3009.0499999999997,2488.0,3615.0,3124.0833333333335
2013-02-07,2454.9,3598.2,3092.2625000000003,2510.0,3648.0,3194.2916666666665
2013-02-08,2409.7,3504.5,3046.625,2520.0,3611.0,3157.0
2013-02-09,2274.8,3170.1,2728.616666666667,2595.0,3590.0,3035.8333333333335
2013-02-10,2419.6,3245.9,2767.1375000000003,2648.0,3450.0,2981.25
2013-02-11,2359.3,3347.7,2920.5375,2542.0,3595.0,3165.9166666666665
2013-02-12,2218.6,3388.9,2892.4708333333333,2350.0,3502.0,3007.6666666666665
2013-02-13,2469.2,3628.0,3131.929166666667,2349.0,3451.0,2979.9583333333335
2013-02-14,2355.9,3499.8,3013.4874999999997,2308.0,3380.0,2935.9166666666665
2013-02-15,2205.7,3268.9,2837.2625000000003,2332.0,3249.0,2887.9583333333335
2013-02-16,2176.4,3143.5,2673.991666666667,2237.0,3160.0,2748.2916666666665
2013-02-17,2259.7,3328.8,2763.0458333333336,2350.0,3554.0,2976.75
2013-02-18,2403.1,3488.0,3016.7333333333336,2663.0,3605.0,3150.9583333333335
2013-02-19,2381.4,3445.6,2984.1,2527.0,3419.0,3039.0833333333335
2013-02-20,2266.5,3473.6,2954.4375,2257.0,3579.0,3012.625
2013-02-21,2239.8,3364.6,2889.691666666667,2459.0,3586.0,3106.9583333333335
2013-02-22,2251.5,3275.0,2860.7125,2492.0,3382.0,3014.4166666666665
2013-02-23,2246.7,3135.8,2701.170833333333,2318.0,3242.0,2798.8333333333335
2013-02-24,2197.2,3169.8,2652.975,2269.0,3414.0,2815.2083333333335
2013-02-25,2248.0,3395.0,2906.7916666666665,2363.0,3482.0,2993.7916666666665
2013-02-26,2273.8,3393.8,2910.5416666666665,2308.0,3451.0,2943.5416666666665
2013-02-27,2231.9,3394.8,2892.866666666667,2268.0,3568.0,3035.9583333333335
2013-02-28,2214.7,3327.7,2846.1416666666664,2294.0,3371.0,2932.8333333333335
2013-03-01,2218.3,3256.3,2840.7208333333333,2236.0,3350.0,2915.2083333333335
2013-03-02,2149.4,3023.9,2604.6875,2257.0,3092.0,2689.2083333333335
2013-03-03,2142.4,3093.9,2581.3624999999997,2220.0,3186.0,2652.125
2013-03-04,2199.3,3342.0,2857.316666666667,2261.0,3512.0,2960.9166666666665
2013-03-05,2140.8,3301.2,2819.9,2337.0,3434.0,2963.0416666666665
2013-03-06,2190.2,3356.5,2876.241666666667,2255.0,3554.0,3004.375
2013-03-07,2187.8,3383.7,2889.0875,2343.0,3641.0,3105.6666666666665
2013-03-08,2249.6,3282.7,2884.120833333333,2422.0,3530.0,3095.3333333333335
2013-03-09,2162.9,2963.9,2604.133333333333,2336.0,3098.0,2714.375
2013-03-10,0.0,2998.5,2439.4708333333333,0.0,3144.0,2573.9583333333335
2013-03-11,2115.7,3167.6,2773.125,2246.0,3254.0,2861.2916666666665
2013-03-12,2072.2,3106.0,2722.8541666666665,2150.0,3262.0,2839.5833333333335
2013-03-13,2050.0,3144.0,2719.0125000000003,2112.0,3168.0,2766.0
2013-03-14,2116.0,3261.0,2806.4125,2193.0,3422.0,2942.4583333333335
2013-03-15,2293.6,3129.6,2833.775,2458.0,3394.0,3012.1666666666665
2013-03-16,2168.9,2929.4,2603.0916666666667,2300.0,3021.0,2709.9166666666665
2013-03-17,2155.7,2994.8,2560.866666666667,2275.0,3133.0,2682.9583333333335
2013-03-18,2279.0,3237.8,2894.8375,2398.0,3432.0,3028.9166666666665
2013-03-19,2222.3,3225.2,2866.441666666667,2373.0,3503.0,3087.7916666666665
2013-03-20,2199.2,3199.2,2838.5791666666664,2401.0,3371.0,3003.7916666666665
2013-03-21,2316.8,3331.6,2951.0291666666667,2365.0,3392.0,2996.5
2013-03-22,2271.3,3208.4,2877.5916666666667,2342.0,3261.0,2921.625
2013-03-23,2223.9,2941.6,2635.0333333333333,2321.0,2996.0,2707.6666666666665
2013-03-24,2172.3,2961.5,2562.0333333333333,2257.0,2995.0,2597.0
2013-03-25,2182.6,3268.5,2854.8958333333335,2186.0,3285.0,2864.125
2013-03-26,2179.7,3223.2,2833.3375,2217.0,3149.0,2819.5
2013-03-27,2186.3,3185.0,2814.9208333333336,2189.0,3147.0,2800.625
2013-03-28,2137.3,3161.6,2789.745833333333,2146.0,3153.0,2803.5833333333335
2013-03-29,2108.6,3039.3,2698.0333333333333,2156.0,3038.0,2715.4583333333335
2013-03-30,2040.1,2723.2,2423.2458333333334,2067.0,2779.0,2481.5416666666665
2013-03-31,1993.8,2705.9,2332.2125,2066.0,2778.0,2403.9583333333335
2013-04-01,1952.8,2977.8,2621.3958333333335,2015.0,3118.0,2710.5833333333335
2013-04-02,2094.6,3139.2,2767.254166666667,2166.0,3288.0,2864.125
2013-04-03,2145.0,3091.7,2769.7791666666667,2276.0,3199.0,2878.625
2013-04-04,2144.8,3037.1,2738.441666666667,2250.0,3140.0,2811.9583333333335
2013-04-05,2076.8,2951.9,2640.0291666666667,2129.0,3082.0,2714.4166666666665
2013-04-06,2022.8,2737.8,2424.1666666666665,2100.0,2834.0,2539.7083333333335
2013-04-07,1993.2,2726.5,2360.008333333333,2136.0,2892.0,2500.0
2013-04-08,1960.0,2914.7,2592.5583333333334,2044.0,2996.0,2675.0416666666665
2013-04-09,1877.7,2901.6,2573.5041666666666,1986.0,3025.0,2665.5833333333335
2013-04-10,1893.4,2964.9,2594.4500000000003,1967.0,3048.0,2648.7083333333335
2013-04-11,1938.1,3008.5,2644.75,1982.0,3041.0,2671.375
2013-04-12,2014.8,3054.9,2684.0625,2039.0,3189.0,2799.375
2013-04-13,2015.0,2676.3,2411.9083333333333,2141.0,2832.0,2530.0
2013-04-14,1960.0,2709.7,2343.1375000000003,2026.0,2780.0,2405.875
2013-04-15,2051.8,3067.1,2699.704166666667,2069.0,2899.0,2592.4583333333335
2013-04-16,1974.6,2938.0,2613.4583333333335,2037.0,2947.0,2635.0416666666665
2013-04-17,1909.7,2890.4,2566.5375,1971.0,2925.0,2595.625
2013-04-18,1918.8,2888.1,2566.391666666667,1947.0,2909.0,2590.9166666666665
2013-04-19,1891.5,2951.6,2562.9958333333334,1967.0,2978.0,2605.125
2013-04-20,1823.0,2597.7,2275.9416666666666,1982.0,2641.0,2369.0416666666665
2013-04-21,1895.3,2690.5,2292.6875,1952.0,2779.0,2340.9583333333335
2013-04-22,1961.1,2908.8,2589.358333333333,2000.0,3025.0,2653.375
2013-04-23,1985.8,2966.2,2640.4333333333334,2048.0,3195.0,2799.1666666666665
2013-04-24,1954.0,2902.1,2581.35,2087.0,3009.0,2703.2083333333335
2013-04-25,1899.7,2871.4,2546.9791666666665,1961.0,2947.0,2619.0833333333335
2013-04-26,1895.1,2823.1,2510.775,1959.0,2897.0,2569.125
2013-04-27,1899.2,2559.7,2287.3708333333334,1952.0,2646.0,2358.125
2013-04-28,1858.4,2622.1,2225.8083333333334,1906.0,2739.0,2313.0833333333335
2013-04-29,1867.0,2877.3,2518.6041666666665,1907.0,3015.0,2616.9166666666665
2013-04-30,1891.9,2925.3,2567.0416666666665,1916.0,2976.0,2604.75
2013-05-01,1886.3,2858.0,2525.804166666667,1927.0,2975.0,2612.0833333333335
2013-05-02,1875.1,2910.1,2549.5291666666667,1938.0,3127.0,2652.5833333333335
2013-05-03,1868.1,2863.7,2509.1,1945.0,2922.0,2573.5
2013-05-04,1860.4,2572.1,2289.204166666667,1947.0,2649.0,2352.5833333333335
2013-05-05,1839.9,2620.2,2232.9333333333334,1934.0,2724.0,2311.2083333333335
2013-05-06,1864.4,2914.2,2540.5291666666667,1939.0,2984.0,2624.0
2013-05-07,1845.9,2948.6,2557.5333333333333,1947.0,3129.0,2708.0833333333335
2013-05-08,1863.2,3030.3,2606.4708333333333,1980.0,3193.0,2743.7916666666665
2013-05-09,1880.2,3023.8,2601.0416666666665,1995.0,3146.0,2730.9166666666665
2013-05-10,1880.7,3069.5,2610.875,1968.0,3222.0,2736.625
2013-05-11,1871.4,2676.0,2368.7125,1974.0,2843.0,2502.25
2013-05-12,1838.6,2604.9,2264.2208333333333,1971.0,2689.0,2379.7083333333335
2013-05-13,1873.1,2944.3,2566.85,1873.0,2922.0,2564.0833333333335
2013-05-14,1887.2,2944.7,2570.8708333333334,1928.0,2938.0,2597.0416666666665
2013-05-15,1891.7,2945.7,2569.3875000000003,1941.0,2995.0,2631.4583333333335
2013-05-16,1874.2,3055.0,2619.2916666666665,1941.0,3199.0,2735.2083333333335
2013-05-17,1868.2,2968.8,2563.3375,1945.0,3031.0,2620.25
2013-05-18,1840.9,2621.1,2318.945833333333,1899.0,2690.0,2379.0416666666665
2013-05-19,1802.5,2596.6,2246.8416666666667,1873.0,2721.0,2332.4583333333335
2013-05-20,1843.6,3022.7,2605.0833333333335,1923.0,3456.0,2848.3333333333335
2013-05-21,1936.9,3071.5,2659.820833333333,2082.0,3423.0,2814.2083333333335
2013-05-22,1924.1,3262.2,2754.6,1941.0,3115.0,2673.4166666666665
2013-05-23,2015.9,3365.3,2833.225,1961.0,3370.0,2825.5833333333335
2013-05-24,1987.9,3156.0,2688.204166666667,2101.0,3321.0,2801.5416666666665
2013-05-25,1898.3,2680.2,2370.975,1915.0,2606.0,2340.25
2013-05-26,1885.0,2611.0,2281.2999999999997,1915.0,2512.0,2264.3333333333335
2013-05-27,1846.1,2648.5,2349.7458333333334,1889.0,2716.0,2343.1666666666665
2013-05-28,1889.2,3097.3,2639.4,1874.0,3121.0,2655.7916666666665
2013-05-29,1898.8,3132.8,2678.625,1984.0,3251.0,2785.25
2013-05-30,2050.0,3818.6,3092.441666666667,2093.0,4103.0,3296.2083333333335
2013-05-31,2241.9,4133.1,3330.6458333333335,2492.0,4676.0,3757.5416666666665
2013-06-01,2224.4,3731.6,3074.9625,2617.0,4345.0,3621.5416666666665
2013-06-02,2111.1,3192.7,2733.9541666666664,2629.0,4219.0,3513.9166666666665
2013-06-03,2182.5,3502.0,2991.4583333333335,2632.0,3947.0,3360.9166666666665
2013-06-04,2002.6,3267.1,2757.6083333333336,2134.0,3297.0,2854.125
2013-06-05,1970.4,3214.2,2732.7999999999997,2020.0,3336.0,2825.0416666666665
2013-06-06,1970.9,3222.0,2746.820833333333,2040.0,3373.0,2828.3333333333335
2013-06-07,1954.7,3132.8,2686.016666666667,2032.0,3141.0,2709.7083333333335
2013-06-08,1965.8,2798.4,2487.2166666666667,1977.0,2950.0,2546.9166666666665
2013-06-09,1944.0,2950.8,2541.5916666666667,1949.0,3061.0,2607.5
2013-06-10,2019.5,3413.3,2868.3125,2085.0,3296.0,2849.5416666666665
2013-06-11,2005.4,3296.8,2793.870833333333,2038.0,3180.0,2766.7916666666665
2013-06-12,1953.9,3197.7,2740.1583333333333,2015.0,3208.0,2770.2916666666665
2013-06-13,1960.3,3210.6,2737.116666666667,2011.0,3201.0,2739.4166666666665
2013-06-14,1925.3,3077.7,2643.579166666667,1979.0,3103.0,2696.875
2013-06-15,1951.2,2898.0,2512.6833333333334,1976.0,2897.0,2547.5416666666665
2013-06-16,1898.9,2878.1,2484.775,1949.0,2934.0,2524.625
2013-06-17,2054.3,3609.6,2986.620833333333,2140.0,3957.0,3151.4166666666665
2013-06-18,2152.3,3519.9,2970.1666666666665,2189.0,3577.0,2967.2083333333335
2013-06-19,2044.4,3337.9,2835.9708333333333,2067.0,3359.0,2866.7083333333335
2013-06-20,2035.4,3405.4,2865.929166666667,2046.0,3503.0,2927.4166666666665
2013-06-21,2057.3,3561.0,2942.8541666666665,2130.0,3844.0,3140.4583333333335
2013-06-22,2115.4,3238.8,2807.1541666666667,2261.0,3569.0,3007.3333333333335
2013-06-23,2133.3,3486.2,2901.2791666666667,2255.0,4195.0,3293.1666666666665
2013-06-24,2370.1,4416.2,3539.866666666667,2809.0,5244.0,4158.5
2013-06-25,2641.5,4640.7,3789.1708333333336,2891.0,5086.0,4116.416666666667
2013-06-26,2630.2,4497.1,3686.0291666666667,2968.0,4590.0,3841.2916666666665
2013-06-27,2403.5,3921.8,3275.9500000000003,2548.0,3668.0,3181.2916666666665
2013-06-28,2236.5,3792.5,3136.7291666666665,2263.0,4076.0,3291.875
2013-06-29,2278.0,3555.3,3006.320833333333,2552.0,3825.0,3253.8333333333335
2013-06-30,2242.9,3531.1,2966.9125,2510.0,4004.0,3358.2083333333335
2013-07-01,2487.1,4169.6,3465.15,2786.0,4402.0,3716.9166666666665
2013-07-02,2527.4,4256.8,3519.7833333333333,2782.0,4311.0,3566.0833333333335
2013-07-03,2592.6,4481.4,3654.2291666666665,2344.0,4590.0,3635.9583333333335
2013-07-04,2519.0,4319.8,3524.320833333333,2835.0,4532.0,3805.5416666666665
2013-07-05,2706.4,4747.2,3857.1416666666664,3151.0,5133.0,4263.833333333333
2013-07-06,2745.7,4438.0,3676.4,3138.0,4594.0,3986.4166666666665
2013-07-07,2637.2,4327.7,3565.6041666666665,2826.0,4566.0,3760.9166666666665
2013-07-08,2825.4,4797.3,3919.2791666666667,3127.0,4753.0,3995.375
2013-07-09,2647.8,4405.3,3630.2625000000003,2624.0,3790.0,3325.125
2013-07-10,2478.5,4350.5,3558.5791666666664,2478.0,4516.0,3608.0416666666665
2013-07-11,2633.5,4395.4,3630.6416666666664,2901.0,4386.0,3782.5833333333335
2013-07-12,2554.0,3858.9,3313.8375,2690.0,3722.0,3271.0
2013-07-13,2338.6,3426.0,2981.8958333333335,2374.0,3383.0,2971.5416666666665
2013-07-14,2402.7,3902.9,3226.5291666666667,2544.0,4260.0,3516.25
2013-07-15,2703.4,4788.6,3889.4874999999997,3005.0,5090.0,4231.5
2013-07-16,2844.4,4820.1,3998.2333333333336,3056.0,5202.0,4257.958333333333
2013-07-17,2902.8,4968.0,4045.3624999999997,3079.0,5353.0,4394.958333333333
2013-07-18,2964.8,5040.3,4132.087500000001,3404.0,5213.0,4448.458333333333
2013-07-19,3100.0,5071.2,4226.4375,3310.0,5574.0,4633.166666666667
2013-07-20,3095.2,4416.6,3813.7916666666665,3525.0,4982.0,4281.041666666667
2013-07-21,2583.0,3772.4,3226.195833333333,2840.0,3814.0,3418.9583333333335
2013-07-22,2498.9,3967.3,3346.2333333333336,2777.0,4363.0,3651.5416666666665
2013-07-23,2545.2,4222.5,3516.2208333333333,2719.0,4285.0,3621.4583333333335
2013-07-24,2682.2,4385.7,3633.941666666667,2746.0,4595.0,3776.125
2013-07-25,2498.7,3761.1,3249.683333333333,2376.0,3289.0,2935.25
2013-07-26,2297.4,3647.5,3112.179166666667,2161.0,3361.0,2908.7916666666665
2013-07-27,2241.2,3558.9,2999.820833333333,2178.0,3472.0,2930.4166666666665
2013-07-28,2356.1,3713.5,3125.7000000000003,2423.0,3501.0,2987.7083333333335
2013-07-29,2611.4,4249.0,3555.0,2486.0,4264.0,3471.25
2013-07-30,2434.8,4026.2,3365.0,2502.0,3965.0,3340.6666666666665
2013-07-31,2401.0,4029.4,3348.275,2422.0,4000.0,3338.0
2013-08-01,2404.3,4023.4,3341.9791666666665,2456.0,4066.0,3366.625
2013-08-02,2415.8,4016.8,3323.0208333333335,2439.0,4015.0,3328.3333333333335
2013-08-03,2282.6,3361.3,2910.508333333333,2420.0,3315.0,2951.7083333333335
2013-08-04,2219.7,3156.5,2748.1875,2212.0,3262.0,2789.9583333333335
2013-08-05,2195.1,3519.0,2974.129166666667,2196.0,3435.0,2929.8333333333335
2013-08-06,2119.9,3603.2,2998.4208333333336,2109.0,3496.0,2938.0416666666665
2013-08-07,2212.7,3723.3,3087.6124999999997,2194.0,3669.0,3047.8333333333335
2013-08-08,2269.1,3913.1,3250.495833333333,2297.0,3997.0,3304.0833333333335
2013-08-09,2538.0,3993.4,3374.9708333333333,2658.0,3903.0,3422.9166666666665
2013-08-10,2441.1,3549.7,3056.2625000000003,2535.0,3478.0,3068.8333333333335
2013-08-11,2222.8,3255.0,2801.929166666667,2162.0,3202.0,2744.2083333333335
2013-08-12,2264.8,3857.2,3177.9083333333333,2290.0,3920.0,3236.25
2013-08-13,2384.4,3911.9,3278.2958333333336,2447.0,3672.0,3200.9583333333335
2013-08-14,2245.9,3617.0,3042.129166666667,2378.0,3472.0,3007.1666666666665
2013-08-15,2119.2,3528.0,2946.2041666666664,2121.0,3481.0,2929.3333333333335
2013-08-16,2155.0,3560.3,2979.4,2141.0,3510.0,2955.6666666666665
2013-08-17,2115.4,3092.9,2689.4333333333334,2165.0,3124.0,2745.2083333333335
2013-08-18,2096.9,3043.7,2641.704166666667,2192.0,3150.0,2738.1666666666665
2013-08-19,2181.8,3741.4,3077.0458333333336,2266.0,3908.0,3216.2083333333335
2013-08-20,2400.7,4152.1,3399.9541666666664,2425.0,4278.0,3470.4583333333335
2013-08-21,2515.8,4384.5,3554.0625,2518.0,4565.0,3645.9166666666665
2013-08-22,2602.4,4405.3,3613.4541666666664,2665.0,4519.0,3690.375
2013-08-23,2508.1,3963.7,3352.6,2683.0,3892.0,3332.5416666666665
2013-08-24,2195.0,3057.5,2712.804166666667,2168.0,2991.0,2667.25
2013-08-25,2046.2,3056.3,2628.3624999999997,2046.0,3162.0,2662.3333333333335
2013-08-26,2204.1,3874.8,3154.3583333333336,2304.0,3873.0,3243.4583333333335
2013-08-27,2435.9,4049.7,3379.9125,2552.0,4222.0,3503.9583333333335
2013-08-28,2395.2,3913.0,3265.8291666666664,2469.0,4231.0,3402.625
2013-08-29,2320.2,3684.2,3117.5875,2420.0,3486.0,3034.7083333333335
2013-08-30,2224.3,3681.6,3094.7333333333336,2168.0,3870.0,3141.0
2013-08-31,2324.3,3579.1,3031.4625,2473.0,3575.0,3149.2083333333335
2013-09-01,2344.3,3605.4,3049.008333333333,2586.0,3520.0,3081.4583333333335
2013-09-02,2353.7,3523.5,3043.4625,2629.0,3834.0,3314.875
2013-09-03,2469.4,3983.0,3349.5833333333335,2670.0,4223.0,3569.3333333333335
2013-09-04,2272.7,3808.8,3154.7374999999997,2308.0,3880.0,3207.0
2013-09-05,2163.9,3245.7,2823.695833333333,2307.0,3404.0,2965.8333333333335
2013-09-06,1956.5,3049.6,2639.4083333333333,2011.0,3141.0,2708.1666666666665
2013-09-07,1963.3,2862.1,2498.545833333333,1961.0,2959.0,2543.125
2013-09-08,2021.5,2880.7,2496.204166666667,2095.0,2940.0,2566.5833333333335
2013-09-09,1948.3,3113.7,2696.2708333333335,1953.0,3175.0,2715.1666666666665
2013-09-10,2063.7,3622.9,3013.5791666666664,2019.0,3576.0,2981.25
2013-09-11,2441.8,4623.5,3686.620833333333,2407.0,5082.0,3930.7916666666665
2013-09-12,2711.8,4254.9,3599.066666666667,2949.0,4820.0,3948.625
2013-09-13,2449.8,3571.9,3088.7916666666665,2569.0,3999.0,3335.375
2013-09-14,1919.8,2638.6,2356.3375,2120.0,2863.0,2559.0416666666665
2013-09-15,1937.4,2719.6,2380.5666666666666,1940.0,2937.0,2445.1666666666665
2013-09-16,1983.2,3063.6,2651.1291666666666,1996.0,3155.0,2731.0416666666665
2013-09-17,1820.6,2912.0,2539.3250000000003,1940.0,3053.0,2634.0
2013-09-18,1947.1,3042.3,2649.2458333333334,1941.0,3165.0,2709.25
2013-09-19,2067.7,3375.4,2870.616666666667,1962.0,3321.0,2788.1666666666665
2013-09-20,2066.2,3338.4,2837.7875,2010.0,3364.0,2820.5833333333335
2013-09-21,2045.9,2912.9,2551.7708333333335,2035.0,3059.0,2621.7916666666665
2013-09-22,2052.0,2950.8,2534.7541666666666,2223.0,2982.0,2596.1666666666665
2013-09-23,1962.1,3120.8,2706.579166666667,1930.0,3078.0,2645.5833333333335
2013-09-24,1991.9,3102.3,2698.508333333333,1927.0,3093.0,2649.125
2013-09-25,1929.1,3097.9,2716.1666666666665,1934.0,3091.0,2662.4583333333335
2013-09-26,1988.1,3130.2,2709.9249999999997,1952.0,3075.0,2676.125
2013-09-27,1853.3,2792.5,2436.65,1963.0,3063.0,2665.0416666666665
2013-09-28,1771.3,2494.8,2193.795833333333,1928.0,2799.0,2436.25
2013-09-29,1911.9,2876.6,2404.304166666667,1891.0,2870.0,2364.0416666666665
2013-09-30,1943.9,3148.8,2700.170833333333,1912.0,3124.0,2670.375
2013-10-01,1909.5,3140.0,2686.079166666667,1952.0,3240.0,2762.4166666666665
2013-10-02,2004.1,3455.7,2898.066666666667,2030.0,3462.0,2904.1666666666665
2013-10-03,2017.6,3315.3,2827.366666666667,2075.0,3335.0,2854.1666666666665
2013-10-04,2027.9,3239.0,2777.7333333333336,2036.0,3135.0,2737.4166666666665
2013-10-05,1967.0,2802.8,2462.670833333333,2010.0,2885.0,2512.5
2013-10-06,1916.7,2854.7,2413.2833333333333,1987.0,2944.0,2471.375
2013-10-07,2036.3,3317.1,2858.6458333333335,1993.0,3519.0,2933.0416666666665
2013-10-08,1982.4,3096.6,2696.3708333333334,2017.0,3124.0,2719.4583333333335
2013-10-09,1921.1,3072.3,2633.6541666666667,1945.0,3100.0,2664.5833333333335
2013-10-10,1916.1,3122.7,2667.6916666666666,1958.0,3134.0,2680.0
2013-10-11,1928.2,3046.9,2641.7208333333333,1968.0,3097.0,2670.9166666666665
2013-10-12,1889.0,2726.9,2360.804166666667,1934.0,2804.0,2434.9583333333335
2013-10-13,1831.1,2756.4,2290.0208333333335,1902.0,2743.0,2335.625
2013-10-14,1861.8,2987.9,2551.579166666667,1936.0,3066.0,2568.6666666666665
2013-10-15,1923.4,3083.6,2647.1375000000003,1946.0,3178.0,2701.125
2013-10-16,1910.2,3109.2,2662.8416666666667,1981.0,3200.0,2710.9166666666665
2013-10-17,1931.0,3161.4,2675.1208333333334,1971.0,3256.0,2771.2916666666665
2013-10-18,1858.5,2907.8,2537.8416666666667,2048.0,3102.0,2715.4166666666665
2013-10-19,1905.7,2741.0,2371.0,1914.0,2829.0,2417.1666666666665
2013-10-20,1855.3,2742.3,2301.1875,1915.0,2856.0,2364.3333333333335
2013-10-21,1924.7,3082.8,2630.945833333333,1928.0,3178.0,2675.25
2013-10-22,1916.0,3083.0,2652.3375,1947.0,3194.0,2696.5833333333335
2013-10-23,1992.9,3147.0,2715.008333333333,1955.0,3178.0,2685.875
2013-10-24,1980.7,3116.4,2696.6833333333334,1987.0,3150.0,2688.0833333333335
2013-10-25,2063.4,3076.2,2713.820833333333,2023.0,3098.0,2699.5
2013-10-26,2005.9,2836.3,2464.6291666666666,2064.0,2879.0,2502.6666666666665
2013-10-27,1905.1,2834.5,2362.0625,1969.0,2945.0,2424.375
2013-10-28,2002.5,3142.0,2695.491666666667,2009.0,3227.0,2732.125
2013-10-29,2069.7,3196.1,2755.7999999999997,2073.0,3261.0,2774.2083333333335
2013-10-30,2045.5,3198.5,2748.1666666666665,2109.0,3268.0,2819.625
2013-10-31,2000.7,3177.5,2711.320833333333,2109.0,3250.0,2799.9166666666665
2013-11-01,1992.0,3089.6,2703.929166666667,2036.0,3176.0,2747.3333333333335
2013-11-02,1893.9,2752.2,2379.125,1934.0,2843.0,2428.4166666666665
2013-11-03,1902.9,3998.5,2510.9166666666665,1898.0,3954.0,2561.2916666666665
2013-11-04,2139.2,3337.0,2817.3958333333335,2122.0,3419.0,2843.625
2013-11-05,2153.0,3348.8,2827.3875000000003,2225.0,3346.0,2838.2916666666665
2013-11-06,2099.7,3313.6,2777.4583333333335,2087.0,3275.0,2743.4166666666665
2013-11-07,2017.3,3293.9,2738.5166666666664,2000.0,3268.0,2751.5416666666665
2013-11-08,2042.8,3202.8,2732.9125,2052.0,3296.0,2759.0416666666665
2013-11-09,2117.8,2986.6,2561.6833333333334,2126.0,3045.0,2591.125
2013-11-10,2032.7,2966.3,2462.829166666667,2050.0,3003.0,2496.5
2013-11-11,2043.3,3234.3,2693.2083333333335,2073.0,3327.0,2726.7916666666665
2013-11-12,2078.0,3431.6,2823.3333333333335,2053.0,3571.0,2910.5833333333335
2013-11-13,2228.4,3513.6,2934.6083333333336,2317.0,3557.0,2995.625
2013-11-14,2269.5,3421.6,2911.65,2317.0,3382.0,2907.2083333333335
2013-11-15,2142.4,3219.2,2759.3125,2188.0,3270.0,2794.9166666666665
2013-11-16,2049.1,2885.7,2497.2625000000003,2064.0,2978.0,2542.7916666666665
2013-11-17,1973.8,2933.4,2450.1583333333333,2070.0,3083.0,2543.0
2013-11-18,1985.7,3311.2,2731.304166666667,2015.0,3293.0,2737.5
2013-11-19,2024.3,3370.0,2769.1124999999997,2015.0,3433.0,2801.625
2013-11-20,2167.6,3491.5,2873.9541666666664,2253.0,3493.0,2936.625
2013-11-21,2236.1,3392.7,2879.0166666666664,2305.0,3443.0,2935.9166666666665
2013-11-22,2113.2,3282.5,2768.9833333333336,2151.0,3362.0,2851.75
2013-11-23,2017.5,3038.3,2525.2625000000003,2076.0,3123.0,2619.4583333333335
2013-11-24,2112.0,3281.9,2659.3083333333334,2281.0,3538.0,2880.0
2013-11-25,2301.8,3592.8,3000.9166666666665,2523.0,3735.0,3196.7083333333335
2013-11-26,2262.0,3476.5,2924.3958333333335,2363.0,3543.0,3051.5833333333335
2013-11-27,2094.1,3306.8,2767.7708333333335,2188.0,3305.0,2877.5833333333335
2013-11-28,2053.6,2902.2,2564.3125,2122.0,2943.0,2630.9166666666665
2013-11-29,2214.0,3320.2,2793.191666666667,2334.0,3368.0,2863.4166666666665
2013-11-30,2295.9,3215.4,2749.6583333333333,2438.0,3256.0,2848.4166666666665
2013-12-01,2218.6,3198.4,2675.0375,2256.0,3288.0,2756.125
2013-12-02,2184.5,3469.5,2888.370833333333,2206.0,3562.0,2981.4166666666665
2013-12-03,2130.5,3441.2,2857.2791666666667,2218.0,3476.0,2926.5833333333335
2013-12-04,2189.7,3420.7,2869.316666666667,2247.0,3523.0,2962.75
2013-12-05,2147.4,3373.4,2830.383333333333,2242.0,3475.0,2946.0833333333335
2013-12-06,2089.9,3364.8,2819.4791666666665,2099.0,3384.0,2846.75
2013-12-07,2120.5,3196.6,2673.7208333333333,2208.0,3262.0,2756.8333333333335
2013-12-08,2242.6,3232.2,2742.7999999999997,2327.0,3480.0,2879.125
2013-12-09,2281.5,3537.8,2966.3416666666667,2372.0,3704.0,3137.0416666666665
2013-12-10,2232.6,3564.1,2975.1708333333336,2318.0,3779.0,3151.0
2013-12-11,2382.2,3725.5,3125.1375000000003,2493.0,3816.0,3215.75
2013-12-12,2437.9,3785.1,3209.5916666666667,2519.0,3877.0,3274.3333333333335
2013-12-13,2501.9,3721.7,3197.3416666666667,2627.0,3821.0,3300.3333333333335
2013-12-14,2537.0,3547.1,3059.8916666666664,2665.0,3825.0,3247.1666666666665
2013-12-15,2374.4,3492.8,2909.9,2539.0,3690.0,3092.7916666666665
2013-12-16,2474.8,3876.4,3261.7125,2514.0,3926.0,3291.0
2013-12-17,2555.0,3888.7,3307.820833333333,2686.0,4130.0,3491.75
2013-12-18,2471.6,3780.2,3188.9708333333333,2706.0,3824.0,3313.7083333333335
2013-12-19,2445.2,3671.4,3117.2041666666664,2537.0,3673.0,3171.6666666666665
2013-12-20,2286.1,3444.9,2919.8875000000003,2368.0,3480.0,2985.0416666666665
2013-12-21,2149.2,3114.1,2642.241666666667,2201.0,3143.0,2686.1666666666665
2013-12-22,2054.3,3097.3,2555.5125000000003,2083.0,3245.0,2678.5833333333335
2013-12-23,2065.5,3421.8,2803.4249999999997,2245.0,3618.0,3041.25
2013-12-24,2163.9,3419.1,2848.775,2275.0,3442.0,2938.75
2013-12-25,2279.8,3231.4,2801.4,2434.0,3235.0,2891.0
2013-12-26,2357.1,3471.8,2953.0750000000003,2498.0,3653.0,3132.3333333333335
2013-12-27,2338.0,3467.3,2932.5375,2469.0,3579.0,3062.3333333333335
2013-12-28,2173.0,3081.3,2633.475,2389.0,3180.0,2802.0416666666665
2013-12-29,2106.1,3147.2,2585.4874999999997,2268.0,3255.0,2746.2916666666665
2013-12-30,2168.2,3439.1,2856.2291666666665,2263.0,3581.0,2975.25
2013-12-31,2448.3,3685.4,3116.0833333333335,2535.0,3723.0,3173.0
2014-01-01,2493.1,3649.9,3106.383333333333,2574.0,3549.0,3007.4166666666665
2014-01-02,2499.2,3852.0,3249.8125,2554.0,4109.0,3422.2916666666665
2014-01-03,2627.6,3905.0,3376.7291666666665,2942.0,4138.0,3535.3333333333335
2014-01-04,2682.0,3506.9,3090.245833333333,2976.0,3712.0,3335.7083333333335
2014-01-05,2289.1,3163.3,2705.6375000000003,2622.0,3518.0,2997.9166666666665
2014-01-06,2187.6,3442.0,2905.275,2342.0,3545.0,3034.0
2014-01-07,2444.2,3841.8,3241.5125000000003,2471.0,4101.0,3411.3333333333335
2014-01-08,2637.5,3888.5,3323.7708333333335,2928.0,4036.0,3529.7916666666665
2014-01-09,2593.3,3784.7,3240.5625,2764.0,3851.0,3373.4166666666665
2014-01-10,2506.7,3591.7,3096.8875000000003,2708.0,3694.0,3281.0833333333335
2014-01-11,2275.3,3140.3,2707.5416666666665,2360.0,3230.0,2813.375
2014-01-12,2098.3,3101.4,2573.2083333333335,2120.0,3268.0,2657.75
2014-01-13,2199.3,3389.7,2874.5916666666667,2291.0,3474.0,2949.5
2014-01-14,2162.1,3430.3,2865.15,2159.0,3452.0,2903.7083333333335
2014-01-15,2189.3,3380.3,2852.4166666666665,2198.0,3436.0,2898.5
2014-01-16,2197.4,3444.0,2891.816666666667,2236.0,3517.0,2977.1666666666665
2014-01-17,2223.0,3383.7,2885.2041666666664,2231.0,3360.0,2880.9583333333335
2014-01-18,2220.1,3187.9,2705.0750000000003,2238.0,3305.0,2817.25
2014-01-19,2245.7,3267.3,2725.0208333333335,2282.0,3277.0,2792.375
2014-01-20,2298.0,3483.4,2947.8624999999997,2369.0,3553.0,3011.7083333333335
2014-01-21,2544.7,3906.8,3313.5499999999997,2488.0,4039.0,3381.4166666666665
2014-01-22,2712.1,4006.3,3457.5458333333336,2850.0,4087.0,3546.3333333333335
2014-01-23,2854.1,3784.1,3447.9208333333336,2922.0,3997.0,3540.5416666666665
2014-01-24,2743.9,3931.3,3407.475,2888.0,3972.0,3514.0
2014-01-25,2593.5,3398.0,2989.129166666667,2801.0,3478.0,3149.875
2014-01-26,2477.7,3540.5,2974.245833333333,2576.0,3729.0,3125.625
2014-01-27,2446.8,3672.7,3142.2041666666664,2615.0,3776.0,3245.9166666666665
2014-01-28,2415.1,3403.0,3017.2000000000003,2666.0,3964.0,3414.2083333333335
2014-01-29,2667.5,3956.1,3379.6666666666665,2723.0,3854.0,3370.6666666666665
2014-01-30,2742.1,3855.0,3349.191666666667,2732.0,3775.0,3334.375
2014-01-31,2477.5,3552.0,3101.0458333333336,2607.0,3513.0,3139.8333333333335
2014-02-01,2371.1,3245.4,2802.2208333333333,2351.0,3182.0,2785.0
2014-02-02,2187.9,3120.7,2621.9875,2264.0,3223.0,2696.5
2014-02-03,2300.6,3550.3,3015.6541666666667,2212.0,3678.0,3071.125
2014-02-04,2355.5,3496.2,3007.0333333333333,2489.0,3584.0,3126.125
2014-02-05,2398.1,3635.6,3090.2625000000003,2433.0,3744.0,3164.75
2014-02-06,2447.6,3654.3,3144.775,2532.0,3694.0,3213.75
2014-02-07,2552.2,3587.3,3171.6875,2621.0,3601.0,3213.875
2014-02-08,2478.3,3327.6,2915.725,2567.0,3413.0,3010.375
2014-02-09,2434.1,3392.1,2881.4083333333333,2490.0,3500.0,2939.4583333333335
2014-02-10,2464.3,3683.8,3161.3250000000003,2505.0,3761.0,3221.875
2014-02-11,2645.6,3803.2,3272.7333333333336,2667.0,3811.0,3322.375
2014-02-12,2643.9,3746.0,3273.4,2762.0,3793.0,3363.0833333333335
2014-02-13,2512.6,3594.2,3111.683333333333,2622.0,3808.0,3302.1666666666665
2014-02-14,2332.7,3370.0,2947.5499999999997,2467.0,3513.0,3104.1666666666665
2014-02-15,2325.7,3202.7,2777.7833333333333,2433.0,3410.0,2916.0
2014-02-16,2351.3,3389.7,2837.725,2491.0,3340.0,2887.9166666666665
2014-02-17,2542.8,3592.4,3129.0,2594.0,3637.0,3158.5833333333335
2014-02-18,2487.7,3561.8,3088.85,2680.0,3738.0,3316.2916666666665
2014-02-19,2371.9,3470.0,2992.129166666667,2570.0,3563.0,3151.5416666666665
2014-02-20,2284.2,3361.6,2911.8250000000003,2431.0,3363.0,2972.75
2014-02-21,2206.4,3262.0,2833.683333333333,2314.0,3404.0,2975.2083333333335
2014-02-22,2179.8,3009.9,2605.7291666666665,2301.0,3036.0,2665.6666666666665
2014-02-23,2146.9,3071.4,2578.391666666667,2208.0,3148.0,2624.4166666666665
2014-02-24,2248.5,3533.4,2991.65,2199.0,3616.0,2994.375
2014-02-25,2459.6,3588.0,3124.570833333333,2500.0,3709.0,3182.625
2014-02-26,2480.3,3674.0,3162.3916666666664,2596.0,3751.0,3260.6666666666665
2014-02-27,2638.9,3744.9,3237.5125000000003,2696.0,3739.0,3294.7916666666665
2014-02-28,2643.2,3683.1,3234.3333333333335,2751.0,3665.0,3316.0833333333335
2014-03-01,2537.7,3243.0,2889.7166666666667,2709.0,3334.0,3019.1666666666665
2014-03-02,2279.5,3202.7,2714.0208333333335,2391.0,3346.0,2841.875
2014-03-03,2397.2,3684.1,3128.4083333333333,2431.0,3824.0,3263.375
2014-03-04,2531.8,3590.6,3174.3375,2726.0,3715.0,3289.75
2014-03-05,2442.1,3559.5,3081.8458333333333,2521.0,3753.0,3232.0416666666665
2014-03-06,2412.7,3381.2,2976.4708333333333,2689.0,3670.0,3268.9583333333335
2014-03-07,2494.3,3353.8,3010.9583333333335,2651.0,3478.0,3127.375
2014-03-08,2317.1,3048.4,2672.8416666666667,2391.0,3021.0,2707.7083333333335
2014-03-09,0.0,3066.9,2531.0750000000003,0.0,3165.0,2570.2916666666665
2014-03-10,2228.6,3322.1,2869.4874999999997,2313.0,3343.0,2951.5
2014-03-11,2176.2,3154.0,2785.679166666667,2241.0,3171.0,2814.5833333333335
2014-03-12,2143.7,3244.7,2832.5375,2150.0,3262.0,2849.375
2014-03-13,2235.8,3490.7,3017.1875,2254.0,3668.0,3125.9166666666665
2014-03-14,2463.1,3323.7,2978.379166666667,2654.0,3535.0,3120.0833333333335
2014-03-15,2207.6,2867.5,2573.820833333333,2306.0,2914.0,2650.0
2014-03-16,2134.7,3032.9,2567.5916666666667,2244.0,3219.0,2706.8333333333335
2014-03-17,2354.3,3463.3,3015.9208333333336,2452.0,3527.0,3116.8333333333335
2014-03-18,2457.5,3402.3,3009.691666666667,2511.0,3438.0,3069.2916666666665
2014-03-19,2340.2,3291.3,2912.1708333333336,2423.0,3334.0,2988.25
2014-03-20,2160.0,3124.4,2771.5958333333333,2272.0,3189.0,2854.1666666666665
2014-03-21,2185.3,3081.8,2770.9833333333336,2223.0,3173.0,2850.0
2014-03-22,2154.6,2811.2,2537.7833333333333,2286.0,2951.0,2650.6666666666665
2014-03-23,2143.1,3003.0,2540.4874999999997,2183.0,3133.0,2626.375
2014-03-24,2370.1,3405.7,3019.4083333333333,2431.0,3440.0,3071.7083333333335
2014-03-25,2412.9,3312.1,2980.129166666667,2466.0,3373.0,3029.875
2014-03-26,2299.5,3337.0,2946.9375,2342.0,3524.0,3121.5
2014-03-27,2275.1,3234.0,2848.9,2555.0,3433.0,3044.0416666666665
2014-03-28,2159.0,3048.6,2695.9166666666665,2278.0,3165.0,2823.2916666666665
2014-03-29,2023.7,2735.3,2438.3375,2071.0,2921.0,2543.625
2014-03-30,2010.6,2904.8,2454.608333333333,2142.0,3149.0,2661.0416666666665
2014-03-31,2118.0,3177.9,2779.3541666666665,2272.0,3355.0,2985.3333333333335
2014-04-01,2174.4,3178.7,2806.15,2283.0,3145.0,2832.5833333333335
2014-04-02,2153.9,3150.1,2797.133333333333,2186.0,3091.0,2789.625
2014-04-03,2056.1,3046.1,2697.329166666667,2178.0,3069.0,2760.3333333333335
2014-04-04,2100.1,3042.0,2725.695833333333,2145.0,3077.0,2754.625
2014-04-05,2067.2,2807.6,2478.325,2128.0,2851.0,2558.0416666666665
2014-04-06,2040.1,2776.7,2405.4333333333334,2139.0,2847.0,2469.8333333333335
2014-04-07,2056.4,3057.1,2699.7458333333334,2050.0,3096.0,2707.4583333333335
2014-04-08,2023.1,2999.6,2676.258333333333,2045.0,3087.0,2723.5
2014-04-09,2002.0,3023.3,2665.429166666667,2019.0,2989.0,2658.1666666666665
2014-04-10,2049.3,2987.1,2670.6749999999997,2077.0,2964.0,2672.3333333333335
2014-04-11,1986.4,2938.5,2607.0375,2005.0,2990.0,2648.0416666666665
2014-04-12,1947.0,2639.1,2356.6,1939.0,2668.0,2370.7083333333335
2014-04-13,1931.7,2727.2,2318.9708333333333,1903.0,2790.0,2360.1666666666665
2014-04-14,1942.0,3034.4,2664.0375,1936.0,3111.0,2679.9583333333335
2014-04-15,1977.7,3049.1,2679.4500000000003,1977.0,3099.0,2716.125
2014-04-16,2016.2,3015.6,2669.5958333333333,1989.0,3071.0,2690.5416666666665
2014-04-17,2129.1,3052.2,2733.5499999999997,2157.0,3067.0,2760.875
2014-04-18,2108.7,2971.6,2662.266666666667,2187.0,3103.0,2739.75
2014-04-19,2020.5,2634.9,2380.2791666666667,2090.0,2684.0,2432.625
2014-04-20,1958.9,2688.9,2327.2791666666667,1976.0,2622.0,2286.7083333333335
2014-04-21,1967.4,2872.3,2571.366666666667,1996.0,2822.0,2541.2083333333335
2014-04-22,1936.6,2985.4,2611.545833333333,1929.0,2990.0,2598.0416666666665
2014-04-23,1936.4,2961.1,2609.579166666667,1925.0,2989.0,2602.9583333333335
2014-04-24,1956.6,2929.9,2592.445833333333,2001.0,2907.0,2597.75
2014-04-25,1998.9,2926.3,2590.883333333333,1985.0,2868.0,2546.0833333333335
2014-04-26,2012.2,2691.6,2413.9166666666665,1921.0,2711.0,2410.2916666666665
2014-04-27,1945.9,2694.5,2327.3416666666667,1962.0,2803.0,2400.7916666666665
2014-04-28,1940.2,2942.9,2593.116666666667,2018.0,2952.0,2644.2916666666665
2014-04-29,1943.6,2989.9,2632.391666666667,1996.0,3082.0,2718.8333333333335
2014-04-30,2014.1,3148.2,2754.6041666666665,2075.0,3094.0,2748.7916666666665
2014-05-01,1971.1,3041.9,2667.8624999999997,2062.0,3039.0,2696.5416666666665
2014-05-02,1911.0,2939.5,2569.054166666667,1964.0,2934.0,2585.25
2014-05-03,1885.1,2619.1,2319.4583333333335,1915.0,2628.0,2345.25
2014-05-04,1876.4,2673.4,2286.3166666666666,1875.0,2700.0,2286.625
2014-05-05,1906.2,2926.6,2576.608333333333,1909.0,2935.0,2577.375
2014-05-06,1925.8,2921.3,2581.5750000000003,1923.0,2924.0,2570.6666666666665
2014-05-07,1928.3,2961.8,2589.3416666666667,1936.0,2935.0,2588.0833333333335
2014-05-08,1930.8,2997.6,2619.725,1912.0,2947.0,2590.125
2014-05-09,1911.6,2958.8,2577.8791666666666,1936.0,2960.0,2592.75
2014-05-10,1898.5,2739.5,2422.9666666666667,1961.0,2832.0,2499.875
2014-05-11,1892.4,2743.7,2355.2916666666665,1941.0,2810.0,2383.5833333333335
2014-05-12,1927.4,3299.3,2755.625,1934.0,3430.0,2854.5416666666665
2014-05-13,1946.5,3005.9,2631.4333333333334,1966.0,2915.0,2584.5
2014-05-14,1927.3,3023.4,2628.2833333333333,1917.0,2950.0,2601.9166666666665
2014-05-15,1953.7,3166.8,2720.258333333333,1965.0,3340.0,2806.8333333333335
2014-05-16,1984.2,3109.9,2696.3375,2059.0,3293.0,2815.7083333333335
2014-05-17,1924.5,2653.8,2373.9583333333335,2079.0,2827.0,2535.5833333333335
2014-05-18,1862.2,2681.5,2279.266666666667,1876.0,2716.0,2325.5416666666665
2014-05-19,1897.9,2951.9,2577.65,1890.0,3014.0,2598.0833333333335
2014-05-20,1900.9,2952.2,2573.7916666666665,1902.0,3058.0,2635.2916666666665
2014-05-21,1880.8,2975.6,2585.9,1921.0,3103.0,2664.75
2014-05-22,1876.3,2982.2,2580.7083333333335,1941.0,3055.0,2642.7083333333335
2014-05-23,1923.5,2984.8,2595.4583333333335,1942.0,2983.0,2578.5833333333335
2014-05-24,1871.8,2566.8,2294.9166666666665,1895.0,2570.0,2313.875
2014-05-25,1849.7,2622.0,2277.1,1866.0,2545.0,2252.9583333333335
2014-05-26,1906.5,2909.0,2465.2791666666667,1880.0,2934.0,2445.0
2014-05-27,1972.3,3214.8,2740.116666666667,2026.0,3173.0,2695.6666666666665
2014-05-28,1895.5,2931.1,2572.5750000000003,1905.0,2979.0,2617.5833333333335
2014-05-29,1905.2,2931.3,2571.0333333333333,1958.0,2932.0,2586.375
2014-05-30,1883.8,2937.6,2541.4708333333333,1914.0,3047.0,2610.125
2014-05-31,1857.1,2553.3,2282.7291666666665,1898.0,2592.0,2320.4583333333335
2014-06-01,1870.1,2713.5,2338.679166666667,1847.0,2707.0,2321.0
2014-06-02,1951.6,3322.2,2781.379166666667,1905.0,3419.0,2819.625
2014-06-03,2040.4,3410.2,2867.3416666666667,2041.0,3467.0,2891.5416666666665
2014-06-04,1973.0,3200.6,2723.1291666666666,2026.0,3112.0,2715.9166666666665
2014-06-05,1957.0,3115.7,2679.9125,1993.0,3165.0,2728.4583333333335
2014-06-06,1986.9,3167.1,2703.9166666666665,1966.0,3182.0,2712.7916666666665
2014-06-07,1970.5,2957.4,2574.375,1965.0,3069.0,2632.7083333333335
2014-06-08,2019.2,3040.9,2619.0041666666666,2037.0,3263.0,2756.4583333333335
2014-06-09,2127.0,3629.4,3012.4125,2237.0,3648.0,3056.5416666666665
2014-06-10,2147.4,3484.8,2954.525,2201.0,3790.0,3078.625
2014-06-11,2011.0,3178.6,2742.1875,2069.0,3273.0,2800.0833333333335
2014-06-12,1944.8,3157.8,2701.725,2024.0,3245.0,2779.3333333333335
2014-06-13,2051.4,3262.2,2775.995833333333,2052.0,3206.0,2769.375
2014-06-14,2037.7,2989.6,2614.6124999999997,2014.0,2871.0,2547.75
2014-06-15,1980.9,2908.8,2528.3541666666665,1925.0,2914.0,2500.9166666666665
2014-06-16,2027.7,3535.0,2924.8958333333335,2030.0,3497.0,2910.5
2014-06-17,2093.2,3817.9,3080.2041666666664,2168.0,4220.0,3321.7083333333335
2014-06-18,2316.4,4254.2,3416.1083333333336,2581.0,4275.0,3574.9166666666665
2014-06-19,2426.1,3924.5,3275.0,2533.0,3980.0,3327.2083333333335
2014-06-20,2095.8,3408.5,2867.5416666666665,2167.0,3397.0,2898.25
2014-06-21,1989.0,2845.1,2519.5833333333335,1993.0,2851.0,2525.6666666666665
2014-06-22,1966.7,2866.9,2503.6541666666667,1946.0,2867.0,2491.75
2014-06-23,2060.4,3465.1,2899.4,2041.0,3602.0,2952.1666666666665
2014-06-24,2124.9,3635.3,3030.054166666667,2111.0,3882.0,3110.1666666666665
2014-06-25,2252.2,4042.3,3283.3875000000003,2264.0,4574.0,3573.6666666666665
2014-06-26,2439.7,3928.1,3284.445833333333,2588.0,4099.0,3373.4166666666665
2014-06-27,2182.9,3548.7,2965.3250000000003,2152.0,3479.0,2926.375
2014-06-28,2070.3,3230.9,2745.6583333333333,2063.0,3277.0,2767.9583333333335
2014-06-29,2082.2,3330.8,2780.1,2095.0,3490.0,2870.7916666666665
2014-06-30,2228.2,4051.6,3263.1,2315.0,4481.0,3530.8333333333335
2014-07-01,2476.7,4503.5,3624.241666666667,2627.0,4771.0,3837.0416666666665
2014-07-02,2668.2,4811.0,3865.308333333333,2844.0,5115.0,4077.0416666666665
2014-07-03,2752.5,4720.6,3853.8250000000003,2994.0,4945.0,4004.5833333333335
2014-07-04,2677.9,3586.3,3141.5499999999997,2568.0,3412.0,3003.5416666666665
2014-07-05,2210.8,3139.0,2758.8125,2098.0,2897.0,2575.4166666666665
2014-07-06,2110.4,3339.9,2789.3624999999997,2074.0,3363.0,2784.1666666666665
2014-07-07,2453.8,4353.1,3505.9666666666667,2467.0,4569.0,3590.4583333333335
2014-07-08,2679.7,4739.0,3827.929166666667,2764.0,4907.0,3919.4166666666665
2014-07-09,2846.0,4622.8,3848.4833333333336,2938.0,4723.0,3922.7083333333335
2014-07-10,2656.8,4254.2,3541.4166666666665,2746.0,4075.0,3504.9583333333335
2014-07-11,2436.2,3885.0,3246.1749999999997,2488.0,3751.0,3200.75
2014-07-12,2228.8,3500.3,2952.35,2238.0,3609.0,3022.9583333333335
2014-07-13,2217.6,3602.7,2991.804166666667,2369.0,3828.0,3169.2916666666665
2014-07-14,2571.9,4413.8,3624.625,2750.0,4638.0,3821.1666666666665
2014-07-15,2760.0,4429.2,3701.495833333333,2870.0,4800.0,3940.2083333333335
2014-07-16,2696.1,4032.7,3466.1416666666664,2904.0,4089.0,3619.3333333333335
2014-07-17,2388.2,4024.9,3331.254166666667,2470.0,3922.0,3291.375
2014-07-18,2333.3,3890.0,3193.866666666667,2343.0,3729.0,3154.0833333333335
2014-07-19,2265.0,3263.9,2861.9666666666667,2275.0,3163.0,2796.7083333333335
2014-07-20,2164.4,3114.6,2718.0750000000003,2160.0,3071.0,2676.75
2014-07-21,2191.0,3753.6,3076.1083333333336,2232.0,3757.0,3129.5416666666665
2014-07-22,2391.3,4416.2,3532.2041666666664,2327.0,4547.0,3595.0416666666665
2014-07-23,2653.7,4735.6,3812.045833333333,2805.0,5059.0,4034.5
2014-07-24,2760.3,3841.1,3379.820833333333,2827.0,3921.0,3475.5416666666665
2014-07-25,2366.9,3857.2,3235.4625,2293.0,3813.0,3144.9166666666665
2014-07-26,2320.2,3478.1,3014.725,2292.0,3422.0,2954.5833333333335
2014-07-27,2360.5,3594.3,3048.5625,2367.0,3414.0,2962.125
2014-07-28,2536.6,4137.1,3433.7166666666667,2526.0,4359.0,3522.4166666666665
2014-07-29,2340.5,3786.5,3179.0625,2411.0,3745.0,3163.9166666666665
2014-07-30,2286.5,3696.2,3127.258333333333,2250.0,3664.0,3084.5833333333335
2014-07-31,2264.4,3766.3,3143.1583333333333,2219.0,3805.0,3151.2083333333335
2014-08-01,2300.0,3912.9,3232.883333333333,2365.0,4079.0,3311.8333333333335
2014-08-02,2338.0,3145.9,2810.1124999999997,2470.0,3184.0,2810.375
2014-08-03,2149.4,3107.6,2684.108333333333,2119.0,3017.0,2614.9583333333335
2014-08-04,2296.5,3895.8,3227.0499999999997,2253.0,4076.0,3308.7083333333335
2014-08-05,2371.9,4167.3,3421.8916666666664,2541.0,4427.0,3615.9166666666665
2014-08-06,2481.2,3950.1,3315.3250000000003,2624.0,4046.0,3434.0416666666665
2014-08-07,2286.3,3704.5,3108.2041666666664,2314.0,3677.0,3073.875
2014-08-08,2212.9,3677.8,3070.6041666666665,2142.0,3703.0,3031.2916666666665
2014-08-09,2209.3,3354.7,2880.7166666666667,2196.0,3306.0,2852.75
2014-08-10,2225.2,3362.8,2862.7791666666667,2222.0,3353.0,2858.0
2014-08-11,2370.0,4046.6,3316.9666666666667,2352.0,4137.0,3350.0416666666665
2014-08-12,2395.2,3877.5,3252.0375,2400.0,3932.0,3290.5833333333335
2014-08-13,2424.2,3669.7,3185.225,2467.0,3496.0,3109.7916666666665
2014-08-14,2228.2,3554.8,3009.4375,2196.0,3400.0,2908.2916666666665
2014-08-15,2116.5,3412.3,2888.25,2114.0,3293.0,2774.8333333333335
2014-08-16,2055.8,3049.0,2652.1916666666666,2038.0,2871.0,2560.0
2014-08-17,2115.1,3077.8,2665.045833333333,2127.0,3043.0,2644.0416666666665
2014-08-18,2189.5,3580.3,3001.5416666666665,2109.0,3442.0,2897.4166666666665
2014-08-19,2106.1,3470.5,2912.3125,2058.0,3454.0,2867.5416666666665
2014-08-20,2133.4,3468.1,2915.066666666667,2120.0,3567.0,2957.5416666666665
2014-08-21,2132.1,3469.2,2933.066666666667,2127.0,3510.0,2955.0833333333335
2014-08-22,2153.9,3373.2,2868.5166666666664,2227.0,3410.0,2921.0833333333335
2014-08-23,2061.8,2904.7,2567.0750000000003,2109.0,2936.0,2587.375
2014-08-24,2019.2,2947.5,2551.35,2009.0,3080.0,2592.5
2014-08-25,2151.5,3643.4,3040.504166666667,2196.0,4082.0,3269.125
2014-08-26,2289.6,4015.8,3268.9166666666665,2387.0,4365.0,3487.5833333333335
2014-08-27,2405.9,4361.0,3499.508333333333,2469.0,4729.0,3691.875
2014-08-28,2437.4,3790.7,3207.495833333333,2584.0,3857.0,3301.4583333333335
2014-08-29,2180.8,3470.1,2930.2958333333336,2138.0,3345.0,2844.2083333333335
2014-08-30,2061.0,3017.8,2632.4083333333333,2037.0,2964.0,2593.0
2014-08-31,2171.8,3508.4,2907.4625,2212.0,3662.0,2981.25
2014-09-01,2414.2,3690.2,3127.9708333333333,2596.0,4238.0,3477.5416666666665
2014-09-02,2587.2,4462.4,3636.945833333333,2763.0,4968.0,3974.25
2014-09-03,2595.0,4182.8,3474.1583333333333,2918.0,4181.0,3585.3333333333335
2014-09-04,2338.1,3946.3,3251.8416666666667,2400.0,4150.0,3388.125
2014-09-05,2373.4,4182.1,3377.4249999999997,2491.0,4696.0,3702.6666666666665
2014-09-06,2451.0,3735.4,3172.504166666667,2872.0,4537.0,3691.0416666666665
2014-09-07,2187.2,2998.9,2650.4583333333335,2413.0,3188.0,2854.125
2014-09-08,2061.0,3326.4,2825.1083333333336,2139.0,3425.0,2915.0416666666665
2014-09-09,2032.3,3340.3,2831.5416666666665,2082.0,3243.0,2827.25
2014-09-10,2041.8,3346.6,2836.816666666667,2093.0,3325.0,2872.0
2014-09-11,2136.7,3813.4,3110.566666666667,2146.0,3599.0,3048.4583333333335
2014-09-12,2067.7,3235.4,2769.2000000000003,2151.0,3207.0,2793.5416666666665
2014-09-13,1982.9,2774.7,2460.1458333333335,1947.0,2776.0,2435.0833333333335
2014-09-14,1938.3,2798.6,2405.5750000000003,1904.0,2791.0,2335.5416666666665
2014-09-15,1948.3,3137.0,2704.7000000000003,1876.0,3013.0,2599.3333333333335
2014-09-16,1962.2,3142.0,2714.1458333333335,1911.0,3067.0,2650.7916666666665
2014-09-17,1944.2,3114.8,2690.1875,1918.0,3073.0,2658.9583333333335
2014-09-18,1946.3,3142.6,2705.3791666666666,1911.0,3133.0,2675.0833333333335
2014-09-19,1899.3,2933.0,2571.9375,1899.0,2851.0,2527.375
2014-09-20,1895.5,2750.1,2375.8875000000003,1889.0,2764.0,2382.7916666666665
2014-09-21,1992.9,3056.8,2550.9416666666666,1943.0,3212.0,2606.7916666666665
2014-09-22,2069.7,3241.9,2778.308333333333,2217.0,3236.0,2818.5416666666665
2014-09-23,1913.7,3044.4,2634.2625000000003,1902.0,3088.0,2642.625
2014-09-24,1863.1,2921.4,2541.570833333333,1929.0,3061.0,2660.625
2014-09-25,1923.2,3035.2,2638.8166666666666,1927.0,3045.0,2637.8333333333335
2014-09-26,1912.2,3052.9,2633.0958333333333,1934.0,3114.0,2667.3333333333335
2014-09-27,1908.3,2874.0,2491.0499999999997,1937.0,3022.0,2557.625
2014-09-28,1966.0,3072.4,2572.4874999999997,2011.0,3384.0,2705.9166666666665
2014-09-29,2034.0,3325.0,2820.2333333333336,2193.0,3415.0,2916.6666666666665
2014-09-30,1969.0,3126.1,2700.945833333333,1991.0,3082.0,2690.9166666666665
2014-10-01,1919.4,3072.4,2662.8541666666665,1953.0,3119.0,2696.4583333333335
2014-10-02,1904.4,3109.4,2643.4416666666666,1950.0,3013.0,2645.0416666666665
2014-10-03,1874.4,2984.8,2579.304166666667,1921.0,2923.0,2580.25
2014-10-04,1882.5,2764.3,2390.4375,1925.0,2815.0,2443.3333333333335
2014-10-05,1871.9,2742.2,2334.616666666667,1898.0,2809.0,2334.2916666666665
2014-10-06,1872.1,3000.6,2598.483333333333,1898.0,3084.0,2625.2083333333335
2014-10-07,1897.7,3090.9,2666.7999999999997,1933.0,3169.0,2725.0833333333335
2014-10-08,1963.6,3101.3,2695.758333333333,2044.0,3156.0,2765.4166666666665
2014-10-09,1887.3,3061.4,2593.1041666666665,1919.0,3005.0,2605.2083333333335
2014-10-10,1875.6,2970.2,2572.8458333333333,1904.0,2893.0,2553.0
2014-10-11,1903.5,2711.3,2380.4,1881.0,2693.0,2371.5
2014-10-12,1879.6,2713.3,2306.6458333333335,1897.0,2684.0,2285.2083333333335
2014-10-13,1877.3,2959.2,2524.0333333333333,1910.0,3065.0,2557.6666666666665
2014-10-14,1902.9,3129.8,2675.5041666666666,1949.0,3285.0,2800.0833333333335
2014-10-15,2010.9,3260.3,2804.141666666667,2058.0,3482.0,2942.75
2014-10-16,2083.5,3334.1,2866.4625,2210.0,3463.0,2997.5
2014-10-17,1974.6,3047.9,2676.7166666666667,2073.0,3187.0,2767.0833333333335
2014-10-18,1876.0,2754.6,2376.741666666667,1958.0,2846.0,2461.25
2014-10-19,1842.2,2795.6,2331.429166666667,1866.0,2821.0,2313.3333333333335
2014-10-20,1952.3,3085.0,2625.4416666666666,1911.0,3106.0,2613.3333333333335
2014-10-21,1922.2,3124.3,2662.275,1936.0,3121.0,2653.2083333333335
2014-10-22,1896.3,3078.0,2655.5291666666667,1915.0,3163.0,2669.625
2014-10-23,1915.9,3032.9,2630.1666666666665,1966.0,3143.0,2691.4583333333335
2014-10-24,1903.9,2951.6,2589.945833333333,1960.0,3002.0,2632.625
2014-10-25,1899.5,2750.2,2362.5875,1932.0,2739.0,2371.0416666666665
2014-10-26,1831.2,2740.7,2279.6208333333334,1864.0,2829.0,2323.3333333333335
2014-10-27,1868.9,3019.3,2557.9375,1909.0,3102.0,2615.5
2014-10-28,1905.4,3039.3,2604.608333333333,1930.0,3120.0,2632.5833333333335
2014-10-29,1880.9,2929.5,2584.8791666666666,1915.0,3121.0,2673.125
2014-10-30,1889.8,3098.2,2608.554166666667,1894.0,3071.0,2609.7916666666665
2014-10-31,1928.7,2972.5,2603.891666666667,1951.0,2988.0,2606.2083333333335
2014-11-01,1934.8,2797.9,2404.3416666666667,1956.0,2950.0,2518.25
2014-11-02,1965.7,4091.0,2526.375,2000.0,4154.0,2701.6666666666665
2014-11-03,2055.8,3165.2,2713.7833333333333,2120.0,3313.0,2784.5833333333335
2014-11-04,2080.9,3145.4,2727.0666666666666,2067.0,3225.0,2717.75
2014-11-05,1938.2,3089.9,2646.4416666666666,1978.0,3205.0,2671.875
2014-11-06,2009.9,3219.0,2719.7208333333333,1976.0,3266.0,2715.4583333333335
2014-11-07,2035.4,3182.1,2730.991666666667,1986.0,3217.0,2687.7916666666665
2014-11-08,2076.7,2976.6,2568.633333333333,2075.0,2918.0,2508.25
2014-11-09,2085.7,2931.1,2492.9,2010.0,2945.0,2441.9166666666665
2014-11-10,2077.9,3198.2,2727.1208333333334,2034.0,3229.0,2702.2916666666665
2014-11-11,2008.8,3191.2,2687.758333333333,2022.0,3211.0,2650.25
2014-11-12,1974.9,3194.5,2677.508333333333,1949.0,3240.0,2669.125
2014-11-13,2066.7,3282.1,2764.7833333333333,1991.0,3239.0,2693.7083333333335
2014-11-14,2093.7,3271.5,2774.9041666666667,2087.0,3288.0,2767.4166666666665
2014-11-15,2207.8,3109.1,2653.5625,2177.0,3085.0,2646.4166666666665
2014-11-16,2115.9,3073.9,2582.5916666666667,2221.0,3166.0,2658.125
2014-11-17,2086.5,3292.3,2778.879166666667,2108.0,3468.0,2891.6666666666665
2014-11-18,2063.3,3467.5,2884.5208333333335,2121.0,3538.0,2894.2083333333335
2014-11-19,2334.4,3486.4,2990.866666666667,2366.0,3557.0,3024.0833333333335
2014-11-20,2264.0,3422.4,2910.866666666667,2305.0,3426.0,2927.0416666666665
2014-11-21,2249.0,3427.5,2926.3875000000003,2278.0,3517.0,2973.4166666666665
2014-11-22,2302.1,3145.7,2706.9249999999997,2367.0,3190.0,2787.9166666666665
2014-11-23,2126.8,3028.9,2547.4666666666667,2126.0,3022.0,2537.375
2014-11-24,2080.7,3335.5,2786.1666666666665,2042.0,3351.0,2802.9166666666665
2014-11-25,1987.4,3249.5,2695.7374999999997,1986.0,3223.0,2704.3333333333335
2014-11-26,2070.9,3477.8,2855.1541666666667,2022.0,3476.0,2850.9583333333335
2014-11-27,2081.8,2932.5,2579.116666666667,2205.0,2962.0,2617.1666666666665
2014-11-28,2176.9,3292.5,2775.4666666666667,2230.0,3297.0,2798.9583333333335
2014-11-29,2370.2,3209.2,2792.125,2342.0,3177.0,2764.125
2014-11-30,2139.8,3093.8,2589.6666666666665,2222.0,3080.0,2598.5833333333335
2014-12-01,2041.2,3337.9,2748.6708333333336,2030.0,3307.0,2746.2083333333335
2014-12-02,2157.9,3489.1,2903.1583333333333,2113.0,3573.0,2943.2916666666665
2014-12-03,2127.6,3363.7,2810.316666666667,2184.0,3439.0,2916.2083333333335
2014-12-04,2142.0,3441.2,2883.4666666666667,2197.0,3489.0,2911.8333333333335
2014-12-05,2262.1,3436.3,2930.1124999999997,2321.0,3462.0,2967.1666666666665
2014-12-06,2189.1,3076.7,2669.8541666666665,2187.0,3195.0,2740.5
2014-12-07,2118.5,3227.7,2662.9583333333335,2187.0,3422.0,2779.75
2014-12-08,2270.3,3536.5,2975.866666666667,2469.0,3904.0,3294.4166666666665
2014-12-09,2194.5,3462.1,2912.2625000000003,2419.0,3681.0,3133.75
2014-12-10,2173.7,3487.6,2908.7916666666665,2213.0,3568.0,2991.0
2014-12-11,2192.2,3523.0,2937.745833333333,2232.0,3640.0,3036.0416666666665
2014-12-12,2201.0,3377.5,2857.7000000000003,2341.0,3555.0,3026.9166666666665
2014-12-13,2197.1,3149.7,2663.5125,2305.0,3266.0,2816.7083333333335
2014-12-14,2119.8,3131.9,2598.0625,2280.0,3292.0,2743.9583333333335
2014-12-15,2124.8,3426.9,2843.3541666666665,2290.0,3561.0,2990.4166666666665
2014-12-16,2142.9,3401.1,2857.066666666667,2270.0,3552.0,3003.875
2014-12-17,2097.1,3358.2,2807.9666666666667,2178.0,3465.0,2911.5
2014-12-18,2161.4,3513.6,2917.3458333333333,2192.0,3500.0,2931.9583333333335
2014-12-19,2220.2,3529.4,2957.3125,2248.0,3539.0,2988.7083333333335
2014-12-20,2253.6,3263.1,2759.945833333333,2343.0,3324.0,2865.2916666666665
2014-12-21,2181.4,3290.1,2695.445833333333,2261.0,3333.0,2806.4583333333335
2014-12-22,2207.6,3547.1,2935.2999999999997,2286.0,3498.0,2972.9166666666665
2014-12-23,2139.3,3470.6,2880.5958333333333,2191.0,3411.0,2904.0
2014-12-24,2067.4,3291.8,2740.1124999999997,2142.0,3209.0,2758.4583333333335
2014-12-25,1962.9,2903.6,2452.2458333333334,2060.0,2748.0,2446.5833333333335
2014-12-26,2103.6,3273.2,2751.008333333333,2077.0,3139.0,2627.75
2014-12-27,2097.2,3037.4,2587.0375,2123.0,2932.0,2520.5
2014-12-28,2063.5,3099.2,2559.2791666666667,2029.0,2991.0,2497.625
2014-12-29,2162.3,3494.1,2893.9500000000003,2118.0,3398.0,2814.375
2014-12-30,2233.3,3585.6,2990.8333333333335,2315.0,3578.0,3007.2916666666665
2014-12-31,2374.0,3588.9,3042.65,2473.0,3558.0,3048.6666666666665
2015-01-01,2318.7,3320.8,2821.1375000000003,2483.0,3302.0,2837.7083333333335
2015-01-02,2331.7,3503.1,2966.566666666667,2320.0,3441.0,2906.75
2015-01-03,2370.7,3281.7,2815.4166666666665,2345.0,3357.0,2862.3333333333335
2015-01-04,2142.6,3004.4,2560.508333333333,2240.0,3258.0,2719.9166666666665
2015-01-05,2162.8,3607.6,2978.3458333333333,2147.0,3722.0,3015.5833333333335
2015-01-06,2511.4,3830.7,3201.566666666667,2598.0,3903.0,3355.5833333333335
2015-01-07,2546.2,3980.6,3304.5750000000003,2698.0,3949.0,3394.3333333333335
2015-01-08,2787.0,4066.1,3499.8291666666664,2985.0,4054.0,3587.125
2015-01-09,2508.0,3695.3,3173.4666666666667,2779.0,3756.0,3334.8333333333335
2015-01-10,2515.6,3537.1,3047.0333333333333,2647.0,3543.0,3119.7083333333335
2015-01-11,2493.3,3519.4,2971.4249999999997,2705.0,3599.0,3096.3333333333335
2015-01-12,2348.1,3673.4,3074.6625,2461.0,3651.0,3141.1666666666665
2015-01-13,2399.1,3932.2,3243.4083333333333,2405.0,3799.0,3206.5416666666665
2015-01-14,2604.6,3802.3,3281.6708333333336,2711.0,3871.0,3385.625
2015-01-15,2486.3,3752.8,3193.3624999999997,2574.0,3720.0,3240.25
2015-01-16,2495.7,3765.8,3182.566666666667,2551.0,3657.0,3187.0
2015-01-17,2613.3,3536.0,3079.2625000000003,2700.0,3510.0,3128.375
2015-01-18,2376.8,3306.6,2790.2208333333333,2497.0,3226.0,2856.625
2015-01-19,2214.7,3518.2,2925.0833333333335,2230.0,3474.0,2884.2916666666665
2015-01-20,2360.1,3684.6,3071.5875,2369.0,3561.0,3040.4583333333335
2015-01-21,2486.7,3739.4,3153.945833333333,2445.0,3616.0,3110.7916666666665
2015-01-22,2400.1,3640.6,3090.6,2392.0,3518.0,3041.7916666666665
2015-01-23,2395.8,3570.1,3052.2999999999997,2417.0,3463.0,3035.375
2015-01-24,2282.9,3293.8,2817.0625,2339.0,3374.0,2892.5
2015-01-25,2259.3,3367.3,2782.8291666666664,2351.0,3370.0,2810.375
2015-01-26,2497.3,3770.4,3185.975,2561.0,3840.0,3310.0833333333335
2015-01-27,2364.1,3538.7,3034.0416666666665,2705.0,3763.0,3232.25
2015-01-28,2380.0,3551.0,3056.6666666666665,2705.0,3817.0,3300.7916666666665
2015-01-29,2495.2,3611.5,3145.0208333333335,2721.0,3652.0,3262.2083333333335
2015-01-30,2315.6,3533.6,2989.9125,2482.0,3566.0,3139.9166666666665
2015-01-31,2570.7,3573.0,3091.070833333333,2677.0,3676.0,3210.0
2015-02-01,2542.8,3500.0,2984.0125000000003,2740.0,3533.0,3088.0416666666665
2015-02-02,2602.9,3866.4,3310.1749999999997,2661.0,3978.0,3371.0416666666665
2015-02-03,2648.0,3863.9,3349.008333333333,2812.0,3841.0,3406.75
2015-02-04,2626.0,3608.0,3194.820833333333,2746.0,3639.0,3281.2916666666665
2015-02-05,2400.4,3811.2,3179.475,2436.0,3867.0,3252.9583333333335
2015-02-06,2730.0,3766.9,3343.025,2882.0,3770.0,3434.4166666666665
2015-02-07,2609.4,3431.1,2999.4166666666665,2703.0,3478.0,3109.1666666666665
2015-02-08,2393.8,3378.7,2836.941666666667,2505.0,3718.0,3086.6666666666665
2015-02-09,2452.0,3708.1,3143.8291666666664,2763.0,3884.0,3364.9583333333335
2015-02-10,2500.4,3626.7,3142.4625,2754.0,3710.0,3278.7083333333335
2015-02-11,2497.5,3712.8,3171.9125,2615.0,3763.0,3294.375
2015-02-12,2603.6,3700.5,3220.6,2712.0,3700.0,3313.75
2015-02-13,2625.4,3881.3,3368.5291666666667,2690.0,3797.0,3383.9166666666665
2015-02-14,2736.6,3463.9,3139.85,2885.0,3593.0,3241.1666666666665
2015-02-15,2533.1,3744.1,3083.5875,2671.0,3823.0,3180.5416666666665
2015-02-16,2779.1,3827.2,3348.8291666666664,3044.0,3919.0,3491.875
2015-02-17,2773.8,3735.5,3331.7916666666665,2844.0,3801.0,3420.5
2015-02-18,2613.2,3748.5,3253.4166666666665,2695.0,3654.0,3251.9583333333335
2015-02-19,2577.5,3849.6,3250.4666666666667,2586.0,3755.0,3236.4583333333335
2015-02-20,2702.9,3764.6,3339.054166666667,2871.0,3817.0,3444.4583333333335
2015-02-21,2691.8,3435.6,3076.275,2815.0,3523.0,3200.1666666666665
2015-02-22,2279.1,3247.7,2729.3458333333333,2485.0,3387.0,2885.8333333333335
2015-02-23,2471.0,3816.9,3246.5625,2460.0,3869.0,3252.2916666666665
2015-02-24,2797.6,3760.7,3366.179166666667,2928.0,3924.0,3483.0416666666665
2015-02-25,2550.8,3612.1,3187.5166666666664,2744.0,3651.0,3260.375
2015-02-26,2537.6,3634.8,3142.5125000000003,2653.0,3777.0,3322.3333333333335
2015-02-27,2582.2,3645.5,3204.433333333333,2702.0,3589.0,3248.5416666666665
2015-02-28,2633.1,3452.9,3023.5208333333335,2715.0,3393.0,3069.6666666666665
2015-03-01,2588.1,3327.0,2923.258333333333,2663.0,3545.0,3050.7916666666665
2015-03-02,2402.5,3528.7,3079.7999999999997,2532.0,3626.0,3143.2916666666665
2015-03-03,2559.8,3564.6,3162.1583333333333,2574.0,3638.0,3175.5833333333335
2015-03-04,2370.3,3412.6,2995.525,2457.0,3454.0,3027.125
2015-03-05,2363.1,3617.1,3093.2958333333336,2338.0,3667.0,3125.5
2015-03-06,2583.5,3570.7,3178.4500000000003,2694.0,3546.0,3221.7916666666665
2015-03-07,2568.5,3233.5,2911.883333333333,2603.0,3216.0,2907.4583333333335
2015-03-08,0.0,3185.0,2649.7625000000003,0.0,3214.0,2674.0833333333335
2015-03-09,2338.6,3401.5,2979.1708333333336,2389.0,3314.0,2932.7083333333335
2015-03-10,2327.3,3273.6,2908.475,2298.0,3216.0,2868.4166666666665
2015-03-11,2166.0,3177.4,2795.9541666666664,2180.0,3079.0,2743.2083333333335
2015-03-12,2217.1,3305.7,2876.6124999999997,2145.0,3284.0,2839.625
2015-03-13,2371.0,3243.1,2924.4041666666667,2397.0,3292.0,2921.6666666666665
2015-03-14,2305.7,2989.4,2698.5375,2273.0,3049.0,2752.75
2015-03-15,2142.2,3068.9,2586.445833333333,2222.0,3224.0,2699.6666666666665
2015-03-16,2247.5,3228.1,2859.445833333333,2393.0,3293.0,2930.0
2015-03-17,2188.6,3249.0,2822.6541666666667,2236.0,3302.0,2899.125
2015-03-18,2332.0,3384.7,2969.5375,2410.0,3511.0,3075.0833333333335
2015-03-19,2391.0,3356.8,2972.0750000000003,2549.0,3433.0,3093.6666666666665
2015-03-20,2430.4,3297.5,2948.2125,2478.0,3399.0,3049.875
2015-03-21,2236.7,2974.5,2647.8958333333335,2357.0,3074.0,2743.0416666666665
2015-03-22,2233.6,3157.3,2679.3458333333333,2251.0,3212.0,2720.1666666666665
2015-03-23,2359.2,3355.8,2983.4375,2491.0,3433.0,3081.5416666666665
2015-03-24,2314.9,3284.6,2936.0291666666667,2465.0,3392.0,2983.2083333333335
2015-03-25,2313.5,3213.1,2875.85,2331.0,3194.0,2849.75
2015-03-26,2120.8,3110.6,2736.6458333333335,2177.0,3105.0,2774.25
2015-03-27,2077.8,3030.0,2680.8791666666666,2102.0,3133.0,2774.0416666666665
2015-03-28,2144.7,2897.4,2566.9416666666666,2158.0,3010.0,2683.6666666666665
2015-03-29,2167.1,2987.3,2559.545833333333,2299.0,2975.0,2609.0416666666665
2015-03-30,2227.3,3142.4,2821.35,2243.0,3298.0,2917.5833333333335
2015-03-31,2180.2,3153.2,2789.7791666666667,2212.0,3084.0,2765.375
2015-04-01,2152.2,3109.5,2770.775,2178.0,3084.0,2767.4166666666665
2015-04-02,2189.8,3059.4,2748.8333333333335,2218.0,3170.0,2771.8333333333335
2015-04-03,1976.8,2967.5,2586.6208333333334,2023.0,2982.0,2622.0416666666665
2015-04-04,1960.9,2827.2,2452.5666666666666,1968.0,2783.0,2431.1666666666665
2015-04-05,2072.2,2776.6,2431.1666666666665,2103.0,2807.0,2437.2083333333335
2015-04-06,2114.8,3082.9,2732.5208333333335,2098.0,3066.0,2711.125
2015-04-07,2055.6,3065.3,2733.375,2077.0,3144.0,2775.25
2015-04-08,2092.4,3102.1,2765.1,2162.0,3266.0,2832.5833333333335
2015-04-09,2134.9,3108.1,2776.6666666666665,2240.0,3285.0,2929.875
2015-04-10,2038.3,3013.4,2642.608333333333,2210.0,3128.0,2773.8333333333335
2015-04-11,1915.3,2650.1,2339.525,2030.0,2693.0,2414.9583333333335
2015-04-12,1982.8,2614.2,2291.3458333333333,2028.0,2750.0,2367.4583333333335
2015-04-13,1945.3,2859.6,2559.7875,1944.0,2935.0,2605.625
2015-04-14,1918.7,2858.9,2542.670833333333,1932.0,2942.0,2609.25
2015-04-15,1937.1,2857.4,2553.6875,1931.0,2886.0,2568.4583333333335
2015-04-16,1977.2,2866.1,2575.554166666667,1920.0,2830.0,2535.1666666666665
2015-04-17,1939.6,2875.8,2538.0875,1919.0,2949.0,2565.7916666666665
2015-04-18,1881.1,2553.6,2267.65,1888.0,2537.0,2277.6666666666665
2015-04-19,1878.7,2612.2,2239.2999999999997,1877.0,2591.0,2222.9583333333335
2015-04-20,1980.1,2905.3,2590.775,1904.0,2954.0,2575.6666666666665
2015-04-21,1899.2,2842.8,2528.0416666666665,1957.0,2942.0,2570.9583333333335
2015-04-22,1864.7,2819.6,2496.0333333333333,1907.0,2850.0,2525.1666666666665
2015-04-23,1883.5,2823.2,2512.15,1907.0,2849.0,2535.875
2015-04-24,1970.0,2826.9,2542.5625,2020.0,2844.0,2546.0416666666665
2015-04-25,1969.4,2579.1,2312.9625,1993.0,2595.0,2345.625
2015-04-26,1891.1,2563.1,2220.6,1913.0,2683.0,2299.9583333333335
2015-04-27,1896.3,2877.5,2529.8125,1913.0,2886.0,2562.9166666666665
2015-04-28,1893.4,2828.1,2515.954166666667,1942.0,2855.0,2555.3333333333335
2015-04-29,1873.4,2815.6,2496.35,1907.0,2831.0,2527.2916666666665
2015-04-30,1869.8,2756.3,2466.8333333333335,1896.0,2831.0,2539.5833333333335
2015-05-01,1865.2,2805.4,2486.9625,1936.0,2849.0,2516.9583333333335
2015-05-02,1893.3,2561.6,2268.8166666666666,1931.0,2554.0,2293.3333333333335
2015-05-03,1831.4,2623.3,2216.7208333333333,1867.0,2653.0,2254.2083333333335
2015-05-04,1865.9,3034.9,2602.420833333333,1849.0,3127.0,2647.1666666666665
2015-05-05,1906.8,3063.3,2644.8250000000003,1969.0,3155.0,2695.5
2015-05-06,1901.0,2941.6,2583.8791666666666,1917.0,3063.0,2632.875
2015-05-07,1848.8,3088.8,2603.7374999999997,1889.0,3265.0,2722.75
2015-05-08,1856.1,2929.6,2523.8416666666667,1953.0,3009.0,2570.7916666666665
2015-05-09,1852.7,2622.0,2304.5833333333335,1851.0,2735.0,2345.25
2015-05-10,1903.8,2845.4,2385.5416666666665,1966.0,3349.0,2668.625
2015-05-11,1948.2,3176.2,2722.3041666666663,2251.0,3585.0,2927.9583333333335
2015-05-12,1980.8,3376.5,2825.3125,1919.0,3451.0,2788.4583333333335
2015-05-13,1894.5,2948.9,2579.116666666667,1965.0,3007.0,2624.2916666666665
2015-05-14,1868.9,2914.6,2541.9,1888.0,2974.0,2579.5
2015-05-15,1853.1,2861.4,2480.7458333333334,1881.0,2992.0,2570.5
2015-05-16,1840.0,2632.4,2289.625,1895.0,2691.0,2385.25
2015-05-17,1862.6,2820.5,2339.0291666666667,1904.0,2880.0,2459.5416666666665
2015-05-18,1923.3,2973.3,2594.983333333333,1908.0,2947.0,2576.875
2015-05-19,1867.9,3020.6,2592.983333333333,1892.0,3053.0,2649.0416666666665
2015-05-20,1881.5,2936.5,2558.579166666667,1940.0,2929.0,2573.4166666666665
2015-05-21,1889.7,2944.7,2556.6124999999997,1873.0,2926.0,2551.5
2015-05-22,1844.0,2891.6,2504.625,1876.0,3000.0,2556.1666666666665
2015-05-23,1844.2,2515.1,2252.6208333333334,1840.0,2468.0,2217.375
2015-05-24,1812.7,2690.2,2270.891666666667,1821.0,2625.0,2275.8333333333335
2015-05-25,1835.2,2733.9,2380.4666666666667,1925.0,3017.0,2549.2916666666665
2015-05-26,2001.3,3516.5,2902.6875,2087.0,3958.0,3150.4166666666665
2015-05-27,2118.2,3617.2,3001.8250000000003,2340.0,4335.0,3437.0
2015-05-28,2088.8,3596.1,2981.3250000000003,2393.0,4363.0,3433.2083333333335
2015-05-29,2110.2,3322.0,2846.5208333333335,2267.0,3635.0,3054.4583333333335
2015-05-30,1962.3,3083.8,2627.429166666667,2095.0,3615.0,2930.2083333333335
2015-05-31,1970.0,2773.8,2408.5958333333333,2154.0,3184.0,2658.5416666666665
2015-06-01,1959.6,3045.2,2633.7125,1889.0,2940.0,2573.625
2015-06-02,1944.4,2998.6,2601.670833333333,1916.0,2966.0,2593.625
2015-06-03,1966.1,3004.7,2627.25,1927.0,2907.0,2550.9583333333335
2015-06-04,1954.4,3042.2,2631.2458333333334,1885.0,2898.0,2536.5416666666665
2015-06-05,1865.8,2961.5,2556.2625000000003,1884.0,2934.0,2544.125
2015-06-06,1851.5,2651.5,2332.929166666667,1909.0,2683.0,2375.0
2015-06-07,1866.4,2598.7,2272.0708333333337,1844.0,2660.0,2294.4583333333335
2015-06-08,1893.3,3075.4,2626.9583333333335,1880.0,3224.0,2710.4166666666665
2015-06-09,2025.7,3355.4,2837.8458333333333,2082.0,3583.0,2990.375
2015-06-10,2085.1,3662.1,2973.3875000000003,2117.0,3721.0,3052.3333333333335
2015-06-11,2202.1,4072.2,3217.2708333333335,2247.0,4215.0,3341.5
2015-06-12,2221.8,3830.2,3131.1,2315.0,3980.0,3242.125
2015-06-13,2229.1,3132.0,2757.775,2525.0,3519.0,3059.625
2015-06-14,2030.4,2913.9,2545.0875,2190.0,3006.0,2694.5833333333335
2015-06-15,1982.2,3277.1,2755.975,2110.0,3097.0,2720.4583333333335
2015-06-16,2040.1,3583.2,2948.004166666667,1975.0,3335.0,2829.2083333333335
2015-06-17,2103.7,3332.2,2835.7791666666667,2159.0,3218.0,2814.125
2015-06-18,2028.1,3317.5,2790.7000000000003,1997.0,3406.0,2812.0
2015-06-19,1986.9,3419.4,2795.991666666667,2087.0,3757.0,3017.1666666666665
2015-06-20,1982.4,2760.5,2470.1625,2016.0,2880.0,2545.5416666666665
2015-06-21,1959.9,2907.3,2507.5750000000003,2094.0,3189.0,2700.4166666666665
2015-06-22,2146.4,3814.2,3119.7333333333336,2216.0,3957.0,3227.8333333333335
2015-06-23,2169.0,4046.9,3196.7374999999997,2306.0,4449.0,3485.0833333333335
2015-06-24,2228.6,3710.5,3077.025,2444.0,4033.0,3328.4166666666665
2015-06-25,2128.4,3663.0,2992.1625,2280.0,3799.0,3163.2083333333335
2015-06-26,2131.5,3347.8,2835.1749999999997,2299.0,3376.0,2906.9166666666665
2015-06-27,2010.3,2801.1,2483.508333333333,2007.0,2832.0,2494.1666666666665
2015-06-28,1949.2,2787.1,2441.7625000000003,1966.0,2640.0,2364.375
2015-06-29,2019.2,3388.8,2837.8291666666664,1889.0,3169.0,2685.5833333333335
2015-06-30,2093.5,3593.4,2982.4833333333336,2062.0,3591.0,2962.5833333333335
2015-07-01,2246.1,3594.3,3053.1416666666664,2216.0,3756.0,3091.3333333333335
2015-07-02,2204.4,3648.1,3029.5833333333335,2201.0,3589.0,3009.875
2015-07-03,2067.3,3082.1,2650.7916666666665,2140.0,3215.0,2734.2083333333335
2015-07-04,2053.5,2853.6,2536.420833333333,2069.0,2752.0,2451.2083333333335
2015-07-05,2048.6,3167.5,2674.8375,1977.0,3272.0,2678.25
2015-07-06,2171.5,3838.0,3121.625,2319.0,4101.0,3352.0
2015-07-07,2303.4,4101.4,3297.066666666667,2447.0,4410.0,3587.6666666666665
2015-07-08,2561.2,4357.1,3564.5916666666667,2744.0,4623.0,3749.2083333333335
2015-07-09,2470.8,3628.7,3148.15,2416.0,3562.0,3083.9166666666665
2015-07-10,2316.1,3743.0,3136.7166666666667,2262.0,3749.0,3096.7083333333335
2015-07-11,2304.6,3614.4,3027.15,2215.0,3620.0,3010.5833333333335
2015-07-12,2373.3,3971.5,3220.7625000000003,2345.0,4045.0,3280.375
2015-07-13,2603.4,4333.4,3564.7791666666667,2790.0,4206.0,3568.125
2015-07-14,2454.9,4044.8,3360.820833333333,2462.0,4093.0,3463.875
2015-07-15,2469.6,3954.8,3321.1875,2705.0,4464.0,3632.7916666666665
2015-07-16,2327.1,3558.4,3050.808333333333,2268.0,3400.0,2930.0
2015-07-17,2158.6,3610.5,2986.875,2115.0,3540.0,2964.2916666666665
2015-07-18,2151.7,3348.7,2829.8624999999997,2284.0,3155.0,2824.75
2015-07-19,2342.4,3979.6,3226.1583333333333,2426.0,4243.0,3423.3333333333335
2015-07-20,2767.9,4522.5,3768.633333333333,2964.0,5016.0,4127.083333333333
2015-07-21,2775.0,4580.6,3770.0,2822.0,4549.0,3742.875
2015-07-22,2606.3,4098.5,3432.775,2646.0,4018.0,3401.0833333333335
2015-07-23,2349.6,3829.9,3197.1458333333335,2381.0,3819.0,3227.75
2015-07-24,2268.7,3671.7,3086.9125,2330.0,3666.0,3097.2083333333335
2015-07-25,2158.5,3036.9,2694.6375000000003,2213.0,2912.0,2622.0416666666665
2015-07-26,2182.5,3324.8,2799.445833333333,2120.0,3287.0,2741.2083333333335
2015-07-27,2478.7,4227.7,3450.945833333333,2433.0,4316.0,3477.4166666666665
2015-07-28,2554.6,4577.2,3688.870833333333,2613.0,4628.0,3745.0
2015-07-29,2752.5,4863.5,3902.375,2728.0,4926.0,3994.6666666666665
2015-07-30,2897.8,4908.5,4011.7333333333336,2993.0,4999.0,4094.7083333333335
2015-07-31,2706.9,4474.2,3651.066666666667,2849.0,4397.0,3692.9583333333335
2015-08-01,2434.3,3741.6,3160.8624999999997,2454.0,3777.0,3186.2916666666665
2015-08-02,2365.7,3649.4,3076.8125,2304.0,3732.0,3073.2916666666665
2015-08-03,2588.3,4501.6,3630.741666666667,2643.0,4699.0,3776.3333333333335
2015-08-04,2649.0,4438.4,3645.1708333333336,2900.0,4568.0,3660.4166666666665
2015-08-05,2574.2,4023.3,3378.616666666667,2481.0,4088.0,3361.125
2015-08-06,2314.8,3787.2,3158.683333333333,2327.0,3739.0,3145.9583333333335
2015-08-07,2239.0,3523.7,2989.1749999999997,2292.0,3568.0,3027.5416666666665
2015-08-08,2125.1,2996.4,2653.0125000000003,2149.0,3036.0,2689.75
2015-08-09,2045.3,3005.5,2595.1,2131.0,2914.0,2571.625
2015-08-10,2206.3,3685.9,3077.875,2116.0,3853.0,3099.4166666666665
2015-08-11,2267.0,3593.2,3071.191666666667,2330.0,3541.0,3106.7083333333335
2015-08-12,2365.3,3895.4,3250.7999999999997,2394.0,4064.0,3333.25
2015-08-13,2321.3,3766.2,3155.566666666667,2378.0,3888.0,3233.9583333333335
2015-08-14,2291.4,3924.7,3199.65,2287.0,4065.0,3263.5833333333335
2015-08-15,2326.1,3594.4,3068.558333333333,2382.0,3975.0,3219.7916666666665
2015-08-16,2404.7,3836.2,3176.808333333333,2464.0,4031.0,3313.0833333333335
2015-08-17,2643.1,4818.8,3847.4,2754.0,4863.0,3947.75
2015-08-18,2802.7,4797.3,3879.1375000000003,2958.0,4933.0,3976.9166666666665
2015-08-19,2710.5,4468.4,3661.0875,2837.0,4803.0,3913.9166666666665
2015-08-20,2643.8,4171.4,3484.1,2858.0,4476.0,3768.7916666666665
2015-08-21,2535.3,4091.6,3405.629166666667,2786.0,4493.0,3696.7916666666665
2015-08-22,2389.8,3382.5,2975.6124999999997,2640.0,3350.0,3069.0
2015-08-23,2327.6,3320.6,2893.4874999999997,2401.0,3270.0,2872.4166666666665
2015-08-24,2399.7,3957.6,3313.8958333333335,2461.0,3944.0,3356.75
2015-08-25,2500.7,4072.1,3415.683333333333,2501.0,4247.0,3507.8333333333335
2015-08-26,2537.6,4097.9,3400.3916666666664,2661.0,4242.0,3522.5833333333335
2015-08-27,2358.0,3872.4,3223.620833333333,2345.0,3769.0,3147.0416666666665
2015-08-28,2263.4,3676.4,3077.179166666667,2219.0,3566.0,3011.7083333333335
2015-08-29,2225.0,3287.3,2838.9874999999997,2162.0,3225.0,2776.5833333333335
2015-08-30,2244.5,3579.1,2973.875,2245.0,3637.0,3014.6666666666665
2015-08-31,2501.6,4348.0,3542.5499999999997,2586.0,4606.0,3718.5
2015-09-01,2678.4,4275.4,3573.808333333333,2641.0,4188.0,3506.1666666666665
2015-09-02,2521.4,4558.4,3652.9625,2468.0,4654.0,3652.0
2015-09-03,2563.2,4241.0,3493.7041666666664,2676.0,4572.0,3712.8333333333335
2015-09-04,2505.1,3578.6,3113.8416666666667,2474.0,3456.0,3102.2083333333335
2015-09-05,2093.3,3030.6,2672.295833333333,2054.0,2971.0,2585.3333333333335
2015-09-06,2014.7,3236.3,2694.75,2072.0,3371.0,2738.5
2015-09-07,2236.3,3840.9,3097.15,2265.0,4325.0,3297.2083333333335
2015-09-08,2554.1,4458.9,3655.7625000000003,2769.0,5054.0,4007.5
2015-09-09,2753.4,4540.8,3757.433333333333,2909.0,5077.0,4092.8333333333335
2015-09-10,2722.3,4036.0,3454.133333333333,2701.0,3948.0,3457.125
2015-09-11,2322.6,3416.9,2966.366666666667,2291.0,3411.0,2969.5833333333335
2015-09-12,2057.4,2975.2,2610.125,2126.0,3041.0,2676.3333333333335
2015-09-13,2046.9,2931.8,2555.9041666666667,2127.0,3034.0,2606.0833333333335
2015-09-14,2109.2,3298.8,2857.8250000000003,2070.0,3202.0,2770.9583333333335
2015-09-15,2098.0,3624.5,2993.2875,2010.0,3640.0,2947.25
2015-09-16,2199.4,3758.6,3104.195833333333,2173.0,3919.0,3166.2916666666665
2015-09-17,2290.5,3894.4,3216.570833333333,2286.0,4171.0,3316.7916666666665
2015-09-18,2264.3,3826.1,3151.0458333333336,2364.0,4098.0,3306.375
2015-09-19,2226.2,3137.8,2768.8416666666667,2278.0,3398.0,2909.2916666666665
2015-09-20,2148.0,2899.5,2580.804166666667,2286.0,3016.0,2705.125
2015-09-21,2057.6,3224.5,2767.6375000000003,1960.0,3057.0,2659.2083333333335
2015-09-22,1984.9,3211.1,2722.2166666666667,1932.0,3137.0,2683.875
2015-09-23,1976.3,3207.4,2738.1083333333336,1941.0,3142.0,2672.75
2015-09-24,2037.8,3235.9,2784.5333333333333,1931.0,3200.0,2717.5
2015-09-25,1984.4,3061.0,2652.9041666666667,1943.0,3001.0,2608.625
2015-09-26,1939.8,2669.5,2392.9,1877.0,2615.0,2310.875
2015-09-27,1924.0,2713.3,2362.1583333333333,1827.0,2810.0,2297.9166666666665
2015-09-28,2030.2,3267.2,2785.4791666666665,1893.0,3353.0,2793.125
2015-09-29,2076.0,3569.6,2939.0333333333333,2144.0,3746.0,3146.4583333333335
2015-09-30,2187.5,3278.6,2834.2333333333336,2389.0,3898.0,3173.1666666666665
2015-10-01,1968.5,3042.9,2650.766666666667,1967.0,2986.0,2616.0833333333335
2015-10-02,1912.6,2915.7,2562.725,1884.0,2898.0,2549.4583333333335
2015-10-03,1848.2,2654.7,2315.1916666666666,1895.0,2702.0,2373.0833333333335
2015-10-04,1832.6,2694.6,2271.6625,1886.0,2780.0,2303.8333333333335
2015-10-05,1880.1,2975.2,2567.1208333333334,1883.0,2987.0,2571.2083333333335
2015-10-06,1910.9,3036.5,2628.304166666667,1894.0,2967.0,2577.375
2015-10-07,1991.5,3103.3,2685.516666666667,1883.0,3026.0,2599.9166666666665
2015-10-08,1885.6,2938.7,2549.025,1896.0,2927.0,2553.2083333333335
2015-10-09,1853.0,2926.2,2536.7000000000003,1885.0,3075.0,2632.0
2015-10-10,1805.7,2573.4,2251.7208333333333,1864.0,2597.0,2277.5
2015-10-11,1807.4,2656.6,2224.0041666666666,1849.0,2633.0,2245.2083333333335
2015-10-12,1862.6,2944.5,2503.641666666667,1853.0,3038.0,2524.0
2015-10-13,1877.3,3052.7,2620.7125,1905.0,3183.0,2696.5416666666665
2015-10-14,1881.4,2963.4,2574.733333333333,1920.0,3007.0,2601.5
2015-10-15,1862.2,2886.5,2529.6749999999997,1869.0,2964.0,2542.5833333333335
2015-10-16,1870.3,2911.9,2550.375,1888.0,2871.0,2537.0833333333335
2015-10-17,1843.3,2634.1,2283.2708333333335,1902.0,2709.0,2342.875
2015-10-18,1826.0,2782.1,2316.304166666667,1940.0,2929.0,2409.0416666666665
2015-10-19,2083.7,3002.0,2686.9,2070.0,3147.0,2717.6666666666665
2015-10-20,1962.2,2984.3,2597.5916666666667,2015.0,3083.0,2663.7916666666665
2015-10-21,1908.2,2992.2,2583.725,1927.0,3058.0,2626.5833333333335
2015-10-22,1877.1,2997.3,2578.0833333333335,1928.0,3112.0,2655.5
2015-10-23,1874.1,2912.2,2540.454166666667,1897.0,2940.0,2548.0
2015-10-24,1876.0,2700.6,2341.7083333333335,1987.0,2806.0,2456.4583333333335
2015-10-25,1854.0,2713.9,2278.329166666667,1934.0,2843.0,2391.2083333333335
2015-10-26,1912.3,3025.8,2592.4083333333333,1932.0,3079.0,2617.2083333333335
2015-10-27,1968.7,3020.8,2614.525,2027.0,3112.0,2674.0833333333335
2015-10-28,1882.0,3106.5,2612.4083333333333,2016.0,3168.0,2709.25
2015-10-29,1930.7,3016.5,2642.7291666666665,2074.0,3156.0,2756.0
2015-10-30,1869.5,2930.1,2538.704166666667,1906.0,2915.0,2546.0833333333335
2015-10-31,1918.5,2725.9,2367.4583333333335,1940.0,2698.0,2370.375
2015-11-01,1877.4,3973.5,2394.116666666667,1891.0,3918.0,2458.3333333333335
2015-11-02,1802.3,2903.6,2441.0499999999997,1903.0,3141.0,2597.3333333333335
2015-11-03,1896.6,3056.2,2577.5041666666666,1919.0,3183.0,2622.0833333333335
2015-11-04,1881.5,3023.5,2566.3166666666666,1909.0,3122.0,2592.0833333333335
2015-11-05,1897.5,3113.9,2609.3708333333334,1916.0,3258.0,2675.875
2015-11-06,1919.2,3115.3,2628.7208333333333,1978.0,3275.0,2722.1666666666665
2015-11-07,1873.4,2692.2,2320.820833333333,1912.0,2761.0,2352.7916666666665
2015-11-08,1865.6,2798.3,2325.025,1865.0,2832.0,2313.0416666666665
2015-11-09,1948.9,3061.5,2592.4,1935.0,3165.0,2622.625
2015-11-10,1946.6,3146.0,2640.0,1961.0,3176.0,2652.75
2015-11-11,1904.1,3102.9,2607.983333333333,1958.0,3201.0,2651.9166666666665
2015-11-12,1955.7,3177.9,2662.6541666666667,1972.0,3203.0,2683.8333333333335
2015-11-13,1875.6,3062.8,2579.2374999999997,1946.0,3084.0,2587.9583333333335
2015-11-14,1933.3,2948.9,2453.025,1971.0,2930.0,2462.2083333333335
2015-11-15,1981.9,2876.7,2380.3083333333334,2047.0,2941.0,2450.875
2015-11-16,1912.9,3163.0,2600.241666666667,1968.0,3173.0,2650.1666666666665
2015-11-17,1984.6,3180.6,2676.7875,2040.0,3250.0,2715.9166666666665
2015-11-18,2018.0,3197.7,2690.6,2127.0,3264.0,2758.3333333333335
2015-11-19,1966.6,3132.2,2636.2999999999997,2046.0,3223.0,2715.0416666666665
2015-11-20,1900.7,3138.7,2602.295833333333,1993.0,3098.0,2627.4583333333335
2015-11-21,1980.9,2835.8,2439.4583333333335,1994.0,2918.0,2476.75
2015-11-22,1974.0,2900.5,2404.795833333333,2039.0,3025.0,2526.625
2015-11-23,2037.6,3303.5,2759.4666666666667,2047.0,3387.0,2793.0
2015-11-24,2139.0,3312.2,2801.4583333333335,2226.0,3334.0,2858.25
2015-11-25,2124.6,3194.7,2739.2666666666664,2203.0,3256.0,2791.3333333333335
2015-11-26,2007.8,2793.3,2449.079166666667,2080.0,2711.0,2408.3333333333335
2015-11-27,1975.4,2948.1,2492.454166666667,1945.0,2915.0,2434.9583333333335
2015-11-28,1919.2,2928.7,2437.8708333333334,1911.0,2863.0,2430.75
2015-11-29,1979.8,2947.7,2451.4375,2034.0,3094.0,2521.6666666666665
2015-11-30,2082.9,3353.2,2802.1458333333335,2178.0,3462.0,2899.9583333333335
2015-12-01,2155.1,3313.0,2803.4208333333336,2241.0,3435.0,2920.9583333333335
2015-12-02,2014.8,3243.2,2720.679166666667,2142.0,3375.0,2844.7083333333335
2015-12-03,1960.9,3279.8,2681.3875000000003,2049.0,3338.0,2769.9583333333335
2015-12-04,2004.7,3237.4,2703.008333333333,2132.0,3275.0,2779.8333333333335
2015-12-05,2026.8,2969.0,2511.633333333333,2129.0,2979.0,2569.2916666666665
2015-12-06,1993.4,2957.5,2449.1208333333334,2118.0,3049.0,2541.0833333333335
2015-12-07,2009.3,3293.5,2716.3166666666666,2084.0,3337.0,2781.7916666666665
2015-12-08,2026.7,3368.0,2768.258333333333,2084.0,3437.0,2861.0833333333335
2015-12-09,2107.2,3334.3,2789.3416666666667,2146.0,3378.0,2829.4166666666665
2015-12-10,2007.4,3254.2,2711.9874999999997,2081.0,3272.0,2749.5833333333335
2015-12-11,1983.8,3187.7,2657.241666666667,2036.0,3231.0,2709.375
2015-12-12,1970.9,2915.0,2426.758333333333,2009.0,2931.0,2476.625
2015-12-13,1899.8,2957.1,2389.5583333333334,1948.0,3029.0,2470.0833333333335
2015-12-14,1946.4,3270.7,2670.579166666667,1985.0,3324.0,2747.2083333333335
2015-12-15,1944.4,3253.5,2666.7916666666665,2026.0,3264.0,2704.375
2015-12-16,1983.1,3324.2,2728.608333333333,2027.0,3347.0,2751.25
2015-12-17,2051.1,3306.3,2747.1666666666665,2099.0,3326.0,2814.1666666666665
2015-12-18,1967.3,3251.9,2678.0875,2029.0,3270.0,2752.5
2015-12-19,2073.4,3098.0,2590.2208333333333,2129.0,3163.0,2656.0833333333335
2015-12-20,2120.8,3121.1,2591.6625,2217.0,3167.0,2646.8333333333335
2015-12-21,2140.0,3289.9,2784.5333333333333,2202.0,3373.0,2861.6666666666665
2015-12-22,1992.3,3261.4,2712.7625000000003,2046.0,3302.0,2765.75
2015-12-23,1975.4,3278.7,2697.4791666666665,2005.0,3226.0,2699.7916666666665
2015-12-24,1959.1,3173.9,2618.7083333333335,1994.0,3083.0,2594.2916666666665
2015-12-25,1956.6,2824.2,2431.0625,1937.0,2621.0,2302.9583333333335
2015-12-26,1961.9,2984.7,2476.4333333333334,1892.0,2818.0,2355.8333333333335
2015-12-27,1964.4,2921.0,2434.7791666666667,1952.0,2886.0,2414.0416666666665
2015-12-28,2067.7,3494.0,2857.4874999999997,2074.0,3417.0,2793.0
2015-12-29,2220.2,3458.3,2909.6375000000003,2275.0,3536.0,2974.2916666666665
2015-12-30,2062.2,3332.3,2772.879166666667,2336.0,3498.0,2991.0
2015-12-31,2030.6,3198.5,2681.954166666667,2251.0,3247.0,2762.625
2016-01-01,2129.6,3137.7,2629.0375,2160.545,3056.443,2592.8750833333334
2016-01-02,2104.9,3132.4,2607.2625000000003,2203.587,3077.629,2632.4824166666667
2016-01-03,2144.0,3123.5,2590.045833333333,2191.1,3147.494,2615.7476666666666
2016-01-04,2207.7,3580.2,2971.879166666667,2224.669,3713.923,3079.7435833333334
2016-01-05,2398.1,3546.7,3038.6875,2633.731,3756.152,3268.424166666666
2016-01-06,2377.3,3512.6,3011.6625,2570.149,3518.963,3095.7389583333334
2016-01-07,2309.5,3486.0,2985.8541666666665,2378.785,3479.915,2999.0837083333336
2016-01-08,2283.5,3479.0,2957.179166666667,2344.06,3421.778,2984.9788750000002
2016-01-09,2137.7,3143.2,2649.920833333333,2193.76,3111.923,2689.183833333333
2016-01-10,2084.6,3076.8,2547.7708333333335,2124.315,3116.987,2614.1216666666664
2016-01-11,2219.7,3572.2,2970.554166666667,2079.031,3524.71,2906.9176666666667
2016-01-12,2412.0,3578.0,3059.6541666666667,2413.698,3505.591,3030.4505833333333
2016-01-13,2288.3,3633.9,3047.941666666667,2351.799,3672.829,3102.235875
2016-01-14,2403.5,3649.8,3079.5458333333336,2501.18,3614.895,3134.406833333333
2016-01-15,2301.7,3399.0,2943.308333333333,2427.695,3405.243,3004.7012083333334
2016-01-16,2106.7,3080.6,2621.5916666666667,2199.805,3098.274,2729.0670833333334
2016-01-17,2196.2,3162.5,2658.9958333333334,2226.911,3203.025,2708.599166666667
2016-01-18,2314.0,3622.7,3008.0958333333333,2350.312,3670.195,3045.352833333333
2016-01-19,2509.6,3722.7,3174.1875,2611.103,3841.259,3320.813125
2016-01-20,2415.2,3644.4,3096.5791666666664,2643.788,3700.671,3230.152708333333
2016-01-21,2407.4,3647.6,3094.620833333333,2513.804,3623.709,3146.9168750000003
2016-01-22,2450.6,3565.1,3084.3541666666665,2580.159,3573.532,3145.8320416666666
2016-01-23,2314.0,3309.8,2829.8125,2455.558,3506.112,3028.3185
2016-01-24,2309.1,3246.1,2763.883333333333,2530.741,3275.346,2896.1990416666667
2016-01-25,2322.4,3453.3,2962.6124999999997,2389.123,3510.773,3026.356333333333
2016-01-26,2262.6,3418.9,2903.9625,2367.089,3370.423,2932.2009166666667
2016-01-27,2208.1,3412.9,2875.8250000000003,2166.846,3357.07,2856.166833333333
2016-01-28,2283.8,3420.5,2921.5499999999997,2308.801,3364.047,2916.37975
2016-01-29,2219.7,3373.4,2879.4375,2241.479,3328.067,2882.0425833333334
2016-01-30,2154.2,3085.4,2630.4791666666665,2259.086,3055.595,2677.626625
2016-01-31,2147.8,3004.5,2557.0125000000003,2184.328,3008.96,2552.4355416666667
2016-02-01,2140.7,3199.1,2743.7041666666664,2092.386,3192.98,2718.466125
2016-02-02,2134.4,3262.5,2794.6124999999997,2101.971,3216.806,2749.6319583333334
2016-02-03,2138.3,3253.6,2770.275,2156.742,3291.867,2836.0385
2016-02-04,2014.5,3165.7,2675.170833333333,2035.968,3160.59,2704.168166666667
2016-02-05,2147.2,3289.2,2837.4541666666664,2098.42,3384.731,2907.6361666666667
2016-02-06,2284.7,3052.4,2674.204166666667,2365.702,3153.031,2774.2979166666664
2016-02-07,2205.2,3049.0,2596.475,2297.943,3129.835,2666.654625
2016-02-08,2247.1,3522.8,2970.15,2260.102,3732.02,3127.9088333333334
2016-02-09,2344.0,3473.8,2978.6666666666665,2510.834,3557.504,3141.985666666667
2016-02-10,2317.9,3394.1,2936.4041666666667,2483.408,3457.396,3066.873625
2016-02-11,2293.5,3502.7,2985.5958333333333,2406.694,3719.804,3164.1542916666663
2016-02-12,2503.6,3536.6,3121.695833333333,2764.958,3631.302,3279.976458333333
2016-02-13,2489.9,3564.1,3029.7999999999997,2585.39,3645.275,3109.6290416666666
2016-02-14,2745.0,3625.5,3138.7333333333336,3068.944,3806.959,3412.6330833333336
2016-02-15,2682.0,3517.8,3158.804166666667,2846.927,3782.244,3379.0231666666664
2016-02-16,2207.7,3223.1,2808.245833333333,2445.174,3364.895,2975.8385416666665
2016-02-17,2109.5,3237.3,2781.7208333333333,2224.673,3246.9,2814.846791666667
2016-02-18,2252.5,3382.2,2918.6666666666665,2292.715,3390.838,2925.5315833333334
2016-02-19,2357.1,3349.2,2929.0208333333335,2465.611,3279.679,2953.253166666667
2016-02-20,2164.8,2958.3,2554.2208333333333,2267.099,2859.254,2571.38025
2016-02-21,2049.4,2914.8,2464.679166666667,2041.818,2965.324,2448.5634583333335
2016-02-22,2127.2,3277.2,2792.6083333333336,2093.604,3254.274,2755.080125
2016-02-23,2298.3,3287.7,2876.116666666667,2276.514,3399.699,2927.977833333334
2016-02-24,2144.3,3232.3,2772.875,2235.947,3331.645,2880.4863333333337
2016-02-25,1991.1,3086.6,2636.8333333333335,2085.234,3099.71,2686.8060416666667
2016-02-26,2100.0,3248.8,2787.6124999999997,2107.778,3249.87,2772.747541666667
2016-02-27,2315.8,2982.2,2651.975,2355.901,3043.439,2691.79425
2016-02-28,2133.5,2861.6,2466.4708333333333,2178.205,2946.692,2507.3100833333333
2016-02-29,2053.5,3133.2,2664.8624999999997,2058.53,3120.367,2667.739125
2016-03-01,2027.8,3072.5,2663.0041666666666,2066.874,3185.412,2706.207
2016-03-02,2058.6,3199.6,2719.5125,2103.772,3296.128,2778.445333333333
2016-03-03,2224.8,3297.1,2876.0,2359.091,3357.315,2931.4520833333336
2016-03-04,2277.2,3235.4,2860.9791666666665,2341.245,3389.968,2987.3817916666667
2016-03-05,2175.5,2924.0,2575.6458333333335,2378.459,3072.171,2724.396416666667
2016-03-06,2129.3,2923.4,2498.945833333333,2254.341,3073.447,2594.3369166666666
2016-03-07,2144.7,3051.8,2701.2083333333335,2251.413,3214.328,2832.0738333333334
2016-03-08,2013.0,2964.0,2607.420833333333,2141.166,3102.605,2682.431125
2016-03-09,1965.1,2884.0,2547.4249999999997,2050.09,3030.421,2627.2284999999997
2016-03-10,1909.5,2890.8,2522.4625,1931.936,3075.93,2631.5757916666666
2016-03-11,1901.3,2873.2,2517.758333333333,1918.645,2888.809,2529.100875
2016-03-12,2020.9,2670.1,2361.170833333333,1999.436,2712.335,2355.787375
2016-03-13,2161.2,3137.3,2636.475,1916.734,2730.936,2273.811458333333
2016-03-14,1962.3,3053.8,2635.0916666666667,1916.053,3119.413,2660.54175
2016-03-15,2002.8,3003.6,2627.7999999999997,2073.955,3072.131,2724.1472083333333
2016-03-16,1972.0,2989.4,2579.141666666667,2045.029,2982.749,2648.2013333333334
2016-03-17,1939.8,2931.0,2533.3541666666665,2003.708,2911.026,2589.6929999999998
2016-03-18,1934.4,2901.6,2547.679166666667,1986.756,2873.911,2578.2111250000003
2016-03-19,2076.6,2795.6,2472.6541666666667,2087.725,2761.345,2465.0509583333333
2016-03-20,2097.4,2927.5,2496.3958333333335,2159.555,2972.605,2516.105666666667
2016-03-21,2093.0,3131.2,2723.170833333333,2180.933,3218.97,2796.838125
2016-03-22,2136.0,3082.9,2723.5333333333333,2165.125,3044.044,2711.655
2016-03-23,2005.3,2900.4,2576.4083333333333,2040.539,2972.551,2647.4934583333334
2016-03-24,1977.5,2970.1,2614.266666666667,2004.996,3080.975,2686.120375
2016-03-25,1914.0,2762.1,2458.3416666666667,2076.37,3089.39,2679.007875
2016-03-26,1926.9,2683.7,2342.7541666666666,2039.797,2752.566,2444.7501666666667
2016-03-27,1961.4,2660.4,2304.8125,2062.946,2725.767,2373.7919583333332
2016-03-28,1976.1,2928.3,2590.420833333333,2030.321,3102.532,2725.9595
2016-03-29,1991.6,2938.1,2605.2833333333333,2045.998,2983.656,2639.073083333333
2016-03-30,2052.1,2901.5,2598.8791666666666,2096.913,2928.903,2623.137375
2016-03-31,1962.1,2826.7,2519.9500000000003,1993.29,2887.259,2577.3515416666664
2016-04-01,1839.4,2786.8,2454.0291666666667,1940.525,2968.546,2588.282541666667
2016-04-02,1835.9,2559.2,2261.5750000000003,1855.563,2661.136,2345.807375
2016-04-03,1959.4,2807.2,2386.725,1926.587,2953.695,2467.543458333333
2016-04-04,2110.4,3081.4,2740.254166666667,2195.982,3340.377,2956.5750000000003
2016-04-05,2141.7,3085.2,2758.2374999999997,2320.847,3209.05,2877.9395833333333
2016-04-06,2161.8,3018.7,2729.275,2281.197,3113.061,2800.7518333333333
2016-04-07,1945.2,2847.5,2542.5208333333335,2072.441,3031.654,2693.883625
2016-04-08,1862.8,2785.4,2488.008333333333,1976.739,2843.237,2563.574
2016-04-09,1965.1,2647.1,2356.3416666666667,2065.318,2701.717,2423.025875
2016-04-10,2000.5,2678.9,2344.8458333333333,2093.901,2767.896,2396.3085416666668
2016-04-11,1986.1,2886.4,2565.954166666667,2006.987,3006.261,2626.367333333333
2016-04-12,1858.2,2847.2,2519.225,1935.279,2932.113,2592.997625
2016-04-13,1918.1,2844.5,2514.9791666666665,2010.298,2847.065,2550.711458333333
2016-04-14,1931.4,2850.3,2530.241666666667,2007.601,2836.733,2545.070833333333
2016-04-15,1913.3,2764.8,2474.1208333333334,2014.258,2792.926,2510.6839583333335
2016-04-16,1870.5,2523.8,2252.625,1937.947,2534.555,2274.2173749999997
2016-04-17,1856.1,2520.9,2175.045833333333,1922.399,2529.561,2204.6098333333334
2016-04-18,1862.9,2709.1,2424.0375,1869.03,2677.208,2386.6131666666665
2016-04-19,1868.0,2800.2,2497.4666666666667,1854.453,2769.601,2460.603625
2016-04-20,1867.0,2749.2,2456.241666666667,1902.784,2718.508,2443.7997499999997
2016-04-21,1838.2,2687.4,2418.079166666667,1904.57,2806.092,2488.525375
2016-04-22,1783.6,2785.2,2428.875,1852.165,2926.918,2525.4315416666664
2016-04-23,1794.8,2435.4,2172.204166666667,1905.192,2555.523,2274.4892916666668
2016-04-24,1811.0,2486.5,2160.5583333333334,1804.84,2571.055,2158.223791666667
2016-04-25,1865.6,2727.5,2444.0,1842.876,2830.828,2480.4035833333332
2016-04-26,1850.4,2837.1,2509.3541666666665,1855.472,2960.979,2584.889291666667
2016-04-27,1938.4,2740.7,2476.025,2005.543,2763.098,2509.2365416666667
2016-04-28,1907.5,2744.5,2471.8791666666666,1910.951,2774.913,2474.4687916666667
2016-04-29,1861.4,2762.0,2458.179166666667,1904.951,2732.445,2443.0361666666668
2016-04-30,1827.5,2476.3,2193.7458333333334,1883.363,2485.689,2218.581708333333
2016-05-01,1791.7,2551.5,2180.8458333333333,1833.662,2640.275,2249.636375
2016-05-02,1840.8,2819.1,2485.4874999999997,1877.92,2924.654,2548.764
2016-05-03,1841.8,2851.1,2495.6583333333333,1896.864,2830.646,2530.409041666667
2016-05-04,1834.0,2813.0,2482.6583333333333,1914.789,2904.367,2557.384125
2016-05-05,1832.3,2829.5,2484.366666666667,1949.357,2924.775,2599.8996666666667
2016-05-06,1806.6,2742.6,2422.9625,1946.302,2796.671,2478.311625
2016-05-07,1834.6,2452.7,2200.829166666667,1880.421,2571.489,2308.2796249999997
2016-05-08,1788.1,2455.6,2133.9500000000003,1857.589,2565.893,2228.8155833333335
2016-05-09,1859.0,2779.4,2454.3375,1868.293,2753.602,2467.2450416666666
2016-05-10,1843.7,2781.6,2463.733333333333,1870.292,2800.019,2479.7580833333336
2016-05-11,1828.4,2765.5,2448.0875,1842.466,2874.111,2508.62225
2016-05-12,1817.2,2803.5,2465.170833333333,1843.876,2890.918,2522.71825
2016-05-13,1818.0,2823.9,2470.241666666667,1843.789,3007.532,2572.865208333333
2016-05-14,1821.6,2513.6,2238.5125000000003,1897.286,2618.306,2351.9055000000003
2016-05-15,1757.3,2498.0,2134.8416666666667,1811.499,2542.845,2181.3500416666666
2016-05-16,1822.4,2785.4,2446.9125,1826.739,2733.644,2440.2740833333332
2016-05-17,1815.7,2832.0,2479.4583333333335,1853.987,2824.349,2490.520125
2016-05-18,1830.1,2792.7,2458.7916666666665,1845.788,2759.348,2450.921041666667
2016-05-19,1849.6,2806.1,2478.1291666666666,1833.515,2803.434,2471.8141666666666
2016-05-20,1846.6,2891.2,2494.266666666667,1836.492,2871.636,2492.2965
2016-05-21,1752.4,2412.6,2165.5041666666666,1830.573,2613.306,2284.0052083333335
2016-05-22,1766.7,2466.5,2141.991666666667,1803.38,2566.404,2214.448125
2016-05-23,1802.1,2787.6,2450.133333333333,1810.098,2997.374,2556.1425416666666
2016-05-24,1748.4,2767.7,2406.7833333333333,1887.291,2854.278,2514.6094166666667
2016-05-25,1844.1,3300.7,2702.7999999999997,1852.273,3341.826,2739.9528750000004
2016-05-26,1981.9,3243.0,2747.8291666666664,2069.132,3560.532,2938.183833333333
2016-05-27,2040.7,3426.3,2849.2833333333333,2057.294,3337.227,2846.0725416666664
2016-05-28,2089.8,3334.4,2795.2999999999997,2118.004,3694.629,3010.9287083333334
2016-05-29,2043.5,2779.6,2483.1,2127.469,2808.547,2415.791833333333
2016-05-30,1885.4,2836.8,2455.695833333333,1858.349,3064.551,2485.610208333333
2016-05-31,2028.2,3489.7,2890.4500000000003,2191.082,3814.472,3136.0829166666667
2016-06-01,1918.6,3061.8,2618.358333333333,2176.736,3339.424,2869.181375
2016-06-02,1931.6,2989.2,2594.0833333333335,1974.735,3019.328,2636.2379166666665
2016-06-03,1915.3,3062.3,2631.945833333333,1959.325,3089.914,2679.1394583333336
2016-06-04,1993.8,2861.3,2529.3624999999997,2048.405,3016.677,2633.9787499999998
2016-06-05,1952.6,2690.4,2348.570833333333,2069.299,2867.126,2535.686708333333
2016-06-06,2020.4,3463.9,2881.5291666666667,2084.622,3659.873,3023.682375
2016-06-07,2120.6,3572.8,2974.0875,2204.769,3883.823,3158.7615416666667
2016-06-08,2024.2,3127.5,2690.0333333333333,2086.484,3203.706,2752.6415
2016-06-09,1907.7,3057.6,2607.6666666666665,1910.687,2906.06,2545.1095
2016-06-10,1870.5,2944.2,2541.725,1869.915,2945.713,2539.5205
2016-06-11,1881.3,2635.7,2353.758333333333,1884.01,2650.645,2347.7549166666668
2016-06-12,1893.1,2679.7,2363.266666666667,1949.316,2723.687,2371.6091666666666
2016-06-13,1888.3,3068.8,2622.695833333333,1850.834,2995.922,2585.0705833333336
2016-06-14,1925.1,3226.2,2723.2000000000003,1897.627,3192.313,2661.482791666667
2016-06-15,1991.3,3430.3,2840.866666666667,2005.879,3610.719,2936.6414583333335
2016-06-16,2039.5,3361.6,2827.7666666666664,2142.792,3666.743,3027.599583333333
2016-06-17,2004.9,3123.8,2693.0125000000003,2097.381,3431.621,2877.2277083333333
2016-06-18,1937.8,2794.6,2458.9708333333333,1992.84,2905.803,2552.168875
2016-06-19,1928.9,2926.9,2501.820833333333,1947.93,3107.931,2570.9215416666666
2016-06-20,2006.6,3621.3,2943.429166666667,2079.074,4035.45,3146.5857916666664
2016-06-21,2151.6,3900.1,3123.8125,2257.026,3872.321,3174.067833333333
2016-06-22,2117.8,3594.0,2978.2333333333336,2105.477,3400.11,2886.595458333333
2016-06-23,2062.5,3294.7,2815.7875,2022.229,3534.199,2900.8225
2016-06-24,2040.3,3386.2,2845.5499999999997,2096.87,3373.016,2851.4851249999997
2016-06-25,1988.6,2945.0,2549.6208333333334,2027.938,2963.957,2594.2835416666667
2016-06-26,1951.2,3087.7,2576.7999999999997,1974.385,3376.176,2712.092166666667
2016-06-27,2108.2,3858.0,3101.933333333333,2180.951,3912.231,3181.948875
2016-06-28,2178.5,3758.8,3086.8583333333336,2420.788,3786.644,3245.631041666667
2016-06-29,2186.5,3759.9,3091.620833333333,2424.171,4157.572,3386.3222083333335
2016-06-30,2226.0,3727.6,3115.241666666667,2347.171,3899.062,3251.494583333333
2016-07-01,2267.4,3823.9,3160.475,2364.577,3943.041,3276.900125
2016-07-02,2152.1,3044.0,2683.6833333333334,2373.16,2972.57,2715.5779166666666
2016-07-03,2009.2,3121.5,2621.1875,1969.884,3031.389,2536.4346666666665
2016-07-04,2112.7,3405.7,2816.225,2140.728,3515.809,2852.2382083333337
2016-07-05,2304.0,4069.3,3268.7833333333333,2373.024,4038.999,3286.04175
2016-07-06,2484.0,4419.3,3550.945833333333,2511.405,4624.543,3703.1176666666665
2016-07-07,2700.4,4368.2,3654.5333333333333,2722.269,3842.662,3309.9552499999995
2016-07-08,2465.3,3854.3,3274.5916666666667,2303.16,3210.259,2829.4907916666666
2016-07-09,2152.5,2970.5,2635.5750000000003,2021.815,2695.215,2407.5664583333332
2016-07-10,2059.1,3042.7,2594.6749999999997,1949.502,2641.154,2358.91975
2016-07-11,2205.0,3726.9,3076.7125,1965.848,3308.291,2775.496458333333
2016-07-12,2288.0,3892.2,3198.2916666666665,2092.856,3950.492,3151.63625
2016-07-13,2458.4,4420.2,3478.9125,2351.543,4628.998,3594.4800416666662
2016-07-14,2574.3,4295.6,3477.725,2561.104,4248.356,3605.89775
2016-07-15,2787.7,4556.6,3748.35,2738.404,4714.546,3888.4753333333333
2016-07-16,2626.9,3708.0,3240.3375,2682.801,4161.463,3514.5717499999996
2016-07-17,2428.7,3484.5,2995.933333333333,2694.781,3885.466,3314.7744583333333
2016-07-18,2493.4,4418.4,3546.241666666667,2641.349,4825.74,3795.014458333333
2016-07-19,2613.3,3981.2,3380.941666666667,2707.128,3984.517,3430.4400416666667
2016-07-20,2364.0,3724.3,3135.4874999999997,2226.911,3775.405,3101.1207916666667
2016-07-21,2205.9,4067.4,3283.1666666666665,2282.199,4259.34,3396.7713333333336
2016-07-22,2605.1,4594.2,3704.8875000000003,2671.966,4986.186,3952.144958333333
2016-07-23,2675.7,4097.1,3470.0833333333335,2895.81,4315.775,3622.665375
2016-07-24,2538.8,3849.8,3210.6124999999997,2395.851,3967.545,3221.8753333333334
2016-07-25,2633.9,4682.1,3768.5833333333335,2558.871,4811.075,3780.0374166666666
2016-07-26,2724.4,4725.3,3824.4041666666667,2956.472,4859.104,4015.91
2016-07-27,2707.4,4584.9,3758.9666666666667,2776.57,4695.872,3848.7665416666664
2016-07-28,2689.9,4643.5,3782.6375000000003,2787.046,4740.015,3943.642375
2016-07-29,2685.5,3979.9,3414.5291666666667,3080.236,4308.98,3689.431666666667
2016-07-30,2419.7,3537.5,3063.495833333333,2555.886,3607.478,3170.59425
2016-07-31,2281.7,3346.2,2872.745833333333,2584.755,3180.303,2927.2197083333335
2016-08-01,2474.2,3752.3,3199.5166666666664,2424.074,3618.011,3145.212708333333
2016-08-02,2432.0,3658.5,3125.275,2323.8,3538.534,3053.8057083333333
2016-08-03,2215.9,3711.3,3071.8250000000003,2184.572,3773.921,3081.8237083333333
2016-08-04,2321.6,3765.0,3150.933333333333,2241.161,3996.368,3223.2269166666665
2016-08-05,2474.6,3898.6,3232.4125,2336.078,4190.303,3344.0965
2016-08-06,2292.9,3656.1,3064.5791666666664,2471.923,4038.57,3266.4923333333336
2016-08-07,2283.6,3482.2,2937.370833333333,2398.189,3641.787,3092.8444999999997
2016-08-08,2594.1,3929.1,3333.6041666666665,2426.78,4087.687,3331.837125
2016-08-09,2305.5,4127.3,3315.1541666666667,2367.845,4118.926,3325.686291666667
2016-08-10,2535.8,4237.5,3508.866666666667,2469.737,3960.77,3407.221
2016-08-11,2766.7,4953.0,3962.6416666666664,2819.972,5165.001,4153.097083333333
2016-08-12,2888.7,4942.6,4004.504166666667,3243.731,5289.824,4289.1050000000005
2016-08-13,2794.9,4089.0,3498.9166666666665,2830.242,3518.631,3241.5735
2016-08-14,2674.0,4225.8,3493.3624999999997,2516.265,4678.112,3656.26575
2016-08-15,2757.7,4399.2,3639.6666666666665,3041.196,4638.335,3876.3304583333334
2016-08-16,2700.7,4389.6,3661.0750000000003,2629.29,4128.133,3536.709083333333
2016-08-17,2664.8,4335.7,3599.945833333333,2951.124,4227.672,3705.8682083333333
2016-08-18,2626.2,4476.1,3635.1541666666667,2447.961,4410.617,3515.7547083333334
2016-08-19,2577.8,4230.7,3492.316666666667,2705.235,4223.094,3514.418125
2016-08-20,2462.1,3688.7,3113.275,2451.845,3620.41,3099.843083333333
2016-08-21,2307.3,3594.0,2996.366666666667,2316.395,3585.392,3016.0845416666666
2016-08-22,2531.7,3905.7,3313.2166666666667,2486.413,3716.898,3224.8294583333336
2016-08-23,2252.4,3634.4,3042.0375,2105.9,3568.485,2934.06925
2016-08-24,2281.9,4028.9,3230.0916666666667,2213.002,4171.558,3273.1897083333333
2016-08-25,2363.4,4129.2,3330.7625000000003,2476.03,4320.301,3525.420166666667
2016-08-26,2651.7,4590.2,3686.1875,2737.442,4667.824,3753.436125
2016-08-27,2519.4,3634.2,3116.191666666667,2527.768,3678.783,3176.3206666666665
2016-08-28,2295.2,3483.6,2915.8333333333335,2418.064,3629.97,3063.057666666667
2016-08-29,2387.7,4271.4,3402.3250000000003,2480.418,4265.581,3463.0974583333336
2016-08-30,2362.2,3921.9,3213.2083333333335,2291.32,3886.133,3178.450083333333
2016-08-31,2346.9,4221.9,3382.525,2382.065,3889.747,3322.9089583333334
2016-09-01,2439.9,3820.4,3201.5833333333335,2652.05,3749.344,3318.7240416666664
2016-09-02,2210.7,3471.8,2916.9041666666667,2194.491,3377.129,2892.194708333333
2016-09-03,2015.8,2848.3,2515.0125000000003,2058.4,2718.606,2470.264583333333
2016-09-04,1945.7,2862.2,2433.9,1955.424,2683.147,2373.3440416666667
2016-09-05,2027.0,2964.6,2590.1583333333333,1979.082,2861.937,2464.6285833333336
2016-09-06,2123.6,3408.1,2905.5625,2055.41,3310.553,2857.209125
2016-09-07,2183.7,3597.4,3036.679166666667,2202.698,3743.151,3122.016708333333
2016-09-08,2276.8,3813.3,3172.5125000000003,2368.364,3878.976,3266.7863333333335
2016-09-09,2485.4,4244.7,3448.120833333333,2538.625,4722.977,3700.1474583333334
2016-09-10,2397.7,3302.8,2912.945833333333,2554.919,3402.601,3083.9864166666666
2016-09-11,2281.2,3027.4,2694.4500000000003,2474.633,3369.053,2976.005458333333
2016-09-12,2014.6,3138.2,2667.6,2042.846,3298.09,2779.355833333333
2016-09-13,1975.7,3374.9,2796.8333333333335,2013.201,3588.969,2916.2854583333333
2016-09-14,2034.6,3635.4,2898.4874999999997,2173.712,4037.093,3161.1584166666667
2016-09-15,1997.9,3000.4,2621.258333333333,2039.901,3087.345,2686.4362916666664
2016-09-16,1820.0,2988.4,2524.2791666666667,1905.988,3064.581,2616.5325
2016-09-17,1873.5,2604.1,2336.141666666667,1903.837,2905.024,2458.730125
2016-09-18,2056.3,2990.2,2589.295833333333,2096.173,3498.869,2817.6012083333335
2016-09-19,2172.6,3530.5,2944.2374999999997,2464.635,3704.205,3235.142875
2016-09-20,2148.1,3837.6,3120.7625000000003,2343.681,3845.367,3217.5572083333336
2016-09-21,2120.6,3624.8,2966.8333333333335,2326.296,3589.804,3066.91375
2016-09-22,2059.7,3623.5,2940.0791666666664,2097.16,3614.961,2983.920625
2016-09-23,1978.1,3446.5,2784.695833333333,2114.901,3373.7,2833.914375
2016-09-24,1914.7,2625.8,2339.266666666667,1935.002,2621.349,2336.2421666666664
2016-09-25,1782.9,2630.2,2220.241666666667,1800.748,2685.123,2210.350375
2016-09-26,1931.9,2900.0,2547.775,1815.014,2940.958,2505.6610833333334
2016-09-27,1895.3,3068.7,2630.0499999999997,1883.704,3088.265,2666.8212916666666
2016-09-28,1934.9,2974.5,2592.7625000000003,1950.858,2940.097,2598.4217083333333
2016-09-29,1810.8,2914.0,2514.6833333333334,1873.631,2873.068,2506.5294583333334
2016-09-30,1800.8,2872.5,2465.9083333333333,1859.465,2841.891,2510.7758333333336
2016-10-01,1775.5,2568.6,2211.1749999999997,1873.222,2658.606,2349.2683333333334
2016-10-02,1699.3,2591.6,2152.0583333333334,1831.079,2734.614,2303.069791666667
2016-10-03,1861.7,2945.3,2526.679166666667,1878.947,2996.796,2589.67575
2016-10-04,1815.2,2882.5,2464.241666666667,1904.502,2921.352,2565.1410416666668
2016-10-05,1811.7,2823.5,2442.733333333333,1874.167,2919.846,2524.8357083333335
2016-10-06,1798.8,2837.2,2437.570833333333,1871.052,2943.903,2552.99175
2016-10-07,1790.0,2805.7,2439.6833333333334,1882.452,2953.53,2563.3797083333334
2016-10-08,1784.6,2637.8,2260.054166666667,1856.294,2751.051,2344.3330833333334
2016-10-09,1737.1,2611.3,2159.3541666666665,1947.286,2684.074,2337.134875
2016-10-10,1730.0,2749.5,2334.7083333333335,1851.349,2844.436,2406.53125
2016-10-11,1840.3,2806.8,2449.758333333333,1893.018,2939.106,2527.141458333333
2016-10-12,1777.4,2803.1,2410.295833333333,1880.092,2959.793,2538.4457916666665
2016-10-13,1756.8,2803.4,2415.5041666666666,1880.412,3045.735,2590.871
2016-10-14,1748.2,2755.0,2383.9583333333335,1863.246,2825.638,2477.343208333333
2016-10-15,1781.6,2430.0,2189.516666666667,1900.068,2614.942,2296.8662916666667
2016-10-16,1796.3,2431.5,2140.7833333333333,1858.617,2797.381,2297.6522083333334
2016-10-17,1800.5,2929.6,2470.0375,1895.555,3208.429,2688.838625
2016-10-18,1882.3,3185.7,2674.4666666666667,2012.425,3094.66,2669.735958333333
2016-10-19,1944.5,3053.2,2676.7625000000003,2007.253,3220.32,2767.215833333333
2016-10-20,1817.7,2962.5,2550.9708333333333,1882.143,2969.549,2547.302125
2016-10-21,1838.9,2962.4,2553.795833333333,1903.664,3181.56,2700.347125
2016-10-22,1812.2,2634.8,2258.5041666666666,1999.347,2726.224,2410.2699166666666
2016-10-23,1859.7,2678.0,2237.1,1832.567,2728.781,2249.7567083333333
2016-10-24,1828.8,2994.8,2483.7416666666663,1840.284,2950.257,2495.101458333333
2016-10-25,1890.9,2898.2,2501.725,1883.414,3044.143,2557.592875
2016-10-26,1916.2,3054.0,2579.3458333333333,1988.677,3046.999,2616.0225
2016-10-27,1941.9,3092.8,2586.9666666666667,2032.914,3088.053,2687.197583333333
2016-10-28,1881.9,3042.7,2571.858333333333,1992.466,2999.199,2621.2678333333333
2016-10-29,1880.4,2712.0,2334.4416666666666,1948.386,2725.938,2388.7093333333332
2016-10-30,1805.4,2704.3,2242.4583333333335,1887.586,2761.603,2302.0935
2016-10-31,1894.9,2826.2,2445.7208333333333,1887.271,2931.349,2537.3239166666667
2016-11-01,1994.9,3038.9,2617.5041666666666,2004.429,3039.61,2610.0015416666665
2016-11-02,1878.6,2981.3,2545.7708333333335,1942.527,3040.51,2585.262208333333
2016-11-03,1838.2,3052.2,2552.758333333333,1896.712,3000.7,2584.1257083333335
2016-11-04,1827.8,2990.5,2514.4666666666667,1898.537,2884.58,2505.78825
2016-11-05,1901.7,2679.0,2337.3541666666665,1967.246,2725.987,2392.334208333333
2016-11-06,1871.7,2825.4,2293.1375000000003,1874.873,2877.924,2364.116666666667
2016-11-07,1942.5,3046.0,2582.25,1967.434,3151.937,2634.5562916666668
2016-11-08,1935.5,2977.1,2548.8083333333334,2043.852,3089.274,2635.226166666667
2016-11-09,1862.6,3076.7,2554.4666666666667,1981.953,3103.802,2612.296208333333
2016-11-10,1905.9,3080.8,2540.4083333333333,1946.518,3075.943,2577.153625
2016-11-11,1900.9,2902.6,2522.6541666666667,1961.258,3013.018,2531.668125
2016-11-12,1949.2,2757.6,2370.5833333333335,2034.341,2823.997,2429.970375
2016-11-13,1887.8,2775.0,2278.079166666667,1965.053,2824.414,2351.81625
2016-11-14,1902.2,3024.4,2525.125,1943.472,3126.341,2602.01175
2016-11-15,1932.3,3153.1,2611.516666666667,1940.175,3188.818,2642.6947083333334
2016-11-16,1850.0,2886.4,2477.858333333333,1936.058,3127.169,2616.7047916666666
2016-11-17,1883.3,3008.0,2502.5333333333333,1946.436,3103.008,2599.8082916666667
2016-11-18,1878.4,2877.8,2465.2208333333333,1987.883,3029.856,2578.7791666666667
2016-11-19,1842.8,2665.9,2265.858333333333,1933.913,2771.268,2360.220625
2016-11-20,1820.6,2870.3,2315.2916666666665,1889.424,2960.983,2418.673583333333
2016-11-21,1967.0,3223.9,2667.008333333333,2085.104,3394.8,2814.5261250000003
2016-11-22,1963.5,3174.3,2636.2916666666665,2190.079,3295.817,2803.9975833333333
2016-11-23,2041.2,3158.6,2645.1,2181.602,3218.111,2753.0601666666666
2016-11-24,1946.9,2728.6,2373.0416666666665,2109.744,2868.098,2489.43475
2016-11-25,1930.6,2896.4,2458.2875,2021.065,2948.626,2532.671041666667
2016-11-26,1904.6,2714.5,2326.633333333333,1988.135,2829.654,2432.4273333333335
2016-11-27,1880.6,2796.9,2311.3125,2013.968,2996.856,2469.0957916666666
2016-11-28,2004.9,3028.7,2608.304166666667,2101.377,3283.771,2754.8409583333337
2016-11-29,1983.1,2947.7,2591.045833333333,2132.504,3291.05,2800.4082083333337
2016-11-30,1880.8,2912.7,2526.7791666666667,1987.979,3254.835,2713.1474166666667
2016-12-01,1889.2,3061.5,2554.0041666666666,2025.309,3147.715,2646.0874583333334
2016-12-02,1913.0,3012.3,2538.1,2035.841,3150.346,2666.3447083333335
2016-12-03,1955.8,2811.4,2385.6208333333334,2052.018,2981.891,2535.8912083333335
2016-12-04,1969.3,2907.3,2412.375,2110.588,3101.061,2559.859875
2016-12-05,2097.2,3252.9,2721.5625,2174.536,3466.353,2926.0289166666666
2016-12-06,2050.8,3175.8,2692.2208333333333,2204.588,3357.914,2831.2107916666664
2016-12-07,2072.3,3238.3,2717.8875000000003,2121.858,3363.724,2837.56625
2016-12-08,2026.6,3228.2,2689.1583333333333,2145.661,3351.731,2833.661875
2016-12-09,2130.9,3365.6,2778.133333333333,2236.125,3454.485,2909.4870416666668
2016-12-10,2218.7,3118.3,2655.1,2372.176,3328.478,2853.989791666667
2016-12-11,2235.7,3172.2,2623.2875,2444.201,3323.165,2835.5485000000003
2016-12-12,2112.1,3465.6,2827.5916666666667,2314.695,3481.002,2981.110458333333
2016-12-13,2061.6,3309.6,2752.258333333333,2248.342,3423.929,2884.37275
2016-12-14,2127.2,3351.3,2794.1041666666665,2177.532,3482.963,2885.7377916666665
2016-12-15,2249.0,3693.6,2983.475,2345.829,3818.026,3145.307083333333
2016-12-16,2527.7,3741.4,3162.0833333333335,2816.072,3888.26,3410.344333333333
2016-12-17,2360.3,3138.0,2735.6749999999997,2624.464,3445.65,3055.039625
2016-12-18,2001.9,2932.0,2435.116666666667,2285.499,3175.444,2728.02475
2016-12-19,2152.0,3442.5,2888.2208333333333,2336.395,3766.664,3147.558916666667
2016-12-20,2333.6,3480.7,2940.525,2564.164,3607.531,3145.5847083333333
2016-12-21,2251.9,3394.2,2855.475,2379.748,3464.25,2981.9049166666664
2016-12-22,2136.5,3397.2,2802.8416666666667,2314.813,3463.968,2987.839375
2016-12-23,2196.7,3270.0,2743.775,2286.246,3292.97,2825.933916666667
2016-12-24,2143.7,2924.9,2519.7083333333335,2196.16,3010.437,2666.3263333333334
2016-12-25,1983.7,2799.0,2366.1458333333335,2182.533,2819.168,2512.7095
2016-12-26,2092.9,3035.3,2573.570833333333,2333.937,3208.371,2743.139375
2016-12-27,2024.9,3158.1,2624.4791666666665,2101.297,3158.051,2669.409958333333
2016-12-28,2058.3,3224.0,2685.391666666667,2121.58,3296.857,2757.753166666667
2016-12-29,2173.4,3269.3,2784.9833333333336,2252.69,3367.024,2892.2360000000003
2016-12-30,2140.7,3209.5,2729.695833333333,2263.662,3309.65,2815.551041666667
2016-12-31,2151.5,2993.2,2570.6124999999997,2319.555,3165.745,2734.0816250000003
2017-01-01,1988.4,2850.9,2388.4666666666667,2205.802,2960.371,2528.698625
2017-01-02,2058.2,3026.4,2539.5208333333335,2253.647,3264.017,2736.489416666667
2017-01-03,2054.9,3224.8,2710.954166666667,2133.7,3403.939,2860.6287916666665
2017-01-04,1980.3,3180.5,2627.8624999999997,2123.108,3282.046,2788.4192916666666
2017-01-05,2155.1,3294.8,2790.116666666667,2255.369,3482.655,2936.1755833333336
2017-01-06,2222.0,3341.1,2871.6,2323.894,3447.276,2984.373208333333
2017-01-07,2266.5,3183.5,2738.5291666666667,2413.947,3573.297,3020.3639166666667
2017-01-08,2284.5,3258.7,2740.116666666667,2548.993,3539.812,3014.251708333333
2017-01-09,2424.3,3542.0,3062.9166666666665,2683.664,3834.165,3337.7753749999997
2017-01-10,2385.5,3384.5,2941.2999999999997,2567.394,3543.947,3158.3612083333333
2017-01-11,2132.4,3123.3,2688.670833333333,2243.741,3230.351,2783.0814583333336
2017-01-12,2003.1,3172.2,2618.8166666666666,2103.116,3146.171,2689.8061666666667
2017-01-13,1971.2,3189.5,2668.579166666667,1991.817,3204.665,2682.210541666667
2017-01-14,2257.9,3251.9,2720.6625,2327.741,3185.673,2773.679666666667
2017-01-15,2182.2,3203.7,2625.5375,2282.035,3116.713,2663.2365
2017-01-16,2445.6,3623.6,3059.558333333333,2374.36,3358.706,2885.8483333333334
2017-01-17,2120.7,3212.9,2728.8333333333335,2253.925,3335.549,2870.4890833333334
2017-01-18,2109.8,3336.5,2801.429166666667,2213.391,3393.977,2903.1454166666667
2017-01-19,2020.0,3196.6,2671.4583333333335,2243.114,3271.562,2820.8174166666668
2017-01-20,2092.7,3175.2,2688.7374999999997,2186.624,3226.431,2807.5728333333336
2017-01-21,1961.0,2826.2,2402.4249999999997,2122.054,2855.751,2511.1777500000003
2017-01-22,1907.3,2909.2,2396.491666666667,2023.583,3071.135,2521.7539583333332
2017-01-23,2049.4,3311.8,2741.6625,2118.572,3443.907,2880.8704999999995
2017-01-24,2113.9,3334.1,2781.475,2260.738,3445.021,2947.4442916666667
2017-01-25,2000.4,3065.9,2585.929166666667,2203.795,3278.478,2810.2144583333334
2017-01-26,2028.2,3108.9,2631.4625,2166.958,3211.342,2780.1135
2017-01-27,2047.8,3099.4,2641.866666666667,2153.565,3228.595,2769.60075
2017-01-28,2064.7,2911.9,2494.2000000000003,2186.416,3013.333,2621.856208333333
2017-01-29,2064.2,2952.8,2474.445833333333,2203.774,3089.864,2597.420541666667
2017-01-30,2159.9,3361.8,2817.9833333333336,2239.525,3408.687,2917.0694583333334
2017-01-31,2347.2,3373.6,2921.7875,2396.409,3540.563,3034.21275
2017-02-01,2217.9,3248.6,2780.35,2357.152,3349.209,2942.9309166666667
2017-02-02,2171.4,3274.2,2746.775,2295.791,3356.281,2907.115
2017-02-03,2194.1,3361.4,2826.7291666666665,2356.851,3367.624,2946.411208333333
2017-02-04,2236.6,3031.3,2634.3250000000003,2397.912,3173.52,2778.581041666667
2017-02-05,2181.9,3023.9,2538.3708333333334,2333.082,3159.434,2722.264791666667
2017-02-06,2145.6,3170.5,2732.775,2243.837,3388.57,2874.4638333333332
2017-02-07,2169.1,3415.8,2835.5166666666664,2250.221,3489.036,2983.127958333333
2017-02-08,1986.7,3048.9,2596.483333333333,2314.146,3250.347,2867.985041666667
2017-02-09,2119.8,3427.8,2871.816666666667,2219.668,3584.193,3019.3554583333334
2017-02-10,2452.7,3445.5,3006.275,2645.313,3538.75,3183.882125
2017-02-11,2273.2,3021.9,2628.3125,2565.864,3401.911,3031.834166666667
2017-02-12,2136.3,2994.8,2547.9791666666665,2517.265,3391.659,2941.9850833333335
2017-02-13,2127.9,3346.9,2826.35,2440.756,3575.504,3076.9000416666663
2017-02-14,2247.4,3301.8,2830.9791666666665,2468.806,3363.869,3006.228958333333
2017-02-15,2202.4,3251.8,2811.1666666666665,2357.96,3332.729,2940.704625
2017-02-16,2172.1,3261.6,2797.2083333333335,2307.922,3401.009,2959.3136250000002
2017-02-17,2222.8,3206.5,2790.1,2436.417,3254.271,2940.0816250000003
2017-02-18,2159.3,2920.4,2524.4166666666665,2322.391,2877.941,2597.9665416666667
2017-02-19,1935.9,2825.5,2363.2000000000003,2071.332,2771.334,2394.5962083333334
2017-02-20,2032.9,3172.6,2641.9333333333334,2037.121,3069.029,2571.2305833333335
2017-02-21,2163.0,3246.7,2769.875,2211.461,3163.283,2746.7039583333335
2017-02-22,2054.9,3173.2,2668.4958333333334,2144.493,3003.959,2645.7827916666665
2017-02-23,2011.5,3080.2,2589.7083333333335,2053.999,2944.729,2579.9554166666667
2017-02-24,1891.9,2961.6,2477.6666666666665,1950.26,2897.259,2528.0804166666667
2017-02-25,1863.2,2608.5,2255.1,1904.692,2721.472,2333.2605416666665
2017-02-26,1902.1,2843.3,2330.2916666666665,1893.397,2943.971,2360.0265833333333
2017-02-27,2029.8,3031.0,2601.641666666667,2130.205,3090.725,2673.806708333333
2017-02-28,2022.3,3098.3,2636.108333333333,2075.453,3047.767,2639.6569583333335
2017-03-01,1882.2,2918.3,2512.65,1976.079,3035.844,2601.2695416666666
2017-03-02,1835.2,2943.8,2506.0,1933.546,3159.128,2607.3831666666665
2017-03-03,2091.9,3003.8,2653.0375,2231.016,3170.888,2791.953041666667
2017-03-04,2269.2,3137.0,2710.2166666666667,2433.39,3409.515,2927.4025416666664
2017-03-05,2364.9,2986.7,2617.65,2692.201,3338.634,2928.2327499999997
2017-03-06,2229.9,3102.8,2738.2125,2504.232,3316.221,2964.0261250000003
2017-03-07,2124.5,3024.4,2683.275,2263.014,3219.251,2839.753625
2017-03-08,1858.3,2858.5,2470.0833333333335,2066.017,3008.983,2621.64225
2017-03-09,1902.5,2899.5,2501.0208333333335,2032.743,3064.697,2611.3623333333335
2017-03-10,2041.5,3001.7,2643.945833333333,2122.134,3220.147,2831.690541666667
2017-03-11,2247.9,3080.5,2692.025,2428.19,3390.537,2946.3385
2017-03-12,2366.7,3047.9,2662.7520833333333,2662.591,3356.74,2952.5
2017-03-13,2341.2,3199.3,2847.8416666666667,2605.729,3463.602,3061.990333333333
2017-03-14,2229.8,3261.3,2859.816666666667,2381.458,3360.151,2940.5512083333338
2017-03-15,2225.0,3140.0,2784.8458333333333,2381.369,3406.955,3005.448958333333
2017-03-16,2248.4,3185.2,2787.375,2496.457,3318.444,2993.934333333333
2017-03-17,2277.7,3126.9,2758.225,2383.291,3230.201,2848.29275
2017-03-18,2195.3,2821.4,2548.795833333333,2321.069,2920.083,2635.379
2017-03-19,2070.1,2809.7,2453.3333333333335,2226.384,3010.786,2633.20225
2017-03-20,2075.0,2977.8,2635.0291666666667,2251.325,3074.035,2729.307875
2017-03-21,2007.2,2886.5,2571.1583333333333,2115.018,2959.625,2647.7549166666668
2017-03-22,2002.4,3069.8,2633.8166666666666,2093.366,3342.434,2796.6077499999997
2017-03-23,2306.9,3160.6,2801.8916666666664,2503.464,3317.675,2942.954833333333
2017-03-24,2181.4,3003.4,2702.7166666666667,2309.332,3197.959,2868.4292499999997
2017-03-25,1920.5,2639.1,2328.8125,2099.603,2847.337,2568.0424583333333
2017-03-26,1988.4,2746.8,2358.4083333333333,2196.173,2981.903,2550.0714583333333
2017-03-27,1981.3,2900.5,2581.75,2145.59,3166.378,2808.9021666666667
2017-03-28,1978.1,2922.4,2583.3708333333334,2133.822,3126.928,2767.1247500000004
2017-03-29,1931.6,2852.4,2514.445833333333,2138.464,3058.999,2740.597291666667
2017-03-30,1984.8,2839.9,2521.5291666666667,2166.995,2964.437,2650.8084583333334
2017-03-31,1966.0,2901.0,2586.4666666666667,2071.076,3121.165,2762.1337916666666
2017-04-01,1930.4,2681.3,2372.8708333333334,2233.822,3064.566,2720.3592083333333
2017-04-02,1929.2,2623.7,2283.7125,2162.649,2792.181,2450.5024166666667
2017-04-03,1956.0,2809.9,2473.5666666666666,2069.063,2891.801,2596.75625
2017-04-04,1909.6,2938.4,2572.1625,1991.554,3118.743,2737.8783750000002
2017-04-05,1949.7,2834.5,2532.2916666666665,2109.844,3043.04,2725.9529166666666
2017-04-06,1929.5,2931.7,2578.3875000000003,2092.352,3152.62,2791.1505416666664
2017-04-07,1854.0,2727.9,2433.9,2071.246,2867.381,2606.210125
2017-04-08,1915.1,2659.5,2320.2166666666667,2055.228,2675.322,2405.7528333333335
2017-04-09,1910.7,2523.9,2158.5291666666667,2006.17,2664.984,2293.604291666667
2017-04-10,1841.4,2741.9,2396.733333333333,1903.887,2855.709,2535.3179166666664
2017-04-11,1807.8,2831.1,2443.8624999999997,1877.729,3099.819,2614.7295
2017-04-12,1844.1,2800.4,2464.7166666666667,1933.39,2890.524,2546.824875
2017-04-13,1887.2,2790.0,2406.383333333333,1868.685,2737.745,2440.0669166666667
2017-04-14,1841.1,2649.3,2335.945833333333,1898.596,2657.954,2404.1962916666666
2017-04-15,1842.8,2445.5,2143.9625,1865.137,2527.406,2236.2432916666667
2017-04-16,1766.5,2632.0,2185.0375,1823.026,2742.921,2292.7209166666667
2017-04-17,1841.5,2740.1,2409.725,1957.934,2805.145,2498.7901666666667
2017-04-18,1849.1,2756.4,2423.0416666666665,1823.71,2710.543,2385.6022083333332
2017-04-19,1833.5,2684.4,2381.9958333333334,1906.969,2773.508,2449.0351666666666
2017-04-20,1806.1,2657.7,2370.079166666667,1908.213,2728.633,2446.7815416666667
2017-04-21,1792.7,2736.7,2417.1625,1895.297,2893.459,2531.26475
2017-04-22,1772.5,2422.3,2167.5375,1928.361,2656.379,2373.2679583333334
2017-04-23,1760.1,2419.8,2073.5625,1932.443,2567.21,2204.3089166666664
2017-04-24,1763.7,2587.4,2283.0,1864.699,2762.207,2459.352083333333
2017-04-25,1834.8,2848.7,2483.4,1838.699,2904.529,2517.9082916666666
2017-04-26,1792.0,2680.3,2373.695833333333,1932.665,2896.96,2572.5562916666668
2017-04-27,1742.5,2669.5,2355.9375,1896.367,2800.73,2508.54075
2017-04-28,1760.2,2762.1,2418.225,1899.073,3079.893,2617.1218750000003
2017-04-29,1754.8,2569.2,2231.0291666666667,1972.403,2834.628,2477.3145
2017-04-30,1716.9,2489.5,2080.704166666667,1840.017,2581.852,2194.263125
2017-05-01,1741.5,2701.7,2356.4583333333335,1834.366,2828.433,2488.0332916666666
2017-05-02,1802.2,2727.4,2402.6124999999997,1893.869,2838.859,2523.2156666666665
2017-05-03,1805.4,2720.5,2408.3458333333333,1875.895,2735.693,2449.0984166666667
2017-05-04,1814.2,2648.7,2340.7166666666667,1886.509,2707.44,2414.848125
2017-05-05,1810.0,2766.5,2433.3250000000003,1853.819,2850.737,2490.574708333333
2017-05-06,1786.1,2498.4,2217.258333333333,1863.374,2657.793,2314.541875
2017-05-07,1782.0,2548.9,2145.8541666666665,1826.774,2549.846,2176.1792083333335
2017-05-08,1858.8,2755.9,2395.1291666666666,1821.945,2746.417,2429.5547083333336
2017-05-09,1898.3,2763.9,2441.0125000000003,1895.766,2775.091,2469.25175
2017-05-10,1890.6,2667.8,2390.820833333333,1887.65,2740.511,2447.9784583333335
2017-05-11,1812.0,2718.3,2389.116666666667,1860.536,2697.224,2425.0139583333334
2017-05-12,1781.9,2790.8,2426.025,1865.316,2734.131,2419.0177916666667
2017-05-13,1750.0,2447.7,2166.733333333333,1852.986,2507.131,2245.361083333333
2017-05-14,1743.4,2644.0,2228.3958333333335,1854.566,2591.255,2266.29825
2017-05-15,1792.1,2717.4,2403.391666666667,1879.718,2830.364,2508.784041666667
2017-05-16,1778.8,2852.3,2436.6875,1883.35,2958.731,2546.092958333333
2017-05-17,1908.6,3146.2,2664.6916666666666,1920.99,3696.949,2923.621416666667
2017-05-18,2218.3,3925.1,3210.225,2362.144,4285.354,3490.3021666666664
2017-05-19,2412.2,3591.8,3097.7083333333335,2500.176,4131.126,3348.4576250000005
2017-05-20,1870.3,2521.4,2239.3416666666667,1984.865,2549.413,2322.4059166666666
2017-05-21,1765.3,2509.9,2124.1875,1812.551,2569.874,2194.6822500000003
2017-05-22,1774.7,2792.7,2409.6916666666666,1834.888,2844.774,2489.872375
2017-05-23,1693.3,2861.8,2435.3624999999997,1861.162,2868.696,2511.875791666667
2017-05-24,1834.5,2771.9,2421.4791666666665,1892.361,2887.057,2532.7940416666665
2017-05-25,1779.9,2874.9,2475.3333333333335,1868.596,2827.763,2506.7173749999997
2017-05-26,1821.1,2744.9,2395.1291666666666,1887.833,2787.013,2455.8828333333336
2017-05-27,1603.9,2431.8,2057.5416666666665,1836.137,2404.416,2181.491666666667
2017-05-28,1663.8,2415.1,2044.2749999999999,1804.961,2410.076,2154.6959166666666
2017-05-29,1664.0,2461.2,2141.579166666667,1803.996,2594.609,2259.9216666666666
2017-05-30,1751.2,2721.4,2389.258333333333,1819.828,2797.986,2466.61875
2017-05-31,1781.6,2750.5,2413.954166666667,1868.84,2960.616,2571.568291666667
2017-06-01,1822.4,2865.3,2470.3,1896.312,3022.673,2594.9415833333333
2017-06-02,1773.6,2723.8,2373.5333333333333,1876.208,2844.077,2489.7940833333337
2017-06-03,1746.6,2428.3,2153.8125,1837.089,2517.461,2244.407041666667
2017-06-04,1717.6,2515.9,2129.545833333333,1802.187,2636.645,2245.5397916666666
2017-06-05,1750.7,2775.5,2413.1458333333335,1851.097,2851.097,2495.9985
2017-06-06,1774.9,2820.3,2444.545833333333,1856.495,2858.487,2510.889583333333
2017-06-07,1799.2,2672.8,2381.2791666666667,1871.852,2781.782,2462.3740833333336
2017-06-08,1789.4,2775.4,2397.6749999999997,1840.385,2972.421,2531.9666666666667
2017-06-09,1808.5,2820.9,2443.358333333333,1869.231,3018.609,2581.352875
2017-06-10,1868.1,2827.2,2408.1208333333334,1922.932,3076.433,2601.3382500000002
2017-06-11,2059.7,3887.3,2976.8624999999997,2094.092,3855.656,3032.128083333333
2017-06-12,2362.2,4658.3,3633.8958333333335,2597.653,4834.78,3845.014041666667
2017-06-13,2503.3,4672.5,3682.933333333333,2862.22,5003.233,3994.2504166666663
2017-06-14,2312.0,3372.1,2874.258333333333,2451.49,3510.736,3119.2937500000003
2017-06-15,2017.9,3037.3,2610.6541666666667,2019.894,3241.608,2726.9869583333334
2017-06-16,1941.3,2935.9,2530.079166666667,2014.913,3135.518,2652.170541666667
2017-06-17,1941.1,2824.1,2462.579166666667,1971.078,2708.39,2451.317833333333
2017-06-18,2010.0,3278.9,2692.4874999999997,2144.418,3651.216,2937.35525
2017-06-19,2260.4,4046.7,3206.6875,2623.623,4473.619,3604.719916666667
2017-06-20,2343.6,4043.6,3269.275,2608.805,4080.064,3424.181541666667
2017-06-21,2212.3,3631.5,2975.475,2332.498,3838.216,3173.49475
2017-06-22,2174.1,3563.9,2926.320833333333,2213.537,3793.724,3111.7237083333334
2017-06-23,2291.8,4470.7,3437.3958333333335,2422.933,4311.824,3474.822291666667
2017-06-24,2265.2,3672.0,3017.8958333333335,2716.182,3748.74,3263.093625
2017-06-25,2080.8,3414.1,2785.6541666666667,2259.669,3344.203,2831.444
2017-06-26,2162.9,3428.4,2874.7125,2209.965,3515.635,2946.9266666666667
2017-06-27,2125.1,3531.5,2904.8624999999997,2144.445,3251.921,2787.2874583333337
2017-06-28,2016.7,3409.3,2772.691666666667,1985.144,3218.888,2707.6444166666665
2017-06-29,2101.0,3592.0,2963.1416666666664,2088.33,3353.084,2837.2543333333338
2017-06-30,2231.4,4467.9,3405.5208333333335,2230.009,3993.751,3165.150291666667
2017-07-01,2347.7,3788.4,3103.275,2420.464,3809.129,3185.9883333333332
2017-07-02,2323.2,3875.5,3104.7958333333336,2499.147,3699.138,3135.857083333334
2017-07-03,2419.6,4103.8,3333.6375000000003,2595.083,3858.231,3266.825375
2017-07-04,2229.9,3444.5,2845.004166666667,2262.617,3340.129,2834.4295
2017-07-05,2302.4,3671.4,3050.9249999999997,2254.023,3728.276,3068.336458333333
2017-07-06,2221.3,3607.4,2987.495833333333,2247.451,3764.214,3081.3321666666666
2017-07-07,2253.5,3438.6,2908.1875,2258.477,3336.238,2840.7639999999997
2017-07-08,2120.1,3372.0,2799.370833333333,2084.043,3470.36,2817.16525
2017-07-09,2068.6,3216.4,2662.7374999999997,2141.059,3254.795,2727.679541666667
2017-07-10,2290.4,3879.5,3148.3125,2237.838,3973.583,3234.864916666667
2017-07-11,2400.4,4311.4,3384.0416666666665,2505.137,4068.678,3375.8649583333336
2017-07-12,2538.9,4391.4,3495.5375,2551.485,4342.386,3542.2249166666666
2017-07-13,2443.2,3706.2,3141.629166666667,2297.518,3290.975,2896.4948333333336
2017-07-14,2164.7,3082.4,2732.2333333333336,1994.002,2971.576,2596.079833333333
2017-07-15,2045.5,3001.0,2549.15,1999.043,3059.916,2585.58175
2017-07-16,2145.7,3433.4,2819.2833333333333,2145.154,3601.452,2932.7556666666665
2017-07-17,2384.6,4020.2,3312.8958333333335,2507.258,4304.364,3530.5286666666666
2017-07-18,2441.9,4085.6,3330.3458333333333,2559.331,4367.469,3578.014125
2017-07-19,2659.7,4767.6,3787.441666666667,2679.756,4753.463,3844.3980833333335
2017-07-20,2725.9,5013.4,3912.15,2726.499,4706.756,3852.935208333334
2017-07-21,2734.6,4826.0,3795.804166666667,2745.961,4545.577,3686.8305416666667
2017-07-22,2419.9,3927.5,3183.9208333333336,2584.901,3611.133,3174.31525
2017-07-23,2311.9,3119.0,2746.7791666666667,2375.43,2946.176,2720.940666666667
2017-07-24,2171.6,3271.6,2811.366666666667,2172.364,3043.101,2689.1607083333333
2017-07-25,2039.9,3115.9,2681.858333333333,1937.62,2919.867,2554.4917083333335
2017-07-26,2050.4,3325.7,2764.679166666667,1911.771,3318.425,2742.1679166666668
2017-07-27,2087.2,3471.1,2904.0875,2096.679,3252.57,2809.295083333333
2017-07-28,2219.0,3526.8,2952.7958333333336,2173.739,3735.111,3062.5724166666664
2017-07-29,2030.6,2732.7,2449.75,2172.888,2670.783,2477.1226666666666
2017-07-30,1999.9,2866.3,2471.5875,1898.453,2834.721,2394.3250000000003
2017-07-31,2059.3,3551.4,2917.620833333333,2026.09,3823.158,3005.9594583333333
2017-08-01,2218.9,3876.1,3134.0458333333336,2329.511,4221.047,3387.164083333333
2017-08-02,2365.3,4124.9,3304.366666666667,2534.278,4251.425,3395.149
2017-08-03,2420.4,4026.4,3296.5625,2369.077,4204.38,3354.856916666667
2017-08-04,2328.4,3798.5,3110.6625,2460.041,4165.533,3367.7369583333334
2017-08-05,2260.2,3225.2,2794.6,2453.999,3213.016,2925.201125
2017-08-06,2041.6,2987.3,2533.9,2069.886,2878.411,2498.661625
2017-08-07,2094.8,3300.8,2810.4500000000003,2099.225,3332.995,2838.6679166666668
2017-08-08,2068.2,3345.7,2799.0333333333333,2133.627,3255.565,2825.1549166666664
2017-08-09,2094.8,3604.1,2914.2208333333333,2095.365,3751.824,3000.5046666666663
2017-08-10,2223.2,3865.9,3111.691666666667,2246.136,4038.081,3217.4919583333335
2017-08-11,2211.3,3672.9,2990.304166666667,2315.832,3705.424,3091.3483333333334
2017-08-12,2239.6,3045.9,2695.1583333333333,2214.173,3111.434,2720.7656666666667
2017-08-13,2141.9,3288.4,2735.4083333333333,2327.285,3492.218,2924.945375
2017-08-14,2193.3,3770.2,3068.6375000000003,2257.546,3689.182,3072.4744166666665
2017-08-15,2301.8,3899.8,3184.2708333333335,2311.664,3648.996,3105.005458333333
2017-08-16,2310.4,4023.1,3228.2916666666665,2301.764,3832.201,3148.8692083333335
2017-08-17,2151.5,3585.0,2931.883333333333,2135.359,3575.792,2917.3889999999997
2017-08-18,2195.7,3596.1,2975.0791666666664,2224.305,3661.533,3109.9419166666667
2017-08-19,2353.9,3692.6,3058.7625000000003,2462.701,3481.392,2998.3417916666663
2017-08-20,2251.0,3476.8,2878.725,2331.359,3365.59,2879.890083333333
2017-08-21,2310.0,4190.8,3324.7291666666665,2281.015,3967.58,3244.5196250000004
2017-08-22,2434.3,4760.3,3590.008333333333,2490.746,4646.578,3659.607416666667
2017-08-23,2557.2,3908.9,3309.991666666667,2654.329,3902.485,3416.0461666666665
2017-08-24,2169.6,3453.4,2874.445833333333,2179.824,3513.372,2928.63775
2017-08-25,2148.0,3266.4,2787.4208333333336,2114.954,3144.776,2720.955
2017-08-26,1979.5,2793.3,2449.733333333333,1937.603,2700.985,2381.2755416666664
2017-08-27,1893.8,2782.8,2371.975,1891.241,2742.461,2343.451541666667
2017-08-28,1963.4,3100.4,2645.0833333333335,1964.796,3133.104,2655.610666666667
2017-08-29,1920.3,3004.3,2610.508333333333,1945.309,2989.503,2604.4592916666666
2017-08-30,1980.7,3049.8,2656.5625,1979.398,3052.022,2637.3357083333335
2017-08-31,1994.1,3329.2,2782.1124999999997,1939.858,3219.977,2660.8224583333335
2017-09-01,1940.1,2912.8,2531.6041666666665,1886.981,2722.575,2404.8057083333333
2017-09-02,1872.1,2558.8,2277.579166666667,1789.973,2464.545,2173.83475
2017-09-03,1831.5,2676.3,2285.2833333333333,1816.432,2537.448,2208.900125
2017-09-04,1883.8,2903.7,2456.4625,1840.199,2952.409,2397.8451250000003
2017-09-05,2086.2,3670.0,2989.7708333333335,2048.223,4002.997,3127.634
2017-09-06,2206.7,3375.3,2914.620833333333,2397.419,3600.757,3023.92675
2017-09-07,2116.2,3314.3,2825.429166666667,2063.748,3192.955,2752.0826250000005
2017-09-08,1959.2,3026.3,2592.6791666666663,1957.427,3010.239,2593.077583333333
2017-09-09,1842.8,2542.1,2268.25,1875.916,2635.945,2321.7347916666668
2017-09-10,1809.4,2612.0,2210.9958333333334,1837.411,2735.222,2283.2922083333333
2017-09-11,1874.2,3112.7,2603.8958333333335,1840.217,3138.368,2600.7533333333336
2017-09-12,1926.5,3412.2,2740.6,1927.135,3457.267,2782.73075
2017-09-13,2034.6,3521.5,2871.1625,2020.198,3508.711,2864.8945416666666
2017-09-14,2129.6,3888.3,3058.2875,2212.8,3717.535,3115.316666666667
2017-09-15,2153.9,3601.5,2940.254166666667,2352.348,3787.913,3177.6732083333336
2017-09-16,2110.4,3065.9,2665.025,2300.868,3224.295,2806.0639166666665
2017-09-17,2085.8,3072.4,2613.1291666666666,2097.103,3240.593,2693.6382083333333
2017-09-18,2145.1,3222.3,2785.7125,2192.914,3312.977,2914.2653750000004
2017-09-19,2089.3,3120.2,2739.25,2120.546,3176.342,2799.2238333333335
2017-09-20,2094.9,3217.6,2794.7125,2074.225,3273.983,2867.9089166666668
2017-09-21,1971.0,3181.8,2704.6208333333334,2179.317,3094.705,2774.373833333333
2017-09-22,1954.1,2977.4,2558.5625,1966.572,2907.388,2575.6364166666667
2017-09-23,1942.7,2883.7,2503.4375,1927.903,2912.462,2475.1325
2017-09-24,1996.4,3355.3,2688.954166666667,1991.815,3450.666,2736.844458333333
2017-09-25,2105.5,3819.4,3074.4500000000003,2261.997,3990.578,3238.2660416666663
2017-09-26,2141.4,3776.0,3057.120833333333,2293.38,4077.305,3266.228291666667
2017-09-27,2139.3,3913.2,3092.1041666666665,2342.138,4351.657,3467.1179166666666
2017-09-28,2238.3,3362.1,2880.3250000000003,2256.104,3517.016,3109.2136666666665
2017-09-29,1936.5,2809.1,2477.7791666666667,1887.384,2831.823,2475.2040416666664
2017-09-30,1850.5,2596.4,2282.320833333333,1839.127,2570.063,2281.054291666667
2017-10-01,1766.9,2541.2,2146.454166666667,1799.032,2665.22,2185.23025
2017-10-02,1727.1,2721.9,2349.5916666666667,1816.956,2890.553,2478.1895833333333
2017-10-03,1777.4,2802.5,2415.6625,1850.592,2910.526,2501.095625
2017-10-04,1791.6,2993.3,2504.5916666666667,1851.412,3055.198,2574.7838333333334
2017-10-05,1883.0,3121.2,2619.3041666666663,1973.582,3289.516,2763.0404583333334
2017-10-06,1852.9,2980.2,2535.2625000000003,1984.813,3042.642,2626.6542083333334
2017-10-07,1899.6,2853.1,2416.3458333333333,1918.267,2924.897,2486.4312083333334
2017-10-08,2078.9,3390.6,2743.5750000000003,2118.85,3157.973,2663.9697083333335
2017-10-09,2122.0,3403.8,2859.2625000000003,2259.759,3507.065,3014.861083333333
2017-10-10,2399.5,3636.0,3102.9541666666664,2339.733,3427.005,2976.3505
2017-10-11,1906.1,3063.9,2578.0625,2001.704,2988.536,2621.0242083333333
2017-10-12,1835.6,2827.9,2417.2999999999997,1870.587,2821.04,2446.1622083333336
2017-10-13,1859.3,2816.0,2439.875,1842.194,2803.363,2449.4264583333334
2017-10-14,1963.6,2773.5,2412.8375,1851.794,2717.906,2330.3930416666667
2017-10-15,2036.2,3127.4,2602.5,1880.353,2891.888,2392.1707499999998
2017-10-16,2007.5,3021.7,2646.2875,2019.272,2887.885,2535.1730000000002
2017-10-17,1984.1,2907.0,2565.9,1849.428,2888.882,2458.28825
2017-10-18,1815.4,2920.7,2430.9958333333334,1861.136,2937.493,2503.7675
2017-10-19,1880.4,3094.1,2537.4500000000003,1846.606,2949.299,2515.889333333333
2017-10-20,1792.4,2849.9,2415.7000000000003,1857.244,2840.25,2475.548208333333
2017-10-21,1756.4,2688.4,2217.0375,1824.634,2692.574,2287.6380416666666
2017-10-22,1768.9,2703.0,2209.6541666666667,1818.422,2751.92,2263.5856666666664
2017-10-23,1828.7,3145.4,2578.858333333333,1858.244,3034.063,2555.7155
2017-10-24,1917.8,3329.3,2726.6958333333337,1965.931,3271.875,2779.8343333333337
2017-10-25,2041.4,3394.8,2684.9249999999997,2136.581,3263.327,2801.3219583333334
2017-10-26,2075.5,3437.0,2784.2041666666664,1951.99,2985.079,2601.3232083333332
2017-10-27,1842.4,3028.5,2531.491666666667,1853.856,2798.545,2444.315708333333
2017-10-28,1771.9,2634.8,2208.0875,1844.659,2646.434,2273.177958333333
2017-10-29,1741.5,3025.1,2298.125,1858.776,2794.391,2320.872125
2017-10-30,1810.0,3192.1,2531.2916666666665,1852.582,2813.804,2426.4898749999998
2017-10-31,1962.9,3100.6,2582.929166666667,1808.103,2794.04,2414.403291666667
2017-11-01,1876.2,3101.5,2595.2791666666667,1888.041,2972.388,2528.4324166666665
2017-11-02,2057.1,3420.8,2880.7374999999997,1880.126,3046.847,2580.25875
2017-11-03,2035.5,3075.7,2622.5750000000003,1910.735,3043.271,2577.612166666667
2017-11-04,1974.6,2832.0,2419.6583333333333,1813.819,2609.15,2237.5399583333333
2017-11-05,1922.1,3223.9,2452.0625,1808.564,2798.594,2287.9895
2017-11-06,1979.9,3177.0,2632.1916666666666,1924.878,3133.696,2604.6113333333333
2017-11-07,2001.4,3368.3,2702.945833333333,1853.439,3060.347,2530.2977916666664
2017-11-08,1971.4,3156.2,2593.579166666667,1961.601,3134.681,2606.559083333333
2017-11-09,1996.6,3055.7,2577.1375000000003,2080.626,3084.833,2630.7794583333334
2017-11-10,2091.6,3386.7,2824.8375,1972.332,3234.866,2644.1630416666667
2017-11-11,2175.6,2896.8,2569.9666666666667,2277.168,3015.818,2636.529916666667
2017-11-12,2142.3,2844.0,2444.3375,2197.833,3000.431,2556.2116666666666
2017-11-13,2035.1,3063.9,2659.2208333333333,2115.317,3322.376,2805.1255
2017-11-14,2053.5,3120.4,2689.7541666666666,2113.986,3255.896,2766.2698333333333
2017-11-15,2010.9,3022.2,2606.991666666667,2102.332,3224.426,2719.5842916666666
2017-11-16,1963.1,3089.9,2646.6333333333337,2110.525,3162.634,2726.2124583333334
2017-11-17,1973.8,3094.0,2626.6583333333333,2076.014,3159.843,2685.6860833333335
2017-11-18,2025.2,2824.8,2425.0,2165.195,2907.91,2553.3375833333334
2017-11-19,1808.5,2794.6,2277.6833333333334,1948.379,2916.16,2415.217041666667
2017-11-20,1974.4,3227.3,2689.9958333333334,2075.252,3267.745,2735.5832083333335
2017-11-21,1959.8,3033.2,2554.883333333333,2098.848,3083.954,2643.2769166666667
2017-11-22,1884.2,3075.1,2584.366666666667,1974.058,3093.889,2643.8040833333334
2017-11-23,2008.4,2752.2,2449.1625,2066.142,2622.235,2408.826833333333
2017-11-24,2004.7,2978.5,2512.2999999999997,2107.42,2881.269,2488.56575
2017-11-25,1980.3,2773.0,2383.070833333333,2023.205,2709.454,2351.8495416666665
2017-11-26,1898.1,2991.0,2397.6375000000003,1897.533,2934.842,2370.813541666667
2017-11-27,2025.0,3290.0,2695.1291666666666,2051.908,3265.876,2749.21175
2017-11-28,2117.3,3213.3,2716.108333333333,2242.226,3333.694,2832.857083333334
2017-11-29,2036.6,3317.3,2665.4625,2056.639,3149.065,2657.160125
2017-11-30,2103.1,3249.0,2716.2166666666667,2098.914,3220.693,2729.153
2017-12-01,1963.2,3147.6,2584.5208333333335,2022.298,3103.541,2627.047
2017-12-02,2080.4,3022.1,2481.6875,2098.965,2938.802,2546.483875
2017-12-03,2118.4,3043.4,2503.7541666666666,2084.201,3026.36,2523.810625
2017-12-04,2072.8,3389.9,2765.4249999999997,2076.746,3284.54,2738.3182500000003
2017-12-05,2156.5,3555.8,2839.2041666666664,2101.034,3262.652,2769.7268750000003
2017-12-06,1906.3,2926.3,2553.704166666667,1989.392,3231.387,2677.7657083333334
2017-12-07,2091.3,3139.3,2680.375,2143.187,3242.519,2747.7209583333333
2017-12-08,2099.3,3233.5,2703.491666666667,2161.547,3296.884,2807.7966250000004
2017-12-09,2103.4,3266.4,2691.179166666667,2150.457,3252.658,2739.427208333333
2017-12-10,2091.9,3195.0,2542.6916666666666,2215.031,3207.561,2675.8356666666664
2017-12-11,2163.8,3567.2,2922.0833333333335,2222.508,3437.446,2900.5885833333336
2017-12-12,2161.4,3368.5,2824.2791666666667,2216.495,3360.178,2888.871541666667
2017-12-13,2151.1,3542.7,2918.4249999999997,2233.474,3702.239,3057.7893333333336
2017-12-14,2326.1,3587.7,2981.3958333333335,2483.414,3620.651,3115.2245000000003
2017-12-15,2566.7,3550.9,3070.5333333333333,2570.786,3598.157,3157.2049583333333
2017-12-16,2362.7,3194.8,2789.066666666667,2435.297,3286.126,2874.3264999999997
2017-12-17,2392.2,3275.1,2776.570833333333,2440.314,3379.35,2875.5970833333336
2017-12-18,2360.4,3519.6,2998.6041666666665,2433.766,3570.978,3084.6744999999996
2017-12-19,2248.5,3299.9,2800.5416666666665,2263.056,3296.549,2845.880625
2017-12-20,2189.3,3373.4,2818.2083333333335,2127.64,3335.23,2796.7599583333335
2017-12-21,2280.0,3452.9,2900.7833333333333,2283.444,3444.644,2932.10275
2017-12-22,2297.2,3428.3,2940.308333333333,2359.168,3519.736,3024.6650833333333
2017-12-23,2103.1,3032.5,2571.4666666666667,2315.001,3203.222,2824.1387083333334
2017-12-24,2165.3,3012.7,2616.8083333333334,2211.441,3025.877,2628.742041666667
2017-12-25,2186.8,2948.7,2603.275,2237.811,3036.49,2699.9710833333334
2017-12-26,2350.4,3602.1,3017.816666666667,2381.864,3566.138,3020.3314166666664
2017-12-27,2419.7,3737.1,3169.304166666667,2599.496,3741.635,3223.39075
2017-12-28,2757.6,4013.2,3432.2833333333333,2767.115,3980.073,3428.8542916666665
2017-12-29,2800.6,3711.7,3319.3458333333333,2936.593,3924.68,3483.273375
2017-12-30,2688.8,3350.9,3017.5750000000003,2917.146,3653.383,3310.259083333333
2017-12-31,2643.5,3631.5,3119.875,2839.452,3847.873,3317.017
2018-01-01,2668.0,3609.3,3078.5791666666664,3047.427,3981.955,3445.316875
2018-01-02,2794.8,3864.7,3375.7041666666664,2995.728,4052.615,3585.117583333333
2018-01-03,2565.2,3611.2,3135.2125,2872.68,3736.279,3361.5669583333333
2018-01-04,2386.4,3844.3,3226.8541666666665,2691.813,3744.272,3280.778333333333
2018-01-05,2537.8,3885.9,3329.7708333333335,2710.008,4059.17,3452.931666666667
2018-01-06,2815.2,3937.1,3398.254166666667,3104.138,3973.677,3534.342583333333
2018-01-07,3037.9,3860.7,3397.6625,3144.719,3934.303,3510.1522083333334
2018-01-08,2663.5,3679.0,3277.8125,2806.865,3692.427,3320.505541666667
2018-01-09,2254.0,3417.1,2914.7708333333335,2501.063,3479.055,3042.2912916666664
2018-01-10,2368.2,3476.0,2976.4583333333335,2470.097,3476.169,3033.7882083333334
2018-01-11,2214.6,3318.1,2841.4083333333333,2371.494,3256.209,2868.864
2018-01-12,2018.6,3136.7,2694.9625,2143.195,3139.937,2721.349125
2018-01-13,1935.1,3112.8,2549.6916666666666,2067.793,3100.673,2581.289375
2018-01-14,2330.3,3535.1,2863.066666666667,2489.666,3403.388,2926.6588749999996
2018-01-15,2570.2,3737.2,3167.8291666666664,2671.186,3855.168,3332.85075
2018-01-16,2371.7,3498.8,3008.3875000000003,2631.12,3548.568,3143.833583333333
2018-01-17,2245.4,3622.8,3016.2791666666667,2390.431,3545.413,3052.040875
2018-01-18,2345.3,3594.0,3054.9,2395.21,3506.19,3044.2112500000003
2018-01-19,2388.8,3571.7,3090.875,2509.568,3421.81,3040.53725
2018-01-20,2290.4,3067.4,2680.6666666666665,2349.964,3028.865,2711.4485
2018-01-21,2258.2,2985.4,2595.4166666666665,2215.521,2951.412,2552.836625
2018-01-22,2152.9,3308.4,2822.5875,2182.407,3380.908,2879.1323333333335
2018-01-23,2076.6,3211.8,2728.7791666666667,2224.482,3358.376,2921.323375
2018-01-24,2252.4,3461.9,2946.9833333333336,2223.258,3355.861,2864.7047916666666
2018-01-25,2455.1,3606.7,3092.5875,2441.927,3567.324,3063.552166666667
2018-01-26,2518.3,3477.0,3069.0875,2564.943,3424.019,3063.5440416666665
2018-01-27,2284.8,2907.0,2552.1375000000003,2372.754,2969.333,2683.2013333333334
2018-01-28,1983.0,2920.6,2433.179166666667,2074.182,3007.366,2519.9242083333334
2018-01-29,2120.4,3515.6,2885.1583333333333,2145.022,3443.556,2889.5542499999997
2018-01-30,2269.5,3524.7,2955.3583333333336,2395.02,3534.664,3094.6605833333338
2018-01-31,2430.2,3440.4,2981.975,2538.403,3489.317,3073.816833333333
2018-02-01,2238.1,3262.4,2819.775,2393.653,3268.894,2903.370125
2018-02-02,2138.5,3459.2,2915.941666666667,2215.83,3515.619,2994.409916666667
2018-02-03,2535.3,3239.8,2917.254166666667,2682.643,3321.775,2998.560791666667
2018-02-04,2340.3,3057.6,2676.9375,2440.151,3188.672,2771.8165000000004
2018-02-05,2143.5,3380.6,2835.195833333333,2165.587,3367.603,2822.05475
2018-02-06,2353.2,3273.4,2888.2125,2426.418,3430.586,3025.378
2018-02-07,2339.1,3599.5,3011.0,2431.511,3547.237,3072.552125
2018-02-08,2297.8,3639.8,3058.2125,2374.513,3431.649,3007.058125
2018-02-09,2383.7,3353.4,2974.1749999999997,2497.997,3379.374,3025.2450000000003
2018-02-10,2210.7,2870.1,2549.7166666666667,2332.014,2915.531,2640.7270000000003
2018-02-11,2032.3,2988.0,2437.2166666666667,2042.966,3069.596,2571.3209166666666
2018-02-12,2024.4,3158.9,2654.6583333333333,2142.492,3233.877,2777.6476666666663
2018-02-13,2275.7,3282.2,2847.8458333333333,2303.023,3344.075,2890.2280416666667
2018-02-14,2209.1,3128.1,2742.0958333333333,2330.402,3168.001,2800.7457916666667
2018-02-15,2131.4,3070.0,2694.6208333333334,2162.09,3117.829,2717.6829166666666
2018-02-16,1984.2,3096.1,2642.7875,2030.625,3026.011,2646.63625
2018-02-17,2245.0,2940.6,2587.4125,2191.144,2967.702,2577.0411666666664
2018-02-18,2097.0,2856.2,2433.233333333333,2200.9,2887.361,2518.2767083333333
2018-02-19,2162.7,3054.9,2630.991666666667,2225.195,3028.051,2630.8434166666666
2018-02-20,1997.0,2920.9,2544.1541666666667,2007.821,2929.048,2540.99775
2018-02-21,2006.4,3007.8,2586.4458333333337,1937.832,2960.783,2525.927666666667
2018-02-22,2089.7,3150.2,2677.6875,1895.302,3111.636,2615.5428333333334
2018-02-23,2160.0,3118.5,2709.2000000000003,2162.334,3075.33,2698.98025
2018-02-24,2003.9,2610.1,2318.5416666666665,2088.071,2732.546,2411.228541666667
2018-02-25,1974.9,2921.2,2438.8624999999997,2036.27,2976.951,2521.756041666667
2018-02-26,2002.1,2965.4,2560.6916666666666,2063.657,3053.379,2637.3885833333334
2018-02-27,1999.0,3010.2,2567.008333333333,2104.422,3008.387,2609.3826249999997
2018-02-28,2013.5,2831.7,2490.5625,2064.97,2951.807,2565.5158333333334
2018-03-01,1956.8,2931.1,2557.9375,1954.323,2938.616,2521.6538333333333
2018-03-02,2082.1,3352.8,2873.9249999999997,2049.214,3184.838,2755.5804583333334
2018-03-03,2136.5,2976.8,2576.4791666666665,2101.685,2880.316,2515.1505416666664
2018-03-04,2316.6,2978.1,2595.929166666667,2092.84,2977.084,2505.862375
2018-03-05,2278.2,3221.9,2825.504166666667,2168.997,3143.99,2753.362458333333
2018-03-06,2291.0,3289.4,2899.0833333333335,2188.609,3201.688,2787.9198333333334
2018-03-07,2173.9,3510.1,2928.945833333333,2187.987,3333.534,2860.1450833333333
2018-03-08,2264.2,3239.5,2871.6749999999997,2113.304,2977.732,2635.650875
2018-03-09,2145.7,3004.3,2713.2833333333333,2174.235,3096.789,2738.00175
2018-03-10,2124.7,2790.9,2471.0666666666666,2222.509,2928.534,2599.4044583333334
2018-03-11,2030.2,2801.1,2389.1229166666667,2233.212,2902.89,2519.0594166666665
2018-03-12,2160.6,3113.2,2708.454166666667,2184.922,3081.014,2755.0495416666668
2018-03-13,2117.2,3315.0,2842.754166666667,2212.665,3186.282,2808.0202916666663
2018-03-14,2265.6,3135.4,2775.566666666667,2285.071,3128.852,2808.7708333333335
2018-03-15,2128.0,3066.1,2715.7416666666663,2240.832,3083.296,2761.4354583333334
2018-03-16,2128.8,3023.0,2717.625,2220.121,3076.019,2786.2930833333335
2018-03-17,2215.7,2980.3,2598.0125000000003,2310.023,2948.631,2652.611083333333
2018-03-18,2371.7,2984.5,2629.8083333333334,2416.117,3085.53,2709.2933749999997
2018-03-19,2319.4,3195.0,2859.616666666667,2399.101,3251.098,2897.8318333333336
2018-03-20,2290.5,3123.7,2793.1416666666664,2352.309,3191.938,2815.5530833333337
2018-03-21,2151.5,3276.7,2850.2083333333335,2220.377,3198.141,2854.8489583333335
2018-03-22,2172.6,3090.4,2738.0791666666664,2227.665,3173.917,2808.898375
2018-03-23,2166.3,2974.1,2685.0833333333335,2193.666,2953.865,2659.488208333333
2018-03-24,2159.5,2862.1,2516.5875,2131.866,2742.29,2476.322333333333
2018-03-25,2120.3,2893.8,2505.7791666666667,2114.103,2931.607,2529.4204583333335
2018-03-26,2128.4,3089.6,2714.329166666667,2213.285,3047.03,2710.910375
2018-03-27,2161.1,3075.5,2703.475,2218.079,3022.41,2675.135083333333
2018-03-28,2142.0,3015.0,2690.4375,2096.241,2937.865,2591.8389583333333
2018-03-29,2001.7,2955.4,2571.7999999999997,2027.778,2867.455,2558.482791666667
2018-03-30,1928.9,2987.5,2534.3458333333333,1958.64,2883.431,2527.6715416666666
2018-03-31,1941.8,2544.1,2275.795833333333,1967.812,2563.301,2285.7331666666664
2018-04-01,1924.6,2567.9,2247.4708333333333,1940.003,2602.451,2235.49825
2018-04-02,2016.0,2965.6,2621.8250000000003,2019.272,3094.349,2689.641916666667
2018-04-03,2029.1,3003.7,2639.0666666666666,2140.624,3062.793,2689.144083333333
2018-04-04,2011.9,2985.8,2615.6666666666665,2079.06,2962.147,2674.025875
2018-04-05,2206.0,3035.2,2737.245833333333,2123.766,3006.48,2670.849333333333
2018-04-06,2106.7,3092.3,2701.491666666667,2211.012,3086.454,2754.1654583333334
2018-04-07,1983.7,2648.7,2370.9125,2090.738,2751.881,2442.8240833333334
2018-04-08,2096.8,2753.0,2387.483333333333,2104.57,2849.431,2444.351958333333
2018-04-09,2022.4,3250.6,2919.2291666666665,2150.229,2949.589,2647.508375
2018-04-10,2055.2,2947.5,2652.7541666666666,2109.151,2992.958,2697.2665833333335
2018-04-11,2023.9,2844.6,2550.0958333333333,2153.322,2949.572,2632.71075
2018-04-12,2053.8,2834.0,2572.883333333333,2096.877,2861.186,2564.0645833333333
2018-04-13,1960.7,2694.1,2455.875,1967.745,2798.762,2481.84675
2018-04-14,1856.7,2608.2,2279.5208333333335,1882.823,2600.678,2270.0363333333335
2018-04-15,2007.8,2850.9,2456.5833333333335,2011.737,2902.2,2508.456166666667
2018-04-16,1990.4,3004.9,2622.2125,2175.944,3101.416,2732.339625
2018-04-17,1901.2,2834.9,2501.725,2003.752,2847.652,2553.7371666666663
2018-04-18,1996.8,2789.0,2514.116666666667,2062.272,2787.289,2528.4883333333332
2018-04-19,1936.1,3151.8,2696.9583333333335,2014.819,2989.003,2627.635625
2018-04-20,1997.6,2888.4,2549.6625,2079.259,2769.542,2510.8335416666664
2018-04-21,1940.0,2520.4,2268.8083333333334,2024.483,2505.652,2265.570166666667
2018-04-22,1950.1,2560.5,2221.5,1925.74,2577.877,2193.83175
2018-04-23,1894.1,2739.7,2441.6,1897.177,2721.219,2423.2273333333333
2018-04-24,1867.9,2713.8,2376.570833333333,1903.875,2736.405,2438.015875
2018-04-25,1847.8,2772.7,2450.954166666667,1859.999,2872.944,2516.1152916666665
2018-04-26,1870.3,2729.0,2437.2875,1904.772,2808.631,2473.946125
2018-04-27,1859.2,2759.7,2445.6124999999997,1861.506,2722.165,2424.8370833333333
2018-04-28,1807.4,2433.4,2172.3333333333335,1840.681,2469.236,2190.1388333333334
2018-04-29,1792.3,2575.0,2170.554166666667,1784.886,2543.883,2185.2009583333333
2018-04-30,1885.9,2850.6,2491.0125000000003,1852.865,2773.349,2454.293041666667
2018-05-01,2285.4,3239.6,2901.7041666666664,1904.144,2711.259,2418.69125
2018-05-02,1855.2,3429.1,2751.129166666667,1838.389,3166.503,2621.161
2018-05-03,1976.6,3586.6,2870.475,2004.755,3517.922,2864.3975000000005
2018-05-04,2116.9,3320.2,2818.4375,2221.282,3423.716,2927.173375
2018-05-05,1913.3,2597.7,2306.8791666666666,1974.065,2612.282,2352.898791666667
2018-05-06,1800.9,2593.6,2200.1208333333334,1867.358,2557.371,2261.230625
2018-05-07,1790.3,2687.4,2350.945833333333,1810.324,2679.828,2388.5414583333336
2018-05-08,1769.7,2718.1,2371.2791666666667,1811.844,2769.118,2408.4003333333335
2018-05-09,1769.7,2767.6,2388.7458333333334,1820.773,2751.286,2414.0457083333336
2018-05-10,1807.0,2818.3,2409.616666666667,1811.603,2787.742,2417.9964999999997
2018-05-11,1815.1,2733.3,2375.8375,1862.361,2707.589,2396.0776666666666
2018-05-12,1753.1,2585.9,2217.1916666666666,1782.562,2449.606,2201.5570416666665
2018-05-13,1801.7,2517.8,2137.5208333333335,1781.216,2447.474,2115.8085416666668
2018-05-14,1819.3,2803.4,2420.945833333333,1789.019,2833.589,2435.738083333333
2018-05-15,1880.0,3056.6,2572.3875000000003,1867.611,3450.253,2683.0245833333333
2018-05-16,1817.2,2819.1,2440.5916666666667,1908.052,2681.526,2417.071375
2018-05-17,1788.1,2933.9,2473.3416666666667,1824.147,2937.177,2524.9196666666667
2018-05-18,1800.4,2720.8,2398.8250000000003,1874.676,2566.842,2345.9792083333336
2018-05-19,1759.5,2527.1,2184.516666666667,1790.995,2450.689,2184.1542916666667
2018-05-20,1797.1,2787.2,2287.358333333333,1829.529,2808.716,2363.971791666667
2018-05-21,1815.8,2980.6,2490.5375,1855.522,3059.269,2546.0554583333333
2018-05-22,1806.6,2829.3,2464.0750000000003,1878.29,2882.234,2511.5125416666665
2018-05-23,1811.4,3115.0,2545.6333333333337,1831.904,3187.857,2612.571125
2018-05-24,1816.8,2897.8,2472.9874999999997,1893.121,2914.988,2497.9155833333334
2018-05-25,1863.3,3354.1,2723.670833333333,1836.158,3333.707,2690.634
2018-05-26,2015.9,3070.2,2572.4874999999997,2112.373,3214.288,2703.8775
2018-05-27,1896.2,2511.0,2220.7000000000003,1928.386,2339.812,2182.065375
2018-05-28,1801.2,2627.7,2242.7000000000003,1764.673,2533.559,2199.0685416666665
2018-05-29,1881.0,3320.8,2716.2791666666667,1827.531,3453.462,2785.883208333333
2018-05-30,1914.2,3048.1,2578.170833333333,2095.302,3083.584,2669.734916666667
2018-05-31,1845.6,3107.5,2599.275,1916.663,3420.54,2773.2492500000003
2018-06-01,1994.7,3593.5,2898.35,2161.055,3681.734,3082.493375
2018-06-02,2131.0,2854.0,2547.329166666667,2357.517,3373.383,2881.4354166666667
2018-06-03,1885.6,2576.2,2267.0416666666665,1890.763,2485.316,2198.2244583333336
2018-06-04,1867.2,2876.0,2515.0041666666666,1799.029,2789.789,2431.1424583333333
2018-06-05,1912.0,2873.5,2524.8166666666666,1814.105,2800.563,2431.297125
2018-06-06,1828.5,2782.7,2437.8541666666665,1826.616,2769.145,2435.2959166666665
2018-06-07,1819.8,2895.4,2497.7999999999997,1835.96,2922.259,2496.96475
2018-06-08,1902.0,3181.0,2651.375,1852.03,3173.927,2624.8804166666664
2018-06-09,1846.4,2795.0,2390.7875,1936.549,2861.061,2474.1062916666665
2018-06-10,1829.1,2687.2,2280.6833333333334,1881.883,2678.27,2330.923375
2018-06-11,1836.8,2930.6,2507.6916666666666,1878.919,2876.655,2506.4209583333336
2018-06-12,1835.8,3013.8,2541.7000000000003,1836.154,3178.809,2593.670625
2018-06-13,1886.4,3207.6,2652.8458333333333,1902.045,3289.06,2764.1370833333335
2018-06-14,1997.9,3312.3,2755.195833333333,2196.182,3269.822,2806.8823749999997
2018-06-15,1853.7,2863.5,2487.1666666666665,1958.098,2828.282,2515.9216666666666
2018-06-16,1846.9,3021.1,2519.0916666666667,1874.367,2934.422,2461.771708333333
2018-06-17,1943.0,3297.4,2652.579166666667,1949.317,3054.557,2577.3714999999997
2018-06-18,2223.9,4620.3,3525.308333333333,2154.882,4372.582,3341.4915
2018-06-19,2416.1,3946.6,3234.195833333333,2605.523,3747.291,3231.15025
2018-06-20,2069.6,3548.3,2898.9125,2113.717,3526.895,2940.8968333333337
2018-06-21,2118.6,3165.4,2747.6541666666667,2181.663,3509.081,2938.070916666667
2018-06-22,1959.4,3013.5,2603.991666666667,2048.05,3141.418,2688.4576666666667
2018-06-23,1845.9,2513.9,2274.125,1959.794,2607.008,2335.7437916666668
2018-06-24,1823.9,2830.9,2387.3875000000003,1866.537,3010.53,2450.324875
2018-06-25,2035.4,3010.9,2629.4,2170.822,3124.763,2752.5091666666667
2018-06-26,1887.2,3080.9,2578.633333333333,1913.221,3222.646,2656.073125
2018-06-27,1989.4,3227.5,2720.4249999999997,2030.42,3280.056,2767.0918333333334
2018-06-28,2058.9,3441.2,2852.6749999999997,2147.628,3447.649,2998.102166666667
2018-06-29,2153.6,4007.6,3195.9,2327.162,4138.634,3357.2729583333335
2018-06-30,2267.0,4046.3,3147.629166666667,2463.915,3955.946,3318.403791666667
2018-07-01,2539.1,4071.2,3327.2708333333335,2614.527,4267.225,3505.9503333333337
2018-07-02,2534.1,4675.3,3653.9500000000003,2738.739,4355.957,3677.963125
2018-07-03,2609.5,5050.4,3871.558333333333,2795.672,5016.381,4034.484458333333
2018-07-04,2661.6,3986.9,3367.433333333333,2990.704,4185.624,3658.2465833333335
2018-07-05,2795.7,4849.8,3830.2958333333336,2950.216,4996.809,4092.6138333333333
2018-07-06,2703.9,4111.7,3501.2875,2576.466,4345.211,3675.0889583333333
2018-07-07,2144.9,3018.8,2630.0208333333335,2053.729,2929.775,2528.4707083333333
2018-07-08,2006.7,3362.1,2699.1375000000003,1995.483,3266.507,2635.416541666667
2018-07-09,2195.0,4252.8,3289.241666666667,2180.204,4294.919,3310.663375
2018-07-10,2397.2,4708.6,3633.195833333333,2520.64,4629.058,3657.028291666667
2018-07-11,2518.3,3826.0,3247.5208333333335,2637.643,3666.307,3225.9320000000002
2018-07-12,2237.5,3662.9,3043.3541666666665,2212.9,3476.435,2922.1924583333334
2018-07-13,2205.9,3716.1,3038.3916666666664,2217.475,3615.801,2984.4160833333335
2018-07-14,2121.0,3344.8,2788.258333333333,2143.321,3005.642,2675.797416666667
2018-07-15,2240.5,3654.8,2964.7083333333335,2257.304,3573.69,2915.4473333333335
2018-07-16,2413.5,4380.9,3486.2374999999997,2452.305,4182.844,3424.16475
2018-07-17,2698.7,4594.1,3768.4500000000003,2718.736,4649.399,3589.893791666667
2018-07-18,2616.6,3996.2,3368.9208333333336,2533.636,3748.746,3181.9125
2018-07-19,2307.3,3657.9,3034.5625,2156.967,3506.766,2907.7781250000003
2018-07-20,2275.0,3783.9,3099.5208333333335,2174.271,3668.334,3013.198375
2018-07-21,2130.6,2937.0,2603.3791666666666,2143.001,2996.595,2633.299666666667
2018-07-22,2149.2,3296.7,2774.0166666666664,2182.763,3336.744,2805.6667916666665
2018-07-23,2465.7,4100.8,3397.808333333333,2618.899,4365.145,3603.159958333333
2018-07-24,2601.6,4349.7,3557.070833333333,2794.837,4565.529,3783.1517083333333
2018-07-25,2642.0,4105.9,3484.566666666667,2890.917,4444.146,3766.3729166666667
2018-07-26,2617.7,4131.7,3505.4666666666667,2786.556,4272.114,3590.9044166666667
2018-07-27,2590.0,4450.6,3579.8375,2582.378,4528.633,3647.697125
2018-07-28,2550.9,3790.4,3223.116666666667,2729.168,4058.73,3438.345458333333
2018-07-29,2340.7,3493.1,2949.9666666666667,2539.972,3556.841,3091.9934166666667
2018-07-30,2385.1,4021.2,3294.7041666666664,2422.344,3902.887,3269.906916666667
2018-07-31,2444.3,4080.0,3341.1625,2407.573,4215.498,3401.64625
2018-08-01,2512.4,4143.8,3449.3458333333333,2533.023,4122.423,3461.624916666667
2018-08-02,2743.8,4927.4,3923.3250000000003,2872.373,4972.025,4019.7551666666664
2018-08-03,2907.4,4769.1,3878.9125,3033.216,4764.667,3978.331125
2018-08-04,2706.8,3680.3,3262.2708333333335,2862.97,3803.677,3325.6810416666667
2018-08-05,2424.3,3998.1,3247.3416666666667,2470.848,4102.365,3315.1981666666666
2018-08-06,2687.1,4958.4,3897.8333333333335,2809.661,5015.04,4022.5325
2018-08-07,2908.7,5058.1,4077.5375,3142.318,5096.349,4232.160666666667
2018-08-08,2860.3,4774.1,3908.0875,3125.929,4717.978,3988.064791666667
2018-08-09,2768.1,4441.2,3721.375,2971.715,4592.546,3819.2042500000002
2018-08-10,2653.1,4288.3,3527.754166666667,2661.453,4241.995,3499.028875
2018-08-11,2415.2,3106.8,2832.1,2503.884,3112.92,2866.966291666667
2018-08-12,2277.9,3246.4,2808.554166666667,2322.313,3085.017,2770.0964166666668
2018-08-13,2445.0,3810.2,3258.0750000000003,2337.886,3427.633,3009.967583333333
2018-08-14,2445.0,4034.3,3358.129166666667,2381.823,4001.098,3314.220625
2018-08-15,2514.7,4466.6,3571.9583333333335,2526.796,4341.73,3496.8819166666667
2018-08-16,2667.9,4728.9,3783.6416666666664,2731.938,4606.013,3728.1293333333338
2018-08-17,2602.0,4215.5,3520.0291666666667,2587.852,4142.565,3435.6659999999997
2018-08-18,2602.8,3546.6,3128.8125,2688.725,3820.725,3200.5711666666666
2018-08-19,2203.3,3009.0,2626.454166666667,2271.087,2888.845,2622.6317916666667
2018-08-20,2182.0,3413.6,2929.3916666666664,2229.304,3360.097,2898.3155833333335
2018-08-21,2138.4,3418.8,2929.570833333333,2161.307,3188.864,2817.457375
2018-08-22,2237.2,3872.4,3178.8624999999997,2171.017,3706.642,3041.529666666667
2018-08-23,2233.5,3459.6,2949.5916666666667,2239.902,3257.413,2807.56475
2018-08-24,2137.1,3725.9,3017.5499999999997,2046.674,3641.88,2892.993958333333
2018-08-25,2177.5,3239.0,2772.4874999999997,2197.313,3220.977,2771.833458333333
2018-08-26,2110.1,3355.9,2746.308333333333,2100.603,3434.442,2780.128
2018-08-27,2382.7,4529.5,3536.4708333333333,2518.863,4473.615,3609.0489166666666
2018-08-28,2755.6,5030.3,4017.3624999999997,2793.734,5185.032,4141.677791666666
2018-08-29,3066.0,5419.0,4273.879166666667,3363.429,5317.416,4440.744250000001
2018-08-30,3024.1,4738.5,3919.1749999999997,3115.103,4729.542,4001.572583333333
2018-08-31,2489.0,3411.4,3044.7875,2391.438,3304.096,2949.7219583333335
2018-09-01,2140.7,2987.7,2613.1916666666666,2055.185,2867.857,2521.5757916666666
2018-09-02,2076.7,3373.3,2760.9125,2081.632,3303.781,2699.112541666667
2018-09-03,2321.3,4038.9,3231.191666666667,2483.893,4741.388,3649.873625
2018-09-04,2757.6,4679.8,3799.3333333333335,3164.947,4605.988,3950.5381250000005
2018-09-05,2585.4,4549.8,3631.3541666666665,2729.054,4832.176,3828.9204583333335
2018-09-06,2736.4,4928.8,3845.3125,2895.56,5104.191,3952.2453333333337
2018-09-07,2594.8,3545.3,3140.0750000000003,2476.699,3270.814,3001.36875
2018-09-08,2167.8,2770.7,2523.1458333333335,2131.377,2649.682,2442.888916666667
2018-09-09,1941.7,2718.7,2351.4375,1864.658,2580.875,2216.6024583333333
2018-09-10,1955.7,3153.3,2702.7625000000003,1849.399,2928.977,2540.889791666667
2018-09-11,2178.1,3750.5,3109.9791666666665,1998.782,3340.101,2806.178625
2018-09-12,2369.1,3466.0,3038.1583333333333,2234.306,3258.331,2874.7097916666667
2018-09-13,2175.8,3320.7,2883.1416666666664,2119.511,3215.431,2812.6662916666664
2018-09-14,2086.6,3266.4,2795.9541666666664,2053.295,3321.277,2812.6662916666664
2018-09-15,2120.0,3082.8,2653.258333333333,2082.445,2943.453,2582.0997916666665
2018-09-16,2168.7,3360.7,2756.0958333333333,2030.459,3507.788,2770.3121666666666
2018-09-17,2233.0,3869.1,3157.7958333333336,2307.322,3795.707,3182.8541666666665
2018-09-18,2493.1,3746.6,3232.1124999999997,2460.261,3648.216,3163.0497083333335
2018-09-19,2349.8,3276.7,2930.620833333333,2242.621,3011.181,2724.3250000000003
2018-09-20,2039.0,3048.7,2699.4583333333335,1949.213,2889.437,2566.1294166666667
2018-09-21,1984.4,3416.9,2840.225,1925.555,2938.536,2566.3067916666664
2018-09-22,2072.7,2647.9,2430.8416666666667,2103.293,2590.809,2390.6517083333333
2018-09-23,1827.8,2628.0,2251.6583333333333,1798.199,2625.384,2196.0438333333336
2018-09-24,1873.7,2810.5,2462.6833333333334,1809.315,2791.342,2421.50775
2018-09-25,1883.1,3045.4,2581.954166666667,1838.925,2998.077,2563.5859166666664
2018-09-26,2111.9,3471.9,2931.4375,2054.558,3602.535,3008.682166666667
2018-09-27,2104.4,2929.0,2634.5833333333335,2208.151,2944.956,2663.8785416666665
2018-09-28,1899.1,2775.9,2472.954166666667,1912.989,2859.951,2494.8669999999997
2018-09-29,1860.8,2558.2,2258.4625,1845.064,2595.619,2271.0195
2018-09-30,1792.4,2558.0,2163.4958333333334,1811.64,2664.171,2204.840583333333
2018-10-01,1766.8,2919.1,2443.1291666666666,1847.902,2933.693,2537.6101249999997
2018-10-02,1792.5,3057.8,2517.3791666666666,1873.445,2960.668,2545.5885416666665
2018-10-03,2014.1,3087.3,2622.7458333333334,1887.782,2914.471,2522.5269166666667
2018-10-04,1872.9,3218.8,2620.858333333333,1892.682,3046.09,2623.112833333333
2018-10-05,1885.0,2677.5,2405.320833333333,1942.569,2698.959,2430.2012083333334
2018-10-06,1802.6,2463.4,2173.133333333333,1827.253,2534.4,2216.708291666667
2018-10-07,1810.5,2783.7,2309.65,1852.605,2698.531,2316.211083333333
2018-10-08,1880.2,3162.1,2557.358333333333,1852.856,2844.795,2424.0880416666664
2018-10-09,1830.3,3365.5,2693.4874999999997,1871.436,3254.036,2712.331833333333
2018-10-10,2034.4,3683.8,2956.725,2105.273,3619.263,2991.9841666666666
2018-10-11,2035.9,3145.5,2695.766666666667,2209.41,3019.369,2716.8583750000003
2018-10-12,1982.3,2708.1,2443.5125000000003,1913.684,2885.351,2483.7527916666663
2018-10-13,1744.8,2459.1,2173.983333333333,1823.511,2574.337,2264.6453333333334
2018-10-14,1768.9,2491.6,2121.5291666666667,1854.368,2676.162,2230.2580416666665
2018-10-15,1779.1,2843.4,2421.266666666667,1868.826,3062.196,2581.3553333333334
2018-10-16,1805.9,2824.1,2409.4625,1870.208,2850.141,2437.739666666667
2018-10-17,1872.1,2836.3,2430.625,1908.386,2879.858,2487.310875
2018-10-18,1919.4,3081.6,2619.616666666667,1949.373,2939.329,2528.3430416666665
2018-10-19,2012.5,2879.2,2480.0499999999997,2039.127,2815.47,2514.7082083333335
2018-10-20,1781.3,2519.9,2163.883333333333,1881.538,2574.562,2274.9090833333335
2018-10-21,1809.2,2762.3,2286.625,1849.468,2782.561,2288.2100833333334
2018-10-22,1960.7,2902.2,2529.5375,2018.233,2993.063,2584.423583333333
2018-10-23,1968.4,2973.9,2519.866666666667,2002.08,2955.764,2582.5475
2018-10-24,1965.8,2967.0,2559.2625000000003,1943.211,2987.708,2584.44575
2018-10-25,1968.2,3132.1,2641.2166666666667,2031.913,2990.771,2590.452083333333
2018-10-26,2009.1,2929.4,2557.8791666666666,2080.861,2911.397,2591.581708333333
2018-10-27,1892.2,2644.7,2332.8166666666666,2006.955,2828.368,2482.4526666666666
2018-10-28,1785.2,2674.4,2226.1541666666667,1950.056,2775.999,2363.6315
2018-10-29,1854.0,2935.3,2518.7916666666665,1931.001,2965.608,2563.9820833333333
2018-10-30,1922.7,3049.3,2533.7083333333335,1975.768,3010.714,2586.1857083333334
2018-10-31,1976.8,2913.4,2526.7791666666667,2053.49,2905.122,2591.2522083333333
2018-11-01,1813.7,3007.6,2497.616666666667,1919.753,2920.297,2547.684291666667
2018-11-02,1793.2,2935.3,2466.2000000000003,1887.101,3004.558,2604.3969583333333
2018-11-03,1761.6,2617.1,2267.9166666666665,1889.831,2618.043,2315.08175
2018-11-04,1846.2,2748.3,2257.5625,1877.892,2762.007,2284.758875
2018-11-05,1964.6,3136.1,2614.2125,1951.483,3069.089,2602.6428333333333
2018-11-06,1955.0,3015.1,2512.5375,1941.432,3040.702,2583.9529583333333
2018-11-07,1840.0,2896.7,2425.9125,1922.422,2961.39,2490.2400833333336
2018-11-08,1735.3,2896.5,2413.9666666666667,1905.754,2991.94,2508.19175
2018-11-09,1918.4,3158.3,2550.6458333333335,1997.044,3013.329,2586.320625
2018-11-10,1832.7,2720.1,2304.570833333333,1948.601,2818.989,2403.531791666667
2018-11-11,1996.5,2832.2,2369.8791666666666,2059.85,2860.894,2409.8567916666666
2018-11-12,2020.2,3183.4,2660.0291666666667,2104.531,3132.627,2621.8252916666665
2018-11-13,2023.0,3132.4,2678.295833333333,1998.282,3116.445,2652.355916666667
2018-11-14,2143.1,3256.8,2783.4791666666665,2093.64,3337.839,2769.1192499999997
2018-11-15,2177.4,3398.9,2848.0958333333333,2332.094,3396.882,2947.164583333333
2018-11-16,2075.7,3204.9,2739.0,2277.522,3284.323,2860.624458333333
2018-11-17,2057.9,2699.2,2358.741666666667,2168.223,2914.726,2554.9256666666665
2018-11-18,2057.3,2853.9,2448.9708333333333,2096.644,3001.548,2516.4200416666667
2018-11-19,2070.7,3125.4,2690.975,2105.881,3266.495,2811.837916666667
2018-11-20,1991.2,3255.3,2744.633333333333,2135.533,3328.743,2843.3901666666666
2018-11-21,2245.7,3438.5,2823.35,2240.452,3256.854,2847.4126666666666
2018-11-22,2250.2,3058.2,2726.4708333333333,2429.255,3109.208,2864.8037916666667
2018-11-23,2423.7,3324.7,2888.129166666667,2586.672,3269.962,2916.706791666667
2018-11-24,2206.1,2849.5,2542.2208333333333,2371.483,2930.201,2632.5602083333333
2018-11-25,1908.3,2844.7,2348.7291666666665,2101.093,2991.042,2530.3859583333333
2018-11-26,1962.7,3041.0,2591.1749999999997,2060.005,3241.573,2753.5771666666665
2018-11-27,2002.5,3050.8,2617.1375000000003,2103.889,3254.776,2746.236166666667
2018-11-28,2037.9,3138.4,2665.525,2179.572,3305.254,2803.9727083333332
2018-11-29,2052.9,3172.4,2687.9874999999997,2185.771,3275.774,2785.0567083333335
2018-11-30,2113.6,3020.2,2652.508333333333,2209.928,3197.49,2770.036583333333
2018-12-01,2167.0,2944.9,2549.179166666667,2159.727,2955.986,2555.396625
2018-12-02,2039.2,2833.2,2422.016666666667,2087.009,2968.755,2537.176
2018-12-03,1952.7,3102.1,2599.616666666667,2011.433,3155.46,2649.1122083333335
2018-12-04,2063.4,3425.1,2802.179166666667,2101.398,3376.253,2796.183833333333
2018-12-05,2308.3,3469.3,2977.2625000000003,2336.952,3425.559,2924.381125
2018-12-06,2332.5,3456.8,2910.5499999999997,2273.092,3362.331,2876.125
2018-12-07,2238.1,3389.5,2881.1749999999997,2248.646,3344.822,2849.465875
2018-12-08,2394.6,3172.8,2788.5499999999997,2390.942,3269.913,2835.705
2018-12-09,2331.8,3088.5,2688.579166666667,2446.729,3287.032,2809.5278333333335
2018-12-10,2248.9,3446.3,2912.058333333333,2348.984,3475.892,2963.22175
2018-12-11,2254.8,3430.9,2886.9625,2413.536,3461.318,2981.57275
2018-12-12,2200.2,3341.6,2846.6749999999997,2314.019,3497.454,2966.636458333333
2018-12-13,2334.4,3412.9,2941.945833333333,2467.132,3507.682,3054.5034166666665
2018-12-14,2261.8,3292.8,2830.3624999999997,2322.872,3276.775,2849.7345416666667
2018-12-15,2102.3,2874.4,2501.0375,2088.554,2918.856,2529.54425
2018-12-16,2094.0,3018.6,2525.5041666666666,2094.01,3080.048,2592.2201250000003
2018-12-17,2109.3,3365.3,2796.866666666667,2154.065,3357.686,2852.6853333333333
2018-12-18,2267.1,3600.6,2960.4791666666665,2287.978,3548.511,3007.4984583333335
2018-12-19,2332.5,3388.6,2892.4874999999997,2455.948,3383.92,2961.2160416666666
2018-12-20,2269.6,3289.3,2820.070833333333,2298.219,3233.504,2816.778375
2018-12-21,2086.6,3130.4,2674.383333333333,2083.165,3134.891,2700.643125
2018-12-22,1935.0,2915.6,2442.8458333333333,1939.934,2872.121,2438.093625
2018-12-23,2112.1,3026.9,2535.5,2128.212,2953.163,2523.078375
2018-12-24,2165.0,3306.1,2765.7916666666665,2199.484,3069.06,2674.7539166666666
2018-12-25,2201.7,3112.0,2652.7,2180.179,2836.941,2523.7609166666666
2018-12-26,2270.4,3397.2,2872.870833333333,2273.602,3282.046,2809.0325
2018-12-27,2282.7,3407.7,2897.883333333333,2215.35,3280.755,2781.47675
2018-12-28,2274.1,3144.8,2762.8916666666664,2227.818,3105.62,2742.8940416666665
2018-12-29,1990.0,2891.1,2466.4375,2036.131,2812.759,2417.6897916666667
2018-12-30,2223.8,3183.1,2652.1375000000003,2183.914,3025.607,2578.5146250000003
2018-12-31,2214.8,3320.0,2791.620833333333,2232.51,3121.886,2695.617375
2019-01-01,2121.8,3042.2,2562.2125,2105.033,2947.577,2455.749375
2019-01-02,2246.3,3484.9,2911.620833333333,2164.387,3360.976,2819.301708333333
2019-01-03,2302.5,3280.7,2851.0166666666664,2227.906,3242.052,2781.9876666666664
2019-01-04,2352.2,3167.6,2777.5791666666664,2159.751,3117.074,2692.693041666667
2019-01-05,2121.3,2964.0,2570.2083333333335,2087.291,2984.601,2565.2539583333332
2019-01-06,2123.9,3037.6,2571.5291666666667,2138.113,3093.539,2568.2374166666664
2019-01-07,2380.7,3533.5,3013.0,2373.935,3485.849,3000.1835416666668
2019-01-08,2328.4,3328.8,2913.3291666666664,2339.269,3320.181,2925.0246666666667
2019-01-09,2155.9,3316.0,2797.5375,2199.39,3266.719,2794.927125
2019-01-10,2237.1,3389.6,2874.0166666666664,2220.572,3395.184,2892.024625
2019-01-11,2407.7,3525.3,3022.570833333333,2416.269,3512.506,3028.615458333333
2019-01-12,2533.4,3265.3,2879.254166666667,2608.678,3318.501,2965.521708333333
2019-01-13,2479.0,3293.9,2876.3541666666665,2539.697,3336.879,2885.739666666667
2019-01-14,2509.7,3515.2,3043.245833333333,2458.668,3495.538,3054.126
2019-01-15,2445.5,3363.6,2952.775,2469.098,3420.805,2998.9509583333333
2019-01-16,2386.1,3298.8,2887.9375,2397.306,3390.012,2959.4113333333335
2019-01-17,2434.6,3582.2,3058.0750000000003,2382.107,3509.061,3022.5281250000003
2019-01-18,2387.5,3258.0,2902.3333333333335,2407.4,3267.699,2913.9420416666667
2019-01-19,2283.0,3266.0,2788.7041666666664,2290.91,3211.612,2771.134
2019-01-20,2247.7,3398.1,2779.4,2391.533,3424.531,2931.3820416666663
2019-01-21,2627.1,3962.9,3361.4500000000003,2773.834,4067.102,3466.6503749999997
2019-01-22,2793.8,3612.8,3246.0,2889.492,3761.634,3424.2357083333336
2019-01-23,2432.7,3333.0,2993.6583333333333,2515.198,3475.101,3135.2190833333334
2019-01-24,2151.8,3197.2,2763.191666666667,2217.03,3184.336,2785.0108333333333
2019-01-25,2265.8,3233.8,2844.1625,2209.05,3244.417,2811.6621666666665
2019-01-26,2350.2,3158.7,2784.995833333333,2379.334,3104.558,2743.438583333333
2019-01-27,2280.5,2986.3,2610.141666666667,2359.905,3073.738,2649.4870833333334
2019-01-28,2258.0,3460.1,2938.933333333333,2218.016,3461.035,2923.144083333333
2019-01-29,2364.5,3391.6,2955.275,2446.658,3482.296,3055.063083333333
2019-01-30,2252.3,3562.6,2979.183333333333,2322.56,3490.916,3017.8206666666665
2019-01-31,2733.0,3793.5,3345.1666666666665,2849.913,3860.972,3429.6981250000003
2019-02-01,2683.1,3533.9,3199.4791666666665,2894.628,3678.322,3352.427
2019-02-02,2648.9,3269.0,2955.941666666667,2668.145,3301.627,3038.8494166666665
2019-02-03,2427.0,3071.3,2720.3458333333333,2384.445,3200.176,2780.579125
2019-02-04,2293.2,3107.3,2799.7916666666665,2290.247,3072.604,2722.247208333333
2019-02-05,2149.4,3046.3,2693.0041666666666,2083.294,2998.72,2617.4918333333335
2019-02-06,2197.4,3223.1,2781.879166666667,2082.71,3232.222,2720.293
2019-02-07,2213.5,3209.5,2806.054166666667,2212.572,3227.979,2807.34075
2019-02-08,2154.3,3058.0,2712.5125000000003,2154.675,3073.562,2732.913875
2019-02-09,2332.7,3154.4,2735.8624999999997,2345.07,3136.111,2742.793125
2019-02-10,2376.2,3063.9,2699.6541666666667,2415.298,3194.21,2722.6943333333334
2019-02-11,2302.9,3297.5,2904.3583333333336,2333.028,3354.223,2919.006125
2019-02-12,2398.2,3489.6,3023.804166666667,2453.969,3601.705,3107.040625
2019-02-13,2180.9,3173.4,2755.629166666667,2347.791,3289.632,2897.3729583333334
2019-02-14,2221.7,3155.7,2771.2708333333335,2326.357,3237.62,2855.4667916666663
2019-02-15,2223.3,2985.5,2653.733333333333,2288.233,3080.664,2772.786666666667
2019-02-16,2125.4,2838.7,2516.3333333333335,2096.697,2855.863,2478.300875
2019-02-17,2225.5,2904.1,2543.2791666666667,2288.306,2978.625,2569.560791666667
2019-02-18,2246.0,3186.6,2772.775,2299.401,3313.361,2875.9308333333333
2019-02-19,2390.3,3305.0,2893.65,2509.285,3396.749,3037.4094583333335
2019-02-20,2449.4,3255.6,2917.3624999999997,2522.027,3425.592,3073.0045000000005
2019-02-21,2270.6,3021.3,2703.4166666666665,2435.385,3186.591,2864.9066666666663
2019-02-22,2178.1,3082.6,2729.233333333333,2231.329,3037.612,2703.6678333333334
2019-02-23,2230.7,2855.4,2526.8250000000003,2249.943,2942.531,2592.090833333333
2019-02-24,2098.1,2776.0,2437.1291666666666,2190.604,2996.421,2604.8780833333335
2019-02-25,2099.6,3111.3,2679.2625000000003,2163.772,3401.549,2857.5170416666665
2019-02-26,2296.6,3383.9,2922.0333333333333,2451.179,3491.663,3002.8938749999998
2019-02-27,2506.2,3463.3,3027.7666666666664,2603.012,3537.577,3150.4286666666667
2019-02-28,2412.6,3285.1,2924.070833333333,2557.499,3404.003,3058.23875
2019-03-01,2386.2,3191.5,2803.6083333333336,2486.394,3280.575,2895.873208333333
2019-03-02,2222.4,2887.9,2559.5916666666667,2293.354,3098.779,2752.5190416666665
2019-03-03,2161.4,2784.7,2452.4249999999997,2269.058,3014.974,2588.8817083333333
2019-03-04,2169.2,3103.0,2764.1458333333335,2257.542,3282.404,2848.2565
2019-03-05,2350.3,3220.0,2865.4666666666667,2427.886,3333.223,2958.5033333333336
2019-03-06,2367.2,3380.1,2967.195833333333,2446.573,3488.788,3048.5187499999997
2019-03-07,2560.6,3336.8,3020.2041666666664,2584.247,3449.55,3103.932041666667
2019-03-08,2422.4,3291.1,2867.8916666666664,2556.725,3287.6,2974.706583333333
2019-03-09,2267.4,2826.8,2542.9375,2380.99,2907.844,2630.77025
2019-03-10,2132.9,2798.7,2489.1520833333334,2263.656,3046.561,2689.0674583333334
2019-03-11,2067.0,2931.0,2624.9791666666665,2214.041,3022.122,2693.312375
2019-03-12,2135.5,3031.2,2683.391666666667,2201.619,3041.485,2687.5000833333334
2019-03-13,2228.3,3086.5,2703.1916666666666,2225.429,3054.857,2711.3500416666666
2019-03-14,2118.1,2944.6,2616.570833333333,2138.441,2941.134,2637.579875
2019-03-15,1961.7,2777.4,2506.5625,2063.578,2830.102,2537.413
2019-03-16,1911.4,2620.5,2295.975,1917.858,2666.107,2304.9746666666665
2019-03-17,2136.0,2828.1,2444.1375000000003,2108.516,2825.671,2419.829375
2019-03-18,2160.7,3069.6,2725.225,2185.888,3029.463,2683.23975
2019-03-19,2164.9,3081.5,2695.5,2208.389,3008.795,2678.6204583333333
2019-03-20,2160.0,3059.1,2631.891666666667,2193.427,2999.382,2623.583
2019-03-21,2093.0,2935.2,2629.9500000000003,2100.754,2894.458,2598.838
2019-03-22,2046.8,2882.2,2598.1458333333335,2050.126,3013.648,2673.9230000000002
2019-03-23,2078.1,2708.2,2394.0666666666666,2134.693,2701.605,2443.0596666666665
2019-03-24,2096.6,2667.4,2360.3125,2139.811,2694.412,2355.491625
2019-03-25,1985.5,2905.7,2569.7083333333335,1970.11,2884.32,2510.2687499999997
2019-03-26,2144.8,3059.7,2675.8333333333335,2106.808,2950.611,2601.509666666667
2019-03-27,2179.2,3093.9,2653.8375,2188.541,2971.638,2621.9665833333333
2019-03-28,2122.2,2943.2,2586.929166666667,2150.945,2895.033,2562.749458333333
2019-03-29,2016.4,2816.7,2508.5375,2008.573,2852.94,2533.4486666666667
2019-03-30,1942.6,2459.9,2238.3083333333334,1941.348,2519.818,2260.2637916666667
2019-03-31,1827.8,2522.2,2177.2374999999997,1859.46,2655.961,2269.0117916666663
2019-04-01,1946.7,2900.2,2523.2541666666666,1953.832,2899.331,2512.882708333333
2019-04-02,2113.3,2917.8,2544.5333333333333,2122.93,2878.359,2549.6450416666667
2019-04-03,2036.2,2850.9,2495.1625,2013.111,2897.31,2516.973791666667
2019-04-04,2010.2,2812.5,2486.0291666666667,2017.502,2823.05,2496.252875
2019-04-05,2113.2,2936.0,2594.4916666666663,2078.286,2811.166,2545.451416666667
2019-04-06,1953.1,2457.5,2236.5125000000003,2038.048,2488.983,2281.8205833333336
2019-04-07,1876.8,2613.1,2205.141666666667,1884.35,2570.71,2193.1269583333333
2019-04-08,1824.4,2818.4,2466.920833333333,1837.524,2925.528,2555.218208333333
2019-04-09,1946.2,2911.2,2565.2083333333335,2033.743,2990.657,2657.5962916666667
2019-04-10,2023.9,2848.6,2518.5291666666667,2044.24,2894.927,2577.070875
2019-04-11,2006.7,2769.5,2453.4666666666667,2103.875,2789.128,2511.7653333333333
2019-04-12,1950.3,2771.7,2470.3125,1983.22,2857.898,2522.7180000000003
2019-04-13,1836.8,2468.0,2196.358333333333,1912.268,2516.841,2267.0260833333336
2019-04-14,1798.2,2560.5,2182.0875,1823.933,2486.186,2147.8701666666666
2019-04-15,1829.1,3006.1,2574.2833333333333,1832.915,2698.961,2382.4744166666665
2019-04-16,1935.0,2781.8,2448.4708333333333,1902.415,2662.514,2375.1852916666667
2019-04-17,1972.9,2676.3,2396.775,1908.132,2620.592,2356.166291666667
2019-04-18,1918.7,2775.5,2456.516666666667,1878.821,2800.139,2481.956583333333
2019-04-19,1857.2,2875.0,2505.7791666666667,1921.899,2773.703,2478.9640416666666
2019-04-20,2015.4,2593.7,2354.625,1933.828,2689.72,2382.4859166666665
2019-04-21,1848.9,2583.8,2185.7833333333333,1856.92,2525.007,2204.7192083333334
2019-04-22,1831.4,2691.4,2392.6583333333333,1817.946,2821.68,2442.4363749999998
2019-04-23,1842.8,2733.3,2413.2833333333333,1868.508,2735.128,2444.7165
2019-04-24,1848.9,2630.8,2352.0583333333334,1882.481,2689.813,2413.6372916666664
2019-04-25,1890.0,2654.0,2350.25,1865.185,2646.412,2357.1503749999997
2019-04-26,1829.6,2769.1,2414.8708333333334,1856.726,2791.552,2476.1445
2019-04-27,1828.9,2500.5,2195.2625000000003,1907.14,2517.198,2256.535125
2019-04-28,1816.9,2551.1,2162.9249999999997,1905.124,2589.41,2229.9233333333336
2019-04-29,1913.8,2760.1,2411.0750000000003,1911.299,2663.976,2388.171
2019-04-30,1870.6,2805.4,2459.3875000000003,1850.407,2766.375,2456.5165
2019-05-01,1881.5,2722.9,2418.4791666666665,1921.21,2741.841,2457.2782916666665
2019-05-02,1847.3,2863.4,2506.9416666666666,1872.327,2802.212,2487.1990833333334
2019-05-03,1936.5,2755.7,2452.3708333333334,1911.513,2712.801,2432.879375
2019-05-04,1852.3,2473.8,2224.6833333333334,1837.976,2428.91,2209.1736666666666
2019-05-05,1791.1,2529.5,2203.525,1808.271,2535.747,2194.7605
2019-05-06,1849.3,2675.4,2371.858333333333,1836.665,2630.662,2358.9579583333334
2019-05-07,1838.9,2714.4,2388.1916666666666,1838.791,2768.882,2404.3884583333333
2019-05-08,1824.7,2728.3,2372.883333333333,1807.922,2628.121,2333.4328333333333
2019-05-09,1892.8,2704.1,2398.883333333333,1803.061,2594.697,2309.104041666667
2019-05-10,1819.3,2762.5,2423.525,1803.629,2704.523,2395.133875
2019-05-11,1785.2,2356.2,2114.679166666667,1809.939,2388.457,2118.5927916666665
2019-05-12,1756.7,2549.9,2201.7208333333333,1753.769,2516.607,2169.4463333333333
2019-05-13,1844.1,2824.1,2440.1583333333333,1842.696,2781.543,2409.072541666667
2019-05-14,1971.1,2897.9,2557.1583333333333,1905.462,2787.658,2491.301
2019-05-15,1887.3,2658.7,2403.9083333333333,1913.162,2651.731,2409.901375
2019-05-16,1825.3,2668.4,2361.179166666667,1841.902,2653.188,2378.5110833333333
2019-05-17,1830.2,2658.2,2349.1208333333334,1820.588,2782.417,2436.250833333333
2019-05-18,1782.3,2398.0,2112.025,1811.635,2388.598,2135.78125
2019-05-19,1755.8,2601.3,2168.2833333333333,1767.279,2583.135,2170.8174583333334
2019-05-20,1866.0,3340.7,2681.8708333333334,1915.937,3313.728,2735.7138333333332
2019-05-21,1966.3,2757.9,2440.9125,1916.957,2711.756,2421.777625
2019-05-22,1798.2,2696.8,2356.0666666666666,1800.361,2670.557,2353.8351666666667
2019-05-23,1819.7,2862.1,2447.2708333333335,1788.223,2764.23,2399.216375
2019-05-24,1831.3,2701.9,2356.5583333333334,1870.889,2726.283,2393.2856666666667
2019-05-25,1748.1,2468.1,2143.070833333333,1757.076,2394.946,2123.56075
2019-05-26,1825.1,2754.4,2295.5583333333334,1744.38,2732.629,2267.154375
2019-05-27,1818.2,2668.5,2294.5666666666666,1928.968,2684.663,2358.9392916666666
2019-05-28,1815.1,2836.5,2428.9416666666666,1835.434,2737.956,2402.8205000000003
2019-05-29,1867.2,2695.4,2404.516666666667,1792.86,2679.63,2383.9457500000003
2019-05-30,1847.4,2728.8,2414.4625,1807.661,2736.791,2400.778625
2019-05-31,1875.4,2777.1,2413.0208333333335,1840.198,2814.931,2432.7304166666668
2019-06-01,1821.5,2477.1,2192.304166666667,1824.503,2413.248,2194.739958333333
2019-06-02,1774.9,2483.5,2184.5583333333334,1775.72,2571.702,2163.842416666667
2019-06-03,1826.2,2700.6,2362.7374999999997,1810.613,2703.33,2363.4032083333336
2019-06-04,1816.7,2748.4,2372.0583333333334,1766.063,2699.724,2363.4980416666667
2019-06-05,1816.2,2960.6,2515.008333333333,1817.966,3180.551,2621.654
2019-06-06,2075.9,3036.5,2674.929166666667,2100.729,3134.079,2761.9656250000003
2019-06-07,1872.8,2886.7,2454.4708333333333,2004.086,3088.941,2649.5382083333334
2019-06-08,1790.2,2501.7,2196.6541666666667,1947.16,2760.338,2389.0350416666665
2019-06-09,1777.3,2642.4,2219.5499999999997,1834.007,2874.246,2351.8913749999997
2019-06-10,1804.1,2977.3,2494.9500000000003,1876.862,3272.146,2695.323
2019-06-11,2007.1,3018.3,2629.9125,2162.922,3266.822,2811.7185000000004
2019-06-12,1879.7,3020.1,2555.0208333333335,1891.218,3088.87,2583.9380833333335
2019-06-13,1888.4,2898.8,2505.616666666667,1886.465,2773.874,2442.2944166666666
2019-06-14,1906.6,2931.7,2537.1,1809.462,2796.781,2420.366
2019-06-15,1843.3,2808.0,2358.295833333333,1816.898,2722.154,2326.8555833333335
2019-06-16,1979.7,2848.2,2474.3875000000003,1978.253,2712.626,2412.8255
2019-06-17,2058.6,3279.8,2788.9375,2036.154,3196.414,2741.491583333333
2019-06-18,2128.7,3101.9,2739.3375,2086.911,3174.035,2755.587833333333
2019-06-19,2024.6,3024.1,2655.4125,2028.243,3198.97,2750.7324166666663
2019-06-20,2041.8,2991.1,2628.866666666667,2088.925,3137.905,2758.4926666666665
2019-06-21,2120.0,3068.7,2697.2166666666667,2051.183,3056.64,2641.071375
2019-06-22,1889.0,2720.3,2371.6875,1895.219,2717.783,2358.8845
2019-06-23,1859.2,3035.7,2436.4666666666667,1868.584,3064.469,2462.8871249999997
2019-06-24,2108.3,3278.9,2809.9249999999997,2101.852,3469.948,2876.557125
2019-06-25,2086.8,3276.9,2822.866666666667,2069.841,3294.788,2831.44425
2019-06-26,2150.0,3603.1,2935.0833333333335,2186.325,3505.257,2928.7257083333334
2019-06-27,2089.1,3642.3,2913.2999999999997,2085.034,3463.148,2894.1529583333336
2019-06-28,2106.0,3842.7,3033.9625,2174.923,3874.131,3121.869
2019-06-29,2164.0,3248.7,2785.695833333333,2374.405,3440.022,2938.642333333333
2019-06-30,2170.8,2870.3,2574.9791666666665,2164.061,2901.605,2597.5743333333335
2019-07-01,2082.3,3555.5,2863.1458333333335,2025.771,3574.072,2897.582
2019-07-02,2246.1,4072.0,3207.35,2274.546,3838.295,3125.7392916666668
2019-07-03,2355.5,4094.7,3286.4625,2365.546,4019.997,3298.7495833333337
2019-07-04,2350.3,3767.0,3079.945833333333,2417.325,3576.743,3054.1619166666665
2019-07-05,2448.9,4217.9,3353.7333333333336,2449.074,4141.22,3345.725875
2019-07-06,2608.1,3988.2,3359.7875,2622.604,4261.445,3404.351041666667
2019-07-07,2425.8,3171.5,2803.6375000000003,2446.442,3177.304,2780.050041666667
2019-07-08,2138.7,3702.4,2964.7208333333333,2178.348,3607.043,2953.1967916666667
2019-07-09,2204.2,4024.2,3166.8624999999997,2200.936,3942.31,3149.7398749999998
2019-07-10,2385.2,4153.1,3354.245833333333,2382.681,4150.487,3372.3327083333334
2019-07-11,2520.6,4221.7,3407.2625000000003,2520.137,4122.769,3375.9595416666666
2019-07-12,2526.7,4184.1,3431.8416666666667,2516.542,4068.055,3353.8415416666667
2019-07-13,2379.9,3805.3,3068.6583333333333,2431.569,3740.481,3134.192333333333
2019-07-14,2370.8,3575.0,2981.8250000000003,2488.535,3906.294,3261.213208333333
2019-07-15,2322.8,3905.9,3173.15,2477.144,3975.691,3269.0691666666667
2019-07-16,2369.0,4217.8,3333.2958333333336,2339.017,4104.534,3363.366666666667
2019-07-17,2589.3,4513.4,3657.366666666667,2767.318,4598.337,3691.525916666667
2019-07-18,2647.2,3563.6,3204.6625,2534.801,3341.479,3092.1307916666665
2019-07-19,2224.0,4438.0,3379.0875,2187.911,4594.26,3436.415125
2019-07-20,2752.8,4592.1,3752.8250000000003,3092.326,4785.789,4055.257833333333
2019-07-21,2903.7,4666.4,3835.0458333333336,3175.065,4728.27,4020.942333333333
2019-07-22,2860.4,4127.9,3525.8916666666664,2769.434,4199.038,3568.0442500000004
2019-07-23,2412.6,3461.2,2999.9708333333333,2332.128,3117.391,2830.9277500000003
2019-07-24,2211.7,3553.5,2912.6083333333336,2159.503,3554.077,2934.1654583333334
2019-07-25,2207.7,3615.9,2982.804166666667,2188.534,3628.665,2995.0279166666664
2019-07-26,2309.1,3971.3,3181.0499999999997,2270.864,3925.668,3177.5784166666667
2019-07-27,2267.6,3394.9,2847.933333333333,2317.953,3495.031,2954.1828333333337
2019-07-28,2134.2,3939.7,3024.8416666666667,2252.02,4094.422,3210.080875
2019-07-29,2623.3,4589.2,3690.4500000000003,2873.72,4809.597,3942.9642916666667
2019-07-30,2827.7,4877.8,3946.5625,2989.272,4995.414,4109.972875
2019-07-31,2789.7,4582.8,3789.2708333333335,3063.827,4862.239,3843.11975
2019-08-01,2721.6,4252.1,3567.508333333333,2634.763,4107.625,3419.3781249999997
2019-08-02,2370.7,4007.0,3232.0,2337.413,3781.23,3104.8283749999996
2019-08-03,2412.3,3748.9,3089.2833333333333,2345.984,3522.673,3009.575375
2019-08-04,2409.9,3461.7,2921.4666666666667,2460.608,3567.769,3042.5495833333334
2019-08-05,2286.7,3800.9,3077.4,2216.321,3644.213,2976.234958333333
2019-08-06,2368.0,4067.9,3302.745833333333,2263.842,3681.2,3112.56125
2019-08-07,2477.1,4260.4,3469.9,2402.521,4042.734,3349.9594583333333
2019-08-08,2520.5,4070.0,3340.15,2512.698,4179.444,3402.0935833333333
2019-08-09,2483.7,3857.5,3183.558333333333,2405.026,3783.189,3150.017875
2019-08-10,2250.1,3016.7,2654.0583333333334,2191.763,2959.144,2624.282625
2019-08-11,1995.9,3053.6,2518.75,1973.676,2979.267,2480.3266666666664
2019-08-12,2143.0,3921.6,3080.7083333333335,2150.697,3839.389,3057.561833333333
2019-08-13,2411.1,3803.8,3223.4874999999997,2479.352,3809.37,3277.399708333333
2019-08-14,2458.0,3597.3,3084.1625,2452.054,3510.377,3029.1876666666667
2019-08-15,2184.2,3457.1,2911.2625000000003,2173.959,3450.374,2885.2282083333334
2019-08-16,2201.6,3419.4,2894.0499999999997,2184.231,3512.339,2928.4781666666663
2019-08-17,2224.6,3208.5,2764.7041666666664,2284.242,3167.467,2785.961625
2019-08-18,2260.6,3533.8,2925.0916666666667,2342.402,3710.613,3054.5551666666665
2019-08-19,2486.9,4545.1,3612.15,2744.572,4799.071,3740.8799583333334
2019-08-20,2666.9,4206.4,3470.5333333333333,2638.051,4138.991,3422.2315416666665
2019-08-21,2476.2,4204.8,3460.0416666666665,2440.758,4189.291,3409.9427083333335
2019-08-22,2580.3,4327.1,3495.875,2530.033,4492.244,3597.4244999999996
2019-08-23,2410.1,3506.4,3036.8541666666665,2462.389,3416.103,3017.475291666667
2019-08-24,2117.3,2897.2,2511.375,2022.55,2740.895,2436.5910833333332
2019-08-25,2019.2,2716.7,2395.4375,1981.613,2569.187,2294.7858333333334
2019-08-26,2040.5,3128.7,2671.0625,1868.067,2971.511,2514.0020416666666
2019-08-27,1992.7,3210.4,2680.2791666666667,1900.407,3037.215,2580.148166666667
2019-08-28,2054.6,3433.6,2855.941666666667,2016.101,3304.691,2784.5
2019-08-29,2336.0,3662.6,3039.1749999999997,2226.532,3702.277,3013.5915
2019-08-30,2183.3,3728.6,3001.7000000000003,2119.197,3732.096,2972.7428333333332
2019-08-31,2070.3,2864.1,2479.3375,2146.58,2922.899,2571.6531666666665
2019-09-01,1947.7,2684.1,2336.8958333333335,1936.325,2614.733,2320.5717083333334
2019-09-02,1991.4,2992.5,2532.3125,1986.117,3041.183,2542.706833333333
2019-09-03,2118.4,3372.9,2845.6875,2126.278,3412.135,2851.5750000000003
2019-09-04,2159.5,3754.7,3039.129166666667,2135.108,3822.035,3049.123125
2019-09-05,2137.3,3046.6,2688.775,2114.209,2942.578,2626.6806666666666
2019-09-06,1996.7,2948.0,2576.704166666667,1910.803,2893.267,2513.268625
2019-09-07,1958.4,2533.9,2310.804166666667,1848.994,2602.078,2273.1421666666665
2019-09-08,1839.8,2663.4,2269.420833333333,1848.05,2755.43,2288.1394999999998
2019-09-09,1859.6,2935.0,2479.2291666666665,1895.058,2960.349,2545.606208333333
2019-09-10,1940.9,3055.1,2623.8958333333335,1960.424,3044.568,2648.797958333333
2019-09-11,2062.4,3852.7,3016.366666666667,2089.245,3824.648,3061.13975
2019-09-12,2134.0,3011.2,2681.108333333333,2132.71,3018.564,2699.327041666667
2019-09-13,1883.5,2730.8,2412.6749999999997,1842.549,2694.331,2383.4750416666666
2019-09-14,1824.0,2641.3,2283.2791666666667,1795.201,2647.143,2286.677666666667
2019-09-15,1969.7,2892.2,2417.1833333333334,1960.597,2924.619,2426.186
2019-09-16,1994.5,3087.8,2657.2625000000003,1979.48,2969.686,2549.378041666667
2019-09-17,1890.5,2839.3,2474.795833333333,1837.593,2805.086,2449.7627916666665
2019-09-18,1910.7,2816.0,2476.6208333333334,1849.782,2698.698,2375.4988749999998
2019-09-19,1895.2,2794.6,2435.5375,1783.344,2730.072,2360.8489166666664
2019-09-20,1902.7,3084.1,2526.9083333333333,1790.986,2929.227,2448.184291666667
2019-09-21,1877.2,2953.6,2407.679166666667,1871.418,2928.011,2442.2265
2019-09-22,1955.6,3255.5,2559.3416666666667,1955.375,3244.776,2588.2789583333333
2019-09-23,2195.0,3833.4,3087.7291666666665,2207.789,4081.26,3249.9232083333336
2019-09-24,2253.3,3283.2,2840.6416666666664,2294.88,3304.084,2895.582
2019-09-25,1977.1,3049.5,2591.329166666667,1920.15,2979.0,2547.9655
2019-09-26,1894.5,3161.7,2596.420833333333,1879.161,3180.922,2627.3751666666667
2019-09-27,1844.3,2843.6,2422.2291666666665,1883.355,2894.975,2478.7064166666664
2019-09-28,1807.8,2787.3,2330.7374999999997,1840.499,2812.881,2387.4784999999997
2019-09-29,2013.1,2677.7,2306.608333333333,2064.495,2718.601,2386.601708333333
2019-09-30,1852.9,2905.7,2407.1,1797.912,2753.08,2377.3449166666664
2019-10-01,1794.0,2988.1,2492.204166666667,1825.817,2967.527,2535.4628333333335
2019-10-02,2035.1,3153.0,2670.545833333333,2076.393,3208.762,2716.4086666666667
2019-10-03,1790.2,2792.5,2410.829166666667,1814.776,2735.206,2389.4892916666668
2019-10-04,1876.2,2734.4,2394.5625,1817.519,2643.997,2349.8275
2019-10-05,1838.9,2565.4,2182.4708333333333,1807.092,2455.989,2145.1249166666666
2019-10-06,1815.2,2660.9,2191.170833333333,1803.135,2662.854,2219.525291666667
2019-10-07,1892.2,3058.6,2603.795833333333,1907.503,3088.435,2608.963708333333
2019-10-08,1886.1,2958.8,2512.9,1896.138,2805.01,2463.329875
2019-10-09,1776.7,2897.8,2433.725,1817.966,2806.006,2429.4329583333333
2019-10-10,1834.0,2873.8,2460.358333333333,1828.799,2818.524,2448.78775
2019-10-11,1776.3,2862.1,2434.9625,1844.788,2756.154,2432.2994166666667
2019-10-12,1825.1,2601.7,2209.5499999999997,1840.235,2505.087,2228.661541666667
2019-10-13,1746.2,2579.5,2128.5916666666667,1799.502,2499.533,2133.1222916666666
2019-10-14,1770.0,2840.4,2358.375,1796.899,2799.69,2339.3481666666667
2019-10-15,1783.4,2728.2,2325.3166666666666,1799.333,2779.944,2368.4080416666666
2019-10-16,1824.6,2902.4,2406.5875,1827.803,2834.774,2422.192375
2019-10-17,1886.8,2860.3,2481.8458333333333,1854.34,2765.905,2380.610041666667
2019-10-18,1856.6,2701.7,2373.7166666666667,1837.865,2699.445,2387.2045833333336
2019-10-19,1857.1,2445.1,2135.0958333333333,1857.189,2501.379,2193.748916666667
2019-10-20,1845.7,2577.6,2165.6208333333334,1835.177,2642.706,2203.2107499999997
2019-10-21,1817.4,2807.8,2378.6541666666667,1819.833,2804.633,2399.039458333333
2019-10-22,1857.5,2982.4,2504.2916666666665,1827.427,2848.05,2442.0469583333334
2019-10-23,1894.6,2839.5,2462.945833333333,1866.583,2798.682,2438.025208333333
2019-10-24,1835.5,2810.8,2365.0625,1824.999,2798.84,2401.246791666667
2019-10-25,1815.9,2748.1,2374.6875,1816.912,2723.383,2392.201875
2019-10-26,1822.4,2570.8,2169.1541666666667,1809.215,2510.77,2173.0282083333336
2019-10-27,1819.3,2619.1,2230.9874999999997,1804.589,2736.781,2284.0682083333336
2019-10-28,1798.5,2924.5,2419.9583333333335,1843.034,2869.847,2465.1924583333334
2019-10-29,1863.2,2949.4,2480.7374999999997,1852.655,2864.399,2468.507958333333
2019-10-30,1822.9,2919.5,2469.1291666666666,1847.379,2873.021,2478.950875
2019-10-31,1889.5,3010.9,2571.2208333333333,1893.642,3007.721,2594.942791666667
2019-11-01,2000.3,2781.0,2423.1916666666666,2028.192,2714.39,2399.680625
2019-11-02,1902.6,2609.8,2239.420833333333,1887.632,2590.348,2250.6672083333333
2019-11-03,1869.7,2748.1,2245.920833333333,1903.845,2728.476,2271.6053333333334
2019-11-04,1939.9,3163.2,2550.508333333333,1931.422,2959.9,2488.8907083333334
2019-11-05,1928.8,3121.5,2547.7374999999997,1925.187,2980.868,2528.21025
2019-11-06,1874.1,3102.4,2487.5916666666667,1896.23,2941.032,2472.7964583333332
2019-11-07,1919.6,2983.6,2532.641666666667,1972.484,2971.211,2563.1515
2019-11-08,1985.7,3123.4,2592.4125,1994.648,3183.406,2653.7606666666666
2019-11-09,2084.6,2869.7,2442.2458333333334,2226.749,2886.878,2540.3136250000002
2019-11-10,1988.6,2822.3,2357.883333333333,2139.229,2798.696,2423.501041666667
2019-11-11,1925.5,3051.7,2540.7916666666665,2002.43,3063.176,2586.5805833333334
2019-11-12,1959.5,3261.5,2690.525,2001.751,3282.274,2743.6326666666664
2019-11-13,2219.7,3365.1,2814.308333333333,2339.88,3429.374,2937.7219583333335
2019-11-14,2285.9,3230.7,2811.495833333333,2407.248,3251.106,2898.14675
2019-11-15,2143.4,3047.1,2619.383333333333,2223.075,3039.456,2673.990166666667
2019-11-16,2194.1,3022.7,2567.8333333333335,2165.831,3011.804,2600.105
2019-11-17,2153.7,2923.6,2495.8333333333335,2318.498,3115.438,2697.393625
2019-11-18,2067.5,3276.8,2766.2916666666665,2188.258,3287.671,2840.670708333333
2019-11-19,2079.0,3150.0,2714.133333333333,2115.767,3146.555,2716.3729583333334
2019-11-20,2045.8,3258.7,2728.204166666667,2079.743,3214.135,2745.610958333333
2019-11-21,2115.5,3046.8,2613.0125000000003,2161.047,3095.914,2675.462625
2019-11-22,2035.4,2988.6,2562.25,2077.791,3079.743,2661.9254583333336
2019-11-23,2112.6,2822.5,2412.5833333333335,2143.358,2862.758,2503.016291666667
2019-11-24,2032.2,3024.1,2492.133333333333,2064.313,3025.841,2564.426375
2019-11-25,2088.7,3119.9,2637.366666666667,2116.145,3084.909,2652.7033333333334
2019-11-26,2013.1,2974.6,2572.8333333333335,2059.371,2998.516,2589.1925
2019-11-27,1970.6,2960.2,2578.3458333333333,2010.564,2997.759,2580.105958333333
2019-11-28,2062.9,2797.1,2490.3416666666667,1943.701,2772.277,2410.4842083333333
2019-11-29,2134.9,3006.7,2588.2125,2141.517,3027.924,2584.2004166666666
2019-11-30,2167.6,2937.0,2546.0833333333335,2243.955,3015.895,2630.999875
2019-12-01,2257.6,3117.3,2615.670833333333,2331.297,3264.9,2767.6067500000004
2019-12-02,2218.0,3369.1,2839.9625,2264.329,3476.642,2954.9228333333335
2019-12-03,2374.7,3370.1,2915.9249999999997,2371.467,3476.928,2991.7395416666664
2019-12-04,2307.7,3231.0,2818.933333333333,2348.26,3332.293,2929.012583333333
2019-12-05,2269.1,3283.8,2815.245833333333,2254.839,3277.714,2844.491125
2019-12-06,2301.3,3318.9,2875.8458333333333,2304.742,3355.784,2936.9769166666665
2019-12-07,2267.7,3102.9,2699.358333333333,2324.509,3173.676,2778.0567083333335
2019-12-08,2408.8,3141.9,2734.9708333333333,2443.655,3239.361,2804.6422916666666
2019-12-09,2183.7,3275.1,2812.6,2237.697,3223.057,2814.682458333333
2019-12-10,2115.2,3195.1,2688.4041666666667,2017.732,3095.737,2637.965875
2019-12-11,2158.1,3288.4,2807.7041666666664,2104.841,3379.665,2867.1643750000003
2019-12-12,2340.1,3473.9,2936.4375,2356.929,3436.32,2984.741375
2019-12-13,2406.6,3259.5,2882.0499999999997,2386.923,3279.138,2914.8084583333334
2019-12-14,2131.8,2824.9,2506.866666666667,2129.521,2895.718,2545.686833333333
2019-12-15,2008.1,2913.4,2424.1124999999997,2013.896,3068.159,2516.8990416666666
2019-12-16,2179.3,3314.5,2806.8541666666665,2261.623,3465.877,2955.9555416666667
2019-12-17,2301.1,3461.3,2968.1416666666664,2334.886,3515.29,3035.2336666666665
2019-12-18,2307.5,3460.4,2915.758333333333,2367.582,3391.085,2962.0890416666666
2019-12-19,2489.2,3582.7,3097.5166666666664,2561.473,3697.591,3226.7382083333337
2019-12-20,2539.6,3484.9,3079.7833333333333,2672.081,3527.692,3167.9474166666664
2019-12-21,2449.6,3273.3,2867.491666666667,2558.627,3202.42,2901.7936250000002
2019-12-22,2297.0,3078.7,2652.8541666666665,2338.852,3068.84,2689.7071666666666
2019-12-23,2231.3,3271.7,2800.35,2259.672,3106.692,2726.6857083333334
2019-12-24,2226.4,3166.1,2752.2791666666667,2087.942,2989.833,2600.572125
2019-12-25,2264.5,3033.0,2676.9791666666665,2222.472,2765.598,2517.3435
2019-12-26,2222.1,3368.1,2831.8250000000003,2188.459,3224.408,2729.7772916666668
2019-12-27,2246.5,3199.2,2772.4625,2198.45,3039.609,2691.1172083333336
2019-12-28,2123.2,2973.3,2541.8416666666667,2057.538,2786.018,2430.121833333333
2019-12-29,2164.7,3025.5,2555.7541666666666,2132.106,2894.464,2477.8689583333335
2019-12-30,2161.9,3465.3,2880.9166666666665,2130.243,3321.022,2818.183833333333
2019-12-31,2103.1,3206.9,2712.7708333333335,2197.022,3156.144,2720.2128333333335
2020-01-01,2202.0,3009.6,2573.8875000000003,2177.418,3032.412,2547.7052916666667
2020-01-02,2258.8,3277.5,2791.504166666667,2186.958,3174.955,2733.41775
2020-01-03,2169.1,3174.0,2743.6375000000003,2098.111,3049.748,2650.3166666666666
2020-01-04,2154.0,2902.5,2551.483333333333,2013.155,2868.048,2490.501708333333
2020-01-05,2162.9,3031.8,2555.9874999999997,2099.569,3096.325,2555.1064166666665
2020-01-06,2311.4,3348.3,2891.5875,2268.495,3318.687,2869.3620833333334
2020-01-07,2288.8,3394.5,2864.254166666667,2188.493,3228.187,2759.7476666666666
2020-01-08,2308.7,3363.8,2863.0958333333333,2186.601,3280.006,2796.8055416666666
2020-01-09,2392.3,3513.9,3000.808333333333,2379.683,3438.485,2974.0193333333336
2020-01-10,2338.2,3148.2,2798.429166666667,2314.649,3139.922,2808.084875
2020-01-11,2063.6,2767.3,2437.1875,2010.105,2708.667,2366.6068333333333
2020-01-12,1960.4,2736.9,2340.9249999999997,1914.498,2725.697,2293.075375
2020-01-13,2109.0,3215.5,2720.491666666667,1977.992,3198.763,2713.6664583333336
2020-01-14,2139.7,3229.8,2759.445833333333,2123.289,3167.072,2723.4462083333333
2020-01-15,2150.7,3142.2,2688.883333333333,2085.903,3079.376,2643.6010833333335
2020-01-16,2208.6,3281.8,2806.7166666666667,2106.637,3252.531,2760.8013333333333
2020-01-17,2454.1,3655.2,3108.258333333333,2390.612,3535.847,3058.1265416666665
2020-01-18,2581.9,3236.0,2912.8416666666667,2629.442,3368.514,3017.305208333333
2020-01-19,2296.4,3071.5,2630.3375,2429.972,3051.041,2721.001291666667
2020-01-20,2379.6,3478.2,2980.7041666666664,2455.58,3505.521,3024.2622499999998
2020-01-21,2553.8,3618.7,3119.366666666667,2549.502,3540.556,3127.117708333333
2020-01-22,2497.1,3411.9,2989.3624999999997,2561.639,3384.264,3030.2855833333338
2020-01-23,2396.6,3318.8,2903.5791666666664,2399.244,3237.92,2884.25
2020-01-24,2290.8,3189.3,2792.9500000000003,2258.896,3103.865,2739.361666666667
2020-01-25,2178.5,2966.0,2599.275,2130.497,2912.456,2563.296333333333
2020-01-26,2116.1,2899.8,2471.275,2021.423,2903.763,2411.4754583333333
2020-01-27,2167.7,3244.5,2785.7041666666664,2096.831,3144.849,2688.147916666667
2020-01-28,2230.5,3310.7,2835.245833333333,2102.561,3224.09,2756.949375
2020-01-29,2312.1,3363.9,2876.2291666666665,2215.709,3206.696,2769.655625
2020-01-30,2435.6,3374.6,2938.0875,2336.921,3286.834,2874.360666666667
2020-01-31,2382.0,3181.7,2827.008333333333,2334.877,3127.739,2777.161541666667
2020-02-01,2257.2,2926.5,2628.625,2178.454,2925.109,2598.531125
2020-02-02,2237.5,2952.1,2572.2083333333335,2134.575,2993.321,2535.8672083333336
2020-02-03,2204.8,3178.2,2721.5958333333333,2192.93,3115.849,2711.2282083333334
2020-02-04,2177.2,3236.0,2798.8250000000003,2158.505,3083.737,2709.481375
2020-02-05,2132.9,3303.6,2819.191666666667,2074.081,3144.697,2709.643791666667
2020-02-06,2299.3,3234.2,2866.941666666667,2200.692,3230.546,2834.1913333333337
2020-02-07,2213.3,3133.5,2785.883333333333,2196.915,3153.345,2807.2592916666667
2020-02-08,2339.0,3129.8,2738.2125,2327.227,3089.528,2714.9914166666667
2020-02-09,2424.7,3139.7,2736.9375,2415.399,3142.464,2724.974625
2020-02-10,2237.0,3219.0,2835.9791666666665,2194.97,3168.1,2785.2821249999997
2020-02-11,2201.2,3235.1,2798.525,2107.506,3161.336,2756.0031249999997
2020-02-12,2111.1,3154.1,2719.6124999999997,2135.19,3090.953,2678.882416666667
2020-02-13,2162.7,3213.0,2812.2666666666664,2156.969,3188.155,2797.8510833333335
2020-02-14,2238.1,3483.8,2952.8250000000003,2203.071,3329.505,2869.716291666667
2020-02-15,2632.9,3234.3,2914.5750000000003,2626.607,3143.421,2872.6045833333333
2020-02-16,2367.9,3042.4,2656.225,2376.168,2932.321,2638.078791666667
2020-02-17,2257.0,3126.3,2721.9041666666667,2226.781,3054.118,2626.2197499999997
2020-02-18,2312.3,3318.6,2888.5750000000003,2243.861,3233.598,2827.215125
2020-02-19,2153.6,3331.8,2776.6041666666665,2159.852,3106.604,2678.8378333333335
2020-02-20,2391.4,3441.2,2964.7625000000003,2311.346,3228.9,2845.8637916666667
2020-02-21,2468.2,3337.8,2958.8375,2467.974,3208.908,2908.1536666666666
2020-02-22,2392.4,2925.1,2622.525,2364.251,2847.735,2570.7205416666666
2020-02-23,2282.1,2793.2,2500.429166666667,2209.7,2832.028,2430.9260416666666
2020-02-24,2184.0,3116.9,2650.170833333333,2115.116,2919.518,2567.6736666666666
2020-02-25,2126.9,3156.7,2708.2833333333333,1978.578,2932.804,2537.602125
2020-02-26,2074.0,3131.1,2687.2083333333335,1998.704,2984.445,2574.8830416666665
2020-02-27,2068.2,2942.5,2618.4291666666663,2057.719,3109.991,2658.150666666667
2020-02-28,2283.1,3188.3,2765.3875000000003,2257.536,3077.067,2730.84075
2020-02-29,2288.3,3016.6,2641.9874999999997,2267.126,3009.439,2628.5747916666664
2020-03-01,2311.8,3022.3,2605.6833333333334,2372.479,3087.343,2644.9162499999998
2020-03-02,2319.0,3228.3,2820.320833333333,2246.01,3022.779,2711.246291666667
2020-03-03,2151.6,3059.1,2656.1625,2006.091,2847.875,2475.3615416666667
2020-03-04,2036.4,3020.2,2590.85,1925.151,2959.959,2511.5997916666665
2020-03-05,2171.7,3074.8,2664.8375,2049.13,2894.159,2518.6980416666665
2020-03-06,2139.6,3082.2,2677.2875,2072.927,2963.987,2582.733833333333
2020-03-07,2168.1,2807.7,2465.225,2152.683,2802.652,2463.889791666667
2020-03-08,2208.5,2720.6,2384.6437499999997,2171.093,2732.86,2384.415375
2020-03-09,2034.6,2834.7,2478.391666666667,1990.102,2781.433,2461.963375
2020-03-10,1904.1,2856.7,2443.5041666666666,1850.848,2770.777,2410.4370833333332
2020-03-11,1901.8,2858.1,2440.9041666666667,1831.549,2779.485,2381.680041666667
2020-03-12,2048.4,2872.4,2531.7791666666667,1960.09,2857.572,2527.3019583333335
2020-03-13,2016.3,2854.2,2551.4,1989.132,2915.649,2542.108291666667
2020-03-14,1990.3,2666.9,2304.204166666667,1960.788,2620.802,2276.9192083333332
2020-03-15,2021.3,2769.6,2344.383333333333,1938.062,2673.393,2245.7672916666666
2020-03-16,2142.2,3020.3,2651.25,2089.066,2947.068,2588.0762916666667
2020-03-17,2152.8,2970.5,2645.6666666666665,2122.752,2986.291,2628.3017916666668
2020-03-18,2051.2,2860.8,2513.304166666667,2033.899,2701.557,2406.7032916666667
2020-03-19,2033.9,2999.8,2632.4,1936.46,2844.192,2502.764541666667
2020-03-20,1973.6,2790.2,2459.15,1969.961,2694.826,2402.1683749999997
2020-03-21,1904.0,2640.3,2275.766666666667,1813.194,2551.852,2151.0435416666664
2020-03-22,2116.1,2824.9,2369.5125000000003,2018.595,2727.516,2288.6476666666667
2020-03-23,2148.1,3053.3,2667.1666666666665,2089.996,2984.851,2603.7924583333333
2020-03-24,2073.2,2835.4,2502.7166666666667,2105.974,2679.825,2433.226458333333
2020-03-25,2054.5,2875.7,2531.616666666667,1975.5,2747.886,2443.782083333333
2020-03-26,2009.4,2785.0,2445.491666666667,2010.708,2608.051,2320.660875
2020-03-27,1925.9,2582.8,2320.7625000000003,1875.052,2469.983,2198.150458333333
2020-03-28,1856.7,2442.3,2143.2166666666667,1846.106,2490.361,2145.117625
2020-03-29,1923.4,2618.0,2248.0875,1837.553,2674.988,2277.84225
2020-03-30,1941.8,2878.9,2460.008333333333,1930.63,2757.433,2433.2876666666666
2020-03-31,2052.7,2819.9,2481.045833333333,1992.071,2665.258,2349.6742916666667
2020-04-01,1913.5,2714.9,2351.4333333333334,2032.626,2631.079,2399.909666666667
2020-04-02,1843.0,2638.1,2318.6541666666667,1944.102,2691.883,2391.4414583333332
2020-04-03,1938.9,2699.7,2400.0625,1945.413,2769.144,2442.1259999999997
2020-04-04,1814.1,2488.3,2185.8791666666666,1974.054,2538.466,2236.579
2020-04-05,1832.7,2391.9,2090.2875,1903.959,2497.536,2161.996291666667
2020-04-06,1779.4,2511.9,2196.2583333333337,1854.736,2486.946,2190.367291666667
2020-04-07,1799.2,2490.8,2196.454166666667,1832.088,2465.252,2171.4301666666665
2020-04-08,1786.1,2705.7,2314.116666666667,1797.457,2496.983,2230.7170833333334
2020-04-09,1823.3,2640.6,2338.8708333333334,1861.691,2687.133,2354.974583333333
2020-04-10,1855.1,2588.7,2302.0125000000003,1935.506,2589.614,2301.4559583333335
2020-04-11,1960.7,2506.6,2152.5958333333333,1931.934,2459.457,2146.8202916666664
2020-04-12,1941.2,2439.4,2140.7208333333333,1903.253,2360.056,2080.9607083333335
2020-04-13,1857.8,2719.7,2357.8624999999997,1782.473,2631.947,2276.607625
2020-04-14,1759.9,2535.9,2185.5499999999997,1775.647,2435.659,2134.0235
2020-04-15,1895.6,2652.9,2337.7000000000003,1793.64,2471.535,2202.1145416666664
2020-04-16,1956.6,2728.1,2373.945833333333,1875.565,2536.298,2268.2011666666667
2020-04-17,1905.3,2642.9,2285.4416666666666,1954.295,2486.665,2245.5511666666666
2020-04-18,1982.5,2567.3,2312.85,1885.35,2563.839,2297.722583333333
2020-04-19,1894.1,2369.5,2053.225,1948.454,2359.285,2074.0445
2020-04-20,1835.3,2718.3,2341.429166666667,1791.581,2466.896,2181.431
2020-04-21,1854.2,2677.7,2278.3791666666666,1906.488,2635.843,2295.623708333333
2020-04-22,1882.0,2636.7,2296.8083333333334,1964.674,2575.119,2331.590333333333
2020-04-23,1930.0,2571.3,2282.4583333333335,1998.213,2448.632,2236.362625
2020-04-24,1876.9,2695.5,2368.1208333333334,1831.565,2591.343,2297.6582916666666
2020-04-25,1946.2,2437.8,2138.4249999999997,1909.582,2324.405,2066.6430833333334
2020-04-26,1825.7,2542.6,2129.2208333333333,1783.858,2526.697,2141.2070416666666
2020-04-27,1853.0,2722.7,2368.5833333333335,1900.216,2753.099,2427.670375
2020-04-28,1890.4,2711.3,2346.9125,1956.895,2489.56,2280.0748333333336
2020-04-29,1920.6,2618.2,2290.204166666667,1900.914,2509.964,2189.7660833333334
2020-04-30,1793.3,2537.7,2260.6124999999997,1829.887,2608.301,2279.4424583333334
2020-05-01,1801.5,2542.7,2263.5583333333334,1826.549,2528.863,2237.8412916666666
2020-05-02,1757.5,2312.8,2005.5708333333332,1760.673,2293.462,1983.7617083333334
2020-05-03,1766.3,2461.8,2047.5333333333335,1715.572,2396.154,1996.235125
2020-05-04,1743.7,2571.0,2215.7166666666667,1753.805,2417.04,2134.95375
2020-05-05,1824.0,2607.1,2199.241666666667,1728.042,2336.531,2065.6231666666667
2020-05-06,1833.6,2631.7,2262.7791666666667,1760.532,2401.172,2106.820458333333
2020-05-07,1777.7,2574.4,2232.5958333333333,1768.829,2330.134,2101.432166666667
2020-05-08,1810.8,2502.7,2188.0416666666665,1738.034,2389.004,2107.956583333333
2020-05-09,1788.5,2363.3,2035.3125,1785.177,2423.747,2121.5809583333335
2020-05-10,1962.1,2422.6,2102.8458333333333,1896.156,2283.659,2041.1665
2020-05-11,1797.5,2560.5,2227.0875,1773.193,2511.042,2160.9377083333334
2020-05-12,1778.7,2512.4,2150.1541666666667,1792.066,2376.934,2135.2779583333336
2020-05-13,1802.4,2444.8,2143.525,1823.267,2354.121,2120.1919583333333
2020-05-14,1799.0,2392.3,2120.133333333333,1781.728,2356.907,2111.3634583333333
2020-05-15,1683.0,2446.6,2136.2291666666665,1719.431,2533.006,2185.613
2020-05-16,1704.6,2256.8,1945.8458333333335,1818.882,2242.676,2035.1836666666668
2020-05-17,1725.4,2379.4,1976.7833333333335,1692.235,2293.887,1975.8779583333335
2020-05-18,1756.2,2580.0,2211.2875,1710.885,2384.607,2134.2353749999997
2020-05-19,1751.4,2510.7,2179.3541666666665,1724.066,2323.952,2070.4367916666665
2020-05-20,1810.2,2447.2,2138.3541666666665,1726.388,2324.933,2076.3984583333336
2020-05-21,1832.5,2563.2,2157.820833333333,1709.854,2456.723,2121.5575
2020-05-22,1817.5,2727.9,2291.2291666666665,1710.642,2688.995,2258.957375
2020-05-23,1778.9,2277.8,2029.5083333333332,1909.267,2196.878,2064.8055416666666
2020-05-24,1826.1,2341.2,2007.2708333333333,1665.768,2182.271,1874.570125
2020-05-25,1705.6,2364.8,2022.2958333333333,1676.639,2305.124,2027.8145000000002
2020-05-26,1711.8,2779.2,2319.741666666667,1703.842,2769.05,2300.769375
2020-05-27,1846.3,3168.9,2536.508333333333,1909.446,3374.202,2665.676375
2020-05-28,2012.8,3173.0,2644.0,2111.552,3227.053,2765.9239583333333
2020-05-29,2130.9,3299.3,2756.370833333333,2224.164,3465.617,2923.3673333333336
2020-05-30,2050.0,2726.9,2355.2374999999997,2219.975,3014.281,2619.760875
2020-05-31,1842.1,2400.8,2061.2916666666665,1885.269,2344.655,2098.3117916666665
2020-06-01,1753.9,2462.0,2127.079166666667,1717.193,2407.745,2126.0332916666666
2020-06-02,1833.8,2745.4,2331.670833333333,1714.127,2497.386,2167.8628750000003
2020-06-03,1770.7,3057.1,2460.4166666666665,1782.263,2948.004,2442.6129166666665
2020-06-04,1926.8,3331.8,2673.704166666667,1993.961,3408.743,2766.3362916666665
2020-06-05,2098.9,3521.4,2882.4,2244.003,3467.367,2904.2208750000004
2020-06-06,2198.2,3119.4,2674.3791666666666,2302.558,3513.459,2843.016208333333
2020-06-07,1953.0,2492.9,2210.5958333333333,1895.922,2402.241,2181.6342083333334
2020-06-08,1827.2,2766.5,2335.0666666666666,1773.887,2862.671,2358.742875
2020-06-09,1866.0,3009.2,2496.1375000000003,1865.499,2883.157,2442.3212083333333
2020-06-10,1856.3,2931.7,2465.3333333333335,1905.383,2812.033,2417.3589583333332
2020-06-11,2061.1,3248.5,2745.5291666666667,2031.721,3161.054,2674.9020416666667
2020-06-12,2023.3,3221.0,2712.7166666666667,2136.295,3302.488,2761.0129166666666
2020-06-13,1844.8,2504.1,2164.358333333333,1895.11,2460.192,2211.6505416666664
2020-06-14,1802.1,2461.4,2083.1125,1732.908,2427.198,2067.336333333333
2020-06-15,1790.7,2699.2,2322.2166666666667,1799.508,2633.696,2290.5132083333333
2020-06-16,1832.7,2812.4,2419.4083333333333,1796.744,2820.406,2369.355
2020-06-17,1770.3,2904.4,2401.35,1840.733,3062.437,2500.385625
2020-06-18,1875.1,3459.4,2698.4583333333335,2014.855,3864.714,2972.4455
2020-06-19,2181.8,3665.1,2972.2833333333333,2397.891,3990.217,3272.0677083333335
2020-06-20,2182.5,3491.4,2858.2125,2350.76,3962.609,3226.1422500000003
2020-06-21,2245.1,3435.3,2856.379166666667,2471.6,3884.53,3225.7652916666666
2020-06-22,2294.9,3642.8,3057.3916666666664,2483.621,3589.983,3057.14775
2020-06-23,2248.6,3865.0,3129.066666666667,2279.411,4304.945,3351.1363333333334
2020-06-24,2281.0,3724.7,3089.6041666666665,2567.821,4157.893,3389.121958333333
2020-06-25,2277.5,3603.2,3016.2708333333335,2297.375,3719.17,3057.887
2020-06-26,2302.5,3610.2,3018.85,2302.665,3736.423,3087.1594583333335
2020-06-27,2250.7,3294.8,2855.85,2166.157,3188.745,2726.999458333333
2020-06-28,2210.5,3436.1,2831.9791666666665,2138.506,3295.386,2717.159666666667
2020-06-29,2195.5,3332.2,2885.0875,2220.354,3179.19,2758.5909166666665
2020-06-30,2090.2,3101.3,2715.108333333333,2072.723,2965.974,2622.917625
2020-07-01,2075.1,3323.4,2806.320833333333,2081.655,3169.189,2718.645125
2020-07-02,2082.6,3766.2,2986.7000000000003,2112.921,3992.396,3080.382208333333
2020-07-03,2263.6,2841.8,2611.5916666666667,2267.725,2884.727,2675.95825
2020-07-04,1981.2,2794.3,2399.641666666667,1972.649,2821.793,2396.697125
2020-07-05,1952.3,3410.1,2672.829166666667,2077.661,3222.63,2645.590541666667
2020-07-06,2176.7,3520.5,2948.5166666666664,2233.89,3248.666,2794.930208333333
2020-07-07,2049.5,3304.1,2752.241666666667,2100.729,3323.014,2764.126708333333
2020-07-08,2111.5,3780.5,3034.9041666666667,2235.027,4137.758,3234.013125
2020-07-09,2345.9,4172.0,3346.2333333333336,2572.949,4465.927,3626.2414583333334
2020-07-10,2496.8,3765.8,3195.2666666666664,2722.923,4076.416,3422.137666666667
2020-07-11,2379.3,3719.7,3057.525,2590.832,4144.213,3416.584375
2020-07-12,2432.2,3968.9,3158.4,2660.283,4112.155,3411.1636249999997
2020-07-13,2567.9,3832.6,3303.7916666666665,2749.231,4025.946,3391.508875
2020-07-14,2396.1,3495.7,3013.745833333333,2447.383,3653.52,3067.9726666666666
2020-07-15,2140.5,3214.5,2730.1041666666665,2245.682,3118.5,2735.4855000000002
2020-07-16,2051.4,3140.8,2676.508333333333,2025.174,2980.1,2581.981
2020-07-17,1987.9,3174.2,2698.0416666666665,1977.025,2934.639,2565.82275
2020-07-18,2150.9,3767.7,3004.808333333333,2158.486,3831.284,3028.0129583333332
2020-07-19,2394.5,4280.0,3337.1708333333336,2439.271,4479.901,3477.762458333333
2020-07-20,2727.5,4645.3,3734.7708333333335,2967.151,4771.043,3914.468666666666
2020-07-21,2626.4,4280.0,3486.6041666666665,2714.251,4430.132,3621.3375416666663
2020-07-22,2477.0,3731.6,3183.2666666666664,2598.461,3843.24,3232.1735000000003
2020-07-23,2546.4,4077.0,3376.6083333333336,2568.428,4487.356,3460.7608333333333
2020-07-24,2570.7,3907.3,3259.258333333333,2575.586,3786.289,3224.0322083333335
2020-07-25,2321.5,3900.8,3122.741666666667,2368.871,3836.532,3146.8571666666667
2020-07-26,2343.0,4139.8,3255.758333333333,2545.327,4055.841,3324.103958333333
2020-07-27,2820.0,4746.2,3887.1666666666665,2812.722,4941.158,3981.5917083333334
2020-07-28,2948.6,4601.5,3852.2666666666664,3176.733,4998.352,4124.83825
2020-07-29,2683.5,4346.5,3604.7958333333336,2698.347,4436.119,3620.313708333333
2020-07-30,2638.3,4271.9,3545.7875,2788.526,4390.97,3605.9166666666665
2020-07-31,2549.5,3889.3,3292.8125,2621.749,4008.312,3318.243875
2020-08-01,2306.9,3631.9,2995.2291666666665,2413.193,3773.176,3126.65025
2020-08-02,2418.0,3716.1,3077.4249999999997,2551.131,3712.273,3198.6138750000005
2020-08-03,2720.9,4463.3,3667.0458333333336,2967.196,4566.374,3825.3405000000002
2020-08-04,2723.4,4025.9,3471.9208333333336,2827.737,4117.061,3512.871125
2020-08-05,2580.2,4384.1,3490.304166666667,2540.897,4414.641,3527.1494166666666
2020-08-06,2391.5,3783.4,3107.9375,2419.159,3806.723,3156.2917083333336
2020-08-07,2253.5,3333.1,2882.2875,2333.533,3377.277,2909.9457916666665
2020-08-08,2198.3,3031.5,2631.5750000000003,2238.451,3332.557,2778.685625
2020-08-09,2157.9,3618.0,2907.683333333333,2344.21,4005.832,3200.376208333333
2020-08-10,2486.6,4304.5,3452.2875,2768.226,4741.052,3826.9713333333334
2020-08-11,2731.8,4610.3,3724.5916666666667,2960.991,4926.547,4016.293791666667
2020-08-12,2686.3,4419.7,3637.5291666666667,3078.343,4762.262,3972.1348333333335
2020-08-13,2658.3,4001.1,3418.2875,2770.005,4210.19,3516.6968333333334
2020-08-14,2504.2,3738.9,3202.2083333333335,2528.836,3795.721,3181.9382499999997
2020-08-15,2236.8,3036.5,2660.4083333333333,2260.223,2735.98,2550.9037916666666
2020-08-16,2110.3,2934.2,2539.633333333333,2083.938,2723.808,2442.0200833333333
2020-08-17,2138.3,3274.8,2796.1083333333336,2076.213,3098.076,2652.9669166666667
2020-08-18,2120.4,3552.2,2914.1749999999997,2191.561,3581.705,2932.407541666667
2020-08-19,2230.9,3493.1,2896.975,2135.233,3229.828,2737.991583333333
2020-08-20,2130.3,3335.0,2776.8583333333336,2005.002,3230.313,2646.4958333333334
2020-08-21,2089.4,3746.5,2963.7916666666665,2096.457,3821.384,2994.5527500000003
2020-08-22,2346.8,3432.1,2908.5499999999997,2365.24,3515.186,2951.7807916666666
2020-08-23,2302.8,3812.8,3032.316666666667,2273.507,3755.214,2919.0599166666666
2020-08-24,2570.2,4072.3,3392.616666666667,2359.109,4338.522,3402.0361666666668
2020-08-25,2559.3,4243.2,3445.9166666666665,2673.335,4248.317,3437.4540416666664
2020-08-26,2196.6,3216.4,2734.3458333333333,2158.338,2997.154,2591.1422916666666
2020-08-27,2046.4,3093.2,2649.358333333333,1945.948,2813.037,2462.9432083333336
2020-08-28,1994.7,3359.1,2718.275,1967.144,3193.641,2633.9542500000002
2020-08-29,2131.2,3160.1,2697.4874999999997,2106.418,3151.504,2706.309583333333
2020-08-30,2110.1,2893.5,2494.025,2083.987,2671.026,2403.0557083333333
2020-08-31,1951.4,3145.5,2632.4166666666665,1888.897,2891.816,2481.1649166666666
2020-09-01,1991.2,3054.1,2621.733333333333,1965.904,3012.378,2568.234625
2020-09-02,2033.9,3310.4,2754.3250000000003,2014.58,3062.184,2662.8190416666666
2020-09-03,2316.0,3756.3,3126.7000000000003,2284.11,3313.18,2922.6001666666666
2020-09-04,2279.5,3628.4,2988.1124999999997,2235.503,3499.301,2894.0556666666666
2020-09-05,1971.5,2794.1,2392.7875,1959.776,2712.684,2339.771458333333
2020-09-06,1903.7,2912.0,2379.2083333333335,1927.549,2725.08,2333.206333333333
2020-09-07,2012.3,3139.0,2588.275,2045.591,3043.357,2551.42
2020-09-08,2048.9,3467.4,2811.495833333333,2110.13,3782.211,2993.623125
2020-09-09,2178.1,3454.4,2910.933333333333,2299.295,3529.363,2999.638625
2020-09-10,2327.0,3501.5,3016.6375000000003,2416.744,3950.919,3291.8363750000003
2020-09-11,2241.9,2977.2,2711.3958333333335,2164.175,2927.158,2686.9419583333333
2020-09-12,1981.3,2679.6,2340.8791666666666,1842.175,2460.767,2171.6320416666667
2020-09-13,1967.1,2872.3,2428.9249999999997,1780.79,2718.515,2228.835125
2020-09-14,2128.1,3134.1,2734.3958333333335,2056.806,2931.272,2559.5315416666667
2020-09-15,1881.8,2752.5,2382.945833333333,1797.883,2628.078,2290.5514166666667
2020-09-16,1844.7,2890.1,2425.3375,1780.155,2766.281,2357.219625
2020-09-17,1993.6,3184.6,2683.579166666667,1880.213,2898.071,2481.796333333333
2020-09-18,1851.6,2646.3,2343.5375,1885.471,2588.945,2323.2582500000003
2020-09-19,1795.4,2351.5,2070.7916666666665,1737.093,2353.517,2031.933041666667
2020-09-20,1808.7,2452.3,2086.304166666667,1711.816,2452.925,2029.92325
2020-09-21,1741.9,2709.3,2283.4416666666666,1747.608,2606.858,2253.4015416666666
2020-09-22,1835.8,2721.5,2353.866666666667,1783.948,2647.031,2306.5837500000002
2020-09-23,1864.1,2923.5,2444.8416666666667,1770.61,2798.084,2360.2697916666666
2020-09-24,1839.7,3082.5,2509.8166666666666,1853.385,2884.767,2472.315125
2020-09-25,1846.6,2985.3,2482.0333333333333,1888.094,2863.027,2452.3022916666664
2020-09-26,1860.3,2755.9,2332.866666666667,1887.163,2725.015,2318.4879166666665
2020-09-27,1916.1,2960.4,2418.3416666666667,2028.993,3051.196,2524.917375
2020-09-28,2079.0,3289.8,2784.4500000000003,2207.324,3397.619,2908.301125
2020-09-29,2098.9,3287.4,2784.4833333333336,2128.256,3295.428,2822.298166666667
2020-09-30,2157.2,3039.7,2671.241666666667,2155.271,3183.629,2754.030458333333
2020-10-01,1832.9,2800.1,2412.0583333333334,1881.184,2886.348,2482.038375
2020-10-02,1834.0,2671.0,2343.9958333333334,1906.767,2678.741,2369.231875
2020-10-03,1789.0,2417.6,2099.295833333333,1763.141,2411.103,2096.9804166666668
2020-10-04,1759.5,2585.2,2106.3708333333334,1748.857,2474.193,2069.223791666667
2020-10-05,1779.6,2806.5,2325.3958333333335,1787.751,2699.044,2333.505583333333
2020-10-06,1799.8,2781.7,2356.570833333333,1788.561,2709.706,2335.2064166666664
2020-10-07,1834.0,2771.1,2399.133333333333,1822.625,2769.753,2357.9831666666664
2020-10-08,1819.9,2672.2,2305.2791666666667,1776.434,2638.041,2255.574958333333
2020-10-09,1895.9,2644.8,2327.679166666667,1789.996,2581.941,2256.4232916666665
2020-10-10,1753.1,2597.4,2182.7916666666665,1776.49,2554.141,2162.3785000000003
2020-10-11,1846.1,2574.0,2144.2166666666667,1823.67,2408.233,2060.0420833333333
2020-10-12,1752.6,2658.1,2256.7625000000003,1748.278,2658.131,2251.85575
2020-10-13,1828.5,2876.5,2443.0041666666666,1788.447,2796.265,2395.714875
2020-10-14,1870.6,2775.2,2379.25,1797.061,2705.533,2305.4072499999997
2020-10-15,1834.5,2846.1,2402.4874999999997,1786.091,2737.883,2338.135083333333
2020-10-16,1825.7,2733.9,2390.954166666667,1871.683,2873.724,2418.8332083333335
2020-10-17,1821.0,2494.7,2186.3166666666666,1787.977,2482.459,2138.13725
2020-10-18,1771.5,2491.7,2110.3333333333335,1814.988,2539.718,2123.7008333333333
2020-10-19,1779.1,2766.3,2347.7708333333335,1801.972,2714.681,2314.9130833333334
2020-10-20,1841.4,2887.4,2438.358333333333,1788.605,2806.1,2379.6540833333333
2020-10-21,1871.2,2918.2,2482.025,1829.997,2795.071,2410.2287499999998
2020-10-22,1886.2,2816.4,2435.116666666667,1901.999,2721.864,2401.45325
2020-10-23,1760.0,2745.8,2321.3791666666666,1825.819,2669.054,2342.3188333333333
2020-10-24,1752.7,2588.0,2173.9500000000003,1794.457,2520.903,2175.228833333333
2020-10-25,1776.1,2658.6,2141.9291666666663,1754.414,2595.758,2138.4393333333333
2020-10-26,1809.1,2875.4,2402.6375000000003,1813.69,2790.65,2413.355666666667
2020-10-27,1852.6,2743.6,2395.2000000000003,1818.675,2775.1,2364.436916666667
2020-10-28,1920.2,2820.2,2443.679166666667,1828.318,2859.71,2446.9800416666667
2020-10-29,1894.6,2964.8,2492.258333333333,1871.139,2899.582,2482.437
2020-10-30,1941.9,2945.8,2594.1458333333335,1939.078,3094.782,2652.57225
2020-10-31,2040.7,2736.0,2362.7166666666667,2145.4,2736.293,2473.5114166666667
2020-11-01,1979.9,2790.6,2365.5958333333333,2022.915,2783.669,2376.920625
2020-11-02,2016.4,3259.9,2646.6041666666665,1949.167,3145.882,2579.945166666667
2020-11-03,2001.3,3113.5,2562.375,2093.735,3103.642,2597.23925
2020-11-04,2149.3,3005.7,2572.0125000000003,2103.589,2951.625,2521.983083333333
2020-11-05,1977.2,2910.7,2477.3958333333335,1912.523,2874.328,2405.1096666666667
2020-11-06,1863.4,2880.4,2406.9416666666666,1844.723,2803.774,2354.7125416666668
2020-11-07,1856.1,2661.3,2212.9708333333333,1805.269,2582.236,2184.0792916666664
2020-11-08,1790.3,2675.0,2140.7833333333333,1780.302,2617.593,2148.2836666666667
2020-11-09,1799.1,2886.9,2385.0,1801.298,2867.459,2363.578625
2020-11-10,1799.6,2928.9,2375.5833333333335,1828.086,2917.422,2400.852625
2020-11-11,1832.1,2960.7,2407.8166666666666,1863.187,3007.87,2470.9746250000003
2020-11-12,1896.8,2775.9,2394.804166666667,1951.076,2830.643,2449.5719583333334
2020-11-13,1826.7,2889.4,2433.7833333333333,1826.955,2891.717,2445.3302083333333
2020-11-14,1883.8,2658.7,2263.608333333333,1918.272,2716.328,2306.8754166666668
2020-11-15,2073.5,2828.4,2408.35,2012.074,2799.531,2336.8888333333334
2020-11-16,1911.0,2960.6,2456.054166666667,1875.428,2958.523,2431.3048750000003
2020-11-17,1993.3,3010.6,2543.8416666666667,1940.677,3010.94,2502.7135000000003
2020-11-18,2039.2,3215.0,2664.0333333333333,2050.859,3253.343,2690.3306666666667
2020-11-19,2207.9,3043.8,2652.3166666666666,2269.249,3163.164,2732.8880416666666
2020-11-20,1993.1,2891.9,2465.0666666666666,2028.401,2854.507,2465.791541666667
2020-11-21,1829.5,2593.5,2211.733333333333,1866.52,2622.646,2227.1572083333335
2020-11-22,1954.6,2834.5,2358.0750000000003,1917.682,2855.6,2367.028333333333
2020-11-23,1901.4,2924.7,2483.225,1904.927,3033.32,2564.1662499999998
2020-11-24,1958.7,3148.0,2558.1583333333333,2063.807,3069.135,2598.1151666666665
2020-11-25,2132.1,2993.9,2609.429166666667,2166.209,3011.753,2653.1095833333334
2020-11-26,1973.8,2664.8,2383.670833333333,1973.284,2802.826,2377.4110833333334
2020-11-27,1946.8,2812.9,2401.175,1891.177,2752.872,2341.1986666666667
2020-11-28,1891.2,2619.7,2269.3958333333335,1870.595,2690.751,2272.1252083333334
2020-11-29,1928.7,2726.0,2276.1208333333334,1976.721,2783.207,2305.347416666667
2020-11-30,1943.5,2982.3,2525.758333333333,1981.533,3061.246,2588.309708333333
2020-12-01,1925.0,3067.7,2521.6583333333333,1946.371,2927.803,2464.993916666667
2020-12-02,1986.3,3115.5,2586.0958333333333,1951.665,3110.049,2564.4865416666667
2020-12-03,2059.5,3037.8,2560.9708333333333,2047.415,3053.413,2568.310375
2020-12-04,2031.3,2941.9,2531.475,2004.756,2925.573,2498.42025
2020-12-05,1931.5,2882.5,2426.6208333333334,1911.432,3114.006,2531.3802499999997
2020-12-06,2049.2,2931.8,2437.8624999999997,2154.0,3088.942,2574.7959583333336
2020-12-07,2186.8,3270.7,2755.616666666667,2215.362,3374.973,2826.2635833333334
2020-12-08,2244.9,3318.9,2850.445833333333,2241.413,3426.069,2900.2803750000003
2020-12-09,2335.4,3310.6,2877.2208333333333,2324.985,3348.81,2895.334833333334
2020-12-10,2176.1,3217.2,2729.2708333333335,2205.001,3244.701,2755.034125
2020-12-11,2169.2,3066.9,2659.133333333333,2206.917,3091.341,2677.606375
2020-12-12,2032.6,2932.6,2484.454166666667,2062.788,2942.586,2513.4192083333332
2020-12-13,1925.6,2782.4,2310.4666666666667,1992.339,2856.076,2380.100125
2020-12-14,2002.2,3242.7,2702.8416666666667,2046.459,3299.053,2758.8215
2020-12-15,2128.1,3390.5,2797.3624999999997,2196.292,3388.157,2814.728458333333
2020-12-16,2367.4,3464.8,2979.741666666667,2411.786,3554.178,3038.388375
2020-12-17,2320.7,3561.8,3018.4874999999997,2457.851,3598.329,3054.7725833333334
2020-12-18,2424.3,3485.6,2989.3416666666667,2465.273,3485.003,3041.9218333333333
2020-12-19,2478.5,3249.8,2846.366666666667,2499.064,3252.292,2868.4395
2020-12-20,2350.9,3156.3,2729.170833333333,2352.65,3234.962,2773.089583333333
2020-12-21,2252.3,3331.6,2844.7708333333335,2313.721,3357.49,2889.172541666667
2020-12-22,2251.9,3188.6,2773.4583333333335,2235.263,3241.02,2778.92725
2020-12-23,2256.4,3318.5,2837.3624999999997,2232.173,3236.176,2781.6782083333333
2020-12-24,2182.0,3046.6,2652.5041666666666,2214.89,2973.308,2587.091875
2020-12-25,1995.8,2666.2,2372.2833333333333,1960.133,2703.746,2368.2824583333336
2020-12-26,2049.5,3017.9,2534.3333333333335,2033.461,3008.876,2499.7225000000003
2020-12-27,2173.5,3082.9,2596.4,2243.582,3027.755,2568.604333333333
2020-12-28,2254.7,3166.6,2754.4625,2244.618,3113.308,2705.571125
2020-12-29,2166.9,3408.3,2797.5166666666664,2104.26,3317.281,2720.4199583333334
2020-12-30,2338.1,3275.1,2838.475,2365.128,3290.145,2852.4246666666663
2020-12-31,2123.9,3132.5,2670.445833333333,2131.42,3088.789,2632.7704166666667
2021-01-01,2119.0,2901.2,2466.9,2220.64,2998.017,2547.9902500000003
2021-01-02,2194.8,2901.9,2566.4791666666665,2114.536,2917.846,2506.2072916666666
2021-01-03,2190.4,3086.2,2605.491666666667,2192.601,3114.45,2620.308875
2021-01-04,2190.4,3390.1,2849.2708333333335,2209.373,3231.801,2765.5710833333337
2021-01-05,2252.0,3398.2,2862.870833333333,2215.261,3308.456,2826.215291666667
2021-01-06,2270.0,3233.6,2764.6875,2249.862,3278.044,2794.6096666666667
2021-01-07,2285.4,3163.8,2726.170833333333,2260.788,3202.351,2750.926125
2021-01-08,2339.8,3300.5,2830.058333333333,2286.044,3156.473,2758.8705833333333
2021-01-09,2301.9,3083.7,2698.6666666666665,2295.146,3048.262,2647.642125
2021-01-10,2269.2,3090.1,2616.5333333333333,2235.303,3030.525,2568.119416666667
2021-01-11,2240.0,3323.7,2806.7000000000003,2294.655,3316.69,2885.861833333333
2021-01-12,2220.8,3244.2,2755.570833333333,2275.889,3213.98,2767.3584583333336
2021-01-13,2210.7,3240.7,2742.4041666666667,2181.774,3158.253,2702.9002083333335
2021-01-14,2172.9,3216.1,2746.2916666666665,2162.155,3187.223,2732.6687500000003
2021-01-15,2153.4,3091.5,2676.570833333333,2138.75,3068.535,2636.02725
2021-01-16,2085.0,2764.3,2451.554166666667,2066.146,2814.885,2479.254375
2021-01-17,2060.8,2831.3,2412.0875,2113.027,2906.953,2456.988208333333
2021-01-18,2102.5,2812.6,2431.5375,2091.02,3095.092,2577.39025
2021-01-19,2191.6,2998.4,2590.6291666666666,2217.17,3193.374,2741.2122916666667
2021-01-20,2158.6,3298.6,2749.1,2209.236,3254.168,2786.0464583333337
2021-01-21,2309.6,3164.9,2772.9583333333335,2346.437,3326.894,2911.739916666667
2021-01-22,2250.5,3015.7,2633.1541666666667,2252.293,3101.878,2721.8035416666667
2021-01-23,2231.2,3125.3,2689.641666666667,2211.269,3194.3,2678.00875
2021-01-24,2422.6,3103.1,2729.8375,2515.014,3269.592,2820.2124583333334
2021-01-25,2384.2,3298.7,2874.9208333333336,2487.655,3359.956,2942.6367916666663
2021-01-26,2322.5,3378.1,2865.5125000000003,2376.26,3364.909,2908.4746250000003
2021-01-27,2221.5,3222.1,2767.5458333333336,2323.454,3286.643,2867.653083333333
2021-01-28,2191.9,3308.6,2829.5375,2254.999,3386.496,2937.0753333333337
2021-01-29,2496.5,3582.5,3099.7791666666667,2608.697,3654.529,3266.911666666667
2021-01-30,2629.4,3366.6,2980.2333333333336,2762.115,3442.403,3103.4864166666666
2021-01-31,2612.6,3292.0,2903.6,2751.485,3430.958,3036.1240833333336
2021-02-01,2405.6,3286.4,2887.0791666666664,2553.555,3484.617,3109.093166666667
2021-02-02,2249.1,3304.4,2835.120833333333,2429.772,3371.645,2941.754625
2021-02-03,2182.4,3161.7,2736.4166666666665,2322.385,3310.981,2883.5376666666666
2021-02-04,2278.2,3260.7,2815.2291666666665,2314.908,3241.273,2845.83775
2021-02-05,2349.5,3074.6,2765.445833333333,2360.636,3229.006,2856.2997083333335
2021-02-06,2217.0,2982.4,2575.0041666666666,2250.346,2965.01,2593.2273333333333
2021-02-07,2254.4,3072.9,2670.4416666666666,2281.622,3249.072,2749.8290833333335
2021-02-08,2312.4,3388.3,2909.258333333333,2411.647,3392.138,2985.9030000000002
2021-02-09,2426.2,3314.4,2927.9791666666665,2460.295,3461.185,3030.358583333333
2021-02-10,2401.1,3360.7,2911.1625,2453.653,3373.649,2986.514375
2021-02-11,2410.2,3455.4,2988.3250000000003,2437.386,3371.884,2971.9671249999997
2021-02-12,2526.3,3374.1,3017.9500000000003,2561.351,3390.711,3072.7156250000003
2021-02-13,2481.9,3143.6,2819.5791666666664,2496.43,3169.689,2848.2797083333335
2021-02-14,2325.8,3095.8,2690.8875000000003,2373.703,3071.206,2711.01275
2021-02-15,2268.2,3250.6,2784.2875,2305.359,3310.181,2838.417708333333
2021-02-16,2222.9,3224.5,2777.5375,2312.911,3162.32,2809.574958333333
2021-02-17,2249.5,3291.5,2823.6708333333336,2337.508,3294.749,2865.3678333333332
2021-02-18,2352.0,3324.5,2889.6666666666665,2413.503,3350.366,2946.911125
2021-02-19,2261.7,3219.7,2809.9249999999997,2410.84,3326.258,2965.177416666667
2021-02-20,2247.2,2993.6,2618.1749999999997,2398.908,3132.134,2764.5990416666664
2021-02-21,2314.6,3031.8,2614.695833333333,2452.983,3142.707,2735.9960416666668
2021-02-22,2339.6,3188.7,2803.366666666667,2454.837,3302.677,2925.992875
2021-02-23,2166.6,3049.5,2647.454166666667,2262.763,3076.725,2707.43925
2021-02-24,2044.4,2870.3,2493.475,2178.506,2947.314,2580.9842916666666
2021-02-25,1956.3,2965.4,2499.125,2050.86,3001.564,2551.0553333333332
2021-02-26,2129.7,2955.6,2587.429166666667,2218.756,2988.176,2634.1582083333333
2021-02-27,2117.1,2706.1,2438.2166666666667,2200.192,2848.246,2573.695375
2021-02-28,1987.5,2671.9,2320.954166666667,2120.799,2905.553,2469.04775
2021-03-01,1906.0,2788.8,2427.1208333333334,2099.2,3116.275,2694.0605833333334
2021-03-02,2220.6,3115.3,2707.9416666666666,2393.839,3392.466,2973.095541666667
2021-03-03,2168.3,2811.8,2539.9166666666665,2351.873,3095.299,2764.986666666666
2021-03-04,2105.6,2950.3,2564.3083333333334,2153.985,3164.638,2690.3203333333336
2021-03-05,2225.8,2973.8,2649.5,2397.487,3173.511,2833.859291666666
2021-03-06,2234.8,2792.6,2513.929166666667,2389.862,2986.294,2623.8134166666664
2021-03-07,2216.5,2824.2,2493.054166666667,2348.902,3011.116,2570.8250000000003
2021-03-08,2164.8,2920.6,2588.4791666666665,2314.573,3094.406,2709.13175
2021-03-09,2051.6,2704.0,2396.9583333333335,2187.016,2854.382,2515.4894583333335
2021-03-10,2020.1,2714.3,2379.991666666667,2069.433,2872.726,2476.436458333333
2021-03-11,1913.4,2590.0,2293.483333333333,2047.251,2755.679,2448.608875
2021-03-12,1776.7,2569.5,2207.9375,1875.666,2647.456,2292.5360416666667
2021-03-13,1894.4,2546.1,2174.766666666667,1970.874,2677.601,2286.019333333333
2021-03-14,1889.4,2679.6,2196.6229166666667,2044.208,2905.932,2387.8618333333334
2021-03-15,2229.2,3213.1,2796.3375,2341.102,3248.12,2877.1164583333334
2021-03-16,2312.5,2929.3,2660.829166666667,2428.12,3149.884,2803.2586666666666
2021-03-17,2101.6,2864.6,2511.9083333333333,2230.784,2883.637,2542.0634166666664
2021-03-18,1977.2,2697.2,2402.9083333333333,2060.422,2882.238,2576.7392916666668
2021-03-19,1946.8,2778.1,2457.170833333333,2083.97,2829.005,2539.743875
2021-03-20,2012.4,2504.0,2238.420833333333,2166.291,2523.326,2313.57875
2021-03-21,2002.5,2360.2,2150.975,1998.129,2539.846,2193.569125
2021-03-22,1811.4,2467.3,2190.5208333333335,1940.528,2644.92,2352.475375
2021-03-23,1802.3,2522.0,2192.554166666667,1921.134,2618.801,2324.233333333333
2021-03-24,1770.1,2553.5,2229.8958333333335,1876.168,2647.059,2339.4799583333333
2021-03-25,1747.0,2453.5,2181.116666666667,1860.53,2645.322,2361.6612083333334
2021-03-26,1713.5,2439.7,2186.016666666667,1838.357,2657.275,2342.2277916666667
2021-03-27,1804.2,2365.5,2038.5708333333332,1809.346,2402.118,2082.2302916666667
2021-03-28,1828.3,2495.0,2159.991666666667,1845.285,2646.307,2266.2057083333334
2021-03-29,1827.1,2604.1,2269.5833333333335,1869.535,2666.992,2344.2493333333337
2021-03-30,1907.0,2573.1,2264.1749999999997,1984.414,2617.687,2345.3882916666666
2021-03-31,1820.6,2524.9,2252.8458333333333,1885.861,2617.989,2337.5467916666666
2021-04-01,1848.9,2567.4,2315.9375,1832.401,2749.285,2414.323875
2021-04-02,1933.2,2541.7,2329.1541666666667,2054.704,2746.767,2490.170166666667
2021-04-03,1962.3,2433.4,2205.5416666666665,2114.886,2525.837,2289.087708333333
2021-04-04,1929.3,2394.1,2145.8791666666666,2015.909,2423.6,2156.4090833333335
2021-04-05,1938.0,2695.0,2393.0375,1872.013,2697.166,2399.60875
2021-04-06,1730.3,2463.4,2161.7708333333335,1913.634,2602.619,2315.005833333333
2021-04-07,1766.0,2461.1,2181.329166666667,1852.192,2571.101,2301.530166666667
2021-04-08,1697.9,2382.8,2125.9791666666665,1825.9,2527.043,2235.9908333333333
2021-04-09,1770.6,2415.1,2173.445833333333,1837.027,2468.387,2233.3267499999997
2021-04-10,1769.4,2317.2,2050.1541666666667,1783.751,2432.712,2104.3200833333335
2021-04-11,1731.1,2386.7,2066.0625,1756.685,2513.462,2135.1752083333336
2021-04-12,1774.9,2576.0,2264.95,1832.711,2640.991,2362.8539166666665
2021-04-13,1858.2,2529.6,2270.0416666666665,1908.606,2584.817,2305.441166666667
2021-04-14,1854.8,2540.5,2269.9666666666667,1826.958,2527.909,2228.65
2021-04-15,1846.0,2661.7,2357.108333333333,1821.491,2642.2,2337.6992916666663
2021-04-16,1943.7,2761.3,2474.1375000000003,1909.188,2923.882,2546.5595
2021-04-17,2019.1,2532.9,2301.6666666666665,2013.843,2543.643,2301.8055833333333
2021-04-18,1951.7,2515.7,2195.7458333333334,1894.907,2375.238,2093.914125
2021-04-19,1825.8,2581.5,2259.329166666667,1836.959,2481.682,2212.7188333333334
2021-04-20,1768.1,2511.4,2208.5916666666667,1803.601,2530.97,2241.3713333333335
2021-04-21,1810.8,2601.6,2293.5666666666666,1780.151,2585.68,2254.54425
2021-04-22,1917.5,2731.2,2386.1833333333334,1895.129,2664.697,2381.278625
2021-04-23,1967.8,2577.2,2321.5666666666666,2012.784,2495.975,2294.771583333333
2021-04-24,1890.9,2367.7,2097.5750000000003,1842.953,2307.217,2053.3079583333333
2021-04-25,1836.6,2479.9,2151.0625,1738.942,2394.742,2091.24375
2021-04-26,1817.1,2634.9,2275.1916666666666,1797.535,2494.781,2208.326625
2021-04-27,1815.8,2548.4,2223.766666666667,1847.52,2549.593,2275.126583333333
2021-04-28,1814.5,2601.2,2296.2125,1767.305,2548.819,2246.7021666666665
2021-04-29,1822.3,2673.8,2347.0333333333333,1805.09,2703.239,2361.4147083333332
2021-04-30,1817.0,2479.4,2254.9375,1840.006,2486.388,2253.95125
2021-05-01,1899.2,2477.3,2178.9,1824.294,2310.771,2044.5037499999999
2021-05-02,1826.4,2492.6,2123.3624999999997,1767.885,2398.509,2058.323
2021-05-03,1819.2,2681.0,2349.1375000000003,1759.78,2490.625,2216.7007916666666
2021-05-04,1842.4,2689.3,2389.9666666666667,1775.028,2642.77,2302.5782916666667
2021-05-05,1834.2,2614.0,2346.758333333333,1810.741,2686.888,2362.37475
2021-05-06,1811.6,2555.8,2264.225,1836.901,2468.619,2219.489375
2021-05-07,1721.1,2442.0,2165.5291666666667,1784.008,2411.284,2184.833291666667
2021-05-08,1865.2,2405.2,2150.2833333333333,1806.922,2341.698,2090.9937083333334
2021-05-09,1822.2,2349.2,2057.633333333333,1783.005,2346.69,2010.862875
2021-05-10,1786.0,2557.5,2291.2374999999997,1759.342,2529.138,2254.493125
2021-05-11,1730.2,2460.4,2169.4333333333334,1787.143,2465.703,2202.5024583333334
2021-05-12,1732.4,2462.0,2150.891666666667,1780.753,2483.014,2227.1025416666666
2021-05-13,1792.7,2531.1,2227.2208333333333,1773.916,2510.65,2240.986375
2021-05-14,1751.4,2535.4,2232.0041666666666,1765.131,2550.286,2252.4140833333336
2021-05-15,1792.6,2446.3,2145.6833333333334,1773.061,2390.294,2113.4804583333334
2021-05-16,1779.6,2443.8,2114.7625000000003,1752.846,2458.479,2103.5405833333334
2021-05-17,1789.8,2649.6,2316.383333333333,1773.19,2670.701,2317.11675
2021-05-18,1772.7,2818.5,2396.016666666667,1789.273,2901.921,2429.105791666667
2021-05-19,1814.0,2894.6,2425.125,1917.01,2766.171,2419.737333333333
2021-05-20,1846.2,2739.7,2365.6458333333335,1808.27,2723.851,2351.0480833333336
2021-05-21,1824.1,2890.7,2432.4708333333333,1815.136,2945.902,2438.094625
2021-05-22,1897.1,2893.8,2447.179166666667,1896.443,3155.083,2539.382875
2021-05-23,2090.3,3085.5,2621.7125,2131.138,3332.817,2694.7876666666666
2021-05-24,1862.6,2558.1,2260.125,1915.002,2695.409,2364.25825
2021-05-25,1774.5,2763.7,2338.5333333333333,1775.963,2941.133,2394.4500000000003
2021-05-26,1860.0,3621.2,2803.491666666667,1932.847,3972.07,2977.4378333333334
2021-05-27,2205.3,3118.3,2725.891666666667,2314.514,3327.7,2848.7024166666665
2021-05-28,1848.5,2497.7,2264.6291666666666,1896.923,2480.88,2271.3615416666667
2021-05-29,1804.6,2394.6,2168.141666666667,1782.778,2381.609,2137.6233333333334
2021-05-30,1810.4,2435.3,2156.7458333333334,1763.674,2368.43,2121.0288333333333
2021-05-31,1815.5,2508.7,2214.8541666666665,1802.388,2464.108,2175.399625
2021-06-01,1767.8,2763.9,2361.0625,1779.041,2710.622,2340.2026666666666
2021-06-02,1899.2,3028.6,2564.0916666666667,1843.031,3052.751,2516.038666666667
2021-06-03,1921.0,2856.9,2511.2291666666665,1955.08,3087.458,2620.377791666667
2021-06-04,2086.2,3159.9,2716.9,2147.643,3334.84,2812.7207916666666
2021-06-05,2083.6,3458.3,2768.6083333333336,2061.038,3730.735,2901.2552083333335
2021-06-06,2299.8,3746.7,3045.5208333333335,2304.682,4041.395,3235.4823333333334
2021-06-07,2497.4,4408.4,3499.4166666666665,2680.305,4794.578,3851.770958333333
2021-06-08,2641.0,4406.1,3593.7000000000003,2954.973,4923.515,3975.4734166666663
2021-06-09,2634.1,4004.6,3418.441666666667,2903.593,4673.835,3798.9779999999996
2021-06-10,2207.8,2997.0,2694.3416666666667,2257.595,3004.306,2762.9697083333335
2021-06-11,1861.8,2749.7,2411.4083333333333,1915.27,2731.98,2414.0992083333335
2021-06-12,1933.7,2550.3,2271.8416666666667,1935.008,2636.229,2304.9535416666668
2021-06-13,1896.2,2986.6,2434.070833333333,1910.375,3128.361,2502.4350416666666
2021-06-14,1942.8,3116.2,2634.5583333333334,2043.39,2955.661,2611.8083333333334
2021-06-15,2092.8,3373.4,2827.5791666666664,2054.855,3302.275,2736.32
2021-06-16,2009.6,3143.8,2611.8875000000003,2050.874,2961.309,2553.052125
2021-06-17,1913.7,3093.9,2549.9708333333333,1904.53,3059.563,2531.606125
2021-06-18,1949.3,3201.3,2639.1625,1940.404,3337.829,2665.8217916666667
2021-06-19,2142.0,3480.6,2847.3125,2168.899,3593.531,2879.772166666667
2021-06-20,2332.8,3788.9,3046.7125,2301.453,3742.966,3031.052333333333
2021-06-21,2558.4,4522.7,3591.504166666667,2579.325,4491.148,3614.960375
2021-06-22,2640.1,3763.0,3267.1083333333336,2479.629,4137.714,3262.931
2021-06-23,2042.5,3065.6,2626.108333333333,2024.233,2962.188,2543.6817916666664
2021-06-24,1973.5,3128.8,2610.429166666667,1945.515,2994.113,2548.5532083333333
2021-06-25,2017.2,3257.2,2731.6749999999997,2014.817,2890.657,2567.134
2021-06-26,2123.1,3541.7,2850.125,2066.481,3460.457,2837.4180833333335
2021-06-27,2438.5,4021.8,3224.5750000000003,2496.569,4113.686,3310.5207916666664
2021-06-28,2767.9,4899.0,3933.7041666666664,2809.435,5048.242,4077.746333333333
2021-06-29,3014.0,5073.4,4143.954166666666,3214.34,5217.597,4334.960291666667
2021-06-30,3118.8,5081.5,4158.308333333333,3212.954,5220.137,4180.587875
2021-07-01,2906.3,4072.6,3517.9,2797.179,3889.802,3404.857666666667
2021-07-02,2301.3,3103.2,2801.7291666666665,2131.072,2908.237,2612.3366666666666
2021-07-03,2018.3,2684.9,2401.008333333333,1873.701,2367.912,2173.159125
2021-07-04,1903.8,2601.8,2265.9583333333335,1805.968,2276.359,2077.4102083333332
2021-07-05,1947.4,3032.6,2531.25,1820.382,2766.303,2292.2980416666664
2021-07-06,2265.4,4225.2,3339.816666666667,2125.672,4180.985,3090.4358333333334
2021-07-07,2541.9,4166.0,3430.6541666666667,2426.769,4370.401,3423.704416666667
2021-07-08,2361.1,3275.0,2890.2999999999997,2342.217,3029.851,2731.9827499999997
2021-07-09,2216.4,3484.3,2974.5750000000003,2053.349,3089.081,2689.3757499999997
2021-07-10,2190.2,3102.6,2703.4249999999997,2197.229,2690.244,2500.0428333333334
2021-07-11,2057.1,3161.2,2624.420833333333,1960.868,3123.659,2580.6407083333334
2021-07-12,2287.7,3392.8,2935.6458333333335,2287.921,3093.568,2751.39025
2021-07-13,2093.2,3118.2,2703.5625,2055.457,2981.909,2634.0812083333335
2021-07-14,2124.6,3588.5,2961.0499999999997,2112.524,3620.588,2930.3002916666665
2021-07-15,2446.5,4114.9,3358.7041666666664,2388.189,4103.861,3333.9088333333334
2021-07-16,2625.7,4596.3,3641.379166666667,2638.21,4600.316,3666.551
2021-07-17,2528.6,3325.9,2965.9041666666667,2592.289,3545.201,3034.314208333333
2021-07-18,2301.1,3083.2,2747.558333333333,2320.292,2899.583,2664.431375
2021-07-19,2301.6,3457.9,2966.6708333333336,2193.532,3130.141,2804.1249583333333
2021-07-20,2330.2,4193.3,3316.695833333333,2221.406,4096.866,3222.35125
2021-07-21,2537.4,3731.8,3181.8375,2434.73,3785.86,3160.7106249999997
2021-07-22,2176.8,3372.3,2839.7291666666665,2183.4,3457.822,2871.233833333333
2021-07-23,2177.2,3303.9,2811.933333333333,2221.037,3357.268,2845.9379583333334
2021-07-24,2085.0,3069.4,2609.3416666666667,2065.439,3048.14,2578.618125
2021-07-25,2146.7,3154.0,2705.4416666666666,2165.935,2992.44,2605.4419166666667
2021-07-26,2423.9,4221.2,3367.9375,2318.885,4165.3,3326.5898333333334
2021-07-27,2522.8,4326.8,3428.570833333333,2469.941,4191.631,3320.2774583333335
2021-07-28,2389.8,3324.3,2929.1541666666667,2356.326,3211.398,2831.7972083333334
2021-07-29,2096.8,3263.7,2757.5791666666664,2136.172,3373.465,2800.900875
2021-07-30,2287.4,3379.0,2882.7000000000003,2215.388,3284.142,2784.2339166666666
2021-07-31,1947.2,2698.9,2331.2708333333335,1915.139,2675.058,2302.7475833333333
2021-08-01,1904.1,2874.5,2395.1958333333337,1891.83,2833.561,2374.6047916666666
2021-08-02,2074.8,3384.1,2760.2041666666664,2110.035,3363.144,2802.960375
2021-08-03,2104.8,3344.9,2784.1124999999997,2087.176,3215.0,2753.5253749999997
2021-08-04,2129.3,3248.7,2725.6916666666666,2178.197,3244.137,2800.604125
2021-08-05,2105.8,3097.4,2696.6041666666665,2150.705,3009.515,2695.8084583333334
2021-08-06,2116.7,3726.2,2966.629166666667,2116.985,3885.682,3065.13175
2021-08-07,2243.6,3711.8,2994.6708333333336,2338.15,3861.354,3136.7454999999995
2021-08-08,2386.9,3329.0,2875.9,2478.71,3429.411,3004.587125
2021-08-09,2352.3,3521.9,2994.2999999999997,2466.008,3515.585,3035.2605
2021-08-10,2312.4,3723.1,3086.9166666666665,2256.542,3433.8,2938.604125
2021-08-11,2522.4,4475.1,3525.3916666666664,2523.785,4832.798,3751.573083333333
2021-08-12,2848.1,4971.4,3970.3416666666667,3032.436,4971.276,4038.63225
2021-08-13,2970.1,4878.7,3969.5125000000003,2978.813,4853.03,3990.8651666666665
2021-08-14,2830.3,4128.8,3471.6124999999997,2990.264,4367.196,3687.099875
2021-08-15,2305.8,3201.5,2733.0875,2364.55,3299.495,2824.6771666666664
2021-08-16,2123.3,3428.8,2834.995833333333,2233.199,3405.342,2880.816166666667
2021-08-17,2139.9,3646.1,2970.2125,2226.813,3811.533,3111.084083333333
2021-08-18,2334.6,3909.7,3200.775,2452.668,4133.732,3364.997041666667
2021-08-19,2587.8,3828.5,3300.3958333333335,2599.905,4118.096,3416.7762500000003
2021-08-20,2625.2,4004.7,3368.0833333333335,2733.822,3765.795,3336.178583333333
2021-08-21,2632.2,3750.7,3223.9166666666665,2605.034,3921.129,3297.9637916666666
2021-08-22,2385.1,3227.0,2848.379166666667,2570.064,3206.61,2918.737375
2021-08-23,2383.7,3828.5,3199.695833333333,2455.434,3921.407,3237.4855000000002
2021-08-24,2456.3,4247.1,3416.0791666666664,2534.696,4569.582,3561.0433749999997
2021-08-25,2580.6,4470.5,3575.633333333333,2804.199,4703.176,3792.8534583333335
2021-08-26,2674.6,4898.9,3819.304166666667,2822.202,4995.311,4000.6489166666665
2021-08-27,2793.1,4221.6,3523.8541666666665,3128.536,4676.45,3896.3255416666666
2021-08-28,2294.6,2741.3,2567.9666666666667,2344.31,2929.098,2641.5807083333334
2021-08-29,2043.2,3064.4,2569.7000000000003,2049.61,2909.318,2482.0622916666666
2021-08-30,2265.8,4124.1,3246.6,2324.545,4215.452,3334.968041666667
2021-08-31,2424.9,3831.1,3194.2374999999997,2605.479,3741.19,3238.5229999999997
2021-09-01,2273.0,3329.0,2879.8624999999997,2329.41,3161.685,2827.64425
2021-09-02,2027.8,2830.6,2525.516666666667,2060.386,3017.709,2602.660083333333
2021-09-03,1919.2,2787.1,2444.6,1918.285,2916.096,2482.7175416666664
2021-09-04,1806.1,2742.5,2283.1041666666665,1922.217,2804.525,2370.019625
2021-09-05,1859.2,2837.8,2346.054166666667,1978.392,2693.866,2387.991791666667
2021-09-06,2117.1,3198.3,2645.525,2149.18,3303.996,2711.607125
2021-09-07,2048.2,3388.5,2742.816666666667,2068.999,3356.372,2768.125083333333
2021-09-08,2048.3,3726.7,2919.9666666666667,2107.045,3704.222,3022.0455416666664
2021-09-09,2343.4,3312.4,2904.8916666666664,2488.249,3523.179,3106.72075
2021-09-10,2081.8,2996.7,2592.1,2217.636,3174.746,2750.569
2021-09-11,1921.1,2829.5,2358.0041666666666,1907.541,2759.172,2356.0472083333334
2021-09-12,2028.9,3347.8,2661.1458333333335,2005.97,3297.75,2637.7249583333332
2021-09-13,2257.7,3409.6,2906.4,2393.944,3443.292,2941.231875
2021-09-14,1989.5,3075.1,2627.6916666666666,2088.216,3094.968,2688.9792083333336
2021-09-15,2105.0,3824.4,3049.8958333333335,2185.117,4069.107,3231.2310833333336
2021-09-16,2329.8,3191.1,2853.620833333333,2391.44,3204.78,2855.1470833333333
2021-09-17,2108.3,3057.6,2692.2875,2078.448,2977.867,2643.0935833333333
2021-09-18,2071.3,2968.5,2542.6458333333335,2043.194,2963.796,2533.0645416666666
2021-09-19,1992.7,2699.7,2343.741666666667,2066.186,2769.428,2383.5174583333333
2021-09-20,1942.4,3007.8,2525.5499999999997,1894.59,2939.614,2493.6871666666666
2021-09-21,1856.2,2972.9,2497.3250000000003,1880.795,3055.302,2558.06225
2021-09-22,2077.8,3283.2,2784.0750000000003,2142.959,3347.364,2878.4102916666666
2021-09-23,2145.0,3433.8,2893.2125,2208.011,3506.262,2990.459208333333
2021-09-24,2246.1,3240.2,2852.65,2360.98,3503.85,3038.7198750000002
2021-09-25,2076.6,2894.5,2486.8458333333333,2082.51,2819.876,2474.656875
2021-09-26,1952.8,2757.7,2319.7291666666665,2032.61,2703.591,2380.1643333333336
2021-09-27,1886.8,3056.0,2515.5041666666666,1847.368,2946.284,2492.500666666667
2021-09-28,1905.8,2878.9,2527.6041666666665,1995.952,2981.576,2599.425041666667
2021-09-29,1813.8,2745.2,2352.025,1832.859,2690.206,2331.1312916666666
2021-09-30,1808.2,2710.0,2336.304166666667,1804.419,2648.385,2314.7565
2021-10-01,1842.3,2679.1,2343.633333333333,1786.955,2599.096,2289.7663333333335
2021-10-02,1860.0,2658.1,2244.5916666666667,1767.629,2541.62,2170.7334583333336
2021-10-03,1781.1,2676.5,2189.945833333333,1814.41,2602.23,2208.0355
2021-10-04,1881.4,2900.6,2485.7625000000003,1869.403,2795.463,2435.0300833333336
2021-10-05,1885.1,2850.1,2444.4375,1838.063,2743.982,2403.360708333333
2021-10-06,1769.6,2737.2,2327.5041666666666,1828.846,2780.007,2386.6182083333333
2021-10-07,1823.8,2830.6,2375.65,1829.098,2845.552,2430.891958333333
2021-10-08,1853.6,2671.8,2331.7374999999997,1853.832,2723.662,2392.2115416666666
2021-10-09,1824.0,2485.6,2174.5291666666667,1857.682,2453.936,2169.888875
2021-10-10,1718.3,2515.0,2100.9333333333334,1798.462,2519.762,2165.916541666667
2021-10-11,1796.6,2740.3,2337.9874999999997,1851.356,2794.707,2373.484958333333
2021-10-12,1800.1,2909.6,2415.2833333333333,1851.074,2937.714,2463.3577083333334
2021-10-13,1830.5,3074.0,2483.525,1897.91,2994.164,2516.681916666667
2021-10-14,1895.3,2989.5,2508.258333333333,1918.307,2976.531,2556.465291666667
2021-10-15,1875.3,2902.5,2478.3458333333333,1971.187,2905.701,2551.353833333333
2021-10-16,1889.6,2720.9,2336.0625,2015.861,2824.561,2464.6995416666664
2021-10-17,1926.9,2502.0,2186.6541666666667,1894.294,2541.016,2168.571375
2021-10-18,1776.8,2673.1,2302.2708333333335,1789.328,2735.5,2312.2857916666667
2021-10-19,1797.5,2745.1,2308.0625,1815.18,2744.005,2328.973125
2021-10-20,1756.9,2842.2,2319.1875,1807.177,2790.001,2373.115208333333
2021-10-21,1772.5,2885.7,2379.070833333333,1837.245,2820.278,2413.1261666666664
2021-10-22,1803.5,2715.3,2359.7291666666665,1874.773,2733.499,2409.195833333333
2021-10-23,1861.9,2527.2,2202.429166666667,1774.242,2443.539,2105.8285833333334
2021-10-24,1828.3,2582.0,2132.9791666666665,1763.934,2553.321,2102.1642500000003
2021-10-25,1841.6,2901.5,2459.2208333333333,1788.175,2825.612,2427.1484583333336
2021-10-26,1833.5,2841.9,2442.7833333333333,1851.763,2879.669,2472.7943333333333
2021-10-27,1830.3,2771.0,2426.8958333333335,1848.174,2827.811,2445.402625
2021-10-28,1880.4,2805.9,2421.4500000000003,1882.148,2819.887,2458.7140833333333
2021-10-29,1928.5,2817.4,2456.0125000000003,1948.38,2784.208,2478.26625
2021-10-30,1839.0,2585.8,2263.1208333333334,1871.697,2627.201,2312.7895000000003
2021-10-31,1751.8,2442.0,2090.516666666667,1857.644,2519.04,2189.37225
2021-11-01,1849.7,2787.3,2376.366666666667,1825.726,2779.393,2354.4344583333336
2021-11-02,1848.5,2777.8,2380.329166666667,1872.112,2806.821,2398.336625
2021-11-03,1860.3,2783.9,2376.891666666667,1877.643,2836.927,2421.3662916666667
2021-11-04,1917.7,2848.3,2459.4500000000003,1973.925,2848.764,2480.66575
2021-11-05,1947.9,2759.0,2410.233333333333,1988.266,2784.615,2470.879375
2021-11-06,2063.7,2644.4,2320.85,2025.185,2611.21,2316.0073749999997
2021-11-07,2002.8,2762.9,2306.7625000000003,1979.277,2702.72,2285.7575
2021-11-08,1903.8,2846.9,2391.3541666666665,1943.011,2876.403,2447.692875
2021-11-09,1915.5,2888.6,2394.4500000000003,1918.189,2846.127,2416.6471666666666
2021-11-10,1809.4,2864.5,2340.8458333333333,1842.747,2816.807,2383.3430416666665
2021-11-11,1844.8,2834.3,2340.625,1907.506,2845.659,2381.7430416666666
2021-11-12,1859.5,2874.2,2440.75,1861.891,2917.301,2462.58925
2021-11-13,1918.4,2593.7,2222.9708333333333,1867.689,2573.45,2205.6605
2021-11-14,1984.8,2734.2,2290.070833333333,1906.122,2721.533,2263.4727083333332
2021-11-15,1972.0,3028.1,2552.7125,1910.394,2968.555,2474.7230416666666
2021-11-16,2099.6,3119.4,2588.1041666666665,2007.188,3013.293,2536.5705000000003
2021-11-17,2120.4,3042.4,2599.9166666666665,2054.227,3005.533,2570.913666666667
2021-11-18,1826.9,2728.4,2331.858333333333,1936.846,2871.369,2438.037041666667
2021-11-19,1920.9,2949.3,2452.2374999999997,1855.891,2939.29,2437.8109583333335
2021-11-20,2097.5,2810.6,2413.704166666667,2049.818,2746.91,2377.5637083333336
2021-11-21,2046.9,2728.3,2366.079166666667,1986.214,2732.573,2317.1931666666665
2021-11-22,1915.8,2955.8,2528.3333333333335,1879.015,2943.132,2478.9631249999998
2021-11-23,2099.1,3123.6,2667.920833333333,2030.744,3120.428,2625.7755833333335
2021-11-24,2171.4,3052.2,2665.7083333333335,2235.752,3062.778,2677.37725
2021-11-25,2029.8,2581.0,2355.1041666666665,2094.783,2582.199,2360.8613333333333
2021-11-26,2025.9,3014.2,2576.4666666666667,1913.611,2808.563,2409.2183333333332
2021-11-27,2131.0,2931.9,2520.0333333333333,2072.578,2877.896,2469.2588333333333
2021-11-28,2233.0,2990.9,2563.4083333333333,2189.397,2983.428,2538.1046666666666
2021-11-29,2155.6,3227.7,2768.4833333333336,2097.597,3210.267,2714.7964583333332
2021-11-30,2237.5,3296.3,2793.383333333333,2256.56,3203.663,2759.7339166666666
2021-12-01,2178.9,3153.2,2693.9708333333333,2150.976,3161.937,2705.742333333333
2021-12-02,2135.8,3119.6,2677.6458333333335,2117.776,3000.946,2612.2357916666665
2021-12-03,2034.3,3128.4,2627.170833333333,2001.753,3092.263,2596.1846666666665
2021-12-04,2253.7,2931.7,2584.170833333333,2184.977,2925.066,2533.266125
2021-12-05,2222.1,2974.7,2546.4333333333334,2100.034,2938.715,2447.009125
2021-12-06,1992.4,2891.1,2519.0583333333334,2039.958,3037.696,2591.737833333333
2021-12-07,2059.0,3229.2,2678.5375,2007.576,3163.082,2622.009
2021-12-08,2212.2,3286.9,2809.0458333333336,2158.456,3293.098,2799.0488333333337
2021-12-09,2237.3,3248.5,2780.6375000000003,2281.884,3309.617,2829.4845416666667
2021-12-10,2280.5,3080.3,2748.7041666666664,2264.912,3155.137,2783.711
2021-12-11,2049.5,2707.2,2403.4666666666667,2133.618,2873.628,2545.6002083333333
2021-12-12,1876.1,2836.9,2276.9083333333333,1955.677,2927.763,2399.647875
2021-12-13,2006.1,2982.1,2532.475,2113.447,3137.302,2675.9683333333332
2021-12-14,1965.0,3076.8,2541.233333333333,2067.059,3104.112,2617.0894583333334
2021-12-15,2116.3,3098.4,2651.0208333333335,2130.925,3178.809,2701.2041249999997
2021-12-16,1949.5,2877.2,2457.6208333333334,2024.534,3003.98,2567.47625
2021-12-17,1873.6,2863.5,2405.7625000000003,1936.178,2923.131,2455.779666666667
2021-12-18,2070.7,2933.7,2539.795833333333,2005.618,2986.371,2516.0067916666667
2021-12-19,2039.0,3028.9,2519.4416666666666,2073.608,3137.364,2600.222583333333
2021-12-20,2314.4,3362.6,2863.0125000000003,2372.721,3364.945,2905.1900833333334
2021-12-21,2312.3,3225.6,2779.0875,2320.624,3199.699,2785.0272499999996
2021-12-22,2162.6,3176.7,2715.9874999999997,2175.712,3196.121,2765.93975
2021-12-23,2257.7,3245.9,2797.866666666667,2256.024,3288.242,2815.8659583333333
2021-12-24,2350.4,3074.7,2738.191666666667,2355.642,3195.754,2817.7616249999996
2021-12-25,2243.2,2888.3,2594.7000000000003,2276.216,2864.915,2608.797
2021-12-26,2083.1,2938.3,2505.454166666667,2186.349,2968.77,2551.3671666666664
2021-12-27,2218.1,3201.1,2762.1875,2255.165,3230.351,2772.422541666667
2021-12-28,2212.9,3109.3,2672.320833333333,2209.471,3089.832,2665.4341666666664
2021-12-29,2117.2,3170.3,2701.0958333333333,2109.834,3072.219,2628.034916666667
2021-12-30,1859.3,2822.6,2417.2625000000003,2083.607,3028.066,2606.694625
2021-12-31,1930.4,2814.0,2420.6833333333334,2039.406,2913.133,2490.0296249999997
2022-01-01,2094.7,2755.0,2444.8333333333335,1981.078,2693.96,2334.505958333333
2022-01-02,1971.0,2810.2,2382.4125,1939.757,2858.355,2394.4234166666665
2022-01-03,2225.5,3311.5,2846.195833333333,2172.206,3426.131,2892.196583333333
2022-01-04,2386.6,3277.4,2913.7083333333335,2455.513,3401.413,2949.9069999999997
2022-01-05,2325.4,3097.8,2782.7166666666667,2320.474,3151.562,2804.6726249999997
2022-01-06,2090.8,3132.3,2666.170833333333,2103.613,3216.016,2692.381625
2022-01-07,2185.7,3230.6,2785.491666666667,2241.372,3326.296,2863.7610833333333
2022-01-08,2422.8,3224.7,2825.008333333333,2427.63,3221.919,2852.449375
2022-01-09,2384.3,3044.2,2696.7916666666665,2393.26,3104.043,2729.2247083333336
2022-01-10,2230.9,3387.2,2889.8375,2235.405,3478.286,2916.2371666666663
2022-01-11,2504.9,3749.5,3200.629166666667,2572.628,3796.304,3259.7772083333334
2022-01-12,2624.1,3374.9,3043.2833333333333,2560.963,3421.615,3105.1020000000003
2022-01-13,2384.7,3170.8,2854.0458333333336,2327.515,3173.98,2779.1793333333335
2022-01-14,2190.1,3267.6,2831.820833333333,2214.411,3248.012,2825.2844583333335
2022-01-15,2589.4,3451.4,3035.0125000000003,2677.438,3658.501,3173.114416666667
2022-01-16,2648.4,3314.3,2953.4791666666665,2678.854,3409.028,3065.3548333333333
2022-01-17,2367.9,3224.8,2812.0375,2435.358,3241.455,2820.3260000000005
2022-01-18,2319.8,3416.8,2943.7125,2320.107,3509.703,2958.2052083333333
2022-01-19,2471.5,3217.8,2910.3375,2453.219,3287.995,2935.2575416666664
2022-01-20,2193.3,3358.7,2871.804166666667,2218.124,3336.919,2859.775958333333
2022-01-21,2534.7,3549.3,3137.4166666666665,2584.363,3578.833,3157.418125
2022-01-22,2656.8,3324.5,2975.9791666666665,2710.211,3337.086,3015.3009166666666
2022-01-23,2482.3,3252.8,2821.754166666667,2583.812,3231.072,2844.20125
2022-01-24,2467.6,3431.4,3008.6,2399.363,3437.876,2964.1373333333336
2022-01-25,2366.9,3273.5,2874.7291666666665,2385.096,3291.209,2889.8270833333336
2022-01-26,2413.7,3556.5,3072.070833333333,2443.979,3558.088,3042.5919166666667
2022-01-27,2708.4,3518.0,3155.7708333333335,2737.416,3558.548,3177.518791666667
2022-01-28,2450.1,3262.9,2936.0499999999997,2519.942,3322.43,2990.0423749999995
2022-01-29,2510.0,3435.9,3006.7208333333333,2521.887,3521.926,3082.855
2022-01-30,2712.4,3422.5,3010.6124999999997,2713.463,3538.377,3078.787291666667
2022-01-31,2677.0,3548.3,3118.945833333333,2742.872,3529.934,3197.445375
2022-02-01,2555.1,3399.0,3036.3916666666664,2643.222,3474.514,3148.7533333333336
2022-02-02,2335.1,3211.6,2844.883333333333,2407.887,3207.384,2866.4454583333336
2022-02-03,2198.3,3106.6,2739.3541666666665,2220.864,3116.039,2739.0239166666665
2022-02-04,2176.2,3342.9,2847.5833333333335,2165.003,3428.002,2923.9800833333334
2022-02-05,2380.9,3203.6,2816.7708333333335,2487.952,3330.497,2928.057041666667
2022-02-06,2658.8,3324.4,2942.866666666667,2704.547,3327.101,2967.1043750000003
2022-02-07,2534.0,3319.5,3000.0916666666667,2498.917,3344.355,2994.7737500000003
2022-02-08,2275.8,3245.6,2839.4708333333333,2288.509,3207.977,2825.0725416666664
2022-02-09,2222.7,3095.6,2724.3875,2333.055,3127.044,2761.5375
2022-02-10,2170.0,2994.0,2626.858333333333,2292.196,3060.132,2738.840583333333
2022-02-11,2172.0,3011.0,2619.4,2251.076,2925.081,2622.417375
2022-02-12,2070.0,2754.0,2392.7999999999997,2080.21,2688.753,2371.383125
2022-02-13,2130.1,3130.7,2620.5375,2113.977,3178.207,2671.1915
2022-02-14,2389.5,3479.1,3011.6041666666665,2412.033,3546.57,3085.393
2022-02-15,2622.0,3416.1,3060.2000000000003,2694.117,3508.369,3188.623125
2022-02-16,2441.0,3233.6,2912.3375,2435.574,3338.305,2978.3837499999995
2022-02-17,2126.7,2946.8,2592.5416666666665,2181.808,2902.111,2576.7182916666666
2022-02-18,2023.9,3073.4,2596.766666666667,1988.899,3001.413,2535.1542083333334
2022-02-19,2282.6,2975.0,2621.5541666666663,2334.356,3042.512,2683.2353749999997
2022-02-20,2373.7,3062.1,2675.725,2495.485,3063.844,2710.5442083333332
2022-02-21,2319.4,2902.8,2602.2999999999997,2313.744,2879.429,2570.2501666666667
2022-02-22,2234.3,3036.8,2718.141666666667,2149.674,3048.864,2653.6224583333333
2022-02-23,1975.6,2832.9,2460.8708333333334,1997.388,2822.185,2470.7791666666667
2022-02-24,2171.8,3124.0,2732.9083333333333,2205.611,3217.574,2835.5368333333336
2022-02-25,2379.8,3349.8,2951.754166666667,2352.195,3365.304,2931.0605
2022-02-26,2466.8,3085.0,2758.191666666667,2503.907,3076.593,2804.5816666666665
2022-02-27,2379.8,3037.0,2639.6958333333337,2443.383,3060.383,2696.797916666667
2022-02-28,2410.8,3446.8,2980.525,2428.771,3391.168,2980.8547916666666
2022-03-01,2465.0,3263.9,2942.6458333333335,2504.329,3278.578,2997.6240833333336
2022-03-02,2235.1,3168.4,2739.433333333333,2238.386,3073.267,2694.2386666666666
2022-03-03,2154.9,3164.7,2673.4083333333333,2214.226,3192.425,2751.171375
2022-03-04,2518.9,3228.2,2865.3125,2494.435,3146.552,2868.470458333333
2022-03-05,2262.5,2963.1,2575.8958333333335,2404.062,2878.085,2608.4194583333333
2022-03-06,2108.4,2728.9,2376.883333333333,2149.089,2737.437,2399.932875
2022-03-07,1951.3,2917.6,2540.608333333333,1930.408,2864.126,2466.308875
2022-03-08,2007.7,3060.4,2542.5625,1987.471,2971.714,2501.2695416666666
2022-03-09,2235.4,3282.5,2791.0333333333333,2171.137,3153.848,2753.7473750000004
2022-03-10,2250.6,3036.1,2637.9666666666667,2238.287,2918.492,2612.7829166666666
2022-03-11,2092.2,2866.5,2518.4333333333334,2134.813,2777.255,2484.557208333333
2022-03-12,2127.7,2926.3,2543.4125,2012.028,2964.126,2518.7754583333335
2022-03-13,2214.1,2879.7,2491.4666666666667,2411.061,2954.384,2586.3267499999997
2022-03-14,2192.0,2865.4,2547.275,2273.384,3012.096,2602.905625
2022-03-15,1991.7,2741.5,2456.5625,2042.494,2744.07,2442.372375
2022-03-16,2048.5,2808.3,2498.641666666667,1988.119,2766.624,2427.99125
2022-03-17,1947.3,2689.2,2417.375,1996.447,2729.247,2473.556708333333
2022-03-18,1891.6,2549.9,2314.85,1916.752,2566.063,2334.8032916666666
2022-03-19,1946.2,2639.9,2359.9416666666666,1825.839,2530.039,2258.0064583333333
2022-03-20,1885.1,2558.0,2213.6291666666666,1888.46,2512.947,2161.7930833333335
2022-03-21,1963.4,2789.8,2393.5875,1882.674,2690.899,2346.1789583333334
2022-03-22,2080.7,2867.0,2495.991666666667,1947.829,2760.566,2408.315125
2022-03-23,2148.5,2897.5,2565.7833333333333,2057.512,2772.445,2461.724708333333
2022-03-24,2047.0,2947.9,2617.0375,2001.168,2917.545,2592.6353750000003
2022-03-25,2017.4,2699.9,2416.2208333333333,2048.815,2741.421,2420.440875
2022-03-26,1976.4,2611.0,2290.1916666666666,1900.11,2518.316,2219.6992916666663
2022-03-27,1977.0,2713.6,2294.0833333333335,1932.268,2660.922,2239.866
2022-03-28,2108.7,3069.2,2655.4416666666666,2111.488,3099.507,2687.3314583333336
2022-03-29,2359.6,3025.9,2742.679166666667,2400.828,3080.011,2746.6321666666668
2022-03-30,2250.0,2920.1,2597.170833333333,2257.923,2946.745,2597.046375
2022-03-31,2104.6,2691.5,2481.8041666666663,2041.786,2790.044,2527.456541666667
2022-04-01,1836.5,2581.0,2303.2625000000003,1894.051,2619.732,2367.222625
2022-04-02,1961.4,2503.5,2191.795833333333,1987.91,2488.923,2209.922
2022-04-03,1900.5,2626.2,2236.733333333333,1971.666,2626.803,2246.152666666667
2022-04-04,1914.3,2694.6,2376.7458333333334,1971.851,2685.311,2377.6368333333335
2022-04-05,1933.1,2622.0,2333.820833333333,1932.719,2609.975,2328.350375
2022-04-06,1938.2,2841.9,2513.2000000000003,1879.118,2736.566,2439.7272083333332
2022-04-07,1905.0,2749.5,2436.9666666666667,1962.999,2735.051,2458.3477916666666
2022-04-08,1962.6,2678.6,2376.929166666667,1971.556,2680.71,2362.083875
2022-04-09,1831.0,2405.6,2139.4083333333333,1872.833,2446.343,2213.5865
2022-04-10,1882.9,2534.8,2146.6,1914.99,2553.31,2161.3933333333334
2022-04-11,1984.6,2659.6,2337.1875,1930.397,2611.443,2325.3548333333333
2022-04-12,1827.3,2579.2,2268.045833333333,1847.762,2681.612,2343.6995833333335
2022-04-13,1741.6,2549.2,2246.1875,1838.893,2602.079,2308.3156249999997
2022-04-14,1775.0,2665.1,2316.475,1801.704,2643.222,2356.2496666666666
2022-04-15,1716.6,2472.8,2152.8375,1857.622,2456.848,2233.754125
2022-04-16,1745.4,2327.9,2074.983333333333,1798.64,2401.261,2114.4424166666668
2022-04-17,1799.3,2449.9,2082.3333333333335,1814.206,2396.253,2089.0885000000003
2022-04-18,1891.1,2617.5,2325.1458333333335,1917.513,2554.997,2244.6029166666667
2022-04-19,1914.1,2723.2,2385.9958333333334,1902.317,2601.719,2353.7896666666666
2022-04-20,1940.3,2663.6,2298.525,1942.876,2529.702,2293.762375
2022-04-21,1896.5,2614.9,2324.3708333333334,1903.421,2557.141,2279.6555416666665
2022-04-22,1805.5,2469.3,2185.866666666667,1849.73,2438.316,2219.4657083333336
2022-04-23,1814.4,2371.3,2043.9458333333332,1819.189,2350.92,2055.7585416666666
2022-04-24,1764.7,2517.7,2116.045833333333,1786.382,2467.938,2091.6387083333334
2022-04-25,1825.9,2617.1,2281.929166666667,1832.841,2551.815,2264.7687499999997
2022-04-26,1884.5,2681.5,2369.0583333333334,1839.313,2691.24,2375.5565833333335
2022-04-27,1782.3,2549.5,2246.108333333333,1846.861,2563.547,2295.325625
2022-04-28,1855.2,2579.1,2277.295833333333,1923.558,2588.151,2317.3303333333333
2022-04-29,1992.5,2583.3,2360.741666666667,1926.241,2493.943,2287.8462916666667
2022-04-30,1956.4,2442.5,2185.679166666667,1893.308,2350.393,2097.9753333333333
2022-05-01,1794.2,2383.6,1997.5041666666666,1834.53,2410.667,2041.375
2022-05-02,1907.9,2654.6,2372.8541666666665,1786.942,2609.153,2296.1874583333333
2022-05-03,1869.2,2679.0,2386.75,1840.925,2577.467,2302.581041666667
2022-05-04,2007.3,2779.1,2496.2374999999997,1824.203,2701.529,2383.411125
2022-05-05,1842.8,2576.0,2257.204166666667,1849.261,2521.224,2248.992083333333
2022-05-06,1858.8,2565.7,2302.3624999999997,1792.402,2486.624,2250.0242916666666
2022-05-07,1775.2,2439.9,2149.4166666666665,1785.131,2370.968,2071.954458333333
2022-05-08,1803.0,2483.2,2109.858333333333,1815.954,2395.486,2027.3441666666668
2022-05-09,1820.1,2593.4,2282.9791666666665,1850.964,2540.117,2248.9822083333333
2022-05-10,1850.0,2606.0,2286.1458333333335,1849.499,2502.682,2233.5894583333334
2022-05-11,1895.5,2653.1,2376.4791666666665,1834.919,2503.812,2247.644333333333
2022-05-12,1860.7,2699.7,2384.225,1799.204,2586.242,2295.0032916666664
2022-05-13,1856.1,2782.6,2440.2541666666666,1827.001,2983.023,2477.789125
2022-05-14,1960.0,3041.5,2504.8125,2026.03,3183.548,2639.0326250000003
2022-05-15,2093.8,2905.9,2486.1916666666666,2137.817,3085.07,2599.4065
2022-05-16,2043.4,3181.4,2683.954166666667,2100.92,3395.531,2810.3494166666665
2022-05-17,1878.2,2704.3,2371.204166666667,2053.295,2826.751,2505.853375
2022-05-18,1790.2,2560.6,2228.1458333333335,1892.85,2775.412,2373.81
2022-05-19,1831.0,2750.0,2410.829166666667,1855.595,2715.848,2382.7254583333333
2022-05-20,1796.2,2729.0,2323.179166666667,1833.048,2589.699,2338.080375
2022-05-21,1973.7,3327.6,2658.7083333333335,1917.378,2975.893,2462.653875
2022-05-22,2242.6,3703.2,2954.5458333333336,2091.932,3755.563,2902.9384166666664
2022-05-23,2135.8,2852.1,2579.4666666666667,2221.293,2874.301,2642.5697083333334
2022-05-24,1834.9,2534.3,2271.5333333333333,1942.074,2617.832,2353.8065
2022-05-25,1796.7,2548.9,2258.295833333333,1880.405,2731.457,2373.4768333333336
2022-05-26,1774.0,2646.0,2296.579166666667,1869.425,2756.907,2409.0042916666666
2022-05-27,1890.3,3019.9,2580.195833333333,1992.281,3324.088,2744.4474583333335
2022-05-28,2126.4,2892.0,2566.2166666666667,2203.919,2804.578,2522.72025
2022-05-29,1833.8,2656.1,2221.3708333333334,1861.945,2578.719,2234.274375
2022-05-30,1849.3,3180.8,2524.2000000000003,1937.356,3460.467,2680.3017916666668
2022-05-31,2137.8,2871.4,2625.1458333333335,2175.43,3167.728,2693.6770833333335
2022-06-01,1943.3,2692.4,2411.9375,1901.089,2706.545,2397.481
2022-06-02,1859.5,2697.8,2403.9500000000003,1828.453,2675.072,2358.43425
2022-06-03,1893.2,2733.8,2434.8333333333335,1823.186,2648.823,2345.873666666667
2022-06-04,1813.2,2517.7,2192.5625,1816.582,2584.814,2204.6148749999998
2022-06-05,1800.8,2560.8,2172.2208333333333,1778.403,2651.082,2176.9353333333333
2022-06-06,1868.8,2811.1,2399.179166666667,1842.278,3037.139,2516.405
2022-06-07,1848.9,3008.6,2492.4041666666667,1941.248,3161.97,2646.08075
2022-06-08,2044.6,3233.0,2675.204166666667,2084.218,3408.213,2815.294583333333
2022-06-09,2053.4,2942.8,2579.4874999999997,2114.773,3505.459,2849.7244583333336
2022-06-10,1846.4,2974.4,2463.7166666666667,2010.662,3121.399,2625.635041666667
2022-06-11,1962.5,2801.5,2409.1375000000003,1964.655,2793.316,2403.5688333333333
2022-06-12,1847.3,2728.5,2314.0499999999997,1929.077,2985.399,2490.1844166666665
2022-06-13,2030.6,3340.0,2701.5041666666666,2210.459,3724.65,3015.579208333333
2022-06-14,2048.8,3262.0,2709.225,2130.174,3506.521,2846.5023333333334
2022-06-15,1952.6,2947.9,2528.0,2146.888,3201.797,2721.0134583333333
2022-06-16,1864.1,2988.0,2514.25,1995.71,2957.594,2607.275125
2022-06-17,1978.9,3543.1,2820.4166666666665,2109.314,3712.917,2964.7501666666667
2022-06-18,2088.0,2557.1,2352.4500000000003,2059.14,2463.981,2316.300875
2022-06-19,1746.1,2454.8,2100.3875000000003,1784.169,2284.54,2070.5508333333332
2022-06-20,1774.2,2780.2,2355.0583333333334,1773.403,2765.077,2300.95475
2022-06-21,1802.8,2814.7,2406.679166666667,1833.477,2984.44,2463.895958333333
2022-06-22,1833.2,2779.9,2430.475,1942.605,2886.442,2495.6568333333335
2022-06-23,1967.0,2993.0,2566.4583333333335,1975.833,3054.54,2590.8456666666666
2022-06-24,1850.0,2834.8,2444.15,1977.126,3265.662,2697.7774583333335
2022-06-25,1911.1,3283.8,2627.5833333333335,2144.46,3543.916,2854.787291666667
2022-06-26,2117.8,3652.1,2868.683333333333,2299.957,3926.896,3132.15725
2022-06-27,2408.1,3412.5,2958.1666666666665,2498.332,3514.45,3096.3019583333335
2022-06-28,2014.9,3150.1,2668.0041666666666,2067.933,3324.099,2757.637625
2022-06-29,1990.2,3470.0,2795.1666666666665,2109.886,3534.808,2885.3096666666665
2022-06-30,2140.6,3483.4,2864.4083333333333,2192.806,3420.095,2830.6095
2022-07-01,2161.7,4179.6,3231.6666666666665,2204.08,4216.572,3278.849166666667
2022-07-02,2473.7,3522.7,3044.370833333333,2658.241,3642.348,3108.9668333333334
2022-07-03,2125.9,3288.3,2685.8166666666666,2241.312,3186.257,2672.1402916666666
2022-07-04,2018.3,3301.2,2661.5125000000003,2107.261,3179.769,2646.043958333333
2022-07-05,2113.2,3718.5,2961.883333333333,2194.798,3330.823,2834.3425
2022-07-06,2293.9,3706.7,3030.7999999999997,2279.613,3550.328,3024.6494166666666
2022-07-07,2107.5,3326.7,2783.6749999999997,2194.752,3423.477,2863.1017916666665
2022-07-08,2090.6,3680.5,2896.558333333333,2174.687,3679.983,3004.0874166666667
2022-07-09,2088.6,2843.2,2476.9041666666667,2300.318,3047.326,2694.7149583333335
2022-07-10,1871.5,2865.9,2358.6666666666665,1964.442,2979.819,2457.6226666666666
2022-07-11,1963.4,3723.2,2866.1583333333333,2111.741,3829.407,3006.062875
2022-07-12,2276.8,4135.7,3243.9500000000003,2306.819,4269.125,3333.145
2022-07-13,2396.1,4114.4,3270.3333333333335,2602.097,4071.514,3396.6227916666667
2022-07-14,2459.0,3565.6,3077.7374999999997,2514.2,4019.417,3289.244666666667
2022-07-15,2118.0,3422.5,2812.125,2338.063,3570.794,3001.5515833333334
2022-07-16,2159.7,3286.7,2753.2999999999997,2243.079,3366.156,2860.6427083333333
2022-07-17,2239.7,3610.9,2914.508333333333,2344.205,3913.621,3143.8092916666665
2022-07-18,2470.9,3993.6,3306.745833333333,2672.563,4022.971,3474.4226249999997
2022-07-19,2595.3,4473.9,3540.816666666667,2779.492,4592.071,3730.0243749999995
2022-07-20,2658.9,4613.6,3675.2333333333336,2868.852,4883.684,4006.258333333333
2022-07-21,2721.1,4538.2,3715.6708333333336,3121.805,5098.732,4176.772833333333
2022-07-22,2679.6,4497.1,3634.2833333333333,3066.404,4659.504,3937.2263333333335
2022-07-23,2691.9,4298.2,3503.633333333333,2910.782,4478.394,3729.873833333333
2022-07-24,2663.9,4499.1,3602.525,2863.718,4772.318,3893.5516666666667
2022-07-25,2979.0,4410.5,3728.570833333333,3433.941,4802.647,4169.357958333333
2022-07-26,2492.9,3864.7,3211.3375,2709.549,3728.445,3281.6782500000004
2022-07-27,2273.0,3768.8,3078.370833333333,2330.92,3756.118,3089.998
2022-07-28,2358.9,4147.4,3363.754166666667,2405.754,4439.397,3499.1314583333333
2022-07-29,2608.8,4148.1,3422.741666666667,2817.555,4403.172,3667.0956666666666
2022-07-30,2461.2,3603.4,3035.3958333333335,2766.776,3644.271,3205.68025
2022-07-31,2262.3,3734.3,2974.4,2323.407,3742.659,3058.8946250000004
2022-08-01,2582.0,4123.6,3394.1375000000003,2676.004,4049.433,3392.4232916666665
2022-08-02,2459.6,4432.1,3522.8250000000003,2558.221,4667.834,3653.4964999999997
2022-08-03,2657.4,4151.1,3449.4125000000004,2811.358,4229.739,3567.591291666667
2022-08-04,2663.1,5070.2,3918.4375,2705.369,5012.527,3938.313791666667
2022-08-05,2978.6,4679.4,3862.4541666666664,3158.564,4871.549,3926.8892083333335
2022-08-06,2821.4,4173.9,3512.058333333333,2881.325,4653.338,3805.9180416666663
2022-08-07,2837.6,4423.3,3627.0458333333336,3103.235,4754.881,3927.8447083333335
2022-08-08,3053.7,4695.4,3933.5249999999996,3229.713,5239.813,4298.2932083333335
2022-08-09,3156.0,4877.9,4038.566666666667,3199.545,5155.971,4185.7134166666665
2022-08-10,2575.8,3622.8,3164.116666666667,2664.762,3516.7,3116.9258750000004
2022-08-11,2352.4,3767.6,3137.375,2414.665,3607.067,3126.956
2022-08-12,2440.1,3463.0,2993.7083333333335,2422.268,3484.261,2946.209208333333
2022-08-13,2046.1,2815.2,2460.2708333333335,2109.372,2829.276,2489.880041666667
2022-08-14,1892.9,3017.2,2442.883333333333,2005.319,3046.617,2531.6062916666665
2022-08-15,2163.0,3359.3,2799.6749999999997,2170.256,3464.889,2858.3707083333334
2022-08-16,2029.6,3240.6,2713.2875,2199.102,3371.548,2853.0569166666664
2022-08-17,2011.1,3034.8,2625.8375,2241.061,3182.34,2757.2573749999997
2022-08-18,1952.6,3277.5,2681.4708333333333,2133.51,3309.953,2787.5903333333335
2022-08-19,2134.0,3967.7,3067.8333333333335,2223.437,4003.28,3124.996458333333
2022-08-20,2413.4,3893.5,3161.7999999999997,2399.538,3833.292,3128.4819583333333
2022-08-21,2262.2,3675.0,2947.4,2581.275,3758.406,3158.612333333333
2022-08-22,2340.4,3526.3,3021.4125,2513.291,3506.542,3096.79975
2022-08-23,2413.0,3826.0,3191.1375000000003,2410.027,3434.685,3028.8145833333333
2022-08-24,2476.3,4040.3,3296.5458333333336,2358.858,3939.348,3197.4905
2022-08-25,2376.9,4081.0,3277.9541666666664,2491.332,4147.49,3376.2958333333336
2022-08-26,2526.9,4156.2,3403.6458333333335,2521.249,4226.729,3285.581083333333
2022-08-27,2422.5,3162.8,2806.133333333333,2441.348,3227.667,2865.4584166666664
2022-08-28,2125.7,3130.9,2646.3458333333333,2233.736,3340.538,2760.543875
2022-08-29,2271.1,4193.8,3262.7625000000003,2262.503,4357.273,3340.61175
2022-08-30,2614.0,4419.0,3564.683333333333,2694.831,4720.463,3730.964625
2022-08-31,2788.1,4135.9,3446.5333333333333,2644.176,3937.525,3365.2376666666664
2022-09-01,2228.1,3340.8,2821.4041666666667,2225.312,3319.633,2810.0190416666665
2022-09-02,1931.9,2952.2,2495.5833333333335,1995.961,2938.955,2496.167625
2022-09-03,1886.5,2919.3,2414.9874999999997,1940.936,2809.322,2395.8930833333334
2022-09-04,1988.8,3316.1,2631.975,2020.58,3419.039,2712.8834583333332
2022-09-05,2324.7,3094.2,2746.045833333333,2358.061,2969.036,2744.1136666666666
2022-09-06,2102.8,3175.9,2711.3125,2075.714,2983.574,2647.9921666666664
2022-09-07,2114.5,3117.6,2705.1875,2004.064,2979.144,2573.0490416666667
2022-09-08,2049.2,3090.9,2647.0875,1960.812,2994.764,2543.4417916666666
2022-09-09,2009.0,3178.9,2645.516666666667,1938.377,3132.702,2589.573041666667
2022-09-10,1893.1,3062.2,2486.204166666667,2037.395,3213.474,2641.808
2022-09-11,2203.8,3198.0,2702.3875000000003,2186.852,3024.712,2642.4204999999997
2022-09-12,2292.2,3651.3,3030.070833333333,2188.395,3568.469,2977.9247083333335
2022-09-13,2354.7,3584.7,3042.0,2343.595,3417.54,3019.6773749999998
2022-09-14,2020.6,3277.1,2678.4416666666666,2167.17,3325.268,2794.9895416666664
2022-09-15,1992.2,2767.8,2435.733333333333,2088.255,2796.485,2463.8542083333336
2022-09-16,1799.0,2709.6,2327.891666666667,1813.258,2713.893,2319.0822916666666
2022-09-17,1719.7,2493.3,2086.733333333333,1795.961,2474.853,2133.5354583333333
2022-09-18,1796.1,3014.2,2372.016666666667,1859.936,3202.453,2503.393833333333
2022-09-19,2000.6,3012.2,2612.2291666666665,2181.862,2894.869,2607.489125
2022-09-20,2031.7,2925.5,2585.2374999999997,1920.501,2763.483,2463.657583333333
2022-09-21,1797.7,2855.4,2388.6458333333335,1872.4,2793.575,2431.789125
2022-09-22,1963.5,2872.1,2502.6583333333333,1976.98,3051.733,2555.4039583333333
2022-09-23,1779.1,2684.3,2308.2875,1803.254,2476.871,2220.8480833333333
2022-09-24,1806.0,2392.6,2088.991666666667,1775.809,2410.092,2077.6359583333333
2022-09-25,1721.9,2548.3,2117.4375,1748.366,2588.997,2150.6011249999997
2022-09-26,1790.9,2881.3,2393.633333333333,1860.683,2834.373,2422.5332916666666
2022-09-27,1805.5,2772.2,2361.545833333333,1873.899,2772.718,2401.616916666667
2022-09-28,1734.5,2659.1,2274.695833333333,1813.47,2739.8,2354.172125
2022-09-29,1741.5,2630.1,2249.5208333333335,1793.637,2619.332,2291.8509583333334
2022-09-30,1725.3,2587.9,2226.8875000000003,1777.577,2536.753,2243.7388333333333
2022-10-01,1878.0,2512.2,2235.2166666666667,1772.235,2438.373,2163.4870833333334
2022-10-02,1725.9,2492.4,2101.545833333333,1777.824,2493.354,2106.8480416666666
2022-10-03,1706.1,2619.0,2230.75,1782.422,2718.556,2325.852625
2022-10-04,1750.1,2711.6,2340.7125,1815.843,2716.728,2361.175625
2022-10-05,1767.4,2716.2,2322.8333333333335,1829.292,2732.717,2388.199125
2022-10-06,1783.8,2646.3,2282.516666666667,1850.832,2764.534,2385.455125
2022-10-07,1760.5,2624.7,2232.4083333333333,1829.968,2791.757,2388.029
2022-10-08,1844.9,2508.2,2153.4375,1761.804,2360.061,2052.91025
2022-10-09,1879.8,2605.7,2150.883333333333,1775.097,2414.129,2048.4261666666666
2022-10-10,1865.4,2749.3,2330.1666666666665,1775.953,2654.098,2252.098625
2022-10-11,1854.8,2781.9,2343.108333333333,1810.67,2712.273,2319.289416666667
2022-10-12,1839.9,2794.8,2365.5499999999997,1831.732,2727.61,2352.07575
2022-10-13,1761.2,2828.3,2371.9708333333333,1824.9,2818.114,2432.671291666667
2022-10-14,1885.5,2726.0,2381.991666666667,1938.245,2829.605,2465.1979166666665
2022-10-15,1788.6,2437.4,2080.7208333333333,1789.138,2466.754,2126.0419583333332
2022-10-16,1796.6,2636.5,2105.516666666667,1765.447,2542.444,2111.550875
2022-10-17,1799.4,2811.8,2404.6916666666666,1775.953,2769.462,2375.465875
2022-10-18,1849.1,2861.3,2395.4,1852.202,2715.217,2386.1245833333332
2022-10-19,1863.4,2829.4,2365.4249999999997,1816.253,2669.366,2300.0476249999997
2022-10-20,1782.0,2648.2,2245.2125,1852.643,2673.372,2323.641
2022-10-21,1751.6,2519.8,2151.7125,1850.214,2609.779,2304.40125
2022-10-22,1878.0,2523.9,2160.1375000000003,1814.802,2450.588,2128.1427083333333
2022-10-23,1823.8,2630.7,2219.1541666666667,1775.975,2583.073,2167.1650833333333
2022-10-24,1856.6,2898.2,2475.579166666667,1794.996,2793.883,2407.4344583333336
2022-10-25,1880.0,2950.6,2522.945833333333,1850.931,2829.171,2438.376041666667
2022-10-26,1745.1,2809.8,2382.7166666666667,1875.973,2849.101,2476.0269583333334
2022-10-27,1775.8,2658.8,2259.1666666666665,1900.339,2675.389,2349.188583333333
2022-10-28,1858.0,2627.8,2303.3333333333335,1826.561,2604.488,2282.9739999999997
2022-10-29,1958.9,2533.0,2202.320833333333,1881.224,2469.568,2170.8020416666664
2022-10-30,1930.5,2605.6,2205.9249999999997,1870.172,2552.193,2163.1745
2022-10-31,1866.3,2809.6,2425.1875,1844.667,2711.596,2354.7215
2022-11-01,1752.4,2765.7,2330.508333333333,1819.099,2794.158,2406.92425
2022-11-02,1739.3,2618.9,2233.8333333333335,1835.367,2715.431,2337.917
2022-11-03,1764.4,2543.2,2214.070833333333,1787.839,2719.088,2330.567791666667
2022-11-04,1773.9,2624.2,2252.6041666666665,1819.041,2718.277,2342.9309166666667
2022-11-05,1749.5,2545.6,2146.1541666666667,1834.329,2640.529,2256.8049166666665
2022-11-06,1787.7,2705.9,2204.0812499999997,1877.716,2802.134,2332.670625
2022-11-07,1967.4,2845.5,2446.695833333333,1966.798,2875.137,2474.939125
2022-11-08,1839.6,2794.5,2304.2625,1773.778,2781.264,2295.5093333333334
2022-11-09,1868.3,2796.3,2332.7916666666665,1908.036,2838.336,2395.6985
2022-11-10,1810.5,2718.3,2264.2875,1900.032,2799.015,2371.842166666667
2022-11-11,1745.5,2687.2,2277.6124999999997,1826.111,2816.472,2377.066083333333
2022-11-12,1882.9,2496.6,2172.1916666666666,1992.268,2608.113,2316.838875
2022-11-13,1701.0,2583.0,2113.170833333333,1759.959,2643.581,2199.6915416666666
2022-11-14,1868.4,2853.2,2367.616666666667,1889.048,2985.227,2468.871541666667
2022-11-15,1980.7,2865.6,2454.8708333333334,2082.43,3017.116,2578.746125
2022-11-16,1897.8,2855.6,2435.1,2046.655,2952.489,2567.851625
2022-11-17,1899.6,2853.2,2393.670833333333,2024.174,3009.038,2561.670291666667
2022-11-18,2000.7,2800.3,2446.475,2117.334,2987.509,2575.5801666666666
2022-11-19,2131.6,2737.7,2341.7374999999997,2129.626,2799.239,2439.480666666667
2022-11-20,1977.4,2909.9,2341.9166666666665,2137.427,3032.638,2513.8885833333334
2022-11-21,2113.7,3045.1,2551.9583333333335,2279.466,3209.151,2765.1542083333334
2022-11-22,2028.1,2960.6,2485.65,2175.503,3006.424,2607.407583333333
2022-11-23,1980.8,2851.7,2431.6541666666667,2099.228,2927.021,2543.58725
2022-11-24,2089.2,2674.7,2412.4791666666665,2109.428,2531.494,2371.375875
2022-11-25,1870.1,2674.8,2307.9791666666665,1990.086,2730.817,2404.4605
2022-11-26,2015.2,2603.0,2230.3250000000003,2017.667,2649.827,2309.6574583333336
2022-11-27,1911.9,2551.2,2200.7625000000003,1968.093,2780.906,2332.634541666667
2022-11-28,1829.3,2923.5,2444.8708333333334,1897.728,2982.453,2477.563583333333
2022-11-29,1924.1,2941.1,2468.633333333333,2071.481,3087.636,2654.2722083333333
2022-11-30,1907.4,2831.7,2462.5125000000003,2061.083,3032.406,2611.5332916666666
2022-12-01,2012.0,3083.6,2561.116666666667,2037.483,3155.898,2643.205375
2022-12-02,2042.6,2897.8,2503.733333333333,2183.175,3038.232,2634.2025
2022-12-03,2018.4,2775.1,2388.1375000000003,2051.851,2736.721,2423.3574166666667
2022-12-04,2044.7,2906.7,2326.4708333333333,2016.343,2918.542,2427.384541666667
2022-12-05,2036.8,3033.2,2509.795833333333,2179.967,3115.094,2671.6291666666666
2022-12-06,1946.3,2974.5,2495.125,2079.465,3026.203,2595.244916666667
2022-12-07,1951.9,2916.6,2505.741666666667,1964.586,2995.602,2553.919875
2022-12-08,1779.0,2917.7,2393.9,1916.055,2988.264,2483.755791666667
2022-12-09,1984.6,3087.2,2495.4333333333334,2114.962,3073.253,2633.6912916666665
2022-12-10,2185.5,3004.3,2520.1458333333335,2185.87,3061.547,2652.4593333333332
2022-12-11,2118.0,3067.4,2542.8875000000003,2256.925,3244.418,2748.6997916666664
2022-12-12,2171.9,3319.2,2705.4958333333334,2373.939,3413.742,2962.108583333333
2022-12-13,2220.1,3210.1,2721.795833333333,2404.449,3303.82,2885.9311666666667
2022-12-14,2253.1,3264.9,2747.9833333333336,2350.525,3374.315,2920.034916666667
2022-12-15,2165.6,3022.8,2645.0416666666665,2321.203,3249.88,2842.8955416666668
2022-12-16,2066.4,3073.9,2616.5916666666667,2156.406,3191.532,2760.0215000000003
2022-12-17,1993.0,2906.0,2457.875,2161.278,2963.452,2590.308791666667
2022-12-18,2124.9,3036.4,2466.883333333333,2189.997,3036.626,2582.905625
2022-12-19,2169.7,3348.1,2743.4666666666667,2279.913,3320.273,2831.793791666667
2022-12-20,2222.9,3375.3,2770.566666666667,2312.486,3286.634,2827.012875
2022-12-21,2255.6,3311.2,2748.195833333333,2358.57,3266.627,2837.15
2022-12-22,2149.0,3097.1,2669.1541666666667,2303.73,3184.593,2805.4558333333334
2022-12-23,2000.6,2921.2,2545.141666666667,2127.546,2980.301,2633.0419166666666
2022-12-24,2435.7,3301.7,2864.1749999999997,2436.73,3301.393,2896.599375
2022-12-25,2487.0,3307.2,2849.9708333333333,2649.284,3051.447,2829.265625
2022-12-26,2424.0,3395.1,2907.683333333333,2514.194,3206.368,2814.474291666667
2022-12-27,2344.1,3364.7,2891.65,2366.708,3272.871,2844.4678750000003
2022-12-28,2303.3,3237.8,2814.0,2426.13,3166.664,2837.909791666667
2022-12-29,2187.6,3107.8,2655.9041666666667,2229.696,3002.481,2635.2499166666666
2022-12-30,2070.0,2924.3,2526.4791666666665,2127.925,2820.154,2478.4853749999997
2022-12-31,1861.5,2583.1,2263.475,1959.769,2707.638,2336.2154583333336
2023-01-01,1816.6,2642.8,2197.5416666666665,1889.269,2640.121,2210.8157916666664
2023-01-02,1923.6,2856.6,2327.1916666666666,2008.242,2932.926,2469.0617500000003
2023-01-03,1966.5,2905.1,2483.7833333333333,2099.776,3129.482,2700.7777083333335
2023-01-04,1982.0,2938.4,2511.4166666666665,2086.637,3048.882,2624.5305000000003
2023-01-05,1967.7,3103.5,2614.4125,2035.002,3149.334,2670.195166666667
2023-01-06,1969.4,3003.0,2524.4416666666666,2173.35,3208.801,2777.2809583333333
2023-01-07,2106.0,2833.9,2427.7625000000003,2192.274,2873.242,2542.115208333333
2023-01-08,2133.2,2942.5,2461.954166666667,2273.691,3040.395,2593.34
2023-01-09,2195.5,3097.0,2647.9958333333334,2276.223,3168.762,2754.8344166666666
2023-01-10,2145.6,3105.6,2622.1375000000003,2234.319,3169.107,2739.9734583333334
2023-01-11,2214.7,3230.4,2688.016666666667,2326.406,3285.794,2847.861083333333
2023-01-12,2193.9,3098.0,2687.2708333333335,2278.216,3190.011,2827.2769583333334
2023-01-13,1991.4,2789.3,2479.3624999999997,2061.754,2870.016,2541.0412499999998
2023-01-14,1906.7,2925.9,2426.85,2085.798,2961.813,2578.201
2023-01-15,2095.1,2899.8,2441.891666666667,2215.895,3065.497,2649.089
2023-01-16,2102.3,3057.6,2595.2125,2319.125,3311.089,2852.1678333333334
2023-01-17,2166.8,3045.6,2626.5916666666667,2285.658,3080.005,2725.1929166666664
2023-01-18,2158.6,3054.0,2612.5333333333333,2101.311,3005.464,2605.5515833333334
2023-01-19,2076.5,3140.5,2662.054166666667,2111.999,3150.618,2705.133208333333
2023-01-20,2172.7,3211.4,2766.7708333333335,2207.16,3200.782,2796.6401666666666
2023-01-21,2272.5,3003.2,2652.8416666666667,2250.148,3065.83,2698.5224583333334
2023-01-22,2202.8,2866.3,2472.054166666667,2294.998,3093.339,2688.133333333333
2023-01-23,2199.9,3182.5,2747.5333333333333,2252.148,3341.685,2900.5878749999997
2023-01-24,2187.7,3132.1,2679.0125000000003,2341.491,3269.492,2876.647125
2023-01-25,2135.2,3289.2,2764.9583333333335,2299.48,3251.239,2850.900708333333
2023-01-26,2035.2,3042.8,2571.016666666667,2153.372,3137.364,2701.8513333333335
2023-01-27,2136.0,3006.4,2594.8958333333335,2246.883,3064.956,2698.094291666667
2023-01-28,2185.4,2734.6,2438.225,2251.823,2786.278,2491.9465416666667
2023-01-29,2057.2,2743.8,2375.8958333333335,2131.314,2861.656,2464.2788333333333
2023-01-30,1944.3,3031.8,2524.3875000000003,2056.652,3024.226,2591.5354583333333
2023-01-31,2026.2,3320.3,2666.35,2093.518,3221.774,2755.0794583333336
2023-02-01,2338.9,3382.8,2859.7666666666664,2394.822,3308.279,2889.8454166666666
2023-02-02,2342.4,3220.9,2809.7166666666667,2440.247,3258.297,2886.1665
2023-02-03,2363.5,3804.5,3201.4833333333336,2416.942,3841.6,3182.42225
2023-02-04,2905.0,3601.4,3307.1458333333335,3177.102,3868.24,3544.7244166666665
2023-02-05,2255.0,2910.9,2603.920833333333,2497.164,3106.633,2870.3477916666666
2023-02-06,2136.5,3070.5,2630.75,2291.063,3139.941,2760.230625
2023-02-07,2188.1,3269.9,2710.8875000000003,2338.054,3297.574,2845.0783749999996
2023-02-08,2157.0,3059.0,2577.6875,2286.392,3058.929,2709.621541666667
2023-02-09,2087.8,3065.7,2629.65,2214.473,3085.893,2697.941125
2023-02-10,1997.3,2848.6,2406.8875000000003,2091.618,2841.286,2517.6817916666664
2023-02-11,2056.5,2813.3,2395.7875,2125.571,2837.821,2457.2874583333332
2023-02-12,2096.3,2731.5,2363.9125,2206.442,2873.546,2468.051625
2023-02-13,2055.6,3108.0,2589.3708333333334,2117.351,3057.945,2662.5649166666667
2023-02-14,2089.8,2980.3,2514.0625,2147.21,2931.641,2577.6263750000003
2023-02-15,2052.9,2925.9,2522.7000000000003,2161.914,2912.593,2587.7566666666667
2023-02-16,1865.8,2752.1,2330.9041666666667,1972.919,2823.781,2446.7504583333334
2023-02-17,1845.6,2842.3,2425.133333333333,1918.308,2839.592,2499.481166666667
2023-02-18,2172.6,2758.7,2447.7708333333335,2291.958,2824.936,2519.2284583333335
2023-02-19,2127.2,2757.3,2409.4500000000003,2203.278,2764.429,2436.4787499999998
2023-02-20,1963.8,2824.5,2408.383333333333,2014.994,2738.813,2376.9622916666667
2023-02-21,1983.2,2978.6,2548.704166666667,1983.576,3031.944,2631.443333333333
2023-02-22,2126.7,3057.4,2618.554166666667,2157.165,2996.272,2619.4258333333332
2023-02-23,2101.0,3331.9,2785.433333333333,2222.291,3282.865,2864.579291666667
2023-02-24,2358.8,3395.0,2909.0750000000003,2351.587,3268.829,2879.412208333333
2023-02-25,2665.5,3373.9,3040.5458333333336,2622.62,3340.685,3017.3007916666666
2023-02-26,2302.4,2982.3,2602.2791666666667,2586.723,3187.944,2885.1571666666664
2023-02-27,2235.1,3138.4,2690.7625000000003,2417.072,3285.204,2896.28025
2023-02-28,2224.6,3090.7,2725.1375000000003,2400.091,3275.251,2909.806375
2023-03-01,2180.9,2987.2,2605.5125000000003,2291.517,3087.088,2727.1337916666666
2023-03-02,2093.9,2994.7,2617.9,2183.752,3044.001,2730.6527499999997
2023-03-03,2182.9,2879.8,2534.9458333333337,2230.187,2921.674,2608.10725
2023-03-04,2192.0,2960.3,2626.7458333333334,2236.193,3019.22,2675.2497083333333
2023-03-05,2212.3,2925.5,2483.608333333333,2276.195,2936.277,2544.2080833333334
2023-03-06,2315.9,3088.3,2691.0,2212.704,3019.663,2616.1893333333333
2023-03-07,2225.8,3150.6,2685.579166666667,2197.875,3148.134,2683.1600416666665
2023-03-08,2227.6,3011.1,2612.2374999999997,2303.434,2961.419,2681.4490416666667
2023-03-09,2115.4,2953.4,2560.570833333333,2173.071,2907.942,2548.010083333333
2023-03-10,2110.0,2794.1,2466.641666666667,2170.395,2793.547,2499.1669583333332
2023-03-11,2023.2,2803.4,2464.6208333333334,2055.117,2825.68,2498.331791666667
2023-03-12,2024.9,2821.0,2337.8624999999997,2192.261,2792.282,2378.171083333333
2023-03-13,2024.8,2945.4,2585.125,2099.573,2976.326,2650.2213333333334
2023-03-14,2058.7,3177.6,2732.0333333333333,2139.536,3139.92,2780.7521666666667
2023-03-15,2184.7,3072.8,2654.7541666666666,2279.001,3017.038,2721.89075
2023-03-16,2246.6,2865.4,2504.883333333333,2233.462,2907.035,2595.6407083333334
2023-03-17,2120.7,2762.3,2522.6124999999997,2093.188,2757.05,2498.987375
2023-03-18,1845.5,2471.0,2111.5666666666666,1973.776,2527.479,2255.4260833333333
2023-03-19,1981.1,3091.6,2453.5750000000003,2052.319,2898.164,2398.4194166666666
2023-03-20,2148.6,2778.7,2465.9333333333334,2234.416,2907.843,2561.6175
2023-03-21,1967.4,2713.9,2345.375,2104.615,2778.624,2449.8826249999997
2023-03-22,1871.2,2713.3,2296.954166666667,1980.349,2727.413,2387.5735
2023-03-23,1791.3,2762.9,2322.170833333333,1943.671,2665.132,2413.659916666667
2023-03-24,1767.6,2533.4,2238.9708333333333,1909.921,2626.042,2351.466875
2023-03-25,1860.0,2836.9,2370.804166666667,2030.432,2724.305,2443.3954166666667
2023-03-26,2029.5,2693.7,2237.7083333333335,1998.278,2566.443,2217.664875
2023-03-27,1977.3,2780.4,2404.108333333333,1958.032,2693.485,2373.1255
2023-03-28,1897.3,2852.1,2451.9375,1963.49,2863.242,2507.3971666666666
2023-03-29,2031.9,2646.6,2328.2916666666665,2097.051,2763.884,2433.5894166666667
2023-03-30,2014.4,2951.4,2499.866666666667,2024.53,2858.917,2496.8072916666665
2023-03-31,2127.3,2775.7,2475.4625,2183.271,2789.535,2515.1217083333336
2023-04-01,1894.2,2519.1,2213.741666666667,2001.344,2657.618,2339.7336666666665
2023-04-02,1837.2,2727.9,2141.4083333333333,1872.927,2650.135,2183.8954166666667
2023-04-03,1937.8,2800.8,2363.858333333333,2084.124,2731.149,2425.335541666667
2023-04-04,1826.2,2536.5,2250.2708333333335,1938.525,2643.44,2335.6775833333336
2023-04-05,1740.4,2755.8,2368.8250000000003,1867.082,2831.078,2465.2205416666666
2023-04-06,1874.2,2572.2,2275.9874999999997,2001.088,2739.458,2430.7756249999998
2023-04-07,1737.5,2556.3,2173.4,1889.688,2594.474,2307.226625
2023-04-08,1852.7,2566.1,2126.5666666666666,2009.78,2486.898,2206.7968333333333
2023-04-09,1860.3,2628.2,2113.2208333333333,1976.016,2468.997,2143.4550833333333
2023-04-10,1842.6,2527.1,2217.0958333333333,1958.531,2617.732,2325.080916666667
2023-04-11,1752.4,2578.5,2164.7125,1868.09,2674.153,2318.946375
2023-04-12,1733.4,2524.9,2166.875,1831.286,2626.082,2297.0589999999997
2023-04-13,1684.2,2736.0,2181.8541666666665,1791.776,3000.942,2463.9140416666664
2023-04-14,1780.8,2564.2,2258.1625,2025.406,2953.271,2523.6860833333335
2023-04-15,1935.1,2490.2,2188.9666666666667,1792.059,2351.968,2077.8802083333335
2023-04-16,1889.9,2590.3,2199.2374999999997,1756.868,2380.157,2073.8727083333333
2023-04-17,1694.8,2651.5,2240.0541666666663,1790.546,2588.499,2281.6607916666667
2023-04-18,1826.4,2514.0,2166.4625,1817.997,2537.475,2248.544375
2023-04-19,1740.6,2459.2,2146.141666666667,1822.463,2585.2,2286.847458333333
2023-04-20,1813.9,2438.4,2128.5125000000003,1903.437,2474.318,2233.04
2023-04-21,1783.9,2406.1,2099.420833333333,1826.526,2432.638,2184.82175
2023-04-22,1949.2,2534.3,2248.491666666667,1822.842,2426.702,2148.667125
2023-04-23,1693.7,2445.7,2133.383333333333,1838.318,2555.246,2240.60925
2023-04-24,1727.5,2567.1,2215.2625000000003,1852.21,2591.255,2303.3632083333337
2023-04-25,1806.9,2488.7,2175.9375,1843.599,2558.975,2267.0911666666666
2023-04-26,1782.1,2453.9,2141.508333333333,1841.106,2558.11,2279.067625
2023-04-27,1807.0,2462.0,2209.1833333333334,1854.075,2517.013,2281.8749166666666
2023-04-28,1731.3,2344.5,2076.679166666667,1870.147,2459.043,2219.8097916666666
2023-04-29,1930.3,2534.9,2260.358333333333,1805.593,2402.395,2127.5872083333334
2023-04-30,1740.1,2567.0,2150.1583333333333,1836.949,2548.479,2220.2745833333333
2023-05-01,1878.3,2809.2,2376.8624999999997,1869.401,2530.153,2293.769041666667
2023-05-02,1710.8,2516.1,2202.9249999999997,1826.206,2604.077,2318.1905833333335
2023-05-03,1641.4,2434.7,2134.6291666666666,1857.084,2611.469,2323.5016666666666
2023-05-04,1680.3,2488.1,2159.7166666666667,1878.073,2672.745,2387.539625
2023-05-05,1743.4,2298.1,2136.545833333333,1883.687,2594.635,2294.0249166666667
2023-05-06,1655.0,2248.5,1881.7875000000001,1839.933,2405.257,2093.4705416666666
2023-05-07,1602.8,2239.8,1827.6208333333334,1773.723,2596.399,2121.4008333333336
2023-05-08,1650.1,2475.7,2083.1208333333334,1842.185,2694.204,2340.799625
2023-05-09,1595.1,2370.4,2029.345833333333,1777.212,2515.656,2206.235666666667
2023-05-10,1582.4,2346.1,1993.1666666666667,1797.782,2636.99,2272.6045
2023-05-11,1567.9,2633.8,2125.8125,1812.638,2799.448,2382.880583333333
2023-05-12,1636.9,2826.4,2273.858333333333,1851.815,3008.946,2484.8723333333332
2023-05-13,1717.5,2568.4,2083.766666666667,1938.088,2683.718,2314.5584166666667
2023-05-14,1538.2,2256.6,1783.1041666666667,1783.047,2409.001,2038.4842500000002
2023-05-15,1572.8,2809.7,2125.483333333333,1750.06,2663.859,2280.063708333333
2023-05-16,1570.8,2926.9,2258.5958333333333,1818.786,2845.295,2381.101
2023-05-17,1638.8,2311.0,2034.6083333333333,1836.093,2469.357,2188.580875
2023-05-18,1610.2,2293.7,1969.0333333333335,1804.842,2473.991,2198.9651666666664
2023-05-19,1806.8,2557.8,2193.875,1779.049,2485.568,2211.3063333333334
2023-05-20,1549.6,2457.0,2040.5625,1767.301,2503.843,2202.2197083333335
2023-05-21,2073.4,2913.0,2409.6458333333335,1907.432,2589.639,2174.3479166666666
2023-05-22,1521.3,2424.8,1986.5458333333333,1831.128,2518.926,2232.9386666666664
2023-05-23,1525.8,2320.8,1940.7291666666667,1764.913,2517.266,2213.441625
2023-05-24,1547.4,2615.2,2048.329166666667,1770.698,2736.666,2280.023583333333
2023-05-25,1489.7,2305.0,1912.5541666666668,1782.811,2522.884,2229.4974166666666
2023-05-26,1518.3,2407.5,1931.1083333333333,1759.372,2438.393,2175.6822916666665
2023-05-27,1365.9,2040.8,1644.9833333333333,1753.3,2520.527,2116.382916666667
2023-05-28,1493.1,2744.7,2011.5916666666665,1787.193,2901.844,2306.6932083333336
2023-05-29,1663.0,2247.1,1948.8208333333332,1969.381,2495.709,2206.996833333333
2023-05-30,1523.1,2421.5,1985.5,1768.383,2646.632,2267.640083333333
2023-05-31,1548.7,2741.1,2089.079166666667,1791.831,2982.706,2414.8234583333333
2023-06-01,1660.2,3382.4,2476.625,1908.181,3691.071,2834.902625
2023-06-02,2420.2,3784.1,3110.2000000000003,2218.493,3807.458,2992.7141666666666
2023-06-03,2206.1,2639.8,2378.9333333333334,1916.451,2337.927,2177.375
2023-06-04,2052.0,2722.3,2346.2,1752.123,2393.426,2072.8415
2023-06-05,1581.0,2432.0,2085.7000000000003,1772.712,2587.564,2296.358583333333
2023-06-06,1598.6,2671.0,2119.9791666666665,1809.628,2679.233,2323.1717916666666
2023-06-07,1614.4,2566.2,2153.483333333333,1830.91,2628.522,2321.77475
2023-06-08,1621.0,2452.3,2107.0125000000003,1801.015,2609.015,2300.014541666667
2023-06-09,1580.2,2522.6,2086.179166666667,1796.857,2579.116,2282.2950833333334
2023-06-10,2102.6,2746.0,2390.8958333333335,1779.279,2411.545,2120.706291666667
2023-06-11,1570.8,2587.1,2017.4875,1782.623,2728.503,2226.7992916666667
2023-06-12,1726.4,3032.2,2402.570833333333,1964.109,3229.762,2689.444791666667
2023-06-13,1779.2,2846.3,2408.4500000000003,2103.541,3187.149,2705.268416666667
2023-06-14,1751.4,2967.0,2380.2791666666667,1982.255,3162.062,2630.1064166666665
2023-06-15,1772.9,3031.7,2394.0916666666667,1955.802,3142.85,2608.3443333333335
2023-06-16,1844.9,3048.2,2479.0916666666667,2060.944,3233.258,2732.2147083333334
2023-06-17,1802.7,2660.6,2241.383333333333,2084.446,2644.734,2383.3960416666664
2023-06-18,2147.2,2921.1,2516.679166666667,1867.847,2501.459,2198.3887083333334
2023-06-19,1656.3,2590.6,2181.3416666666667,1890.114,2681.307,2361.3579583333335
2023-06-20,1660.8,2675.5,2235.3458333333333,1852.189,2741.41,2399.53325
2023-06-21,1630.4,2640.3,2193.6541666666667,1865.517,2775.753,2394.315291666667
2023-06-22,1628.0,2808.1,2232.0125000000003,1872.958,2811.915,2405.6343333333334
2023-06-23,1694.6,2958.8,2419.5333333333333,1932.04,3183.833,2636.7370833333334
2023-06-24,2103.8,3148.3,2668.5833333333335,2231.247,3151.313,2743.7868333333336
2023-06-25,2189.1,3475.4,2813.008333333333,2288.592,3642.861,3012.264625
2023-06-26,2339.8,3590.2,3003.8916666666664,2464.768,3783.354,3217.4230000000002
2023-06-27,2404.8,3586.1,3034.8458333333333,2508.002,3599.27,3126.5895416666667
2023-06-28,2105.3,3293.5,2766.366666666667,2396.916,3715.196,3106.7725833333334
2023-06-29,2018.6,3401.3,2737.1416666666664,2352.284,3739.002,3107.437416666667
2023-06-30,2040.4,3483.3,2774.758333333333,2326.452,3670.7,3079.906125
2023-07-01,2458.0,3603.7,3015.945833333333,2255.876,3127.469,2706.52
2023-07-02,1933.6,3160.9,2516.2708333333335,2169.457,2893.553,2568.8006250000003
2023-07-03,2311.1,3805.9,3001.3291666666664,2193.074,3210.542,2732.47075
2023-07-04,2094.7,3058.4,2671.4791666666665,2272.338,3033.537,2669.1389583333334
2023-07-05,2625.7,4304.5,3472.1,2250.265,4161.353,3267.46975
2023-07-06,2506.6,4315.3,3512.4041666666667,2652.491,4620.497,3720.792625
2023-07-07,2411.8,4243.9,3378.4666666666667,2747.671,4363.379,3613.0076666666664
2023-07-08,2319.7,3641.3,2995.0958333333333,2697.384,3828.025,3273.2122916666667
2023-07-09,2673.9,3753.2,3199.5833333333335,2602.935,3511.723,3100.261875
2023-07-10,2176.5,3515.4,2913.0625,2539.787,3384.147,3052.7790416666667
2023-07-11,2040.3,4075.2,2970.8458333333333,2267.765,4074.533,3224.1450416666667
2023-07-12,2355.3,4593.0,3520.2000000000003,2590.203,4469.904,3621.920166666667
2023-07-13,2514.7,3921.0,3258.3916666666664,2719.898,4432.438,3648.2029583333333
2023-07-14,2576.0,3920.6,3266.4083333333333,2625.663,3862.312,3337.4370416666666
2023-07-15,2783.5,4065.7,3443.725,2632.418,4077.011,3413.9905833333337
2023-07-16,2641.4,3660.1,3140.9375,2902.105,3588.771,3277.0177500000004
2023-07-17,2569.0,4474.0,3574.8375,2716.265,4403.183,3654.569
2023-07-18,2605.1,4285.8,3525.7791666666667,2796.772,4455.683,3637.8525833333333
2023-07-19,2467.8,3927.9,3237.308333333333,2720.822,4079.96,3475.345541666667
2023-07-20,2293.9,3504.7,2933.258333333333,2516.176,3892.626,3257.346625
2023-07-21,2174.2,3179.4,2797.0750000000003,2445.629,3568.139,3070.959375
2023-07-22,2147.0,3195.3,2649.383333333333,2265.527,3356.001,2807.6101249999997
2023-07-23,2057.5,3296.3,2614.3166666666666,2252.264,3603.747,2903.5352083333332
2023-07-24,2160.0,3972.0,3032.2625000000003,2429.328,4266.868,3410.1115416666667
2023-07-25,2538.4,4068.0,3389.379166666667,2581.924,4252.904,3347.9678333333336
2023-07-26,2338.3,4373.0,3408.8875000000003,2418.503,4308.87,3407.4041666666667
2023-07-27,2477.4,4692.9,3674.3958333333335,2709.823,4675.569,3674.6588333333334
2023-07-28,2831.8,4705.6,3768.429166666667,2808.403,4503.738,3731.584833333333
2023-07-29,3172.5,4140.2,3710.1041666666665,2741.665,4095.762,3406.614833333333
2023-07-30,2612.6,3457.0,2996.375,2154.203,3030.867,2566.13
2023-07-31,1944.6,3229.7,2575.6541666666667,2133.157,3519.132,2860.3482500000005
2023-08-01,1996.6,2988.6,2485.429166666667,2182.489,3182.884,2727.072
2023-08-02,1869.0,2982.2,2454.3333333333335,2021.061,3096.078,2608.6441250000003
2023-08-03,1952.3,3308.1,2641.383333333333,2062.031,3392.533,2759.789166666667
2023-08-04,2062.3,3234.1,2747.3250000000003,2203.66,3413.761,2898.4745000000003
2023-08-05,2089.8,3125.1,2606.75,2311.42,3326.888,2822.707291666667
2023-08-06,2011.0,3133.7,2514.1291666666666,2097.056,3333.948,2688.213208333333
2023-08-07,2105.8,3460.2,2886.6749999999997,2300.205,3341.644,2911.9618750000004
2023-08-08,2294.6,3562.4,3032.866666666667,2437.743,3945.859,3253.6647083333332
2023-08-09,2222.9,3696.7,2936.6083333333336,2462.865,3721.483,3130.8505416666667
2023-08-10,2247.3,3764.2,3049.0166666666664,2361.477,3709.782,3101.682166666667
2023-08-11,2651.0,3844.6,3238.0958333333333,2412.975,3501.552,2975.191875
2023-08-12,2088.7,3426.8,2693.0375,2149.642,3379.281,2773.418833333333
2023-08-13,2329.1,3762.9,2925.1625,2504.114,3892.293,3151.1980416666665
2023-08-14,2234.7,3725.6,2993.620833333333,2412.513,3864.006,3191.9774999999995
2023-08-15,2295.7,3255.6,2883.129166666667,2603.148,3266.798,3006.81725
2023-08-16,2526.7,3641.0,3152.4166666666665,2277.3,3170.624,2832.5158749999996
2023-08-17,2505.7,3695.6,3161.383333333333,2230.66,3156.305,2810.289875
2023-08-18,2213.3,3465.5,2906.1708333333336,2282.674,3543.785,2954.6363333333334
2023-08-19,1963.2,2723.6,2297.383333333333,2043.637,2659.416,2423.8035833333333
2023-08-20,1875.8,3150.7,2453.2708333333335,1994.862,3209.037,2558.786541666667
2023-08-21,2155.3,3821.5,3006.8541666666665,2254.685,3918.58,3120.4804166666668
2023-08-22,2068.0,3134.8,2615.9041666666667,2271.294,3329.303,2793.5129583333332
2023-08-23,1932.7,2987.2,2473.9583333333335,2045.994,3184.52,2639.1685
2023-08-24,1912.1,3015.4,2517.375,2037.068,3203.097,2670.0288333333333
2023-08-25,2013.0,3038.4,2612.5625,2083.418,3108.996,2739.1637916666664
2023-08-26,2292.6,3308.4,2820.0750000000003,2315.346,3420.978,2864.7694583333337
2023-08-27,2197.8,2889.3,2554.579166666667,2284.407,3075.588,2664.1132916666666
2023-08-28,2198.9,3177.8,2753.525,2149.744,3308.632,2795.6643750000003
2023-08-29,2007.7,3092.2,2623.775,2203.96,3422.317,2889.684041666667
2023-08-30,2134.2,3377.0,2806.566666666667,2365.377,3694.979,3058.010166666667
2023-08-31,2024.5,2885.7,2440.3166666666666,2164.528,3022.217,2601.168166666667
2023-09-01,1813.1,2887.4,2345.3541666666665,1918.816,2871.705,2429.689083333333
2023-09-02,1802.7,2861.6,2267.7708333333335,1903.031,2876.621,2385.4223333333334
2023-09-03,1913.3,3382.2,2568.6291666666666,2062.727,3418.537,2689.135208333333
2023-09-04,2581.5,4090.7,3261.75,2329.595,3788.274,3048.046791666667
2023-09-05,2656.3,4318.6,3543.2999999999997,2451.719,4363.73,3489.7477916666667
2023-09-06,2517.5,4227.9,3409.504166666667,2749.237,4562.603,3708.951833333333
2023-09-07,2667.2,4515.1,3622.120833333333,2871.761,4922.699,3973.91525
2023-09-08,2751.5,4413.3,3588.241666666667,3006.658,4541.781,3684.1667916666665
2023-09-09,3037.6,4075.5,3559.1708333333336,2630.589,3847.971,3188.557666666667
2023-09-10,2840.6,3724.2,3302.0791666666664,2488.333,3285.342,2933.4456250000003
2023-09-11,2789.1,3900.4,3397.433333333333,2397.246,3576.125,3102.417041666667
2023-09-12,2566.1,3657.8,3183.65,2396.362,3745.295,3151.8891666666664
2023-09-13,2257.9,3359.9,2877.5875,2433.707,3646.559,3106.267
2023-09-14,2156.3,3064.5,2609.6041666666665,2309.101,3297.435,2819.1264166666665
2023-09-15,1863.0,2741.9,2330.7166666666667,2009.257,2790.814,2459.900916666667
2023-09-16,1806.5,2561.5,2188.5208333333335,1921.099,2553.313,2274.3676666666665
2023-09-17,1739.0,2815.3,2172.8166666666666,1848.64,2863.265,2304.4528333333333
2023-09-18,1914.2,2945.4,2548.4874999999997,2043.146,3040.614,2666.2205
2023-09-19,1941.5,2951.9,2434.1208333333334,2024.884,2953.968,2553.5700833333335
2023-09-20,1847.0,2872.0,2343.016666666667,1936.645,2974.287,2501.624875
2023-09-21,1797.1,2821.2,2311.3250000000003,1894.8,2917.57,2459.2265833333336
2023-09-22,2212.5,3021.0,2660.804166666667,1898.645,2681.412,2391.7975833333335
2023-09-23,1895.3,2497.4,2232.641666666667,1852.26,2508.705,2232.1875833333334
2023-09-24,2256.3,2992.3,2582.204166666667,1854.618,2611.56,2252.203666666667
2023-09-25,1802.8,2903.6,2408.5041666666666,1873.718,2758.025,2428.4691666666668
2023-09-26,2135.9,3090.2,2632.133333333333,1859.852,2643.84,2342.2770833333334
2023-09-27,1699.2,2638.0,2186.445833333333,1804.612,2681.264,2309.8205833333336
2023-09-28,1924.6,2840.9,2424.7166666666667,1813.044,2666.078,2326.1669583333332
2023-09-29,1945.2,2764.6,2477.3416666666667,1821.679,2697.539,2373.00675
2023-09-30,1991.1,2681.0,2321.670833333333,1832.125,2470.419,2200.2997083333335
2023-10-01,2077.3,2804.4,2343.633333333333,1804.045,2632.963,2180.7788333333333
2023-10-02,2099.9,3202.2,2639.7125,1869.1,2791.594,2392.0281250000003
2023-10-03,1968.7,3509.5,2777.754166666667,1830.301,3211.098,2561.2417083333335
2023-10-04,2266.3,3419.7,2824.0958333333333,2043.34,3326.51,2749.0616666666665
2023-10-05,2207.4,3256.8,2774.4708333333333,2043.491,3197.384,2677.0959166666667
2023-10-06,2082.0,3152.8,2671.3375,2050.977,2957.139,2620.851166666667
2023-10-07,2124.2,2810.2,2509.5958333333333,2062.87,2692.626,2425.288958333333
2023-10-08,1908.7,2628.1,2162.516666666667,1809.171,2452.223,2094.5166249999997
2023-10-09,1822.6,2684.1,2254.1,1780.15,2643.825,2223.380791666667
2023-10-10,1777.9,2732.3,2288.4708333333333,1794.782,2718.013,2345.895791666667
2023-10-11,1942.9,2874.2,2441.829166666667,1824.043,2754.864,2359.7070833333332
2023-10-12,1868.1,2807.7,2361.4708333333333,1821.587,2733.075,2350.31975
2023-10-13,1781.4,2747.4,2276.0666666666666,1806.856,2596.202,2269.824958333333
2023-10-14,1801.2,2670.2,2218.2625,1806.757,2473.276,2144.6984583333333
2023-10-15,1644.3,2457.3,2005.1166666666668,1789.676,2540.965,2129.5361666666668
2023-10-16,2027.4,3001.0,2610.2541666666666,1803.261,2750.078,2348.5295
2023-10-17,2061.9,3007.1,2620.804166666667,1839.0,2725.583,2360.164166666667
2023-10-18,2056.5,2963.8,2583.7708333333335,1845.201,2743.516,2368.414458333333
2023-10-19,2056.6,2900.0,2529.391666666667,1838.688,2703.047,2348.547958333333
2023-10-20,2068.3,3053.6,2671.304166666667,1831.164,2727.44,2394.527375
2023-10-21,1721.8,2422.5,2135.2916666666665,1869.282,2570.402,2273.3345833333333
2023-10-22,1612.7,2524.9,2010.575,1815.14,2578.49,2150.565416666667
2023-10-23,1766.9,2767.2,2316.225,1829.137,2755.583,2345.0174166666666
2023-10-24,1989.1,2903.6,2446.4125,1855.003,2747.715,2364.488
2023-10-25,1877.4,2991.3,2437.295833333333,1849.366,2823.351,2399.8617083333334
2023-10-26,2083.0,3269.0,2684.2208333333333,1861.8,2918.684,2463.414458333333
2023-10-27,2047.3,3232.1,2666.358333333333,1916.191,2886.086,2480.8382500000002
2023-10-28,2043.5,3123.1,2447.85,1909.59,2823.385,2357.0788333333335
2023-10-29,2030.2,2847.9,2384.9500000000003,1804.397,2597.026,2200.8804999999998
2023-10-30,1908.2,3161.0,2584.525,1824.005,2816.307,2427.72825
2023-10-31,1827.2,2939.5,2336.4,1892.516,2718.878,2379.3456666666666
2023-11-01,2169.7,3122.5,2693.7625000000003,1943.811,2887.801,2498.0712083333333
2023-11-02,2359.0,3347.8,2831.320833333333,2073.264,2897.738,2539.739458333333
2023-11-03,2170.8,2951.3,2563.883333333333,2073.229,2759.288,2469.017875
2023-11-04,1902.1,2628.5,2248.775,1922.505,2557.943,2252.4804583333334
2023-11-05,1908.0,2719.4,2271.9479166666665,1848.33,2645.174,2215.8124583333333
2023-11-06,1894.0,2920.1,2435.7999999999997,1889.885,2905.124,2454.076416666667
2023-11-07,1979.2,3091.5,2531.108333333333,1905.485,2830.989,2417.3435833333333
2023-11-08,1860.3,3111.2,2473.2083333333335,1878.72,2976.426,2468.2814583333334
2023-11-09,2046.1,3027.9,2603.8875000000003,2050.642,3008.524,2637.2741666666666
2023-11-10,1983.1,2897.9,2428.170833333333,2057.635,2879.279,2515.664458333333
2023-11-11,1977.5,2782.0,2273.3541666666665,2026.84,2705.072,2337.7750833333334
2023-11-12,2091.2,2923.2,2394.7999999999997,2123.604,2907.134,2460.1109166666665
2023-11-13,2203.8,3124.5,2641.4416666666666,2206.248,3071.811,2665.4204583333335
2023-11-14,2135.6,3041.5,2579.633333333333,2100.478,3010.308,2597.1818333333335
2023-11-15,2128.1,2982.1,2522.891666666667,2143.206,2990.416,2593.4685416666666
2023-11-16,2071.1,2916.2,2456.4416666666666,2037.86,2863.857,2481.7789583333333
2023-11-17,2007.0,2864.6,2464.1041666666665,1999.232,2829.358,2446.389041666667
2023-11-18,1903.1,2784.1,2361.8791666666666,1891.746,2702.198,2328.5225
2023-11-19,2096.6,2837.9,2388.8375,2085.513,2791.206,2366.791708333333
2023-11-20,2113.2,3286.7,2698.2125,2064.395,3138.367,2644.862375
2023-11-21,2297.7,3219.8,2797.8624999999997,2279.252,3116.631,2736.0057916666665
2023-11-22,2146.3,3055.8,2684.258333333333,2153.309,2963.14,2625.704625
2023-11-23,2166.6,2818.9,2463.15,2042.817,2484.366,2310.561958333333
2023-11-24,2113.4,2958.5,2494.8416666666667,1986.748,2804.955,2391.2007083333333
2023-11-25,2364.6,3047.8,2609.2291666666665,2219.365,2918.641,2549.0210833333335
2023-11-26,2317.2,3022.5,2590.1208333333334,2251.161,2932.493,2525.675875
2023-11-27,2214.2,3221.1,2733.129166666667,2025.229,3033.338,2551.539208333333
2023-11-28,2216.2,3368.6,2783.975,2148.117,3236.522,2732.687416666666
2023-11-29,2328.0,3364.5,2823.0,2320.362,3282.975,2832.919583333334
2023-11-30,2322.3,3237.2,2744.5125000000003,2324.55,3137.377,2744.8380416666664
2023-12-01,2107.3,3050.9,2584.9375,2138.672,2970.512,2592.0507916666666
2023-12-02,2021.5,2762.6,2391.2208333333333,1998.125,2776.311,2419.32175
2023-12-03,2001.9,2920.3,2445.4666666666667,2008.85,2973.313,2493.2336666666665
2023-12-04,2045.4,3095.8,2635.4708333333333,2048.488,3086.727,2621.9735
2023-12-05,2143.7,3253.1,2714.4666666666667,2093.512,3235.931,2741.0106250000003
2023-12-06,2299.0,3476.2,2914.3875000000003,2279.198,3335.854,2886.5537083333334
2023-12-07,2447.3,3577.3,2983.441666666667,2434.131,3409.978,3002.239208333333
2023-12-08,2473.0,3294.0,2855.379166666667,2429.96,3201.792,2828.1355416666665
2023-12-09,2245.0,2943.6,2549.1625,2229.051,2821.728,2504.243375
2023-12-10,2101.6,2954.6,2478.9249999999997,2002.843,2881.24,2411.1922916666667
2023-12-11,2006.3,3237.6,2661.570833333333,1968.034,3167.554,2648.198125
2023-12-12,2205.5,3291.2,2728.2833333333333,2214.112,3198.233,2726.253458333333
2023-12-13,2200.1,3291.4,2744.866666666667,2220.072,3240.311,2757.27025
2023-12-14,2263.5,3351.7,2820.245833333333,2321.262,3297.431,2859.106375
2023-12-15,2397.5,3074.8,2716.454166666667,2322.827,3055.703,2707.241
2023-12-16,2270.5,3016.4,2596.6041666666665,2138.67,2848.162,2472.8175833333335
2023-12-17,2263.3,3005.5,2622.304166666667,2098.494,2891.924,2475.8693333333335
2023-12-18,2159.3,3062.9,2698.233333333333,2005.995,2971.165,2580.589916666667
2023-12-19,2065.4,3175.4,2675.4625,2000.942,3067.374,2587.097416666667
2023-12-20,2258.2,3336.3,2771.0416666666665,2229.038,3172.919,2738.392125
2023-12-21,2261.0,3434.5,2878.8583333333336,2258.084,3322.395,2832.457875
2023-12-22,2512.7,3483.0,3008.741666666667,2465.793,3289.312,2896.138166666667
2023-12-23,2499.2,3225.9,2802.1541666666667,2413.992,3014.375,2678.6998333333336
2023-12-24,2280.5,3055.8,2653.2875,2156.667,2767.523,2486.6959583333332
2023-12-25,2177.9,2894.6,2547.391666666667,2044.647,2595.868,2327.086041666667
2023-12-26,2090.6,3116.2,2658.579166666667,2044.945,2932.314,2513.0116666666668
2023-12-27,2155.2,3094.3,2672.6208333333334,2041.024,2907.455,2509.0227916666668
2023-12-28,2069.8,3115.6,2660.4708333333333,2000.247,3013.84,2579.0791249999997
2023-12-29,2128.3,3018.4,2631.883333333333,2075.104,2954.724,2563.522375
2023-12-30,2104.9,2933.9,2518.704166666667,2012.782,2835.855,2447.351458333333
2023-12-31,2215.2,3125.4,2575.5375,2141.541,2942.499,2512.751291666667
2024-01-01,2223.6,2977.9,2546.0583333333334,2220.802,3076.197,2587.3639583333334
2024-01-02,2285.6,3216.8,2743.0,2323.085,3253.541,2822.3323333333333
2024-01-03,2316.7,3187.0,2758.7666666666664,2323.821,3190.82,2774.5343749999997
2024-01-04,2289.6,3317.7,2839.5333333333333,2183.846,3215.35,2752.852375
2024-01-05,2452.8,3421.8,2917.0166666666664,2469.206,3345.987,2944.9197916666667
2024-01-06,2331.8,3017.6,2668.391666666667,2347.44,3098.196,2726.8224166666664
2024-01-07,2202.3,3300.7,2715.6291666666666,2319.385,3342.531,2827.4395416666666
2024-01-08,2380.6,3394.3,2880.3458333333333,2422.533,3352.21,2961.5069583333334
2024-01-09,2431.6,3416.1,2976.308333333333,2451.013,3347.499,2980.734958333333
2024-01-10,2170.1,3176.6,2670.670833333333,2230.043,3095.778,2683.9085833333334
2024-01-11,2192.9,3247.1,2710.6833333333334,2168.077,3136.12,2718.1034166666664
2024-01-12,2128.5,3105.0,2621.241666666667,2215.317,3045.578,2658.2049166666666
2024-01-13,2173.4,2911.1,2534.4791666666665,2163.025,2777.199,2503.036
2024-01-14,2163.5,3097.0,2577.775,2178.786,3083.635,2598.3010416666666
2024-01-15,2360.4,3382.9,2847.8624999999997,2431.73,3358.147,2883.7601250000002
2024-01-16,2445.3,3444.4,2994.4083333333333,2415.106,3488.839,3058.592166666667
2024-01-17,2527.0,3697.5,3118.6375000000003,2569.141,3545.041,3142.9190416666665
2024-01-18,2659.0,3634.9,3164.9166666666665,2694.848,3544.705,3200.9087916666667
2024-01-19,2514.9,3548.6,3088.116666666667,2569.69,3483.492,3125.6402916666666
2024-01-20,2652.4,3614.5,3125.5333333333333,2723.037,3553.34,3172.3096666666665
2024-01-21,2715.0,3481.8,2995.9166666666665,2813.867,3504.119,3128.4374583333333
2024-01-22,2596.6,3471.3,3076.7875,2641.165,3449.133,3117.1675416666662
2024-01-23,2283.0,3337.2,2885.745833333333,2382.678,3302.198,2915.5265416666666
2024-01-24,2281.5,3336.8,2887.816666666667,2365.811,3301.847,2917.9214166666666
2024-01-25,2193.5,3157.2,2719.954166666667,2218.409,3057.744,2689.0435
2024-01-26,2184.5,3148.1,2769.1625,2171.22,3103.898,2750.724083333333
2024-01-27,2206.0,2986.6,2630.8875000000003,2212.299,2946.913,2608.862583333333
2024-01-28,2197.6,3161.1,2655.6291666666666,2198.664,3132.349,2678.6280833333335
2024-01-29,2337.8,3424.5,2970.1583333333333,2329.806,3369.781,2926.403791666667
2024-01-30,2394.1,3418.7,2920.975,2356.841,3459.585,3000.14
2024-01-31,2529.5,3359.6,2957.125,2446.747,3349.183,2989.6771666666664
2024-02-01,2441.2,3266.8,2883.7791666666667,2325.458,3192.156,2831.9770000000003
2024-02-02,2431.0,3270.7,2914.7124999999996,2217.767,3090.785,2751.5574166666665
2024-02-03,2358.3,3223.9,2772.3583333333336,2277.356,2986.137,2617.3834583333332
2024-02-04,2411.2,3190.6,2693.1375000000003,2380.756,3072.929,2645.600375
2024-02-05,2383.0,3398.0,2900.2916666666665,2361.428,3198.172,2809.6181666666666
2024-02-06,2402.8,3342.0,2920.2958333333336,2334.947,3193.851,2821.6650833333333
2024-02-07,2354.3,3310.8,2858.2791666666667,2346.201,3147.461,2774.866666666667
2024-02-08,2388.5,3208.5,2823.245833333333,2322.56,3079.703,2735.6225
2024-02-09,2263.6,3072.3,2756.6708333333336,2278.657,3072.684,2715.520958333333
2024-02-10,2213.7,2787.2,2511.983333333333,2149.475,2680.051,2397.940958333333
2024-02-11,2175.1,3008.7,2517.570833333333,2016.236,2852.523,2406.4017083333333
2024-02-12,2234.9,3078.2,2680.4375,2158.05,2998.376,2609.6914583333332
2024-02-13,2362.4,3519.7,3042.0458333333336,2189.537,3246.401,2814.941125
2024-02-14,2445.2,3564.6,3029.2999999999997,2342.756,3290.757,2862.8998333333334
2024-02-15,2471.3,3293.6,2897.3916666666664,2497.061,3196.373,2867.7563750000004
2024-02-16,2331.9,3224.5,2814.8541666666665,2342.981,3155.266,2790.722291666667
2024-02-17,2364.9,3095.9,2743.304166666667,2324.651,3037.069,2700.99675
2024-02-18,2452.8,3167.2,2710.75,2463.832,3034.166,2683.9767916666665
2024-02-19,2382.7,3314.5,2765.2333333333336,2374.147,3154.994,2720.9705
2024-02-20,2472.1,3323.5,2863.008333333333,2451.341,3146.279,2836.0632499999997
2024-02-21,2409.5,3278.9,2846.4708333333333,2427.997,3144.18,2783.499458333333
2024-02-22,2402.5,3199.8,2810.975,2385.943,3022.061,2709.1342083333334
2024-02-23,2290.9,3044.2,2714.725,2207.541,3026.396,2693.8726666666666
2024-02-24,2250.3,3182.0,2652.5125000000003,2148.465,2997.082,2553.366833333333
2024-02-25,2340.7,3175.9,2700.195833333333,2506.001,3088.91,2677.2871250000003
2024-02-26,2346.6,3084.6,2736.0916666666667,2327.12,2973.352,2663.185625
2024-02-27,2217.6,3076.2,2642.0375,2165.15,2895.618,2541.40775
2024-02-28,2044.3,2987.2,2559.2083333333335,1984.399,2896.455,2532.353791666667
2024-02-29,2124.9,3253.4,2700.1666666666665,2145.299,3259.655,2760.05525
2024-03-01,2364.5,3040.8,2702.829166666667,2454.211,3037.573,2745.6047916666666
2024-03-02,2267.9,2939.8,2588.3416666666667,2235.938,2794.905,2536.072583333333
2024-03-03,2141.5,2846.6,2461.275,2036.725,2725.659,2340.0742083333334
2024-03-04,2126.5,3047.7,2663.35,1982.128,2921.056,2495.6879583333334
2024-03-05,2085.1,3066.3,2683.8125,2072.126,2996.21,2637.0369583333336
2024-03-06,2015.1,2841.4,2472.1375000000003,2081.075,2896.643,2541.2890833333336
2024-03-07,1956.9,2997.2,2586.554166666667,2086.237,3004.669,2647.2719166666666
2024-03-08,2162.2,2977.3,2508.6583333333333,2167.904,2840.894,2511.5947083333335
2024-03-09,2187.3,2780.9,2467.0416666666665,2175.172,2834.756,2525.7824583333336
2024-03-10,2118.1,2831.8,2425.7391304347825,2132.777,2758.102,2369.709652173913
2024-03-11,2196.1,2982.8,2633.5666666666666,2124.594,2995.21,2631.683875
2024-03-12,2124.1,2810.4,2448.5750000000003,2192.754,2853.171,2516.692375
2024-03-13,2023.8,2871.0,2387.866666666667,2092.458,2770.953,2449.2760416666665
2024-03-14,1997.8,2762.8,2348.491666666667,2029.767,2706.014,2398.4360833333335
2024-03-15,1961.1,2761.0,2467.6,1977.293,2837.128,2535.5234583333336
2024-03-16,1968.4,2510.8,2196.008333333333,2037.838,2521.722,2251.533
2024-03-17,1940.4,2531.8,2196.2791666666667,1956.402,2615.995,2257.1384583333333
2024-03-18,1950.6,2851.1,2388.929166666667,1996.874,2803.509,2433.8393333333333
2024-03-19,2103.9,2851.8,2440.2625000000003,2101.758,2871.922,2519.7760833333336
2024-03-20,2076.3,2804.5,2442.7791666666667,2106.371,2865.564,2550.7512083333336
2024-03-21,2116.4,2971.3,2510.8125,2212.042,3032.277,2666.2817083333334
2024-03-22,2236.4,2926.6,2526.5583333333334,2357.237,2996.864,2691.255041666667
2024-03-23,2230.6,2808.0,2572.9333333333334,2208.465,2916.609,2634.7914583333336
2024-03-24,2123.7,2898.7,2418.5,2292.57,2882.566,2531.63175
2024-03-25,2214.2,3041.8,2612.9125,2247.509,3016.551,2677.8880416666666
2024-03-26,2143.8,2973.9,2677.9625,2210.632,3070.127,2760.316083333333
2024-03-27,2077.1,2751.8,2510.3958333333335,2179.657,2857.64,2572.556
2024-03-28,2021.5,2836.9,2552.045833333333,2007.28,2871.796,2570.516208333333
2024-03-29,1990.6,2759.2,2415.929166666667,2070.586,2971.759,2566.840291666667
2024-03-30,1909.3,2568.3,2197.5,2126.128,2553.68,2288.0195833333332
2024-03-31,1966.7,2664.8,2178.6208333333334,1981.036,2503.866,2175.0255416666664
2024-04-01,1985.4,2783.6,2449.116666666667,1979.746,2743.465,2456.9057916666666
2024-04-02,1956.6,2805.2,2426.0833333333335,2013.169,2826.331,2476.805208333333
2024-04-03,2036.6,2972.5,2617.804166666667,2041.494,3043.594,2662.470875
2024-04-04,2082.9,3027.1,2682.6458333333335,2264.071,3191.965,2841.5680833333336
2024-04-05,2160.3,2805.6,2579.5041666666666,2239.736,2876.659,2629.08525
2024-04-06,2046.1,2696.3,2390.170833333333,2122.446,2747.402,2446.1832916666667
2024-04-07,2052.2,2684.2,2313.4041666666667,2137.851,2713.992,2403.6805833333333
2024-04-08,2069.4,2601.7,2314.5291666666667,2120.447,2702.902,2415.753125
2024-04-09,1916.8,2709.2,2288.1749999999997,1940.105,2654.151,2314.9749583333332
2024-04-10,1949.1,2777.9,2396.8125,1947.014,2691.718,2361.523583333333
2024-04-11,1846.7,2668.8,2406.1291666666666,1911.863,2742.972,2462.5265416666666
2024-04-12,1853.0,2730.1,2373.2374999999997,1961.148,2848.874,2483.5562916666668
2024-04-13,1892.3,2539.8,2205.6541666666667,1906.205,2464.784,2168.3267083333335
2024-04-14,1830.8,2507.4,2068.1583333333333,1904.625,2479.564,2141.4615833333332
2024-04-15,1833.5,2597.3,2196.9416666666666,1879.196,2538.386,2245.1851666666666
2024-04-16,1892.8,2601.7,2231.4666666666667,1846.943,2467.244,2197.5582916666667
2024-04-17,1897.9,2678.3,2258.641666666667,1768.515,2476.374,2144.8021249999997
2024-04-18,1912.8,2689.8,2392.6124999999997,1799.285,2599.615,2319.443333333333
2024-04-19,2019.6,2565.2,2330.5208333333335,1864.041,2424.078,2186.693583333333
2024-04-20,1921.4,2383.4,2174.545833333333,1796.41,2342.266,2114.8798333333334
2024-04-21,1896.4,2592.9,2119.891666666667,1834.247,2453.707,2083.0285
2024-04-22,1890.3,2582.3,2198.079166666667,1881.119,2516.089,2223.100125
2024-04-23,1964.2,2622.2,2237.1124999999997,1877.042,2496.868,2210.04525
2024-04-24,1942.2,2694.2,2380.0875,1831.554,2582.735,2293.0701249999997
2024-04-25,1985.3,2809.3,2282.6583333333333,1936.068,2530.191,2254.529375
2024-04-26,1955.6,2561.2,2217.2999999999997,1912.866,2441.463,2209.1137916666667
2024-04-27,1880.4,2407.7,2080.570833333333,1864.468,2309.24,2046.5623333333333
2024-04-28,1817.2,2425.2,2066.2000000000003,1768.871,2457.811,2034.9952083333335
2024-04-29,1776.1,2569.8,2214.6749999999997,1820.627,2486.338,2236.5674166666668
2024-04-30,1817.5,2575.8,2304.7208333333333,1754.96,2484.698,2222.9510833333334
2024-05-01,1809.6,2534.1,2265.4500000000003,1777.211,2584.81,2295.8060833333334
2024-05-02,1812.3,2542.6,2262.35,1869.753,2608.729,2306.314208333333
2024-05-03,1813.5,2453.3,2210.0416666666665,1847.912,2569.844,2273.77975
2024-05-04,1883.1,2455.1,2136.8416666666667,1842.034,2393.019,2088.2164166666666
2024-05-05,1777.6,2523.0,2125.733333333333,1833.287,2543.664,2184.8348333333333
2024-05-06,1789.0,2685.7,2283.025,1855.218,2756.724,2369.48275
2024-05-07,1801.4,2729.6,2210.483333333333,1870.812,2718.807,2342.0239166666665
2024-05-08,1896.2,2734.1,2403.7999999999997,1850.333,2753.401,2396.36975
2024-05-09,1809.8,2654.7,2295.954166666667,1854.323,2524.456,2273.0197083333333
2024-05-10,1867.0,2609.0,2291.8125,1824.042,2459.923,2203.9665833333333
2024-05-11,1842.5,2515.2,2068.475,1845.332,2364.33,2077.0005
2024-05-12,1896.8,2942.0,2154.275,1841.29,2411.875,2080.190916666667
2024-05-13,1871.1,2717.1,2306.2125,1836.608,2583.295,2274.629125
2024-05-14,1823.6,2788.9,2324.9125,1817.12,2811.334,2359.81725
2024-05-15,1868.6,2914.8,2458.554166666667,1906.881,2816.644,2456.185125
2024-05-16,1910.2,2775.6,2446.116666666667,1859.087,2625.047,2361.9147083333332
2024-05-17,1776.6,2549.1,2193.233333333333,1821.008,2517.407,2259.8198333333335
2024-05-18,1925.6,2480.0,2254.7999999999997,1809.996,2396.399,2145.9540833333335
2024-05-19,1899.8,2578.9,2215.920833333333,1806.403,2451.607,2138.0291666666667
2024-05-20,1763.7,2580.9,2220.4500000000003,1806.249,2590.911,2286.5849583333334
2024-05-21,1837.0,3202.6,2496.7125,1831.166,3306.402,2587.382916666667
2024-05-22,1938.3,3580.8,2734.7166666666667,2066.994,3816.148,2961.4889583333334
2024-05-23,2112.6,3658.0,2936.254166666667,2246.624,3517.776,2951.4890416666663
2024-05-24,2108.5,3296.6,2700.795833333333,2059.401,3343.208,2723.74775
2024-05-25,1907.7,2722.8,2201.545833333333,1953.539,2705.169,2335.047416666667
2024-05-26,1955.2,2850.9,2345.366666666667,1934.766,2852.018,2376.121291666667
2024-05-27,2004.8,2764.1,2393.2208333333333,2078.263,2962.152,2518.5913333333333
2024-05-28,1975.2,3261.2,2637.2999999999997,2153.783,3517.595,2912.122083333333
2024-05-29,2043.5,3163.7,2571.491666666667,2096.691,3152.763,2689.9004583333335
2024-05-30,2112.1,2875.4,2591.2916666666665,2037.406,2704.387,2438.9062916666667
2024-05-31,1869.7,2766.1,2329.7875,1837.734,2785.347,2362.4915833333334
2024-06-01,1877.6,2744.7,2179.3791666666666,1848.481,2849.248,2296.3858333333333
2024-06-02,1839.2,2981.3,2276.954166666667,1858.392,3082.986,2427.1508333333336
2024-06-03,2114.4,3401.0,2743.8333333333335,2135.702,3213.657,2739.8247916666664
2024-06-04,2061.2,3270.6,2706.6208333333334,2020.986,3183.157,2644.52625
2024-06-05,2062.8,3579.1,2821.3250000000003,2020.471,3678.013,2871.840166666667
2024-06-06,2436.9,3400.8,3024.883333333333,2371.382,3330.25,2947.219833333333
2024-06-07,2223.9,3329.9,2825.0458333333336,2141.692,3356.984,2797.201333333333
2024-06-08,2079.9,2919.4,2445.5375,1997.672,2702.516,2393.5273333333334
2024-06-09,2067.9,2990.2,2478.5750000000003,1970.331,2655.778,2306.8617083333334
2024-06-10,1979.8,3130.4,2536.991666666667,1907.571,3057.883,2522.24025
2024-06-11,2137.7,3324.3,2712.9708333333333,1931.588,2917.444,2524.529125
2024-06-12,2003.2,3206.9,2647.9,2010.42,3171.508,2692.560875
2024-06-13,2067.1,3654.9,2846.6875,2046.481,3633.789,2847.3946250000004
2024-06-14,2298.6,3721.9,3039.6749999999997,2260.688,3668.424,2977.7454583333333
2024-06-15,2227.1,2925.4,2508.5625,2213.235,2838.727,2509.8629166666665
2024-06-16,1933.9,2696.2,2220.9874999999997,1866.428,2639.939,2228.0359583333334
2024-06-17,1999.8,3426.1,2715.7833333333333,1988.05,3489.617,2810.211333333333
2024-06-18,2404.6,4344.6,3408.2083333333335,2330.911,4775.812,3593.275416666667
2024-06-19,2681.7,4676.0,3723.775,2828.29,5027.081,3925.72575
2024-06-20,2810.3,4832.0,3881.7666666666664,2992.022,5259.255,4130.456041666667
2024-06-21,3084.3,4201.2,3703.9625,2767.784,3984.035,3418.110375
2024-06-22,2521.0,3267.9,2928.945833333333,2372.995,2864.908,2637.824
2024-06-23,2344.6,3741.1,2992.5375,2101.604,3864.61,2931.7836666666667
2024-06-24,2653.1,3846.3,3297.183333333333,2740.699,3722.902,3281.44025
2024-06-25,2442.9,4199.6,3264.6458333333335,2277.54,4105.078,3198.5989583333335
2024-06-26,2635.7,4502.5,3585.9583333333335,2550.585,4465.338,3543.426916666667
2024-06-27,2639.3,3894.8,3268.245833333333,2595.045,3884.944,3193.668291666667
2024-06-28,2216.5,3243.1,2681.9874999999997,2104.012,3045.23,2580.9850833333335
2024-06-29,2114.7,3063.8,2584.625,2045.194,2854.749,2466.7666249999997
2024-06-30,2419.7,3764.1,3094.8333333333335,2473.7,4140.015,3209.8884583333333
2024-07-01,2508.1,3554.1,3018.6124999999997,2479.738,3382.646,3008.244541666667
2024-07-02,2294.3,3598.7,2897.0791666666664,2155.469,3509.658,2853.120125
2024-07-03,2288.4,3759.1,2994.6666666666665,2153.416,3550.74,2884.6440000000002
2024-07-04,2295.6,3677.9,2968.120833333333,2190.823,3396.542,2804.748208333333
2024-07-05,2640.8,4128.8,3378.7374999999997,2514.685,4009.321,3250.8482916666667
2024-07-06,2703.1,3892.3,3331.2166666666667,2731.549,3697.122,3263.9787916666664
2024-07-07,2739.0,4283.2,3456.995833333333,2717.316,4279.092,3439.778375
2024-07-08,2797.3,4634.4,3730.7208333333333,2856.263,4636.151,3842.2302916666667
2024-07-09,2887.6,4869.4,3905.4791666666665,3043.416,4874.676,4000.91375
2024-07-10,2989.9,4617.4,3855.5291666666667,3179.595,4983.259,4128.177166666666
2024-07-11,2886.7,4580.8,3764.245833333333,3183.226,4847.114,4034.334375
2024-07-12,2863.8,4386.2,3678.1416666666664,2914.343,4502.006,3818.1198750000003
2024-07-13,2925.2,3857.5,3379.7999999999997,2991.174,4084.012,3514.233083333333
2024-07-14,2663.8,4143.9,3346.9625,2726.876,4257.179,3492.204333333333
2024-07-15,2856.4,4747.8,3854.9874999999997,2932.873,4999.9,3981.7081249999997
2024-07-16,3042.1,5197.3,4128.8625,3222.508,5065.275,4146.108666666667
2024-07-17,3255.2,5038.4,4172.754166666667,3133.668,4924.732,4026.3794166666667
2024-07-18,3010.9,4437.3,3740.5833333333335,3019.669,4367.09,3699.6439166666664
2024-07-19,2587.4,3798.0,3135.1458333333335,2493.464,3715.002,3114.9779166666667
2024-07-20,2375.8,3635.1,2993.2083333333335,2359.657,3661.847,3028.016125
2024-07-21,2473.1,3843.2,3110.0875,2559.502,3650.867,3123.5399999999995
2024-07-22,2527.3,3892.3,3236.5125000000003,2507.086,4032.049,3333.046333333333
2024-07-23,2719.4,3712.5,3275.5,2806.667,3627.515,3268.208541666667
2024-07-24,2533.6,3502.0,3103.995833333333,2481.423,3269.319,2968.8325833333333
2024-07-25,2412.8,3830.9,3181.366666666667,2352.097,3695.725,3102.9505833333333
2024-07-26,2322.6,3696.0,2939.9833333333336,2227.462,3573.682,2918.8624999999997
2024-07-27,2269.6,3443.4,2841.2708333333335,2201.188,3383.06,2807.625125
2024-07-28,2356.1,3650.7,2911.741666666667,2220.928,3228.507,2758.025625
2024-07-29,2470.1,3700.3,3136.9791666666665,2311.554,3148.706,2850.5599583333333
2024-07-30,2364.9,4216.4,3309.9583333333335,2398.825,4428.911,3506.7623333333336
2024-07-31,2728.2,4188.9,3507.7000000000003,2840.397,4322.825,3696.8095
2024-08-01,2817.3,4849.7,3819.616666666667,2930.321,4799.149,3925.727166666667
2024-08-02,3009.1,4752.7,3904.754166666667,2964.762,4736.659,3845.676041666667
2024-08-03,3086.2,4556.2,3814.4500000000003,3080.536,4395.915,3753.2712083333336
2024-08-04,2948.1,4270.7,3613.2333333333336,2943.361,4058.026,3421.441375
2024-08-05,2831.1,4920.1,3821.6749999999997,2694.774,4382.317,3621.3897916666665
2024-08-06,2700.8,3442.4,3179.2666666666664,2568.037,3313.648,3095.337916666667
2024-08-07,2322.1,3142.4,2829.0416666666665,2151.988,3042.359,2671.7807916666666
2024-08-08,2094.2,3079.7,2603.0958333333333,2082.755,3037.619,2646.945
2024-08-09,2261.0,3727.7,3093.3250000000003,2177.147,3978.4,3143.1192916666664
2024-08-10,2664.7,3854.1,3195.733333333333,2768.91,3800.677,3281.5122916666664
2024-08-11,2302.9,3555.5,2768.8125,2261.409,3370.787,2797.5019166666666
2024-08-12,2347.0,3507.9,2932.2958333333336,2264.315,3300.726,2833.628458333333
2024-08-13,2262.7,3632.3,2895.566666666667,2148.06,3460.459,2838.876
2024-08-14,2429.6,3774.5,3070.383333333333,2255.103,3607.024,2975.6481666666664
2024-08-15,2353.0,3666.4,3071.9208333333336,2315.12,3664.379,2949.0712916666666
2024-08-16,2500.9,3739.4,3135.4874999999997,2246.915,3180.003,2798.263625
2024-08-17,2378.2,3308.0,2854.0958333333333,2171.754,2926.983,2564.101
2024-08-18,2336.7,3285.9,2803.0458333333336,2172.213,2932.125,2576.2097916666667
2024-08-19,2601.5,3847.4,3245.5750000000003,2311.608,3550.18,3032.780875
2024-08-20,2407.2,3139.9,2787.4541666666664,2214.307,2888.733,2610.9151666666667
2024-08-21,2031.6,2844.4,2490.8875000000003,1946.916,2893.662,2486.253416666667
2024-08-22,2029.1,2966.7,2500.358333333333,1953.295,2938.54,2499.81225
2024-08-23,2080.8,3238.4,2663.7916666666665,2009.028,3195.764,2636.168166666667
2024-08-24,2194.0,3251.6,2661.6875,2067.846,3123.913,2593.1702499999997
2024-08-25,2331.3,3628.3,2911.375,2127.882,3215.206,2679.0435833333336
2024-08-26,2470.1,3639.8,3132.7625000000003,2284.415,3472.463,2957.729
2024-08-27,2389.7,3886.6,3120.133333333333,2231.263,3712.943,3018.9017916666667
2024-08-28,2459.9,4265.5,3352.4125,2409.192,4283.687,3390.0274583333335
2024-08-29,2161.0,3103.3,2600.0916666666667,2273.675,3077.559,2711.532791666667
2024-08-30,2023.0,2902.8,2478.6916666666666,1980.301,2893.738,2498.0047916666667
2024-08-31,2141.5,3175.9,2666.7916666666665,2009.754,2954.85,2520.3356666666664
2024-09-01,2379.4,3649.1,2935.1375000000003,2301.289,3513.396,2906.5461250000003
2024-09-02,2207.8,3002.5,2539.7625000000003,2289.311,3100.267,2676.500375
2024-09-03,1929.6,2861.5,2389.75,1905.235,2951.496,2449.482791666667
2024-09-04,1993.9,3252.3,2544.3250000000003,1913.792,3181.175,2584.225
2024-09-05,1973.5,3054.7,2494.7083333333335,2021.274,3052.053,2593.310958333333
2024-09-06,2143.2,3122.8,2657.7458333333334,2038.689,3046.445,2646.296333333333
2024-09-07,2058.0,2923.0,2452.4375,2054.67,2828.738,2454.884
2024-09-08,1846.6,2702.0,2117.6916666666666,1892.556,2622.74,2198.372083333333
2024-09-09,1844.1,3029.6,2365.3166666666666,1843.907,2918.806,2423.063583333333
2024-09-10,1924.7,3038.8,2447.2833333333333,1956.247,3070.143,2539.1285833333336
2024-09-11,1917.3,2983.9,2408.6,1901.298,2976.589,2483.5600833333333
2024-09-12,2060.4,3424.0,2714.3166666666666,1951.101,3225.037,2621.2016666666664
2024-09-13,2151.6,3610.9,2836.775,2045.727,3468.53,2791.028291666667
2024-09-14,2332.2,3237.7,2707.295833333333,2148.936,3108.366,2635.4440833333333
2024-09-15,2199.3,3074.9,2542.8958333333335,2055.869,2977.788,2484.7867499999998
2024-09-16,2107.1,3417.2,2679.275,1962.867,3197.147,2616.572833333333
2024-09-17,2125.4,3576.9,2773.0625,2011.037,3173.91,2667.1621666666665
2024-09-18,2103.1,3265.1,2744.75,2076.41,3095.191,2687.6967083333334
2024-09-19,2204.2,3109.1,2775.3541666666665,2132.273,3106.331,2725.258416666667
2024-09-20,2047.5,2746.5,2493.875,2161.212,2897.971,2587.150916666667
2024-09-21,2071.4,2566.8,2342.8791666666666,1919.663,2528.759,2282.3044999999997
2024-09-22,1966.3,2682.7,2254.2458333333334,1837.84,2595.534,2193.583125
2024-09-23,1869.8,2712.9,2338.554166666667,1839.456,2717.747,2385.2287083333335
2024-09-24,1916.2,2783.5,2345.1666666666665,1856.219,2728.869,2365.7159166666665
2024-09-25,1886.0,2723.5,2406.2625000000003,1850.989,2739.049,2396.622041666667
2024-09-26,1966.1,3050.9,2594.4416666666666,1898.945,2940.856,2525.821
2024-09-27,2060.4,3082.4,2545.954166666667,1994.68,2962.947,2538.5537083333334
2024-09-28,2022.8,2740.1,2356.1041666666665,1944.898,2606.625,2286.4660416666666
2024-09-29,1950.4,2802.2,2312.275,1885.871,2644.492,2239.106458333333
2024-09-30,1856.1,2821.6,2330.4500000000003,1850.465,2858.289,2424.3488333333335
2024-10-01,1754.5,2721.2,2373.2999999999997,1883.482,2746.385,2421.9410000000003
2024-10-02,1810.5,2674.3,2336.275,1856.603,2916.128,2390.0694583333334
2024-10-03,1791.1,2844.5,2289.6916666666666,1844.714,2792.026,2393.0494166666667
2024-10-04,1835.9,2740.0,2331.4666666666667,1845.332,2774.34,2399.90175
2024-10-05,1948.8,2584.1,2198.929166666667,1864.419,2510.576,2196.2569583333334
2024-10-06,1829.7,2535.9,2082.858333333333,1772.694,2532.404,2097.440666666667
2024-10-07,1785.1,2877.1,2440.141666666667,1789.291,2772.081,2398.9744583333336
2024-10-08,1779.6,2584.4,2198.0666666666666,1817.282,2665.424,2283.7042916666664
2024-10-09,1902.9,2705.1,2249.4416666666666,1819.456,2665.139,2304.5775416666665
2024-10-10,1774.8,2681.7,2216.929166666667,1826.051,2653.775,2302.809041666667
2024-10-11,1852.1,2681.1,2246.1916666666666,1854.638,2615.35,2302.98725
2024-10-12,1833.0,2533.9,2101.8166666666666,1816.491,2424.329,2108.3635833333333
2024-10-13,1798.6,2597.5,2176.9041666666667,1790.981,2576.373,2208.083458333333
2024-10-14,1824.1,2729.1,2338.391666666667,1844.984,2749.083,2380.154375
2024-10-15,1960.4,2808.5,2383.2708333333335,1918.548,2758.715,2393.924
2024-10-16,2003.1,2935.6,2439.9166666666665,1941.366,2725.588,2392.8996666666667
2024-10-17,2060.9,2846.1,2395.2208333333333,1969.69,2738.005,2424.5673333333334
2024-10-18,2023.6,2794.2,2364.8541666666665,1970.787,2650.652,2375.4211250000003
2024-10-19,1976.0,2617.5,2202.2875,1905.303,2512.071,2193.2052083333333
2024-10-20,1895.7,2668.8,2162.679166666667,1834.872,2615.78,2165.595
2024-10-21,1866.7,3037.3,2430.4125,1824.491,2879.528,2421.3235
2024-10-22,1969.1,2991.6,2464.358333333333,1861.933,2775.069,2402.831833333333
2024-10-23,1944.2,2975.0,2478.391666666667,1860.22,2905.233,2441.906125
2024-10-24,1988.9,2808.1,2431.954166666667,1912.834,2707.653,2408.658625
2024-10-25,1962.6,2648.4,2301.554166666667,1827.708,2622.087,2293.3087083333335
2024-10-26,1853.7,2533.0,2162.804166666667,1841.074,2478.358,2150.229333333333
2024-10-27,1888.5,2662.8,2142.329166666667,1862.964,2631.267,2178.9415
2024-10-28,1929.1,2883.4,2399.891666666667,1898.502,2813.534,2426.1884166666664
2024-10-29,1900.8,2905.4,2515.5916666666667,2010.252,2798.907,2479.1726249999997
2024-10-30,1940.4,2849.1,2437.7166666666667,1899.819,2792.154,2436.9770416666665
2024-10-31,1874.6,2985.2,2426.1458333333335,1881.645,2800.864,2426.4164166666665
2024-11-01,2023.6,2743.2,2419.4500000000003,1934.523,2795.638,2448.60225
2024-11-02,1832.2,2450.6,2114.5416666666665,1809.244,2544.041,2196.741833333333
2024-11-03,1959.7,2693.3,2209.7291666666665,1934.181,2729.067,2274.002625
2024-11-04,1906.6,2755.6,2360.4583333333335,2045.633,2986.677,2574.8365416666666
2024-11-05,1825.6,2855.8,2331.5958333333333,1936.288,2926.961,2454.7855
2024-11-06,2080.0,3245.4,2641.7166666666667,1938.895,3089.045,2553.1573750000002
2024-11-07,1966.3,2857.3,2369.2083333333335,1924.248,2808.453,2411.54875
2024-11-08,1859.4,2763.0,2231.2875,1850.176,2754.861,2332.511875
2024-11-09,1861.5,2571.6,2139.633333333333,1902.065,2629.581,2234.8018333333334
2024-11-10,1985.4,2568.4,2261.516666666667,2009.488,2662.246,2270.5504583333336
2024-11-11,1818.4,2749.7,2302.5333333333333,1882.275,2822.09,2355.694791666667
2024-11-12,1839.3,2871.5,2372.4874999999997,1840.045,2956.93,2404.511125
2024-11-13,2158.5,3030.7,2559.266666666667,2077.671,3002.031,2566.225125
2024-11-14,2179.9,2975.8,2531.4666666666667,2157.904,3019.9,2614.802125
2024-11-15,2190.0,2824.6,2480.233333333333,2173.382,2878.086,2561.7657916666667
2024-11-16,2111.9,2709.0,2320.9291666666663,1997.645,2627.822,2284.9518333333335
2024-11-17,1968.9,2760.3,2251.5375,1944.643,2701.943,2254.8725
2024-11-18,1899.9,2766.9,2346.8541666666665,1928.392,2865.6,2434.6249166666666
2024-11-19,1827.3,2835.7,2314.3250000000003,1933.972,2869.636,2422.796083333333
2024-11-20,1955.7,2732.2,2394.741666666667,1992.572,2889.301,2460.4335
2024-11-21,1903.8,2896.4,2476.0875,1950.215,2980.962,2560.4532083333334
2024-11-22,2043.1,2912.1,2503.8166666666666,1999.424,2846.725,2463.0695
2024-11-23,2045.4,2743.5,2468.454166666667,1955.329,2806.022,2424.5347916666665
2024-11-24,1945.1,2852.7,2295.1208333333334,2014.249,2825.401,2363.0026666666668
2024-11-25,1957.8,2838.4,2433.7458333333334,2084.53,2966.959,2572.2019583333336
2024-11-26,2157.5,2984.3,2659.8624999999997,2131.814,3056.609,2687.954166666667
2024-11-27,2047.7,2928.3,2492.7291666666665,2155.958,2946.58,2580.610708333333
2024-11-28,2038.0,2781.8,2388.8958333333335,2072.446,2848.6,2453.352625
2024-11-29,1967.8,2779.6,2353.4708333333333,2073.581,2865.902,2465.5895833333334
2024-11-30,1987.9,2881.9,2427.475,2154.863,2895.52,2495.5443333333333
2024-12-01,2159.8,3006.5,2562.2541666666666,2239.939,3106.814,2618.2286666666664
2024-12-02,2317.6,3310.9,2799.9083333333333,2354.4,3297.288,2856.027375
2024-12-03,2403.5,3355.2,2868.0333333333333,2372.76,3322.051,2882.3702083333333
2024-12-04,2402.4,3333.7,2858.683333333333,2339.465,3294.05,2838.721125
2024-12-05,2116.9,3120.5,2705.391666666667,2259.86,3261.638,2856.694208333333
2024-12-06,2277.1,3293.3,2792.4708333333333,2336.666,3373.599,2902.130625
2024-12-07,2358.8,3061.9,2664.175,2462.169,3100.096,2750.1762083333338
2024-12-08,2280.7,2962.3,2587.4166666666665,2321.395,3026.945,2621.6141666666667
2024-12-09,2134.4,3070.8,2634.0916666666667,2163.696,3198.528,2726.2004166666666
2024-12-10,2014.8,3010.4,2611.920833333333,2147.24,3363.868,2871.9347083333337
2024-12-11,2009.0,2942.4,2545.0041666666666,2244.988,3173.832,2790.795166666667
2024-12-12,2014.1,3145.6,2621.4666666666667,2084.724,3223.741,2728.739625
2024-12-13,2289.1,3234.5,2777.0166666666664,2398.154,3367.912,2917.405708333333
2024-12-14,2434.0,3196.1,2745.2666666666664,2522.217,3213.985,2849.8471250000002
2024-12-15,2432.8,3184.3,2739.4583333333335,2551.36,3253.728,2852.077625
2024-12-16,2274.5,3161.0,2789.7000000000003,2362.909,3266.451,2874.7261249999997
2024-12-17,2054.4,2919.4,2548.625,2116.522,2986.366,2589.8548333333333
2024-12-18,1981.2,2981.5,2539.6375000000003,2112.152,3078.784,2631.384541666667
2024-12-19,2049.6,3018.7,2582.695833333333,2118.486,3174.236,2693.5519583333335
2024-12-20,2277.9,3187.9,2841.0,2303.54,3448.474,2969.8909583333334
2024-12-21,2284.6,3247.2,2767.504166666667,2468.6,3398.489,2966.5627083333334
2024-12-22,2592.3,3597.1,3047.054166666667,2758.108,3610.18,3188.696875
2024-12-23,2658.9,3538.4,3116.1666666666665,2901.852,3617.84,3316.747
2024-12-24,2468.4,3340.4,2961.4249999999997,2604.172,3361.176,3018.188708333333
2024-12-25,2443.1,3071.2,2727.983333333333,2517.447,3043.354,2780.4132083333334
2024-12-26,2434.4,3271.9,2816.133333333333,2430.287,3281.51,2874.508416666667
2024-12-27,2307.7,3138.6,2741.7291666666665,2511.904,3208.731,2877.810708333333
2024-12-28,2305.5,2968.1,2627.7541666666666,2332.59,2934.743,2644.7520416666666
2024-12-29,2142.4,2835.4,2491.695833333333,2137.496,2845.991,2481.2929166666668
2024-12-30,1960.5,2851.4,2499.4625,2046.553,2912.384,2535.908
2024-12-31,2012.8,2927.7,2470.5041666666666,2085.059,2926.128,2509.2674166666666
