Date,ActualLoad_pred_min,ActualLoad_pred_max,ActualLoad_min,ActualLoad_max,ActualLoad_pred_avg,ActualLoad_avg
2005-01-01,2228.8,3006.3,2125.0,3022.0,2617.55,2573.5
2005-01-02,2294.9,3276.4,2193.0,3328.0,2785.65,2760.5
2005-01-03,2257.0,3280.9,2163.0,3507.0,2768.95,2835.0
2005-01-04,2175.1,3332.9,2127.0,3549.0,2754.0,2838.0
2005-01-05,2094.5,3340.6,2201.0,3725.0,2717.55,2963.0
2005-01-06,2266.0,3528.5,2388.0,3763.0,2897.25,3075.5
2005-01-07,2127.6,3349.2,2333.0,3587.0,2738.3999999999996,2960.0
2005-01-08,2188.4,3136.6,2328.0,3479.0,2662.5,2903.5
2005-01-09,2201.4,3141.8,2352.0,3393.0,2671.6000000000004,2872.5
2005-01-10,2047.0,3304.0,2300.0,3674.0,2675.5,2987.0
2005-01-11,2371.9,3439.1,2319.0,3700.0,2905.5,3009.5
2005-01-12,2264.1,3391.6,2348.0,3701.0,2827.85,3024.5
2005-01-13,2142.0,3381.6,2307.0,3606.0,2761.8,2956.5
2005-01-14,2092.3,3137.7,2140.0,3478.0,2615.0,2809.0
2005-01-15,2093.0,3272.6,2305.0,3316.0,2682.8,2810.5
2005-01-16,2262.0,3392.7,2385.0,3411.0,2827.35,2898.0
2005-01-17,2377.4,3438.7,2498.0,3908.0,2908.05,3203.0
2005-01-18,2376.7,3476.3,2772.0,4193.0,2926.5,3482.5
2005-01-19,2685.2,3971.4,2933.0,4045.0,3328.3,3489.0
2005-01-20,2496.0,3868.6,2635.0,3914.0,3182.3,3274.5
2005-01-21,2401.6,3704.7,2776.0,4094.0,3053.1499999999996,3435.0
2005-01-22,2808.8,3197.8,2987.0,3948.0,3003.3,3467.5
2005-01-23,2565.3,3160.7,2773.0,3902.0,2863.0,3337.5
2005-01-24,2523.0,3318.7,2922.0,4030.0,2920.85,3476.0
2005-01-25,2469.6,3476.5,2734.0,3927.0,2973.05,3330.5
2005-01-26,2618.8,3761.8,2645.0,4045.0,3190.3,3345.0
2005-01-27,2595.8,3566.0,2773.0,4046.0,3080.9,3409.5
2005-01-28,2633.3,3627.1,2941.0,3899.0,3130.2,3420.0
2005-01-29,2544.3,3204.9,2826.0,3479.0,2874.6000000000004,3152.5
2005-01-30,2331.2,3093.2,2499.0,3461.0,2712.2,2980.0
2005-01-31,2298.6,3389.0,2497.0,3819.0,2843.8,3158.0
2005-02-01,2450.1,3414.6,2622.0,3731.0,2932.35,3176.5
2005-02-02,2371.5,3389.3,2560.0,3694.0,2880.4,3127.0
2005-02-03,2420.9,3454.0,2491.0,3691.0,2937.45,3091.0
2005-02-04,2354.6,3537.4,2405.0,3559.0,2946.0,2982.0
2005-02-05,2332.9,3189.6,2375.0,3160.0,2761.25,2767.5
2005-02-06,2291.2,3222.3,2281.0,3195.0,2756.75,2738.0
2005-02-07,2295.2,3524.4,2335.0,3523.0,2909.8,2929.0
2005-02-08,2297.3,3494.7,2304.0,3497.0,2896.0,2900.5
2005-02-09,2280.2,3528.9,2249.0,3440.0,2904.55,2844.5
2005-02-10,2303.8,3560.1,2216.0,3685.0,2931.95,2950.5
2005-02-11,2300.9,3517.2,2414.0,3588.0,2909.05,3001.0
2005-02-12,2391.6,3327.1,2418.0,3243.0,2859.35,2830.5
2005-02-13,2386.2,3425.1,2316.0,3335.0,2905.6499999999996,2825.5
2005-02-14,2350.6,3572.3,2422.0,3610.0,2961.45,3016.0
2005-02-15,2284.2,3506.4,2302.0,3439.0,2895.3,2870.5
2005-02-16,2193.1,3202.5,2219.0,3437.0,2697.8,2828.0
2005-02-17,2334.7,3612.1,2238.0,3514.0,2973.3999999999996,2876.0
2005-02-18,2421.8,3630.5,2361.0,3565.0,3026.15,2963.0
2005-02-19,2545.0,3499.7,2530.0,3324.0,3022.35,2927.0
2005-02-20,2554.9,3533.7,2455.0,3260.0,3044.3,2857.5
2005-02-21,2480.4,3502.2,2425.0,3552.0,2991.3,2988.5
2005-02-22,2398.4,3527.7,2444.0,3613.0,2963.05,3028.5
2005-02-23,2427.1,3611.7,2392.0,3561.0,3019.3999999999996,2976.5
2005-02-24,2547.2,3498.2,2511.0,3684.0,3022.7,3097.5
2005-02-25,2539.0,3545.7,2537.0,3544.0,3042.35,3040.5
2005-02-26,2568.5,3335.0,2503.0,3257.0,2951.75,2880.0
2005-02-27,2479.2,3332.2,2448.0,3392.0,2905.7,2920.0
2005-02-28,2430.1,3593.7,2456.0,3712.0,3011.8999999999996,3084.0
2005-03-01,2341.9,3650.1,2458.0,3689.0,2996.0,3073.5
2005-03-02,2376.4,3670.8,2432.0,3675.0,3023.6000000000004,3053.5
2005-03-03,2476.7,3543.4,2492.0,3722.0,3010.05,3107.0
2005-03-04,2367.4,3638.6,2545.0,3567.0,3003.0,3056.0
2005-03-05,2443.2,3261.8,2474.0,3181.0,2852.5,2827.5
2005-03-06,2357.5,3083.9,2316.0,3262.0,2720.7,2789.0
2005-03-07,2292.4,3468.7,2254.0,3467.0,2880.55,2860.5
2005-03-08,2279.0,3421.7,2191.0,3713.0,2850.35,2952.0
2005-03-09,2496.2,3324.1,2653.0,3808.0,2910.1499999999996,3230.5
2005-03-10,2487.8,3471.0,2645.0,3673.0,2979.4,3159.0
2005-03-11,2417.2,3285.5,2549.0,3572.0,2851.35,3060.5
2005-03-12,2341.3,3234.7,2320.0,3359.0,2788.0,2839.5
2005-03-13,2274.4,3209.3,2311.0,3226.0,2741.8500000000004,2768.5
2005-03-14,2273.9,3351.0,2348.0,3496.0,2812.45,2922.0
2005-03-15,2283.1,3361.9,2349.0,3419.0,2822.5,2884.0
2005-03-16,2316.3,3454.9,2282.0,3394.0,2885.6000000000004,2838.0
2005-03-17,2301.5,3385.2,2305.0,3350.0,2843.35,2827.5
2005-03-18,2270.6,3307.0,2282.0,3253.0,2788.8,2767.5
2005-03-19,2109.5,2886.8,2262.0,2972.0,2498.15,2617.0
2005-03-20,2108.0,2666.7,2209.0,3033.0,2387.35,2621.0
2005-03-21,2232.8,3181.5,2111.0,3402.0,2707.15,2756.5
2005-03-22,2237.6,3315.1,2246.0,3278.0,2776.35,2762.0
2005-03-23,2194.3,3224.2,2155.0,3433.0,2709.25,2794.0
2005-03-24,2228.4,3204.3,2266.0,3360.0,2716.3500000000004,2813.0
2005-03-25,2226.2,3222.3,2268.0,3179.0,2724.25,2723.5
2005-03-26,2145.3,2987.4,2214.0,3021.0,2566.3500000000004,2617.5
2005-03-27,2120.4,2957.9,2190.0,2879.0,2539.15,2534.5
2005-03-28,2103.6,3270.4,2100.0,3498.0,2687.0,2799.0
2005-03-29,2075.0,3137.9,2197.0,3363.0,2606.45,2780.0
2005-03-30,2105.0,3190.8,2146.0,3251.0,2647.9,2698.5
2005-03-31,2121.3,3208.1,2133.0,3258.0,2664.7,2695.5
2005-04-01,2125.3,2805.0,2114.0,3105.0,2465.15,2609.5
2005-04-02,2045.5,2749.3,2078.0,3061.0,2397.4,2569.5
2005-04-03,0.0,2940.7,0.0,2973.0,1470.35,1486.5
2005-04-04,1990.6,3273.7,2065.0,3164.0,2632.1499999999996,2614.5
2005-04-05,2117.4,3183.8,2113.0,3083.0,2650.6000000000004,2598.0
2005-04-06,2103.1,2716.9,2011.0,3042.0,2410.0,2526.5
2005-04-07,1984.6,2891.3,1984.0,3092.0,2437.95,2538.0
2005-04-08,1948.3,2854.5,1998.0,3023.0,2401.4,2510.5
2005-04-09,1901.8,2652.3,1986.0,2726.0,2277.05,2356.0
2005-04-10,1853.9,2516.4,1968.0,2839.0,2185.15,2403.5
2005-04-11,1949.4,2675.7,1935.0,3082.0,2312.55,2508.5
2005-04-12,1774.3,2519.5,2068.0,3213.0,2146.9,2640.5
2005-04-13,1636.1,2487.3,2132.0,3096.0,2061.7,2614.0
2005-04-14,1713.2,2700.3,2068.0,3059.0,2206.75,2563.5
2005-04-15,1714.7,2641.7,2076.0,3046.0,2178.2,2561.0
2005-04-16,1835.0,2556.5,2056.0,2704.0,2195.75,2380.0
2005-04-17,1800.3,2469.8,1987.0,2706.0,2135.05,2346.5
2005-04-18,1756.5,2750.6,1906.0,2891.0,2253.55,2398.5
2005-04-19,1809.9,2843.9,1917.0,3077.0,2326.9,2497.0
2005-04-20,1678.1,2813.2,1959.0,3328.0,2245.6499999999996,2643.5
2005-04-21,1834.6,2390.2,1941.0,2975.0,2112.3999999999996,2458.0
2005-04-22,1901.6,2341.8,1956.0,2958.0,2121.7,2457.0
2005-04-23,1836.8,2340.1,1920.0,2762.0,2088.45,2341.0
2005-04-24,1771.0,2435.6,1900.0,2758.0,2103.3,2329.0
2005-04-25,1830.4,2713.3,1915.0,3030.0,2271.8500000000004,2472.5
2005-04-26,1821.2,2511.4,1995.0,3055.0,2166.3,2525.0
2005-04-27,1800.2,2446.7,1945.0,3138.0,2123.45,2541.5
2005-04-28,1805.4,2353.3,1973.0,3058.0,2079.3500000000004,2515.5
2005-04-29,1838.2,1987.9,1981.0,2990.0,1913.0500000000002,2485.5
2005-04-30,1416.5,1883.7,1920.0,2753.0,1650.1,2336.5
2005-05-01,1667.0,2163.7,1896.0,2773.0,1915.35,2334.5
2005-05-02,1744.6,2193.0,1921.0,3007.0,1968.8,2464.0
2005-05-03,1774.5,2176.4,1950.0,3006.0,1975.45,2478.0
2005-05-04,1909.2,2527.4,1952.0,3006.0,2218.3,2479.0
2005-05-05,1810.9,2776.9,1971.0,3008.0,2293.9,2489.5
2005-05-06,1816.4,2450.3,1955.0,2979.0,2133.3500000000004,2467.0
2005-05-07,1775.5,2220.9,1946.0,2869.0,1998.2,2407.5
2005-05-08,1697.5,2176.3,1974.0,2804.0,1936.9,2389.0
2005-05-09,1762.1,2460.2,1946.0,3086.0,2111.1499999999996,2516.0
2005-05-10,1749.9,2225.0,1950.0,3074.0,1987.45,2512.0
2005-05-11,1782.0,2617.7,1957.0,3229.0,2199.85,2593.0
2005-05-12,1708.2,2596.5,1984.0,3050.0,2152.35,2517.0
2005-05-13,1736.4,2393.7,1980.0,3015.0,2065.05,2497.5
2005-05-14,1505.4,2346.5,1910.0,2660.0,1925.95,2285.0
2005-05-15,1639.4,2354.1,1850.0,2742.0,1996.75,2296.0
2005-05-16,1743.5,2019.3,1901.0,3050.0,1881.4,2475.5
2005-05-17,1745.4,2582.1,1941.0,3061.0,2163.75,2501.0
2005-05-18,1824.1,2447.8,1930.0,3065.0,2135.95,2497.5
2005-05-19,1823.5,2433.3,1943.0,3048.0,2128.4,2495.5
2005-05-20,1782.9,2556.7,1934.0,3060.0,2169.8,2497.0
2005-05-21,1759.8,2529.0,1903.0,2682.0,2144.4,2292.5
2005-05-22,1731.2,2480.8,1900.0,2712.0,2106.0,2306.0
2005-05-23,1623.9,2687.6,1905.0,3073.0,2155.75,2489.0
2005-05-24,1811.4,2720.0,1980.0,3222.0,2265.7,2601.0
2005-05-25,1794.3,2522.7,2037.0,3249.0,2158.5,2643.0
2005-05-26,1813.7,2637.1,2046.0,3147.0,2225.4,2596.5
2005-05-27,1800.0,2517.5,1998.0,3086.0,2158.75,2542.0
2005-05-28,1775.7,2447.8,1928.0,2690.0,2111.75,2309.0
2005-05-29,1699.3,2384.1,1867.0,2579.0,2041.6999999999998,2223.0
2005-05-30,1648.2,2414.0,1879.0,2741.0,2031.1,2310.0
2005-05-31,1767.8,2536.2,1900.0,3096.0,2152.0,2498.0
2005-06-01,1807.5,2418.5,1951.0,3082.0,2113.0,2516.5
2005-06-02,1677.2,2332.9,1934.0,3258.0,2005.0500000000002,2596.0
2005-06-03,1830.6,2597.5,1959.0,3316.0,2214.05,2637.5
2005-06-04,1840.6,2573.3,2006.0,3046.0,2206.95,2526.0
2005-06-05,1852.8,2575.8,2030.0,3287.0,2214.3,2658.5
2005-06-06,1658.7,2574.2,2098.0,3326.0,2116.45,2712.0
2005-06-07,1879.8,2948.9,2143.0,4091.0,2414.35,3117.0
2005-06-08,1883.3,2847.2,2340.0,4287.0,2365.25,3313.5
2005-06-09,1977.3,2888.6,2517.0,3996.0,2432.95,3256.5
2005-06-10,2274.1,3355.3,2339.0,4334.0,2814.7,3336.5
2005-06-11,2058.3,3241.8,2510.0,4136.0,2650.05,3323.0
2005-06-12,2138.5,3253.0,2612.0,4168.0,2695.75,3390.0
2005-06-13,2281.3,3364.8,2928.0,4964.0,2823.05,3946.0
2005-06-14,2503.2,3268.0,2428.0,4222.0,2885.6,3325.0
2005-06-15,2117.9,3013.9,2055.0,3117.0,2565.9,2586.0
2005-06-16,1924.2,2781.3,1972.0,3102.0,2352.75,2537.0
2005-06-17,1894.0,2844.1,1967.0,3193.0,2369.05,2580.0
2005-06-18,1865.3,2676.8,1960.0,2765.0,2271.05,2362.5
2005-06-19,1768.4,2691.3,1870.0,2654.0,2229.8500000000004,2262.0
2005-06-20,1864.3,2918.1,1919.0,3367.0,2391.2,2643.0
2005-06-21,1933.7,3205.4,2014.0,3816.0,2569.55,2915.0
2005-06-22,2045.1,3112.2,2292.0,3510.0,2578.6499999999996,2901.0
2005-06-23,1671.2,3200.5,2044.0,3468.0,2435.85,2756.0
2005-06-24,1830.7,2568.3,2119.0,3917.0,2199.5,3018.0
2005-06-25,2369.2,3570.1,2379.0,4278.0,2969.6499999999996,3328.5
2005-06-26,2448.4,3600.6,2636.0,4373.0,3024.5,3504.5
2005-06-27,2589.8,3742.9,2805.0,4641.0,3166.3500000000004,3723.0
2005-06-28,2482.6,3696.8,2913.0,4512.0,3089.7,3712.5
2005-06-29,2492.1,3469.4,2846.0,4731.0,2980.75,3788.5
2005-06-30,2486.8,3590.2,2719.0,4289.0,3038.5,3504.0
2005-07-01,2280.5,3172.5,2382.0,3646.0,2726.5,3014.0
2005-07-02,2028.3,2943.6,2423.0,3351.0,2485.95,2887.0
2005-07-03,2010.5,2870.7,2061.0,2944.0,2440.6,2502.5
2005-07-04,1900.7,2820.6,2065.0,3038.0,2360.65,2551.5
2005-07-05,2258.8,3422.4,2144.0,4354.0,2840.6000000000004,3249.0
2005-07-06,2280.3,3530.9,2569.0,3904.0,2905.6000000000004,3236.5
2005-07-07,2304.2,3306.4,2145.0,3252.0,2805.3,2698.5
2005-07-08,2170.6,3266.5,2086.0,3238.0,2718.55,2662.0
2005-07-09,1968.3,2749.8,2009.0,2889.0,2359.05,2449.0
2005-07-10,2101.9,2815.2,2030.0,3470.0,2458.55,2750.0
2005-07-11,2490.8,3340.4,2540.0,4643.0,2915.6000000000004,3591.5
2005-07-12,2438.4,3335.2,2565.0,3923.0,2886.8,3244.0
2005-07-13,2222.5,3107.8,2326.0,3961.0,2665.15,3143.5
2005-07-14,2217.3,3312.0,2476.0,4501.0,2764.65,3488.5
2005-07-15,2420.0,3292.1,2827.0,4478.0,2856.05,3652.5
2005-07-16,2105.0,3125.3,2511.0,3930.0,2615.15,3220.5
2005-07-17,1958.7,3007.3,2581.0,3806.0,2483.0,3193.5
2005-07-18,2582.1,3854.6,2890.0,4796.0,3218.35,3843.0
2005-07-19,2809.4,3968.3,3068.0,5242.0,3388.8500000000004,4155.0
2005-07-20,2668.5,3747.2,3059.0,4842.0,3207.85,3950.5
2005-07-21,2536.1,3627.5,2867.0,4628.0,3081.8,3747.5
2005-07-22,2674.0,3515.9,2807.0,4804.0,3094.95,3805.5
2005-07-23,2373.9,3228.8,2657.0,3630.0,2801.3500000000004,3143.5
2005-07-24,2040.5,3059.1,2233.0,3338.0,2549.8,2785.5
2005-07-25,2348.1,3173.7,2502.0,4424.0,2760.8999999999996,3463.0
2005-07-26,2649.4,3320.5,2860.0,4903.0,2984.95,3881.5
2005-07-27,2242.1,3529.4,3199.0,5391.0,2885.75,4295.0
2005-07-28,2355.3,3248.0,2686.0,3775.0,2801.65,3230.5
2005-07-29,2298.5,3477.9,2246.0,3823.0,2888.2,3034.5
2005-07-30,2240.0,3160.7,2444.0,3277.0,2700.35,2860.5
2005-07-31,2062.0,3124.5,2230.0,2933.0,2593.25,2581.5
2005-08-01,1649.5,3224.7,2264.0,3988.0,2437.1,3126.0
2005-08-02,2365.7,3389.8,2466.0,4482.0,2877.75,3474.0
2005-08-03,2366.4,3478.4,2748.0,4488.0,2922.4,3618.0
2005-08-04,2563.7,3680.1,2632.0,4398.0,3121.8999999999996,3515.0
2005-08-05,2599.0,3983.9,2761.0,4959.0,3291.45,3860.0
2005-08-06,2306.1,2922.9,2601.0,3512.0,2614.5,3056.5
2005-08-07,2070.0,3063.2,2300.0,3671.0,2566.6,2985.5
2005-08-08,2441.5,3631.3,2595.0,4756.0,3036.4,3675.5
2005-08-09,2480.0,3332.8,3003.0,4573.0,2906.4,3788.0
2005-08-10,2646.6,3298.0,2759.0,4747.0,2972.3,3753.0
2005-08-11,2668.2,3190.4,2892.0,4819.0,2929.3,3855.5
2005-08-12,2435.4,3133.8,2830.0,4425.0,2784.6000000000004,3627.5
2005-08-13,2495.3,3346.2,2905.0,4520.0,2920.75,3712.5
2005-08-14,2428.3,3404.4,2999.0,4286.0,2916.3500000000004,3642.5
2005-08-15,2464.7,3392.3,2584.0,3607.0,2928.5,3095.5
2005-08-16,2244.6,3306.5,2193.0,3612.0,2775.55,2902.5
2005-08-17,2323.9,3442.2,2325.0,3985.0,2883.05,3155.0
2005-08-18,1575.2,2621.7,2284.0,3590.0,2098.45,2937.0
2005-08-19,1669.7,3376.8,2220.0,3607.0,2523.25,2913.5
2005-08-20,1730.3,2803.4,2233.0,3342.0,2266.85,2787.5
2005-08-21,2233.3,3239.1,2411.0,3990.0,2736.2,3200.5
2005-08-22,1833.8,3350.4,2540.0,4186.0,2592.1,3363.0
2005-08-23,1883.7,3207.4,2330.0,3776.0,2545.55,3053.0
2005-08-24,1700.9,3113.4,2279.0,3591.0,2407.15,2935.0
2005-08-25,1646.2,3037.2,2140.0,3543.0,2341.7,2841.5
2005-08-26,1677.0,3186.4,2175.0,3692.0,2431.7,2933.5
2005-08-27,1771.6,2982.8,2213.0,3347.0,2377.2,2780.0
2005-08-28,1601.9,2732.4,2269.0,3521.0,2167.15,2895.0
2005-08-29,1830.4,3377.8,2657.0,4483.0,2604.1000000000004,3570.0
2005-08-30,2080.4,3340.6,2729.0,4019.0,2710.5,3374.0
2005-08-31,2521.3,4027.2,2681.0,4375.0,3274.25,3528.0
2005-09-01,2569.5,3319.8,2715.0,4244.0,2944.65,3479.5
2005-09-02,1849.9,3232.0,2436.0,4076.0,2540.95,3256.0
2005-09-03,1691.6,2372.5,2335.0,3249.0,2032.05,2792.0
2005-09-04,1511.0,2139.6,2169.0,3001.0,1825.3,2585.0
2005-09-05,1454.9,2159.0,2110.0,3079.0,1806.95,2594.5
2005-09-06,1616.2,2820.1,2061.0,3580.0,2218.15,2820.5
2005-09-07,1613.3,2910.5,2134.0,3837.0,2261.9,2985.5
2005-09-08,1659.0,3048.9,2237.0,3994.0,2353.95,3115.5
2005-09-09,1648.3,2634.6,2401.0,3539.0,2141.45,2970.0
2005-09-10,1473.8,2326.6,2078.0,2893.0,1900.1999999999998,2485.5
2005-09-11,1434.1,2389.5,1924.0,2978.0,1911.8,2451.0
2005-09-12,1664.0,3176.8,2085.0,4252.0,2420.4,3168.5
2005-09-13,1875.4,3231.3,2548.0,4141.0,2553.3500000000004,3344.5
2005-09-14,1874.8,3016.3,2482.0,4450.0,2445.55,3466.0
2005-09-15,1616.3,3045.5,2763.0,4028.0,2330.9,3395.5
2005-09-16,1663.0,2895.1,2510.0,3674.0,2279.05,3092.0
2005-09-17,1591.8,2409.8,2217.0,3132.0,2000.8000000000002,2674.5
2005-09-18,1510.0,2367.6,2132.0,3250.0,1938.8,2691.0
2005-09-19,1538.4,2904.4,2104.0,3749.0,2221.4,2926.5
2005-09-20,1701.0,3049.7,2225.0,3763.0,2375.35,2994.0
2005-09-21,1667.6,3097.7,2207.0,3661.0,2382.6499999999996,2934.0
2005-09-22,1660.3,3144.3,2175.0,3849.0,2402.3,3012.0
2005-09-23,1616.2,2982.8,2298.0,3726.0,2299.5,3012.0
2005-09-24,1444.2,2071.0,2018.0,2825.0,1757.6,2421.5
2005-09-25,1424.7,2360.9,1895.0,2946.0,1892.8000000000002,2420.5
2005-09-26,1449.9,2998.6,2039.0,3535.0,2224.25,2787.0
2005-09-27,1428.9,2493.9,2268.0,3379.0,1961.4,2823.5
2005-09-28,1467.9,2683.6,1989.0,3289.0,2075.75,2639.0
2005-09-29,1484.3,2685.8,2029.0,3404.0,2085.05,2716.5
2005-09-30,1569.2,2740.7,1957.0,3062.0,2154.95,2509.5
2005-10-01,1298.1,2213.4,1928.0,2875.0,1755.75,2401.5
2005-10-02,1163.5,1960.7,1907.0,3003.0,1562.1,2455.0
2005-10-03,1286.8,2538.2,1959.0,3390.0,1912.5,2674.5
2005-10-04,1541.8,2761.8,2060.0,3418.0,2151.8,2739.0
2005-10-05,1532.1,2813.7,2077.0,3573.0,2172.8999999999996,2825.0
2005-10-06,1583.1,3053.8,2215.0,3704.0,2318.45,2959.5
2005-10-07,1937.1,2853.9,2302.0,3819.0,2395.5,3060.5
2005-10-08,1505.1,2750.4,2358.0,3451.0,2127.75,2904.5
2005-10-09,1370.5,2542.4,1990.0,2847.0,1956.45,2418.5
2005-10-10,1372.7,2572.9,1953.0,3188.0,1972.8000000000002,2570.5
2005-10-11,1368.2,2466.8,1992.0,3321.0,1917.5,2656.5
2005-10-12,1131.3,2420.9,2017.0,3316.0,1776.1,2666.5
2005-10-13,1320.8,2450.1,2040.0,3314.0,1885.4499999999998,2677.0
2005-10-14,1380.2,2837.8,2040.0,3275.0,2109.0,2657.5
2005-10-15,1786.1,2531.3,2070.0,2984.0,2158.7,2527.0
2005-10-16,1744.7,2513.1,1953.0,2988.0,2128.9,2470.5
2005-10-17,1200.6,2092.4,1963.0,3257.0,1646.5,2610.0
2005-10-18,1240.7,2497.7,1979.0,3271.0,1869.1999999999998,2625.0
2005-10-19,1310.5,2297.6,1967.0,3278.0,1804.05,2622.5
2005-10-20,1369.6,2428.9,1958.0,3215.0,1899.25,2586.5
2005-10-21,1409.5,2510.1,2007.0,3127.0,1959.8,2567.0
2005-10-22,1399.7,2459.6,2004.0,2989.0,1929.65,2496.5
2005-10-23,1310.5,2328.3,1964.0,3064.0,1819.4,2514.0
2005-10-24,1388.7,2741.5,2000.0,3401.0,2065.1,2700.5
2005-10-25,1513.2,2713.8,2045.0,3429.0,2113.5,2737.0
2005-10-26,1635.2,3044.0,2089.0,3354.0,2339.6,2721.5
2005-10-27,1164.7,2478.4,2111.0,3350.0,1821.5500000000002,2730.5
2005-10-28,1258.3,2526.1,2082.0,3246.0,1892.1999999999998,2664.0
2005-10-29,1548.2,2443.2,2089.0,3147.0,1995.6999999999998,2618.0
2005-10-30,1430.3,2916.1,2071.0,4307.0,2173.2,3189.0
2005-10-31,1535.1,2795.1,1989.0,3333.0,2165.1,2661.0
2005-11-01,1378.4,2591.6,1987.0,3401.0,1985.0,2694.0
2005-11-02,1377.9,2461.5,1972.0,3350.0,1919.7,2661.0
2005-11-03,1459.3,2424.3,2043.0,3380.0,1941.8000000000002,2711.5
2005-11-04,1378.6,2384.9,1997.0,3268.0,1881.75,2632.5
2005-11-05,1341.9,2209.3,1962.0,2964.0,1775.6000000000001,2463.0
2005-11-06,1310.8,2211.8,1924.0,3042.0,1761.3000000000002,2483.0
2005-11-07,1348.0,2417.8,1957.0,3409.0,1882.9,2683.0
2005-11-08,1392.2,2473.6,2013.0,3401.0,1932.9,2707.0
2005-11-09,1429.8,2539.6,2037.0,3472.0,1984.6999999999998,2754.5
2005-11-10,1443.2,2569.7,2042.0,3414.0,2006.4499999999998,2728.0
2005-11-11,1492.7,2509.0,2142.0,3346.0,2000.85,2744.0
2005-11-12,1509.5,2401.3,2197.0,3048.0,1955.4,2622.5
2005-11-13,1380.4,2354.0,2066.0,3038.0,1867.2,2552.0
2005-11-14,1376.1,2614.6,1970.0,3377.0,1995.35,2673.5
2005-11-15,1398.2,2744.0,2028.0,3469.0,2071.1,2748.5
2005-11-16,1317.9,2452.1,2037.0,3518.0,1885.0,2777.5
2005-11-17,1910.0,3128.1,2005.0,3432.0,2519.05,2718.5
2005-11-18,1530.9,2593.1,2175.0,3463.0,2062.0,2819.0
2005-11-19,1557.4,2454.1,2231.0,3166.0,2005.75,2698.5
2005-11-20,1392.4,2372.4,2144.0,3110.0,1882.4,2627.0
2005-11-21,1441.9,2608.2,2079.0,3452.0,2025.05,2765.5
2005-11-22,1404.3,2634.4,2041.0,3492.0,2019.35,2766.5
2005-11-23,1719.0,2918.7,2188.0,3576.0,2318.85,2882.0
2005-11-24,1463.9,2418.0,2250.0,3012.0,1940.95,2631.0
2005-11-25,1541.4,2493.6,2232.0,3367.0,2017.5,2799.5
2005-11-26,1607.0,2510.8,2303.0,3220.0,2058.9,2761.5
2005-11-27,1514.6,2487.6,2174.0,3248.0,2001.1,2711.0
2005-11-28,1551.8,2800.2,2145.0,3545.0,2176.0,2845.0
2005-11-29,1388.4,2786.0,2092.0,3481.0,2087.2,2786.5
2005-11-30,1368.4,2713.7,2036.0,3519.0,2041.05,2777.5
2005-12-01,1990.5,3356.7,2059.0,3510.0,2673.6,2784.5
2005-12-02,2041.6,3378.8,2099.0,3507.0,2710.2,2803.0
2005-12-03,2084.2,3226.9,2274.0,3353.0,2655.55,2813.5
2005-12-04,2097.3,3185.3,2263.0,3481.0,2641.3,2872.0
2005-12-05,2105.0,3665.6,2341.0,3828.0,2885.3,3084.5
2005-12-06,2196.0,3550.0,2353.0,3813.0,2873.0,3083.0
2005-12-07,2221.7,3674.6,2426.0,3918.0,2948.1499999999996,3172.0
2005-12-08,2317.2,3454.4,2575.0,3827.0,2885.8,3201.0
2005-12-09,1760.9,3052.6,2466.0,3880.0,2406.75,3173.0
2005-12-10,1755.7,2726.6,2438.0,3446.0,2241.15,2942.0
2005-12-11,1652.4,2757.3,2305.0,3413.0,2204.8500000000004,2859.0
2005-12-12,1718.5,3150.7,2324.0,3797.0,2434.6,3060.5
2005-12-13,1807.8,3139.1,2490.0,4016.0,2473.45,3253.0
2005-12-14,1981.4,3332.5,2704.0,4060.0,2656.95,3382.0
2005-12-15,1966.5,3273.5,2709.0,3958.0,2620.0,3333.5
2005-12-16,1778.3,3144.1,2495.0,3773.0,2461.2,3134.0
2005-12-17,1684.7,2704.5,2388.0,3431.0,2194.6,2909.5
2005-12-18,1638.3,2755.4,2387.0,3491.0,2196.85,2939.0
2005-12-19,1753.8,3174.0,2417.0,3934.0,2463.9,3175.5
2005-12-20,1870.4,3291.6,2526.0,3874.0,2581.0,3200.0
2005-12-21,2404.4,3759.7,2527.0,3896.0,3082.05,3211.5
2005-12-22,2408.4,3770.2,2524.0,3800.0,3089.3,3162.0
2005-12-23,2308.0,3633.3,2398.0,3516.0,2970.65,2957.0
2005-12-24,2135.5,3177.6,2203.0,3101.0,2656.55,2652.0
2005-12-25,2116.5,3044.2,2174.0,2801.0,2580.35,2487.5
2005-12-26,2098.0,3248.9,2064.0,3266.0,2673.45,2665.0
2005-12-27,2270.9,3637.5,2279.0,3591.0,2954.2,2935.0
2005-12-28,2304.1,3535.4,2347.0,3561.0,2919.75,2954.0
2005-12-29,2152.5,3357.8,2197.0,3481.0,2755.15,2839.0
2005-12-30,2143.2,3253.1,2124.0,3442.0,2698.1499999999996,2783.0
2005-12-31,2032.9,3074.9,2310.0,3374.0,2553.9,2842.0
2006-01-01,2090.7,2940.9,2331.0,3310.0,2515.8,2820.5
2006-01-02,2119.3,3043.4,2312.0,3488.0,2581.3500000000004,2900.0
2006-01-03,2198.1,3502.2,2304.0,3815.0,2850.1499999999996,3059.5
2006-01-04,2210.0,3522.4,2428.0,3790.0,2866.2,3109.0
2006-01-05,2184.5,3606.0,2388.0,3695.0,2895.25,3041.5
2006-01-06,2149.2,3547.8,2327.0,3613.0,2848.5,2970.0
2006-01-07,2172.2,3215.4,2368.0,3370.0,2693.8,2869.0
2006-01-08,2156.1,3160.7,2357.0,3412.0,2658.3999999999996,2884.5
2006-01-09,2167.1,3525.7,2353.0,3651.0,2846.3999999999996,3002.0
2006-01-10,2231.8,3603.4,2276.0,3590.0,2917.6000000000004,2933.0
2006-01-11,2250.7,3477.1,2287.0,3551.0,2863.8999999999996,2919.0
2006-01-12,2115.1,3429.5,2133.0,3419.0,2772.3,2776.0
2006-01-13,2025.4,3233.9,2179.0,3362.0,2629.65,2770.5
2006-01-14,1975.8,3005.0,2062.0,3067.0,2490.4,2564.5
2006-01-15,2044.8,3227.1,2130.0,3552.0,2635.95,2841.0
2006-01-16,2214.6,3528.9,2654.0,3808.0,2871.75,3231.0
2006-01-17,2299.3,3587.6,2547.0,3734.0,2943.45,3140.5
2006-01-18,2143.1,3397.4,2331.0,3507.0,2770.25,2919.0
2006-01-19,2097.0,3463.3,2264.0,3538.0,2780.15,2901.0
2006-01-20,2043.9,3233.8,2257.0,3354.0,2638.8500000000004,2805.5
2006-01-21,1952.1,2946.4,2099.0,3080.0,2449.25,2589.5
2006-01-22,2028.9,3143.2,2206.0,3292.0,2586.05,2749.0
2006-01-23,2121.1,3525.6,2264.0,3716.0,2823.35,2990.0
2006-01-24,2147.3,3472.7,2326.0,3561.0,2810.0,2943.5
2006-01-25,2129.4,3405.5,2292.0,3569.0,2767.45,2930.5
2006-01-26,2169.0,3703.8,2287.0,3644.0,2936.4,2965.5
2006-01-27,2211.3,3249.5,2460.0,3537.0,2730.4,2998.5
2006-01-28,2053.8,2923.9,2302.0,3122.0,2488.8500000000004,2712.0
2006-01-29,2018.4,3014.6,2183.0,3206.0,2516.5,2694.5
2006-01-30,2028.9,3364.1,2152.0,3673.0,2696.5,2912.5
2006-01-31,2111.3,3433.7,2302.0,3756.0,2772.5,3029.0
2006-02-01,2136.3,3326.8,2367.0,3582.0,2731.55,2974.5
2006-02-02,2061.5,3213.8,2271.0,3480.0,2637.65,2875.5
2006-02-03,2038.8,3120.2,2196.0,3332.0,2579.5,2764.0
2006-02-04,1853.3,2793.0,2141.0,3091.0,2323.15,2616.0
2006-02-05,1894.4,2944.7,2086.0,3112.0,2419.55,2599.0
2006-02-06,2079.5,3377.0,2179.0,3596.0,2728.25,2887.5
2006-02-07,2118.5,3359.7,2303.0,3623.0,2739.1,2963.0
2006-02-08,2206.0,3379.9,2400.0,3629.0,2792.95,3014.5
2006-02-09,2273.4,3372.1,2392.0,3618.0,2822.75,3005.0
2006-02-10,2261.4,3208.4,2453.0,3613.0,2734.9,3033.0
2006-02-11,2176.7,3072.7,2453.0,3375.0,2624.7,2914.0
2006-02-12,2118.5,3243.3,2423.0,3641.0,2680.9,3032.0
2006-02-13,2294.2,3648.8,2543.0,3706.0,2971.5,3124.5
2006-02-14,2204.1,3437.6,2438.0,3554.0,2820.85,2996.0
2006-02-15,2089.0,3114.8,2324.0,3423.0,2601.9,2873.5
2006-02-16,2046.4,3093.9,2198.0,3349.0,2570.15,2773.5
2006-02-17,1922.3,3092.9,2123.0,3389.0,2507.6,2756.0
2006-02-18,2162.8,3139.2,2343.0,3422.0,2651.0,2882.5
2006-02-19,2272.6,3288.5,2617.0,3362.0,2780.55,2989.5
2006-02-20,2214.8,3363.1,2513.0,3470.0,2788.95,2991.5
2006-02-21,2193.6,3384.9,2418.0,3565.0,2789.25,2991.5
2006-02-22,2107.6,3225.5,2405.0,3468.0,2666.55,2936.5
2006-02-23,2101.4,3309.5,2328.0,3471.0,2705.45,2899.5
2006-02-24,2098.1,3298.4,2293.0,3518.0,2698.25,2905.5
2006-02-25,2221.6,3090.1,2468.0,3434.0,2655.85,2951.0
2006-02-26,2247.6,3230.2,2476.0,3589.0,2738.8999999999996,3032.5
2006-02-27,2404.1,3476.1,2679.0,3934.0,2940.1,3306.5
2006-02-28,2359.9,3315.3,2687.0,3826.0,2837.6000000000004,3256.5
2006-03-01,2273.4,3270.9,2587.0,3702.0,2772.15,3144.5
2006-03-02,2278.9,3402.4,2499.0,3667.0,2840.65,3083.0
2006-03-03,2274.0,3441.6,2459.0,3659.0,2857.8,3059.0
2006-03-04,2269.2,3083.6,2529.0,3276.0,2676.3999999999996,2902.5
2006-03-05,2169.4,3062.9,2375.0,3242.0,2616.15,2808.5
2006-03-06,2166.2,3302.7,2340.0,3526.0,2734.45,2933.0
2006-03-07,2152.6,3465.1,2358.0,3497.0,2808.85,2927.5
2006-03-08,2167.3,3441.3,2349.0,3472.0,2804.3,2910.5
2006-03-09,2021.7,3096.5,2248.0,3520.0,2559.1,2884.0
2006-03-10,1804.8,2984.4,2194.0,3209.0,2394.6,2701.5
2006-03-11,1812.5,2621.6,2032.0,2898.0,2217.05,2465.0
2006-03-12,1757.2,2648.5,2058.0,3058.0,2202.85,2558.0
2006-03-13,1713.8,3076.7,2060.0,3373.0,2395.25,2716.5
2006-03-14,1834.0,3323.0,2076.0,3289.0,2578.5,2682.5
2006-03-15,1993.9,3272.3,2184.0,3498.0,2633.1000000000004,2841.0
2006-03-16,2043.1,3249.5,2296.0,3410.0,2646.3,2853.0
2006-03-17,2097.4,3149.0,2294.0,3304.0,2623.2,2799.0
2006-03-18,2099.1,2950.0,2367.0,3126.0,2524.55,2746.5
2006-03-19,2044.5,2970.4,2288.0,3248.0,2507.45,2768.0
2006-03-20,2058.9,3244.9,2337.0,3575.0,2651.9,2956.0
2006-03-21,2091.5,3296.8,2429.0,3390.0,2694.15,2909.5
2006-03-22,2020.6,3375.5,2249.0,3435.0,2698.05,2842.0
2006-03-23,1987.9,3484.0,2263.0,3274.0,2735.95,2768.5
2006-03-24,1969.8,2978.6,2100.0,3203.0,2474.2,2651.5
2006-03-25,1944.7,2766.9,2144.0,3017.0,2355.8,2580.5
2006-03-26,1949.7,2807.0,2123.0,3066.0,2378.35,2594.5
2006-03-27,1936.9,3075.9,2130.0,3241.0,2506.4,2685.5
2006-03-28,1963.7,3227.1,2093.0,3220.0,2595.4,2656.5
2006-03-29,1933.3,3128.6,2093.0,3167.0,2530.95,2630.0
2006-03-30,1863.4,2819.9,2031.0,3143.0,2341.65,2587.0
2006-03-31,1800.8,3185.5,2004.0,3058.0,2493.15,2531.0
2006-04-01,1745.0,2547.8,1953.0,2862.0,2146.4,2407.5
2006-04-02,0.0,2636.5,0.0,2850.0,1318.25,1425.0
2006-04-03,1809.7,2944.3,1993.0,3224.0,2377.0,2608.5
2006-04-04,1877.3,2988.4,2048.0,3250.0,2432.85,2649.0
2006-04-05,1916.0,3010.1,2167.0,3290.0,2463.05,2728.5
2006-04-06,1904.6,2998.4,2196.0,3141.0,2451.5,2668.5
2006-04-07,1860.0,2819.5,2118.0,3076.0,2339.75,2597.0
2006-04-08,1772.7,2681.0,2023.0,2892.0,2226.85,2457.5
2006-04-09,1854.4,2696.4,2090.0,2928.0,2275.4,2509.0
2006-04-10,1867.3,2932.4,2085.0,3085.0,2399.85,2585.0
2006-04-11,1820.6,2854.8,2039.0,3068.0,2337.7,2553.5
2006-04-12,1784.6,2840.7,2028.0,3082.0,2312.6499999999996,2555.0
2006-04-13,1737.2,2900.1,1971.0,3098.0,2318.65,2534.5
2006-04-14,1740.3,2706.7,1939.0,3030.0,2223.5,2484.5
2006-04-15,1717.7,2523.5,1907.0,2737.0,2120.6,2322.0
2006-04-16,1732.0,2581.6,1834.0,2577.0,2156.8,2205.5
2006-04-17,1740.4,2845.7,1881.0,2911.0,2293.05,2396.0
2006-04-18,1786.7,2834.7,1933.0,3027.0,2310.7,2480.0
2006-04-19,1733.2,2814.1,1942.0,3025.0,2273.65,2483.5
2006-04-20,1718.0,2697.2,1937.0,3044.0,2207.6,2490.5
2006-04-21,1752.8,2760.0,1934.0,2946.0,2256.4,2440.0
2006-04-22,1755.0,2506.2,1970.0,2739.0,2130.6,2354.5
2006-04-23,1713.4,2618.2,1946.0,2866.0,2165.8,2406.0
2006-04-24,1725.3,2749.2,1975.0,3120.0,2237.25,2547.5
2006-04-25,1787.6,2782.2,1997.0,3040.0,2284.8999999999996,2518.5
2006-04-26,1790.7,2787.0,1977.0,2976.0,2288.85,2476.5
2006-04-27,1788.4,2789.6,1962.0,2995.0,2289.0,2478.5
2006-04-28,1820.4,2786.2,1961.0,2961.0,2303.3,2461.0
2006-04-29,1804.2,2538.3,2006.0,2681.0,2171.25,2343.5
2006-04-30,1701.3,2419.0,1952.0,2754.0,2060.15,2353.0
2006-05-01,1760.3,2787.7,1925.0,3026.0,2274.0,2475.5
2006-05-02,1822.8,2825.5,2004.0,3139.0,2324.15,2571.5
2006-05-03,1760.6,2790.6,2029.0,3133.0,2275.6,2581.0
2006-05-04,1754.6,2769.9,2017.0,3167.0,2262.25,2592.0
2006-05-05,1684.9,2703.2,1979.0,3270.0,2194.05,2624.5
2006-05-06,1731.3,2501.8,1973.0,2800.0,2116.55,2386.5
2006-05-07,1709.1,2526.2,1846.0,2721.0,2117.6499999999996,2283.5
2006-05-08,1766.1,2723.1,1871.0,3039.0,2244.6,2455.0
2006-05-09,1758.9,2619.3,1905.0,3107.0,2189.1000000000004,2506.0
2006-05-10,1780.1,2998.0,1977.0,3102.0,2389.05,2539.5
2006-05-11,1784.0,2863.7,1961.0,3036.0,2323.85,2498.5
2006-05-12,1761.0,2919.1,1963.0,3052.0,2340.05,2507.5
2006-05-13,1783.0,2713.2,1957.0,2890.0,2248.1,2423.5
2006-05-14,1738.7,2478.6,1968.0,2869.0,2108.65,2418.5
2006-05-15,1731.8,2848.6,2007.0,3161.0,2290.2,2584.0
2006-05-16,1776.6,2841.4,1995.0,3130.0,2309.0,2562.5
2006-05-17,1773.4,2725.9,1995.0,3110.0,2249.65,2552.5
2006-05-18,1758.6,2765.9,1961.0,3223.0,2262.25,2592.0
2006-05-19,1787.8,3028.2,1979.0,3185.0,2408.0,2582.0
2006-05-20,1752.3,2562.7,1940.0,2725.0,2157.5,2332.5
2006-05-21,1670.7,2459.3,1863.0,2712.0,2065.0,2287.5
2006-05-22,1764.1,2979.2,1929.0,3093.0,2371.6499999999996,2511.0
2006-05-23,1790.9,2934.1,1949.0,3036.0,2362.5,2492.5
2006-05-24,1778.4,2898.5,1942.0,3107.0,2338.45,2524.5
2006-05-25,1782.7,3013.3,1952.0,3239.0,2398.0,2595.5
2006-05-26,1730.1,3079.4,2005.0,3396.0,2404.75,2700.5
2006-05-27,1712.9,2608.6,2082.0,3066.0,2160.75,2574.0
2006-05-28,1724.0,2692.4,1974.0,2836.0,2208.2,2405.0
2006-05-29,1726.8,3453.7,2070.0,3315.0,2590.25,2692.5
2006-05-30,1826.1,3147.1,2266.0,3570.0,2486.6,2918.0
2006-05-31,1774.1,3226.1,2040.0,3679.0,2500.1,2859.5
2006-06-01,1955.2,3733.1,2217.0,4193.0,2844.15,3205.0
2006-06-02,2000.3,3934.5,2454.0,3609.0,2967.4,3031.5
2006-06-03,1873.7,2971.5,2045.0,2905.0,2422.6,2475.0
2006-06-04,1786.1,2900.3,1938.0,2757.0,2343.2,2347.5
2006-06-05,1804.5,3269.2,1968.0,3245.0,2536.85,2606.5
2006-06-06,1907.4,3656.6,2000.0,3343.0,2782.0,2671.5
2006-06-07,1918.0,3358.3,2050.0,3235.0,2638.15,2642.5
2006-06-08,1875.1,3422.3,1985.0,3147.0,2648.7,2566.0
2006-06-09,1836.1,3291.8,2007.0,3228.0,2563.95,2617.5
2006-06-10,1808.6,2794.2,2023.0,2932.0,2301.3999999999996,2477.5
2006-06-11,1780.7,2782.4,1904.0,2778.0,2281.55,2341.0
2006-06-12,1874.7,3121.7,1978.0,3523.0,2498.2,2750.5
2006-06-13,1921.0,3328.5,2140.0,3758.0,2624.75,2949.0
2006-06-14,1980.9,3270.4,2246.0,3797.0,2625.65,3021.5
2006-06-15,1987.2,3147.0,2144.0,3492.0,2567.1,2818.0
2006-06-16,2008.7,3452.3,2105.0,3750.0,2730.5,2927.5
2006-06-17,2041.2,3424.1,2182.0,3458.0,2732.65,2820.0
2006-06-18,2106.6,4071.7,2200.0,4027.0,3089.1499999999996,3113.5
2006-06-19,2293.8,4272.0,2774.0,4908.0,3282.9,3841.0
2006-06-20,2205.4,4253.0,2777.0,4566.0,3229.2,3671.5
2006-06-21,2150.8,4180.0,2489.0,3960.0,3165.4,3224.5
2006-06-22,2210.9,4191.9,2347.0,4245.0,3201.3999999999996,3296.0
2006-06-23,2339.3,4294.4,2644.0,4469.0,3316.85,3556.5
2006-06-24,2031.3,3052.6,2501.0,3364.0,2541.95,2932.5
2006-06-25,1840.2,2826.6,2254.0,3033.0,2333.4,2643.5
2006-06-26,2007.0,3623.0,2257.0,4105.0,2815.0,3181.0
2006-06-27,2236.1,4185.0,2594.0,4453.0,3210.55,3523.5
2006-06-28,2292.5,3828.0,2657.0,4002.0,3060.25,3329.5
2006-06-29,2248.9,3917.8,2587.0,4148.0,3083.3500000000004,3367.5
2006-06-30,2295.2,3987.9,2577.0,3962.0,3141.55,3269.5
2006-07-01,2094.9,3621.4,2221.0,3399.0,2858.15,2810.0
2006-07-02,2207.3,4077.2,2335.0,3642.0,3142.25,2988.5
2006-07-03,2314.9,4270.4,2751.0,4048.0,3292.6499999999996,3399.5
2006-07-04,2163.6,3847.9,2541.0,3862.0,3005.75,3201.5
2006-07-05,2384.4,4209.3,2686.0,4124.0,3296.8500000000004,3405.0
2006-07-06,2267.1,3858.2,2502.0,3809.0,3062.6499999999996,3155.5
2006-07-07,2241.8,3806.5,2261.0,3840.0,3024.15,3050.5
2006-07-08,2061.7,3286.9,2321.0,3426.0,2674.3,2873.5
2006-07-09,2068.0,3269.7,2235.0,3703.0,2668.85,2969.0
2006-07-10,2345.4,4112.1,2526.0,4378.0,3228.75,3452.0
2006-07-11,2439.6,4324.9,2638.0,4446.0,3382.25,3542.0
2006-07-12,2476.2,4193.8,2696.0,4240.0,3335.0,3468.0
2006-07-13,2444.8,4070.5,2698.0,3753.0,3257.65,3225.5
2006-07-14,2452.1,4518.8,2411.0,4655.0,3485.45,3533.0
2006-07-15,2443.0,4173.7,2732.0,4116.0,3308.35,3424.0
2006-07-16,2415.3,4076.4,2565.0,4212.0,3245.8500000000004,3388.5
2006-07-17,2580.1,4857.7,2948.0,5192.0,3718.8999999999996,4070.0
2006-07-18,2733.5,5067.3,3191.0,5379.0,3900.4,4285.0
2006-07-19,2650.2,4138.3,2997.0,4278.0,3394.25,3637.5
2006-07-20,2340.2,4206.3,2516.0,3895.0,3273.25,3205.5
2006-07-21,2356.2,4270.6,2572.0,4538.0,3313.4,3555.0
2006-07-22,2290.1,3475.7,2682.0,3606.0,2882.8999999999996,3144.0
2006-07-23,2218.0,3391.5,2650.0,3373.0,2804.75,3011.5
2006-07-24,2349.5,4082.7,2357.0,4095.0,3216.1,3226.0
2006-07-25,2426.2,4384.1,2516.0,4539.0,3405.15,3527.5
2006-07-26,2521.8,4324.6,2668.0,4797.0,3423.2000000000003,3732.5
2006-07-27,2498.1,4363.8,2829.0,4971.0,3430.95,3900.0
2006-07-28,2610.7,4682.2,3118.0,5027.0,3646.45,4072.5
2006-07-29,2495.0,4244.8,2725.0,4349.0,3369.9,3537.0
2006-07-30,2392.8,3579.6,2797.0,3797.0,2986.2,3297.0
2006-07-31,2342.7,4407.1,2555.0,4324.0,3374.9,3439.5
2006-08-01,2702.0,5058.8,2889.0,5317.0,3880.4,4103.0
2006-08-02,2958.3,5048.0,3519.0,5582.0,4003.15,4550.5
2006-08-03,3090.1,5242.5,3180.0,5292.0,4166.3,4236.0
2006-08-04,2707.8,4456.5,2704.0,3870.0,3582.15,3287.0
2006-08-05,2224.8,3704.4,2524.0,3672.0,2964.6000000000004,3098.0
2006-08-06,2137.3,3502.8,2242.0,3314.0,2820.05,2778.0
2006-08-07,2388.0,4297.6,2462.0,4396.0,3342.8,3429.0
2006-08-08,2500.1,4313.4,2890.0,4168.0,3406.75,3529.0
2006-08-09,2284.9,4179.1,2379.0,3893.0,3232.0,3136.0
2006-08-10,2297.6,4302.7,2377.0,4058.0,3300.1499999999996,3217.5
2006-08-11,2209.7,3706.6,2362.0,3542.0,2958.1499999999996,2952.0
2006-08-12,1992.8,3117.0,2084.0,2905.0,2554.9,2494.5
2006-08-13,1954.6,3127.3,1990.0,2905.0,2540.95,2447.5
2006-08-14,2216.1,4196.4,2101.0,3834.0,3206.25,2967.5
2006-08-15,2448.3,4280.2,2573.0,3865.0,3364.25,3219.0
2006-08-16,2326.6,4093.0,2372.0,3972.0,3209.8,3172.0
2006-08-17,2188.8,3761.3,2380.0,3911.0,2975.05,3145.5
2006-08-18,2254.0,3991.8,2408.0,3925.0,3122.9,3166.5
2006-08-19,2232.0,3492.9,2341.0,3473.0,2862.45,2907.0
2006-08-20,2253.0,3249.9,2422.0,3528.0,2751.45,2975.0
2006-08-21,2337.4,3973.9,2375.0,3650.0,3155.65,3012.5
2006-08-22,2238.3,4270.6,2267.0,3919.0,3254.4500000000003,3093.0
2006-08-23,2226.2,3948.7,2371.0,3817.0,3087.45,3094.0
2006-08-24,2082.8,3417.3,2254.0,3537.0,2750.05,2895.5
2006-08-25,2073.7,3384.9,2208.0,3328.0,2729.3,2768.0
2006-08-26,1974.0,2848.4,2055.0,2898.0,2411.2,2476.5
2006-08-27,1937.0,2865.1,1996.0,2788.0,2401.05,2392.0
2006-08-28,2148.1,3705.5,2033.0,3393.0,2926.8,2713.0
2006-08-29,2171.2,3486.1,2112.0,3284.0,2828.6499999999996,2698.0
2006-08-30,2067.7,3528.7,2091.0,3510.0,2798.2,2800.5
2006-08-31,2014.3,3410.5,2059.0,3353.0,2712.4,2706.0
2006-09-01,2001.5,3355.5,2084.0,3324.0,2678.5,2704.0
2006-09-02,1921.8,2828.7,2058.0,2814.0,2375.25,2436.0
2006-09-03,1905.9,2921.8,1997.0,2853.0,2413.8500000000004,2425.0
2006-09-04,1932.6,3035.6,2056.0,3028.0,2484.1,2542.0
2006-09-05,2122.2,3545.9,2051.0,3434.0,2834.05,2742.5
2006-09-06,2062.6,3527.2,2146.0,3494.0,2794.8999999999996,2820.0
2006-09-07,2064.8,3781.3,2152.0,3576.0,2923.05,2864.0
2006-09-08,2099.5,3697.1,2172.0,3609.0,2898.3,2890.5
2006-09-09,2047.0,3329.4,2173.0,3305.0,2688.2,2739.0
2006-09-10,1969.7,2810.1,2103.0,2903.0,2389.9,2503.0
2006-09-11,1946.1,3341.6,1974.0,3215.0,2643.85,2594.5
2006-09-12,1959.4,3398.6,1952.0,3171.0,2679.0,2561.5
2006-09-13,1947.4,3327.9,1971.0,3216.0,2637.65,2593.5
2006-09-14,1977.4,3385.7,2015.0,3360.0,2681.55,2687.5
2006-09-15,2009.1,3332.6,2090.0,3429.0,2670.85,2759.5
2006-09-16,1970.8,3074.4,2034.0,3070.0,2522.6,2552.0
2006-09-17,1942.1,3238.4,2053.0,3257.0,2590.25,2655.0
2006-09-18,2091.3,3572.2,2166.0,3872.0,2831.75,3019.0
2006-09-19,2104.8,3709.6,2245.0,3849.0,2907.2,3047.0
2006-09-20,2026.1,3391.7,2270.0,3443.0,2708.8999999999996,2856.5
2006-09-21,1864.0,3135.5,2030.0,3178.0,2499.75,2604.0
2006-09-22,1865.3,3112.9,1957.0,3168.0,2489.1,2562.5
2006-09-23,1842.2,2937.7,1977.0,2996.0,2389.95,2486.5
2006-09-24,1905.5,2992.4,2059.0,3170.0,2448.95,2614.5
2006-09-25,1914.7,3143.9,2049.0,3241.0,2529.3,2645.0
2006-09-26,1852.7,3140.6,1975.0,3230.0,2496.65,2602.5
2006-09-27,1833.9,3091.3,1962.0,3246.0,2462.6000000000004,2604.0
2006-09-28,1844.8,3113.8,2005.0,3258.0,2479.3,2631.5
2006-09-29,1814.6,2966.5,2067.0,3336.0,2390.55,2701.5
2006-09-30,1762.2,2611.5,1929.0,2803.0,2186.85,2366.0
2006-10-01,1757.0,2641.7,1935.0,2961.0,2199.35,2448.0
2006-10-02,1778.4,2999.6,1953.0,3223.0,2389.0,2588.0
2006-10-03,1783.1,3162.9,1981.0,3392.0,2473.0,2686.5
2006-10-04,1858.7,3250.8,2084.0,3515.0,2554.75,2799.5
2006-10-05,1703.7,2895.1,2098.0,3200.0,2299.4,2649.0
2006-10-06,1816.0,2940.8,1981.0,3051.0,2378.4,2516.0
2006-10-07,1793.0,2721.8,1972.0,2787.0,2257.4,2379.5
2006-10-08,1755.9,2739.5,1938.0,2818.0,2247.7,2378.0
2006-10-09,1768.8,2979.7,1934.0,3264.0,2374.25,2599.0
2006-10-10,1809.2,2997.0,2008.0,3235.0,2403.1,2621.5
2006-10-11,1775.7,2883.4,2011.0,3351.0,2329.55,2681.0
2006-10-12,1782.9,2994.3,2091.0,3403.0,2388.6000000000004,2747.0
2006-10-13,1793.5,2936.7,2015.0,3085.0,2365.1,2550.0
2006-10-14,1805.6,2676.2,1996.0,2841.0,2240.8999999999996,2418.5
2006-10-15,1731.2,2620.6,1960.0,2974.0,2175.9,2467.0
2006-10-16,1807.4,2962.0,2007.0,3271.0,2384.7,2639.0
2006-10-17,1829.4,2958.4,2052.0,3356.0,2393.9,2704.0
2006-10-18,1753.1,2967.3,2059.0,3344.0,2360.2,2701.5
2006-10-19,1797.7,3045.6,2036.0,3309.0,2421.65,2672.5
2006-10-20,1790.5,2990.2,2070.0,3334.0,2390.35,2702.0
2006-10-21,1765.1,2659.4,2028.0,2897.0,2212.25,2462.5
2006-10-22,1762.2,2681.5,2042.0,3004.0,2221.85,2523.0
2006-10-23,1791.4,3082.3,2002.0,3337.0,2436.8500000000004,2669.5
2006-10-24,1840.8,3126.2,2071.0,3344.0,2483.5,2707.5
2006-10-25,1839.0,3029.9,2095.0,3348.0,2434.45,2721.5
2006-10-26,1879.8,3112.9,2107.0,3392.0,2496.35,2749.5
2006-10-27,1877.0,3079.1,2175.0,3243.0,2478.05,2709.0
2006-10-28,1812.8,2709.4,2084.0,3133.0,2261.1,2608.5
2006-10-29,1761.1,3523.4,2041.0,4229.0,2642.25,3135.0
2006-10-30,1824.7,3062.6,2072.0,3407.0,2443.65,2739.5
2006-10-31,1817.4,3048.7,2070.0,3385.0,2433.05,2727.5
2006-11-01,1775.2,3028.5,2045.0,3433.0,2401.85,2739.0
2006-11-02,1797.3,3084.6,2028.0,3434.0,2440.95,2731.0
2006-11-03,1890.5,3109.1,2154.0,3399.0,2499.8,2776.5
2006-11-04,1871.9,2824.7,2173.0,3103.0,2348.3,2638.0
2006-11-05,1895.7,2818.6,2158.0,3166.0,2357.15,2662.0
2006-11-06,1863.0,3075.6,2142.0,3491.0,2469.3,2816.5
2006-11-07,1843.6,3033.6,2161.0,3478.0,2438.6,2819.5
2006-11-08,1795.0,3065.1,2082.0,3536.0,2430.05,2809.0
2006-11-09,1807.3,3074.4,2089.0,3470.0,2440.85,2779.5
2006-11-10,1799.9,3077.6,2040.0,3293.0,2438.75,2666.5
2006-11-11,1898.7,2815.1,2028.0,3035.0,2356.9,2531.5
2006-11-12,1802.0,2744.7,2001.0,3127.0,2273.35,2564.0
2006-11-13,1821.3,3129.8,2025.0,3521.0,2475.55,2773.0
2006-11-14,1843.7,3034.4,2086.0,3490.0,2439.05,2788.0
2006-11-15,1828.3,3066.8,2054.0,3483.0,2447.55,2768.5
2006-11-16,1818.9,3131.7,2054.0,3603.0,2475.3,2828.5
2006-11-17,1840.1,3074.7,2152.0,3423.0,2457.3999999999996,2787.5
2006-11-18,1800.9,2806.0,2028.0,3060.0,2303.45,2544.0
2006-11-19,1853.7,2869.2,2029.0,3167.0,2361.45,2598.0
2006-11-20,1971.9,3289.0,2095.0,3564.0,2630.45,2829.5
2006-11-21,2019.2,3246.3,2261.0,3584.0,2632.75,2922.5
2006-11-22,2021.1,3200.2,2267.0,3516.0,2610.6499999999996,2891.5
2006-11-23,1858.3,2716.4,2148.0,3001.0,2287.35,2574.5
2006-11-24,1889.2,2991.5,2117.0,3159.0,2440.35,2638.0
2006-11-25,1910.4,2837.2,2124.0,3090.0,2373.8,2607.0
2006-11-26,1834.5,2801.8,2141.0,3154.0,2318.15,2647.5
2006-11-27,1886.1,3168.9,2072.0,3540.0,2527.5,2806.0
2006-11-28,1905.0,3274.9,2087.0,3629.0,2589.95,2858.0
2006-11-29,1954.3,3250.4,2181.0,3584.0,2602.35,2882.5
2006-11-30,1968.4,3334.8,2103.0,3559.0,2651.6000000000004,2831.0
2006-12-01,1997.4,3291.2,2098.0,3547.0,2644.3,2822.5
2006-12-02,1984.9,3118.7,2026.0,3201.0,2551.8,2613.5
2006-12-03,2053.4,3178.8,2161.0,3296.0,2616.1000000000004,2728.5
2006-12-04,2116.3,3677.1,2169.0,3788.0,2896.7,2978.5
2006-12-05,2240.9,3654.4,2362.0,3834.0,2947.65,3098.0
2006-12-06,2245.0,3564.6,2443.0,3779.0,2904.8,3111.0
2006-12-07,2092.7,3628.4,2237.0,3587.0,2860.55,2912.0
2006-12-08,2187.8,3939.7,2327.0,3959.0,3063.75,3143.0
2006-12-09,2282.7,3526.4,2487.0,3463.0,2904.55,2975.0
2006-12-10,2163.6,3221.6,2328.0,3376.0,2692.6,2852.0
2006-12-11,2092.0,3605.1,2263.0,3742.0,2848.55,3002.5
2006-12-12,2217.8,3841.7,2293.0,3720.0,3029.75,3006.5
2006-12-13,2077.5,3827.3,2248.0,3680.0,2952.4,2964.0
2006-12-14,2028.2,3903.7,2176.0,3607.0,2965.95,2891.5
2006-12-15,2026.4,3897.9,2163.0,3557.0,2962.15,2860.0
2006-12-16,2002.5,3307.1,2131.0,3252.0,2654.8,2691.5
2006-12-17,2066.4,3610.5,2165.0,3272.0,2838.45,2718.5
2006-12-18,1972.6,4009.5,2106.0,3658.0,2991.05,2882.0
2006-12-19,2232.3,4400.3,2215.0,3712.0,3316.3,2963.5
2006-12-20,2326.3,4438.1,2345.0,3718.0,3382.2000000000003,3031.5
2006-12-21,2316.5,4436.3,2286.0,3631.0,3376.4,2958.5
2006-12-22,2217.2,4345.8,2267.0,3541.0,3281.5,2904.0
2006-12-23,2085.3,3921.3,2144.0,3173.0,3003.3,2658.5
2006-12-24,2014.3,3880.9,2088.0,3079.0,2947.6,2583.5
2006-12-25,2026.0,3754.1,2160.0,2923.0,2890.05,2541.5
2006-12-26,2112.7,4226.2,2116.0,3453.0,3169.45,2784.5
2006-12-27,2123.3,4300.0,2151.0,3577.0,3211.65,2864.0
2006-12-28,2186.6,4239.4,2273.0,3548.0,3213.0,2910.5
2006-12-29,2171.1,4248.2,2287.0,3597.0,3209.6499999999996,2942.0
2006-12-30,2199.2,3984.4,2348.0,3372.0,3091.8,2860.0
2006-12-31,2216.5,3939.9,2332.0,3309.0,3078.2,2820.5
2007-01-01,2113.8,3919.0,2292.0,3293.0,3016.4,2792.5
2007-01-02,2099.5,4253.9,2155.0,3622.0,3176.7,2888.5
2007-01-03,2168.4,4234.4,2293.0,3598.0,3201.3999999999996,2945.5
2007-01-04,2155.2,4239.6,2204.0,3541.0,3197.4,2872.5
2007-01-05,2117.6,4339.3,2140.0,3439.0,3228.45,2789.5
2007-01-06,2055.2,3992.1,2062.0,3090.0,3023.6499999999996,2576.0
2007-01-07,2055.1,4220.5,2005.0,3121.0,3137.8,2563.0
2007-01-08,2119.7,4061.5,2087.0,3523.0,3090.6,2805.0
2007-01-09,2230.2,4151.8,2194.0,3580.0,3191.0,2887.0
2007-01-10,2197.6,4152.2,2283.0,3733.0,3174.8999999999996,3008.0
2007-01-11,2376.0,3724.4,2456.0,3751.0,3050.2,3103.5
2007-01-12,2245.4,3548.2,2364.0,3448.0,2896.8,2906.0
2007-01-13,2066.7,3109.0,2181.0,3163.0,2587.85,2672.0
2007-01-14,2096.1,3183.1,2164.0,3279.0,2639.6,2721.5
2007-01-15,2183.9,3576.3,2244.0,3679.0,2880.1000000000004,2961.5
2007-01-16,2158.0,3799.7,2306.0,3848.0,2978.85,3077.0
2007-01-17,2531.1,3992.3,2653.0,4010.0,3261.7,3331.5
2007-01-18,2525.5,3777.6,2724.0,3806.0,3151.55,3265.0
2007-01-19,1951.2,2931.1,2410.0,3627.0,2441.15,3018.5
2007-01-20,2248.8,3437.3,2402.0,3561.0,2843.05,2981.5
2007-01-21,2367.7,3380.4,2643.0,3647.0,2874.05,3145.0
2007-01-22,2513.1,3849.3,2540.0,3892.0,3181.2,3216.0
2007-01-23,2474.6,3861.0,2558.0,3816.0,3167.8,3187.0
2007-01-24,2391.1,3659.2,2506.0,3709.0,3025.1499999999996,3107.5
2007-01-25,2495.6,3940.1,2474.0,3932.0,3217.85,3203.0
2007-01-26,2625.0,4270.7,2878.0,4148.0,3447.85,3513.0
2007-01-27,2599.5,3350.6,2947.0,3685.0,2975.05,3316.0
2007-01-28,2373.4,3443.2,2568.0,3470.0,2908.3,3019.0
2007-01-29,2426.4,3888.4,2491.0,3924.0,3157.4,3207.5
2007-01-30,2554.5,3873.1,2690.0,3859.0,3213.8,3274.5
2007-01-31,2513.2,3847.0,2588.0,3831.0,3180.1,3209.5
2007-02-01,2520.8,3698.5,2581.0,3738.0,3109.65,3159.5
2007-02-02,2398.1,3631.0,2476.0,3641.0,3014.55,3058.5
2007-02-03,2236.7,3365.5,2377.0,3453.0,2801.1,2915.0
2007-02-04,2354.3,3498.3,2549.0,3654.0,2926.3,3101.5
2007-02-05,2618.3,3887.4,2738.0,4206.0,3252.8500000000004,3472.0
2007-02-06,2640.5,3743.2,2871.0,4017.0,3191.85,3444.0
2007-02-07,2615.3,3803.7,2798.0,4028.0,3209.5,3413.0
2007-02-08,2574.1,3773.9,2765.0,3994.0,3174.0,3379.5
2007-02-09,2455.6,3811.3,2726.0,3810.0,3133.45,3268.0
2007-02-10,2397.6,3276.8,2697.0,3509.0,2837.2,3103.0
2007-02-11,2365.2,3304.6,2606.0,3543.0,2834.8999999999996,3074.5
2007-02-12,2325.8,3564.5,2540.0,3794.0,2945.15,3167.0
2007-02-13,2428.7,3704.1,2673.0,3962.0,3066.3999999999996,3317.5
2007-02-14,2352.0,3557.7,2747.0,3969.0,2954.85,3358.0
2007-02-15,2322.8,3708.7,2771.0,4059.0,3015.75,3415.0
2007-02-16,2492.7,3658.2,2869.0,3796.0,3075.45,3332.5
2007-02-17,2381.1,3240.0,2662.0,3388.0,2810.55,3025.0
2007-02-18,2239.1,3236.6,2457.0,3361.0,2737.85,2909.0
2007-02-19,2297.6,3449.3,2686.0,3841.0,2873.45,3263.5
2007-02-20,2422.9,3438.3,2666.0,3565.0,2930.6000000000004,3115.5
2007-02-21,2137.4,3384.2,2357.0,3497.0,2760.8,2927.0
2007-02-22,2324.3,3520.0,2414.0,3551.0,2922.15,2982.5
2007-02-23,2272.2,3612.8,2394.0,3613.0,2942.5,3003.5
2007-02-24,2462.5,3305.3,2687.0,3419.0,2883.9,3053.0
2007-02-25,2012.5,2801.2,2519.0,3351.0,2406.85,2935.0
2007-02-26,2188.4,2801.4,2363.0,3737.0,2494.9,3050.0
2007-02-27,2284.8,3114.3,2428.0,3613.0,2699.55,3020.5
2007-02-28,2254.7,3522.5,2388.0,3544.0,2888.6,2966.0
2007-03-01,2317.5,3497.1,2417.0,3568.0,2907.3,2992.5
2007-03-02,2203.7,3344.1,2375.0,3596.0,2773.8999999999996,2985.5
2007-03-03,2090.0,2967.4,2343.0,3147.0,2528.7,2745.0
2007-03-04,2110.4,3043.9,2254.0,3294.0,2577.15,2774.0
2007-03-05,2168.5,3393.0,2389.0,3760.0,2780.75,3074.5
2007-03-06,2355.1,3702.0,2678.0,4173.0,3028.55,3425.5
2007-03-07,2551.7,3582.1,2956.0,3940.0,3066.8999999999996,3448.0
2007-03-08,2467.0,3698.0,2781.0,4039.0,3082.5,3410.0
2007-03-09,2525.4,3437.6,2891.0,3762.0,2981.5,3326.5
2007-03-10,1933.4,2526.2,2536.0,3178.0,2229.8,2857.0
2007-03-11,0.0,2421.5,0.0,3129.0,1210.75,1564.5
2007-03-12,2116.4,2557.4,2274.0,3342.0,2336.9,2808.0
2007-03-13,1611.9,2671.3,2210.0,3283.0,2141.6000000000004,2746.5
2007-03-14,1546.1,2413.3,2138.0,3225.0,1979.7,2681.5
2007-03-15,1943.2,3129.2,2096.0,3334.0,2536.2,2715.0
2007-03-16,1627.8,3231.5,2245.0,3591.0,2429.65,2918.0
2007-03-17,1448.1,2142.0,2429.0,3229.0,1795.05,2829.0
2007-03-18,1486.7,2150.1,2409.0,3305.0,1818.4,2857.0
2007-03-19,1481.5,2334.0,2450.0,3558.0,1907.75,3004.0
2007-03-20,1321.9,2287.5,2372.0,3415.0,1804.7,2893.5
2007-03-21,1466.9,2220.7,2466.0,3452.0,1843.8,2959.0
2007-03-22,1250.2,1999.7,2365.0,3322.0,1624.95,2843.5
2007-03-23,1366.5,2193.9,2146.0,3138.0,1780.2,2642.0
2007-03-24,1456.9,2067.9,2161.0,2950.0,1762.4,2555.5
2007-03-25,1434.9,2091.1,2187.0,3023.0,1763.0,2605.0
2007-03-26,1420.1,2244.1,2186.0,3392.0,1832.1,2789.0
2007-03-27,1395.8,2145.2,2173.0,3185.0,1770.5,2679.0
2007-03-28,1386.2,2309.5,2082.0,3181.0,1847.85,2631.5
2007-03-29,1551.1,2341.1,2217.0,3216.0,1946.1,2716.5
2007-03-30,1467.0,2174.8,2215.0,3160.0,1820.9,2687.5
2007-03-31,1410.0,2013.6,2111.0,2852.0,1711.8,2481.5
2007-04-01,1378.3,1962.3,2119.0,2945.0,1670.3,2532.0
2007-04-02,1862.5,2989.5,2095.0,3333.0,2426.0,2714.0
2007-04-03,1930.0,3062.2,2165.0,3337.0,2496.1,2751.0
2007-04-04,1984.7,3129.0,2238.0,3492.0,2556.85,2865.0
2007-04-05,2037.1,3096.5,2315.0,3322.0,2566.8,2818.5
2007-04-06,2032.4,2968.8,2354.0,3297.0,2500.6000000000004,2825.5
2007-04-07,2003.6,2783.3,2273.0,3011.0,2393.45,2642.0
2007-04-08,1997.8,2751.0,2258.0,3019.0,2374.4,2638.5
2007-04-09,1952.8,2939.5,2266.0,3245.0,2446.15,2755.5
2007-04-10,1992.1,2973.6,2224.0,3272.0,2482.85,2748.0
2007-04-11,1625.2,2586.9,2255.0,3186.0,2106.05,2720.5
2007-04-12,1952.3,3065.7,2169.0,3450.0,2509.0,2809.5
2007-04-13,1747.1,2491.2,2267.0,3235.0,2119.1499999999996,2751.0
2007-04-14,1916.8,2649.3,2158.0,2845.0,2283.05,2501.5
2007-04-15,1891.0,2799.8,2093.0,3119.0,2345.4,2606.0
2007-04-16,1855.0,2949.4,2179.0,3196.0,2402.2,2687.5
2007-04-17,1895.5,2961.4,2197.0,3338.0,2428.45,2767.5
2007-04-18,1949.6,2970.3,2249.0,3309.0,2459.95,2779.0
2007-04-19,1980.8,2961.6,2204.0,3146.0,2471.2,2675.0
2007-04-20,1917.1,2783.7,2154.0,3124.0,2350.3999999999996,2639.0
2007-04-21,1800.3,2535.9,2082.0,2786.0,2168.1,2434.0
2007-04-22,1743.6,2550.0,1979.0,2892.0,2146.8,2435.5
2007-04-23,1761.1,2675.2,1992.0,3402.0,2218.1499999999996,2697.0
2007-04-24,1748.6,2685.5,2107.0,3302.0,2217.05,2704.5
2007-04-25,1762.0,2695.3,2011.0,3150.0,2228.65,2580.5
2007-04-26,1788.1,2648.0,2054.0,3093.0,2218.05,2573.5
2007-04-27,1758.2,2649.9,2022.0,3214.0,2204.05,2618.0
2007-04-28,1727.4,2478.6,2046.0,2806.0,2103.0,2426.0
2007-04-29,1686.5,2474.7,1985.0,2887.0,2080.6,2436.0
2007-04-30,1705.8,2685.1,2015.0,3184.0,2195.45,2599.5
2007-05-01,1766.9,2741.4,2038.0,3125.0,2254.15,2581.5
2007-05-02,1796.5,2817.9,2016.0,3126.0,2307.2,2571.0
2007-05-03,1786.0,2750.4,2039.0,3133.0,2268.2,2586.0
2007-05-04,1847.9,2809.8,2023.0,3113.0,2328.8500000000004,2568.0
2007-05-05,1796.0,2579.8,1989.0,2724.0,2187.9,2356.5
2007-05-06,1818.5,2633.3,1950.0,2816.0,2225.9,2383.0
2007-05-07,1852.6,2826.1,2017.0,3142.0,2339.35,2579.5
2007-05-08,1814.1,3026.7,2002.0,3280.0,2420.3999999999996,2641.0
2007-05-09,1845.0,3037.7,2009.0,3539.0,2441.35,2774.0
2007-05-10,1857.0,3135.6,2198.0,3907.0,2496.3,3052.5
2007-05-11,1863.3,3065.1,2299.0,3580.0,2464.2,2939.5
2007-05-12,1785.6,2571.3,2155.0,2799.0,2178.45,2477.0
2007-05-13,1758.4,2527.1,1927.0,2746.0,2142.75,2336.5
2007-05-14,1799.5,2897.8,1945.0,3217.0,2348.65,2581.0
2007-05-15,1802.4,3245.2,1988.0,3363.0,2523.8,2675.5
2007-05-16,1894.7,3052.3,2117.0,3289.0,2473.5,2703.0
2007-05-17,1823.4,2992.9,1988.0,3080.0,2408.15,2534.0
2007-05-18,1817.6,2922.6,2027.0,3175.0,2370.1,2601.0
2007-05-19,1766.8,2583.4,2067.0,2837.0,2175.1,2452.0
2007-05-20,1726.1,2514.3,1974.0,2845.0,2120.2,2409.5
2007-05-21,1776.9,2856.2,2000.0,3105.0,2316.55,2552.5
2007-05-22,1827.3,2945.0,1996.0,3200.0,2386.15,2598.0
2007-05-23,1835.5,2961.9,1991.0,3307.0,2398.7,2649.0
2007-05-24,1833.1,3381.3,2020.0,3691.0,2607.2,2855.5
2007-05-25,1967.9,3461.4,2273.0,4139.0,2714.65,3206.0
2007-05-26,2048.8,2852.8,2382.0,3397.0,2450.8,2889.5
2007-05-27,1653.4,2366.3,2139.0,2800.0,2009.8500000000001,2469.5
2007-05-28,1718.2,2631.8,2051.0,3192.0,2175.0,2621.5
2007-05-29,1819.2,2814.3,2089.0,3580.0,2316.75,2834.5
2007-05-30,1892.6,3098.3,2126.0,3777.0,2495.45,2951.5
2007-05-31,1971.3,3116.5,2282.0,3442.0,2543.9,2862.0
2007-06-01,1847.9,3505.3,2136.0,3978.0,2676.6000000000004,3057.0
2007-06-02,2117.7,3152.9,2318.0,3664.0,2635.3,2991.0
2007-06-03,1901.1,3000.9,2251.0,2844.0,2451.0,2547.5
2007-06-04,1898.8,3045.1,2001.0,3326.0,2471.95,2663.5
2007-06-05,1932.6,3445.0,2112.0,3847.0,2688.8,2979.5
2007-06-06,1948.3,3218.5,2168.0,3345.0,2583.4,2756.5
2007-06-07,1902.9,3293.9,2024.0,3299.0,2598.4,2661.5
2007-06-08,1933.0,3498.1,2099.0,3582.0,2715.55,2840.5
2007-06-09,1950.7,2732.7,2173.0,2970.0,2341.7,2571.5
2007-06-10,1830.0,2640.0,1937.0,2934.0,2235.0,2435.5
2007-06-11,1908.3,3268.7,2160.0,3837.0,2588.5,2998.5
2007-06-12,1957.7,3306.7,2292.0,3646.0,2632.2,2969.0
2007-06-13,1944.3,3143.3,2163.0,3216.0,2543.8,2689.5
2007-06-14,1870.4,3201.7,2034.0,3168.0,2536.05,2601.0
2007-06-15,1845.7,2588.1,2013.0,3282.0,2216.9,2647.5
2007-06-16,1861.5,2833.6,2020.0,3046.0,2347.55,2533.0
2007-06-17,1952.9,3251.3,2081.0,3404.0,2602.1000000000004,2742.5
2007-06-18,2110.2,3793.2,2349.0,3845.0,2951.7,3097.0
2007-06-19,2098.2,3805.5,2323.0,4016.0,2951.85,3169.5
2007-06-20,2126.7,3647.8,2402.0,3857.0,2887.25,3129.5
2007-06-21,2081.8,3720.6,2229.0,3767.0,2901.2,2998.0
2007-06-22,1989.2,3323.6,2222.0,3466.0,2656.4,2844.0
2007-06-23,1892.4,2940.6,2023.0,2854.0,2416.5,2438.5
2007-06-24,1880.2,2961.4,1944.0,2985.0,2420.8,2464.5
2007-06-25,2030.8,3717.5,2210.0,4279.0,2874.15,3244.5
2007-06-26,2310.9,4378.8,2580.0,4933.0,3344.8500000000004,3756.5
2007-06-27,2586.4,4977.9,3076.0,5309.0,3782.1499999999996,4192.5
2007-06-28,2627.9,4289.0,3207.0,5016.0,3458.45,4111.5
2007-06-29,2248.2,3560.8,2673.0,3608.0,2904.5,3140.5
2007-06-30,1968.9,3048.0,2167.0,3135.0,2508.45,2651.0
2007-07-01,1901.8,2848.9,2083.0,2791.0,2375.35,2437.0
2007-07-02,1949.3,3346.9,2033.0,3325.0,2648.1,2679.0
2007-07-03,1949.7,3611.2,2074.0,3378.0,2780.45,2726.0
2007-07-04,1919.5,3294.0,2089.0,3011.0,2606.75,2550.0
2007-07-05,2125.6,3768.0,2168.0,3957.0,2946.8,3062.5
2007-07-06,2254.8,3915.8,2468.0,4100.0,3085.3,3284.0
2007-07-07,2140.5,3462.3,2244.0,3327.0,2801.4,2785.5
2007-07-08,2159.5,3496.9,2322.0,3642.0,2828.2,2982.0
2007-07-09,2324.3,4322.8,2385.0,3986.0,3323.55,3185.5
2007-07-10,2345.3,4419.0,2376.0,4078.0,3382.15,3227.0
2007-07-11,2269.4,4083.2,2553.0,4561.0,3176.3,3557.0
2007-07-12,2142.0,3752.3,2806.0,4127.0,2947.15,3466.5
2007-07-13,2271.8,3935.2,2385.0,4026.0,3103.5,3205.5
2007-07-14,2053.1,3153.4,2384.0,3401.0,2603.25,2892.5
2007-07-15,2131.7,3271.3,2383.0,3896.0,2701.5,3139.5
2007-07-16,2216.2,3903.6,2631.0,4206.0,3059.8999999999996,3418.5
2007-07-17,2184.4,3869.0,2519.0,4225.0,3026.7,3372.0
2007-07-18,2136.8,3642.3,2608.0,3847.0,2889.55,3227.5
2007-07-19,2189.6,3227.0,2510.0,4024.0,2708.3,3267.0
2007-07-20,2395.1,3986.7,2576.0,4167.0,3190.8999999999996,3371.5
2007-07-21,2118.3,3098.9,2283.0,3163.0,2608.6000000000004,2723.0
2007-07-22,1986.9,3024.9,2193.0,3235.0,2505.9,2714.0
2007-07-23,2115.0,3499.0,2295.0,3554.0,2807.0,2924.5
2007-07-24,2012.5,3702.3,2294.0,3982.0,2857.4,3138.0
2007-07-25,2265.3,4347.3,2443.0,4514.0,3306.3,3478.5
2007-07-26,2427.8,4224.7,2643.0,4819.0,3326.25,3731.0
2007-07-27,2543.3,4482.1,2983.0,4906.0,3512.7000000000003,3944.5
2007-07-28,2342.5,3505.3,2919.0,4075.0,2923.9,3497.0
2007-07-29,2305.0,3477.2,2616.0,3959.0,2891.1,3287.5
2007-07-30,2343.6,4183.8,2817.0,4412.0,3263.7,3614.5
2007-07-31,2347.3,4119.4,2695.0,4452.0,3233.35,3573.5
2007-08-01,2368.0,4055.7,2744.0,4551.0,3211.85,3647.5
2007-08-02,2223.8,4247.4,2689.0,5092.0,3235.6,3890.5
2007-08-03,2576.7,4193.8,3115.0,5199.0,3385.25,4157.0
2007-08-04,2416.6,4022.4,3012.0,4401.0,3219.5,3706.5
2007-08-05,2219.1,3483.3,2488.0,3362.0,2851.2,2925.0
2007-08-06,2190.8,3880.8,2439.0,4049.0,3035.8,3244.0
2007-08-07,2279.8,4358.7,2739.0,4468.0,3319.25,3603.5
2007-08-08,2382.7,4168.4,2744.0,4903.0,3275.5499999999997,3823.5
2007-08-09,2252.0,3791.8,2649.0,3844.0,3021.9,3246.5
2007-08-10,2034.5,3489.9,2367.0,3427.0,2762.2,2897.0
2007-08-11,1999.2,3128.6,2070.0,3239.0,2563.9,2654.5
2007-08-12,1993.5,3358.7,2309.0,3651.0,2676.1,2980.0
2007-08-13,2293.6,4169.5,2643.0,4320.0,3231.55,3481.5
2007-08-14,2114.7,3668.9,2342.0,3712.0,2891.8,3027.0
2007-08-15,2012.4,3978.6,2316.0,4012.0,2995.5,3164.0
2007-08-16,2147.3,3931.9,2554.0,4497.0,3039.6000000000004,3525.5
2007-08-17,2282.3,3792.9,2843.0,4005.0,3037.6000000000004,3424.0
2007-08-18,1960.9,2976.0,2247.0,2927.0,2468.45,2587.0
2007-08-19,1870.5,2877.4,2041.0,2887.0,2373.95,2464.0
2007-08-20,1913.9,3234.4,2091.0,3382.0,2574.15,2736.5
2007-08-21,1838.2,3283.1,2099.0,3328.0,2560.65,2713.5
2007-08-22,1846.0,3212.8,2107.0,3333.0,2529.4,2720.0
2007-08-23,1920.1,3264.5,2166.0,3506.0,2592.3,2836.0
2007-08-24,2093.9,3968.0,2402.0,4579.0,3030.95,3490.5
2007-08-25,2178.8,3799.3,2777.0,4597.0,2989.05,3687.0
2007-08-26,2177.3,3516.8,2997.0,3884.0,2847.05,3440.5
2007-08-27,2189.5,3590.8,2596.0,4090.0,2890.15,3343.0
2007-08-28,1991.7,3720.3,2401.0,4023.0,2856.0,3212.0
2007-08-29,2069.3,3890.5,2416.0,4324.0,2979.9,3370.0
2007-08-30,2217.3,3992.2,2543.0,4578.0,3104.75,3560.5
2007-08-31,2226.9,3485.5,2603.0,4110.0,2856.2,3356.5
2007-09-01,1893.3,2802.1,2313.0,3154.0,2347.7,2733.5
2007-09-02,1825.8,2822.1,2077.0,2903.0,2323.95,2490.0
2007-09-03,1808.1,3156.2,2136.0,3635.0,2482.1499999999996,2885.5
2007-09-04,1969.4,3237.0,2458.0,3734.0,2603.2,3096.0
2007-09-05,1888.3,3081.8,2157.0,3507.0,2485.05,2832.0
2007-09-06,1948.5,3314.9,2154.0,3546.0,2631.7,2850.0
2007-09-07,2086.6,3838.9,2286.0,4647.0,2962.75,3466.5
2007-09-08,2225.0,3584.4,2687.0,4516.0,2904.7,3601.5
2007-09-09,2172.2,2952.2,2494.0,3198.0,2562.2,2846.0
2007-09-10,2107.1,3728.4,2213.0,3491.0,2917.75,2852.0
2007-09-11,2006.7,3323.2,2209.0,3483.0,2664.95,2846.0
2007-09-12,2040.7,3400.2,2209.0,3422.0,2720.45,2815.5
2007-09-13,1900.1,3154.5,2116.0,3421.0,2527.3,2768.5
2007-09-14,1902.1,3268.7,2105.0,3462.0,2585.3999999999996,2783.5
2007-09-15,1950.3,2826.7,2184.0,3057.0,2388.5,2620.5
2007-09-16,1825.7,2674.5,1964.0,2925.0,2250.1,2444.5
2007-09-17,1821.5,3096.8,1985.0,3216.0,2459.15,2600.5
2007-09-18,1893.3,3205.7,2012.0,3237.0,2549.5,2624.5
2007-09-19,1893.0,3193.9,2025.0,3321.0,2543.45,2673.0
2007-09-20,1913.9,3465.4,2086.0,3587.0,2689.65,2836.5
2007-09-21,2010.6,3326.7,2182.0,3622.0,2668.6499999999996,2902.0
2007-09-22,1926.9,3132.7,2162.0,3304.0,2529.8,2733.0
2007-09-23,1900.2,2899.1,2229.0,3178.0,2399.65,2703.5
2007-09-24,1861.6,3350.3,2089.0,3637.0,2605.95,2863.0
2007-09-25,2014.4,3955.6,2158.0,3954.0,2985.0,3056.0
2007-09-26,2192.6,4180.8,2469.0,4737.0,3186.7,3603.0
2007-09-27,2156.4,3716.1,2712.0,4422.0,2936.25,3567.0
2007-09-28,2053.1,3376.6,2604.0,3898.0,2714.85,3251.0
2007-09-29,1858.7,2742.2,2143.0,2981.0,2300.45,2562.0
2007-09-30,1792.1,2679.0,1984.0,2975.0,2235.55,2479.5
2007-10-01,1705.5,2865.4,1997.0,3296.0,2285.45,2646.5
2007-10-02,1759.7,2897.5,2013.0,3365.0,2328.6,2689.0
2007-10-03,1782.2,3001.3,2129.0,3531.0,2391.75,2830.0
2007-10-04,1847.4,3357.7,2274.0,3925.0,2602.55,3099.5
2007-10-05,1872.7,3205.2,2238.0,3880.0,2538.95,3059.0
2007-10-06,1828.3,2905.0,2361.0,3403.0,2366.65,2882.0
2007-10-07,1708.8,2553.2,2218.0,2879.0,2131.0,2548.5
2007-10-08,1672.9,2791.0,2004.0,3202.0,2231.95,2603.0
2007-10-09,1744.4,2824.0,2044.0,3252.0,2284.2,2648.0
2007-10-10,1665.2,2894.9,2032.0,3298.0,2280.05,2665.0
2007-10-11,1676.1,2950.2,2063.0,3349.0,2313.1499999999996,2706.0
2007-10-12,1794.5,2993.6,2101.0,3227.0,2394.05,2664.0
2007-10-13,1862.3,2376.5,2003.0,2880.0,2119.4,2441.5
2007-10-14,1803.6,2720.9,1970.0,2954.0,2262.25,2462.0
2007-10-15,1764.5,2916.8,2011.0,3336.0,2340.65,2673.5
2007-10-16,1823.2,2917.8,2048.0,3278.0,2370.5,2663.0
2007-10-17,1835.7,2970.8,2040.0,3320.0,2403.25,2680.0
2007-10-18,1787.3,2965.8,2063.0,3402.0,2376.55,2732.5
2007-10-19,1803.4,3015.5,2114.0,3515.0,2409.45,2814.5
2007-10-20,1791.5,2718.9,2150.0,3045.0,2255.2,2597.5
2007-10-21,1671.0,2566.6,1992.0,3080.0,2118.8,2536.0
2007-10-22,1699.8,2889.6,2031.0,3500.0,2294.7,2765.5
2007-10-23,1812.9,3022.4,2092.0,3610.0,2417.65,2851.0
2007-10-24,1835.7,3011.3,2186.0,3327.0,2423.5,2756.5
2007-10-25,1844.5,3027.8,2046.0,3267.0,2436.15,2656.5
2007-10-26,1864.2,2971.1,2050.0,3194.0,2417.65,2622.0
2007-10-27,1768.2,2705.3,2031.0,3158.0,2236.75,2594.5
2007-10-28,1730.2,2730.1,1997.0,2998.0,2230.15,2497.5
2007-10-29,1881.9,3170.1,2055.0,3390.0,2526.0,2722.5
2007-10-30,1945.4,3087.0,2147.0,3343.0,2516.2,2745.0
2007-10-31,1852.8,2995.8,2054.0,3250.0,2424.3,2652.0
2007-11-01,1824.2,2903.2,2054.0,3331.0,2363.7,2692.5
2007-11-02,1856.4,2928.9,2048.0,3247.0,2392.65,2647.5
2007-11-03,1826.0,2786.6,2081.0,3151.0,2306.3,2616.0
2007-11-04,1837.1,3658.7,2067.0,4311.0,2747.8999999999996,3189.0
2007-11-05,1872.1,3003.5,2085.0,3439.0,2437.8,2762.0
2007-11-06,1790.9,3000.8,2085.0,3483.0,2395.8500000000004,2784.0
2007-11-07,1967.3,3124.7,2177.0,3500.0,2546.0,2838.5
2007-11-08,1976.1,3242.4,2220.0,3550.0,2609.25,2885.0
2007-11-09,1981.1,3119.6,2266.0,3485.0,2550.35,2875.5
2007-11-10,1934.3,3001.9,2196.0,3177.0,2468.1,2686.5
2007-11-11,1945.4,2891.3,2252.0,3190.0,2418.3500000000004,2721.0
2007-11-12,2011.8,3207.7,2274.0,3575.0,2609.75,2924.5
2007-11-13,1978.4,3140.7,2165.0,3510.0,2559.55,2837.5
2007-11-14,1976.4,3103.6,2182.0,3484.0,2540.0,2833.0
2007-11-15,1850.0,3155.6,2113.0,3501.0,2502.8,2807.0
2007-11-16,1987.7,3211.0,2122.0,3511.0,2599.35,2816.5
2007-11-17,2060.3,3057.3,2212.0,3251.0,2558.8,2731.5
2007-11-18,1988.4,3166.2,2232.0,3295.0,2577.3,2763.5
2007-11-19,2067.0,3457.2,2264.0,3707.0,2762.1,2985.5
2007-11-20,2097.4,3417.5,2306.0,3684.0,2757.45,2995.0
2007-11-21,1993.9,3179.6,2281.0,3522.0,2586.75,2901.5
2007-11-22,1855.4,2829.8,2114.0,2857.0,2342.6000000000004,2485.5
2007-11-23,1909.1,3155.3,2087.0,3345.0,2532.2,2716.0
2007-11-24,2097.5,3071.7,2339.0,3288.0,2584.6,2813.5
2007-11-25,2060.7,3035.0,2293.0,3302.0,2547.85,2797.5
2007-11-26,2016.8,3262.0,2226.0,3647.0,2639.4,2936.5
2007-11-27,1889.7,3302.3,2167.0,3552.0,2596.0,2859.5
2007-11-28,2075.9,3353.7,2227.0,3642.0,2714.8,2934.5
2007-11-29,2057.3,3291.1,2260.0,3629.0,2674.2,2944.5
2007-11-30,2055.4,3294.5,2287.0,3607.0,2674.95,2947.0
2007-12-01,2113.7,3206.3,2323.0,3610.0,2660.0,2966.5
2007-12-02,2272.2,3362.8,2551.0,3685.0,2817.5,3118.0
2007-12-03,2156.2,3480.1,2462.0,3912.0,2818.1499999999996,3187.0
2007-12-04,2271.3,3463.4,2510.0,4007.0,2867.3500000000004,3258.5
2007-12-05,2259.1,3595.9,2582.0,3937.0,2927.5,3259.5
2007-12-06,2265.1,3590.4,2543.0,3941.0,2927.75,3242.0
2007-12-07,2262.8,3530.9,2587.0,3837.0,2896.8500000000004,3212.0
2007-12-08,2166.5,3217.9,2460.0,3460.0,2692.2,2960.0
2007-12-09,2226.2,3289.8,2412.0,3570.0,2758.0,2991.0
2007-12-10,2188.9,3525.3,2402.0,3954.0,2857.1000000000004,3178.0
2007-12-11,2219.6,3609.2,2522.0,3902.0,2914.3999999999996,3212.0
2007-12-12,2101.1,3528.1,2384.0,3795.0,2814.6,3089.5
2007-12-13,2284.0,3696.3,2464.0,4076.0,2990.15,3270.0
2007-12-14,2292.0,3551.1,2588.0,3853.0,2921.55,3220.5
2007-12-15,2304.8,3465.0,2467.0,3779.0,2884.9,3123.0
2007-12-16,2304.6,3407.4,2580.0,3765.0,2856.0,3172.5
2007-12-17,2270.6,3718.7,2487.0,4080.0,2994.6499999999996,3283.5
2007-12-18,2439.4,3958.0,2691.0,3981.0,3198.7,3336.0
2007-12-19,2363.9,3754.7,2620.0,3899.0,3059.3,3259.5
2007-12-20,2231.8,3601.5,2481.0,3970.0,2916.65,3225.5
2007-12-21,2255.5,3646.9,2559.0,3890.0,2951.2,3224.5
2007-12-22,2301.1,3299.7,2496.0,3462.0,2800.3999999999996,2979.0
2007-12-23,2158.4,3138.1,2342.0,3307.0,2648.25,2824.5
2007-12-24,2134.8,3649.2,2229.0,3402.0,2892.0,2815.5
2007-12-25,2162.6,3025.6,2309.0,3006.0,2594.1,2657.5
2007-12-26,2155.0,3518.5,2339.0,3653.0,2836.75,2996.0
2007-12-27,2165.4,3518.7,2338.0,3710.0,2842.05,3024.0
2007-12-28,2181.6,3407.6,2355.0,3527.0,2794.6,2941.0
2007-12-29,2115.2,3238.4,2257.0,3254.0,2676.8,2755.5
2007-12-30,2134.3,3301.5,2272.0,3270.0,2717.9,2771.0
2007-12-31,2177.2,3679.3,2327.0,3565.0,2928.25,2946.0
2008-01-01,2204.8,3188.8,2381.0,3488.0,2696.8,2934.5
2008-01-02,2262.8,3703.6,2369.0,3959.0,2983.2,3164.0
2008-01-03,2515.2,3876.0,2819.0,4260.0,3195.6,3539.5
2008-01-04,2583.5,3676.4,2914.0,3956.0,3129.95,3435.0
2008-01-05,2313.8,3063.1,2586.0,3461.0,2688.45,3023.5
2008-01-06,2164.0,3007.3,2357.0,3412.0,2585.65,2884.5
2008-01-07,2156.5,3339.1,2311.0,3631.0,2747.8,2971.0
2008-01-08,2016.2,3246.8,2250.0,3534.0,2631.5,2892.0
2008-01-09,2033.8,3338.3,2169.0,3523.0,2686.05,2846.0
2008-01-10,2133.9,3380.4,2210.0,3585.0,2757.15,2897.5
2008-01-11,2124.1,3252.1,2277.0,3554.0,2688.1,2915.5
2008-01-12,2024.2,2887.6,2237.0,3241.0,2455.9,2739.0
2008-01-13,2069.4,2965.8,2266.0,3322.0,2517.6000000000004,2794.0
2008-01-14,2102.4,3515.0,2293.0,3837.0,2808.7,3065.0
2008-01-15,2243.3,3631.3,2455.0,3767.0,2937.3,3111.0
2008-01-16,2370.3,3728.3,2508.0,3818.0,3049.3,3163.0
2008-01-17,2205.0,3703.8,2566.0,3828.0,2954.4,3197.0
2008-01-18,2208.9,3493.2,2437.0,3575.0,2851.05,3006.0
2008-01-19,2296.6,3093.4,2401.0,3385.0,2695.0,2893.0
2008-01-20,2305.8,3361.7,2381.0,3497.0,2833.75,2939.0
2008-01-21,2366.2,3738.3,2652.0,3928.0,3052.25,3290.0
2008-01-22,2443.4,3551.7,2662.0,3842.0,2997.55,3252.0
2008-01-23,2213.9,3488.3,2468.0,3748.0,2851.1000000000004,3108.0
2008-01-24,2342.3,3578.2,2507.0,3814.0,2960.25,3160.5
2008-01-25,2458.2,3590.6,2634.0,3768.0,3024.3999999999996,3201.0
2008-01-26,2374.5,3154.7,2576.0,3431.0,2764.6,3003.5
2008-01-27,2279.9,3212.2,2428.0,3614.0,2746.05,3021.0
2008-01-28,2292.9,3513.7,2576.0,3761.0,2903.3,3168.5
2008-01-29,2252.4,3514.7,2498.0,3706.0,2883.55,3102.0
2008-01-30,2190.9,3393.5,2323.0,3656.0,2792.2,2989.5
2008-01-31,2364.8,3555.6,2427.0,3700.0,2960.2,3063.5
2008-02-01,2263.0,3328.0,2478.0,3770.0,2795.5,3124.0
2008-02-02,2098.7,2982.1,2305.0,3291.0,2540.3999999999996,2798.0
2008-02-03,2118.8,3053.7,2288.0,3243.0,2586.25,2765.5
2008-02-04,2170.5,3320.6,2301.0,3667.0,2745.55,2984.0
2008-02-05,2184.9,3335.8,2326.0,3614.0,2760.3500000000004,2970.0
2008-02-06,2182.6,3448.0,2273.0,3662.0,2815.3,2967.5
2008-02-07,2335.6,3641.1,2400.0,3786.0,2988.35,3093.0
2008-02-08,2394.3,3514.1,2464.0,3683.0,2954.2,3073.5
2008-02-09,2338.7,3189.8,2482.0,3402.0,2764.25,2942.0
2008-02-10,2271.1,3320.4,2336.0,3469.0,2795.75,2902.5
2008-02-11,2463.4,3680.5,2691.0,4003.0,3071.95,3347.0
2008-02-12,2513.7,3556.5,2728.0,3869.0,3035.1,3298.5
2008-02-13,2331.8,3506.1,2576.0,3855.0,2918.95,3215.5
2008-02-14,2311.4,3591.0,2439.0,3668.0,2951.2,3053.5
2008-02-15,2359.4,3464.4,2469.0,3515.0,2911.9,2992.0
2008-02-16,2466.4,3371.6,2531.0,3381.0,2919.0,2956.0
2008-02-17,2507.1,3246.3,2518.0,3283.0,2876.7,2900.5
2008-02-18,2261.1,3419.6,2252.0,3293.0,2840.35,2772.5
2008-02-19,2319.0,3624.1,2238.0,3537.0,2971.55,2887.5
2008-02-20,2388.6,3657.3,2468.0,3696.0,3022.95,3082.0
2008-02-21,2472.8,3718.9,2567.0,3705.0,3095.8500000000004,3136.0
2008-02-22,2492.8,3578.2,2554.0,3720.0,3035.5,3137.0
2008-02-23,2341.1,3223.6,2505.0,3355.0,2782.35,2930.0
2008-02-24,2364.7,3236.8,2479.0,3387.0,2800.75,2933.0
2008-02-25,2325.3,3539.9,2395.0,3560.0,2932.6000000000004,2977.5
2008-02-26,2357.8,3579.0,2375.0,3682.0,2968.4,3028.5
2008-02-27,2270.3,3515.1,2356.0,3665.0,2892.7,3010.5
2008-02-28,2459.6,3652.4,2511.0,3782.0,3056.0,3146.5
2008-02-29,2578.2,3561.3,2679.0,3709.0,3069.75,3194.0
2008-03-01,2310.5,3169.6,2534.0,3352.0,2740.05,2943.0
2008-03-02,2297.3,3203.5,2429.0,3369.0,2750.4,2899.0
2008-03-03,2279.5,3517.7,2441.0,3581.0,2898.6,3011.0
2008-03-04,2190.3,3567.3,2272.0,3502.0,2878.8,2887.0
2008-03-05,2195.1,3562.5,2282.0,3460.0,2878.8,2871.0
2008-03-06,2238.1,3583.6,2316.0,3476.0,2910.85,2896.0
2008-03-07,2243.0,3313.2,2325.0,3403.0,2778.1,2864.0
2008-03-08,2188.5,3104.8,2262.0,3247.0,2646.65,2754.5
2008-03-09,0.0,3177.2,0.0,3275.0,1588.6,1637.5
2008-03-10,2346.8,3578.2,2412.0,3541.0,2962.5,2976.5
2008-03-11,2339.1,3596.8,2445.0,3448.0,2967.95,2946.5
2008-03-12,2198.5,3479.2,2334.0,3476.0,2838.85,2905.0
2008-03-13,2263.7,3507.3,2397.0,3445.0,2885.5,2921.0
2008-03-14,2235.6,3358.0,2327.0,3325.0,2796.8,2826.0
2008-03-15,2108.0,3066.8,2221.0,3161.0,2587.4,2691.0
2008-03-16,2137.1,3089.6,2242.0,3149.0,2613.35,2695.5
2008-03-17,2231.4,3354.2,2339.0,3401.0,2792.8,2870.0
2008-03-18,2295.1,3347.2,2386.0,3409.0,2821.1499999999996,2897.5
2008-03-19,2198.5,3340.2,2302.0,3494.0,2769.35,2898.0
2008-03-20,2162.7,3281.0,2279.0,3369.0,2721.85,2824.0
2008-03-21,2193.3,3234.9,2352.0,3388.0,2714.1000000000004,2870.0
2008-03-22,2222.7,3064.2,2399.0,3047.0,2643.45,2723.0
2008-03-23,2216.9,3003.9,2300.0,3013.0,2610.4,2656.5
2008-03-24,2247.0,3471.4,2307.0,3356.0,2859.2,2831.5
2008-03-25,2270.3,3358.7,2322.0,3432.0,2814.5,2877.0
2008-03-26,2232.8,3221.1,2310.0,3279.0,2726.95,2794.5
2008-03-27,2182.2,3220.2,2228.0,3317.0,2701.2,2772.5
2008-03-28,2136.8,3268.5,2183.0,3417.0,2702.65,2800.0
2008-03-29,2190.4,3031.9,2339.0,3151.0,2611.15,2745.0
2008-03-30,2211.9,3081.0,2410.0,3140.0,2646.45,2775.0
2008-03-31,2213.6,3306.4,2317.0,3453.0,2760.0,2885.0
2008-04-01,2077.3,3094.9,2191.0,3301.0,2586.1000000000004,2746.0
2008-04-02,2077.6,3261.2,2132.0,3295.0,2669.3999999999996,2713.5
2008-04-03,2142.7,3118.5,2294.0,3250.0,2630.6,2772.0
2008-04-04,2109.1,3160.0,2217.0,3380.0,2634.55,2798.5
2008-04-05,2077.3,2867.9,2188.0,3007.0,2472.6000000000004,2597.5
2008-04-06,2043.4,2912.5,2142.0,3156.0,2477.95,2649.0
2008-04-07,2102.8,3194.5,2227.0,3370.0,2648.65,2798.5
2008-04-08,2128.4,3164.9,2283.0,3233.0,2646.65,2758.0
2008-04-09,2158.6,3089.3,2243.0,3232.0,2623.95,2737.5
2008-04-10,2036.1,3027.2,2135.0,3174.0,2531.6499999999996,2654.5
2008-04-11,2018.0,3050.2,2068.0,3122.0,2534.1,2595.0
2008-04-12,2005.8,2907.7,2075.0,2861.0,2456.75,2468.0
2008-04-13,1965.1,2840.2,2021.0,2999.0,2402.6499999999996,2510.0
2008-04-14,2081.0,3146.5,2157.0,3200.0,2613.75,2678.5
2008-04-15,2107.1,3125.8,2184.0,3145.0,2616.45,2664.5
2008-04-16,2057.9,3094.7,2137.0,3144.0,2576.3,2640.5
2008-04-17,1998.5,3042.4,2087.0,3133.0,2520.45,2610.0
2008-04-18,1976.7,2958.6,2079.0,3177.0,2467.65,2628.0
2008-04-19,1934.0,2721.9,2000.0,2758.0,2327.95,2379.0
2008-04-20,1871.1,2785.7,1970.0,2763.0,2328.3999999999996,2366.5
2008-04-21,1975.5,3120.8,1989.0,2961.0,2548.15,2475.0
2008-04-22,1972.4,3012.8,2013.0,3165.0,2492.6000000000004,2589.0
2008-04-23,1940.1,3084.6,2006.0,3358.0,2512.35,2682.0
2008-04-24,1907.3,3092.7,2127.0,3259.0,2500.0,2693.0
2008-04-25,1949.0,3034.6,2028.0,3168.0,2491.8,2598.0
2008-04-26,1908.7,2697.0,1982.0,2748.0,2302.85,2365.0
2008-04-27,1921.0,2723.2,1957.0,2857.0,2322.1,2407.0
2008-04-28,1943.4,3001.8,2018.0,3251.0,2472.6000000000004,2634.5
2008-04-29,1989.2,3037.8,2091.0,3232.0,2513.5,2661.5
2008-04-30,1982.3,3004.3,2118.0,3123.0,2493.3,2620.5
2008-05-01,1974.7,3034.4,2125.0,3124.0,2504.55,2624.5
2008-05-02,1961.1,3047.9,2065.0,3153.0,2504.5,2609.0
2008-05-03,1922.5,2716.0,2053.0,2885.0,2319.25,2469.0
2008-05-04,1888.8,2700.6,2032.0,2893.0,2294.7,2462.5
2008-05-05,1889.9,2976.9,2033.0,3150.0,2433.4,2591.5
2008-05-06,1905.0,3025.6,2004.0,3191.0,2465.3,2597.5
2008-05-07,1905.2,3003.9,2004.0,3235.0,2454.55,2619.5
2008-05-08,1927.7,3156.6,2037.0,3345.0,2542.15,2691.0
2008-05-09,1937.2,3190.2,2017.0,3092.0,2563.7,2554.5
2008-05-10,1913.5,2927.4,1997.0,2755.0,2420.45,2376.0
2008-05-11,1967.6,2751.3,1966.0,2758.0,2359.45,2362.0
2008-05-12,1903.3,3213.1,1976.0,3120.0,2558.2,2548.0
2008-05-13,1962.8,3277.9,2038.0,3142.0,2620.35,2590.0
2008-05-14,1937.4,3146.1,2006.0,3163.0,2541.75,2584.5
2008-05-15,1932.0,3182.4,2005.0,3151.0,2557.2,2578.0
2008-05-16,1870.1,3086.6,2012.0,3131.0,2478.35,2571.5
2008-05-17,1829.0,2687.9,1983.0,2789.0,2258.45,2386.0
2008-05-18,1809.0,2726.3,1956.0,2800.0,2267.65,2378.0
2008-05-19,1855.1,2973.2,1952.0,3111.0,2414.1499999999996,2531.5
2008-05-20,1939.3,3054.4,2002.0,3154.0,2496.85,2578.0
2008-05-21,1915.2,3032.2,1991.0,3197.0,2473.7,2594.0
2008-05-22,1864.7,3010.6,1988.0,3083.0,2437.65,2535.5
2008-05-23,1901.7,3058.5,2000.0,3153.0,2480.1,2576.5
2008-05-24,1890.6,2705.5,1959.0,2708.0,2298.05,2333.5
2008-05-25,1847.4,2732.8,1891.0,2599.0,2290.1000000000004,2245.0
2008-05-26,1846.1,2861.7,1924.0,2913.0,2353.8999999999996,2418.5
2008-05-27,1971.0,3233.1,2045.0,3758.0,2602.05,2901.5
2008-05-28,1960.2,3178.1,2038.0,3207.0,2569.15,2622.5
2008-05-29,1970.5,3266.3,1988.0,3327.0,2618.4,2657.5
2008-05-30,1999.1,3297.2,2040.0,3262.0,2648.1499999999996,2651.0
2008-05-31,1939.0,2846.0,2035.0,3053.0,2392.5,2544.0
2008-06-01,1836.6,2835.8,1993.0,2943.0,2336.2,2468.0
2008-06-02,1950.9,3407.6,2048.0,3494.0,2679.25,2771.0
2008-06-03,2083.8,3660.0,2131.0,3747.0,2871.9,2939.0
2008-06-04,2053.6,3285.7,2228.0,3396.0,2669.6499999999996,2812.0
2008-06-05,2022.2,3253.8,2049.0,3239.0,2638.0,2644.0
2008-06-06,1992.0,3296.0,2032.0,3221.0,2644.0,2626.5
2008-06-07,2136.1,3583.9,2040.0,3680.0,2860.0,2860.0
2008-06-08,2208.5,3700.0,2531.0,4279.0,2954.25,3405.0
2008-06-09,2535.7,4736.4,2956.0,5086.0,3636.0499999999997,4021.0
2008-06-10,2673.7,4899.7,2832.0,5302.0,3786.7,4067.0
2008-06-11,2422.7,4306.4,3039.0,4509.0,3364.5499999999997,3774.0
2008-06-12,2245.8,3727.9,2585.0,3922.0,2986.8500000000004,3253.5
2008-06-13,2131.7,3754.1,2250.0,3771.0,2942.8999999999996,3010.5
2008-06-14,2093.8,3188.3,2277.0,3423.0,2641.05,2850.0
2008-06-15,1986.9,2842.2,2207.0,2850.0,2414.55,2528.5
2008-06-16,2021.6,3516.5,2129.0,3381.0,2769.05,2755.0
2008-06-17,2091.4,3681.9,2145.0,3674.0,2886.65,2909.5
2008-06-18,2033.7,3400.7,2138.0,3493.0,2717.2,2815.5
2008-06-19,2014.7,3423.0,2154.0,3587.0,2718.85,2870.5
2008-06-20,2067.9,3468.7,2200.0,3590.0,2768.3,2895.0
2008-06-21,2086.3,3204.2,2189.0,3270.0,2645.25,2729.5
2008-06-22,2032.1,3034.6,2222.0,3367.0,2533.35,2794.5
2008-06-23,2054.1,3565.7,2458.0,3871.0,2809.8999999999996,3164.5
2008-06-24,2069.8,3699.1,2404.0,3990.0,2884.45,3197.0
2008-06-25,2236.5,3885.6,2236.0,3843.0,3061.05,3039.5
2008-06-26,2074.3,4152.1,2328.0,3891.0,3113.2000000000003,3109.5
2008-06-27,2356.9,4466.0,2410.0,4212.0,3411.45,3311.0
2008-06-28,2363.5,3668.2,2450.0,3171.0,3015.85,2810.5
2008-06-29,2193.4,3424.9,2143.0,3281.0,2809.15,2712.0
2008-06-30,2328.8,3995.4,2583.0,4470.0,3162.1000000000004,3526.5
2008-07-01,2386.0,4098.2,2637.0,4495.0,3242.1,3566.0
2008-07-02,2404.9,4464.9,2560.0,4194.0,3434.8999999999996,3377.0
2008-07-03,2394.8,4372.8,2391.0,4198.0,3383.8,3294.5
2008-07-04,2231.1,3180.3,2471.0,2910.0,2705.7,2690.5
2008-07-05,2181.6,3088.6,2183.0,2925.0,2635.1,2554.0
2008-07-06,2148.9,3279.4,2176.0,3451.0,2714.15,2813.5
2008-07-07,2327.4,4242.9,2548.0,4705.0,3285.1499999999996,3626.5
2008-07-08,2542.4,4748.8,2948.0,5026.0,3645.6000000000004,3987.0
2008-07-09,2716.3,4921.7,3025.0,5096.0,3819.0,4060.5
2008-07-10,2571.4,4371.8,3054.0,4344.0,3471.6000000000004,3699.0
2008-07-11,2350.2,3998.7,2514.0,4043.0,3174.45,3278.5
2008-07-12,2297.0,3573.5,2456.0,3634.0,2935.25,3045.0
2008-07-13,2259.3,3449.0,2484.0,3677.0,2854.15,3080.5
2008-07-14,2442.5,4102.0,2781.0,4367.0,3272.25,3574.0
2008-07-15,2430.5,4198.6,2571.0,4452.0,3314.55,3511.5
2008-07-16,2406.8,4256.8,2617.0,4528.0,3331.8,3572.5
2008-07-17,2462.9,4430.2,2738.0,4669.0,3446.55,3703.5
2008-07-18,2537.9,4632.9,2800.0,4913.0,3585.3999999999996,3856.5
2008-07-19,2736.5,4424.7,2768.0,4464.0,3580.6,3616.0
2008-07-20,2543.0,3883.4,2878.0,4054.0,3213.2,3466.0
2008-07-21,2590.5,4343.0,2863.0,4564.0,3466.75,3713.5
2008-07-22,2547.7,4415.5,2605.0,4071.0,3481.6,3338.0
2008-07-23,2455.8,4143.7,2543.0,3797.0,3299.75,3170.0
2008-07-24,2458.9,4063.8,2568.0,4256.0,3261.3500000000004,3412.0
2008-07-25,2436.3,4221.2,2545.0,4129.0,3328.75,3337.0
2008-07-26,2389.8,3816.3,2480.0,3767.0,3103.05,3123.5
2008-07-27,2416.6,3648.5,2498.0,3567.0,3032.55,3032.5
2008-07-28,2574.9,4377.9,2408.0,4284.0,3476.3999999999996,3346.0
2008-07-29,2406.5,4186.8,2646.0,4439.0,3296.65,3542.5
2008-07-30,2419.2,4358.8,2638.0,4412.0,3389.0,3525.0
2008-07-31,2530.2,4349.6,2728.0,4681.0,3439.9,3704.5
2008-08-01,2457.1,4143.1,2764.0,4380.0,3300.1000000000004,3572.0
2008-08-02,2282.8,3347.2,2602.0,3713.0,2815.0,3157.5
2008-08-03,2170.4,3282.7,2435.0,3440.0,2726.55,2937.5
2008-08-04,2325.8,3979.0,2424.0,4049.0,3152.4,3236.5
2008-08-05,2321.1,3976.1,2542.0,3746.0,3148.6,3144.0
2008-08-06,2261.4,3677.2,2398.0,3530.0,2969.3,2964.0
2008-08-07,2202.8,3741.7,2279.0,3617.0,2972.25,2948.0
2008-08-08,2205.0,3667.1,2326.0,3696.0,2936.05,3011.0
2008-08-09,2111.4,3096.5,2239.0,3204.0,2603.95,2721.5
2008-08-10,2090.4,3203.1,2243.0,3246.0,2646.75,2744.5
2008-08-11,2187.7,3596.4,2287.0,3524.0,2892.05,2905.5
2008-08-12,2152.3,3619.9,2245.0,3513.0,2886.1000000000004,2879.0
2008-08-13,2190.1,3795.1,2226.0,3750.0,2992.6,2988.0
2008-08-14,2224.3,3679.4,2333.0,3849.0,2951.8500000000004,3091.0
2008-08-15,2193.7,3629.6,2374.0,3823.0,2911.6499999999996,3098.5
2008-08-16,2163.4,3223.9,2295.0,3318.0,2693.65,2806.5
2008-08-17,2105.6,3247.7,2186.0,3396.0,2676.6499999999996,2791.0
2008-08-18,2307.0,4157.9,2435.0,4330.0,3232.45,3382.5
2008-08-19,2430.3,3955.2,2576.0,3935.0,3192.75,3255.5
2008-08-20,2179.5,3607.7,2155.0,3440.0,2893.6,2797.5
2008-08-21,2121.3,3723.4,2139.0,3664.0,2922.3500000000004,2901.5
2008-08-22,2211.7,3822.5,2282.0,3905.0,3017.1,3093.5
2008-08-23,2143.5,3319.2,2295.0,3353.0,2731.35,2824.0
2008-08-24,2123.8,3308.2,2238.0,3306.0,2716.0,2772.0
2008-08-25,2297.5,3890.1,2409.0,4119.0,3093.8,3264.0
2008-08-26,2192.9,3621.3,2221.0,3508.0,2907.1000000000004,2864.5
2008-08-27,2111.8,3643.9,2138.0,3579.0,2877.8500000000004,2858.5
2008-08-28,2128.9,3596.1,2222.0,3650.0,2862.5,2936.0
2008-08-29,2140.6,3539.5,2184.0,3656.0,2840.05,2920.0
2008-08-30,2119.9,3216.8,2328.0,3312.0,2668.3500000000004,2820.0
2008-08-31,2113.3,3208.4,2288.0,3066.0,2660.8500000000004,2677.0
2008-09-01,2133.7,3317.0,2163.0,3296.0,2725.35,2729.5
2008-09-02,2249.6,3760.3,2246.0,3826.0,3004.95,3036.0
2008-09-03,2156.3,3697.3,2230.0,3753.0,2926.8,2991.5
2008-09-04,2217.1,4077.2,2309.0,4350.0,3147.1499999999996,3329.5
2008-09-05,2340.8,4078.9,2677.0,4603.0,3209.8500000000004,3640.0
2008-09-06,2209.1,3178.4,2655.0,3990.0,2693.75,3322.5
2008-09-07,2142.0,3112.2,2583.0,3477.0,2627.1,3030.0
2008-09-08,2152.1,3680.0,2296.0,3845.0,2916.05,3070.5
2008-09-09,2193.4,3760.6,2310.0,3798.0,2977.0,3054.0
2008-09-10,2069.2,3426.9,2188.0,3387.0,2748.05,2787.5
2008-09-11,1993.8,3297.0,2053.0,3341.0,2645.4,2697.0
2008-09-12,2034.8,3375.1,2073.0,3279.0,2704.95,2676.0
2008-09-13,2038.5,3047.1,2138.0,3159.0,2542.8,2648.5
2008-09-14,2114.4,3213.6,2228.0,3484.0,2664.0,2856.0
2008-09-15,2274.5,3779.0,2484.0,4020.0,3026.75,3252.0
2008-09-16,2111.7,3402.7,2212.0,3348.0,2757.2,2780.0
2008-09-17,2087.5,3385.5,2098.0,3396.0,2736.5,2747.0
2008-09-18,2084.0,3271.4,2099.0,3300.0,2677.7,2699.5
2008-09-19,2069.9,3215.1,2018.0,3104.0,2642.5,2561.0
2008-09-20,1976.1,2805.7,1974.0,2851.0,2390.8999999999996,2412.5
2008-09-21,1930.9,2795.7,1958.0,3066.0,2363.3,2512.0
2008-09-22,2007.6,3168.6,2060.0,3232.0,2588.1,2646.0
2008-09-23,2031.6,3164.5,2000.0,3206.0,2598.05,2603.0
2008-09-24,2008.5,3168.7,1991.0,3234.0,2588.6,2612.5
2008-09-25,2011.1,3184.1,2016.0,3213.0,2597.6,2614.5
2008-09-26,1997.5,3211.5,2051.0,3320.0,2604.5,2685.5
2008-09-27,1991.9,2894.1,2109.0,3105.0,2443.0,2607.0
2008-09-28,2010.3,2923.3,2146.0,3270.0,2466.8,2708.0
2008-09-29,2035.5,3344.3,2177.0,3482.0,2689.9,2829.5
2008-09-30,1991.6,3268.8,2142.0,3324.0,2630.2,2733.0
2008-10-01,1871.0,3266.2,2097.0,3384.0,2568.6,2740.5
2008-10-02,1883.6,3302.7,2093.0,3201.0,2593.1499999999996,2647.0
2008-10-03,1863.4,3184.3,1989.0,3126.0,2523.8500000000004,2557.5
2008-10-04,1924.4,2858.8,1989.0,2850.0,2391.6000000000004,2419.5
2008-10-05,1888.7,2799.4,1954.0,2984.0,2344.05,2469.0
2008-10-06,1845.8,3187.3,1990.0,3243.0,2516.55,2616.5
2008-10-07,1902.9,3186.4,2041.0,3248.0,2544.65,2644.5
2008-10-08,1895.0,3196.0,2030.0,3246.0,2545.5,2638.0
2008-10-09,1899.6,3281.8,2033.0,3298.0,2590.7,2665.5
2008-10-10,1866.6,3219.2,2034.0,3187.0,2542.8999999999996,2610.5
2008-10-11,1933.5,2839.7,1962.0,2825.0,2386.6,2393.5
2008-10-12,1866.2,2752.4,1930.0,2825.0,2309.3,2377.5
2008-10-13,1806.5,3103.8,1940.0,3124.0,2455.15,2532.0
2008-10-14,1856.5,3237.7,1983.0,3286.0,2547.1,2634.5
2008-10-15,1842.0,3244.6,2031.0,3252.0,2543.3,2641.5
2008-10-16,1922.1,3174.7,2018.0,3403.0,2548.3999999999996,2710.5
2008-10-17,1921.7,3164.0,1996.0,3097.0,2542.85,2546.5
2008-10-18,1887.2,2788.2,2000.0,2903.0,2337.7,2451.5
2008-10-19,1889.6,2740.0,2032.0,3064.0,2314.8,2548.0
2008-10-20,1935.3,3080.2,2089.0,3317.0,2507.75,2703.0
2008-10-21,1998.2,3241.8,2076.0,3354.0,2620.0,2715.0
2008-10-22,1998.5,3299.6,2061.0,3420.0,2649.05,2740.5
2008-10-23,2071.2,3294.1,2167.0,3346.0,2682.6499999999996,2756.5
2008-10-24,2057.6,3165.2,2201.0,3216.0,2611.3999999999996,2708.5
2008-10-25,1972.6,2844.6,2065.0,2991.0,2408.6,2528.0
2008-10-26,1877.7,2813.6,2045.0,2991.0,2345.65,2518.0
2008-10-27,1910.4,3177.7,1989.0,3313.0,2544.05,2651.0
2008-10-28,2011.1,3325.9,2042.0,3367.0,2668.5,2704.5
2008-10-29,2064.6,3352.0,2131.0,3436.0,2708.3,2783.5
2008-10-30,2107.2,3353.8,2212.0,3416.0,2730.5,2814.0
2008-10-31,2092.2,3179.2,2241.0,3238.0,2635.7,2739.5
2008-11-01,1996.0,2925.5,2079.0,2966.0,2460.75,2522.5
2008-11-02,2046.9,4157.9,2090.0,4290.0,3102.3999999999996,3190.0
2008-11-03,2082.3,3274.1,2193.0,3517.0,2678.2,2855.0
2008-11-04,2020.5,3275.5,2133.0,3431.0,2648.0,2782.0
2008-11-05,2001.0,3342.6,2052.0,3440.0,2671.8,2746.0
2008-11-06,1957.4,3228.7,2050.0,3466.0,2593.05,2758.0
2008-11-07,1979.8,3260.5,2057.0,3375.0,2620.15,2716.0
2008-11-08,1957.7,2904.9,2036.0,3059.0,2431.3,2547.5
2008-11-09,1943.1,2871.6,1982.0,3026.0,2407.35,2504.0
2008-11-10,2008.9,3410.0,2006.0,3401.0,2709.45,2703.5
2008-11-11,2103.4,3384.6,2135.0,3449.0,2744.0,2792.0
2008-11-12,2145.1,3464.0,2140.0,3471.0,2804.55,2805.5
2008-11-13,2125.6,3401.6,2183.0,3497.0,2763.6,2840.0
2008-11-14,2025.7,3321.3,2096.0,3400.0,2673.5,2748.0
2008-11-15,1952.7,2937.9,2044.0,3142.0,2445.3,2593.0
2008-11-16,1884.7,2921.7,2034.0,3105.0,2403.2,2569.5
2008-11-17,2044.5,3413.5,2093.0,3517.0,2729.0,2805.0
2008-11-18,2088.3,3357.5,2235.0,3599.0,2722.9,2917.0
2008-11-19,2210.9,3536.2,2370.0,3756.0,2873.55,3063.0
2008-11-20,2263.0,3561.6,2453.0,3731.0,2912.3,3092.0
2008-11-21,2259.0,3507.9,2441.0,3667.0,2883.45,3054.0
2008-11-22,2227.1,3225.5,2495.0,3561.0,2726.3,3028.0
2008-11-23,2215.9,3177.5,2516.0,3521.0,2696.7,3018.5
2008-11-24,2203.5,3537.6,2415.0,3687.0,2870.55,3051.0
2008-11-25,2147.9,3464.3,2252.0,3592.0,2806.1000000000004,2922.0
2008-11-26,2150.4,3422.5,2243.0,3476.0,2786.45,2859.5
2008-11-27,2065.3,2921.9,2216.0,2851.0,2493.6000000000004,2533.5
2008-11-28,2062.8,3157.8,2202.0,3274.0,2610.3,2738.0
2008-11-29,2129.5,3066.0,2218.0,3160.0,2597.75,2689.0
2008-11-30,2160.8,3109.1,2263.0,3386.0,2634.95,2824.5
2008-12-01,2505.7,3828.0,2199.0,3537.0,3166.85,2868.0
2008-12-02,2123.8,3504.8,2173.0,3590.0,2814.3,2881.5
2008-12-03,2188.2,3499.3,2264.0,3603.0,2843.75,2933.5
2008-12-04,2201.5,3444.9,2286.0,3555.0,2823.2,2920.5
2008-12-05,2217.1,3758.7,2228.0,3573.0,2987.8999999999996,2900.5
2008-12-06,2301.4,3342.7,2383.0,3409.0,2822.05,2896.0
2008-12-07,2261.4,3307.6,2274.0,3541.0,2784.5,2907.5
2008-12-08,2345.8,3712.6,2534.0,4071.0,3029.2,3302.5
2008-12-09,2472.6,3675.0,2636.0,3810.0,3073.8,3223.0
2008-12-10,2168.7,3500.0,2223.0,3585.0,2834.35,2904.0
2008-12-11,2199.5,3613.4,2202.0,3791.0,2906.45,2996.5
2008-12-12,2306.3,3584.2,2291.0,3646.0,2945.25,2968.5
2008-12-13,2357.6,3426.8,2388.0,3594.0,2892.2,2991.0
2008-12-14,2423.9,3379.3,2510.0,3523.0,2901.6000000000004,3016.5
2008-12-15,2195.0,3492.9,2277.0,3640.0,2843.95,2958.5
2008-12-16,2145.2,3632.8,2124.0,3778.0,2889.0,2951.0
2008-12-17,2256.6,3653.1,2391.0,3893.0,2954.85,3142.0
2008-12-18,2246.8,3619.2,2413.0,3761.0,2933.0,3087.0
2008-12-19,2321.3,3638.0,2439.0,3996.0,2979.65,3217.5
2008-12-20,2404.0,3494.3,2629.0,3809.0,2949.15,3219.0
2008-12-21,2366.3,3390.3,2602.0,3811.0,2878.3,3206.5
2008-12-22,2375.8,3666.2,2608.0,4004.0,3021.0,3306.0
2008-12-23,2524.8,3851.5,2726.0,3873.0,3188.15,3299.5
2008-12-24,2294.9,3515.6,2524.0,3506.0,2905.25,3015.0
2008-12-25,2070.1,3034.2,2235.0,2999.0,2552.1499999999996,2617.0
2008-12-26,2232.5,3418.7,2342.0,3491.0,2825.6,2916.5
2008-12-27,2144.9,3109.9,2277.0,3187.0,2627.4,2732.0
2008-12-28,1994.0,2988.5,2130.0,3102.0,2491.25,2616.0
2008-12-29,2072.2,3339.0,2160.0,3534.0,2705.6,2847.0
2008-12-30,2188.1,3396.1,2280.0,3595.0,2792.1,2937.5
2008-12-31,2298.8,3577.4,2396.0,3850.0,2938.1000000000004,3123.0
2009-01-01,2382.7,3436.1,2793.0,3706.0,2909.3999999999996,3249.5
2009-01-02,2456.2,3590.3,2699.0,3733.0,3023.25,3216.0
2009-01-03,2307.5,3277.1,2472.0,3454.0,2792.3,2963.0
2009-01-04,2263.7,3214.2,2515.0,3486.0,2738.95,3000.5
2009-01-05,2262.1,3507.2,2407.0,3751.0,2884.6499999999996,3079.0
2009-01-06,2334.8,3619.0,2444.0,3754.0,2976.9,3099.0
2009-01-07,2327.5,3674.7,2433.0,3817.0,3001.1,3125.0
2009-01-08,2306.5,3677.4,2425.0,3731.0,2991.95,3078.0
2009-01-09,2449.8,3757.4,2523.0,3795.0,3103.6000000000004,3159.0
2009-01-10,2445.4,3437.0,2600.0,3554.0,2941.2,3077.0
2009-01-11,2397.1,3432.1,2507.0,3643.0,2914.6,3075.0
2009-01-12,2489.0,3809.2,2494.0,3856.0,3149.1,3175.0
2009-01-13,2472.2,3736.3,2592.0,3833.0,3104.25,3212.5
2009-01-14,2393.0,3749.6,2435.0,3990.0,3071.3,3212.5
2009-01-15,2568.1,3805.2,2749.0,4098.0,3186.6499999999996,3423.5
2009-01-16,2693.2,3894.1,2919.0,4039.0,3293.6499999999996,3479.0
2009-01-17,2615.3,3555.1,2884.0,3723.0,3085.2,3303.5
2009-01-18,2522.4,3440.0,2670.0,3667.0,2981.2,3168.5
2009-01-19,2393.2,3717.2,2609.0,3759.0,3055.2,3184.0
2009-01-20,2458.6,3850.4,2496.0,3835.0,3154.5,3165.5
2009-01-21,2502.0,3811.8,2590.0,3899.0,3156.9,3244.5
2009-01-22,2454.9,3712.1,2628.0,3803.0,3083.5,3215.5
2009-01-23,2365.2,3587.2,2501.0,3596.0,2976.2,3048.5
2009-01-24,2300.0,3424.6,2338.0,3496.0,2862.3,2917.0
2009-01-25,2524.8,3508.6,2664.0,3645.0,3016.7,3154.5
2009-01-26,2617.6,3898.6,2654.0,3893.0,3258.1,3273.5
2009-01-27,2570.9,3859.5,2663.0,3814.0,3215.2,3238.5
2009-01-28,2550.2,3854.9,2562.0,3924.0,3202.55,3243.0
2009-01-29,2388.6,3832.0,2500.0,3683.0,3110.3,3091.5
2009-01-30,2481.0,3781.3,2536.0,3610.0,3131.15,3073.0
2009-01-31,2464.9,3483.6,2473.0,3503.0,2974.25,2988.0
2009-02-01,2487.0,3431.2,2547.0,3355.0,2959.1,2951.0
2009-02-02,2346.9,3599.5,2378.0,3557.0,2973.2,2967.5
2009-02-03,2346.4,3882.7,2333.0,3827.0,3114.55,3080.0
2009-02-04,2458.5,3847.1,2527.0,3812.0,3152.8,3169.5
2009-02-05,2585.3,4011.7,2723.0,3990.0,3298.5,3356.5
2009-02-06,2613.8,3709.0,2791.0,3749.0,3161.4,3270.0
2009-02-07,2429.2,3332.2,2647.0,3344.0,2880.7,2995.5
2009-02-08,2257.7,3271.3,2282.0,3295.0,2764.5,2788.5
2009-02-09,2305.8,3738.4,2372.0,3639.0,3022.1000000000004,3005.5
2009-02-10,2408.6,3590.6,2432.0,3643.0,2999.6,3037.5
2009-02-11,2250.6,3440.0,2336.0,3407.0,2845.3,2871.5
2009-02-12,2200.3,3490.0,2177.0,3457.0,2845.15,2817.0
2009-02-13,2292.3,3571.1,2254.0,3503.0,2931.7,2878.5
2009-02-14,2380.2,3312.6,2430.0,3206.0,2846.3999999999996,2818.0
2009-02-15,2330.4,3314.0,2353.0,3165.0,2822.2,2759.0
2009-02-16,2341.7,3497.4,2365.0,3408.0,2919.55,2886.5
2009-02-17,2369.7,3665.0,2406.0,3527.0,3017.35,2966.5
2009-02-18,2368.0,3651.4,2427.0,3540.0,3009.7,2983.5
2009-02-19,2279.1,3488.0,2323.0,3396.0,2883.55,2859.5
2009-02-20,2328.7,3452.0,2418.0,3580.0,2890.35,2999.0
2009-02-21,2358.2,3181.5,2441.0,3223.0,2769.85,2832.0
2009-02-22,2279.3,3165.9,2330.0,3339.0,2722.6000000000004,2834.5
2009-02-23,2294.0,3581.5,2390.0,3718.0,2937.75,3054.0
2009-02-24,2419.5,3607.9,2543.0,3655.0,3013.7,3099.0
2009-02-25,2426.5,3559.4,2489.0,3590.0,2992.95,3039.5
2009-02-26,2358.3,3413.0,2407.0,3507.0,2885.65,2957.0
2009-02-27,2292.2,3330.3,2291.0,3254.0,2811.25,2772.5
2009-02-28,2187.7,3094.2,2090.0,3157.0,2640.95,2623.5
2009-03-01,2256.4,3154.8,2298.0,3506.0,2705.6000000000004,2902.0
2009-03-02,2350.3,3616.9,2482.0,3804.0,2983.6000000000004,3143.0
2009-03-03,2510.1,3753.7,2585.0,3773.0,3131.8999999999996,3179.0
2009-03-04,2597.0,3716.3,2649.0,3696.0,3156.65,3172.5
2009-03-05,2618.9,3612.9,2547.0,3539.0,3115.9,3043.0
2009-03-06,2309.1,3350.4,2361.0,3325.0,2829.75,2843.0
2009-03-07,2142.2,3017.8,2189.0,2990.0,2580.0,2589.5
2009-03-08,0.0,2960.8,0.0,2990.0,1480.4,1495.0
2009-03-09,2179.0,3364.8,2093.0,3521.0,2771.9,2807.0
2009-03-10,2267.7,3454.5,2334.0,3388.0,2861.1,2861.0
2009-03-11,2231.1,3348.8,2258.0,3371.0,2789.95,2814.5
2009-03-12,2228.9,3383.2,2246.0,3375.0,2806.05,2810.5
2009-03-13,2314.1,3348.4,2386.0,3375.0,2831.25,2880.5
2009-03-14,2245.3,2956.4,2348.0,2948.0,2600.8500000000004,2648.0
2009-03-15,2097.7,2994.1,2179.0,2957.0,2545.8999999999996,2568.0
2009-03-16,2190.0,3387.4,2155.0,3375.0,2788.7,2765.0
2009-03-17,2229.5,3281.4,2283.0,3240.0,2755.45,2761.5
2009-03-18,2168.3,3171.0,2227.0,3208.0,2669.65,2717.5
2009-03-19,2089.0,3223.7,2103.0,3231.0,2656.35,2667.0
2009-03-20,2152.1,3220.9,2203.0,3191.0,2686.5,2697.0
2009-03-21,2241.9,2943.8,2284.0,2948.0,2592.8500000000004,2616.0
2009-03-22,2118.9,2892.3,2219.0,3056.0,2505.6000000000004,2637.5
2009-03-23,2182.7,3318.8,2287.0,3469.0,2750.75,2878.0
2009-03-24,2276.6,3263.6,2451.0,3376.0,2770.1,2913.5
2009-03-25,2257.2,3257.0,2290.0,3211.0,2757.1,2750.5
2009-03-26,2107.1,3108.7,2223.0,3228.0,2607.8999999999996,2725.5
2009-03-27,2113.4,3123.5,2150.0,3164.0,2618.45,2657.0
2009-03-28,2084.8,2807.9,2077.0,2849.0,2446.3500000000004,2463.0
2009-03-29,2033.4,2842.0,2049.0,3028.0,2437.7,2538.5
2009-03-30,2066.2,3177.1,2112.0,3292.0,2621.6499999999996,2702.0
2009-03-31,2111.0,3164.1,2172.0,3144.0,2637.55,2658.0
2009-04-01,2111.2,3182.2,2156.0,3273.0,2646.7,2714.5
2009-04-02,2082.0,3126.7,2128.0,3138.0,2604.35,2633.0
2009-04-03,2021.5,3149.6,2045.0,3173.0,2585.55,2609.0
2009-04-04,2045.6,2803.8,1961.0,2800.0,2424.7,2380.5
2009-04-05,2050.1,2811.3,2065.0,2860.0,2430.7,2462.5
2009-04-06,2076.1,3182.7,2031.0,3335.0,2629.3999999999996,2683.0
2009-04-07,2085.1,3190.8,2089.0,3201.0,2637.95,2645.0
2009-04-08,2135.6,3155.3,2165.0,3204.0,2645.45,2684.5
2009-04-09,2116.9,3097.7,2156.0,3087.0,2607.3,2621.5
2009-04-10,2025.2,3016.1,2061.0,3022.0,2520.65,2541.5
2009-04-11,2028.0,2798.4,1982.0,2936.0,2413.2,2459.0
2009-04-12,2060.3,2820.2,2077.0,2925.0,2440.25,2501.0
2009-04-13,2102.7,3139.5,2180.0,3181.0,2621.1,2680.5
2009-04-14,2106.8,3089.7,2100.0,3051.0,2598.25,2575.5
2009-04-15,2067.5,3091.0,2065.0,3065.0,2579.25,2565.0
2009-04-16,2076.1,3093.7,2104.0,3059.0,2584.8999999999996,2581.5
2009-04-17,2060.6,3167.2,2068.0,3037.0,2613.8999999999996,2552.5
2009-04-18,1971.7,2725.6,1977.0,2712.0,2348.65,2344.5
2009-04-19,1971.1,2823.3,1939.0,2722.0,2397.2,2330.5
2009-04-20,2068.5,3106.0,2012.0,2989.0,2587.25,2500.5
2009-04-21,2048.3,3088.1,2067.0,3145.0,2568.2,2606.0
2009-04-22,1987.8,3042.3,2031.0,3065.0,2515.05,2548.0
2009-04-23,1982.8,3029.3,2013.0,3005.0,2506.05,2509.0
2009-04-24,2018.6,3002.5,2028.0,3019.0,2510.55,2523.5
2009-04-25,1984.7,2860.6,1954.0,2906.0,2422.65,2430.0
2009-04-26,1995.3,2869.8,2048.0,2994.0,2432.55,2521.0
2009-04-27,1992.1,3205.2,1989.0,3181.0,2598.6499999999996,2585.0
2009-04-28,2014.5,3453.8,2041.0,3883.0,2734.15,2962.0
2009-04-29,2018.4,3099.9,2050.0,3077.0,2559.15,2563.5
2009-04-30,1969.5,3038.3,1967.0,3113.0,2503.9,2540.0
2009-05-01,1959.1,3131.1,1973.0,3186.0,2545.1,2579.5
2009-05-02,1919.2,2749.2,2017.0,2762.0,2334.2,2389.5
2009-05-03,1889.9,2708.8,1899.0,2778.0,2299.3500000000004,2338.5
2009-05-04,1937.5,3109.4,1921.0,3126.0,2523.45,2523.5
2009-05-05,1956.2,3285.4,1968.0,3111.0,2620.8,2539.5
2009-05-06,2003.8,3088.4,1972.0,3059.0,2546.1,2515.5
2009-05-07,1963.5,3333.2,1974.0,3209.0,2648.35,2591.5
2009-05-08,1967.2,3114.2,1996.0,3244.0,2540.7,2620.0
2009-05-09,1942.2,2971.0,2014.0,2900.0,2456.6,2457.0
2009-05-10,1859.8,2844.3,1932.0,2728.0,2352.05,2330.0
2009-05-11,1930.4,3164.5,1902.0,3081.0,2547.45,2491.5
2009-05-12,1962.3,3086.0,1932.0,3072.0,2524.15,2502.0
2009-05-13,1960.5,3080.3,1933.0,3155.0,2520.4,2544.0
2009-05-14,1979.4,3096.3,1940.0,3098.0,2537.8500000000004,2519.0
2009-05-15,1969.4,3229.7,2004.0,3253.0,2599.55,2628.5
2009-05-16,1926.9,2666.3,1992.0,2805.0,2296.6000000000004,2398.5
2009-05-17,1822.9,2738.5,2028.0,2785.0,2280.7,2406.5
2009-05-18,1914.2,3032.5,1908.0,3025.0,2473.35,2466.5
2009-05-19,1990.9,3105.4,1953.0,3096.0,2548.15,2524.5
2009-05-20,1989.9,3178.3,1942.0,3353.0,2584.1000000000004,2647.5
2009-05-21,2006.8,3568.4,2031.0,3808.0,2787.6,2919.5
2009-05-22,2171.0,3697.1,2121.0,3801.0,2934.05,2961.0
2009-05-23,1978.2,2795.7,2112.0,2684.0,2386.95,2398.0
2009-05-24,1898.9,2762.9,1908.0,2806.0,2330.9,2357.0
2009-05-25,1853.0,2723.2,2005.0,2921.0,2288.1,2463.0
2009-05-26,1936.2,3196.7,1935.0,3070.0,2566.45,2502.5
2009-05-27,1945.6,3165.8,1937.0,3075.0,2555.7,2506.0
2009-05-28,1972.9,3200.9,1950.0,3068.0,2586.9,2509.0
2009-05-29,1988.7,3156.6,1966.0,3097.0,2572.65,2531.5
2009-05-30,1986.0,2765.3,1968.0,2850.0,2375.65,2409.0
2009-05-31,1868.7,2719.5,1891.0,2792.0,2294.1,2341.5
2009-06-01,1888.8,3184.2,1911.0,3145.0,2536.5,2528.0
2009-06-02,2040.1,3432.6,1975.0,3408.0,2736.35,2691.5
2009-06-03,2006.0,3406.6,2042.0,3305.0,2706.3,2673.5
2009-06-04,1975.5,3228.9,2010.0,3371.0,2602.2,2690.5
2009-06-05,1982.6,3137.2,2046.0,3249.0,2559.8999999999996,2647.5
2009-06-06,1932.9,2747.0,1963.0,2769.0,2339.95,2366.0
2009-06-07,1893.6,2806.0,1968.0,2894.0,2349.8,2431.0
2009-06-08,1956.7,3255.3,2030.0,3341.0,2606.0,2685.5
2009-06-09,2019.0,3215.7,2058.0,3203.0,2617.35,2630.5
2009-06-10,2002.2,3205.5,1978.0,3155.0,2603.85,2566.5
2009-06-11,2015.7,3243.0,1989.0,3129.0,2629.35,2559.0
2009-06-12,2015.8,3357.5,1991.0,3323.0,2686.65,2657.0
2009-06-13,2023.6,2891.8,2057.0,2942.0,2457.7,2499.5
2009-06-14,1943.1,2798.9,2014.0,2761.0,2371.0,2387.5
2009-06-15,1998.6,3235.6,1984.0,3211.0,2617.1,2597.5
2009-06-16,1981.5,3224.0,1984.0,3199.0,2602.75,2591.5
2009-06-17,2020.5,3280.6,1967.0,3302.0,2650.55,2634.5
2009-06-18,2026.6,3268.3,1999.0,3276.0,2647.45,2637.5
2009-06-19,2057.8,3303.6,2094.0,3413.0,2680.7,2753.5
2009-06-20,2027.3,2922.0,2079.0,3051.0,2474.65,2565.0
2009-06-21,1963.6,2757.4,2054.0,2848.0,2360.5,2451.0
2009-06-22,2023.5,3225.3,2069.0,3308.0,2624.4,2688.5
2009-06-23,2045.5,3258.5,2076.0,3312.0,2652.0,2694.0
2009-06-24,2070.1,3356.4,2048.0,3266.0,2713.25,2657.0
2009-06-25,2101.5,3544.6,2083.0,3554.0,2823.05,2818.5
2009-06-26,2217.6,3757.1,2237.0,3888.0,2987.35,3062.5
2009-06-27,2142.5,3110.5,2247.0,3304.0,2626.5,2775.5
2009-06-28,2042.6,2877.7,2074.0,2835.0,2460.1499999999996,2454.5
2009-06-29,2088.5,3429.0,2090.0,3588.0,2758.75,2839.0
2009-06-30,2119.1,3494.6,2174.0,3410.0,2806.85,2792.0
2009-07-01,2188.4,3543.5,2102.0,3298.0,2865.95,2700.0
2009-07-02,2103.1,3356.2,2050.0,3332.0,2729.6499999999996,2691.0
2009-07-03,2086.0,3176.2,2024.0,3055.0,2631.1,2539.5
2009-07-04,2101.0,3019.4,2034.0,2856.0,2560.2,2445.0
2009-07-05,1974.7,2972.1,1936.0,2853.0,2473.4,2394.5
2009-07-06,2059.8,3369.2,2089.0,3578.0,2714.5,2833.5
2009-07-07,2165.9,3491.3,2186.0,3423.0,2828.6000000000004,2804.5
2009-07-08,2115.1,3435.0,2096.0,3338.0,2775.05,2717.0
2009-07-09,2068.5,3288.5,2026.0,3238.0,2678.5,2632.0
2009-07-10,2081.1,3356.0,2027.0,3348.0,2718.55,2687.5
2009-07-11,2032.7,2999.6,2051.0,3045.0,2516.15,2548.0
2009-07-12,2136.6,3112.5,2099.0,3015.0,2624.55,2557.0
2009-07-13,2138.1,3564.0,2096.0,3501.0,2851.05,2798.5
2009-07-14,2165.1,3571.0,2104.0,3474.0,2868.05,2789.0
2009-07-15,2155.0,3573.3,2104.0,3596.0,2864.15,2850.0
2009-07-16,2247.5,3805.8,2239.0,3856.0,3026.65,3047.5
2009-07-17,2330.4,3957.3,2449.0,4149.0,3143.8500000000004,3299.0
2009-07-18,2285.9,3279.6,2482.0,3667.0,2782.75,3074.5
2009-07-19,2179.9,3172.7,2226.0,3240.0,2676.3,2733.0
2009-07-20,2198.3,3611.9,2326.0,3926.0,2905.1000000000004,3126.0
2009-07-21,2267.1,3550.5,2419.0,3548.0,2908.8,2983.5
2009-07-22,2213.4,3724.8,2224.0,3712.0,2969.1000000000004,2968.0
2009-07-23,2284.9,3665.2,2325.0,3714.0,2975.05,3019.5
2009-07-24,2206.2,3500.7,2195.0,3401.0,2853.45,2798.0
2009-07-25,2188.4,3269.1,2160.0,3359.0,2728.75,2759.5
2009-07-26,2234.4,3337.3,2379.0,3757.0,2785.8500000000004,3068.0
2009-07-27,2398.0,4090.9,2638.0,4595.0,3244.45,3616.5
2009-07-28,2560.8,4269.0,2702.0,4637.0,3414.9,3669.5
2009-07-29,2585.4,4409.4,2838.0,4654.0,3497.3999999999996,3746.0
2009-07-30,2565.9,4383.2,2869.0,4609.0,3474.55,3739.0
2009-07-31,2531.7,4160.5,2581.0,4100.0,3346.1,3340.5
2009-08-01,2298.8,3479.6,2406.0,3627.0,2889.2,3016.5
2009-08-02,2206.4,3349.9,2380.0,3475.0,2778.15,2927.5
2009-08-03,2333.0,4150.2,2574.0,4372.0,3241.6,3473.0
2009-08-04,2392.8,4308.3,2578.0,4479.0,3350.55,3528.5
2009-08-05,2496.0,4435.8,2714.0,4767.0,3465.9,3740.5
2009-08-06,2380.3,3926.0,2514.0,3906.0,3153.15,3210.0
2009-08-07,2239.0,3672.1,2364.0,3719.0,2955.55,3041.5
2009-08-08,2142.8,3133.2,2158.0,2983.0,2638.0,2570.5
2009-08-09,1991.1,2950.8,2073.0,3004.0,2470.95,2538.5
2009-08-10,2353.4,4319.0,2351.0,4636.0,3336.2,3493.5
2009-08-11,2526.7,4258.1,2870.0,4605.0,3392.4,3737.5
2009-08-12,2400.2,3947.5,2588.0,3810.0,3173.85,3199.0
2009-08-13,2231.9,3693.8,2414.0,3583.0,2962.8500000000004,2998.5
2009-08-14,2202.9,3778.0,2226.0,4081.0,2990.45,3153.5
2009-08-15,2236.4,3548.0,2461.0,3961.0,2892.2,3211.0
2009-08-16,2291.0,3550.0,2607.0,4152.0,2920.5,3379.5
2009-08-17,2465.2,4373.2,2910.0,4976.0,3419.2,3943.0
2009-08-18,2692.3,4641.9,3066.0,5134.0,3667.1,4100.0
2009-08-19,2625.8,4538.8,3054.0,5025.0,3582.3,4039.5
2009-08-20,2561.9,4307.2,3016.0,4643.0,3434.55,3829.5
2009-08-21,2542.4,4350.8,3005.0,5115.0,3446.6000000000004,4060.0
2009-08-22,2546.7,3810.9,3103.0,4368.0,3178.8,3735.5
2009-08-23,2318.1,3373.5,2817.0,4090.0,2845.8,3453.5
2009-08-24,2349.2,3950.4,2860.0,4470.0,3149.8,3665.0
2009-08-25,2455.4,4128.9,2667.0,4382.0,3292.1499999999996,3524.5
2009-08-26,2480.5,4420.2,2659.0,4514.0,3450.35,3586.5
2009-08-27,2421.2,3706.4,2401.0,3587.0,3063.8,2994.0
2009-08-28,2180.8,3448.9,2217.0,3433.0,2814.8500000000004,2825.0
2009-08-29,2138.2,3079.5,2111.0,3028.0,2608.85,2569.5
2009-08-30,2169.1,3239.3,2003.0,3158.0,2704.2,2580.5
2009-08-31,2244.0,3641.3,2186.0,3376.0,2942.65,2781.0
2009-09-01,2063.6,3461.9,2060.0,3364.0,2762.75,2712.0
2009-09-02,2088.7,3450.8,2072.0,3484.0,2769.75,2778.0
2009-09-03,2103.6,3524.9,2118.0,3575.0,2814.25,2846.5
2009-09-04,2130.8,3559.3,2135.0,3651.0,2845.05,2893.0
2009-09-05,2106.4,3066.1,2177.0,3116.0,2586.25,2646.5
2009-09-06,1999.7,2897.3,2046.0,2669.0,2448.5,2357.5
2009-09-07,1958.3,2956.0,1954.0,2983.0,2457.15,2468.5
2009-09-08,2120.0,3508.9,2055.0,3502.0,2814.45,2778.5
2009-09-09,2081.6,3428.2,2169.0,3361.0,2754.8999999999996,2765.0
2009-09-10,2013.3,3240.8,2052.0,3238.0,2627.05,2645.0
2009-09-11,1995.4,3044.7,2019.0,3218.0,2520.05,2618.5
2009-09-12,1969.4,2857.7,2061.0,2992.0,2413.55,2526.5
2009-09-13,1910.7,2832.7,2050.0,3171.0,2371.7,2610.5
2009-09-14,2039.1,3380.0,2068.0,3433.0,2709.55,2750.5
2009-09-15,2092.3,3448.8,2091.0,3486.0,2770.55,2788.5
2009-09-16,2003.5,3189.8,2093.0,3203.0,2596.65,2648.0
2009-09-17,1978.5,3170.6,1997.0,3132.0,2574.55,2564.5
2009-09-18,2046.8,3212.4,1983.0,3239.0,2629.6,2611.0
2009-09-19,1979.8,2784.3,1960.0,2801.0,2382.05,2380.5
2009-09-20,1953.2,2809.6,1907.0,2926.0,2381.4,2416.5
2009-09-21,1990.9,3255.2,1944.0,3320.0,2623.05,2632.0
2009-09-22,2054.5,3405.9,2030.0,3455.0,2730.2,2742.5
2009-09-23,2124.9,3602.9,2162.0,3734.0,2863.9,2948.0
2009-09-24,2106.4,3507.2,2410.0,3801.0,2806.8,3105.5
2009-09-25,1983.4,3187.3,2084.0,3187.0,2585.3500000000004,2635.5
2009-09-26,1945.3,2777.2,1953.0,2793.0,2361.25,2373.0
2009-09-27,1893.4,2767.4,1925.0,3017.0,2330.4,2471.0
2009-09-28,2003.6,3279.8,2067.0,3386.0,2641.7,2726.5
2009-09-29,2025.4,3241.7,2056.0,3262.0,2633.55,2659.0
2009-09-30,1990.6,3180.2,2002.0,3146.0,2585.3999999999996,2574.0
2009-10-01,1994.6,3123.8,1969.0,3147.0,2559.2,2558.0
2009-10-02,1988.7,3115.1,1989.0,3044.0,2551.9,2516.5
2009-10-03,1930.8,2756.5,1973.0,2973.0,2343.65,2473.0
2009-10-04,1915.5,2781.0,2003.0,3004.0,2348.25,2503.5
2009-10-05,1928.2,3096.8,1955.0,3202.0,2512.5,2578.5
2009-10-06,1949.1,3110.3,1965.0,3205.0,2529.7,2585.0
2009-10-07,1946.8,3068.1,1987.0,3264.0,2507.45,2625.5
2009-10-08,1931.9,3112.5,1972.0,3147.0,2522.2,2559.5
2009-10-09,1919.2,3041.5,1969.0,3154.0,2480.35,2561.5
2009-10-10,1905.0,2760.4,2009.0,2764.0,2332.7,2386.5
2009-10-11,1887.7,2822.0,1909.0,2766.0,2354.85,2337.5
2009-10-12,1926.6,3056.0,1937.0,3074.0,2491.3,2505.5
2009-10-13,1988.9,3113.1,1959.0,3248.0,2551.0,2603.5
2009-10-14,2027.7,3262.6,2060.0,3247.0,2645.15,2653.5
2009-10-15,2061.5,3227.7,2109.0,3339.0,2644.6,2724.0
2009-10-16,2043.4,3221.1,2123.0,3237.0,2632.25,2680.0
2009-10-17,1997.3,2847.0,2109.0,2958.0,2422.15,2533.5
2009-10-18,1928.7,2865.2,2018.0,3214.0,2396.95,2616.0
2009-10-19,1977.8,3167.1,2165.0,3302.0,2572.45,2733.5
2009-10-20,2016.6,3152.4,2144.0,3297.0,2584.5,2720.5
2009-10-21,1949.5,3107.3,2043.0,3284.0,2528.4,2663.5
2009-10-22,1940.9,3110.3,2025.0,3299.0,2525.6000000000004,2662.0
2009-10-23,1952.7,3155.2,2013.0,3191.0,2553.95,2602.0
2009-10-24,1944.3,2812.8,2038.0,3054.0,2378.55,2546.0
2009-10-25,1889.1,2757.0,1998.0,2938.0,2323.05,2468.0
2009-10-26,2012.2,3222.3,1960.0,3268.0,2617.25,2614.0
2009-10-27,2026.8,3201.6,2028.0,3329.0,2614.2,2678.5
2009-10-28,2006.8,3220.4,2035.0,3379.0,2613.6,2707.0
2009-10-29,2041.6,3235.8,2062.0,3266.0,2638.7,2664.0
2009-10-30,2039.4,3139.3,2054.0,3174.0,2589.3500000000004,2614.0
2009-10-31,1948.6,2849.3,2018.0,2980.0,2398.95,2499.0
2009-11-01,1906.2,3902.4,1931.0,4057.0,2904.3,2994.0
2009-11-02,2006.0,3284.4,1995.0,3422.0,2645.2,2708.5
2009-11-03,2025.8,3228.1,2059.0,3375.0,2626.95,2717.0
2009-11-04,2071.9,3340.2,2063.0,3407.0,2706.05,2735.0
2009-11-05,2066.4,3313.8,2083.0,3436.0,2690.1000000000004,2759.5
2009-11-06,2074.9,3293.4,2134.0,3381.0,2684.15,2757.5
2009-11-07,2099.2,2983.6,2167.0,3058.0,2541.3999999999996,2612.5
2009-11-08,1958.9,2975.5,2038.0,3026.0,2467.2,2532.0
2009-11-09,1982.8,3260.4,2010.0,3425.0,2621.6,2717.5
2009-11-10,1963.1,3231.7,2011.0,3355.0,2597.3999999999996,2683.0
2009-11-11,1992.5,3313.4,1995.0,3355.0,2652.95,2675.0
2009-11-12,2050.7,3478.7,2078.0,3408.0,2764.7,2743.0
2009-11-13,2037.0,3276.0,2084.0,3348.0,2656.5,2716.0
2009-11-14,1976.1,2882.9,2024.0,3101.0,2429.5,2562.5
2009-11-15,1914.7,2870.1,1977.0,3071.0,2392.4,2524.0
2009-11-16,1955.9,3262.4,1975.0,3362.0,2609.15,2668.5
2009-11-17,2045.4,3378.3,2067.0,3408.0,2711.8500000000004,2737.5
2009-11-18,2082.6,3353.6,2151.0,3441.0,2718.1,2796.0
2009-11-19,2059.8,3335.8,2166.0,3418.0,2697.8,2792.0
2009-11-20,1967.5,3194.0,2061.0,3308.0,2580.75,2684.5
2009-11-21,1973.9,2905.2,2032.0,3012.0,2439.55,2522.0
2009-11-22,1974.2,3020.9,2028.0,3106.0,2497.55,2567.0
2009-11-23,2013.2,3374.2,2052.0,3477.0,2693.7,2764.5
2009-11-24,2016.7,3388.3,2070.0,3435.0,2702.5,2752.5
2009-11-25,2029.8,3298.1,2062.0,3350.0,2663.95,2706.0
2009-11-26,1914.6,2786.9,1990.0,2747.0,2350.75,2368.5
2009-11-27,1920.5,3101.9,1986.0,3151.0,2511.2,2568.5
2009-11-28,2013.4,2962.5,2070.0,3017.0,2487.95,2543.5
2009-11-29,2034.8,3033.2,2052.0,3092.0,2534.0,2572.0
2009-11-30,2048.2,3370.6,2027.0,3491.0,2709.3999999999996,2759.0
2009-12-01,2095.9,3487.6,2161.0,3560.0,2791.75,2860.5
2009-12-02,2116.7,3417.4,2212.0,3508.0,2767.05,2860.0
2009-12-03,2001.6,3302.8,2099.0,3431.0,2652.2,2765.0
2009-12-04,2033.8,3320.1,2038.0,3362.0,2676.95,2700.0
2009-12-05,2080.5,3097.6,2076.0,3288.0,2589.05,2682.0
2009-12-06,2128.9,3212.8,2224.0,3391.0,2670.8500000000004,2807.5
2009-12-07,2144.9,3514.7,2287.0,3725.0,2829.8,3006.0
2009-12-08,2216.6,3684.3,2311.0,3682.0,2950.45,2996.5
2009-12-09,2215.3,3620.6,2320.0,3744.0,2917.95,3032.0
2009-12-10,2197.0,3643.7,2253.0,3670.0,2920.35,2961.5
2009-12-11,2356.3,3809.0,2414.0,3870.0,3082.65,3142.0
2009-12-12,2308.4,3411.8,2518.0,3526.0,2860.1000000000004,3022.0
2009-12-13,2273.1,3314.6,2430.0,3446.0,2793.85,2938.0
2009-12-14,2187.6,3564.0,2264.0,3693.0,2875.8,2978.5
2009-12-15,2177.6,3569.3,2236.0,3620.0,2873.45,2928.0
2009-12-16,2293.9,3729.9,2280.0,3835.0,3011.9,3057.5
2009-12-17,2443.9,3922.6,2479.0,4069.0,3183.25,3274.0
2009-12-18,2450.2,3852.7,2785.0,3962.0,3151.45,3373.5
2009-12-19,2416.6,3514.2,2636.0,3686.0,2965.3999999999996,3161.0
2009-12-20,2313.7,3485.9,2587.0,3840.0,2899.8,3213.5
2009-12-21,2345.7,3607.3,2624.0,3954.0,2976.5,3289.0
2009-12-22,2468.8,3878.0,2592.0,3910.0,3173.4,3251.0
2009-12-23,2485.9,3901.6,2639.0,3946.0,3193.75,3292.5
2009-12-24,2384.4,3520.0,2572.0,3494.0,2952.2,3033.0
2009-12-25,2192.7,3202.3,2382.0,3070.0,2697.5,2726.0
2009-12-26,2207.1,3197.5,2291.0,3258.0,2702.3,2774.5
2009-12-27,2118.1,3201.7,2180.0,3138.0,2659.8999999999996,2659.0
2009-12-28,2250.4,3648.2,2252.0,3640.0,2949.3,2946.0
2009-12-29,2346.1,3841.4,2394.0,4048.0,3093.75,3221.0
2009-12-30,2507.0,3804.9,2788.0,3865.0,3155.95,3326.5
2009-12-31,2344.6,3484.1,2512.0,3680.0,2914.35,3096.0
2010-01-01,2205.8,3263.7,2428.0,3327.0,2734.75,2877.5
2010-01-02,2234.6,3224.3,2369.0,3520.0,2729.45,2944.5
2010-01-03,2244.8,3247.5,2569.0,3670.0,2746.15,3119.5
2010-01-04,2287.4,3439.1,2450.0,3803.0,2863.25,3126.5
2010-01-05,2432.3,3716.9,2470.0,3762.0,3074.6000000000004,3116.0
2010-01-06,2441.3,3690.7,2466.0,3809.0,3066.0,3137.5
2010-01-07,2467.0,3719.9,2494.0,3697.0,3093.45,3095.5
2010-01-08,2476.5,3725.9,2451.0,3774.0,3101.2,3112.5
2010-01-09,2487.5,3496.7,2532.0,3577.0,2992.1,3054.5
2010-01-10,2572.1,3669.3,2668.0,3642.0,3120.7,3155.0
2010-01-11,2495.9,3826.6,2637.0,3822.0,3161.25,3229.5
2010-01-12,2478.1,3769.6,2491.0,3851.0,3123.85,3171.0
2010-01-13,2570.8,3834.0,2658.0,3918.0,3202.4,3288.0
2010-01-14,2488.5,3765.7,2561.0,3727.0,3127.1,3144.0
2010-01-15,2388.8,3514.8,2428.0,3544.0,2951.8,2986.0
2010-01-16,2261.5,3116.3,2316.0,3173.0,2688.9,2744.5
2010-01-17,2253.0,3290.7,2269.0,3243.0,2771.85,2756.0
2010-01-18,2334.4,3599.2,2339.0,3719.0,2966.8,3029.0
2010-01-19,2349.9,3662.4,2364.0,3719.0,3006.15,3041.5
2010-01-20,2366.5,3626.0,2365.0,3684.0,2996.25,3024.5
2010-01-21,2443.4,3777.5,2416.0,3611.0,3110.45,3013.5
2010-01-22,2453.1,3630.4,2406.0,3615.0,3041.75,3010.5
2010-01-23,2394.9,3434.5,2430.0,3330.0,2914.7,2880.0
2010-01-24,2367.1,3337.3,2404.0,3355.0,2852.2,2879.5
2010-01-25,2202.5,3472.7,2247.0,3602.0,2837.6,2924.5
2010-01-26,2281.1,3515.5,2163.0,3527.0,2898.3,2845.0
2010-01-27,2314.3,3712.7,2312.0,3569.0,3013.5,2940.5
2010-01-28,2390.8,3709.7,2355.0,3677.0,3050.25,3016.0
2010-01-29,2567.3,3896.1,2645.0,3959.0,3231.7,3302.0
2010-01-30,2607.0,3580.4,2835.0,3625.0,3093.7,3230.0
2010-01-31,2569.3,3581.0,2662.0,3600.0,3075.15,3131.0
2010-02-01,2565.6,3864.6,2553.0,3769.0,3215.1,3161.0
2010-02-02,2471.8,3693.4,2526.0,3753.0,3082.6000000000004,3139.5
2010-02-03,2452.4,3752.6,2484.0,3746.0,3102.5,3115.0
2010-02-04,2434.3,3799.4,2495.0,3731.0,3116.8500000000004,3113.0
2010-02-05,2461.4,3674.5,2540.0,3636.0,3067.95,3088.0
2010-02-06,2476.1,3477.6,2494.0,3541.0,2976.85,3017.5
2010-02-07,2480.7,3441.8,2622.0,3543.0,2961.25,3082.5
2010-02-08,2438.2,3730.4,2549.0,3785.0,3084.3,3167.0
2010-02-09,2496.3,3729.7,2551.0,3617.0,3113.0,3084.0
2010-02-10,2396.9,3657.3,2390.0,3790.0,3027.1000000000004,3090.0
2010-02-11,2453.6,3781.4,2429.0,3563.0,3117.5,2996.0
2010-02-12,2430.1,3664.3,2433.0,3475.0,3047.2,2954.0
2010-02-13,2406.4,3405.4,2428.0,3243.0,2905.9,2835.5
2010-02-14,2339.1,3261.6,2361.0,3196.0,2800.35,2778.5
2010-02-15,2379.0,3503.3,2324.0,3411.0,2941.15,2867.5
2010-02-16,2391.5,3721.7,2333.0,3670.0,3056.6,3001.5
2010-02-17,2339.9,3607.4,2423.0,3534.0,2973.65,2978.5
2010-02-18,2357.6,3529.2,2348.0,3433.0,2943.3999999999996,2890.5
2010-02-19,2336.4,3474.7,2342.0,3370.0,2905.55,2856.0
2010-02-20,2311.5,3163.6,2296.0,3081.0,2737.55,2688.5
2010-02-21,2269.7,3199.3,2226.0,3266.0,2734.5,2746.0
2010-02-22,2320.1,3549.3,2323.0,3463.0,2934.7,2893.0
2010-02-23,2255.0,3515.2,2267.0,3567.0,2885.1,2917.0
2010-02-24,2143.3,3515.5,2307.0,3592.0,2829.4,2949.5
2010-02-25,2238.3,3492.5,2234.0,3541.0,2865.4,2887.5
2010-02-26,2215.0,3392.3,2142.0,3329.0,2803.65,2735.5
2010-02-27,2262.7,3206.8,2241.0,3208.0,2734.75,2724.5
2010-02-28,2195.2,3108.7,2274.0,3310.0,2651.95,2792.0
2010-03-01,2219.1,3485.1,2318.0,3514.0,2852.1,2916.0
2010-03-02,2242.3,3434.7,2248.0,3430.0,2838.5,2839.0
2010-03-03,2231.4,3508.4,2249.0,3601.0,2869.9,2925.0
2010-03-04,2274.7,3475.1,2332.0,3559.0,2874.8999999999996,2945.5
2010-03-05,2239.9,3439.7,2329.0,3340.0,2839.8,2834.5
2010-03-06,2249.6,3107.5,2307.0,2988.0,2678.55,2647.5
2010-03-07,2148.6,3068.3,2160.0,3031.0,2608.45,2595.5
2010-03-08,2139.0,3464.0,2107.0,3296.0,2801.5,2701.5
2010-03-09,2202.4,3327.3,2112.0,3305.0,2764.8500000000004,2708.5
2010-03-10,2195.3,3323.0,2202.0,3296.0,2759.15,2749.0
2010-03-11,2137.1,3299.0,2170.0,3391.0,2718.05,2780.5
2010-03-12,2134.1,3228.4,2157.0,3269.0,2681.25,2713.0
2010-03-13,2109.5,2922.5,2169.0,3195.0,2516.0,2682.0
2010-03-14,0.0,2915.6,0.0,3242.0,1457.8,1621.0
2010-03-15,2105.1,3246.8,2262.0,3583.0,2675.95,2922.5
2010-03-16,2172.1,3234.9,2300.0,3251.0,2703.5,2775.5
2010-03-17,2090.9,3199.2,2217.0,3147.0,2645.05,2682.0
2010-03-18,2070.1,3172.4,2082.0,3135.0,2621.25,2608.5
2010-03-19,2008.8,3089.6,2039.0,3076.0,2549.2,2557.5
2010-03-20,2006.2,2798.7,1990.0,2804.0,2402.45,2397.0
2010-03-21,1927.8,2865.4,1942.0,2919.0,2396.6,2430.5
2010-03-22,1993.9,3270.4,2023.0,3273.0,2632.15,2648.0
2010-03-23,2098.9,3232.5,2120.0,3324.0,2665.7,2722.0
2010-03-24,2105.0,3265.4,2135.0,3186.0,2685.2,2660.5
2010-03-25,2139.4,3209.6,2133.0,3124.0,2674.5,2628.5
2010-03-26,2157.4,3316.8,2032.0,3197.0,2737.1000000000004,2614.5
2010-03-27,2298.3,3084.2,2265.0,2985.0,2691.25,2625.0
2010-03-28,2164.5,3017.3,2235.0,3049.0,2590.9,2642.0
2010-03-29,2092.3,3252.8,2100.0,3267.0,2672.55,2683.5
2010-03-30,2071.4,3194.7,2069.0,3352.0,2633.05,2710.5
2010-03-31,2074.0,3253.1,2148.0,3243.0,2663.55,2695.5
2010-04-01,2026.3,3136.1,2105.0,3115.0,2581.2,2610.0
2010-04-02,1935.4,2967.6,2055.0,3049.0,2451.5,2552.0
2010-04-03,1910.0,2703.1,1993.0,2801.0,2306.55,2397.0
2010-04-04,1874.3,2676.6,1927.0,2780.0,2275.45,2353.5
2010-04-05,1903.7,2979.2,1934.0,3157.0,2441.45,2545.5
2010-04-06,1906.1,3036.7,1997.0,3160.0,2471.3999999999996,2578.5
2010-04-07,1934.4,3230.9,1988.0,3390.0,2582.65,2689.0
2010-04-08,1935.5,3075.5,2071.0,3117.0,2505.5,2594.0
2010-04-09,1923.6,3084.8,1990.0,3136.0,2504.2,2563.0
2010-04-10,1987.3,2936.3,2036.0,2754.0,2461.8,2395.0
2010-04-11,1901.0,2756.3,1964.0,2833.0,2328.65,2398.5
2010-04-12,1949.2,3009.6,1949.0,3050.0,2479.4,2499.5
2010-04-13,2013.8,3041.6,2018.0,3044.0,2527.7,2531.0
2010-04-14,2011.6,3068.0,2026.0,3048.0,2539.8,2537.0
2010-04-15,1950.1,3004.2,1996.0,3045.0,2477.1499999999996,2520.5
2010-04-16,2001.9,3117.8,2040.0,3141.0,2559.8500000000004,2590.5
2010-04-17,1974.3,2945.1,2088.0,2891.0,2459.7,2489.5
2010-04-18,1992.4,2826.8,2061.0,2819.0,2409.6000000000004,2440.0
2010-04-19,1990.3,3066.7,2056.0,2936.0,2528.5,2496.0
2010-04-20,1962.1,2981.3,2003.0,3063.0,2471.7,2533.0
2010-04-21,1925.6,2966.1,1990.0,3100.0,2445.85,2545.0
2010-04-22,1944.4,3091.8,1976.0,3131.0,2518.1000000000004,2553.5
2010-04-23,1951.1,3022.3,1979.0,3015.0,2486.7,2497.0
2010-04-24,1940.7,2801.1,1974.0,2702.0,2370.9,2338.0
2010-04-25,1881.2,2791.0,1921.0,2802.0,2336.1,2361.5
2010-04-26,1909.4,3053.5,1930.0,3044.0,2481.45,2487.0
2010-04-27,1964.3,3096.7,1985.0,3121.0,2530.5,2553.0
2010-04-28,2029.3,3095.6,2088.0,3167.0,2562.45,2627.5
2010-04-29,2025.8,3025.0,2116.0,3061.0,2525.4,2588.5
2010-04-30,1981.4,3127.5,2047.0,3073.0,2554.45,2560.0
2010-05-01,1904.7,2808.8,1968.0,2808.0,2356.75,2388.0
2010-05-02,1931.1,2867.1,1950.0,3347.0,2399.1,2648.5
2010-05-03,1910.5,3242.6,2367.0,3819.0,2576.55,3093.0
2010-05-04,1961.3,3139.5,2134.0,3574.0,2550.4,2854.0
2010-05-05,1962.8,3195.5,2037.0,3403.0,2579.15,2720.0
2010-05-06,1958.9,3345.9,2068.0,3421.0,2652.4,2744.5
2010-05-07,1947.8,3067.2,2006.0,3179.0,2507.5,2592.5
2010-05-08,1903.7,2644.3,1987.0,2858.0,2274.0,2422.5
2010-05-09,1897.7,2662.3,1943.0,2758.0,2280.0,2350.5
2010-05-10,1960.9,3070.9,1991.0,3032.0,2515.9,2511.5
2010-05-11,1975.8,3075.0,2033.0,3035.0,2525.4,2534.0
2010-05-12,1971.1,3292.9,2001.0,3078.0,2632.0,2539.5
2010-05-13,1977.4,3082.0,2031.0,3095.0,2529.7,2563.0
2010-05-14,1917.0,3124.1,2000.0,3097.0,2520.55,2548.5
2010-05-15,1895.2,2667.2,1991.0,2752.0,2281.2,2371.5
2010-05-16,1849.5,2673.2,1908.0,2816.0,2261.35,2362.0
2010-05-17,1801.7,3121.7,1952.0,3244.0,2461.7,2598.0
2010-05-18,1889.4,3055.5,1977.0,3152.0,2472.45,2564.5
2010-05-19,1902.3,3117.4,2002.0,3116.0,2509.85,2559.0
2010-05-20,1923.8,3171.6,2000.0,3451.0,2547.7,2725.5
2010-05-21,1995.7,3315.7,2120.0,3285.0,2655.7,2702.5
2010-05-22,1907.6,2823.0,1965.0,2862.0,2365.3,2413.5
2010-05-23,1880.7,2838.2,1982.0,2908.0,2359.45,2445.0
2010-05-24,1925.9,3202.6,2065.0,3796.0,2564.25,2930.5
2010-05-25,2071.3,3685.7,2275.0,4361.0,2878.5,3318.0
2010-05-26,2205.6,3842.9,2538.0,4775.0,3024.25,3656.5
2010-05-27,2159.0,3511.7,2310.0,3591.0,2835.35,2950.5
2010-05-28,1965.1,3119.3,2118.0,3377.0,2542.2,2747.5
2010-05-29,1933.3,2818.5,2028.0,3029.0,2375.9,2528.5
2010-05-30,1922.0,3007.3,2106.0,2939.0,2464.65,2522.5
2010-05-31,1956.2,2989.1,2099.0,3000.0,2472.65,2549.5
2010-06-01,2079.0,3582.9,2126.0,4078.0,2830.95,3102.0
2010-06-02,2244.3,3833.6,2321.0,3785.0,3038.95,3053.0
2010-06-03,2210.2,3968.2,2234.0,4147.0,3089.2,3190.5
2010-06-04,2251.4,3632.7,2336.0,3964.0,2942.05,3150.0
2010-06-05,2067.9,3295.9,2356.0,3740.0,2681.9,3048.0
2010-06-06,1980.4,2888.0,2457.0,3411.0,2434.2,2934.0
2010-06-07,2033.8,3356.9,2080.0,3410.0,2695.35,2745.0
2010-06-08,2013.5,3296.3,2047.0,3298.0,2654.9,2672.5
2010-06-09,2021.1,3233.6,2006.0,3332.0,2627.35,2669.0
2010-06-10,1975.4,3242.0,2011.0,3187.0,2608.7,2599.0
2010-06-11,1958.4,3211.6,2015.0,3179.0,2585.0,2597.0
2010-06-12,1945.1,2987.5,2031.0,2937.0,2466.3,2484.0
2010-06-13,2079.0,2980.8,2027.0,2870.0,2529.9,2448.5
2010-06-14,2105.1,3590.8,2042.0,3503.0,2847.95,2772.5
2010-06-15,2045.0,3457.4,2104.0,3510.0,2751.2,2807.0
2010-06-16,2011.9,3272.5,2098.0,3493.0,2642.2,2795.5
2010-06-17,2144.3,3583.2,2230.0,3520.0,2863.75,2875.0
2010-06-18,2153.6,3962.6,2121.0,4068.0,3058.1,3094.5
2010-06-19,2307.0,3618.3,2296.0,3644.0,2962.65,2970.0
2010-06-20,2273.5,3434.2,2303.0,3954.0,2853.85,3128.5
2010-06-21,2276.0,3956.5,2622.0,4443.0,3116.25,3532.5
2010-06-22,2279.7,3839.8,2467.0,4016.0,3059.75,3241.5
2010-06-23,2274.5,4025.2,2498.0,4456.0,3149.85,3477.0
2010-06-24,2479.1,4293.1,2643.0,4910.0,3386.1000000000004,3776.5
2010-06-25,2396.8,3982.8,2548.0,4048.0,3189.8,3298.0
2010-06-26,2203.3,3419.6,2419.0,3606.0,2811.45,3012.5
2010-06-27,2220.2,3350.3,2321.0,3508.0,2785.25,2914.5
2010-06-28,2409.4,4342.1,2644.0,5027.0,3375.75,3835.5
2010-06-29,2541.0,4291.0,2975.0,4727.0,3416.0,3851.0
2010-06-30,2317.6,3744.7,2438.0,3713.0,3031.1499999999996,3075.5
2010-07-01,2138.8,3487.9,2173.0,3448.0,2813.3500000000004,2810.5
2010-07-02,2050.9,3378.3,2105.0,3435.0,2714.6000000000004,2770.0
2010-07-03,2051.0,3187.6,2123.0,3419.0,2619.3,2771.0
2010-07-04,2172.3,3594.0,2347.0,3635.0,2883.15,2991.0
2010-07-05,2366.3,3779.5,2501.0,4348.0,3072.9,3424.5
2010-07-06,2654.0,4353.0,3002.0,5436.0,3503.5,4219.0
2010-07-07,2894.0,4676.4,3318.0,5261.0,3785.2,4289.5
2010-07-08,2757.0,4572.4,3241.0,5045.0,3664.7,4143.0
2010-07-09,2616.6,4323.5,3142.0,4945.0,3470.05,4043.5
2010-07-10,2512.3,3639.5,3034.0,4348.0,3075.9,3691.0
2010-07-11,2377.7,3373.9,2613.0,4067.0,2875.8,3340.0
2010-07-12,2381.9,4188.3,2792.0,4737.0,3285.1000000000004,3764.5
2010-07-13,2536.8,4260.0,3001.0,4956.0,3398.4,3978.5
2010-07-14,2583.7,4275.5,3039.0,4177.0,3429.6,3608.0
2010-07-15,2542.1,4320.7,2583.0,4310.0,3431.3999999999996,3446.5
2010-07-16,2524.7,4436.0,2659.0,4981.0,3480.35,3820.0
2010-07-17,2632.5,3946.2,2844.0,4400.0,3289.35,3622.0
2010-07-18,2469.5,3870.4,2793.0,4236.0,3169.95,3514.5
2010-07-19,2675.7,4524.3,2825.0,4739.0,3600.0,3782.0
2010-07-20,2719.6,4490.0,2915.0,4339.0,3604.8,3627.0
2010-07-21,2649.9,4331.5,2695.0,4743.0,3490.7,3719.0
2010-07-22,2560.4,4378.3,2688.0,4234.0,3469.3500000000004,3461.0
2010-07-23,2453.1,4042.5,2591.0,3967.0,3247.8,3279.0
2010-07-24,2433.4,3779.8,2490.0,3987.0,3106.6000000000004,3238.5
2010-07-25,2535.0,3737.1,2810.0,4114.0,3136.05,3462.0
2010-07-26,2476.2,4197.9,2490.0,4044.0,3337.0499999999997,3267.0
2010-07-27,2428.1,4179.9,2455.0,4475.0,3304.0,3465.0
2010-07-28,2485.4,4217.6,2701.0,4802.0,3351.5,3751.5
2010-07-29,2646.8,4213.9,3084.0,4727.0,3430.35,3905.5
2010-07-30,2359.5,3786.8,2515.0,3820.0,3073.15,3167.5
2010-07-31,2065.5,3053.6,2253.0,3118.0,2559.55,2685.5
2010-08-01,2090.3,3027.4,2185.0,3154.0,2558.8500000000004,2669.5
2010-08-02,2147.5,3692.5,2323.0,3985.0,2920.0,3154.0
2010-08-03,2323.6,4074.7,2483.0,4419.0,3199.1499999999996,3451.0
2010-08-04,2529.7,4323.0,2799.0,5028.0,3426.35,3913.5
2010-08-05,2708.3,4440.7,3151.0,4952.0,3574.5,4051.5
2010-08-06,2541.9,4221.9,2844.0,4365.0,3381.8999999999996,3604.5
2010-08-07,2234.5,3178.9,2252.0,3138.0,2706.7,2695.0
2010-08-08,2167.8,3244.0,2227.0,3587.0,2705.9,2907.0
2010-08-09,2333.8,4124.3,2730.0,4884.0,3229.05,3807.0
2010-08-10,2619.6,4367.8,2988.0,4768.0,3493.7,3878.0
2010-08-11,2585.8,4150.6,2848.0,4317.0,3368.2000000000003,3582.5
2010-08-12,2363.3,3840.8,2540.0,4009.0,3102.05,3274.5
2010-08-13,2262.2,3641.0,2444.0,3776.0,2951.6,3110.0
2010-08-14,2138.4,3085.9,2177.0,3155.0,2612.15,2666.0
2010-08-15,2136.6,3097.2,2184.0,3165.0,2616.8999999999996,2674.5
2010-08-16,2323.5,3998.3,2404.0,4008.0,3160.9,3206.0
2010-08-17,2488.1,4188.9,2841.0,4683.0,3338.5,3762.0
2010-08-18,2479.3,4123.5,2626.0,4100.0,3301.4,3363.0
2010-08-19,2411.8,4084.3,2492.0,4258.0,3248.05,3375.0
2010-08-20,2381.0,3917.9,2650.0,4091.0,3149.45,3370.5
2010-08-21,2134.2,3047.3,2225.0,3151.0,2590.75,2688.0
2010-08-22,2074.2,2961.2,2319.0,3073.0,2517.7,2696.0
2010-08-23,2197.8,3518.5,2301.0,3430.0,2858.15,2865.5
2010-08-24,2076.3,3355.1,2179.0,3335.0,2715.7,2757.0
2010-08-25,2001.3,3346.1,2188.0,3456.0,2673.7,2822.0
2010-08-26,2056.2,3592.5,2208.0,3916.0,2824.35,3062.0
2010-08-27,2107.6,3419.9,2224.0,3542.0,2763.75,2883.0
2010-08-28,2117.8,3172.5,2112.0,3189.0,2645.15,2650.5
2010-08-29,2199.2,3508.9,2217.0,3931.0,2854.05,3074.0
2010-08-30,2418.1,4324.3,2604.0,4650.0,3371.2,3627.0
2010-08-31,2531.6,4550.9,2755.0,5241.0,3541.25,3998.0
2010-09-01,2896.9,4716.6,3037.0,5251.0,3806.75,4144.0
2010-09-02,2876.6,4677.2,3062.0,5312.0,3776.8999999999996,4187.0
2010-09-03,2787.1,4075.0,3047.0,4527.0,3431.05,3787.0
2010-09-04,2462.4,3297.5,2648.0,3555.0,2879.95,3101.5
2010-09-05,2148.2,3125.5,2166.0,2846.0,2636.85,2506.0
2010-09-06,2190.8,3197.9,2081.0,3165.0,2694.3500000000004,2623.0
2010-09-07,2368.4,3759.1,2227.0,4167.0,3063.75,3197.0
2010-09-08,2310.7,3989.5,2551.0,4215.0,3150.1,3383.0
2010-09-09,2106.0,3405.6,2216.0,3468.0,2755.8,2842.0
2010-09-10,2003.2,3229.0,2129.0,3286.0,2616.1,2707.5
2010-09-11,1942.0,2817.3,2058.0,2904.0,2379.65,2481.0
2010-09-12,1905.0,2749.5,1999.0,2915.0,2327.25,2457.0
2010-09-13,2014.3,3309.6,2023.0,3269.0,2661.95,2646.0
2010-09-14,2024.1,3303.1,2070.0,3374.0,2663.6,2722.0
2010-09-15,1945.1,3238.6,2023.0,3184.0,2591.85,2603.5
2010-09-16,1921.4,3147.7,1980.0,3236.0,2534.55,2608.0
2010-09-17,1991.9,3177.8,2150.0,3394.0,2584.8500000000004,2772.0
2010-09-18,1943.3,2731.6,2005.0,2828.0,2337.45,2416.5
2010-09-19,1919.9,2782.3,1949.0,3067.0,2351.1000000000004,2508.0
2010-09-20,1936.9,3127.2,2074.0,3265.0,2532.05,2669.5
2010-09-21,1935.5,3141.6,1971.0,3219.0,2538.55,2595.0
2010-09-22,1991.1,3525.1,2061.0,3825.0,2758.1,2943.0
2010-09-23,2106.5,3382.8,2366.0,3513.0,2744.65,2939.5
2010-09-24,1979.2,3384.4,2122.0,3935.0,2681.8,3028.5
2010-09-25,2095.6,3049.9,2457.0,3659.0,2572.75,3058.0
2010-09-26,1869.3,2714.9,2137.0,3007.0,2292.1,2572.0
2010-09-27,1867.0,3065.3,2067.0,3320.0,2466.15,2693.5
2010-09-28,1973.9,3311.3,2116.0,3752.0,2642.6000000000004,2934.0
2010-09-29,2099.4,3402.2,2406.0,3903.0,2750.8,3154.5
2010-09-30,2079.1,3402.4,2351.0,3977.0,2740.75,3164.0
2010-10-01,2094.0,3208.1,2513.0,3982.0,2651.05,3247.5
2010-10-02,1980.6,2733.2,2067.0,2856.0,2356.8999999999996,2461.5
2010-10-03,1893.9,2737.5,1925.0,2927.0,2315.7,2426.0
2010-10-04,1881.0,3027.2,1970.0,3226.0,2454.1,2598.0
2010-10-05,1899.8,3077.8,2016.0,3275.0,2488.8,2645.5
2010-10-06,1921.6,3052.8,2040.0,3305.0,2487.2,2672.5
2010-10-07,1934.0,3063.9,2024.0,3177.0,2498.95,2600.5
2010-10-08,1926.3,3047.8,2000.0,3143.0,2487.05,2571.5
2010-10-09,1936.3,2680.2,1979.0,2767.0,2308.25,2373.0
2010-10-10,1847.7,2774.4,1935.0,2801.0,2311.05,2368.0
2010-10-11,1886.4,3029.7,1949.0,3111.0,2458.05,2530.0
2010-10-12,1910.8,3097.7,1976.0,3226.0,2504.25,2601.0
2010-10-13,1929.2,3029.1,2003.0,3202.0,2479.15,2602.5
2010-10-14,1927.6,3089.7,2014.0,3230.0,2508.6499999999996,2622.0
2010-10-15,1947.1,3040.4,2047.0,3171.0,2493.75,2609.0
2010-10-16,1942.0,2662.8,2056.0,2900.0,2302.4,2478.0
2010-10-17,1859.3,2760.0,2016.0,2980.0,2309.65,2498.0
2010-10-18,1919.9,3059.3,2003.0,3267.0,2489.6000000000004,2635.0
2010-10-19,1982.5,3108.7,2053.0,3253.0,2545.6,2653.0
2010-10-20,1930.9,3087.4,2060.0,3279.0,2509.15,2669.5
2010-10-21,1927.6,3066.8,2050.0,3276.0,2497.2,2663.0
2010-10-22,1946.0,3005.9,2090.0,3208.0,2475.95,2649.0
2010-10-23,2031.6,2713.2,2113.0,2931.0,2372.3999999999996,2522.0
2010-10-24,1908.4,2749.2,2033.0,3056.0,2328.8,2544.5
2010-10-25,1905.6,3140.2,2022.0,3317.0,2522.8999999999996,2669.5
2010-10-26,1952.4,3157.1,2095.0,3405.0,2554.75,2750.0
2010-10-27,2010.5,3242.1,2143.0,3573.0,2626.3,2858.0
2010-10-28,1976.4,3102.8,2158.0,3345.0,2539.6000000000004,2751.5
2010-10-29,1908.9,3028.8,2003.0,3136.0,2468.8500000000004,2569.5
2010-10-30,1928.6,2765.3,2028.0,2936.0,2346.95,2482.0
2010-10-31,1869.8,2780.4,1977.0,2889.0,2325.1,2433.0
2010-11-01,1949.9,3129.6,2081.0,3372.0,2539.75,2726.5
2010-11-02,2039.2,3035.0,2125.0,3336.0,2537.1,2730.5
2010-11-03,2077.8,3039.8,2190.0,3364.0,2558.8,2777.0
2010-11-04,2021.6,3038.4,2156.0,3387.0,2530.0,2771.5
2010-11-05,1931.0,2959.4,2087.0,3203.0,2445.2,2645.0
2010-11-06,1951.7,2721.0,2054.0,3016.0,2336.35,2535.0
2010-11-07,1948.7,4010.2,2068.0,4281.0,2979.45,3174.5
2010-11-08,1984.5,3076.1,2185.0,3520.0,2530.3,2852.5
2010-11-09,2017.3,3101.4,2130.0,3453.0,2559.35,2791.5
2010-11-10,1981.8,3117.0,2114.0,3444.0,2549.4,2779.0
2010-11-11,2019.4,3070.8,2158.0,3377.0,2545.1000000000004,2767.5
2010-11-12,2015.2,2999.3,2161.0,3320.0,2507.25,2740.5
2010-11-13,1977.3,2745.1,2125.0,3008.0,2361.2,2566.5
2010-11-14,1936.2,2720.6,2069.0,3124.0,2328.4,2596.5
2010-11-15,1946.6,3025.2,2057.0,3439.0,2485.8999999999996,2748.0
2010-11-16,1976.4,3106.5,2067.0,3391.0,2541.45,2729.0
2010-11-17,1947.4,3172.8,2078.0,3415.0,2560.1000000000004,2746.5
2010-11-18,1990.7,3159.6,2086.0,3407.0,2575.15,2746.5
2010-11-19,2048.6,3128.9,2152.0,3430.0,2588.75,2791.0
2010-11-20,2017.2,2762.2,2202.0,3111.0,2389.7,2656.5
2010-11-21,1999.9,2838.3,2150.0,3247.0,2419.1000000000004,2698.5
2010-11-22,2028.2,3216.0,2201.0,3510.0,2622.1,2855.5
2010-11-23,1967.6,3145.4,2084.0,3420.0,2556.5,2752.0
2010-11-24,1997.4,3226.7,2087.0,3428.0,2612.05,2757.5
2010-11-25,1992.8,2722.0,2215.0,2926.0,2357.4,2570.5
2010-11-26,2010.5,2948.3,2148.0,3195.0,2479.4,2671.5
2010-11-27,1962.3,2767.7,2183.0,3115.0,2365.0,2649.0
2010-11-28,1998.2,2820.2,2261.0,3249.0,2409.2,2755.0
2010-11-29,1976.5,3140.8,2214.0,3543.0,2558.65,2878.5
2010-11-30,2040.9,3184.8,2253.0,3534.0,2612.8500000000004,2893.5
2010-12-01,2002.5,3233.7,2141.0,3455.0,2618.1,2798.0
2010-12-02,1977.5,3264.2,2148.0,3527.0,2620.85,2837.5
2010-12-03,2079.3,3238.1,2260.0,3559.0,2658.7,2909.5
2010-12-04,2173.4,3126.6,2228.0,3292.0,2650.0,2760.0
2010-12-05,2162.6,3181.5,2263.0,3415.0,2672.05,2839.0
2010-12-06,2198.5,3530.5,2356.0,3834.0,2864.5,3095.0
2010-12-07,2270.2,3562.0,2414.0,3788.0,2916.1,3101.0
2010-12-08,2283.3,3585.4,2420.0,3862.0,2934.3500000000004,3141.0
2010-12-09,2319.1,3675.0,2513.0,3919.0,2997.05,3216.0
2010-12-10,2422.4,3601.2,2629.0,3891.0,3011.8,3260.0
2010-12-11,2278.0,3225.1,2428.0,3364.0,2751.55,2896.0
2010-12-12,2185.8,3167.3,2321.0,3387.0,2676.55,2854.0
2010-12-13,2159.1,3591.0,2162.0,3599.0,2875.05,2880.5
2010-12-14,2258.2,3549.0,2239.0,3889.0,2903.6,3064.0
2010-12-15,2395.7,3763.3,2568.0,4058.0,3079.5,3313.0
2010-12-16,2455.2,3698.1,2614.0,3856.0,3076.6499999999996,3235.0
2010-12-17,2434.0,3670.5,2560.0,3780.0,3052.25,3170.0
2010-12-18,2310.8,3328.8,2491.0,3454.0,2819.8,2972.5
2010-12-19,2255.9,3333.2,2419.0,3532.0,2794.55,2975.5
2010-12-20,2303.6,3717.6,2402.0,3960.0,3010.6,3181.0
2010-12-21,2367.8,3727.1,2540.0,3805.0,3047.45,3172.5
2010-12-22,2323.8,3661.7,2408.0,3791.0,2992.75,3099.5
2010-12-23,2343.1,3660.5,2436.0,3703.0,3001.8,3069.5
2010-12-24,2322.7,3440.6,2411.0,3417.0,2881.6499999999996,2914.0
2010-12-25,2254.7,3075.6,2419.0,3085.0,2665.1499999999996,2752.0
2010-12-26,2279.5,3337.1,2369.0,3623.0,2808.3,2996.0
2010-12-27,2295.3,3695.8,2506.0,3899.0,2995.55,3202.5
2010-12-28,2442.7,3704.6,2695.0,3786.0,3073.6499999999996,3240.5
2010-12-29,2392.4,3631.2,2493.0,3661.0,3011.8,3077.0
2010-12-30,2392.8,3585.9,2464.0,3531.0,2989.3500000000004,2997.5
2010-12-31,2311.5,3398.3,2370.0,3319.0,2854.9,2844.5
2011-01-01,2210.0,3188.5,2212.0,3022.0,2699.25,2617.0
2011-01-02,2171.6,3251.4,2085.0,3195.0,2711.5,2640.0
2011-01-03,2291.6,3679.2,2240.0,3711.0,2985.3999999999996,2975.5
2011-01-04,2368.4,3686.3,2436.0,3676.0,3027.3500000000004,3056.0
2011-01-05,2351.7,3646.5,2417.0,3704.0,2999.1,3060.5
2011-01-06,2390.0,3683.3,2463.0,3761.0,3036.65,3112.0
2011-01-07,2413.1,3590.3,2518.0,3680.0,3001.7,3099.0
2011-01-08,2351.3,3332.8,2411.0,3458.0,2842.05,2934.5
2011-01-09,2306.8,3386.8,2393.0,3503.0,2846.8,2948.0
2011-01-10,2384.8,3730.1,2498.0,3780.0,3057.45,3139.0
2011-01-11,2443.0,3711.8,2529.0,3774.0,3077.4,3151.5
2011-01-12,2507.1,3679.0,2481.0,3791.0,3093.05,3136.0
2011-01-13,2395.8,3669.2,2471.0,3792.0,3032.5,3131.5
2011-01-14,2474.2,3691.0,2575.0,3765.0,3082.6,3170.0
2011-01-15,2488.3,3398.3,2642.0,3496.0,2943.3,3069.0
2011-01-16,2344.6,3363.9,2421.0,3362.0,2854.25,2891.5
2011-01-17,2473.8,3703.5,2568.0,3874.0,3088.65,3221.0
2011-01-18,2475.1,3633.3,2619.0,3885.0,3054.2,3252.0
2011-01-19,2287.5,3595.0,2428.0,3685.0,2941.25,3056.5
2011-01-20,2398.1,3710.7,2433.0,3709.0,3054.3999999999996,3071.0
2011-01-21,2447.9,3632.1,2496.0,3803.0,3040.0,3149.5
2011-01-22,2479.4,3414.0,2611.0,3556.0,2946.7,3083.5
2011-01-23,2377.3,3435.1,2696.0,3810.0,2906.2,3253.0
2011-01-24,2611.2,3787.8,2899.0,4199.0,3199.5,3549.0
2011-01-25,2586.1,3642.3,2902.0,3915.0,3114.2,3408.5
2011-01-26,2452.5,3578.4,2719.0,3948.0,3015.45,3333.5
2011-01-27,2368.5,3605.9,2639.0,3785.0,2987.2,3212.0
2011-01-28,2463.6,3595.1,2581.0,3649.0,3029.35,3115.0
2011-01-29,2433.2,3327.5,2472.0,3350.0,2880.35,2911.0
2011-01-30,2392.0,3349.0,2452.0,3513.0,2870.5,2982.5
2011-01-31,2509.5,3767.0,2547.0,3851.0,3138.25,3199.0
2011-02-01,2576.2,3733.0,2679.0,4001.0,3154.6,3340.0
2011-02-02,2555.4,3695.5,2632.0,3941.0,3125.45,3286.5
2011-02-03,2481.4,3771.2,2608.0,3776.0,3126.3,3192.0
2011-02-04,2554.1,3551.7,2673.0,3630.0,3052.8999999999996,3151.5
2011-02-05,2438.3,3104.1,2571.0,3435.0,2771.2,3003.0
2011-02-06,2297.4,3186.2,2376.0,3351.0,2741.8,2863.5
2011-02-07,2379.4,3610.3,2371.0,3587.0,2994.8500000000004,2979.0
2011-02-08,2348.6,3645.4,2367.0,3760.0,2997.0,3063.5
2011-02-09,2591.9,3749.0,2689.0,3794.0,3170.45,3241.5
2011-02-10,2513.4,3711.6,2561.0,3774.0,3112.5,3167.5
2011-02-11,2334.0,3586.4,2683.0,3669.0,2960.2,3176.0
2011-02-12,2403.5,3226.5,2594.0,3381.0,2815.0,2987.5
2011-02-13,2368.3,3229.8,2494.0,3458.0,2799.05,2976.0
2011-02-14,2252.7,3488.7,2389.0,3454.0,2870.7,2921.5
2011-02-15,2343.8,3742.0,2434.0,3811.0,3042.9,3122.5
2011-02-16,2478.6,3576.9,2601.0,3603.0,3027.75,3102.0
2011-02-17,2295.0,3366.7,2361.0,3401.0,2830.85,2881.0
2011-02-18,2170.7,3332.8,2225.0,3244.0,2751.75,2734.5
2011-02-19,2212.8,3240.9,2194.0,3324.0,2726.8500000000004,2759.0
2011-02-20,2330.4,3225.2,2564.0,3288.0,2777.8,2926.0
2011-02-21,2273.3,2987.3,2419.0,3627.0,2630.3,3023.0
2011-02-22,2440.1,3567.1,2632.0,3645.0,3003.6,3138.5
2011-02-23,2451.6,3459.1,2587.0,3557.0,2955.35,3072.0
2011-02-24,2425.6,3444.4,2514.0,3488.0,2935.0,3001.0
2011-02-25,2263.9,3302.1,2329.0,3563.0,2783.0,2946.0
2011-02-26,2315.6,3378.4,2445.0,3277.0,2847.0,2861.0
2011-02-27,2308.8,3310.9,2360.0,3508.0,2809.8500000000004,2934.0
2011-02-28,2264.5,3371.7,2465.0,3639.0,2818.1,3052.0
2011-03-01,2263.0,3407.0,2410.0,3578.0,2835.0,2994.0
2011-03-02,2310.2,3341.5,2453.0,3584.0,2825.85,3018.5
2011-03-03,2408.2,3545.2,2605.0,3722.0,2976.7,3163.5
2011-03-04,2371.5,3252.9,2616.0,3509.0,2812.2,3062.5
2011-03-05,2247.7,2998.4,2382.0,3093.0,2623.05,2737.5
2011-03-06,2103.4,2928.8,2130.0,3118.0,2516.1000000000004,2624.0
2011-03-07,2114.1,3294.4,2125.0,3586.0,2704.25,2855.5
2011-03-08,2300.8,3363.4,2426.0,3505.0,2832.1000000000004,2965.5
2011-03-09,2313.7,3346.5,2392.0,3609.0,2830.1,3000.5
2011-03-10,2260.3,3325.6,2351.0,3531.0,2792.95,2941.0
2011-03-11,2147.3,3173.3,2288.0,3303.0,2660.3,2795.5
2011-03-12,2131.5,2908.0,2194.0,3023.0,2519.75,2608.5
2011-03-13,0.0,2927.9,0.0,3087.0,1463.95,1543.5
2011-03-14,2140.1,3328.8,2184.0,3409.0,2734.45,2796.5
2011-03-15,2206.9,3177.7,2339.0,3298.0,2692.3,2818.5
2011-03-16,2195.7,3234.4,2272.0,3384.0,2715.05,2828.0
2011-03-17,2140.5,3115.2,2243.0,3135.0,2627.85,2689.0
2011-03-18,2073.9,3005.4,2077.0,3073.0,2539.65,2575.0
2011-03-19,2043.7,2887.7,2023.0,2895.0,2465.7,2459.0
2011-03-20,2080.6,2925.4,2192.0,3026.0,2503.0,2609.0
2011-03-21,2135.2,3210.8,2187.0,3462.0,2673.0,2824.5
2011-03-22,2147.2,3182.8,2256.0,3345.0,2665.0,2800.5
2011-03-23,2186.2,3187.4,2279.0,3352.0,2686.8,2815.5
2011-03-24,2176.2,3254.7,2269.0,3338.0,2715.45,2803.5
2011-03-25,2186.6,3109.1,2325.0,3243.0,2647.85,2784.0
2011-03-26,2197.1,2908.6,2312.0,3048.0,2552.85,2680.0
2011-03-27,2207.8,2912.2,2318.0,3095.0,2560.0,2706.5
2011-03-28,2215.5,3199.5,2315.0,3310.0,2707.5,2812.5
2011-03-29,2192.9,3133.4,2259.0,3232.0,2663.15,2745.5
2011-03-30,2139.1,3061.8,2242.0,3158.0,2600.45,2700.0
2011-03-31,2119.4,3190.1,2154.0,3308.0,2654.75,2731.0
2011-04-01,2115.2,3099.3,2268.0,3351.0,2607.25,2809.5
2011-04-02,2044.1,2767.7,2234.0,2883.0,2405.8999999999996,2558.5
2011-04-03,2004.2,2814.9,2141.0,2941.0,2409.55,2541.0
2011-04-04,2083.3,3116.3,2122.0,3274.0,2599.8,2698.0
2011-04-05,1977.5,3097.9,2118.0,3208.0,2537.7,2663.0
2011-04-06,2049.5,3038.1,2188.0,3168.0,2543.8,2678.0
2011-04-07,2028.8,3018.6,2176.0,3105.0,2523.7,2640.5
2011-04-08,2030.6,2971.6,2152.0,3081.0,2501.1,2616.5
2011-04-09,2004.3,2678.7,2138.0,2767.0,2341.5,2452.5
2011-04-10,1895.3,2692.3,2028.0,2879.0,2293.8,2453.5
2011-04-11,1910.4,3038.7,1979.0,3129.0,2474.55,2554.0
2011-04-12,1941.0,3032.0,2031.0,3076.0,2486.5,2553.5
2011-04-13,1960.6,3045.0,2001.0,3239.0,2502.8,2620.0
2011-04-14,1976.8,2961.8,2099.0,3056.0,2469.3,2577.5
2011-04-15,1975.9,2934.5,2046.0,3031.0,2455.2,2538.5
2011-04-16,2030.7,2728.2,2103.0,2908.0,2379.45,2505.5
2011-04-17,1906.7,2708.5,2061.0,2758.0,2307.6,2409.5
2011-04-18,1961.3,2937.8,1988.0,2918.0,2449.55,2453.0
2011-04-19,1959.2,3007.3,1972.0,3087.0,2483.25,2529.5
2011-04-20,1989.2,3065.0,2064.0,3146.0,2527.1,2605.0
2011-04-21,1942.4,2971.1,2072.0,3028.0,2456.75,2550.0
2011-04-22,1962.5,2871.3,2115.0,2980.0,2416.9,2547.5
2011-04-23,1925.2,2677.7,2017.0,2897.0,2301.45,2457.0
2011-04-24,1869.0,2662.2,1980.0,2740.0,2265.6,2360.0
2011-04-25,1884.0,2977.8,1936.0,3059.0,2430.9,2497.5
2011-04-26,1884.9,3004.5,1973.0,3060.0,2444.7,2516.5
2011-04-27,1908.6,3058.2,1980.0,3278.0,2483.3999999999996,2629.0
2011-04-28,1952.6,3049.8,2101.0,3362.0,2501.2,2731.5
2011-04-29,1940.8,2974.8,2053.0,3213.0,2457.8,2633.0
2011-04-30,1906.9,2654.5,1950.0,2706.0,2280.7,2328.0
2011-05-01,1870.3,2651.8,1912.0,2772.0,2261.05,2342.0
2011-05-02,1899.2,2986.0,1952.0,3080.0,2442.6,2516.0
2011-05-03,1914.4,3048.4,1960.0,3145.0,2481.4,2552.5
2011-05-04,1918.5,2898.1,2013.0,3221.0,2408.3,2617.0
2011-05-05,1915.2,3055.8,1966.0,2992.0,2485.5,2479.0
2011-05-06,1949.4,2944.9,1983.0,3048.0,2447.15,2515.5
2011-05-07,1880.1,2577.3,1928.0,2743.0,2228.7,2335.5
2011-05-08,1824.7,2562.0,1905.0,2740.0,2193.35,2322.5
2011-05-09,1876.8,3006.0,1921.0,3065.0,2441.4,2493.0
2011-05-10,1896.4,3006.5,1947.0,3026.0,2451.45,2486.5
2011-05-11,1913.5,3027.8,1962.0,3039.0,2470.65,2500.5
2011-05-12,1905.5,2990.1,1971.0,3001.0,2447.8,2486.0
2011-05-13,1900.5,2944.7,1953.0,3040.0,2422.6,2496.5
2011-05-14,1867.8,2620.9,1912.0,2701.0,2244.35,2306.5
2011-05-15,1815.7,2590.0,1903.0,2790.0,2202.85,2346.5
2011-05-16,1841.0,2984.2,1929.0,3073.0,2412.6,2501.0
2011-05-17,1897.1,3051.4,1985.0,3082.0,2474.25,2533.5
2011-05-18,1896.1,3017.6,2012.0,3100.0,2456.85,2556.0
2011-05-19,1903.4,3017.6,2008.0,3104.0,2460.5,2556.0
2011-05-20,1902.8,3040.1,1974.0,3101.0,2471.45,2537.5
2011-05-21,1873.7,2643.0,1958.0,2764.0,2258.35,2361.0
2011-05-22,1829.2,2625.0,1896.0,2745.0,2227.1,2320.5
2011-05-23,1847.7,3018.2,1925.0,3119.0,2432.95,2522.0
2011-05-24,1932.8,3294.2,2056.0,3515.0,2613.5,2785.5
2011-05-25,1990.9,3153.1,2106.0,3400.0,2572.0,2753.0
2011-05-26,1926.5,3197.3,2058.0,3696.0,2561.9,2877.0
2011-05-27,2015.3,3390.6,2270.0,3985.0,2702.95,3127.5
2011-05-28,1996.9,2838.5,2297.0,3131.0,2417.7,2714.0
2011-05-29,1923.5,2866.7,2228.0,3370.0,2395.1,2799.0
2011-05-30,2016.2,3213.6,2408.0,3830.0,2614.9,3119.0
2011-05-31,2136.8,3628.3,2421.0,3848.0,2882.55,3134.5
2011-06-01,2113.5,3601.2,2286.0,4255.0,2857.35,3270.5
2011-06-02,2123.3,3320.7,2318.0,3495.0,2722.0,2906.5
2011-06-03,1999.0,3179.0,2013.0,3151.0,2589.0,2582.0
2011-06-04,1926.4,2722.3,1966.0,2748.0,2324.3500000000004,2357.0
2011-06-05,1880.6,2665.2,1894.0,2790.0,2272.8999999999996,2342.0
2011-06-06,1936.7,3353.5,1982.0,3432.0,2645.1,2707.0
2011-06-07,2007.5,3610.1,2115.0,3927.0,2808.8,3021.0
2011-06-08,2258.8,4228.1,2387.0,4486.0,3243.4500000000003,3436.5
2011-06-09,2563.8,4388.7,2795.0,4822.0,3476.25,3808.5
2011-06-10,2433.9,3648.9,2533.0,3859.0,3041.4,3196.0
2011-06-11,2036.7,2794.9,2193.0,2914.0,2415.8,2553.5
2011-06-12,1923.6,2789.9,1986.0,2777.0,2356.75,2381.5
2011-06-13,1955.7,3266.5,1976.0,3171.0,2611.1,2573.5
2011-06-14,1939.7,3219.9,2025.0,3120.0,2579.8,2572.5
2011-06-15,1952.6,3231.2,2007.0,3303.0,2591.8999999999996,2655.0
2011-06-16,2052.1,3650.5,2061.0,3979.0,2851.3,3020.0
2011-06-17,2127.2,3425.6,2339.0,3593.0,2776.3999999999996,2966.0
2011-06-18,2060.8,3056.2,2232.0,3478.0,2558.5,2855.0
2011-06-19,2011.6,2898.4,2189.0,3055.0,2455.0,2622.0
2011-06-20,2044.2,3561.8,2143.0,3774.0,2803.0,2958.5
2011-06-21,2139.6,3776.4,2246.0,3835.0,2958.0,3040.5
2011-06-22,2202.2,3521.4,2375.0,3718.0,2861.8,3046.5
2011-06-23,2145.2,3364.1,2272.0,3442.0,2754.6499999999996,2857.0
2011-06-24,2063.3,3270.5,2123.0,3279.0,2666.9,2701.0
2011-06-25,2006.0,2864.0,2034.0,2826.0,2435.0,2430.0
2011-06-26,1985.4,2917.5,2063.0,3139.0,2451.45,2601.0
2011-06-27,2082.7,3664.9,2251.0,3972.0,2873.8,3111.5
2011-06-28,2236.6,3883.6,2412.0,4205.0,3060.1,3308.5
2011-06-29,2246.5,3861.2,2551.0,4223.0,3053.85,3387.0
2011-06-30,2205.7,3699.8,2325.0,3840.0,2952.75,3082.5
2011-07-01,2185.2,3593.0,2280.0,3634.0,2889.1,2957.0
2011-07-02,2073.5,3205.2,2259.0,3291.0,2639.35,2775.0
2011-07-03,2132.3,3304.6,2262.0,3270.0,2718.45,2766.0
2011-07-04,2172.6,3439.2,2437.0,3955.0,2805.8999999999996,3196.0
2011-07-05,2359.4,4000.0,2616.0,4543.0,3179.7,3579.5
2011-07-06,2404.5,4268.2,2681.0,4765.0,3336.35,3723.0
2011-07-07,2474.2,4086.9,2724.0,4470.0,3280.55,3597.0
2011-07-08,2303.2,3619.9,2668.0,3899.0,2961.55,3283.5
2011-07-09,2178.1,3255.3,2528.0,3611.0,2716.7,3069.5
2011-07-10,2165.8,3301.1,2210.0,3587.0,2733.45,2898.5
2011-07-11,2367.1,4147.9,2568.0,4925.0,3257.5,3746.5
2011-07-12,2691.8,4629.5,3118.0,5195.0,3660.65,4156.5
2011-07-13,2687.0,4222.4,2997.0,4634.0,3454.7,3815.5
2011-07-14,2396.1,3824.5,2483.0,3670.0,3110.3,3076.5
2011-07-15,2266.0,3905.5,2326.0,3808.0,3085.75,3067.0
2011-07-16,2297.6,3598.3,2290.0,3690.0,2947.95,2990.0
2011-07-17,2327.1,3776.4,2468.0,4150.0,3051.75,3309.0
2011-07-18,2633.4,4566.7,2952.0,4551.0,3600.05,3751.5
2011-07-19,2543.7,4207.6,2826.0,4699.0,3375.65,3762.5
2011-07-20,2414.3,4307.6,2679.0,4921.0,3360.9500000000003,3800.0
2011-07-21,2655.4,4760.2,2963.0,5440.0,3707.8,4201.5
2011-07-22,2920.2,5071.7,3539.0,5658.0,3995.95,4598.5
2011-07-23,2726.5,4283.3,3084.0,4531.0,3504.9,3807.5
2011-07-24,2511.1,3499.9,2982.0,3856.0,3005.5,3419.0
2011-07-25,2383.1,3927.4,2589.0,3851.0,3155.25,3220.0
2011-07-26,2303.5,4058.1,2382.0,4075.0,3180.8,3228.5
2011-07-27,2360.2,4084.1,2438.0,4077.0,3222.1499999999996,3257.5
2011-07-28,2383.1,4027.6,2482.0,4076.0,3205.35,3279.0
2011-07-29,2387.9,4097.0,2532.0,3906.0,3242.45,3219.0
2011-07-30,2408.7,3689.1,2629.0,3859.0,3048.8999999999996,3244.0
2011-07-31,2303.7,3512.0,2409.0,3815.0,2907.85,3112.0
2011-08-01,2509.5,4461.5,2749.0,4777.0,3485.5,3763.0
2011-08-02,2585.6,4369.6,2777.0,4519.0,3477.6000000000004,3648.0
2011-08-03,2392.2,3892.4,2465.0,3870.0,3142.3,3167.5
2011-08-04,2330.3,3804.1,2415.0,3964.0,3067.2,3189.5
2011-08-05,2274.4,3739.1,2422.0,3861.0,3006.75,3141.5
2011-08-06,2236.3,3365.9,2493.0,3845.0,2801.1000000000004,3169.0
2011-08-07,2279.5,3280.0,2583.0,3667.0,2779.75,3125.0
2011-08-08,2410.4,3927.3,2792.0,4404.0,3168.8500000000004,3598.0
2011-08-09,2443.8,3925.1,2711.0,4117.0,3184.45,3414.0
2011-08-10,2345.3,3876.4,2494.0,3978.0,3110.8500000000004,3236.0
2011-08-11,2315.1,3917.4,2381.0,3846.0,3116.25,3113.5
2011-08-12,2257.4,3837.4,2287.0,3781.0,3047.4,3034.0
2011-08-13,2227.7,3426.3,2309.0,3379.0,2827.0,2844.0
2011-08-14,2230.3,3274.8,2411.0,3309.0,2752.55,2860.0
2011-08-15,2366.8,3703.5,2441.0,3685.0,3035.15,3063.0
2011-08-16,2255.9,3715.4,2199.0,3433.0,2985.65,2816.0
2011-08-17,2181.7,3892.6,2222.0,3932.0,3037.1499999999996,3077.0
2011-08-18,2341.0,4015.6,2415.0,4251.0,3178.3,3333.0
2011-08-19,2416.5,4014.9,2627.0,4479.0,3215.7,3553.0
2011-08-20,2295.0,3540.7,2611.0,3839.0,2917.85,3225.0
2011-08-21,2275.5,3476.1,2480.0,3815.0,2875.8,3147.5
2011-08-22,2442.2,3845.7,2726.0,3795.0,3143.95,3260.5
2011-08-23,2217.1,3685.2,2256.0,3633.0,2951.1499999999996,2944.5
2011-08-24,2177.8,3871.8,2240.0,3775.0,3024.8,3007.5
2011-08-25,2308.3,4058.6,2388.0,4257.0,3183.45,3322.5
2011-08-26,2440.2,4042.2,2606.0,4355.0,3241.2,3480.5
2011-08-27,2303.2,3362.8,2547.0,3677.0,2833.0,3112.0
2011-08-28,2206.0,2871.4,2435.0,3142.0,2538.7,2788.5
2011-08-29,2123.7,3554.0,2088.0,3652.0,2838.85,2870.0
2011-08-30,1966.0,3433.5,2171.0,3677.0,2699.75,2924.0
2011-08-31,1998.5,3513.9,2238.0,3864.0,2756.2,3051.0
2011-09-01,2115.3,3432.9,2300.0,3679.0,2774.1000000000004,2989.5
2011-09-02,1981.7,3278.4,2190.0,3489.0,2630.05,2839.5
2011-09-03,2040.8,3254.7,2119.0,3536.0,2647.75,2827.5
2011-09-04,2206.9,3300.0,2399.0,3714.0,2753.45,3056.5
2011-09-05,2196.2,3287.0,2499.0,3941.0,2741.6,3220.0
2011-09-06,2294.1,3424.3,2477.0,3468.0,2859.2,2972.5
2011-09-07,2032.1,3226.5,2156.0,3342.0,2629.3,2749.0
2011-09-08,2076.6,3273.1,2097.0,3297.0,2674.85,2697.0
2011-09-09,2068.7,3501.2,2118.0,3550.0,2784.95,2834.0
2011-09-10,2055.2,2927.4,2162.0,3006.0,2491.3,2584.0
2011-09-11,1866.0,2854.4,1992.0,3031.0,2360.2,2511.5
2011-09-12,1981.3,3570.7,2087.0,3796.0,2776.0,2941.5
2011-09-13,2142.7,3731.9,2314.0,4038.0,2937.3,3176.0
2011-09-14,2200.8,3763.7,2456.0,4289.0,2982.25,3372.5
2011-09-15,2170.1,3399.5,2435.0,4015.0,2784.8,3225.0
2011-09-16,1892.6,3092.8,2024.0,3090.0,2492.7,2557.0
2011-09-17,1887.4,2724.0,1949.0,2774.0,2305.7,2361.5
2011-09-18,1844.3,2717.5,1918.0,2872.0,2280.9,2395.0
2011-09-19,1860.5,3109.1,1934.0,3165.0,2484.8,2549.5
2011-09-20,1935.4,3184.9,1988.0,3277.0,2560.15,2632.5
2011-09-21,1969.3,3350.0,2043.0,3432.0,2659.65,2737.5
2011-09-22,2103.7,3471.9,2197.0,3636.0,2787.8,2916.5
2011-09-23,2158.2,3354.0,2328.0,3651.0,2756.1,2989.5
2011-09-24,2104.8,3101.4,2328.0,3543.0,2603.1000000000004,2935.5
2011-09-25,2136.3,3058.4,2392.0,3631.0,2597.3500000000004,3011.5
2011-09-26,2157.1,3473.5,2395.0,3912.0,2815.3,3153.5
2011-09-27,2138.1,3296.3,2336.0,3821.0,2717.2,3078.5
2011-09-28,2039.3,3295.9,2287.0,3629.0,2667.6,2958.0
2011-09-29,2067.2,3426.1,2215.0,3582.0,2746.6499999999996,2898.5
2011-09-30,2055.2,3398.3,2136.0,3480.0,2726.75,2808.0
2011-10-01,1988.6,2825.4,2207.0,3142.0,2407.0,2674.5
2011-10-02,1875.8,2820.2,2087.0,3050.0,2348.0,2568.5
2011-10-03,1887.8,3051.5,2056.0,3280.0,2469.65,2668.0
2011-10-04,1921.7,3093.7,2054.0,3298.0,2507.7,2676.0
2011-10-05,1901.8,3098.1,2049.0,3176.0,2499.95,2612.5
2011-10-06,1912.2,3020.2,1995.0,3149.0,2466.2,2572.0
2011-10-07,1903.1,2975.1,2009.0,3040.0,2439.1,2524.5
2011-10-08,1882.6,2954.1,1985.0,2950.0,2418.35,2467.5
2011-10-09,1918.3,3040.0,1999.0,3085.0,2479.15,2542.0
2011-10-10,1918.8,3243.3,2094.0,3497.0,2581.05,2795.5
2011-10-11,1988.2,3154.9,2088.0,3238.0,2571.55,2663.0
2011-10-12,1909.3,3072.4,2018.0,3253.0,2490.85,2635.5
2011-10-13,1950.8,3125.1,2048.0,3337.0,2537.95,2692.5
2011-10-14,2000.8,3168.9,2082.0,3398.0,2584.85,2740.0
2011-10-15,1918.3,2754.7,2038.0,2873.0,2336.5,2455.5
2011-10-16,1893.4,2760.9,1948.0,2929.0,2327.15,2438.5
2011-10-17,1858.9,2940.7,1997.0,3220.0,2399.8,2608.5
2011-10-18,1895.1,3045.4,1984.0,3235.0,2470.25,2609.5
2011-10-19,1875.2,3030.2,2001.0,3349.0,2452.7,2675.0
2011-10-20,1984.3,3102.3,2069.0,3283.0,2543.3,2676.0
2011-10-21,1895.2,2993.5,2010.0,3122.0,2444.35,2566.0
2011-10-22,1879.6,2760.6,1978.0,2882.0,2320.1,2430.0
2011-10-23,1830.3,2790.2,1970.0,3010.0,2310.25,2490.0
2011-10-24,1869.4,3055.4,2003.0,3271.0,2462.4,2637.0
2011-10-25,1882.2,3061.2,2006.0,3237.0,2471.7,2621.5
2011-10-26,1925.6,3126.2,2025.0,3300.0,2525.8999999999996,2662.5
2011-10-27,1928.5,3244.9,2044.0,3379.0,2586.7,2711.5
2011-10-28,2038.8,3112.9,2158.0,3253.0,2575.85,2705.5
2011-10-29,1996.9,2966.1,2132.0,3233.0,2481.5,2682.5
2011-10-30,2001.5,2968.9,2047.0,2978.0,2485.2,2512.5
2011-10-31,1992.3,3126.5,2132.0,3223.0,2559.4,2677.5
2011-11-01,1869.6,2990.5,2145.0,3344.0,2430.05,2744.5
2011-11-02,1959.7,3084.5,2180.0,3310.0,2522.1,2745.0
2011-11-03,1969.1,3128.5,2129.0,3284.0,2548.8,2706.5
2011-11-04,1916.3,3128.4,2064.0,3219.0,2522.35,2641.5
2011-11-05,1981.6,2873.6,2158.0,3028.0,2427.6,2593.0
2011-11-06,1992.6,4036.2,2162.0,4432.0,3014.3999999999996,3297.0
2011-11-07,1982.9,3227.6,2098.0,3376.0,2605.25,2737.0
2011-11-08,1947.3,3118.6,2045.0,3372.0,2532.95,2708.5
2011-11-09,1944.1,3164.8,2020.0,3365.0,2554.45,2692.5
2011-11-10,1892.6,3164.7,2022.0,3393.0,2528.6499999999996,2707.5
2011-11-11,1912.6,3096.7,2014.0,3254.0,2504.6499999999996,2634.0
2011-11-12,2009.3,2828.5,2112.0,3020.0,2418.9,2566.0
2011-11-13,1951.3,2776.4,2060.0,3067.0,2363.85,2563.5
2011-11-14,1882.7,3105.2,2010.0,3366.0,2493.95,2688.0
2011-11-15,1921.8,3113.8,2017.0,3363.0,2517.8,2690.0
2011-11-16,1909.0,3143.4,1994.0,3402.0,2526.2,2698.0
2011-11-17,1950.4,3212.9,2016.0,3412.0,2581.65,2714.0
2011-11-18,2081.9,3110.1,2159.0,3387.0,2596.0,2773.0
2011-11-19,2071.4,2829.8,2178.0,3073.0,2450.6000000000004,2625.5
2011-11-20,1976.9,2748.1,2043.0,3066.0,2362.5,2554.5
2011-11-21,1981.5,3199.0,1983.0,3407.0,2590.25,2695.0
2011-11-22,2104.5,3198.9,2186.0,3428.0,2651.7,2807.0
2011-11-23,2020.5,3246.8,2153.0,3483.0,2633.65,2818.0
2011-11-24,2088.1,2756.8,2200.0,2846.0,2422.45,2523.0
2011-11-25,1982.4,3024.0,2165.0,3084.0,2503.2,2624.5
2011-11-26,1981.7,2787.7,2037.0,2932.0,2384.7,2484.5
2011-11-27,1944.9,2824.5,2009.0,3098.0,2384.7,2553.5
2011-11-28,1949.5,3130.2,2026.0,3423.0,2539.85,2724.5
2011-11-29,1940.1,3283.1,2022.0,3434.0,2611.6,2728.0
2011-11-30,1958.4,3133.5,2082.0,3371.0,2545.95,2726.5
2011-12-01,2048.9,3287.1,2073.0,3440.0,2668.0,2756.5
2011-12-02,2126.2,3120.7,2190.0,3401.0,2623.45,2795.5
2011-12-03,2153.4,2877.9,2158.0,3178.0,2515.65,2668.0
2011-12-04,2026.5,2765.6,2187.0,3215.0,2396.05,2701.0
2011-12-05,2004.2,3140.5,2100.0,3478.0,2572.35,2789.0
2011-12-06,1981.1,3167.2,2057.0,3500.0,2574.1499999999996,2778.5
2011-12-07,1975.6,3232.1,2046.0,3462.0,2603.85,2754.0
2011-12-08,1992.6,3307.4,2160.0,3568.0,2650.0,2864.0
2011-12-09,2077.7,3244.6,2246.0,3459.0,2661.1499999999996,2852.5
2011-12-10,2017.9,3037.6,2117.0,3259.0,2527.75,2688.0
2011-12-11,2136.2,3036.6,2274.0,3394.0,2586.3999999999996,2834.0
2011-12-12,2128.3,3214.0,2302.0,3639.0,2671.15,2970.5
2011-12-13,2187.6,3250.8,2301.0,3633.0,2719.2,2967.0
2011-12-14,2188.4,3305.0,2261.0,3635.0,2746.7,2948.0
2011-12-15,2050.1,3227.5,2244.0,3563.0,2638.8,2903.5
2011-12-16,1884.1,3186.1,2115.0,3450.0,2535.1,2782.5
2011-12-17,2004.2,3053.0,2190.0,3350.0,2528.6,2770.0
2011-12-18,2141.6,3143.8,2358.0,3562.0,2642.7,2960.0
2011-12-19,2209.8,3357.0,2513.0,3749.0,2783.4,3131.0
2011-12-20,2067.9,3391.4,2253.0,3665.0,2729.65,2959.0
2011-12-21,2052.7,3247.7,2322.0,3607.0,2650.2,2964.5
2011-12-22,1916.3,3219.4,2141.0,3436.0,2567.85,2788.5
2011-12-23,1968.3,3252.9,2119.0,3430.0,2610.6,2774.5
2011-12-24,2086.0,3050.0,2270.0,3284.0,2568.0,2777.0
2011-12-25,2109.1,2844.7,2412.0,2982.0,2476.8999999999996,2697.0
2011-12-26,2003.7,3103.3,2212.0,3311.0,2553.5,2761.5
2011-12-27,2052.4,3222.6,2295.0,3492.0,2637.5,2893.5
2011-12-28,1927.6,3314.5,2085.0,3520.0,2621.05,2802.5
2011-12-29,2191.0,3343.2,2394.0,3657.0,2767.1,3025.5
2011-12-30,2114.4,3182.3,2391.0,3468.0,2648.3500000000004,2929.5
2011-12-31,2003.6,3001.1,2240.0,3265.0,2502.35,2752.5
2012-01-01,2020.2,3011.8,2226.0,3027.0,2516.0,2626.5
2012-01-02,1939.7,3155.9,2073.0,3380.0,2547.8,2726.5
2012-01-03,2178.4,3564.5,2272.0,3832.0,2871.45,3052.0
2012-01-04,2443.2,3578.6,2637.0,3877.0,3010.8999999999996,3257.0
2012-01-05,2280.4,3439.4,2512.0,3702.0,2859.9,3107.0
2012-01-06,2160.4,3297.6,2420.0,3503.0,2729.0,2961.5
2012-01-07,1966.4,2981.5,2261.0,3107.0,2473.95,2684.0
2012-01-08,2019.2,3050.4,2142.0,3257.0,2534.8,2699.5
2012-01-09,2112.3,3344.3,2314.0,3618.0,2728.3,2966.0
2012-01-10,2223.3,3451.2,2302.0,3542.0,2837.25,2922.0
2012-01-11,2295.5,3444.6,2302.0,3582.0,2870.05,2942.0
2012-01-12,2208.0,3355.9,2281.0,3626.0,2781.95,2953.5
2012-01-13,2176.1,3406.5,2293.0,3539.0,2791.3,2916.0
2012-01-14,2267.5,3262.5,2341.0,3368.0,2765.0,2854.5
2012-01-15,2460.0,3467.2,2543.0,3697.0,2963.6,3120.0
2012-01-16,2509.4,3578.5,2747.0,3846.0,3043.95,3296.5
2012-01-17,2226.2,3405.4,2450.0,3622.0,2815.8,3036.0
2012-01-18,2183.1,3478.7,2235.0,3683.0,2830.8999999999996,2959.0
2012-01-19,2445.5,3621.7,2554.0,3766.0,3033.6,3160.0
2012-01-20,2359.9,3599.5,2437.0,3653.0,2979.7,3045.0
2012-01-21,2447.5,3392.3,2514.0,3646.0,2919.9,3080.0
2012-01-22,2368.5,3300.5,2596.0,3462.0,2834.5,3029.0
2012-01-23,2330.6,3503.2,2442.0,3629.0,2916.8999999999996,3035.5
2012-01-24,2111.5,3413.1,2201.0,3393.0,2762.3,2797.0
2012-01-25,2272.5,3425.0,2193.0,3512.0,2848.75,2852.5
2012-01-26,2270.7,3412.8,2279.0,3541.0,2841.75,2910.0
2012-01-27,2221.1,3358.9,2278.0,3442.0,2790.0,2860.0
2012-01-28,2143.8,3040.2,2230.0,3133.0,2592.0,2681.5
2012-01-29,2223.2,3167.9,2209.0,3257.0,2695.55,2733.0
2012-01-30,2279.5,3496.7,2267.0,3597.0,2888.1,2932.0
2012-01-31,2250.2,3399.4,2355.0,3478.0,2824.8,2916.5
2012-02-01,2203.7,3293.3,2255.0,3382.0,2748.5,2818.5
2012-02-02,2208.2,3407.9,2183.0,3566.0,2808.05,2874.5
2012-02-03,2299.3,3349.0,2330.0,3441.0,2824.15,2885.5
2012-02-04,2229.8,3184.9,2284.0,3208.0,2707.3500000000004,2746.0
2012-02-05,2265.8,3088.2,2361.0,3274.0,2677.0,2817.5
2012-02-06,2269.7,3193.1,2354.0,3442.0,2731.3999999999996,2898.0
2012-02-07,2224.7,3397.0,2245.0,3477.0,2810.85,2861.0
2012-02-08,2388.0,3446.1,2365.0,3570.0,2917.05,2967.5
2012-02-09,2292.6,3353.2,2309.0,3422.0,2822.8999999999996,2865.5
2012-02-10,2262.1,3295.1,2305.0,3300.0,2778.6,2802.5
2012-02-11,2201.4,3173.3,2199.0,3211.0,2687.3500000000004,2705.0
2012-02-12,2373.7,3288.7,2404.0,3512.0,2831.2,2958.0
2012-02-13,2497.3,3521.3,2563.0,3569.0,3009.3,3066.0
2012-02-14,2335.5,3366.1,2389.0,3482.0,2850.8,2935.5
2012-02-15,2247.8,3275.1,2286.0,3440.0,2761.45,2863.0
2012-02-16,2239.5,3341.1,2255.0,3402.0,2790.3,2828.5
2012-02-17,2156.3,3244.7,2192.0,3229.0,2700.5,2710.5
2012-02-18,2149.7,3021.9,2219.0,3034.0,2585.8,2626.5
2012-02-19,2163.6,3117.7,2209.0,3024.0,2640.6499999999996,2616.5
2012-02-20,2252.8,3365.9,2264.0,3351.0,2809.3500000000004,2807.5
2012-02-21,2284.4,3344.0,2322.0,3419.0,2814.2,2870.5
2012-02-22,2162.0,3275.2,2212.0,3242.0,2718.6,2727.0
2012-02-23,2120.3,3238.5,2132.0,3244.0,2679.4,2688.0
2012-02-24,2170.0,3263.8,2171.0,3341.0,2716.9,2756.0
2012-02-25,2141.1,3054.4,2187.0,3127.0,2597.75,2657.0
2012-02-26,2228.0,3145.4,2308.0,3248.0,2686.7,2778.0
2012-02-27,2258.0,3284.4,2312.0,3416.0,2771.2,2864.0
2012-02-28,2173.0,3364.4,2197.0,3401.0,2768.7,2799.0
2012-02-29,2223.6,3418.9,2255.0,3589.0,2821.25,2922.0
2012-03-01,2198.2,3346.2,2333.0,3621.0,2772.2,2977.0
2012-03-02,2271.1,3238.2,2439.0,3485.0,2754.6499999999996,2962.0
2012-03-03,2139.6,2909.5,2315.0,3108.0,2524.55,2711.5
2012-03-04,2072.7,2976.2,2217.0,3210.0,2524.45,2713.5
2012-03-05,2212.8,3362.1,2301.0,3524.0,2787.45,2912.5
2012-03-06,2351.4,3357.5,2447.0,3486.0,2854.45,2966.5
2012-03-07,2237.4,3162.0,2331.0,3272.0,2699.7,2801.5
2012-03-08,2050.2,3038.2,2103.0,3219.0,2544.2,2661.0
2012-03-09,2057.3,3112.9,2019.0,3175.0,2585.1000000000004,2597.0
2012-03-10,2104.5,2903.5,2189.0,3074.0,2504.0,2631.5
2012-03-11,0.0,2805.0,0.0,2951.0,1402.5,1475.5
2012-03-12,2046.8,3020.6,2086.0,3128.0,2533.7,2607.0
2012-03-13,1990.2,3022.8,1991.0,3092.0,2506.5,2541.5
2012-03-14,1964.8,3073.1,1929.0,3113.0,2518.95,2521.0
2012-03-15,2038.4,3132.2,2059.0,3184.0,2585.3,2621.5
2012-03-16,2070.7,3060.8,2118.0,3119.0,2565.75,2618.5
2012-03-17,2000.2,2824.7,2069.0,2807.0,2412.45,2438.0
2012-03-18,1963.8,2792.7,2052.0,2856.0,2378.25,2454.0
2012-03-19,1926.0,3040.3,1944.0,3134.0,2483.15,2539.0
2012-03-20,1997.2,3093.7,1966.0,3152.0,2545.45,2559.0
2012-03-21,1847.2,3010.9,2003.0,3260.0,2429.05,2631.5
2012-03-22,1958.2,3138.3,2041.0,3373.0,2548.25,2707.0
2012-03-23,1945.9,2925.2,2101.0,3184.0,2435.55,2642.5
2012-03-24,1862.2,2639.1,1933.0,2761.0,2250.65,2347.0
2012-03-25,1851.4,2693.7,1925.0,2912.0,2272.55,2418.5
2012-03-26,1829.1,2942.8,2001.0,3236.0,2385.95,2618.5
2012-03-27,1995.9,3029.4,2246.0,3226.0,2512.65,2736.0
2012-03-28,2098.9,3062.0,2165.0,3176.0,2580.45,2670.5
2012-03-29,2024.9,3054.4,2065.0,3190.0,2539.65,2627.5
2012-03-30,2048.0,2946.7,2144.0,3069.0,2497.35,2606.5
2012-03-31,1994.9,2722.1,2065.0,2885.0,2358.5,2475.0
2012-04-01,1923.0,2639.8,2142.0,2978.0,2281.4,2560.0
2012-04-02,1881.6,2959.7,2070.0,3149.0,2420.6499999999996,2609.5
2012-04-03,1951.6,2914.6,2139.0,3076.0,2433.1,2607.5
2012-04-04,1945.0,2853.8,2052.0,3060.0,2399.4,2556.0
2012-04-05,1937.7,2900.3,2045.0,3029.0,2419.0,2537.0
2012-04-06,1954.8,2873.3,2120.0,3039.0,2414.05,2579.5
2012-04-07,1938.1,2533.4,2073.0,2837.0,2235.75,2455.0
2012-04-08,1854.3,2556.6,2031.0,2783.0,2205.45,2407.0
2012-04-09,1921.6,2912.8,2034.0,3072.0,2417.2,2553.0
2012-04-10,1941.8,2855.0,2036.0,3015.0,2398.4,2525.5
2012-04-11,1982.2,2908.6,1997.0,3006.0,2445.4,2501.5
2012-04-12,1995.1,2975.5,2017.0,3044.0,2485.3,2530.5
2012-04-13,1983.1,2866.5,2070.0,2991.0,2424.8,2530.5
2012-04-14,1872.8,2580.1,1961.0,2701.0,2226.45,2331.0
2012-04-15,1862.3,2695.6,1918.0,2828.0,2278.95,2373.0
2012-04-16,1904.0,3389.0,2046.0,3503.0,2646.5,2774.5
2012-04-17,2073.2,3245.0,2113.0,3486.0,2659.1,2799.5
2012-04-18,1931.4,2933.1,2011.0,2998.0,2432.25,2504.5
2012-04-19,1925.6,2934.7,1938.0,3028.0,2430.1499999999996,2483.0
2012-04-20,1887.3,2958.5,1942.0,3162.0,2422.9,2552.0
2012-04-21,1840.6,2606.3,1937.0,2829.0,2223.45,2383.0
2012-04-22,1816.2,2650.0,1992.0,2820.0,2233.1,2406.0
2012-04-23,1889.1,2918.8,1988.0,3174.0,2403.95,2581.0
2012-04-24,2147.1,2997.6,1964.0,2963.0,2572.35,2463.5
2012-04-25,1939.8,2904.0,1974.0,2968.0,2421.9,2471.0
2012-04-26,1971.4,2939.1,1972.0,2987.0,2455.25,2479.5
2012-04-27,1921.1,2928.9,1969.0,2951.0,2425.0,2460.0
2012-04-28,1979.1,2653.5,2003.0,2682.0,2316.3,2342.5
2012-04-29,1901.7,2688.5,1943.0,2774.0,2295.1,2358.5
2012-04-30,2000.4,2943.0,1973.0,2974.0,2471.7,2473.5
2012-05-01,1945.9,2997.4,1960.0,3110.0,2471.65,2535.0
2012-05-02,1933.4,2991.6,2008.0,3023.0,2462.5,2515.5
2012-05-03,1961.8,2980.5,1990.0,3035.0,2471.15,2512.5
2012-05-04,1897.3,2882.8,1979.0,3072.0,2390.05,2525.5
2012-05-05,1867.0,2630.1,1957.0,2693.0,2248.55,2325.0
2012-05-06,1863.3,2616.0,1912.0,2750.0,2239.65,2331.0
2012-05-07,1891.4,2977.7,1921.0,3057.0,2434.55,2489.0
2012-05-08,1918.6,3057.8,1935.0,3043.0,2488.2,2489.0
2012-05-09,1932.9,2937.2,1973.0,3171.0,2435.05,2572.0
2012-05-10,1907.8,2844.2,2017.0,3087.0,2376.0,2552.0
2012-05-11,1939.5,2964.1,1944.0,2989.0,2451.8,2466.5
2012-05-12,1930.4,2706.6,1920.0,2770.0,2318.5,2345.0
2012-05-13,1878.1,2804.8,1900.0,2913.0,2341.45,2406.5
2012-05-14,1906.0,3112.7,1993.0,3214.0,2509.35,2603.5
2012-05-15,1904.6,3140.1,2001.0,3263.0,2522.35,2632.0
2012-05-16,1933.7,3186.5,2075.0,3340.0,2560.1,2707.5
2012-05-17,1941.1,3057.6,2060.0,3140.0,2499.35,2600.0
2012-05-18,1904.6,2971.1,1946.0,3112.0,2437.85,2529.0
2012-05-19,1829.6,2691.8,1916.0,2749.0,2260.7,2332.5
2012-05-20,1796.7,2683.1,1904.0,2875.0,2239.9,2389.5
2012-05-21,1881.8,3029.7,1956.0,3212.0,2455.75,2584.0
2012-05-22,1915.7,3154.4,2006.0,3246.0,2535.05,2626.0
2012-05-23,1988.6,3323.9,2034.0,3440.0,2656.25,2737.0
2012-05-24,1972.5,3271.8,2103.0,3563.0,2622.15,2833.0
2012-05-25,1972.9,3250.2,2122.0,3333.0,2611.55,2727.5
2012-05-26,1978.7,3134.7,2182.0,3381.0,2556.7,2781.5
2012-05-27,1884.4,2813.9,2101.0,2848.0,2349.15,2474.5
2012-05-28,1885.2,2826.9,2143.0,3047.0,2356.05,2595.0
2012-05-29,2009.1,3449.3,2110.0,3568.0,2729.2,2839.0
2012-05-30,2175.6,3683.5,2200.0,3567.0,2929.55,2883.5
2012-05-31,2054.7,3435.8,2236.0,3756.0,2745.25,2996.0
2012-06-01,2028.8,3244.8,2158.0,3280.0,2636.8,2719.0
2012-06-02,1942.6,2750.1,1994.0,2890.0,2346.35,2442.0
2012-06-03,1871.7,2696.4,1989.0,2775.0,2284.05,2382.0
2012-06-04,1885.6,3074.3,1944.0,3068.0,2479.95,2506.0
2012-06-05,1895.6,3113.6,1969.0,3058.0,2504.6,2513.5
2012-06-06,1957.5,3140.3,1972.0,3092.0,2548.9,2532.0
2012-06-07,1993.7,3200.1,1979.0,3217.0,2596.9,2598.0
2012-06-08,1997.6,3268.1,1984.0,3373.0,2632.85,2678.5
2012-06-09,1954.9,2874.4,2018.0,2940.0,2414.65,2479.0
2012-06-10,1894.9,2845.1,1998.0,2934.0,2370.0,2466.0
2012-06-11,1998.2,3378.9,2058.0,3461.0,2688.55,2759.5
2012-06-12,1991.4,3323.4,2085.0,3537.0,2657.4,2811.0
2012-06-13,2019.8,3249.3,2177.0,3394.0,2634.55,2785.5
2012-06-14,1977.8,3281.5,2142.0,3348.0,2629.65,2745.0
2012-06-15,1981.0,3247.9,2048.0,3325.0,2614.45,2686.5
2012-06-16,1868.9,2816.6,2003.0,2818.0,2342.75,2410.5
2012-06-17,1864.6,2677.0,1906.0,2684.0,2270.8,2295.0
2012-06-18,1945.6,3328.7,1971.0,3242.0,2637.1499999999996,2606.5
2012-06-19,1987.2,3562.4,2025.0,3483.0,2774.8,2754.0
2012-06-20,2295.4,4483.1,2263.0,5044.0,3389.25,3653.5
2012-06-21,2774.7,4890.5,3188.0,5268.0,3832.6,4228.0
2012-06-22,2786.6,4640.3,3157.0,5204.0,3713.45,4180.5
2012-06-23,2404.7,3289.9,2780.0,3888.0,2847.3,3334.0
2012-06-24,2076.7,3153.2,2215.0,3424.0,2614.95,2819.5
2012-06-25,2183.5,3522.2,2473.0,3676.0,2852.85,3074.5
2012-06-26,2062.9,3409.0,2224.0,3493.0,2735.95,2858.5
2012-06-27,2046.8,3445.6,2107.0,3510.0,2746.2,2808.5
2012-06-28,2150.5,3867.8,2187.0,3902.0,3009.15,3044.5
2012-06-29,2399.7,4418.4,2424.0,4517.0,3409.0499999999997,3470.5
2012-06-30,2439.8,3885.9,2426.0,3957.0,3162.8500000000004,3191.5
2012-07-01,2600.2,3993.4,2558.0,4078.0,3296.8,3318.0
2012-07-02,2543.6,4145.9,2678.0,4241.0,3344.75,3459.5
2012-07-03,2329.9,4057.1,2519.0,4103.0,3193.5,3311.0
2012-07-04,2307.1,3620.4,2524.0,3914.0,2963.75,3219.0
2012-07-05,2495.5,4184.5,2774.0,4235.0,3340.0,3504.5
2012-07-06,2401.7,4273.6,2533.0,4399.0,3337.65,3466.0
2012-07-07,2454.7,3928.6,2713.0,3823.0,3191.6499999999996,3268.0
2012-07-08,2390.4,3577.4,2444.0,3968.0,2983.9,3206.0
2012-07-09,2399.7,3914.9,2513.0,4098.0,3157.3,3305.5
2012-07-10,2290.3,3910.7,2354.0,4029.0,3100.5,3191.5
2012-07-11,2333.8,3982.6,2440.0,4205.0,3158.2,3322.5
2012-07-12,2369.4,4118.1,2576.0,4546.0,3243.75,3561.0
2012-07-13,2471.8,4347.9,2626.0,4752.0,3409.85,3689.0
2012-07-14,2467.0,3922.2,2719.0,4224.0,3194.6,3471.5
2012-07-15,2449.8,3769.2,2661.0,4351.0,3109.5,3506.0
2012-07-16,2651.0,4694.2,3085.0,4973.0,3672.6,4029.0
2012-07-17,2752.0,4886.4,3016.0,5363.0,3819.2,4189.5
2012-07-18,2806.0,4637.6,3401.0,5157.0,3721.8,4279.0
2012-07-19,2552.1,4163.5,2728.0,4106.0,3357.8,3417.0
2012-07-20,2365.0,3669.6,2545.0,3549.0,3017.3,3047.0
2012-07-21,2113.0,3160.9,2175.0,3158.0,2636.95,2666.5
2012-07-22,2114.8,3348.6,2170.0,3590.0,2731.7,2880.0
2012-07-23,2331.2,4189.8,2480.0,4458.0,3260.5,3469.0
2012-07-24,2572.6,4482.3,2888.0,4819.0,3527.45,3853.5
2012-07-25,2466.0,3863.8,2439.0,3952.0,3164.9,3195.5
2012-07-26,2271.8,4003.2,2464.0,4210.0,3137.5,3337.0
2012-07-27,2594.6,3995.5,2789.0,3772.0,3295.05,3280.5
2012-07-28,2316.6,3267.1,2385.0,3482.0,2791.85,2933.5
2012-07-29,2148.5,3254.9,2361.0,3060.0,2701.7,2710.5
2012-07-30,2272.0,3991.8,2240.0,4053.0,3131.9,3146.5
2012-07-31,2251.8,3766.7,2384.0,3860.0,3009.25,3122.0
2012-08-01,2285.1,4012.9,2446.0,4187.0,3149.0,3316.5
2012-08-02,2377.6,4262.0,2556.0,4651.0,3319.8,3603.5
2012-08-03,2529.6,4514.0,2868.0,4961.0,3521.8,3914.5
2012-08-04,2518.8,3884.6,3021.0,4443.0,3201.7,3732.0
2012-08-05,2467.1,3809.0,2869.0,4507.0,3138.05,3688.0
2012-08-06,2627.4,4348.8,3011.0,4513.0,3488.1000000000004,3762.0
2012-08-07,2432.1,4119.0,2538.0,4198.0,3275.55,3368.0
2012-08-08,2440.0,4325.2,2567.0,4530.0,3382.6,3548.5
2012-08-09,2579.9,4432.8,2764.0,4823.0,3506.3500000000004,3793.5
2012-08-10,2547.8,4134.5,2958.0,4580.0,3341.15,3769.0
2012-08-11,2504.1,3677.8,2705.0,3932.0,3090.95,3318.5
2012-08-12,2437.3,3604.2,2791.0,4024.0,3020.75,3407.5
2012-08-13,2475.0,4281.8,2780.0,4524.0,3378.4,3652.0
2012-08-14,2525.3,4397.4,2650.0,4318.0,3461.35,3484.0
2012-08-15,2512.9,4202.7,2740.0,4458.0,3357.8,3599.0
2012-08-16,2472.5,4124.3,2648.0,4318.0,3298.4,3483.0
2012-08-17,2474.8,4389.1,2531.0,4474.0,3431.9500000000003,3502.5
2012-08-18,2448.2,3391.2,2623.0,3242.0,2919.7,2932.5
2012-08-19,2163.3,3089.8,2156.0,3080.0,2626.55,2618.0
2012-08-20,2220.4,3777.1,2263.0,3743.0,2998.75,3003.0
2012-08-21,2199.5,3808.4,2333.0,3931.0,3003.95,3132.0
2012-08-22,2274.4,3869.4,2342.0,3954.0,3071.9,3148.0
2012-08-23,2295.5,4075.1,2424.0,4228.0,3185.3,3326.0
2012-08-24,2390.3,3980.9,2567.0,4122.0,3185.6000000000004,3344.5
2012-08-25,2290.1,3361.3,2502.0,3558.0,2825.7,3030.0
2012-08-26,2200.0,3259.7,2301.0,3443.0,2729.85,2872.0
2012-08-27,2315.3,4059.2,2377.0,4340.0,3187.25,3358.5
2012-08-28,2522.0,4188.2,2791.0,4470.0,3355.1,3630.5
2012-08-29,2293.7,3711.8,2412.0,3625.0,3002.75,3018.5
2012-08-30,2194.0,3955.3,2200.0,3758.0,3074.65,2979.0
2012-08-31,2359.4,4485.2,2305.0,4144.0,3422.3,3224.5
2012-09-01,2456.8,3284.2,2560.0,3398.0,2870.5,2979.0
2012-09-02,2114.4,3074.0,2196.0,3009.0,2594.2,2602.5
2012-09-03,2046.6,3237.3,2165.0,3256.0,2641.95,2710.5
2012-09-04,2222.0,3709.2,2235.0,3673.0,2965.6,2954.0
2012-09-05,2317.6,3692.4,2591.0,4215.0,3005.0,3403.0
2012-09-06,2350.8,3901.5,2469.0,4030.0,3126.15,3249.5
2012-09-07,2316.0,3781.5,2499.0,4342.0,3048.75,3420.5
2012-09-08,2333.2,3271.5,2637.0,3863.0,2802.35,3250.0
2012-09-09,2236.4,3028.0,2344.0,3127.0,2632.2,2735.5
2012-09-10,2025.4,3302.3,2121.0,3269.0,2663.8500000000004,2695.0
2012-09-11,1995.4,3235.1,1984.0,3269.0,2615.25,2626.5
2012-09-12,2012.1,3421.4,2011.0,3403.0,2716.75,2707.0
2012-09-13,2086.1,3581.0,2119.0,3755.0,2833.55,2937.0
2012-09-14,2127.1,3610.9,2238.0,3883.0,2869.0,3060.5
2012-09-15,2082.9,2961.8,2241.0,2956.0,2522.3500000000004,2598.5
2012-09-16,1954.3,2795.0,1953.0,2919.0,2374.65,2436.0
2012-09-17,1999.7,3293.8,1958.0,3287.0,2646.75,2622.5
2012-09-18,2038.8,3473.7,2059.0,3538.0,2756.25,2798.5
2012-09-19,2176.3,3349.7,2333.0,3324.0,2763.0,2828.5
2012-09-20,1955.2,3176.2,1979.0,3113.0,2565.7,2546.0
2012-09-21,1958.8,3178.7,1945.0,3041.0,2568.75,2493.0
2012-09-22,1988.2,3015.3,1976.0,2908.0,2501.75,2442.0
2012-09-23,1966.6,2913.3,2059.0,2942.0,2439.95,2500.5
2012-09-24,1947.7,3149.1,1928.0,3131.0,2548.4,2529.5
2012-09-25,1977.6,3245.8,1942.0,3183.0,2611.7,2562.5
2012-09-26,1988.0,3335.3,2016.0,3345.0,2661.65,2680.5
2012-09-27,2054.1,3200.7,2112.0,3206.0,2627.3999999999996,2659.0
2012-09-28,1961.6,3084.8,1968.0,3092.0,2523.2,2530.0
2012-09-29,1932.0,2868.4,1983.0,2807.0,2400.2,2395.0
2012-09-30,1886.4,2830.9,1934.0,2918.0,2358.65,2426.0
2012-10-01,1931.5,3115.7,1942.0,3193.0,2523.6,2567.5
2012-10-02,1948.7,3236.9,1984.0,3250.0,2592.8,2617.0
2012-10-03,2014.2,3333.8,2047.0,3308.0,2674.0,2677.5
2012-10-04,2027.9,3235.7,2049.0,3267.0,2631.8,2658.0
2012-10-05,1938.3,3148.4,2056.0,3306.0,2543.35,2681.0
2012-10-06,1962.0,2745.2,2052.0,2986.0,2353.6,2519.0
2012-10-07,1852.8,2756.0,1911.0,2774.0,2304.4,2342.5
2012-10-08,1914.9,3015.6,1930.0,3069.0,2465.25,2499.5
2012-10-09,1940.3,3058.0,1956.0,3195.0,2499.15,2575.5
2012-10-10,1922.9,3025.1,1975.0,3281.0,2474.0,2628.0
2012-10-11,1896.9,3043.6,1982.0,3113.0,2470.25,2547.5
2012-10-12,1902.8,2985.7,1994.0,3074.0,2444.25,2534.0
2012-10-13,1992.4,2738.8,2082.0,2865.0,2365.6000000000004,2473.5
2012-10-14,1950.3,2754.8,1989.0,2972.0,2352.55,2480.5
2012-10-15,1948.9,2986.5,1987.0,3331.0,2467.7,2659.0
2012-10-16,1906.7,3066.1,2031.0,3132.0,2486.4,2581.5
2012-10-17,1979.6,3271.1,1998.0,3148.0,2625.35,2573.0
2012-10-18,1937.2,3047.3,1979.0,3155.0,2492.25,2567.0
2012-10-19,1923.6,3042.7,1975.0,3192.0,2483.1499999999996,2583.5
2012-10-20,1926.9,2681.4,2057.0,2925.0,2304.15,2491.0
2012-10-21,1859.2,2792.4,1890.0,2906.0,2325.8,2398.0
2012-10-22,1898.9,3065.9,1917.0,3190.0,2482.4,2553.5
2012-10-23,1922.1,3072.9,1944.0,3189.0,2497.5,2566.5
2012-10-24,1915.3,3125.1,1952.0,3182.0,2520.2,2567.0
2012-10-25,1911.7,3085.0,1984.0,3161.0,2498.35,2572.5
2012-10-26,1914.1,2987.1,1975.0,3085.0,2450.6,2530.0
2012-10-27,1903.1,2775.0,1945.0,2857.0,2339.05,2401.0
2012-10-28,1869.5,2807.3,1924.0,3012.0,2338.4,2468.0
2012-10-29,1855.9,3070.3,1949.0,3096.0,2463.1000000000004,2522.5
2012-10-30,1609.8,2631.2,1846.0,3179.0,2120.5,2512.5
2012-10-31,1652.3,2737.9,1955.0,3068.0,2195.1,2511.5
2012-11-01,1836.9,2998.7,1970.0,3162.0,2417.8,2566.0
2012-11-02,1947.9,3119.9,1973.0,3122.0,2533.9,2547.5
2012-11-03,1973.0,2856.3,1989.0,2888.0,2414.65,2438.5
2012-11-04,1968.5,4095.2,1990.0,4129.0,3031.85,3059.5
2012-11-05,2100.2,3395.1,2039.0,3419.0,2747.6499999999996,2729.0
2012-11-06,2158.1,3369.1,2193.0,3423.0,2763.6,2808.0
2012-11-07,2125.7,3408.5,2204.0,3613.0,2767.1,2908.5
2012-11-08,2143.9,3464.3,2294.0,3578.0,2804.1000000000004,2936.0
2012-11-09,2186.6,3262.4,2217.0,3297.0,2724.5,2757.0
2012-11-10,2102.5,2982.2,2118.0,2985.0,2542.35,2551.5
2012-11-11,2023.8,2913.7,2059.0,2965.0,2468.75,2512.0
2012-11-12,2002.4,3211.5,1991.0,3325.0,2606.95,2658.0
2012-11-13,1941.2,3277.7,2027.0,3340.0,2609.45,2683.5
2012-11-14,2087.9,3343.2,2081.0,3392.0,2715.55,2736.5
2012-11-15,2135.2,3356.3,2179.0,3444.0,2745.75,2811.5
2012-11-16,2128.9,3254.8,2197.0,3352.0,2691.8500000000004,2774.5
2012-11-17,2075.3,3020.9,2168.0,3064.0,2548.1000000000004,2616.0
2012-11-18,2109.3,3052.1,2169.0,3147.0,2580.7,2658.0
2012-11-19,2098.6,3364.2,2187.0,3440.0,2731.3999999999996,2813.5
2012-11-20,2146.4,3332.8,2216.0,3399.0,2739.6000000000004,2807.5
2012-11-21,2094.7,3351.9,2160.0,3327.0,2723.3,2743.5
2012-11-22,2004.7,2748.5,2075.0,2747.0,2376.6,2411.0
2012-11-23,2044.6,3104.1,2079.0,3049.0,2574.35,2564.0
2012-11-24,2032.4,3040.0,2003.0,3035.0,2536.2,2519.0
2012-11-25,2109.0,3121.7,2167.0,3281.0,2615.35,2724.0
2012-11-26,2179.3,3479.6,2226.0,3514.0,2829.45,2870.0
2012-11-27,2181.5,3443.5,2251.0,3604.0,2812.5,2927.5
2012-11-28,2082.2,3439.3,2255.0,3611.0,2760.75,2933.0
2012-11-29,2182.1,3455.6,2328.0,3475.0,2818.85,2901.5
2012-11-30,2194.5,3487.6,2254.0,3572.0,2841.05,2913.0
2012-12-01,2142.2,3117.9,2288.0,3407.0,2630.05,2847.5
2012-12-02,2056.3,3058.4,2268.0,3273.0,2557.3500000000004,2770.5
2012-12-03,2004.9,3395.6,2092.0,3415.0,2700.25,2753.5
2012-12-04,2141.8,3348.8,2136.0,3497.0,2745.3,2816.5
2012-12-05,2023.4,3415.5,2070.0,3439.0,2719.45,2754.5
2012-12-06,2192.5,3493.3,2231.0,3572.0,2842.9,2901.5
2012-12-07,2244.0,3393.7,2310.0,3493.0,2818.85,2901.5
2012-12-08,2131.5,3289.1,2124.0,3194.0,2710.3,2659.0
2012-12-09,2084.9,3192.2,2094.0,3264.0,2638.55,2679.0
2012-12-10,2091.4,3387.5,2137.0,3557.0,2739.45,2847.0
2012-12-11,2082.7,3500.7,2059.0,3513.0,2791.7,2786.0
2012-12-12,2238.4,3574.7,2242.0,3639.0,2906.55,2940.5
2012-12-13,2255.3,3541.2,2311.0,3591.0,2898.25,2951.0
2012-12-14,2205.4,3445.9,2309.0,3501.0,2825.65,2905.0
2012-12-15,2195.0,3301.7,2243.0,3285.0,2748.35,2764.0
2012-12-16,2223.4,3319.7,2245.0,3473.0,2771.55,2859.0
2012-12-17,2204.6,3601.5,2277.0,3713.0,2903.05,2995.0
2012-12-18,2128.0,3470.7,2239.0,3547.0,2799.35,2893.0
2012-12-19,2143.4,3503.0,2176.0,3591.0,2823.2,2883.5
2012-12-20,2237.6,3561.2,2236.0,3566.0,2899.3999999999996,2901.0
2012-12-21,2169.5,3506.9,2214.0,3443.0,2838.2,2828.5
2012-12-22,2149.4,3238.5,2172.0,3313.0,2693.95,2742.5
2012-12-23,2241.5,3332.0,2323.0,3262.0,2786.75,2792.5
2012-12-24,2226.4,3516.2,2291.0,3317.0,2871.3,2804.0
2012-12-25,2190.3,3198.6,2221.0,3037.0,2694.45,2629.0
2012-12-26,2294.7,3569.7,2328.0,3590.0,2932.2,2959.0
2012-12-27,2231.8,3597.5,2327.0,3565.0,2914.65,2946.0
2012-12-28,2216.7,3495.2,2339.0,3506.0,2855.95,2922.5
2012-12-29,2293.5,3299.3,2325.0,3377.0,2796.4,2851.0
2012-12-30,2253.8,3390.4,2352.0,3458.0,2822.1000000000004,2905.0
2012-12-31,2374.1,3586.2,2515.0,3634.0,2980.1499999999996,3074.5
2013-01-01,2200.0,3398.7,2357.0,3489.0,2799.35,2923.0
2013-01-02,2395.0,3675.5,2502.0,3894.0,3035.25,3198.0
2013-01-03,2422.4,3712.5,2719.0,3951.0,3067.45,3335.0
2013-01-04,2439.6,3565.5,2602.0,3657.0,3002.55,3129.5
2013-01-05,2279.0,3326.8,2372.0,3313.0,2802.9,2842.5
2013-01-06,2248.4,3268.5,2346.0,3325.0,2758.45,2835.5
2013-01-07,2257.9,3613.9,2283.0,3615.0,2935.9,2949.0
2013-01-08,2277.6,3517.9,2370.0,3534.0,2897.75,2952.0
2013-01-09,2262.1,3476.5,2291.0,3552.0,2869.3,2921.5
2013-01-10,2228.4,3517.9,2245.0,3473.0,2873.15,2859.0
2013-01-11,2281.5,3458.6,2289.0,3455.0,2870.05,2872.0
2013-01-12,2128.5,3102.3,2190.0,3149.0,2615.4,2669.5
2013-01-13,2080.1,3072.2,2110.0,3113.0,2576.1499999999996,2611.5
2013-01-14,2076.4,3408.9,2055.0,3331.0,2742.65,2693.0
2013-01-15,2151.0,3495.0,2111.0,3482.0,2823.0,2796.5
2013-01-16,2204.7,3559.6,2238.0,3643.0,2882.1499999999996,2940.5
2013-01-17,2234.2,3535.4,2302.0,3524.0,2884.8,2913.0
2013-01-18,2373.6,3619.1,2348.0,3682.0,2996.35,3015.0
2013-01-19,2335.6,3202.7,2452.0,3171.0,2769.1499999999996,2811.5
2013-01-20,2161.2,3210.6,2189.0,3171.0,2685.8999999999996,2680.0
2013-01-21,2333.5,3591.4,2364.0,3717.0,2962.45,3040.5
2013-01-22,2371.2,3724.5,2455.0,3846.0,3047.85,3150.5
2013-01-23,2518.3,3781.2,2714.0,4057.0,3149.75,3385.5
2013-01-24,2565.8,3834.3,2880.0,4069.0,3200.05,3474.5
2013-01-25,2589.0,3715.8,2888.0,3878.0,3152.4,3383.0
2013-01-26,2450.7,3413.8,2688.0,3622.0,2932.25,3155.0
2013-01-27,2428.8,3410.7,2724.0,3653.0,2919.75,3188.5
2013-01-28,2461.2,3567.5,2640.0,3873.0,3014.35,3256.5
2013-01-29,2280.7,3511.6,2505.0,3692.0,2896.1499999999996,3098.5
2013-01-30,2188.2,3390.2,2365.0,3453.0,2789.2,2909.0
2013-01-31,1928.4,3063.0,2121.0,3402.0,2495.7,2761.5
2013-02-01,2257.9,3495.5,2335.0,3578.0,2876.7,2956.5
2013-02-02,2336.1,3287.2,2504.0,3386.0,2811.6499999999996,2945.0
2013-02-03,2366.8,3313.5,2433.0,3527.0,2840.15,2980.0
2013-02-04,2360.4,3441.6,2474.0,3807.0,2901.0,3140.5
2013-02-05,2448.0,3500.2,2567.0,3758.0,2974.1,3162.5
2013-02-06,2380.7,3510.1,2488.0,3615.0,2945.3999999999996,3051.5
2013-02-07,2454.9,3598.2,2510.0,3648.0,3026.55,3079.0
2013-02-08,2409.7,3504.5,2520.0,3611.0,2957.1,3065.5
2013-02-09,2274.8,3170.1,2595.0,3590.0,2722.45,3092.5
2013-02-10,2419.6,3245.9,2648.0,3450.0,2832.75,3049.0
2013-02-11,2359.3,3347.7,2542.0,3595.0,2853.5,3068.5
2013-02-12,2218.6,3388.9,2350.0,3502.0,2803.75,2926.0
2013-02-13,2469.2,3628.0,2349.0,3451.0,3048.6,2900.0
2013-02-14,2355.9,3499.8,2308.0,3380.0,2927.8500000000004,2844.0
2013-02-15,2205.7,3268.9,2332.0,3249.0,2737.3,2790.5
2013-02-16,2176.4,3143.5,2237.0,3160.0,2659.95,2698.5
2013-02-17,2259.7,3328.8,2350.0,3554.0,2794.25,2952.0
2013-02-18,2403.1,3488.0,2663.0,3605.0,2945.55,3134.0
2013-02-19,2381.4,3445.6,2527.0,3419.0,2913.5,2973.0
2013-02-20,2266.5,3473.6,2257.0,3579.0,2870.05,2918.0
2013-02-21,2239.8,3364.6,2459.0,3586.0,2802.2,3022.5
2013-02-22,2251.5,3275.0,2492.0,3382.0,2763.25,2937.0
2013-02-23,2246.7,3135.8,2318.0,3242.0,2691.25,2780.0
2013-02-24,2197.2,3169.8,2269.0,3414.0,2683.5,2841.5
2013-02-25,2248.0,3395.0,2363.0,3482.0,2821.5,2922.5
2013-02-26,2273.8,3393.8,2308.0,3451.0,2833.8,2879.5
2013-02-27,2231.9,3394.8,2268.0,3568.0,2813.3500000000004,2918.0
2013-02-28,2214.7,3327.7,2294.0,3371.0,2771.2,2832.5
2013-03-01,2218.3,3256.3,2236.0,3350.0,2737.3,2793.0
2013-03-02,2149.4,3023.9,2257.0,3092.0,2586.65,2674.5
2013-03-03,2142.4,3093.9,2220.0,3186.0,2618.15,2703.0
2013-03-04,2199.3,3342.0,2261.0,3512.0,2770.65,2886.5
2013-03-05,2140.8,3301.2,2337.0,3434.0,2721.0,2885.5
2013-03-06,2190.2,3356.5,2255.0,3554.0,2773.35,2904.5
2013-03-07,2187.8,3383.7,2343.0,3641.0,2785.75,2992.0
2013-03-08,2249.6,3282.7,2422.0,3530.0,2766.1499999999996,2976.0
2013-03-09,2162.9,2963.9,2336.0,3098.0,2563.4,2717.0
2013-03-10,0.0,2998.5,0.0,3144.0,1499.25,1572.0
2013-03-11,2115.7,3167.6,2246.0,3254.0,2641.6499999999996,2750.0
2013-03-12,2072.2,3106.0,2150.0,3262.0,2589.1,2706.0
2013-03-13,2050.0,3144.0,2112.0,3168.0,2597.0,2640.0
2013-03-14,2116.0,3261.0,2193.0,3422.0,2688.5,2807.5
2013-03-15,2293.6,3129.6,2458.0,3394.0,2711.6,2926.0
2013-03-16,2168.9,2929.4,2300.0,3021.0,2549.15,2660.5
2013-03-17,2155.7,2994.8,2275.0,3133.0,2575.25,2704.0
2013-03-18,2279.0,3237.8,2398.0,3432.0,2758.4,2915.0
2013-03-19,2222.3,3225.2,2373.0,3503.0,2723.75,2938.0
2013-03-20,2199.2,3199.2,2401.0,3371.0,2699.2,2886.0
2013-03-21,2316.8,3331.6,2365.0,3392.0,2824.2,2878.5
2013-03-22,2271.3,3208.4,2342.0,3261.0,2739.8500000000004,2801.5
2013-03-23,2223.9,2941.6,2321.0,2996.0,2582.75,2658.5
2013-03-24,2172.3,2961.5,2257.0,2995.0,2566.9,2626.0
2013-03-25,2182.6,3268.5,2186.0,3285.0,2725.55,2735.5
2013-03-26,2179.7,3223.2,2217.0,3149.0,2701.45,2683.0
2013-03-27,2186.3,3185.0,2189.0,3147.0,2685.65,2668.0
2013-03-28,2137.3,3161.6,2146.0,3153.0,2649.45,2649.5
2013-03-29,2108.6,3039.3,2156.0,3038.0,2573.95,2597.0
2013-03-30,2040.1,2723.2,2067.0,2779.0,2381.6499999999996,2423.0
2013-03-31,1993.8,2705.9,2066.0,2778.0,2349.85,2422.0
2013-04-01,1952.8,2977.8,2015.0,3118.0,2465.3,2566.5
2013-04-02,2094.6,3139.2,2166.0,3288.0,2616.8999999999996,2727.0
2013-04-03,2145.0,3091.7,2276.0,3199.0,2618.35,2737.5
2013-04-04,2144.8,3037.1,2250.0,3140.0,2590.95,2695.0
2013-04-05,2076.8,2951.9,2129.0,3082.0,2514.3500000000004,2605.5
2013-04-06,2022.8,2737.8,2100.0,2834.0,2380.3,2467.0
2013-04-07,1993.2,2726.5,2136.0,2892.0,2359.85,2514.0
2013-04-08,1960.0,2914.7,2044.0,2996.0,2437.35,2520.0
2013-04-09,1877.7,2901.6,1986.0,3025.0,2389.65,2505.5
2013-04-10,1893.4,2964.9,1967.0,3048.0,2429.15,2507.5
2013-04-11,1938.1,3008.5,1982.0,3041.0,2473.3,2511.5
2013-04-12,2014.8,3054.9,2039.0,3189.0,2534.85,2614.0
2013-04-13,2015.0,2676.3,2141.0,2832.0,2345.65,2486.5
2013-04-14,1960.0,2709.7,2026.0,2780.0,2334.85,2403.0
2013-04-15,2051.8,3067.1,2069.0,2899.0,2559.45,2484.0
2013-04-16,1974.6,2938.0,2037.0,2947.0,2456.3,2492.0
2013-04-17,1909.7,2890.4,1971.0,2925.0,2400.05,2448.0
2013-04-18,1918.8,2888.1,1947.0,2909.0,2403.45,2428.0
2013-04-19,1891.5,2951.6,1967.0,2978.0,2421.55,2472.5
2013-04-20,1823.0,2597.7,1982.0,2641.0,2210.35,2311.5
2013-04-21,1895.3,2690.5,1952.0,2779.0,2292.9,2365.5
2013-04-22,1961.1,2908.8,2000.0,3025.0,2434.95,2512.5
2013-04-23,1985.8,2966.2,2048.0,3195.0,2476.0,2621.5
2013-04-24,1954.0,2902.1,2087.0,3009.0,2428.05,2548.0
2013-04-25,1899.7,2871.4,1961.0,2947.0,2385.55,2454.0
2013-04-26,1895.1,2823.1,1959.0,2897.0,2359.1,2428.0
2013-04-27,1899.2,2559.7,1952.0,2646.0,2229.45,2299.0
2013-04-28,1858.4,2622.1,1906.0,2739.0,2240.25,2322.5
2013-04-29,1867.0,2877.3,1907.0,3015.0,2372.15,2461.0
2013-04-30,1891.9,2925.3,1916.0,2976.0,2408.6000000000004,2446.0
2013-05-01,1886.3,2858.0,1927.0,2975.0,2372.15,2451.0
2013-05-02,1875.1,2910.1,1938.0,3127.0,2392.6,2532.5
2013-05-03,1868.1,2863.7,1945.0,2922.0,2365.8999999999996,2433.5
2013-05-04,1860.4,2572.1,1947.0,2649.0,2216.25,2298.0
2013-05-05,1839.9,2620.2,1934.0,2724.0,2230.05,2329.0
2013-05-06,1864.4,2914.2,1939.0,2984.0,2389.3,2461.5
2013-05-07,1845.9,2948.6,1947.0,3129.0,2397.25,2538.0
2013-05-08,1863.2,3030.3,1980.0,3193.0,2446.75,2586.5
2013-05-09,1880.2,3023.8,1995.0,3146.0,2452.0,2570.5
2013-05-10,1880.7,3069.5,1968.0,3222.0,2475.1,2595.0
2013-05-11,1871.4,2676.0,1974.0,2843.0,2273.7,2408.5
2013-05-12,1838.6,2604.9,1971.0,2689.0,2221.75,2330.0
2013-05-13,1873.1,2944.3,1873.0,2922.0,2408.7,2397.5
2013-05-14,1887.2,2944.7,1928.0,2938.0,2415.95,2433.0
2013-05-15,1891.7,2945.7,1941.0,2995.0,2418.7,2468.0
2013-05-16,1874.2,3055.0,1941.0,3199.0,2464.6,2570.0
2013-05-17,1868.2,2968.8,1945.0,3031.0,2418.5,2488.0
2013-05-18,1840.9,2621.1,1899.0,2690.0,2231.0,2294.5
2013-05-19,1802.5,2596.6,1873.0,2721.0,2199.55,2297.0
2013-05-20,1843.6,3022.7,1923.0,3456.0,2433.1499999999996,2689.5
2013-05-21,1936.9,3071.5,2082.0,3423.0,2504.2,2752.5
2013-05-22,1924.1,3262.2,1941.0,3115.0,2593.1499999999996,2528.0
2013-05-23,2015.9,3365.3,1961.0,3370.0,2690.6000000000004,2665.5
2013-05-24,1987.9,3156.0,2101.0,3321.0,2571.95,2711.0
2013-05-25,1898.3,2680.2,1915.0,2606.0,2289.25,2260.5
2013-05-26,1885.0,2611.0,1915.0,2512.0,2248.0,2213.5
2013-05-27,1846.1,2648.5,1889.0,2716.0,2247.3,2302.5
2013-05-28,1889.2,3097.3,1874.0,3121.0,2493.25,2497.5
2013-05-29,1898.8,3132.8,1984.0,3251.0,2515.8,2617.5
2013-05-30,2050.0,3818.6,2093.0,4103.0,2934.3,3098.0
2013-05-31,2241.9,4133.1,2492.0,4676.0,3187.5,3584.0
2013-06-01,2224.4,3731.6,2617.0,4345.0,2978.0,3481.0
2013-06-02,2111.1,3192.7,2629.0,4219.0,2651.8999999999996,3424.0
2013-06-03,2182.5,3502.0,2632.0,3947.0,2842.25,3289.5
2013-06-04,2002.6,3267.1,2134.0,3297.0,2634.85,2715.5
2013-06-05,1970.4,3214.2,2020.0,3336.0,2592.3,2678.0
2013-06-06,1970.9,3222.0,2040.0,3373.0,2596.45,2706.5
2013-06-07,1954.7,3132.8,2032.0,3141.0,2543.75,2586.5
2013-06-08,1965.8,2798.4,1977.0,2950.0,2382.1,2463.5
2013-06-09,1944.0,2950.8,1949.0,3061.0,2447.4,2505.0
2013-06-10,2019.5,3413.3,2085.0,3296.0,2716.4,2690.5
2013-06-11,2005.4,3296.8,2038.0,3180.0,2651.1000000000004,2609.0
2013-06-12,1953.9,3197.7,2015.0,3208.0,2575.8,2611.5
2013-06-13,1960.3,3210.6,2011.0,3201.0,2585.45,2606.0
2013-06-14,1925.3,3077.7,1979.0,3103.0,2501.5,2541.0
2013-06-15,1951.2,2898.0,1976.0,2897.0,2424.6,2436.5
2013-06-16,1898.9,2878.1,1949.0,2934.0,2388.5,2441.5
2013-06-17,2054.3,3609.6,2140.0,3957.0,2831.95,3048.5
2013-06-18,2152.3,3519.9,2189.0,3577.0,2836.1000000000004,2883.0
2013-06-19,2044.4,3337.9,2067.0,3359.0,2691.15,2713.0
2013-06-20,2035.4,3405.4,2046.0,3503.0,2720.4,2774.5
2013-06-21,2057.3,3561.0,2130.0,3844.0,2809.15,2987.0
2013-06-22,2115.4,3238.8,2261.0,3569.0,2677.1000000000004,2915.0
2013-06-23,2133.3,3486.2,2255.0,4195.0,2809.75,3225.0
2013-06-24,2370.1,4416.2,2809.0,5244.0,3393.1499999999996,4026.5
2013-06-25,2641.5,4640.7,2891.0,5086.0,3641.1,3988.5
2013-06-26,2630.2,4497.1,2968.0,4590.0,3563.65,3779.0
2013-06-27,2403.5,3921.8,2548.0,3668.0,3162.65,3108.0
2013-06-28,2236.5,3792.5,2263.0,4076.0,3014.5,3169.5
2013-06-29,2278.0,3555.3,2552.0,3825.0,2916.65,3188.5
2013-06-30,2242.9,3531.1,2510.0,4004.0,2887.0,3257.0
2013-07-01,2487.1,4169.6,2786.0,4402.0,3328.3500000000004,3594.0
2013-07-02,2527.4,4256.8,2782.0,4311.0,3392.1000000000004,3546.5
2013-07-03,2592.6,4481.4,2344.0,4590.0,3537.0,3467.0
2013-07-04,2519.0,4319.8,2835.0,4532.0,3419.4,3683.5
2013-07-05,2706.4,4747.2,3151.0,5133.0,3726.8,4142.0
2013-07-06,2745.7,4438.0,3138.0,4594.0,3591.85,3866.0
2013-07-07,2637.2,4327.7,2826.0,4566.0,3482.45,3696.0
2013-07-08,2825.4,4797.3,3127.0,4753.0,3811.3500000000004,3940.0
2013-07-09,2647.8,4405.3,2624.0,3790.0,3526.55,3207.0
2013-07-10,2478.5,4350.5,2478.0,4516.0,3414.5,3497.0
2013-07-11,2633.5,4395.4,2901.0,4386.0,3514.45,3643.5
2013-07-12,2554.0,3858.9,2690.0,3722.0,3206.45,3206.0
2013-07-13,2338.6,3426.0,2374.0,3383.0,2882.3,2878.5
2013-07-14,2402.7,3902.9,2544.0,4260.0,3152.8,3402.0
2013-07-15,2703.4,4788.6,3005.0,5090.0,3746.0,4047.5
2013-07-16,2844.4,4820.1,3056.0,5202.0,3832.25,4129.0
2013-07-17,2902.8,4968.0,3079.0,5353.0,3935.4,4216.0
2013-07-18,2964.8,5040.3,3404.0,5213.0,4002.55,4308.5
2013-07-19,3100.0,5071.2,3310.0,5574.0,4085.6,4442.0
2013-07-20,3095.2,4416.6,3525.0,4982.0,3755.9,4253.5
2013-07-21,2583.0,3772.4,2840.0,3814.0,3177.7,3327.0
2013-07-22,2498.9,3967.3,2777.0,4363.0,3233.1000000000004,3570.0
2013-07-23,2545.2,4222.5,2719.0,4285.0,3383.85,3502.0
2013-07-24,2682.2,4385.7,2746.0,4595.0,3533.95,3670.5
2013-07-25,2498.7,3761.1,2376.0,3289.0,3129.8999999999996,2832.5
2013-07-26,2297.4,3647.5,2161.0,3361.0,2972.45,2761.0
2013-07-27,2241.2,3558.9,2178.0,3472.0,2900.05,2825.0
2013-07-28,2356.1,3713.5,2423.0,3501.0,3034.8,2962.0
2013-07-29,2611.4,4249.0,2486.0,4264.0,3430.2,3375.0
2013-07-30,2434.8,4026.2,2502.0,3965.0,3230.5,3233.5
2013-07-31,2401.0,4029.4,2422.0,4000.0,3215.2,3211.0
2013-08-01,2404.3,4023.4,2456.0,4066.0,3213.8500000000004,3261.0
2013-08-02,2415.8,4016.8,2439.0,4015.0,3216.3,3227.0
2013-08-03,2282.6,3361.3,2420.0,3315.0,2821.95,2867.5
2013-08-04,2219.7,3156.5,2212.0,3262.0,2688.1,2737.0
2013-08-05,2195.1,3519.0,2196.0,3435.0,2857.05,2815.5
2013-08-06,2119.9,3603.2,2109.0,3496.0,2861.55,2802.5
2013-08-07,2212.7,3723.3,2194.0,3669.0,2968.0,2931.5
2013-08-08,2269.1,3913.1,2297.0,3997.0,3091.1,3147.0
2013-08-09,2538.0,3993.4,2658.0,3903.0,3265.7,3280.5
2013-08-10,2441.1,3549.7,2535.0,3478.0,2995.3999999999996,3006.5
2013-08-11,2222.8,3255.0,2162.0,3202.0,2738.9,2682.0
2013-08-12,2264.8,3857.2,2290.0,3920.0,3061.0,3105.0
2013-08-13,2384.4,3911.9,2447.0,3672.0,3148.15,3059.5
2013-08-14,2245.9,3617.0,2378.0,3472.0,2931.45,2925.0
2013-08-15,2119.2,3528.0,2121.0,3481.0,2823.6,2801.0
2013-08-16,2155.0,3560.3,2141.0,3510.0,2857.65,2825.5
2013-08-17,2115.4,3092.9,2165.0,3124.0,2604.15,2644.5
2013-08-18,2096.9,3043.7,2192.0,3150.0,2570.3,2671.0
2013-08-19,2181.8,3741.4,2266.0,3908.0,2961.6000000000004,3087.0
2013-08-20,2400.7,4152.1,2425.0,4278.0,3276.4,3351.5
2013-08-21,2515.8,4384.5,2518.0,4565.0,3450.15,3541.5
2013-08-22,2602.4,4405.3,2665.0,4519.0,3503.8500000000004,3592.0
2013-08-23,2508.1,3963.7,2683.0,3892.0,3235.8999999999996,3287.5
2013-08-24,2195.0,3057.5,2168.0,2991.0,2626.25,2579.5
2013-08-25,2046.2,3056.3,2046.0,3162.0,2551.25,2604.0
2013-08-26,2204.1,3874.8,2304.0,3873.0,3039.45,3088.5
2013-08-27,2435.9,4049.7,2552.0,4222.0,3242.8,3387.0
2013-08-28,2395.2,3913.0,2469.0,4231.0,3154.1,3350.0
2013-08-29,2320.2,3684.2,2420.0,3486.0,3002.2,2953.0
2013-08-30,2224.3,3681.6,2168.0,3870.0,2952.95,3019.0
2013-08-31,2324.3,3579.1,2473.0,3575.0,2951.7,3024.0
2013-09-01,2344.3,3605.4,2586.0,3520.0,2974.8500000000004,3053.0
2013-09-02,2353.7,3523.5,2629.0,3834.0,2938.6,3231.5
2013-09-03,2469.4,3983.0,2670.0,4223.0,3226.2,3446.5
2013-09-04,2272.7,3808.8,2308.0,3880.0,3040.75,3094.0
2013-09-05,2163.9,3245.7,2307.0,3404.0,2704.8,2855.5
2013-09-06,1956.5,3049.6,2011.0,3141.0,2503.05,2576.0
2013-09-07,1963.3,2862.1,1961.0,2959.0,2412.7,2460.0
2013-09-08,2021.5,2880.7,2095.0,2940.0,2451.1,2517.5
2013-09-09,1948.3,3113.7,1953.0,3175.0,2531.0,2564.0
2013-09-10,2063.7,3622.9,2019.0,3576.0,2843.3,2797.5
2013-09-11,2441.8,4623.5,2407.0,5082.0,3532.65,3744.5
2013-09-12,2711.8,4254.9,2949.0,4820.0,3483.35,3884.5
2013-09-13,2449.8,3571.9,2569.0,3999.0,3010.8500000000004,3284.0
2013-09-14,1919.8,2638.6,2120.0,2863.0,2279.2,2491.5
2013-09-15,1937.4,2719.6,1940.0,2937.0,2328.5,2438.5
2013-09-16,1983.2,3063.6,1996.0,3155.0,2523.4,2575.5
2013-09-17,1820.6,2912.0,1940.0,3053.0,2366.3,2496.5
2013-09-18,1947.1,3042.3,1941.0,3165.0,2494.7,2553.0
2013-09-19,2067.7,3375.4,1962.0,3321.0,2721.55,2641.5
2013-09-20,2066.2,3338.4,2010.0,3364.0,2702.3,2687.0
2013-09-21,2045.9,2912.9,2035.0,3059.0,2479.4,2547.0
2013-09-22,2052.0,2950.8,2223.0,2982.0,2501.4,2602.5
2013-09-23,1962.1,3120.8,1930.0,3078.0,2541.45,2504.0
2013-09-24,1991.9,3102.3,1927.0,3093.0,2547.1000000000004,2510.0
2013-09-25,1929.1,3097.9,1934.0,3091.0,2513.5,2512.5
2013-09-26,1988.1,3130.2,1952.0,3075.0,2559.1499999999996,2513.5
2013-09-27,1853.3,2792.5,1963.0,3063.0,2322.9,2513.0
2013-09-28,1771.3,2494.8,1928.0,2799.0,2133.05,2363.5
2013-09-29,1911.9,2876.6,1891.0,2870.0,2394.25,2380.5
2013-09-30,1943.9,3148.8,1912.0,3124.0,2546.3500000000004,2518.0
2013-10-01,1909.5,3140.0,1952.0,3240.0,2524.75,2596.0
2013-10-02,2004.1,3455.7,2030.0,3462.0,2729.8999999999996,2746.0
2013-10-03,2017.6,3315.3,2075.0,3335.0,2666.45,2705.0
2013-10-04,2027.9,3239.0,2036.0,3135.0,2633.45,2585.5
2013-10-05,1967.0,2802.8,2010.0,2885.0,2384.9,2447.5
2013-10-06,1916.7,2854.7,1987.0,2944.0,2385.7,2465.5
2013-10-07,2036.3,3317.1,1993.0,3519.0,2676.7,2756.0
2013-10-08,1982.4,3096.6,2017.0,3124.0,2539.5,2570.5
2013-10-09,1921.1,3072.3,1945.0,3100.0,2496.7,2522.5
2013-10-10,1916.1,3122.7,1958.0,3134.0,2519.3999999999996,2546.0
2013-10-11,1928.2,3046.9,1968.0,3097.0,2487.55,2532.5
2013-10-12,1889.0,2726.9,1934.0,2804.0,2307.95,2369.0
2013-10-13,1831.1,2756.4,1902.0,2743.0,2293.75,2322.5
2013-10-14,1861.8,2987.9,1936.0,3066.0,2424.85,2501.0
2013-10-15,1923.4,3083.6,1946.0,3178.0,2503.5,2562.0
2013-10-16,1910.2,3109.2,1981.0,3200.0,2509.7,2590.5
2013-10-17,1931.0,3161.4,1971.0,3256.0,2546.2,2613.5
2013-10-18,1858.5,2907.8,2048.0,3102.0,2383.15,2575.0
2013-10-19,1905.7,2741.0,1914.0,2829.0,2323.35,2371.5
2013-10-20,1855.3,2742.3,1915.0,2856.0,2298.8,2385.5
2013-10-21,1924.7,3082.8,1928.0,3178.0,2503.75,2553.0
2013-10-22,1916.0,3083.0,1947.0,3194.0,2499.5,2570.5
2013-10-23,1992.9,3147.0,1955.0,3178.0,2569.95,2566.5
2013-10-24,1980.7,3116.4,1987.0,3150.0,2548.55,2568.5
2013-10-25,2063.4,3076.2,2023.0,3098.0,2569.8,2560.5
2013-10-26,2005.9,2836.3,2064.0,2879.0,2421.1000000000004,2471.5
2013-10-27,1905.1,2834.5,1969.0,2945.0,2369.8,2457.0
2013-10-28,2002.5,3142.0,2009.0,3227.0,2572.25,2618.0
2013-10-29,2069.7,3196.1,2073.0,3261.0,2632.8999999999996,2667.0
2013-10-30,2045.5,3198.5,2109.0,3268.0,2622.0,2688.5
2013-10-31,2000.7,3177.5,2109.0,3250.0,2589.1,2679.5
2013-11-01,1992.0,3089.6,2036.0,3176.0,2540.8,2606.0
2013-11-02,1893.9,2752.2,1934.0,2843.0,2323.05,2388.5
2013-11-03,1902.9,3998.5,1898.0,3954.0,2950.7,2926.0
2013-11-04,2139.2,3337.0,2122.0,3419.0,2738.1,2770.5
2013-11-05,2153.0,3348.8,2225.0,3346.0,2750.9,2785.5
2013-11-06,2099.7,3313.6,2087.0,3275.0,2706.6499999999996,2681.0
2013-11-07,2017.3,3293.9,2000.0,3268.0,2655.6,2634.0
2013-11-08,2042.8,3202.8,2052.0,3296.0,2622.8,2674.0
2013-11-09,2117.8,2986.6,2126.0,3045.0,2552.2,2585.5
2013-11-10,2032.7,2966.3,2050.0,3003.0,2499.5,2526.5
2013-11-11,2043.3,3234.3,2073.0,3327.0,2638.8,2700.0
2013-11-12,2078.0,3431.6,2053.0,3571.0,2754.8,2812.0
2013-11-13,2228.4,3513.6,2317.0,3557.0,2871.0,2937.0
2013-11-14,2269.5,3421.6,2317.0,3382.0,2845.55,2849.5
2013-11-15,2142.4,3219.2,2188.0,3270.0,2680.8,2729.0
2013-11-16,2049.1,2885.7,2064.0,2978.0,2467.3999999999996,2521.0
2013-11-17,1973.8,2933.4,2070.0,3083.0,2453.6,2576.5
2013-11-18,1985.7,3311.2,2015.0,3293.0,2648.45,2654.0
2013-11-19,2024.3,3370.0,2015.0,3433.0,2697.15,2724.0
2013-11-20,2167.6,3491.5,2253.0,3493.0,2829.55,2873.0
2013-11-21,2236.1,3392.7,2305.0,3443.0,2814.3999999999996,2874.0
2013-11-22,2113.2,3282.5,2151.0,3362.0,2697.85,2756.5
2013-11-23,2017.5,3038.3,2076.0,3123.0,2527.9,2599.5
2013-11-24,2112.0,3281.9,2281.0,3538.0,2696.95,2909.5
2013-11-25,2301.8,3592.8,2523.0,3735.0,2947.3,3129.0
2013-11-26,2262.0,3476.5,2363.0,3543.0,2869.25,2953.0
2013-11-27,2094.1,3306.8,2188.0,3305.0,2700.45,2746.5
2013-11-28,2053.6,2902.2,2122.0,2943.0,2477.8999999999996,2532.5
2013-11-29,2214.0,3320.2,2334.0,3368.0,2767.1,2851.0
2013-11-30,2295.9,3215.4,2438.0,3256.0,2755.65,2847.0
2013-12-01,2218.6,3198.4,2256.0,3288.0,2708.5,2772.0
2013-12-02,2184.5,3469.5,2206.0,3562.0,2827.0,2884.0
2013-12-03,2130.5,3441.2,2218.0,3476.0,2785.85,2847.0
2013-12-04,2189.7,3420.7,2247.0,3523.0,2805.2,2885.0
2013-12-05,2147.4,3373.4,2242.0,3475.0,2760.4,2858.5
2013-12-06,2089.9,3364.8,2099.0,3384.0,2727.3500000000004,2741.5
2013-12-07,2120.5,3196.6,2208.0,3262.0,2658.55,2735.0
2013-12-08,2242.6,3232.2,2327.0,3480.0,2737.3999999999996,2903.5
2013-12-09,2281.5,3537.8,2372.0,3704.0,2909.65,3038.0
2013-12-10,2232.6,3564.1,2318.0,3779.0,2898.35,3048.5
2013-12-11,2382.2,3725.5,2493.0,3816.0,3053.85,3154.5
2013-12-12,2437.9,3785.1,2519.0,3877.0,3111.5,3198.0
2013-12-13,2501.9,3721.7,2627.0,3821.0,3111.8,3224.0
2013-12-14,2537.0,3547.1,2665.0,3825.0,3042.05,3245.0
2013-12-15,2374.4,3492.8,2539.0,3690.0,2933.6000000000004,3114.5
2013-12-16,2474.8,3876.4,2514.0,3926.0,3175.6000000000004,3220.0
2013-12-17,2555.0,3888.7,2686.0,4130.0,3221.85,3408.0
2013-12-18,2471.6,3780.2,2706.0,3824.0,3125.8999999999996,3265.0
2013-12-19,2445.2,3671.4,2537.0,3673.0,3058.3,3105.0
2013-12-20,2286.1,3444.9,2368.0,3480.0,2865.5,2924.0
2013-12-21,2149.2,3114.1,2201.0,3143.0,2631.6499999999996,2672.0
2013-12-22,2054.3,3097.3,2083.0,3245.0,2575.8,2664.0
2013-12-23,2065.5,3421.8,2245.0,3618.0,2743.65,2931.5
2013-12-24,2163.9,3419.1,2275.0,3442.0,2791.5,2858.5
2013-12-25,2279.8,3231.4,2434.0,3235.0,2755.6000000000004,2834.5
2013-12-26,2357.1,3471.8,2498.0,3653.0,2914.45,3075.5
2013-12-27,2338.0,3467.3,2469.0,3579.0,2902.65,3024.0
2013-12-28,2173.0,3081.3,2389.0,3180.0,2627.15,2784.5
2013-12-29,2106.1,3147.2,2268.0,3255.0,2626.6499999999996,2761.5
2013-12-30,2168.2,3439.1,2263.0,3581.0,2803.6499999999996,2922.0
2013-12-31,2448.3,3685.4,2535.0,3723.0,3066.8500000000004,3129.0
2014-01-01,2493.1,3649.9,2574.0,3549.0,3071.5,3061.5
2014-01-02,2499.2,3852.0,2554.0,4109.0,3175.6,3331.5
2014-01-03,2627.6,3905.0,2942.0,4138.0,3266.3,3540.0
2014-01-04,2682.0,3506.9,2976.0,3712.0,3094.45,3344.0
2014-01-05,2289.1,3163.3,2622.0,3518.0,2726.2,3070.0
2014-01-06,2187.6,3442.0,2342.0,3545.0,2814.8,2943.5
2014-01-07,2444.2,3841.8,2471.0,4101.0,3143.0,3286.0
2014-01-08,2637.5,3888.5,2928.0,4036.0,3263.0,3482.0
2014-01-09,2593.3,3784.7,2764.0,3851.0,3189.0,3307.5
2014-01-10,2506.7,3591.7,2708.0,3694.0,3049.2,3201.0
2014-01-11,2275.3,3140.3,2360.0,3230.0,2707.8,2795.0
2014-01-12,2098.3,3101.4,2120.0,3268.0,2599.8500000000004,2694.0
2014-01-13,2199.3,3389.7,2291.0,3474.0,2794.5,2882.5
2014-01-14,2162.1,3430.3,2159.0,3452.0,2796.2,2805.5
2014-01-15,2189.3,3380.3,2198.0,3436.0,2784.8,2817.0
2014-01-16,2197.4,3444.0,2236.0,3517.0,2820.7,2876.5
2014-01-17,2223.0,3383.7,2231.0,3360.0,2803.35,2795.5
2014-01-18,2220.1,3187.9,2238.0,3305.0,2704.0,2771.5
2014-01-19,2245.7,3267.3,2282.0,3277.0,2756.5,2779.5
2014-01-20,2298.0,3483.4,2369.0,3553.0,2890.7,2961.0
2014-01-21,2544.7,3906.8,2488.0,4039.0,3225.75,3263.5
2014-01-22,2712.1,4006.3,2850.0,4087.0,3359.2,3468.5
2014-01-23,2854.1,3784.1,2922.0,3997.0,3319.1,3459.5
2014-01-24,2743.9,3931.3,2888.0,3972.0,3337.6000000000004,3430.0
2014-01-25,2593.5,3398.0,2801.0,3478.0,2995.75,3139.5
2014-01-26,2477.7,3540.5,2576.0,3729.0,3009.1,3152.5
2014-01-27,2446.8,3672.7,2615.0,3776.0,3059.75,3195.5
2014-01-28,2415.1,3403.0,2666.0,3964.0,2909.05,3315.0
2014-01-29,2667.5,3956.1,2723.0,3854.0,3311.8,3288.5
2014-01-30,2742.1,3855.0,2732.0,3775.0,3298.55,3253.5
2014-01-31,2477.5,3552.0,2607.0,3513.0,3014.75,3060.0
2014-02-01,2371.1,3245.4,2351.0,3182.0,2808.25,2766.5
2014-02-02,2187.9,3120.7,2264.0,3223.0,2654.3,2743.5
2014-02-03,2300.6,3550.3,2212.0,3678.0,2925.45,2945.0
2014-02-04,2355.5,3496.2,2489.0,3584.0,2925.85,3036.5
2014-02-05,2398.1,3635.6,2433.0,3744.0,3016.85,3088.5
2014-02-06,2447.6,3654.3,2532.0,3694.0,3050.95,3113.0
2014-02-07,2552.2,3587.3,2621.0,3601.0,3069.75,3111.0
2014-02-08,2478.3,3327.6,2567.0,3413.0,2902.95,2990.0
2014-02-09,2434.1,3392.1,2490.0,3500.0,2913.1,2995.0
2014-02-10,2464.3,3683.8,2505.0,3761.0,3074.05,3133.0
2014-02-11,2645.6,3803.2,2667.0,3811.0,3224.3999999999996,3239.0
2014-02-12,2643.9,3746.0,2762.0,3793.0,3194.95,3277.5
2014-02-13,2512.6,3594.2,2622.0,3808.0,3053.3999999999996,3215.0
2014-02-14,2332.7,3370.0,2467.0,3513.0,2851.35,2990.0
2014-02-15,2325.7,3202.7,2433.0,3410.0,2764.2,2921.5
2014-02-16,2351.3,3389.7,2491.0,3340.0,2870.5,2915.5
2014-02-17,2542.8,3592.4,2594.0,3637.0,3067.6000000000004,3115.5
2014-02-18,2487.7,3561.8,2680.0,3738.0,3024.75,3209.0
2014-02-19,2371.9,3470.0,2570.0,3563.0,2920.95,3066.5
2014-02-20,2284.2,3361.6,2431.0,3363.0,2822.8999999999996,2897.0
2014-02-21,2206.4,3262.0,2314.0,3404.0,2734.2,2859.0
2014-02-22,2179.8,3009.9,2301.0,3036.0,2594.8500000000004,2668.5
2014-02-23,2146.9,3071.4,2208.0,3148.0,2609.15,2678.0
2014-02-24,2248.5,3533.4,2199.0,3616.0,2890.95,2907.5
2014-02-25,2459.6,3588.0,2500.0,3709.0,3023.8,3104.5
2014-02-26,2480.3,3674.0,2596.0,3751.0,3077.15,3173.5
2014-02-27,2638.9,3744.9,2696.0,3739.0,3191.9,3217.5
2014-02-28,2643.2,3683.1,2751.0,3665.0,3163.1499999999996,3208.0
2014-03-01,2537.7,3243.0,2709.0,3334.0,2890.35,3021.5
2014-03-02,2279.5,3202.7,2391.0,3346.0,2741.1,2868.5
2014-03-03,2397.2,3684.1,2431.0,3824.0,3040.6499999999996,3127.5
2014-03-04,2531.8,3590.6,2726.0,3715.0,3061.2,3220.5
2014-03-05,2442.1,3559.5,2521.0,3753.0,3000.8,3137.0
2014-03-06,2412.7,3381.2,2689.0,3670.0,2896.95,3179.5
2014-03-07,2494.3,3353.8,2651.0,3478.0,2924.05,3064.5
2014-03-08,2317.1,3048.4,2391.0,3021.0,2682.75,2706.0
2014-03-09,0.0,3066.9,0.0,3165.0,1533.45,1582.5
2014-03-10,2228.6,3322.1,2313.0,3343.0,2775.35,2828.0
2014-03-11,2176.2,3154.0,2241.0,3171.0,2665.1,2706.0
2014-03-12,2143.7,3244.7,2150.0,3262.0,2694.2,2706.0
2014-03-13,2235.8,3490.7,2254.0,3668.0,2863.25,2961.0
2014-03-14,2463.1,3323.7,2654.0,3535.0,2893.3999999999996,3094.5
2014-03-15,2207.6,2867.5,2306.0,2914.0,2537.55,2610.0
2014-03-16,2134.7,3032.9,2244.0,3219.0,2583.8,2731.5
2014-03-17,2354.3,3463.3,2452.0,3527.0,2908.8,2989.5
2014-03-18,2457.5,3402.3,2511.0,3438.0,2929.9,2974.5
2014-03-19,2340.2,3291.3,2423.0,3334.0,2815.75,2878.5
2014-03-20,2160.0,3124.4,2272.0,3189.0,2642.2,2730.5
2014-03-21,2185.3,3081.8,2223.0,3173.0,2633.55,2698.0
2014-03-22,2154.6,2811.2,2286.0,2951.0,2482.8999999999996,2618.5
2014-03-23,2143.1,3003.0,2183.0,3133.0,2573.05,2658.0
2014-03-24,2370.1,3405.7,2431.0,3440.0,2887.8999999999996,2935.5
2014-03-25,2412.9,3312.1,2466.0,3373.0,2862.5,2919.5
2014-03-26,2299.5,3337.0,2342.0,3524.0,2818.25,2933.0
2014-03-27,2275.1,3234.0,2555.0,3433.0,2754.55,2994.0
2014-03-28,2159.0,3048.6,2278.0,3165.0,2603.8,2721.5
2014-03-29,2023.7,2735.3,2071.0,2921.0,2379.5,2496.0
2014-03-30,2010.6,2904.8,2142.0,3149.0,2457.7,2645.5
2014-03-31,2118.0,3177.9,2272.0,3355.0,2647.95,2813.5
2014-04-01,2174.4,3178.7,2283.0,3145.0,2676.55,2714.0
2014-04-02,2153.9,3150.1,2186.0,3091.0,2652.0,2638.5
2014-04-03,2056.1,3046.1,2178.0,3069.0,2551.1,2623.5
2014-04-04,2100.1,3042.0,2145.0,3077.0,2571.05,2611.0
2014-04-05,2067.2,2807.6,2128.0,2851.0,2437.3999999999996,2489.5
2014-04-06,2040.1,2776.7,2139.0,2847.0,2408.3999999999996,2493.0
2014-04-07,2056.4,3057.1,2050.0,3096.0,2556.75,2573.0
2014-04-08,2023.1,2999.6,2045.0,3087.0,2511.35,2566.0
2014-04-09,2002.0,3023.3,2019.0,2989.0,2512.65,2504.0
2014-04-10,2049.3,2987.1,2077.0,2964.0,2518.2,2520.5
2014-04-11,1986.4,2938.5,2005.0,2990.0,2462.45,2497.5
2014-04-12,1947.0,2639.1,1939.0,2668.0,2293.05,2303.5
2014-04-13,1931.7,2727.2,1903.0,2790.0,2329.45,2346.5
2014-04-14,1942.0,3034.4,1936.0,3111.0,2488.2,2523.5
2014-04-15,1977.7,3049.1,1977.0,3099.0,2513.4,2538.0
2014-04-16,2016.2,3015.6,1989.0,3071.0,2515.9,2530.0
2014-04-17,2129.1,3052.2,2157.0,3067.0,2590.6499999999996,2612.0
2014-04-18,2108.7,2971.6,2187.0,3103.0,2540.1499999999996,2645.0
2014-04-19,2020.5,2634.9,2090.0,2684.0,2327.7,2387.0
2014-04-20,1958.9,2688.9,1976.0,2622.0,2323.9,2299.0
2014-04-21,1967.4,2872.3,1996.0,2822.0,2419.8500000000004,2409.0
2014-04-22,1936.6,2985.4,1929.0,2990.0,2461.0,2459.5
2014-04-23,1936.4,2961.1,1925.0,2989.0,2448.75,2457.0
2014-04-24,1956.6,2929.9,2001.0,2907.0,2443.25,2454.0
2014-04-25,1998.9,2926.3,1985.0,2868.0,2462.6000000000004,2426.5
2014-04-26,2012.2,2691.6,1921.0,2711.0,2351.9,2316.0
2014-04-27,1945.9,2694.5,1962.0,2803.0,2320.2,2382.5
2014-04-28,1940.2,2942.9,2018.0,2952.0,2441.55,2485.0
2014-04-29,1943.6,2989.9,1996.0,3082.0,2466.75,2539.0
2014-04-30,2014.1,3148.2,2075.0,3094.0,2581.1499999999996,2584.5
2014-05-01,1971.1,3041.9,2062.0,3039.0,2506.5,2550.5
2014-05-02,1911.0,2939.5,1964.0,2934.0,2425.25,2449.0
2014-05-03,1885.1,2619.1,1915.0,2628.0,2252.1,2271.5
2014-05-04,1876.4,2673.4,1875.0,2700.0,2274.9,2287.5
2014-05-05,1906.2,2926.6,1909.0,2935.0,2416.4,2422.0
2014-05-06,1925.8,2921.3,1923.0,2924.0,2423.55,2423.5
2014-05-07,1928.3,2961.8,1936.0,2935.0,2445.05,2435.5
2014-05-08,1930.8,2997.6,1912.0,2947.0,2464.2,2429.5
2014-05-09,1911.6,2958.8,1936.0,2960.0,2435.2,2448.0
2014-05-10,1898.5,2739.5,1961.0,2832.0,2319.0,2396.5
2014-05-11,1892.4,2743.7,1941.0,2810.0,2318.05,2375.5
2014-05-12,1927.4,3299.3,1934.0,3430.0,2613.3500000000004,2682.0
2014-05-13,1946.5,3005.9,1966.0,2915.0,2476.2,2440.5
2014-05-14,1927.3,3023.4,1917.0,2950.0,2475.35,2433.5
2014-05-15,1953.7,3166.8,1965.0,3340.0,2560.25,2652.5
2014-05-16,1984.2,3109.9,2059.0,3293.0,2547.05,2676.0
2014-05-17,1924.5,2653.8,2079.0,2827.0,2289.15,2453.0
2014-05-18,1862.2,2681.5,1876.0,2716.0,2271.85,2296.0
2014-05-19,1897.9,2951.9,1890.0,3014.0,2424.9,2452.0
2014-05-20,1900.9,2952.2,1902.0,3058.0,2426.55,2480.0
2014-05-21,1880.8,2975.6,1921.0,3103.0,2428.2,2512.0
2014-05-22,1876.3,2982.2,1941.0,3055.0,2429.25,2498.0
2014-05-23,1923.5,2984.8,1942.0,2983.0,2454.15,2462.5
2014-05-24,1871.8,2566.8,1895.0,2570.0,2219.3,2232.5
2014-05-25,1849.7,2622.0,1866.0,2545.0,2235.85,2205.5
2014-05-26,1906.5,2909.0,1880.0,2934.0,2407.75,2407.0
2014-05-27,1972.3,3214.8,2026.0,3173.0,2593.55,2599.5
2014-05-28,1895.5,2931.1,1905.0,2979.0,2413.3,2442.0
2014-05-29,1905.2,2931.3,1958.0,2932.0,2418.25,2445.0
2014-05-30,1883.8,2937.6,1914.0,3047.0,2410.7,2480.5
2014-05-31,1857.1,2553.3,1898.0,2592.0,2205.2,2245.0
2014-06-01,1870.1,2713.5,1847.0,2707.0,2291.8,2277.0
2014-06-02,1951.6,3322.2,1905.0,3419.0,2636.8999999999996,2662.0
2014-06-03,2040.4,3410.2,2041.0,3467.0,2725.3,2754.0
2014-06-04,1973.0,3200.6,2026.0,3112.0,2586.8,2569.0
2014-06-05,1957.0,3115.7,1993.0,3165.0,2536.35,2579.0
2014-06-06,1986.9,3167.1,1966.0,3182.0,2577.0,2574.0
2014-06-07,1970.5,2957.4,1965.0,3069.0,2463.95,2517.0
2014-06-08,2019.2,3040.9,2037.0,3263.0,2530.05,2650.0
2014-06-09,2127.0,3629.4,2237.0,3648.0,2878.2,2942.5
2014-06-10,2147.4,3484.8,2201.0,3790.0,2816.1000000000004,2995.5
2014-06-11,2011.0,3178.6,2069.0,3273.0,2594.8,2671.0
2014-06-12,1944.8,3157.8,2024.0,3245.0,2551.3,2634.5
2014-06-13,2051.4,3262.2,2052.0,3206.0,2656.8,2629.0
2014-06-14,2037.7,2989.6,2014.0,2871.0,2513.65,2442.5
2014-06-15,1980.9,2908.8,1925.0,2914.0,2444.8500000000004,2419.5
2014-06-16,2027.7,3535.0,2030.0,3497.0,2781.35,2763.5
2014-06-17,2093.2,3817.9,2168.0,4220.0,2955.55,3194.0
2014-06-18,2316.4,4254.2,2581.0,4275.0,3285.3,3428.0
2014-06-19,2426.1,3924.5,2533.0,3980.0,3175.3,3256.5
2014-06-20,2095.8,3408.5,2167.0,3397.0,2752.15,2782.0
2014-06-21,1989.0,2845.1,1993.0,2851.0,2417.05,2422.0
2014-06-22,1966.7,2866.9,1946.0,2867.0,2416.8,2406.5
2014-06-23,2060.4,3465.1,2041.0,3602.0,2762.75,2821.5
2014-06-24,2124.9,3635.3,2111.0,3882.0,2880.1000000000004,2996.5
2014-06-25,2252.2,4042.3,2264.0,4574.0,3147.25,3419.0
2014-06-26,2439.7,3928.1,2588.0,4099.0,3183.8999999999996,3343.5
2014-06-27,2182.9,3548.7,2152.0,3479.0,2865.8,2815.5
2014-06-28,2070.3,3230.9,2063.0,3277.0,2650.6000000000004,2670.0
2014-06-29,2082.2,3330.8,2095.0,3490.0,2706.5,2792.5
2014-06-30,2228.2,4051.6,2315.0,4481.0,3139.8999999999996,3398.0
2014-07-01,2476.7,4503.5,2627.0,4771.0,3490.1,3699.0
2014-07-02,2668.2,4811.0,2844.0,5115.0,3739.6,3979.5
2014-07-03,2752.5,4720.6,2994.0,4945.0,3736.55,3969.5
2014-07-04,2677.9,3586.3,2568.0,3412.0,3132.1000000000004,2990.0
2014-07-05,2210.8,3139.0,2098.0,2897.0,2674.9,2497.5
2014-07-06,2110.4,3339.9,2074.0,3363.0,2725.15,2718.5
2014-07-07,2453.8,4353.1,2467.0,4569.0,3403.4500000000003,3518.0
2014-07-08,2679.7,4739.0,2764.0,4907.0,3709.35,3835.5
2014-07-09,2846.0,4622.8,2938.0,4723.0,3734.4,3830.5
2014-07-10,2656.8,4254.2,2746.0,4075.0,3455.5,3410.5
2014-07-11,2436.2,3885.0,2488.0,3751.0,3160.6,3119.5
2014-07-12,2228.8,3500.3,2238.0,3609.0,2864.55,2923.5
2014-07-13,2217.6,3602.7,2369.0,3828.0,2910.1499999999996,3098.5
2014-07-14,2571.9,4413.8,2750.0,4638.0,3492.8500000000004,3694.0
2014-07-15,2760.0,4429.2,2870.0,4800.0,3594.6,3835.0
2014-07-16,2696.1,4032.7,2904.0,4089.0,3364.3999999999996,3496.5
2014-07-17,2388.2,4024.9,2470.0,3922.0,3206.55,3196.0
2014-07-18,2333.3,3890.0,2343.0,3729.0,3111.65,3036.0
2014-07-19,2265.0,3263.9,2275.0,3163.0,2764.45,2719.0
2014-07-20,2164.4,3114.6,2160.0,3071.0,2639.5,2615.5
2014-07-21,2191.0,3753.6,2232.0,3757.0,2972.3,2994.5
2014-07-22,2391.3,4416.2,2327.0,4547.0,3403.75,3437.0
2014-07-23,2653.7,4735.6,2805.0,5059.0,3694.65,3932.0
2014-07-24,2760.3,3841.1,2827.0,3921.0,3300.7,3374.0
2014-07-25,2366.9,3857.2,2293.0,3813.0,3112.05,3053.0
2014-07-26,2320.2,3478.1,2292.0,3422.0,2899.1499999999996,2857.0
2014-07-27,2360.5,3594.3,2367.0,3414.0,2977.4,2890.5
2014-07-28,2536.6,4137.1,2526.0,4359.0,3336.8500000000004,3442.5
2014-07-29,2340.5,3786.5,2411.0,3745.0,3063.5,3078.0
2014-07-30,2286.5,3696.2,2250.0,3664.0,2991.35,2957.0
2014-07-31,2264.4,3766.3,2219.0,3805.0,3015.3500000000004,3012.0
2014-08-01,2300.0,3912.9,2365.0,4079.0,3106.45,3222.0
2014-08-02,2338.0,3145.9,2470.0,3184.0,2741.95,2827.0
2014-08-03,2149.4,3107.6,2119.0,3017.0,2628.5,2568.0
2014-08-04,2296.5,3895.8,2253.0,4076.0,3096.15,3164.5
2014-08-05,2371.9,4167.3,2541.0,4427.0,3269.6000000000004,3484.0
2014-08-06,2481.2,3950.1,2624.0,4046.0,3215.6499999999996,3335.0
2014-08-07,2286.3,3704.5,2314.0,3677.0,2995.4,2995.5
2014-08-08,2212.9,3677.8,2142.0,3703.0,2945.3500000000004,2922.5
2014-08-09,2209.3,3354.7,2196.0,3306.0,2782.0,2751.0
2014-08-10,2225.2,3362.8,2222.0,3353.0,2794.0,2787.5
2014-08-11,2370.0,4046.6,2352.0,4137.0,3208.3,3244.5
2014-08-12,2395.2,3877.5,2400.0,3932.0,3136.35,3166.0
2014-08-13,2424.2,3669.7,2467.0,3496.0,3046.95,2981.5
2014-08-14,2228.2,3554.8,2196.0,3400.0,2891.5,2798.0
2014-08-15,2116.5,3412.3,2114.0,3293.0,2764.4,2703.5
2014-08-16,2055.8,3049.0,2038.0,2871.0,2552.4,2454.5
2014-08-17,2115.1,3077.8,2127.0,3043.0,2596.45,2585.0
2014-08-18,2189.5,3580.3,2109.0,3442.0,2884.9,2775.5
2014-08-19,2106.1,3470.5,2058.0,3454.0,2788.3,2756.0
2014-08-20,2133.4,3468.1,2120.0,3567.0,2800.75,2843.5
2014-08-21,2132.1,3469.2,2127.0,3510.0,2800.6499999999996,2818.5
2014-08-22,2153.9,3373.2,2227.0,3410.0,2763.55,2818.5
2014-08-23,2061.8,2904.7,2109.0,2936.0,2483.25,2522.5
2014-08-24,2019.2,2947.5,2009.0,3080.0,2483.35,2544.5
2014-08-25,2151.5,3643.4,2196.0,4082.0,2897.45,3139.0
2014-08-26,2289.6,4015.8,2387.0,4365.0,3152.7,3376.0
2014-08-27,2405.9,4361.0,2469.0,4729.0,3383.45,3599.0
2014-08-28,2437.4,3790.7,2584.0,3857.0,3114.05,3220.5
2014-08-29,2180.8,3470.1,2138.0,3345.0,2825.45,2741.5
2014-08-30,2061.0,3017.8,2037.0,2964.0,2539.4,2500.5
2014-08-31,2171.8,3508.4,2212.0,3662.0,2840.1000000000004,2937.0
2014-09-01,2414.2,3690.2,2596.0,4238.0,3052.2,3417.0
2014-09-02,2587.2,4462.4,2763.0,4968.0,3524.7999999999997,3865.5
2014-09-03,2595.0,4182.8,2918.0,4181.0,3388.9,3549.5
2014-09-04,2338.1,3946.3,2400.0,4150.0,3142.2,3275.0
2014-09-05,2373.4,4182.1,2491.0,4696.0,3277.75,3593.5
2014-09-06,2451.0,3735.4,2872.0,4537.0,3093.2,3704.5
2014-09-07,2187.2,2998.9,2413.0,3188.0,2593.05,2800.5
2014-09-08,2061.0,3326.4,2139.0,3425.0,2693.7,2782.0
2014-09-09,2032.3,3340.3,2082.0,3243.0,2686.3,2662.5
2014-09-10,2041.8,3346.6,2093.0,3325.0,2694.2,2709.0
2014-09-11,2136.7,3813.4,2146.0,3599.0,2975.05,2872.5
2014-09-12,2067.7,3235.4,2151.0,3207.0,2651.55,2679.0
2014-09-13,1982.9,2774.7,1947.0,2776.0,2378.8,2361.5
2014-09-14,1938.3,2798.6,1904.0,2791.0,2368.45,2347.5
2014-09-15,1948.3,3137.0,1876.0,3013.0,2542.65,2444.5
2014-09-16,1962.2,3142.0,1911.0,3067.0,2552.1,2489.0
2014-09-17,1944.2,3114.8,1918.0,3073.0,2529.5,2495.5
2014-09-18,1946.3,3142.6,1911.0,3133.0,2544.45,2522.0
2014-09-19,1899.3,2933.0,1899.0,2851.0,2416.15,2375.0
2014-09-20,1895.5,2750.1,1889.0,2764.0,2322.8,2326.5
2014-09-21,1992.9,3056.8,1943.0,3212.0,2524.8500000000004,2577.5
2014-09-22,2069.7,3241.9,2217.0,3236.0,2655.8,2726.5
2014-09-23,1913.7,3044.4,1902.0,3088.0,2479.05,2495.0
2014-09-24,1863.1,2921.4,1929.0,3061.0,2392.25,2495.0
2014-09-25,1923.2,3035.2,1927.0,3045.0,2479.2,2486.0
2014-09-26,1912.2,3052.9,1934.0,3114.0,2482.55,2524.0
2014-09-27,1908.3,2874.0,1937.0,3022.0,2391.15,2479.5
2014-09-28,1966.0,3072.4,2011.0,3384.0,2519.2,2697.5
2014-09-29,2034.0,3325.0,2193.0,3415.0,2679.5,2804.0
2014-09-30,1969.0,3126.1,1991.0,3082.0,2547.55,2536.5
2014-10-01,1919.4,3072.4,1953.0,3119.0,2495.9,2536.0
2014-10-02,1904.4,3109.4,1950.0,3013.0,2506.9,2481.5
2014-10-03,1874.4,2984.8,1921.0,2923.0,2429.6000000000004,2422.0
2014-10-04,1882.5,2764.3,1925.0,2815.0,2323.4,2370.0
2014-10-05,1871.9,2742.2,1898.0,2809.0,2307.05,2353.5
2014-10-06,1872.1,3000.6,1898.0,3084.0,2436.35,2491.0
2014-10-07,1897.7,3090.9,1933.0,3169.0,2494.3,2551.0
2014-10-08,1963.6,3101.3,2044.0,3156.0,2532.45,2600.0
2014-10-09,1887.3,3061.4,1919.0,3005.0,2474.35,2462.0
2014-10-10,1875.6,2970.2,1904.0,2893.0,2422.8999999999996,2398.5
2014-10-11,1903.5,2711.3,1881.0,2693.0,2307.4,2287.0
2014-10-12,1879.6,2713.3,1897.0,2684.0,2296.45,2290.5
2014-10-13,1877.3,2959.2,1910.0,3065.0,2418.25,2487.5
2014-10-14,1902.9,3129.8,1949.0,3285.0,2516.3500000000004,2617.0
2014-10-15,2010.9,3260.3,2058.0,3482.0,2635.6000000000004,2770.0
2014-10-16,2083.5,3334.1,2210.0,3463.0,2708.8,2836.5
2014-10-17,1974.6,3047.9,2073.0,3187.0,2511.25,2630.0
2014-10-18,1876.0,2754.6,1958.0,2846.0,2315.3,2402.0
2014-10-19,1842.2,2795.6,1866.0,2821.0,2318.9,2343.5
2014-10-20,1952.3,3085.0,1911.0,3106.0,2518.65,2508.5
2014-10-21,1922.2,3124.3,1936.0,3121.0,2523.25,2528.5
2014-10-22,1896.3,3078.0,1915.0,3163.0,2487.15,2539.0
2014-10-23,1915.9,3032.9,1966.0,3143.0,2474.4,2554.5
2014-10-24,1903.9,2951.6,1960.0,3002.0,2427.75,2481.0
2014-10-25,1899.5,2750.2,1932.0,2739.0,2324.85,2335.5
2014-10-26,1831.2,2740.7,1864.0,2829.0,2285.95,2346.5
2014-10-27,1868.9,3019.3,1909.0,3102.0,2444.1000000000004,2505.5
2014-10-28,1905.4,3039.3,1930.0,3120.0,2472.3500000000004,2525.0
2014-10-29,1880.9,2929.5,1915.0,3121.0,2405.2,2518.0
2014-10-30,1889.8,3098.2,1894.0,3071.0,2494.0,2482.5
2014-10-31,1928.7,2972.5,1951.0,2988.0,2450.6,2469.5
2014-11-01,1934.8,2797.9,1956.0,2950.0,2366.35,2453.0
2014-11-02,1965.7,4091.0,2000.0,4154.0,3028.35,3077.0
2014-11-03,2055.8,3165.2,2120.0,3313.0,2610.5,2716.5
2014-11-04,2080.9,3145.4,2067.0,3225.0,2613.15,2646.0
2014-11-05,1938.2,3089.9,1978.0,3205.0,2514.05,2591.5
2014-11-06,2009.9,3219.0,1976.0,3266.0,2614.45,2621.0
2014-11-07,2035.4,3182.1,1986.0,3217.0,2608.75,2601.5
2014-11-08,2076.7,2976.6,2075.0,2918.0,2526.6499999999996,2496.5
2014-11-09,2085.7,2931.1,2010.0,2945.0,2508.3999999999996,2477.5
2014-11-10,2077.9,3198.2,2034.0,3229.0,2638.05,2631.5
2014-11-11,2008.8,3191.2,2022.0,3211.0,2600.0,2616.5
2014-11-12,1974.9,3194.5,1949.0,3240.0,2584.7,2594.5
2014-11-13,2066.7,3282.1,1991.0,3239.0,2674.3999999999996,2615.0
2014-11-14,2093.7,3271.5,2087.0,3288.0,2682.6,2687.5
2014-11-15,2207.8,3109.1,2177.0,3085.0,2658.45,2631.0
2014-11-16,2115.9,3073.9,2221.0,3166.0,2594.9,2693.5
2014-11-17,2086.5,3292.3,2108.0,3468.0,2689.4,2788.0
2014-11-18,2063.3,3467.5,2121.0,3538.0,2765.4,2829.5
2014-11-19,2334.4,3486.4,2366.0,3557.0,2910.4,2961.5
2014-11-20,2264.0,3422.4,2305.0,3426.0,2843.2,2865.5
2014-11-21,2249.0,3427.5,2278.0,3517.0,2838.25,2897.5
2014-11-22,2302.1,3145.7,2367.0,3190.0,2723.8999999999996,2778.5
2014-11-23,2126.8,3028.9,2126.0,3022.0,2577.8500000000004,2574.0
2014-11-24,2080.7,3335.5,2042.0,3351.0,2708.1,2696.5
2014-11-25,1987.4,3249.5,1986.0,3223.0,2618.45,2604.5
2014-11-26,2070.9,3477.8,2022.0,3476.0,2774.3500000000004,2749.0
2014-11-27,2081.8,2932.5,2205.0,2962.0,2507.15,2583.5
2014-11-28,2176.9,3292.5,2230.0,3297.0,2734.7,2763.5
2014-11-29,2370.2,3209.2,2342.0,3177.0,2789.7,2759.5
2014-11-30,2139.8,3093.8,2222.0,3080.0,2616.8,2651.0
2014-12-01,2041.2,3337.9,2030.0,3307.0,2689.55,2668.5
2014-12-02,2157.9,3489.1,2113.0,3573.0,2823.5,2843.0
2014-12-03,2127.6,3363.7,2184.0,3439.0,2745.6499999999996,2811.5
2014-12-04,2142.0,3441.2,2197.0,3489.0,2791.6,2843.0
2014-12-05,2262.1,3436.3,2321.0,3462.0,2849.2,2891.5
2014-12-06,2189.1,3076.7,2187.0,3195.0,2632.8999999999996,2691.0
2014-12-07,2118.5,3227.7,2187.0,3422.0,2673.1,2804.5
2014-12-08,2270.3,3536.5,2469.0,3904.0,2903.4,3186.5
2014-12-09,2194.5,3462.1,2419.0,3681.0,2828.3,3050.0
2014-12-10,2173.7,3487.6,2213.0,3568.0,2830.6499999999996,2890.5
2014-12-11,2192.2,3523.0,2232.0,3640.0,2857.6,2936.0
2014-12-12,2201.0,3377.5,2341.0,3555.0,2789.25,2948.0
2014-12-13,2197.1,3149.7,2305.0,3266.0,2673.3999999999996,2785.5
2014-12-14,2119.8,3131.9,2280.0,3292.0,2625.8500000000004,2786.0
2014-12-15,2124.8,3426.9,2290.0,3561.0,2775.8500000000004,2925.5
2014-12-16,2142.9,3401.1,2270.0,3552.0,2772.0,2911.0
2014-12-17,2097.1,3358.2,2178.0,3465.0,2727.6499999999996,2821.5
2014-12-18,2161.4,3513.6,2192.0,3500.0,2837.5,2846.0
2014-12-19,2220.2,3529.4,2248.0,3539.0,2874.8,2893.5
2014-12-20,2253.6,3263.1,2343.0,3324.0,2758.35,2833.5
2014-12-21,2181.4,3290.1,2261.0,3333.0,2735.75,2797.0
2014-12-22,2207.6,3547.1,2286.0,3498.0,2877.35,2892.0
2014-12-23,2139.3,3470.6,2191.0,3411.0,2804.95,2801.0
2014-12-24,2067.4,3291.8,2142.0,3209.0,2679.6000000000004,2675.5
2014-12-25,1962.9,2903.6,2060.0,2748.0,2433.25,2404.0
2014-12-26,2103.6,3273.2,2077.0,3139.0,2688.3999999999996,2608.0
2014-12-27,2097.2,3037.4,2123.0,2932.0,2567.3,2527.5
2014-12-28,2063.5,3099.2,2029.0,2991.0,2581.35,2510.0
2014-12-29,2162.3,3494.1,2118.0,3398.0,2828.2,2758.0
2014-12-30,2233.3,3585.6,2315.0,3578.0,2909.45,2946.5
2014-12-31,2374.0,3588.9,2473.0,3558.0,2981.45,3015.5
2015-01-01,2318.7,3320.8,2483.0,3302.0,2819.75,2892.5
2015-01-02,2331.7,3503.1,2320.0,3441.0,2917.3999999999996,2880.5
2015-01-03,2370.7,3281.7,2345.0,3357.0,2826.2,2851.0
2015-01-04,2142.6,3004.4,2240.0,3258.0,2573.5,2749.0
2015-01-05,2162.8,3607.6,2147.0,3722.0,2885.2,2934.5
2015-01-06,2511.4,3830.7,2598.0,3903.0,3171.05,3250.5
2015-01-07,2546.2,3980.6,2698.0,3949.0,3263.3999999999996,3323.5
2015-01-08,2787.0,4066.1,2985.0,4054.0,3426.55,3519.5
2015-01-09,2508.0,3695.3,2779.0,3756.0,3101.65,3267.5
2015-01-10,2515.6,3537.1,2647.0,3543.0,3026.35,3095.0
2015-01-11,2493.3,3519.4,2705.0,3599.0,3006.3500000000004,3152.0
2015-01-12,2348.1,3673.4,2461.0,3651.0,3010.75,3056.0
2015-01-13,2399.1,3932.2,2405.0,3799.0,3165.6499999999996,3102.0
2015-01-14,2604.6,3802.3,2711.0,3871.0,3203.45,3291.0
2015-01-15,2486.3,3752.8,2574.0,3720.0,3119.55,3147.0
2015-01-16,2495.7,3765.8,2551.0,3657.0,3130.75,3104.0
2015-01-17,2613.3,3536.0,2700.0,3510.0,3074.65,3105.0
2015-01-18,2376.8,3306.6,2497.0,3226.0,2841.7,2861.5
2015-01-19,2214.7,3518.2,2230.0,3474.0,2866.45,2852.0
2015-01-20,2360.1,3684.6,2369.0,3561.0,3022.35,2965.0
2015-01-21,2486.7,3739.4,2445.0,3616.0,3113.05,3030.5
2015-01-22,2400.1,3640.6,2392.0,3518.0,3020.35,2955.0
2015-01-23,2395.8,3570.1,2417.0,3463.0,2982.95,2940.0
2015-01-24,2282.9,3293.8,2339.0,3374.0,2788.3500000000004,2856.5
2015-01-25,2259.3,3367.3,2351.0,3370.0,2813.3,2860.5
2015-01-26,2497.3,3770.4,2561.0,3840.0,3133.8500000000004,3200.5
2015-01-27,2364.1,3538.7,2705.0,3763.0,2951.3999999999996,3234.0
2015-01-28,2380.0,3551.0,2705.0,3817.0,2965.5,3261.0
2015-01-29,2495.2,3611.5,2721.0,3652.0,3053.35,3186.5
2015-01-30,2315.6,3533.6,2482.0,3566.0,2924.6,3024.0
2015-01-31,2570.7,3573.0,2677.0,3676.0,3071.85,3176.5
2015-02-01,2542.8,3500.0,2740.0,3533.0,3021.4,3136.5
2015-02-02,2602.9,3866.4,2661.0,3978.0,3234.65,3319.5
2015-02-03,2648.0,3863.9,2812.0,3841.0,3255.95,3326.5
2015-02-04,2626.0,3608.0,2746.0,3639.0,3117.0,3192.5
2015-02-05,2400.4,3811.2,2436.0,3867.0,3105.8,3151.5
2015-02-06,2730.0,3766.9,2882.0,3770.0,3248.45,3326.0
2015-02-07,2609.4,3431.1,2703.0,3478.0,3020.25,3090.5
2015-02-08,2393.8,3378.7,2505.0,3718.0,2886.25,3111.5
2015-02-09,2452.0,3708.1,2763.0,3884.0,3080.05,3323.5
2015-02-10,2500.4,3626.7,2754.0,3710.0,3063.55,3232.0
2015-02-11,2497.5,3712.8,2615.0,3763.0,3105.15,3189.0
2015-02-12,2603.6,3700.5,2712.0,3700.0,3152.05,3206.0
2015-02-13,2625.4,3881.3,2690.0,3797.0,3253.3500000000004,3243.5
2015-02-14,2736.6,3463.9,2885.0,3593.0,3100.25,3239.0
2015-02-15,2533.1,3744.1,2671.0,3823.0,3138.6,3247.0
2015-02-16,2779.1,3827.2,3044.0,3919.0,3303.1499999999996,3481.5
2015-02-17,2773.8,3735.5,2844.0,3801.0,3254.65,3322.5
2015-02-18,2613.2,3748.5,2695.0,3654.0,3180.85,3174.5
2015-02-19,2577.5,3849.6,2586.0,3755.0,3213.55,3170.5
2015-02-20,2702.9,3764.6,2871.0,3817.0,3233.75,3344.0
2015-02-21,2691.8,3435.6,2815.0,3523.0,3063.7,3169.0
2015-02-22,2279.1,3247.7,2485.0,3387.0,2763.3999999999996,2936.0
2015-02-23,2471.0,3816.9,2460.0,3869.0,3143.95,3164.5
2015-02-24,2797.6,3760.7,2928.0,3924.0,3279.1499999999996,3426.0
2015-02-25,2550.8,3612.1,2744.0,3651.0,3081.45,3197.5
2015-02-26,2537.6,3634.8,2653.0,3777.0,3086.2,3215.0
2015-02-27,2582.2,3645.5,2702.0,3589.0,3113.85,3145.5
2015-02-28,2633.1,3452.9,2715.0,3393.0,3043.0,3054.0
2015-03-01,2588.1,3327.0,2663.0,3545.0,2957.55,3104.0
2015-03-02,2402.5,3528.7,2532.0,3626.0,2965.6,3079.0
2015-03-03,2559.8,3564.6,2574.0,3638.0,3062.2,3106.0
2015-03-04,2370.3,3412.6,2457.0,3454.0,2891.45,2955.5
2015-03-05,2363.1,3617.1,2338.0,3667.0,2990.1,3002.5
2015-03-06,2583.5,3570.7,2694.0,3546.0,3077.1,3120.0
2015-03-07,2568.5,3233.5,2603.0,3216.0,2901.0,2909.5
2015-03-08,0.0,3185.0,0.0,3214.0,1592.5,1607.0
2015-03-09,2338.6,3401.5,2389.0,3314.0,2870.05,2851.5
2015-03-10,2327.3,3273.6,2298.0,3216.0,2800.45,2757.0
2015-03-11,2166.0,3177.4,2180.0,3079.0,2671.7,2629.5
2015-03-12,2217.1,3305.7,2145.0,3284.0,2761.3999999999996,2714.5
2015-03-13,2371.0,3243.1,2397.0,3292.0,2807.05,2844.5
2015-03-14,2305.7,2989.4,2273.0,3049.0,2647.55,2661.0
2015-03-15,2142.2,3068.9,2222.0,3224.0,2605.55,2723.0
2015-03-16,2247.5,3228.1,2393.0,3293.0,2737.8,2843.0
2015-03-17,2188.6,3249.0,2236.0,3302.0,2718.8,2769.0
2015-03-18,2332.0,3384.7,2410.0,3511.0,2858.35,2960.5
2015-03-19,2391.0,3356.8,2549.0,3433.0,2873.9,2991.0
2015-03-20,2430.4,3297.5,2478.0,3399.0,2863.95,2938.5
2015-03-21,2236.7,2974.5,2357.0,3074.0,2605.6,2715.5
2015-03-22,2233.6,3157.3,2251.0,3212.0,2695.45,2731.5
2015-03-23,2359.2,3355.8,2491.0,3433.0,2857.5,2962.0
2015-03-24,2314.9,3284.6,2465.0,3392.0,2799.75,2928.5
2015-03-25,2313.5,3213.1,2331.0,3194.0,2763.3,2762.5
2015-03-26,2120.8,3110.6,2177.0,3105.0,2615.7,2641.0
2015-03-27,2077.8,3030.0,2102.0,3133.0,2553.9,2617.5
2015-03-28,2144.7,2897.4,2158.0,3010.0,2521.05,2584.0
2015-03-29,2167.1,2987.3,2299.0,2975.0,2577.2,2637.0
2015-03-30,2227.3,3142.4,2243.0,3298.0,2684.8500000000004,2770.5
2015-03-31,2180.2,3153.2,2212.0,3084.0,2666.7,2648.0
2015-04-01,2152.2,3109.5,2178.0,3084.0,2630.85,2631.0
2015-04-02,2189.8,3059.4,2218.0,3170.0,2624.6000000000004,2694.0
2015-04-03,1976.8,2967.5,2023.0,2982.0,2472.15,2502.5
2015-04-04,1960.9,2827.2,1968.0,2783.0,2394.05,2375.5
2015-04-05,2072.2,2776.6,2103.0,2807.0,2424.3999999999996,2455.0
2015-04-06,2114.8,3082.9,2098.0,3066.0,2598.8500000000004,2582.0
2015-04-07,2055.6,3065.3,2077.0,3144.0,2560.45,2610.5
2015-04-08,2092.4,3102.1,2162.0,3266.0,2597.25,2714.0
2015-04-09,2134.9,3108.1,2240.0,3285.0,2621.5,2762.5
2015-04-10,2038.3,3013.4,2210.0,3128.0,2525.85,2669.0
2015-04-11,1915.3,2650.1,2030.0,2693.0,2282.7,2361.5
2015-04-12,1982.8,2614.2,2028.0,2750.0,2298.5,2389.0
2015-04-13,1945.3,2859.6,1944.0,2935.0,2402.45,2439.5
2015-04-14,1918.7,2858.9,1932.0,2942.0,2388.8,2437.0
2015-04-15,1937.1,2857.4,1931.0,2886.0,2397.25,2408.5
2015-04-16,1977.2,2866.1,1920.0,2830.0,2421.65,2375.0
2015-04-17,1939.6,2875.8,1919.0,2949.0,2407.7,2434.0
2015-04-18,1881.1,2553.6,1888.0,2537.0,2217.35,2212.5
2015-04-19,1878.7,2612.2,1877.0,2591.0,2245.45,2234.0
2015-04-20,1980.1,2905.3,1904.0,2954.0,2442.7,2429.0
2015-04-21,1899.2,2842.8,1957.0,2942.0,2371.0,2449.5
2015-04-22,1864.7,2819.6,1907.0,2850.0,2342.15,2378.5
2015-04-23,1883.5,2823.2,1907.0,2849.0,2353.35,2378.0
2015-04-24,1970.0,2826.9,2020.0,2844.0,2398.45,2432.0
2015-04-25,1969.4,2579.1,1993.0,2595.0,2274.25,2294.0
2015-04-26,1891.1,2563.1,1913.0,2683.0,2227.1,2298.0
2015-04-27,1896.3,2877.5,1913.0,2886.0,2386.9,2399.5
2015-04-28,1893.4,2828.1,1942.0,2855.0,2360.75,2398.5
2015-04-29,1873.4,2815.6,1907.0,2831.0,2344.5,2369.0
2015-04-30,1869.8,2756.3,1896.0,2831.0,2313.05,2363.5
2015-05-01,1865.2,2805.4,1936.0,2849.0,2335.3,2392.5
2015-05-02,1893.3,2561.6,1931.0,2554.0,2227.45,2242.5
2015-05-03,1831.4,2623.3,1867.0,2653.0,2227.3500000000004,2260.0
2015-05-04,1865.9,3034.9,1849.0,3127.0,2450.4,2488.0
2015-05-05,1906.8,3063.3,1969.0,3155.0,2485.05,2562.0
2015-05-06,1901.0,2941.6,1917.0,3063.0,2421.3,2490.0
2015-05-07,1848.8,3088.8,1889.0,3265.0,2468.8,2577.0
2015-05-08,1856.1,2929.6,1953.0,3009.0,2392.85,2481.0
2015-05-09,1852.7,2622.0,1851.0,2735.0,2237.35,2293.0
2015-05-10,1903.8,2845.4,1966.0,3349.0,2374.6,2657.5
2015-05-11,1948.2,3176.2,2251.0,3585.0,2562.2,2918.0
2015-05-12,1980.8,3376.5,1919.0,3451.0,2678.65,2685.0
2015-05-13,1894.5,2948.9,1965.0,3007.0,2421.7,2486.0
2015-05-14,1868.9,2914.6,1888.0,2974.0,2391.75,2431.0
2015-05-15,1853.1,2861.4,1881.0,2992.0,2357.25,2436.5
2015-05-16,1840.0,2632.4,1895.0,2691.0,2236.2,2293.0
2015-05-17,1862.6,2820.5,1904.0,2880.0,2341.55,2392.0
2015-05-18,1923.3,2973.3,1908.0,2947.0,2448.3,2427.5
2015-05-19,1867.9,3020.6,1892.0,3053.0,2444.25,2472.5
2015-05-20,1881.5,2936.5,1940.0,2929.0,2409.0,2434.5
2015-05-21,1889.7,2944.7,1873.0,2926.0,2417.2,2399.5
2015-05-22,1844.0,2891.6,1876.0,3000.0,2367.8,2438.0
2015-05-23,1844.2,2515.1,1840.0,2468.0,2179.65,2154.0
2015-05-24,1812.7,2690.2,1821.0,2625.0,2251.45,2223.0
2015-05-25,1835.2,2733.9,1925.0,3017.0,2284.55,2471.0
2015-05-26,2001.3,3516.5,2087.0,3958.0,2758.9,3022.5
2015-05-27,2118.2,3617.2,2340.0,4335.0,2867.7,3337.5
2015-05-28,2088.8,3596.1,2393.0,4363.0,2842.45,3378.0
2015-05-29,2110.2,3322.0,2267.0,3635.0,2716.1,2951.0
2015-05-30,1962.3,3083.8,2095.0,3615.0,2523.05,2855.0
2015-05-31,1970.0,2773.8,2154.0,3184.0,2371.9,2669.0
2015-06-01,1959.6,3045.2,1889.0,2940.0,2502.3999999999996,2414.5
2015-06-02,1944.4,2998.6,1916.0,2966.0,2471.5,2441.0
2015-06-03,1966.1,3004.7,1927.0,2907.0,2485.3999999999996,2417.0
2015-06-04,1954.4,3042.2,1885.0,2898.0,2498.3,2391.5
2015-06-05,1865.8,2961.5,1884.0,2934.0,2413.65,2409.0
2015-06-06,1851.5,2651.5,1909.0,2683.0,2251.5,2296.0
2015-06-07,1866.4,2598.7,1844.0,2660.0,2232.55,2252.0
2015-06-08,1893.3,3075.4,1880.0,3224.0,2484.35,2552.0
2015-06-09,2025.7,3355.4,2082.0,3583.0,2690.55,2832.5
2015-06-10,2085.1,3662.1,2117.0,3721.0,2873.6,2919.0
2015-06-11,2202.1,4072.2,2247.0,4215.0,3137.1499999999996,3231.0
2015-06-12,2221.8,3830.2,2315.0,3980.0,3026.0,3147.5
2015-06-13,2229.1,3132.0,2525.0,3519.0,2680.55,3022.0
2015-06-14,2030.4,2913.9,2190.0,3006.0,2472.15,2598.0
2015-06-15,1982.2,3277.1,2110.0,3097.0,2629.65,2603.5
2015-06-16,2040.1,3583.2,1975.0,3335.0,2811.6499999999996,2655.0
2015-06-17,2103.7,3332.2,2159.0,3218.0,2717.95,2688.5
2015-06-18,2028.1,3317.5,1997.0,3406.0,2672.8,2701.5
2015-06-19,1986.9,3419.4,2087.0,3757.0,2703.15,2922.0
2015-06-20,1982.4,2760.5,2016.0,2880.0,2371.45,2448.0
2015-06-21,1959.9,2907.3,2094.0,3189.0,2433.6000000000004,2641.5
2015-06-22,2146.4,3814.2,2216.0,3957.0,2980.3,3086.5
2015-06-23,2169.0,4046.9,2306.0,4449.0,3107.95,3377.5
2015-06-24,2228.6,3710.5,2444.0,4033.0,2969.55,3238.5
2015-06-25,2128.4,3663.0,2280.0,3799.0,2895.7,3039.5
2015-06-26,2131.5,3347.8,2299.0,3376.0,2739.65,2837.5
2015-06-27,2010.3,2801.1,2007.0,2832.0,2405.7,2419.5
2015-06-28,1949.2,2787.1,1966.0,2640.0,2368.15,2303.0
2015-06-29,2019.2,3388.8,1889.0,3169.0,2704.0,2529.0
2015-06-30,2093.5,3593.4,2062.0,3591.0,2843.45,2826.5
2015-07-01,2246.1,3594.3,2216.0,3756.0,2920.2,2986.0
2015-07-02,2204.4,3648.1,2201.0,3589.0,2926.25,2895.0
2015-07-03,2067.3,3082.1,2140.0,3215.0,2574.7,2677.5
2015-07-04,2053.5,2853.6,2069.0,2752.0,2453.55,2410.5
2015-07-05,2048.6,3167.5,1977.0,3272.0,2608.05,2624.5
2015-07-06,2171.5,3838.0,2319.0,4101.0,3004.75,3210.0
2015-07-07,2303.4,4101.4,2447.0,4410.0,3202.3999999999996,3428.5
2015-07-08,2561.2,4357.1,2744.0,4623.0,3459.15,3683.5
2015-07-09,2470.8,3628.7,2416.0,3562.0,3049.75,2989.0
2015-07-10,2316.1,3743.0,2262.0,3749.0,3029.55,3005.5
2015-07-11,2304.6,3614.4,2215.0,3620.0,2959.5,2917.5
2015-07-12,2373.3,3971.5,2345.0,4045.0,3172.4,3195.0
2015-07-13,2603.4,4333.4,2790.0,4206.0,3468.3999999999996,3498.0
2015-07-14,2454.9,4044.8,2462.0,4093.0,3249.8500000000004,3277.5
2015-07-15,2469.6,3954.8,2705.0,4464.0,3212.2,3584.5
2015-07-16,2327.1,3558.4,2268.0,3400.0,2942.75,2834.0
2015-07-17,2158.6,3610.5,2115.0,3540.0,2884.55,2827.5
2015-07-18,2151.7,3348.7,2284.0,3155.0,2750.2,2719.5
2015-07-19,2342.4,3979.6,2426.0,4243.0,3161.0,3334.5
2015-07-20,2767.9,4522.5,2964.0,5016.0,3645.2,3990.0
2015-07-21,2775.0,4580.6,2822.0,4549.0,3677.8,3685.5
2015-07-22,2606.3,4098.5,2646.0,4018.0,3352.4,3332.0
2015-07-23,2349.6,3829.9,2381.0,3819.0,3089.75,3100.0
2015-07-24,2268.7,3671.7,2330.0,3666.0,2970.2,2998.0
2015-07-25,2158.5,3036.9,2213.0,2912.0,2597.7,2562.5
2015-07-26,2182.5,3324.8,2120.0,3287.0,2753.65,2703.5
2015-07-27,2478.7,4227.7,2433.0,4316.0,3353.2,3374.5
2015-07-28,2554.6,4577.2,2613.0,4628.0,3565.8999999999996,3620.5
2015-07-29,2752.5,4863.5,2728.0,4926.0,3808.0,3827.0
2015-07-30,2897.8,4908.5,2993.0,4999.0,3903.15,3996.0
2015-07-31,2706.9,4474.2,2849.0,4397.0,3590.55,3623.0
2015-08-01,2434.3,3741.6,2454.0,3777.0,3087.95,3115.5
2015-08-02,2365.7,3649.4,2304.0,3732.0,3007.55,3018.0
2015-08-03,2588.3,4501.6,2643.0,4699.0,3544.9500000000003,3671.0
2015-08-04,2649.0,4438.4,2900.0,4568.0,3543.7,3734.0
2015-08-05,2574.2,4023.3,2481.0,4088.0,3298.75,3284.5
2015-08-06,2314.8,3787.2,2327.0,3739.0,3051.0,3033.0
2015-08-07,2239.0,3523.7,2292.0,3568.0,2881.35,2930.0
2015-08-08,2125.1,2996.4,2149.0,3036.0,2560.75,2592.5
2015-08-09,2045.3,3005.5,2131.0,2914.0,2525.4,2522.5
2015-08-10,2206.3,3685.9,2116.0,3853.0,2946.1000000000004,2984.5
2015-08-11,2267.0,3593.2,2330.0,3541.0,2930.1,2935.5
2015-08-12,2365.3,3895.4,2394.0,4064.0,3130.3500000000004,3229.0
2015-08-13,2321.3,3766.2,2378.0,3888.0,3043.75,3133.0
2015-08-14,2291.4,3924.7,2287.0,4065.0,3108.05,3176.0
2015-08-15,2326.1,3594.4,2382.0,3975.0,2960.25,3178.5
2015-08-16,2404.7,3836.2,2464.0,4031.0,3120.45,3247.5
2015-08-17,2643.1,4818.8,2754.0,4863.0,3730.95,3808.5
2015-08-18,2802.7,4797.3,2958.0,4933.0,3800.0,3945.5
2015-08-19,2710.5,4468.4,2837.0,4803.0,3589.45,3820.0
2015-08-20,2643.8,4171.4,2858.0,4476.0,3407.6,3667.0
2015-08-21,2535.3,4091.6,2786.0,4493.0,3313.45,3639.5
2015-08-22,2389.8,3382.5,2640.0,3350.0,2886.15,2995.0
2015-08-23,2327.6,3320.6,2401.0,3270.0,2824.1,2835.5
2015-08-24,2399.7,3957.6,2461.0,3944.0,3178.6499999999996,3202.5
2015-08-25,2500.7,4072.1,2501.0,4247.0,3286.3999999999996,3374.0
2015-08-26,2537.6,4097.9,2661.0,4242.0,3317.75,3451.5
2015-08-27,2358.0,3872.4,2345.0,3769.0,3115.2,3057.0
2015-08-28,2263.4,3676.4,2219.0,3566.0,2969.9,2892.5
2015-08-29,2225.0,3287.3,2162.0,3225.0,2756.15,2693.5
2015-08-30,2244.5,3579.1,2245.0,3637.0,2911.8,2941.0
2015-08-31,2501.6,4348.0,2586.0,4606.0,3424.8,3596.0
2015-09-01,2678.4,4275.4,2641.0,4188.0,3476.8999999999996,3414.5
2015-09-02,2521.4,4558.4,2468.0,4654.0,3539.8999999999996,3561.0
2015-09-03,2563.2,4241.0,2676.0,4572.0,3402.1,3624.0
2015-09-04,2505.1,3578.6,2474.0,3456.0,3041.85,2965.0
2015-09-05,2093.3,3030.6,2054.0,2971.0,2561.95,2512.5
2015-09-06,2014.7,3236.3,2072.0,3371.0,2625.5,2721.5
2015-09-07,2236.3,3840.9,2265.0,4325.0,3038.6000000000004,3295.0
2015-09-08,2554.1,4458.9,2769.0,5054.0,3506.5,3911.5
2015-09-09,2753.4,4540.8,2909.0,5077.0,3647.1000000000004,3993.0
2015-09-10,2722.3,4036.0,2701.0,3948.0,3379.15,3324.5
2015-09-11,2322.6,3416.9,2291.0,3411.0,2869.75,2851.0
2015-09-12,2057.4,2975.2,2126.0,3041.0,2516.3,2583.5
2015-09-13,2046.9,2931.8,2127.0,3034.0,2489.3500000000004,2580.5
2015-09-14,2109.2,3298.8,2070.0,3202.0,2704.0,2636.0
2015-09-15,2098.0,3624.5,2010.0,3640.0,2861.25,2825.0
2015-09-16,2199.4,3758.6,2173.0,3919.0,2979.0,3046.0
2015-09-17,2290.5,3894.4,2286.0,4171.0,3092.45,3228.5
2015-09-18,2264.3,3826.1,2364.0,4098.0,3045.2,3231.0
2015-09-19,2226.2,3137.8,2278.0,3398.0,2682.0,2838.0
2015-09-20,2148.0,2899.5,2286.0,3016.0,2523.75,2651.0
2015-09-21,2057.6,3224.5,1960.0,3057.0,2641.05,2508.5
2015-09-22,1984.9,3211.1,1932.0,3137.0,2598.0,2534.5
2015-09-23,1976.3,3207.4,1941.0,3142.0,2591.85,2541.5
2015-09-24,2037.8,3235.9,1931.0,3200.0,2636.85,2565.5
2015-09-25,1984.4,3061.0,1943.0,3001.0,2522.7,2472.0
2015-09-26,1939.8,2669.5,1877.0,2615.0,2304.65,2246.0
2015-09-27,1924.0,2713.3,1827.0,2810.0,2318.65,2318.5
2015-09-28,2030.2,3267.2,1893.0,3353.0,2648.7,2623.0
2015-09-29,2076.0,3569.6,2144.0,3746.0,2822.8,2945.0
2015-09-30,2187.5,3278.6,2389.0,3898.0,2733.05,3143.5
2015-10-01,1968.5,3042.9,1967.0,2986.0,2505.7,2476.5
2015-10-02,1912.6,2915.7,1884.0,2898.0,2414.1499999999996,2391.0
2015-10-03,1848.2,2654.7,1895.0,2702.0,2251.45,2298.5
2015-10-04,1832.6,2694.6,1886.0,2780.0,2263.6,2333.0
2015-10-05,1880.1,2975.2,1883.0,2987.0,2427.6499999999996,2435.0
2015-10-06,1910.9,3036.5,1894.0,2967.0,2473.7,2430.5
2015-10-07,1991.5,3103.3,1883.0,3026.0,2547.4,2454.5
2015-10-08,1885.6,2938.7,1896.0,2927.0,2412.1499999999996,2411.5
2015-10-09,1853.0,2926.2,1885.0,3075.0,2389.6,2480.0
2015-10-10,1805.7,2573.4,1864.0,2597.0,2189.55,2230.5
2015-10-11,1807.4,2656.6,1849.0,2633.0,2232.0,2241.0
2015-10-12,1862.6,2944.5,1853.0,3038.0,2403.55,2445.5
2015-10-13,1877.3,3052.7,1905.0,3183.0,2465.0,2544.0
2015-10-14,1881.4,2963.4,1920.0,3007.0,2422.4,2463.5
2015-10-15,1862.2,2886.5,1869.0,2964.0,2374.35,2416.5
2015-10-16,1870.3,2911.9,1888.0,2871.0,2391.1,2379.5
2015-10-17,1843.3,2634.1,1902.0,2709.0,2238.7,2305.5
2015-10-18,1826.0,2782.1,1940.0,2929.0,2304.05,2434.5
2015-10-19,2083.7,3002.0,2070.0,3147.0,2542.85,2608.5
2015-10-20,1962.2,2984.3,2015.0,3083.0,2473.25,2549.0
2015-10-21,1908.2,2992.2,1927.0,3058.0,2450.2,2492.5
2015-10-22,1877.1,2997.3,1928.0,3112.0,2437.2,2520.0
2015-10-23,1874.1,2912.2,1897.0,2940.0,2393.1499999999996,2418.5
2015-10-24,1876.0,2700.6,1987.0,2806.0,2288.3,2396.5
2015-10-25,1854.0,2713.9,1934.0,2843.0,2283.95,2388.5
2015-10-26,1912.3,3025.8,1932.0,3079.0,2469.05,2505.5
2015-10-27,1968.7,3020.8,2027.0,3112.0,2494.75,2569.5
2015-10-28,1882.0,3106.5,2016.0,3168.0,2494.25,2592.0
2015-10-29,1930.7,3016.5,2074.0,3156.0,2473.6,2615.0
2015-10-30,1869.5,2930.1,1906.0,2915.0,2399.8,2410.5
2015-10-31,1918.5,2725.9,1940.0,2698.0,2322.2,2319.0
2015-11-01,1877.4,3973.5,1891.0,3918.0,2925.45,2904.5
2015-11-02,1802.3,2903.6,1903.0,3141.0,2352.95,2522.0
2015-11-03,1896.6,3056.2,1919.0,3183.0,2476.3999999999996,2551.0
2015-11-04,1881.5,3023.5,1909.0,3122.0,2452.5,2515.5
2015-11-05,1897.5,3113.9,1916.0,3258.0,2505.7,2587.0
2015-11-06,1919.2,3115.3,1978.0,3275.0,2517.25,2626.5
2015-11-07,1873.4,2692.2,1912.0,2761.0,2282.8,2336.5
2015-11-08,1865.6,2798.3,1865.0,2832.0,2331.95,2348.5
2015-11-09,1948.9,3061.5,1935.0,3165.0,2505.2,2550.0
2015-11-10,1946.6,3146.0,1961.0,3176.0,2546.3,2568.5
2015-11-11,1904.1,3102.9,1958.0,3201.0,2503.5,2579.5
2015-11-12,1955.7,3177.9,1972.0,3203.0,2566.8,2587.5
2015-11-13,1875.6,3062.8,1946.0,3084.0,2469.2,2515.0
2015-11-14,1933.3,2948.9,1971.0,2930.0,2441.1,2450.5
2015-11-15,1981.9,2876.7,2047.0,2941.0,2429.3,2494.0
2015-11-16,1912.9,3163.0,1968.0,3173.0,2537.95,2570.5
2015-11-17,1984.6,3180.6,2040.0,3250.0,2582.6,2645.0
2015-11-18,2018.0,3197.7,2127.0,3264.0,2607.85,2695.5
2015-11-19,1966.6,3132.2,2046.0,3223.0,2549.3999999999996,2634.5
2015-11-20,1900.7,3138.7,1993.0,3098.0,2519.7,2545.5
2015-11-21,1980.9,2835.8,1994.0,2918.0,2408.3500000000004,2456.0
2015-11-22,1974.0,2900.5,2039.0,3025.0,2437.25,2532.0
2015-11-23,2037.6,3303.5,2047.0,3387.0,2670.55,2717.0
2015-11-24,2139.0,3312.2,2226.0,3334.0,2725.6,2780.0
2015-11-25,2124.6,3194.7,2203.0,3256.0,2659.6499999999996,2729.5
2015-11-26,2007.8,2793.3,2080.0,2711.0,2400.55,2395.5
2015-11-27,1975.4,2948.1,1945.0,2915.0,2461.75,2430.0
2015-11-28,1919.2,2928.7,1911.0,2863.0,2423.95,2387.0
2015-11-29,1979.8,2947.7,2034.0,3094.0,2463.75,2564.0
2015-11-30,2082.9,3353.2,2178.0,3462.0,2718.05,2820.0
2015-12-01,2155.1,3313.0,2241.0,3435.0,2734.05,2838.0
2015-12-02,2014.8,3243.2,2142.0,3375.0,2629.0,2758.5
2015-12-03,1960.9,3279.8,2049.0,3338.0,2620.3500000000004,2693.5
2015-12-04,2004.7,3237.4,2132.0,3275.0,2621.05,2703.5
2015-12-05,2026.8,2969.0,2129.0,2979.0,2497.9,2554.0
2015-12-06,1993.4,2957.5,2118.0,3049.0,2475.45,2583.5
2015-12-07,2009.3,3293.5,2084.0,3337.0,2651.4,2710.5
2015-12-08,2026.7,3368.0,2084.0,3437.0,2697.35,2760.5
2015-12-09,2107.2,3334.3,2146.0,3378.0,2720.75,2762.0
2015-12-10,2007.4,3254.2,2081.0,3272.0,2630.8,2676.5
2015-12-11,1983.8,3187.7,2036.0,3231.0,2585.75,2633.5
2015-12-12,1970.9,2915.0,2009.0,2931.0,2442.95,2470.0
2015-12-13,1899.8,2957.1,1948.0,3029.0,2428.45,2488.5
2015-12-14,1946.4,3270.7,1985.0,3324.0,2608.55,2654.5
2015-12-15,1944.4,3253.5,2026.0,3264.0,2598.95,2645.0
2015-12-16,1983.1,3324.2,2027.0,3347.0,2653.6499999999996,2687.0
2015-12-17,2051.1,3306.3,2099.0,3326.0,2678.7,2712.5
2015-12-18,1967.3,3251.9,2029.0,3270.0,2609.6,2649.5
2015-12-19,2073.4,3098.0,2129.0,3163.0,2585.7,2646.0
2015-12-20,2120.8,3121.1,2217.0,3167.0,2620.95,2692.0
2015-12-21,2140.0,3289.9,2202.0,3373.0,2714.95,2787.5
2015-12-22,1992.3,3261.4,2046.0,3302.0,2626.85,2674.0
2015-12-23,1975.4,3278.7,2005.0,3226.0,2627.05,2615.5
2015-12-24,1959.1,3173.9,1994.0,3083.0,2566.5,2538.5
2015-12-25,1956.6,2824.2,1937.0,2621.0,2390.3999999999996,2279.0
2015-12-26,1961.9,2984.7,1892.0,2818.0,2473.3,2355.0
2015-12-27,1964.4,2921.0,1952.0,2886.0,2442.7,2419.0
2015-12-28,2067.7,3494.0,2074.0,3417.0,2780.85,2745.5
2015-12-29,2220.2,3458.3,2275.0,3536.0,2839.25,2905.5
2015-12-30,2062.2,3332.3,2336.0,3498.0,2697.25,2917.0
2015-12-31,2030.6,3198.5,2251.0,3247.0,2614.55,2749.0
2016-01-01,2129.6,3137.7,2160.545,3056.443,2633.6499999999996,2608.494
2016-01-02,2104.9,3132.4,2203.587,3077.629,2618.65,2640.608
2016-01-03,2144.0,3123.5,2191.1,3147.494,2633.75,2669.297
2016-01-04,2207.7,3580.2,2224.669,3713.923,2893.95,2969.296
2016-01-05,2398.1,3546.7,2633.731,3756.152,2972.3999999999996,3194.9415
2016-01-06,2377.3,3512.6,2570.149,3518.963,2944.95,3044.556
2016-01-07,2309.5,3486.0,2378.785,3479.915,2897.75,2929.35
2016-01-08,2283.5,3479.0,2344.06,3421.778,2881.25,2882.919
2016-01-09,2137.7,3143.2,2193.76,3111.923,2640.45,2652.8415
2016-01-10,2084.6,3076.8,2124.315,3116.987,2580.7,2620.651
2016-01-11,2219.7,3572.2,2079.031,3524.71,2895.95,2801.8705
2016-01-12,2412.0,3578.0,2413.698,3505.591,2995.0,2959.6445
2016-01-13,2288.3,3633.9,2351.799,3672.829,2961.1000000000004,3012.3140000000003
2016-01-14,2403.5,3649.8,2501.18,3614.895,3026.65,3058.0375
2016-01-15,2301.7,3399.0,2427.695,3405.243,2850.35,2916.469
2016-01-16,2106.7,3080.6,2199.805,3098.274,2593.6499999999996,2649.0395
2016-01-17,2196.2,3162.5,2226.911,3203.025,2679.35,2714.968
2016-01-18,2314.0,3622.7,2350.312,3670.195,2968.35,3010.2535
2016-01-19,2509.6,3722.7,2611.103,3841.259,3116.1499999999996,3226.181
2016-01-20,2415.2,3644.4,2643.788,3700.671,3029.8,3172.2295
2016-01-21,2407.4,3647.6,2513.804,3623.709,3027.5,3068.7565
2016-01-22,2450.6,3565.1,2580.159,3573.532,3007.85,3076.8455000000004
2016-01-23,2314.0,3309.8,2455.558,3506.112,2811.9,2980.835
2016-01-24,2309.1,3246.1,2530.741,3275.346,2777.6,2903.0434999999998
2016-01-25,2322.4,3453.3,2389.123,3510.773,2887.8500000000004,2949.9480000000003
2016-01-26,2262.6,3418.9,2367.089,3370.423,2840.75,2868.756
2016-01-27,2208.1,3412.9,2166.846,3357.07,2810.5,2761.958
2016-01-28,2283.8,3420.5,2308.801,3364.047,2852.15,2836.424
2016-01-29,2219.7,3373.4,2241.479,3328.067,2796.55,2784.773
2016-01-30,2154.2,3085.4,2259.086,3055.595,2619.8,2657.3405
2016-01-31,2147.8,3004.5,2184.328,3008.96,2576.15,2596.6440000000002
2016-02-01,2140.7,3199.1,2092.386,3192.98,2669.8999999999996,2642.683
2016-02-02,2134.4,3262.5,2101.971,3216.806,2698.45,2659.3885
2016-02-03,2138.3,3253.6,2156.742,3291.867,2695.95,2724.3045
2016-02-04,2014.5,3165.7,2035.968,3160.59,2590.1,2598.279
2016-02-05,2147.2,3289.2,2098.42,3384.731,2718.2,2741.5755
2016-02-06,2284.7,3052.4,2365.702,3153.031,2668.55,2759.3665
2016-02-07,2205.2,3049.0,2297.943,3129.835,2627.1,2713.889
2016-02-08,2247.1,3522.8,2260.102,3732.02,2884.95,2996.0609999999997
2016-02-09,2344.0,3473.8,2510.834,3557.504,2908.9,3034.169
2016-02-10,2317.9,3394.1,2483.408,3457.396,2856.0,2970.402
2016-02-11,2293.5,3502.7,2406.694,3719.804,2898.1,3063.249
2016-02-12,2503.6,3536.6,2764.958,3631.302,3020.1,3198.13
2016-02-13,2489.9,3564.1,2585.39,3645.275,3027.0,3115.3325
2016-02-14,2745.0,3625.5,3068.944,3806.959,3185.25,3437.9515
2016-02-15,2682.0,3517.8,2846.927,3782.244,3099.9,3314.5855
2016-02-16,2207.7,3223.1,2445.174,3364.895,2715.3999999999996,2905.0344999999998
2016-02-17,2109.5,3237.3,2224.673,3246.9,2673.4,2735.7865
2016-02-18,2252.5,3382.2,2292.715,3390.838,2817.35,2841.7765
2016-02-19,2357.1,3349.2,2465.611,3279.679,2853.1499999999996,2872.645
2016-02-20,2164.8,2958.3,2267.099,2859.254,2561.55,2563.1765
2016-02-21,2049.4,2914.8,2041.818,2965.324,2482.1000000000004,2503.571
2016-02-22,2127.2,3277.2,2093.604,3254.274,2702.2,2673.939
2016-02-23,2298.3,3287.7,2276.514,3399.699,2793.0,2838.1065
2016-02-24,2144.3,3232.3,2235.947,3331.645,2688.3,2783.7960000000003
2016-02-25,1991.1,3086.6,2085.234,3099.71,2538.85,2592.4719999999998
2016-02-26,2100.0,3248.8,2107.778,3249.87,2674.4,2678.8239999999996
2016-02-27,2315.8,2982.2,2355.901,3043.439,2649.0,2699.67
2016-02-28,2133.5,2861.6,2178.205,2946.692,2497.55,2562.4485
2016-02-29,2053.5,3133.2,2058.53,3120.367,2593.35,2589.4485000000004
2016-03-01,2027.8,3072.5,2066.874,3185.412,2550.15,2626.143
2016-03-02,2058.6,3199.6,2103.772,3296.128,2629.1,2699.95
2016-03-03,2224.8,3297.1,2359.091,3357.315,2760.95,2858.203
2016-03-04,2277.2,3235.4,2341.245,3389.968,2756.3,2865.6065
2016-03-05,2175.5,2924.0,2378.459,3072.171,2549.75,2725.3149999999996
2016-03-06,2129.3,2923.4,2254.341,3073.447,2526.3500000000004,2663.8940000000002
2016-03-07,2144.7,3051.8,2251.413,3214.328,2598.25,2732.8705
2016-03-08,2013.0,2964.0,2141.166,3102.605,2488.5,2621.8855000000003
2016-03-09,1965.1,2884.0,2050.09,3030.421,2424.55,2540.2555
2016-03-10,1909.5,2890.8,1931.936,3075.93,2400.15,2503.933
2016-03-11,1901.3,2873.2,1918.645,2888.809,2387.25,2403.727
2016-03-12,2020.9,2670.1,1999.436,2712.335,2345.5,2355.8855
2016-03-13,2161.2,3137.3,1916.734,2730.936,2649.25,2323.835
2016-03-14,1962.3,3053.8,1916.053,3119.413,2508.05,2517.733
2016-03-15,2002.8,3003.6,2073.955,3072.131,2503.2,2573.0429999999997
2016-03-16,1972.0,2989.4,2045.029,2982.749,2480.7,2513.889
2016-03-17,1939.8,2931.0,2003.708,2911.026,2435.4,2457.367
2016-03-18,1934.4,2901.6,1986.756,2873.911,2418.0,2430.3335
2016-03-19,2076.6,2795.6,2087.725,2761.345,2436.1,2424.535
2016-03-20,2097.4,2927.5,2159.555,2972.605,2512.45,2566.08
2016-03-21,2093.0,3131.2,2180.933,3218.97,2612.1,2699.9515
2016-03-22,2136.0,3082.9,2165.125,3044.044,2609.45,2604.5845
2016-03-23,2005.3,2900.4,2040.539,2972.551,2452.85,2506.545
2016-03-24,1977.5,2970.1,2004.996,3080.975,2473.8,2542.9855
2016-03-25,1914.0,2762.1,2076.37,3089.39,2338.05,2582.88
2016-03-26,1926.9,2683.7,2039.797,2752.566,2305.3,2396.1814999999997
2016-03-27,1961.4,2660.4,2062.946,2725.767,2310.9,2394.3565
2016-03-28,1976.1,2928.3,2030.321,3102.532,2452.2,2566.4265
2016-03-29,1991.6,2938.1,2045.998,2983.656,2464.85,2514.827
2016-03-30,2052.1,2901.5,2096.913,2928.903,2476.8,2512.908
2016-03-31,1962.1,2826.7,1993.29,2887.259,2394.3999999999996,2440.2745
2016-04-01,1839.4,2786.8,1940.525,2968.546,2313.1000000000004,2454.5355
2016-04-02,1835.9,2559.2,1855.563,2661.136,2197.55,2258.3495000000003
2016-04-03,1959.4,2807.2,1926.587,2953.695,2383.3,2440.141
2016-04-04,2110.4,3081.4,2195.982,3340.377,2595.9,2768.1795
2016-04-05,2141.7,3085.2,2320.847,3209.05,2613.45,2764.9485000000004
2016-04-06,2161.8,3018.7,2281.197,3113.061,2590.25,2697.129
2016-04-07,1945.2,2847.5,2072.441,3031.654,2396.35,2552.0474999999997
2016-04-08,1862.8,2785.4,1976.739,2843.237,2324.1,2409.9880000000003
2016-04-09,1965.1,2647.1,2065.318,2701.717,2306.1,2383.5175
2016-04-10,2000.5,2678.9,2093.901,2767.896,2339.7,2430.8985000000002
2016-04-11,1986.1,2886.4,2006.987,3006.261,2436.25,2506.624
2016-04-12,1858.2,2847.2,1935.279,2932.113,2352.7,2433.696
2016-04-13,1918.1,2844.5,2010.298,2847.065,2381.3,2428.6815
2016-04-14,1931.4,2850.3,2007.601,2836.733,2390.8500000000004,2422.1670000000004
2016-04-15,1913.3,2764.8,2014.258,2792.926,2339.05,2403.592
2016-04-16,1870.5,2523.8,1937.947,2534.555,2197.15,2236.2509999999997
2016-04-17,1856.1,2520.9,1922.399,2529.561,2188.5,2225.98
2016-04-18,1862.9,2709.1,1869.03,2677.208,2286.0,2273.119
2016-04-19,1868.0,2800.2,1854.453,2769.601,2334.1,2312.027
2016-04-20,1867.0,2749.2,1902.784,2718.508,2308.1,2310.6459999999997
2016-04-21,1838.2,2687.4,1904.57,2806.092,2262.8,2355.331
2016-04-22,1783.6,2785.2,1852.165,2926.918,2284.3999999999996,2389.5415000000003
2016-04-23,1794.8,2435.4,1905.192,2555.523,2115.1,2230.3575
2016-04-24,1811.0,2486.5,1804.84,2571.055,2148.75,2187.9474999999998
2016-04-25,1865.6,2727.5,1842.876,2830.828,2296.55,2336.852
2016-04-26,1850.4,2837.1,1855.472,2960.979,2343.75,2408.2255
2016-04-27,1938.4,2740.7,2005.543,2763.098,2339.55,2384.3205
2016-04-28,1907.5,2744.5,1910.951,2774.913,2326.0,2342.932
2016-04-29,1861.4,2762.0,1904.951,2732.445,2311.7,2318.6980000000003
2016-04-30,1827.5,2476.3,1883.363,2485.689,2151.9,2184.526
2016-05-01,1791.7,2551.5,1833.662,2640.275,2171.6,2236.9685
2016-05-02,1840.8,2819.1,1877.92,2924.654,2329.95,2401.2870000000003
2016-05-03,1841.8,2851.1,1896.864,2830.646,2346.45,2363.755
2016-05-04,1834.0,2813.0,1914.789,2904.367,2323.5,2409.578
2016-05-05,1832.3,2829.5,1949.357,2924.775,2330.9,2437.066
2016-05-06,1806.6,2742.6,1946.302,2796.671,2274.6,2371.4865
2016-05-07,1834.6,2452.7,1880.421,2571.489,2143.6499999999996,2225.955
2016-05-08,1788.1,2455.6,1857.589,2565.893,2121.85,2211.741
2016-05-09,1859.0,2779.4,1868.293,2753.602,2319.2,2310.9474999999998
2016-05-10,1843.7,2781.6,1870.292,2800.019,2312.65,2335.1555
2016-05-11,1828.4,2765.5,1842.466,2874.111,2296.95,2358.2884999999997
2016-05-12,1817.2,2803.5,1843.876,2890.918,2310.35,2367.397
2016-05-13,1818.0,2823.9,1843.789,3007.532,2320.95,2425.6605
2016-05-14,1821.6,2513.6,1897.286,2618.306,2167.6,2257.7960000000003
2016-05-15,1757.3,2498.0,1811.499,2542.845,2127.65,2177.172
2016-05-16,1822.4,2785.4,1826.739,2733.644,2303.9,2280.1915
2016-05-17,1815.7,2832.0,1853.987,2824.349,2323.85,2339.168
2016-05-18,1830.1,2792.7,1845.788,2759.348,2311.3999999999996,2302.568
2016-05-19,1849.6,2806.1,1833.515,2803.434,2327.85,2318.4745000000003
2016-05-20,1846.6,2891.2,1836.492,2871.636,2368.8999999999996,2354.064
2016-05-21,1752.4,2412.6,1830.573,2613.306,2082.5,2221.9395
2016-05-22,1766.7,2466.5,1803.38,2566.404,2116.6,2184.892
2016-05-23,1802.1,2787.6,1810.098,2997.374,2294.85,2403.736
2016-05-24,1748.4,2767.7,1887.291,2854.278,2258.05,2370.7844999999998
2016-05-25,1844.1,3300.7,1852.273,3341.826,2572.3999999999996,2597.0495
2016-05-26,1981.9,3243.0,2069.132,3560.532,2612.45,2814.8320000000003
2016-05-27,2040.7,3426.3,2057.294,3337.227,2733.5,2697.2605
2016-05-28,2089.8,3334.4,2118.004,3694.629,2712.1000000000004,2906.3165
2016-05-29,2043.5,2779.6,2127.469,2808.547,2411.55,2468.008
2016-05-30,1885.4,2836.8,1858.349,3064.551,2361.1000000000004,2461.45
2016-05-31,2028.2,3489.7,2191.082,3814.472,2758.95,3002.777
2016-06-01,1918.6,3061.8,2176.736,3339.424,2490.2,2758.08
2016-06-02,1931.6,2989.2,1974.735,3019.328,2460.3999999999996,2497.0315
2016-06-03,1915.3,3062.3,1959.325,3089.914,2488.8,2524.6195000000002
2016-06-04,1993.8,2861.3,2048.405,3016.677,2427.55,2532.541
2016-06-05,1952.6,2690.4,2069.299,2867.126,2321.5,2468.2125
2016-06-06,2020.4,3463.9,2084.622,3659.873,2742.15,2872.2475
2016-06-07,2120.6,3572.8,2204.769,3883.823,2846.7,3044.296
2016-06-08,2024.2,3127.5,2086.484,3203.706,2575.85,2645.0950000000003
2016-06-09,1907.7,3057.6,1910.687,2906.06,2482.65,2408.3734999999997
2016-06-10,1870.5,2944.2,1869.915,2945.713,2407.35,2407.8140000000003
2016-06-11,1881.3,2635.7,1884.01,2650.645,2258.5,2267.3275
2016-06-12,1893.1,2679.7,1949.316,2723.687,2286.3999999999996,2336.5015
2016-06-13,1888.3,3068.8,1850.834,2995.922,2478.55,2423.378
2016-06-14,1925.1,3226.2,1897.627,3192.313,2575.6499999999996,2544.9700000000003
2016-06-15,1991.3,3430.3,2005.879,3610.719,2710.8,2808.299
2016-06-16,2039.5,3361.6,2142.792,3666.743,2700.55,2904.7675
2016-06-17,2004.9,3123.8,2097.381,3431.621,2564.3500000000004,2764.501
2016-06-18,1937.8,2794.6,1992.84,2905.803,2366.2,2449.3215
2016-06-19,1928.9,2926.9,1947.93,3107.931,2427.9,2527.9305
2016-06-20,2006.6,3621.3,2079.074,4035.45,2813.95,3057.2619999999997
2016-06-21,2151.6,3900.1,2257.026,3872.321,3025.85,3064.6735
2016-06-22,2117.8,3594.0,2105.477,3400.11,2855.9,2752.7934999999998
2016-06-23,2062.5,3294.7,2022.229,3534.199,2678.6,2778.214
2016-06-24,2040.3,3386.2,2096.87,3373.016,2713.25,2734.943
2016-06-25,1988.6,2945.0,2027.938,2963.957,2466.8,2495.9475
2016-06-26,1951.2,3087.7,1974.385,3376.176,2519.45,2675.2805
2016-06-27,2108.2,3858.0,2180.951,3912.231,2983.1,3046.5910000000003
2016-06-28,2178.5,3758.8,2420.788,3786.644,2968.65,3103.716
2016-06-29,2186.5,3759.9,2424.171,4157.572,2973.2,3290.8715
2016-06-30,2226.0,3727.6,2347.171,3899.062,2976.8,3123.1165
2016-07-01,2267.4,3823.9,2364.577,3943.041,3045.65,3153.809
2016-07-02,2152.1,3044.0,2373.16,2972.57,2598.05,2672.865
2016-07-03,2009.2,3121.5,1969.884,3031.389,2565.35,2500.6365
2016-07-04,2112.7,3405.7,2140.728,3515.809,2759.2,2828.2685
2016-07-05,2304.0,4069.3,2373.024,4038.999,3186.65,3206.0114999999996
2016-07-06,2484.0,4419.3,2511.405,4624.543,3451.65,3567.974
2016-07-07,2700.4,4368.2,2722.269,3842.662,3534.3,3282.4655
2016-07-08,2465.3,3854.3,2303.16,3210.259,3159.8,2756.7095
2016-07-09,2152.5,2970.5,2021.815,2695.215,2561.5,2358.5150000000003
2016-07-10,2059.1,3042.7,1949.502,2641.154,2550.8999999999996,2295.328
2016-07-11,2205.0,3726.9,1965.848,3308.291,2965.95,2637.0695
2016-07-12,2288.0,3892.2,2092.856,3950.492,3090.1,3021.674
2016-07-13,2458.4,4420.2,2351.543,4628.998,3439.3,3490.2704999999996
2016-07-14,2574.3,4295.6,2561.104,4248.356,3434.9500000000003,3404.7299999999996
2016-07-15,2787.7,4556.6,2738.404,4714.546,3672.15,3726.4750000000004
2016-07-16,2626.9,3708.0,2682.801,4161.463,3167.45,3422.1319999999996
2016-07-17,2428.7,3484.5,2694.781,3885.466,2956.6,3290.1234999999997
2016-07-18,2493.4,4418.4,2641.349,4825.74,3455.8999999999996,3733.5445
2016-07-19,2613.3,3981.2,2707.128,3984.517,3297.25,3345.8225
2016-07-20,2364.0,3724.3,2226.911,3775.405,3044.15,3001.1580000000004
2016-07-21,2205.9,4067.4,2282.199,4259.34,3136.65,3270.7695000000003
2016-07-22,2605.1,4594.2,2671.966,4986.186,3599.6499999999996,3829.076
2016-07-23,2675.7,4097.1,2895.81,4315.775,3386.4,3605.7924999999996
2016-07-24,2538.8,3849.8,2395.851,3967.545,3194.3,3181.6980000000003
2016-07-25,2633.9,4682.1,2558.871,4811.075,3658.0,3684.973
2016-07-26,2724.4,4725.3,2956.472,4859.104,3724.8500000000004,3907.7880000000005
2016-07-27,2707.4,4584.9,2776.57,4695.872,3646.1499999999996,3736.2210000000005
2016-07-28,2689.9,4643.5,2787.046,4740.015,3666.7,3763.5305
2016-07-29,2685.5,3979.9,3080.236,4308.98,3332.7,3694.6079999999997
2016-07-30,2419.7,3537.5,2555.886,3607.478,2978.6,3081.682
2016-07-31,2281.7,3346.2,2584.755,3180.303,2813.95,2882.529
2016-08-01,2474.2,3752.3,2424.074,3618.011,3113.25,3021.0425
2016-08-02,2432.0,3658.5,2323.8,3538.534,3045.25,2931.1670000000004
2016-08-03,2215.9,3711.3,2184.572,3773.921,2963.6000000000004,2979.2465
2016-08-04,2321.6,3765.0,2241.161,3996.368,3043.3,3118.7645
2016-08-05,2474.6,3898.6,2336.078,4190.303,3186.6,3263.1904999999997
2016-08-06,2292.9,3656.1,2471.923,4038.57,2974.5,3255.2465
2016-08-07,2283.6,3482.2,2398.189,3641.787,2882.8999999999996,3019.988
2016-08-08,2594.1,3929.1,2426.78,4087.687,3261.6,3257.2335000000003
2016-08-09,2305.5,4127.3,2367.845,4118.926,3216.4,3243.3855000000003
2016-08-10,2535.8,4237.5,2469.737,3960.77,3386.65,3215.2535
2016-08-11,2766.7,4953.0,2819.972,5165.001,3859.85,3992.4865
2016-08-12,2888.7,4942.6,3243.731,5289.824,3915.65,4266.7775
2016-08-13,2794.9,4089.0,2830.242,3518.631,3441.95,3174.4365
2016-08-14,2674.0,4225.8,2516.265,4678.112,3449.9,3597.1885
2016-08-15,2757.7,4399.2,3041.196,4638.335,3578.45,3839.7655
2016-08-16,2700.7,4389.6,2629.29,4128.133,3545.15,3378.7115
2016-08-17,2664.8,4335.7,2951.124,4227.672,3500.25,3589.3979999999997
2016-08-18,2626.2,4476.1,2447.961,4410.617,3551.15,3429.2889999999998
2016-08-19,2577.8,4230.7,2705.235,4223.094,3404.25,3464.1645
2016-08-20,2462.1,3688.7,2451.845,3620.41,3075.3999999999996,3036.1274999999996
2016-08-21,2307.3,3594.0,2316.395,3585.392,2950.65,2950.8935
2016-08-22,2531.7,3905.7,2486.413,3716.898,3218.7,3101.6555
2016-08-23,2252.4,3634.4,2105.9,3568.485,2943.4,2837.1925
2016-08-24,2281.9,4028.9,2213.002,4171.558,3155.4,3192.2799999999997
2016-08-25,2363.4,4129.2,2476.03,4320.301,3246.3,3398.1655
2016-08-26,2651.7,4590.2,2737.442,4667.824,3620.95,3702.633
2016-08-27,2519.4,3634.2,2527.768,3678.783,3076.8,3103.2754999999997
2016-08-28,2295.2,3483.6,2418.064,3629.97,2889.3999999999996,3024.017
2016-08-29,2387.7,4271.4,2480.418,4265.581,3329.5499999999997,3372.9995
2016-08-30,2362.2,3921.9,2291.32,3886.133,3142.05,3088.7264999999998
2016-08-31,2346.9,4221.9,2382.065,3889.747,3284.3999999999996,3135.906
2016-09-01,2439.9,3820.4,2652.05,3749.344,3130.15,3200.697
2016-09-02,2210.7,3471.8,2194.491,3377.129,2841.25,2785.81
2016-09-03,2015.8,2848.3,2058.4,2718.606,2432.05,2388.503
2016-09-04,1945.7,2862.2,1955.424,2683.147,2403.95,2319.2855
2016-09-05,2027.0,2964.6,1979.082,2861.937,2495.8,2420.5095
2016-09-06,2123.6,3408.1,2055.41,3310.553,2765.85,2682.9815
2016-09-07,2183.7,3597.4,2202.698,3743.151,2890.55,2972.9245
2016-09-08,2276.8,3813.3,2368.364,3878.976,3045.05,3123.67
2016-09-09,2485.4,4244.7,2538.625,4722.977,3365.05,3630.801
2016-09-10,2397.7,3302.8,2554.919,3402.601,2850.25,2978.76
2016-09-11,2281.2,3027.4,2474.633,3369.053,2654.3,2921.843
2016-09-12,2014.6,3138.2,2042.846,3298.09,2576.3999999999996,2670.468
2016-09-13,1975.7,3374.9,2013.201,3588.969,2675.3,2801.085
2016-09-14,2034.6,3635.4,2173.712,4037.093,2835.0,3105.4025
2016-09-15,1997.9,3000.4,2039.901,3087.345,2499.15,2563.623
2016-09-16,1820.0,2988.4,1905.988,3064.581,2404.2,2485.2845
2016-09-17,1873.5,2604.1,1903.837,2905.024,2238.8,2404.4305
2016-09-18,2056.3,2990.2,2096.173,3498.869,2523.25,2797.5209999999997
2016-09-19,2172.6,3530.5,2464.635,3704.205,2851.55,3084.42
2016-09-20,2148.1,3837.6,2343.681,3845.367,2992.85,3094.5240000000003
2016-09-21,2120.6,3624.8,2326.296,3589.804,2872.7,2958.05
2016-09-22,2059.7,3623.5,2097.16,3614.961,2841.6,2856.0604999999996
2016-09-23,1978.1,3446.5,2114.901,3373.7,2712.3,2744.3005
2016-09-24,1914.7,2625.8,1935.002,2621.349,2270.25,2278.1755000000003
2016-09-25,1782.9,2630.2,1800.748,2685.123,2206.55,2242.9355
2016-09-26,1931.9,2900.0,1815.014,2940.958,2415.95,2377.986
2016-09-27,1895.3,3068.7,1883.704,3088.265,2482.0,2485.9845
2016-09-28,1934.9,2974.5,1950.858,2940.097,2454.7,2445.4775
2016-09-29,1810.8,2914.0,1873.631,2873.068,2362.4,2373.3495000000003
2016-09-30,1800.8,2872.5,1859.465,2841.891,2336.65,2350.678
2016-10-01,1775.5,2568.6,1873.222,2658.606,2172.05,2265.914
2016-10-02,1699.3,2591.6,1831.079,2734.614,2145.45,2282.8465
2016-10-03,1861.7,2945.3,1878.947,2996.796,2403.5,2437.8714999999997
2016-10-04,1815.2,2882.5,1904.502,2921.352,2348.85,2412.9269999999997
2016-10-05,1811.7,2823.5,1874.167,2919.846,2317.6,2397.0065
2016-10-06,1798.8,2837.2,1871.052,2943.903,2318.0,2407.4775
2016-10-07,1790.0,2805.7,1882.452,2953.53,2297.85,2417.991
2016-10-08,1784.6,2637.8,1856.294,2751.051,2211.2,2303.6725
2016-10-09,1737.1,2611.3,1947.286,2684.074,2174.2,2315.6800000000003
2016-10-10,1730.0,2749.5,1851.349,2844.436,2239.75,2347.8925
2016-10-11,1840.3,2806.8,1893.018,2939.106,2323.55,2416.062
2016-10-12,1777.4,2803.1,1880.092,2959.793,2290.25,2419.9425
2016-10-13,1756.8,2803.4,1880.412,3045.735,2280.1,2463.0735
2016-10-14,1748.2,2755.0,1863.246,2825.638,2251.6,2344.442
2016-10-15,1781.6,2430.0,1900.068,2614.942,2105.8,2257.505
2016-10-16,1796.3,2431.5,1858.617,2797.381,2113.9,2327.999
2016-10-17,1800.5,2929.6,1895.555,3208.429,2365.05,2551.992
2016-10-18,1882.3,3185.7,2012.425,3094.66,2534.0,2553.5425
2016-10-19,1944.5,3053.2,2007.253,3220.32,2498.85,2613.7865
2016-10-20,1817.7,2962.5,1882.143,2969.549,2390.1,2425.846
2016-10-21,1838.9,2962.4,1903.664,3181.56,2400.65,2542.612
2016-10-22,1812.2,2634.8,1999.347,2726.224,2223.5,2362.7855
2016-10-23,1859.7,2678.0,1832.567,2728.781,2268.85,2280.674
2016-10-24,1828.8,2994.8,1840.284,2950.257,2411.8,2395.2705
2016-10-25,1890.9,2898.2,1883.414,3044.143,2394.55,2463.7785
2016-10-26,1916.2,3054.0,1988.677,3046.999,2485.1,2517.8379999999997
2016-10-27,1941.9,3092.8,2032.914,3088.053,2517.3500000000004,2560.4835
2016-10-28,1881.9,3042.7,1992.466,2999.199,2462.3,2495.8325
2016-10-29,1880.4,2712.0,1948.386,2725.938,2296.2,2337.1620000000003
2016-10-30,1805.4,2704.3,1887.586,2761.603,2254.8500000000004,2324.5945
2016-10-31,1894.9,2826.2,1887.271,2931.349,2360.55,2409.31
2016-11-01,1994.9,3038.9,2004.429,3039.61,2516.9,2522.0195000000003
2016-11-02,1878.6,2981.3,1942.527,3040.51,2429.95,2491.5185
2016-11-03,1838.2,3052.2,1896.712,3000.7,2445.2,2448.706
2016-11-04,1827.8,2990.5,1898.537,2884.58,2409.15,2391.5585
2016-11-05,1901.7,2679.0,1967.246,2725.987,2290.35,2346.6165
2016-11-06,1871.7,2825.4,1874.873,2877.924,2348.55,2376.3985000000002
2016-11-07,1942.5,3046.0,1967.434,3151.937,2494.25,2559.6855
2016-11-08,1935.5,2977.1,2043.852,3089.274,2456.3,2566.563
2016-11-09,1862.6,3076.7,1981.953,3103.802,2469.6499999999996,2542.8775
2016-11-10,1905.9,3080.8,1946.518,3075.943,2493.3500000000004,2511.2305
2016-11-11,1900.9,2902.6,1961.258,3013.018,2401.75,2487.138
2016-11-12,1949.2,2757.6,2034.341,2823.997,2353.4,2429.169
2016-11-13,1887.8,2775.0,1965.053,2824.414,2331.4,2394.7335000000003
2016-11-14,1902.2,3024.4,1943.472,3126.341,2463.3,2534.9065
2016-11-15,1932.3,3153.1,1940.175,3188.818,2542.7,2564.4965
2016-11-16,1850.0,2886.4,1936.058,3127.169,2368.2,2531.6135
2016-11-17,1883.3,3008.0,1946.436,3103.008,2445.65,2524.7219999999998
2016-11-18,1878.4,2877.8,1987.883,3029.856,2378.1000000000004,2508.8695000000002
2016-11-19,1842.8,2665.9,1933.913,2771.268,2254.35,2352.5905000000002
2016-11-20,1820.6,2870.3,1889.424,2960.983,2345.45,2425.2035
2016-11-21,1967.0,3223.9,2085.104,3394.8,2595.45,2739.952
2016-11-22,1963.5,3174.3,2190.079,3295.817,2568.9,2742.9480000000003
2016-11-23,2041.2,3158.6,2181.602,3218.111,2599.9,2699.8565
2016-11-24,1946.9,2728.6,2109.744,2868.098,2337.75,2488.9210000000003
2016-11-25,1930.6,2896.4,2021.065,2948.626,2413.5,2484.8455000000004
2016-11-26,1904.6,2714.5,1988.135,2829.654,2309.55,2408.8945
2016-11-27,1880.6,2796.9,2013.968,2996.856,2338.75,2505.4120000000003
2016-11-28,2004.9,3028.7,2101.377,3283.771,2516.8,2692.574
2016-11-29,1983.1,2947.7,2132.504,3291.05,2465.3999999999996,2711.777
2016-11-30,1880.8,2912.7,1987.979,3254.835,2396.75,2621.407
2016-12-01,1889.2,3061.5,2025.309,3147.715,2475.35,2586.512
2016-12-02,1913.0,3012.3,2035.841,3150.346,2462.65,2593.0935
2016-12-03,1955.8,2811.4,2052.018,2981.891,2383.6,2516.9545
2016-12-04,1969.3,2907.3,2110.588,3101.061,2438.3,2605.8245
2016-12-05,2097.2,3252.9,2174.536,3466.353,2675.05,2820.4445
2016-12-06,2050.8,3175.8,2204.588,3357.914,2613.3,2781.251
2016-12-07,2072.3,3238.3,2121.858,3363.724,2655.3,2742.791
2016-12-08,2026.6,3228.2,2145.661,3351.731,2627.3999999999996,2748.696
2016-12-09,2130.9,3365.6,2236.125,3454.485,2748.25,2845.3050000000003
2016-12-10,2218.7,3118.3,2372.176,3328.478,2668.5,2850.327
2016-12-11,2235.7,3172.2,2444.201,3323.165,2703.95,2883.683
2016-12-12,2112.1,3465.6,2314.695,3481.002,2788.85,2897.8485
2016-12-13,2061.6,3309.6,2248.342,3423.929,2685.6,2836.1355000000003
2016-12-14,2127.2,3351.3,2177.532,3482.963,2739.25,2830.2475000000004
2016-12-15,2249.0,3693.6,2345.829,3818.026,2971.3,3081.9275
2016-12-16,2527.7,3741.4,2816.072,3888.26,3134.55,3352.166
2016-12-17,2360.3,3138.0,2624.464,3445.65,2749.15,3035.057
2016-12-18,2001.9,2932.0,2285.499,3175.444,2466.95,2730.4714999999997
2016-12-19,2152.0,3442.5,2336.395,3766.664,2797.25,3051.5295
2016-12-20,2333.6,3480.7,2564.164,3607.531,2907.1499999999996,3085.8475
2016-12-21,2251.9,3394.2,2379.748,3464.25,2823.05,2921.999
2016-12-22,2136.5,3397.2,2314.813,3463.968,2766.85,2889.3905
2016-12-23,2196.7,3270.0,2286.246,3292.97,2733.35,2789.608
2016-12-24,2143.7,2924.9,2196.16,3010.437,2534.3,2603.2985
2016-12-25,1983.7,2799.0,2182.533,2819.168,2391.35,2500.8505
2016-12-26,2092.9,3035.3,2333.937,3208.371,2564.1000000000004,2771.154
2016-12-27,2024.9,3158.1,2101.297,3158.051,2591.5,2629.674
2016-12-28,2058.3,3224.0,2121.58,3296.857,2641.15,2709.2185
2016-12-29,2173.4,3269.3,2252.69,3367.024,2721.3500000000004,2809.857
2016-12-30,2140.7,3209.5,2263.662,3309.65,2675.1,2786.656
2016-12-31,2151.5,2993.2,2319.555,3165.745,2572.35,2742.6499999999996
2017-01-01,1988.4,2850.9,2205.802,2960.371,2419.65,2583.0865000000003
2017-01-02,2058.2,3026.4,2253.647,3264.017,2542.3,2758.832
2017-01-03,2054.9,3224.8,2133.7,3403.939,2639.8500000000004,2768.8194999999996
2017-01-04,1980.3,3180.5,2123.108,3282.046,2580.4,2702.577
2017-01-05,2155.1,3294.8,2255.369,3482.655,2724.95,2869.012
2017-01-06,2222.0,3341.1,2323.894,3447.276,2781.55,2885.585
2017-01-07,2266.5,3183.5,2413.947,3573.297,2725.0,2993.6220000000003
2017-01-08,2284.5,3258.7,2548.993,3539.812,2771.6,3044.4025
2017-01-09,2424.3,3542.0,2683.664,3834.165,2983.15,3258.9145
2017-01-10,2385.5,3384.5,2567.394,3543.947,2885.0,3055.6705
2017-01-11,2132.4,3123.3,2243.741,3230.351,2627.8500000000004,2737.0460000000003
2017-01-12,2003.1,3172.2,2103.116,3146.171,2587.6499999999996,2624.6435
2017-01-13,1971.2,3189.5,1991.817,3204.665,2580.35,2598.241
2017-01-14,2257.9,3251.9,2327.741,3185.673,2754.9,2756.707
2017-01-15,2182.2,3203.7,2282.035,3116.713,2692.95,2699.374
2017-01-16,2445.6,3623.6,2374.36,3358.706,3034.6,2866.5330000000004
2017-01-17,2120.7,3212.9,2253.925,3335.549,2666.8,2794.737
2017-01-18,2109.8,3336.5,2213.391,3393.977,2723.15,2803.684
2017-01-19,2020.0,3196.6,2243.114,3271.562,2608.3,2757.3379999999997
2017-01-20,2092.7,3175.2,2186.624,3226.431,2633.95,2706.5275
2017-01-21,1961.0,2826.2,2122.054,2855.751,2393.6,2488.9025
2017-01-22,1907.3,2909.2,2023.583,3071.135,2408.25,2547.3590000000004
2017-01-23,2049.4,3311.8,2118.572,3443.907,2680.6000000000004,2781.2395
2017-01-24,2113.9,3334.1,2260.738,3445.021,2724.0,2852.8795
2017-01-25,2000.4,3065.9,2203.795,3278.478,2533.15,2741.1365
2017-01-26,2028.2,3108.9,2166.958,3211.342,2568.55,2689.15
2017-01-27,2047.8,3099.4,2153.565,3228.595,2573.6,2691.08
2017-01-28,2064.7,2911.9,2186.416,3013.333,2488.3,2599.8745
2017-01-29,2064.2,2952.8,2203.774,3089.864,2508.5,2646.819
2017-01-30,2159.9,3361.8,2239.525,3408.687,2760.8500000000004,2824.1059999999998
2017-01-31,2347.2,3373.6,2396.409,3540.563,2860.3999999999996,2968.486
2017-02-01,2217.9,3248.6,2357.152,3349.209,2733.25,2853.1805
2017-02-02,2171.4,3274.2,2295.791,3356.281,2722.8,2826.036
2017-02-03,2194.1,3361.4,2356.851,3367.624,2777.75,2862.2375
2017-02-04,2236.6,3031.3,2397.912,3173.52,2633.95,2785.716
2017-02-05,2181.9,3023.9,2333.082,3159.434,2602.9,2746.258
2017-02-06,2145.6,3170.5,2243.837,3388.57,2658.05,2816.2035
2017-02-07,2169.1,3415.8,2250.221,3489.036,2792.45,2869.6285
2017-02-08,1986.7,3048.9,2314.146,3250.347,2517.8,2782.2465
2017-02-09,2119.8,3427.8,2219.668,3584.193,2773.8,2901.9305000000004
2017-02-10,2452.7,3445.5,2645.313,3538.75,2949.1,3092.0315
2017-02-11,2273.2,3021.9,2565.864,3401.911,2647.55,2983.8875
2017-02-12,2136.3,2994.8,2517.265,3391.659,2565.55,2954.462
2017-02-13,2127.9,3346.9,2440.756,3575.504,2737.4,3008.13
2017-02-14,2247.4,3301.8,2468.806,3363.869,2774.6000000000004,2916.3375
2017-02-15,2202.4,3251.8,2357.96,3332.729,2727.1000000000004,2845.3445
2017-02-16,2172.1,3261.6,2307.922,3401.009,2716.85,2854.4655000000002
2017-02-17,2222.8,3206.5,2436.417,3254.271,2714.65,2845.344
2017-02-18,2159.3,2920.4,2322.391,2877.941,2539.8500000000004,2600.166
2017-02-19,1935.9,2825.5,2071.332,2771.334,2380.7,2421.3329999999996
2017-02-20,2032.9,3172.6,2037.121,3069.029,2602.75,2553.075
2017-02-21,2163.0,3246.7,2211.461,3163.283,2704.85,2687.372
2017-02-22,2054.9,3173.2,2144.493,3003.959,2614.05,2574.2259999999997
2017-02-23,2011.5,3080.2,2053.999,2944.729,2545.85,2499.3639999999996
2017-02-24,1891.9,2961.6,1950.26,2897.259,2426.75,2423.7595
2017-02-25,1863.2,2608.5,1904.692,2721.472,2235.85,2313.0820000000003
2017-02-26,1902.1,2843.3,1893.397,2943.971,2372.7,2418.684
2017-02-27,2029.8,3031.0,2130.205,3090.725,2530.4,2610.465
2017-02-28,2022.3,3098.3,2075.453,3047.767,2560.3,2561.6099999999997
2017-03-01,1882.2,2918.3,1976.079,3035.844,2400.25,2505.9615
2017-03-02,1835.2,2943.8,1933.546,3159.128,2389.5,2546.337
2017-03-03,2091.9,3003.8,2231.016,3170.888,2547.8500000000004,2700.952
2017-03-04,2269.2,3137.0,2433.39,3409.515,2703.1,2921.4525
2017-03-05,2364.9,2986.7,2692.201,3338.634,2675.8,3015.4175
2017-03-06,2229.9,3102.8,2504.232,3316.221,2666.3500000000004,2910.2264999999998
2017-03-07,2124.5,3024.4,2263.014,3219.251,2574.45,2741.1325
2017-03-08,1858.3,2858.5,2066.017,3008.983,2358.4,2537.5
2017-03-09,1902.5,2899.5,2032.743,3064.697,2401.0,2548.7200000000003
2017-03-10,2041.5,3001.7,2122.134,3220.147,2521.6,2671.1405
2017-03-11,2247.9,3080.5,2428.19,3390.537,2664.2,2909.3635
2017-03-12,2366.7,3047.9,2662.591,3356.74,2707.3,3009.6655
2017-03-13,2341.2,3199.3,2605.729,3463.602,2770.25,3034.6655
2017-03-14,2229.8,3261.3,2381.458,3360.151,2745.55,2870.8045
2017-03-15,2225.0,3140.0,2381.369,3406.955,2682.5,2894.1620000000003
2017-03-16,2248.4,3185.2,2496.457,3318.444,2716.8,2907.4505
2017-03-17,2277.7,3126.9,2383.291,3230.201,2702.3,2806.746
2017-03-18,2195.3,2821.4,2321.069,2920.083,2508.3500000000004,2620.576
2017-03-19,2070.1,2809.7,2226.384,3010.786,2439.8999999999996,2618.585
2017-03-20,2075.0,2977.8,2251.325,3074.035,2526.4,2662.68
2017-03-21,2007.2,2886.5,2115.018,2959.625,2446.85,2537.3215
2017-03-22,2002.4,3069.8,2093.366,3342.434,2536.1000000000004,2717.9
2017-03-23,2306.9,3160.6,2503.464,3317.675,2733.75,2910.5695
2017-03-24,2181.4,3003.4,2309.332,3197.959,2592.4,2753.6454999999996
2017-03-25,1920.5,2639.1,2099.603,2847.337,2279.8,2473.4700000000003
2017-03-26,1988.4,2746.8,2196.173,2981.903,2367.6000000000004,2589.0379999999996
2017-03-27,1981.3,2900.5,2145.59,3166.378,2440.9,2655.9840000000004
2017-03-28,1978.1,2922.4,2133.822,3126.928,2450.25,2630.375
2017-03-29,1931.6,2852.4,2138.464,3058.999,2392.0,2598.7315
2017-03-30,1984.8,2839.9,2166.995,2964.437,2412.35,2565.716
2017-03-31,1966.0,2901.0,2071.076,3121.165,2433.5,2596.1205
2017-04-01,1930.4,2681.3,2233.822,3064.566,2305.8500000000004,2649.194
2017-04-02,1929.2,2623.7,2162.649,2792.181,2276.45,2477.415
2017-04-03,1956.0,2809.9,2069.063,2891.801,2382.95,2480.432
2017-04-04,1909.6,2938.4,1991.554,3118.743,2424.0,2555.1485000000002
2017-04-05,1949.7,2834.5,2109.844,3043.04,2392.1,2576.442
2017-04-06,1929.5,2931.7,2092.352,3152.62,2430.6,2622.486
2017-04-07,1854.0,2727.9,2071.246,2867.381,2290.95,2469.3135
2017-04-08,1915.1,2659.5,2055.228,2675.322,2287.3,2365.275
2017-04-09,1910.7,2523.9,2006.17,2664.984,2217.3,2335.577
2017-04-10,1841.4,2741.9,1903.887,2855.709,2291.65,2379.798
2017-04-11,1807.8,2831.1,1877.729,3099.819,2319.45,2488.774
2017-04-12,1844.1,2800.4,1933.39,2890.524,2322.25,2411.957
2017-04-13,1887.2,2790.0,1868.685,2737.745,2338.6,2303.215
2017-04-14,1841.1,2649.3,1898.596,2657.954,2245.2,2278.275
2017-04-15,1842.8,2445.5,1865.137,2527.406,2144.15,2196.2715
2017-04-16,1766.5,2632.0,1823.026,2742.921,2199.25,2282.9735
2017-04-17,1841.5,2740.1,1957.934,2805.145,2290.8,2381.5395
2017-04-18,1849.1,2756.4,1823.71,2710.543,2302.75,2267.1265000000003
2017-04-19,1833.5,2684.4,1906.969,2773.508,2258.95,2340.2385
2017-04-20,1806.1,2657.7,1908.213,2728.633,2231.8999999999996,2318.423
2017-04-21,1792.7,2736.7,1895.297,2893.459,2264.7,2394.3779999999997
2017-04-22,1772.5,2422.3,1928.361,2656.379,2097.4,2292.37
2017-04-23,1760.1,2419.8,1932.443,2567.21,2089.95,2249.8265
2017-04-24,1763.7,2587.4,1864.699,2762.207,2175.55,2313.453
2017-04-25,1834.8,2848.7,1838.699,2904.529,2341.75,2371.614
2017-04-26,1792.0,2680.3,1932.665,2896.96,2236.15,2414.8125
2017-04-27,1742.5,2669.5,1896.367,2800.73,2206.0,2348.5485
2017-04-28,1760.2,2762.1,1899.073,3079.893,2261.15,2489.483
2017-04-29,1754.8,2569.2,1972.403,2834.628,2162.0,2403.5155
2017-04-30,1716.9,2489.5,1840.017,2581.852,2103.2,2210.9345
2017-05-01,1741.5,2701.7,1834.366,2828.433,2221.6,2331.3995
2017-05-02,1802.2,2727.4,1893.869,2838.859,2264.8,2366.364
2017-05-03,1805.4,2720.5,1875.895,2735.693,2262.95,2305.794
2017-05-04,1814.2,2648.7,1886.509,2707.44,2231.45,2296.9745000000003
2017-05-05,1810.0,2766.5,1853.819,2850.737,2288.25,2352.2780000000002
2017-05-06,1786.1,2498.4,1863.374,2657.793,2142.25,2260.5835
2017-05-07,1782.0,2548.9,1826.774,2549.846,2165.45,2188.31
2017-05-08,1858.8,2755.9,1821.945,2746.417,2307.35,2284.181
2017-05-09,1898.3,2763.9,1895.766,2775.091,2331.1,2335.4285
2017-05-10,1890.6,2667.8,1887.65,2740.511,2279.2,2314.0805
2017-05-11,1812.0,2718.3,1860.536,2697.224,2265.15,2278.88
2017-05-12,1781.9,2790.8,1865.316,2734.131,2286.3500000000004,2299.7235
2017-05-13,1750.0,2447.7,1852.986,2507.131,2098.85,2180.0585
2017-05-14,1743.4,2644.0,1854.566,2591.255,2193.7,2222.9105
2017-05-15,1792.1,2717.4,1879.718,2830.364,2254.75,2355.041
2017-05-16,1778.8,2852.3,1883.35,2958.731,2315.55,2421.0405
2017-05-17,1908.6,3146.2,1920.99,3696.949,2527.3999999999996,2808.9695
2017-05-18,2218.3,3925.1,2362.144,4285.354,3071.7,3323.749
2017-05-19,2412.2,3591.8,2500.176,4131.126,3002.0,3315.651
2017-05-20,1870.3,2521.4,1984.865,2549.413,2195.85,2267.139
2017-05-21,1765.3,2509.9,1812.551,2569.874,2137.6,2191.2124999999996
2017-05-22,1774.7,2792.7,1834.888,2844.774,2283.7,2339.831
2017-05-23,1693.3,2861.8,1861.162,2868.696,2277.55,2364.929
2017-05-24,1834.5,2771.9,1892.361,2887.057,2303.2,2389.709
2017-05-25,1779.9,2874.9,1868.596,2827.763,2327.4,2348.1795
2017-05-26,1821.1,2744.9,1887.833,2787.013,2283.0,2337.423
2017-05-27,1603.9,2431.8,1836.137,2404.416,2017.8500000000001,2120.2765
2017-05-28,1663.8,2415.1,1804.961,2410.076,2039.4499999999998,2107.5185
2017-05-29,1664.0,2461.2,1803.996,2594.609,2062.6,2199.3025
2017-05-30,1751.2,2721.4,1819.828,2797.986,2236.3,2308.907
2017-05-31,1781.6,2750.5,1868.84,2960.616,2266.05,2414.728
2017-06-01,1822.4,2865.3,1896.312,3022.673,2343.8500000000004,2459.4925
2017-06-02,1773.6,2723.8,1876.208,2844.077,2248.7,2360.1425
2017-06-03,1746.6,2428.3,1837.089,2517.461,2087.45,2177.2749999999996
2017-06-04,1717.6,2515.9,1802.187,2636.645,2116.75,2219.416
2017-06-05,1750.7,2775.5,1851.097,2851.097,2263.1,2351.097
2017-06-06,1774.9,2820.3,1856.495,2858.487,2297.6000000000004,2357.491
2017-06-07,1799.2,2672.8,1871.852,2781.782,2236.0,2326.817
2017-06-08,1789.4,2775.4,1840.385,2972.421,2282.4,2406.403
2017-06-09,1808.5,2820.9,1869.231,3018.609,2314.7,2443.92
2017-06-10,1868.1,2827.2,1922.932,3076.433,2347.6499999999996,2499.6825
2017-06-11,2059.7,3887.3,2094.092,3855.656,2973.5,2974.874
2017-06-12,2362.2,4658.3,2597.653,4834.78,3510.25,3716.2164999999995
2017-06-13,2503.3,4672.5,2862.22,5003.233,3587.9,3932.7264999999998
2017-06-14,2312.0,3372.1,2451.49,3510.736,2842.05,2981.113
2017-06-15,2017.9,3037.3,2019.894,3241.608,2527.6000000000004,2630.751
2017-06-16,1941.3,2935.9,2014.913,3135.518,2438.6,2575.2155000000002
2017-06-17,1941.1,2824.1,1971.078,2708.39,2382.6,2339.734
2017-06-18,2010.0,3278.9,2144.418,3651.216,2644.45,2897.817
2017-06-19,2260.4,4046.7,2623.623,4473.619,3153.55,3548.621
2017-06-20,2343.6,4043.6,2608.805,4080.064,3193.6,3344.4345
2017-06-21,2212.3,3631.5,2332.498,3838.216,2921.9,3085.357
2017-06-22,2174.1,3563.9,2213.537,3793.724,2869.0,3003.6305
2017-06-23,2291.8,4470.7,2422.933,4311.824,3381.25,3367.3785
2017-06-24,2265.2,3672.0,2716.182,3748.74,2968.6,3232.461
2017-06-25,2080.8,3414.1,2259.669,3344.203,2747.45,2801.9359999999997
2017-06-26,2162.9,3428.4,2209.965,3515.635,2795.65,2862.8
2017-06-27,2125.1,3531.5,2144.445,3251.921,2828.3,2698.183
2017-06-28,2016.7,3409.3,1985.144,3218.888,2713.0,2602.016
2017-06-29,2101.0,3592.0,2088.33,3353.084,2846.5,2720.707
2017-06-30,2231.4,4467.9,2230.009,3993.751,3349.6499999999996,3111.88
2017-07-01,2347.7,3788.4,2420.464,3809.129,3068.05,3114.7965
2017-07-02,2323.2,3875.5,2499.147,3699.138,3099.35,3099.1425
2017-07-03,2419.6,4103.8,2595.083,3858.231,3261.7,3226.657
2017-07-04,2229.9,3444.5,2262.617,3340.129,2837.2,2801.373
2017-07-05,2302.4,3671.4,2254.023,3728.276,2986.9,2991.1495
2017-07-06,2221.3,3607.4,2247.451,3764.214,2914.3500000000004,3005.8325
2017-07-07,2253.5,3438.6,2258.477,3336.238,2846.05,2797.3575
2017-07-08,2120.1,3372.0,2084.043,3470.36,2746.05,2777.2015
2017-07-09,2068.6,3216.4,2141.059,3254.795,2642.5,2697.927
2017-07-10,2290.4,3879.5,2237.838,3973.583,3084.95,3105.7105
2017-07-11,2400.4,4311.4,2505.137,4068.678,3355.8999999999996,3286.9075000000003
2017-07-12,2538.9,4391.4,2551.485,4342.386,3465.1499999999996,3446.9355000000005
2017-07-13,2443.2,3706.2,2297.518,3290.975,3074.7,2794.2465
2017-07-14,2164.7,3082.4,1994.002,2971.576,2623.55,2482.7889999999998
2017-07-15,2045.5,3001.0,1999.043,3059.916,2523.25,2529.4795
2017-07-16,2145.7,3433.4,2145.154,3601.452,2789.55,2873.303
2017-07-17,2384.6,4020.2,2507.258,4304.364,3202.3999999999996,3405.8109999999997
2017-07-18,2441.9,4085.6,2559.331,4367.469,3263.75,3463.4
2017-07-19,2659.7,4767.6,2679.756,4753.463,3713.65,3716.6094999999996
2017-07-20,2725.9,5013.4,2726.499,4706.756,3869.6499999999996,3716.6275
2017-07-21,2734.6,4826.0,2745.961,4545.577,3780.3,3645.7690000000002
2017-07-22,2419.9,3927.5,2584.901,3611.133,3173.7,3098.017
2017-07-23,2311.9,3119.0,2375.43,2946.176,2715.45,2660.803
2017-07-24,2171.6,3271.6,2172.364,3043.101,2721.6,2607.7325
2017-07-25,2039.9,3115.9,1937.62,2919.867,2577.9,2428.7435
2017-07-26,2050.4,3325.7,1911.771,3318.425,2688.05,2615.098
2017-07-27,2087.2,3471.1,2096.679,3252.57,2779.1499999999996,2674.6245
2017-07-28,2219.0,3526.8,2173.739,3735.111,2872.9,2954.425
2017-07-29,2030.6,2732.7,2172.888,2670.783,2381.6499999999996,2421.8355
2017-07-30,1999.9,2866.3,1898.453,2834.721,2433.1000000000004,2366.587
2017-07-31,2059.3,3551.4,2026.09,3823.158,2805.3500000000004,2924.624
2017-08-01,2218.9,3876.1,2329.511,4221.047,3047.5,3275.2789999999995
2017-08-02,2365.3,4124.9,2534.278,4251.425,3245.1,3392.8514999999998
2017-08-03,2420.4,4026.4,2369.077,4204.38,3223.4,3286.7285
2017-08-04,2328.4,3798.5,2460.041,4165.533,3063.45,3312.7870000000003
2017-08-05,2260.2,3225.2,2453.999,3213.016,2742.7,2833.5074999999997
2017-08-06,2041.6,2987.3,2069.886,2878.411,2514.45,2474.1485000000002
2017-08-07,2094.8,3300.8,2099.225,3332.995,2697.8,2716.1099999999997
2017-08-08,2068.2,3345.7,2133.627,3255.565,2706.95,2694.596
2017-08-09,2094.8,3604.1,2095.365,3751.824,2849.45,2923.5945
2017-08-10,2223.2,3865.9,2246.136,4038.081,3044.55,3142.1085000000003
2017-08-11,2211.3,3672.9,2315.832,3705.424,2942.1000000000004,3010.6279999999997
2017-08-12,2239.6,3045.9,2214.173,3111.434,2642.75,2662.8035
2017-08-13,2141.9,3288.4,2327.285,3492.218,2715.15,2909.7515
2017-08-14,2193.3,3770.2,2257.546,3689.182,2981.75,2973.3639999999996
2017-08-15,2301.8,3899.8,2311.664,3648.996,3100.8,2980.33
2017-08-16,2310.4,4023.1,2301.764,3832.201,3166.75,3066.9825
2017-08-17,2151.5,3585.0,2135.359,3575.792,2868.25,2855.5755
2017-08-18,2195.7,3596.1,2224.305,3661.533,2895.8999999999996,2942.919
2017-08-19,2353.9,3692.6,2462.701,3481.392,3023.25,2972.0465
2017-08-20,2251.0,3476.8,2331.359,3365.59,2863.9,2848.4745000000003
2017-08-21,2310.0,4190.8,2281.015,3967.58,3250.4,3124.2974999999997
2017-08-22,2434.3,4760.3,2490.746,4646.578,3597.3,3568.6620000000003
2017-08-23,2557.2,3908.9,2654.329,3902.485,3233.05,3278.407
2017-08-24,2169.6,3453.4,2179.824,3513.372,2811.5,2846.598
2017-08-25,2148.0,3266.4,2114.954,3144.776,2707.2,2629.865
2017-08-26,1979.5,2793.3,1937.603,2700.985,2386.4,2319.294
2017-08-27,1893.8,2782.8,1891.241,2742.461,2338.3,2316.8509999999997
2017-08-28,1963.4,3100.4,1964.796,3133.104,2531.9,2548.95
2017-08-29,1920.3,3004.3,1945.309,2989.503,2462.3,2467.406
2017-08-30,1980.7,3049.8,1979.398,3052.022,2515.25,2515.71
2017-08-31,1994.1,3329.2,1939.858,3219.977,2661.6499999999996,2579.9175
2017-09-01,1940.1,2912.8,1886.981,2722.575,2426.45,2304.778
2017-09-02,1872.1,2558.8,1789.973,2464.545,2215.45,2127.259
2017-09-03,1831.5,2676.3,1816.432,2537.448,2253.9,2176.94
2017-09-04,1883.8,2903.7,1840.199,2952.409,2393.75,2396.304
2017-09-05,2086.2,3670.0,2048.223,4002.997,2878.1,3025.6099999999997
2017-09-06,2206.7,3375.3,2397.419,3600.757,2791.0,2999.0879999999997
2017-09-07,2116.2,3314.3,2063.748,3192.955,2715.25,2628.3514999999998
2017-09-08,1959.2,3026.3,1957.427,3010.239,2492.75,2483.833
2017-09-09,1842.8,2542.1,1875.916,2635.945,2192.45,2255.9305
2017-09-10,1809.4,2612.0,1837.411,2735.222,2210.7,2286.3165
2017-09-11,1874.2,3112.7,1840.217,3138.368,2493.45,2489.2925
2017-09-12,1926.5,3412.2,1927.135,3457.267,2669.35,2692.201
2017-09-13,2034.6,3521.5,2020.198,3508.711,2778.05,2764.4545
2017-09-14,2129.6,3888.3,2212.8,3717.535,3008.95,2965.1675
2017-09-15,2153.9,3601.5,2352.348,3787.913,2877.7,3070.1305
2017-09-16,2110.4,3065.9,2300.868,3224.295,2588.15,2762.5815000000002
2017-09-17,2085.8,3072.4,2097.103,3240.593,2579.1000000000004,2668.848
2017-09-18,2145.1,3222.3,2192.914,3312.977,2683.7,2752.9455
2017-09-19,2089.3,3120.2,2120.546,3176.342,2604.75,2648.444
2017-09-20,2094.9,3217.6,2074.225,3273.983,2656.25,2674.1040000000003
2017-09-21,1971.0,3181.8,2179.317,3094.705,2576.4,2637.011
2017-09-22,1954.1,2977.4,1966.572,2907.388,2465.75,2436.98
2017-09-23,1942.7,2883.7,1927.903,2912.462,2413.2,2420.1825
2017-09-24,1996.4,3355.3,1991.815,3450.666,2675.8500000000004,2721.2405
2017-09-25,2105.5,3819.4,2261.997,3990.578,2962.45,3126.2875
2017-09-26,2141.4,3776.0,2293.38,4077.305,2958.7,3185.3424999999997
2017-09-27,2139.3,3913.2,2342.138,4351.657,3026.25,3346.8975
2017-09-28,2238.3,3362.1,2256.104,3517.016,2800.2,2886.56
2017-09-29,1936.5,2809.1,1887.384,2831.823,2372.8,2359.6035
2017-09-30,1850.5,2596.4,1839.127,2570.063,2223.45,2204.5950000000003
2017-10-01,1766.9,2541.2,1799.032,2665.22,2154.05,2232.1259999999997
2017-10-02,1727.1,2721.9,1816.956,2890.553,2224.5,2353.7545
2017-10-03,1777.4,2802.5,1850.592,2910.526,2289.95,2380.559
2017-10-04,1791.6,2993.3,1851.412,3055.198,2392.45,2453.305
2017-10-05,1883.0,3121.2,1973.582,3289.516,2502.1,2631.549
2017-10-06,1852.9,2980.2,1984.813,3042.642,2416.55,2513.7275
2017-10-07,1899.6,2853.1,1918.267,2924.897,2376.35,2421.582
2017-10-08,2078.9,3390.6,2118.85,3157.973,2734.75,2638.4115
2017-10-09,2122.0,3403.8,2259.759,3507.065,2762.9,2883.4120000000003
2017-10-10,2399.5,3636.0,2339.733,3427.005,3017.75,2883.369
2017-10-11,1906.1,3063.9,2001.704,2988.536,2485.0,2495.12
2017-10-12,1835.6,2827.9,1870.587,2821.04,2331.75,2345.8135
2017-10-13,1859.3,2816.0,1842.194,2803.363,2337.65,2322.7785
2017-10-14,1963.6,2773.5,1851.794,2717.906,2368.55,2284.85
2017-10-15,2036.2,3127.4,1880.353,2891.888,2581.8,2386.1205
2017-10-16,2007.5,3021.7,2019.272,2887.885,2514.6,2453.5785
2017-10-17,1984.1,2907.0,1849.428,2888.882,2445.55,2369.155
2017-10-18,1815.4,2920.7,1861.136,2937.493,2368.05,2399.3145
2017-10-19,1880.4,3094.1,1846.606,2949.299,2487.25,2397.9525
2017-10-20,1792.4,2849.9,1857.244,2840.25,2321.15,2348.747
2017-10-21,1756.4,2688.4,1824.634,2692.574,2222.4,2258.6040000000003
2017-10-22,1768.9,2703.0,1818.422,2751.92,2235.95,2285.1710000000003
2017-10-23,1828.7,3145.4,1858.244,3034.063,2487.05,2446.1535
2017-10-24,1917.8,3329.3,1965.931,3271.875,2623.55,2618.9030000000002
2017-10-25,2041.4,3394.8,2136.581,3263.327,2718.1000000000004,2699.954
2017-10-26,2075.5,3437.0,1951.99,2985.079,2756.25,2468.5345
2017-10-27,1842.4,3028.5,1853.856,2798.545,2435.45,2326.2005
2017-10-28,1771.9,2634.8,1844.659,2646.434,2203.3500000000004,2245.5465000000004
2017-10-29,1741.5,3025.1,1858.776,2794.391,2383.3,2326.5835
2017-10-30,1810.0,3192.1,1852.582,2813.804,2501.05,2333.193
2017-10-31,1962.9,3100.6,1808.103,2794.04,2531.75,2301.0715
2017-11-01,1876.2,3101.5,1888.041,2972.388,2488.85,2430.2145
2017-11-02,2057.1,3420.8,1880.126,3046.847,2738.95,2463.4865
2017-11-03,2035.5,3075.7,1910.735,3043.271,2555.6,2477.003
2017-11-04,1974.6,2832.0,1813.819,2609.15,2403.3,2211.4845
2017-11-05,1922.1,3223.9,1808.564,2798.594,2573.0,2303.579
2017-11-06,1979.9,3177.0,1924.878,3133.696,2578.45,2529.287
2017-11-07,2001.4,3368.3,1853.439,3060.347,2684.8500000000004,2456.893
2017-11-08,1971.4,3156.2,1961.601,3134.681,2563.8,2548.141
2017-11-09,1996.6,3055.7,2080.626,3084.833,2526.1499999999996,2582.7295000000004
2017-11-10,2091.6,3386.7,1972.332,3234.866,2739.1499999999996,2603.599
2017-11-11,2175.6,2896.8,2277.168,3015.818,2536.2,2646.4930000000004
2017-11-12,2142.3,2844.0,2197.833,3000.431,2493.15,2599.132
2017-11-13,2035.1,3063.9,2115.317,3322.376,2549.5,2718.8465
2017-11-14,2053.5,3120.4,2113.986,3255.896,2586.95,2684.941
2017-11-15,2010.9,3022.2,2102.332,3224.426,2516.55,2663.379
2017-11-16,1963.1,3089.9,2110.525,3162.634,2526.5,2636.5795
2017-11-17,1973.8,3094.0,2076.014,3159.843,2533.9,2617.9285
2017-11-18,2025.2,2824.8,2165.195,2907.91,2425.0,2536.5525
2017-11-19,1808.5,2794.6,1948.379,2916.16,2301.55,2432.2695
2017-11-20,1974.4,3227.3,2075.252,3267.745,2600.8500000000004,2671.4984999999997
2017-11-21,1959.8,3033.2,2098.848,3083.954,2496.5,2591.401
2017-11-22,1884.2,3075.1,1974.058,3093.889,2479.65,2533.9735
2017-11-23,2008.4,2752.2,2066.142,2622.235,2380.3,2344.1885
2017-11-24,2004.7,2978.5,2107.42,2881.269,2491.6,2494.3445
2017-11-25,1980.3,2773.0,2023.205,2709.454,2376.65,2366.3295
2017-11-26,1898.1,2991.0,1897.533,2934.842,2444.55,2416.1875
2017-11-27,2025.0,3290.0,2051.908,3265.876,2657.5,2658.892
2017-11-28,2117.3,3213.3,2242.226,3333.694,2665.3,2787.96
2017-11-29,2036.6,3317.3,2056.639,3149.065,2676.95,2602.852
2017-11-30,2103.1,3249.0,2098.914,3220.693,2676.05,2659.8035
2017-12-01,1963.2,3147.6,2022.298,3103.541,2555.4,2562.9195
2017-12-02,2080.4,3022.1,2098.965,2938.802,2551.25,2518.8835
2017-12-03,2118.4,3043.4,2084.201,3026.36,2580.9,2555.2805
2017-12-04,2072.8,3389.9,2076.746,3284.54,2731.3500000000004,2680.643
2017-12-05,2156.5,3555.8,2101.034,3262.652,2856.15,2681.843
2017-12-06,1906.3,2926.3,1989.392,3231.387,2416.3,2610.3895
2017-12-07,2091.3,3139.3,2143.187,3242.519,2615.3,2692.853
2017-12-08,2099.3,3233.5,2161.547,3296.884,2666.4,2729.2155000000002
2017-12-09,2103.4,3266.4,2150.457,3252.658,2684.9,2701.5575
2017-12-10,2091.9,3195.0,2215.031,3207.561,2643.45,2711.2960000000003
2017-12-11,2163.8,3567.2,2222.508,3437.446,2865.5,2829.977
2017-12-12,2161.4,3368.5,2216.495,3360.178,2764.95,2788.3365
2017-12-13,2151.1,3542.7,2233.474,3702.239,2846.8999999999996,2967.8565
2017-12-14,2326.1,3587.7,2483.414,3620.651,2956.8999999999996,3052.0325000000003
2017-12-15,2566.7,3550.9,2570.786,3598.157,3058.8,3084.4715
2017-12-16,2362.7,3194.8,2435.297,3286.126,2778.75,2860.7115000000003
2017-12-17,2392.2,3275.1,2440.314,3379.35,2833.6499999999996,2909.832
2017-12-18,2360.4,3519.6,2433.766,3570.978,2940.0,3002.3720000000003
2017-12-19,2248.5,3299.9,2263.056,3296.549,2774.2,2779.8025
2017-12-20,2189.3,3373.4,2127.64,3335.23,2781.3500000000004,2731.435
2017-12-21,2280.0,3452.9,2283.444,3444.644,2866.45,2864.044
2017-12-22,2297.2,3428.3,2359.168,3519.736,2862.75,2939.452
2017-12-23,2103.1,3032.5,2315.001,3203.222,2567.8,2759.1115
2017-12-24,2165.3,3012.7,2211.441,3025.877,2589.0,2618.6589999999997
2017-12-25,2186.8,2948.7,2237.811,3036.49,2567.75,2637.1504999999997
2017-12-26,2350.4,3602.1,2381.864,3566.138,2976.25,2974.001
2017-12-27,2419.7,3737.1,2599.496,3741.635,3078.3999999999996,3170.5655
2017-12-28,2757.6,4013.2,2767.115,3980.073,3385.3999999999996,3373.594
2017-12-29,2800.6,3711.7,2936.593,3924.68,3256.1499999999996,3430.6364999999996
2017-12-30,2688.8,3350.9,2917.146,3653.383,3019.8500000000004,3285.2645
2017-12-31,2643.5,3631.5,2839.452,3847.873,3137.5,3343.6625000000004
2018-01-01,2668.0,3609.3,3047.427,3981.955,3138.65,3514.691
2018-01-02,2794.8,3864.7,2995.728,4052.615,3329.75,3524.1715
2018-01-03,2565.2,3611.2,2872.68,3736.279,3088.2,3304.4795
2018-01-04,2386.4,3844.3,2691.813,3744.272,3115.3500000000004,3218.0425
2018-01-05,2537.8,3885.9,2710.008,4059.17,3211.8500000000004,3384.589
2018-01-06,2815.2,3937.1,3104.138,3973.677,3376.1499999999996,3538.9075000000003
2018-01-07,3037.9,3860.7,3144.719,3934.303,3449.3,3539.511
2018-01-08,2663.5,3679.0,2806.865,3692.427,3171.25,3249.6459999999997
2018-01-09,2254.0,3417.1,2501.063,3479.055,2835.55,2990.059
2018-01-10,2368.2,3476.0,2470.097,3476.169,2922.1,2973.133
2018-01-11,2214.6,3318.1,2371.494,3256.209,2766.35,2813.8514999999998
2018-01-12,2018.6,3136.7,2143.195,3139.937,2577.6499999999996,2641.566
2018-01-13,1935.1,3112.8,2067.793,3100.673,2523.95,2584.233
2018-01-14,2330.3,3535.1,2489.666,3403.388,2932.7,2946.527
2018-01-15,2570.2,3737.2,2671.186,3855.168,3153.7,3263.177
2018-01-16,2371.7,3498.8,2631.12,3548.568,2935.25,3089.844
2018-01-17,2245.4,3622.8,2390.431,3545.413,2934.1000000000004,2967.922
2018-01-18,2345.3,3594.0,2395.21,3506.19,2969.65,2950.7
2018-01-19,2388.8,3571.7,2509.568,3421.81,2980.25,2965.6890000000003
2018-01-20,2290.4,3067.4,2349.964,3028.865,2678.9,2689.4145
2018-01-21,2258.2,2985.4,2215.521,2951.412,2621.8,2583.4665
2018-01-22,2152.9,3308.4,2182.407,3380.908,2730.65,2781.6575000000003
2018-01-23,2076.6,3211.8,2224.482,3358.376,2644.2,2791.429
2018-01-24,2252.4,3461.9,2223.258,3355.861,2857.15,2789.5595
2018-01-25,2455.1,3606.7,2441.927,3567.324,3030.8999999999996,3004.6255
2018-01-26,2518.3,3477.0,2564.943,3424.019,2997.65,2994.4809999999998
2018-01-27,2284.8,2907.0,2372.754,2969.333,2595.9,2671.0434999999998
2018-01-28,1983.0,2920.6,2074.182,3007.366,2451.8,2540.774
2018-01-29,2120.4,3515.6,2145.022,3443.556,2818.0,2794.2889999999998
2018-01-30,2269.5,3524.7,2395.02,3534.664,2897.1,2964.842
2018-01-31,2430.2,3440.4,2538.403,3489.317,2935.3,3013.8599999999997
2018-02-01,2238.1,3262.4,2393.653,3268.894,2750.25,2831.2735
2018-02-02,2138.5,3459.2,2215.83,3515.619,2798.85,2865.7245000000003
2018-02-03,2535.3,3239.8,2682.643,3321.775,2887.55,3002.209
2018-02-04,2340.3,3057.6,2440.151,3188.672,2698.95,2814.4115
2018-02-05,2143.5,3380.6,2165.587,3367.603,2762.05,2766.5950000000003
2018-02-06,2353.2,3273.4,2426.418,3430.586,2813.3,2928.502
2018-02-07,2339.1,3599.5,2431.511,3547.237,2969.3,2989.374
2018-02-08,2297.8,3639.8,2374.513,3431.649,2968.8,2903.081
2018-02-09,2383.7,3353.4,2497.997,3379.374,2868.55,2938.6854999999996
2018-02-10,2210.7,2870.1,2332.014,2915.531,2540.3999999999996,2623.7725
2018-02-11,2032.3,2988.0,2042.966,3069.596,2510.15,2556.281
2018-02-12,2024.4,3158.9,2142.492,3233.877,2591.65,2688.1845000000003
2018-02-13,2275.7,3282.2,2303.023,3344.075,2778.95,2823.549
2018-02-14,2209.1,3128.1,2330.402,3168.001,2668.6,2749.2015
2018-02-15,2131.4,3070.0,2162.09,3117.829,2600.7,2639.9595
2018-02-16,1984.2,3096.1,2030.625,3026.011,2540.15,2528.318
2018-02-17,2245.0,2940.6,2191.144,2967.702,2592.8,2579.423
2018-02-18,2097.0,2856.2,2200.9,2887.361,2476.6,2544.1305
2018-02-19,2162.7,3054.9,2225.195,3028.051,2608.8,2626.623
2018-02-20,1997.0,2920.9,2007.821,2929.048,2458.95,2468.4345
2018-02-21,2006.4,3007.8,1937.832,2960.783,2507.1000000000004,2449.3075
2018-02-22,2089.7,3150.2,1895.302,3111.636,2619.95,2503.469
2018-02-23,2160.0,3118.5,2162.334,3075.33,2639.25,2618.832
2018-02-24,2003.9,2610.1,2088.071,2732.546,2307.0,2410.3085
2018-02-25,1974.9,2921.2,2036.27,2976.951,2448.05,2506.6105
2018-02-26,2002.1,2965.4,2063.657,3053.379,2483.75,2558.518
2018-02-27,1999.0,3010.2,2104.422,3008.387,2504.6,2556.4045
2018-02-28,2013.5,2831.7,2064.97,2951.807,2422.6,2508.3885
2018-03-01,1956.8,2931.1,1954.323,2938.616,2443.95,2446.4695
2018-03-02,2082.1,3352.8,2049.214,3184.838,2717.45,2617.026
2018-03-03,2136.5,2976.8,2101.685,2880.316,2556.65,2491.0005
2018-03-04,2316.6,2978.1,2092.84,2977.084,2647.35,2534.962
2018-03-05,2278.2,3221.9,2168.997,3143.99,2750.05,2656.4934999999996
2018-03-06,2291.0,3289.4,2188.609,3201.688,2790.2,2695.1485000000002
2018-03-07,2173.9,3510.1,2187.987,3333.534,2842.0,2760.7605000000003
2018-03-08,2264.2,3239.5,2113.304,2977.732,2751.85,2545.518
2018-03-09,2145.7,3004.3,2174.235,3096.789,2575.0,2635.512
2018-03-10,2124.7,2790.9,2222.509,2928.534,2457.8,2575.5215
2018-03-11,2030.2,2801.1,2233.212,2902.89,2415.65,2568.051
2018-03-12,2160.6,3113.2,2184.922,3081.014,2636.8999999999996,2632.968
2018-03-13,2117.2,3315.0,2212.665,3186.282,2716.1,2699.4735
2018-03-14,2265.6,3135.4,2285.071,3128.852,2700.5,2706.9615
2018-03-15,2128.0,3066.1,2240.832,3083.296,2597.05,2662.064
2018-03-16,2128.8,3023.0,2220.121,3076.019,2575.9,2648.0699999999997
2018-03-17,2215.7,2980.3,2310.023,2948.631,2598.0,2629.327
2018-03-18,2371.7,2984.5,2416.117,3085.53,2678.1,2750.8235000000004
2018-03-19,2319.4,3195.0,2399.101,3251.098,2757.2,2825.0995000000003
2018-03-20,2290.5,3123.7,2352.309,3191.938,2707.1,2772.1235
2018-03-21,2151.5,3276.7,2220.377,3198.141,2714.1,2709.259
2018-03-22,2172.6,3090.4,2227.665,3173.917,2631.5,2700.791
2018-03-23,2166.3,2974.1,2193.666,2953.865,2570.2,2573.7655
2018-03-24,2159.5,2862.1,2131.866,2742.29,2510.8,2437.078
2018-03-25,2120.3,2893.8,2114.103,2931.607,2507.05,2522.855
2018-03-26,2128.4,3089.6,2213.285,3047.03,2609.0,2630.1575000000003
2018-03-27,2161.1,3075.5,2218.079,3022.41,2618.3,2620.2445
2018-03-28,2142.0,3015.0,2096.241,2937.865,2578.5,2517.053
2018-03-29,2001.7,2955.4,2027.778,2867.455,2478.55,2447.6165
2018-03-30,1928.9,2987.5,1958.64,2883.431,2458.2,2421.0355
2018-03-31,1941.8,2544.1,1967.812,2563.301,2242.95,2265.5564999999997
2018-04-01,1924.6,2567.9,1940.003,2602.451,2246.25,2271.227
2018-04-02,2016.0,2965.6,2019.272,3094.349,2490.8,2556.8105
2018-04-03,2029.1,3003.7,2140.624,3062.793,2516.3999999999996,2601.7084999999997
2018-04-04,2011.9,2985.8,2079.06,2962.147,2498.8500000000004,2520.6035
2018-04-05,2206.0,3035.2,2123.766,3006.48,2620.6,2565.123
2018-04-06,2106.7,3092.3,2211.012,3086.454,2599.5,2648.733
2018-04-07,1983.7,2648.7,2090.738,2751.881,2316.2,2421.3095
2018-04-08,2096.8,2753.0,2104.57,2849.431,2424.9,2477.0005
2018-04-09,2022.4,3250.6,2150.229,2949.589,2636.5,2549.9089999999997
2018-04-10,2055.2,2947.5,2109.151,2992.958,2501.35,2551.0545
2018-04-11,2023.9,2844.6,2153.322,2949.572,2434.25,2551.447
2018-04-12,2053.8,2834.0,2096.877,2861.186,2443.9,2479.0315
2018-04-13,1960.7,2694.1,1967.745,2798.762,2327.4,2383.2535
2018-04-14,1856.7,2608.2,1882.823,2600.678,2232.45,2241.7505
2018-04-15,2007.8,2850.9,2011.737,2902.2,2429.35,2456.9685
2018-04-16,1990.4,3004.9,2175.944,3101.416,2497.65,2638.6800000000003
2018-04-17,1901.2,2834.9,2003.752,2847.652,2368.05,2425.702
2018-04-18,1996.8,2789.0,2062.272,2787.289,2392.9,2424.7805
2018-04-19,1936.1,3151.8,2014.819,2989.003,2543.95,2501.911
2018-04-20,1997.6,2888.4,2079.259,2769.542,2443.0,2424.4004999999997
2018-04-21,1940.0,2520.4,2024.483,2505.652,2230.2,2265.0675
2018-04-22,1950.1,2560.5,1925.74,2577.877,2255.3,2251.8085
2018-04-23,1894.1,2739.7,1897.177,2721.219,2316.8999999999996,2309.198
2018-04-24,1867.9,2713.8,1903.875,2736.405,2290.8500000000004,2320.1400000000003
2018-04-25,1847.8,2772.7,1859.999,2872.944,2310.25,2366.4715
2018-04-26,1870.3,2729.0,1904.772,2808.631,2299.65,2356.7015
2018-04-27,1859.2,2759.7,1861.506,2722.165,2309.45,2291.8355
2018-04-28,1807.4,2433.4,1840.681,2469.236,2120.4,2154.9584999999997
2018-04-29,1792.3,2575.0,1784.886,2543.883,2183.65,2164.3845
2018-04-30,1885.9,2850.6,1852.865,2773.349,2368.25,2313.107
2018-05-01,2285.4,3239.6,1904.144,2711.259,2762.5,2307.7015
2018-05-02,1855.2,3429.1,1838.389,3166.503,2642.15,2502.446
2018-05-03,1976.6,3586.6,2004.755,3517.922,2781.6,2761.3385
2018-05-04,2116.9,3320.2,2221.282,3423.716,2718.55,2822.499
2018-05-05,1913.3,2597.7,1974.065,2612.282,2255.5,2293.1735
2018-05-06,1800.9,2593.6,1867.358,2557.371,2197.25,2212.3645
2018-05-07,1790.3,2687.4,1810.324,2679.828,2238.85,2245.076
2018-05-08,1769.7,2718.1,1811.844,2769.118,2243.9,2290.4809999999998
2018-05-09,1769.7,2767.6,1820.773,2751.286,2268.65,2286.0295
2018-05-10,1807.0,2818.3,1811.603,2787.742,2312.65,2299.6725
2018-05-11,1815.1,2733.3,1862.361,2707.589,2274.2,2284.975
2018-05-12,1753.1,2585.9,1782.562,2449.606,2169.5,2116.084
2018-05-13,1801.7,2517.8,1781.216,2447.474,2159.75,2114.3450000000003
2018-05-14,1819.3,2803.4,1789.019,2833.589,2311.35,2311.304
2018-05-15,1880.0,3056.6,1867.611,3450.253,2468.3,2658.9320000000002
2018-05-16,1817.2,2819.1,1908.052,2681.526,2318.15,2294.7889999999998
2018-05-17,1788.1,2933.9,1824.147,2937.177,2361.0,2380.6620000000003
2018-05-18,1800.4,2720.8,1874.676,2566.842,2260.6000000000004,2220.759
2018-05-19,1759.5,2527.1,1790.995,2450.689,2143.3,2120.8419999999996
2018-05-20,1797.1,2787.2,1829.529,2808.716,2292.1499999999996,2319.1225
2018-05-21,1815.8,2980.6,1855.522,3059.269,2398.2,2457.3954999999996
2018-05-22,1806.6,2829.3,1878.29,2882.234,2317.95,2380.2619999999997
2018-05-23,1811.4,3115.0,1831.904,3187.857,2463.2,2509.8805
2018-05-24,1816.8,2897.8,1893.121,2914.988,2357.3,2404.0545
2018-05-25,1863.3,3354.1,1836.158,3333.707,2608.7,2584.9325
2018-05-26,2015.9,3070.2,2112.373,3214.288,2543.05,2663.3305
2018-05-27,1896.2,2511.0,1928.386,2339.812,2203.6,2134.099
2018-05-28,1801.2,2627.7,1764.673,2533.559,2214.45,2149.116
2018-05-29,1881.0,3320.8,1827.531,3453.462,2600.9,2640.4965
2018-05-30,1914.2,3048.1,2095.302,3083.584,2481.15,2589.443
2018-05-31,1845.6,3107.5,1916.663,3420.54,2476.55,2668.6014999999998
2018-06-01,1994.7,3593.5,2161.055,3681.734,2794.1,2921.3945
2018-06-02,2131.0,2854.0,2357.517,3373.383,2492.5,2865.45
2018-06-03,1885.6,2576.2,1890.763,2485.316,2230.8999999999996,2188.0395
2018-06-04,1867.2,2876.0,1799.029,2789.789,2371.6,2294.409
2018-06-05,1912.0,2873.5,1814.105,2800.563,2392.75,2307.334
2018-06-06,1828.5,2782.7,1826.616,2769.145,2305.6,2297.8805
2018-06-07,1819.8,2895.4,1835.96,2922.259,2357.6,2379.1095
2018-06-08,1902.0,3181.0,1852.03,3173.927,2541.5,2512.9785
2018-06-09,1846.4,2795.0,1936.549,2861.061,2320.7,2398.8050000000003
2018-06-10,1829.1,2687.2,1881.883,2678.27,2258.1499999999996,2280.0765
2018-06-11,1836.8,2930.6,1878.919,2876.655,2383.7,2377.7870000000003
2018-06-12,1835.8,3013.8,1836.154,3178.809,2424.8,2507.4815
2018-06-13,1886.4,3207.6,1902.045,3289.06,2547.0,2595.5525
2018-06-14,1997.9,3312.3,2196.182,3269.822,2655.1000000000004,2733.002
2018-06-15,1853.7,2863.5,1958.098,2828.282,2358.6,2393.19
2018-06-16,1846.9,3021.1,1874.367,2934.422,2434.0,2404.3945
2018-06-17,1943.0,3297.4,1949.317,3054.557,2620.2,2501.937
2018-06-18,2223.9,4620.3,2154.882,4372.582,3422.1000000000004,3263.732
2018-06-19,2416.1,3946.6,2605.523,3747.291,3181.35,3176.407
2018-06-20,2069.6,3548.3,2113.717,3526.895,2808.95,2820.306
2018-06-21,2118.6,3165.4,2181.663,3509.081,2642.0,2845.3720000000003
2018-06-22,1959.4,3013.5,2048.05,3141.418,2486.45,2594.7340000000004
2018-06-23,1845.9,2513.9,1959.794,2607.008,2179.9,2283.401
2018-06-24,1823.9,2830.9,1866.537,3010.53,2327.4,2438.5335
2018-06-25,2035.4,3010.9,2170.822,3124.763,2523.15,2647.7925
2018-06-26,1887.2,3080.9,1913.221,3222.646,2484.05,2567.9335
2018-06-27,1989.4,3227.5,2030.42,3280.056,2608.45,2655.2380000000003
2018-06-28,2058.9,3441.2,2147.628,3447.649,2750.05,2797.6385
2018-06-29,2153.6,4007.6,2327.162,4138.634,3080.6,3232.898
2018-06-30,2267.0,4046.3,2463.915,3955.946,3156.65,3209.9305
2018-07-01,2539.1,4071.2,2614.527,4267.225,3305.1499999999996,3440.876
2018-07-02,2534.1,4675.3,2738.739,4355.957,3604.7,3547.348
2018-07-03,2609.5,5050.4,2795.672,5016.381,3829.95,3906.0265
2018-07-04,2661.6,3986.9,2990.704,4185.624,3324.25,3588.1639999999998
2018-07-05,2795.7,4849.8,2950.216,4996.809,3822.75,3973.5125
2018-07-06,2703.9,4111.7,2576.466,4345.211,3407.8,3460.8385
2018-07-07,2144.9,3018.8,2053.729,2929.775,2581.8500000000004,2491.752
2018-07-08,2006.7,3362.1,1995.483,3266.507,2684.4,2630.995
2018-07-09,2195.0,4252.8,2180.204,4294.919,3223.9,3237.5615
2018-07-10,2397.2,4708.6,2520.64,4629.058,3552.9,3574.849
2018-07-11,2518.3,3826.0,2637.643,3666.307,3172.15,3151.975
2018-07-12,2237.5,3662.9,2212.9,3476.435,2950.2,2844.6675
2018-07-13,2205.9,3716.1,2217.475,3615.801,2961.0,2916.638
2018-07-14,2121.0,3344.8,2143.321,3005.642,2732.9,2574.4815
2018-07-15,2240.5,3654.8,2257.304,3573.69,2947.65,2915.4970000000003
2018-07-16,2413.5,4380.9,2452.305,4182.844,3397.2,3317.5744999999997
2018-07-17,2698.7,4594.1,2718.736,4649.399,3646.4,3684.0675
2018-07-18,2616.6,3996.2,2533.636,3748.746,3306.3999999999996,3141.191
2018-07-19,2307.3,3657.9,2156.967,3506.766,2982.6000000000004,2831.8665
2018-07-20,2275.0,3783.9,2174.271,3668.334,3029.45,2921.3025
2018-07-21,2130.6,2937.0,2143.001,2996.595,2533.8,2569.798
2018-07-22,2149.2,3296.7,2182.763,3336.744,2722.95,2759.7535
2018-07-23,2465.7,4100.8,2618.899,4365.145,3283.25,3492.022
2018-07-24,2601.6,4349.7,2794.837,4565.529,3475.6499999999996,3680.183
2018-07-25,2642.0,4105.9,2890.917,4444.146,3373.95,3667.5315
2018-07-26,2617.7,4131.7,2786.556,4272.114,3374.7,3529.335
2018-07-27,2590.0,4450.6,2582.378,4528.633,3520.3,3555.5055
2018-07-28,2550.9,3790.4,2729.168,4058.73,3170.65,3393.949
2018-07-29,2340.7,3493.1,2539.972,3556.841,2916.8999999999996,3048.4065
2018-07-30,2385.1,4021.2,2422.344,3902.887,3203.1499999999996,3162.6155
2018-07-31,2444.3,4080.0,2407.573,4215.498,3262.15,3311.5355
2018-08-01,2512.4,4143.8,2533.023,4122.423,3328.1000000000004,3327.723
2018-08-02,2743.8,4927.4,2872.373,4972.025,3835.6,3922.1989999999996
2018-08-03,2907.4,4769.1,3033.216,4764.667,3838.25,3898.9415
2018-08-04,2706.8,3680.3,2862.97,3803.677,3193.55,3333.3235
2018-08-05,2424.3,3998.1,2470.848,4102.365,3211.2,3286.6065
2018-08-06,2687.1,4958.4,2809.661,5015.04,3822.75,3912.3505
2018-08-07,2908.7,5058.1,3142.318,5096.349,3983.4,4119.333500000001
2018-08-08,2860.3,4774.1,3125.929,4717.978,3817.2000000000003,3921.9535
2018-08-09,2768.1,4441.2,2971.715,4592.546,3604.6499999999996,3782.1305
2018-08-10,2653.1,4288.3,2661.453,4241.995,3470.7,3451.724
2018-08-11,2415.2,3106.8,2503.884,3112.92,2761.0,2808.402
2018-08-12,2277.9,3246.4,2322.313,3085.017,2762.15,2703.665
2018-08-13,2445.0,3810.2,2337.886,3427.633,3127.6,2882.7595
2018-08-14,2445.0,4034.3,2381.823,4001.098,3239.65,3191.4605
2018-08-15,2514.7,4466.6,2526.796,4341.73,3490.65,3434.263
2018-08-16,2667.9,4728.9,2731.938,4606.013,3698.3999999999996,3668.9755
2018-08-17,2602.0,4215.5,2587.852,4142.565,3408.75,3365.2084999999997
2018-08-18,2602.8,3546.6,2688.725,3820.725,3074.7,3254.725
2018-08-19,2203.3,3009.0,2271.087,2888.845,2606.15,2579.966
2018-08-20,2182.0,3413.6,2229.304,3360.097,2797.8,2794.7005
2018-08-21,2138.4,3418.8,2161.307,3188.864,2778.6000000000004,2675.0855
2018-08-22,2237.2,3872.4,2171.017,3706.642,3054.8,2938.8295
2018-08-23,2233.5,3459.6,2239.902,3257.413,2846.55,2748.6575000000003
2018-08-24,2137.1,3725.9,2046.674,3641.88,2931.5,2844.277
2018-08-25,2177.5,3239.0,2197.313,3220.977,2708.25,2709.145
2018-08-26,2110.1,3355.9,2100.603,3434.442,2733.0,2767.5225
2018-08-27,2382.7,4529.5,2518.863,4473.615,3456.1,3496.2389999999996
2018-08-28,2755.6,5030.3,2793.734,5185.032,3892.95,3989.383
2018-08-29,3066.0,5419.0,3363.429,5317.416,4242.5,4340.422500000001
2018-08-30,3024.1,4738.5,3115.103,4729.542,3881.3,3922.3225
2018-08-31,2489.0,3411.4,2391.438,3304.096,2950.2,2847.767
2018-09-01,2140.7,2987.7,2055.185,2867.857,2564.2,2461.5209999999997
2018-09-02,2076.7,3373.3,2081.632,3303.781,2725.0,2692.7065000000002
2018-09-03,2321.3,4038.9,2483.893,4741.388,3180.1000000000004,3612.6405
2018-09-04,2757.6,4679.8,3164.947,4605.988,3718.7,3885.4675
2018-09-05,2585.4,4549.8,2729.054,4832.176,3567.6000000000004,3780.6150000000002
2018-09-06,2736.4,4928.8,2895.56,5104.191,3832.6000000000004,3999.8755
2018-09-07,2594.8,3545.3,2476.699,3270.814,3070.05,2873.7565
2018-09-08,2167.8,2770.7,2131.377,2649.682,2469.25,2390.5294999999996
2018-09-09,1941.7,2718.7,1864.658,2580.875,2330.2,2222.7664999999997
2018-09-10,1955.7,3153.3,1849.399,2928.977,2554.5,2389.188
2018-09-11,2178.1,3750.5,1998.782,3340.101,2964.3,2669.4415
2018-09-12,2369.1,3466.0,2234.306,3258.331,2917.55,2746.3185000000003
2018-09-13,2175.8,3320.7,2119.511,3215.431,2748.25,2667.471
2018-09-14,2086.6,3266.4,2053.295,3321.277,2676.5,2687.286
2018-09-15,2120.0,3082.8,2082.445,2943.453,2601.4,2512.949
2018-09-16,2168.7,3360.7,2030.459,3507.788,2764.7,2769.1235
2018-09-17,2233.0,3869.1,2307.322,3795.707,3051.05,3051.5145
2018-09-18,2493.1,3746.6,2460.261,3648.216,3119.85,3054.2385
2018-09-19,2349.8,3276.7,2242.621,3011.181,2813.25,2626.901
2018-09-20,2039.0,3048.7,1949.213,2889.437,2543.85,2419.325
2018-09-21,1984.4,3416.9,1925.555,2938.536,2700.65,2432.0455
2018-09-22,2072.7,2647.9,2103.293,2590.809,2360.3,2347.0510000000004
2018-09-23,1827.8,2628.0,1798.199,2625.384,2227.9,2211.7915000000003
2018-09-24,1873.7,2810.5,1809.315,2791.342,2342.1,2300.3285
2018-09-25,1883.1,3045.4,1838.925,2998.077,2464.25,2418.501
2018-09-26,2111.9,3471.9,2054.558,3602.535,2791.9,2828.5465
2018-09-27,2104.4,2929.0,2208.151,2944.956,2516.7,2576.5535
2018-09-28,1899.1,2775.9,1912.989,2859.951,2337.5,2386.4700000000003
2018-09-29,1860.8,2558.2,1845.064,2595.619,2209.5,2220.3415
2018-09-30,1792.4,2558.0,1811.64,2664.171,2175.2,2237.9055
2018-10-01,1766.8,2919.1,1847.902,2933.693,2342.95,2390.7975
2018-10-02,1792.5,3057.8,1873.445,2960.668,2425.15,2417.0565
2018-10-03,2014.1,3087.3,1887.782,2914.471,2550.7,2401.1265
2018-10-04,1872.9,3218.8,1892.682,3046.09,2545.8500000000004,2469.386
2018-10-05,1885.0,2677.5,1942.569,2698.959,2281.25,2320.764
2018-10-06,1802.6,2463.4,1827.253,2534.4,2133.0,2180.8265
2018-10-07,1810.5,2783.7,1852.605,2698.531,2297.1,2275.568
2018-10-08,1880.2,3162.1,1852.856,2844.795,2521.15,2348.8255
2018-10-09,1830.3,3365.5,1871.436,3254.036,2597.9,2562.736
2018-10-10,2034.4,3683.8,2105.273,3619.263,2859.1000000000004,2862.268
2018-10-11,2035.9,3145.5,2209.41,3019.369,2590.7,2614.3895
2018-10-12,1982.3,2708.1,1913.684,2885.351,2345.2,2399.5175
2018-10-13,1744.8,2459.1,1823.511,2574.337,2101.95,2198.924
2018-10-14,1768.9,2491.6,1854.368,2676.162,2130.25,2265.265
2018-10-15,1779.1,2843.4,1868.826,3062.196,2311.25,2465.511
2018-10-16,1805.9,2824.1,1870.208,2850.141,2315.0,2360.1745
2018-10-17,1872.1,2836.3,1908.386,2879.858,2354.2,2394.1220000000003
2018-10-18,1919.4,3081.6,1949.373,2939.329,2500.5,2444.351
2018-10-19,2012.5,2879.2,2039.127,2815.47,2445.85,2427.2985
2018-10-20,1781.3,2519.9,1881.538,2574.562,2150.6,2228.05
2018-10-21,1809.2,2762.3,1849.468,2782.561,2285.75,2316.0145
2018-10-22,1960.7,2902.2,2018.233,2993.063,2431.45,2505.648
2018-10-23,1968.4,2973.9,2002.08,2955.764,2471.15,2478.922
2018-10-24,1965.8,2967.0,1943.211,2987.708,2466.4,2465.4595
2018-10-25,1968.2,3132.1,2031.913,2990.771,2550.15,2511.342
2018-10-26,2009.1,2929.4,2080.861,2911.397,2469.25,2496.129
2018-10-27,1892.2,2644.7,2006.955,2828.368,2268.45,2417.6615
2018-10-28,1785.2,2674.4,1950.056,2775.999,2229.8,2363.0275
2018-10-29,1854.0,2935.3,1931.001,2965.608,2394.65,2448.3045
2018-10-30,1922.7,3049.3,1975.768,3010.714,2486.0,2493.241
2018-10-31,1976.8,2913.4,2053.49,2905.122,2445.1,2479.3059999999996
2018-11-01,1813.7,3007.6,1919.753,2920.297,2410.65,2420.025
2018-11-02,1793.2,2935.3,1887.101,3004.558,2364.25,2445.8295
2018-11-03,1761.6,2617.1,1889.831,2618.043,2189.35,2253.937
2018-11-04,1846.2,2748.3,1877.892,2762.007,2297.25,2319.9495
2018-11-05,1964.6,3136.1,1951.483,3069.089,2550.35,2510.286
2018-11-06,1955.0,3015.1,1941.432,3040.702,2485.05,2491.067
2018-11-07,1840.0,2896.7,1922.422,2961.39,2368.35,2441.906
2018-11-08,1735.3,2896.5,1905.754,2991.94,2315.9,2448.8469999999998
2018-11-09,1918.4,3158.3,1997.044,3013.329,2538.3500000000004,2505.1865000000003
2018-11-10,1832.7,2720.1,1948.601,2818.989,2276.4,2383.795
2018-11-11,1996.5,2832.2,2059.85,2860.894,2414.35,2460.372
2018-11-12,2020.2,3183.4,2104.531,3132.627,2601.8,2618.5789999999997
2018-11-13,2023.0,3132.4,1998.282,3116.445,2577.7,2557.3635
2018-11-14,2143.1,3256.8,2093.64,3337.839,2699.95,2715.7394999999997
2018-11-15,2177.4,3398.9,2332.094,3396.882,2788.15,2864.4880000000003
2018-11-16,2075.7,3204.9,2277.522,3284.323,2640.3,2780.9224999999997
2018-11-17,2057.9,2699.2,2168.223,2914.726,2378.55,2541.4745000000003
2018-11-18,2057.3,2853.9,2096.644,3001.548,2455.6000000000004,2549.0959999999995
2018-11-19,2070.7,3125.4,2105.881,3266.495,2598.05,2686.188
2018-11-20,1991.2,3255.3,2135.533,3328.743,2623.25,2732.138
2018-11-21,2245.7,3438.5,2240.452,3256.854,2842.1,2748.6530000000002
2018-11-22,2250.2,3058.2,2429.255,3109.208,2654.2,2769.2315
2018-11-23,2423.7,3324.7,2586.672,3269.962,2874.2,2928.317
2018-11-24,2206.1,2849.5,2371.483,2930.201,2527.8,2650.842
2018-11-25,1908.3,2844.7,2101.093,2991.042,2376.5,2546.0675
2018-11-26,1962.7,3041.0,2060.005,3241.573,2501.85,2650.7889999999998
2018-11-27,2002.5,3050.8,2103.889,3254.776,2526.65,2679.3325
2018-11-28,2037.9,3138.4,2179.572,3305.254,2588.15,2742.413
2018-11-29,2052.9,3172.4,2185.771,3275.774,2612.65,2730.7725
2018-11-30,2113.6,3020.2,2209.928,3197.49,2566.8999999999996,2703.709
2018-12-01,2167.0,2944.9,2159.727,2955.986,2555.95,2557.8565
2018-12-02,2039.2,2833.2,2087.009,2968.755,2436.2,2527.882
2018-12-03,1952.7,3102.1,2011.433,3155.46,2527.4,2583.4465
2018-12-04,2063.4,3425.1,2101.398,3376.253,2744.25,2738.8255
2018-12-05,2308.3,3469.3,2336.952,3425.559,2888.8,2881.2555
2018-12-06,2332.5,3456.8,2273.092,3362.331,2894.65,2817.7115000000003
2018-12-07,2238.1,3389.5,2248.646,3344.822,2813.8,2796.7340000000004
2018-12-08,2394.6,3172.8,2390.942,3269.913,2783.7,2830.4275
2018-12-09,2331.8,3088.5,2446.729,3287.032,2710.15,2866.8805
2018-12-10,2248.9,3446.3,2348.984,3475.892,2847.6000000000004,2912.438
2018-12-11,2254.8,3430.9,2413.536,3461.318,2842.8500000000004,2937.427
2018-12-12,2200.2,3341.6,2314.019,3497.454,2770.8999999999996,2905.7365
2018-12-13,2334.4,3412.9,2467.132,3507.682,2873.65,2987.407
2018-12-14,2261.8,3292.8,2322.872,3276.775,2777.3,2799.8235
2018-12-15,2102.3,2874.4,2088.554,2918.856,2488.3500000000004,2503.705
2018-12-16,2094.0,3018.6,2094.01,3080.048,2556.3,2587.029
2018-12-17,2109.3,3365.3,2154.065,3357.686,2737.3,2755.8755
2018-12-18,2267.1,3600.6,2287.978,3548.511,2933.85,2918.2445
2018-12-19,2332.5,3388.6,2455.948,3383.92,2860.55,2919.934
2018-12-20,2269.6,3289.3,2298.219,3233.504,2779.45,2765.8615
2018-12-21,2086.6,3130.4,2083.165,3134.891,2608.5,2609.0280000000002
2018-12-22,1935.0,2915.6,1939.934,2872.121,2425.3,2406.0275
2018-12-23,2112.1,3026.9,2128.212,2953.163,2569.5,2540.6875
2018-12-24,2165.0,3306.1,2199.484,3069.06,2735.55,2634.272
2018-12-25,2201.7,3112.0,2180.179,2836.941,2656.85,2508.56
2018-12-26,2270.4,3397.2,2273.602,3282.046,2833.8,2777.8239999999996
2018-12-27,2282.7,3407.7,2215.35,3280.755,2845.2,2748.0525
2018-12-28,2274.1,3144.8,2227.818,3105.62,2709.45,2666.719
2018-12-29,1990.0,2891.1,2036.131,2812.759,2440.55,2424.445
2018-12-30,2223.8,3183.1,2183.914,3025.607,2703.45,2604.7605000000003
2018-12-31,2214.8,3320.0,2232.51,3121.886,2767.4,2677.1980000000003
2019-01-01,2121.8,3042.2,2105.033,2947.577,2582.0,2526.3050000000003
2019-01-02,2246.3,3484.9,2164.387,3360.976,2865.6000000000004,2762.6815
2019-01-03,2302.5,3280.7,2227.906,3242.052,2791.6,2734.9790000000003
2019-01-04,2352.2,3167.6,2159.751,3117.074,2759.8999999999996,2638.4125000000004
2019-01-05,2121.3,2964.0,2087.291,2984.601,2542.65,2535.946
2019-01-06,2123.9,3037.6,2138.113,3093.539,2580.75,2615.826
2019-01-07,2380.7,3533.5,2373.935,3485.849,2957.1,2929.892
2019-01-08,2328.4,3328.8,2339.269,3320.181,2828.6000000000004,2829.725
2019-01-09,2155.9,3316.0,2199.39,3266.719,2735.95,2733.0545
2019-01-10,2237.1,3389.6,2220.572,3395.184,2813.35,2807.878
2019-01-11,2407.7,3525.3,2416.269,3512.506,2966.5,2964.3875
2019-01-12,2533.4,3265.3,2608.678,3318.501,2899.3500000000004,2963.5895
2019-01-13,2479.0,3293.9,2539.697,3336.879,2886.45,2938.288
2019-01-14,2509.7,3515.2,2458.668,3495.538,3012.45,2977.103
2019-01-15,2445.5,3363.6,2469.098,3420.805,2904.55,2944.9515
2019-01-16,2386.1,3298.8,2397.306,3390.012,2842.45,2893.659
2019-01-17,2434.6,3582.2,2382.107,3509.061,3008.3999999999996,2945.584
2019-01-18,2387.5,3258.0,2407.4,3267.699,2822.75,2837.5495
2019-01-19,2283.0,3266.0,2290.91,3211.612,2774.5,2751.261
2019-01-20,2247.7,3398.1,2391.533,3424.531,2822.8999999999996,2908.032
2019-01-21,2627.1,3962.9,2773.834,4067.102,3295.0,3420.468
2019-01-22,2793.8,3612.8,2889.492,3761.634,3203.3,3325.563
2019-01-23,2432.7,3333.0,2515.198,3475.101,2882.85,2995.1495
2019-01-24,2151.8,3197.2,2217.03,3184.336,2674.5,2700.683
2019-01-25,2265.8,3233.8,2209.05,3244.417,2749.8,2726.7335000000003
2019-01-26,2350.2,3158.7,2379.334,3104.558,2754.45,2741.946
2019-01-27,2280.5,2986.3,2359.905,3073.738,2633.4,2716.8215
2019-01-28,2258.0,3460.1,2218.016,3461.035,2859.05,2839.5254999999997
2019-01-29,2364.5,3391.6,2446.658,3482.296,2878.05,2964.477
2019-01-30,2252.3,3562.6,2322.56,3490.916,2907.45,2906.7380000000003
2019-01-31,2733.0,3793.5,2849.913,3860.972,3263.25,3355.4425
2019-02-01,2683.1,3533.9,2894.628,3678.322,3108.5,3286.4750000000004
2019-02-02,2648.9,3269.0,2668.145,3301.627,2958.95,2984.886
2019-02-03,2427.0,3071.3,2384.445,3200.176,2749.15,2792.3105
2019-02-04,2293.2,3107.3,2290.247,3072.604,2700.25,2681.4255
2019-02-05,2149.4,3046.3,2083.294,2998.72,2597.8500000000004,2541.0069999999996
2019-02-06,2197.4,3223.1,2082.71,3232.222,2710.25,2657.4660000000003
2019-02-07,2213.5,3209.5,2212.572,3227.979,2711.5,2720.2754999999997
2019-02-08,2154.3,3058.0,2154.675,3073.562,2606.15,2614.1185
2019-02-09,2332.7,3154.4,2345.07,3136.111,2743.55,2740.5905000000002
2019-02-10,2376.2,3063.9,2415.298,3194.21,2720.05,2804.754
2019-02-11,2302.9,3297.5,2333.028,3354.223,2800.2,2843.6255
2019-02-12,2398.2,3489.6,2453.969,3601.705,2943.8999999999996,3027.837
2019-02-13,2180.9,3173.4,2347.791,3289.632,2677.15,2818.7115000000003
2019-02-14,2221.7,3155.7,2326.357,3237.62,2688.7,2781.9885
2019-02-15,2223.3,2985.5,2288.233,3080.664,2604.4,2684.4485000000004
2019-02-16,2125.4,2838.7,2096.697,2855.863,2482.05,2476.2799999999997
2019-02-17,2225.5,2904.1,2288.306,2978.625,2564.8,2633.4655000000002
2019-02-18,2246.0,3186.6,2299.401,3313.361,2716.3,2806.381
2019-02-19,2390.3,3305.0,2509.285,3396.749,2847.65,2953.017
2019-02-20,2449.4,3255.6,2522.027,3425.592,2852.5,2973.8095000000003
2019-02-21,2270.6,3021.3,2435.385,3186.591,2645.95,2810.9880000000003
2019-02-22,2178.1,3082.6,2231.329,3037.612,2630.35,2634.4705000000004
2019-02-23,2230.7,2855.4,2249.943,2942.531,2543.05,2596.237
2019-02-24,2098.1,2776.0,2190.604,2996.421,2437.05,2593.5125
2019-02-25,2099.6,3111.3,2163.772,3401.549,2605.45,2782.6605
2019-02-26,2296.6,3383.9,2451.179,3491.663,2840.25,2971.4210000000003
2019-02-27,2506.2,3463.3,2603.012,3537.577,2984.75,3070.2945
2019-02-28,2412.6,3285.1,2557.499,3404.003,2848.85,2980.751
2019-03-01,2386.2,3191.5,2486.394,3280.575,2788.85,2883.4844999999996
2019-03-02,2222.4,2887.9,2293.354,3098.779,2555.15,2696.0665
2019-03-03,2161.4,2784.7,2269.058,3014.974,2473.05,2642.016
2019-03-04,2169.2,3103.0,2257.542,3282.404,2636.1,2769.973
2019-03-05,2350.3,3220.0,2427.886,3333.223,2785.15,2880.5545
2019-03-06,2367.2,3380.1,2446.573,3488.788,2873.6499999999996,2967.6805
2019-03-07,2560.6,3336.8,2584.247,3449.55,2948.7,3016.8985000000002
2019-03-08,2422.4,3291.1,2556.725,3287.6,2856.75,2922.1625
2019-03-09,2267.4,2826.8,2380.99,2907.844,2547.1000000000004,2644.417
2019-03-10,2132.9,2798.7,2263.656,3046.561,2465.8,2655.1085000000003
2019-03-11,2067.0,2931.0,2214.041,3022.122,2499.0,2618.0815000000002
2019-03-12,2135.5,3031.2,2201.619,3041.485,2583.35,2621.552
2019-03-13,2228.3,3086.5,2225.429,3054.857,2657.4,2640.143
2019-03-14,2118.1,2944.6,2138.441,2941.134,2531.35,2539.7875
2019-03-15,1961.7,2777.4,2063.578,2830.102,2369.55,2446.84
2019-03-16,1911.4,2620.5,1917.858,2666.107,2265.95,2291.9825
2019-03-17,2136.0,2828.1,2108.516,2825.671,2482.05,2467.0935
2019-03-18,2160.7,3069.6,2185.888,3029.463,2615.1499999999996,2607.6755000000003
2019-03-19,2164.9,3081.5,2208.389,3008.795,2623.2,2608.592
2019-03-20,2160.0,3059.1,2193.427,2999.382,2609.55,2596.4045
2019-03-21,2093.0,2935.2,2100.754,2894.458,2514.1,2497.6059999999998
2019-03-22,2046.8,2882.2,2050.126,3013.648,2464.5,2531.887
2019-03-23,2078.1,2708.2,2134.693,2701.605,2393.1499999999996,2418.1490000000003
2019-03-24,2096.6,2667.4,2139.811,2694.412,2382.0,2417.1115
2019-03-25,1985.5,2905.7,1970.11,2884.32,2445.6,2427.215
2019-03-26,2144.8,3059.7,2106.808,2950.611,2602.25,2528.7095
2019-03-27,2179.2,3093.9,2188.541,2971.638,2636.55,2580.0895
2019-03-28,2122.2,2943.2,2150.945,2895.033,2532.7,2522.989
2019-03-29,2016.4,2816.7,2008.573,2852.94,2416.55,2430.7565
2019-03-30,1942.6,2459.9,1941.348,2519.818,2201.25,2230.583
2019-03-31,1827.8,2522.2,1859.46,2655.961,2175.0,2257.7105
2019-04-01,1946.7,2900.2,1953.832,2899.331,2423.45,2426.5815000000002
2019-04-02,2113.3,2917.8,2122.93,2878.359,2515.55,2500.6445
2019-04-03,2036.2,2850.9,2013.111,2897.31,2443.55,2455.2105
2019-04-04,2010.2,2812.5,2017.502,2823.05,2411.35,2420.276
2019-04-05,2113.2,2936.0,2078.286,2811.166,2524.6,2444.726
2019-04-06,1953.1,2457.5,2038.048,2488.983,2205.3,2263.5155
2019-04-07,1876.8,2613.1,1884.35,2570.71,2244.95,2227.5299999999997
2019-04-08,1824.4,2818.4,1837.524,2925.528,2321.4,2381.526
2019-04-09,1946.2,2911.2,2033.743,2990.657,2428.7,2512.2
2019-04-10,2023.9,2848.6,2044.24,2894.927,2436.25,2469.5835
2019-04-11,2006.7,2769.5,2103.875,2789.128,2388.1,2446.5015000000003
2019-04-12,1950.3,2771.7,1983.22,2857.898,2361.0,2420.559
2019-04-13,1836.8,2468.0,1912.268,2516.841,2152.4,2214.5545
2019-04-14,1798.2,2560.5,1823.933,2486.186,2179.35,2155.0595000000003
2019-04-15,1829.1,3006.1,1832.915,2698.961,2417.6,2265.938
2019-04-16,1935.0,2781.8,1902.415,2662.514,2358.4,2282.4645
2019-04-17,1972.9,2676.3,1908.132,2620.592,2324.6000000000004,2264.362
2019-04-18,1918.7,2775.5,1878.821,2800.139,2347.1,2339.48
2019-04-19,1857.2,2875.0,1921.899,2773.703,2366.1,2347.801
2019-04-20,2015.4,2593.7,1933.828,2689.72,2304.55,2311.774
2019-04-21,1848.9,2583.8,1856.92,2525.007,2216.3500000000004,2190.9635
2019-04-22,1831.4,2691.4,1817.946,2821.68,2261.4,2319.813
2019-04-23,1842.8,2733.3,1868.508,2735.128,2288.05,2301.818
2019-04-24,1848.9,2630.8,1882.481,2689.813,2239.8500000000004,2286.147
2019-04-25,1890.0,2654.0,1865.185,2646.412,2272.0,2255.7985
2019-04-26,1829.6,2769.1,1856.726,2791.552,2299.35,2324.139
2019-04-27,1828.9,2500.5,1907.14,2517.198,2164.7,2212.169
2019-04-28,1816.9,2551.1,1905.124,2589.41,2184.0,2247.267
2019-04-29,1913.8,2760.1,1911.299,2663.976,2336.95,2287.6375
2019-04-30,1870.6,2805.4,1850.407,2766.375,2338.0,2308.391
2019-05-01,1881.5,2722.9,1921.21,2741.841,2302.2,2331.5254999999997
2019-05-02,1847.3,2863.4,1872.327,2802.212,2355.35,2337.2695
2019-05-03,1936.5,2755.7,1911.513,2712.801,2346.1,2312.157
2019-05-04,1852.3,2473.8,1837.976,2428.91,2163.05,2133.443
2019-05-05,1791.1,2529.5,1808.271,2535.747,2160.3,2172.009
2019-05-06,1849.3,2675.4,1836.665,2630.662,2262.35,2233.6634999999997
2019-05-07,1838.9,2714.4,1838.791,2768.882,2276.65,2303.8365
2019-05-08,1824.7,2728.3,1807.922,2628.121,2276.5,2218.0215
2019-05-09,1892.8,2704.1,1803.061,2594.697,2298.45,2198.879
2019-05-10,1819.3,2762.5,1803.629,2704.523,2290.9,2254.076
2019-05-11,1785.2,2356.2,1809.939,2388.457,2070.7,2099.198
2019-05-12,1756.7,2549.9,1753.769,2516.607,2153.3,2135.188
2019-05-13,1844.1,2824.1,1842.696,2781.543,2334.1,2312.1195
2019-05-14,1971.1,2897.9,1905.462,2787.658,2434.5,2346.56
2019-05-15,1887.3,2658.7,1913.162,2651.731,2273.0,2282.4465
2019-05-16,1825.3,2668.4,1841.902,2653.188,2246.85,2247.545
2019-05-17,1830.2,2658.2,1820.588,2782.417,2244.2,2301.5025
2019-05-18,1782.3,2398.0,1811.635,2388.598,2090.15,2100.1165
2019-05-19,1755.8,2601.3,1767.279,2583.135,2178.55,2175.2070000000003
2019-05-20,1866.0,3340.7,1915.937,3313.728,2603.35,2614.8325
2019-05-21,1966.3,2757.9,1916.957,2711.756,2362.1,2314.3565
2019-05-22,1798.2,2696.8,1800.361,2670.557,2247.5,2235.459
2019-05-23,1819.7,2862.1,1788.223,2764.23,2340.9,2276.2264999999998
2019-05-24,1831.3,2701.9,1870.889,2726.283,2266.6,2298.586
2019-05-25,1748.1,2468.1,1757.076,2394.946,2108.1,2076.011
2019-05-26,1825.1,2754.4,1744.38,2732.629,2289.75,2238.5045
2019-05-27,1818.2,2668.5,1928.968,2684.663,2243.35,2306.8155
2019-05-28,1815.1,2836.5,1835.434,2737.956,2325.8,2286.695
2019-05-29,1867.2,2695.4,1792.86,2679.63,2281.3,2236.245
2019-05-30,1847.4,2728.8,1807.661,2736.791,2288.1000000000004,2272.226
2019-05-31,1875.4,2777.1,1840.198,2814.931,2326.25,2327.5645
2019-06-01,1821.5,2477.1,1824.503,2413.248,2149.3,2118.8755
2019-06-02,1774.9,2483.5,1775.72,2571.702,2129.2,2173.7110000000002
2019-06-03,1826.2,2700.6,1810.613,2703.33,2263.4,2256.9715
2019-06-04,1816.7,2748.4,1766.063,2699.724,2282.55,2232.8935
2019-06-05,1816.2,2960.6,1817.966,3180.551,2388.4,2499.2585
2019-06-06,2075.9,3036.5,2100.729,3134.079,2556.2,2617.404
2019-06-07,1872.8,2886.7,2004.086,3088.941,2379.75,2546.5135
2019-06-08,1790.2,2501.7,1947.16,2760.338,2145.95,2353.7490000000003
2019-06-09,1777.3,2642.4,1834.007,2874.246,2209.85,2354.1265000000003
2019-06-10,1804.1,2977.3,1876.862,3272.146,2390.7,2574.504
2019-06-11,2007.1,3018.3,2162.922,3266.822,2512.7,2714.8720000000003
2019-06-12,1879.7,3020.1,1891.218,3088.87,2449.9,2490.044
2019-06-13,1888.4,2898.8,1886.465,2773.874,2393.6000000000004,2330.1695
2019-06-14,1906.6,2931.7,1809.462,2796.781,2419.1499999999996,2303.1215
2019-06-15,1843.3,2808.0,1816.898,2722.154,2325.65,2269.526
2019-06-16,1979.7,2848.2,1978.253,2712.626,2413.95,2345.4395
2019-06-17,2058.6,3279.8,2036.154,3196.414,2669.2,2616.284
2019-06-18,2128.7,3101.9,2086.911,3174.035,2615.3,2630.473
2019-06-19,2024.6,3024.1,2028.243,3198.97,2524.35,2613.6065
2019-06-20,2041.8,2991.1,2088.925,3137.905,2516.45,2613.415
2019-06-21,2120.0,3068.7,2051.183,3056.64,2594.35,2553.9115
2019-06-22,1889.0,2720.3,1895.219,2717.783,2304.65,2306.501
2019-06-23,1859.2,3035.7,1868.584,3064.469,2447.45,2466.5265
2019-06-24,2108.3,3278.9,2101.852,3469.948,2693.6000000000004,2785.8999999999996
2019-06-25,2086.8,3276.9,2069.841,3294.788,2681.8500000000004,2682.3145
2019-06-26,2150.0,3603.1,2186.325,3505.257,2876.55,2845.791
2019-06-27,2089.1,3642.3,2085.034,3463.148,2865.7,2774.0910000000003
2019-06-28,2106.0,3842.7,2174.923,3874.131,2974.35,3024.527
2019-06-29,2164.0,3248.7,2374.405,3440.022,2706.35,2907.2135
2019-06-30,2170.8,2870.3,2164.061,2901.605,2520.55,2532.833
2019-07-01,2082.3,3555.5,2025.771,3574.072,2818.9,2799.9215
2019-07-02,2246.1,4072.0,2274.546,3838.295,3159.05,3056.4205
2019-07-03,2355.5,4094.7,2365.546,4019.997,3225.1,3192.7715
2019-07-04,2350.3,3767.0,2417.325,3576.743,3058.65,2997.0339999999997
2019-07-05,2448.9,4217.9,2449.074,4141.22,3333.3999999999996,3295.147
2019-07-06,2608.1,3988.2,2622.604,4261.445,3298.1499999999996,3442.0244999999995
2019-07-07,2425.8,3171.5,2446.442,3177.304,2798.65,2811.873
2019-07-08,2138.7,3702.4,2178.348,3607.043,2920.55,2892.6955
2019-07-09,2204.2,4024.2,2200.936,3942.31,3114.2,3071.623
2019-07-10,2385.2,4153.1,2382.681,4150.487,3269.15,3266.584
2019-07-11,2520.6,4221.7,2520.137,4122.769,3371.1499999999996,3321.4530000000004
2019-07-12,2526.7,4184.1,2516.542,4068.055,3355.4,3292.2985
2019-07-13,2379.9,3805.3,2431.569,3740.481,3092.6000000000004,3086.025
2019-07-14,2370.8,3575.0,2488.535,3906.294,2972.9,3197.4145
2019-07-15,2322.8,3905.9,2477.144,3975.691,3114.3500000000004,3226.4174999999996
2019-07-16,2369.0,4217.8,2339.017,4104.534,3293.4,3221.7754999999997
2019-07-17,2589.3,4513.4,2767.318,4598.337,3551.35,3682.8275000000003
2019-07-18,2647.2,3563.6,2534.801,3341.479,3105.3999999999996,2938.14
2019-07-19,2224.0,4438.0,2187.911,4594.26,3331.0,3391.0855
2019-07-20,2752.8,4592.1,3092.326,4785.789,3672.4500000000003,3939.0575
2019-07-21,2903.7,4666.4,3175.065,4728.27,3785.0499999999997,3951.6675000000005
2019-07-22,2860.4,4127.9,2769.434,4199.038,3494.1499999999996,3484.236
2019-07-23,2412.6,3461.2,2332.128,3117.391,2936.8999999999996,2724.7595
2019-07-24,2211.7,3553.5,2159.503,3554.077,2882.6,2856.79
2019-07-25,2207.7,3615.9,2188.534,3628.665,2911.8,2908.5995000000003
2019-07-26,2309.1,3971.3,2270.864,3925.668,3140.2,3098.266
2019-07-27,2267.6,3394.9,2317.953,3495.031,2831.25,2906.492
2019-07-28,2134.2,3939.7,2252.02,4094.422,3036.95,3173.221
2019-07-29,2623.3,4589.2,2873.72,4809.597,3606.25,3841.6584999999995
2019-07-30,2827.7,4877.8,2989.272,4995.414,3852.75,3992.343
2019-07-31,2789.7,4582.8,3063.827,4862.239,3686.25,3963.033
2019-08-01,2721.6,4252.1,2634.763,4107.625,3486.8500000000004,3371.194
2019-08-02,2370.7,4007.0,2337.413,3781.23,3188.85,3059.3215
2019-08-03,2412.3,3748.9,2345.984,3522.673,3080.6000000000004,2934.3284999999996
2019-08-04,2409.9,3461.7,2460.608,3567.769,2935.8,3014.1885
2019-08-05,2286.7,3800.9,2216.321,3644.213,3043.8,2930.267
2019-08-06,2368.0,4067.9,2263.842,3681.2,3217.95,2972.5209999999997
2019-08-07,2477.1,4260.4,2402.521,4042.734,3368.75,3222.6275
2019-08-08,2520.5,4070.0,2512.698,4179.444,3295.25,3346.071
2019-08-09,2483.7,3857.5,2405.026,3783.189,3170.6,3094.1075
2019-08-10,2250.1,3016.7,2191.763,2959.144,2633.3999999999996,2575.4534999999996
2019-08-11,1995.9,3053.6,1973.676,2979.267,2524.75,2476.4714999999997
2019-08-12,2143.0,3921.6,2150.697,3839.389,3032.3,2995.043
2019-08-13,2411.1,3803.8,2479.352,3809.37,3107.45,3144.361
2019-08-14,2458.0,3597.3,2452.054,3510.377,3027.65,2981.2155000000002
2019-08-15,2184.2,3457.1,2173.959,3450.374,2820.6499999999996,2812.1665
2019-08-16,2201.6,3419.4,2184.231,3512.339,2810.5,2848.285
2019-08-17,2224.6,3208.5,2284.242,3167.467,2716.55,2725.8545000000004
2019-08-18,2260.6,3533.8,2342.402,3710.613,2897.2,3026.5074999999997
2019-08-19,2486.9,4545.1,2744.572,4799.071,3516.0,3771.8215
2019-08-20,2666.9,4206.4,2638.051,4138.991,3436.6499999999996,3388.5209999999997
2019-08-21,2476.2,4204.8,2440.758,4189.291,3340.5,3315.0245
2019-08-22,2580.3,4327.1,2530.033,4492.244,3453.7000000000003,3511.1385
2019-08-23,2410.1,3506.4,2462.389,3416.103,2958.25,2939.246
2019-08-24,2117.3,2897.2,2022.55,2740.895,2507.25,2381.7225
2019-08-25,2019.2,2716.7,1981.613,2569.187,2367.95,2275.4
2019-08-26,2040.5,3128.7,1868.067,2971.511,2584.6,2419.7889999999998
2019-08-27,1992.7,3210.4,1900.407,3037.215,2601.55,2468.811
2019-08-28,2054.6,3433.6,2016.101,3304.691,2744.1,2660.3959999999997
2019-08-29,2336.0,3662.6,2226.532,3702.277,2999.3,2964.4045
2019-08-30,2183.3,3728.6,2119.197,3732.096,2955.95,2925.6465
2019-08-31,2070.3,2864.1,2146.58,2922.899,2467.2,2534.7394999999997
2019-09-01,1947.7,2684.1,1936.325,2614.733,2315.9,2275.529
2019-09-02,1991.4,2992.5,1986.117,3041.183,2491.95,2513.65
2019-09-03,2118.4,3372.9,2126.278,3412.135,2745.65,2769.2065000000002
2019-09-04,2159.5,3754.7,2135.108,3822.035,2957.1,2978.5715
2019-09-05,2137.3,3046.6,2114.209,2942.578,2591.95,2528.3935
2019-09-06,1996.7,2948.0,1910.803,2893.267,2472.35,2402.035
2019-09-07,1958.4,2533.9,1848.994,2602.078,2246.15,2225.536
2019-09-08,1839.8,2663.4,1848.05,2755.43,2251.6,2301.74
2019-09-09,1859.6,2935.0,1895.058,2960.349,2397.3,2427.7035
2019-09-10,1940.9,3055.1,1960.424,3044.568,2498.0,2502.496
2019-09-11,2062.4,3852.7,2089.245,3824.648,2957.55,2956.9465
2019-09-12,2134.0,3011.2,2132.71,3018.564,2572.6,2575.6369999999997
2019-09-13,1883.5,2730.8,1842.549,2694.331,2307.15,2268.44
2019-09-14,1824.0,2641.3,1795.201,2647.143,2232.65,2221.172
2019-09-15,1969.7,2892.2,1960.597,2924.619,2430.95,2442.608
2019-09-16,1994.5,3087.8,1979.48,2969.686,2541.15,2474.583
2019-09-17,1890.5,2839.3,1837.593,2805.086,2364.9,2321.3395
2019-09-18,1910.7,2816.0,1849.782,2698.698,2363.35,2274.24
2019-09-19,1895.2,2794.6,1783.344,2730.072,2344.9,2256.708
2019-09-20,1902.7,3084.1,1790.986,2929.227,2493.4,2360.1065
2019-09-21,1877.2,2953.6,1871.418,2928.011,2415.4,2399.7145
2019-09-22,1955.6,3255.5,1955.375,3244.776,2605.55,2600.0755
2019-09-23,2195.0,3833.4,2207.789,4081.26,3014.2,3144.5245000000004
2019-09-24,2253.3,3283.2,2294.88,3304.084,2768.25,2799.482
2019-09-25,1977.1,3049.5,1920.15,2979.0,2513.3,2449.575
2019-09-26,1894.5,3161.7,1879.161,3180.922,2528.1,2530.0415000000003
2019-09-27,1844.3,2843.6,1883.355,2894.975,2343.95,2389.165
2019-09-28,1807.8,2787.3,1840.499,2812.881,2297.55,2326.69
2019-09-29,2013.1,2677.7,2064.495,2718.601,2345.3999999999996,2391.548
2019-09-30,1852.9,2905.7,1797.912,2753.08,2379.3,2275.496
2019-10-01,1794.0,2988.1,1825.817,2967.527,2391.05,2396.672
2019-10-02,2035.1,3153.0,2076.393,3208.762,2594.05,2642.5775000000003
2019-10-03,1790.2,2792.5,1814.776,2735.206,2291.35,2274.991
2019-10-04,1876.2,2734.4,1817.519,2643.997,2305.3,2230.758
2019-10-05,1838.9,2565.4,1807.092,2455.989,2202.15,2131.5405
2019-10-06,1815.2,2660.9,1803.135,2662.854,2238.05,2232.9945
2019-10-07,1892.2,3058.6,1907.503,3088.435,2475.4,2497.969
2019-10-08,1886.1,2958.8,1896.138,2805.01,2422.45,2350.574
2019-10-09,1776.7,2897.8,1817.966,2806.006,2337.25,2311.986
2019-10-10,1834.0,2873.8,1828.799,2818.524,2353.9,2323.6615
2019-10-11,1776.3,2862.1,1844.788,2756.154,2319.2,2300.471
2019-10-12,1825.1,2601.7,1840.235,2505.087,2213.3999999999996,2172.661
2019-10-13,1746.2,2579.5,1799.502,2499.533,2162.85,2149.5175
2019-10-14,1770.0,2840.4,1796.899,2799.69,2305.2,2298.2945
2019-10-15,1783.4,2728.2,1799.333,2779.944,2255.8,2289.6385
2019-10-16,1824.6,2902.4,1827.803,2834.774,2363.5,2331.2885
2019-10-17,1886.8,2860.3,1854.34,2765.905,2373.55,2310.1225
2019-10-18,1856.6,2701.7,1837.865,2699.445,2279.1499999999996,2268.655
2019-10-19,1857.1,2445.1,1857.189,2501.379,2151.1,2179.284
2019-10-20,1845.7,2577.6,1835.177,2642.706,2211.65,2238.9415
2019-10-21,1817.4,2807.8,1819.833,2804.633,2312.6000000000004,2312.233
2019-10-22,1857.5,2982.4,1827.427,2848.05,2419.95,2337.7385
2019-10-23,1894.6,2839.5,1866.583,2798.682,2367.05,2332.6324999999997
2019-10-24,1835.5,2810.8,1824.999,2798.84,2323.15,2311.9195
2019-10-25,1815.9,2748.1,1816.912,2723.383,2282.0,2270.1475
2019-10-26,1822.4,2570.8,1809.215,2510.77,2196.6000000000004,2159.9925
2019-10-27,1819.3,2619.1,1804.589,2736.781,2219.2,2270.685
2019-10-28,1798.5,2924.5,1843.034,2869.847,2361.5,2356.4405
2019-10-29,1863.2,2949.4,1852.655,2864.399,2406.3,2358.527
2019-10-30,1822.9,2919.5,1847.379,2873.021,2371.2,2360.2
2019-10-31,1889.5,3010.9,1893.642,3007.721,2450.2,2450.6815
2019-11-01,2000.3,2781.0,2028.192,2714.39,2390.65,2371.291
2019-11-02,1902.6,2609.8,1887.632,2590.348,2256.2,2238.99
2019-11-03,1869.7,2748.1,1903.845,2728.476,2308.9,2316.1605
2019-11-04,1939.9,3163.2,1931.422,2959.9,2551.55,2445.661
2019-11-05,1928.8,3121.5,1925.187,2980.868,2525.15,2453.0275
2019-11-06,1874.1,3102.4,1896.23,2941.032,2488.25,2418.6310000000003
2019-11-07,1919.6,2983.6,1972.484,2971.211,2451.6,2471.8475
2019-11-08,1985.7,3123.4,1994.648,3183.406,2554.55,2589.027
2019-11-09,2084.6,2869.7,2226.749,2886.878,2477.1499999999996,2556.8135
2019-11-10,1988.6,2822.3,2139.229,2798.696,2405.45,2468.9624999999996
2019-11-11,1925.5,3051.7,2002.43,3063.176,2488.6,2532.803
2019-11-12,1959.5,3261.5,2001.751,3282.274,2610.5,2642.0125
2019-11-13,2219.7,3365.1,2339.88,3429.374,2792.3999999999996,2884.627
2019-11-14,2285.9,3230.7,2407.248,3251.106,2758.3,2829.177
2019-11-15,2143.4,3047.1,2223.075,3039.456,2595.25,2631.2655
2019-11-16,2194.1,3022.7,2165.831,3011.804,2608.3999999999996,2588.8175
2019-11-17,2153.7,2923.6,2318.498,3115.438,2538.6499999999996,2716.968
2019-11-18,2067.5,3276.8,2188.258,3287.671,2672.15,2737.9645
2019-11-19,2079.0,3150.0,2115.767,3146.555,2614.5,2631.161
2019-11-20,2045.8,3258.7,2079.743,3214.135,2652.25,2646.9390000000003
2019-11-21,2115.5,3046.8,2161.047,3095.914,2581.15,2628.4805
2019-11-22,2035.4,2988.6,2077.791,3079.743,2512.0,2578.767
2019-11-23,2112.6,2822.5,2143.358,2862.758,2467.55,2503.058
2019-11-24,2032.2,3024.1,2064.313,3025.841,2528.15,2545.077
2019-11-25,2088.7,3119.9,2116.145,3084.909,2604.3,2600.527
2019-11-26,2013.1,2974.6,2059.371,2998.516,2493.85,2528.9435000000003
2019-11-27,1970.6,2960.2,2010.564,2997.759,2465.3999999999996,2504.1615
2019-11-28,2062.9,2797.1,1943.701,2772.277,2430.0,2357.989
2019-11-29,2134.9,3006.7,2141.517,3027.924,2570.8,2584.7205
2019-11-30,2167.6,2937.0,2243.955,3015.895,2552.3,2629.925
2019-12-01,2257.6,3117.3,2331.297,3264.9,2687.45,2798.0985
2019-12-02,2218.0,3369.1,2264.329,3476.642,2793.55,2870.4855
2019-12-03,2374.7,3370.1,2371.467,3476.928,2872.3999999999996,2924.1975
2019-12-04,2307.7,3231.0,2348.26,3332.293,2769.35,2840.2765
2019-12-05,2269.1,3283.8,2254.839,3277.714,2776.45,2766.2765
2019-12-06,2301.3,3318.9,2304.742,3355.784,2810.1000000000004,2830.263
2019-12-07,2267.7,3102.9,2324.509,3173.676,2685.3,2749.0924999999997
2019-12-08,2408.8,3141.9,2443.655,3239.361,2775.3500000000004,2841.508
2019-12-09,2183.7,3275.1,2237.697,3223.057,2729.3999999999996,2730.377
2019-12-10,2115.2,3195.1,2017.732,3095.737,2655.1499999999996,2556.7345
2019-12-11,2158.1,3288.4,2104.841,3379.665,2723.25,2742.2529999999997
2019-12-12,2340.1,3473.9,2356.929,3436.32,2907.0,2896.6245
2019-12-13,2406.6,3259.5,2386.923,3279.138,2833.05,2833.0305
2019-12-14,2131.8,2824.9,2129.521,2895.718,2478.3500000000004,2512.6195
2019-12-15,2008.1,2913.4,2013.896,3068.159,2460.75,2541.0275
2019-12-16,2179.3,3314.5,2261.623,3465.877,2746.9,2863.75
2019-12-17,2301.1,3461.3,2334.886,3515.29,2881.2,2925.0879999999997
2019-12-18,2307.5,3460.4,2367.582,3391.085,2883.95,2879.3334999999997
2019-12-19,2489.2,3582.7,2561.473,3697.591,3035.95,3129.532
2019-12-20,2539.6,3484.9,2672.081,3527.692,3012.25,3099.8865
2019-12-21,2449.6,3273.3,2558.627,3202.42,2861.45,2880.5235000000002
2019-12-22,2297.0,3078.7,2338.852,3068.84,2687.85,2703.846
2019-12-23,2231.3,3271.7,2259.672,3106.692,2751.5,2683.182
2019-12-24,2226.4,3166.1,2087.942,2989.833,2696.25,2538.8875
2019-12-25,2264.5,3033.0,2222.472,2765.598,2648.75,2494.035
2019-12-26,2222.1,3368.1,2188.459,3224.408,2795.1,2706.4335
2019-12-27,2246.5,3199.2,2198.45,3039.609,2722.85,2619.0294999999996
2019-12-28,2123.2,2973.3,2057.538,2786.018,2548.25,2421.7780000000002
2019-12-29,2164.7,3025.5,2132.106,2894.464,2595.1,2513.285
2019-12-30,2161.9,3465.3,2130.243,3321.022,2813.6000000000004,2725.6324999999997
2019-12-31,2103.1,3206.9,2197.022,3156.144,2655.0,2676.5829999999996
2020-01-01,2202.0,3009.6,2177.418,3032.412,2605.8,2604.915
2020-01-02,2258.8,3277.5,2186.958,3174.955,2768.15,2680.9565000000002
2020-01-03,2169.1,3174.0,2098.111,3049.748,2671.55,2573.9295
2020-01-04,2154.0,2902.5,2013.155,2868.048,2528.25,2440.6014999999998
2020-01-05,2162.9,3031.8,2099.569,3096.325,2597.3500000000004,2597.947
2020-01-06,2311.4,3348.3,2268.495,3318.687,2829.8500000000004,2793.591
2020-01-07,2288.8,3394.5,2188.493,3228.187,2841.65,2708.34
2020-01-08,2308.7,3363.8,2186.601,3280.006,2836.25,2733.3035
2020-01-09,2392.3,3513.9,2379.683,3438.485,2953.1000000000004,2909.084
2020-01-10,2338.2,3148.2,2314.649,3139.922,2743.2,2727.2855
2020-01-11,2063.6,2767.3,2010.105,2708.667,2415.45,2359.386
2020-01-12,1960.4,2736.9,1914.498,2725.697,2348.65,2320.0975
2020-01-13,2109.0,3215.5,1977.992,3198.763,2662.25,2588.3775
2020-01-14,2139.7,3229.8,2123.289,3167.072,2684.75,2645.1805000000004
2020-01-15,2150.7,3142.2,2085.903,3079.376,2646.45,2582.6395
2020-01-16,2208.6,3281.8,2106.637,3252.531,2745.2,2679.584
2020-01-17,2454.1,3655.2,2390.612,3535.847,3054.6499999999996,2963.2295000000004
2020-01-18,2581.9,3236.0,2629.442,3368.514,2908.95,2998.978
2020-01-19,2296.4,3071.5,2429.972,3051.041,2683.95,2740.5065000000004
2020-01-20,2379.6,3478.2,2455.58,3505.521,2928.8999999999996,2980.5505000000003
2020-01-21,2553.8,3618.7,2549.502,3540.556,3086.25,3045.029
2020-01-22,2497.1,3411.9,2561.639,3384.264,2954.5,2972.9515
2020-01-23,2396.6,3318.8,2399.244,3237.92,2857.7,2818.5820000000003
2020-01-24,2290.8,3189.3,2258.896,3103.865,2740.05,2681.3805
2020-01-25,2178.5,2966.0,2130.497,2912.456,2572.25,2521.4764999999998
2020-01-26,2116.1,2899.8,2021.423,2903.763,2507.95,2462.593
2020-01-27,2167.7,3244.5,2096.831,3144.849,2706.1,2620.84
2020-01-28,2230.5,3310.7,2102.561,3224.09,2770.6,2663.3255
2020-01-29,2312.1,3363.9,2215.709,3206.696,2838.0,2711.2025
2020-01-30,2435.6,3374.6,2336.921,3286.834,2905.1,2811.8774999999996
2020-01-31,2382.0,3181.7,2334.877,3127.739,2781.85,2731.308
2020-02-01,2257.2,2926.5,2178.454,2925.109,2591.85,2551.7815
2020-02-02,2237.5,2952.1,2134.575,2993.321,2594.8,2563.948
2020-02-03,2204.8,3178.2,2192.93,3115.849,2691.5,2654.3895
2020-02-04,2177.2,3236.0,2158.505,3083.737,2706.6,2621.121
2020-02-05,2132.9,3303.6,2074.081,3144.697,2718.25,2609.389
2020-02-06,2299.3,3234.2,2200.692,3230.546,2766.75,2715.6189999999997
2020-02-07,2213.3,3133.5,2196.915,3153.345,2673.4,2675.13
2020-02-08,2339.0,3129.8,2327.227,3089.528,2734.4,2708.3774999999996
2020-02-09,2424.7,3139.7,2415.399,3142.464,2782.2,2778.9314999999997
2020-02-10,2237.0,3219.0,2194.97,3168.1,2728.0,2681.535
2020-02-11,2201.2,3235.1,2107.506,3161.336,2718.1499999999996,2634.421
2020-02-12,2111.1,3154.1,2135.19,3090.953,2632.6,2613.0715
2020-02-13,2162.7,3213.0,2156.969,3188.155,2687.85,2672.562
2020-02-14,2238.1,3483.8,2203.071,3329.505,2860.95,2766.288
2020-02-15,2632.9,3234.3,2626.607,3143.421,2933.6000000000004,2885.014
2020-02-16,2367.9,3042.4,2376.168,2932.321,2705.15,2654.2445
2020-02-17,2257.0,3126.3,2226.781,3054.118,2691.65,2640.4494999999997
2020-02-18,2312.3,3318.6,2243.861,3233.598,2815.45,2738.7295
2020-02-19,2153.6,3331.8,2159.852,3106.604,2742.7,2633.228
2020-02-20,2391.4,3441.2,2311.346,3228.9,2916.3,2770.123
2020-02-21,2468.2,3337.8,2467.974,3208.908,2903.0,2838.441
2020-02-22,2392.4,2925.1,2364.251,2847.735,2658.75,2605.9930000000004
2020-02-23,2282.1,2793.2,2209.7,2832.028,2537.6499999999996,2520.8639999999996
2020-02-24,2184.0,3116.9,2115.116,2919.518,2650.45,2517.317
2020-02-25,2126.9,3156.7,1978.578,2932.804,2641.8,2455.691
2020-02-26,2074.0,3131.1,1998.704,2984.445,2602.55,2491.5745
2020-02-27,2068.2,2942.5,2057.719,3109.991,2505.35,2583.855
2020-02-28,2283.1,3188.3,2257.536,3077.067,2735.7,2667.3015
2020-02-29,2288.3,3016.6,2267.126,3009.439,2652.45,2638.2825000000003
2020-03-01,2311.8,3022.3,2372.479,3087.343,2667.05,2729.911
2020-03-02,2319.0,3228.3,2246.01,3022.779,2773.65,2634.3945000000003
2020-03-03,2151.6,3059.1,2006.091,2847.875,2605.35,2426.983
2020-03-04,2036.4,3020.2,1925.151,2959.959,2528.3,2442.555
2020-03-05,2171.7,3074.8,2049.13,2894.159,2623.25,2471.6445000000003
2020-03-06,2139.6,3082.2,2072.927,2963.987,2610.8999999999996,2518.4570000000003
2020-03-07,2168.1,2807.7,2152.683,2802.652,2487.8999999999996,2477.6675
2020-03-08,2208.5,2720.6,2171.093,2732.86,2464.55,2451.9764999999998
2020-03-09,2034.6,2834.7,1990.102,2781.433,2434.6499999999996,2385.7675
2020-03-10,1904.1,2856.7,1850.848,2770.777,2380.3999999999996,2310.8125
2020-03-11,1901.8,2858.1,1831.549,2779.485,2379.95,2305.517
2020-03-12,2048.4,2872.4,1960.09,2857.572,2460.4,2408.831
2020-03-13,2016.3,2854.2,1989.132,2915.649,2435.25,2452.3905
2020-03-14,1990.3,2666.9,1960.788,2620.802,2328.6,2290.795
2020-03-15,2021.3,2769.6,1938.062,2673.393,2395.45,2305.7275
2020-03-16,2142.2,3020.3,2089.066,2947.068,2581.25,2518.067
2020-03-17,2152.8,2970.5,2122.752,2986.291,2561.65,2554.5215
2020-03-18,2051.2,2860.8,2033.899,2701.557,2456.0,2367.728
2020-03-19,2033.9,2999.8,1936.46,2844.192,2516.8500000000004,2390.326
2020-03-20,1973.6,2790.2,1969.961,2694.826,2381.8999999999996,2332.3935
2020-03-21,1904.0,2640.3,1813.194,2551.852,2272.15,2182.523
2020-03-22,2116.1,2824.9,2018.595,2727.516,2470.5,2373.0555
2020-03-23,2148.1,3053.3,2089.996,2984.851,2600.7,2537.4235
2020-03-24,2073.2,2835.4,2105.974,2679.825,2454.3,2392.8995
2020-03-25,2054.5,2875.7,1975.5,2747.886,2465.1,2361.693
2020-03-26,2009.4,2785.0,2010.708,2608.051,2397.2,2309.3795
2020-03-27,1925.9,2582.8,1875.052,2469.983,2254.3500000000004,2172.5175
2020-03-28,1856.7,2442.3,1846.106,2490.361,2149.5,2168.2335
2020-03-29,1923.4,2618.0,1837.553,2674.988,2270.7,2256.2705
2020-03-30,1941.8,2878.9,1930.63,2757.433,2410.35,2344.0315
2020-03-31,2052.7,2819.9,1992.071,2665.258,2436.3,2328.6645
2020-04-01,1913.5,2714.9,2032.626,2631.079,2314.2,2331.8525
2020-04-02,1843.0,2638.1,1944.102,2691.883,2240.55,2317.9925
2020-04-03,1938.9,2699.7,1945.413,2769.144,2319.3,2357.2785
2020-04-04,1814.1,2488.3,1974.054,2538.466,2151.2,2256.26
2020-04-05,1832.7,2391.9,1903.959,2497.536,2112.3,2200.7475
2020-04-06,1779.4,2511.9,1854.736,2486.946,2145.65,2170.841
2020-04-07,1799.2,2490.8,1832.088,2465.252,2145.0,2148.67
2020-04-08,1786.1,2705.7,1797.457,2496.983,2245.8999999999996,2147.2200000000003
2020-04-09,1823.3,2640.6,1861.691,2687.133,2231.95,2274.412
2020-04-10,1855.1,2588.7,1935.506,2589.614,2221.8999999999996,2262.56
2020-04-11,1960.7,2506.6,1931.934,2459.457,2233.65,2195.6955
2020-04-12,1941.2,2439.4,1903.253,2360.056,2190.3,2131.6545
2020-04-13,1857.8,2719.7,1782.473,2631.947,2288.75,2207.21
2020-04-14,1759.9,2535.9,1775.647,2435.659,2147.9,2105.6530000000002
2020-04-15,1895.6,2652.9,1793.64,2471.535,2274.25,2132.5875
2020-04-16,1956.6,2728.1,1875.565,2536.298,2342.35,2205.9314999999997
2020-04-17,1905.3,2642.9,1954.295,2486.665,2274.1,2220.48
2020-04-18,1982.5,2567.3,1885.35,2563.839,2274.9,2224.5945
2020-04-19,1894.1,2369.5,1948.454,2359.285,2131.8,2153.8695
2020-04-20,1835.3,2718.3,1791.581,2466.896,2276.8,2129.2385
2020-04-21,1854.2,2677.7,1906.488,2635.843,2265.95,2271.1655
2020-04-22,1882.0,2636.7,1964.674,2575.119,2259.35,2269.8965
2020-04-23,1930.0,2571.3,1998.213,2448.632,2250.65,2223.4225
2020-04-24,1876.9,2695.5,1831.565,2591.343,2286.2,2211.4539999999997
2020-04-25,1946.2,2437.8,1909.582,2324.405,2192.0,2116.9935
2020-04-26,1825.7,2542.6,1783.858,2526.697,2184.15,2155.2775
2020-04-27,1853.0,2722.7,1900.216,2753.099,2287.85,2326.6575000000003
2020-04-28,1890.4,2711.3,1956.895,2489.56,2300.8500000000004,2223.2275
2020-04-29,1920.6,2618.2,1900.914,2509.964,2269.3999999999996,2205.439
2020-04-30,1793.3,2537.7,1829.887,2608.301,2165.5,2219.094
2020-05-01,1801.5,2542.7,1826.549,2528.863,2172.1,2177.706
2020-05-02,1757.5,2312.8,1760.673,2293.462,2035.15,2027.0675
2020-05-03,1766.3,2461.8,1715.572,2396.154,2114.05,2055.863
2020-05-04,1743.7,2571.0,1753.805,2417.04,2157.35,2085.4225
2020-05-05,1824.0,2607.1,1728.042,2336.531,2215.55,2032.2865
2020-05-06,1833.6,2631.7,1760.532,2401.172,2232.6499999999996,2080.852
2020-05-07,1777.7,2574.4,1768.829,2330.134,2176.05,2049.4815
2020-05-08,1810.8,2502.7,1738.034,2389.004,2156.75,2063.5190000000002
2020-05-09,1788.5,2363.3,1785.177,2423.747,2075.9,2104.462
2020-05-10,1962.1,2422.6,1896.156,2283.659,2192.35,2089.9075000000003
2020-05-11,1797.5,2560.5,1773.193,2511.042,2179.0,2142.1175
2020-05-12,1778.7,2512.4,1792.066,2376.934,2145.55,2084.5
2020-05-13,1802.4,2444.8,1823.267,2354.121,2123.6000000000004,2088.694
2020-05-14,1799.0,2392.3,1781.728,2356.907,2095.65,2069.3175
2020-05-15,1683.0,2446.6,1719.431,2533.006,2064.8,2126.2185
2020-05-16,1704.6,2256.8,1818.882,2242.676,1980.7,2030.779
2020-05-17,1725.4,2379.4,1692.235,2293.887,2052.4,1993.0610000000001
2020-05-18,1756.2,2580.0,1710.885,2384.607,2168.1,2047.746
2020-05-19,1751.4,2510.7,1724.066,2323.952,2131.05,2024.009
2020-05-20,1810.2,2447.2,1726.388,2324.933,2128.7,2025.6605
2020-05-21,1832.5,2563.2,1709.854,2456.723,2197.85,2083.2885
2020-05-22,1817.5,2727.9,1710.642,2688.995,2272.7,2199.8185
2020-05-23,1778.9,2277.8,1909.267,2196.878,2028.3500000000001,2053.0725
2020-05-24,1826.1,2341.2,1665.768,2182.271,2083.6499999999996,1924.0195
2020-05-25,1705.6,2364.8,1676.639,2305.124,2035.2,1990.8815
2020-05-26,1711.8,2779.2,1703.842,2769.05,2245.5,2236.446
2020-05-27,1846.3,3168.9,1909.446,3374.202,2507.6,2641.824
2020-05-28,2012.8,3173.0,2111.552,3227.053,2592.9,2669.3025
2020-05-29,2130.9,3299.3,2224.164,3465.617,2715.1000000000004,2844.8905000000004
2020-05-30,2050.0,2726.9,2219.975,3014.281,2388.45,2617.1279999999997
2020-05-31,1842.1,2400.8,1885.269,2344.655,2121.45,2114.962
2020-06-01,1753.9,2462.0,1717.193,2407.745,2107.95,2062.469
2020-06-02,1833.8,2745.4,1714.127,2497.386,2289.6,2105.7565
2020-06-03,1770.7,3057.1,1782.263,2948.004,2413.9,2365.1335
2020-06-04,1926.8,3331.8,1993.961,3408.743,2629.3,2701.352
2020-06-05,2098.9,3521.4,2244.003,3467.367,2810.15,2855.6850000000004
2020-06-06,2198.2,3119.4,2302.558,3513.459,2658.8,2908.0085
2020-06-07,1953.0,2492.9,1895.922,2402.241,2222.95,2149.0815000000002
2020-06-08,1827.2,2766.5,1773.887,2862.671,2296.85,2318.279
2020-06-09,1866.0,3009.2,1865.499,2883.157,2437.6,2374.328
2020-06-10,1856.3,2931.7,1905.383,2812.033,2394.0,2358.708
2020-06-11,2061.1,3248.5,2031.721,3161.054,2654.8,2596.3875
2020-06-12,2023.3,3221.0,2136.295,3302.488,2622.15,2719.3914999999997
2020-06-13,1844.8,2504.1,1895.11,2460.192,2174.45,2177.651
2020-06-14,1802.1,2461.4,1732.908,2427.198,2131.75,2080.053
2020-06-15,1790.7,2699.2,1799.508,2633.696,2244.95,2216.602
2020-06-16,1832.7,2812.4,1796.744,2820.406,2322.55,2308.575
2020-06-17,1770.3,2904.4,1840.733,3062.437,2337.35,2451.585
2020-06-18,1875.1,3459.4,2014.855,3864.714,2667.25,2939.7844999999998
2020-06-19,2181.8,3665.1,2397.891,3990.217,2923.45,3194.054
2020-06-20,2182.5,3491.4,2350.76,3962.609,2836.95,3156.6845000000003
2020-06-21,2245.1,3435.3,2471.6,3884.53,2840.2,3178.065
2020-06-22,2294.9,3642.8,2483.621,3589.983,2968.8500000000004,3036.802
2020-06-23,2248.6,3865.0,2279.411,4304.945,3056.8,3292.178
2020-06-24,2281.0,3724.7,2567.821,4157.893,3002.85,3362.857
2020-06-25,2277.5,3603.2,2297.375,3719.17,2940.35,3008.2725
2020-06-26,2302.5,3610.2,2302.665,3736.423,2956.35,3019.544
2020-06-27,2250.7,3294.8,2166.157,3188.745,2772.75,2677.451
2020-06-28,2210.5,3436.1,2138.506,3295.386,2823.3,2716.946
2020-06-29,2195.5,3332.2,2220.354,3179.19,2763.85,2699.772
2020-06-30,2090.2,3101.3,2072.723,2965.974,2595.75,2519.3485
2020-07-01,2075.1,3323.4,2081.655,3169.189,2699.25,2625.422
2020-07-02,2082.6,3766.2,2112.921,3992.396,2924.3999999999996,3052.6585
2020-07-03,2263.6,2841.8,2267.725,2884.727,2552.7,2576.2259999999997
2020-07-04,1981.2,2794.3,1972.649,2821.793,2387.75,2397.221
2020-07-05,1952.3,3410.1,2077.661,3222.63,2681.2,2650.1455
2020-07-06,2176.7,3520.5,2233.89,3248.666,2848.6,2741.2780000000002
2020-07-07,2049.5,3304.1,2100.729,3323.014,2676.8,2711.8715
2020-07-08,2111.5,3780.5,2235.027,4137.758,2946.0,3186.3925
2020-07-09,2345.9,4172.0,2572.949,4465.927,3258.95,3519.438
2020-07-10,2496.8,3765.8,2722.923,4076.416,3131.3,3399.6695
2020-07-11,2379.3,3719.7,2590.832,4144.213,3049.5,3367.5225
2020-07-12,2432.2,3968.9,2660.283,4112.155,3200.55,3386.219
2020-07-13,2567.9,3832.6,2749.231,4025.946,3200.25,3387.5885
2020-07-14,2396.1,3495.7,2447.383,3653.52,2945.8999999999996,3050.4515
2020-07-15,2140.5,3214.5,2245.682,3118.5,2677.5,2682.091
2020-07-16,2051.4,3140.8,2025.174,2980.1,2596.1000000000004,2502.6369999999997
2020-07-17,1987.9,3174.2,1977.025,2934.639,2581.05,2455.8320000000003
2020-07-18,2150.9,3767.7,2158.486,3831.284,2959.3,2994.885
2020-07-19,2394.5,4280.0,2439.271,4479.901,3337.25,3459.5860000000002
2020-07-20,2727.5,4645.3,2967.151,4771.043,3686.4,3869.0969999999998
2020-07-21,2626.4,4280.0,2714.251,4430.132,3453.2,3572.1915
2020-07-22,2477.0,3731.6,2598.461,3843.24,3104.3,3220.8504999999996
2020-07-23,2546.4,4077.0,2568.428,4487.356,3311.7,3527.892
2020-07-24,2570.7,3907.3,2575.586,3786.289,3239.0,3180.9375
2020-07-25,2321.5,3900.8,2368.871,3836.532,3111.15,3102.7015
2020-07-26,2343.0,4139.8,2545.327,4055.841,3241.4,3300.584
2020-07-27,2820.0,4746.2,2812.722,4941.158,3783.1,3876.9400000000005
2020-07-28,2948.6,4601.5,3176.733,4998.352,3775.05,4087.5425
2020-07-29,2683.5,4346.5,2698.347,4436.119,3515.0,3567.233
2020-07-30,2638.3,4271.9,2788.526,4390.97,3455.1,3589.748
2020-07-31,2549.5,3889.3,2621.749,4008.312,3219.4,3315.0305
2020-08-01,2306.9,3631.9,2413.193,3773.176,2969.4,3093.1845000000003
2020-08-02,2418.0,3716.1,2551.131,3712.273,3067.05,3131.702
2020-08-03,2720.9,4463.3,2967.196,4566.374,3592.1000000000004,3766.785
2020-08-04,2723.4,4025.9,2827.737,4117.061,3374.65,3472.399
2020-08-05,2580.2,4384.1,2540.897,4414.641,3482.15,3477.769
2020-08-06,2391.5,3783.4,2419.159,3806.723,3087.45,3112.941
2020-08-07,2253.5,3333.1,2333.533,3377.277,2793.3,2855.4049999999997
2020-08-08,2198.3,3031.5,2238.451,3332.557,2614.9,2785.504
2020-08-09,2157.9,3618.0,2344.21,4005.832,2887.95,3175.0209999999997
2020-08-10,2486.6,4304.5,2768.226,4741.052,3395.55,3754.639
2020-08-11,2731.8,4610.3,2960.991,4926.547,3671.05,3943.769
2020-08-12,2686.3,4419.7,3078.343,4762.262,3553.0,3920.3025
2020-08-13,2658.3,4001.1,2770.005,4210.19,3329.7,3490.0975
2020-08-14,2504.2,3738.9,2528.836,3795.721,3121.55,3162.2785
2020-08-15,2236.8,3036.5,2260.223,2735.98,2636.65,2498.1014999999998
2020-08-16,2110.3,2934.2,2083.938,2723.808,2522.25,2403.873
2020-08-17,2138.3,3274.8,2076.213,3098.076,2706.55,2587.1445000000003
2020-08-18,2120.4,3552.2,2191.561,3581.705,2836.3,2886.633
2020-08-19,2230.9,3493.1,2135.233,3229.828,2862.0,2682.5305
2020-08-20,2130.3,3335.0,2005.002,3230.313,2732.65,2617.6575000000003
2020-08-21,2089.4,3746.5,2096.457,3821.384,2917.95,2958.9205
2020-08-22,2346.8,3432.1,2365.24,3515.186,2889.45,2940.2129999999997
2020-08-23,2302.8,3812.8,2273.507,3755.214,3057.8,3014.3605
2020-08-24,2570.2,4072.3,2359.109,4338.522,3321.25,3348.8154999999997
2020-08-25,2559.3,4243.2,2673.335,4248.317,3401.25,3460.826
2020-08-26,2196.6,3216.4,2158.338,2997.154,2706.5,2577.746
2020-08-27,2046.4,3093.2,1945.948,2813.037,2569.8,2379.4925
2020-08-28,1994.7,3359.1,1967.144,3193.641,2676.9,2580.3925
2020-08-29,2131.2,3160.1,2106.418,3151.504,2645.6499999999996,2628.9610000000002
2020-08-30,2110.1,2893.5,2083.987,2671.026,2501.8,2377.5065
2020-08-31,1951.4,3145.5,1888.897,2891.816,2548.45,2390.3565
2020-09-01,1991.2,3054.1,1965.904,3012.378,2522.65,2489.141
2020-09-02,2033.9,3310.4,2014.58,3062.184,2672.15,2538.382
2020-09-03,2316.0,3756.3,2284.11,3313.18,3036.15,2798.645
2020-09-04,2279.5,3628.4,2235.503,3499.301,2953.95,2867.402
2020-09-05,1971.5,2794.1,1959.776,2712.684,2382.8,2336.23
2020-09-06,1903.7,2912.0,1927.549,2725.08,2407.85,2326.3145
2020-09-07,2012.3,3139.0,2045.591,3043.357,2575.65,2544.474
2020-09-08,2048.9,3467.4,2110.13,3782.211,2758.15,2946.1705
2020-09-09,2178.1,3454.4,2299.295,3529.363,2816.25,2914.3289999999997
2020-09-10,2327.0,3501.5,2416.744,3950.919,2914.25,3183.8315000000002
2020-09-11,2241.9,2977.2,2164.175,2927.158,2609.55,2545.6665000000003
2020-09-12,1981.3,2679.6,1842.175,2460.767,2330.45,2151.471
2020-09-13,1967.1,2872.3,1780.79,2718.515,2419.7,2249.6525
2020-09-14,2128.1,3134.1,2056.806,2931.272,2631.1,2494.0389999999998
2020-09-15,1881.8,2752.5,1797.883,2628.078,2317.15,2212.9805
2020-09-16,1844.7,2890.1,1780.155,2766.281,2367.4,2273.218
2020-09-17,1993.6,3184.6,1880.213,2898.071,2589.1,2389.142
2020-09-18,1851.6,2646.3,1885.471,2588.945,2248.95,2237.208
2020-09-19,1795.4,2351.5,1737.093,2353.517,2073.45,2045.3049999999998
2020-09-20,1808.7,2452.3,1711.816,2452.925,2130.5,2082.3705
2020-09-21,1741.9,2709.3,1747.608,2606.858,2225.6000000000004,2177.233
2020-09-22,1835.8,2721.5,1783.948,2647.031,2278.65,2215.4895
2020-09-23,1864.1,2923.5,1770.61,2798.084,2393.8,2284.3469999999998
2020-09-24,1839.7,3082.5,1853.385,2884.767,2461.1,2369.076
2020-09-25,1846.6,2985.3,1888.094,2863.027,2415.95,2375.5605
2020-09-26,1860.3,2755.9,1887.163,2725.015,2308.1,2306.089
2020-09-27,1916.1,2960.4,2028.993,3051.196,2438.25,2540.0945
2020-09-28,2079.0,3289.8,2207.324,3397.619,2684.4,2802.4715
2020-09-29,2098.9,3287.4,2128.256,3295.428,2693.15,2711.8419999999996
2020-09-30,2157.2,3039.7,2155.271,3183.629,2598.45,2669.45
2020-10-01,1832.9,2800.1,1881.184,2886.348,2316.5,2383.766
2020-10-02,1834.0,2671.0,1906.767,2678.741,2252.5,2292.754
2020-10-03,1789.0,2417.6,1763.141,2411.103,2103.3,2087.1220000000003
2020-10-04,1759.5,2585.2,1748.857,2474.193,2172.35,2111.525
2020-10-05,1779.6,2806.5,1787.751,2699.044,2293.05,2243.3975
2020-10-06,1799.8,2781.7,1788.561,2709.706,2290.75,2249.1335
2020-10-07,1834.0,2771.1,1822.625,2769.753,2302.55,2296.1890000000003
2020-10-08,1819.9,2672.2,1776.434,2638.041,2246.05,2207.2375
2020-10-09,1895.9,2644.8,1789.996,2581.941,2270.3500000000004,2185.9685
2020-10-10,1753.1,2597.4,1776.49,2554.141,2175.25,2165.3155
2020-10-11,1846.1,2574.0,1823.67,2408.233,2210.05,2115.9515
2020-10-12,1752.6,2658.1,1748.278,2658.131,2205.35,2203.2045
2020-10-13,1828.5,2876.5,1788.447,2796.265,2352.5,2292.3559999999998
2020-10-14,1870.6,2775.2,1797.061,2705.533,2322.8999999999996,2251.297
2020-10-15,1834.5,2846.1,1786.091,2737.883,2340.3,2261.987
2020-10-16,1825.7,2733.9,1871.683,2873.724,2279.8,2372.7035
2020-10-17,1821.0,2494.7,1787.977,2482.459,2157.85,2135.218
2020-10-18,1771.5,2491.7,1814.988,2539.718,2131.6,2177.353
2020-10-19,1779.1,2766.3,1801.972,2714.681,2272.7,2258.3265
2020-10-20,1841.4,2887.4,1788.605,2806.1,2364.4,2297.3525
2020-10-21,1871.2,2918.2,1829.997,2795.071,2394.7,2312.534
2020-10-22,1886.2,2816.4,1901.999,2721.864,2351.3,2311.9315
2020-10-23,1760.0,2745.8,1825.819,2669.054,2252.9,2247.4365
2020-10-24,1752.7,2588.0,1794.457,2520.903,2170.35,2157.68
2020-10-25,1776.1,2658.6,1754.414,2595.758,2217.35,2175.086
2020-10-26,1809.1,2875.4,1813.69,2790.65,2342.25,2302.17
2020-10-27,1852.6,2743.6,1818.675,2775.1,2298.1,2296.8875
2020-10-28,1920.2,2820.2,1828.318,2859.71,2370.2,2344.014
2020-10-29,1894.6,2964.8,1871.139,2899.582,2429.7,2385.3605
2020-10-30,1941.9,2945.8,1939.078,3094.782,2443.8500000000004,2516.9300000000003
2020-10-31,2040.7,2736.0,2145.4,2736.293,2388.35,2440.8465
2020-11-01,1979.9,2790.6,2022.915,2783.669,2385.25,2403.292
2020-11-02,2016.4,3259.9,1949.167,3145.882,2638.15,2547.5245
2020-11-03,2001.3,3113.5,2093.735,3103.642,2557.4,2598.6885
2020-11-04,2149.3,3005.7,2103.589,2951.625,2577.5,2527.607
2020-11-05,1977.2,2910.7,1912.523,2874.328,2443.95,2393.4255
2020-11-06,1863.4,2880.4,1844.723,2803.774,2371.9,2324.2484999999997
2020-11-07,1856.1,2661.3,1805.269,2582.236,2258.7,2193.7525
2020-11-08,1790.3,2675.0,1780.302,2617.593,2232.65,2198.9474999999998
2020-11-09,1799.1,2886.9,1801.298,2867.459,2343.0,2334.3785
2020-11-10,1799.6,2928.9,1828.086,2917.422,2364.25,2372.754
2020-11-11,1832.1,2960.7,1863.187,3007.87,2396.3999999999996,2435.5285
2020-11-12,1896.8,2775.9,1951.076,2830.643,2336.35,2390.8595
2020-11-13,1826.7,2889.4,1826.955,2891.717,2358.05,2359.3360000000002
2020-11-14,1883.8,2658.7,1918.272,2716.328,2271.25,2317.3
2020-11-15,2073.5,2828.4,2012.074,2799.531,2450.95,2405.8025
2020-11-16,1911.0,2960.6,1875.428,2958.523,2435.8,2416.9755
2020-11-17,1993.3,3010.6,1940.677,3010.94,2501.95,2475.8085
2020-11-18,2039.2,3215.0,2050.859,3253.343,2627.1,2652.1009999999997
2020-11-19,2207.9,3043.8,2269.249,3163.164,2625.8500000000004,2716.2065000000002
2020-11-20,1993.1,2891.9,2028.401,2854.507,2442.5,2441.454
2020-11-21,1829.5,2593.5,1866.52,2622.646,2211.5,2244.583
2020-11-22,1954.6,2834.5,1917.682,2855.6,2394.55,2386.641
2020-11-23,1901.4,2924.7,1904.927,3033.32,2413.05,2469.1235
2020-11-24,1958.7,3148.0,2063.807,3069.135,2553.35,2566.471
2020-11-25,2132.1,2993.9,2166.209,3011.753,2563.0,2588.9809999999998
2020-11-26,1973.8,2664.8,1973.284,2802.826,2319.3,2388.0550000000003
2020-11-27,1946.8,2812.9,1891.177,2752.872,2379.85,2322.0245
2020-11-28,1891.2,2619.7,1870.595,2690.751,2255.45,2280.6730000000002
2020-11-29,1928.7,2726.0,1976.721,2783.207,2327.35,2379.964
2020-11-30,1943.5,2982.3,1981.533,3061.246,2462.9,2521.3895
2020-12-01,1925.0,3067.7,1946.371,2927.803,2496.35,2437.087
2020-12-02,1986.3,3115.5,1951.665,3110.049,2550.9,2530.857
2020-12-03,2059.5,3037.8,2047.415,3053.413,2548.65,2550.4139999999998
2020-12-04,2031.3,2941.9,2004.756,2925.573,2486.6,2465.1645
2020-12-05,1931.5,2882.5,1911.432,3114.006,2407.0,2512.719
2020-12-06,2049.2,2931.8,2154.0,3088.942,2490.5,2621.471
2020-12-07,2186.8,3270.7,2215.362,3374.973,2728.75,2795.1675
2020-12-08,2244.9,3318.9,2241.413,3426.069,2781.9,2833.741
2020-12-09,2335.4,3310.6,2324.985,3348.81,2823.0,2836.8975
2020-12-10,2176.1,3217.2,2205.001,3244.701,2696.6499999999996,2724.851
2020-12-11,2169.2,3066.9,2206.917,3091.341,2618.05,2649.129
2020-12-12,2032.6,2932.6,2062.788,2942.586,2482.6,2502.687
2020-12-13,1925.6,2782.4,1992.339,2856.076,2354.0,2424.2075
2020-12-14,2002.2,3242.7,2046.459,3299.053,2622.45,2672.756
2020-12-15,2128.1,3390.5,2196.292,3388.157,2759.3,2792.2245000000003
2020-12-16,2367.4,3464.8,2411.786,3554.178,2916.1000000000004,2982.982
2020-12-17,2320.7,3561.8,2457.851,3598.329,2941.25,3028.09
2020-12-18,2424.3,3485.6,2465.273,3485.003,2954.95,2975.138
2020-12-19,2478.5,3249.8,2499.064,3252.292,2864.15,2875.678
2020-12-20,2350.9,3156.3,2352.65,3234.962,2753.6000000000004,2793.806
2020-12-21,2252.3,3331.6,2313.721,3357.49,2791.95,2835.6054999999997
2020-12-22,2251.9,3188.6,2235.263,3241.02,2720.25,2738.1414999999997
2020-12-23,2256.4,3318.5,2232.173,3236.176,2787.45,2734.1745
2020-12-24,2182.0,3046.6,2214.89,2973.308,2614.3,2594.099
2020-12-25,1995.8,2666.2,1960.133,2703.746,2331.0,2331.9395
2020-12-26,2049.5,3017.9,2033.461,3008.876,2533.7,2521.1685
2020-12-27,2173.5,3082.9,2243.582,3027.755,2628.2,2635.6684999999998
2020-12-28,2254.7,3166.6,2244.618,3113.308,2710.6499999999996,2678.9629999999997
2020-12-29,2166.9,3408.3,2104.26,3317.281,2787.6000000000004,2710.7705
2020-12-30,2338.1,3275.1,2365.128,3290.145,2806.6,2827.6365
2020-12-31,2123.9,3132.5,2131.42,3088.789,2628.2,2610.1045000000004
2021-01-01,2119.0,2901.2,2220.64,2998.017,2510.1,2609.3284999999996
2021-01-02,2194.8,2901.9,2114.536,2917.846,2548.3500000000004,2516.191
2021-01-03,2190.4,3086.2,2192.601,3114.45,2638.3,2653.5254999999997
2021-01-04,2190.4,3390.1,2209.373,3231.801,2790.25,2720.587
2021-01-05,2252.0,3398.2,2215.261,3308.456,2825.1,2761.8585000000003
2021-01-06,2270.0,3233.6,2249.862,3278.044,2751.8,2763.953
2021-01-07,2285.4,3163.8,2260.788,3202.351,2724.6000000000004,2731.5695
2021-01-08,2339.8,3300.5,2286.044,3156.473,2820.15,2721.2585
2021-01-09,2301.9,3083.7,2295.146,3048.262,2692.8,2671.704
2021-01-10,2269.2,3090.1,2235.303,3030.525,2679.6499999999996,2632.9139999999998
2021-01-11,2240.0,3323.7,2294.655,3316.69,2781.85,2805.6725
2021-01-12,2220.8,3244.2,2275.889,3213.98,2732.5,2744.9345000000003
2021-01-13,2210.7,3240.7,2181.774,3158.253,2725.7,2670.0135
2021-01-14,2172.9,3216.1,2162.155,3187.223,2694.5,2674.6890000000003
2021-01-15,2153.4,3091.5,2138.75,3068.535,2622.45,2603.6425
2021-01-16,2085.0,2764.3,2066.146,2814.885,2424.65,2440.5155000000004
2021-01-17,2060.8,2831.3,2113.027,2906.953,2446.05,2509.99
2021-01-18,2102.5,2812.6,2091.02,3095.092,2457.55,2593.056
2021-01-19,2191.6,2998.4,2217.17,3193.374,2595.0,2705.272
2021-01-20,2158.6,3298.6,2209.236,3254.168,2728.6,2731.702
2021-01-21,2309.6,3164.9,2346.437,3326.894,2737.25,2836.6655
2021-01-22,2250.5,3015.7,2252.293,3101.878,2633.1,2677.0855
2021-01-23,2231.2,3125.3,2211.269,3194.3,2678.25,2702.7844999999998
2021-01-24,2422.6,3103.1,2515.014,3269.592,2762.85,2892.303
2021-01-25,2384.2,3298.7,2487.655,3359.956,2841.45,2923.8055000000004
2021-01-26,2322.5,3378.1,2376.26,3364.909,2850.3,2870.5845
2021-01-27,2221.5,3222.1,2323.454,3286.643,2721.8,2805.0485
2021-01-28,2191.9,3308.6,2254.999,3386.496,2750.25,2820.7475
2021-01-29,2496.5,3582.5,2608.697,3654.529,3039.5,3131.6130000000003
2021-01-30,2629.4,3366.6,2762.115,3442.403,2998.0,3102.259
2021-01-31,2612.6,3292.0,2751.485,3430.958,2952.3,3091.2215
2021-02-01,2405.6,3286.4,2553.555,3484.617,2846.0,3019.0860000000002
2021-02-02,2249.1,3304.4,2429.772,3371.645,2776.75,2900.7084999999997
2021-02-03,2182.4,3161.7,2322.385,3310.981,2672.05,2816.683
2021-02-04,2278.2,3260.7,2314.908,3241.273,2769.45,2778.0905000000002
2021-02-05,2349.5,3074.6,2360.636,3229.006,2712.05,2794.821
2021-02-06,2217.0,2982.4,2250.346,2965.01,2599.7,2607.678
2021-02-07,2254.4,3072.9,2281.622,3249.072,2663.65,2765.3469999999998
2021-02-08,2312.4,3388.3,2411.647,3392.138,2850.3500000000004,2901.8925
2021-02-09,2426.2,3314.4,2460.295,3461.185,2870.3,2960.74
2021-02-10,2401.1,3360.7,2453.653,3373.649,2880.8999999999996,2913.651
2021-02-11,2410.2,3455.4,2437.386,3371.884,2932.8,2904.635
2021-02-12,2526.3,3374.1,2561.351,3390.711,2950.2,2976.031
2021-02-13,2481.9,3143.6,2496.43,3169.689,2812.75,2833.0595
2021-02-14,2325.8,3095.8,2373.703,3071.206,2710.8,2722.4545
2021-02-15,2268.2,3250.6,2305.359,3310.181,2759.3999999999996,2807.77
2021-02-16,2222.9,3224.5,2312.911,3162.32,2723.7,2737.6155
2021-02-17,2249.5,3291.5,2337.508,3294.749,2770.5,2816.1285
2021-02-18,2352.0,3324.5,2413.503,3350.366,2838.25,2881.9345000000003
2021-02-19,2261.7,3219.7,2410.84,3326.258,2740.7,2868.549
2021-02-20,2247.2,2993.6,2398.908,3132.134,2620.3999999999996,2765.5209999999997
2021-02-21,2314.6,3031.8,2452.983,3142.707,2673.2,2797.8450000000003
2021-02-22,2339.6,3188.7,2454.837,3302.677,2764.1499999999996,2878.757
2021-02-23,2166.6,3049.5,2262.763,3076.725,2608.05,2669.7439999999997
2021-02-24,2044.4,2870.3,2178.506,2947.314,2457.3500000000004,2562.91
2021-02-25,1956.3,2965.4,2050.86,3001.564,2460.85,2526.212
2021-02-26,2129.7,2955.6,2218.756,2988.176,2542.6499999999996,2603.466
2021-02-27,2117.1,2706.1,2200.192,2848.246,2411.6,2524.219
2021-02-28,1987.5,2671.9,2120.799,2905.553,2329.7,2513.176
2021-03-01,1906.0,2788.8,2099.2,3116.275,2347.4,2607.7375
2021-03-02,2220.6,3115.3,2393.839,3392.466,2667.95,2893.1525
2021-03-03,2168.3,2811.8,2351.873,3095.299,2490.05,2723.5860000000002
2021-03-04,2105.6,2950.3,2153.985,3164.638,2527.95,2659.3115
2021-03-05,2225.8,2973.8,2397.487,3173.511,2599.8,2785.499
2021-03-06,2234.8,2792.6,2389.862,2986.294,2513.7,2688.078
2021-03-07,2216.5,2824.2,2348.902,3011.116,2520.35,2680.009
2021-03-08,2164.8,2920.6,2314.573,3094.406,2542.7,2704.4894999999997
2021-03-09,2051.6,2704.0,2187.016,2854.382,2377.8,2520.699
2021-03-10,2020.1,2714.3,2069.433,2872.726,2367.2,2471.0795
2021-03-11,1913.4,2590.0,2047.251,2755.679,2251.7,2401.465
2021-03-12,1776.7,2569.5,1875.666,2647.456,2173.1,2261.561
2021-03-13,1894.4,2546.1,1970.874,2677.601,2220.25,2324.2375
2021-03-14,1889.4,2679.6,2044.208,2905.932,2284.5,2475.0699999999997
2021-03-15,2229.2,3213.1,2341.102,3248.12,2721.1499999999996,2794.611
2021-03-16,2312.5,2929.3,2428.12,3149.884,2620.9,2789.002
2021-03-17,2101.6,2864.6,2230.784,2883.637,2483.1,2557.2105
2021-03-18,1977.2,2697.2,2060.422,2882.238,2337.2,2471.33
2021-03-19,1946.8,2778.1,2083.97,2829.005,2362.45,2456.4875
2021-03-20,2012.4,2504.0,2166.291,2523.326,2258.2,2344.8085
2021-03-21,2002.5,2360.2,1998.129,2539.846,2181.35,2268.9875
2021-03-22,1811.4,2467.3,1940.528,2644.92,2139.3500000000004,2292.724
2021-03-23,1802.3,2522.0,1921.134,2618.801,2162.15,2269.9674999999997
2021-03-24,1770.1,2553.5,1876.168,2647.059,2161.8,2261.6135
2021-03-25,1747.0,2453.5,1860.53,2645.322,2100.25,2252.926
2021-03-26,1713.5,2439.7,1838.357,2657.275,2076.6,2247.816
2021-03-27,1804.2,2365.5,1809.346,2402.118,2084.85,2105.732
2021-03-28,1828.3,2495.0,1845.285,2646.307,2161.65,2245.796
2021-03-29,1827.1,2604.1,1869.535,2666.992,2215.6,2268.2635
2021-03-30,1907.0,2573.1,1984.414,2617.687,2240.05,2301.0505
2021-03-31,1820.6,2524.9,1885.861,2617.989,2172.75,2251.925
2021-04-01,1848.9,2567.4,1832.401,2749.285,2208.15,2290.843
2021-04-02,1933.2,2541.7,2054.704,2746.767,2237.45,2400.7355
2021-04-03,1962.3,2433.4,2114.886,2525.837,2197.85,2320.3615
2021-04-04,1929.3,2394.1,2015.909,2423.6,2161.7,2219.7545
2021-04-05,1938.0,2695.0,1872.013,2697.166,2316.5,2284.5895
2021-04-06,1730.3,2463.4,1913.634,2602.619,2096.85,2258.1265000000003
2021-04-07,1766.0,2461.1,1852.192,2571.101,2113.55,2211.6465
2021-04-08,1697.9,2382.8,1825.9,2527.043,2040.3500000000001,2176.4715
2021-04-09,1770.6,2415.1,1837.027,2468.387,2092.85,2152.7070000000003
2021-04-10,1769.4,2317.2,1783.751,2432.712,2043.3,2108.2315
2021-04-11,1731.1,2386.7,1756.685,2513.462,2058.8999999999996,2135.0735
2021-04-12,1774.9,2576.0,1832.711,2640.991,2175.45,2236.851
2021-04-13,1858.2,2529.6,1908.606,2584.817,2193.9,2246.7115
2021-04-14,1854.8,2540.5,1826.958,2527.909,2197.65,2177.4335
2021-04-15,1846.0,2661.7,1821.491,2642.2,2253.85,2231.8455
2021-04-16,1943.7,2761.3,1909.188,2923.882,2352.5,2416.535
2021-04-17,2019.1,2532.9,2013.843,2543.643,2276.0,2278.743
2021-04-18,1951.7,2515.7,1894.907,2375.238,2233.7,2135.0724999999998
2021-04-19,1825.8,2581.5,1836.959,2481.682,2203.65,2159.3205
2021-04-20,1768.1,2511.4,1803.601,2530.97,2139.75,2167.2855
2021-04-21,1810.8,2601.6,1780.151,2585.68,2206.2,2182.9155
2021-04-22,1917.5,2731.2,1895.129,2664.697,2324.35,2279.913
2021-04-23,1967.8,2577.2,2012.784,2495.975,2272.5,2254.3795
2021-04-24,1890.9,2367.7,1842.953,2307.217,2129.3,2075.085
2021-04-25,1836.6,2479.9,1738.942,2394.742,2158.25,2066.842
2021-04-26,1817.1,2634.9,1797.535,2494.781,2226.0,2146.158
2021-04-27,1815.8,2548.4,1847.52,2549.593,2182.1,2198.5564999999997
2021-04-28,1814.5,2601.2,1767.305,2548.819,2207.85,2158.062
2021-04-29,1822.3,2673.8,1805.09,2703.239,2248.05,2254.1645
2021-04-30,1817.0,2479.4,1840.006,2486.388,2148.2,2163.197
2021-05-01,1899.2,2477.3,1824.294,2310.771,2188.25,2067.5325000000003
2021-05-02,1826.4,2492.6,1767.885,2398.509,2159.5,2083.197
2021-05-03,1819.2,2681.0,1759.78,2490.625,2250.1,2125.2025
2021-05-04,1842.4,2689.3,1775.028,2642.77,2265.8500000000004,2208.899
2021-05-05,1834.2,2614.0,1810.741,2686.888,2224.1,2248.8145
2021-05-06,1811.6,2555.8,1836.901,2468.619,2183.7,2152.76
2021-05-07,1721.1,2442.0,1784.008,2411.284,2081.55,2097.646
2021-05-08,1865.2,2405.2,1806.922,2341.698,2135.2,2074.31
2021-05-09,1822.2,2349.2,1783.005,2346.69,2085.7,2064.8475
2021-05-10,1786.0,2557.5,1759.342,2529.138,2171.75,2144.24
2021-05-11,1730.2,2460.4,1787.143,2465.703,2095.3,2126.423
2021-05-12,1732.4,2462.0,1780.753,2483.014,2097.2,2131.8835
2021-05-13,1792.7,2531.1,1773.916,2510.65,2161.9,2142.283
2021-05-14,1751.4,2535.4,1765.131,2550.286,2143.4,2157.7085
2021-05-15,1792.6,2446.3,1773.061,2390.294,2119.45,2081.6775
2021-05-16,1779.6,2443.8,1752.846,2458.479,2111.7,2105.6625
2021-05-17,1789.8,2649.6,1773.19,2670.701,2219.7,2221.9455
2021-05-18,1772.7,2818.5,1789.273,2901.921,2295.6,2345.5969999999998
2021-05-19,1814.0,2894.6,1917.01,2766.171,2354.3,2341.5905
2021-05-20,1846.2,2739.7,1808.27,2723.851,2292.95,2266.0605
2021-05-21,1824.1,2890.7,1815.136,2945.902,2357.3999999999996,2380.5190000000002
2021-05-22,1897.1,2893.8,1896.443,3155.083,2395.45,2525.763
2021-05-23,2090.3,3085.5,2131.138,3332.817,2587.9,2731.9775
2021-05-24,1862.6,2558.1,1915.002,2695.409,2210.35,2305.2055
2021-05-25,1774.5,2763.7,1775.963,2941.133,2269.1,2358.548
2021-05-26,1860.0,3621.2,1932.847,3972.07,2740.6,2952.4585
2021-05-27,2205.3,3118.3,2314.514,3327.7,2661.8,2821.107
2021-05-28,1848.5,2497.7,1896.923,2480.88,2173.1,2188.9015
2021-05-29,1804.6,2394.6,1782.778,2381.609,2099.6,2082.1935
2021-05-30,1810.4,2435.3,1763.674,2368.43,2122.8500000000004,2066.0519999999997
2021-05-31,1815.5,2508.7,1802.388,2464.108,2162.1,2133.248
2021-06-01,1767.8,2763.9,1779.041,2710.622,2265.85,2244.8315
2021-06-02,1899.2,3028.6,1843.031,3052.751,2463.9,2447.891
2021-06-03,1921.0,2856.9,1955.08,3087.458,2388.95,2521.2690000000002
2021-06-04,2086.2,3159.9,2147.643,3334.84,2623.05,2741.2415
2021-06-05,2083.6,3458.3,2061.038,3730.735,2770.95,2895.8865
2021-06-06,2299.8,3746.7,2304.682,4041.395,3023.25,3173.0384999999997
2021-06-07,2497.4,4408.4,2680.305,4794.578,3452.8999999999996,3737.4415
2021-06-08,2641.0,4406.1,2954.973,4923.515,3523.55,3939.244
2021-06-09,2634.1,4004.6,2903.593,4673.835,3319.35,3788.714
2021-06-10,2207.8,2997.0,2257.595,3004.306,2602.4,2630.9505
2021-06-11,1861.8,2749.7,1915.27,2731.98,2305.75,2323.625
2021-06-12,1933.7,2550.3,1935.008,2636.229,2242.0,2285.6185
2021-06-13,1896.2,2986.6,1910.375,3128.361,2441.4,2519.368
2021-06-14,1942.8,3116.2,2043.39,2955.661,2529.5,2499.5255
2021-06-15,2092.8,3373.4,2054.855,3302.275,2733.1000000000004,2678.565
2021-06-16,2009.6,3143.8,2050.874,2961.309,2576.7,2506.0915
2021-06-17,1913.7,3093.9,1904.53,3059.563,2503.8,2482.0465
2021-06-18,1949.3,3201.3,1940.404,3337.829,2575.3,2639.1165
2021-06-19,2142.0,3480.6,2168.899,3593.531,2811.3,2881.215
2021-06-20,2332.8,3788.9,2301.453,3742.966,3060.8500000000004,3022.2095
2021-06-21,2558.4,4522.7,2579.325,4491.148,3540.55,3535.2365
2021-06-22,2640.1,3763.0,2479.629,4137.714,3201.55,3308.6715
2021-06-23,2042.5,3065.6,2024.233,2962.188,2554.05,2493.2105
2021-06-24,1973.5,3128.8,1945.515,2994.113,2551.15,2469.814
2021-06-25,2017.2,3257.2,2014.817,2890.657,2637.2,2452.737
2021-06-26,2123.1,3541.7,2066.481,3460.457,2832.3999999999996,2763.469
2021-06-27,2438.5,4021.8,2496.569,4113.686,3230.15,3305.1274999999996
2021-06-28,2767.9,4899.0,2809.435,5048.242,3833.45,3928.8385
2021-06-29,3014.0,5073.4,3214.34,5217.597,4043.7,4215.9685
2021-06-30,3118.8,5081.5,3212.954,5220.137,4100.15,4216.5455
2021-07-01,2906.3,4072.6,2797.179,3889.802,3489.45,3343.4905
2021-07-02,2301.3,3103.2,2131.072,2908.237,2702.25,2519.6545
2021-07-03,2018.3,2684.9,1873.701,2367.912,2351.6,2120.8064999999997
2021-07-04,1903.8,2601.8,1805.968,2276.359,2252.8,2041.1635
2021-07-05,1947.4,3032.6,1820.382,2766.303,2490.0,2293.3424999999997
2021-07-06,2265.4,4225.2,2125.672,4180.985,3245.3,3153.3284999999996
2021-07-07,2541.9,4166.0,2426.769,4370.401,3353.95,3398.585
2021-07-08,2361.1,3275.0,2342.217,3029.851,2818.05,2686.034
2021-07-09,2216.4,3484.3,2053.349,3089.081,2850.3500000000004,2571.215
2021-07-10,2190.2,3102.6,2197.229,2690.244,2646.3999999999996,2443.7365
2021-07-11,2057.1,3161.2,1960.868,3123.659,2609.1499999999996,2542.2635
2021-07-12,2287.7,3392.8,2287.921,3093.568,2840.25,2690.7445
2021-07-13,2093.2,3118.2,2055.457,2981.909,2605.7,2518.683
2021-07-14,2124.6,3588.5,2112.524,3620.588,2856.55,2866.556
2021-07-15,2446.5,4114.9,2388.189,4103.861,3280.7,3246.0249999999996
2021-07-16,2625.7,4596.3,2638.21,4600.316,3611.0,3619.263
2021-07-17,2528.6,3325.9,2592.289,3545.201,2927.25,3068.745
2021-07-18,2301.1,3083.2,2320.292,2899.583,2692.1499999999996,2609.9375
2021-07-19,2301.6,3457.9,2193.532,3130.141,2879.75,2661.8365000000003
2021-07-20,2330.2,4193.3,2221.406,4096.866,3261.75,3159.136
2021-07-21,2537.4,3731.8,2434.73,3785.86,3134.6000000000004,3110.295
2021-07-22,2176.8,3372.3,2183.4,3457.822,2774.55,2820.611
2021-07-23,2177.2,3303.9,2221.037,3357.268,2740.55,2789.1525
2021-07-24,2085.0,3069.4,2065.439,3048.14,2577.2,2556.7895
2021-07-25,2146.7,3154.0,2165.935,2992.44,2650.35,2579.1875
2021-07-26,2423.9,4221.2,2318.885,4165.3,3322.55,3242.0925
2021-07-27,2522.8,4326.8,2469.941,4191.631,3424.8,3330.786
2021-07-28,2389.8,3324.3,2356.326,3211.398,2857.05,2783.862
2021-07-29,2096.8,3263.7,2136.172,3373.465,2680.25,2754.8185000000003
2021-07-30,2287.4,3379.0,2215.388,3284.142,2833.2,2749.765
2021-07-31,1947.2,2698.9,1915.139,2675.058,2323.05,2295.0985
2021-08-01,1904.1,2874.5,1891.83,2833.561,2389.3,2362.6955
2021-08-02,2074.8,3384.1,2110.035,3363.144,2729.45,2736.5895
2021-08-03,2104.8,3344.9,2087.176,3215.0,2724.8500000000004,2651.0879999999997
2021-08-04,2129.3,3248.7,2178.197,3244.137,2689.0,2711.1670000000004
2021-08-05,2105.8,3097.4,2150.705,3009.515,2601.6000000000004,2580.1099999999997
2021-08-06,2116.7,3726.2,2116.985,3885.682,2921.45,3001.3334999999997
2021-08-07,2243.6,3711.8,2338.15,3861.354,2977.7,3099.752
2021-08-08,2386.9,3329.0,2478.71,3429.411,2857.95,2954.0605
2021-08-09,2352.3,3521.9,2466.008,3515.585,2937.1000000000004,2990.7965
2021-08-10,2312.4,3723.1,2256.542,3433.8,3017.75,2845.1710000000003
2021-08-11,2522.4,4475.1,2523.785,4832.798,3498.75,3678.2915
2021-08-12,2848.1,4971.4,3032.436,4971.276,3909.75,4001.8559999999998
2021-08-13,2970.1,4878.7,2978.813,4853.03,3924.3999999999996,3915.9215
2021-08-14,2830.3,4128.8,2990.264,4367.196,3479.55,3678.73
2021-08-15,2305.8,3201.5,2364.55,3299.495,2753.65,2832.0225
2021-08-16,2123.3,3428.8,2233.199,3405.342,2776.05,2819.2705
2021-08-17,2139.9,3646.1,2226.813,3811.533,2893.0,3019.173
2021-08-18,2334.6,3909.7,2452.668,4133.732,3122.1499999999996,3293.2
2021-08-19,2587.8,3828.5,2599.905,4118.096,3208.15,3359.0005
2021-08-20,2625.2,4004.7,2733.822,3765.795,3314.95,3249.8085
2021-08-21,2632.2,3750.7,2605.034,3921.129,3191.45,3263.0815000000002
2021-08-22,2385.1,3227.0,2570.064,3206.61,2806.05,2888.337
2021-08-23,2383.7,3828.5,2455.434,3921.407,3106.1,3188.4205
2021-08-24,2456.3,4247.1,2534.696,4569.582,3351.7000000000003,3552.139
2021-08-25,2580.6,4470.5,2804.199,4703.176,3525.55,3753.6875
2021-08-26,2674.6,4898.9,2822.202,4995.311,3786.75,3908.7565
2021-08-27,2793.1,4221.6,3128.536,4676.45,3507.3500000000004,3902.493
2021-08-28,2294.6,2741.3,2344.31,2929.098,2517.95,2636.7039999999997
2021-08-29,2043.2,3064.4,2049.61,2909.318,2553.8,2479.464
2021-08-30,2265.8,4124.1,2324.545,4215.452,3194.9500000000003,3269.9985
2021-08-31,2424.9,3831.1,2605.479,3741.19,3128.0,3173.3345
2021-09-01,2273.0,3329.0,2329.41,3161.685,2801.0,2745.5474999999997
2021-09-02,2027.8,2830.6,2060.386,3017.709,2429.2,2539.0474999999997
2021-09-03,1919.2,2787.1,1918.285,2916.096,2353.15,2417.1905
2021-09-04,1806.1,2742.5,1922.217,2804.525,2274.3,2363.371
2021-09-05,1859.2,2837.8,1978.392,2693.866,2348.5,2336.129
2021-09-06,2117.1,3198.3,2149.18,3303.996,2657.7,2726.5879999999997
2021-09-07,2048.2,3388.5,2068.999,3356.372,2718.35,2712.6854999999996
2021-09-08,2048.3,3726.7,2107.045,3704.222,2887.5,2905.6335
2021-09-09,2343.4,3312.4,2488.249,3523.179,2827.9,3005.714
2021-09-10,2081.8,2996.7,2217.636,3174.746,2539.25,2696.191
2021-09-11,1921.1,2829.5,1907.541,2759.172,2375.3,2333.3565
2021-09-12,2028.9,3347.8,2005.97,3297.75,2688.3500000000004,2651.86
2021-09-13,2257.7,3409.6,2393.944,3443.292,2833.6499999999996,2918.618
2021-09-14,1989.5,3075.1,2088.216,3094.968,2532.3,2591.5919999999996
2021-09-15,2105.0,3824.4,2185.117,4069.107,2964.7,3127.112
2021-09-16,2329.8,3191.1,2391.44,3204.78,2760.45,2798.11
2021-09-17,2108.3,3057.6,2078.448,2977.867,2582.95,2528.1575000000003
2021-09-18,2071.3,2968.5,2043.194,2963.796,2519.9,2503.495
2021-09-19,1992.7,2699.7,2066.186,2769.428,2346.2,2417.807
2021-09-20,1942.4,3007.8,1894.59,2939.614,2475.1000000000004,2417.102
2021-09-21,1856.2,2972.9,1880.795,3055.302,2414.55,2468.0485
2021-09-22,2077.8,3283.2,2142.959,3347.364,2680.5,2745.1615
2021-09-23,2145.0,3433.8,2208.011,3506.262,2789.4,2857.1365
2021-09-24,2246.1,3240.2,2360.98,3503.85,2743.1499999999996,2932.415
2021-09-25,2076.6,2894.5,2082.51,2819.876,2485.55,2451.193
2021-09-26,1952.8,2757.7,2032.61,2703.591,2355.25,2368.1005
2021-09-27,1886.8,3056.0,1847.368,2946.284,2471.4,2396.826
2021-09-28,1905.8,2878.9,1995.952,2981.576,2392.35,2488.764
2021-09-29,1813.8,2745.2,1832.859,2690.206,2279.5,2261.5325000000003
2021-09-30,1808.2,2710.0,1804.419,2648.385,2259.1,2226.402
2021-10-01,1842.3,2679.1,1786.955,2599.096,2260.7,2193.0254999999997
2021-10-02,1860.0,2658.1,1767.629,2541.62,2259.05,2154.6245
2021-10-03,1781.1,2676.5,1814.41,2602.23,2228.8,2208.32
2021-10-04,1881.4,2900.6,1869.403,2795.463,2391.0,2332.433
2021-10-05,1885.1,2850.1,1838.063,2743.982,2367.6,2291.0225
2021-10-06,1769.6,2737.2,1828.846,2780.007,2253.3999999999996,2304.4265
2021-10-07,1823.8,2830.6,1829.098,2845.552,2327.2,2337.325
2021-10-08,1853.6,2671.8,1853.832,2723.662,2262.7,2288.747
2021-10-09,1824.0,2485.6,1857.682,2453.936,2154.8,2155.809
2021-10-10,1718.3,2515.0,1798.462,2519.762,2116.65,2159.112
2021-10-11,1796.6,2740.3,1851.356,2794.707,2268.45,2323.0315
2021-10-12,1800.1,2909.6,1851.074,2937.714,2354.85,2394.3940000000002
2021-10-13,1830.5,3074.0,1897.91,2994.164,2452.25,2446.0370000000003
2021-10-14,1895.3,2989.5,1918.307,2976.531,2442.4,2447.419
2021-10-15,1875.3,2902.5,1971.187,2905.701,2388.9,2438.444
2021-10-16,1889.6,2720.9,2015.861,2824.561,2305.25,2420.2110000000002
2021-10-17,1926.9,2502.0,1894.294,2541.016,2214.45,2217.655
2021-10-18,1776.8,2673.1,1789.328,2735.5,2224.95,2262.4139999999998
2021-10-19,1797.5,2745.1,1815.18,2744.005,2271.3,2279.5925
2021-10-20,1756.9,2842.2,1807.177,2790.001,2299.55,2298.589
2021-10-21,1772.5,2885.7,1837.245,2820.278,2329.1,2328.7614999999996
2021-10-22,1803.5,2715.3,1874.773,2733.499,2259.4,2304.136
2021-10-23,1861.9,2527.2,1774.242,2443.539,2194.55,2108.8905
2021-10-24,1828.3,2582.0,1763.934,2553.321,2205.15,2158.6275
2021-10-25,1841.6,2901.5,1788.175,2825.612,2371.55,2306.8935
2021-10-26,1833.5,2841.9,1851.763,2879.669,2337.7,2365.716
2021-10-27,1830.3,2771.0,1848.174,2827.811,2300.65,2337.9925000000003
2021-10-28,1880.4,2805.9,1882.148,2819.887,2343.15,2351.0175
2021-10-29,1928.5,2817.4,1948.38,2784.208,2372.95,2366.294
2021-10-30,1839.0,2585.8,1871.697,2627.201,2212.4,2249.449
2021-10-31,1751.8,2442.0,1857.644,2519.04,2096.9,2188.342
2021-11-01,1849.7,2787.3,1825.726,2779.393,2318.5,2302.5595000000003
2021-11-02,1848.5,2777.8,1872.112,2806.821,2313.15,2339.4665
2021-11-03,1860.3,2783.9,1877.643,2836.927,2322.1,2357.285
2021-11-04,1917.7,2848.3,1973.925,2848.764,2383.0,2411.3445
2021-11-05,1947.9,2759.0,1988.266,2784.615,2353.45,2386.4404999999997
2021-11-06,2063.7,2644.4,2025.185,2611.21,2354.05,2318.1975
2021-11-07,2002.8,2762.9,1979.277,2702.72,2382.85,2340.9984999999997
2021-11-08,1903.8,2846.9,1943.011,2876.403,2375.35,2409.707
2021-11-09,1915.5,2888.6,1918.189,2846.127,2402.05,2382.158
2021-11-10,1809.4,2864.5,1842.747,2816.807,2336.95,2329.777
2021-11-11,1844.8,2834.3,1907.506,2845.659,2339.55,2376.5825
2021-11-12,1859.5,2874.2,1861.891,2917.301,2366.85,2389.596
2021-11-13,1918.4,2593.7,1867.689,2573.45,2256.05,2220.5695
2021-11-14,1984.8,2734.2,1906.122,2721.533,2359.5,2313.8275
2021-11-15,1972.0,3028.1,1910.394,2968.555,2500.05,2439.4745
2021-11-16,2099.6,3119.4,2007.188,3013.293,2609.5,2510.2405
2021-11-17,2120.4,3042.4,2054.227,3005.533,2581.4,2529.88
2021-11-18,1826.9,2728.4,1936.846,2871.369,2277.65,2404.1075
2021-11-19,1920.9,2949.3,1855.891,2939.29,2435.1000000000004,2397.5905000000002
2021-11-20,2097.5,2810.6,2049.818,2746.91,2454.05,2398.364
2021-11-21,2046.9,2728.3,1986.214,2732.573,2387.6000000000004,2359.3935
2021-11-22,1915.8,2955.8,1879.015,2943.132,2435.8,2411.0735
2021-11-23,2099.1,3123.6,2030.744,3120.428,2611.35,2575.586
2021-11-24,2171.4,3052.2,2235.752,3062.778,2611.8,2649.265
2021-11-25,2029.8,2581.0,2094.783,2582.199,2305.4,2338.491
2021-11-26,2025.9,3014.2,1913.611,2808.563,2520.05,2361.087
2021-11-27,2131.0,2931.9,2072.578,2877.896,2531.45,2475.237
2021-11-28,2233.0,2990.9,2189.397,2983.428,2611.95,2586.4125
2021-11-29,2155.6,3227.7,2097.597,3210.267,2691.6499999999996,2653.932
2021-11-30,2237.5,3296.3,2256.56,3203.663,2766.9,2730.1115
2021-12-01,2178.9,3153.2,2150.976,3161.937,2666.05,2656.4565000000002
2021-12-02,2135.8,3119.6,2117.776,3000.946,2627.7,2559.361
2021-12-03,2034.3,3128.4,2001.753,3092.263,2581.35,2547.008
2021-12-04,2253.7,2931.7,2184.977,2925.066,2592.7,2555.0215
2021-12-05,2222.1,2974.7,2100.034,2938.715,2598.3999999999996,2519.3745
2021-12-06,1992.4,2891.1,2039.958,3037.696,2441.75,2538.827
2021-12-07,2059.0,3229.2,2007.576,3163.082,2644.1,2585.3289999999997
2021-12-08,2212.2,3286.9,2158.456,3293.098,2749.55,2725.777
2021-12-09,2237.3,3248.5,2281.884,3309.617,2742.9,2795.7505
2021-12-10,2280.5,3080.3,2264.912,3155.137,2680.4,2710.0245
2021-12-11,2049.5,2707.2,2133.618,2873.628,2378.35,2503.623
2021-12-12,1876.1,2836.9,1955.677,2927.763,2356.5,2441.72
2021-12-13,2006.1,2982.1,2113.447,3137.302,2494.1,2625.3745
2021-12-14,1965.0,3076.8,2067.059,3104.112,2520.9,2585.5855
2021-12-15,2116.3,3098.4,2130.925,3178.809,2607.3500000000004,2654.867
2021-12-16,1949.5,2877.2,2024.534,3003.98,2413.35,2514.257
2021-12-17,1873.6,2863.5,1936.178,2923.131,2368.55,2429.6545
2021-12-18,2070.7,2933.7,2005.618,2986.371,2502.2,2495.9945
2021-12-19,2039.0,3028.9,2073.608,3137.364,2533.95,2605.486
2021-12-20,2314.4,3362.6,2372.721,3364.945,2838.5,2868.833
2021-12-21,2312.3,3225.6,2320.624,3199.699,2768.95,2760.1615
2021-12-22,2162.6,3176.7,2175.712,3196.121,2669.6499999999996,2685.9165000000003
2021-12-23,2257.7,3245.9,2256.024,3288.242,2751.8,2772.133
2021-12-24,2350.4,3074.7,2355.642,3195.754,2712.55,2775.698
2021-12-25,2243.2,2888.3,2276.216,2864.915,2565.75,2570.5654999999997
2021-12-26,2083.1,2938.3,2186.349,2968.77,2510.7,2577.5595000000003
2021-12-27,2218.1,3201.1,2255.165,3230.351,2709.6,2742.758
2021-12-28,2212.9,3109.3,2209.471,3089.832,2661.1000000000004,2649.6515
2021-12-29,2117.2,3170.3,2109.834,3072.219,2643.75,2591.0265
2021-12-30,1859.3,2822.6,2083.607,3028.066,2340.95,2555.8365
2021-12-31,1930.4,2814.0,2039.406,2913.133,2372.2,2476.2695
2022-01-01,2094.7,2755.0,1981.078,2693.96,2424.85,2337.5190000000002
2022-01-02,1971.0,2810.2,1939.757,2858.355,2390.6,2399.056
2022-01-03,2225.5,3311.5,2172.206,3426.131,2768.5,2799.1684999999998
2022-01-04,2386.6,3277.4,2455.513,3401.413,2832.0,2928.4629999999997
2022-01-05,2325.4,3097.8,2320.474,3151.562,2711.6000000000004,2736.018
2022-01-06,2090.8,3132.3,2103.613,3216.016,2611.55,2659.8145
2022-01-07,2185.7,3230.6,2241.372,3326.296,2708.1499999999996,2783.834
2022-01-08,2422.8,3224.7,2427.63,3221.919,2823.75,2824.7745
2022-01-09,2384.3,3044.2,2393.26,3104.043,2714.25,2748.6515
2022-01-10,2230.9,3387.2,2235.405,3478.286,2809.05,2856.8455000000004
2022-01-11,2504.9,3749.5,2572.628,3796.304,3127.2,3184.4660000000003
2022-01-12,2624.1,3374.9,2560.963,3421.615,2999.5,2991.2889999999998
2022-01-13,2384.7,3170.8,2327.515,3173.98,2777.75,2750.7475
2022-01-14,2190.1,3267.6,2214.411,3248.012,2728.85,2731.2115000000003
2022-01-15,2589.4,3451.4,2677.438,3658.501,3020.4,3167.9695
2022-01-16,2648.4,3314.3,2678.854,3409.028,2981.3500000000004,3043.941
2022-01-17,2367.9,3224.8,2435.358,3241.455,2796.3500000000004,2838.4065
2022-01-18,2319.8,3416.8,2320.107,3509.703,2868.3,2914.9049999999997
2022-01-19,2471.5,3217.8,2453.219,3287.995,2844.65,2870.607
2022-01-20,2193.3,3358.7,2218.124,3336.919,2776.0,2777.5215
2022-01-21,2534.7,3549.3,2584.363,3578.833,3042.0,3081.598
2022-01-22,2656.8,3324.5,2710.211,3337.086,2990.65,3023.6485
2022-01-23,2482.3,3252.8,2583.812,3231.072,2867.55,2907.442
2022-01-24,2467.6,3431.4,2399.363,3437.876,2949.5,2918.6195
2022-01-25,2366.9,3273.5,2385.096,3291.209,2820.2,2838.1525
2022-01-26,2413.7,3556.5,2443.979,3558.088,2985.1,3001.0335
2022-01-27,2708.4,3518.0,2737.416,3558.548,3113.2,3147.982
2022-01-28,2450.1,3262.9,2519.942,3322.43,2856.5,2921.1859999999997
2022-01-29,2510.0,3435.9,2521.887,3521.926,2972.95,3021.9065
2022-01-30,2712.4,3422.5,2713.463,3538.377,3067.45,3125.92
2022-01-31,2677.0,3548.3,2742.872,3529.934,3112.65,3136.4030000000002
2022-02-01,2555.1,3399.0,2643.222,3474.514,2977.05,3058.8680000000004
2022-02-02,2335.1,3211.6,2407.887,3207.384,2773.35,2807.6355000000003
2022-02-03,2198.3,3106.6,2220.864,3116.039,2652.45,2668.4515
2022-02-04,2176.2,3342.9,2165.003,3428.002,2759.55,2796.5025
2022-02-05,2380.9,3203.6,2487.952,3330.497,2792.25,2909.2245000000003
2022-02-06,2658.8,3324.4,2704.547,3327.101,2991.6000000000004,3015.824
2022-02-07,2534.0,3319.5,2498.917,3344.355,2926.75,2921.636
2022-02-08,2275.8,3245.6,2288.509,3207.977,2760.7,2748.243
2022-02-09,2222.7,3095.6,2333.055,3127.044,2659.1499999999996,2730.0495
2022-02-10,2170.0,2994.0,2292.196,3060.132,2582.0,2676.1639999999998
2022-02-11,2172.0,3011.0,2251.076,2925.081,2591.5,2588.0785
2022-02-12,2070.0,2754.0,2080.21,2688.753,2412.0,2384.4815
2022-02-13,2130.1,3130.7,2113.977,3178.207,2630.3999999999996,2646.0919999999996
2022-02-14,2389.5,3479.1,2412.033,3546.57,2934.3,2979.3015
2022-02-15,2622.0,3416.1,2694.117,3508.369,3019.05,3101.2430000000004
2022-02-16,2441.0,3233.6,2435.574,3338.305,2837.3,2886.9395
2022-02-17,2126.7,2946.8,2181.808,2902.111,2536.75,2541.9595
2022-02-18,2023.9,3073.4,1988.899,3001.413,2548.65,2495.156
2022-02-19,2282.6,2975.0,2334.356,3042.512,2628.8,2688.434
2022-02-20,2373.7,3062.1,2495.485,3063.844,2717.8999999999996,2779.6645
2022-02-21,2319.4,2902.8,2313.744,2879.429,2611.1000000000004,2596.5865000000003
2022-02-22,2234.3,3036.8,2149.674,3048.864,2635.55,2599.2690000000002
2022-02-23,1975.6,2832.9,1997.388,2822.185,2404.25,2409.7865
2022-02-24,2171.8,3124.0,2205.611,3217.574,2647.9,2711.5924999999997
2022-02-25,2379.8,3349.8,2352.195,3365.304,2864.8,2858.7495
2022-02-26,2466.8,3085.0,2503.907,3076.593,2775.9,2790.25
2022-02-27,2379.8,3037.0,2443.383,3060.383,2708.4,2751.883
2022-02-28,2410.8,3446.8,2428.771,3391.168,2928.8,2909.9695
2022-03-01,2465.0,3263.9,2504.329,3278.578,2864.45,2891.4535
2022-03-02,2235.1,3168.4,2238.386,3073.267,2701.75,2655.8265
2022-03-03,2154.9,3164.7,2214.226,3192.425,2659.8,2703.3255
2022-03-04,2518.9,3228.2,2494.435,3146.552,2873.55,2820.4935
2022-03-05,2262.5,2963.1,2404.062,2878.085,2612.8,2641.0735
2022-03-06,2108.4,2728.9,2149.089,2737.437,2418.65,2443.263
2022-03-07,1951.3,2917.6,1930.408,2864.126,2434.45,2397.267
2022-03-08,2007.7,3060.4,1987.471,2971.714,2534.05,2479.5924999999997
2022-03-09,2235.4,3282.5,2171.137,3153.848,2758.95,2662.4925000000003
2022-03-10,2250.6,3036.1,2238.287,2918.492,2643.35,2578.3895
2022-03-11,2092.2,2866.5,2134.813,2777.255,2479.35,2456.034
2022-03-12,2127.7,2926.3,2012.028,2964.126,2527.0,2488.077
2022-03-13,2214.1,2879.7,2411.061,2954.384,2546.8999999999996,2682.7225
2022-03-14,2192.0,2865.4,2273.384,3012.096,2528.7,2642.74
2022-03-15,1991.7,2741.5,2042.494,2744.07,2366.6,2393.282
2022-03-16,2048.5,2808.3,1988.119,2766.624,2428.4,2377.3714999999997
2022-03-17,1947.3,2689.2,1996.447,2729.247,2318.25,2362.8469999999998
2022-03-18,1891.6,2549.9,1916.752,2566.063,2220.75,2241.4075000000003
2022-03-19,1946.2,2639.9,1825.839,2530.039,2293.05,2177.9390000000003
2022-03-20,1885.1,2558.0,1888.46,2512.947,2221.55,2200.7035
2022-03-21,1963.4,2789.8,1882.674,2690.899,2376.6000000000004,2286.7865
2022-03-22,2080.7,2867.0,1947.829,2760.566,2473.85,2354.1974999999998
2022-03-23,2148.5,2897.5,2057.512,2772.445,2523.0,2414.9785
2022-03-24,2047.0,2947.9,2001.168,2917.545,2497.45,2459.3565
2022-03-25,2017.4,2699.9,2048.815,2741.421,2358.65,2395.118
2022-03-26,1976.4,2611.0,1900.11,2518.316,2293.7,2209.2129999999997
2022-03-27,1977.0,2713.6,1932.268,2660.922,2345.3,2296.5950000000003
2022-03-28,2108.7,3069.2,2111.488,3099.507,2588.95,2605.4975
2022-03-29,2359.6,3025.9,2400.828,3080.011,2692.75,2740.4195
2022-03-30,2250.0,2920.1,2257.923,2946.745,2585.05,2602.334
2022-03-31,2104.6,2691.5,2041.786,2790.044,2398.05,2415.915
2022-04-01,1836.5,2581.0,1894.051,2619.732,2208.75,2256.8914999999997
2022-04-02,1961.4,2503.5,1987.91,2488.923,2232.45,2238.4165
2022-04-03,1900.5,2626.2,1971.666,2626.803,2263.35,2299.2345
2022-04-04,1914.3,2694.6,1971.851,2685.311,2304.45,2328.581
2022-04-05,1933.1,2622.0,1932.719,2609.975,2277.55,2271.3469999999998
2022-04-06,1938.2,2841.9,1879.118,2736.566,2390.05,2307.8419999999996
2022-04-07,1905.0,2749.5,1962.999,2735.051,2327.25,2349.025
2022-04-08,1962.6,2678.6,1971.556,2680.71,2320.6,2326.133
2022-04-09,1831.0,2405.6,1872.833,2446.343,2118.3,2159.5879999999997
2022-04-10,1882.9,2534.8,1914.99,2553.31,2208.8500000000004,2234.15
2022-04-11,1984.6,2659.6,1930.397,2611.443,2322.1,2270.92
2022-04-12,1827.3,2579.2,1847.762,2681.612,2203.25,2264.687
2022-04-13,1741.6,2549.2,1838.893,2602.079,2145.3999999999996,2220.486
2022-04-14,1775.0,2665.1,1801.704,2643.222,2220.05,2222.463
2022-04-15,1716.6,2472.8,1857.622,2456.848,2094.7,2157.235
2022-04-16,1745.4,2327.9,1798.64,2401.261,2036.65,2099.9505
2022-04-17,1799.3,2449.9,1814.206,2396.253,2124.6,2105.2295
2022-04-18,1891.1,2617.5,1917.513,2554.997,2254.3,2236.255
2022-04-19,1914.1,2723.2,1902.317,2601.719,2318.6499999999996,2252.018
2022-04-20,1940.3,2663.6,1942.876,2529.702,2301.95,2236.289
2022-04-21,1896.5,2614.9,1903.421,2557.141,2255.7,2230.281
2022-04-22,1805.5,2469.3,1849.73,2438.316,2137.4,2144.023
2022-04-23,1814.4,2371.3,1819.189,2350.92,2092.8500000000004,2085.0545
2022-04-24,1764.7,2517.7,1786.382,2467.938,2141.2,2127.16
2022-04-25,1825.9,2617.1,1832.841,2551.815,2221.5,2192.328
2022-04-26,1884.5,2681.5,1839.313,2691.24,2283.0,2265.2765
2022-04-27,1782.3,2549.5,1846.861,2563.547,2165.9,2205.204
2022-04-28,1855.2,2579.1,1923.558,2588.151,2217.15,2255.8545
2022-04-29,1992.5,2583.3,1926.241,2493.943,2287.9,2210.092
2022-04-30,1956.4,2442.5,1893.308,2350.393,2199.45,2121.8505
2022-05-01,1794.2,2383.6,1834.53,2410.667,2088.9,2122.5985
2022-05-02,1907.9,2654.6,1786.942,2609.153,2281.25,2198.0474999999997
2022-05-03,1869.2,2679.0,1840.925,2577.467,2274.1,2209.196
2022-05-04,2007.3,2779.1,1824.203,2701.529,2393.2,2262.866
2022-05-05,1842.8,2576.0,1849.261,2521.224,2209.4,2185.2425000000003
2022-05-06,1858.8,2565.7,1792.402,2486.624,2212.25,2139.513
2022-05-07,1775.2,2439.9,1785.131,2370.968,2107.55,2078.0495
2022-05-08,1803.0,2483.2,1815.954,2395.486,2143.1,2105.72
2022-05-09,1820.1,2593.4,1850.964,2540.117,2206.75,2195.5405
2022-05-10,1850.0,2606.0,1849.499,2502.682,2228.0,2176.0905
2022-05-11,1895.5,2653.1,1834.919,2503.812,2274.3,2169.3655
2022-05-12,1860.7,2699.7,1799.204,2586.242,2280.2,2192.723
2022-05-13,1856.1,2782.6,1827.001,2983.023,2319.35,2405.012
2022-05-14,1960.0,3041.5,2026.03,3183.548,2500.75,2604.7889999999998
2022-05-15,2093.8,2905.9,2137.817,3085.07,2499.8500000000004,2611.4435000000003
2022-05-16,2043.4,3181.4,2100.92,3395.531,2612.4,2748.2255
2022-05-17,1878.2,2704.3,2053.295,2826.751,2291.25,2440.023
2022-05-18,1790.2,2560.6,1892.85,2775.412,2175.4,2334.131
2022-05-19,1831.0,2750.0,1855.595,2715.848,2290.5,2285.7215
2022-05-20,1796.2,2729.0,1833.048,2589.699,2262.6,2211.3735
2022-05-21,1973.7,3327.6,1917.378,2975.893,2650.65,2446.6355
2022-05-22,2242.6,3703.2,2091.932,3755.563,2972.8999999999996,2923.7475
2022-05-23,2135.8,2852.1,2221.293,2874.301,2493.95,2547.797
2022-05-24,1834.9,2534.3,1942.074,2617.832,2184.6000000000004,2279.953
2022-05-25,1796.7,2548.9,1880.405,2731.457,2172.8,2305.931
2022-05-26,1774.0,2646.0,1869.425,2756.907,2210.0,2313.166
2022-05-27,1890.3,3019.9,1992.281,3324.088,2455.1,2658.1845000000003
2022-05-28,2126.4,2892.0,2203.919,2804.578,2509.2,2504.2484999999997
2022-05-29,1833.8,2656.1,1861.945,2578.719,2244.95,2220.332
2022-05-30,1849.3,3180.8,1937.356,3460.467,2515.05,2698.9115
2022-05-31,2137.8,2871.4,2175.43,3167.728,2504.6000000000004,2671.5789999999997
2022-06-01,1943.3,2692.4,1901.089,2706.545,2317.85,2303.817
2022-06-02,1859.5,2697.8,1828.453,2675.072,2278.65,2251.7625
2022-06-03,1893.2,2733.8,1823.186,2648.823,2313.5,2236.0045
2022-06-04,1813.2,2517.7,1816.582,2584.814,2165.45,2200.698
2022-06-05,1800.8,2560.8,1778.403,2651.082,2180.8,2214.7425
2022-06-06,1868.8,2811.1,1842.278,3037.139,2339.95,2439.7085
2022-06-07,1848.9,3008.6,1941.248,3161.97,2428.75,2551.609
2022-06-08,2044.6,3233.0,2084.218,3408.213,2638.8,2746.2155000000002
2022-06-09,2053.4,2942.8,2114.773,3505.459,2498.1000000000004,2810.116
2022-06-10,1846.4,2974.4,2010.662,3121.399,2410.4,2566.0305
2022-06-11,1962.5,2801.5,1964.655,2793.316,2382.0,2378.9855
2022-06-12,1847.3,2728.5,1929.077,2985.399,2287.9,2457.238
2022-06-13,2030.6,3340.0,2210.459,3724.65,2685.3,2967.5545
2022-06-14,2048.8,3262.0,2130.174,3506.521,2655.4,2818.3475
2022-06-15,1952.6,2947.9,2146.888,3201.797,2450.25,2674.3424999999997
2022-06-16,1864.1,2988.0,1995.71,2957.594,2426.05,2476.652
2022-06-17,1978.9,3543.1,2109.314,3712.917,2761.0,2911.1155
2022-06-18,2088.0,2557.1,2059.14,2463.981,2322.55,2261.5605
2022-06-19,1746.1,2454.8,1784.169,2284.54,2100.45,2034.3545
2022-06-20,1774.2,2780.2,1773.403,2765.077,2277.2,2269.2400000000002
2022-06-21,1802.8,2814.7,1833.477,2984.44,2308.75,2408.9585
2022-06-22,1833.2,2779.9,1942.605,2886.442,2306.55,2414.5235000000002
2022-06-23,1967.0,2993.0,1975.833,3054.54,2480.0,2515.1865
2022-06-24,1850.0,2834.8,1977.126,3265.662,2342.4,2621.394
2022-06-25,1911.1,3283.8,2144.46,3543.916,2597.45,2844.188
2022-06-26,2117.8,3652.1,2299.957,3926.896,2884.95,3113.4265
2022-06-27,2408.1,3412.5,2498.332,3514.45,2910.3,3006.3909999999996
2022-06-28,2014.9,3150.1,2067.933,3324.099,2582.5,2696.016
2022-06-29,1990.2,3470.0,2109.886,3534.808,2730.1,2822.3469999999998
2022-06-30,2140.6,3483.4,2192.806,3420.095,2812.0,2806.4505
2022-07-01,2161.7,4179.6,2204.08,4216.572,3170.65,3210.326
2022-07-02,2473.7,3522.7,2658.241,3642.348,2998.2,3150.2945
2022-07-03,2125.9,3288.3,2241.312,3186.257,2707.1000000000004,2713.7844999999998
2022-07-04,2018.3,3301.2,2107.261,3179.769,2659.75,2643.515
2022-07-05,2113.2,3718.5,2194.798,3330.823,2915.85,2762.8104999999996
2022-07-06,2293.9,3706.7,2279.613,3550.328,3000.3,2914.9705
2022-07-07,2107.5,3326.7,2194.752,3423.477,2717.1,2809.1144999999997
2022-07-08,2090.6,3680.5,2174.687,3679.983,2885.55,2927.335
2022-07-09,2088.6,2843.2,2300.318,3047.326,2465.8999999999996,2673.822
2022-07-10,1871.5,2865.9,1964.442,2979.819,2368.7,2472.1305
2022-07-11,1963.4,3723.2,2111.741,3829.407,2843.3,2970.574
2022-07-12,2276.8,4135.7,2306.819,4269.125,3206.25,3287.9719999999998
2022-07-13,2396.1,4114.4,2602.097,4071.514,3255.25,3336.8055000000004
2022-07-14,2459.0,3565.6,2514.2,4019.417,3012.3,3266.8085
2022-07-15,2118.0,3422.5,2338.063,3570.794,2770.25,2954.4285
2022-07-16,2159.7,3286.7,2243.079,3366.156,2723.2,2804.6175000000003
2022-07-17,2239.7,3610.9,2344.205,3913.621,2925.3,3128.913
2022-07-18,2470.9,3993.6,2672.563,4022.971,3232.25,3347.767
2022-07-19,2595.3,4473.9,2779.492,4592.071,3534.6,3685.7815
2022-07-20,2658.9,4613.6,2868.852,4883.684,3636.25,3876.268
2022-07-21,2721.1,4538.2,3121.805,5098.732,3629.6499999999996,4110.2685
2022-07-22,2679.6,4497.1,3066.404,4659.504,3588.3500000000004,3862.9539999999997
2022-07-23,2691.9,4298.2,2910.782,4478.394,3495.05,3694.588
2022-07-24,2663.9,4499.1,2863.718,4772.318,3581.5,3818.018
2022-07-25,2979.0,4410.5,3433.941,4802.647,3694.75,4118.294
2022-07-26,2492.9,3864.7,2709.549,3728.445,3178.8,3218.9970000000003
2022-07-27,2273.0,3768.8,2330.92,3756.118,3020.9,3043.5190000000002
2022-07-28,2358.9,4147.4,2405.754,4439.397,3253.1499999999996,3422.5755
2022-07-29,2608.8,4148.1,2817.555,4403.172,3378.4500000000003,3610.3634999999995
2022-07-30,2461.2,3603.4,2766.776,3644.271,3032.3,3205.5235000000002
2022-07-31,2262.3,3734.3,2323.407,3742.659,2998.3,3033.0330000000004
2022-08-01,2582.0,4123.6,2676.004,4049.433,3352.8,3362.7185
2022-08-02,2459.6,4432.1,2558.221,4667.834,3445.8500000000004,3613.0275
2022-08-03,2657.4,4151.1,2811.358,4229.739,3404.25,3520.5485
2022-08-04,2663.1,5070.2,2705.369,5012.527,3866.6499999999996,3858.9480000000003
2022-08-05,2978.6,4679.4,3158.564,4871.549,3829.0,4015.0564999999997
2022-08-06,2821.4,4173.9,2881.325,4653.338,3497.6499999999996,3767.3315
2022-08-07,2837.6,4423.3,3103.235,4754.881,3630.45,3929.058
2022-08-08,3053.7,4695.4,3229.713,5239.813,3874.5499999999997,4234.763
2022-08-09,3156.0,4877.9,3199.545,5155.971,4016.95,4177.758
2022-08-10,2575.8,3622.8,2664.762,3516.7,3099.3,3090.7309999999998
2022-08-11,2352.4,3767.6,2414.665,3607.067,3060.0,3010.866
2022-08-12,2440.1,3463.0,2422.268,3484.261,2951.55,2953.2645
2022-08-13,2046.1,2815.2,2109.372,2829.276,2430.6499999999996,2469.3239999999996
2022-08-14,1892.9,3017.2,2005.319,3046.617,2455.05,2525.968
2022-08-15,2163.0,3359.3,2170.256,3464.889,2761.15,2817.5725
2022-08-16,2029.6,3240.6,2199.102,3371.548,2635.1,2785.325
2022-08-17,2011.1,3034.8,2241.061,3182.34,2522.95,2711.7005
2022-08-18,1952.6,3277.5,2133.51,3309.953,2615.05,2721.7315
2022-08-19,2134.0,3967.7,2223.437,4003.28,3050.85,3113.3585000000003
2022-08-20,2413.4,3893.5,2399.538,3833.292,3153.45,3116.415
2022-08-21,2262.2,3675.0,2581.275,3758.406,2968.6,3169.8405000000002
2022-08-22,2340.4,3526.3,2513.291,3506.542,2933.3500000000004,3009.9165000000003
2022-08-23,2413.0,3826.0,2410.027,3434.685,3119.5,2922.3559999999998
2022-08-24,2476.3,4040.3,2358.858,3939.348,3258.3,3149.103
2022-08-25,2376.9,4081.0,2491.332,4147.49,3228.95,3319.411
2022-08-26,2526.9,4156.2,2521.249,4226.729,3341.55,3373.989
2022-08-27,2422.5,3162.8,2441.348,3227.667,2792.65,2834.5074999999997
2022-08-28,2125.7,3130.9,2233.736,3340.538,2628.3,2787.1369999999997
2022-08-29,2271.1,4193.8,2262.503,4357.273,3232.45,3309.888
2022-08-30,2614.0,4419.0,2694.831,4720.463,3516.5,3707.647
2022-08-31,2788.1,4135.9,2644.176,3937.525,3462.0,3290.8505
2022-09-01,2228.1,3340.8,2225.312,3319.633,2784.45,2772.4725
2022-09-02,1931.9,2952.2,1995.961,2938.955,2442.05,2467.458
2022-09-03,1886.5,2919.3,1940.936,2809.322,2402.9,2375.129
2022-09-04,1988.8,3316.1,2020.58,3419.039,2652.45,2719.8095000000003
2022-09-05,2324.7,3094.2,2358.061,2969.036,2709.45,2663.5485
2022-09-06,2102.8,3175.9,2075.714,2983.574,2639.3500000000004,2529.6440000000002
2022-09-07,2114.5,3117.6,2004.064,2979.144,2616.05,2491.604
2022-09-08,2049.2,3090.9,1960.812,2994.764,2570.05,2477.788
2022-09-09,2009.0,3178.9,1938.377,3132.702,2593.95,2535.5395
2022-09-10,1893.1,3062.2,2037.395,3213.474,2477.6499999999996,2625.4345000000003
2022-09-11,2203.8,3198.0,2186.852,3024.712,2700.9,2605.782
2022-09-12,2292.2,3651.3,2188.395,3568.469,2971.75,2878.432
2022-09-13,2354.7,3584.7,2343.595,3417.54,2969.7,2880.5675
2022-09-14,2020.6,3277.1,2167.17,3325.268,2648.85,2746.219
2022-09-15,1992.2,2767.8,2088.255,2796.485,2380.0,2442.37
2022-09-16,1799.0,2709.6,1813.258,2713.893,2254.3,2263.5755
2022-09-17,1719.7,2493.3,1795.961,2474.853,2106.5,2135.407
2022-09-18,1796.1,3014.2,1859.936,3202.453,2405.1499999999996,2531.1945
2022-09-19,2000.6,3012.2,2181.862,2894.869,2506.3999999999996,2538.3655
2022-09-20,2031.7,2925.5,1920.501,2763.483,2478.6,2341.992
2022-09-21,1797.7,2855.4,1872.4,2793.575,2326.55,2332.9875
2022-09-22,1963.5,2872.1,1976.98,3051.733,2417.8,2514.3565
2022-09-23,1779.1,2684.3,1803.254,2476.871,2231.7,2140.0625
2022-09-24,1806.0,2392.6,1775.809,2410.092,2099.3,2092.9505
2022-09-25,1721.9,2548.3,1748.366,2588.997,2135.1000000000004,2168.6814999999997
2022-09-26,1790.9,2881.3,1860.683,2834.373,2336.1000000000004,2347.5280000000002
2022-09-27,1805.5,2772.2,1873.899,2772.718,2288.85,2323.3085
2022-09-28,1734.5,2659.1,1813.47,2739.8,2196.8,2276.635
2022-09-29,1741.5,2630.1,1793.637,2619.332,2185.8,2206.4845
2022-09-30,1725.3,2587.9,1777.577,2536.753,2156.6,2157.165
2022-10-01,1878.0,2512.2,1772.235,2438.373,2195.1,2105.304
2022-10-02,1725.9,2492.4,1777.824,2493.354,2109.15,2135.589
2022-10-03,1706.1,2619.0,1782.422,2718.556,2162.55,2250.489
2022-10-04,1750.1,2711.6,1815.843,2716.728,2230.85,2266.2855
2022-10-05,1767.4,2716.2,1829.292,2732.717,2241.8,2281.0045
2022-10-06,1783.8,2646.3,1850.832,2764.534,2215.05,2307.683
2022-10-07,1760.5,2624.7,1829.968,2791.757,2192.6,2310.8625
2022-10-08,1844.9,2508.2,1761.804,2360.061,2176.55,2060.9325
2022-10-09,1879.8,2605.7,1775.097,2414.129,2242.75,2094.613
2022-10-10,1865.4,2749.3,1775.953,2654.098,2307.3500000000004,2215.0254999999997
2022-10-11,1854.8,2781.9,1810.67,2712.273,2318.35,2261.4715
2022-10-12,1839.9,2794.8,1831.732,2727.61,2317.3500000000004,2279.6710000000003
2022-10-13,1761.2,2828.3,1824.9,2818.114,2294.75,2321.507
2022-10-14,1885.5,2726.0,1938.245,2829.605,2305.75,2383.925
2022-10-15,1788.6,2437.4,1789.138,2466.754,2113.0,2127.946
2022-10-16,1796.6,2636.5,1765.447,2542.444,2216.55,2153.9455
2022-10-17,1799.4,2811.8,1775.953,2769.462,2305.6000000000004,2272.7075
2022-10-18,1849.1,2861.3,1852.202,2715.217,2355.2,2283.7095
2022-10-19,1863.4,2829.4,1816.253,2669.366,2346.4,2242.8095
2022-10-20,1782.0,2648.2,1852.643,2673.372,2215.1,2263.0074999999997
2022-10-21,1751.6,2519.8,1850.214,2609.779,2135.7,2229.9965
2022-10-22,1878.0,2523.9,1814.802,2450.588,2200.95,2132.695
2022-10-23,1823.8,2630.7,1775.975,2583.073,2227.25,2179.524
2022-10-24,1856.6,2898.2,1794.996,2793.883,2377.3999999999996,2294.4395
2022-10-25,1880.0,2950.6,1850.931,2829.171,2415.3,2340.051
2022-10-26,1745.1,2809.8,1875.973,2849.101,2277.45,2362.5370000000003
2022-10-27,1775.8,2658.8,1900.339,2675.389,2217.3,2287.864
2022-10-28,1858.0,2627.8,1826.561,2604.488,2242.9,2215.5245
2022-10-29,1958.9,2533.0,1881.224,2469.568,2245.95,2175.396
2022-10-30,1930.5,2605.6,1870.172,2552.193,2268.05,2211.1825
2022-10-31,1866.3,2809.6,1844.667,2711.596,2337.95,2278.1315
2022-11-01,1752.4,2765.7,1819.099,2794.158,2259.05,2306.6285
2022-11-02,1739.3,2618.9,1835.367,2715.431,2179.1,2275.399
2022-11-03,1764.4,2543.2,1787.839,2719.088,2153.8,2253.4635
2022-11-04,1773.9,2624.2,1819.041,2718.277,2199.05,2268.659
2022-11-05,1749.5,2545.6,1834.329,2640.529,2147.55,2237.429
2022-11-06,1787.7,2705.9,1877.716,2802.134,2246.8,2339.925
2022-11-07,1967.4,2845.5,1966.798,2875.137,2406.45,2420.9675
2022-11-08,1839.6,2794.5,1773.778,2781.264,2317.05,2277.521
2022-11-09,1868.3,2796.3,1908.036,2838.336,2332.3,2373.1859999999997
2022-11-10,1810.5,2718.3,1900.032,2799.015,2264.4,2349.5235
2022-11-11,1745.5,2687.2,1826.111,2816.472,2216.35,2321.2915000000003
2022-11-12,1882.9,2496.6,1992.268,2608.113,2189.75,2300.1904999999997
2022-11-13,1701.0,2583.0,1759.959,2643.581,2142.0,2201.77
2022-11-14,1868.4,2853.2,1889.048,2985.227,2360.8,2437.1375
2022-11-15,1980.7,2865.6,2082.43,3017.116,2423.15,2549.773
2022-11-16,1897.8,2855.6,2046.655,2952.489,2376.7,2499.572
2022-11-17,1899.6,2853.2,2024.174,3009.038,2376.3999999999996,2516.6059999999998
2022-11-18,2000.7,2800.3,2117.334,2987.509,2400.5,2552.4215
2022-11-19,2131.6,2737.7,2129.626,2799.239,2434.6499999999996,2464.4325
2022-11-20,1977.4,2909.9,2137.427,3032.638,2443.65,2585.0325000000003
2022-11-21,2113.7,3045.1,2279.466,3209.151,2579.3999999999996,2744.3085
2022-11-22,2028.1,2960.6,2175.503,3006.424,2494.35,2590.9635
2022-11-23,1980.8,2851.7,2099.228,2927.021,2416.25,2513.1245
2022-11-24,2089.2,2674.7,2109.428,2531.494,2381.95,2320.4610000000002
2022-11-25,1870.1,2674.8,1990.086,2730.817,2272.45,2360.4515
2022-11-26,2015.2,2603.0,2017.667,2649.827,2309.1,2333.7470000000003
2022-11-27,1911.9,2551.2,1968.093,2780.906,2231.55,2374.4995
2022-11-28,1829.3,2923.5,1897.728,2982.453,2376.4,2440.0905000000002
2022-11-29,1924.1,2941.1,2071.481,3087.636,2432.6,2579.5585
2022-11-30,1907.4,2831.7,2061.083,3032.406,2369.55,2546.7445
2022-12-01,2012.0,3083.6,2037.483,3155.898,2547.8,2596.6905
2022-12-02,2042.6,2897.8,2183.175,3038.232,2470.2,2610.7035
2022-12-03,2018.4,2775.1,2051.851,2736.721,2396.75,2394.286
2022-12-04,2044.7,2906.7,2016.343,2918.542,2475.7,2467.4425
2022-12-05,2036.8,3033.2,2179.967,3115.094,2535.0,2647.5305
2022-12-06,1946.3,2974.5,2079.465,3026.203,2460.4,2552.834
2022-12-07,1951.9,2916.6,1964.586,2995.602,2434.25,2480.094
2022-12-08,1779.0,2917.7,1916.055,2988.264,2348.35,2452.1595
2022-12-09,1984.6,3087.2,2114.962,3073.253,2535.8999999999996,2594.1075
2022-12-10,2185.5,3004.3,2185.87,3061.547,2594.9,2623.7084999999997
2022-12-11,2118.0,3067.4,2256.925,3244.418,2592.7,2750.6715000000004
2022-12-12,2171.9,3319.2,2373.939,3413.742,2745.55,2893.8405000000002
2022-12-13,2220.1,3210.1,2404.449,3303.82,2715.1,2854.1345
2022-12-14,2253.1,3264.9,2350.525,3374.315,2759.0,2862.42
2022-12-15,2165.6,3022.8,2321.203,3249.88,2594.2,2785.5415000000003
2022-12-16,2066.4,3073.9,2156.406,3191.532,2570.15,2673.969
2022-12-17,1993.0,2906.0,2161.278,2963.452,2449.5,2562.365
2022-12-18,2124.9,3036.4,2189.997,3036.626,2580.65,2613.3115
2022-12-19,2169.7,3348.1,2279.913,3320.273,2758.8999999999996,2800.093
2022-12-20,2222.9,3375.3,2312.486,3286.634,2799.1000000000004,2799.56
2022-12-21,2255.6,3311.2,2358.57,3266.627,2783.3999999999996,2812.5985
2022-12-22,2149.0,3097.1,2303.73,3184.593,2623.05,2744.1615
2022-12-23,2000.6,2921.2,2127.546,2980.301,2460.8999999999996,2553.9235
2022-12-24,2435.7,3301.7,2436.73,3301.393,2868.7,2869.0615
2022-12-25,2487.0,3307.2,2649.284,3051.447,2897.1,2850.3655
2022-12-26,2424.0,3395.1,2514.194,3206.368,2909.55,2860.281
2022-12-27,2344.1,3364.7,2366.708,3272.871,2854.3999999999996,2819.7895
2022-12-28,2303.3,3237.8,2426.13,3166.664,2770.55,2796.397
2022-12-29,2187.6,3107.8,2229.696,3002.481,2647.7,2616.0885
2022-12-30,2070.0,2924.3,2127.925,2820.154,2497.15,2474.0395
2022-12-31,1861.5,2583.1,1959.769,2707.638,2222.3,2333.7035
2023-01-01,1816.6,2642.8,1889.269,2640.121,2229.7,2264.695
2023-01-02,1923.6,2856.6,2008.242,2932.926,2390.1,2470.584
2023-01-03,1966.5,2905.1,2099.776,3129.482,2435.8,2614.629
2023-01-04,1982.0,2938.4,2086.637,3048.882,2460.2,2567.7595
2023-01-05,1967.7,3103.5,2035.002,3149.334,2535.6,2592.1679999999997
2023-01-06,1969.4,3003.0,2173.35,3208.801,2486.2,2691.0755
2023-01-07,2106.0,2833.9,2192.274,2873.242,2469.95,2532.758
2023-01-08,2133.2,2942.5,2273.691,3040.395,2537.85,2657.0429999999997
2023-01-09,2195.5,3097.0,2276.223,3168.762,2646.25,2722.4925000000003
2023-01-10,2145.6,3105.6,2234.319,3169.107,2625.6,2701.7129999999997
2023-01-11,2214.7,3230.4,2326.406,3285.794,2722.55,2806.1
2023-01-12,2193.9,3098.0,2278.216,3190.011,2645.95,2734.1135
2023-01-13,1991.4,2789.3,2061.754,2870.016,2390.3500000000004,2465.885
2023-01-14,1906.7,2925.9,2085.798,2961.813,2416.3,2523.8055
2023-01-15,2095.1,2899.8,2215.895,3065.497,2497.45,2640.696
2023-01-16,2102.3,3057.6,2319.125,3311.089,2579.95,2815.107
2023-01-17,2166.8,3045.6,2285.658,3080.005,2606.2,2682.8315000000002
2023-01-18,2158.6,3054.0,2101.311,3005.464,2606.3,2553.3875
2023-01-19,2076.5,3140.5,2111.999,3150.618,2608.5,2631.3085
2023-01-20,2172.7,3211.4,2207.16,3200.782,2692.05,2703.971
2023-01-21,2272.5,3003.2,2250.148,3065.83,2637.85,2657.989
2023-01-22,2202.8,2866.3,2294.998,3093.339,2534.55,2694.1684999999998
2023-01-23,2199.9,3182.5,2252.148,3341.685,2691.2,2796.9165000000003
2023-01-24,2187.7,3132.1,2341.491,3269.492,2659.8999999999996,2805.4915
2023-01-25,2135.2,3289.2,2299.48,3251.239,2712.2,2775.3595
2023-01-26,2035.2,3042.8,2153.372,3137.364,2539.0,2645.368
2023-01-27,2136.0,3006.4,2246.883,3064.956,2571.2,2655.9195
2023-01-28,2185.4,2734.6,2251.823,2786.278,2460.0,2519.0505
2023-01-29,2057.2,2743.8,2131.314,2861.656,2400.5,2496.4849999999997
2023-01-30,1944.3,3031.8,2056.652,3024.226,2488.05,2540.4390000000003
2023-01-31,2026.2,3320.3,2093.518,3221.774,2673.25,2657.6459999999997
2023-02-01,2338.9,3382.8,2394.822,3308.279,2860.8500000000004,2851.5505000000003
2023-02-02,2342.4,3220.9,2440.247,3258.297,2781.65,2849.272
2023-02-03,2363.5,3804.5,2416.942,3841.6,3084.0,3129.2709999999997
2023-02-04,2905.0,3601.4,3177.102,3868.24,3253.2,3522.671
2023-02-05,2255.0,2910.9,2497.164,3106.633,2582.95,2801.8985000000002
2023-02-06,2136.5,3070.5,2291.063,3139.941,2603.5,2715.502
2023-02-07,2188.1,3269.9,2338.054,3297.574,2729.0,2817.8140000000003
2023-02-08,2157.0,3059.0,2286.392,3058.929,2608.0,2672.6605
2023-02-09,2087.8,3065.7,2214.473,3085.893,2576.75,2650.183
2023-02-10,1997.3,2848.6,2091.618,2841.286,2422.95,2466.452
2023-02-11,2056.5,2813.3,2125.571,2837.821,2434.9,2481.696
2023-02-12,2096.3,2731.5,2206.442,2873.546,2413.9,2539.9939999999997
2023-02-13,2055.6,3108.0,2117.351,3057.945,2581.8,2587.648
2023-02-14,2089.8,2980.3,2147.21,2931.641,2535.05,2539.4255000000003
2023-02-15,2052.9,2925.9,2161.914,2912.593,2489.4,2537.2535
2023-02-16,1865.8,2752.1,1972.919,2823.781,2308.95,2398.35
2023-02-17,1845.6,2842.3,1918.308,2839.592,2343.95,2378.95
2023-02-18,2172.6,2758.7,2291.958,2824.936,2465.6499999999996,2558.447
2023-02-19,2127.2,2757.3,2203.278,2764.429,2442.25,2483.8535
2023-02-20,1963.8,2824.5,2014.994,2738.813,2394.15,2376.9035
2023-02-21,1983.2,2978.6,1983.576,3031.944,2480.9,2507.76
2023-02-22,2126.7,3057.4,2157.165,2996.272,2592.05,2576.7185
2023-02-23,2101.0,3331.9,2222.291,3282.865,2716.45,2752.578
2023-02-24,2358.8,3395.0,2351.587,3268.829,2876.9,2810.208
2023-02-25,2665.5,3373.9,2622.62,3340.685,3019.7,2981.6525
2023-02-26,2302.4,2982.3,2586.723,3187.944,2642.3500000000004,2887.3334999999997
2023-02-27,2235.1,3138.4,2417.072,3285.204,2686.75,2851.138
2023-02-28,2224.6,3090.7,2400.091,3275.251,2657.6499999999996,2837.6710000000003
2023-03-01,2180.9,2987.2,2291.517,3087.088,2584.05,2689.3025
2023-03-02,2093.9,2994.7,2183.752,3044.001,2544.3,2613.8765000000003
2023-03-03,2182.9,2879.8,2230.187,2921.674,2531.3500000000004,2575.9305
2023-03-04,2192.0,2960.3,2236.193,3019.22,2576.15,2627.7065000000002
2023-03-05,2212.3,2925.5,2276.195,2936.277,2568.9,2606.236
2023-03-06,2315.9,3088.3,2212.704,3019.663,2702.1000000000004,2616.1835
2023-03-07,2225.8,3150.6,2197.875,3148.134,2688.2,2673.0045
2023-03-08,2227.6,3011.1,2303.434,2961.419,2619.35,2632.4265
2023-03-09,2115.4,2953.4,2173.071,2907.942,2534.4,2540.5065
2023-03-10,2110.0,2794.1,2170.395,2793.547,2452.05,2481.971
2023-03-11,2023.2,2803.4,2055.117,2825.68,2413.3,2440.3985000000002
2023-03-12,2024.9,2821.0,2192.261,2792.282,2422.95,2492.2715
2023-03-13,2024.8,2945.4,2099.573,2976.326,2485.1,2537.9494999999997
2023-03-14,2058.7,3177.6,2139.536,3139.92,2618.1499999999996,2639.728
2023-03-15,2184.7,3072.8,2279.001,3017.038,2628.75,2648.0195000000003
2023-03-16,2246.6,2865.4,2233.462,2907.035,2556.0,2570.2484999999997
2023-03-17,2120.7,2762.3,2093.188,2757.05,2441.5,2425.119
2023-03-18,1845.5,2471.0,1973.776,2527.479,2158.25,2250.6275
2023-03-19,1981.1,3091.6,2052.319,2898.164,2536.35,2475.2415
2023-03-20,2148.6,2778.7,2234.416,2907.843,2463.6499999999996,2571.1295
2023-03-21,1967.4,2713.9,2104.615,2778.624,2340.65,2441.6195
2023-03-22,1871.2,2713.3,1980.349,2727.413,2292.25,2353.881
2023-03-23,1791.3,2762.9,1943.671,2665.132,2277.1,2304.4015
2023-03-24,1767.6,2533.4,1909.921,2626.042,2150.5,2267.9815
2023-03-25,1860.0,2836.9,2030.432,2724.305,2348.45,2377.3685
2023-03-26,2029.5,2693.7,1998.278,2566.443,2361.6,2282.3605000000002
2023-03-27,1977.3,2780.4,1958.032,2693.485,2378.85,2325.7585
2023-03-28,1897.3,2852.1,1963.49,2863.242,2374.7,2413.366
2023-03-29,2031.9,2646.6,2097.051,2763.884,2339.25,2430.4674999999997
2023-03-30,2014.4,2951.4,2024.53,2858.917,2482.9,2441.7235
2023-03-31,2127.3,2775.7,2183.271,2789.535,2451.5,2486.4030000000002
2023-04-01,1894.2,2519.1,2001.344,2657.618,2206.65,2329.4809999999998
2023-04-02,1837.2,2727.9,1872.927,2650.135,2282.55,2261.531
2023-04-03,1937.8,2800.8,2084.124,2731.149,2369.3,2407.6364999999996
2023-04-04,1826.2,2536.5,1938.525,2643.44,2181.35,2290.9825
2023-04-05,1740.4,2755.8,1867.082,2831.078,2248.1000000000004,2349.08
2023-04-06,1874.2,2572.2,2001.088,2739.458,2223.2,2370.273
2023-04-07,1737.5,2556.3,1889.688,2594.474,2146.9,2242.081
2023-04-08,1852.7,2566.1,2009.78,2486.898,2209.4,2248.339
2023-04-09,1860.3,2628.2,1976.016,2468.997,2244.25,2222.5065
2023-04-10,1842.6,2527.1,1958.531,2617.732,2184.85,2288.1315
2023-04-11,1752.4,2578.5,1868.09,2674.153,2165.45,2271.1214999999997
2023-04-12,1733.4,2524.9,1831.286,2626.082,2129.15,2228.684
2023-04-13,1684.2,2736.0,1791.776,3000.942,2210.1,2396.359
2023-04-14,1780.8,2564.2,2025.406,2953.271,2172.5,2489.3385
2023-04-15,1935.1,2490.2,1792.059,2351.968,2212.6499999999996,2072.0135
2023-04-16,1889.9,2590.3,1756.868,2380.157,2240.1000000000004,2068.5125
2023-04-17,1694.8,2651.5,1790.546,2588.499,2173.15,2189.5225
2023-04-18,1826.4,2514.0,1817.997,2537.475,2170.2,2177.736
2023-04-19,1740.6,2459.2,1822.463,2585.2,2099.8999999999996,2203.8315
2023-04-20,1813.9,2438.4,1903.437,2474.318,2126.15,2188.8775
2023-04-21,1783.9,2406.1,1826.526,2432.638,2095.0,2129.582
2023-04-22,1949.2,2534.3,1822.842,2426.702,2241.75,2124.772
2023-04-23,1693.7,2445.7,1838.318,2555.246,2069.7,2196.782
2023-04-24,1727.5,2567.1,1852.21,2591.255,2147.3,2221.7325
2023-04-25,1806.9,2488.7,1843.599,2558.975,2147.8,2201.287
2023-04-26,1782.1,2453.9,1841.106,2558.11,2118.0,2199.608
2023-04-27,1807.0,2462.0,1854.075,2517.013,2134.5,2185.544
2023-04-28,1731.3,2344.5,1870.147,2459.043,2037.9,2164.5950000000003
2023-04-29,1930.3,2534.9,1805.593,2402.395,2232.6,2103.994
2023-04-30,1740.1,2567.0,1836.949,2548.479,2153.55,2192.714
2023-05-01,1878.3,2809.2,1869.401,2530.153,2343.75,2199.777
2023-05-02,1710.8,2516.1,1826.206,2604.077,2113.45,2215.1415
2023-05-03,1641.4,2434.7,1857.084,2611.469,2038.05,2234.2765
2023-05-04,1680.3,2488.1,1878.073,2672.745,2084.2,2275.409
2023-05-05,1743.4,2298.1,1883.687,2594.635,2020.75,2239.161
2023-05-06,1655.0,2248.5,1839.933,2405.257,1951.75,2122.5950000000003
2023-05-07,1602.8,2239.8,1773.723,2596.399,1921.3000000000002,2185.0609999999997
2023-05-08,1650.1,2475.7,1842.185,2694.204,2062.8999999999996,2268.1945
2023-05-09,1595.1,2370.4,1777.212,2515.656,1982.75,2146.434
2023-05-10,1582.4,2346.1,1797.782,2636.99,1964.25,2217.386
2023-05-11,1567.9,2633.8,1812.638,2799.448,2100.8500000000004,2306.0429999999997
2023-05-12,1636.9,2826.4,1851.815,3008.946,2231.65,2430.3805
2023-05-13,1717.5,2568.4,1938.088,2683.718,2142.95,2310.903
2023-05-14,1538.2,2256.6,1783.047,2409.001,1897.4,2096.0240000000003
2023-05-15,1572.8,2809.7,1750.06,2663.859,2191.25,2206.9595
2023-05-16,1570.8,2926.9,1818.786,2845.295,2248.85,2332.0405
2023-05-17,1638.8,2311.0,1836.093,2469.357,1974.9,2152.725
2023-05-18,1610.2,2293.7,1804.842,2473.991,1951.9499999999998,2139.4165000000003
2023-05-19,1806.8,2557.8,1779.049,2485.568,2182.3,2132.3085
2023-05-20,1549.6,2457.0,1767.301,2503.843,2003.3,2135.572
2023-05-21,2073.4,2913.0,1907.432,2589.639,2493.2,2248.5355
2023-05-22,1521.3,2424.8,1831.128,2518.926,1973.0500000000002,2175.027
2023-05-23,1525.8,2320.8,1764.913,2517.266,1923.3000000000002,2141.0895
2023-05-24,1547.4,2615.2,1770.698,2736.666,2081.3,2253.6820000000002
2023-05-25,1489.7,2305.0,1782.811,2522.884,1897.35,2152.8475
2023-05-26,1518.3,2407.5,1759.372,2438.393,1962.9,2098.8825
2023-05-27,1365.9,2040.8,1753.3,2520.527,1703.35,2136.9135
2023-05-28,1493.1,2744.7,1787.193,2901.844,2118.8999999999996,2344.5185
2023-05-29,1663.0,2247.1,1969.381,2495.709,1955.05,2232.545
2023-05-30,1523.1,2421.5,1768.383,2646.632,1972.3,2207.5075
2023-05-31,1548.7,2741.1,1791.831,2982.706,2144.9,2387.2685
2023-06-01,1660.2,3382.4,1908.181,3691.071,2521.3,2799.626
2023-06-02,2420.2,3784.1,2218.493,3807.458,3102.1499999999996,3012.9755
2023-06-03,2206.1,2639.8,1916.451,2337.927,2422.95,2127.1890000000003
2023-06-04,2052.0,2722.3,1752.123,2393.426,2387.15,2072.7745
2023-06-05,1581.0,2432.0,1772.712,2587.564,2006.5,2180.138
2023-06-06,1598.6,2671.0,1809.628,2679.233,2134.8,2244.4305
2023-06-07,1614.4,2566.2,1830.91,2628.522,2090.3,2229.716
2023-06-08,1621.0,2452.3,1801.015,2609.015,2036.65,2205.015
2023-06-09,1580.2,2522.6,1796.857,2579.116,2051.4,2187.9865
2023-06-10,2102.6,2746.0,1779.279,2411.545,2424.3,2095.4120000000003
2023-06-11,1570.8,2587.1,1782.623,2728.503,2078.95,2255.563
2023-06-12,1726.4,3032.2,1964.109,3229.762,2379.3,2596.9355
2023-06-13,1779.2,2846.3,2103.541,3187.149,2312.75,2645.3450000000003
2023-06-14,1751.4,2967.0,1982.255,3162.062,2359.2,2572.1585
2023-06-15,1772.9,3031.7,1955.802,3142.85,2402.3,2549.326
2023-06-16,1844.9,3048.2,2060.944,3233.258,2446.55,2647.1009999999997
2023-06-17,1802.7,2660.6,2084.446,2644.734,2231.65,2364.59
2023-06-18,2147.2,2921.1,1867.847,2501.459,2534.1499999999996,2184.653
2023-06-19,1656.3,2590.6,1890.114,2681.307,2123.45,2285.7105
2023-06-20,1660.8,2675.5,1852.189,2741.41,2168.15,2296.7995
2023-06-21,1630.4,2640.3,1865.517,2775.753,2135.3500000000004,2320.635
2023-06-22,1628.0,2808.1,1872.958,2811.915,2218.05,2342.4365
2023-06-23,1694.6,2958.8,1932.04,3183.833,2326.7,2557.9365
2023-06-24,2103.8,3148.3,2231.247,3151.313,2626.05,2691.2799999999997
2023-06-25,2189.1,3475.4,2288.592,3642.861,2832.25,2965.7264999999998
2023-06-26,2339.8,3590.2,2464.768,3783.354,2965.0,3124.0609999999997
2023-06-27,2404.8,3586.1,2508.002,3599.27,2995.45,3053.636
2023-06-28,2105.3,3293.5,2396.916,3715.196,2699.4,3056.056
2023-06-29,2018.6,3401.3,2352.284,3739.002,2709.95,3045.643
2023-06-30,2040.4,3483.3,2326.452,3670.7,2761.8500000000004,2998.576
2023-07-01,2458.0,3603.7,2255.876,3127.469,3030.85,2691.6725
2023-07-02,1933.6,3160.9,2169.457,2893.553,2547.25,2531.505
2023-07-03,2311.1,3805.9,2193.074,3210.542,3058.5,2701.808
2023-07-04,2094.7,3058.4,2272.338,3033.537,2576.55,2652.9375
2023-07-05,2625.7,4304.5,2250.265,4161.353,3465.1,3205.809
2023-07-06,2506.6,4315.3,2652.491,4620.497,3410.95,3636.494
2023-07-07,2411.8,4243.9,2747.671,4363.379,3327.85,3555.5249999999996
2023-07-08,2319.7,3641.3,2697.384,3828.025,2980.5,3262.7045
2023-07-09,2673.9,3753.2,2602.935,3511.723,3213.55,3057.3289999999997
2023-07-10,2176.5,3515.4,2539.787,3384.147,2845.95,2961.9669999999996
2023-07-11,2040.3,4075.2,2267.765,4074.533,3057.75,3171.149
2023-07-12,2355.3,4593.0,2590.203,4469.904,3474.15,3530.0535
2023-07-13,2514.7,3921.0,2719.898,4432.438,3217.85,3576.168
2023-07-14,2576.0,3920.6,2625.663,3862.312,3248.3,3243.9875
2023-07-15,2783.5,4065.7,2632.418,4077.011,3424.6,3354.7145
2023-07-16,2641.4,3660.1,2902.105,3588.771,3150.75,3245.438
2023-07-17,2569.0,4474.0,2716.265,4403.183,3521.5,3559.724
2023-07-18,2605.1,4285.8,2796.772,4455.683,3445.45,3626.2275
2023-07-19,2467.8,3927.9,2720.822,4079.96,3197.8500000000004,3400.391
2023-07-20,2293.9,3504.7,2516.176,3892.626,2899.3,3204.401
2023-07-21,2174.2,3179.4,2445.629,3568.139,2676.8,3006.884
2023-07-22,2147.0,3195.3,2265.527,3356.001,2671.15,2810.764
2023-07-23,2057.5,3296.3,2252.264,3603.747,2676.9,2928.0055
2023-07-24,2160.0,3972.0,2429.328,4266.868,3066.0,3348.098
2023-07-25,2538.4,4068.0,2581.924,4252.904,3303.2,3417.414
2023-07-26,2338.3,4373.0,2418.503,4308.87,3355.65,3363.6865
2023-07-27,2477.4,4692.9,2709.823,4675.569,3585.1499999999996,3692.696
2023-07-28,2831.8,4705.6,2808.403,4503.738,3768.7000000000003,3656.0705
2023-07-29,3172.5,4140.2,2741.665,4095.762,3656.35,3418.7135
2023-07-30,2612.6,3457.0,2154.203,3030.867,3034.8,2592.535
2023-07-31,1944.6,3229.7,2133.157,3519.132,2587.1499999999996,2826.1445000000003
2023-08-01,1996.6,2988.6,2182.489,3182.884,2492.6,2682.6865
2023-08-02,1869.0,2982.2,2021.061,3096.078,2425.6,2558.5695
2023-08-03,1952.3,3308.1,2062.031,3392.533,2630.2,2727.282
2023-08-04,2062.3,3234.1,2203.66,3413.761,2648.2,2808.7105
2023-08-05,2089.8,3125.1,2311.42,3326.888,2607.45,2819.154
2023-08-06,2011.0,3133.7,2097.056,3333.948,2572.35,2715.502
2023-08-07,2105.8,3460.2,2300.205,3341.644,2783.0,2820.9245
2023-08-08,2294.6,3562.4,2437.743,3945.859,2928.5,3191.801
2023-08-09,2222.9,3696.7,2462.865,3721.483,2959.8,3092.174
2023-08-10,2247.3,3764.2,2361.477,3709.782,3005.75,3035.6295
2023-08-11,2651.0,3844.6,2412.975,3501.552,3247.8,2957.2635
2023-08-12,2088.7,3426.8,2149.642,3379.281,2757.75,2764.4615
2023-08-13,2329.1,3762.9,2504.114,3892.293,3046.0,3198.2035
2023-08-14,2234.7,3725.6,2412.513,3864.006,2980.1499999999996,3138.2595
2023-08-15,2295.7,3255.6,2603.148,3266.798,2775.6499999999996,2934.973
2023-08-16,2526.7,3641.0,2277.3,3170.624,3083.85,2723.962
2023-08-17,2505.7,3695.6,2230.66,3156.305,3100.6499999999996,2693.4825
2023-08-18,2213.3,3465.5,2282.674,3543.785,2839.4,2913.2295
2023-08-19,1963.2,2723.6,2043.637,2659.416,2343.4,2351.5265
2023-08-20,1875.8,3150.7,1994.862,3209.037,2513.25,2601.9494999999997
2023-08-21,2155.3,3821.5,2254.685,3918.58,2988.4,3086.6324999999997
2023-08-22,2068.0,3134.8,2271.294,3329.303,2601.4,2800.2985
2023-08-23,1932.7,2987.2,2045.994,3184.52,2459.95,2615.257
2023-08-24,1912.1,3015.4,2037.068,3203.097,2463.75,2620.0825
2023-08-25,2013.0,3038.4,2083.418,3108.996,2525.7,2596.2070000000003
2023-08-26,2292.6,3308.4,2315.346,3420.978,2800.5,2868.1620000000003
2023-08-27,2197.8,2889.3,2284.407,3075.588,2543.55,2679.9975000000004
2023-08-28,2198.9,3177.8,2149.744,3308.632,2688.3500000000004,2729.188
2023-08-29,2007.7,3092.2,2203.96,3422.317,2549.95,2813.1385
2023-08-30,2134.2,3377.0,2365.377,3694.979,2755.6,3030.178
2023-08-31,2024.5,2885.7,2164.528,3022.217,2455.1,2593.3725
2023-09-01,1813.1,2887.4,1918.816,2871.705,2350.25,2395.2605
2023-09-02,1802.7,2861.6,1903.031,2876.621,2332.15,2389.826
2023-09-03,1913.3,3382.2,2062.727,3418.537,2647.75,2740.6319999999996
2023-09-04,2581.5,4090.7,2329.595,3788.274,3336.1,3058.9345
2023-09-05,2656.3,4318.6,2451.719,4363.73,3487.4500000000003,3407.7245
2023-09-06,2517.5,4227.9,2749.237,4562.603,3372.7,3655.92
2023-09-07,2667.2,4515.1,2871.761,4922.699,3591.15,3897.2299999999996
2023-09-08,2751.5,4413.3,3006.658,4541.781,3582.4,3774.2195
2023-09-09,3037.6,4075.5,2630.589,3847.971,3556.55,3239.2799999999997
2023-09-10,2840.6,3724.2,2488.333,3285.342,3282.3999999999996,2886.8375
2023-09-11,2789.1,3900.4,2397.246,3576.125,3344.75,2986.6855
2023-09-12,2566.1,3657.8,2396.362,3745.295,3111.95,3070.8285
2023-09-13,2257.9,3359.9,2433.707,3646.559,2808.9,3040.133
2023-09-14,2156.3,3064.5,2309.101,3297.435,2610.4,2803.268
2023-09-15,1863.0,2741.9,2009.257,2790.814,2302.45,2400.0355
2023-09-16,1806.5,2561.5,1921.099,2553.313,2184.0,2237.206
2023-09-17,1739.0,2815.3,1848.64,2863.265,2277.15,2355.9525
2023-09-18,1914.2,2945.4,2043.146,3040.614,2429.8,2541.88
2023-09-19,1941.5,2951.9,2024.884,2953.968,2446.7,2489.426
2023-09-20,1847.0,2872.0,1936.645,2974.287,2359.5,2455.466
2023-09-21,1797.1,2821.2,1894.8,2917.57,2309.1499999999996,2406.185
2023-09-22,2212.5,3021.0,1898.645,2681.412,2616.75,2290.0285
2023-09-23,1895.3,2497.4,1852.26,2508.705,2196.35,2180.4825
2023-09-24,2256.3,2992.3,1854.618,2611.56,2624.3,2233.089
2023-09-25,1802.8,2903.6,1873.718,2758.025,2353.2,2315.8715
2023-09-26,2135.9,3090.2,1859.852,2643.84,2613.05,2251.846
2023-09-27,1699.2,2638.0,1804.612,2681.264,2168.6,2242.938
2023-09-28,1924.6,2840.9,1813.044,2666.078,2382.75,2239.561
2023-09-29,1945.2,2764.6,1821.679,2697.539,2354.9,2259.6090000000004
2023-09-30,1991.1,2681.0,1832.125,2470.419,2336.05,2151.272
2023-10-01,2077.3,2804.4,1804.045,2632.963,2440.8500000000004,2218.504
2023-10-02,2099.9,3202.2,1869.1,2791.594,2651.05,2330.3469999999998
2023-10-03,1968.7,3509.5,1830.301,3211.098,2739.1,2520.6994999999997
2023-10-04,2266.3,3419.7,2043.34,3326.51,2843.0,2684.925
2023-10-05,2207.4,3256.8,2043.491,3197.384,2732.1000000000004,2620.4375
2023-10-06,2082.0,3152.8,2050.977,2957.139,2617.4,2504.058
2023-10-07,2124.2,2810.2,2062.87,2692.626,2467.2,2377.748
2023-10-08,1908.7,2628.1,1809.171,2452.223,2268.4,2130.697
2023-10-09,1822.6,2684.1,1780.15,2643.825,2253.35,2211.9875
2023-10-10,1777.9,2732.3,1794.782,2718.013,2255.1000000000004,2256.3975
2023-10-11,1942.9,2874.2,1824.043,2754.864,2408.55,2289.4535
2023-10-12,1868.1,2807.7,1821.587,2733.075,2337.8999999999996,2277.331
2023-10-13,1781.4,2747.4,1806.856,2596.202,2264.4,2201.529
2023-10-14,1801.2,2670.2,1806.757,2473.276,2235.7,2140.0164999999997
2023-10-15,1644.3,2457.3,1789.676,2540.965,2050.8,2165.3205
2023-10-16,2027.4,3001.0,1803.261,2750.078,2514.2,2276.6695
2023-10-17,2061.9,3007.1,1839.0,2725.583,2534.5,2282.2915000000003
2023-10-18,2056.5,2963.8,1845.201,2743.516,2510.15,2294.3585000000003
2023-10-19,2056.6,2900.0,1838.688,2703.047,2478.3,2270.8675000000003
2023-10-20,2068.3,3053.6,1831.164,2727.44,2560.95,2279.302
2023-10-21,1721.8,2422.5,1869.282,2570.402,2072.15,2219.842
2023-10-22,1612.7,2524.9,1815.14,2578.49,2068.8,2196.815
2023-10-23,1766.9,2767.2,1829.137,2755.583,2267.05,2292.36
2023-10-24,1989.1,2903.6,1855.003,2747.715,2446.35,2301.359
2023-10-25,1877.4,2991.3,1849.366,2823.351,2434.3500000000004,2336.3585000000003
2023-10-26,2083.0,3269.0,1861.8,2918.684,2676.0,2390.242
2023-10-27,2047.3,3232.1,1916.191,2886.086,2639.7,2401.1385
2023-10-28,2043.5,3123.1,1909.59,2823.385,2583.3,2366.4875
2023-10-29,2030.2,2847.9,1804.397,2597.026,2439.05,2200.7115
2023-10-30,1908.2,3161.0,1824.005,2816.307,2534.6,2320.156
2023-10-31,1827.2,2939.5,1892.516,2718.878,2383.35,2305.697
2023-11-01,2169.7,3122.5,1943.811,2887.801,2646.1,2415.806
2023-11-02,2359.0,3347.8,2073.264,2897.738,2853.4,2485.501
2023-11-03,2170.8,2951.3,2073.229,2759.288,2561.05,2416.2585
2023-11-04,1902.1,2628.5,1922.505,2557.943,2265.3,2240.224
2023-11-05,1908.0,2719.4,1848.33,2645.174,2313.7,2246.752
2023-11-06,1894.0,2920.1,1889.885,2905.124,2407.05,2397.5045
2023-11-07,1979.2,3091.5,1905.485,2830.989,2535.35,2368.237
2023-11-08,1860.3,3111.2,1878.72,2976.426,2485.75,2427.573
2023-11-09,2046.1,3027.9,2050.642,3008.524,2537.0,2529.5829999999996
2023-11-10,1983.1,2897.9,2057.635,2879.279,2440.5,2468.4570000000003
2023-11-11,1977.5,2782.0,2026.84,2705.072,2379.75,2365.956
2023-11-12,2091.2,2923.2,2123.604,2907.134,2507.2,2515.3689999999997
2023-11-13,2203.8,3124.5,2206.248,3071.811,2664.15,2639.0295
2023-11-14,2135.6,3041.5,2100.478,3010.308,2588.55,2555.393
2023-11-15,2128.1,2982.1,2143.206,2990.416,2555.1,2566.811
2023-11-16,2071.1,2916.2,2037.86,2863.857,2493.6499999999996,2450.8585
2023-11-17,2007.0,2864.6,1999.232,2829.358,2435.8,2414.295
2023-11-18,1903.1,2784.1,1891.746,2702.198,2343.6,2296.9719999999998
2023-11-19,2096.6,2837.9,2085.513,2791.206,2467.25,2438.3595
2023-11-20,2113.2,3286.7,2064.395,3138.367,2699.95,2601.3810000000003
2023-11-21,2297.7,3219.8,2279.252,3116.631,2758.75,2697.9415
2023-11-22,2146.3,3055.8,2153.309,2963.14,2601.05,2558.2245000000003
2023-11-23,2166.6,2818.9,2042.817,2484.366,2492.75,2263.5915
2023-11-24,2113.4,2958.5,1986.748,2804.955,2535.95,2395.8514999999998
2023-11-25,2364.6,3047.8,2219.365,2918.641,2706.2,2569.0029999999997
2023-11-26,2317.2,3022.5,2251.161,2932.493,2669.85,2591.827
2023-11-27,2214.2,3221.1,2025.229,3033.338,2717.6499999999996,2529.2835
2023-11-28,2216.2,3368.6,2148.117,3236.522,2792.3999999999996,2692.3195
2023-11-29,2328.0,3364.5,2320.362,3282.975,2846.25,2801.6684999999998
2023-11-30,2322.3,3237.2,2324.55,3137.377,2779.75,2730.9635
2023-12-01,2107.3,3050.9,2138.672,2970.512,2579.1000000000004,2554.592
2023-12-02,2021.5,2762.6,1998.125,2776.311,2392.05,2387.218
2023-12-03,2001.9,2920.3,2008.85,2973.313,2461.1000000000004,2491.0815000000002
2023-12-04,2045.4,3095.8,2048.488,3086.727,2570.6000000000004,2567.6075
2023-12-05,2143.7,3253.1,2093.512,3235.931,2698.3999999999996,2664.7215
2023-12-06,2299.0,3476.2,2279.198,3335.854,2887.6,2807.526
2023-12-07,2447.3,3577.3,2434.131,3409.978,3012.3,2922.0545
2023-12-08,2473.0,3294.0,2429.96,3201.792,2883.5,2815.876
2023-12-09,2245.0,2943.6,2229.051,2821.728,2594.3,2525.3895
2023-12-10,2101.6,2954.6,2002.843,2881.24,2528.1,2442.0415
2023-12-11,2006.3,3237.6,1968.034,3167.554,2621.95,2567.794
2023-12-12,2205.5,3291.2,2214.112,3198.233,2748.35,2706.1725
2023-12-13,2200.1,3291.4,2220.072,3240.311,2745.75,2730.1915
2023-12-14,2263.5,3351.7,2321.262,3297.431,2807.6,2809.3465
2023-12-15,2397.5,3074.8,2322.827,3055.703,2736.15,2689.2650000000003
2023-12-16,2270.5,3016.4,2138.67,2848.162,2643.45,2493.416
2023-12-17,2263.3,3005.5,2098.494,2891.924,2634.4,2495.209
2023-12-18,2159.3,3062.9,2005.995,2971.165,2611.1000000000004,2488.58
2023-12-19,2065.4,3175.4,2000.942,3067.374,2620.4,2534.158
2023-12-20,2258.2,3336.3,2229.038,3172.919,2797.25,2700.9785
2023-12-21,2261.0,3434.5,2258.084,3322.395,2847.75,2790.2394999999997
2023-12-22,2512.7,3483.0,2465.793,3289.312,2997.85,2877.5525
2023-12-23,2499.2,3225.9,2413.992,3014.375,2862.55,2714.1835
2023-12-24,2280.5,3055.8,2156.667,2767.523,2668.15,2462.0950000000003
2023-12-25,2177.9,2894.6,2044.647,2595.868,2536.25,2320.2574999999997
2023-12-26,2090.6,3116.2,2044.945,2932.314,2603.3999999999996,2488.6295
2023-12-27,2155.2,3094.3,2041.024,2907.455,2624.75,2474.2394999999997
2023-12-28,2069.8,3115.6,2000.247,3013.84,2592.7,2507.0435
2023-12-29,2128.3,3018.4,2075.104,2954.724,2573.3500000000004,2514.9139999999998
2023-12-30,2104.9,2933.9,2012.782,2835.855,2519.4,2424.3185
2023-12-31,2215.2,3125.4,2141.541,2942.499,2670.3,2542.02
2024-01-01,2223.6,2977.9,2220.802,3076.197,2600.75,2648.4995
2024-01-02,2285.6,3216.8,2323.085,3253.541,2751.2,2788.313
2024-01-03,2316.7,3187.0,2323.821,3190.82,2751.85,2757.3205
2024-01-04,2289.6,3317.7,2183.846,3215.35,2803.6499999999996,2699.598
2024-01-05,2452.8,3421.8,2469.206,3345.987,2937.3,2907.5965
2024-01-06,2331.8,3017.6,2347.44,3098.196,2674.7,2722.818
2024-01-07,2202.3,3300.7,2319.385,3342.531,2751.5,2830.958
2024-01-08,2380.6,3394.3,2422.533,3352.21,2887.45,2887.3715
2024-01-09,2431.6,3416.1,2451.013,3347.499,2923.85,2899.256
2024-01-10,2170.1,3176.6,2230.043,3095.778,2673.35,2662.9105
2024-01-11,2192.9,3247.1,2168.077,3136.12,2720.0,2652.0985
2024-01-12,2128.5,3105.0,2215.317,3045.578,2616.75,2630.4475
2024-01-13,2173.4,2911.1,2163.025,2777.199,2542.25,2470.112
2024-01-14,2163.5,3097.0,2178.786,3083.635,2630.25,2631.2105
2024-01-15,2360.4,3382.9,2431.73,3358.147,2871.65,2894.9385
2024-01-16,2445.3,3444.4,2415.106,3488.839,2944.8500000000004,2951.9725
2024-01-17,2527.0,3697.5,2569.141,3545.041,3112.25,3057.0910000000003
2024-01-18,2659.0,3634.9,2694.848,3544.705,3146.95,3119.7765
2024-01-19,2514.9,3548.6,2569.69,3483.492,3031.75,3026.5910000000003
2024-01-20,2652.4,3614.5,2723.037,3553.34,3133.45,3138.1885
2024-01-21,2715.0,3481.8,2813.867,3504.119,3098.4,3158.9930000000004
2024-01-22,2596.6,3471.3,2641.165,3449.133,3033.95,3045.149
2024-01-23,2283.0,3337.2,2382.678,3302.198,2810.1,2842.438
2024-01-24,2281.5,3336.8,2365.811,3301.847,2809.15,2833.829
2024-01-25,2193.5,3157.2,2218.409,3057.744,2675.35,2638.0765
2024-01-26,2184.5,3148.1,2171.22,3103.898,2666.3,2637.559
2024-01-27,2206.0,2986.6,2212.299,2946.913,2596.3,2579.6059999999998
2024-01-28,2197.6,3161.1,2198.664,3132.349,2679.35,2665.5065000000004
2024-01-29,2337.8,3424.5,2329.806,3369.781,2881.15,2849.7934999999998
2024-01-30,2394.1,3418.7,2356.841,3459.585,2906.3999999999996,2908.2129999999997
2024-01-31,2529.5,3359.6,2446.747,3349.183,2944.55,2897.965
2024-02-01,2441.2,3266.8,2325.458,3192.156,2854.0,2758.807
2024-02-02,2431.0,3270.7,2217.767,3090.785,2850.85,2654.276
2024-02-03,2358.3,3223.9,2277.356,2986.137,2791.1000000000004,2631.7465
2024-02-04,2411.2,3190.6,2380.756,3072.929,2800.8999999999996,2726.8424999999997
2024-02-05,2383.0,3398.0,2361.428,3198.172,2890.5,2779.8
2024-02-06,2402.8,3342.0,2334.947,3193.851,2872.4,2764.3990000000003
2024-02-07,2354.3,3310.8,2346.201,3147.461,2832.55,2746.831
2024-02-08,2388.5,3208.5,2322.56,3079.703,2798.5,2701.1315
2024-02-09,2263.6,3072.3,2278.657,3072.684,2667.95,2675.6705
2024-02-10,2213.7,2787.2,2149.475,2680.051,2500.45,2414.763
2024-02-11,2175.1,3008.7,2016.236,2852.523,2591.8999999999996,2434.3795
2024-02-12,2234.9,3078.2,2158.05,2998.376,2656.55,2578.213
2024-02-13,2362.4,3519.7,2189.537,3246.401,2941.05,2717.969
2024-02-14,2445.2,3564.6,2342.756,3290.757,3004.8999999999996,2816.7565
2024-02-15,2471.3,3293.6,2497.061,3196.373,2882.45,2846.717
2024-02-16,2331.9,3224.5,2342.981,3155.266,2778.2,2749.1235
2024-02-17,2364.9,3095.9,2324.651,3037.069,2730.4,2680.8599999999997
2024-02-18,2452.8,3167.2,2463.832,3034.166,2810.0,2748.999
2024-02-19,2382.7,3314.5,2374.147,3154.994,2848.6,2764.5705
2024-02-20,2472.1,3323.5,2451.341,3146.279,2897.8,2798.81
2024-02-21,2409.5,3278.9,2427.997,3144.18,2844.2,2786.0885
2024-02-22,2402.5,3199.8,2385.943,3022.061,2801.15,2704.0020000000004
2024-02-23,2290.9,3044.2,2207.541,3026.396,2667.55,2616.9685
2024-02-24,2250.3,3182.0,2148.465,2997.082,2716.15,2572.7735000000002
2024-02-25,2340.7,3175.9,2506.001,3088.91,2758.3,2797.4555
2024-02-26,2346.6,3084.6,2327.12,2973.352,2715.6,2650.236
2024-02-27,2217.6,3076.2,2165.15,2895.618,2646.8999999999996,2530.384
2024-02-28,2044.3,2987.2,1984.399,2896.455,2515.75,2440.4269999999997
2024-02-29,2124.9,3253.4,2145.299,3259.655,2689.15,2702.477
2024-03-01,2364.5,3040.8,2454.211,3037.573,2702.65,2745.892
2024-03-02,2267.9,2939.8,2235.938,2794.905,2603.8500000000004,2515.4215000000004
2024-03-03,2141.5,2846.6,2036.725,2725.659,2494.05,2381.192
2024-03-04,2126.5,3047.7,1982.128,2921.056,2587.1,2451.592
2024-03-05,2085.1,3066.3,2072.126,2996.21,2575.7,2534.168
2024-03-06,2015.1,2841.4,2081.075,2896.643,2428.25,2488.859
2024-03-07,1956.9,2997.2,2086.237,3004.669,2477.05,2545.453
2024-03-08,2162.2,2977.3,2167.904,2840.894,2569.75,2504.399
2024-03-09,2187.3,2780.9,2175.172,2834.756,2484.1000000000004,2504.964
2024-03-10,2118.1,2831.8,2132.777,2758.102,2474.95,2445.4395
2024-03-11,2196.1,2982.8,2124.594,2995.21,2589.45,2559.902
2024-03-12,2124.1,2810.4,2192.754,2853.171,2467.25,2522.9624999999996
2024-03-13,2023.8,2871.0,2092.458,2770.953,2447.4,2431.7055
2024-03-14,1997.8,2762.8,2029.767,2706.014,2380.3,2367.8905
2024-03-15,1961.1,2761.0,1977.293,2837.128,2361.05,2407.2105
2024-03-16,1968.4,2510.8,2037.838,2521.722,2239.6000000000004,2279.78
2024-03-17,1940.4,2531.8,1956.402,2615.995,2236.1000000000004,2286.1985
2024-03-18,1950.6,2851.1,1996.874,2803.509,2400.85,2400.1915
2024-03-19,2103.9,2851.8,2101.758,2871.922,2477.8500000000004,2486.84
2024-03-20,2076.3,2804.5,2106.371,2865.564,2440.4,2485.9674999999997
2024-03-21,2116.4,2971.3,2212.042,3032.277,2543.8500000000004,2622.1594999999998
2024-03-22,2236.4,2926.6,2357.237,2996.864,2581.5,2677.0505000000003
2024-03-23,2230.6,2808.0,2208.465,2916.609,2519.3,2562.5370000000003
2024-03-24,2123.7,2898.7,2292.57,2882.566,2511.2,2587.568
2024-03-25,2214.2,3041.8,2247.509,3016.551,2628.0,2632.0299999999997
2024-03-26,2143.8,2973.9,2210.632,3070.127,2558.8500000000004,2640.3795
2024-03-27,2077.1,2751.8,2179.657,2857.64,2414.45,2518.6485000000002
2024-03-28,2021.5,2836.9,2007.28,2871.796,2429.2,2439.538
2024-03-29,1990.6,2759.2,2070.586,2971.759,2374.8999999999996,2521.1724999999997
2024-03-30,1909.3,2568.3,2126.128,2553.68,2238.8,2339.904
2024-03-31,1966.7,2664.8,1981.036,2503.866,2315.75,2242.451
2024-04-01,1985.4,2783.6,1979.746,2743.465,2384.5,2361.6055
2024-04-02,1956.6,2805.2,2013.169,2826.331,2380.8999999999996,2419.75
2024-04-03,2036.6,2972.5,2041.494,3043.594,2504.55,2542.544
2024-04-04,2082.9,3027.1,2264.071,3191.965,2555.0,2728.018
2024-04-05,2160.3,2805.6,2239.736,2876.659,2482.95,2558.1975
2024-04-06,2046.1,2696.3,2122.446,2747.402,2371.2,2434.924
2024-04-07,2052.2,2684.2,2137.851,2713.992,2368.2,2425.9215000000004
2024-04-08,2069.4,2601.7,2120.447,2702.902,2335.55,2411.6745
2024-04-09,1916.8,2709.2,1940.105,2654.151,2313.0,2297.1279999999997
2024-04-10,1949.1,2777.9,1947.014,2691.718,2363.5,2319.366
2024-04-11,1846.7,2668.8,1911.863,2742.972,2257.75,2327.4175
2024-04-12,1853.0,2730.1,1961.148,2848.874,2291.55,2405.011
2024-04-13,1892.3,2539.8,1906.205,2464.784,2216.05,2185.4945
2024-04-14,1830.8,2507.4,1904.625,2479.564,2169.1,2192.0945
2024-04-15,1833.5,2597.3,1879.196,2538.386,2215.4,2208.791
2024-04-16,1892.8,2601.7,1846.943,2467.244,2247.25,2157.0935
2024-04-17,1897.9,2678.3,1768.515,2476.374,2288.1000000000004,2122.4445
2024-04-18,1912.8,2689.8,1799.285,2599.615,2301.3,2199.45
2024-04-19,2019.6,2565.2,1864.041,2424.078,2292.3999999999996,2144.0595
2024-04-20,1921.4,2383.4,1796.41,2342.266,2152.4,2069.338
2024-04-21,1896.4,2592.9,1834.247,2453.707,2244.65,2143.977
2024-04-22,1890.3,2582.3,1881.119,2516.089,2236.3,2198.604
2024-04-23,1964.2,2622.2,1877.042,2496.868,2293.2,2186.955
2024-04-24,1942.2,2694.2,1831.554,2582.735,2318.2,2207.1445000000003
2024-04-25,1985.3,2809.3,1936.068,2530.191,2397.3,2233.1295
2024-04-26,1955.6,2561.2,1912.866,2441.463,2258.3999999999996,2177.1645
2024-04-27,1880.4,2407.7,1864.468,2309.24,2144.05,2086.854
2024-04-28,1817.2,2425.2,1768.871,2457.811,2121.2,2113.3410000000003
2024-04-29,1776.1,2569.8,1820.627,2486.338,2172.95,2153.4825
2024-04-30,1817.5,2575.8,1754.96,2484.698,2196.65,2119.8289999999997
2024-05-01,1809.6,2534.1,1777.211,2584.81,2171.85,2181.0105
2024-05-02,1812.3,2542.6,1869.753,2608.729,2177.45,2239.241
2024-05-03,1813.5,2453.3,1847.912,2569.844,2133.4,2208.878
2024-05-04,1883.1,2455.1,1842.034,2393.019,2169.1,2117.5265
2024-05-05,1777.6,2523.0,1833.287,2543.664,2150.3,2188.4755
2024-05-06,1789.0,2685.7,1855.218,2756.724,2237.35,2305.971
2024-05-07,1801.4,2729.6,1870.812,2718.807,2265.5,2294.8095
2024-05-08,1896.2,2734.1,1850.333,2753.401,2315.15,2301.867
2024-05-09,1809.8,2654.7,1854.323,2524.456,2232.25,2189.3895
2024-05-10,1867.0,2609.0,1824.042,2459.923,2238.0,2141.9825
2024-05-11,1842.5,2515.2,1845.332,2364.33,2178.85,2104.831
2024-05-12,1896.8,2942.0,1841.29,2411.875,2419.4,2126.5825
2024-05-13,1871.1,2717.1,1836.608,2583.295,2294.1,2209.9515
2024-05-14,1823.6,2788.9,1817.12,2811.334,2306.25,2314.227
2024-05-15,1868.6,2914.8,1906.881,2816.644,2391.7,2361.7625
2024-05-16,1910.2,2775.6,1859.087,2625.047,2342.9,2242.067
2024-05-17,1776.6,2549.1,1821.008,2517.407,2162.85,2169.2075
2024-05-18,1925.6,2480.0,1809.996,2396.399,2202.8,2103.1975
2024-05-19,1899.8,2578.9,1806.403,2451.607,2239.35,2129.005
2024-05-20,1763.7,2580.9,1806.249,2590.911,2172.3,2198.58
2024-05-21,1837.0,3202.6,1831.166,3306.402,2519.8,2568.784
2024-05-22,1938.3,3580.8,2066.994,3816.148,2759.55,2941.571
2024-05-23,2112.6,3658.0,2246.624,3517.776,2885.3,2882.2
2024-05-24,2108.5,3296.6,2059.401,3343.208,2702.55,2701.3045
2024-05-25,1907.7,2722.8,1953.539,2705.169,2315.25,2329.354
2024-05-26,1955.2,2850.9,1934.766,2852.018,2403.05,2393.392
2024-05-27,2004.8,2764.1,2078.263,2962.152,2384.45,2520.2075
2024-05-28,1975.2,3261.2,2153.783,3517.595,2618.2,2835.689
2024-05-29,2043.5,3163.7,2096.691,3152.763,2603.6,2624.727
2024-05-30,2112.1,2875.4,2037.406,2704.387,2493.75,2370.8965
2024-05-31,1869.7,2766.1,1837.734,2785.347,2317.9,2311.5405
2024-06-01,1877.6,2744.7,1848.481,2849.248,2311.1499999999996,2348.8645
2024-06-02,1839.2,2981.3,1858.392,3082.986,2410.25,2470.689
2024-06-03,2114.4,3401.0,2135.702,3213.657,2757.7,2674.6795
2024-06-04,2061.2,3270.6,2020.986,3183.157,2665.8999999999996,2602.0715
2024-06-05,2062.8,3579.1,2020.471,3678.013,2820.95,2849.242
2024-06-06,2436.9,3400.8,2371.382,3330.25,2918.8500000000004,2850.816
2024-06-07,2223.9,3329.9,2141.692,3356.984,2776.9,2749.3379999999997
2024-06-08,2079.9,2919.4,1997.672,2702.516,2499.65,2350.094
2024-06-09,2067.9,2990.2,1970.331,2655.778,2529.05,2313.0544999999997
2024-06-10,1979.8,3130.4,1907.571,3057.883,2555.1,2482.727
2024-06-11,2137.7,3324.3,1931.588,2917.444,2731.0,2424.516
2024-06-12,2003.2,3206.9,2010.42,3171.508,2605.05,2590.964
2024-06-13,2067.1,3654.9,2046.481,3633.789,2861.0,2840.135
2024-06-14,2298.6,3721.9,2260.688,3668.424,3010.25,2964.556
2024-06-15,2227.1,2925.4,2213.235,2838.727,2576.25,2525.9809999999998
2024-06-16,1933.9,2696.2,1866.428,2639.939,2315.05,2253.1835
2024-06-17,1999.8,3426.1,1988.05,3489.617,2712.95,2738.8335
2024-06-18,2404.6,4344.6,2330.911,4775.812,3374.6000000000004,3553.3615
2024-06-19,2681.7,4676.0,2828.29,5027.081,3678.85,3927.6855
2024-06-20,2810.3,4832.0,2992.022,5259.255,3821.15,4125.6385
2024-06-21,3084.3,4201.2,2767.784,3984.035,3642.75,3375.9094999999998
2024-06-22,2521.0,3267.9,2372.995,2864.908,2894.45,2618.9515
2024-06-23,2344.6,3741.1,2101.604,3864.61,3042.85,2983.107
2024-06-24,2653.1,3846.3,2740.699,3722.902,3249.7,3231.8005000000003
2024-06-25,2442.9,4199.6,2277.54,4105.078,3321.25,3191.309
2024-06-26,2635.7,4502.5,2550.585,4465.338,3569.1,3507.9615
2024-06-27,2639.3,3894.8,2595.045,3884.944,3267.05,3239.9945
2024-06-28,2216.5,3243.1,2104.012,3045.23,2729.8,2574.621
2024-06-29,2114.7,3063.8,2045.194,2854.749,2589.25,2449.9714999999997
2024-06-30,2419.7,3764.1,2473.7,4140.015,3091.8999999999996,3306.8575
2024-07-01,2508.1,3554.1,2479.738,3382.646,3031.1,2931.192
2024-07-02,2294.3,3598.7,2155.469,3509.658,2946.5,2832.5635
2024-07-03,2288.4,3759.1,2153.416,3550.74,3023.75,2852.078
2024-07-04,2295.6,3677.9,2190.823,3396.542,2986.75,2793.6825
2024-07-05,2640.8,4128.8,2514.685,4009.321,3384.8,3262.0029999999997
2024-07-06,2703.1,3892.3,2731.549,3697.122,3297.7,3214.3355
2024-07-07,2739.0,4283.2,2717.316,4279.092,3511.1,3498.2039999999997
2024-07-08,2797.3,4634.4,2856.263,4636.151,3715.85,3746.207
2024-07-09,2887.6,4869.4,3043.416,4874.676,3878.5,3959.0460000000003
2024-07-10,2989.9,4617.4,3179.595,4983.259,3803.6499999999996,4081.4269999999997
2024-07-11,2886.7,4580.8,3183.226,4847.114,3733.75,4015.17
2024-07-12,2863.8,4386.2,2914.343,4502.006,3625.0,3708.1745
2024-07-13,2925.2,3857.5,2991.174,4084.012,3391.35,3537.593
2024-07-14,2663.8,4143.9,2726.876,4257.179,3403.85,3492.0275
2024-07-15,2856.4,4747.8,2932.873,4999.9,3802.1000000000004,3966.3864999999996
2024-07-16,3042.1,5197.3,3222.508,5065.275,4119.7,4143.8915
2024-07-17,3255.2,5038.4,3133.668,4924.732,4146.799999999999,4029.2
2024-07-18,3010.9,4437.3,3019.669,4367.09,3724.1000000000004,3693.3795
2024-07-19,2587.4,3798.0,2493.464,3715.002,3192.7,3104.233
2024-07-20,2375.8,3635.1,2359.657,3661.847,3005.45,3010.7520000000004
2024-07-21,2473.1,3843.2,2559.502,3650.867,3158.1499999999996,3105.1845000000003
2024-07-22,2527.3,3892.3,2507.086,4032.049,3209.8,3269.5675
2024-07-23,2719.4,3712.5,2806.667,3627.515,3215.95,3217.091
2024-07-24,2533.6,3502.0,2481.423,3269.319,3017.8,2875.371
2024-07-25,2412.8,3830.9,2352.097,3695.725,3121.8500000000004,3023.911
2024-07-26,2322.6,3696.0,2227.462,3573.682,3009.3,2900.572
2024-07-27,2269.6,3443.4,2201.188,3383.06,2856.5,2792.124
2024-07-28,2356.1,3650.7,2220.928,3228.507,3003.3999999999996,2724.7174999999997
2024-07-29,2470.1,3700.3,2311.554,3148.706,3085.2,2730.13
2024-07-30,2364.9,4216.4,2398.825,4428.911,3290.6499999999996,3413.868
2024-07-31,2728.2,4188.9,2840.397,4322.825,3458.5499999999997,3581.611
2024-08-01,2817.3,4849.7,2930.321,4799.149,3833.5,3864.735
2024-08-02,3009.1,4752.7,2964.762,4736.659,3880.8999999999996,3850.7105
2024-08-03,3086.2,4556.2,3080.536,4395.915,3821.2,3738.2255
2024-08-04,2948.1,4270.7,2943.361,4058.026,3609.3999999999996,3500.6935
2024-08-05,2831.1,4920.1,2694.774,4382.317,3875.6000000000004,3538.5455
2024-08-06,2700.8,3442.4,2568.037,3313.648,3071.6000000000004,2940.8424999999997
2024-08-07,2322.1,3142.4,2151.988,3042.359,2732.25,2597.1735
2024-08-08,2094.2,3079.7,2082.755,3037.619,2586.95,2560.187
2024-08-09,2261.0,3727.7,2177.147,3978.4,2994.35,3077.7735000000002
2024-08-10,2664.7,3854.1,2768.91,3800.677,3259.3999999999996,3284.7934999999998
2024-08-11,2302.9,3555.5,2261.409,3370.787,2929.2,2816.098
2024-08-12,2347.0,3507.9,2264.315,3300.726,2927.45,2782.5205
2024-08-13,2262.7,3632.3,2148.06,3460.459,2947.5,2804.2595
2024-08-14,2429.6,3774.5,2255.103,3607.024,3102.05,2931.0635
2024-08-15,2353.0,3666.4,2315.12,3664.379,3009.7,2989.7495
2024-08-16,2500.9,3739.4,2246.915,3180.003,3120.15,2713.459
2024-08-17,2378.2,3308.0,2171.754,2926.983,2843.1,2549.3685
2024-08-18,2336.7,3285.9,2172.213,2932.125,2811.3,2552.169
2024-08-19,2601.5,3847.4,2311.608,3550.18,3224.45,2930.8940000000002
2024-08-20,2407.2,3139.9,2214.307,2888.733,2773.55,2551.52
2024-08-21,2031.6,2844.4,1946.916,2893.662,2438.0,2420.2889999999998
2024-08-22,2029.1,2966.7,1953.295,2938.54,2497.8999999999996,2445.9175
2024-08-23,2080.8,3238.4,2009.028,3195.764,2659.6000000000004,2602.396
2024-08-24,2194.0,3251.6,2067.846,3123.913,2722.8,2595.8795
2024-08-25,2331.3,3628.3,2127.882,3215.206,2979.8,2671.544
2024-08-26,2470.1,3639.8,2284.415,3472.463,3054.95,2878.4390000000003
2024-08-27,2389.7,3886.6,2231.263,3712.943,3138.1499999999996,2972.103
2024-08-28,2459.9,4265.5,2409.192,4283.687,3362.7,3346.4395
2024-08-29,2161.0,3103.3,2273.675,3077.559,2632.15,2675.617
2024-08-30,2023.0,2902.8,1980.301,2893.738,2462.9,2437.0195
2024-08-31,2141.5,3175.9,2009.754,2954.85,2658.7,2482.3019999999997
2024-09-01,2379.4,3649.1,2301.289,3513.396,3014.25,2907.3425
2024-09-02,2207.8,3002.5,2289.311,3100.267,2605.15,2694.7889999999998
2024-09-03,1929.6,2861.5,1905.235,2951.496,2395.55,2428.3655
2024-09-04,1993.9,3252.3,1913.792,3181.175,2623.1000000000004,2547.4835000000003
2024-09-05,1973.5,3054.7,2021.274,3052.053,2514.1,2536.6634999999997
2024-09-06,2143.2,3122.8,2038.689,3046.445,2633.0,2542.567
2024-09-07,2058.0,2923.0,2054.67,2828.738,2490.5,2441.7039999999997
2024-09-08,1846.6,2702.0,1892.556,2622.74,2274.3,2257.648
2024-09-09,1844.1,3029.6,1843.907,2918.806,2436.85,2381.3565
2024-09-10,1924.7,3038.8,1956.247,3070.143,2481.75,2513.195
2024-09-11,1917.3,2983.9,1901.298,2976.589,2450.6,2438.9435
2024-09-12,2060.4,3424.0,1951.101,3225.037,2742.2,2588.069
2024-09-13,2151.6,3610.9,2045.727,3468.53,2881.25,2757.1285000000003
2024-09-14,2332.2,3237.7,2148.936,3108.366,2784.95,2628.651
2024-09-15,2199.3,3074.9,2055.869,2977.788,2637.1000000000004,2516.8285
2024-09-16,2107.1,3417.2,1962.867,3197.147,2762.1499999999996,2580.007
2024-09-17,2125.4,3576.9,2011.037,3173.91,2851.15,2592.4735
2024-09-18,2103.1,3265.1,2076.41,3095.191,2684.1,2585.8005
2024-09-19,2204.2,3109.1,2132.273,3106.331,2656.6499999999996,2619.302
2024-09-20,2047.5,2746.5,2161.212,2897.971,2397.0,2529.5915
2024-09-21,2071.4,2566.8,1919.663,2528.759,2319.1000000000004,2224.2110000000002
2024-09-22,1966.3,2682.7,1837.84,2595.534,2324.5,2216.687
2024-09-23,1869.8,2712.9,1839.456,2717.747,2291.35,2278.6014999999998
2024-09-24,1916.2,2783.5,1856.219,2728.869,2349.85,2292.544
2024-09-25,1886.0,2723.5,1850.989,2739.049,2304.75,2295.0190000000002
2024-09-26,1966.1,3050.9,1898.945,2940.856,2508.5,2419.9005
2024-09-27,2060.4,3082.4,1994.68,2962.947,2571.4,2478.8135
2024-09-28,2022.8,2740.1,1944.898,2606.625,2381.45,2275.7615
2024-09-29,1950.4,2802.2,1885.871,2644.492,2376.3,2265.1815
2024-09-30,1856.1,2821.6,1850.465,2858.289,2338.85,2354.377
2024-10-01,1754.5,2721.2,1883.482,2746.385,2237.85,2314.9335
2024-10-02,1810.5,2674.3,1856.603,2916.128,2242.4,2386.3655
2024-10-03,1791.1,2844.5,1844.714,2792.026,2317.8,2318.37
2024-10-04,1835.9,2740.0,1845.332,2774.34,2287.95,2309.8360000000002
2024-10-05,1948.8,2584.1,1864.419,2510.576,2266.45,2187.4975
2024-10-06,1829.7,2535.9,1772.694,2532.404,2182.8,2152.549
2024-10-07,1785.1,2877.1,1789.291,2772.081,2331.1,2280.686
2024-10-08,1779.6,2584.4,1817.282,2665.424,2182.0,2241.353
2024-10-09,1902.9,2705.1,1819.456,2665.139,2304.0,2242.2975
2024-10-10,1774.8,2681.7,1826.051,2653.775,2228.25,2239.913
2024-10-11,1852.1,2681.1,1854.638,2615.35,2266.6,2234.9939999999997
2024-10-12,1833.0,2533.9,1816.491,2424.329,2183.45,2120.41
2024-10-13,1798.6,2597.5,1790.981,2576.373,2198.05,2183.677
2024-10-14,1824.1,2729.1,1844.984,2749.083,2276.6,2297.0335
2024-10-15,1960.4,2808.5,1918.548,2758.715,2384.45,2338.6315
2024-10-16,2003.1,2935.6,1941.366,2725.588,2469.35,2333.477
2024-10-17,2060.9,2846.1,1969.69,2738.005,2453.5,2353.8475
2024-10-18,2023.6,2794.2,1970.787,2650.652,2408.8999999999996,2310.7195
2024-10-19,1976.0,2617.5,1905.303,2512.071,2296.75,2208.687
2024-10-20,1895.7,2668.8,1834.872,2615.78,2282.25,2225.326
2024-10-21,1866.7,3037.3,1824.491,2879.528,2452.0,2352.0095
2024-10-22,1969.1,2991.6,1861.933,2775.069,2480.35,2318.501
2024-10-23,1944.2,2975.0,1860.22,2905.233,2459.6,2382.7265
2024-10-24,1988.9,2808.1,1912.834,2707.653,2398.5,2310.2435
2024-10-25,1962.6,2648.4,1827.708,2622.087,2305.5,2224.8975
2024-10-26,1853.7,2533.0,1841.074,2478.358,2193.35,2159.7160000000003
2024-10-27,1888.5,2662.8,1862.964,2631.267,2275.65,2247.1155
2024-10-28,1929.1,2883.4,1898.502,2813.534,2406.25,2356.018
2024-10-29,1900.8,2905.4,2010.252,2798.907,2403.1,2404.5795
2024-10-30,1940.4,2849.1,1899.819,2792.154,2394.75,2345.9865
2024-10-31,1874.6,2985.2,1881.645,2800.864,2429.8999999999996,2341.2545
2024-11-01,2023.6,2743.2,1934.523,2795.638,2383.3999999999996,2365.0805
2024-11-02,1832.2,2450.6,1809.244,2544.041,2141.4,2176.6425
2024-11-03,1959.7,2693.3,1934.181,2729.067,2326.5,2331.624
2024-11-04,1906.6,2755.6,2045.633,2986.677,2331.1,2516.155
2024-11-05,1825.6,2855.8,1936.288,2926.961,2340.7,2431.6245
2024-11-06,2080.0,3245.4,1938.895,3089.045,2662.7,2513.9700000000003
2024-11-07,1966.3,2857.3,1924.248,2808.453,2411.8,2366.3505
2024-11-08,1859.4,2763.0,1850.176,2754.861,2311.2,2302.5185
2024-11-09,1861.5,2571.6,1902.065,2629.581,2216.55,2265.8230000000003
2024-11-10,1985.4,2568.4,2009.488,2662.246,2276.9,2335.867
2024-11-11,1818.4,2749.7,1882.275,2822.09,2284.05,2352.1825
2024-11-12,1839.3,2871.5,1840.045,2956.93,2355.4,2398.4875
2024-11-13,2158.5,3030.7,2077.671,3002.031,2594.6,2539.8509999999997
2024-11-14,2179.9,2975.8,2157.904,3019.9,2577.8500000000004,2588.902
2024-11-15,2190.0,2824.6,2173.382,2878.086,2507.3,2525.734
2024-11-16,2111.9,2709.0,1997.645,2627.822,2410.45,2312.7335000000003
2024-11-17,1968.9,2760.3,1944.643,2701.943,2364.6000000000004,2323.293
2024-11-18,1899.9,2766.9,1928.392,2865.6,2333.4,2396.996
2024-11-19,1827.3,2835.7,1933.972,2869.636,2331.5,2401.804
2024-11-20,1955.7,2732.2,1992.572,2889.301,2343.95,2440.9365
2024-11-21,1903.8,2896.4,1950.215,2980.962,2400.1,2465.5885
2024-11-22,2043.1,2912.1,1999.424,2846.725,2477.6,2423.0744999999997
2024-11-23,2045.4,2743.5,1955.329,2806.022,2394.45,2380.6755
2024-11-24,1945.1,2852.7,2014.249,2825.401,2398.8999999999996,2419.825
2024-11-25,1957.8,2838.4,2084.53,2966.959,2398.1,2525.7445
2024-11-26,2157.5,2984.3,2131.814,3056.609,2570.9,2594.2115
2024-11-27,2047.7,2928.3,2155.958,2946.58,2488.0,2551.2690000000002
2024-11-28,2038.0,2781.8,2072.446,2848.6,2409.9,2460.523
2024-11-29,1967.8,2779.6,2073.581,2865.902,2373.7,2469.7415
2024-11-30,1987.9,2881.9,2154.863,2895.52,2434.9,2525.1915
2024-12-01,2159.8,3006.5,2239.939,3106.814,2583.15,2673.3765
2024-12-02,2317.6,3310.9,2354.4,3297.288,2814.25,2825.844
2024-12-03,2403.5,3355.2,2372.76,3322.051,2879.35,2847.4055
2024-12-04,2402.4,3333.7,2339.465,3294.05,2868.05,2816.7575
2024-12-05,2116.9,3120.5,2259.86,3261.638,2618.7,2760.749
2024-12-06,2277.1,3293.3,2336.666,3373.599,2785.2,2855.1325
2024-12-07,2358.8,3061.9,2462.169,3100.096,2710.3500000000004,2781.1324999999997
2024-12-08,2280.7,2962.3,2321.395,3026.945,2621.5,2674.17
2024-12-09,2134.4,3070.8,2163.696,3198.528,2602.6000000000004,2681.112
2024-12-10,2014.8,3010.4,2147.24,3363.868,2512.6,2755.554
2024-12-11,2009.0,2942.4,2244.988,3173.832,2475.7,2709.41
2024-12-12,2014.1,3145.6,2084.724,3223.741,2579.85,2654.2325
2024-12-13,2289.1,3234.5,2398.154,3367.912,2761.8,2883.033
2024-12-14,2434.0,3196.1,2522.217,3213.985,2815.05,2868.101
2024-12-15,2432.8,3184.3,2551.36,3253.728,2808.55,2902.544
2024-12-16,2274.5,3161.0,2362.909,3266.451,2717.75,2814.6800000000003
2024-12-17,2054.4,2919.4,2116.522,2986.366,2486.9,2551.444
2024-12-18,1981.2,2981.5,2112.152,3078.784,2481.35,2595.468
2024-12-19,2049.6,3018.7,2118.486,3174.236,2534.1499999999996,2646.361
2024-12-20,2277.9,3187.9,2303.54,3448.474,2732.9,2876.007
2024-12-21,2284.6,3247.2,2468.6,3398.489,2765.8999999999996,2933.5445
2024-12-22,2592.3,3597.1,2758.108,3610.18,3094.7,3184.1440000000002
2024-12-23,2658.9,3538.4,2901.852,3617.84,3098.65,3259.846
2024-12-24,2468.4,3340.4,2604.172,3361.176,2904.4,2982.674
2024-12-25,2443.1,3071.2,2517.447,3043.354,2757.1499999999996,2780.4004999999997
2024-12-26,2434.4,3271.9,2430.287,3281.51,2853.15,2855.8985000000002
2024-12-27,2307.7,3138.6,2511.904,3208.731,2723.1499999999996,2860.3175
2024-12-28,2305.5,2968.1,2332.59,2934.743,2636.8,2633.6665000000003
2024-12-29,2142.4,2835.4,2137.496,2845.991,2488.9,2491.7435
2024-12-30,1960.5,2851.4,2046.553,2912.384,2405.95,2479.4685
2024-12-31,2012.8,2927.7,2085.059,2926.128,2470.25,2505.5935
