Date,Open,High,Low,Close,Volume,Dividends,Stock Splits,Capital Gains,Ticker,Description
2014-01-02 00:00:00-05:00,8.35167029130627,8.504249317635654,8.35167029130627,8.49621868133545,106800,0.0,0.0,0.0,ICLN,iShares Global Clean Energy ETF
2014-01-03 00:00:00-05:00,8.568493843078613,8.59258498885365,8.464097856928497,8.568493843078613,41600,0.0,0.0,0.0,ICLN,iShares Global Clean Energy ETF
2014-01-06 00:00:00-05:00,8.624705798764218,8.624705798764218,8.49621868133545,8.49621868133545,18900,0.0,0.0,0.0,ICLN,iShares Global Clean Energy ETF
2014-01-07 00:00:00-05:00,8.512284182332946,8.632740723297163,8.512284182332946,8.624710083007812,19900,0.0,0.0,0.0,ICLN,iShares Global Clean Energy ETF
2014-01-08 00:00:00-05:00,8.61667721886952,8.640769133519772,8.560464283039893,8.608647346496582,25400,0.0,0.0,0.0,ICLN,iShares Global Clean Energy ETF
2014-01-09 00:00:00-05:00,8.59258828769442,8.713045594502647,8.56849713267038,8.624710083007812,14600,0.0,0.0,0.0,ICLN,iShares Global Clean Energy ETF
2014-01-10 00:00:00-05:00,8.624710083007812,8.624710083007812,8.56849713267038,8.624710083007812,18200,0.0,0.0,0.0,ICLN,iShares Global Clean Energy ETF
2014-01-13 00:00:00-05:00,8.688948904837392,8.688948904837392,8.512279510498047,8.512279510498047,19700,0.0,0.0,0.0,ICLN,iShares Global Clean Energy ETF
2014-01-14 00:00:00-05:00,8.56849441627304,8.640768624276692,8.488189570525922,8.592585563659668,11500,0.0,0.0,0.0,ICLN,iShares Global Clean Energy ETF
2014-01-15 00:00:00-05:00,8.64879976755776,8.696982065147358,8.608647342337221,8.68092155456543,16600,0.0,0.0,0.0,ICLN,iShares Global Clean Energy ETF
2014-01-16 00:00:00-05:00,8.705011244498627,8.737133026123047,8.64879831811681,8.737133026123047,8700,0.0,0.0,0.0,ICLN,iShares Global Clean Energy ETF
2014-01-17 00:00:00-05:00,8.737132394881302,8.833497732792345,8.737132394881302,8.753192901611328,5700,0.0,0.0,0.0,ICLN,iShares Global Clean Energy ETF
2014-01-21 00:00:00-05:00,8.769254807747467,8.769254807747467,8.616675770648705,8.737133026123047,38200,0.0,0.0,0.0,ICLN,iShares Global Clean Energy ETF
2014-01-22 00:00:00-05:00,8.793348444781353,8.793348444781353,8.721074224180986,8.761226654052734,9600,0.0,0.0,0.0,ICLN,iShares Global Clean Energy ETF
2014-01-23 00:00:00-05:00,8.713045021552714,8.713045021552714,8.560465929464348,8.600618362426758,13600,0.0,0.0,0.0,ICLN,iShares Global Clean Energy ETF
2014-01-24 00:00:00-05:00,8.440006034923801,8.440006034923801,8.247275352478027,8.247275352478027,43500,0.0,0.0,0.0,ICLN,iShares Global Clean Energy ETF
2014-01-27 00:00:00-05:00,8.247276370416046,8.279398154788376,8.102727957818686,8.183032035827637,30600,0.0,0.0,0.0,ICLN,iShares Global Clean Energy ETF
2014-01-28 00:00:00-05:00,8.21515232726099,8.391822492124424,8.21515232726099,8.375761985778809,20600,0.0,0.0,0.0,ICLN,iShares Global Clean Energy ETF
2014-01-29 00:00:00-05:00,8.327584093903688,8.343645376042707,8.247279980740853,8.279401779174805,14300,0.0,0.0,0.0,ICLN,iShares Global Clean Energy ETF
2014-01-30 00:00:00-05:00,8.295458418352938,8.391823768615723,8.295458418352938,8.391823768615723,7900,0.0,0.0,0.0,ICLN,iShares Global Clean Energy ETF
2014-01-31 00:00:00-05:00,8.303490891060124,8.375765111193527,8.303490891060124,8.311521530151367,11100,0.0,0.0,0.0,ICLN,iShares Global Clean Energy ETF
2014-02-03 00:00:00-05:00,8.311521567314513,8.311521567314513,8.054546476152968,8.094698905944824,35100,0.0,0.0,0.0,ICLN,iShares Global Clean Energy ETF
2014-02-04 00:00:00-05:00,8.118789607946061,8.175003312879674,8.070607307538799,8.110759735107422,8800,0.0,0.0,0.0,ICLN,iShares Global Clean Energy ETF
2014-02-05 00:00:00-05:00,8.118790057482379,8.118790057482379,8.030455324615414,8.094698905944824,22300,0.0,0.0,0.0,ICLN,iShares Global Clean Energy ETF
2014-02-06 00:00:00-05:00,8.142881950378174,8.271369112650635,8.142881950378174,8.23924732208252,5600,0.0,0.0,0.0,ICLN,iShares Global Clean Energy ETF
2014-02-07 00:00:00-05:00,8.391826296243865,8.480161801640973,8.311522196425717,8.448040008544922,34600,0.0,0.0,0.0,ICLN,iShares Global Clean Energy ETF
2014-02-10 00:00:00-05:00,8.488191470618855,8.544405181562857,8.440009165059923,8.520313262939453,48700,0.0,0.0,0.0,ICLN,iShares Global Clean Energy ETF
2014-02-11 00:00:00-05:00,8.560464540919694,8.560464540919694,8.448038665873664,8.544404029846191,19700,0.0,0.0,0.0,ICLN,iShares Global Clean Energy ETF
2014-02-12 00:00:00-05:00,8.61668022258707,8.61668022258707,8.528345468941344,8.576528549194336,6000,0.0,0.0,0.0,ICLN,iShares Global Clean Energy ETF
2014-02-13 00:00:00-05:00,8.528341993399481,8.640768624276692,8.480159698626224,8.592585563659668,13200,0.0,0.0,0.0,ICLN,iShares Global Clean Energy ETF
2014-02-14 00:00:00-05:00,8.63273811340332,8.648799389126292,8.592585689939664,8.63273811340332,7700,0.0,0.0,0.0,ICLN,iShares Global Clean Energy ETF
2014-02-18 00:00:00-05:00,8.696981430053711,8.737133852342135,8.608646713694183,8.696981430053711,11000,0.0,0.0,0.0,ICLN,iShares Global Clean Energy ETF
2014-02-19 00:00:00-05:00,8.672893158899905,8.672893158899905,8.624710083007812,8.624710083007812,8900,0.0,0.0,0.0,ICLN,iShares Global Clean Energy ETF
2014-02-20 00:00:00-05:00,8.632740723297163,8.640771363586515,8.600618927983772,8.624710083007812,14800,0.0,0.0,0.0,ICLN,iShares Global Clean Energy ETF
2014-02-21 00:00:00-05:00,8.66486027813969,8.777286915588437,8.62470785291915,8.68092155456543,32800,0.0,0.0,0.0,ICLN,iShares Global Clean Energy ETF
2014-02-24 00:00:00-05:00,8.696982554463931,8.913805203347605,8.696982554463931,8.889713287353516,14700,0.0,0.0,0.0,ICLN,iShares Global Clean Energy ETF
2014-02-25 00:00:00-05:00,8.817438378994423,8.841530293097582,8.737134296181944,8.825469017028809,21800,0.0,0.0,0.0,ICLN,iShares Global Clean Energy ETF
2014-02-26 00:00:00-05:00,8.865621949505915,8.897743737640782,8.817438884381692,8.841530799865723,19600,0.0,0.0,0.0,ICLN,iShares Global Clean Energy ETF
2014-02-27 00:00:00-05:00,8.937897975609687,9.050324639787844,8.889714900720763,9.026232719421387,89700,0.0,0.0,0.0,ICLN,iShares Global Clean Energy ETF
2014-02-28 00:00:00-05:00,9.066380864153523,9.082442136797948,8.970015525817871,8.970015525817871,20700,0.0,0.0,0.0,ICLN,iShares Global Clean Energy ETF
2014-03-03 00:00:00-05:00,8.953958447848747,9.026232676919818,8.913806779115033,8.945928573608398,47700,0.0,0.0,0.0,ICLN,iShares Global Clean Energy ETF
2014-03-04 00:00:00-05:00,9.130627855589555,9.283206939697266,9.130627855589555,9.283206939697266,27800,0.0,0.0,0.0,ICLN,iShares Global Clean Energy ETF
2014-03-05 00:00:00-05:00,9.275173500927918,9.275173500927918,9.170777518532416,9.21895980834961,34800,0.0,0.0,0.0,ICLN,iShares Global Clean Energy ETF
2014-03-06 00:00:00-05:00,9.267144766573862,9.427753708677322,9.267144766573862,9.363510131835938,22100,0.0,0.0,0.0,ICLN,iShares Global Clean Energy ETF
2014-03-07 00:00:00-05:00,9.483967287924909,9.483967287924909,9.267144644557169,9.323357582092285,21600,0.0,0.0,0.0,ICLN,iShares Global Clean Energy ETF
2014-03-10 00:00:00-04:00,9.355476863661764,9.355476863661764,9.194867966701747,9.22698974609375,17900,0.0,0.0,0.0,ICLN,iShares Global Clean Energy ETF
2014-03-11 00:00:00-04:00,9.371542659786357,9.371542659786357,9.202903045117553,9.210933685302734,17800,0.0,0.0,0.0,ICLN,iShares Global Clean Energy ETF
2014-03-12 00:00:00-04:00,9.154715538024902,9.202898589966427,8.986076004995008,9.154715538024902,32700,0.0,0.0,0.0,ICLN,iShares Global Clean Energy ETF
2014-03-13 00:00:00-04:00,9.435782981093706,9.435782981093706,8.937894949737244,8.978047370910645,164000,0.0,0.0,0.0,ICLN,iShares Global Clean Energy ETF
2014-03-14 00:00:00-04:00,8.841532320337963,8.873654113996794,8.79334924692773,8.865623474121094,34800,0.0,0.0,0.0,ICLN,iShares Global Clean Energy ETF
2014-03-17 00:00:00-04:00,8.913803803370698,8.986077242470337,8.913803803370698,8.978047370910645,9100,0.0,0.0,0.0,ICLN,iShares Global Clean Energy ETF
2014-03-18 00:00:00-04:00,8.929867335487534,9.058354514066004,8.921836695365382,9.026232719421387,65900,0.0,0.0,0.0,ICLN,iShares Global Clean Energy ETF
2014-03-19 00:00:00-04:00,9.01820111288803,9.170780195482234,9.01820111288803,9.098505973815918,28900,0.0,0.0,0.0,ICLN,iShares Global Clean Energy ETF
2014-03-20 00:00:00-04:00,9.058353424072266,9.122597005631055,8.91380574848694,9.058353424072266,215600,0.0,0.0,0.0,ICLN,iShares Global Clean Energy ETF
2014-03-21 00:00:00-04:00,9.04229273800538,9.04229273800538,8.91380557735457,8.937896728515625,17500,0.0,0.0,0.0,ICLN,iShares Global Clean Energy ETF
2014-03-24 00:00:00-04:00,9.034262553500401,9.034262553500401,8.777288219270892,8.921835899353027,15400,0.0,0.0,0.0,ICLN,iShares Global Clean Energy ETF
2014-03-25 00:00:00-04:00,8.905774121142299,8.905774121142299,8.785316844702637,8.833499908447266,16400,0.0,0.0,0.0,ICLN,iShares Global Clean Energy ETF
2014-03-26 00:00:00-04:00,8.849560738590421,8.945926095375034,8.777286529541016,8.777286529541016,47300,0.0,0.0,0.0,ICLN,iShares Global Clean Energy ETF
2014-03-27 00:00:00-04:00,8.857592949825786,8.905776023864746,8.809410641630807,8.905776023864746,5700,0.0,0.0,0.0,ICLN,iShares Global Clean Energy ETF
2014-03-28 00:00:00-04:00,8.994106668940876,9.034259084708305,8.937893746372653,8.970015525817871,11100,0.0,0.0,0.0,ICLN,iShares Global Clean Energy ETF
2014-03-31 00:00:00-04:00,9.026229027906492,9.042290301582115,8.945924957059418,8.994107246398926,36500,0.0,0.0,0.0,ICLN,iShares Global Clean Energy ETF
2014-04-01 00:00:00-04:00,9.06638490154921,9.074415541447586,8.994110674151777,9.01820182800293,25100,0.0,0.0,0.0,ICLN,iShares Global Clean Energy ETF
2014-04-02 00:00:00-04:00,9.090476538258814,9.106537818908691,9.04229422799721,9.106537818908691,10700,0.0,0.0,0.0,ICLN,iShares Global Clean Energy ETF
2014-04-03 00:00:00-04:00,9.11456630924115,9.15471796970663,8.9057743051078,8.953956604003906,15600,0.0,0.0,0.0,ICLN,iShares Global Clean Energy ETF
2014-04-04 00:00:00-04:00,9.042293840157157,9.042293840157157,8.833501795728296,8.905776023864746,19000,0.0,0.0,0.0,ICLN,iShares Global Clean Energy ETF
2014-04-07 00:00:00-04:00,8.761224874730583,8.849560355677108,8.672890159627803,8.801377296447754,81500,0.0,0.0,0.0,ICLN,iShares Global Clean Energy ETF
2014-04-08 00:00:00-04:00,8.753196014909605,8.801379083924484,8.640770130281389,8.761226654052734,23200,0.0,0.0,0.0,ICLN,iShares Global Clean Energy ETF
2014-04-09 00:00:00-04:00,8.913806779115033,8.961989087933086,8.777288961057229,8.945928573608398,30200,0.0,0.0,0.0,ICLN,iShares Global Clean Energy ETF
2014-04-10 00:00:00-04:00,8.929866656197456,8.929866656197456,8.616678607853485,8.664861679077148,22900,0.0,0.0,0.0,ICLN,iShares Global Clean Energy ETF
2014-04-11 00:00:00-04:00,8.648799262020159,8.68895091904995,8.54440326888641,8.592585563659668,61300,0.0,0.0,0.0,ICLN,iShares Global Clean Energy ETF
2014-04-14 00:00:00-04:00,8.608644843549577,8.608644843549577,8.464096461050486,8.512279510498047,31600,0.0,0.0,0.0,ICLN,iShares Global Clean Energy ETF
2014-04-15 00:00:00-04:00,8.49621905855531,8.49621905855531,8.295457737198438,8.472127914428711,23700,0.0,0.0,0.0,ICLN,iShares Global Clean Energy ETF
2014-04-16 00:00:00-04:00,8.520311106045632,8.66485951781826,8.520311106045632,8.656828880310059,25200,0.0,0.0,0.0,ICLN,iShares Global Clean Energy ETF
2014-04-17 00:00:00-04:00,8.60061538457888,8.729102512896477,8.60061538457888,8.705011367797852,20000,0.0,0.0,0.0,ICLN,iShares Global Clean Energy ETF
2014-04-21 00:00:00-04:00,8.696982065147358,8.7130433415731,8.65682963992682,8.68092155456543,12300,0.0,0.0,0.0,ICLN,iShares Global Clean Energy ETF
2014-04-22 00:00:00-04:00,8.745166427492203,8.937897178164334,8.745166427492203,8.921835899353027,42100,0.0,0.0,0.0,ICLN,iShares Global Clean Energy ETF
2014-04-23 00:00:00-04:00,8.937895072942117,8.937895072942117,8.84956035781797,8.873651504516602,18800,0.0,0.0,0.0,ICLN,iShares Global Clean Energy ETF
2014-04-24 00:00:00-04:00,8.889713099146107,8.889713099146107,8.761225946606633,8.841530799865723,30000,0.0,0.0,0.0,ICLN,iShares Global Clean Energy ETF
2014-04-25 00:00:00-04:00,8.81743928710833,8.81743928710833,8.672891616821289,8.672891616821289,17300,0.0,0.0,0.0,ICLN,iShares Global Clean Energy ETF
2014-04-28 00:00:00-04:00,8.721072574808286,8.721072574808286,8.431976512926003,8.552433013916016,18000,0.0,0.0,0.0,ICLN,iShares Global Clean Energy ETF
2014-04-29 00:00:00-04:00,8.5363725045111,8.592585436193938,8.512281357481848,8.552433013916016,13300,0.0,0.0,0.0,ICLN,iShares Global Clean Energy ETF
2014-04-30 00:00:00-04:00,8.488189570525922,8.624707348789762,8.488189570525922,8.592585563659668,36500,0.0,0.0,0.0,ICLN,iShares Global Clean Energy ETF
2014-05-01 00:00:00-04:00,8.640769133519772,8.729103856372587,8.608647346496582,8.608647346496582,27400,0.0,0.0,0.0,ICLN,iShares Global Clean Energy ETF
2014-05-02 00:00:00-04:00,8.713043407129447,8.713043407129447,8.640769194357452,8.68895149230957,22400,0.0,0.0,0.0,ICLN,iShares Global Clean Energy ETF
2014-05-05 00:00:00-04:00,8.66486027813969,8.688951426934487,8.58455542769861,8.68092155456543,4600,0.0,0.0,0.0,ICLN,iShares Global Clean Energy ETF
2014-05-06 00:00:00-04:00,8.6969820693494,8.7130433457829,8.608647346496582,8.608647346496582,18100,0.0,0.0,0.0,ICLN,iShares Global Clean Energy ETF
2014-05-07 00:00:00-04:00,8.624705349469705,8.632735985351562,8.431974683366644,8.512279510498047,15700,0.0,0.0,0.0,ICLN,iShares Global Clean Energy ETF
2014-05-08 00:00:00-04:00,8.496220852581532,8.544403916852525,8.32758127639879,8.359703063964844,43400,0.0,0.0,0.0,ICLN,iShares Global Clean Energy ETF
2014-05-09 00:00:00-04:00,8.440010208768431,8.480162645595495,8.407888412475586,8.407888412475586,14900,0.0,0.0,0.0,ICLN,iShares Global Clean Energy ETF
2014-05-12 00:00:00-04:00,8.528343180690374,8.680922255682756,8.528343180690374,8.672891616821289,16600,0.0,0.0,0.0,ICLN,iShares Global Clean Energy ETF
2014-05-13 00:00:00-04:00,8.705014110789545,8.705014110789545,8.632739886876019,8.664861679077148,16900,0.0,0.0,0.0,ICLN,iShares Global Clean Energy ETF
2014-05-14 00:00:00-04:00,8.72107327955892,8.737134556105506,8.68895149230957,8.68895149230957,4100,0.0,0.0,0.0,ICLN,iShares Global Clean Energy ETF
2014-05-15 00:00:00-04:00,8.64879744771935,8.64879744771935,8.423944233133492,8.488187789916992,27600,0.0,0.0,0.0,ICLN,iShares Global Clean Energy ETF
2014-05-16 00:00:00-04:00,8.472132005061276,8.472132005061276,8.36773597564852,8.407888412475586,7700,0.0,0.0,0.0,ICLN,iShares Global Clean Energy ETF
2014-05-19 00:00:00-04:00,8.464097277771957,8.488188421898556,8.431975496988604,8.472127914428711,19600,0.0,0.0,0.0,ICLN,iShares Global Clean Energy ETF
2014-05-20 00:00:00-04:00,8.520314316578528,8.520314316578528,8.407888412475586,8.407888412475586,9700,0.0,0.0,0.0,ICLN,iShares Global Clean Energy ETF
2014-05-21 00:00:00-04:00,8.552435852091678,8.624710083007812,8.536375337356988,8.624710083007812,14800,0.0,0.0,0.0,ICLN,iShares Global Clean Energy ETF
2014-05-22 00:00:00-04:00,8.688949717384038,8.7612239153923,8.688949717384038,8.72910213470459,12400,0.0,0.0,0.0,ICLN,iShares Global Clean Energy ETF
2014-05-23 00:00:00-04:00,8.817438631917783,8.833499908447266,8.769256334016973,8.833499908447266,10200,0.0,0.0,0.0,ICLN,iShares Global Clean Energy ETF
2014-05-27 00:00:00-04:00,8.921836537981747,8.945928457923216,8.857592949825786,8.905776023864746,21800,0.0,0.0,0.0,ICLN,iShares Global Clean Energy ETF
2014-05-28 00:00:00-04:00,8.889713287353516,8.913805203347605,8.841530987053048,8.889713287353516,9800,0.0,0.0,0.0,ICLN,iShares Global Clean Energy ETF
2014-05-29 00:00:00-04:00,8.92986677397358,9.002140998840332,8.92986677397358,9.002140998840332,30300,0.0,0.0,0.0,ICLN,iShares Global Clean Energy ETF
2014-05-30 00:00:00-04:00,9.002141522510792,9.034263317004159,8.921836653355381,8.945928573608398,24300,0.0,0.0,0.0,ICLN,iShares Global Clean Energy ETF
2014-06-02 00:00:00-04:00,9.026229730123918,9.026229730123918,8.913803869022836,8.986077308654785,4400,0.0,0.0,0.0,ICLN,iShares Global Clean Energy ETF
2014-06-03 00:00:00-04:00,8.99410737002281,8.99410737002281,8.881681516122878,8.96198558807373,34600,0.0,0.0,0.0,ICLN,iShares Global Clean Energy ETF
2014-06-04 00:00:00-04:00,8.881682714877288,8.937895649414273,8.801377866244055,8.897743225097656,10500,0.0,0.0,0.0,ICLN,iShares Global Clean Energy ETF
2014-06-05 00:00:00-04:00,8.994110674151777,9.034263107799681,8.94592836644947,9.01820182800293,7700,0.0,0.0,0.0,ICLN,iShares Global Clean Energy ETF
2014-06-06 00:00:00-04:00,9.034261825287038,9.098505403666014,9.0262311865287,9.074414253234863,20800,0.0,0.0,0.0,ICLN,iShares Global Clean Energy ETF
2014-06-09 00:00:00-04:00,9.106534258444755,9.138656041341552,9.058351201177702,9.114564895629883,23000,0.0,0.0,0.0,ICLN,iShares Global Clean Energy ETF
2014-06-10 00:00:00-04:00,9.13865783161384,9.13865783161384,9.042292464045374,9.074414253234863,16700,0.0,0.0,0.0,ICLN,iShares Global Clean Energy ETF
2014-06-11 00:00:00-04:00,8.970016612702036,9.114565020642056,8.970016612702036,9.082443237304688,17800,0.0,0.0,0.0,ICLN,iShares Global Clean Energy ETF
2014-06-12 00:00:00-04:00,9.114567252339059,9.170780195482234,9.090475334554347,9.098505973815918,14100,0.0,0.0,0.0,ICLN,iShares Global Clean Energy ETF
2014-06-13 00:00:00-04:00,9.20290006054482,9.251083120185763,9.170778276065443,9.24305248260498,27300,0.0,0.0,0.0,ICLN,iShares Global Clean Energy ETF
2014-06-16 00:00:00-04:00,9.186841244914863,9.267146110534668,9.106537145139015,9.267146110534668,33300,0.0,0.0,0.0,ICLN,iShares Global Clean Energy ETF
2014-06-17 00:00:00-04:00,9.299268179703727,9.427755355834961,9.275177025640117,9.427755355834961,38100,0.0,0.0,0.0,ICLN,iShares Global Clean Energy ETF
2014-06-18 00:00:00-04:00,9.451845352966295,9.580332502959559,9.371540501298593,9.572301864624023,241900,0.0,0.0,0.0,ICLN,iShares Global Clean Energy ETF
2014-06-19 00:00:00-04:00,9.612453843734293,9.612453843734293,9.483966699712267,9.516088485717773,30800,0.0,0.0,0.0,ICLN,iShares Global Clean Energy ETF
2014-06-20 00:00:00-04:00,9.556240970530466,9.564271609187502,9.500028031618923,9.548211097717285,12300,0.0,0.0,0.0,ICLN,iShares Global Clean Energy ETF
2014-06-23 00:00:00-04:00,9.52411855179639,9.52411855179639,9.435783829943244,9.491996765136719,28500,0.0,0.0,0.0,ICLN,iShares Global Clean Energy ETF
2014-06-24 00:00:00-04:00,9.530867394246934,9.530867394246934,9.34462235245601,9.360817909240723,42200,0.098,0.0,0.0,ICLN,iShares Global Clean Energy ETF
2014-06-25 00:00:00-04:00,9.401305701920956,9.466086387634277,9.38511091661597,9.466086387634277,20200,0.0,0.0,0.0,ICLN,iShares Global Clean Energy ETF
2014-06-26 00:00:00-04:00,9.538964582899743,9.547062361447031,9.474183899014765,9.530867576599121,24900,0.0,0.0,0.0,ICLN,iShares Global Clean Energy ETF
2014-06-27 00:00:00-04:00,9.555156844341603,9.5956449508667,9.522766513570808,9.5956449508667,21100,0.0,0.0,0.0,ICLN,iShares Global Clean Energy ETF
2014-06-30 00:00:00-04:00,9.636133889324611,9.644231666426991,9.53896288083564,9.603743553161621,12600,0.0,0.0,0.0,ICLN,iShares Global Clean Energy ETF
2014-07-01 00:00:00-04:00,9.668524797631704,9.668524797631704,9.579451560974121,9.579451560974121,31500,0.0,0.0,0.0,ICLN,iShares Global Clean Energy ETF
2014-07-02 00:00:00-04:00,9.555156273036658,9.668522037833078,9.555156273036658,9.571351051330566,17700,0.0,0.0,0.0,ICLN,iShares Global Clean Energy ETF
2014-07-03 00:00:00-04:00,9.644231488755215,9.717109936840965,9.644231488755215,9.70091438293457,13500,0.0,0.0,0.0,ICLN,iShares Global Clean Energy ETF
2014-07-07 00:00:00-04:00,9.652329755485257,9.652329755485257,9.506572851917785,9.5470609664917,36400,0.0,0.0,0.0,ICLN,iShares Global Clean Energy ETF
2014-07-08 00:00:00-04:00,9.441792998150113,9.441792998150113,9.182670277949386,9.23935317993164,42200,0.0,0.0,0.0,ICLN,iShares Global Clean Energy ETF
2014-07-09 00:00:00-04:00,9.239350970823429,9.312229411516466,9.239350970823429,9.29603385925293,20000,0.0,0.0,0.0,ICLN,iShares Global Clean Energy ETF
2014-07-10 00:00:00-04:00,9.10979239048752,9.198865638074597,9.004523585750064,9.166475296020508,44800,0.0,0.0,0.0,ICLN,iShares Global Clean Energy ETF
2014-07-11 00:00:00-04:00,9.150279173497422,9.206962070744309,9.150279173497422,9.190767288208008,17600,0.0,0.0,0.0,ICLN,iShares Global Clean Energy ETF
2014-07-14 00:00:00-04:00,9.18266894507192,9.279839951042684,9.18266894507192,9.215059280395508,27300,0.0,0.0,0.0,ICLN,iShares Global Clean Energy ETF
2014-07-15 00:00:00-04:00,9.215059848135736,9.263644967991196,9.134083618714564,9.190767288208008,21000,0.0,0.0,0.0,ICLN,iShares Global Clean Energy ETF
2014-07-16 00:00:00-04:00,9.206961503502985,9.247449615719097,9.19886372661046,9.215059280395508,9300,0.0,0.0,0.0,ICLN,iShares Global Clean Energy ETF
2014-07-17 00:00:00-04:00,9.215060294530371,9.215060294530371,9.077401161193848,9.077401161193848,28900,0.0,0.0,0.0,ICLN,iShares Global Clean Energy ETF
2014-07-18 00:00:00-04:00,9.198863035743946,9.255546697487967,9.117887589639768,9.247448921203613,19700,0.0,0.0,0.0,ICLN,iShares Global Clean Energy ETF
2014-07-21 00:00:00-04:00,9.247448793651559,9.263643573750437,9.198862908862049,9.255546569824219,12200,0.0,0.0,0.0,ICLN,iShares Global Clean Energy ETF
2014-07-22 00:00:00-04:00,9.296035071746664,9.409401635638648,9.296035071746664,9.3770112991333,11400,0.0,0.0,0.0,ICLN,iShares Global Clean Energy ETF
2014-07-23 00:00:00-04:00,9.417499725202559,9.417499725202559,9.312230935006806,9.320328712463379,8800,0.0,0.0,0.0,ICLN,iShares Global Clean Energy ETF
2014-07-24 00:00:00-04:00,9.401305256709197,9.401305256709197,9.304134232740884,9.360817909240723,28700,0.0,0.0,0.0,ICLN,iShares Global Clean Energy ETF
2014-07-25 00:00:00-04:00,9.393208642242346,9.393208642242346,9.328427956895574,9.336524963378906,11300,0.0,0.0,0.0,ICLN,iShares Global Clean Energy ETF
2014-07-28 00:00:00-04:00,9.385109901428223,9.401304684981419,9.328427000622131,9.385109901428223,30400,0.0,0.0,0.0,ICLN,iShares Global Clean Energy ETF
2014-07-29 00:00:00-04:00,9.40940027940452,9.40940027940452,9.304131507873535,9.304131507873535,7200,0.0,0.0,0.0,ICLN,iShares Global Clean Energy ETF
2014-07-30 00:00:00-04:00,9.360815741230683,9.360815741230683,9.304132077859053,9.328425407409668,13100,0.0,0.0,0.0,ICLN,iShares Global Clean Energy ETF
2014-07-31 00:00:00-04:00,9.328423205511452,9.328423205511452,9.036909497685286,9.061202049255371,57000,0.0,0.0,0.0,ICLN,iShares Global Clean Energy ETF
2014-08-01 00:00:00-04:00,9.053108788497717,9.053108788497717,8.88305931273401,8.980230331420898,34600,0.0,0.0,0.0,ICLN,iShares Global Clean Energy ETF
2014-08-04 00:00:00-04:00,9.061206938104174,9.117890618678985,9.020719587725075,9.10169506072998,26000,0.0,0.0,0.0,ICLN,iShares Global Clean Energy ETF
2014-08-05 00:00:00-04:00,9.101691545800865,9.134081876943535,9.028813107668254,9.045008659362793,11400,0.0,0.0,0.0,ICLN,iShares Global Clean Energy ETF
2014-08-06 00:00:00-04:00,8.96403458627834,9.134084058452162,8.96403458627834,9.12598705291748,19500,0.0,0.0,0.0,ICLN,iShares Global Clean Energy ETF
2014-08-07 00:00:00-04:00,9.19886609168389,9.215061649632895,9.10169506072998,9.10169506072998,5200,0.0,0.0,0.0,ICLN,iShares Global Clean Energy ETF
2014-08-08 00:00:00-04:00,9.174572944641113,9.174572944641113,9.109792261450531,9.174572944641113,15000,0.0,0.0,0.0,ICLN,iShares Global Clean Energy ETF
2014-08-11 00:00:00-04:00,9.328426489919952,9.336523495129962,9.255548037303926,9.320328712463379,99600,0.0,0.0,0.0,ICLN,iShares Global Clean Energy ETF
2014-08-12 00:00:00-04:00,9.344621014115999,9.344621014115999,9.247450004064552,9.287938117980957,98400,0.0,0.0,0.0,ICLN,iShares Global Clean Energy ETF
2014-08-13 00:00:00-04:00,9.352717921221231,9.441791145753188,9.352717921221231,9.417498588562012,186200,0.0,0.0,0.0,ICLN,iShares Global Clean Energy ETF
2014-08-14 00:00:00-04:00,9.377010478412407,9.457986698711617,9.377010478412407,9.417498588562012,10100,0.0,0.0,0.0,ICLN,iShares Global Clean Energy ETF
2014-08-15 00:00:00-04:00,9.52276942032911,9.52276942032911,9.328427376382795,9.457988739013672,17100,0.0,0.0,0.0,ICLN,iShares Global Clean Energy ETF
2014-08-18 00:00:00-04:00,9.498473871596799,9.57135231415067,9.498473871596799,9.563255310058594,22600,0.0,0.0,0.0,ICLN,iShares Global Clean Energy ETF
2014-08-19 00:00:00-04:00,9.57135498837234,9.619940887731898,9.57135498837234,9.61184310913086,8400,0.0,0.0,0.0,ICLN,iShares Global Clean Energy ETF
2014-08-20 00:00:00-04:00,9.522769732591954,9.62803853624309,9.522769732591954,9.619940757751465,10900,0.0,0.0,0.0,ICLN,iShares Global Clean Energy ETF
2014-08-21 00:00:00-04:00,9.530863719472618,9.587546601870828,9.530863719472618,9.571351051330566,20800,0.0,0.0,0.0,ICLN,iShares Global Clean Energy ETF
2014-08-22 00:00:00-04:00,9.55515791752437,9.55515791752437,9.49037724870697,9.538962364196777,12100,0.0,0.0,0.0,ICLN,iShares Global Clean Energy ETF
2014-08-25 00:00:00-04:00,9.53896206599133,9.652328619000977,9.53896206599133,9.644230842590332,41700,0.0,0.0,0.0,ICLN,iShares Global Clean Energy ETF
2014-08-26 00:00:00-04:00,9.636135672687303,9.636135672687303,9.587550545574418,9.61184310913086,28500,0.0,0.0,0.0,ICLN,iShares Global Clean Energy ETF
2014-08-27 00:00:00-04:00,9.652330013192065,9.652330013192065,9.571353781882259,9.628037452697754,23600,0.0,0.0,0.0,ICLN,iShares Global Clean Energy ETF
2014-08-28 00:00:00-04:00,9.628036363005567,9.628036363005567,9.506572029788076,9.538962364196777,22700,0.0,0.0,0.0,ICLN,iShares Global Clean Energy ETF
2014-08-29 00:00:00-04:00,9.58754825193307,9.58754825193307,9.49037724870697,9.538962364196777,13300,0.0,0.0,0.0,ICLN,iShares Global Clean Energy ETF
2014-09-02 00:00:00-04:00,9.579450475269274,9.579450475269274,9.449889137634473,9.538962364196777,98400,0.0,0.0,0.0,ICLN,iShares Global Clean Energy ETF
2014-09-03 00:00:00-04:00,9.563257852803416,9.644233320979676,9.563257852803416,9.619940757751465,57000,0.0,0.0,0.0,ICLN,iShares Global Clean Energy ETF
2014-09-04 00:00:00-04:00,9.66852422684576,9.733305671427368,9.63613389067822,9.652329444885254,17100,0.0,0.0,0.0,ICLN,iShares Global Clean Energy ETF
2014-09-05 00:00:00-04:00,9.757598049360439,9.757598049360439,9.619938930142137,9.70091438293457,20000,0.0,0.0,0.0,ICLN,iShares Global Clean Energy ETF
2014-09-08 00:00:00-04:00,9.749501543230426,9.75759932123915,9.66042830187432,9.692818641662598,12800,0.0,0.0,0.0,ICLN,iShares Global Clean Energy ETF
2014-09-09 00:00:00-04:00,9.644232164896728,9.644232164896728,9.385109462199846,9.401304244995117,48100,0.0,0.0,0.0,ICLN,iShares Global Clean Energy ETF
2014-09-10 00:00:00-04:00,9.514670241831434,9.514670241831434,9.409401457124567,9.47418212890625,14900,0.0,0.0,0.0,ICLN,iShares Global Clean Energy ETF
2014-09-11 00:00:00-04:00,9.482281945185951,9.482281945185951,9.409403480696794,9.466086387634277,14800,0.0,0.0,0.0,ICLN,iShares Global Clean Energy ETF
2014-09-12 00:00:00-04:00,9.46608230734964,9.46608230734964,9.409399424844892,9.43369197845459,8700,0.0,0.0,0.0,ICLN,iShares Global Clean Energy ETF
2014-09-15 00:00:00-04:00,9.385110227772643,9.385110227772643,9.198865190831743,9.231255531311035,19100,0.0,0.0,0.0,ICLN,iShares Global Clean Energy ETF
2014-09-16 00:00:00-04:00,9.190766594142998,9.23125393354952,9.117888147616862,9.223156929016113,10700,0.0,0.0,0.0,ICLN,iShares Global Clean Energy ETF
2014-09-17 00:00:00-04:00,9.247448921203613,9.263643701525869,9.2069608120283,9.247448921203613,9200,0.0,0.0,0.0,ICLN,iShares Global Clean Energy ETF
2014-09-18 00:00:00-04:00,9.304133859981821,9.304133859981821,9.231255401863711,9.23935317993164,13900,0.0,0.0,0.0,ICLN,iShares Global Clean Energy ETF
2014-09-19 00:00:00-04:00,9.215060809793828,9.223158588030318,9.101694231222877,9.142182350158691,13000,0.0,0.0,0.0,ICLN,iShares Global Clean Energy ETF
2014-09-22 00:00:00-04:00,9.117887929856808,9.182668598055901,9.02071692755817,9.053107261657715,10000,0.0,0.0,0.0,ICLN,iShares Global Clean Energy ETF
2014-09-23 00:00:00-04:00,8.99642562866211,9.085499646728392,8.988328622494254,8.99642562866211,29500,0.0,0.0,0.0,ICLN,iShares Global Clean Energy ETF
2014-09-24 00:00:00-04:00,8.988327233540542,9.109790802001953,8.988327233540542,9.109790802001953,12300,0.0,0.0,0.0,ICLN,iShares Global Clean Energy ETF
2014-09-25 00:00:00-04:00,9.077402323149464,9.077402323149464,8.9073528291575,8.931645393371582,67700,0.0,0.0,0.0,ICLN,iShares Global Clean Energy ETF
2014-09-26 00:00:00-04:00,8.915449776419235,9.036913358407237,8.915449776419235,9.020718574523926,32700,0.0,0.0,0.0,ICLN,iShares Global Clean Energy ETF
2014-09-29 00:00:00-04:00,8.850669549553217,8.874962112745289,8.826376214114484,8.858766555786133,12700,0.0,0.0,0.0,ICLN,iShares Global Clean Energy ETF
2014-09-30 00:00:00-04:00,8.858764956397597,8.858764956397597,8.74539916713756,8.802082061767578,84000,0.0,0.0,0.0,ICLN,iShares Global Clean Energy ETF
2014-10-01 00:00:00-04:00,8.745400238379867,8.745400238379867,8.542960421622215,8.575350761413574,74100,0.0,0.0,0.0,ICLN,iShares Global Clean Energy ETF
2014-10-02 00:00:00-04:00,8.607742515132985,8.607742515132985,8.340521974898339,8.510571479797363,56300,0.0,0.0,0.0,ICLN,iShares Global Clean Energy ETF
2014-10-03 00:00:00-04:00,8.542958654649482,8.640129653925312,8.542958654649482,8.615837097167969,26900,0.0,0.0,0.0,ICLN,iShares Global Clean Energy ETF
2014-10-06 00:00:00-04:00,8.680618108634633,8.704910666358245,8.316226653794516,8.372909545898438,78800,0.0,0.0,0.0,ICLN,iShares Global Clean Energy ETF
2014-10-07 00:00:00-04:00,8.316225178479415,8.421493167355807,8.308127403259277,8.308127403259277,7800,0.0,0.0,0.0,ICLN,iShares Global Clean Energy ETF
2014-10-08 00:00:00-04:00,8.283834989266635,8.437689646396148,8.16237143658244,8.397201538085938,30000,0.0,0.0,0.0,ICLN,iShares Global Clean Energy ETF
2014-10-09 00:00:00-04:00,8.316230906437347,8.381011608324657,8.105693239180152,8.129985809326172,16300,0.0,0.0,0.0,ICLN,iShares Global Clean Energy ETF
2014-10-10 00:00:00-04:00,8.113784924410986,8.113784924410986,7.927539967218306,7.9680280685424805,36200,0.0,0.0,0.0,ICLN,iShares Global Clean Energy ETF
2014-10-13 00:00:00-04:00,8.016615792139943,8.05710390669551,7.887054443359375,7.887054443359375,14400,0.0,0.0,0.0,ICLN,iShares Global Clean Energy ETF
2014-10-14 00:00:00-04:00,7.976128894608497,7.976128894608497,7.854664544168511,7.8708600997924805,26500,0.0,0.0,0.0,ICLN,iShares Global Clean Energy ETF
2014-10-15 00:00:00-04:00,7.733202021620573,7.935641861075317,7.627933212434502,7.911349296569824,60600,0.0,0.0,0.0,ICLN,iShares Global Clean Energy ETF
2014-10-16 00:00:00-04:00,7.797981209134372,7.943738112635788,7.757493094578806,7.887054443359375,16200,0.0,0.0,0.0,ICLN,iShares Global Clean Energy ETF
2014-10-17 00:00:00-04:00,8.032811550267919,8.13808034187939,7.984225657121635,8.057104110717773,27200,0.0,0.0,0.0,ICLN,iShares Global Clean Energy ETF
2014-10-20 00:00:00-04:00,7.895153348158951,8.121885740902655,7.895153348158951,8.105690956115723,127800,0.0,0.0,0.0,ICLN,iShares Global Clean Energy ETF
2014-10-21 00:00:00-04:00,8.17856702052195,8.275738017495426,8.17856702052195,8.259542465209961,42200,0.0,0.0,0.0,ICLN,iShares Global Clean Energy ETF
2014-10-22 00:00:00-04:00,8.364813231665003,8.364813231665003,8.17047119140625,8.17047119140625,7100,0.0,0.0,0.0,ICLN,iShares Global Clean Energy ETF
2014-10-23 00:00:00-04:00,8.259542640555601,8.259542640555601,8.170469417833878,8.210957527160645,35800,0.0,0.0,0.0,ICLN,iShares Global Clean Energy ETF
2014-10-24 00:00:00-04:00,8.178567453564048,8.251445125968084,8.178567453564048,8.243348121643066,7600,0.0,0.0,0.0,ICLN,iShares Global Clean Energy ETF
2014-10-27 00:00:00-04:00,8.113786300092944,8.113786300092944,8.032810083715184,8.040907859802246,18100,0.0,0.0,0.0,ICLN,iShares Global Clean Energy ETF
2014-10-28 00:00:00-04:00,8.154274887741272,8.30812956802689,8.154274887741272,8.2919340133667,442600,0.0,0.0,0.0,ICLN,iShares Global Clean Energy ETF
2014-10-29 00:00:00-04:00,8.308129880919214,8.340520219212898,8.194763310768026,8.235251426696777,28100,0.0,0.0,0.0,ICLN,iShares Global Clean Energy ETF
2014-10-30 00:00:00-04:00,8.26764265645923,8.332423340031657,8.194764194378584,8.324325561523438,10900,0.0,0.0,0.0,ICLN,iShares Global Clean Energy ETF
2014-10-31 00:00:00-04:00,8.421494616230671,8.4700805036641,8.38910428202388,8.461982727050781,57600,0.0,0.0,0.0,ICLN,iShares Global Clean Energy ETF
2014-11-03 00:00:00-05:00,8.461983165302781,8.470080942335489,8.421495052385763,8.445788383483887,30700,0.0,0.0,0.0,ICLN,iShares Global Clean Energy ETF
2014-11-04 00:00:00-05:00,8.421497155816985,8.421497155816985,8.316229117085147,8.34861946105957,5100,0.0,0.0,0.0,ICLN,iShares Global Clean Energy ETF
2014-11-05 00:00:00-05:00,8.364812074188269,8.364812074188269,8.243348508895664,8.267641067504883,7300,0.0,0.0,0.0,ICLN,iShares Global Clean Energy ETF
2014-11-06 00:00:00-05:00,8.219053958379101,8.251444289133689,8.154273296869924,8.186663627624512,25700,0.0,0.0,0.0,ICLN,iShares Global Clean Energy ETF
2014-11-07 00:00:00-05:00,8.178567837773407,8.267641067504883,8.178567837773407,8.267641067504883,9300,0.0,0.0,0.0,ICLN,iShares Global Clean Energy ETF
2014-11-10 00:00:00-05:00,8.267642853007452,8.267642853007452,8.202862167894981,8.227154731750488,18900,0.0,0.0,0.0,ICLN,iShares Global Clean Energy ETF
2014-11-11 00:00:00-05:00,8.210959123812883,8.235251685234141,8.202861345923596,8.219056129455566,10800,0.0,0.0,0.0,ICLN,iShares Global Clean Energy ETF
2014-11-12 00:00:00-05:00,8.178568584061155,8.178568584061155,8.138080467853607,8.146178245544434,10300,0.0,0.0,0.0,ICLN,iShares Global Clean Energy ETF
2014-11-13 00:00:00-05:00,8.154278379472192,8.178571721865096,8.097595458382518,8.129985809326172,49800,0.0,0.0,0.0,ICLN,iShares Global Clean Energy ETF
2014-11-14 00:00:00-05:00,8.154275635261376,8.17047119140625,8.113788289392437,8.17047119140625,43000,0.0,0.0,0.0,ICLN,iShares Global Clean Energy ETF
2014-11-17 00:00:00-05:00,8.178568584061155,8.178568584061155,8.105690129336887,8.146178245544434,8300,0.0,0.0,0.0,ICLN,iShares Global Clean Energy ETF
2014-11-18 00:00:00-05:00,8.194763054832196,8.243348946878596,8.170470494932275,8.202860832214355,14600,0.0,0.0,0.0,ICLN,iShares Global Clean Energy ETF
2014-11-19 00:00:00-05:00,8.227153907344855,8.251446468766114,8.194763568034308,8.219056129455566,10300,0.0,0.0,0.0,ICLN,iShares Global Clean Energy ETF
2014-11-20 00:00:00-05:00,8.267641067504883,8.291933626114101,8.243348508895664,8.267641067504883,28600,0.0,0.0,0.0,ICLN,iShares Global Clean Energy ETF
2014-11-21 00:00:00-05:00,8.397203886372788,8.41339944312455,8.356715766740033,8.381009101867676,17900,0.0,0.0,0.0,ICLN,iShares Global Clean Energy ETF
2014-11-24 00:00:00-05:00,8.389105100256085,8.49437388975718,8.389105100256085,8.42149543762207,8900,0.0,0.0,0.0,ICLN,iShares Global Clean Energy ETF
2014-11-25 00:00:00-05:00,8.478178719368197,8.486275724154382,8.421495052385763,8.445788383483887,7900,0.0,0.0,0.0,ICLN,iShares Global Clean Energy ETF
2014-11-26 00:00:00-05:00,8.486275674968107,8.542959341622003,8.486275674968107,8.53486156463623,18400,0.0,0.0,0.0,ICLN,iShares Global Clean Energy ETF
2014-11-28 00:00:00-05:00,8.44578979719718,8.44578979719718,8.275740312278893,8.28383731842041,13700,0.0,0.0,0.0,ICLN,iShares Global Clean Energy ETF
2014-12-01 00:00:00-05:00,8.097591837778461,8.13807995141666,8.024713387679009,8.032811164855957,22200,0.0,0.0,0.0,ICLN,iShares Global Clean Energy ETF
2014-12-02 00:00:00-05:00,8.121885740902655,8.121885740902655,8.081397620565328,8.105690956115723,15100,0.0,0.0,0.0,ICLN,iShares Global Clean Energy ETF
2014-12-03 00:00:00-05:00,8.073299790820165,8.170470806370329,8.073299790820165,8.146178245544434,35400,0.0,0.0,0.0,ICLN,iShares Global Clean Energy ETF
2014-12-04 00:00:00-05:00,8.073302888236496,8.170473941067462,8.073302888236496,8.129985809326172,180800,0.0,0.0,0.0,ICLN,iShares Global Clean Energy ETF
2014-12-05 00:00:00-05:00,8.186664320311593,8.202859873182419,8.138079206192046,8.154273986816406,32400,0.0,0.0,0.0,ICLN,iShares Global Clean Energy ETF
2014-12-08 00:00:00-05:00,8.097590170873397,8.13807827617704,8.016613960266113,8.016613960266113,10400,0.0,0.0,0.0,ICLN,iShares Global Clean Energy ETF
2014-12-09 00:00:00-05:00,7.8870550780106825,8.016616437216726,7.8546647382091725,7.992323875427246,36400,0.0,0.0,0.0,ICLN,iShares Global Clean Energy ETF
2014-12-10 00:00:00-05:00,8.057102503859927,8.146176494822662,7.968029285143611,8.000419616699219,33200,0.0,0.0,0.0,ICLN,iShares Global Clean Energy ETF
2014-12-11 00:00:00-05:00,8.09759061136604,8.129980942921648,8.000419616699219,8.000419616699219,12800,0.0,0.0,0.0,ICLN,iShares Global Clean Energy ETF
2014-12-12 00:00:00-05:00,7.927542999983183,8.00851923360984,7.8708600997924805,7.8708600997924805,200700,0.0,0.0,0.0,ICLN,iShares Global Clean Energy ETF
2014-12-15 00:00:00-05:00,7.903251984966207,7.935642330304317,7.781787610763236,7.797983169555664,47000,0.0,0.0,0.0,ICLN,iShares Global Clean Energy ETF
2014-12-16 00:00:00-05:00,7.725102937684189,7.862762067038085,7.69271259973307,7.789883613586426,31300,0.0,0.0,0.0,ICLN,iShares Global Clean Energy ETF
2014-12-17 00:00:00-05:00,7.692712818199212,7.806079390370921,7.6846150404198195,7.757493495941162,48500,0.0,0.0,0.0,ICLN,iShares Global Clean Energy ETF
2014-12-18 00:00:00-05:00,7.887054007836801,7.9680302324764325,7.887054007836801,7.951834678649902,39800,0.0,0.0,0.0,ICLN,iShares Global Clean Energy ETF
2014-12-19 00:00:00-05:00,7.932046377322753,7.932046377322753,7.857837916534213,7.907310485839844,41100,0.176,0.0,0.0,ICLN,iShares Global Clean Energy ETF
2014-12-22 00:00:00-05:00,7.932045755607865,7.9485368728637695,7.915555424691711,7.9485368728637695,32700,0.0,0.0,0.0,ICLN,iShares Global Clean Energy ETF
2014-12-23 00:00:00-05:00,7.932046651245421,8.014500674155641,7.899065199349301,7.9815192222595215,51700,0.0,0.0,0.0,ICLN,iShares Global Clean Energy ETF
2014-12-24 00:00:00-05:00,7.923801217175194,7.99800968170166,7.923801217175194,7.99800968170166,13800,0.0,0.0,0.0,ICLN,iShares Global Clean Energy ETF
2014-12-26 00:00:00-05:00,8.014499227180073,8.129933894805454,8.014499227180073,8.03923511505127,9500,0.0,0.0,0.0,ICLN,iShares Global Clean Energy ETF
2014-12-29 00:00:00-05:00,8.039235553526982,8.12168956604777,7.998008547266587,8.01449966430664,375700,0.0,0.0,0.0,ICLN,iShares Global Clean Energy ETF
2014-12-30 00:00:00-05:00,8.039236566492772,8.039236566492772,7.940292210804411,7.9815192222595215,33100,0.0,0.0,0.0,ICLN,iShares Global Clean Energy ETF
2014-12-31 00:00:00-05:00,8.022745447374792,8.022745447374792,7.940292210804411,7.9815192222595215,42000,0.0,0.0,0.0,ICLN,iShares Global Clean Energy ETF
2015-01-02 00:00:00-05:00,8.113443565004555,8.113443565004555,7.948536335297085,8.03923511505127,52200,0.0,0.0,0.0,ICLN,iShares Global Clean Energy ETF
2015-01-05 00:00:00-05:00,8.080463938886552,8.080463938886552,7.808366752004545,7.866084098815918,34500,0.0,0.0,0.0,ICLN,iShares Global Clean Energy ETF
2015-01-06 00:00:00-05:00,7.915557506742621,7.948538963589884,7.791876453810418,7.849594593048096,18100,0.0,0.0,0.0,ICLN,iShares Global Clean Energy ETF
2015-01-07 00:00:00-05:00,7.849593269641693,7.973273515382,7.849593269641693,7.923800945281982,221700,0.0,0.0,0.0,ICLN,iShares Global Clean Energy ETF
2015-01-08 00:00:00-05:00,7.973273910482899,8.121690841797657,7.973273910482899,8.113445281982422,61900,0.0,0.0,0.0,ICLN,iShares Global Clean Energy ETF
2015-01-09 00:00:00-05:00,8.063972199681459,8.129935101353878,8.039236308139255,8.088708877563477,15700,0.0,0.0,0.0,ICLN,iShares Global Clean Energy ETF
2015-01-12 00:00:00-05:00,8.072217106924054,8.088708224179959,7.882573976519651,7.9485368728637695,29800,0.0,0.0,0.0,ICLN,iShares Global Clean Energy ETF
2015-01-13 00:00:00-05:00,8.030992059592718,8.105200532670793,7.890820674076341,7.9732747077941895,32100,0.0,0.0,0.0,ICLN,iShares Global Clean Energy ETF
2015-01-14 00:00:00-05:00,7.915555589708358,8.022744708747323,7.866083023249033,7.989763259887695,16700,0.0,0.0,0.0,ICLN,iShares Global Clean Energy ETF
2015-01-15 00:00:00-05:00,7.981519875721494,8.006255770083799,7.866084391464234,7.882575511932373,21800,0.0,0.0,0.0,ICLN,iShares Global Clean Energy ETF
2015-01-16 00:00:00-05:00,7.8083655215475805,7.965027203779924,7.8083655215475805,7.9485368728637695,21400,0.0,0.0,0.0,ICLN,iShares Global Clean Energy ETF
2015-01-20 00:00:00-05:00,7.866083475808453,7.948537495871234,7.857837916534213,7.907310485839844,41000,0.0,0.0,0.0,ICLN,iShares Global Clean Energy ETF
2015-01-21 00:00:00-05:00,7.882573962329358,8.030990085666568,7.882573962329358,8.006254196166992,30900,0.0,0.0,0.0,ICLN,iShares Global Clean Energy ETF
2015-01-22 00:00:00-05:00,8.014499227180073,8.080462119063062,7.965026665097983,8.03923511505127,74400,0.0,0.0,0.0,ICLN,iShares Global Clean Energy ETF
2015-01-23 00:00:00-05:00,8.063971429103788,8.096952876788354,8.047481098431374,8.072216987609863,13200,0.0,0.0,0.0,ICLN,iShares Global Clean Energy ETF
2015-01-26 00:00:00-05:00,8.154671437421225,8.344314575195312,8.154671437421225,8.344314575195312,15700,0.0,0.0,0.0,ICLN,iShares Global Clean Energy ETF
2015-01-27 00:00:00-05:00,8.261858853300767,8.418520494378532,8.261858853300767,8.385539054870605,61500,0.0,0.0,0.0,ICLN,iShares Global Clean Energy ETF
2015-01-28 00:00:00-05:00,8.336071076242089,8.336071076242089,8.220636367797852,8.220636367797852,19800,0.0,0.0,0.0,ICLN,iShares Global Clean Energy ETF
2015-01-29 00:00:00-05:00,8.24537033387055,8.327824351745173,8.24537033387055,8.278351783752441,9000,0.0,0.0,0.0,ICLN,iShares Global Clean Energy ETF
2015-01-30 00:00:00-05:00,8.245369136957194,8.270105024192956,8.17116068891023,8.228878021240234,40900,0.0,0.0,0.0,ICLN,iShares Global Clean Energy ETF
2015-02-02 00:00:00-05:00,8.237122694553902,8.41852101626258,8.237122694553902,8.41027545928955,16100,0.0,0.0,0.0,ICLN,iShares Global Clean Energy ETF
2015-02-03 00:00:00-05:00,8.492734204314607,8.657641504270806,8.492734204314607,8.649395942687988,30400,0.0,0.0,0.0,ICLN,iShares Global Clean Energy ETF
2015-02-04 00:00:00-05:00,8.649393705551946,8.690620716462778,8.608166694641113,8.608166694641113,17800,0.0,0.0,0.0,ICLN,iShares Global Clean Energy ETF
2015-02-05 00:00:00-05:00,8.641146995129784,8.690619558901167,8.616411106413953,8.682374000549316,6300,0.0,0.0,0.0,ICLN,iShares Global Clean Energy ETF
2015-02-06 00:00:00-05:00,8.608166271923613,8.674129957945594,8.550448931286645,8.57518482208252,161900,0.0,0.0,0.0,ICLN,iShares Global Clean Energy ETF
2015-02-09 00:00:00-05:00,8.60816513425877,8.61641069221425,8.492730468240811,8.5916748046875,73100,0.0,0.0,0.0,ICLN,iShares Global Clean Energy ETF
2015-02-10 00:00:00-05:00,8.690622964262046,8.690622964262046,8.624660044279567,8.649395942687988,9400,0.0,0.0,0.0,ICLN,iShares Global Clean Energy ETF
2015-02-11 00:00:00-05:00,8.599919926696783,8.66588281431746,8.55869292534895,8.616410255432129,14300,0.0,0.0,0.0,ICLN,iShares Global Clean Energy ETF
2015-02-12 00:00:00-05:00,8.690621078503169,8.789565437007168,8.64939406587487,8.773075103759766,17500,0.0,0.0,0.0,ICLN,iShares Global Clean Energy ETF
2015-02-13 00:00:00-05:00,8.723602690419362,8.830792610671685,8.723602690419362,8.814301490783691,152900,0.0,0.0,0.0,ICLN,iShares Global Clean Energy ETF
2015-02-17 00:00:00-05:00,8.822547310351743,8.822547310351743,8.73184850731839,8.80605697631836,31000,0.0,0.0,0.0,ICLN,iShares Global Clean Energy ETF
2015-02-18 00:00:00-05:00,8.822546889841833,8.822546889841833,8.764829543966133,8.773075103759766,8400,0.0,0.0,0.0,ICLN,iShares Global Clean Energy ETF
2015-02-19 00:00:00-05:00,8.789564681416419,8.789564681416419,8.674129999588304,8.69886589050293,14700,0.0,0.0,0.0,ICLN,iShares Global Clean Energy ETF
2015-02-20 00:00:00-05:00,8.7153562953906,8.79781031425026,8.657638953992718,8.748337745666504,11900,0.0,0.0,0.0,ICLN,iShares Global Clean Energy ETF
2015-02-23 00:00:00-05:00,8.781317191934454,8.781317191934454,8.70710953550365,8.75658130645752,47900,0.0,0.0,0.0,ICLN,iShares Global Clean Energy ETF
2015-02-24 00:00:00-05:00,8.80605620529413,8.979209022353503,8.789565086364746,8.789565086364746,203600,0.0,0.0,0.0,ICLN,iShares Global Clean Energy ETF
2015-02-25 00:00:00-05:00,8.880263738810172,9.003943972482727,8.880263738810172,8.970962524414062,21600,0.0,0.0,0.0,ICLN,iShares Global Clean Energy ETF
2015-02-26 00:00:00-05:00,9.020434303347185,9.020434303347185,8.9462266349475,8.970962524414062,77000,0.0,0.0,0.0,ICLN,iShares Global Clean Energy ETF
2015-02-27 00:00:00-05:00,9.003942400601053,9.020432728586679,8.946225073141948,9.012187957763672,19000,0.0,0.0,0.0,ICLN,iShares Global Clean Energy ETF
2015-03-02 00:00:00-05:00,9.094642792047193,9.152360916137695,9.053415785222478,9.152360916137695,52000,0.0,0.0,0.0,ICLN,iShares Global Clean Energy ETF
2015-03-03 00:00:00-05:00,9.234813253754332,9.267794698768682,9.234813253754332,9.259549140930176,117400,0.0,0.0,0.0,ICLN,iShares Global Clean Energy ETF
2015-03-04 00:00:00-05:00,9.4574413045475,9.523404213458074,9.449195744348703,9.515158653259277,78800,0.0,0.0,0.0,ICLN,iShares Global Clean Energy ETF
2015-03-05 00:00:00-05:00,9.9768974198659,9.9768974198659,9.836726075313589,9.960406303405762,337000,0.0,0.0,0.0,ICLN,iShares Global Clean Energy ETF
2015-03-06 00:00:00-05:00,9.82848165279478,9.82848165279478,9.647083282470703,9.647083282470703,47800,0.0,0.0,0.0,ICLN,iShares Global Clean Energy ETF
2015-03-09 00:00:00-04:00,9.655329582400741,9.655329582400741,9.506912651081933,9.539894104003906,78500,0.0,0.0,0.0,ICLN,iShares Global Clean Energy ETF
2015-03-10 00:00:00-04:00,9.342007223874155,9.440951602100622,9.309025764465332,9.309025764465332,153600,0.0,0.0,0.0,ICLN,iShares Global Clean Energy ETF
2015-03-11 00:00:00-04:00,9.317267741744532,9.424457640174497,9.317267741744532,9.41621208190918,50100,0.0,0.0,0.0,ICLN,iShares Global Clean Energy ETF
2015-03-12 00:00:00-04:00,9.53989211740265,9.53989211740265,9.449193337339441,9.4904203414917,44400,0.0,0.0,0.0,ICLN,iShares Global Clean Energy ETF
2015-03-13 00:00:00-04:00,9.40796767753445,9.40796767753445,9.317268884510877,9.342004776000977,45600,0.0,0.0,0.0,ICLN,iShares Global Clean Energy ETF
2015-03-16 00:00:00-04:00,9.482177224279,9.482177224279,9.407968754970259,9.457441329956055,15400,0.0,0.0,0.0,ICLN,iShares Global Clean Energy ETF
2015-03-17 00:00:00-04:00,9.440950184149905,9.523404213458074,9.391478395636925,9.515158653259277,57100,0.0,0.0,0.0,ICLN,iShares Global Clean Energy ETF
2015-03-18 00:00:00-04:00,9.440947669875891,9.721290351256085,9.440947669875891,9.614100456237793,25100,0.0,0.0,0.0,ICLN,iShares Global Clean Energy ETF
2015-03-19 00:00:00-04:00,9.663573900803756,9.663573900803756,9.564629554748535,9.564629554748535,37500,0.0,0.0,0.0,ICLN,iShares Global Clean Energy ETF
2015-03-20 00:00:00-04:00,9.62234615987791,9.787253390732861,9.62234615987791,9.729536056518555,53000,0.0,0.0,0.0,ICLN,iShares Global Clean Energy ETF
2015-03-23 00:00:00-04:00,9.787253041953027,9.811988929114854,9.737781267629376,9.746026039123535,36100,0.0,0.0,0.0,ICLN,iShares Global Clean Energy ETF
2015-03-24 00:00:00-04:00,9.869709549364025,9.869709549364025,9.820236976160501,9.8367280960083,37800,0.0,0.0,0.0,ICLN,iShares Global Clean Energy ETF
2015-03-25 00:00:00-04:00,9.894444985094573,9.894444985094573,9.680065155029297,9.680065155029297,90200,0.0,0.0,0.0,ICLN,iShares Global Clean Energy ETF
2015-03-26 00:00:00-04:00,9.713045680661486,9.713045680661486,9.548138437236117,9.564629554748535,32300,0.0,0.0,0.0,ICLN,iShares Global Clean Energy ETF
2015-03-27 00:00:00-04:00,9.581119447114594,9.671818230259683,9.572873888736025,9.589365005493164,14700,0.0,0.0,0.0,ICLN,iShares Global Clean Energy ETF
2015-03-30 00:00:00-04:00,9.737783319558796,9.820236556252514,9.704801867613341,9.803746223449707,70200,0.0,0.0,0.0,ICLN,iShares Global Clean Energy ETF
2015-03-31 00:00:00-04:00,9.803747454525285,9.836728910612285,9.754274877224812,9.779010772705078,53700,0.0,0.0,0.0,ICLN,iShares Global Clean Energy ETF
2015-04-01 00:00:00-04:00,9.820235570477701,9.993388372394879,9.820235570477701,9.919179916381836,118300,0.0,0.0,0.0,ICLN,iShares Global Clean Energy ETF
2015-04-02 00:00:00-04:00,9.902690426080943,10.059352123813174,9.902690426080943,9.985143661499023,235100,0.0,0.0,0.0,ICLN,iShares Global Clean Energy ETF
2015-04-06 00:00:00-04:00,10.051105499267578,10.166540960228145,10.051105499267578,10.051105499267578,41000,0.0,0.0,0.0,ICLN,iShares Global Clean Energy ETF
2015-04-07 00:00:00-04:00,10.133558980636476,10.166540426846321,10.075841646354172,10.084086418151855,57500,0.0,0.0,0.0,ICLN,iShares Global Clean Energy ETF
2015-04-08 00:00:00-04:00,10.17478508959051,10.29021974799673,10.17478508959051,10.20776653289795,37100,0.0,0.0,0.0,ICLN,iShares Global Clean Energy ETF
2015-04-09 00:00:00-04:00,10.413900893548885,10.438636779785156,10.306711004738842,10.438636779785156,66400,0.0,0.0,0.0,ICLN,iShares Global Clean Energy ETF
2015-04-10 00:00:00-04:00,10.389168739318848,10.405659073953487,10.331450602247791,10.389168739318848,30900,0.0,0.0,0.0,ICLN,iShares Global Clean Energy ETF
2015-04-13 00:00:00-04:00,10.455128940369459,10.47161927072949,10.42214749330967,10.430392265319824,128900,0.0,0.0,0.0,ICLN,iShares Global Clean Energy ETF
2015-04-14 00:00:00-04:00,10.471621985171897,10.471621985171897,10.356187283709641,10.389168739318848,46700,0.0,0.0,0.0,ICLN,iShares Global Clean Energy ETF
2015-04-15 00:00:00-04:00,10.380921150062075,10.529338064467975,10.380921150062075,10.512846946716309,45000,0.0,0.0,0.0,ICLN,iShares Global Clean Energy ETF
2015-04-16 00:00:00-04:00,10.578807920046309,10.611789363208324,10.463372475809445,10.570562362670898,79500,0.0,0.0,0.0,ICLN,iShares Global Clean Energy ETF
2015-04-17 00:00:00-04:00,10.405658814065525,10.405658814065525,10.306714449709107,10.39741325378418,106400,0.0,0.0,0.0,ICLN,iShares Global Clean Energy ETF
2015-04-20 00:00:00-04:00,10.389166605124519,10.397411377578191,10.257240023448782,10.281976699829102,90900,0.0,0.0,0.0,ICLN,iShares Global Clean Energy ETF
2015-04-21 00:00:00-04:00,10.422147946971622,10.422147946971622,10.347939491271973,10.347939491271973,69400,0.0,0.0,0.0,ICLN,iShares Global Clean Energy ETF
2015-04-22 00:00:00-04:00,10.488109331907976,10.512845218128472,10.430391215607294,10.496354103088379,55800,0.0,0.0,0.0,ICLN,iShares Global Clean Energy ETF
2015-04-23 00:00:00-04:00,10.521091873874441,10.628281773804948,10.512846315493695,10.611790657043457,42100,0.0,0.0,0.0,ICLN,iShares Global Clean Energy ETF
2015-04-24 00:00:00-04:00,10.603544243255872,10.603544243255872,10.488109580596667,10.54582691192627,31600,0.0,0.0,0.0,ICLN,iShares Global Clean Energy ETF
2015-04-27 00:00:00-04:00,10.611790150171181,10.620035708158078,10.512845813347496,10.529336929321289,41300,0.0,0.0,0.0,ICLN,iShares Global Clean Energy ETF
2015-04-28 00:00:00-04:00,10.52933748299035,10.735471725463867,10.455129029885526,10.735471725463867,142200,0.0,0.0,0.0,ICLN,iShares Global Clean Energy ETF
2015-04-29 00:00:00-04:00,10.529339766029093,10.529339766029093,10.405658721923828,10.405658721923828,129000,0.0,0.0,0.0,ICLN,iShares Global Clean Energy ETF
2015-04-30 00:00:00-04:00,10.496355368738753,10.496355368738753,10.281976351745229,10.298466682434082,68100,0.0,0.0,0.0,ICLN,iShares Global Clean Energy ETF
2015-05-01 00:00:00-04:00,10.49635788029382,10.49635788029382,10.314960267613152,10.389168739318848,50800,0.0,0.0,0.0,ICLN,iShares Global Clean Energy ETF
2015-05-04 00:00:00-04:00,10.446882337310463,10.455127894835769,10.372673892262,10.438636779785156,32100,0.0,0.0,0.0,ICLN,iShares Global Clean Energy ETF
2015-05-05 00:00:00-04:00,10.446883836758252,10.446883836758252,10.323203601485343,10.347939491271973,163500,0.0,0.0,0.0,ICLN,iShares Global Clean Energy ETF
2015-05-06 00:00:00-04:00,10.323202930747136,10.42214726980462,10.265484809875488,10.265484809875488,174700,0.0,0.0,0.0,ICLN,iShares Global Clean Energy ETF
2015-05-07 00:00:00-04:00,10.257240773013613,10.356185913085938,10.092333516792783,10.356185913085938,67100,0.0,0.0,0.0,ICLN,iShares Global Clean Energy ETF
2015-05-08 00:00:00-04:00,10.488109580596667,10.54582691192627,10.39741001840482,10.54582691192627,23000,0.0,0.0,0.0,ICLN,iShares Global Clean Energy ETF
2015-05-11 00:00:00-04:00,10.595299579263553,10.595299579263553,10.422146797180176,10.422146797180176,85800,0.0,0.0,0.0,ICLN,iShares Global Clean Energy ETF
2015-05-12 00:00:00-04:00,10.545830193488761,10.545830193488761,10.39741325378418,10.39741325378418,502600,0.0,0.0,0.0,ICLN,iShares Global Clean Energy ETF
2015-05-13 00:00:00-04:00,10.529340836925861,10.570567069480667,10.446886799136283,10.521095275878906,176400,0.0,0.0,0.0,ICLN,iShares Global Clean Energy ETF
2015-05-14 00:00:00-04:00,10.603545020801432,10.603545020801432,10.52933735493881,10.562318801879883,111900,0.0,0.0,0.0,ICLN,iShares Global Clean Energy ETF
2015-05-15 00:00:00-04:00,10.620036215424202,10.636526545845966,10.56231887943844,10.611790657043457,58300,0.0,0.0,0.0,ICLN,iShares Global Clean Energy ETF
2015-05-18 00:00:00-04:00,10.76020765411233,10.76020765411233,10.545827852426845,10.603545188903809,76600,0.0,0.0,0.0,ICLN,iShares Global Clean Energy ETF
2015-05-19 00:00:00-04:00,10.644774344098506,10.644774344098506,10.4716215133667,10.4716215133667,65000,0.0,0.0,0.0,ICLN,iShares Global Clean Energy ETF
2015-05-20 00:00:00-04:00,10.331447805152372,10.3479389216622,10.141804683327653,10.199522018432617,99100,0.0,0.0,0.0,ICLN,iShares Global Clean Energy ETF
2015-05-21 00:00:00-04:00,10.108826284730656,10.290223902996722,10.092335163248313,10.125316619873047,59900,0.0,0.0,0.0,ICLN,iShares Global Clean Energy ETF
2015-05-22 00:00:00-04:00,10.199522108620792,10.298466449535514,10.183031778304866,10.191276550292969,47800,0.0,0.0,0.0,ICLN,iShares Global Clean Energy ETF
2015-05-26 00:00:00-04:00,10.273730926489726,10.273730926489726,10.05935112037578,10.117069244384766,66500,0.0,0.0,0.0,ICLN,iShares Global Clean Energy ETF
2015-05-27 00:00:00-04:00,10.207768015786662,10.207768015786662,10.026369658074078,10.174786567687988,69100,0.0,0.0,0.0,ICLN,iShares Global Clean Energy ETF
2015-05-28 00:00:00-04:00,10.067596828407922,10.150050843164582,9.894444026490742,9.919179916381836,56900,0.0,0.0,0.0,ICLN,iShares Global Clean Energy ETF
2015-05-29 00:00:00-04:00,10.026370139388733,10.17478705612738,9.93567134934833,10.0181245803833,46100,0.0,0.0,0.0,ICLN,iShares Global Clean Energy ETF
2015-06-01 00:00:00-04:00,10.001632102480473,10.001632102480473,9.81198821774978,9.853215217590332,72100,0.0,0.0,0.0,ICLN,iShares Global Clean Energy ETF
2015-06-02 00:00:00-04:00,9.886198134148975,9.894443692614358,9.746026785596426,9.877952575683594,66000,0.0,0.0,0.0,ICLN,iShares Global Clean Energy ETF
2015-06-03 00:00:00-04:00,9.886196911536892,9.935669469871245,9.820234024650846,9.902688026428223,73000,0.0,0.0,0.0,ICLN,iShares Global Clean Energy ETF
2015-06-04 00:00:00-04:00,9.844973078393902,9.894445652646688,9.729538382370555,9.762519836425781,24800,0.0,0.0,0.0,ICLN,iShares Global Clean Energy ETF
2015-06-05 00:00:00-04:00,9.671820272643467,9.72129284702221,9.622348484604618,9.704802513122559,34300,0.0,0.0,0.0,ICLN,iShares Global Clean Energy ETF
2015-06-08 00:00:00-04:00,9.79550029492608,9.79550029492608,9.597611590706922,9.638837814331055,108100,0.0,0.0,0.0,ICLN,iShares Global Clean Energy ETF
2015-06-09 00:00:00-04:00,9.61410301662514,9.63883891088163,9.48217719880399,9.515158653259277,624600,0.0,0.0,0.0,ICLN,iShares Global Clean Energy ETF
2015-06-10 00:00:00-04:00,9.63059086814087,9.663572311401367,9.572872752680274,9.663572311401367,61600,0.0,0.0,0.0,ICLN,iShares Global Clean Energy ETF
2015-06-11 00:00:00-04:00,9.64708284313303,9.721291299719708,9.64708284313303,9.671818733215332,23100,0.0,0.0,0.0,ICLN,iShares Global Clean Energy ETF
2015-06-12 00:00:00-04:00,9.671819265034248,9.671819265034248,9.548139021482227,9.638837814331055,25700,0.0,0.0,0.0,ICLN,iShares Global Clean Energy ETF
2015-06-15 00:00:00-04:00,9.498668227381549,9.548140015416303,9.40796863875134,9.523404121398926,33900,0.0,0.0,0.0,ICLN,iShares Global Clean Energy ETF
2015-06-16 00:00:00-04:00,9.564629297019586,9.572874069213867,9.548138179951538,9.572874069213867,30100,0.0,0.0,0.0,ICLN,iShares Global Clean Energy ETF
2015-06-17 00:00:00-04:00,9.564628680899931,9.655327459912474,9.523401677225252,9.614100456237793,37300,0.0,0.0,0.0,ICLN,iShares Global Clean Energy ETF
2015-06-18 00:00:00-04:00,9.655326836948142,9.754271167579644,9.622345393404308,9.713044166564941,45300,0.0,0.0,0.0,ICLN,iShares Global Clean Energy ETF
2015-06-19 00:00:00-04:00,9.655327899842272,9.671818230259683,9.564629116697182,9.589365005493164,19700,0.0,0.0,0.0,ICLN,iShares Global Clean Energy ETF
2015-06-22 00:00:00-04:00,9.597612590585193,9.737783967261755,9.597612590585193,9.704802513122559,38900,0.0,0.0,0.0,ICLN,iShares Global Clean Energy ETF
2015-06-23 00:00:00-04:00,9.704803086264281,9.787256333311813,9.696557525657546,9.779010772705078,20300,0.0,0.0,0.0,ICLN,iShares Global Clean Energy ETF
2015-06-24 00:00:00-04:00,9.800732339179154,9.809087801278578,9.675403594970703,9.675403594970703,52500,0.156,0.0,0.0,ICLN,iShares Global Clean Energy ETF
2015-06-25 00:00:00-04:00,9.70047067014169,9.70047067014169,9.566786443359163,9.575141906738281,58700,0.0,0.0,0.0,ICLN,iShares Global Clean Energy ETF
2015-06-26 00:00:00-04:00,9.616916058998155,9.616916058998155,9.466520942486703,9.474876403808594,49500,0.0,0.0,0.0,ICLN,iShares Global Clean Energy ETF
2015-06-29 00:00:00-04:00,9.3579014447005,9.37461236575306,9.157375172993195,9.182440757751465,132100,0.0,0.0,0.0,ICLN,iShares Global Clean Energy ETF
2015-06-30 00:00:00-04:00,9.349546124941957,9.349546124941957,9.224217402443072,9.291059494018555,50000,0.0,0.0,0.0,ICLN,iShares Global Clean Energy ETF
2015-07-01 00:00:00-04:00,9.424744486876149,9.424744486876149,9.240929117661763,9.2743501663208,25600,0.0,0.0,0.0,ICLN,iShares Global Clean Energy ETF
2015-07-02 00:00:00-04:00,9.291061570045485,9.332838085819997,9.215864001015515,9.265995979309082,19900,0.0,0.0,0.0,ICLN,iShares Global Clean Energy ETF
2015-07-06 00:00:00-04:00,9.00698124809234,9.00698124809234,8.814810411792935,8.890007972717285,298700,0.0,0.0,0.0,ICLN,iShares Global Clean Energy ETF
2015-07-07 00:00:00-04:00,8.773037586018972,8.814814114840408,8.59757680242575,8.781393051147461,98400,0.0,0.0,0.0,ICLN,iShares Global Clean Energy ETF
2015-07-08 00:00:00-04:00,8.630994553250392,8.647705477093151,8.41375732421875,8.41375732421875,103100,0.0,0.0,0.0,ICLN,iShares Global Clean Energy ETF
2015-07-09 00:00:00-04:00,8.789745626259768,8.923429837076977,8.773034701497242,8.84823226928711,60400,0.0,0.0,0.0,ICLN,iShares Global Clean Energy ETF
2015-07-10 00:00:00-04:00,9.123953819274902,9.123953819274902,9.032046147054455,9.123953819274902,71600,0.0,0.0,0.0,ICLN,iShares Global Clean Energy ETF
2015-07-13 00:00:00-04:00,9.28270660070113,9.28270660070113,9.15737784353985,9.232575416564941,96400,0.0,0.0,0.0,ICLN,iShares Global Clean Energy ETF
2015-07-14 00:00:00-04:00,9.182443586774495,9.274352087238569,9.182443586774495,9.249285697937012,10000,0.0,0.0,0.0,ICLN,iShares Global Clean Energy ETF
2015-07-15 00:00:00-04:00,9.215864443062516,9.224219905982347,8.990272521972656,8.990272521972656,106600,0.0,0.0,0.0,ICLN,iShares Global Clean Energy ETF
2015-07-16 00:00:00-04:00,9.132309588234925,9.215861803036017,9.132309588234925,9.182440757751465,43100,0.0,0.0,0.0,ICLN,iShares Global Clean Energy ETF
2015-07-17 00:00:00-04:00,9.30777257932145,9.30777257932145,9.04875881663194,9.065469741821289,23000,0.0,0.0,0.0,ICLN,iShares Global Clean Energy ETF
2015-07-20 00:00:00-04:00,9.165730169562734,9.182440292948879,9.073821702067072,9.08217716217041,41800,0.0,0.0,0.0,ICLN,iShares Global Clean Energy ETF
2015-07-21 00:00:00-04:00,9.19079847741078,9.19079847741078,9.090535316912064,9.107245445251465,50100,0.0,0.0,0.0,ICLN,iShares Global Clean Energy ETF
2015-07-22 00:00:00-04:00,9.123953842980251,9.123953842980251,8.965203285217285,8.965203285217285,22100,0.0,0.0,0.0,ICLN,iShares Global Clean Energy ETF
2015-07-23 00:00:00-04:00,8.998628015704426,9.03204907067739,8.890009387837095,8.923430442810059,112100,0.0,0.0,0.0,ICLN,iShares Global Clean Energy ETF
2015-07-24 00:00:00-04:00,8.931783216439433,8.931783216439433,8.806454486051123,8.856586456298828,10300,0.0,0.0,0.0,ICLN,iShares Global Clean Energy ETF
2015-07-27 00:00:00-04:00,8.747968851896513,8.747968851896513,8.547441744793295,8.697836875915527,45300,0.0,0.0,0.0,ICLN,iShares Global Clean Energy ETF
2015-07-28 00:00:00-04:00,8.831521202101431,8.831521202101431,8.697836993440104,8.806455612182617,21500,0.0,0.0,0.0,ICLN,iShares Global Clean Energy ETF
2015-07-29 00:00:00-04:00,8.806455073180105,9.015336835633923,8.773034023060323,8.998626708984375,113200,0.0,0.0,0.0,ICLN,iShares Global Clean Energy ETF
2015-07-30 00:00:00-04:00,8.86494065643085,8.86494065643085,8.706190886464109,8.79809856414795,63700,0.0,0.0,0.0,ICLN,iShares Global Clean Energy ETF
2015-07-31 00:00:00-04:00,8.798100640755624,8.890009136953138,8.75632412401319,8.773035049438477,36200,0.0,0.0,0.0,ICLN,iShares Global Clean Energy ETF
2015-08-03 00:00:00-04:00,8.773033783732135,8.88165239286349,8.689480762301658,8.756322860717773,27800,0.0,0.0,0.0,ICLN,iShares Global Clean Energy ETF
2015-08-04 00:00:00-04:00,8.756321438080255,8.798097942008075,8.681124687194824,8.681124687194824,49000,0.0,0.0,0.0,ICLN,iShares Global Clean Energy ETF
2015-08-05 00:00:00-04:00,8.781389362139965,8.923429022370254,8.75632297728473,8.890007972717285,101400,0.0,0.0,0.0,ICLN,iShares Global Clean Energy ETF
2015-08-06 00:00:00-04:00,8.923428418031937,8.923428418031937,8.681125625252674,8.747967720031738,119600,0.0,0.0,0.0,ICLN,iShares Global Clean Energy ETF
2015-08-07 00:00:00-04:00,8.697837690244013,8.697837690244013,8.61428545154749,8.656061172485352,12600,0.0,0.0,0.0,ICLN,iShares Global Clean Energy ETF
2015-08-10 00:00:00-04:00,8.773035049438477,8.78139051215112,8.689482015953608,8.773035049438477,138700,0.0,0.0,0.0,ICLN,iShares Global Clean Energy ETF
2015-08-11 00:00:00-04:00,8.697838033609811,8.697838033609811,8.564153808961262,8.60593032836914,92300,0.0,0.0,0.0,ICLN,iShares Global Clean Energy ETF
2015-08-12 00:00:00-04:00,8.497311696636986,8.60593032836914,8.380337601659088,8.60593032836914,121700,0.0,0.0,0.0,ICLN,iShares Global Clean Energy ETF
2015-08-13 00:00:00-04:00,8.572508964252387,8.63935107417546,8.564153501306803,8.589219093322754,55800,0.0,0.0,0.0,ICLN,iShares Global Clean Energy ETF
2015-08-14 00:00:00-04:00,8.597574556268338,8.597574556268338,8.530732446345267,8.589219093322754,24700,0.0,0.0,0.0,ICLN,iShares Global Clean Energy ETF
2015-08-17 00:00:00-04:00,8.589219401877656,8.614285791614883,8.547442882469776,8.60593032836914,22000,0.0,0.0,0.0,ICLN,iShares Global Clean Energy ETF
2015-08-18 00:00:00-04:00,8.580863007920748,8.580863007920748,8.530731035359885,8.55579662322998,20200,0.0,0.0,0.0,ICLN,iShares Global Clean Energy ETF
2015-08-19 00:00:00-04:00,8.480599248682047,8.497310172175505,8.338559586270406,8.463889122009277,175500,0.0,0.0,0.0,ICLN,iShares Global Clean Energy ETF
2015-08-20 00:00:00-04:00,8.280073394010792,8.288428856207911,8.071191620007207,8.096257209777832,58400,0.0,0.0,0.0,ICLN,iShares Global Clean Energy ETF
2015-08-21 00:00:00-04:00,8.071189423275474,8.071189423275474,7.753689117585442,7.870663166046143,60000,0.0,0.0,0.0,ICLN,iShares Global Clean Energy ETF
2015-08-24 00:00:00-04:00,7.227308198303945,7.79546681069486,6.976650736903846,7.519742965698242,336800,0.0,0.0,0.0,ICLN,iShares Global Clean Energy ETF
2015-08-25 00:00:00-04:00,7.853954266729118,7.862309728801684,7.544809341430664,7.544809341430664,21300,0.0,0.0,0.0,ICLN,iShares Global Clean Energy ETF
2015-08-26 00:00:00-04:00,7.770400209308689,7.8623078800332875,7.553163027428149,7.753689289093018,16500,0.0,0.0,0.0,ICLN,iShares Global Clean Energy ETF
2015-08-27 00:00:00-04:00,7.962573167362372,8.121323765123408,7.920796652329428,8.071191787719727,31900,0.0,0.0,0.0,ICLN,iShares Global Clean Energy ETF
2015-08-28 00:00:00-04:00,8.021060440465956,8.104612671974952,8.012704978268838,8.096257209777832,20300,0.0,0.0,0.0,ICLN,iShares Global Clean Energy ETF
2015-08-31 00:00:00-04:00,7.945864714217491,7.962574845660268,7.8873772621154785,7.8873772621154785,13100,0.0,0.0,0.0,ICLN,iShares Global Clean Energy ETF
2015-09-01 00:00:00-04:00,7.736979500991699,7.770400546050862,7.6200054448743435,7.636716365814209,37400,0.0,0.0,0.0,ICLN,iShares Global Clean Energy ETF
2015-09-02 00:00:00-04:00,7.703560644537375,7.762047290802001,7.6200076097415135,7.762047290802002,35300,0.0,0.0,0.0,ICLN,iShares Global Clean Energy ETF
2015-09-03 00:00:00-04:00,7.787113053264028,7.853955163838077,7.720270942689979,7.7369818687438965,123200,0.0,0.0,0.0,ICLN,iShares Global Clean Energy ETF
2015-09-04 00:00:00-04:00,7.620005935556898,7.703558951995402,7.561519302142316,7.5782294273376465,24600,0.0,0.0,0.0,ICLN,iShares Global Clean Energy ETF
2015-09-08 00:00:00-04:00,7.87901862596916,7.87901862596916,7.770400037431477,7.870663166046143,14800,0.0,0.0,0.0,ICLN,iShares Global Clean Energy ETF
2015-09-09 00:00:00-04:00,7.979282243412913,7.979282243412913,7.820531682432217,7.837242603302002,15100,0.0,0.0,0.0,ICLN,iShares Global Clean Energy ETF
2015-09-10 00:00:00-04:00,7.870665689217218,7.979284312575763,7.837244635631571,7.920796871185303,185200,0.0,0.0,0.0,ICLN,iShares Global Clean Energy ETF
2015-09-11 00:00:00-04:00,7.870666486516346,7.920797673562725,7.837245429545144,7.904087543487549,94200,0.0,0.0,0.0,ICLN,iShares Global Clean Energy ETF
2015-09-14 00:00:00-04:00,7.879019108655899,7.879019108655899,7.7620450530291,7.837242603302002,7100,0.0,0.0,0.0,ICLN,iShares Global Clean Energy ETF
2015-09-15 00:00:00-04:00,7.7954692277893445,7.9124433303806505,7.7954692277893445,7.895732402801514,31700,0.0,0.0,0.0,ICLN,iShares Global Clean Energy ETF
2015-09-16 00:00:00-04:00,7.954219305814359,8.046127010720147,7.954219305814359,8.02941608428955,23100,0.0,0.0,0.0,ICLN,iShares Global Clean Energy ETF
2015-09-17 00:00:00-04:00,8.021059504605013,8.138032774433839,7.954217408468358,8.05448055267334,13000,0.0,0.0,0.0,ICLN,iShares Global Clean Energy ETF
2015-09-18 00:00:00-04:00,7.937506861833722,7.954217785069402,7.828888251263832,7.845599174499512,38100,0.0,0.0,0.0,ICLN,iShares Global Clean Energy ETF
2015-09-21 00:00:00-04:00,7.8790199015859645,7.8790199015859645,7.820532469476216,7.862308979034424,9300,0.0,0.0,0.0,ICLN,iShares Global Clean Energy ETF
2015-09-22 00:00:00-04:00,7.7536936260742,7.770404555637029,7.653430439160164,7.686851501464844,20700,0.0,0.0,0.0,ICLN,iShares Global Clean Energy ETF
2015-09-23 00:00:00-04:00,7.661782926745292,7.686848514528633,7.569875240325928,7.569875240325928,15000,0.0,0.0,0.0,ICLN,iShares Global Clean Energy ETF
2015-09-24 00:00:00-04:00,7.519744229213391,7.561520745406508,7.369349089646476,7.536455154418945,81000,0.0,0.0,0.0,ICLN,iShares Global Clean Energy ETF
2015-09-25 00:00:00-04:00,7.686849009381402,7.686849009381402,7.469611776419011,7.544809341430664,14100,0.0,0.0,0.0,ICLN,iShares Global Clean Energy ETF
2015-09-28 00:00:00-04:00,7.419480345294748,7.419480345294748,7.310861732507582,7.352638244628906,32500,0.0,0.0,0.0,ICLN,iShares Global Clean Energy ETF
2015-09-29 00:00:00-04:00,7.427834516079319,7.461255560603455,7.369347090546665,7.402768135070801,54000,0.0,0.0,0.0,ICLN,iShares Global Clean Energy ETF
2015-09-30 00:00:00-04:00,7.603296289643939,7.62000641589261,7.519743267938576,7.569875240325928,15800,0.0,0.0,0.0,ICLN,iShares Global Clean Energy ETF
2015-10-01 00:00:00-04:00,7.636716203814806,7.670137248165001,7.578228778586552,7.6617817878723145,13000,0.0,0.0,0.0,ICLN,iShares Global Clean Energy ETF
2015-10-02 00:00:00-04:00,7.6032969518458575,7.929152011871337,7.6032969518458575,7.929152011871338,22400,0.0,0.0,0.0,ICLN,iShares Global Clean Energy ETF
2015-10-05 00:00:00-04:00,8.037771194988983,8.146389821561632,7.987640011537478,8.104613304138184,53100,0.0,0.0,0.0,ICLN,iShares Global Clean Energy ETF
2015-10-06 00:00:00-04:00,8.112967471833963,8.204875158036785,8.029414450325458,8.1798095703125,24500,0.0,0.0,0.0,ICLN,iShares Global Clean Energy ETF
2015-10-07 00:00:00-04:00,8.255007872173541,8.371981953433634,8.221586819930764,8.338560104370117,16200,0.0,0.0,0.0,ICLN,iShares Global Clean Energy ETF
2015-10-08 00:00:00-04:00,8.313494795906818,8.438824343676728,8.221587098332162,8.422113418579102,18900,0.0,0.0,0.0,ICLN,iShares Global Clean Energy ETF
2015-10-09 00:00:00-04:00,8.438823213795596,8.50566531159503,8.413756829505314,8.472244262695312,22600,0.0,0.0,0.0,ICLN,iShares Global Clean Energy ETF
2015-10-12 00:00:00-04:00,8.463888996375317,8.463888996375317,8.321849336072045,8.355270385742188,7100,0.0,0.0,0.0,ICLN,iShares Global Clean Energy ETF
2015-10-13 00:00:00-04:00,8.305138754973619,8.313494216940544,8.229941987733426,8.280073165893555,5100,0.0,0.0,0.0,ICLN,iShares Global Clean Energy ETF
2015-10-14 00:00:00-04:00,8.355272107634372,8.430469684094415,8.346916644289735,8.405404090881348,20200,0.0,0.0,0.0,ICLN,iShares Global Clean Energy ETF
2015-10-15 00:00:00-04:00,8.480597168883323,8.6309922561585,8.430466004338593,8.58086109161377,16200,0.0,0.0,0.0,ICLN,iShares Global Clean Energy ETF
2015-10-16 00:00:00-04:00,8.564151937826047,8.564151937826047,8.438823203805637,8.514019966125488,25200,0.0,0.0,0.0,ICLN,iShares Global Clean Energy ETF
2015-10-19 00:00:00-04:00,8.413756378383516,8.463888347455487,8.355269745150062,8.371980667114258,55100,0.0,0.0,0.0,ICLN,iShares Global Clean Energy ETF
2015-10-20 00:00:00-04:00,8.43046807184305,8.472244583756007,8.371981433257323,8.463889122009277,12000,0.0,0.0,0.0,ICLN,iShares Global Clean Energy ETF
2015-10-21 00:00:00-04:00,8.50566485554536,8.50566485554536,8.371980667114258,8.371980667114258,11400,0.0,0.0,0.0,ICLN,iShares Global Clean Energy ETF
2015-10-22 00:00:00-04:00,8.430466809118665,8.4889534389442,8.380334842967798,8.447176933288574,23700,0.0,0.0,0.0,ICLN,iShares Global Clean Energy ETF
2015-10-23 00:00:00-04:00,8.522374484104589,8.522374484104589,8.405401224453517,8.447176933288574,15300,0.0,0.0,0.0,ICLN,iShares Global Clean Energy ETF
2015-10-26 00:00:00-04:00,8.46388882873105,8.46388882873105,8.35527022024933,8.380335807800293,27100,0.0,0.0,0.0,ICLN,iShares Global Clean Energy ETF
2015-10-27 00:00:00-04:00,8.346913191904585,8.346913191904585,8.154742395387185,8.196518898010254,18400,0.0,0.0,0.0,ICLN,iShares Global Clean Energy ETF
2015-10-28 00:00:00-04:00,8.171453772095402,8.321848885885462,8.154743646574637,8.255006790161133,21800,0.0,0.0,0.0,ICLN,iShares Global Clean Energy ETF
2015-10-29 00:00:00-04:00,8.188166736796456,8.2967853686462,8.188166736796456,8.271718978881836,12600,0.0,0.0,0.0,ICLN,iShares Global Clean Energy ETF
2015-10-30 00:00:00-04:00,8.229941220115899,8.246651345670463,8.146388201881171,8.188164710998535,21500,0.0,0.0,0.0,ICLN,iShares Global Clean Energy ETF
2015-11-02 00:00:00-05:00,8.213230581385801,8.338559316245503,8.204875119909644,8.313493728637695,23000,0.0,0.0,0.0,ICLN,iShares Global Clean Energy ETF
2015-11-03 00:00:00-05:00,8.179810924862048,8.388692716402774,8.179810924862048,8.346916198730469,28600,0.0,0.0,0.0,ICLN,iShares Global Clean Energy ETF
2015-11-04 00:00:00-05:00,8.330204817974138,8.380335994191054,8.271717383293499,8.28842830657959,10400,0.0,0.0,0.0,ICLN,iShares Global Clean Energy ETF
2015-11-05 00:00:00-05:00,8.346916554533262,8.363627481042839,8.246653385938306,8.271718978881836,9700,0.0,0.0,0.0,ICLN,iShares Global Clean Energy ETF
2015-11-06 00:00:00-05:00,8.271714688067002,8.321846644769774,8.22993898710518,8.305135726928711,12000,0.0,0.0,0.0,ICLN,iShares Global Clean Energy ETF
2015-11-09 00:00:00-05:00,8.288428022000293,8.288428022000293,8.154743827584264,8.16309928894043,32700,0.0,0.0,0.0,ICLN,iShares Global Clean Energy ETF
2015-11-10 00:00:00-05:00,8.146390198223592,8.188166717578648,7.97092945438902,7.987640380859375,22000,0.0,0.0,0.0,ICLN,iShares Global Clean Energy ETF
2015-11-11 00:00:00-05:00,8.004350047309305,8.104613209866864,7.937507938937599,7.954218864440918,21600,0.0,0.0,0.0,ICLN,iShares Global Clean Energy ETF
2015-11-12 00:00:00-05:00,7.970927911484405,7.9876388347200855,7.845599174499512,7.845599174499512,12100,0.0,0.0,0.0,ICLN,iShares Global Clean Energy ETF
2015-11-13 00:00:00-05:00,7.812176713027337,7.828886836422476,7.728623705590042,7.753689289093018,51200,0.0,0.0,0.0,ICLN,iShares Global Clean Energy ETF
2015-11-16 00:00:00-05:00,7.745338355978664,7.904088190379173,7.745338355978664,7.8873772621154785,35600,0.0,0.0,0.0,ICLN,iShares Global Clean Energy ETF
2015-11-17 00:00:00-05:00,7.8706670399633945,7.879022503998945,7.703561743356924,7.770403861999512,42800,0.0,0.0,0.0,ICLN,iShares Global Clean Energy ETF
2015-11-18 00:00:00-05:00,7.728624008110095,7.845598063736894,7.69520296319109,7.837242603302002,35000,0.0,0.0,0.0,ICLN,iShares Global Clean Energy ETF
2015-11-19 00:00:00-05:00,7.8539535177586535,7.870664440310194,7.81217780502109,7.862308979034424,149400,0.0,0.0,0.0,ICLN,iShares Global Clean Energy ETF
2015-11-20 00:00:00-05:00,7.820532469476216,7.895730027316862,7.820532469476216,7.862308979034424,14400,0.0,0.0,0.0,ICLN,iShares Global Clean Energy ETF
2015-11-23 00:00:00-05:00,7.945860711712271,7.945860711712271,7.837242123174588,7.870663166046143,17800,0.0,0.0,0.0,ICLN,iShares Global Clean Energy ETF
2015-11-24 00:00:00-05:00,7.820534502649116,7.912443006935563,7.820534502649116,7.904087543487549,16700,0.0,0.0,0.0,ICLN,iShares Global Clean Energy ETF
2015-11-25 00:00:00-05:00,7.895732402801514,7.895732402801514,7.870666808253692,7.895732402801514,6300,0.0,0.0,0.0,ICLN,iShares Global Clean Energy ETF
2015-11-27 00:00:00-05:00,7.895732726247326,7.937509250085644,7.853956202409008,7.8873772621154785,8000,0.0,0.0,0.0,ICLN,iShares Global Clean Energy ETF
2015-11-30 00:00:00-05:00,7.87901862596916,7.9291497918662355,7.837242123174588,7.870663166046143,37200,0.0,0.0,0.0,ICLN,iShares Global Clean Energy ETF
2015-12-01 00:00:00-05:00,7.945861963564493,8.00434859859902,7.887374531709325,7.995993137359619,40400,0.0,0.0,0.0,ICLN,iShares Global Clean Energy ETF
2015-12-02 00:00:00-05:00,8.03777027130127,8.062835860146524,8.004349220567363,8.03777027130127,21200,0.0,0.0,0.0,ICLN,iShares Global Clean Energy ETF
2015-12-03 00:00:00-05:00,8.08790239044383,8.163099955145011,8.00434936370458,8.079546928405762,13500,0.0,0.0,0.0,ICLN,iShares Global Clean Energy ETF
2015-12-04 00:00:00-05:00,8.104613443102911,8.146389961242676,8.05448225879184,8.146389961242676,26000,0.0,0.0,0.0,ICLN,iShares Global Clean Energy ETF
2015-12-07 00:00:00-05:00,8.071190694872948,8.08790161735175,7.937506502325092,7.995993137359619,27700,0.0,0.0,0.0,ICLN,iShares Global Clean Energy ETF
2015-12-08 00:00:00-05:00,7.920796871185304,7.920796871185304,7.812179044647528,7.920796871185303,22000,0.0,0.0,0.0,ICLN,iShares Global Clean Energy ETF
2015-12-09 00:00:00-05:00,7.895731280201261,8.012705366161411,7.870665689217218,7.920796871185303,28500,0.0,0.0,0.0,ICLN,iShares Global Clean Energy ETF
2015-12-10 00:00:00-05:00,7.862308515660127,7.862308515660127,7.77040083750527,7.795466423034668,34500,0.0,0.0,0.0,ICLN,iShares Global Clean Energy ETF
2015-12-11 00:00:00-05:00,7.695203159799138,7.695203159799138,7.561518976707563,7.6200056076049805,22900,0.0,0.0,0.0,ICLN,iShares Global Clean Energy ETF
2015-12-14 00:00:00-05:00,7.728624008110095,7.837242603302002,7.678492042321306,7.837242603302002,79700,0.0,0.0,0.0,ICLN,iShares Global Clean Energy ETF
2015-12-15 00:00:00-05:00,8.188166213924259,8.188166213924259,7.937507910032752,8.021060943603516,61500,0.0,0.0,0.0,ICLN,iShares Global Clean Energy ETF
2015-12-16 00:00:00-05:00,8.179809513751268,8.39704673071471,8.179809513751268,8.380335807800293,59000,0.0,0.0,0.0,ICLN,iShares Global Clean Energy ETF
2015-12-17 00:00:00-05:00,8.43882310241995,8.463888689558756,8.271717063306168,8.296783447265625,61500,0.0,0.0,0.0,ICLN,iShares Global Clean Energy ETF
2015-12-18 00:00:00-05:00,8.238296499088644,8.296783934944575,8.204875448665552,8.263362884521484,42900,0.0,0.0,0.0,ICLN,iShares Global Clean Energy ETF
2015-12-21 00:00:00-05:00,8.327355562002946,8.335774926727392,8.226315958387076,8.31893539428711,36400,0.076,0.0,0.0,ICLN,iShares Global Clean Energy ETF
2015-12-22 00:00:00-05:00,8.268414124021103,8.268414124021103,8.14211483654687,8.209474563598633,57200,0.0,0.0,0.0,ICLN,iShares Global Clean Energy ETF
2015-12-23 00:00:00-05:00,8.251571492609754,8.411550583485782,8.251571492609754,8.369450569152832,68000,0.0,0.0,0.0,ICLN,iShares Global Clean Energy ETF
2015-12-24 00:00:00-05:00,8.403134673878942,8.419975009333477,8.310515237853174,8.394715309143066,37200,0.0,0.0,0.0,ICLN,iShares Global Clean Energy ETF
2015-12-28 00:00:00-05:00,8.419976234166215,8.428396403118343,8.226317166216317,8.344196319580078,90500,0.0,0.0,0.0,ICLN,iShares Global Clean Energy ETF
2015-12-29 00:00:00-05:00,8.419974997902978,8.419974997902978,8.259995826259033,8.31893539428711,104400,0.0,0.0,0.0,ICLN,iShares Global Clean Energy ETF
2015-12-30 00:00:00-05:00,8.352613523221882,8.352613523221882,8.251573940641522,8.310513496398926,63700,0.0,0.0,0.0,ICLN,iShares Global Clean Energy ETF
2015-12-31 00:00:00-05:00,8.251574614842632,8.32735450871736,8.167374554317092,8.28525447845459,62300,0.0,0.0,0.0,ICLN,iShares Global Clean Energy ETF
2016-01-04 00:00:00-05:00,8.133694669917578,8.217894730227924,8.015815549072636,8.209474563598633,83700,0.0,0.0,0.0,ICLN,iShares Global Clean Energy ETF
2016-01-05 00:00:00-05:00,8.201056211273809,8.234736082250626,8.1168569353275,8.175796508789062,33800,0.0,0.0,0.0,ICLN,iShares Global Clean Energy ETF
2016-01-06 00:00:00-05:00,8.091595884334993,8.100016052259395,8.015816781989601,8.0494966506958,25400,0.0,0.0,0.0,ICLN,iShares Global Clean Energy ETF
2016-01-07 00:00:00-05:00,7.914773719602373,7.914773719602373,7.754794597625732,7.754794597625732,28000,0.0,0.0,0.0,ICLN,iShares Global Clean Energy ETF
2016-01-08 00:00:00-05:00,7.763214727421588,7.813734111819767,7.670594517706366,7.679014682769775,26800,0.0,0.0,0.0,ICLN,iShares Global Clean Energy ETF
2016-01-11 00:00:00-05:00,7.645338176829643,7.687438217610039,7.493778351216815,7.586398601531982,144300,0.0,0.0,0.0,ICLN,iShares Global Clean Energy ETF
2016-01-12 00:00:00-05:00,7.636915072654123,7.679015097252422,7.460095611734214,7.5274553298950195,32800,0.0,0.0,0.0,ICLN,iShares Global Clean Energy ETF
2016-01-13 00:00:00-05:00,7.561135820168421,7.561135820168421,7.241177533690518,7.258017063140869,58000,0.0,0.0,0.0,ICLN,iShares Global Clean Energy ETF
2016-01-14 00:00:00-05:00,7.333796978676409,7.333796978676409,7.131717806621218,7.241177558898926,214600,0.0,0.0,0.0,ICLN,iShares Global Clean Energy ETF
2016-01-15 00:00:00-05:00,7.04751901882913,7.04751901882913,6.828599474862819,6.980159282684326,33400,0.0,0.0,0.0,ICLN,iShares Global Clean Energy ETF
2016-01-19 00:00:00-05:00,7.1569787908122855,7.1569787908122855,6.929639079080025,6.980159282684326,66300,0.0,0.0,0.0,ICLN,iShares Global Clean Energy ETF
2016-01-20 00:00:00-05:00,6.811758693902192,6.862278085256193,6.567579494381194,6.803338527679443,47900,0.0,0.0,0.0,ICLN,iShares Global Clean Energy ETF
2016-01-21 00:00:00-05:00,6.769659422702887,6.862278852535269,6.693879524207603,6.7359795570373535,33700,0.0,0.0,0.0,ICLN,iShares Global Clean Energy ETF
2016-01-22 00:00:00-05:00,6.92121943081312,7.081198596856453,6.92121943081312,7.047518730163574,33800,0.0,0.0,0.0,ICLN,iShares Global Clean Energy ETF
2016-01-25 00:00:00-05:00,7.022257980193849,7.047517675686213,6.904378062910751,6.921218395233154,27000,0.0,0.0,0.0,ICLN,iShares Global Clean Energy ETF
2016-01-26 00:00:00-05:00,6.980157977668537,7.089617729187012,6.9464781158929485,7.089617729187012,13900,0.0,0.0,0.0,ICLN,iShares Global Clean Energy ETF
2016-01-27 00:00:00-05:00,7.0980387537616805,7.173818652668813,7.0390983862831655,7.055938720703125,28900,0.0,0.0,0.0,ICLN,iShares Global Clean Energy ETF
2016-01-28 00:00:00-05:00,7.165398485458833,7.165398485458833,6.996999156215952,7.055938720703125,19000,0.0,0.0,0.0,ICLN,iShares Global Clean Energy ETF
2016-01-29 00:00:00-05:00,7.123298737939732,7.325377941131592,7.123298737939732,7.325377941131592,30300,0.0,0.0,0.0,ICLN,iShares Global Clean Energy ETF
2016-02-01 00:00:00-05:00,7.392738550143206,7.392738550143206,7.28327876804989,7.367478847503662,19500,0.0,0.0,0.0,ICLN,iShares Global Clean Energy ETF
2016-02-02 00:00:00-05:00,7.359056908899875,7.359056908899875,7.081197837723403,7.114877700805664,16200,0.0,0.0,0.0,ICLN,iShares Global Clean Energy ETF
2016-02-03 00:00:00-05:00,7.123297243319465,7.207497295144787,7.0559375230556896,7.199077129364014,30300,0.0,0.0,0.0,ICLN,iShares Global Clean Energy ETF
2016-02-04 00:00:00-05:00,7.140139016486184,7.283278667792335,7.131719651049878,7.182239055633545,35500,0.0,0.0,0.0,ICLN,iShares Global Clean Energy ETF
2016-02-05 00:00:00-05:00,7.17381883250539,7.17381883250539,7.022259030891755,7.047518730163574,17300,0.0,0.0,0.0,ICLN,iShares Global Clean Energy ETF
2016-02-08 00:00:00-05:00,6.921218445824191,6.921218445824191,6.668619080080443,6.803338527679443,37300,0.0,0.0,0.0,ICLN,iShares Global Clean Energy ETF
2016-02-09 00:00:00-05:00,6.685458441112507,6.820178278722617,6.685458441112507,6.769658088684082,9200,0.0,0.0,0.0,ICLN,iShares Global Clean Energy ETF
2016-02-10 00:00:00-05:00,6.794918183141867,6.794918183141867,6.677038669586182,6.677038669586182,11200,0.0,0.0,0.0,ICLN,iShares Global Clean Energy ETF
2016-02-11 00:00:00-05:00,6.54232120513916,6.626520883156602,6.491801398328695,6.54232120513916,16600,0.0,0.0,0.0,ICLN,iShares Global Clean Energy ETF
2016-02-12 00:00:00-05:00,6.592839824170971,6.592839824170971,6.441280431044805,6.533900260925293,20900,0.0,0.0,0.0,ICLN,iShares Global Clean Energy ETF
2016-02-16 00:00:00-05:00,6.786499676799781,6.83701907320516,6.677039512437357,6.778079509735107,19300,0.0,0.0,0.0,ICLN,iShares Global Clean Energy ETF
2016-02-17 00:00:00-05:00,6.853859978160667,6.996999618216225,6.853859978160667,6.980159282684326,38000,0.0,0.0,0.0,ICLN,iShares Global Clean Energy ETF
2016-02-18 00:00:00-05:00,7.081198886901531,7.081198886901531,6.929639079080025,6.980159282684326,34900,0.0,0.0,0.0,ICLN,iShares Global Clean Energy ETF
2016-02-19 00:00:00-05:00,6.954897953836762,6.954897953836762,6.904377762062141,6.912797927856445,8400,0.0,0.0,0.0,ICLN,iShares Global Clean Energy ETF
2016-02-22 00:00:00-05:00,6.921219040144775,7.064358666257831,6.921219040144775,7.005418300628662,18200,0.0,0.0,0.0,ICLN,iShares Global Clean Energy ETF
2016-02-23 00:00:00-05:00,7.005418764153381,7.064359133682434,6.87069929607218,6.929638862609863,40300,0.0,0.0,0.0,ICLN,iShares Global Clean Energy ETF
2016-02-24 00:00:00-05:00,6.895958928549939,7.047518730163574,6.7780797966205455,7.047518730163574,20600,0.0,0.0,0.0,ICLN,iShares Global Clean Energy ETF
2016-02-25 00:00:00-05:00,7.081197764276348,7.081197764276348,6.938058146913582,7.064358234405518,6900,0.0,0.0,0.0,ICLN,iShares Global Clean Energy ETF
2016-02-26 00:00:00-05:00,7.165397491753163,7.232757214108791,7.064357908219722,7.072777271270752,43000,0.0,0.0,0.0,ICLN,iShares Global Clean Energy ETF
2016-02-29 00:00:00-05:00,7.106457434857918,7.165397796670674,7.064358208837577,7.081197738647461,17400,0.0,0.0,0.0,ICLN,iShares Global Clean Energy ETF
2016-03-01 00:00:00-05:00,7.140138378043073,7.2664384841918945,7.140138378043073,7.2664384841918945,31900,0.0,0.0,0.0,ICLN,iShares Global Clean Energy ETF
2016-03-02 00:00:00-05:00,7.283279447248641,7.359059365225562,7.21591969860061,7.342219829559326,21500,0.0,0.0,0.0,ICLN,iShares Global Clean Energy ETF
2016-03-03 00:00:00-05:00,7.392736634342526,7.460096359252931,7.333797075793738,7.46009635925293,13300,0.0,0.0,0.0,ICLN,iShares Global Clean Energy ETF
2016-03-04 00:00:00-05:00,7.451675604674809,7.628495050300719,7.451675604674809,7.535874843597412,25500,0.0,0.0,0.0,ICLN,iShares Global Clean Energy ETF
2016-03-07 00:00:00-05:00,7.561137116767461,7.645337187431758,7.51061771676199,7.603237152099609,23000,0.0,0.0,0.0,ICLN,iShares Global Clean Energy ETF
2016-03-08 00:00:00-05:00,7.577977848065902,7.577977848065902,7.392738164720025,7.401158332824707,30200,0.0,0.0,0.0,ICLN,iShares Global Clean Energy ETF
2016-03-09 00:00:00-05:00,7.4853569071919255,7.552716632541961,7.4600964079422125,7.519036769866943,93200,0.0,0.0,0.0,ICLN,iShares Global Clean Energy ETF
2016-03-10 00:00:00-05:00,7.603236025058855,7.603236025058855,7.41799718184189,7.519036769866943,26900,0.0,0.0,0.0,ICLN,iShares Global Clean Energy ETF
2016-03-11 00:00:00-05:00,7.636917059587788,7.69585743055668,7.586397659318898,7.662177562713623,25200,0.0,0.0,0.0,ICLN,iShares Global Clean Energy ETF
2016-03-14 00:00:00-04:00,7.6621762072703135,7.729535931040454,7.620076179166164,7.712695598602295,25100,0.0,0.0,0.0,ICLN,iShares Global Clean Energy ETF
2016-03-15 00:00:00-04:00,7.628498642312378,7.628498642312378,7.510618688725568,7.586398601531982,25500,0.0,0.0,0.0,ICLN,iShares Global Clean Energy ETF
2016-03-16 00:00:00-04:00,7.519036886786602,7.721116065979004,7.502196553691596,7.721116065979004,50400,0.0,0.0,0.0,ICLN,iShares Global Clean Energy ETF
2016-03-17 00:00:00-04:00,7.737955689766174,7.847415447235107,7.737955689766174,7.847415447235107,41000,0.0,0.0,0.0,ICLN,iShares Global Clean Energy ETF
2016-03-18 00:00:00-04:00,7.906355431292009,7.973715155271794,7.881094932556152,7.881094932556152,34300,0.0,0.0,0.0,ICLN,iShares Global Clean Energy ETF
2016-03-21 00:00:00-04:00,7.881095310841603,7.9231953410975455,7.83899608357695,7.847415447235107,56600,0.0,0.0,0.0,ICLN,iShares Global Clean Energy ETF
2016-03-22 00:00:00-04:00,7.83899679169773,7.864256490936567,7.788476590228697,7.805316925048828,15400,0.0,0.0,0.0,ICLN,iShares Global Clean Energy ETF
2016-03-23 00:00:00-04:00,7.805316617403526,7.805316617403526,7.611656789561889,7.628497123718262,16000,0.0,0.0,0.0,ICLN,iShares Global Clean Energy ETF
2016-03-24 00:00:00-04:00,7.577976402765846,7.577976402765846,7.4516771172495915,7.56955623626709,26300,0.0,0.0,0.0,ICLN,iShares Global Clean Energy ETF
2016-03-28 00:00:00-04:00,7.6705956713308705,7.687436003990402,7.561135918017693,7.653756141662598,15800,0.0,0.0,0.0,ICLN,iShares Global Clean Energy ETF
2016-03-29 00:00:00-04:00,7.611656381428269,7.77163553237915,7.561136184659352,7.77163553237915,23500,0.0,0.0,0.0,ICLN,iShares Global Clean Energy ETF
2016-03-30 00:00:00-04:00,7.830576814284773,7.8979365492169595,7.822156646670405,7.872676849365234,59500,0.0,0.0,0.0,ICLN,iShares Global Clean Energy ETF
2016-03-31 00:00:00-04:00,7.9147748199656744,7.965295014608393,7.830575566216147,7.864255428314209,34000,0.0,0.0,0.0,ICLN,iShares Global Clean Energy ETF
2016-04-01 00:00:00-04:00,7.813735485076904,7.813735485076904,7.662176502254874,7.813735485076904,50600,0.0,0.0,0.0,ICLN,iShares Global Clean Energy ETF
2016-04-04 00:00:00-04:00,7.813735873113661,7.813735873113661,7.653756715803684,7.687436580657959,33000,0.0,0.0,0.0,ICLN,iShares Global Clean Energy ETF
2016-04-05 00:00:00-04:00,7.603236879578314,7.603236879578314,7.485357748463079,7.577977180480957,17800,0.0,0.0,0.0,ICLN,iShares Global Clean Energy ETF
2016-04-06 00:00:00-04:00,7.603235847065489,7.636915708952054,7.502196261405793,7.6200761795043945,35300,0.0,0.0,0.0,ICLN,iShares Global Clean Energy ETF
2016-04-07 00:00:00-04:00,7.6032355927924895,7.6032355927924895,7.460095983813756,7.493775844573975,21600,0.0,0.0,0.0,ICLN,iShares Global Clean Energy ETF
2016-04-08 00:00:00-04:00,7.65375834558402,7.65375834558402,7.569558264023229,7.586398601531982,12100,0.0,0.0,0.0,ICLN,iShares Global Clean Energy ETF
2016-04-11 00:00:00-04:00,7.670595570838619,7.737955294611749,7.6200761795043945,7.6200761795043945,26300,0.0,0.0,0.0,ICLN,iShares Global Clean Energy ETF
2016-04-12 00:00:00-04:00,7.662176874390396,7.805316500612444,7.662176874390396,7.780055999755859,17300,0.0,0.0,0.0,ICLN,iShares Global Clean Energy ETF
2016-04-13 00:00:00-04:00,7.864254578340177,7.914773964531473,7.76321500296642,7.897934436798096,63600,0.0,0.0,0.0,ICLN,iShares Global Clean Energy ETF
2016-04-14 00:00:00-04:00,7.948454937803722,7.948454937803722,7.763216091799987,7.813735485076904,145200,0.0,0.0,0.0,ICLN,iShares Global Clean Energy ETF
2016-04-15 00:00:00-04:00,7.813735562521368,7.864255759290285,7.763216168743736,7.77163553237915,18700,0.0,0.0,0.0,ICLN,iShares Global Clean Energy ETF
2016-04-18 00:00:00-04:00,7.721116559879697,7.83899649011139,7.7042762257074555,7.796896457672119,22000,0.0,0.0,0.0,ICLN,iShares Global Clean Energy ETF
2016-04-19 00:00:00-04:00,7.8558352620418805,7.897935290412271,7.830575566216147,7.864255428314209,28900,0.0,0.0,0.0,ICLN,iShares Global Clean Energy ETF
2016-04-20 00:00:00-04:00,7.847415070566259,7.956874822781223,7.805315845322331,7.881094932556152,29600,0.0,0.0,0.0,ICLN,iShares Global Clean Energy ETF
2016-04-21 00:00:00-04:00,7.881094177424678,7.906354673740186,7.788474766574666,7.855834484100342,39400,0.0,0.0,0.0,ICLN,iShares Global Clean Energy ETF
2016-04-22 00:00:00-04:00,7.838997840881348,7.855837374963948,7.80531796972468,7.838997840881348,19600,0.0,0.0,0.0,ICLN,iShares Global Clean Energy ETF
2016-04-25 00:00:00-04:00,7.830575822122707,7.830575822122707,7.679016036232767,7.721116065979004,44500,0.0,0.0,0.0,ICLN,iShares Global Clean Energy ETF
2016-04-26 00:00:00-04:00,7.704275805348118,7.813735562521368,7.704275805348118,7.77163553237915,30800,0.0,0.0,0.0,ICLN,iShares Global Clean Energy ETF
2016-04-27 00:00:00-04:00,7.838996130235199,7.914775221557391,7.788475933029112,7.906355857849121,209900,0.0,0.0,0.0,ICLN,iShares Global Clean Energy ETF
2016-04-28 00:00:00-04:00,7.805314785244805,7.881093862186704,7.746374432524029,7.754794597625732,31600,0.0,0.0,0.0,ICLN,iShares Global Clean Energy ETF
2016-04-29 00:00:00-04:00,7.7884779865529845,7.872678069766376,7.670598030652538,7.746377944946289,34500,0.0,0.0,0.0,ICLN,iShares Global Clean Energy ETF
2016-05-02 00:00:00-04:00,7.754795601455875,7.763215767647537,7.6200761543542574,7.636915683746338,21900,0.0,0.0,0.0,ICLN,iShares Global Clean Energy ETF
2016-05-03 00:00:00-04:00,7.645335850013206,7.645335850013206,7.451676845550537,7.451676845550537,35100,0.0,0.0,0.0,ICLN,iShares Global Clean Energy ETF
2016-05-04 00:00:00-04:00,7.417998939023668,7.535878084813907,7.401158602201373,7.426418304443359,45000,0.0,0.0,0.0,ICLN,iShares Global Clean Energy ETF
2016-05-05 00:00:00-04:00,7.476937745021173,7.493777277124808,7.316957773584087,7.325377941131592,24700,0.0,0.0,0.0,ICLN,iShares Global Clean Energy ETF
2016-05-06 00:00:00-04:00,7.3253763646439465,7.42641594449524,7.274856976213901,7.409576416015625,23200,0.0,0.0,0.0,ICLN,iShares Global Clean Energy ETF
2016-05-09 00:00:00-04:00,7.367478087316121,7.367478087316121,7.241178784158685,7.2664384841918945,31800,0.0,0.0,0.0,ICLN,iShares Global Clean Energy ETF
2016-05-10 00:00:00-04:00,7.316956919781905,7.3590569496154785,7.266437526374642,7.3590569496154785,24800,0.0,0.0,0.0,ICLN,iShares Global Clean Energy ETF
2016-05-11 00:00:00-04:00,7.342217242155354,7.485356858337777,7.342217242155354,7.46009635925293,13400,0.0,0.0,0.0,ICLN,iShares Global Clean Energy ETF
2016-05-12 00:00:00-04:00,7.468516400350491,7.468516400350491,7.291696924678532,7.3506364822387695,65200,0.0,0.0,0.0,ICLN,iShares Global Clean Energy ETF
2016-05-13 00:00:00-04:00,7.3169570285850325,7.401157089504233,7.207498073577881,7.207498073577881,52800,0.0,0.0,0.0,ICLN,iShares Global Clean Energy ETF
2016-05-16 00:00:00-04:00,7.283276983772705,7.384317375560667,7.249597120840475,7.308537483215332,28300,0.0,0.0,0.0,ICLN,iShares Global Clean Energy ETF
2016-05-17 00:00:00-04:00,7.333798521738018,7.3674783908336,7.258018615525103,7.2748589515686035,37600,0.0,0.0,0.0,ICLN,iShares Global Clean Energy ETF
2016-05-18 00:00:00-04:00,7.283277423208882,7.283277423208882,7.156978130340576,7.156978130340576,39800,0.0,0.0,0.0,ICLN,iShares Global Clean Energy ETF
2016-05-19 00:00:00-04:00,7.131717630575349,7.131717630575349,6.988578019821833,7.072777271270752,118200,0.0,0.0,0.0,ICLN,iShares Global Clean Energy ETF
2016-05-20 00:00:00-04:00,7.156977103451353,7.2327569894959005,7.131717409100238,7.199077129364014,52100,0.0,0.0,0.0,ICLN,iShares Global Clean Energy ETF
2016-05-23 00:00:00-04:00,7.173818209808459,7.266437634426546,7.16539804311828,7.207498073577881,23900,0.0,0.0,0.0,ICLN,iShares Global Clean Energy ETF
2016-05-24 00:00:00-04:00,7.241178404858964,7.333797835456832,7.241178404858964,7.3001179695129395,11500,0.0,0.0,0.0,ICLN,iShares Global Clean Energy ETF
2016-05-25 00:00:00-04:00,7.316957773584087,7.333798108679096,7.266438374281809,7.325377941131592,29500,0.0,0.0,0.0,ICLN,iShares Global Clean Energy ETF
2016-05-26 00:00:00-04:00,7.367477673978353,7.367477673978353,7.266438076522754,7.316957473754883,55400,0.0,0.0,0.0,ICLN,iShares Global Clean Energy ETF
2016-05-27 00:00:00-04:00,7.350637545055602,7.350637545055602,7.249597944775508,7.291697978973389,15900,0.0,0.0,0.0,ICLN,iShares Global Clean Energy ETF
2016-05-31 00:00:00-04:00,7.308539955235311,7.359059365225562,7.2580197422535155,7.342219829559326,39400,0.0,0.0,0.0,ICLN,iShares Global Clean Energy ETF
2016-06-01 00:00:00-04:00,7.367475949761426,7.49377521627516,7.359055784529535,7.485355854034424,38000,0.0,0.0,0.0,ICLN,iShares Global Clean Energy ETF
2016-06-02 00:00:00-04:00,7.451677044516908,7.519036769866943,7.451677044516908,7.519036769866943,11500,0.0,0.0,0.0,ICLN,iShares Global Clean Energy ETF
2016-06-03 00:00:00-04:00,7.493776621976476,7.519037122410573,7.460096757722317,7.502196788787842,15900,0.0,0.0,0.0,ICLN,iShares Global Clean Energy ETF
2016-06-06 00:00:00-04:00,7.510616402836383,7.6537560161296625,7.50219623664472,7.636915683746338,31400,0.0,0.0,0.0,ICLN,iShares Global Clean Energy ETF
2016-06-07 00:00:00-04:00,7.6621751556340945,7.704274374968864,7.6369146604438685,7.679014682769775,22300,0.0,0.0,0.0,ICLN,iShares Global Clean Energy ETF
2016-06-08 00:00:00-04:00,7.6621751556340945,7.704274374968864,7.653754990570686,7.679014682769775,24100,0.0,0.0,0.0,ICLN,iShares Global Clean Energy ETF
2016-06-09 00:00:00-04:00,7.628497505403777,7.628497505403777,7.527457101392728,7.594817638397217,14600,0.0,0.0,0.0,ICLN,iShares Global Clean Energy ETF
2016-06-10 00:00:00-04:00,7.4937776991941805,7.4937776991941805,7.23275891445127,7.2748589515686035,23500,0.0,0.0,0.0,ICLN,iShares Global Clean Energy ETF
2016-06-13 00:00:00-04:00,7.173817989035355,7.224337381639114,7.055938067974468,7.064358234405518,392500,0.0,0.0,0.0,ICLN,iShares Global Clean Energy ETF
2016-06-14 00:00:00-04:00,7.072777574609637,7.098038073819797,6.94647829052389,6.9885783195495605,72600,0.0,0.0,0.0,ICLN,iShares Global Clean Energy ETF
2016-06-15 00:00:00-04:00,7.055938144807437,7.131718037529522,7.022258281707764,7.022258281707764,62200,0.0,0.0,0.0,ICLN,iShares Global Clean Energy ETF
2016-06-16 00:00:00-04:00,7.005418911737442,7.098039150238037,6.912799476228233,7.098039150238037,69400,0.0,0.0,0.0,ICLN,iShares Global Clean Energy ETF
2016-06-17 00:00:00-04:00,7.148557839267065,7.207498204174999,7.1232981417301255,7.140137672424316,37500,0.0,0.0,0.0,ICLN,iShares Global Clean Energy ETF
2016-06-20 00:00:00-04:00,7.3590569496154785,7.401156979449051,7.325377086346876,7.3590569496154785,19200,0.0,0.0,0.0,ICLN,iShares Global Clean Energy ETF
2016-06-21 00:00:00-04:00,7.317024822426306,7.34275937995818,7.248400971796299,7.325603008270264,71100,0.161,0.0,0.0,ICLN,iShares Global Clean Energy ETF
2016-06-22 00:00:00-04:00,7.368493119429225,7.45427252368632,7.325603008270264,7.325603008270264,18300,0.0,0.0,0.0,ICLN,iShares Global Clean Energy ETF
2016-06-23 00:00:00-04:00,7.411384826689781,7.531476182124521,7.40280663899844,7.497164249420166,38500,0.0,0.0,0.0,ICLN,iShares Global Clean Energy ETF
2016-06-24 00:00:00-04:00,7.179778419312015,7.256980469744559,7.051108880631758,7.111154556274414,84500,0.0,0.0,0.0,ICLN,iShares Global Clean Energy ETF
2016-06-27 00:00:00-04:00,7.093998405263347,7.093998405263347,6.870970460044271,6.999639987945557,76900,0.0,0.0,0.0,ICLN,iShares Global Clean Energy ETF
2016-06-28 00:00:00-04:00,7.136885968001531,7.317023754119873,7.136885968001531,7.317023754119873,44600,0.0,0.0,0.0,ICLN,iShares Global Clean Energy ETF
2016-06-29 00:00:00-04:00,7.30844711351452,7.445694808368367,7.30844711351452,7.437116622924805,35000,0.0,0.0,0.0,ICLN,iShares Global Clean Energy ETF
2016-06-30 00:00:00-04:00,7.480008058310685,7.548631917904834,7.471429871346182,7.53147554397583,23300,0.0,0.0,0.0,ICLN,iShares Global Clean Energy ETF
2016-07-01 00:00:00-04:00,7.548631917904834,7.642989520331556,7.505741801143257,7.53147554397583,22600,0.0,0.0,0.0,ICLN,iShares Global Clean Energy ETF
2016-07-05 00:00:00-04:00,7.52289812823474,7.52289812823474,7.385649591840014,7.471429824829102,24500,0.0,0.0,0.0,ICLN,iShares Global Clean Energy ETF
2016-07-06 00:00:00-04:00,7.471430366871634,7.5228986740112305,7.385650127659303,7.5228986740112305,26100,0.0,0.0,0.0,ICLN,iShares Global Clean Energy ETF
2016-07-07 00:00:00-04:00,7.462851637918007,7.591521987401637,7.4371178952456525,7.471429824829102,17500,0.0,0.0,0.0,ICLN,iShares Global Clean Energy ETF
2016-07-08 00:00:00-04:00,7.600098209790392,7.6858784298396845,7.565786285382837,7.651566505432129,18400,0.0,0.0,0.0,ICLN,iShares Global Clean Energy ETF
2016-07-11 00:00:00-04:00,7.660145066614716,7.805970957011655,7.660145066614716,7.745924472808838,53400,0.0,0.0,0.0,ICLN,iShares Global Clean Energy ETF
2016-07-12 00:00:00-04:00,7.7545017841897295,7.814547443558944,7.7545017841897295,7.797391891479492,57500,0.0,0.0,0.0,ICLN,iShares Global Clean Energy ETF
2016-07-13 00:00:00-04:00,7.780238389629332,7.7888165778619,7.668724396789111,7.694458961486816,34200,0.0,0.0,0.0,ICLN,iShares Global Clean Energy ETF
2016-07-14 00:00:00-04:00,7.71161182672684,7.7888138577362,7.703033641490074,7.76308012008667,31900,0.0,0.0,0.0,ICLN,iShares Global Clean Energy ETF
2016-07-15 00:00:00-04:00,7.754503408134497,7.754503408134497,7.651567619918751,7.720191478729248,41600,0.0,0.0,0.0,ICLN,iShares Global Clean Energy ETF
2016-07-18 00:00:00-04:00,7.677300168503319,7.788814126243241,7.642988244434173,7.737346649169922,73400,0.0,0.0,0.0,ICLN,iShares Global Clean Energy ETF
2016-07-19 00:00:00-04:00,7.745924992783747,7.788815107790395,7.677301135997472,7.7030348777771,54800,0.0,0.0,0.0,ICLN,iShares Global Clean Energy ETF
2016-07-20 00:00:00-04:00,7.737346819146879,7.8402825936156475,7.711612261984074,7.805970668792725,32500,0.0,0.0,0.0,ICLN,iShares Global Clean Energy ETF
2016-07-21 00:00:00-04:00,7.831703120946307,7.883170590692867,7.771657466888428,7.771657466888428,14300,0.0,0.0,0.0,ICLN,iShares Global Clean Energy ETF
2016-07-22 00:00:00-04:00,7.848860170384742,7.848860170384742,7.780236318910622,7.831704616546631,65600,0.0,0.0,0.0,ICLN,iShares Global Clean Energy ETF
2016-07-25 00:00:00-04:00,7.831706298526661,7.8745964194245115,7.763082432314505,7.814549922943115,16500,0.0,0.0,0.0,ICLN,iShares Global Clean Energy ETF
2016-07-26 00:00:00-04:00,7.823127631376835,7.926063424387731,7.823127631376835,7.917485237121582,47300,0.0,0.0,0.0,ICLN,iShares Global Clean Energy ETF
2016-07-27 00:00:00-04:00,7.943216831065389,7.943216831065389,7.831702892453724,7.900326728820801,12700,0.0,0.0,0.0,ICLN,iShares Global Clean Energy ETF
2016-07-28 00:00:00-04:00,7.857438146996701,7.857438146996701,7.771658743969802,7.805970668792725,29200,0.0,0.0,0.0,ICLN,iShares Global Clean Energy ETF
2016-07-29 00:00:00-04:00,7.805970668792725,7.831704407894713,7.78023611162992,7.805970668792725,8300,0.0,0.0,0.0,ICLN,iShares Global Clean Energy ETF
2016-08-01 00:00:00-04:00,7.831704616546631,7.891750282071276,7.805970876759046,7.831704616546631,14700,0.0,0.0,0.0,ICLN,iShares Global Clean Energy ETF
2016-08-02 00:00:00-04:00,7.831704407894713,7.8402825936156475,7.728768633425944,7.805970668792725,29800,0.0,0.0,0.0,ICLN,iShares Global Clean Energy ETF
2016-08-03 00:00:00-04:00,7.7630808574910395,7.866016635927656,7.7630808574910395,7.848860263824463,20200,0.0,0.0,0.0,ICLN,iShares Global Clean Energy ETF
2016-08-04 00:00:00-04:00,7.88317330611795,7.951797986186178,7.88317330611795,7.917485237121582,27400,0.0,0.0,0.0,ICLN,iShares Global Clean Energy ETF
2016-08-05 00:00:00-04:00,7.866017546295458,7.951797780617442,7.866017546295458,7.891751289367676,45400,0.0,0.0,0.0,ICLN,iShares Global Clean Energy ETF
2016-08-08 00:00:00-04:00,7.968952655792236,7.977530842103718,7.917484355984216,7.968952655792236,13300,0.0,0.0,0.0,ICLN,iShares Global Clean Energy ETF
2016-08-09 00:00:00-04:00,7.960374469480754,7.977530842103718,7.934640728607181,7.968952655792236,16500,0.0,0.0,0.0,ICLN,iShares Global Clean Energy ETF
2016-08-10 00:00:00-04:00,7.917485722261349,7.917485722261349,7.805972553212356,7.814549922943115,33200,0.0,0.0,0.0,ICLN,iShares Global Clean Energy ETF
2016-08-11 00:00:00-04:00,7.891750012026332,7.917483750933344,7.8488599018074385,7.857438087463379,19200,0.0,0.0,0.0,ICLN,iShares Global Clean Energy ETF
2016-08-12 00:00:00-04:00,7.8917519769470434,7.900330164738817,7.805972553212356,7.814549922943115,44500,0.0,0.0,0.0,ICLN,iShares Global Clean Energy ETF
2016-08-15 00:00:00-04:00,7.900329069921295,7.9517973714785075,7.848860768364083,7.943219184875488,56500,0.0,0.0,0.0,ICLN,iShares Global Clean Energy ETF
2016-08-16 00:00:00-04:00,7.9432212581382435,7.9432212581382435,7.891752943147269,7.908909320831299,21300,0.0,0.0,0.0,ICLN,iShares Global Clean Energy ETF
2016-08-17 00:00:00-04:00,7.9174822788822405,7.9346386470043395,7.7973909742701855,7.900326728820801,15900,0.0,0.0,0.0,ICLN,iShares Global Clean Energy ETF
2016-08-18 00:00:00-04:00,7.951796548295428,8.071887876062037,7.951796548295428,8.054732322692871,59600,0.0,0.0,0.0,ICLN,iShares Global Clean Energy ETF
2016-08-19 00:00:00-04:00,8.037575721740723,8.046153907210755,7.934639950282729,8.037575721740723,22300,0.0,0.0,0.0,ICLN,iShares Global Clean Energy ETF
2016-08-22 00:00:00-04:00,8.011845278384738,8.037579027317436,7.943221402523463,7.977533340454102,22600,0.0,0.0,0.0,ICLN,iShares Global Clean Energy ETF
2016-08-23 00:00:00-04:00,8.046157216315377,8.089047343243957,7.968955151456159,7.977533340454102,75900,0.0,0.0,0.0,ICLN,iShares Global Clean Energy ETF
2016-08-24 00:00:00-04:00,8.003263029978585,8.08904324032638,7.951795558218479,7.9603729248046875,32800,0.0,0.0,0.0,ICLN,iShares Global Clean Energy ETF
2016-08-25 00:00:00-04:00,7.977531227468236,7.994686782859048,7.943219298625701,7.9517974853515625,31800,0.0,0.0,0.0,ICLN,iShares Global Clean Energy ETF
2016-08-26 00:00:00-04:00,8.003265473661145,8.097623079405892,7.88317330611795,7.917485237121582,41500,0.0,0.0,0.0,ICLN,iShares Global Clean Energy ETF
2016-08-29 00:00:00-04:00,7.93464099827247,8.00326485497482,7.900329069921295,7.943219184875488,14200,0.0,0.0,0.0,ICLN,iShares Global Clean Energy ETF
2016-08-30 00:00:00-04:00,7.934639188924634,8.020419399272429,7.908905453044581,7.9603729248046875,23500,0.0,0.0,0.0,ICLN,iShares Global Clean Energy ETF
2016-08-31 00:00:00-04:00,7.900328406983686,7.9603740720444245,7.840282741922947,7.883172035217285,15200,0.0,0.0,0.0,ICLN,iShares Global Clean Energy ETF
2016-09-01 00:00:00-04:00,7.891752943147269,7.977533195445187,7.840285446217409,7.908909320831299,23200,0.0,0.0,0.0,ICLN,iShares Global Clean Energy ETF
2016-09-02 00:00:00-04:00,7.943217928141767,8.046153696909341,7.943217928141767,8.011841773986816,25000,0.0,0.0,0.0,ICLN,iShares Global Clean Energy ETF
2016-09-06 00:00:00-04:00,8.089044787619175,8.226292495980163,8.089044787619175,8.217714309692383,32000,0.0,0.0,0.0,ICLN,iShares Global Clean Energy ETF
2016-09-07 00:00:00-04:00,8.234869515565588,8.252025067649708,8.15766748603517,8.19197940826416,73400,0.0,0.0,0.0,ICLN,iShares Global Clean Energy ETF
2016-09-08 00:00:00-04:00,8.277760527671417,8.303495088244906,8.234871229504115,8.269183158874512,44600,0.0,0.0,0.0,ICLN,iShares Global Clean Energy ETF
2016-09-09 00:00:00-04:00,8.234869897247473,8.234869897247473,8.020420168861454,8.037575721740723,39100,0.0,0.0,0.0,ICLN,iShares Global Clean Energy ETF
2016-09-12 00:00:00-04:00,8.01184336465152,8.080467224121094,7.900329388498231,8.080467224121094,26800,0.0,0.0,0.0,ICLN,iShares Global Clean Energy ETF
2016-09-13 00:00:00-04:00,7.960375843159199,7.960375843159199,7.805972553212356,7.814549922943115,16200,0.0,0.0,0.0,ICLN,iShares Global Clean Energy ETF
2016-09-14 00:00:00-04:00,7.788815452031921,7.79739363902456,7.720191592212682,7.728769779205322,19900,0.0,0.0,0.0,ICLN,iShares Global Clean Energy ETF
2016-09-15 00:00:00-04:00,7.737346440405383,7.874594132978829,7.720190069803314,7.823125839233398,23700,0.0,0.0,0.0,ICLN,iShares Global Clean Energy ETF
2016-09-16 00:00:00-04:00,7.814548324988475,7.814548324988475,7.745924472808838,7.745924472808838,29600,0.0,0.0,0.0,ICLN,iShares Global Clean Energy ETF
2016-09-19 00:00:00-04:00,7.848860263824463,7.891750376021599,7.8231265237305205,7.848860263824463,16800,0.0,0.0,0.0,ICLN,iShares Global Clean Energy ETF
2016-09-20 00:00:00-04:00,7.900327355168969,7.917482906590523,7.8317035133613055,7.866015434265137,16500,0.0,0.0,0.0,ICLN,iShares Global Clean Energy ETF
2016-09-21 00:00:00-04:00,7.8917506151106425,7.994686396665809,7.883172428799161,7.968952655792236,36600,0.0,0.0,0.0,ICLN,iShares Global Clean Energy ETF
2016-09-22 00:00:00-04:00,8.10620096690695,8.10620096690695,8.01184336465152,8.080467224121094,20100,0.0,0.0,0.0,ICLN,iShares Global Clean Energy ETF
2016-09-23 00:00:00-04:00,8.011843476727384,8.037577219873222,7.951797803366774,7.986109733581543,28000,0.0,0.0,0.0,ICLN,iShares Global Clean Energy ETF
2016-09-26 00:00:00-04:00,7.9432212581382435,7.9432212581382435,7.874597383524354,7.908909320831299,22800,0.0,0.0,0.0,ICLN,iShares Global Clean Energy ETF
2016-09-27 00:00:00-04:00,7.857438687925587,7.9861090284152,7.857438687925587,7.968952655792236,61700,0.0,0.0,0.0,ICLN,iShares Global Clean Energy ETF
2016-09-28 00:00:00-04:00,7.926061671524712,8.04615381250931,7.900327933478292,8.02042007446289,40800,0.0,0.0,0.0,ICLN,iShares Global Clean Energy ETF
2016-09-29 00:00:00-04:00,8.106200364532459,8.106200364532459,7.926062542295698,7.968952655792236,29600,0.0,0.0,0.0,ICLN,iShares Global Clean Energy ETF
2016-09-30 00:00:00-04:00,7.891750012026332,7.891750012026332,7.780236052681534,7.857438087463379,21200,0.0,0.0,0.0,ICLN,iShares Global Clean Energy ETF
2016-10-03 00:00:00-04:00,7.857437249523999,7.8745936190062755,7.763079671553641,7.866015434265137,8900,0.0,0.0,0.0,ICLN,iShares Global Clean Energy ETF
2016-10-04 00:00:00-04:00,7.883170590692867,7.883170590692867,7.7373455477038275,7.771657466888428,35300,0.0,0.0,0.0,ICLN,iShares Global Clean Energy ETF
2016-10-05 00:00:00-04:00,7.857438954967101,7.943219184875488,7.797393284867771,7.943219184875488,19300,0.0,0.0,0.0,ICLN,iShares Global Clean Energy ETF
2016-10-06 00:00:00-04:00,7.908906592866886,7.926062146572455,7.831704556039747,7.883172035217285,15200,0.0,0.0,0.0,ICLN,iShares Global Clean Energy ETF
2016-10-07 00:00:00-04:00,7.848858671508267,7.848858671508267,7.720189179081186,7.771657466888428,81600,0.0,0.0,0.0,ICLN,iShares Global Clean Energy ETF
2016-10-10 00:00:00-04:00,7.763080499430463,7.8745944587752605,7.763080499430463,7.857438087463379,9400,0.0,0.0,0.0,ICLN,iShares Global Clean Energy ETF
2016-10-11 00:00:00-04:00,7.771658861420698,7.771658861420698,7.625832974204245,7.677300453186035,26900,0.0,0.0,0.0,ICLN,iShares Global Clean Energy ETF
2016-10-12 00:00:00-04:00,7.625832974204245,7.70303419267693,7.625832974204245,7.677300453186035,30400,0.0,0.0,0.0,ICLN,iShares Global Clean Energy ETF
2016-10-13 00:00:00-04:00,7.668723175590912,7.737347852462335,7.5915219479747975,7.720191478729248,33800,0.0,0.0,0.0,ICLN,iShares Global Clean Energy ETF
2016-10-14 00:00:00-04:00,7.763079282577107,7.823124936634986,7.745922913954466,7.771657466888428,7300,0.0,0.0,0.0,ICLN,iShares Global Clean Energy ETF
2016-10-17 00:00:00-04:00,7.788813017450386,7.788813017450386,7.703032810458545,7.771657466888428,7500,0.0,0.0,0.0,ICLN,iShares Global Clean Energy ETF
2016-10-18 00:00:00-04:00,7.840282802496105,7.848860170384742,7.771658951021986,7.831704616546631,11500,0.0,0.0,0.0,ICLN,iShares Global Clean Energy ETF
2016-10-19 00:00:00-04:00,7.848861172206684,7.900329476412063,7.78881549901786,7.891751289367676,67900,0.0,0.0,0.0,ICLN,iShares Global Clean Energy ETF
2016-10-20 00:00:00-04:00,7.78881509234179,7.8574389489919545,7.78881509234179,7.840283393859863,12700,0.0,0.0,0.0,ICLN,iShares Global Clean Energy ETF
2016-10-21 00:00:00-04:00,7.72019027810495,7.840282421377359,7.72019027810495,7.737346649169922,26600,0.0,0.0,0.0,ICLN,iShares Global Clean Energy ETF
2016-10-24 00:00:00-04:00,7.771658305323437,7.857437703508793,7.745923749613137,7.76308012008667,13200,0.0,0.0,0.0,ICLN,iShares Global Clean Energy ETF
2016-10-25 00:00:00-04:00,7.77166101945782,7.77166101945782,7.685880773254248,7.694458961486816,28700,0.0,0.0,0.0,ICLN,iShares Global Clean Energy ETF
2016-10-26 00:00:00-04:00,7.720192708123466,7.728770896356034,7.617256903515813,7.694458961486816,25400,0.0,0.0,0.0,ICLN,iShares Global Clean Energy ETF
2016-10-27 00:00:00-04:00,7.677300033848838,7.737346513462269,7.6086761869141615,7.625832557678223,47900,0.0,0.0,0.0,ICLN,iShares Global Clean Energy ETF
2016-10-28 00:00:00-04:00,7.625833826923339,7.634411195672204,7.548631781757109,7.5572099685668945,29800,0.0,0.0,0.0,ICLN,iShares Global Clean Energy ETF
2016-10-31 00:00:00-04:00,7.625832211226938,7.625832211226938,7.565785734341496,7.60009765625,25300,0.0,0.0,0.0,ICLN,iShares Global Clean Energy ETF
2016-11-01 00:00:00-04:00,7.582942872547065,7.617254797931678,7.411383245623997,7.428538799285889,24700,0.0,0.0,0.0,ICLN,iShares Global Clean Energy ETF
2016-11-02 00:00:00-04:00,7.437117569829821,7.454273124840428,7.3170254125119945,7.334181785583496,27100,0.0,0.0,0.0,ICLN,iShares Global Clean Energy ETF
2016-11-03 00:00:00-04:00,7.308448196280082,7.342760125076946,7.179777849746162,7.196934223175049,21700,0.0,0.0,0.0,ICLN,iShares Global Clean Energy ETF
2016-11-04 00:00:00-04:00,7.222668101782605,7.265558218104634,7.16262242976832,7.171199798583984,28200,0.0,0.0,0.0,ICLN,iShares Global Clean Energy ETF
2016-11-07 00:00:00-05:00,7.2998694356355,7.428538953992258,7.2998694356355,7.394227027893066,33300,0.0,0.0,0.0,ICLN,iShares Global Clean Energy ETF
2016-11-08 00:00:00-05:00,7.42853868453867,7.445695055996381,7.29986917084911,7.4199604988098145,36700,0.0,0.0,0.0,ICLN,iShares Global Clean Energy ETF
2016-11-09 00:00:00-05:00,7.128310405025896,7.145465960488803,6.956749942031337,7.051108360290527,145800,0.0,0.0,0.0,ICLN,iShares Global Clean Energy ETF
2016-11-10 00:00:00-05:00,6.991061470513728,6.991061470513728,6.776612131147289,6.862391948699951,72900,0.0,0.0,0.0,ICLN,iShares Global Clean Energy ETF
2016-11-11 00:00:00-05:00,6.836657362409047,6.836657362409047,6.6736759239803165,6.8195013999938965,41000,0.0,0.0,0.0,ICLN,iShares Global Clean Energy ETF
2016-11-14 00:00:00-05:00,6.785190696486401,6.785190696486401,6.67367712523087,6.742300987243652,72500,0.0,0.0,0.0,ICLN,iShares Global Clean Energy ETF
2016-11-15 00:00:00-05:00,6.776612444209739,6.845236301422119,6.776612444209739,6.845236301422119,52500,0.0,0.0,0.0,ICLN,iShares Global Clean Energy ETF
2016-11-16 00:00:00-05:00,6.82808037839121,6.845236342798004,6.742300556357241,6.75087833404541,61000,0.0,0.0,0.0,ICLN,iShares Global Clean Energy ETF
2016-11-17 00:00:00-05:00,6.725145020748801,6.853814557488556,6.725145020748801,6.793768882751465,33800,0.0,0.0,0.0,ICLN,iShares Global Clean Energy ETF
2016-11-18 00:00:00-05:00,6.8023454292744985,6.819501391668705,6.7337215796976695,6.768033504486084,91700,0.0,0.0,0.0,ICLN,iShares Global Clean Energy ETF
2016-11-21 00:00:00-05:00,6.819501825367563,6.819501825367563,6.690832303743236,6.759456157684326,40900,0.0,0.0,0.0,ICLN,iShares Global Clean Energy ETF
2016-11-22 00:00:00-05:00,6.776611698471223,6.853813324824199,6.776611698471223,6.8195013999938965,48200,0.0,0.0,0.0,ICLN,iShares Global Clean Energy ETF
2016-11-23 00:00:00-05:00,6.836657209355641,6.862391356917457,6.7766115467620684,6.853813171386719,28300,0.0,0.0,0.0,ICLN,iShares Global Clean Energy ETF
2016-11-25 00:00:00-05:00,6.862390749597483,6.9310145916486,6.862390749597483,6.879547119140625,10600,0.0,0.0,0.0,ICLN,iShares Global Clean Energy ETF
2016-11-28 00:00:00-05:00,6.939593278095677,7.008217125107733,6.939593278095677,6.982483386993408,226200,0.0,0.0,0.0,ICLN,iShares Global Clean Energy ETF
2016-11-29 00:00:00-05:00,6.97390469744573,6.97390469744573,6.879547119140625,6.879547119140625,108200,0.0,0.0,0.0,ICLN,iShares Global Clean Energy ETF
2016-11-30 00:00:00-05:00,6.896702766418457,6.956748424532039,6.888124581527735,6.896702766418457,47300,0.0,0.0,0.0,ICLN,iShares Global Clean Energy ETF
2016-12-01 00:00:00-05:00,6.870969858781149,6.913859970348662,6.836657524108887,6.836657524108887,75800,0.0,0.0,0.0,ICLN,iShares Global Clean Energy ETF
2016-12-02 00:00:00-05:00,6.853813277582023,6.853813277582023,6.7766116517611845,6.8109235763549805,68000,0.0,0.0,0.0,ICLN,iShares Global Clean Energy ETF
2016-12-05 00:00:00-05:00,6.810922868059146,6.879547119140625,6.810922868059146,6.879547119140625,120500,0.0,0.0,0.0,ICLN,iShares Global Clean Energy ETF
2016-12-06 00:00:00-05:00,6.845234789084704,6.879547119140625,6.810922868059146,6.879547119140625,31600,0.0,0.0,0.0,ICLN,iShares Global Clean Energy ETF
2016-12-07 00:00:00-05:00,6.862390984054145,7.0253724099787,6.862390984054145,7.008216857910156,107800,0.0,0.0,0.0,ICLN,iShares Global Clean Energy ETF
2016-12-08 00:00:00-05:00,6.956748600933022,6.991060523305214,6.931014863669066,6.96532678604126,253400,0.0,0.0,0.0,ICLN,iShares Global Clean Energy ETF
2016-12-09 00:00:00-05:00,6.862391168409207,6.97390512306315,6.862391168409207,6.9310150146484375,51800,0.0,0.0,0.0,ICLN,iShares Global Clean Energy ETF
2016-12-12 00:00:00-05:00,6.86239206276296,6.965327845537098,6.86239206276296,6.870970249176025,99300,0.0,0.0,0.0,ICLN,iShares Global Clean Energy ETF
2016-12-13 00:00:00-05:00,6.913859425887863,6.991060638956852,6.913859425887863,6.973905086517334,123900,0.0,0.0,0.0,ICLN,iShares Global Clean Energy ETF
2016-12-14 00:00:00-05:00,6.948171888776236,6.948171888776236,6.785189628601074,6.785189628601074,61000,0.0,0.0,0.0,ICLN,iShares Global Clean Energy ETF
2016-12-15 00:00:00-05:00,6.776612121169599,6.793768084654872,6.7423001941990535,6.759456157684326,56900,0.0,0.0,0.0,ICLN,iShares Global Clean Energy ETF
2016-12-16 00:00:00-05:00,6.7680342984522035,6.802346227265791,6.742300556357241,6.75087833404541,224900,0.0,0.0,0.0,ICLN,iShares Global Clean Energy ETF
2016-12-19 00:00:00-05:00,6.785189908387338,6.862391948699951,6.785189908387338,6.862391948699951,91100,0.0,0.0,0.0,ICLN,iShares Global Clean Energy ETF
2016-12-20 00:00:00-05:00,6.819501352988227,6.862391463245674,6.802345390691329,6.8109235763549805,60700,0.0,0.0,0.0,ICLN,iShares Global Clean Energy ETF
2016-12-21 00:00:00-05:00,6.793768882751465,6.810924848252131,6.750878764484559,6.793768882751465,118100,0.0,0.0,0.0,ICLN,iShares Global Clean Energy ETF
2016-12-22 00:00:00-05:00,6.815612822018485,6.868040561676025,6.754446917422036,6.868040561676025,66200,0.145,0.0,0.0,ICLN,iShares Global Clean Energy ETF
2016-12-23 00:00:00-05:00,6.78939962387085,6.859303285808158,6.7631855423150125,6.78939962387085,42700,0.0,0.0,0.0,ICLN,iShares Global Clean Energy ETF
2016-12-27 00:00:00-05:00,6.841826607216812,6.876778434287095,6.824350693681671,6.859302520751953,51200,0.0,0.0,0.0,ICLN,iShares Global Clean Energy ETF
2016-12-28 00:00:00-05:00,6.911730573033756,6.937944652847883,6.82435100141777,6.841826915740967,64200,0.0,0.0,0.0,ICLN,iShares Global Clean Energy ETF
2016-12-29 00:00:00-05:00,6.8855161523505695,6.920467977151649,6.876777987820991,6.91172981262207,95700,0.0,0.0,0.0,ICLN,iShares Global Clean Energy ETF
2016-12-30 00:00:00-05:00,6.868041205503911,6.937944864933581,6.868041205503911,6.885517120361328,66700,0.0,0.0,0.0,ICLN,iShares Global Clean Energy ETF
2017-01-03 00:00:00-05:00,6.990372615642138,6.990372615642138,6.946682620130904,6.964158535003662,70200,0.0,0.0,0.0,ICLN,iShares Global Clean Energy ETF
2017-01-04 00:00:00-05:00,6.990371416768512,7.103965052289065,6.990371416768512,7.086488723754883,38800,0.0,0.0,0.0,ICLN,iShares Global Clean Energy ETF
2017-01-05 00:00:00-05:00,7.077752081145504,7.14765573544623,7.077752081145504,7.130179405212402,43000,0.0,0.0,0.0,ICLN,iShares Global Clean Energy ETF
2017-01-06 00:00:00-05:00,7.147656357134714,7.147656357134714,7.086490029313488,7.09522819519043,30800,0.0,0.0,0.0,ICLN,iShares Global Clean Energy ETF
2017-01-09 00:00:00-05:00,7.130179529557631,7.147655860096233,7.112704032336334,7.12144136428833,36100,0.0,0.0,0.0,ICLN,iShares Global Clean Energy ETF
2017-01-10 00:00:00-05:00,7.14765573544623,7.165131232362766,7.130179405212402,7.130179405212402,16600,0.0,0.0,0.0,ICLN,iShares Global Clean Energy ETF
2017-01-11 00:00:00-05:00,7.12144131128386,7.235034958987384,7.09522764898837,7.2088212966918945,43500,0.0,0.0,0.0,ICLN,iShares Global Clean Energy ETF
2017-01-12 00:00:00-05:00,7.252511750984926,7.261249916745333,7.191345423979428,7.235035419464111,36400,0.0,0.0,0.0,ICLN,iShares Global Clean Energy ETF
2017-01-13 00:00:00-05:00,7.235035790389679,7.261250289014865,7.2088221250818885,7.217560291290283,51000,0.0,0.0,0.0,ICLN,iShares Global Clean Energy ETF
2017-01-17 00:00:00-05:00,7.235035379266953,7.322415369750846,7.235035379266953,7.296201705932617,87200,0.0,0.0,0.0,ICLN,iShares Global Clean Energy ETF
2017-01-18 00:00:00-05:00,7.3573645682194515,7.374840060076424,7.252509117126465,7.252509117126465,24200,0.0,0.0,0.0,ICLN,iShares Global Clean Energy ETF
2017-01-19 00:00:00-05:00,7.278725788114261,7.278725788114261,7.2088221250818885,7.217560291290283,29700,0.0,0.0,0.0,ICLN,iShares Global Clean Energy ETF
2017-01-20 00:00:00-05:00,7.287464414546227,7.304939914749248,7.226298913859479,7.2437744140625,29200,0.0,0.0,0.0,ICLN,iShares Global Clean Energy ETF
2017-01-23 00:00:00-05:00,7.2787262477859915,7.313678081509482,7.2437744140625,7.2437744140625,33500,0.0,0.0,0.0,ICLN,iShares Global Clean Energy ETF
2017-01-24 00:00:00-05:00,7.278724670410156,7.304938331692638,7.252511009127674,7.278724670410156,39700,0.0,0.0,0.0,ICLN,iShares Global Clean Energy ETF
2017-01-25 00:00:00-05:00,7.269985648740208,7.331151962280273,7.269985648740208,7.331151962280273,30400,0.0,0.0,0.0,ICLN,iShares Global Clean Energy ETF
2017-01-26 00:00:00-05:00,7.348629411982046,7.348629411982046,7.2699875831604,7.2699875831604,34700,0.0,0.0,0.0,ICLN,iShares Global Clean Energy ETF
2017-01-27 00:00:00-05:00,7.23503575183049,7.32241574681396,7.23503575183049,7.2699875831604,26500,0.0,0.0,0.0,ICLN,iShares Global Clean Energy ETF
2017-01-30 00:00:00-05:00,7.278723755378758,7.278723755378758,7.156391962577115,7.191343784332275,68500,0.0,0.0,0.0,ICLN,iShares Global Clean Energy ETF
2017-01-31 00:00:00-05:00,7.173869469192141,7.226297627100421,7.14765580689665,7.2088212966918945,39600,0.0,0.0,0.0,ICLN,iShares Global Clean Energy ETF
2017-02-01 00:00:00-05:00,7.296201461081076,7.366105117795371,7.261249632723929,7.304938793182373,25100,0.0,0.0,0.0,ICLN,iShares Global Clean Energy ETF
2017-02-02 00:00:00-05:00,7.313677204038987,7.331153535462705,7.2612498764025295,7.296201705932617,24800,0.0,0.0,0.0,ICLN,iShares Global Clean Energy ETF
2017-02-03 00:00:00-05:00,7.357367866820516,7.38358153301713,7.304939701109863,7.366106033325195,78500,0.0,0.0,0.0,ICLN,iShares Global Clean Energy ETF
2017-02-06 00:00:00-05:00,7.38358014885735,7.38358014885735,7.269986505543573,7.278724670410156,60600,0.0,0.0,0.0,ICLN,iShares Global Clean Energy ETF
2017-02-07 00:00:00-05:00,7.313674588601445,7.3573645682194515,7.243770954539454,7.252509117126465,45600,0.0,0.0,0.0,ICLN,iShares Global Clean Energy ETF
2017-02-08 00:00:00-05:00,7.226297804366782,7.331153289438224,7.226297804366782,7.304938793182373,24600,0.0,0.0,0.0,ICLN,iShares Global Clean Energy ETF
2017-02-09 00:00:00-05:00,7.296201320425297,7.374842307724852,7.296201320425297,7.339890480041504,16000,0.0,0.0,0.0,ICLN,iShares Global Clean Energy ETF
2017-02-10 00:00:00-05:00,7.392317987444707,7.462221636657456,7.383579822963805,7.436007976531982,33500,0.0,0.0,0.0,ICLN,iShares Global Clean Energy ETF
2017-02-13 00:00:00-05:00,7.514651901371813,7.532127401925906,7.470961900010385,7.505913734436035,54600,0.0,0.0,0.0,ICLN,iShares Global Clean Energy ETF
2017-02-14 00:00:00-05:00,7.479699080533293,7.558340072631836,7.462222748966492,7.558340072631836,38000,0.0,0.0,0.0,ICLN,iShares Global Clean Energy ETF
2017-02-15 00:00:00-05:00,7.540864308720779,7.628243463524389,7.540864308720779,7.602029800415039,74700,0.0,0.0,0.0,ICLN,iShares Global Clean Energy ETF
2017-02-16 00:00:00-05:00,7.619508266448975,7.645721936903728,7.575818260146013,7.619508266448975,51000,0.0,0.0,0.0,ICLN,iShares Global Clean Energy ETF
2017-02-17 00:00:00-05:00,7.532127538774086,7.636983043956111,7.532127538774086,7.628244876861572,25200,0.0,0.0,0.0,ICLN,iShares Global Clean Energy ETF
2017-02-21 00:00:00-05:00,7.619506530279503,7.750575686005606,7.610768364346465,7.71562385559082,79700,0.0,0.0,0.0,ICLN,iShares Global Clean Energy ETF
2017-02-22 00:00:00-05:00,7.759312566154061,7.759312566154061,7.654457092285156,7.654457092285156,90500,0.0,0.0,0.0,ICLN,iShares Global Clean Energy ETF
2017-02-23 00:00:00-05:00,7.706886714077461,7.7505767162326755,7.628244876861572,7.628244876861572,128800,0.0,0.0,0.0,ICLN,iShares Global Clean Energy ETF
2017-02-24 00:00:00-05:00,7.584554569982038,7.593291902448084,7.514650910349541,7.558340072631836,108400,0.0,0.0,0.0,ICLN,iShares Global Clean Energy ETF
2017-02-27 00:00:00-05:00,7.567078113555908,7.567078113555908,7.514650786355282,7.567078113555908,49200,0.0,0.0,0.0,ICLN,iShares Global Clean Energy ETF
2017-02-28 00:00:00-05:00,7.584554233387499,7.593291565465792,7.505912411461644,7.523387908935547,23000,0.0,0.0,0.0,ICLN,iShares Global Clean Energy ETF
2017-03-01 00:00:00-05:00,7.5670779718301295,7.645719794475506,7.5670779718301295,7.602029800415039,38600,0.0,0.0,0.0,ICLN,iShares Global Clean Energy ETF
2017-03-02 00:00:00-05:00,7.558338531796284,7.567076695798331,7.523386709105281,7.540863037109375,398500,0.0,0.0,0.0,ICLN,iShares Global Clean Energy ETF
2017-03-03 00:00:00-05:00,7.50591202471441,7.593291174216288,7.50591202471441,7.575815677642822,35400,0.0,0.0,0.0,ICLN,iShares Global Clean Energy ETF
2017-03-06 00:00:00-05:00,7.584553517947812,7.584553517947812,7.514649868011475,7.514649868011475,47400,0.0,0.0,0.0,ICLN,iShares Global Clean Energy ETF
2017-03-07 00:00:00-05:00,7.532127857208252,7.558341526282618,7.514652355597846,7.532127857208252,14800,0.0,0.0,0.0,ICLN,iShares Global Clean Energy ETF
2017-03-08 00:00:00-05:00,7.575817403287334,7.575817403287334,7.497175567500256,7.505913734436035,29200,0.0,0.0,0.0,ICLN,iShares Global Clean Energy ETF
2017-03-09 00:00:00-05:00,7.47969784148235,7.49717333683689,7.409793360112541,7.444746017456055,48500,0.0,0.0,0.0,ICLN,iShares Global Clean Energy ETF
2017-03-10 00:00:00-05:00,7.409794415972544,7.479698907303407,7.409794415972544,7.462222576141357,83400,0.0,0.0,0.0,ICLN,iShares Global Clean Energy ETF
2017-03-13 00:00:00-04:00,7.4971742460660336,7.5408642397267664,7.479698748592131,7.523387908935547,318200,0.0,0.0,0.0,ICLN,iShares Global Clean Energy ETF
2017-03-14 00:00:00-04:00,7.505912799049787,7.5146509648966155,7.453484637286173,7.47969913482666,56800,0.0,0.0,0.0,ICLN,iShares Global Clean Energy ETF
2017-03-15 00:00:00-04:00,7.470961485173115,7.619506981563261,7.4447478191388,7.584555149078369,28100,0.0,0.0,0.0,ICLN,iShares Global Clean Energy ETF
2017-03-16 00:00:00-04:00,7.636983871459961,7.654460207542684,7.6195083686948095,7.636983871459961,48700,0.0,0.0,0.0,ICLN,iShares Global Clean Energy ETF
2017-03-17 00:00:00-04:00,7.663197440382956,7.680672941015433,7.610769271850586,7.610769271850586,80700,0.0,0.0,0.0,ICLN,iShares Global Clean Energy ETF
2017-03-20 00:00:00-04:00,7.5932924822115275,7.6282443146964205,7.549603316593476,7.584555149078369,40400,0.0,0.0,0.0,ICLN,iShares Global Clean Energy ETF
2017-03-21 00:00:00-04:00,7.584553439438382,7.593290770602053,7.409793483089278,7.436007976531982,139200,0.0,0.0,0.0,ICLN,iShares Global Clean Energy ETF
2017-03-22 00:00:00-04:00,7.383581617773718,7.40979528427124,7.304939784963715,7.40979528427124,24500,0.0,0.0,0.0,ICLN,iShares Global Clean Energy ETF
2017-03-23 00:00:00-04:00,7.401057950983688,7.427271617481211,7.36610611788118,7.40979528427124,20000,0.0,0.0,0.0,ICLN,iShares Global Clean Energy ETF
2017-03-24 00:00:00-04:00,7.392319059606534,7.4622227189579196,7.383580893858272,7.427270889282227,14600,0.0,0.0,0.0,ICLN,iShares Global Clean Energy ETF
2017-03-27 00:00:00-04:00,7.3311542847786715,7.40979528427124,7.3311542847786715,7.40979528427124,34700,0.0,0.0,0.0,ICLN,iShares Global Clean Energy ETF
2017-03-28 00:00:00-04:00,7.392320210236492,7.488437548476173,7.392320210236492,7.470962047576904,29200,0.0,0.0,0.0,ICLN,iShares Global Clean Energy ETF
2017-03-29 00:00:00-04:00,7.427270133921218,7.505911951022911,7.427270133921218,7.49717378616333,47300,0.0,0.0,0.0,ICLN,iShares Global Clean Energy ETF
2017-03-30 00:00:00-04:00,7.479699050454442,7.479699050454442,7.427270889282227,7.427270889282227,29200,0.0,0.0,0.0,ICLN,iShares Global Clean Energy ETF
2017-03-31 00:00:00-04:00,7.427270973063047,7.497174633202957,7.427270973063047,7.47969913482666,21700,0.0,0.0,0.0,ICLN,iShares Global Clean Energy ETF
2017-04-03 00:00:00-04:00,7.444748379569261,7.514652049801297,7.436010212460886,7.470962047576904,60100,0.0,0.0,0.0,ICLN,iShares Global Clean Energy ETF
2017-04-04 00:00:00-04:00,7.427271898648957,7.505913734436034,7.427271898648957,7.505913734436035,33900,0.0,0.0,0.0,ICLN,iShares Global Clean Energy ETF
2017-04-05 00:00:00-04:00,7.514650880130135,7.514650880130135,7.418532723533965,7.427270889282227,28000,0.0,0.0,0.0,ICLN,iShares Global Clean Energy ETF
2017-04-06 00:00:00-04:00,7.427270889282227,7.453484553209658,7.418532723533965,7.427270889282227,42600,0.0,0.0,0.0,ICLN,iShares Global Clean Energy ETF
2017-04-07 00:00:00-04:00,7.418532723533965,7.4622227189579196,7.4097945577857045,7.427270889282227,42700,0.0,0.0,0.0,ICLN,iShares Global Clean Energy ETF
2017-04-10 00:00:00-04:00,7.453484637286173,7.47969913482666,7.418532807216218,7.47969913482666,47100,0.0,0.0,0.0,ICLN,iShares Global Clean Energy ETF
2017-04-11 00:00:00-04:00,7.479700214685279,7.505913882692923,7.436010212460886,7.470962047576904,39100,0.0,0.0,0.0,ICLN,iShares Global Clean Energy ETF
2017-04-12 00:00:00-04:00,7.4709608666716205,7.4884363648086065,7.444747202807467,7.453484535217285,25300,0.0,0.0,0.0,ICLN,iShares Global Clean Energy ETF
2017-04-13 00:00:00-04:00,7.427269595498927,7.497173242673541,7.374841443459364,7.392317771911621,27500,0.0,0.0,0.0,ICLN,iShares Global Clean Energy ETF
2017-04-17 00:00:00-04:00,7.593291099666918,7.593291099666918,7.4360082987807985,7.49717378616333,74400,0.0,0.0,0.0,ICLN,iShares Global Clean Energy ETF
2017-04-18 00:00:00-04:00,7.444747220778749,7.47096088470618,7.418532723533965,7.427270889282227,32000,0.0,0.0,0.0,ICLN,iShares Global Clean Energy ETF
2017-04-19 00:00:00-04:00,7.4447484522113125,7.505913955931796,7.38358211517334,7.38358211517334,29700,0.0,0.0,0.0,ICLN,iShares Global Clean Energy ETF
2017-04-20 00:00:00-04:00,7.436008594018787,7.436008594018787,7.392318601303491,7.40105676651001,35400,0.0,0.0,0.0,ICLN,iShares Global Clean Energy ETF
2017-04-21 00:00:00-04:00,7.453485198419719,7.470961531429078,7.357367866820516,7.366106033325195,34700,0.0,0.0,0.0,ICLN,iShares Global Clean Energy ETF
2017-04-24 00:00:00-04:00,7.505912696262942,7.505912696262942,7.418532705625965,7.453484535217285,51400,0.0,0.0,0.0,ICLN,iShares Global Clean Energy ETF
2017-04-25 00:00:00-04:00,7.488436467356128,7.5146509648966155,7.453484637286173,7.47969913482666,17600,0.0,0.0,0.0,ICLN,iShares Global Clean Energy ETF
2017-04-26 00:00:00-04:00,7.488435172501012,7.49717333683689,7.444746017456054,7.444746017456055,62200,0.0,0.0,0.0,ICLN,iShares Global Clean Energy ETF
2017-04-27 00:00:00-04:00,7.453485283978734,7.470961617188705,7.36610611788118,7.40979528427124,71600,0.0,0.0,0.0,ICLN,iShares Global Clean Energy ETF
2017-04-28 00:00:00-04:00,7.453485283978734,7.453485283978734,7.401057950983688,7.40979528427124,101700,0.0,0.0,0.0,ICLN,iShares Global Clean Energy ETF
2017-05-01 00:00:00-04:00,7.479700214685279,7.488437548476173,7.453485713360155,7.470962047576904,61500,0.0,0.0,0.0,ICLN,iShares Global Clean Energy ETF
2017-05-02 00:00:00-04:00,7.48843641299934,7.567078238415236,7.4709609147498925,7.558340072631836,83000,0.0,0.0,0.0,ICLN,iShares Global Clean Energy ETF
2017-05-03 00:00:00-04:00,7.575817861210539,7.602031530284905,7.532127857208252,7.532127857208252,29300,0.0,0.0,0.0,ICLN,iShares Global Clean Energy ETF
2017-05-04 00:00:00-04:00,7.514651901371813,7.523389234990127,7.4447482325205145,7.505913734436035,27500,0.0,0.0,0.0,ICLN,iShares Global Clean Energy ETF
2017-05-05 00:00:00-04:00,7.54960469099906,7.636983871459961,7.514652852151185,7.636983871459961,35100,0.0,0.0,0.0,ICLN,iShares Global Clean Energy ETF
2017-05-08 00:00:00-04:00,7.584555570223112,7.593292903841426,7.497175567500256,7.505913734436035,46900,0.0,0.0,0.0,ICLN,iShares Global Clean Energy ETF
2017-05-09 00:00:00-04:00,7.549602123937595,7.610767612794123,7.540863958867438,7.593291282653809,33100,0.0,0.0,0.0,ICLN,iShares Global Clean Energy ETF
2017-05-10 00:00:00-04:00,7.584554302781247,7.645719794475506,7.558339806354571,7.602029800415039,34700,0.0,0.0,0.0,ICLN,iShares Global Clean Energy ETF
2017-05-11 00:00:00-04:00,7.584556028674499,7.584556028674499,7.505914188133886,7.532127857208252,13100,0.0,0.0,0.0,ICLN,iShares Global Clean Energy ETF
2017-05-12 00:00:00-04:00,7.593291174216288,7.636981165625865,7.540863851178616,7.575815677642822,44600,0.0,0.0,0.0,ICLN,iShares Global Clean Energy ETF
2017-05-15 00:00:00-04:00,7.636981115382739,7.671932941617,7.636981115382739,7.663195610046387,22700,0.0,0.0,0.0,ICLN,iShares Global Clean Energy ETF
2017-05-16 00:00:00-04:00,7.680673046111325,7.715624881172,7.619507543084513,7.628244876861572,50800,0.0,0.0,0.0,ICLN,iShares Global Clean Energy ETF
2017-05-17 00:00:00-04:00,7.6107666824913816,7.636980341180338,7.497173050416324,7.540863037109375,29100,0.0,0.0,0.0,ICLN,iShares Global Clean Energy ETF
2017-05-18 00:00:00-04:00,7.4796977475384905,7.514649571125798,7.383579607685492,7.392317771911621,31600,0.0,0.0,0.0,ICLN,iShares Global Clean Energy ETF
2017-05-19 00:00:00-04:00,7.4797000669461635,7.532127401925906,7.453485566138828,7.505913734436035,39200,0.0,0.0,0.0,ICLN,iShares Global Clean Energy ETF
2017-05-22 00:00:00-04:00,7.514650115882492,7.549601942003548,7.49717378616333,7.49717378616333,28500,0.0,0.0,0.0,ICLN,iShares Global Clean Energy ETF
2017-05-23 00:00:00-04:00,7.505912620716064,7.60202994279544,7.505912620716064,7.567078113555908,14800,0.0,0.0,0.0,ICLN,iShares Global Clean Energy ETF
2017-05-24 00:00:00-04:00,7.558340649726635,7.602030648662105,7.549603316593476,7.584555149078369,20100,0.0,0.0,0.0,ICLN,iShares Global Clean Energy ETF
2017-05-25 00:00:00-04:00,7.584556529846934,7.689412046390559,7.584556529846934,7.636983871459961,26600,0.0,0.0,0.0,ICLN,iShares Global Clean Energy ETF
2017-05-26 00:00:00-04:00,7.698149380300403,7.7505767162326755,7.584555708023838,7.628244876861572,54700,0.0,0.0,0.0,ICLN,iShares Global Clean Energy ETF
2017-05-30 00:00:00-04:00,7.584556428070117,7.636983768979624,7.575818260146013,7.619508266448975,43400,0.0,0.0,0.0,ICLN,iShares Global Clean Energy ETF
2017-05-31 00:00:00-04:00,7.628243109617151,7.628243109617151,7.558339455690466,7.593291282653809,38600,0.0,0.0,0.0,ICLN,iShares Global Clean Energy ETF
2017-06-01 00:00:00-04:00,7.602031104875613,7.628244772483064,7.5845556042431355,7.610769271850586,40300,0.0,0.0,0.0,ICLN,iShares Global Clean Energy ETF
2017-06-02 00:00:00-04:00,7.610769271850586,7.6195074388255595,7.567079270293189,7.610769271850586,39000,0.0,0.0,0.0,ICLN,iShares Global Clean Energy ETF
2017-06-05 00:00:00-04:00,7.654459273407983,7.654459273407983,7.575817437268163,7.610769271850586,66300,0.0,0.0,0.0,ICLN,iShares Global Clean Energy ETF
2017-06-06 00:00:00-04:00,7.610767965890597,7.636981628999948,7.59329163493948,7.602029800415039,67400,0.0,0.0,0.0,ICLN,iShares Global Clean Energy ETF
2017-06-07 00:00:00-04:00,7.6369816637460834,7.6369816637460834,7.549602508544922,7.549602508544922,55000,0.0,0.0,0.0,ICLN,iShares Global Clean Energy ETF
2017-06-08 00:00:00-04:00,7.523388118677159,7.575816279195126,7.479698957115751,7.567078113555908,56800,0.0,0.0,0.0,ICLN,iShares Global Clean Energy ETF
2017-06-09 00:00:00-04:00,7.549601942003548,7.567077438405443,7.48843562130375,7.49717378616333,53500,0.0,0.0,0.0,ICLN,iShares Global Clean Energy ETF
2017-06-12 00:00:00-04:00,7.479698289761435,7.540863777143968,7.470960124901855,7.49717378616333,27000,0.0,0.0,0.0,ICLN,iShares Global Clean Energy ETF
2017-06-13 00:00:00-04:00,7.5845537681246045,7.5845537681246045,7.470960124901855,7.49717378616333,70000,0.0,0.0,0.0,ICLN,iShares Global Clean Energy ETF
2017-06-14 00:00:00-04:00,7.540863777143968,7.549601942003548,7.479698289761435,7.49717378616333,39400,0.0,0.0,0.0,ICLN,iShares Global Clean Energy ETF
2017-06-15 00:00:00-04:00,7.453484553209658,7.4622227189579196,7.383580893858272,7.427270889282227,89500,0.0,0.0,0.0,ICLN,iShares Global Clean Energy ETF
2017-06-16 00:00:00-04:00,7.383582043128118,7.470962047576904,7.383582043128118,7.470962047576904,30200,0.0,0.0,0.0,ICLN,iShares Global Clean Energy ETF
2017-06-19 00:00:00-04:00,7.505911951022911,7.540863777143968,7.427270133921218,7.49717378616333,51400,0.0,0.0,0.0,ICLN,iShares Global Clean Energy ETF
2017-06-20 00:00:00-04:00,7.55315560601524,7.55315560601524,7.3843207359313965,7.3843207359313965,71500,0.143,0.0,0.0,ICLN,iShares Global Clean Energy ETF
2017-06-21 00:00:00-04:00,7.402093505797038,7.437637738759371,7.402093505797038,7.428751468658447,25500,0.0,0.0,0.0,ICLN,iShares Global Clean Energy ETF
2017-06-22 00:00:00-04:00,7.473182836593565,7.544271310745303,7.473182836593565,7.508727073669434,22600,0.0,0.0,0.0,ICLN,iShares Global Clean Energy ETF
2017-06-23 00:00:00-04:00,7.526498346784254,7.579814269687016,7.5176120771533546,7.544270038604736,118400,0.0,0.0,0.0,ICLN,iShares Global Clean Energy ETF
2017-06-26 00:00:00-04:00,7.6331318871393155,7.6331318871393155,7.562043417085514,7.606473922729492,31300,0.0,0.0,0.0,ICLN,iShares Global Clean Energy ETF
2017-06-27 00:00:00-04:00,7.615358186831348,7.615358186831348,7.55315599686193,7.5798139572143555,57700,0.0,0.0,0.0,ICLN,iShares Global Clean Energy ETF
2017-06-28 00:00:00-04:00,7.615359191171635,7.686447659781018,7.570929533871814,7.677562236785889,60500,0.0,0.0,0.0,ICLN,iShares Global Clean Energy ETF
2017-06-29 00:00:00-04:00,7.668675271113373,7.668675271113373,7.499839537891558,7.544270038604736,44100,0.0,0.0,0.0,ICLN,iShares Global Clean Energy ETF
2017-06-30 00:00:00-04:00,7.588701381495337,7.642018157756393,7.588701381495337,7.606473922729492,36300,0.0,0.0,0.0,ICLN,iShares Global Clean Energy ETF
2017-07-03 00:00:00-04:00,7.642016410827637,7.695332327459518,7.588699646754541,7.642016410827637,49800,0.0,0.0,0.0,ICLN,iShares Global Clean Energy ETF
2017-07-05 00:00:00-04:00,7.6153577456375015,7.6153577456375015,7.544269290522007,7.57092809677124,42800,0.0,0.0,0.0,ICLN,iShares Global Clean Energy ETF
2017-07-06 00:00:00-04:00,7.570930096437359,7.61535975703857,7.553157554243711,7.597588062286377,38500,0.0,0.0,0.0,ICLN,iShares Global Clean Energy ETF
2017-07-07 00:00:00-04:00,7.579815071493237,7.615359306335449,7.55315710722193,7.615359306335449,41000,0.0,0.0,0.0,ICLN,iShares Global Clean Energy ETF
2017-07-10 00:00:00-04:00,7.6509026511114655,7.6509026511114655,7.553156228527044,7.624244689941406,69700,0.0,0.0,0.0,ICLN,iShares Global Clean Energy ETF
2017-07-11 00:00:00-04:00,7.606474333383201,7.624246028135394,7.570930096437359,7.597588062286377,28600,0.0,0.0,0.0,ICLN,iShares Global Clean Energy ETF
2017-07-12 00:00:00-04:00,7.606473927090822,7.730878326035601,7.606473927090822,7.713106632232666,68400,0.0,0.0,0.0,ICLN,iShares Global Clean Energy ETF
2017-07-13 00:00:00-04:00,7.704220228140343,7.739764462571846,7.695333957672119,7.695333957672119,29000,0.0,0.0,0.0,ICLN,iShares Global Clean Energy ETF
2017-07-14 00:00:00-04:00,7.793080902084272,7.8286251349839375,7.766422091828503,7.819738864898682,114200,0.0,0.0,0.0,ICLN,iShares Global Clean Energy ETF
2017-07-17 00:00:00-04:00,7.82862458971389,7.837510011738911,7.793080359289909,7.81085205078125,83600,0.0,0.0,0.0,ICLN,iShares Global Clean Energy ETF
2017-07-18 00:00:00-04:00,7.855283354825297,7.89082758888798,7.837510814073263,7.881941318511963,40200,0.0,0.0,0.0,ICLN,iShares Global Clean Energy ETF
2017-07-19 00:00:00-04:00,7.890828538118967,7.997461253134448,7.890828538118967,7.988574981689453,99400,0.0,0.0,0.0,ICLN,iShares Global Clean Energy ETF
2017-07-20 00:00:00-04:00,7.988575047451579,8.024119286082673,7.970803351856779,7.997461318969727,27600,0.0,0.0,0.0,ICLN,iShares Global Clean Energy ETF
2017-07-21 00:00:00-04:00,8.033005491472942,8.033005491472942,7.9530307433509595,7.988574981689453,59500,0.0,0.0,0.0,ICLN,iShares Global Clean Energy ETF
2017-07-24 00:00:00-04:00,7.99746070925336,7.99746070925336,7.953030202491444,7.9796881675720215,47600,0.0,0.0,0.0,ICLN,iShares Global Clean Energy ETF
2017-07-25 00:00:00-04:00,7.997461253134448,8.006347524579443,7.979688710244457,7.988574981689453,39500,0.0,0.0,0.0,ICLN,iShares Global Clean Energy ETF
2017-07-26 00:00:00-04:00,8.015233318440185,8.095207214355469,7.970802811304068,8.095207214355469,31300,0.0,0.0,0.0,ICLN,iShares Global Clean Energy ETF
2017-07-27 00:00:00-04:00,7.988572189498803,7.997458457837842,7.881939511753908,7.908597469329834,57900,0.0,0.0,0.0,ICLN,iShares Global Clean Energy ETF
2017-07-28 00:00:00-04:00,8.006345748901367,8.006345748901367,7.944142710023517,8.006345748901367,25300,0.0,0.0,0.0,ICLN,iShares Global Clean Energy ETF
2017-07-31 00:00:00-04:00,8.0507762783077,8.121864739478696,7.9708015476300025,8.024117469787598,57400,0.0,0.0,0.0,ICLN,iShares Global Clean Energy ETF
2017-08-01 00:00:00-04:00,8.059659854693306,8.059659854693306,7.997457677273445,8.033001899719238,38700,0.0,0.0,0.0,ICLN,iShares Global Clean Energy ETF
2017-08-02 00:00:00-04:00,8.059661670863754,8.077434209812083,7.953028979497681,8.006345748901367,37700,0.0,0.0,0.0,ICLN,iShares Global Clean Energy ETF
2017-08-03 00:00:00-04:00,8.059659924656124,8.077432459753851,8.033001969450648,8.041888236999512,57800,0.0,0.0,0.0,ICLN,iShares Global Clean Energy ETF
2017-08-04 00:00:00-04:00,8.077433654537591,8.086319923400879,8.050775695388971,8.086319923400879,43600,0.0,0.0,0.0,ICLN,iShares Global Clean Energy ETF
2017-08-07 00:00:00-04:00,8.095205639290691,8.16629409790039,8.095205639290691,8.16629409790039,65000,0.0,0.0,0.0,ICLN,iShares Global Clean Energy ETF
2017-08-08 00:00:00-04:00,8.219613589911688,8.219613589911688,8.11298086665447,8.130752563476562,43900,0.0,0.0,0.0,ICLN,iShares Global Clean Energy ETF
2017-08-09 00:00:00-04:00,8.104092366235404,8.112978635923874,8.050776442987226,8.059661865234375,39700,0.0,0.0,0.0,ICLN,iShares Global Clean Energy ETF
2017-08-10 00:00:00-04:00,8.033003887888265,8.033003887888265,7.953029155731201,7.953029155731201,50800,0.0,0.0,0.0,ICLN,iShares Global Clean Energy ETF
2017-08-11 00:00:00-04:00,7.917483095015213,7.9796852734572195,7.917483095015213,7.961913585662842,27100,0.0,0.0,0.0,ICLN,iShares Global Clean Energy ETF
2017-08-14 00:00:00-04:00,7.961913454827652,8.050774434662689,7.961913454827652,8.033001899719238,28500,0.0,0.0,0.0,ICLN,iShares Global Clean Energy ETF
2017-08-15 00:00:00-04:00,8.033003942166175,8.059661903918213,8.006345980414135,8.050776481628418,29200,0.0,0.0,0.0,ICLN,iShares Global Clean Energy ETF
2017-08-16 00:00:00-04:00,8.112978867903987,8.112978867903987,8.050776673188746,8.104092597961426,47900,0.0,0.0,0.0,ICLN,iShares Global Clean Energy ETF
2017-08-17 00:00:00-04:00,8.077432761870552,8.077432761870552,7.908597061891716,7.917483329772949,102700,0.0,0.0,0.0,ICLN,iShares Global Clean Energy ETF
2017-08-18 00:00:00-04:00,7.9974595087088005,8.033003739294298,7.953029008616602,8.024117469787598,29500,0.0,0.0,0.0,ICLN,iShares Global Clean Energy ETF
2017-08-21 00:00:00-04:00,7.997457224557935,8.024115178022964,7.926368783690482,7.93525505065918,39300,0.0,0.0,0.0,ICLN,iShares Global Clean Energy ETF
2017-08-22 00:00:00-04:00,7.961915425402279,7.9974596566452725,7.953029155731201,7.953029155731201,30500,0.0,0.0,0.0,ICLN,iShares Global Clean Energy ETF
2017-08-23 00:00:00-04:00,7.944143722444149,8.015233039855957,7.944143722444149,8.015233039855957,26900,0.0,0.0,0.0,ICLN,iShares Global Clean Energy ETF
2017-08-24 00:00:00-04:00,8.033004733627854,8.068548968613053,7.979687957429349,8.015233039855957,20300,0.0,0.0,0.0,ICLN,iShares Global Clean Energy ETF
2017-08-25 00:00:00-04:00,8.059659924656124,8.059659924656124,8.024115701901785,8.041888236999512,23600,0.0,0.0,0.0,ICLN,iShares Global Clean Energy ETF
2017-08-28 00:00:00-04:00,8.050776442987226,8.059661865234375,8.033003903610286,8.059661865234375,216400,0.0,0.0,0.0,ICLN,iShares Global Clean Energy ETF
2017-08-29 00:00:00-04:00,8.015232211674666,8.068548134922844,7.997459672297727,8.059661865234375,73500,0.0,0.0,0.0,ICLN,iShares Global Clean Energy ETF
2017-08-30 00:00:00-04:00,8.068549249050374,8.095207214355469,8.04189128374528,8.095207214355469,73500,0.0,0.0,0.0,ICLN,iShares Global Clean Energy ETF
2017-08-31 00:00:00-04:00,8.095207346794233,8.112979888916016,8.041891415311786,8.112979888916016,443400,0.0,0.0,0.0,ICLN,iShares Global Clean Energy ETF
2017-09-01 00:00:00-04:00,8.112978079936683,8.157408577892864,8.104091810857195,8.139636039733887,571800,0.0,0.0,0.0,ICLN,iShares Global Clean Energy ETF
2017-09-05 00:00:00-04:00,8.130750366884534,8.157409176077898,8.041890211897297,8.050776481628418,73900,0.0,0.0,0.0,ICLN,iShares Global Clean Energy ETF
2017-09-06 00:00:00-04:00,8.112979955062945,8.121866226196289,8.068549446837688,8.121866226196289,28900,0.0,0.0,0.0,ICLN,iShares Global Clean Energy ETF
2017-09-07 00:00:00-04:00,8.121866159976907,8.121866159976907,8.086321923174793,8.112979888916016,23700,0.0,0.0,0.0,ICLN,iShares Global Clean Energy ETF
2017-09-08 00:00:00-04:00,8.104091613686212,8.104091613686212,8.068547385674304,8.086319923400879,42200,0.0,0.0,0.0,ICLN,iShares Global Clean Energy ETF
2017-09-11 00:00:00-04:00,8.112978079936683,8.157408577892864,8.112978079936683,8.139636039733887,48000,0.0,0.0,0.0,ICLN,iShares Global Clean Energy ETF
2017-09-12 00:00:00-04:00,8.18406670444121,8.21961093404212,8.148522474840302,8.175180435180664,98500,0.0,0.0,0.0,ICLN,iShares Global Clean Energy ETF
2017-09-13 00:00:00-04:00,8.192954633581136,8.192954633581136,8.112979888916016,8.112979888916016,57900,0.0,0.0,0.0,ICLN,iShares Global Clean Energy ETF
2017-09-14 00:00:00-04:00,8.157409110414578,8.237383842468262,8.139636571095396,8.237383842468262,23700,0.0,0.0,0.0,ICLN,iShares Global Clean Energy ETF
2017-09-15 00:00:00-04:00,8.219612054773934,8.317358487643697,8.184067820326623,8.210725784301758,39900,0.0,0.0,0.0,ICLN,iShares Global Clean Energy ETF
2017-09-18 00:00:00-04:00,8.272928571078715,8.272928571078715,8.130750790300713,8.148523330688477,62800,0.0,0.0,0.0,ICLN,iShares Global Clean Energy ETF
2017-09-19 00:00:00-04:00,8.201838531708017,8.201838531708017,8.130750071325814,8.192953109741211,53500,0.0,0.0,0.0,ICLN,iShares Global Clean Energy ETF
2017-09-20 00:00:00-04:00,8.192953901595223,8.20183932442081,8.139637127434824,8.15740966796875,47100,0.0,0.0,0.0,ICLN,iShares Global Clean Energy ETF
2017-09-21 00:00:00-04:00,8.201841045648042,8.210727317779865,8.121867138786293,8.130752563476562,56200,0.0,0.0,0.0,ICLN,iShares Global Clean Energy ETF
2017-09-22 00:00:00-04:00,8.1218653675482,8.184067564022635,8.08632113421404,8.148523330688477,36000,0.0,0.0,0.0,ICLN,iShares Global Clean Energy ETF
2017-09-25 00:00:00-04:00,8.112977786990426,8.112977786990426,7.953028339100191,7.970800876617432,48100,0.0,0.0,0.0,ICLN,iShares Global Clean Energy ETF
2017-09-26 00:00:00-04:00,7.9796852734572195,7.98857154107497,7.926369362632964,7.961913585662842,49400,0.0,0.0,0.0,ICLN,iShares Global Clean Energy ETF
2017-09-27 00:00:00-04:00,7.9708015184460095,8.006345748901367,7.944142710023517,8.006345748901367,51100,0.0,0.0,0.0,ICLN,iShares Global Clean Energy ETF
2017-09-28 00:00:00-04:00,7.953028339100191,7.988572566693439,7.944142070341571,7.970800876617432,29500,0.0,0.0,0.0,ICLN,iShares Global Clean Energy ETF
2017-09-29 00:00:00-04:00,8.033004945174607,8.033004945174607,7.953030202491444,7.9796881675720215,65400,0.0,0.0,0.0,ICLN,iShares Global Clean Energy ETF
2017-10-02 00:00:00-04:00,8.0063457782155,8.024117469787598,7.9796869696954,8.024117469787598,86500,0.0,0.0,0.0,ICLN,iShares Global Clean Energy ETF
2017-10-03 00:00:00-04:00,8.086320905517647,8.112978867903987,8.041890403246185,8.104092597961426,34100,0.0,0.0,0.0,ICLN,iShares Global Clean Energy ETF
2017-10-04 00:00:00-04:00,8.104091613686212,8.130749572834832,8.068547385674304,8.086319923400879,50300,0.0,0.0,0.0,ICLN,iShares Global Clean Energy ETF
2017-10-05 00:00:00-04:00,8.095205344822924,8.130749572834832,8.086319923400879,8.086319923400879,36500,0.0,0.0,0.0,ICLN,iShares Global Clean Energy ETF
2017-10-06 00:00:00-04:00,8.095205344822924,8.104091613686212,8.068547385674304,8.086319923400879,62100,0.0,0.0,0.0,ICLN,iShares Global Clean Energy ETF
2017-10-09 00:00:00-04:00,8.139636636615656,8.139636636615656,8.041890211897297,8.050776481628418,145900,0.0,0.0,0.0,ICLN,iShares Global Clean Energy ETF
2017-10-10 00:00:00-04:00,8.104094594522646,8.148525107740209,8.095208322390823,8.130752563476562,44800,0.0,0.0,0.0,ICLN,iShares Global Clean Energy ETF
2017-10-11 00:00:00-04:00,8.157409600882358,8.157409600882358,8.130750790300713,8.148523330688477,114600,0.0,0.0,0.0,ICLN,iShares Global Clean Energy ETF
2017-10-12 00:00:00-04:00,8.18406670444121,8.210724664781573,8.148522474840302,8.175180435180664,34900,0.0,0.0,0.0,ICLN,iShares Global Clean Energy ETF
2017-10-13 00:00:00-04:00,8.1929540907988,8.228498325246113,8.1929540907988,8.210725784301758,44600,0.0,0.0,0.0,ICLN,iShares Global Clean Energy ETF
2017-10-16 00:00:00-04:00,8.210727317779865,8.228499862043511,8.130752563476562,8.130752563476562,64600,0.0,0.0,0.0,ICLN,iShares Global Clean Energy ETF
2017-10-17 00:00:00-04:00,8.166293450780456,8.219610214233398,8.157408029739305,8.219610214233398,35000,0.0,0.0,0.0,ICLN,iShares Global Clean Energy ETF
2017-10-18 00:00:00-04:00,8.219612054773934,8.219612054773934,8.1929540907988,8.210725784301758,27600,0.0,0.0,0.0,ICLN,iShares Global Clean Energy ETF
2017-10-19 00:00:00-04:00,8.148522308813375,8.148522308813375,8.095205541777705,8.139636039733887,59200,0.0,0.0,0.0,ICLN,iShares Global Clean Energy ETF
2017-10-20 00:00:00-04:00,8.139637921021517,8.175182158113431,8.121866226196289,8.121866226196289,50800,0.0,0.0,0.0,ICLN,iShares Global Clean Energy ETF
2017-10-23 00:00:00-04:00,8.201838228407782,8.210724497487272,8.139636039733887,8.139636039733887,109400,0.0,0.0,0.0,ICLN,iShares Global Clean Energy ETF
2017-10-24 00:00:00-04:00,8.175182158113431,8.175182158113431,8.086321989104375,8.121866226196289,122200,0.0,0.0,0.0,ICLN,iShares Global Clean Energy ETF
2017-10-25 00:00:00-04:00,8.308471762479122,8.308471762479122,8.059661312901014,8.139636039733887,182200,0.0,0.0,0.0,ICLN,iShares Global Clean Energy ETF
2017-10-26 00:00:00-04:00,8.16629399953109,8.175180268610578,8.121864349016171,8.139636039733887,32200,0.0,0.0,0.0,ICLN,iShares Global Clean Energy ETF
2017-10-27 00:00:00-04:00,8.148523941868106,8.272929191589355,8.148523941868106,8.272929191589355,30400,0.0,0.0,0.0,ICLN,iShares Global Clean Energy ETF
2017-10-30 00:00:00-04:00,8.246270379008166,8.29958715672911,8.219612413868411,8.272929191589355,67200,0.0,0.0,0.0,ICLN,iShares Global Clean Energy ETF
2017-10-31 00:00:00-04:00,8.29958715672911,8.29958715672911,8.26404292072896,8.272929191589355,43400,0.0,0.0,0.0,ICLN,iShares Global Clean Energy ETF
2017-11-01 00:00:00-04:00,8.308472402010915,8.326244094096579,8.264041900634766,8.264041900634766,112300,0.0,0.0,0.0,ICLN,iShares Global Clean Energy ETF
2017-11-02 00:00:00-04:00,8.308472498534734,8.335130460693591,8.281813688934538,8.29069995880127,31200,0.0,0.0,0.0,ICLN,iShares Global Clean Energy ETF
2017-11-03 00:00:00-04:00,8.228496482715755,8.237382751198114,8.157408029739305,8.219610214233398,38900,0.0,0.0,0.0,ICLN,iShares Global Clean Energy ETF
2017-11-06 00:00:00-05:00,8.255155726775678,8.317357920960127,8.237384034483552,8.29069995880127,73200,0.0,0.0,0.0,ICLN,iShares Global Clean Energy ETF
2017-11-07 00:00:00-05:00,8.290699224320145,8.290699224320145,8.130749770654399,8.139636039733887,54400,0.0,0.0,0.0,ICLN,iShares Global Clean Energy ETF
2017-11-08 00:00:00-05:00,8.219612215252932,8.246270179748535,8.184067980111656,8.246270179748535,38800,0.0,0.0,0.0,ICLN,iShares Global Clean Energy ETF
2017-11-09 00:00:00-05:00,8.121865137846548,8.121865137846548,8.068548365632525,8.104092597961426,71500,0.0,0.0,0.0,ICLN,iShares Global Clean Energy ETF
2017-11-10 00:00:00-05:00,8.077432459753851,8.077432459753851,8.033001969450648,8.041888236999512,38100,0.0,0.0,0.0,ICLN,iShares Global Clean Energy ETF
2017-11-13 00:00:00-05:00,8.068548134922844,8.068548134922844,8.033003903610286,8.059661865234375,108700,0.0,0.0,0.0,ICLN,iShares Global Clean Energy ETF
2017-11-14 00:00:00-05:00,8.041890211897297,8.050776481628418,7.997459710683015,8.050776481628418,58100,0.0,0.0,0.0,ICLN,iShares Global Clean Energy ETF
2017-11-15 00:00:00-05:00,8.00634698009403,8.015233250934699,7.953030202491444,7.9796881675720215,81800,0.0,0.0,0.0,ICLN,iShares Global Clean Energy ETF
2017-11-16 00:00:00-05:00,8.024117633921817,8.077434404611315,8.015232211674666,8.059661865234375,38900,0.0,0.0,0.0,ICLN,iShares Global Clean Energy ETF
2017-11-17 00:00:00-05:00,7.9796881675720215,7.9796881675720215,7.9619164733321135,7.9796881675720215,52900,0.0,0.0,0.0,ICLN,iShares Global Clean Energy ETF
2017-11-20 00:00:00-05:00,7.988572566693439,7.988572566693439,7.935256649024183,7.970800876617432,62800,0.0,0.0,0.0,ICLN,iShares Global Clean Energy ETF
2017-11-21 00:00:00-05:00,7.9974588354520595,7.9974588354520595,7.953028339100191,7.970800876617432,54900,0.0,0.0,0.0,ICLN,iShares Global Clean Energy ETF
2017-11-22 00:00:00-05:00,7.9708015184460095,8.024117440408396,7.961915248971845,8.006345748901367,95500,0.0,0.0,0.0,ICLN,iShares Global Clean Energy ETF
2017-11-24 00:00:00-05:00,8.024117469787598,8.024117469787598,7.9974595087088005,8.024117469787598,29300,0.0,0.0,0.0,ICLN,iShares Global Clean Energy ETF
2017-11-27 00:00:00-05:00,7.970799679897227,7.970799679897227,7.917482922791611,7.9263691902160645,80500,0.0,0.0,0.0,ICLN,iShares Global Clean Energy ETF
2017-11-28 00:00:00-05:00,7.961913523941971,8.041888236999512,7.961913523941971,8.041888236999512,113000,0.0,0.0,0.0,ICLN,iShares Global Clean Energy ETF
2017-11-29 00:00:00-05:00,8.041890089118262,8.041890089118262,7.935257396296788,7.944142818450928,867100,0.0,0.0,0.0,ICLN,iShares Global Clean Energy ETF
2017-11-30 00:00:00-05:00,7.9441412859755,7.953027553856733,7.908597061891716,7.917483329772949,56600,0.0,0.0,0.0,ICLN,iShares Global Clean Energy ETF
2017-12-01 00:00:00-05:00,7.917485457346666,7.917485457346666,7.819739026710287,7.855283260345459,55100,0.0,0.0,0.0,ICLN,iShares Global Clean Energy ETF
2017-12-04 00:00:00-05:00,7.793081237939797,7.899713941234304,7.686447687203894,7.695333957672119,108200,0.0,0.0,0.0,ICLN,iShares Global Clean Energy ETF
2017-12-05 00:00:00-05:00,7.721991606176536,7.748650416492143,7.686447373197087,7.730877876281738,47800,0.0,0.0,0.0,ICLN,iShares Global Clean Energy ETF
2017-12-06 00:00:00-05:00,7.721991606176536,7.730877876281738,7.6953336433022885,7.730877876281738,128800,0.0,0.0,0.0,ICLN,iShares Global Clean Energy ETF
2017-12-07 00:00:00-05:00,7.677561398551645,7.81085205078125,7.677561398551645,7.81085205078125,35000,0.0,0.0,0.0,ICLN,iShares Global Clean Energy ETF
2017-12-08 00:00:00-05:00,7.846394075854334,7.93525505065918,7.846394075854334,7.93525505065918,175800,0.0,0.0,0.0,ICLN,iShares Global Clean Energy ETF
2017-12-11 00:00:00-05:00,7.970799679897227,7.988571367305029,7.9263691902160645,7.9263691902160645,81400,0.0,0.0,0.0,ICLN,iShares Global Clean Energy ETF
2017-12-12 00:00:00-05:00,7.9352558655354155,7.9352558655354155,7.890825373570398,7.917483329772949,114600,0.0,0.0,0.0,ICLN,iShares Global Clean Energy ETF
2017-12-13 00:00:00-05:00,7.99746070925336,7.99746070925336,7.9619164733321135,7.9796881675720215,44600,0.0,0.0,0.0,ICLN,iShares Global Clean Energy ETF
2017-12-14 00:00:00-05:00,7.953030808820484,8.024119286082673,7.953030808820484,7.997461318969727,112800,0.0,0.0,0.0,ICLN,iShares Global Clean Energy ETF
2017-12-15 00:00:00-05:00,8.041888236999512,8.068546192204987,7.979685211598581,8.041888236999512,87700,0.0,0.0,0.0,ICLN,iShares Global Clean Energy ETF
2017-12-18 00:00:00-05:00,8.121866159976907,8.139637854657238,8.095207346794233,8.112979888916016,101600,0.0,0.0,0.0,ICLN,iShares Global Clean Energy ETF
2017-12-19 00:00:00-05:00,8.157407172811393,8.157407172811393,8.041888236999512,8.041888236999512,69300,0.0,0.0,0.0,ICLN,iShares Global Clean Energy ETF
2017-12-20 00:00:00-05:00,8.121866027102001,8.121866027102001,8.077435519965885,8.095207214355469,48800,0.0,0.0,0.0,ICLN,iShares Global Clean Energy ETF
2017-12-21 00:00:00-05:00,8.210968802816117,8.219942744979292,8.184047832128815,8.193021774291992,63200,0.089,0.0,0.0,ICLN,iShares Global Clean Energy ETF
2017-12-22 00:00:00-05:00,8.201996803283691,8.22891777753823,8.193022859931398,8.201996803283691,59600,0.0,0.0,0.0,ICLN,iShares Global Clean Energy ETF
2017-12-26 00:00:00-05:00,8.255837827186514,8.255837827186514,8.19302194236016,8.210968971252441,60200,0.0,0.0,0.0,ICLN,iShares Global Clean Energy ETF
2017-12-27 00:00:00-05:00,8.264807877630272,8.29172883619272,8.237886919067822,8.282754898071289,356800,0.0,0.0,0.0,ICLN,iShares Global Clean Energy ETF
2017-12-28 00:00:00-05:00,8.327627182006836,8.345575065683338,8.300706212294282,8.327627182006836,54900,0.0,0.0,0.0,ICLN,iShares Global Clean Energy ETF
2017-12-29 00:00:00-05:00,8.372493607815384,8.372493607815384,8.336598706672202,8.363519668579102,78800,0.0,0.0,0.0,ICLN,iShares Global Clean Energy ETF
2018-01-02 00:00:00-05:00,8.408388215942688,8.489151954650879,8.390441193897491,8.489151954650879,102000,0.0,0.0,0.0,ICLN,iShares Global Clean Energy ETF
2018-01-03 00:00:00-05:00,8.498128490035251,8.498128490035251,8.444285695845053,8.471206665039062,64200,0.0,0.0,0.0,ICLN,iShares Global Clean Energy ETF
2018-01-04 00:00:00-05:00,8.453257934979678,8.480178898751662,8.363520248003722,8.4083890914917,364000,0.0,0.0,0.0,ICLN,iShares Global Clean Energy ETF
2018-01-05 00:00:00-05:00,8.444286213333507,8.471207184177304,8.408391300274367,8.435312271118164,167200,0.0,0.0,0.0,ICLN,iShares Global Clean Energy ETF
2018-01-08 00:00:00-05:00,8.462233764119778,8.560944557189941,8.453259822258255,8.560944557189941,155000,0.0,0.0,0.0,ICLN,iShares Global Clean Energy ETF
2018-01-09 00:00:00-05:00,8.596838339044055,8.60581227972623,8.507100643826474,8.542996406555176,102900,0.0,0.0,0.0,ICLN,iShares Global Clean Energy ETF
2018-01-10 00:00:00-05:00,8.560943161713256,8.560943161713256,8.507100375122958,8.52504825592041,80300,0.0,0.0,0.0,ICLN,iShares Global Clean Energy ETF
2018-01-11 00:00:00-05:00,8.587864291786985,8.704522951801279,8.578891207018252,8.695549011230469,106000,0.0,0.0,0.0,ICLN,iShares Global Clean Energy ETF
2018-01-12 00:00:00-05:00,8.722471484270299,8.722471484270299,8.659654751386038,8.668628692626953,63500,0.0,0.0,0.0,ICLN,iShares Global Clean Energy ETF
2018-01-16 00:00:00-05:00,8.758364981064387,8.76733892085817,8.596837487984288,8.632732391357422,247500,0.0,0.0,0.0,ICLN,iShares Global Clean Energy ETF
2018-01-17 00:00:00-05:00,8.632733102193184,8.686575889587402,8.58786425533168,8.686575889587402,88300,0.0,0.0,0.0,ICLN,iShares Global Clean Energy ETF
2018-01-18 00:00:00-05:00,8.650681091649826,8.686575998428369,8.587864362935811,8.623759269714355,128800,0.0,0.0,0.0,ICLN,iShares Global Clean Energy ETF
2018-01-19 00:00:00-05:00,8.659653490741825,8.659653490741825,8.60581156273875,8.641706466674805,58400,0.0,0.0,0.0,ICLN,iShares Global Clean Energy ETF
2018-01-22 00:00:00-05:00,8.632732526740288,8.659653490741825,8.632732526740288,8.641706466674805,62700,0.0,0.0,0.0,ICLN,iShares Global Clean Energy ETF
2018-01-23 00:00:00-05:00,8.668628080108064,8.677602020714888,8.596838266857644,8.614786148071289,139100,0.0,0.0,0.0,ICLN,iShares Global Clean Energy ETF
2018-01-24 00:00:00-05:00,8.614786662920805,8.641707630548083,8.525048963093703,8.57889175415039,132900,0.0,0.0,0.0,ICLN,iShares Global Clean Energy ETF
2018-01-25 00:00:00-05:00,8.632733995008518,8.641707936469336,8.578892057847927,8.605813026428223,62000,0.0,0.0,0.0,ICLN,iShares Global Clean Energy ETF
2018-01-26 00:00:00-05:00,8.587865143506585,8.61478696788904,8.542997147806814,8.605813026428223,69100,0.0,0.0,0.0,ICLN,iShares Global Clean Energy ETF
2018-01-29 00:00:00-05:00,8.641707630548083,8.641707630548083,8.560943871864117,8.57889175415039,52800,0.0,0.0,0.0,ICLN,iShares Global Clean Energy ETF
2018-01-30 00:00:00-05:00,8.614786662920805,8.632733689404947,8.542996845379976,8.57889175415039,128200,0.0,0.0,0.0,ICLN,iShares Global Clean Energy ETF
2018-01-31 00:00:00-05:00,8.668628634818822,8.677602575999892,8.569917849233452,8.587864875793457,164200,0.0,0.0,0.0,ICLN,iShares Global Clean Energy ETF
2018-02-01 00:00:00-05:00,8.56094343211744,8.569917372799615,8.525048525190824,8.542996406555176,102700,0.0,0.0,0.0,ICLN,iShares Global Clean Energy ETF
2018-02-02 00:00:00-05:00,8.462234147772783,8.462234147772783,8.354549407958984,8.354549407958984,67500,0.0,0.0,0.0,ICLN,iShares Global Clean Energy ETF
2018-02-05 00:00:00-05:00,8.300706289894139,8.327627259858367,8.094310760498047,8.094310760498047,126000,0.0,0.0,0.0,ICLN,iShares Global Clean Energy ETF
2018-02-06 00:00:00-05:00,7.950727391495955,8.184044662564709,7.878937593598169,8.166097640991211,312400,0.0,0.0,0.0,ICLN,iShares Global Clean Energy ETF
2018-02-07 00:00:00-05:00,8.1571240723301,8.228913873484444,8.103281293563377,8.12122917175293,84600,0.0,0.0,0.0,ICLN,iShares Global Clean Energy ETF
2018-02-08 00:00:00-05:00,8.112257373386807,8.14815228343622,7.905861854553223,7.905861854553223,60100,0.0,0.0,0.0,ICLN,iShares Global Clean Energy ETF
2018-02-09 00:00:00-05:00,7.959704230260843,7.986625200330555,7.762281786211133,7.9417572021484375,116000,0.0,0.0,0.0,ICLN,iShares Global Clean Energy ETF
2018-02-12 00:00:00-05:00,7.9866240952389,8.112256697851064,7.977651010325388,8.085335731506348,118000,0.0,0.0,0.0,ICLN,iShares Global Clean Energy ETF
2018-02-13 00:00:00-05:00,8.112258006427862,8.193021774291992,8.094310977903737,8.193021774291992,74600,0.0,0.0,0.0,ICLN,iShares Global Clean Energy ETF
2018-02-14 00:00:00-05:00,8.085335519344143,8.30967889653481,8.085335519344143,8.300704956054688,47700,0.0,0.0,0.0,ICLN,iShares Global Clean Energy ETF
2018-02-15 00:00:00-05:00,8.35454803872373,8.480179786682129,8.336600157128474,8.480179786682129,95900,0.0,0.0,0.0,ICLN,iShares Global Clean Energy ETF
2018-02-16 00:00:00-05:00,8.507099287677105,8.551968128133181,8.46223130302298,8.516073226928711,35200,0.0,0.0,0.0,ICLN,iShares Global Clean Energy ETF
2018-02-20 00:00:00-05:00,8.480179786682129,8.52504863486817,8.480179786682129,8.480179786682129,52100,0.0,0.0,0.0,ICLN,iShares Global Clean Energy ETF
2018-02-21 00:00:00-05:00,8.534022196319137,8.614785948303554,8.498127290526291,8.52504825592041,102300,0.0,0.0,0.0,ICLN,iShares Global Clean Energy ETF
2018-02-22 00:00:00-05:00,8.63273324597067,8.63273324597067,8.48915361826421,8.542996406555176,47300,0.0,0.0,0.0,ICLN,iShares Global Clean Energy ETF
2018-02-23 00:00:00-05:00,8.56094175443551,8.56094175443551,8.435309176911446,8.489151954650879,59800,0.0,0.0,0.0,ICLN,iShares Global Clean Energy ETF
2018-02-26 00:00:00-05:00,8.50710219322366,8.596839904785156,8.489155164392708,8.596839904785156,81000,0.0,0.0,0.0,ICLN,iShares Global Clean Energy ETF
2018-02-27 00:00:00-05:00,8.56991831175406,8.61478716427886,8.471206665039062,8.471206665039062,77400,0.0,0.0,0.0,ICLN,iShares Global Clean Energy ETF
2018-02-28 00:00:00-05:00,8.498127606298414,8.498127606298414,8.36352106272201,8.399415969848633,65400,0.0,0.0,0.0,ICLN,iShares Global Clean Energy ETF
2018-03-01 00:00:00-05:00,8.40838929420936,8.426337174358059,8.282756700574549,8.345573425292969,36500,0.0,0.0,0.0,ICLN,iShares Global Clean Energy ETF
2018-03-02 00:00:00-05:00,8.264810282074318,8.399415969848633,8.237889315679874,8.399415969848633,93900,0.0,0.0,0.0,ICLN,iShares Global Clean Energy ETF
2018-03-05 00:00:00-05:00,8.345573492411834,8.435310326470951,8.336599552265312,8.426337242126465,43100,0.0,0.0,0.0,ICLN,iShares Global Clean Energy ETF
2018-03-06 00:00:00-05:00,8.462230993682121,8.507098976696076,8.444283115835004,8.489151954650879,54900,0.0,0.0,0.0,ICLN,iShares Global Clean Energy ETF
2018-03-07 00:00:00-05:00,8.471205200631353,8.525047985513808,8.43531029597706,8.507100105285645,32500,0.0,0.0,0.0,ICLN,iShares Global Clean Energy ETF
2018-03-08 00:00:00-05:00,8.516074963678232,8.516074963678232,8.435311205546903,8.498127937316895,42900,0.0,0.0,0.0,ICLN,iShares Global Clean Energy ETF
2018-03-09 00:00:00-05:00,8.560944557189941,8.569918499051465,8.516075703684523,8.560944557189941,47000,0.0,0.0,0.0,ICLN,iShares Global Clean Energy ETF
2018-03-12 00:00:00-04:00,8.596839084967403,8.61478696788904,8.578892057847927,8.605813026428223,31600,0.0,0.0,0.0,ICLN,iShares Global Clean Energy ETF
2018-03-13 00:00:00-04:00,8.632733725896674,8.668628634818822,8.534022940311305,8.587864875793457,38700,0.0,0.0,0.0,ICLN,iShares Global Clean Energy ETF
2018-03-14 00:00:00-04:00,8.632733995008518,8.632733995008518,8.578892057847927,8.605813026428223,40500,0.0,0.0,0.0,ICLN,iShares Global Clean Energy ETF
2018-03-15 00:00:00-04:00,8.641707114089677,8.68657596132171,8.578891241446078,8.614786148071289,32400,0.0,0.0,0.0,ICLN,iShares Global Clean Energy ETF
2018-03-16 00:00:00-04:00,8.569917409639746,8.596838375999914,8.525048561838076,8.551969528198242,76000,0.0,0.0,0.0,ICLN,iShares Global Clean Energy ETF
2018-03-19 00:00:00-04:00,8.569918933637606,8.614787789418353,8.534024020173455,8.596839904785156,60700,0.0,0.0,0.0,ICLN,iShares Global Clean Energy ETF
2018-03-20 00:00:00-04:00,8.62375984222452,8.668628692626953,8.605812815544832,8.668628692626953,47100,0.0,0.0,0.0,ICLN,iShares Global Clean Energy ETF
2018-03-21 00:00:00-04:00,8.623759198268147,8.74041785828244,8.623759198268147,8.695549011230469,47600,0.0,0.0,0.0,ICLN,iShares Global Clean Energy ETF
2018-03-22 00:00:00-04:00,8.614786220408405,8.677602093579459,8.525048525190824,8.542996406555176,77200,0.0,0.0,0.0,ICLN,iShares Global Clean Energy ETF
2018-03-23 00:00:00-04:00,8.534021956478625,8.578890801409202,8.426337242126465,8.426337242126465,44400,0.0,0.0,0.0,ICLN,iShares Global Clean Energy ETF
2018-03-26 00:00:00-04:00,8.605813512681223,8.722472190856934,8.569918600611944,8.722472190856934,51300,0.0,0.0,0.0,ICLN,iShares Global Clean Energy ETF
2018-03-27 00:00:00-04:00,8.749392393844186,8.749392393844186,8.56094390805238,8.587864875793457,42700,0.0,0.0,0.0,ICLN,iShares Global Clean Energy ETF
2018-03-28 00:00:00-04:00,8.587863854708312,8.605811734936474,8.480179140745433,8.507100105285645,101800,0.0,0.0,0.0,ICLN,iShares Global Clean Energy ETF
2018-03-29 00:00:00-04:00,8.507100643826474,8.57889131348179,8.44428477065542,8.542996406555176,55300,0.0,0.0,0.0,ICLN,iShares Global Clean Energy ETF
2018-04-02 00:00:00-04:00,8.534020852542831,8.551967874712266,8.381467312993971,8.417362213134766,77500,0.0,0.0,0.0,ICLN,iShares Global Clean Energy ETF
2018-04-03 00:00:00-04:00,8.55196941962561,8.623759232876031,8.525048453607223,8.614786148071289,1245000,0.0,0.0,0.0,ICLN,iShares Global Clean Energy ETF
2018-04-04 00:00:00-04:00,8.525048419395473,8.695549011230469,8.507100538253855,8.695549011230469,54100,0.0,0.0,0.0,ICLN,iShares Global Clean Energy ETF
2018-04-05 00:00:00-04:00,8.704522844146645,8.767339571563339,8.704522844146645,8.758365631103516,327400,0.0,0.0,0.0,ICLN,iShares Global Clean Energy ETF
2018-04-06 00:00:00-04:00,8.71349613789747,8.776312004849952,8.623758451563639,8.632732391357422,110200,0.0,0.0,0.0,ICLN,iShares Global Clean Energy ETF
2018-04-09 00:00:00-04:00,8.7493896484375,8.794258484461656,8.686573791484802,8.7493896484375,97900,0.0,0.0,0.0,ICLN,iShares Global Clean Energy ETF
2018-04-10 00:00:00-04:00,8.776314181631681,8.848104006183915,8.776314181631681,8.80323600769043,68900,0.0,0.0,0.0,ICLN,iShares Global Clean Energy ETF
2018-04-11 00:00:00-04:00,8.776310920715332,8.80323273677104,8.731442083091048,8.776310920715332,54700,0.0,0.0,0.0,ICLN,iShares Global Clean Energy ETF
2018-04-12 00:00:00-04:00,8.803236176070653,8.830157146842106,8.794262233879424,8.821183204650879,95600,0.0,0.0,0.0,ICLN,iShares Global Clean Energy ETF
2018-04-13 00:00:00-04:00,8.794262184862415,8.803236127003625,8.70452447505477,8.740419387817383,254000,0.0,0.0,0.0,ICLN,iShares Global Clean Energy ETF
2018-04-16 00:00:00-04:00,8.749391761712262,8.749391761712262,8.659654067989257,8.686575889587402,165900,0.0,0.0,0.0,ICLN,iShares Global Clean Energy ETF
2018-04-17 00:00:00-04:00,8.686573791484802,8.7493896484375,8.65965197638919,8.7493896484375,50800,0.0,0.0,0.0,ICLN,iShares Global Clean Energy ETF
2018-04-18 00:00:00-04:00,8.749390675779038,8.839128358364224,8.749390675779038,8.830154418945312,79200,0.0,0.0,0.0,ICLN,iShares Global Clean Energy ETF
2018-04-19 00:00:00-04:00,8.830157146842106,8.866052059804788,8.776314349496968,8.821183204650879,76300,0.0,0.0,0.0,ICLN,iShares Global Clean Energy ETF
2018-04-20 00:00:00-04:00,8.839128732698763,8.839128732698763,8.74939104631321,8.785285949707031,65300,0.0,0.0,0.0,ICLN,iShares Global Clean Energy ETF
2018-04-23 00:00:00-04:00,8.785286015516325,8.794259955382504,8.677601304528213,8.713496208190918,100900,0.0,0.0,0.0,ICLN,iShares Global Clean Energy ETF
2018-04-24 00:00:00-04:00,8.731443435260736,8.758365255485614,8.614785637494379,8.650680541992188,99400,0.0,0.0,0.0,ICLN,iShares Global Clean Energy ETF
2018-04-25 00:00:00-04:00,8.632733210359511,8.632733210359511,8.578891278092739,8.623759269714355,45700,0.0,0.0,0.0,ICLN,iShares Global Clean Energy ETF
2018-04-26 00:00:00-04:00,8.704523391555279,8.740418299849857,8.659654542236527,8.731444358825684,45500,0.0,0.0,0.0,ICLN,iShares Global Clean Energy ETF
2018-04-27 00:00:00-04:00,8.87502387925817,8.90194484359064,8.857075999168508,8.883996963500977,77000,0.0,0.0,0.0,ICLN,iShares Global Clean Energy ETF
2018-04-30 00:00:00-04:00,8.928868212494288,8.94681609741737,8.81220952790102,8.839131355285645,247700,0.0,0.0,0.0,ICLN,iShares Global Clean Energy ETF
2018-05-01 00:00:00-04:00,8.848103523254395,8.848103523254395,8.731444850773691,8.848103523254395,97900,0.0,0.0,0.0,ICLN,iShares Global Clean Energy ETF
2018-05-02 00:00:00-04:00,8.883998918460033,8.883998918460033,8.776314181631681,8.80323600769043,87700,0.0,0.0,0.0,ICLN,iShares Global Clean Energy ETF
2018-05-03 00:00:00-04:00,8.82118085310085,8.82118085310085,8.704522203120435,8.785285949707031,42200,0.0,0.0,0.0,ICLN,iShares Global Clean Energy ETF
2018-05-04 00:00:00-04:00,8.776314181631681,8.839130919966546,8.740419269355565,8.80323600769043,63500,0.0,0.0,0.0,ICLN,iShares Global Clean Energy ETF
2018-05-07 00:00:00-04:00,8.839130437526777,8.883998433571367,8.839130437526777,8.848103523254395,85200,0.0,0.0,0.0,ICLN,iShares Global Clean Energy ETF
2018-05-08 00:00:00-04:00,8.839131039766238,8.839131039766238,8.72247235933719,8.740419387817383,44400,0.0,0.0,0.0,ICLN,iShares Global Clean Energy ETF
2018-05-09 00:00:00-04:00,8.803236176070653,8.821183204650879,8.731445494343058,8.821183204650879,97700,0.0,0.0,0.0,ICLN,iShares Global Clean Energy ETF
2018-05-10 00:00:00-04:00,8.848104271396087,9.018605751669899,8.794262329269166,8.982710838317871,104700,0.0,0.0,0.0,ICLN,iShares Global Clean Energy ETF
2018-05-11 00:00:00-04:00,8.991681017294859,9.01860197709102,8.910917282104492,8.910917282104492,134600,0.0,0.0,0.0,ICLN,iShares Global Clean Energy ETF
2018-05-14 00:00:00-04:00,8.964759690364623,9.009628529671941,8.937838729101003,8.955785751342773,122700,0.0,0.0,0.0,ICLN,iShares Global Clean Energy ETF
2018-05-15 00:00:00-04:00,8.94681426766606,8.964761293116462,8.883997539084445,8.928866386413574,112000,0.0,0.0,0.0,ICLN,iShares Global Clean Energy ETF
2018-05-16 00:00:00-04:00,8.937838729101003,8.973733629386473,8.928864790079155,8.955785751342773,218500,0.0,0.0,0.0,ICLN,iShares Global Clean Energy ETF
2018-05-17 00:00:00-04:00,8.964761293116462,8.973735233742705,8.90194542033693,8.928866386413574,66100,0.0,0.0,0.0,ICLN,iShares Global Clean Energy ETF
2018-05-18 00:00:00-04:00,8.89297250943095,8.89297250943095,8.84810365690644,8.857077598571777,73800,0.0,0.0,0.0,ICLN,iShares Global Clean Energy ETF
2018-05-21 00:00:00-04:00,8.964763641357422,9.018606443416441,8.937842668229065,8.964763641357422,88400,0.0,0.0,0.0,ICLN,iShares Global Clean Energy ETF
2018-05-22 00:00:00-04:00,9.045524937788967,9.045524937788967,8.973735125251125,8.991683006286621,125800,0.0,0.0,0.0,ICLN,iShares Global Clean Energy ETF
2018-05-23 00:00:00-04:00,8.973733629386473,9.000654590650091,8.910917767837384,8.955785751342773,86900,0.0,0.0,0.0,ICLN,iShares Global Clean Energy ETF
2018-05-24 00:00:00-04:00,8.910920258160722,8.973736137264883,8.821182554467207,8.848103523254395,73400,0.0,0.0,0.0,ICLN,iShares Global Clean Energy ETF
2018-05-25 00:00:00-04:00,8.901946923150254,8.901946923150254,8.677603504433366,8.740419387817383,115400,0.0,0.0,0.0,ICLN,iShares Global Clean Energy ETF
2018-05-29 00:00:00-04:00,8.677602846510451,8.704523815090747,8.569918116387107,8.605813026428223,129900,0.0,0.0,0.0,ICLN,iShares Global Clean Energy ETF
2018-05-30 00:00:00-04:00,8.632731017095443,8.7493896484375,8.62375707873024,8.7493896484375,101400,0.0,0.0,0.0,ICLN,iShares Global Clean Energy ETF
2018-05-31 00:00:00-04:00,8.7583650517198,8.767338991585978,8.677601304528213,8.713496208190918,231400,0.0,0.0,0.0,ICLN,iShares Global Clean Energy ETF
2018-06-01 00:00:00-04:00,8.758366393431817,8.767340334672733,8.668628692626953,8.668628692626953,101100,0.0,0.0,0.0,ICLN,iShares Global Clean Energy ETF
2018-06-04 00:00:00-04:00,8.596839280948068,8.596839280948068,8.462233579175846,8.471206665039062,161800,0.0,0.0,0.0,ICLN,iShares Global Clean Energy ETF
2018-06-05 00:00:00-04:00,8.45325813877908,8.45325813877908,8.336599485218619,8.345573425292969,76300,0.0,0.0,0.0,ICLN,iShares Global Clean Energy ETF
2018-06-06 00:00:00-04:00,8.35454722983312,8.363520313959873,8.30070444606253,8.336599349975586,124000,0.0,0.0,0.0,ICLN,iShares Global Clean Energy ETF
2018-06-07 00:00:00-04:00,8.300704376608483,8.318652256315843,8.201993605624024,8.25583553314209,126300,0.0,0.0,0.0,ICLN,iShares Global Clean Energy ETF
2018-06-08 00:00:00-04:00,8.193019564029738,8.318652153015137,8.175071684545253,8.318652153015137,129900,0.0,0.0,0.0,ICLN,iShares Global Clean Energy ETF
2018-06-11 00:00:00-04:00,8.255837573736338,8.30070642829296,8.246863631664569,8.264811515808105,140800,0.0,0.0,0.0,ICLN,iShares Global Clean Energy ETF
2018-06-12 00:00:00-04:00,8.255837573736338,8.309680370364728,8.255837573736338,8.264811515808105,77800,0.0,0.0,0.0,ICLN,iShares Global Clean Energy ETF
2018-06-13 00:00:00-04:00,8.291732486221191,8.291732486221191,8.23789054539502,8.264811515808105,41200,0.0,0.0,0.0,ICLN,iShares Global Clean Energy ETF
2018-06-14 00:00:00-04:00,8.264809337237255,8.282756360847808,8.237888373920427,8.246861457824707,55200,0.0,0.0,0.0,ICLN,iShares Global Clean Energy ETF
2018-06-15 00:00:00-04:00,8.237889020041441,8.246862104649507,8.166099208364564,8.219941139221191,85800,0.0,0.0,0.0,ICLN,iShares Global Clean Energy ETF
2018-06-18 00:00:00-04:00,8.157126595717738,8.210968535338404,8.121231684036562,8.175073623657227,176500,0.0,0.0,0.0,ICLN,iShares Global Clean Energy ETF
2018-06-19 00:00:00-04:00,8.105931078858973,8.142321307758001,8.060443075832316,8.133223533630371,96500,0.124,0.0,0.0,ICLN,iShares Global Clean Energy ETF
2018-06-20 00:00:00-04:00,8.142321307758001,8.142321307758001,8.096833304731343,8.133223533630371,124500,0.0,0.0,0.0,ICLN,iShares Global Clean Energy ETF
2018-06-21 00:00:00-04:00,8.1423226785223,8.1423226785223,8.069542208471614,8.07863998413086,51800,0.0,0.0,0.0,ICLN,iShares Global Clean Energy ETF
2018-06-22 00:00:00-04:00,8.15141936104809,8.169614042314972,8.142321586608887,8.142321586608887,73100,0.0,0.0,0.0,ICLN,iShares Global Clean Energy ETF
2018-06-25 00:00:00-04:00,8.124125594303749,8.133222499663406,8.024051826845062,8.096832275390625,62100,0.0,0.0,0.0,ICLN,iShares Global Clean Energy ETF
2018-06-26 00:00:00-04:00,8.0422472118377,8.0422472118377,7.969466764748693,8.024051666259766,149800,0.0,0.0,0.0,ICLN,iShares Global Clean Energy ETF
2018-06-27 00:00:00-04:00,8.014956371770957,8.024053278776677,7.86939458072942,7.87849235534668,92100,0.0,0.0,0.0,ICLN,iShares Global Clean Energy ETF
2018-06-28 00:00:00-04:00,7.833004349871921,7.8875901299639395,7.805711893631681,7.87849235534668,46900,0.0,0.0,0.0,ICLN,iShares Global Clean Energy ETF
2018-06-29 00:00:00-04:00,7.951274595499789,7.960372372151922,7.933079909807258,7.942176818847656,39100,0.0,0.0,0.0,ICLN,iShares Global Clean Energy ETF
2018-07-02 00:00:00-04:00,7.887591894158329,7.942176818847656,7.842103878509399,7.942176818847656,125800,0.0,0.0,0.0,ICLN,iShares Global Clean Energy ETF
2018-07-03 00:00:00-04:00,7.987662599396522,8.005858147609327,7.960370144688807,7.978565692901611,62200,0.0,0.0,0.0,ICLN,iShares Global Clean Energy ETF
2018-07-05 00:00:00-04:00,7.987662594246631,8.005858142447705,7.9148821366653195,7.996760368347168,39700,0.0,0.0,0.0,ICLN,iShares Global Clean Energy ETF
2018-07-06 00:00:00-04:00,7.978567054714077,8.09683466783771,7.978567054714077,8.07863998413086,39800,0.0,0.0,0.0,ICLN,iShares Global Clean Energy ETF
2018-07-09 00:00:00-04:00,8.187810897827148,8.1969086737182,8.133225110092503,8.187810897827148,62800,0.0,0.0,0.0,ICLN,iShares Global Clean Energy ETF
2018-07-10 00:00:00-04:00,8.160516738891602,8.187809193271292,8.124126510514856,8.160516738891602,55900,0.0,0.0,0.0,ICLN,iShares Global Clean Energy ETF
2018-07-11 00:00:00-04:00,8.11502966076162,8.142322118249723,8.05134697075218,8.060443878173828,42300,0.0,0.0,0.0,ICLN,iShares Global Clean Energy ETF
2018-07-12 00:00:00-04:00,8.115028736517798,8.160516738891602,8.115028736517798,8.160516738891602,50300,0.0,0.0,0.0,ICLN,iShares Global Clean Energy ETF
2018-07-13 00:00:00-04:00,8.11502742767334,8.133222105121417,8.042246982658352,8.11502742767334,31500,0.0,0.0,0.0,ICLN,iShares Global Clean Energy ETF
2018-07-16 00:00:00-04:00,8.07863998413086,8.087737759790105,8.060444432812368,8.07863998413086,61900,0.0,0.0,0.0,ICLN,iShares Global Clean Energy ETF
2018-07-17 00:00:00-04:00,8.033151973446271,8.09683466783771,8.033151973446271,8.07863998413086,46100,0.0,0.0,0.0,ICLN,iShares Global Clean Energy ETF
2018-07-18 00:00:00-04:00,8.078637597059926,8.105930048361666,8.042247372787145,8.096832275390625,43100,0.0,0.0,0.0,ICLN,iShares Global Clean Energy ETF
2018-07-19 00:00:00-04:00,8.060442051117843,8.115027821332708,8.051345145758185,8.096832275390625,92500,0.0,0.0,0.0,ICLN,iShares Global Clean Energy ETF
2018-07-20 00:00:00-04:00,8.124126905342006,8.178711816754175,8.096833582024397,8.142321586608887,35300,0.0,0.0,0.0,ICLN,iShares Global Clean Energy ETF
2018-07-23 00:00:00-04:00,8.169613762529398,8.18780931078466,8.133223533630371,8.133223533630371,59900,0.0,0.0,0.0,ICLN,iShares Global Clean Energy ETF
2018-07-24 00:00:00-04:00,8.187808396401413,8.26968661918325,8.151418171566307,8.233296394348145,52900,0.0,0.0,0.0,ICLN,iShares Global Clean Energy ETF
2018-07-25 00:00:00-04:00,8.25149205166102,8.369760513305664,8.233297370891112,8.369760513305664,34500,0.0,0.0,0.0,ICLN,iShares Global Clean Energy ETF
2018-07-26 00:00:00-04:00,8.306077601705558,8.33337005591868,8.260589599609375,8.260589599609375,49000,0.0,0.0,0.0,ICLN,iShares Global Clean Energy ETF
2018-07-27 00:00:00-04:00,8.306076247982775,8.324270925288998,8.260588253300215,8.278783798217773,44100,0.0,0.0,0.0,ICLN,iShares Global Clean Energy ETF
2018-07-30 00:00:00-04:00,8.278786175318631,8.296980857849121,8.242395942646064,8.296980857849121,67500,0.0,0.0,0.0,ICLN,iShares Global Clean Energy ETF
2018-07-31 00:00:00-04:00,8.287882804870605,8.333370811088914,8.269688122950216,8.287882804870605,36100,0.0,0.0,0.0,ICLN,iShares Global Clean Energy ETF
2018-08-01 00:00:00-04:00,8.242395401000977,8.278785631282174,8.224199852054614,8.242395401000977,87600,0.0,0.0,0.0,ICLN,iShares Global Clean Energy ETF
2018-08-02 00:00:00-04:00,8.196907322044723,8.233297551996502,8.124126862141166,8.206005096435547,49300,0.0,0.0,0.0,ICLN,iShares Global Clean Energy ETF
2018-08-03 00:00:00-04:00,8.206004741265405,8.206004741265405,8.142321190897487,8.160516738891602,67400,0.0,0.0,0.0,ICLN,iShares Global Clean Energy ETF
2018-08-06 00:00:00-04:00,8.096833304731343,8.142321307758001,8.087736398215206,8.133223533630371,55900,0.0,0.0,0.0,ICLN,iShares Global Clean Energy ETF
2018-08-07 00:00:00-04:00,8.178709422409797,8.187807194185599,8.11502675520174,8.124124526977539,51900,0.0,0.0,0.0,ICLN,iShares Global Clean Energy ETF
2018-08-08 00:00:00-04:00,8.133221431142069,8.133221431142069,8.096831211650139,8.124124526977539,37600,0.0,0.0,0.0,ICLN,iShares Global Clean Energy ETF
2018-08-09 00:00:00-04:00,8.09683160247988,8.14231959594329,8.087734697876247,8.105929374694824,55500,0.0,0.0,0.0,ICLN,iShares Global Clean Energy ETF
2018-08-10 00:00:00-04:00,8.014958442992528,8.014958442992528,7.951274871826173,7.951274871826172,60200,0.0,0.0,0.0,ICLN,iShares Global Clean Energy ETF
2018-08-13 00:00:00-04:00,7.951273017602651,7.978566342142803,7.869394779205322,7.869394779205322,82200,0.0,0.0,0.0,ICLN,iShares Global Clean Energy ETF
2018-08-14 00:00:00-04:00,7.878491368101857,7.878491368101857,7.723832689434704,7.74202823638916,155400,0.0,0.0,0.0,ICLN,iShares Global Clean Energy ETF
2018-08-15 00:00:00-04:00,7.669249185149445,7.669249185149445,7.550980711169294,7.623761177062988,110300,0.0,0.0,0.0,ICLN,iShares Global Clean Energy ETF
2018-08-16 00:00:00-04:00,7.696541778650993,7.723834236939412,7.678346228050977,7.714736461639404,58200,0.0,0.0,0.0,ICLN,iShares Global Clean Energy ETF
2018-08-17 00:00:00-04:00,7.696541178597149,7.77841941469045,7.678345629415733,7.760223865509033,216600,0.0,0.0,0.0,ICLN,iShares Global Clean Energy ETF
2018-08-20 00:00:00-04:00,7.814809865348145,7.878492554052039,7.8057120905014274,7.869394779205322,68800,0.0,0.0,0.0,ICLN,iShares Global Clean Energy ETF
2018-08-21 00:00:00-04:00,7.923982408533028,8.014958442992528,7.923982408533028,7.951274871826172,39300,0.0,0.0,0.0,ICLN,iShares Global Clean Energy ETF
2018-08-22 00:00:00-04:00,7.969469957667484,7.969469957667484,7.9239819431095215,7.933079719543457,59100,0.0,0.0,0.0,ICLN,iShares Global Clean Energy ETF
2018-08-23 00:00:00-04:00,7.860297798926414,7.914882712276348,7.8239075674892735,7.833004474639893,73000,0.0,0.0,0.0,ICLN,iShares Global Clean Energy ETF
2018-08-24 00:00:00-04:00,7.905785083770752,7.9421753158811095,7.8693948516603935,7.905785083770752,46400,0.0,0.0,0.0,ICLN,iShares Global Clean Energy ETF
2018-08-27 00:00:00-04:00,7.905784367661884,8.005858147609327,7.905784367661884,7.978565692901611,86400,0.0,0.0,0.0,ICLN,iShares Global Clean Energy ETF
2018-08-28 00:00:00-04:00,7.969470148804055,7.996762611148719,7.933079909807258,7.942176818847656,69000,0.0,0.0,0.0,ICLN,iShares Global Clean Energy ETF
2018-08-29 00:00:00-04:00,7.942173839943935,8.014955158250876,7.942173839943935,7.987661838531494,52400,0.0,0.0,0.0,ICLN,iShares Global Clean Energy ETF
2018-08-30 00:00:00-04:00,7.914882785827346,7.914882785827346,7.869394779205322,7.869394779205322,43600,0.0,0.0,0.0,ICLN,iShares Global Clean Energy ETF
2018-08-31 00:00:00-04:00,7.869396152117623,7.933079719543457,7.869396152117623,7.933079719543457,70800,0.0,0.0,0.0,ICLN,iShares Global Clean Energy ETF
2018-09-04 00:00:00-04:00,7.860298764656705,7.860298764656705,7.787518292840485,7.814810752868652,65700,0.0,0.0,0.0,ICLN,iShares Global Clean Energy ETF
2018-09-05 00:00:00-04:00,7.860296967589875,7.860296967589875,7.732930737224868,7.769320964813232,60500,0.0,0.0,0.0,ICLN,iShares Global Clean Energy ETF
2018-09-06 00:00:00-04:00,7.7784187386131896,7.814808966201554,7.751126284824782,7.769320964813232,63700,0.0,0.0,0.0,ICLN,iShares Global Clean Energy ETF
2018-09-07 00:00:00-04:00,7.742029109951132,7.769321565850895,7.71473578643984,7.7238335609436035,35900,0.0,0.0,0.0,ICLN,iShares Global Clean Energy ETF
2018-09-10 00:00:00-04:00,7.76022379134713,7.76022379134713,7.705638879547606,7.7238335609436035,93200,0.0,0.0,0.0,ICLN,iShares Global Clean Energy ETF
2018-09-11 00:00:00-04:00,7.723832967951808,7.778418743172079,7.687442740342116,7.751126289367676,212400,0.0,0.0,0.0,ICLN,iShares Global Clean Energy ETF
2018-09-12 00:00:00-04:00,7.714735189624954,7.79661341860164,7.714735189624954,7.769320964813232,31100,0.0,0.0,0.0,ICLN,iShares Global Clean Energy ETF
2018-09-13 00:00:00-04:00,7.778419340354659,7.805711796254421,7.71473578643984,7.7238335609436035,47100,0.0,0.0,0.0,ICLN,iShares Global Clean Energy ETF
2018-09-14 00:00:00-04:00,7.723833566908095,7.769321571850512,7.687443336476467,7.705638885498047,150800,0.0,0.0,0.0,ICLN,iShares Global Clean Energy ETF
2018-09-17 00:00:00-04:00,7.705638879547606,7.732931335447368,7.696541105043842,7.7238335609436035,44700,0.0,0.0,0.0,ICLN,iShares Global Clean Energy ETF
2018-09-18 00:00:00-04:00,7.742030281052433,7.842103212896819,7.742030281052433,7.814810752868652,37300,0.0,0.0,0.0,ICLN,iShares Global Clean Energy ETF
2018-09-19 00:00:00-04:00,7.869395942254976,7.869395942254976,7.83300570510141,7.842103481292725,37000,0.0,0.0,0.0,ICLN,iShares Global Clean Energy ETF
2018-09-20 00:00:00-04:00,7.833004697898964,7.933078487912106,7.833004697898964,7.923980712890625,74500,0.0,0.0,0.0,ICLN,iShares Global Clean Energy ETF
2018-09-21 00:00:00-04:00,7.9603726487944755,8.014958442992528,7.951274871826173,7.951274871826172,63700,0.0,0.0,0.0,ICLN,iShares Global Clean Energy ETF
2018-09-24 00:00:00-04:00,7.960370591678938,7.969468366296198,7.87849235534668,7.87849235534668,52500,0.0,0.0,0.0,ICLN,iShares Global Clean Energy ETF
2018-09-25 00:00:00-04:00,7.896689270828918,7.896689270828918,7.842103481292725,7.842103481292725,27300,0.0,0.0,0.0,ICLN,iShares Global Clean Energy ETF
2018-09-26 00:00:00-04:00,7.851201257484039,7.896689270828918,7.8239087965217875,7.842103481292725,128300,0.0,0.0,0.0,ICLN,iShares Global Clean Energy ETF
2018-09-27 00:00:00-04:00,7.814809792727099,7.842102249402067,7.787517336052132,7.833004474639893,67200,0.0,0.0,0.0,ICLN,iShares Global Clean Energy ETF
2018-09-28 00:00:00-04:00,7.869393553587449,7.869393553587449,7.7784184221238775,7.823906421661377,66300,0.0,0.0,0.0,ICLN,iShares Global Clean Energy ETF
2018-10-01 00:00:00-04:00,7.8239072951067055,7.842101976386067,7.796613971770378,7.80571174621582,51900,0.0,0.0,0.0,ICLN,iShares Global Clean Energy ETF
2018-10-02 00:00:00-04:00,7.778419633572838,7.869394779205322,7.778419633572838,7.869394779205322,27300,0.0,0.0,0.0,ICLN,iShares Global Clean Energy ETF
2018-10-03 00:00:00-04:00,7.905784937514174,7.914882712276348,7.8239075674892735,7.833004474639893,58300,0.0,0.0,0.0,ICLN,iShares Global Clean Energy ETF
2018-10-04 00:00:00-04:00,7.787517114858423,7.787517114858423,7.71473578643984,7.7238335609436035,26700,0.0,0.0,0.0,ICLN,iShares Global Clean Energy ETF
2018-10-05 00:00:00-04:00,7.70563976921194,7.778420238421954,7.641956207944456,7.669249534606934,111300,0.0,0.0,0.0,ICLN,iShares Global Clean Energy ETF
2018-10-08 00:00:00-04:00,7.687443133344512,7.732931137084961,7.669248452415238,7.732931137084961,54700,0.0,0.0,0.0,ICLN,iShares Global Clean Energy ETF
2018-10-09 00:00:00-04:00,7.732930462911932,7.814808688984123,7.705638010091679,7.74202823638916,83100,0.0,0.0,0.0,ICLN,iShares Global Clean Energy ETF
2018-10-10 00:00:00-04:00,7.696540648745874,7.696540648745874,7.505491733551025,7.505491733551025,872000,0.0,0.0,0.0,ICLN,iShares Global Clean Energy ETF
2018-10-11 00:00:00-04:00,7.505491496852173,7.505491496852173,7.3872230418793094,7.414515495300293,71100,0.0,0.0,0.0,ICLN,iShares Global Clean Energy ETF
2018-10-12 00:00:00-04:00,7.469099970118871,7.569172860323942,7.469099970118871,7.550978183746338,129900,0.0,0.0,0.0,ICLN,iShares Global Clean Energy ETF
2018-10-15 00:00:00-04:00,7.541882043184551,7.5782722718233435,7.505491814545759,7.523687362670898,243200,0.0,0.0,0.0,ICLN,iShares Global Clean Energy ETF
2018-10-16 00:00:00-04:00,7.596467839460681,7.696540751571535,7.596467839460681,7.678345203399658,322500,0.0,0.0,0.0,ICLN,iShares Global Clean Energy ETF
2018-10-17 00:00:00-04:00,7.69654123581308,7.69654123581308,7.605565224452757,7.66015100479126,272600,0.0,0.0,0.0,ICLN,iShares Global Clean Energy ETF
2018-10-18 00:00:00-04:00,7.641954064803996,7.651051837806739,7.541881164607983,7.578271389007568,39400,0.0,0.0,0.0,ICLN,iShares Global Clean Energy ETF
2018-10-19 00:00:00-04:00,7.550980159479565,7.651053075868969,7.550980159479565,7.605565071105957,43600,0.0,0.0,0.0,ICLN,iShares Global Clean Energy ETF
2018-10-22 00:00:00-04:00,7.723832367921084,7.742027914118129,7.56917369569178,7.614661693572998,93600,0.0,0.0,0.0,ICLN,iShares Global Clean Energy ETF
2018-10-23 00:00:00-04:00,7.514590390213625,7.541882847701221,7.332639227610352,7.469102382659912,77800,0.0,0.0,0.0,ICLN,iShares Global Clean Energy ETF
2018-10-24 00:00:00-04:00,7.478199584634377,7.478199584634377,7.268955112966448,7.296248435974121,161500,0.0,0.0,0.0,ICLN,iShares Global Clean Energy ETF
2018-10-25 00:00:00-04:00,7.387223324781476,7.432711327299431,7.3417353222635215,7.405418872833252,155500,0.0,0.0,0.0,ICLN,iShares Global Clean Energy ETF
2018-10-26 00:00:00-04:00,7.332637783439715,7.405418234146839,7.259856898926886,7.350832462310791,49600,0.0,0.0,0.0,ICLN,iShares Global Clean Energy ETF
2018-10-29 00:00:00-04:00,7.369028374460247,7.369028374460247,7.159783917585551,7.196174144744873,165800,0.0,0.0,0.0,ICLN,iShares Global Clean Energy ETF
2018-10-30 00:00:00-04:00,7.17797953863632,7.296248435974121,7.17797953863632,7.296248435974121,180100,0.0,0.0,0.0,ICLN,iShares Global Clean Energy ETF
2018-10-31 00:00:00-04:00,7.359930511182394,7.40541851148073,7.350832737600438,7.378125190734863,86400,0.0,0.0,0.0,ICLN,iShares Global Clean Energy ETF
2018-11-01 00:00:00-04:00,7.469102869038204,7.605566032974068,7.469102869038204,7.587371349334717,326700,0.0,0.0,0.0,ICLN,iShares Global Clean Energy ETF
2018-11-02 00:00:00-04:00,7.660151819115396,7.66924959474089,7.514590879554038,7.587371349334717,64300,0.0,0.0,0.0,ICLN,iShares Global Clean Energy ETF
2018-11-05 00:00:00-05:00,7.651051881184988,7.71473455734247,7.651051881184988,7.696539878845215,65300,0.0,0.0,0.0,ICLN,iShares Global Clean Energy ETF
2018-11-06 00:00:00-05:00,7.742030212716316,7.787518224102863,7.742030212716316,7.778420448303223,66100,0.0,0.0,0.0,ICLN,iShares Global Clean Energy ETF
2018-11-07 00:00:00-05:00,7.9148821366653195,7.996760368347168,7.887589681975201,7.996760368347168,67300,0.0,0.0,0.0,ICLN,iShares Global Clean Energy ETF
2018-11-08 00:00:00-05:00,7.996762611148719,8.051348403449781,7.914884356502992,7.942176818847656,50700,0.0,0.0,0.0,ICLN,iShares Global Clean Energy ETF
2018-11-09 00:00:00-05:00,7.914882785827346,7.914882785827346,7.823907640194862,7.869394779205322,85100,0.0,0.0,0.0,ICLN,iShares Global Clean Energy ETF
2018-11-12 00:00:00-05:00,7.887591494637604,7.923981731791169,7.83300570510141,7.842103481292725,58400,0.0,0.0,0.0,ICLN,iShares Global Clean Energy ETF
2018-11-13 00:00:00-05:00,7.851201257484039,7.896689270828918,7.8239087965217875,7.842103481292725,35700,0.0,0.0,0.0,ICLN,iShares Global Clean Energy ETF
2018-11-14 00:00:00-05:00,7.878491327017234,7.914881553124949,7.796613101372021,7.823906421661377,23700,0.0,0.0,0.0,ICLN,iShares Global Clean Energy ETF
2018-11-15 00:00:00-05:00,7.796614119014421,7.914882586204179,7.760223888156922,7.87849235534668,58300,0.0,0.0,0.0,ICLN,iShares Global Clean Energy ETF
2018-11-16 00:00:00-05:00,7.860299243295401,7.951274404799614,7.842103690427531,7.933079719543457,75100,0.0,0.0,0.0,ICLN,iShares Global Clean Energy ETF
2018-11-19 00:00:00-05:00,7.933076896796376,7.933076896796376,7.833003126854758,7.851198673248291,125000,0.0,0.0,0.0,ICLN,iShares Global Clean Energy ETF
2018-11-20 00:00:00-05:00,7.778419340354659,7.787517114858423,7.696541105043842,7.7238335609436035,38700,0.0,0.0,0.0,ICLN,iShares Global Clean Energy ETF
2018-11-21 00:00:00-05:00,7.787517408419555,7.8875903288987566,7.787517408419555,7.869394779205322,33000,0.0,0.0,0.0,ICLN,iShares Global Clean Energy ETF
2018-11-23 00:00:00-05:00,7.823907449015024,7.869394586913991,7.796614125141795,7.860297679901123,15500,0.0,0.0,0.0,ICLN,iShares Global Clean Energy ETF
2018-11-26 00:00:00-05:00,7.887590203417707,7.960370665810479,7.887590203417707,7.914882659912109,76100,0.0,0.0,0.0,ICLN,iShares Global Clean Energy ETF
2018-11-27 00:00:00-05:00,7.914883696968485,8.051347732543945,7.914883696968485,8.051347732543945,60300,0.0,0.0,0.0,ICLN,iShares Global Clean Energy ETF
2018-11-28 00:00:00-05:00,8.096833728721906,8.215102195739746,8.078639047125376,8.215102195739746,63400,0.0,0.0,0.0,ICLN,iShares Global Clean Energy ETF
2018-11-29 00:00:00-05:00,8.206006449609252,8.206006449609252,8.124128201813114,8.187810897827148,33000,0.0,0.0,0.0,ICLN,iShares Global Clean Energy ETF
2018-11-30 00:00:00-05:00,8.133224834546132,8.18781062043146,8.11503015099211,8.178712844848633,242400,0.0,0.0,0.0,ICLN,iShares Global Clean Energy ETF
2018-12-03 00:00:00-05:00,8.26058987833938,8.278785426836402,8.196907193822817,8.26968765258789,122400,0.0,0.0,0.0,ICLN,iShares Global Clean Energy ETF
2018-12-04 00:00:00-05:00,8.287882104404474,8.287882104404474,8.124126510514856,8.160516738891602,171500,0.0,0.0,0.0,ICLN,iShares Global Clean Energy ETF
2018-12-06 00:00:00-05:00,8.00585609672595,8.124124526977539,7.92397788596629,8.124124526977539,351600,0.0,0.0,0.0,ICLN,iShares Global Clean Energy ETF
2018-12-07 00:00:00-05:00,8.10593313372966,8.133225595419752,7.933079719543457,7.933079719543457,48100,0.0,0.0,0.0,ICLN,iShares Global Clean Energy ETF
2018-12-10 00:00:00-05:00,7.887591894158329,7.951274595499789,7.823909192816869,7.942176818847656,87600,0.0,0.0,0.0,ICLN,iShares Global Clean Energy ETF
2018-12-11 00:00:00-05:00,8.033152850145514,8.033152850145514,7.896689670810462,7.942176818847656,42000,0.0,0.0,0.0,ICLN,iShares Global Clean Energy ETF
2018-12-12 00:00:00-05:00,8.133224343216495,8.133224343216495,7.9603709556430555,8.060443878173828,68000,0.0,0.0,0.0,ICLN,iShares Global Clean Energy ETF
2018-12-13 00:00:00-05:00,8.105931948671683,8.105931948671683,7.960371017456055,7.960371017456055,54700,0.0,0.0,0.0,ICLN,iShares Global Clean Energy ETF
2018-12-14 00:00:00-05:00,8.005857867463826,8.014955641251873,7.9330774123823655,7.969467639923096,51500,0.0,0.0,0.0,ICLN,iShares Global Clean Energy ETF
2018-12-17 00:00:00-05:00,7.969469402037395,7.969469402037395,7.760224896703942,7.778420448303223,64400,0.0,0.0,0.0,ICLN,iShares Global Clean Energy ETF
2018-12-18 00:00:00-05:00,7.865920253809212,7.875131144120187,7.718549522428996,7.7369704246521,236300,0.105,0.0,0.0,ICLN,iShares Global Clean Energy ETF
2018-12-19 00:00:00-05:00,7.7646020514058245,7.829076518114468,7.608020450771638,7.644863128662109,91200,0.0,0.0,0.0,ICLN,iShares Global Clean Energy ETF
2018-12-20 00:00:00-05:00,7.6540749954222305,7.727760360615322,7.515914276886053,7.561967849731445,108500,0.0,0.0,0.0,ICLN,iShares Global Clean Energy ETF
2018-12-21 00:00:00-05:00,7.552757006123459,7.598810579253248,7.396175384521484,7.396175384521484,95100,0.0,0.0,0.0,ICLN,iShares Global Clean Energy ETF
2018-12-24 00:00:00-05:00,7.506702672204705,7.506702672204705,7.368542845216401,7.377753734588623,72600,0.0,0.0,0.0,ICLN,iShares Global Clean Energy ETF
2018-12-26 00:00:00-05:00,7.35012187980608,7.598810195922852,7.322489649482261,7.598810195922852,353800,0.0,0.0,0.0,ICLN,iShares Global Clean Energy ETF
2018-12-27 00:00:00-05:00,7.515914276886053,7.589599642079144,7.405386229096416,7.561967849731445,91800,0.0,0.0,0.0,ICLN,iShares Global Clean Energy ETF
2018-12-28 00:00:00-05:00,7.6172321059849155,7.6724956891796685,7.552756754392615,7.58038854598999,83100,0.0,0.0,0.0,ICLN,iShares Global Clean Energy ETF
2018-12-31 00:00:00-05:00,7.690918477036295,7.690918477036295,7.5619686353522315,7.608022212982178,293700,0.0,0.0,0.0,ICLN,iShares Global Clean Energy ETF
2019-01-02 00:00:00-05:00,7.608022142345591,7.718550200591907,7.5619685651432285,7.663285732269287,63500,0.0,0.0,0.0,ICLN,iShares Global Clean Energy ETF
2019-01-03 00:00:00-05:00,7.644863766729418,7.663284668012762,7.580388416240705,7.598810195922852,60800,0.0,0.0,0.0,ICLN,iShares Global Clean Energy ETF
2019-01-04 00:00:00-05:00,7.690917876931481,7.82907772064209,7.6632852054702685,7.82907772064209,35000,0.0,0.0,0.0,ICLN,iShares Global Clean Energy ETF
2019-01-07 00:00:00-05:00,7.838289189945742,7.911974562485861,7.829078298778495,7.893552780151367,103400,0.0,0.0,0.0,ICLN,iShares Global Clean Energy ETF
2019-01-08 00:00:00-05:00,7.967237342007005,7.985659122467041,7.875131074903343,7.985659122467041,61100,0.0,0.0,0.0,ICLN,iShares Global Clean Energy ETF
2019-01-09 00:00:00-05:00,8.03171470581525,8.059346505023594,7.994872014071105,8.050135612487793,42000,0.0,0.0,0.0,ICLN,iShares Global Clean Energy ETF
2019-01-10 00:00:00-05:00,8.077766997332292,8.151452369028002,8.059345215208904,8.142241477966309,48800,0.0,0.0,0.0,ICLN,iShares Global Clean Energy ETF
2019-01-11 00:00:00-05:00,8.151450778372789,8.197503467896805,8.105397210450027,8.18829345703125,116400,0.0,0.0,0.0,ICLN,iShares Global Clean Energy ETF
2019-01-14 00:00:00-05:00,8.160663031584713,8.160663031584713,8.096188545816116,8.151453018188477,32400,0.0,0.0,0.0,ICLN,iShares Global Clean Energy ETF
2019-01-15 00:00:00-05:00,8.14224181916665,8.151452710614324,8.08697734887955,8.105399131774902,54300,0.0,0.0,0.0,ICLN,iShares Global Clean Energy ETF
2019-01-16 00:00:00-05:00,8.151451718397142,8.179083510977796,8.12381904741764,8.13302993774414,27900,0.0,0.0,0.0,ICLN,iShares Global Clean Energy ETF
2019-01-17 00:00:00-05:00,8.114607743560567,8.261978451726243,8.114607743560567,8.252767562866211,31900,0.0,0.0,0.0,ICLN,iShares Global Clean Energy ETF
2019-01-18 00:00:00-05:00,8.289612461912963,8.289612461912963,8.243558883666992,8.243558883666992,38200,0.0,0.0,0.0,ICLN,iShares Global Clean Energy ETF
2019-01-22 00:00:00-05:00,8.261980426571569,8.271190439234344,8.142241477966309,8.142241477966309,88700,0.0,0.0,0.0,ICLN,iShares Global Clean Energy ETF
2019-01-23 00:00:00-05:00,8.234347992338009,8.252769774995976,8.18829529249098,8.243558883666992,92400,0.0,0.0,0.0,ICLN,iShares Global Clean Energy ETF
2019-01-24 00:00:00-05:00,8.289611724253659,8.42777156829834,8.280400833744315,8.42777156829834,91600,0.0,0.0,0.0,ICLN,iShares Global Clean Energy ETF
2019-01-25 00:00:00-05:00,8.483037948608398,8.519880640566779,8.446195256650018,8.483037948608398,100300,0.0,0.0,0.0,ICLN,iShares Global Clean Energy ETF
2019-01-28 00:00:00-05:00,8.473823879318527,8.473823879318527,8.40934941216157,8.436981201171875,89400,0.0,0.0,0.0,ICLN,iShares Global Clean Energy ETF
2019-01-29 00:00:00-05:00,8.483036351794546,8.53830081852888,8.483036351794546,8.52908992767334,148200,0.0,0.0,0.0,ICLN,iShares Global Clean Energy ETF
2019-01-30 00:00:00-05:00,8.54750981265224,8.63961695343637,8.51987802177652,8.584352493286133,53900,0.0,0.0,0.0,ICLN,iShares Global Clean Energy ETF
2019-01-31 00:00:00-05:00,8.658038118396131,8.740934371948242,8.621195436639507,8.740934371948242,548600,0.0,0.0,0.0,ICLN,iShares Global Clean Energy ETF
2019-02-01 00:00:00-05:00,8.805411337808772,8.805411337808772,8.704093285607852,8.750146865844727,134200,0.0,0.0,0.0,ICLN,iShares Global Clean Energy ETF
2019-02-04 00:00:00-05:00,8.740934371948242,8.750145261987104,8.676459898473855,8.740934371948242,85000,0.0,0.0,0.0,ICLN,iShares Global Clean Energy ETF
2019-02-05 00:00:00-05:00,8.7593568098776,8.805410385131836,8.750145919146977,8.805410385131836,184600,0.0,0.0,0.0,ICLN,iShares Global Clean Energy ETF
2019-02-06 00:00:00-05:00,8.750146865844727,8.823832242864132,8.750146865844727,8.750146865844727,60700,0.0,0.0,0.0,ICLN,iShares Global Clean Energy ETF
2019-02-07 00:00:00-05:00,8.740935355901186,8.740935355901186,8.611986394436835,8.658039093017578,103000,0.0,0.0,0.0,ICLN,iShares Global Clean Energy ETF
2019-02-08 00:00:00-05:00,8.593564344377949,8.65803882310011,8.593564344377949,8.639617919921875,74000,0.0,0.0,0.0,ICLN,iShares Global Clean Energy ETF
2019-02-11 00:00:00-05:00,8.68567082048521,8.713302612304688,8.658038150266908,8.713302612304688,69800,0.0,0.0,0.0,ICLN,iShares Global Clean Energy ETF
2019-02-12 00:00:00-05:00,8.80541099477281,8.80541099477281,8.768568307698404,8.786989212036133,86300,0.0,0.0,0.0,ICLN,iShares Global Clean Energy ETF
2019-02-13 00:00:00-05:00,8.814621657954852,8.814621657954852,8.768568954513967,8.7962007522583,43000,0.0,0.0,0.0,ICLN,iShares Global Clean Energy ETF
2019-02-14 00:00:00-05:00,8.805409714082893,8.897515979173177,8.796198824054219,8.879095077514648,85100,0.0,0.0,0.0,ICLN,iShares Global Clean Energy ETF
2019-02-15 00:00:00-05:00,8.897516316794658,8.897516316794658,8.833041840945056,8.842252731323242,73900,0.0,0.0,0.0,ICLN,iShares Global Clean Energy ETF
2019-02-19 00:00:00-05:00,8.805410625229689,8.915938681814298,8.805410625229689,8.90672779083252,58200,0.0,0.0,0.0,ICLN,iShares Global Clean Energy ETF
2019-02-20 00:00:00-05:00,8.879094730081144,8.91593741035539,8.842252049806898,8.860672950744629,120900,0.0,0.0,0.0,ICLN,iShares Global Clean Energy ETF
2019-02-21 00:00:00-05:00,8.90672843940219,8.915939331054688,8.869885751191179,8.915939331054688,158700,0.0,0.0,0.0,ICLN,iShares Global Clean Energy ETF
2019-02-22 00:00:00-05:00,8.961991997194902,9.017256468493079,8.925149309129107,8.998835563659668,100000,0.0,0.0,0.0,ICLN,iShares Global Clean Energy ETF
2019-02-25 00:00:00-05:00,9.136995078598824,9.136995078598824,9.017256127315699,9.035677909851074,121700,0.0,0.0,0.0,ICLN,iShares Global Clean Energy ETF
2019-02-26 00:00:00-05:00,9.017256395180524,9.063309974488082,8.99883549049688,9.054099082946777,197100,0.0,0.0,0.0,ICLN,iShares Global Clean Energy ETF
2019-02-27 00:00:00-05:00,8.989624977111816,8.989624977111816,8.888306922693365,8.989624977111816,411600,0.0,0.0,0.0,ICLN,iShares Global Clean Energy ETF
2019-02-28 00:00:00-05:00,8.971201278253357,8.980412168215961,8.906726805312761,8.934358596801758,530800,0.0,0.0,0.0,ICLN,iShares Global Clean Energy ETF
2019-03-01 00:00:00-05:00,8.980413433088918,8.980413433088918,8.888306277287406,8.925148963928223,332100,0.0,0.0,0.0,ICLN,iShares Global Clean Energy ETF
2019-03-04 00:00:00-05:00,8.980411863551303,9.017254543753,8.925147404049369,8.94356918334961,115900,0.0,0.0,0.0,ICLN,iShares Global Clean Energy ETF
2019-03-05 00:00:00-05:00,8.998833278306334,9.026465067738538,8.971200610475382,9.00804328918457,148700,0.0,0.0,0.0,ICLN,iShares Global Clean Energy ETF
2019-03-06 00:00:00-05:00,8.952780059442604,8.971200960316164,8.860672919878452,8.888304710388184,87500,0.0,0.0,0.0,ICLN,iShares Global Clean Energy ETF
2019-03-07 00:00:00-05:00,8.842252755551378,8.869884548362798,8.750145608314837,8.759356498718262,382600,0.0,0.0,0.0,ICLN,iShares Global Clean Energy ETF
2019-03-08 00:00:00-05:00,8.694882393880683,8.750146865844727,8.658039705370978,8.750146865844727,59700,0.0,0.0,0.0,ICLN,iShares Global Clean Energy ETF
2019-03-11 00:00:00-04:00,8.805410930031991,8.952781677246094,8.805410930031991,8.952781677246094,232700,0.0,0.0,0.0,ICLN,iShares Global Clean Energy ETF
2019-03-12 00:00:00-04:00,8.961991013789463,9.04488727244098,8.961991013789463,9.026466369628906,132200,0.0,0.0,0.0,ICLN,iShares Global Clean Energy ETF
2019-03-13 00:00:00-04:00,9.026466645388894,9.109362906572903,9.026466645388894,9.100152015686035,121600,0.0,0.0,0.0,ICLN,iShares Global Clean Energy ETF
2019-03-14 00:00:00-04:00,9.054099082946777,9.063309974488082,9.017256395180524,9.054099082946777,80000,0.0,0.0,0.0,ICLN,iShares Global Clean Energy ETF
2019-03-15 00:00:00-04:00,9.081730879171728,9.081730879171728,9.017256395180524,9.054099082946777,72900,0.0,0.0,0.0,ICLN,iShares Global Clean Energy ETF
2019-03-18 00:00:00-04:00,9.10015042675671,9.146203994750977,9.072518637319646,9.146203994750977,73400,0.0,0.0,0.0,ICLN,iShares Global Clean Energy ETF
2019-03-19 00:00:00-04:00,9.127783809947738,9.173837385983177,9.100152015686035,9.100152015686035,144000,0.0,0.0,0.0,ICLN,iShares Global Clean Energy ETF
2019-03-20 00:00:00-04:00,9.109363483173853,9.183048858135104,9.063309904223333,9.164627075195312,330100,0.0,0.0,0.0,ICLN,iShares Global Clean Energy ETF
2019-03-21 00:00:00-04:00,9.100152662254336,9.10936355379564,9.026467286721829,9.054099082946777,112500,0.0,0.0,0.0,ICLN,iShares Global Clean Energy ETF
2019-03-22 00:00:00-04:00,9.035676694406831,9.035676694406831,8.851462407428626,8.879095077514648,116500,0.0,0.0,0.0,ICLN,iShares Global Clean Energy ETF
2019-03-25 00:00:00-04:00,8.860672950744629,8.888304741350616,8.786987590196137,8.860672950744629,93100,0.0,0.0,0.0,ICLN,iShares Global Clean Energy ETF
2019-03-26 00:00:00-04:00,8.934359855188161,8.934359855188161,8.869885373166465,8.925148963928223,298800,0.0,0.0,0.0,ICLN,iShares Global Clean Energy ETF
2019-03-27 00:00:00-04:00,8.879095414437137,8.925148109530365,8.823830950566869,8.842252731323242,356300,0.0,0.0,0.0,ICLN,iShares Global Clean Energy ETF
2019-03-28 00:00:00-04:00,8.90672809914195,8.952781677246094,8.879096303639043,8.952781677246094,63500,0.0,0.0,0.0,ICLN,iShares Global Clean Energy ETF
2019-03-29 00:00:00-04:00,8.96199230132551,9.01725677449912,8.96199230132551,8.989624977111816,71300,0.0,0.0,0.0,ICLN,iShares Global Clean Energy ETF
2019-04-01 00:00:00-04:00,9.03567852055486,9.072521209716797,9.026467628664626,9.072521209716797,90800,0.0,0.0,0.0,ICLN,iShares Global Clean Energy ETF
2019-04-02 00:00:00-04:00,9.10936164855957,9.10936164855957,9.063308078884182,9.10936164855957,201900,0.0,0.0,0.0,ICLN,iShares Global Clean Energy ETF
2019-04-03 00:00:00-04:00,9.136994971100378,9.192258561258441,9.118573188781738,9.118573188781738,216300,0.0,0.0,0.0,ICLN,iShares Global Clean Energy ETF
2019-04-04 00:00:00-04:00,9.127782457632097,9.201467817012475,9.127782457632097,9.192256927490234,102500,0.0,0.0,0.0,ICLN,iShares Global Clean Energy ETF
2019-04-05 00:00:00-04:00,9.21067873470651,9.302785873413086,9.201467845156099,9.302785873413086,89200,0.0,0.0,0.0,ICLN,iShares Global Clean Energy ETF
2019-04-08 00:00:00-04:00,9.302786176715953,9.302786176715953,9.284364397014516,9.293575286865234,109200,0.0,0.0,0.0,ICLN,iShares Global Clean Energy ETF
2019-04-09 00:00:00-04:00,9.311996557780628,9.311996557780628,9.219890290813954,9.229101181030273,138100,0.0,0.0,0.0,ICLN,iShares Global Clean Energy ETF
2019-04-10 00:00:00-04:00,9.24752391699561,9.339631080627441,9.24752391699561,9.339631080627441,107100,0.0,0.0,0.0,ICLN,iShares Global Clean Energy ETF
2019-04-11 00:00:00-04:00,9.30278777801856,9.30278777801856,9.22910240332684,9.247523307800293,133900,0.0,0.0,0.0,ICLN,iShares Global Clean Energy ETF
2019-04-12 00:00:00-04:00,9.256732973280391,9.256732973280391,9.210679400597636,9.229101181030273,87900,0.0,0.0,0.0,ICLN,iShares Global Clean Energy ETF
2019-04-15 00:00:00-04:00,9.284364397014516,9.293575286865234,9.238310826159722,9.293575286865234,195500,0.0,0.0,0.0,ICLN,iShares Global Clean Energy ETF
2019-04-16 00:00:00-04:00,9.302786480620627,9.302786480620627,9.284364700317383,9.284364700317383,85000,0.0,0.0,0.0,ICLN,iShares Global Clean Energy ETF
2019-04-17 00:00:00-04:00,9.339630431808382,9.339630431808382,9.265945057381407,9.330419540405273,116300,0.0,0.0,0.0,ICLN,iShares Global Clean Energy ETF
2019-04-18 00:00:00-04:00,9.311995884564723,9.321206774115137,9.27515320476185,9.302785873413086,62700,0.0,0.0,0.0,ICLN,iShares Global Clean Energy ETF
2019-04-22 00:00:00-04:00,9.302785873413086,9.311995884564723,9.26594319361021,9.302785873413086,122200,0.0,0.0,0.0,ICLN,iShares Global Clean Energy ETF
2019-04-23 00:00:00-04:00,9.302786727648746,9.385682106018066,9.293575837252536,9.385682106018066,199300,0.0,0.0,0.0,ICLN,iShares Global Clean Energy ETF
2019-04-24 00:00:00-04:00,9.367262878357385,9.367262878357385,9.330420188584455,9.339631080627441,169700,0.0,0.0,0.0,ICLN,iShares Global Clean Energy ETF
2019-04-25 00:00:00-04:00,9.302785873413086,9.311995884564723,9.256732304059799,9.302785873413086,57900,0.0,0.0,0.0,ICLN,iShares Global Clean Energy ETF
2019-04-26 00:00:00-04:00,9.311995203957279,9.339627870588863,9.27515252684721,9.321206092834473,82700,0.0,0.0,0.0,ICLN,iShares Global Clean Energy ETF
2019-04-29 00:00:00-04:00,9.367259658821737,9.367259658821737,9.311995203957279,9.321206092834473,131600,0.0,0.0,0.0,ICLN,iShares Global Clean Energy ETF
2019-04-30 00:00:00-04:00,9.367261236803346,9.367261236803346,9.30278676059922,9.358050346374512,623600,0.0,0.0,0.0,ICLN,iShares Global Clean Energy ETF
2019-05-01 00:00:00-04:00,9.39489144705461,9.459366790796263,9.321206092834473,9.321206092834473,323000,0.0,0.0,0.0,ICLN,iShares Global Clean Energy ETF
2019-05-02 00:00:00-04:00,9.321208646045841,9.33041953744603,9.219891475840617,9.275155067443848,83100,0.0,0.0,0.0,ICLN,iShares Global Clean Energy ETF
2019-05-03 00:00:00-04:00,9.330419507472756,9.413315773010254,9.330419507472756,9.413315773010254,147400,0.0,0.0,0.0,ICLN,iShares Global Clean Energy ETF
2019-05-06 00:00:00-04:00,9.219889956210277,9.275153538704915,9.210679066328236,9.26594352722168,214600,0.0,0.0,0.0,ICLN,iShares Global Clean Energy ETF
2019-05-07 00:00:00-04:00,9.284363415724405,9.348837881067347,9.265942516368725,9.321206092834473,155100,0.0,0.0,0.0,ICLN,iShares Global Clean Energy ETF
2019-05-08 00:00:00-04:00,9.339629162828281,9.376471845035937,9.284364700317383,9.284364700317383,126900,0.0,0.0,0.0,ICLN,iShares Global Clean Energy ETF
2019-05-09 00:00:00-04:00,9.19226012982108,9.229103700745327,9.100153837707694,9.210681915283203,132000,0.0,0.0,0.0,ICLN,iShares Global Clean Energy ETF
2019-05-10 00:00:00-04:00,9.201468445750452,9.284364700317383,9.155414873391175,9.284364700317383,231200,0.0,0.0,0.0,ICLN,iShares Global Clean Energy ETF
2019-05-13 00:00:00-04:00,9.04488727244098,9.118572640487022,8.961991013789463,9.026466369628906,163900,0.0,0.0,0.0,ICLN,iShares Global Clean Energy ETF
2019-05-14 00:00:00-04:00,9.081729250606193,9.146204601434428,9.072519239115422,9.127782821655273,110500,0.0,0.0,0.0,ICLN,iShares Global Clean Energy ETF
2019-05-15 00:00:00-04:00,9.090939537478105,9.2014675736251,9.035675958603981,9.146203994750977,324300,0.0,0.0,0.0,ICLN,iShares Global Clean Energy ETF
2019-05-16 00:00:00-04:00,9.192259824555522,9.2843669920092,9.192259824555522,9.219892501831055,79600,0.0,0.0,0.0,ICLN,iShares Global Clean Energy ETF
2019-05-17 00:00:00-04:00,9.164626495096309,9.173837385983177,9.090941124799167,9.100152015686035,77200,0.0,0.0,0.0,ICLN,iShares Global Clean Energy ETF
2019-05-20 00:00:00-04:00,9.081731223208033,9.081731223208033,8.989624939502688,9.072521209716797,79000,0.0,0.0,0.0,ICLN,iShares Global Clean Energy ETF
2019-05-21 00:00:00-04:00,9.118571568109859,9.247521386224902,9.118571568109859,9.192256927490234,125700,0.0,0.0,0.0,ICLN,iShares Global Clean Energy ETF
2019-05-22 00:00:00-04:00,9.22910240332684,9.275155103709949,9.219891511890637,9.247523307800293,187000,0.0,0.0,0.0,ICLN,iShares Global Clean Energy ETF
2019-05-23 00:00:00-04:00,9.155416601531908,9.173838385312376,9.026467628664626,9.072521209716797,119200,0.0,0.0,0.0,ICLN,iShares Global Clean Energy ETF
2019-05-24 00:00:00-04:00,9.136994971100378,9.183048548498048,9.118573188781738,9.118573188781738,43800,0.0,0.0,0.0,ICLN,iShares Global Clean Energy ETF
2019-05-28 00:00:00-04:00,9.20146972901823,9.247523307800293,9.173837933108574,9.247523307800293,71000,0.0,0.0,0.0,ICLN,iShares Global Clean Energy ETF
2019-05-29 00:00:00-04:00,9.173835754394531,9.173835754394531,9.109361286451195,9.173835754394531,60700,0.0,0.0,0.0,ICLN,iShares Global Clean Energy ETF
2019-05-30 00:00:00-04:00,9.20146972901823,9.2659450906727,9.20146972901823,9.247523307800293,145700,0.0,0.0,0.0,ICLN,iShares Global Clean Energy ETF
2019-05-31 00:00:00-04:00,9.164627685128421,9.229103051309758,9.136995887278713,9.201470375061035,517600,0.0,0.0,0.0,ICLN,iShares Global Clean Energy ETF
2019-06-03 00:00:00-04:00,9.247524483690697,9.367263452390166,9.247524483690697,9.348841667175293,339100,0.0,0.0,0.0,ICLN,iShares Global Clean Energy ETF
2019-06-04 00:00:00-04:00,9.404103291594657,9.459367752075195,9.367260610740566,9.459367752075195,354000,0.0,0.0,0.0,ICLN,iShares Global Clean Energy ETF
2019-06-05 00:00:00-04:00,9.394893954375709,9.459369315324626,9.385683063040299,9.440947532653809,193500,0.0,0.0,0.0,ICLN,iShares Global Clean Energy ETF
2019-06-06 00:00:00-04:00,9.440946232343041,9.45936801247661,9.38568177034116,9.422524452209473,103900,0.0,0.0,0.0,ICLN,iShares Global Clean Energy ETF
2019-06-07 00:00:00-04:00,9.533054282238421,9.615949665521415,9.487000705926373,9.58831787109375,96600,0.0,0.0,0.0,ICLN,iShares Global Clean Energy ETF
2019-06-10 00:00:00-04:00,9.606739652978131,9.625160556463607,9.542264294781704,9.58831787109375,130400,0.0,0.0,0.0,ICLN,iShares Global Clean Energy ETF
2019-06-11 00:00:00-04:00,9.662003858681462,9.662003858681462,9.588318483237481,9.625161170959473,151600,0.0,0.0,0.0,ICLN,iShares Global Clean Energy ETF
2019-06-12 00:00:00-04:00,9.615949394613756,9.62516028529645,9.53305401366615,9.569896697998047,273700,0.0,0.0,0.0,ICLN,iShares Global Clean Energy ETF
2019-06-13 00:00:00-04:00,9.615948688385938,9.671213150024414,9.597527786772325,9.671213150024414,157200,0.0,0.0,0.0,ICLN,iShares Global Clean Energy ETF
2019-06-14 00:00:00-04:00,9.61595127155232,9.652793963075545,9.55147678098644,9.597530364990234,365700,0.0,0.0,0.0,ICLN,iShares Global Clean Energy ETF
2019-06-17 00:00:00-04:00,9.577112734242922,9.577112734242922,9.521432340219969,9.549272537231445,309800,0.078,0.0,0.0,ICLN,iShares Global Clean Energy ETF
2019-06-18 00:00:00-04:00,9.632794740778479,9.744156422258557,9.632794740778479,9.716316223144531,394200,0.0,0.0,0.0,ICLN,iShares Global Clean Energy ETF
2019-06-19 00:00:00-04:00,9.7348736173905,9.762714694540287,9.660632515038568,9.74415397644043,204600,0.0,0.0,0.0,ICLN,iShares Global Clean Energy ETF
2019-06-20 00:00:00-04:00,9.864796260772959,9.892636453665936,9.809114989963232,9.883356094360352,204000,0.0,0.0,0.0,ICLN,iShares Global Clean Energy ETF
2019-06-21 00:00:00-04:00,9.846235275268555,9.855515634322584,9.809114724076188,9.846235275268555,252500,0.0,0.0,0.0,ICLN,iShares Global Clean Energy ETF
2019-06-24 00:00:00-04:00,9.883355826460921,9.89263618551495,9.836955801238277,9.846235275268555,213000,0.0,0.0,0.0,ICLN,iShares Global Clean Energy ETF
2019-06-25 00:00:00-04:00,9.864795989018257,9.864795989018257,9.74415397644043,9.74415397644043,365600,0.0,0.0,0.0,ICLN,iShares Global Clean Energy ETF
2019-06-26 00:00:00-04:00,9.836957407845015,9.836957407845015,9.744155572195499,9.762716293334961,275500,0.0,0.0,0.0,ICLN,iShares Global Clean Energy ETF
2019-06-27 00:00:00-04:00,9.744153980745486,9.846235275268555,9.725593262637426,9.846235275268555,990900,0.0,0.0,0.0,ICLN,iShares Global Clean Energy ETF
2019-06-28 00:00:00-04:00,9.846234813730353,9.892635721801724,9.836955340135047,9.874075889587402,238300,0.0,0.0,0.0,ICLN,iShares Global Clean Energy ETF
2019-07-01 00:00:00-04:00,10.022560552282737,10.022560552282737,9.892638154735334,9.948319435119629,319500,0.0,0.0,0.0,ICLN,iShares Global Clean Energy ETF
2019-07-02 00:00:00-04:00,9.948317948569745,9.985438501604476,9.911197395535014,9.976158142089844,284500,0.0,0.0,0.0,ICLN,iShares Global Clean Energy ETF
2019-07-03 00:00:00-04:00,10.041120061697226,10.096801340266179,10.022560225523508,10.068961143493652,706500,0.0,0.0,0.0,ICLN,iShares Global Clean Energy ETF
2019-07-05 00:00:00-04:00,9.994720028750981,10.068961143493652,9.92975838958322,10.068961143493652,355600,0.0,0.0,0.0,ICLN,iShares Global Clean Energy ETF
2019-07-08 00:00:00-04:00,10.068960344909156,10.078239819748097,10.013279070756369,10.059679985046387,321000,0.0,0.0,0.0,ICLN,iShares Global Clean Energy ETF
2019-07-09 00:00:00-04:00,10.013279070756369,10.059679985046387,9.98543887619189,10.059679985046387,134200,0.0,0.0,0.0,ICLN,iShares Global Clean Energy ETF
2019-07-10 00:00:00-04:00,10.096801340266179,10.115361176439897,10.041120061697226,10.068961143493652,190600,0.0,0.0,0.0,ICLN,iShares Global Clean Energy ETF
2019-07-11 00:00:00-04:00,10.068959544849863,10.106080096327586,10.022558634246769,10.050398826599121,178300,0.0,0.0,0.0,ICLN,iShares Global Clean Energy ETF
2019-07-12 00:00:00-04:00,10.013280070872689,10.031840792452055,9.976159512737878,10.003999710083008,215800,0.0,0.0,0.0,ICLN,iShares Global Clean Energy ETF
2019-07-15 00:00:00-04:00,10.003998335609944,10.041118888644675,9.957597423060582,9.976158142089844,180000,0.0,0.0,0.0,ICLN,iShares Global Clean Energy ETF
2019-07-16 00:00:00-04:00,9.97615829697561,10.022559210245374,9.95759757765818,9.966877937316895,497300,0.0,0.0,0.0,ICLN,iShares Global Clean Energy ETF
2019-07-17 00:00:00-04:00,9.994720234317242,10.031840792452055,9.966879151948195,10.003999710083008,163100,0.0,0.0,0.0,ICLN,iShares Global Clean Energy ETF
2019-07-18 00:00:00-04:00,9.994720028750981,10.068961143493652,9.976159307553363,10.068961143493652,239100,0.0,0.0,0.0,ICLN,iShares Global Clean Energy ETF
2019-07-19 00:00:00-04:00,10.087519757526707,10.087519757526707,10.022559011253081,10.031839370727539,165100,0.0,0.0,0.0,ICLN,iShares Global Clean Energy ETF
2019-07-22 00:00:00-04:00,10.050399625183617,10.068960344909156,10.0039987108936,10.059679985046387,224100,0.0,0.0,0.0,ICLN,iShares Global Clean Energy ETF
2019-07-23 00:00:00-04:00,10.059679451781761,10.059679451781761,9.929757075661676,9.985438346862793,165800,0.0,0.0,0.0,ICLN,iShares Global Clean Energy ETF
2019-07-24 00:00:00-04:00,9.994720234317242,10.013280070872689,9.948319315392748,10.003999710083008,123600,0.0,0.0,0.0,ICLN,iShares Global Clean Energy ETF
2019-07-25 00:00:00-04:00,9.985439993701183,9.994720354602553,9.929758713316888,9.948319435119629,112900,0.0,0.0,0.0,ICLN,iShares Global Clean Energy ETF
2019-07-26 00:00:00-04:00,9.97615829697561,9.97615829697561,9.911197549412224,9.966877937316895,129900,0.0,0.0,0.0,ICLN,iShares Global Clean Energy ETF
2019-07-29 00:00:00-04:00,9.929757229540481,9.976158142089844,9.92047687002585,9.976158142089844,127400,0.0,0.0,0.0,ICLN,iShares Global Clean Energy ETF
2019-07-30 00:00:00-04:00,9.82767608486889,9.883356472786804,9.762715337290055,9.86479663848877,141800,0.0,0.0,0.0,ICLN,iShares Global Clean Energy ETF
2019-07-31 00:00:00-04:00,9.920476228236351,10.041118239050434,9.87407620371256,9.957596778869629,301000,0.0,0.0,0.0,ICLN,iShares Global Clean Energy ETF
2019-08-01 00:00:00-04:00,9.976158142089844,10.198881460298232,9.976158142089844,9.976158142089844,509100,0.0,0.0,0.0,ICLN,iShares Global Clean Energy ETF
2019-08-02 00:00:00-04:00,10.013278385066512,10.013278385066512,9.911197088637865,9.994718551635742,173800,0.0,0.0,0.0,ICLN,iShares Global Clean Energy ETF
2019-08-05 00:00:00-04:00,9.827677536738934,9.827677536738934,9.530713063908518,9.632794380187988,794300,0.0,0.0,0.0,ICLN,iShares Global Clean Energy ETF
2019-08-06 00:00:00-04:00,9.707035014940473,9.790556490020258,9.660634097115715,9.762716293334961,237100,0.0,0.0,0.0,ICLN,iShares Global Clean Energy ETF
2019-08-07 00:00:00-04:00,9.818394896201765,10.013278007507324,9.762714512985168,10.013278007507324,374200,0.0,0.0,0.0,ICLN,iShares Global Clean Energy ETF
2019-08-08 00:00:00-04:00,10.022559686196576,10.20816246306573,10.022559686196576,10.198882102966309,1185700,0.0,0.0,0.0,ICLN,iShares Global Clean Energy ETF
2019-08-09 00:00:00-04:00,10.152481079101562,10.20816235407976,10.106081049147546,10.152481079101562,321600,0.0,0.0,0.0,ICLN,iShares Global Clean Energy ETF
2019-08-12 00:00:00-04:00,10.068961143493652,10.115361176439897,10.031840586122318,10.068961143493652,180700,0.0,0.0,0.0,ICLN,iShares Global Clean Energy ETF
2019-08-13 00:00:00-04:00,10.0411191076799,10.208162042491935,9.99471907914217,10.171041488647461,225000,0.0,0.0,0.0,ICLN,iShares Global Clean Energy ETF
2019-08-14 00:00:00-04:00,10.041118192785172,10.041118192785172,9.883355632064719,9.9111967086792,459000,0.0,0.0,0.0,ICLN,iShares Global Clean Energy ETF
2019-08-15 00:00:00-04:00,9.929756581264044,9.929756581264044,9.771994019910212,9.855515480041504,193300,0.0,0.0,0.0,ICLN,iShares Global Clean Energy ETF
2019-08-16 00:00:00-04:00,9.874078199123122,10.013280070872689,9.874078199123122,10.003999710083008,142200,0.0,0.0,0.0,ICLN,iShares Global Clean Energy ETF
2019-08-19 00:00:00-04:00,10.115360105166749,10.143201184014648,10.068960077134525,10.124640464782715,172900,0.0,0.0,0.0,ICLN,iShares Global Clean Energy ETF
2019-08-20 00:00:00-04:00,10.124640464782715,10.13392082439868,10.041118998286626,10.124640464782715,73400,0.0,0.0,0.0,ICLN,iShares Global Clean Energy ETF
2019-08-21 00:00:00-04:00,10.20816298716649,10.291684462301676,10.20816298716649,10.273123741149902,443000,0.0,0.0,0.0,ICLN,iShares Global Clean Energy ETF
2019-08-22 00:00:00-04:00,10.27312487535701,10.282405236957496,10.106082791668209,10.161763191223145,357200,0.0,0.0,0.0,ICLN,iShares Global Clean Energy ETF
2019-08-23 00:00:00-04:00,10.022559098512366,10.171041311301263,9.920476913452148,9.920476913452148,210300,0.0,0.0,0.0,ICLN,iShares Global Clean Energy ETF
2019-08-26 00:00:00-04:00,9.939037849726331,10.115360260009766,9.939037849726331,10.115360260009766,1483100,0.0,0.0,0.0,ICLN,iShares Global Clean Energy ETF
2019-08-27 00:00:00-04:00,10.143200803726941,10.189600830019542,10.031839147581914,10.041118621826172,157900,0.0,0.0,0.0,ICLN,iShares Global Clean Energy ETF
2019-08-28 00:00:00-04:00,10.050398826599121,10.115359570429199,9.994718441894415,10.050398826599121,95800,0.0,0.0,0.0,ICLN,iShares Global Clean Energy ETF
2019-08-29 00:00:00-04:00,10.124640619767794,10.13392097952582,10.03183967725897,10.115360260009766,230400,0.0,0.0,0.0,ICLN,iShares Global Clean Energy ETF
2019-08-30 00:00:00-04:00,10.143200916896564,10.189600943706857,10.050399093228416,10.087519645690918,247500,0.0,0.0,0.0,ICLN,iShares Global Clean Energy ETF
2019-09-03 00:00:00-04:00,10.180322159102582,10.25456326905762,10.133921244124725,10.152481079101562,428200,0.0,0.0,0.0,ICLN,iShares Global Clean Energy ETF
2019-09-04 00:00:00-04:00,10.208162523968584,10.31952419075447,10.208162523968584,10.30096435546875,395300,0.0,0.0,0.0,ICLN,iShares Global Clean Energy ETF
2019-09-05 00:00:00-04:00,10.412326022254636,10.430885857540355,10.291683995313962,10.30096435546875,293500,0.0,0.0,0.0,ICLN,iShares Global Clean Energy ETF
2019-09-06 00:00:00-04:00,10.319524936244306,10.319524936244306,10.208163261413574,10.208163261413574,356600,0.0,0.0,0.0,ICLN,iShares Global Clean Energy ETF
2019-09-09 00:00:00-04:00,10.273123596475,10.300964677810578,10.15248156575915,10.180322647094727,394400,0.0,0.0,0.0,ICLN,iShares Global Clean Energy ETF
2019-09-10 00:00:00-04:00,10.0875200657595,10.152480814018057,10.03183967725897,10.115360260009766,145500,0.0,0.0,0.0,ICLN,iShares Global Clean Energy ETF
2019-09-11 00:00:00-04:00,10.124640945878324,10.254563331604004,10.106081110788283,10.254563331604004,319700,0.0,0.0,0.0,ICLN,iShares Global Clean Energy ETF
2019-09-12 00:00:00-04:00,10.338085657894721,10.34736513369601,10.208163261413574,10.208163261413574,338800,0.0,0.0,0.0,ICLN,iShares Global Clean Energy ETF
2019-09-13 00:00:00-04:00,10.217442357608594,10.236002191937907,10.208161997932033,10.226722717285156,104000,0.0,0.0,0.0,ICLN,iShares Global Clean Energy ETF
2019-09-16 00:00:00-04:00,10.226722604848955,10.282402992248535,10.226722604848955,10.282402992248535,205400,0.0,0.0,0.0,ICLN,iShares Global Clean Energy ETF
2019-09-17 00:00:00-04:00,10.217442091702726,10.39376449584961,10.217442091702726,10.39376449584961,147200,0.0,0.0,0.0,ICLN,iShares Global Clean Energy ETF
2019-09-18 00:00:00-04:00,10.39376449584961,10.412325214719695,10.300963556570538,10.39376449584961,217400,0.0,0.0,0.0,ICLN,iShares Global Clean Energy ETF
2019-09-19 00:00:00-04:00,10.440164118218435,10.579365952451877,10.440164118218435,10.570086479187012,402700,0.0,0.0,0.0,ICLN,iShares Global Clean Energy ETF
2019-09-20 00:00:00-04:00,10.579367061587593,10.579367061587593,10.449445572021789,10.560807228088379,1079100,0.0,0.0,0.0,ICLN,iShares Global Clean Energy ETF
2019-09-23 00:00:00-04:00,10.505127594929258,10.542248152737265,10.421606118605261,10.523688316345215,273900,0.0,0.0,0.0,ICLN,iShares Global Clean Energy ETF
2019-09-24 00:00:00-04:00,10.551526526873193,10.560806885833928,10.36592377277722,10.42160415649414,793200,0.0,0.0,0.0,ICLN,iShares Global Clean Energy ETF
2019-09-25 00:00:00-04:00,10.338085591606205,10.393765986152584,10.27312395127021,10.365925788879395,328900,0.0,0.0,0.0,ICLN,iShares Global Clean Energy ETF
2019-09-26 00:00:00-04:00,10.41232649471651,10.421605970268502,10.254563905022026,10.273123741149902,362200,0.0,0.0,0.0,ICLN,iShares Global Clean Energy ETF
2019-09-27 00:00:00-04:00,10.23600158398774,10.245281943113111,10.022558634246769,10.050398826599121,394500,0.0,0.0,0.0,ICLN,iShares Global Clean Energy ETF
2019-09-30 00:00:00-04:00,10.096800425517529,10.143201339283848,10.03183967725897,10.115360260009766,339700,0.0,0.0,0.0,ICLN,iShares Global Clean Energy ETF
2019-10-01 00:00:00-04:00,10.124642269594023,10.124642269594023,10.013280589422587,10.078241348266602,385100,0.0,0.0,0.0,ICLN,iShares Global Clean Energy ETF
2019-10-02 00:00:00-04:00,9.976157450732186,10.003997642322933,9.874076158216958,9.9111967086792,453200,0.0,0.0,0.0,ICLN,iShares Global Clean Energy ETF
2019-10-03 00:00:00-04:00,9.976158252889876,10.02255916595459,9.883356426760448,10.02255916595459,991600,0.0,0.0,0.0,ICLN,iShares Global Clean Energy ETF
2019-10-04 00:00:00-04:00,10.07824003061745,10.254563331604004,10.059680195527408,10.254563331604004,360000,0.0,0.0,0.0,ICLN,iShares Global Clean Energy ETF
2019-10-07 00:00:00-04:00,10.30096429401223,10.30096429401223,10.152481187493057,10.198882102966309,534400,0.0,0.0,0.0,ICLN,iShares Global Clean Energy ETF
2019-10-08 00:00:00-04:00,10.143201339283848,10.198881727784379,10.078239706001472,10.115360260009766,293200,0.0,0.0,0.0,ICLN,iShares Global Clean Energy ETF
2019-10-09 00:00:00-04:00,10.208161663263665,10.226722382008287,10.11535983958812,10.189600944519043,201600,0.0,0.0,0.0,ICLN,iShares Global Clean Energy ETF
2019-10-10 00:00:00-04:00,10.143201712417488,10.27312321371397,10.115360632119227,10.198882102966309,212600,0.0,0.0,0.0,ICLN,iShares Global Clean Energy ETF
2019-10-11 00:00:00-04:00,10.30096536185018,10.347365397109588,10.245284080505371,10.245284080505371,220800,0.0,0.0,0.0,ICLN,iShares Global Clean Energy ETF
2019-10-14 00:00:00-04:00,10.245283819690485,10.2638445413409,10.161762342311457,10.208163261413574,173200,0.0,0.0,0.0,ICLN,iShares Global Clean Energy ETF
2019-10-15 00:00:00-04:00,10.143200761587467,10.161760595022647,10.068959657799214,10.096799850463867,878300,0.0,0.0,0.0,ICLN,iShares Global Clean Energy ETF
2019-10-16 00:00:00-04:00,10.068959544849863,10.096799737202216,9.994718441894415,10.050398826599121,345400,0.0,0.0,0.0,ICLN,iShares Global Clean Energy ETF
2019-10-17 00:00:00-04:00,10.078239706001472,10.152480814018057,10.078239706001472,10.115360260009766,216200,0.0,0.0,0.0,ICLN,iShares Global Clean Energy ETF
2019-10-18 00:00:00-04:00,10.171043552823631,10.189603391000611,10.087522068467234,10.161763191223145,308400,0.0,0.0,0.0,ICLN,iShares Global Clean Energy ETF
2019-10-21 00:00:00-04:00,10.217442245274425,10.282402992248535,10.189601166550833,10.282402992248535,250700,0.0,0.0,0.0,ICLN,iShares Global Clean Energy ETF
2019-10-22 00:00:00-04:00,10.27312348834719,10.27312348834719,10.13392162322998,10.13392162322998,255600,0.0,0.0,0.0,ICLN,iShares Global Clean Energy ETF
2019-10-23 00:00:00-04:00,10.106081008911133,10.171041758607194,10.02255953928829,10.106081008911133,183200,0.0,0.0,0.0,ICLN,iShares Global Clean Energy ETF
2019-10-24 00:00:00-04:00,10.161761173776085,10.171041533534114,10.078239706001472,10.115360260009766,179000,0.0,0.0,0.0,ICLN,iShares Global Clean Energy ETF
2019-10-25 00:00:00-04:00,10.087519378076845,10.087519378076845,9.957597005392934,10.050398826599121,382000,0.0,0.0,0.0,ICLN,iShares Global Clean Energy ETF
2019-10-28 00:00:00-04:00,10.115359683899046,10.180321313481594,10.068959657799214,10.096799850463867,389100,0.0,0.0,0.0,ICLN,iShares Global Clean Energy ETF
2019-10-29 00:00:00-04:00,10.068961143493652,10.133921897637515,10.0132798649247,10.068961143493652,289200,0.0,0.0,0.0,ICLN,iShares Global Clean Energy ETF
2019-10-30 00:00:00-04:00,9.994719443367837,9.994719443367837,9.809115782357926,9.892637252807617,498900,0.0,0.0,0.0,ICLN,iShares Global Clean Energy ETF
2019-10-31 00:00:00-04:00,9.901917612862881,9.966878363202042,9.855516697610405,9.892637252807617,503000,0.0,0.0,0.0,ICLN,iShares Global Clean Energy ETF
2019-11-01 00:00:00-04:00,9.929758071899414,9.966878628083148,9.920477711597513,9.929758071899414,259100,0.0,0.0,0.0,ICLN,iShares Global Clean Energy ETF
2019-11-04 00:00:00-05:00,9.976157179325453,10.022558087396824,9.846234813730353,9.874075889587402,927300,0.0,0.0,0.0,ICLN,iShares Global Clean Energy ETF
2019-11-05 00:00:00-05:00,9.846235919166926,9.86479663848877,9.78127517158809,9.86479663848877,248700,0.0,0.0,0.0,ICLN,iShares Global Clean Energy ETF
2019-11-06 00:00:00-05:00,9.855516323341451,9.901917236831826,9.790555575469211,9.809115409851074,548500,0.0,0.0,0.0,ICLN,iShares Global Clean Energy ETF
2019-11-07 00:00:00-05:00,9.87407550086653,9.901915690603861,9.78127368837719,9.79055404663086,524100,0.0,0.0,0.0,ICLN,iShares Global Clean Energy ETF
2019-11-08 00:00:00-05:00,9.836958087956965,9.836958087956965,9.79055716692412,9.827677726745605,203300,0.0,0.0,0.0,ICLN,iShares Global Clean Energy ETF
2019-11-11 00:00:00-05:00,9.864797319833848,9.929758071899414,9.836957123952015,9.929758071899414,153300,0.0,0.0,0.0,ICLN,iShares Global Clean Energy ETF
2019-11-12 00:00:00-05:00,9.929756736707317,9.939037095761346,9.846235275268555,9.846235275268555,957300,0.0,0.0,0.0,ICLN,iShares Global Clean Energy ETF
2019-11-13 00:00:00-05:00,9.846235498410497,9.92047660247773,9.80911494637688,9.836956024169922,242000,0.0,0.0,0.0,ICLN,iShares Global Clean Energy ETF
2019-11-14 00:00:00-05:00,9.874076885723468,9.920476913452148,9.8462358070577,9.920476913452148,188200,0.0,0.0,0.0,ICLN,iShares Global Clean Energy ETF
2019-11-15 00:00:00-05:00,9.929757229540481,9.976158142089844,9.929757229540481,9.976158142089844,229000,0.0,0.0,0.0,ICLN,iShares Global Clean Energy ETF
2019-11-18 00:00:00-05:00,9.95759784699128,9.976158566810739,9.883356737761106,9.901917457580566,300300,0.0,0.0,0.0,ICLN,iShares Global Clean Energy ETF
2019-11-19 00:00:00-05:00,9.948317992117916,9.948317992117916,9.864796526168211,9.920476913452148,110600,0.0,0.0,0.0,ICLN,iShares Global Clean Energy ETF
2019-11-20 00:00:00-05:00,9.892638485177214,9.929759044998699,9.79983752813548,9.827677726745605,200000,0.0,0.0,0.0,ICLN,iShares Global Clean Energy ETF
2019-11-21 00:00:00-05:00,9.874076352430643,9.883355826460921,9.799835250045911,9.846235275268555,283800,0.0,0.0,0.0,ICLN,iShares Global Clean Energy ETF
2019-11-22 00:00:00-05:00,9.836956024169922,9.89263640970846,9.80911494637688,9.836956024169922,152400,0.0,0.0,0.0,ICLN,iShares Global Clean Energy ETF
2019-11-25 00:00:00-05:00,9.939037699442865,10.02255916595459,9.883356426760448,10.02255916595459,361700,0.0,0.0,0.0,ICLN,iShares Global Clean Energy ETF
2019-11-26 00:00:00-05:00,10.050399625183617,10.068960344909156,10.022559430619138,10.059679985046387,373000,0.0,0.0,0.0,ICLN,iShares Global Clean Energy ETF
2019-11-27 00:00:00-05:00,10.096800005867278,10.189600944519043,10.059679453401817,10.189600944519043,204900,0.0,0.0,0.0,ICLN,iShares Global Clean Energy ETF
2019-11-29 00:00:00-05:00,10.19888179287769,10.2360023471229,10.16176123863248,10.217442512512207,114100,0.0,0.0,0.0,ICLN,iShares Global Clean Energy ETF
2019-12-02 00:00:00-05:00,10.300963980819887,10.300963980819887,10.16176123863248,10.217442512512207,334500,0.0,0.0,0.0,ICLN,iShares Global Clean Energy ETF
2019-12-03 00:00:00-05:00,10.189601013284715,10.291683197021484,10.115359907852765,10.291683197021484,320500,0.0,0.0,0.0,ICLN,iShares Global Clean Energy ETF
2019-12-04 00:00:00-05:00,10.356644630432129,10.384484825561032,10.328804435303224,10.356644630432129,666700,0.0,0.0,0.0,ICLN,iShares Global Clean Energy ETF
2019-12-05 00:00:00-05:00,10.40304431822199,10.40304431822199,10.300963024777877,10.319522857666016,276000,0.0,0.0,0.0,ICLN,iShares Global Clean Energy ETF
2019-12-06 00:00:00-05:00,10.356644584037607,10.412325859069824,10.33808474904276,10.412325859069824,266000,0.0,0.0,0.0,ICLN,iShares Global Clean Energy ETF
2019-12-09 00:00:00-05:00,10.412326707683986,10.412326707683986,10.347365067347992,10.365925788879395,301700,0.0,0.0,0.0,ICLN,iShares Global Clean Energy ETF
2019-12-10 00:00:00-05:00,10.356643943018492,10.356643943018492,10.282402837586543,10.291683197021484,186300,0.0,0.0,0.0,ICLN,iShares Global Clean Energy ETF
2019-12-11 00:00:00-05:00,10.35664594604265,10.440167427062988,10.31024502491758,10.440167427062988,202500,0.0,0.0,0.0,ICLN,iShares Global Clean Energy ETF
2019-12-12 00:00:00-05:00,10.477288503521159,10.532969788621296,10.403047380070308,10.514409065246582,325300,0.0,0.0,0.0,ICLN,iShares Global Clean Energy ETF
2019-12-13 00:00:00-05:00,10.570087587349871,10.625767972871282,10.523686676066182,10.560807228088379,429100,0.0,0.0,0.0,ICLN,iShares Global Clean Energy ETF
2019-12-16 00:00:00-05:00,10.646804502795376,10.796364383789802,10.637456787371423,10.777668952941895,456500,0.082,0.0,0.0,ICLN,iShares Global Clean Energy ETF
2019-12-17 00:00:00-05:00,10.833755293749416,10.86179755100643,10.815059861279881,10.824407577514648,237500,0.0,0.0,0.0,ICLN,iShares Global Clean Energy ETF
2019-12-18 00:00:00-05:00,10.843101715242982,10.843101715242982,10.749626346951489,10.80571174621582,253400,0.0,0.0,0.0,ICLN,iShares Global Clean Energy ETF
2019-12-19 00:00:00-05:00,10.805713036492401,10.843103009984182,10.749627630531085,10.824407577514648,715800,0.0,0.0,0.0,ICLN,iShares Global Clean Energy ETF
2019-12-20 00:00:00-05:00,10.749627611913434,10.936577479048559,10.749627611913434,10.871145248413086,370100,0.0,0.0,0.0,ICLN,iShares Global Clean Energy ETF
2019-12-23 00:00:00-05:00,10.964619299155752,10.964619299155752,10.871144815038162,10.945924758911133,329400,0.0,0.0,0.0,ICLN,iShares Global Clean Energy ETF
2019-12-24 00:00:00-05:00,10.964619835881548,10.973967552185059,10.899187604651559,10.973967552185059,272800,0.0,0.0,0.0,ICLN,iShares Global Clean Energy ETF
2019-12-26 00:00:00-05:00,10.983313748422017,11.039399147033691,10.955271494839764,11.039399147033691,644400,0.0,0.0,0.0,ICLN,iShares Global Clean Energy ETF
2019-12-27 00:00:00-05:00,11.09548483113068,11.09548483113068,10.992662629457636,11.002010345458984,260200,0.0,0.0,0.0,ICLN,iShares Global Clean Energy ETF
2019-12-30 00:00:00-05:00,11.03940013447597,11.067442390566521,10.899187071128715,10.945924758911133,319500,0.0,0.0,0.0,ICLN,iShares Global Clean Energy ETF
2019-12-31 00:00:00-05:00,10.927229111638301,11.002009945483184,10.908534571762504,10.983314514160156,193800,0.0,0.0,0.0,ICLN,iShares Global Clean Energy ETF
2020-01-02 00:00:00-05:00,11.058095887983024,11.170265816099441,11.011358195072681,11.151571273803711,378800,0.0,0.0,0.0,ICLN,iShares Global Clean Energy ETF
2020-01-03 00:00:00-05:00,11.114181120701092,11.179613354864742,11.067443428535343,11.09548568725586,424200,0.0,0.0,0.0,ICLN,iShares Global Clean Energy ETF
2020-01-06 00:00:00-05:00,11.058096130579639,11.095486107438719,10.983316176861477,11.06744384765625,561600,0.0,0.0,0.0,ICLN,iShares Global Clean Energy ETF
2020-01-07 00:00:00-05:00,11.076789115625752,11.076789115625752,10.983313748422017,11.039399147033691,305900,0.0,0.0,0.0,ICLN,iShares Global Clean Energy ETF
2020-01-08 00:00:00-05:00,11.05809454582922,11.179612176068218,11.030052290065525,11.132874488830566,597500,0.0,0.0,0.0,ICLN,iShares Global Clean Energy ETF
2020-01-09 00:00:00-05:00,11.198308075266707,11.217003509009784,11.132875840060635,11.151571273803711,517500,0.0,0.0,0.0,ICLN,iShares Global Clean Energy ETF
2020-01-10 00:00:00-05:00,11.198305543231942,11.254390940332424,11.170263290405273,11.170263290405273,929400,0.0,0.0,0.0,ICLN,iShares Global Clean Energy ETF
2020-01-13 00:00:00-05:00,11.235697848814997,11.347867766010246,11.235697848814997,11.338520050048828,507900,0.0,0.0,0.0,ICLN,iShares Global Clean Energy ETF
2020-01-14 00:00:00-05:00,11.375910874769662,11.478733083707288,11.329173182908079,11.431995391845703,1377600,0.0,0.0,0.0,ICLN,iShares Global Clean Energy ETF
2020-01-15 00:00:00-05:00,11.46003703122551,11.469384746655123,11.375909375253416,11.450689315795898,753400,0.0,0.0,0.0,ICLN,iShares Global Clean Energy ETF
2020-01-16 00:00:00-05:00,11.534817895089226,11.562860152175539,11.488080205647186,11.54416561126709,644800,0.0,0.0,0.0,ICLN,iShares Global Clean Energy ETF
2020-01-17 00:00:00-05:00,11.61894619108349,11.675030708312988,11.590903041021413,11.675030708312988,1448200,0.0,0.0,0.0,ICLN,iShares Global Clean Energy ETF
2020-01-21 00:00:00-05:00,11.665680960495543,11.665680960495543,11.562858769179112,11.61894416809082,922300,0.0,0.0,0.0,ICLN,iShares Global Clean Energy ETF
2020-01-22 00:00:00-05:00,11.665683096793089,11.665683096793089,11.55351316987554,11.58155632019043,862300,0.0,0.0,0.0,ICLN,iShares Global Clean Energy ETF
2020-01-23 00:00:00-05:00,11.600250443355991,11.618945876224087,11.4600382626345,11.609598159790039,568400,0.0,0.0,0.0,ICLN,iShares Global Clean Energy ETF
2020-01-24 00:00:00-05:00,11.68437639061517,11.703071820734797,11.562858769179112,11.61894416809082,578700,0.0,0.0,0.0,ICLN,iShares Global Clean Energy ETF
2020-01-27 00:00:00-05:00,11.422646951852155,11.441341491085613,11.329171581343267,11.347867012023926,1545400,0.0,0.0,0.0,ICLN,iShares Global Clean Energy ETF
2020-01-28 00:00:00-05:00,11.41329984736499,11.5722074508667,11.38525759129035,11.5722074508667,574400,0.0,0.0,0.0,ICLN,iShares Global Clean Energy ETF
2020-01-29 00:00:00-05:00,11.637639799677912,11.656335231553264,11.553512139133332,11.628292083740234,891500,0.0,0.0,0.0,ICLN,iShares Global Clean Energy ETF
2020-01-30 00:00:00-05:00,11.441341784729298,11.50677490234375,11.403951813855564,11.50677490234375,2212200,0.0,0.0,0.0,ICLN,iShares Global Clean Energy ETF
2020-01-31 00:00:00-05:00,11.478732987621003,11.497428420788072,11.301130829770447,11.32917308807373,1131500,0.0,0.0,0.0,ICLN,iShares Global Clean Energy ETF
2020-02-03 00:00:00-05:00,11.35721353354806,11.506774300669887,11.35721353354806,11.478731155395508,757200,0.0,0.0,0.0,ICLN,iShares Global Clean Energy ETF
2020-02-04 00:00:00-05:00,11.68437753789072,11.87132740020752,11.618945308941656,11.87132740020752,2099600,0.0,0.0,0.0,ICLN,iShares Global Clean Energy ETF
2020-02-05 00:00:00-05:00,11.964800963061071,12.058275434323823,11.899367852585305,12.020885467529297,1495500,0.0,0.0,0.0,ICLN,iShares Global Clean Energy ETF
2020-02-06 00:00:00-05:00,12.011540333646359,12.105014818054798,11.964802645718514,12.058277130126953,981800,0.0,0.0,0.0,ICLN,iShares Global Clean Energy ETF
2020-02-07 00:00:00-05:00,11.992845216703573,11.992845216703573,11.880675297600682,11.927412986755371,1080200,0.0,0.0,0.0,ICLN,iShares Global Clean Energy ETF
2020-02-10 00:00:00-05:00,11.927412769650676,11.964802742004395,11.852632824943239,11.964802742004395,748000,0.0,0.0,0.0,ICLN,iShares Global Clean Energy ETF
2020-02-11 00:00:00-05:00,12.13305565229478,12.273268699645996,12.08631886129152,12.273268699645996,704800,0.0,0.0,0.0,ICLN,iShares Global Clean Energy ETF
2020-02-12 00:00:00-05:00,12.394786931296595,12.544346809387207,12.348049246531481,12.544346809387207,1354600,0.0,0.0,0.0,ICLN,iShares Global Clean Energy ETF
2020-02-13 00:00:00-05:00,12.385440786827722,12.47891616821289,12.301313121870532,12.47891616821289,708300,0.0,0.0,0.0,ICLN,iShares Global Clean Energy ETF
2020-02-14 00:00:00-05:00,12.488261838569375,12.497609554133094,12.43217732808151,12.46956729888916,824800,0.0,0.0,0.0,ICLN,iShares Global Clean Energy ETF
2020-02-18 00:00:00-05:00,12.441524080288247,12.54434626918588,12.43217636544833,12.516304016113281,1413200,0.0,0.0,0.0,ICLN,iShares Global Clean Energy ETF
2020-02-19 00:00:00-05:00,12.815424330679122,13.217367172241211,12.796728900165911,13.217367172241211,3754600,0.0,0.0,0.0,ICLN,iShares Global Clean Energy ETF
2020-02-20 00:00:00-05:00,13.264103875844308,13.338884705943759,13.00237409056138,13.31084156036377,1762700,0.0,0.0,0.0,ICLN,iShares Global Clean Energy ETF
2020-02-21 00:00:00-05:00,13.17997850790655,13.217368481188595,13.058460871878083,13.189325332641602,1327500,0.0,0.0,0.0,ICLN,iShares Global Clean Energy ETF
2020-02-24 00:00:00-05:00,12.61912737886917,12.80607723582223,12.478915209016185,12.721949577331543,1550300,0.0,0.0,0.0,ICLN,iShares Global Clean Energy ETF
2020-02-25 00:00:00-05:00,12.843467039080187,12.843467039080187,12.31065973087709,12.376091957092285,1534900,0.0,0.0,0.0,ICLN,iShares Global Clean Energy ETF
2020-02-26 00:00:00-05:00,12.329353837370762,12.516304576754559,12.17979395902148,12.207837104797363,2581000,0.0,0.0,0.0,ICLN,iShares Global Clean Energy ETF
2020-02-27 00:00:00-05:00,11.843285461002965,12.039583044556224,11.59090247152851,11.740463256835938,1584900,0.0,0.0,0.0,ICLN,iShares Global Clean Energy ETF
2020-02-28 00:00:00-05:00,11.310478116264383,11.740463256835938,11.217002736878152,11.740463256835938,1727000,0.0,0.0,0.0,ICLN,iShares Global Clean Energy ETF
2020-03-02 00:00:00-05:00,11.759158230284141,11.89002358794794,11.51612294810022,11.861980438232422,1503200,0.0,0.0,0.0,ICLN,iShares Global Clean Energy ETF
2020-03-03 00:00:00-05:00,12.06762570416449,12.282618727342431,11.871328114066074,11.955455780029297,1844400,0.0,0.0,0.0,ICLN,iShares Global Clean Energy ETF
2020-03-04 00:00:00-05:00,12.235878636478152,12.413480758666992,12.086318766961837,12.413480758666992,1038200,0.0,0.0,0.0,ICLN,iShares Global Clean Energy ETF
2020-03-05 00:00:00-05:00,12.161098051276742,12.404133271965447,12.08631812051823,12.282615661621094,1471100,0.0,0.0,0.0,ICLN,iShares Global Clean Energy ETF
2020-03-06 00:00:00-05:00,11.936760302878003,12.030234786607803,11.693725040575483,11.908717155456543,800500,0.0,0.0,0.0,ICLN,iShares Global Clean Energy ETF
2020-03-09 00:00:00-04:00,10.927230375591671,11.030053476867419,10.459855235821419,10.562678337097168,2025600,0.0,0.0,0.0,ICLN,iShares Global Clean Energy ETF
2020-03-10 00:00:00-04:00,10.955271622324465,11.002009306470212,10.478548848642772,10.80571174621582,1810000,0.0,0.0,0.0,ICLN,iShares Global Clean Energy ETF
2020-03-11 00:00:00-04:00,10.553329957618045,10.581372214637987,9.917699522184177,10.142040252685547,1591200,0.0,0.0,0.0,ICLN,iShares Global Clean Energy ETF
2020-03-12 00:00:00-04:00,9.347500269418035,9.375542520621103,8.795997610890835,8.842735290527344,1440100,0.0,0.0,0.0,ICLN,iShares Global Clean Energy ETF
2020-03-13 00:00:00-04:00,9.534450856231757,9.749443843111722,8.84273599512558,9.310111045837402,636100,0.0,0.0,0.0,ICLN,iShares Global Clean Energy ETF
2020-03-16 00:00:00-04:00,8.524920813545839,8.786650592202196,8.20710563659668,8.20710563659668,823000,0.0,0.0,0.0,ICLN,iShares Global Clean Energy ETF
2020-03-17 00:00:00-04:00,8.468838566197318,8.852086067199707,8.216455543714341,8.852086067199707,1151700,0.0,0.0,0.0,ICLN,iShares Global Clean Energy ETF
2020-03-18 00:00:00-04:00,8.18841165283319,8.422099193897285,7.69299342393531,7.945376396179199,724400,0.0,0.0,0.0,ICLN,iShares Global Clean Energy ETF
2020-03-19 00:00:00-04:00,7.767775049075743,8.235150178849445,7.552782025827236,8.13232707977295,788900,0.0,0.0,0.0,ICLN,iShares Global Clean Energy ETF
2020-03-20 00:00:00-04:00,8.22580129493347,8.590353273894902,8.029503732628395,8.122978210449219,780100,0.0,0.0,0.0,ICLN,iShares Global Clean Energy ETF
2020-03-23 00:00:00-04:00,8.048197799596448,8.076240943600467,7.562128225672877,7.786468029022217,926200,0.0,0.0,0.0,ICLN,iShares Global Clean Energy ETF
2020-03-24 00:00:00-04:00,8.337972565826764,8.702525495812747,8.291234873554613,8.674482345581055,1160900,0.0,0.0,0.0,ICLN,iShares Global Clean Energy ETF
2020-03-25 00:00:00-04:00,8.824042133413982,9.347502675477546,8.590354566527044,9.104467391967773,744800,0.0,0.0,0.0,ICLN,iShares Global Clean Energy ETF
2020-03-26 00:00:00-04:00,9.235331809051866,9.581189265819992,9.235331809051866,9.440977096557617,879700,0.0,0.0,0.0,ICLN,iShares Global Clean Energy ETF
2020-03-27 00:00:00-04:00,9.010992100027119,9.123162015199998,8.795999094027,8.870779037475586,561900,0.0,0.0,0.0,ICLN,iShares Global Clean Energy ETF
2020-03-30 00:00:00-04:00,8.880127270183417,8.954907217984967,8.749261915807056,8.94555950164795,1762500,0.0,0.0,0.0,ICLN,iShares Global Clean Energy ETF
2020-03-31 00:00:00-04:00,8.93621329468115,9.141857719631703,8.880127884228134,8.926865577697754,1219000,0.0,0.0,0.0,ICLN,iShares Global Clean Energy ETF
2020-04-01 00:00:00-04:00,8.805345998270127,8.805345998270127,8.534268505391204,8.590353012084961,439800,0.0,0.0,0.0,ICLN,iShares Global Clean Energy ETF
2020-04-02 00:00:00-04:00,8.599701312405287,8.87077882373669,8.534269086326157,8.66513442993164,342200,0.0,0.0,0.0,ICLN,iShares Global Clean Energy ETF
2020-04-03 00:00:00-04:00,8.730566265486157,8.814693918937504,8.524920989432552,8.599700927734375,391400,0.0,0.0,0.0,ICLN,iShares Global Clean Energy ETF
2020-04-06 00:00:00-04:00,8.889472061907894,9.179244041442871,8.833386673785027,9.179244041442871,494300,0.0,0.0,0.0,ICLN,iShares Global Clean Energy ETF
2020-04-07 00:00:00-04:00,9.534453758860995,9.674666851628727,9.310113880169544,9.356851577758789,708900,0.0,0.0,0.0,ICLN,iShares Global Clean Energy ETF
2020-04-08 00:00:00-04:00,9.45032286078093,9.674663554463585,9.366196103527958,9.627925872802734,1120100,0.0,0.0,0.0,ICLN,iShares Global Clean Energy ETF
2020-04-09 00:00:00-04:00,9.777487734529835,9.964437607844042,9.66531781054131,9.824225425720215,797800,0.0,0.0,0.0,ICLN,iShares Global Clean Energy ETF
2020-04-13 00:00:00-04:00,9.768139502168397,9.805529474856757,9.534451950004334,9.749444961547852,657400,0.0,0.0,0.0,ICLN,iShares Global Clean Energy ETF
2020-04-14 00:00:00-04:00,9.842918781828786,10.057911778831459,9.777486556911418,9.90835189819336,570400,0.0,0.0,0.0,ICLN,iShares Global Clean Energy ETF
2020-04-15 00:00:00-04:00,9.63727667521229,9.655971218998092,9.45032588866977,9.59053897857666,633100,0.0,0.0,0.0,ICLN,iShares Global Clean Energy ETF
2020-04-16 00:00:00-04:00,9.60923216735012,9.674665289992145,9.487714529811834,9.571842193603516,560900,0.0,0.0,0.0,ICLN,iShares Global Clean Energy ETF
2020-04-17 00:00:00-04:00,9.805530191219162,9.936395550912682,9.74944567381289,9.833573341369629,519900,0.0,0.0,0.0,ICLN,iShares Global Clean Energy ETF
2020-04-20 00:00:00-04:00,9.730749547355382,9.87096261377975,9.646621885790214,9.702707290649414,446800,0.0,0.0,0.0,ICLN,iShares Global Clean Energy ETF
2020-04-21 00:00:00-04:00,9.55314745084726,9.627927396762335,9.347502153857166,9.36619758605957,1355800,0.0,0.0,0.0,ICLN,iShares Global Clean Energy ETF
2020-04-22 00:00:00-04:00,9.469019637888504,9.627927243286765,9.469019637888504,9.599884986877441,540700,0.0,0.0,0.0,ICLN,iShares Global Clean Energy ETF
2020-04-23 00:00:00-04:00,9.599883820632963,9.814875912731496,9.581188390999793,9.637273788452148,383300,0.0,0.0,0.0,ICLN,iShares Global Clean Energy ETF
2020-04-24 00:00:00-04:00,9.665316625409401,9.674664340790752,9.403586834862027,9.525103569030762,447400,0.0,0.0,0.0,ICLN,iShares Global Clean Energy ETF
2020-04-27 00:00:00-04:00,9.599884676932476,9.740096845899414,9.543799274477363,9.730749130249023,327500,0.0,0.0,0.0,ICLN,iShares Global Clean Energy ETF
2020-04-28 00:00:00-04:00,9.97378350480736,10.029868010846204,9.824223633440903,9.927045822143555,555900,0.0,0.0,0.0,ICLN,iShares Global Clean Energy ETF
2020-04-29 00:00:00-04:00,10.11399716637433,10.394422412638948,10.04856493577659,10.338337898254395,783700,0.0,0.0,0.0,ICLN,iShares Global Clean Energy ETF
2020-04-30 00:00:00-04:00,10.28225169591829,10.28225169591829,9.97378421635652,10.05791187286377,730300,0.0,0.0,0.0,ICLN,iShares Global Clean Energy ETF
2020-05-01 00:00:00-04:00,9.880309641439794,9.880309641439794,9.599885285722422,9.712055206298828,785600,0.0,0.0,0.0,ICLN,iShares Global Clean Energy ETF
2020-05-04 00:00:00-04:00,9.674665349950198,9.768139839172363,9.581189969280736,9.768139839172363,356300,0.0,0.0,0.0,ICLN,iShares Global Clean Energy ETF
2020-05-05 00:00:00-04:00,9.964435458906886,10.001825425506182,9.82422330702131,9.861613273620605,584300,0.0,0.0,0.0,ICLN,iShares Global Clean Energy ETF
2020-05-06 00:00:00-04:00,9.9457419914793,10.067259618863922,9.870962050234489,9.964436531066895,420300,0.0,0.0,0.0,ICLN,iShares Global Clean Energy ETF
2020-05-07 00:00:00-04:00,10.076607704162598,10.123345396152285,9.945743236328267,10.076607704162598,496600,0.0,0.0,0.0,ICLN,iShares Global Clean Energy ETF
2020-05-08 00:00:00-04:00,10.282251864099099,10.403769493103027,10.216819637499762,10.403769493103027,343800,0.0,0.0,0.0,ICLN,iShares Global Clean Energy ETF
2020-05-11 00:00:00-04:00,10.3476850192814,10.469202659190108,10.300948219771929,10.450508117675781,477800,0.0,0.0,0.0,ICLN,iShares Global Clean Energy ETF
2020-05-12 00:00:00-04:00,10.497243228064388,10.656150816879096,10.35703106920302,10.366378784179688,353300,0.0,0.0,0.0,ICLN,iShares Global Clean Energy ETF
2020-05-13 00:00:00-04:00,10.366380681340798,10.431812915257964,10.011175470245432,10.076607704162598,714700,0.0,0.0,0.0,ICLN,iShares Global Clean Energy ETF
2020-05-14 00:00:00-04:00,9.927047372573039,10.151387214660645,9.749445220448843,10.151387214660645,568600,0.0,0.0,0.0,ICLN,iShares Global Clean Energy ETF
2020-05-15 00:00:00-04:00,10.151385935297455,10.151385935297455,9.973783805556174,10.085953712463379,265500,0.0,0.0,0.0,ICLN,iShares Global Clean Energy ETF
2020-05-18 00:00:00-04:00,10.403769684695034,10.665499487359526,10.385074253066804,10.65615177154541,375600,0.0,0.0,0.0,ICLN,iShares Global Clean Energy ETF
2020-05-19 00:00:00-04:00,10.581371906670258,10.796364914758577,10.51593967837902,10.609415054321289,544200,0.0,0.0,0.0,ICLN,iShares Global Clean Energy ETF
2020-05-20 00:00:00-04:00,10.871144526074028,10.899186781419193,10.693541495511125,10.787016868591309,387100,0.0,0.0,0.0,ICLN,iShares Global Clean Energy ETF
2020-05-21 00:00:00-04:00,10.777669787736057,10.815059760880738,10.581372205864666,10.721585273742676,281800,0.0,0.0,0.0,ICLN,iShares Global Clean Energy ETF
2020-05-22 00:00:00-04:00,10.637458824996346,10.665501085192545,10.562678870174894,10.590721130371094,433900,0.0,0.0,0.0,ICLN,iShares Global Clean Energy ETF
2020-05-26 00:00:00-04:00,10.99266222982167,11.076789887880837,10.94592454296133,10.983314514160156,869600,0.0,0.0,0.0,ICLN,iShares Global Clean Energy ETF
2020-05-27 00:00:00-04:00,11.076791763305664,11.095486306346658,10.721586531052978,11.076791763305664,609800,0.0,0.0,0.0,ICLN,iShares Global Clean Energy ETF
2020-05-28 00:00:00-04:00,11.067442188372224,11.151569846554175,10.936576843261719,10.936576843261719,555000,0.0,0.0,0.0,ICLN,iShares Global Clean Energy ETF
2020-05-29 00:00:00-04:00,10.983315739962457,11.160917900116514,10.94592576459069,11.142223358154297,491000,0.0,0.0,0.0,ICLN,iShares Global Clean Energy ETF
2020-06-01 00:00:00-04:00,11.179611701686808,11.347867012023926,11.123526301092035,11.347867012023926,448000,0.0,0.0,0.0,ICLN,iShares Global Clean Energy ETF
2020-06-02 00:00:00-04:00,11.413298194458685,11.460035875445902,11.319822832484254,11.441340446472168,414000,0.0,0.0,0.0,ICLN,iShares Global Clean Energy ETF
2020-06-03 00:00:00-04:00,11.53481747895143,11.590901991100711,11.45068981928026,11.5722074508667,1118300,0.0,0.0,0.0,ICLN,iShares Global Clean Energy ETF
2020-06-04 00:00:00-04:00,11.581556877008016,11.646989114660599,11.469386944697566,11.562861442565918,397900,0.0,0.0,0.0,ICLN,iShares Global Clean Energy ETF
2020-06-05 00:00:00-04:00,11.81524278447005,11.927412700884503,11.768505096435547,11.768505096435547,662000,0.0,0.0,0.0,ICLN,iShares Global Clean Energy ETF
2020-06-08 00:00:00-04:00,11.936760569606568,12.114362716674805,11.852632908356833,12.114362716674805,552600,0.0,0.0,0.0,ICLN,iShares Global Clean Energy ETF
2020-06-09 00:00:00-04:00,11.871326984303865,11.955454642260886,11.796547041997007,11.899369239807129,462100,0.0,0.0,0.0,ICLN,iShares Global Clean Energy ETF
2020-06-10 00:00:00-04:00,11.974149747881363,11.974149747881363,11.759156751011231,11.83393669128418,493200,0.0,0.0,0.0,ICLN,iShares Global Clean Energy ETF
2020-06-11 00:00:00-04:00,11.357213434342622,11.450688801546358,11.00200917844163,11.039399147033691,1640700,0.0,0.0,0.0,ICLN,iShares Global Clean Energy ETF
2020-06-12 00:00:00-04:00,11.394604580543225,11.460037700927083,11.076790260388849,11.29178237915039,659700,0.0,0.0,0.0,ICLN,iShares Global Clean Energy ETF
2020-06-15 00:00:00-04:00,11.106825846717065,11.557483661493043,11.04110526981512,11.510540008544922,1089000,0.053,0.0,0.0,ICLN,iShares Global Clean Energy ETF
2020-06-16 00:00:00-04:00,11.782812080992342,11.8297557337803,11.538705802795521,11.679535865783691,1023000,0.0,0.0,0.0,ICLN,iShares Global Clean Energy ETF
2020-06-17 00:00:00-04:00,11.707702594154545,11.75464624694039,11.416652663182877,11.444818496704102,524900,0.0,0.0,0.0,ICLN,iShares Global Clean Energy ETF
2020-06-18 00:00:00-04:00,11.39787480590077,11.585648506291303,11.388485897037336,11.529315948486328,649900,0.0,0.0,0.0,ICLN,iShares Global Clean Energy ETF
2020-06-19 00:00:00-04:00,11.670148839336928,11.745258332004962,11.52931786905253,11.53870677947998,508200,0.0,0.0,0.0,ICLN,iShares Global Clean Energy ETF
2020-06-22 00:00:00-04:00,11.6232022967122,11.688922862635374,11.529315006500047,11.641979217529297,430200,0.0,0.0,0.0,ICLN,iShares Global Clean Energy ETF
2020-06-23 00:00:00-04:00,11.782811164855957,11.895475385561774,11.745256424620685,11.782811164855957,642100,0.0,0.0,0.0,ICLN,iShares Global Clean Energy ETF
2020-06-24 00:00:00-04:00,11.735867512324791,11.782811161449219,11.45420651295387,11.595037460327148,927800,0.0,0.0,0.0,ICLN,iShares Global Clean Energy ETF
2020-06-25 00:00:00-04:00,11.548092845922518,11.60442450386268,11.388484989466127,11.585647583007812,365300,0.0,0.0,0.0,ICLN,iShares Global Clean Energy ETF
2020-06-26 00:00:00-04:00,11.595037424397187,11.62320325563431,11.266432776920098,11.275821685791016,647200,0.0,0.0,0.0,ICLN,iShares Global Clean Energy ETF
2020-06-29 00:00:00-04:00,11.369707150364718,11.670145941818278,11.360319137643948,11.641979217529297,533900,0.0,0.0,0.0,ICLN,iShares Global Clean Energy ETF
2020-06-30 00:00:00-04:00,11.623204251936794,11.782812134920936,11.59503841828539,11.754646301269531,745400,0.0,0.0,0.0,ICLN,iShares Global Clean Energy ETF
2020-07-01 00:00:00-04:00,11.782810237541064,11.961195015775697,11.77342132937725,11.904863357543945,1049300,0.0,0.0,0.0,ICLN,iShares Global Clean Energy ETF
2020-07-02 00:00:00-04:00,12.148968689262267,12.205301242809714,12.026916464764666,12.073859214782715,907100,0.0,0.0,0.0,ICLN,iShares Global Clean Energy ETF
2020-07-06 00:00:00-04:00,12.383686094874939,12.543293952941895,12.336743344576304,12.543293952941895,1154100,0.0,0.0,0.0,ICLN,iShares Global Clean Energy ETF
2020-07-07 00:00:00-04:00,12.468185468871447,12.609016417086025,12.411853805886128,12.496352195739746,763100,0.0,0.0,0.0,ICLN,iShares Global Clean Energy ETF
2020-07-08 00:00:00-04:00,12.580850624515733,12.909455299377441,12.580850624515733,12.909455299377441,647800,0.0,0.0,0.0,ICLN,iShares Global Clean Energy ETF
2020-07-09 00:00:00-04:00,12.937621128229218,12.937621128229218,12.533907862415482,12.749847412109375,939200,0.0,0.0,0.0,ICLN,iShares Global Clean Energy ETF
2020-07-10 00:00:00-04:00,12.70290378947684,12.731070518493652,12.618405393177822,12.731070518493652,603100,0.0,0.0,0.0,ICLN,iShares Global Clean Energy ETF
2020-07-13 00:00:00-04:00,12.834343843332363,12.99395170144298,12.552682864585655,12.580848693847656,987600,0.0,0.0,0.0,ICLN,iShares Global Clean Energy ETF
2020-07-14 00:00:00-04:00,12.580850608642265,12.94701002627969,12.449409455163988,12.937621116638184,711500,0.0,0.0,0.0,ICLN,iShares Global Clean Energy ETF
2020-07-15 00:00:00-04:00,13.209893254593627,13.256836907517787,13.05967428153688,13.228671073913574,1717400,0.0,0.0,0.0,ICLN,iShares Global Clean Energy ETF
2020-07-16 00:00:00-04:00,13.162950459700337,13.26622577953992,13.097228987642689,13.125394821166992,1223000,0.0,0.0,0.0,ICLN,iShares Global Clean Energy ETF
2020-07-17 00:00:00-04:00,13.247447043869329,13.341334342956543,13.172337562749815,13.341334342956543,705400,0.0,0.0,0.0,ICLN,iShares Global Clean Energy ETF
2020-07-20 00:00:00-04:00,13.435220729965735,13.632383328363575,13.425831821619271,13.585439682006836,1158700,0.0,0.0,0.0,ICLN,iShares Global Clean Energy ETF
2020-07-21 00:00:00-04:00,13.773213362465622,13.782602270805548,13.5760507642051,13.65116024017334,1392500,0.0,0.0,0.0,ICLN,iShares Global Clean Energy ETF
2020-07-22 00:00:00-04:00,13.669939959896473,13.791992203804524,13.613607397390238,13.763826370239258,785500,0.0,0.0,0.0,ICLN,iShares Global Clean Energy ETF
2020-07-23 00:00:00-04:00,13.79198934242297,13.998540834925622,13.6887140438594,13.80137825012207,1044000,0.0,0.0,0.0,ICLN,iShares Global Clean Energy ETF
2020-07-24 00:00:00-04:00,13.585441591739126,13.613607425362265,13.378890055959467,13.547886848449707,1489400,0.0,0.0,0.0,ICLN,iShares Global Clean Energy ETF
2020-07-27 00:00:00-04:00,13.61360648327484,13.820158004760742,13.604217574258287,13.820158004760742,1281100,0.0,0.0,0.0,ICLN,iShares Global Clean Energy ETF
2020-07-28 00:00:00-04:00,13.82015896603216,13.82015896603216,13.472777366638184,13.472777366638184,903500,0.0,0.0,0.0,ICLN,iShares Global Clean Energy ETF
2020-07-29 00:00:00-04:00,13.604218515695983,13.613607425362265,13.472777361870868,13.547886848449707,934700,0.0,0.0,0.0,ICLN,iShares Global Clean Energy ETF
2020-07-30 00:00:00-04:00,13.42583463094788,13.613608360290527,13.40705681032573,13.613608360290527,886300,0.0,0.0,0.0,ICLN,iShares Global Clean Energy ETF
2020-07-31 00:00:00-04:00,13.641772254386712,13.660550072336452,13.397666888669592,13.519719123840332,1086500,0.0,0.0,0.0,ICLN,iShares Global Clean Energy ETF
2020-08-03 00:00:00-04:00,13.66055011876412,13.876489653666178,13.538496987802919,13.848323822021484,1485600,0.0,0.0,0.0,ICLN,iShares Global Clean Energy ETF
2020-08-04 00:00:00-04:00,13.885877651687858,14.298979771752437,13.87648874329704,14.270813941955566,1701300,0.0,0.0,0.0,ICLN,iShares Global Clean Energy ETF
2020-08-05 00:00:00-04:00,14.364701304031533,14.646362289478345,14.29897984035607,14.63697338104248,1484600,0.0,0.0,0.0,ICLN,iShares Global Clean Energy ETF
2020-08-06 00:00:00-04:00,14.693304061889648,14.805969164861954,14.580639854292873,14.693304061889648,1249400,0.0,0.0,0.0,ICLN,iShares Global Clean Energy ETF
2020-08-07 00:00:00-04:00,14.68391799958338,15.04068848537592,14.655751272411798,14.909246444702148,1804600,0.0,0.0,0.0,ICLN,iShares Global Clean Energy ETF
2020-08-10 00:00:00-04:00,15.115797937719995,15.115797937719995,14.843525843219789,14.965578079223633,1827500,0.0,0.0,0.0,ICLN,iShares Global Clean Energy ETF
2020-08-11 00:00:00-04:00,15.153352793940716,15.153352793940716,14.693306964851903,14.721473693847656,1445200,0.0,0.0,0.0,ICLN,iShares Global Clean Energy ETF
2020-08-12 00:00:00-04:00,14.749639497292177,15.021911609397478,14.683918920521288,14.974967956542969,1363800,0.0,0.0,0.0,ICLN,iShares Global Clean Energy ETF
2020-08-13 00:00:00-04:00,15.021908757470499,15.369291185417476,14.984354021391844,15.228459358215332,1477900,0.0,0.0,0.0,ICLN,iShares Global Clean Energy ETF
2020-08-14 00:00:00-04:00,15.209683377328927,15.303568874734415,15.068851549718543,15.115796089172363,4175700,0.0,0.0,0.0,ICLN,iShares Global Clean Energy ETF
2020-08-17 00:00:00-04:00,15.275405912874579,15.43501378611041,15.209685339910056,15.294183731079102,1414500,0.0,0.0,0.0,ICLN,iShares Global Clean Energy ETF
2020-08-18 00:00:00-04:00,15.44440170618523,15.453788823935053,15.16273982340835,15.35051441192627,1735600,0.0,0.0,0.0,ICLN,iShares Global Clean Energy ETF
2020-08-19 00:00:00-04:00,15.416234954933088,15.622785569356854,15.397457137962421,15.406846046447754,2101900,0.0,0.0,0.0,ICLN,iShares Global Clean Energy ETF
2020-08-20 00:00:00-04:00,15.359905158798242,15.369294068422981,15.190908367055743,15.303571701049805,1424400,0.0,0.0,0.0,ICLN,iShares Global Clean Energy ETF
2020-08-21 00:00:00-04:00,15.21907245826101,15.378680331496842,15.200296430807795,15.294183731079102,1618200,0.0,0.0,0.0,ICLN,iShares Global Clean Energy ETF
2020-08-24 00:00:00-04:00,15.491346345252778,15.56645583166031,15.35051628208258,15.48195743560791,1707100,0.0,0.0,0.0,ICLN,iShares Global Clean Energy ETF
2020-08-25 00:00:00-04:00,15.679120077538883,15.84811506941694,15.557066049750427,15.838727951049805,2008000,0.0,0.0,0.0,ICLN,iShares Global Clean Energy ETF
2020-08-26 00:00:00-04:00,15.9044485241276,15.988946915442284,15.791783405457586,15.838727951049805,2550700,0.0,0.0,0.0,ICLN,iShares Global Clean Energy ETF
2020-08-27 00:00:00-04:00,15.885673510858672,15.932616273988366,15.67912284603574,15.791786193847656,2338700,0.0,0.0,0.0,ICLN,iShares Global Clean Energy ETF
2020-08-28 00:00:00-04:00,15.96077737316853,16.223661409867546,15.904445719144096,16.14855194091797,3465000,0.0,0.0,0.0,ICLN,iShares Global Clean Energy ETF
2020-08-31 00:00:00-04:00,16.204887338572718,16.279996824873983,16.007723817812266,16.092222213745117,2685600,0.0,0.0,0.0,ICLN,iShares Global Clean Energy ETF
2020-09-01 00:00:00-04:00,16.129776013198665,16.355104446411133,16.09222037895432,16.355104446411133,2522400,0.0,0.0,0.0,ICLN,iShares Global Clean Energy ETF
2020-09-02 00:00:00-04:00,16.42082598805591,16.47715765200728,16.00772294065948,16.289384841918945,2322500,0.0,0.0,0.0,ICLN,iShares Global Clean Energy ETF
2020-09-03 00:00:00-04:00,16.064055336452956,16.082831362698197,15.228460387623667,15.275404930114746,5664400,0.0,0.0,0.0,ICLN,iShares Global Clean Energy ETF
2020-09-04 00:00:00-04:00,15.275403941813199,15.359902322079,14.39286629834322,15.115796089172363,4052100,0.0,0.0,0.0,ICLN,iShares Global Clean Energy ETF
2020-09-08 00:00:00-04:00,14.777803480934336,15.237849251492351,14.683917082353947,15.031298637390137,2235400,0.0,0.0,0.0,ICLN,iShares Global Clean Energy ETF
2020-09-09 00:00:00-04:00,15.378679330244518,15.59462064403473,15.25662710136413,15.5570650100708,3647700,0.0,0.0,0.0,ICLN,iShares Global Clean Energy ETF
2020-09-10 00:00:00-04:00,15.547674174628932,15.585229803938285,15.15334902063558,15.20968246459961,2044100,0.0,0.0,0.0,ICLN,iShares Global Clean Energy ETF
2020-09-11 00:00:00-04:00,15.378680302328247,15.40684702958161,15.078242374630946,15.200296401977539,1075900,0.0,0.0,0.0,ICLN,iShares Global Clean Energy ETF
2020-09-14 00:00:00-04:00,15.425625745590631,15.660343114109656,15.359905168925529,15.622787475585938,1520200,0.0,0.0,0.0,ICLN,iShares Global Clean Energy ETF
2020-09-15 00:00:00-04:00,15.857504826240964,16.026501617904508,15.819950978510958,15.923225402832031,1693500,0.0,0.0,0.0,ICLN,iShares Global Clean Energy ETF
2020-09-16 00:00:00-04:00,16.09222413454873,16.176722540567496,15.942005144015726,16.017114639282227,3249900,0.0,0.0,0.0,ICLN,iShares Global Clean Energy ETF
2020-09-17 00:00:00-04:00,15.63217356299288,15.76361648334386,15.491343525457124,15.71667194366455,1106400,0.0,0.0,0.0,ICLN,iShares Global Clean Energy ETF
2020-09-18 00:00:00-04:00,15.81056112166611,15.885670603377655,15.547677040300055,15.697896003723145,1009300,0.0,0.0,0.0,ICLN,iShares Global Clean Energy ETF
2020-09-21 00:00:00-04:00,15.228464122585137,15.575846659214044,15.125189685277867,15.566457748413086,2367400,0.0,0.0,0.0,ICLN,iShares Global Clean Energy ETF
2020-09-22 00:00:00-04:00,15.688506182468945,15.688506182468945,15.416234998627337,15.650952339172363,1345100,0.0,0.0,0.0,ICLN,iShares Global Clean Energy ETF
2020-09-23 00:00:00-04:00,15.75423048571633,15.923225487527347,15.4725685678618,15.510124206542969,1788400,0.0,0.0,0.0,ICLN,iShares Global Clean Energy ETF
2020-09-24 00:00:00-04:00,15.463179662999666,15.613398636268224,15.068854410481846,15.435014724731445,2087000,0.0,0.0,0.0,ICLN,iShares Global Clean Energy ETF
2020-09-25 00:00:00-04:00,15.266016931666353,15.801172212708412,15.256628022608439,15.773005485534668,2127800,0.0,0.0,0.0,ICLN,iShares Global Clean Energy ETF
2020-09-28 00:00:00-04:00,16.204885469292552,16.51471228838978,16.167329835098364,16.48654556274414,2629600,0.0,0.0,0.0,ICLN,iShares Global Clean Energy ETF
2020-09-29 00:00:00-04:00,16.730651863363043,16.946591388379225,16.664931294075615,16.880870819091797,1884400,0.0,0.0,0.0,ICLN,iShares Global Clean Energy ETF
2020-09-30 00:00:00-04:00,17.10620213981092,17.528694143324294,17.049870469592975,17.359697341918945,3217600,0.0,0.0,0.0,ICLN,iShares Global Clean Energy ETF
2020-10-01 00:00:00-04:00,17.74463558604917,17.932410227685295,17.575638766727,17.92302131652832,3378600,0.0,0.0,0.0,ICLN,iShares Global Clean Energy ETF
2020-10-02 00:00:00-04:00,17.481750432427027,18.092015233724794,17.481750432427027,17.91362953186035,3081000,0.0,0.0,0.0,ICLN,iShares Global Clean Energy ETF
2020-10-05 00:00:00-04:00,18.22345550959519,18.767999707859833,18.13895711755832,18.730445861816406,4918700,0.0,0.0,0.0,ICLN,iShares Global Clean Energy ETF
2020-10-06 00:00:00-04:00,18.918220555542792,19.199882487269523,18.636560414567565,18.861888885498047,6323300,0.0,0.0,0.0,ICLN,iShares Global Clean Energy ETF
2020-10-07 00:00:00-04:00,19.265597453412006,19.875862108193616,19.152932355401855,19.800752639770508,7683200,0.0,0.0,0.0,ICLN,iShares Global Clean Energy ETF
2020-10-08 00:00:00-04:00,20.39224534482791,20.411023165022172,19.54726313435258,19.781980514526367,6254300,0.0,0.0,0.0,ICLN,iShares Global Clean Energy ETF
2020-10-09 00:00:00-04:00,19.641145764279702,20.1669120691736,19.603590132840317,20.0918025970459,3122000,0.0,0.0,0.0,ICLN,iShares Global Clean Energy ETF
2020-10-12 00:00:00-04:00,20.251414260071314,20.270192079324616,19.44398593969342,19.67870330810547,5618300,0.0,0.0,0.0,ICLN,iShares Global Clean Energy ETF
2020-10-13 00:00:00-04:00,19.46276283090394,19.77258967080432,19.378264439044628,19.61298179626465,3185700,0.0,0.0,0.0,ICLN,iShares Global Clean Energy ETF
2020-10-14 00:00:00-04:00,19.894642755337102,19.97914114318679,19.725645979637726,19.847698211669922,3093300,0.0,0.0,0.0,ICLN,iShares Global Clean Energy ETF
2020-10-15 00:00:00-04:00,19.434596966587552,19.753812700432075,19.284378008396157,19.697479248046875,2737700,0.0,0.0,0.0,ICLN,iShares Global Clean Energy ETF
2020-10-16 00:00:00-04:00,19.819534216699115,19.969753182059822,19.57542795030013,19.61298179626465,2161500,0.0,0.0,0.0,ICLN,iShares Global Clean Energy ETF
2020-10-19 00:00:00-04:00,19.54726122450846,19.753813644961365,19.406431168314136,19.4627628326416,3680100,0.0,0.0,0.0,ICLN,iShares Global Clean Energy ETF
2020-10-20 00:00:00-04:00,19.6974783222203,19.988529106943403,19.612979938365353,19.857086181640625,2844700,0.0,0.0,0.0,ICLN,iShares Global Clean Energy ETF
2020-10-21 00:00:00-04:00,19.735039765664787,19.78198253018211,18.97455408707209,18.993331909179688,5113100,0.0,0.0,0.0,ICLN,iShares Global Clean Energy ETF
2020-10-22 00:00:00-04:00,18.918217673939,19.002716061511162,18.5426702795912,18.9276065826416,3766600,0.0,0.0,0.0,ICLN,iShares Global Clean Energy ETF
2020-10-23 00:00:00-04:00,19.059047695926047,19.16232390075683,18.786776506942022,18.983938217163086,2831300,0.0,0.0,0.0,ICLN,iShares Global Clean Energy ETF
2020-10-26 00:00:00-04:00,18.674113264080834,18.908830632571547,18.317343651905567,18.589614868164062,3844600,0.0,0.0,0.0,ICLN,iShares Global Clean Energy ETF
2020-10-27 00:00:00-04:00,18.58961200844273,18.730443840473512,18.401839216986914,18.448781967163086,2610700,0.0,0.0,0.0,ICLN,iShares Global Clean Energy ETF
2020-10-28 00:00:00-04:00,18.17651461206257,18.476952574121206,18.10140512154791,18.167125701904297,7966900,0.0,0.0,0.0,ICLN,iShares Global Clean Energy ETF
2020-10-29 00:00:00-04:00,18.39245223838842,18.627169595396182,18.261011091504493,18.54267120361328,5313700,0.0,0.0,0.0,ICLN,iShares Global Clean Energy ETF
2020-10-30 00:00:00-04:00,18.505112641825598,18.54266827257105,18.073233632759123,18.364282608032227,3463400,0.0,0.0,0.0,ICLN,iShares Global Clean Energy ETF
2020-11-02 00:00:00-05:00,18.46756171941834,18.702279076405993,18.37367441847302,18.692890167236328,4108600,0.0,0.0,0.0,ICLN,iShares Global Clean Energy ETF
2020-11-03 00:00:00-05:00,18.805557180141594,19.03088565064897,18.739834809336045,18.91822052001953,5111000,0.0,0.0,0.0,ICLN,iShares Global Clean Energy ETF
2020-11-04 00:00:00-05:00,18.580226809897837,18.74922180243584,18.148345942519423,18.67411231994629,7653300,0.0,0.0,0.0,ICLN,iShares Global Clean Energy ETF
2020-11-05 00:00:00-05:00,19.622372688049282,20.007309049523222,19.434599857751863,19.98853302001953,5942000,0.0,0.0,0.0,ICLN,iShares Global Clean Energy ETF
2020-11-06 00:00:00-05:00,20.242024496326597,20.279580133248526,19.8852548993249,20.138750076293945,4891300,0.0,0.0,0.0,ICLN,iShares Global Clean Energy ETF
2020-11-09 00:00:00-05:00,21.462555772322858,21.547054164399036,20.138750017464492,20.17630386352539,9398700,0.0,0.0,0.0,ICLN,iShares Global Clean Energy ETF
2020-11-10 00:00:00-05:00,20.28896704055413,20.28896704055413,19.62236887697414,19.875864028930664,6391400,0.0,0.0,0.0,ICLN,iShares Global Clean Energy ETF
2020-11-11 00:00:00-05:00,20.20447064384768,20.580018059193094,20.1293611607786,20.514297485351562,4981900,0.0,0.0,0.0,ICLN,iShares Global Clean Energy ETF
2020-11-12 00:00:00-05:00,20.730236039582856,20.777178792737097,20.195080774319024,20.279579162597656,4536500,0.0,0.0,0.0,ICLN,iShares Global Clean Energy ETF
2020-11-13 00:00:00-05:00,20.523685450930536,20.570628204158606,20.223247532467898,20.37346649169922,3507500,0.0,0.0,0.0,ICLN,iShares Global Clean Energy ETF
2020-11-16 00:00:00-05:00,20.52368442505565,20.52368442505565,20.223246521610378,20.47673988342285,3905100,0.0,0.0,0.0,ICLN,iShares Global Clean Energy ETF
2020-11-17 00:00:00-05:00,20.288969036144316,20.514297485351562,20.1293611607786,20.514297485351562,2756100,0.0,0.0,0.0,ICLN,iShares Global Clean Energy ETF
2020-11-18 00:00:00-05:00,20.570627214071695,20.570627214071695,20.213857650756836,20.213857650756836,3838400,0.0,0.0,0.0,ICLN,iShares Global Clean Energy ETF
2020-11-19 00:00:00-05:00,20.33591461467515,20.523689243791438,20.31713679361321,20.504911422729492,3145500,0.0,0.0,0.0,ICLN,iShares Global Clean Energy ETF
2020-11-20 00:00:00-05:00,20.6832942661824,20.852289259993594,20.589406964675295,20.739625930786133,2929400,0.0,0.0,0.0,ICLN,iShares Global Clean Energy ETF
2020-11-23 00:00:00-05:00,21.030674976290307,21.162117914841467,20.77717979917521,21.13395118713379,4543800,0.0,0.0,0.0,ICLN,iShares Global Clean Energy ETF
2020-11-24 00:00:00-05:00,21.331110040728074,21.565827367812126,20.993118307437786,21.424997329711914,6381100,0.0,0.0,0.0,ICLN,iShares Global Clean Energy ETF
2020-11-25 00:00:00-05:00,21.43438907960717,21.82871431302082,21.425000170388827,21.79115867614746,4788900,0.0,0.0,0.0,ICLN,iShares Global Clean Energy ETF
2020-11-27 00:00:00-05:00,22.12915423248913,22.36387161177434,22.044655832686335,22.147932052612305,3694600,0.0,0.0,0.0,ICLN,iShares Global Clean Energy ETF
2020-11-30 00:00:00-05:00,22.720643067204584,22.720643067204584,21.913214708140245,22.09160041809082,5404600,0.0,0.0,0.0,ICLN,iShares Global Clean Energy ETF
2020-12-01 00:00:00-05:00,22.2230415113371,22.232430421385583,21.86627188325218,21.885047912597656,4700300,0.0,0.0,0.0,ICLN,iShares Global Clean Energy ETF
2020-12-02 00:00:00-05:00,21.565829352935868,21.791157792787793,21.331112004246204,21.687883377075195,3798500,0.0,0.0,0.0,ICLN,iShares Global Clean Energy ETF
2020-12-03 00:00:00-05:00,21.809937538155083,21.875658115076764,21.50011068213044,21.53766632080078,5869500,0.0,0.0,0.0,ICLN,iShares Global Clean Energy ETF
2020-12-04 00:00:00-05:00,21.60338592529297,21.78177161944461,21.565830288313116,21.60338592529297,2548400,0.0,0.0,0.0,ICLN,iShares Global Clean Energy ETF
2020-12-07 00:00:00-05:00,21.772382737697768,21.95076664132337,21.678495435880887,21.69727325439453,3658900,0.0,0.0,0.0,ICLN,iShares Global Clean Energy ETF
2020-12-08 00:00:00-05:00,21.856877347961667,22.31692307742776,21.84748844032958,22.279367446899414,3398200,0.0,0.0,0.0,ICLN,iShares Global Clean Energy ETF
2020-12-09 00:00:00-05:00,22.45775693567531,22.48592366336926,21.55644134773364,21.734827041625977,4234500,0.0,0.0,0.0,ICLN,iShares Global Clean Energy ETF
2020-12-10 00:00:00-05:00,21.612773906238914,22.082208603816206,21.593996088555517,22.063430786132812,3120000,0.0,0.0,0.0,ICLN,iShares Global Clean Energy ETF
2020-12-11 00:00:00-05:00,21.969546281287748,22.392038279115997,21.96015737125251,22.18548583984375,2608000,0.0,0.0,0.0,ICLN,iShares Global Clean Energy ETF
2020-12-14 00:00:00-05:00,22.58031284510249,22.646116965754857,22.40170037974049,22.505107879638672,4152100,0.03,0.0,0.0,ICLN,iShares Global Clean Energy ETF
2020-12-15 00:00:00-05:00,22.852928594130038,23.595579145691616,22.71191951775299,23.55797576904297,5568800,0.0,0.0,0.0,ICLN,iShares Global Clean Energy ETF
2020-12-16 00:00:00-05:00,23.623779885150412,23.623779885150412,23.12554769574966,23.55797576904297,5858400,0.0,0.0,0.0,ICLN,iShares Global Clean Energy ETF
2020-12-17 00:00:00-05:00,23.93400275748856,24.02800941467285,23.73659039112662,24.02800941467285,7603700,0.0,0.0,0.0,ICLN,iShares Global Clean Energy ETF
2020-12-18 00:00:00-05:00,24.19722199029115,24.704856883226817,24.122017020192672,24.357032775878906,5670700,0.0,0.0,0.0,ICLN,iShares Global Clean Energy ETF
2020-12-21 00:00:00-05:00,24.197219999374312,24.798859710659972,24.112614190846294,24.780059814453125,5370700,0.0,0.0,0.0,ICLN,iShares Global Clean Energy ETF
2020-12-22 00:00:00-05:00,25.39109712425315,25.814124319783918,25.10907720087176,25.68251609802246,7801700,0.0,0.0,0.0,ICLN,iShares Global Clean Energy ETF
2020-12-23 00:00:00-05:00,26.660185662164118,26.660185662164118,25.964539298857336,26.096147537231445,6492200,0.0,0.0,0.0,ICLN,iShares Global Clean Energy ETF
2020-12-24 00:00:00-05:00,26.378167151906418,26.387567997024842,25.81412899599605,26.049144744873047,4741600,0.0,0.0,0.0,ICLN,iShares Global Clean Energy ETF
2020-12-28 00:00:00-05:00,26.97040073863265,26.97040073863265,26.20894862187273,26.255952835083008,7088400,0.0,0.0,0.0,ICLN,iShares Global Clean Energy ETF
2020-12-29 00:00:00-05:00,26.556775359565563,26.566176203174734,25.74832073945244,26.002138137817383,6898800,0.0,0.0,0.0,ICLN,iShares Global Clean Energy ETF
2020-12-30 00:00:00-05:00,26.30687702052693,26.673688476008422,26.24103957296089,26.607851028442383,5452700,0.014,0.0,0.0,ICLN,iShares Global Clean Energy ETF
2020-12-31 00:00:00-05:00,26.93703677991845,26.93703677991845,26.363309201403506,26.560821533203125,4218500,0.0,0.0,0.0,ICLN,iShares Global Clean Energy ETF
2021-01-04 00:00:00-05:00,27.34146667088227,27.482547152951234,26.59844184188669,26.97465705871582,9237800,0.0,0.0,0.0,ICLN,iShares Global Clean Energy ETF
2021-01-05 00:00:00-05:00,27.05930682834781,27.708277431551906,27.040495618242716,27.54838752746582,10744800,0.0,0.0,0.0,ICLN,iShares Global Clean Energy ETF
2021-01-06 00:00:00-05:00,28.789897905247372,30.25713637466318,28.611195002000404,29.532922744750977,21173200,0.0,0.0,0.0,ICLN,iShares Global Clean Energy ETF
2021-01-07 00:00:00-05:00,31.009570748989162,31.78081241138965,30.680379959314404,31.42340660095215,22989400,0.0,0.0,0.0,ICLN,iShares Global Clean Energy ETF
2021-01-08 00:00:00-05:00,32.11940371775467,32.213456169231755,30.689784210502637,31.188268661499023,17693900,0.0,0.0,0.0,ICLN,iShares Global Clean Energy ETF
2021-01-11 00:00:00-05:00,29.79627214206548,30.426431472377057,29.278974679332,30.13486671447754,13352100,0.0,0.0,0.0,ICLN,iShares Global Clean Energy ETF
2021-01-12 00:00:00-05:00,30.492274881599997,30.539304705327087,29.815089191966017,30.50168228149414,11013300,0.0,0.0,0.0,ICLN,iShares Global Clean Energy ETF
2021-01-13 00:00:00-05:00,30.887299196231535,30.887299196231535,30.069029522129327,30.652164459228516,9705300,0.0,0.0,0.0,ICLN,iShares Global Clean Energy ETF
2021-01-14 00:00:00-05:00,30.341783557976655,30.661566929837985,30.14427124861644,30.379405975341797,9184200,0.0,0.0,0.0,ICLN,iShares Global Clean Energy ETF
2021-01-15 00:00:00-05:00,29.589357005890832,29.692816873191486,28.470116852460862,28.74287223815918,12308200,0.0,0.0,0.0,ICLN,iShares Global Clean Energy ETF
2021-01-19 00:00:00-05:00,29.32600482105259,29.66459941795512,28.968599014558652,29.532922744750977,11612600,0.0,0.0,0.0,ICLN,iShares Global Clean Energy ETF
2021-01-20 00:00:00-05:00,29.683407039371442,29.711623852052956,29.128488947517326,29.42005729675293,8887600,0.0,0.0,0.0,ICLN,iShares Global Clean Energy ETF
2021-01-21 00:00:00-05:00,29.692814708444864,30.73681352909842,29.4200593426317,30.718002319335938,9465300,0.0,0.0,0.0,ICLN,iShares Global Clean Energy ETF
2021-01-22 00:00:00-05:00,30.341785267194297,30.971948236009702,30.247732806354456,30.94373321533203,6665000,0.0,0.0,0.0,ICLN,iShares Global Clean Energy ETF
2021-01-25 00:00:00-05:00,31.028381012911343,31.573891728966185,30.144272118668464,30.548704147338867,10297400,0.0,0.0,0.0,ICLN,iShares Global Clean Energy ETF
2021-01-26 00:00:00-05:00,30.576921284385445,30.661569937825696,30.05962555241571,30.24773406982422,7129000,0.0,0.0,0.0,ICLN,iShares Global Clean Energy ETF
2021-01-27 00:00:00-05:00,28.630005929449368,29.07205858687692,27.868168093926418,28.347843170166016,12571500,0.0,0.0,0.0,ICLN,iShares Global Clean Energy ETF
2021-01-28 00:00:00-05:00,28.73346364953874,29.053247029872526,28.29141099739999,28.987409591674805,12144500,0.0,0.0,0.0,ICLN,iShares Global Clean Energy ETF
2021-01-29 00:00:00-05:00,28.639412685816044,28.912168057428907,27.63303446935276,28.028060913085938,9698000,0.0,0.0,0.0,ICLN,iShares Global Clean Energy ETF
2021-02-01 00:00:00-05:00,28.677033408712106,28.68643901382499,27.952817960441454,28.658222198486328,6671400,0.0,0.0,0.0,ICLN,iShares Global Clean Energy ETF
2021-02-02 00:00:00-05:00,29.109685432218292,29.22254911794558,28.592387858504413,28.968603134155273,10789400,0.0,0.0,0.0,ICLN,iShares Global Clean Energy ETF
2021-02-03 00:00:00-05:00,29.344818475738226,29.626979467377005,28.883952772026603,29.485898971557617,6589100,0.0,0.0,0.0,ICLN,iShares Global Clean Energy ETF
2021-02-04 00:00:00-05:00,29.307198247977077,29.36363009174335,28.98741481007493,29.10968589782715,5928400,0.0,0.0,0.0,ICLN,iShares Global Clean Energy ETF
2021-02-05 00:00:00-05:00,29.344817145975323,29.46708642509526,28.959196304373375,29.326005935668945,5828200,0.0,0.0,0.0,ICLN,iShares Global Clean Energy ETF
2021-02-08 00:00:00-05:00,29.420058561619598,29.81508498646645,29.391841747724946,29.617570877075195,6450800,0.0,0.0,0.0,ICLN,iShares Global Clean Energy ETF
2021-02-09 00:00:00-05:00,29.128492199150447,29.61757290994634,28.996817313142234,29.35422134399414,6106500,0.0,0.0,0.0,ICLN,iShares Global Clean Energy ETF
2021-02-10 00:00:00-05:00,29.55173485949103,29.796275209862323,28.61119587834101,28.959196090698242,6678200,0.0,0.0,0.0,ICLN,iShares Global Clean Energy ETF
2021-02-11 00:00:00-05:00,29.29779264169337,29.32600946054449,28.921577360024955,29.10968589782715,4458800,0.0,0.0,0.0,ICLN,iShares Global Clean Energy ETF
2021-02-12 00:00:00-05:00,28.35724964517601,28.630006808127494,27.990440020179204,28.517141342163086,6069800,0.0,0.0,0.0,ICLN,iShares Global Clean Energy ETF
2021-02-16 00:00:00-05:00,29.043843835170595,29.0626550459124,27.839955050667644,28.197359085083008,7989300,0.0,0.0,0.0,ICLN,iShares Global Clean Energy ETF
2021-02-17 00:00:00-05:00,27.999846095758304,27.999846095758304,27.172170781937353,27.727088928222656,7708500,0.0,0.0,0.0,ICLN,iShares Global Clean Energy ETF
2021-02-18 00:00:00-05:00,26.824173829344236,26.842985040673412,26.00590407588358,26.288066864013672,11352700,0.0,0.0,0.0,ICLN,iShares Global Clean Energy ETF
2021-02-19 00:00:00-05:00,26.711307005192076,27.172170895847596,26.654875167992724,26.795955657958984,6861600,0.0,0.0,0.0,ICLN,iShares Global Clean Energy ETF
2021-02-22 00:00:00-05:00,26.10936431456887,26.12817552616485,24.93369049885847,25.018339157104492,10240100,0.0,0.0,0.0,ICLN,iShares Global Clean Energy ETF
2021-02-23 00:00:00-05:00,23.88028661534917,24.679745190402496,22.986775567648564,24.670339584350586,16636700,0.0,0.0,0.0,ICLN,iShares Global Clean Energy ETF
2021-02-24 00:00:00-05:00,24.66093369013102,25.19704246520996,24.087206079155862,25.19704246520996,8236300,0.0,0.0,0.0,ICLN,iShares Global Clean Energy ETF
2021-02-25 00:00:00-05:00,24.905473405718414,25.150013771951002,23.786233237187844,23.983745574951172,10893300,0.0,0.0,0.0,ICLN,iShares Global Clean Energy ETF
2021-02-26 00:00:00-05:00,24.096609433494628,24.53866210784781,23.598123128762605,24.31293296813965,8838700,0.0,0.0,0.0,ICLN,iShares Global Clean Energy ETF
2021-03-01 00:00:00-05:00,25.046552586181278,25.319309755152485,24.745580395548057,25.234661102294922,5432800,0.0,0.0,0.0,ICLN,iShares Global Clean Energy ETF
2021-03-02 00:00:00-05:00,25.140606344296256,25.21584939045829,24.388175882675906,24.425796508789062,5318600,0.0,0.0,0.0,ICLN,iShares Global Clean Energy ETF
2021-03-03 00:00:00-05:00,23.993151530022548,24.209475082323586,22.779855286885976,22.82688331604004,9225600,0.0,0.0,0.0,ICLN,iShares Global Clean Energy ETF
2021-03-04 00:00:00-05:00,22.638771914959342,23.014987130779424,21.227963510182292,21.9145565032959,15035500,0.0,0.0,0.0,ICLN,iShares Global Clean Energy ETF
2021-03-05 00:00:00-05:00,22.23434056069264,22.29077419023181,20.136939099084202,21.60417938232422,16676500,0.0,0.0,0.0,ICLN,iShares Global Clean Energy ETF
2021-03-08 00:00:00-05:00,21.397260950638984,21.84871921267933,20.879965249626373,20.945802688598633,10265400,0.0,0.0,0.0,ICLN,iShares Global Clean Energy ETF
2021-03-09 00:00:00-05:00,22.215532368520833,22.89271981487228,22.14028931892623,22.695205688476562,9672800,0.0,0.0,0.0,ICLN,iShares Global Clean Energy ETF
2021-03-10 00:00:00-05:00,23.428827369308134,23.466449792039775,22.413045276719973,22.685802459716797,8560600,0.0,0.0,0.0,ICLN,iShares Global Clean Energy ETF
2021-03-11 00:00:00-05:00,23.5887138614134,24.153037520037113,23.428822188035603,24.124820709228516,8023700,0.0,0.0,0.0,ICLN,iShares Global Clean Energy ETF
2021-03-12 00:00:00-05:00,23.457041018282855,23.993147912251917,23.23131189418723,23.936716079711914,5204900,0.0,0.0,0.0,ICLN,iShares Global Clean Energy ETF
2021-03-15 00:00:00-04:00,23.69217668992421,23.889689008644556,23.400608323333675,23.80504035949707,4867900,0.0,0.0,0.0,ICLN,iShares Global Clean Energy ETF
2021-03-16 00:00:00-04:00,23.710987404667353,23.833258479662042,23.03379996832062,23.25952911376953,7287700,0.0,0.0,0.0,ICLN,iShares Global Clean Energy ETF
2021-03-17 00:00:00-04:00,22.384824162437305,22.85509359268965,22.036825788654458,22.619958877563477,8889100,0.0,0.0,0.0,ICLN,iShares Global Clean Energy ETF
2021-03-18 00:00:00-04:00,22.112072924510084,22.243747815329105,21.331425597345046,21.38785743713379,10105500,0.0,0.0,0.0,ICLN,iShares Global Clean Energy ETF
2021-03-19 00:00:00-04:00,21.613584363359642,22.140287460240764,21.47250388145549,21.952178955078125,7793700,0.0,0.0,0.0,ICLN,iShares Global Clean Energy ETF
2021-03-22 00:00:00-04:00,22.290777002893943,22.723424120338322,22.055642231951754,22.478883743286133,6419100,0.0,0.0,0.0,ICLN,iShares Global Clean Energy ETF
2021-03-23 00:00:00-04:00,22.62936876802692,22.638774373685894,21.942775700344587,22.055641174316406,4929600,0.0,0.0,0.0,ICLN,iShares Global Clean Energy ETF
2021-03-24 00:00:00-04:00,21.905154203832662,21.914558015183236,21.068073272705078,21.068073272705078,6054900,0.0,0.0,0.0,ICLN,iShares Global Clean Energy ETF
2021-03-25 00:00:00-04:00,20.45672555609041,21.17153549194336,20.29683383630836,21.17153549194336,13359500,0.0,0.0,0.0,ICLN,iShares Global Clean Energy ETF
2021-03-26 00:00:00-04:00,21.369043217554548,21.622989151757114,21.09628786869429,21.594772338867188,6878900,0.0,0.0,0.0,ICLN,iShares Global Clean Energy ETF
2021-03-29 00:00:00-04:00,21.641804114298072,21.698235955930897,20.992831656744922,21.07748031616211,5177000,0.0,0.0,0.0,ICLN,iShares Global Clean Energy ETF
2021-03-30 00:00:00-04:00,21.199750711785782,22.102667324373098,21.17153389491649,22.09326171875,8981600,0.0,0.0,0.0,ICLN,iShares Global Clean Energy ETF
2021-03-31 00:00:00-04:00,22.63877138983121,23.033797805763193,22.497690911413134,22.85509490966797,12207800,0.0,0.0,0.0,ICLN,iShares Global Clean Energy ETF
2021-04-01 00:00:00-04:00,23.41942267378036,23.457045097974127,22.70461275952205,22.74223518371582,9290900,0.0,0.0,0.0,ICLN,iShares Global Clean Energy ETF
2021-04-05 00:00:00-04:00,23.165475417795246,23.184286628857205,22.337801864363236,22.39423370361328,9115200,0.0,0.0,0.0,ICLN,iShares Global Clean Energy ETF
2021-04-06 00:00:00-04:00,22.337801864363236,22.657585276673196,22.253153208520256,22.39423370361328,6499600,0.0,0.0,0.0,ICLN,iShares Global Clean Energy ETF
2021-04-07 00:00:00-04:00,22.413042882163534,22.413042882163534,21.67001805195521,21.764070510864258,5636500,0.0,0.0,0.0,ICLN,iShares Global Clean Energy ETF
2021-04-08 00:00:00-04:00,22.1214752634298,22.243744530572428,21.961583579359857,22.046232223510742,4851600,0.0,0.0,0.0,ICLN,iShares Global Clean Energy ETF
2021-04-09 00:00:00-04:00,21.82990729929951,22.10266444502939,21.78288107124603,22.074447631835938,4534500,0.0,0.0,0.0,ICLN,iShares Global Clean Energy ETF
2021-04-12 00:00:00-04:00,21.820505212946244,21.848720234433447,21.39726195128068,21.632396697998047,6489100,0.0,0.0,0.0,ICLN,iShares Global Clean Energy ETF
2021-04-13 00:00:00-04:00,21.773475466848215,22.074447631835938,21.575963156300872,22.074447631835938,6395200,0.0,0.0,0.0,ICLN,iShares Global Clean Energy ETF
2021-04-14 00:00:00-04:00,22.318989945132163,22.563530299370992,21.961585915974343,21.99920654296875,7942600,0.0,0.0,0.0,ICLN,iShares Global Clean Energy ETF
2021-04-15 00:00:00-04:00,22.206127443116387,22.23434246636854,21.50072315883885,21.679424285888672,5621800,0.0,0.0,0.0,ICLN,iShares Global Clean Energy ETF
2021-04-16 00:00:00-04:00,22.008610511658897,22.469474370169465,21.914556260263026,22.403636932373047,6558700,0.0,0.0,0.0,ICLN,iShares Global Clean Energy ETF
2021-04-19 00:00:00-04:00,22.356611992015576,22.394232618380556,21.67942277808858,21.858125686645508,6605300,0.0,0.0,0.0,ICLN,iShares Global Clean Energy ETF
2021-04-20 00:00:00-04:00,21.67942152144758,21.914556252890332,21.481909208124772,21.660612106323242,4577700,0.0,0.0,0.0,ICLN,iShares Global Clean Energy ETF
2021-04-21 00:00:00-04:00,21.481910306092775,22.09326028030369,21.378450444910595,22.08385467529297,5719500,0.0,0.0,0.0,ICLN,iShares Global Clean Energy ETF
2021-04-22 00:00:00-04:00,22.808067367238618,22.930336629772604,22.478878407274877,22.619958877563477,9553700,0.0,0.0,0.0,ICLN,iShares Global Clean Energy ETF
2021-04-23 00:00:00-04:00,22.82687794513067,23.099633274304416,22.69520128841722,23.043201446533203,6351500,0.0,0.0,0.0,ICLN,iShares Global Clean Energy ETF
2021-04-26 00:00:00-04:00,23.13725949889523,23.193691335959333,22.81747609897237,23.156070709228516,5846100,0.0,0.0,0.0,ICLN,iShares Global Clean Energy ETF
2021-04-27 00:00:00-04:00,23.174878261895262,23.21250067953623,22.94914913785629,23.080825805664062,4825800,0.0,0.0,0.0,ICLN,iShares Global Clean Energy ETF
2021-04-28 00:00:00-04:00,22.591746346327355,22.817475482420093,22.384826626123896,22.610557556152344,5060400,0.0,0.0,0.0,ICLN,iShares Global Clean Energy ETF
2021-04-29 00:00:00-04:00,22.57293577859671,22.619962010561153,21.999206420164604,22.262557983398438,7842600,0.0,0.0,0.0,ICLN,iShares Global Clean Energy ETF
2021-04-30 00:00:00-04:00,21.9333687333112,22.074449221567416,21.707639593314116,21.858125686645508,5308000,0.0,0.0,0.0,ICLN,iShares Global Clean Energy ETF
2021-05-03 00:00:00-04:00,21.93336747459884,21.95217868366966,21.50072042958378,21.547746658325195,5625700,0.0,0.0,0.0,ICLN,iShares Global Clean Energy ETF
2021-05-04 00:00:00-04:00,20.92699253911519,20.955209354647724,20.48493985938671,20.66364097595215,9552000,0.0,0.0,0.0,ICLN,iShares Global Clean Energy ETF
2021-05-05 00:00:00-04:00,20.964614566927484,20.964614566927484,20.55077691655151,20.635425567626953,5545300,0.0,0.0,0.0,ICLN,iShares Global Clean Energy ETF
2021-05-06 00:00:00-04:00,20.343857780544397,20.475534460419922,20.033479982303717,20.362668991088867,10523900,0.0,0.0,0.0,ICLN,iShares Global Clean Energy ETF
2021-05-07 00:00:00-04:00,20.691858321734045,21.002236124802625,20.560183433746104,20.729480743408203,6773800,0.0,0.0,0.0,ICLN,iShares Global Clean Energy ETF
2021-05-10 00:00:00-04:00,20.55077910660473,20.691859608786544,20.089915176044972,20.10872459411621,5055600,0.0,0.0,0.0,ICLN,iShares Global Clean Energy ETF
2021-05-11 00:00:00-04:00,19.243424510937373,20.22158580149405,19.22461509683862,20.15574836730957,9139000,0.0,0.0,0.0,ICLN,iShares Global Clean Energy ETF
2021-05-12 00:00:00-04:00,19.892402950329263,19.986457225471643,19.431538975461308,19.478565216064453,7322900,0.0,0.0,0.0,ICLN,iShares Global Clean Energy ETF
2021-05-13 00:00:00-04:00,19.770129840336256,19.88299351361878,19.33748097559128,19.55380630493164,6798100,0.0,0.0,0.0,ICLN,iShares Global Clean Energy ETF
2021-05-14 00:00:00-04:00,20.014667351219103,20.390882532007236,19.930018711299837,20.31563949584961,7225500,0.0,0.0,0.0,ICLN,iShares Global Clean Energy ETF
2021-05-17 00:00:00-04:00,20.17456098234991,20.230992816452893,19.911209433309896,20.127532958984375,4430900,0.0,0.0,0.0,ICLN,iShares Global Clean Energy ETF
2021-05-18 00:00:00-04:00,20.372076854227277,20.691860293182245,20.240401953693812,20.503751754760742,6791900,0.0,0.0,0.0,ICLN,iShares Global Clean Energy ETF
2021-05-19 00:00:00-04:00,20.136939643561824,20.691857791484683,20.099319016787536,20.66364097595215,6762900,0.0,0.0,0.0,ICLN,iShares Global Clean Energy ETF
2021-05-20 00:00:00-04:00,20.98342602189846,21.237371999800054,20.90818296851309,21.190345764160156,5401100,0.0,0.0,0.0,ICLN,iShares Global Clean Energy ETF
2021-05-21 00:00:00-04:00,21.350238836283292,21.35964264886132,21.180941506902535,21.23737335205078,3246700,0.0,0.0,0.0,ICLN,iShares Global Clean Energy ETF
2021-05-24 00:00:00-04:00,21.378448137868954,21.416070553851828,21.152719023778296,21.27499008178711,3013600,0.0,0.0,0.0,ICLN,iShares Global Clean Energy ETF
2021-05-25 00:00:00-04:00,21.350234025377624,21.397260253415283,21.124503107777162,21.218557357788086,2801700,0.0,0.0,0.0,ICLN,iShares Global Clean Energy ETF
2021-05-26 00:00:00-04:00,21.284395158868307,21.519529890951823,21.23736893002586,21.472503662109375,3619200,0.0,0.0,0.0,ICLN,iShares Global Clean Energy ETF
2021-05-27 00:00:00-04:00,21.52893452164964,21.547745729909952,21.340827820853182,21.453691482543945,4645200,0.0,0.0,0.0,ICLN,iShares Global Clean Energy ETF
2021-05-28 00:00:00-04:00,21.585368607426684,21.782880916571543,21.510125566714034,21.557151794433594,3526200,0.0,0.0,0.0,ICLN,iShares Global Clean Energy ETF
2021-06-01 00:00:00-04:00,21.82990576389897,21.905150593789184,21.369041944434297,21.51012420654297,4519100,0.0,0.0,0.0,ICLN,iShares Global Clean Energy ETF
2021-06-02 00:00:00-04:00,21.22796398112486,21.256180795663223,21.039857266009495,21.162126541137695,5270200,0.0,0.0,0.0,ICLN,iShares Global Clean Energy ETF
2021-06-03 00:00:00-04:00,20.87996628686649,21.021046776520503,20.682452166202268,20.776506423950195,6368800,0.0,0.0,0.0,ICLN,iShares Global Clean Energy ETF
2021-06-04 00:00:00-04:00,20.95520868110913,21.171532211431582,20.926991866483537,20.974018096923828,4013300,0.0,0.0,0.0,ICLN,iShares Global Clean Energy ETF
2021-06-07 00:00:00-04:00,20.93639934864523,21.09629105798907,20.767102033582827,21.086885452270508,3643100,0.0,0.0,0.0,ICLN,iShares Global Clean Energy ETF
2021-06-08 00:00:00-04:00,21.27499536766586,21.27499536766586,20.917589502771396,21.17153549194336,3965300,0.0,0.0,0.0,ICLN,iShares Global Clean Energy ETF
2021-06-09 00:00:00-04:00,21.218557056182743,21.33142251337868,21.03045035277029,21.03985595703125,2920000,0.0,0.0,0.0,ICLN,iShares Global Clean Energy ETF
2021-06-10 00:00:00-04:00,20.97743637836348,21.22333981320049,20.882857856666895,21.128761291503906,2695000,0.124,0.0,0.0,ICLN,iShares Global Clean Energy ETF
2021-06-11 00:00:00-04:00,21.20442368166178,21.308460235595703,21.1382192578621,21.308460235595703,3253300,0.0,0.0,0.0,ICLN,iShares Global Clean Energy ETF
2021-06-14 00:00:00-04:00,21.525989559077733,21.705688569236504,21.50707349402202,21.563819885253906,4377700,0.0,0.0,0.0,ICLN,iShares Global Clean Energy ETF
2021-06-15 00:00:00-04:00,21.535448119129278,21.592194511751202,21.19496615552714,21.31791877746582,2800700,0.0,0.0,0.0,ICLN,iShares Global Clean Energy ETF
2021-06-16 00:00:00-04:00,21.431407928466797,21.752973772020155,21.280083037845802,21.431407928466797,3852100,0.0,0.0,0.0,ICLN,iShares Global Clean Energy ETF
2021-06-17 00:00:00-04:00,21.242249835536796,21.62056384683121,21.185503455416594,21.554359436035156,3491400,0.0,0.0,0.0,ICLN,iShares Global Clean Energy ETF
2021-06-18 00:00:00-04:00,21.30845994748174,21.421952728479425,21.17604929773747,21.194965362548828,4651500,0.0,0.0,0.0,ICLN,iShares Global Clean Energy ETF
2021-06-21 00:00:00-04:00,21.2989999813813,21.46924094135721,21.090926895217383,21.412492752075195,3541900,0.0,0.0,0.0,ICLN,iShares Global Clean Energy ETF
2021-06-22 00:00:00-04:00,21.327368596068187,21.705682577001216,21.289538280335737,21.630020141601562,3588300,0.0,0.0,0.0,ICLN,iShares Global Clean Energy ETF
2021-06-23 00:00:00-04:00,21.582733664640767,21.705686270546643,21.459782862669954,21.592191696166992,3039700,0.0,0.0,0.0,ICLN,iShares Global Clean Energy ETF
2021-06-24 00:00:00-04:00,21.83809492211366,21.88538327541578,21.648937901035108,21.734058380126953,3415400,0.0,0.0,0.0,ICLN,iShares Global Clean Energy ETF
2021-06-25 00:00:00-04:00,21.82863845489608,21.979963361028776,21.75297600182973,21.800264358520508,3726800,0.0,0.0,0.0,ICLN,iShares Global Clean Energy ETF
2021-06-28 00:00:00-04:00,21.989421248670055,22.386649575642146,21.94213289228999,22.3771915435791,6291500,0.0,0.0,0.0,ICLN,iShares Global Clean Energy ETF
2021-06-29 00:00:00-04:00,22.67038505157238,22.83116800104177,22.47177177489947,22.519060134887695,4563600,0.0,0.0,0.0,ICLN,iShares Global Clean Energy ETF
2021-06-30 00:00:00-04:00,22.244778424384215,22.310982832157737,22.055621427372873,22.188030242919922,3782100,0.0,0.0,0.0,ICLN,iShares Global Clean Energy ETF
2021-07-01 00:00:00-04:00,22.28261283791138,22.320444965842718,22.036709418163124,22.26369857788086,2936600,0.0,0.0,0.0,ICLN,iShares Global Clean Energy ETF
2021-07-02 00:00:00-04:00,22.225865807588388,22.31098628903864,22.07454090810685,22.216407775878906,2494400,0.0,0.0,0.0,ICLN,iShares Global Clean Energy ETF
2021-07-06 00:00:00-04:00,22.37719103355646,22.386649065403937,22.197492036324636,22.367733001708984,4233000,0.0,0.0,0.0,ICLN,iShares Global Clean Energy ETF
2021-07-07 00:00:00-04:00,22.64201034886594,22.76496115411901,22.21640793849934,22.292070388793945,4090700,0.0,0.0,0.0,ICLN,iShares Global Clean Energy ETF
2021-07-08 00:00:00-04:00,21.71514554782617,22.027255220219317,21.563820630024516,21.9043025970459,4198700,0.0,0.0,0.0,ICLN,iShares Global Clean Energy ETF
2021-07-09 00:00:00-04:00,21.94213577089703,22.008340200088597,21.715146579475366,21.961050033569336,2802000,0.0,0.0,0.0,ICLN,iShares Global Clean Energy ETF
2021-07-12 00:00:00-04:00,22.225865807588388,22.26369793442632,21.979962394947115,22.216407775878906,4430600,0.0,0.0,0.0,ICLN,iShares Global Clean Energy ETF
2021-07-13 00:00:00-04:00,22.065082250360554,22.25423927131321,21.91375735517245,21.951587677001953,3671700,0.0,0.0,0.0,ICLN,iShares Global Clean Energy ETF
2021-07-14 00:00:00-04:00,22.008336111990875,22.008336111990875,21.393578492916255,21.412492752075195,5526500,0.0,0.0,0.0,ICLN,iShares Global Clean Energy ETF
2021-07-15 00:00:00-04:00,21.12876148945028,21.317918534615576,20.788279529726857,20.986894607543945,6537100,0.0,0.0,0.0,ICLN,iShares Global Clean Energy ETF
2021-07-16 00:00:00-04:00,21.194963305794005,21.194963305794005,20.845025160417972,20.901771545410156,3606000,0.0,0.0,0.0,ICLN,iShares Global Clean Energy ETF
2021-07-19 00:00:00-04:00,20.476170704734905,20.75044822692871,20.39105021880822,20.75044822692871,6995200,0.0,0.0,0.0,ICLN,iShares Global Clean Energy ETF
2021-07-20 00:00:00-04:00,20.731531626641388,21.03418143369766,20.542374595263645,20.958518981933594,3657700,0.0,0.0,0.0,ICLN,iShares Global Clean Energy ETF
2021-07-21 00:00:00-04:00,21.147676535589284,21.630025353973327,21.119302439001334,21.620567321777344,4703700,0.0,0.0,0.0,ICLN,iShares Global Clean Energy ETF
2021-07-22 00:00:00-04:00,21.80025926829972,21.857007447800527,21.5070675566179,21.630020141601562,4726800,0.0,0.0,0.0,ICLN,iShares Global Clean Energy ETF
2021-07-23 00:00:00-04:00,21.535445192246055,21.535445192246055,21.185505243444734,21.336830139160156,2851700,0.0,0.0,0.0,ICLN,iShares Global Clean Energy ETF
2021-07-26 00:00:00-04:00,21.20442377458715,21.374664753066806,21.01526673095747,21.16659164428711,4143300,0.0,0.0,0.0,ICLN,iShares Global Clean Energy ETF
2021-07-27 00:00:00-04:00,20.95852002778606,21.0247244508914,20.712616596298208,21.01526641845703,4056800,0.0,0.0,0.0,ICLN,iShares Global Clean Energy ETF
2021-07-28 00:00:00-04:00,21.138217006518516,21.66785414444174,21.072012589769997,21.592191696166992,5833500,0.0,0.0,0.0,ICLN,iShares Global Clean Energy ETF
2021-07-29 00:00:00-04:00,21.611104790174775,21.762429665934476,21.507068261614425,21.535442352294922,3946100,0.0,0.0,0.0,ICLN,iShares Global Clean Energy ETF
2021-07-30 00:00:00-04:00,21.336831854820137,21.686771831759565,21.317917594286133,21.47869873046875,3227000,0.0,0.0,0.0,ICLN,iShares Global Clean Energy ETF
2021-08-02 00:00:00-04:00,21.743519252162077,21.743519252162077,21.45978548741212,21.497615814208984,2730400,0.0,0.0,0.0,ICLN,iShares Global Clean Energy ETF
2021-08-03 00:00:00-04:00,21.771892355672872,22.008337750142122,21.7340602266689,21.913759231567383,3482900,0.0,0.0,0.0,ICLN,iShares Global Clean Energy ETF
2021-08-04 00:00:00-04:00,21.951589017210953,22.083999661535888,21.800264112784017,21.866470336914062,2656600,0.0,0.0,0.0,ICLN,iShares Global Clean Energy ETF
2021-08-05 00:00:00-04:00,21.866471420979085,21.894843714506266,21.696230444075027,21.7056884765625,2580500,0.0,0.0,0.0,ICLN,iShares Global Clean Energy ETF
2021-08-06 00:00:00-04:00,21.828637752213567,21.86646987949648,21.611108432142167,21.67731285095215,2702600,0.0,0.0,0.0,ICLN,iShares Global Clean Energy ETF
2021-08-09 00:00:00-04:00,21.809722463168406,22.083999983905446,21.734060009850463,22.01779556274414,3436900,0.0,0.0,0.0,ICLN,iShares Global Clean Energy ETF
2021-08-10 00:00:00-04:00,22.159660896244432,22.225865312801893,21.97996190563486,21.98941993713379,3786500,0.0,0.0,0.0,ICLN,iShares Global Clean Energy ETF
2021-08-11 00:00:00-04:00,22.074541114591533,22.083999146389488,21.639480671561245,21.857011795043945,2685900,0.0,0.0,0.0,ICLN,iShares Global Clean Energy ETF
2021-08-12 00:00:00-04:00,21.63002139928194,21.6583936867473,21.421948336883386,21.582731246948242,3659100,0.0,0.0,0.0,ICLN,iShares Global Clean Energy ETF
2021-08-13 00:00:00-04:00,21.667854161090023,21.68677022415701,21.355746336225007,21.374662399291992,3042100,0.0,0.0,0.0,ICLN,iShares Global Clean Energy ETF
2021-08-16 00:00:00-04:00,21.280088275701544,21.33683467266816,21.157137448284637,21.204425811767578,2845600,0.0,0.0,0.0,ICLN,iShares Global Clean Energy ETF
2021-08-17 00:00:00-04:00,20.97743034362793,21.090923093866305,20.731526979531793,20.97743034362793,4057600,0.0,0.0,0.0,ICLN,iShares Global Clean Energy ETF
2021-08-18 00:00:00-04:00,21.24225496870084,21.35574956030197,21.109846115112305,21.109846115112305,3240300,0.0,0.0,0.0,ICLN,iShares Global Clean Energy ETF
2021-08-19 00:00:00-04:00,21.12876218103505,21.317919232391816,21.062557754240782,21.109846115112305,4593600,0.0,0.0,0.0,ICLN,iShares Global Clean Energy ETF
2021-08-20 00:00:00-04:00,21.138219064543517,21.469242984449792,21.138219064543517,21.450326919555664,3962100,0.0,0.0,0.0,ICLN,iShares Global Clean Energy ETF
2021-08-23 00:00:00-04:00,21.57327873464902,21.762435784498035,21.50707430838246,21.7246036529541,2556400,0.0,0.0,0.0,ICLN,iShares Global Clean Energy ETF
2021-08-24 00:00:00-04:00,21.78134934459543,21.942132277290412,21.78134934459543,21.857011795043945,2352800,0.0,0.0,0.0,ICLN,iShares Global Clean Energy ETF
2021-08-25 00:00:00-04:00,21.91375643851934,21.97996085190292,21.79080564279768,21.93267250061035,3410400,0.0,0.0,0.0,ICLN,iShares Global Clean Energy ETF
2021-08-26 00:00:00-04:00,21.81917972039284,21.94213233012719,21.639480723669234,21.67731285095215,2737500,0.0,0.0,0.0,ICLN,iShares Global Clean Energy ETF
2021-08-27 00:00:00-04:00,21.620566916236506,21.923216725090377,21.59219282018077,21.866470336914062,2300700,0.0,0.0,0.0,ICLN,iShares Global Clean Energy ETF
2021-08-30 00:00:00-04:00,21.998879149663964,22.150204053900772,21.94213276155895,22.083999633789062,2027900,0.0,0.0,0.0,ICLN,iShares Global Clean Energy ETF
2021-08-31 00:00:00-04:00,22.16911909337932,22.206949415722633,21.97996206985753,22.065082550048828,2324200,0.0,0.0,0.0,ICLN,iShares Global Clean Energy ETF
2021-09-01 00:00:00-04:00,22.216406889606155,22.39610587704746,22.17857656821247,22.235322952270508,2978300,0.0,0.0,0.0,ICLN,iShares Global Clean Energy ETF
2021-09-02 00:00:00-04:00,22.433936829958515,22.642009917253628,22.433936829958515,22.50014305114746,3096500,0.0,0.0,0.0,ICLN,iShares Global Clean Energy ETF
2021-09-03 00:00:00-04:00,22.377194317229748,22.452856779177303,22.31098988851756,22.32044792175293,2160300,0.0,0.0,0.0,ICLN,iShares Global Clean Energy ETF
2021-09-07 00:00:00-04:00,22.150203194603645,22.273153998050603,22.093456808700054,22.140745162963867,2247200,0.0,0.0,0.0,ICLN,iShares Global Clean Energy ETF
2021-09-08 00:00:00-04:00,21.9894226465427,22.131289528636565,21.68677281702638,21.715145111083984,4617200,0.0,0.0,0.0,ICLN,iShares Global Clean Energy ETF
2021-09-09 00:00:00-04:00,21.6962313330459,21.847556251175323,21.63948313579588,21.6867733001709,3039500,0.0,0.0,0.0,ICLN,iShares Global Clean Energy ETF
2021-09-10 00:00:00-04:00,21.781353012010744,21.790811045401185,21.336834462337098,21.34629249572754,3954700,0.0,0.0,0.0,ICLN,iShares Global Clean Energy ETF
2021-09-13 00:00:00-04:00,21.62056574403622,21.800262930841107,21.4124926587789,21.77189064025879,4370200,0.0,0.0,0.0,ICLN,iShares Global Clean Energy ETF
2021-09-14 00:00:00-04:00,21.800263522915383,21.86646974525403,21.5921922359421,21.639480590820312,4677900,0.0,0.0,0.0,ICLN,iShares Global Clean Energy ETF
2021-09-15 00:00:00-04:00,21.459782744388345,21.459782744388345,21.23279540081521,21.336830139160156,4401200,0.0,0.0,0.0,ICLN,iShares Global Clean Energy ETF
2021-09-16 00:00:00-04:00,21.10984487483295,21.24225372064199,21.015266354711397,21.194965362548828,3238800,0.0,0.0,0.0,ICLN,iShares Global Clean Energy ETF
2021-09-17 00:00:00-04:00,21.147676784677838,21.30845972603297,21.01526613630965,21.299001693725586,5948200,0.0,0.0,0.0,ICLN,iShares Global Clean Energy ETF
2021-09-20 00:00:00-04:00,20.797733648006687,20.91122821453194,20.48562584498091,20.731529235839844,4780200,0.0,0.0,0.0,ICLN,iShares Global Clean Energy ETF
2021-09-21 00:00:00-04:00,20.939598224258646,21.090923093866305,20.854477759612493,20.97743034362793,3177100,0.0,0.0,0.0,ICLN,iShares Global Clean Energy ETF
2021-09-22 00:00:00-04:00,21.090928966294953,21.412494854729747,21.02472454289989,21.270627975463867,4872800,0.0,0.0,0.0,ICLN,iShares Global Clean Energy ETF
2021-09-23 00:00:00-04:00,21.57327632817833,21.57327632817833,21.403035363091437,21.45978355407715,3965900,0.0,0.0,0.0,ICLN,iShares Global Clean Energy ETF
2021-09-24 00:00:00-04:00,21.25171336092907,21.280087460292858,21.015267944703595,21.043642044067383,4585000,0.0,0.0,0.0,ICLN,iShares Global Clean Energy ETF
2021-09-27 00:00:00-04:00,20.996349326734975,21.280083045771264,20.901770819077882,21.213878631591797,2395400,0.0,0.0,0.0,ICLN,iShares Global Clean Energy ETF
2021-09-28 00:00:00-04:00,20.97743558808814,21.01526591298045,20.703158065894335,20.75044822692871,4345100,0.0,0.0,0.0,ICLN,iShares Global Clean Energy ETF
2021-09-29 00:00:00-04:00,20.797734579823658,20.807192611119095,20.49508479410971,20.532915115356445,3855000,0.0,0.0,0.0,ICLN,iShares Global Clean Energy ETF
2021-09-30 00:00:00-04:00,20.476171493530273,20.608582145592134,20.353220677974893,20.476171493530273,3133100,0.0,0.0,0.0,ICLN,iShares Global Clean Energy ETF
2021-10-01 00:00:00-04:00,20.570750301171834,20.69370111843582,20.36267899351921,20.58966636657715,2905100,0.0,0.0,0.0,ICLN,iShares Global Clean Energy ETF
2021-10-04 00:00:00-04:00,20.362675435870024,20.362675435870024,19.955989120386043,20.050567626953125,5615200,0.0,0.0,0.0,ICLN,iShares Global Clean Energy ETF
2021-10-05 00:00:00-04:00,20.06002388653978,20.211350579653054,19.984361441950632,20.088397979736328,4059100,0.0,0.0,0.0,ICLN,iShares Global Clean Energy ETF
2021-10-06 00:00:00-04:00,19.795206868184763,20.154603040541787,19.691170327057847,20.13568878173828,3967900,0.0,0.0,0.0,ICLN,iShares Global Clean Energy ETF
2021-10-07 00:00:00-04:00,20.239724895887026,20.485628316412296,20.239724895887026,20.343761444091797,5268400,0.0,0.0,0.0,ICLN,iShares Global Clean Energy ETF
2021-10-08 00:00:00-04:00,20.287014220311015,20.32484454286848,20.11677325896473,20.1829776763916,3688400,0.0,0.0,0.0,ICLN,iShares Global Clean Energy ETF
2021-10-11 00:00:00-04:00,20.088399326583335,20.50454370169196,20.06002523148442,20.25864028930664,2765200,0.0,0.0,0.0,ICLN,iShares Global Clean Energy ETF
2021-10-12 00:00:00-04:00,20.561290318119095,21.043639116589542,20.542374254508072,21.024723052978516,7538300,0.0,0.0,0.0,ICLN,iShares Global Clean Energy ETF
2021-10-13 00:00:00-04:00,21.35574849026691,21.743518802577157,21.346290457779435,21.7056884765625,9102700,0.0,0.0,0.0,ICLN,iShares Global Clean Energy ETF
2021-10-14 00:00:00-04:00,21.819180586087437,21.819180586087437,21.507072739360726,21.620567321777344,5966100,0.0,0.0,0.0,ICLN,iShares Global Clean Energy ETF
2021-10-15 00:00:00-04:00,21.71514559486059,21.87592854586502,21.59219477535618,21.6867733001709,5739400,0.0,0.0,0.0,ICLN,iShares Global Clean Energy ETF
2021-10-18 00:00:00-04:00,21.544903295924936,21.819178993852695,21.488155106890183,21.77189064025879,3037100,0.0,0.0,0.0,ICLN,iShares Global Clean Energy ETF
2021-10-19 00:00:00-04:00,21.979963058573198,22.433937770724366,21.89484257455296,22.301528930664062,4279700,0.0,0.0,0.0,ICLN,iShares Global Clean Energy ETF
2021-10-20 00:00:00-04:00,22.51905755412585,22.575805744330548,22.282612173411575,22.433937072753906,3592200,0.0,0.0,0.0,ICLN,iShares Global Clean Energy ETF
2021-10-21 00:00:00-04:00,22.320445821056367,22.660925965808257,22.320445821056367,22.462312698364258,2276200,0.0,0.0,0.0,ICLN,iShares Global Clean Energy ETF
2021-10-22 00:00:00-04:00,22.566347381984688,22.566347381984688,22.13128694979873,22.282611846923828,3073400,0.0,0.0,0.0,ICLN,iShares Global Clean Energy ETF
2021-10-25 00:00:00-04:00,22.35827645910862,22.632553989149258,22.273155970746714,22.613637924194336,3105900,0.0,0.0,0.0,ICLN,iShares Global Clean Energy ETF
2021-10-26 00:00:00-04:00,22.73659022457003,22.78387858236092,22.348818114156813,22.462312698364258,3900400,0.0,0.0,0.0,ICLN,iShares Global Clean Energy ETF
2021-10-27 00:00:00-04:00,23.067609443854202,23.464837732857344,23.039237154312186,23.133813858032227,7563300,0.0,0.0,0.0,ICLN,iShares Global Clean Energy ETF
2021-10-28 00:00:00-04:00,23.34189105972226,23.985022860683475,23.304058928402043,23.937732696533203,6749000,0.0,0.0,0.0,ICLN,iShares Global Clean Energy ETF
2021-10-29 00:00:00-04:00,23.739117499163324,23.956646824857394,23.739117499163324,23.899900436401367,5870100,0.0,0.0,0.0,ICLN,iShares Global Clean Energy ETF
2021-11-01 00:00:00-04:00,24.13634690861693,24.401164602577538,24.04176838765875,24.391708374023438,8791800,0.0,0.0,0.0,ICLN,iShares Global Clean Energy ETF
2021-11-02 00:00:00-04:00,24.259296147196775,24.259296147196775,23.748575053496012,23.928272247314453,6339000,0.0,0.0,0.0,ICLN,iShares Global Clean Energy ETF
2021-11-03 00:00:00-04:00,23.1149029922861,23.417552818054943,22.897371851571396,23.37972068786621,6682300,0.0,0.0,0.0,ICLN,iShares Global Clean Energy ETF
2021-11-04 00:00:00-04:00,23.285139457743405,23.34188583809414,23.095982451327753,23.256765365600586,3931400,0.0,0.0,0.0,ICLN,iShares Global Clean Energy ETF
2021-11-05 00:00:00-04:00,23.077071965981023,23.17165049204173,22.75550605973582,22.963579177856445,5524600,0.0,0.0,0.0,ICLN,iShares Global Clean Energy ETF
2021-11-08 00:00:00-05:00,23.304058231424,23.50267330704434,23.25676987262334,23.37972068786621,4733900,0.0,0.0,0.0,ICLN,iShares Global Clean Energy ETF
2021-11-09 00:00:00-05:00,23.502668752366972,23.549957102003432,23.039236070977022,23.256765365600586,5447000,0.0,0.0,0.0,ICLN,iShares Global Clean Energy ETF
2021-11-10 00:00:00-05:00,23.048699542096944,23.228396756279075,22.75550593255389,22.92574691772461,5654500,0.0,0.0,0.0,ICLN,iShares Global Clean Energy ETF
2021-11-11 00:00:00-05:00,23.020321045000426,23.672910762159454,22.963574662097244,23.531042098999023,6858300,0.0,0.0,0.0,ICLN,iShares Global Clean Energy ETF
2021-11-12 00:00:00-05:00,23.67291503935072,23.795865858511366,23.51213208879583,23.720203399658203,4196000,0.0,0.0,0.0,ICLN,iShares Global Clean Energy ETF
2021-11-15 00:00:00-05:00,23.720201875878196,23.74857597260113,23.313515509192133,23.43646812438965,4020100,0.0,0.0,0.0,ICLN,iShares Global Clean Energy ETF
2021-11-16 00:00:00-05:00,23.445926915696493,23.464841176855604,23.19056544872831,23.37972068786621,4222300,0.0,0.0,0.0,ICLN,iShares Global Clean Energy ETF
2021-11-17 00:00:00-05:00,23.304056515578104,23.549959931893568,23.190563741238734,23.237852096557617,3874800,0.0,0.0,0.0,ICLN,iShares Global Clean Energy ETF
2021-11-18 00:00:00-05:00,23.275684466846194,23.332430854608035,22.78387762908318,22.91628646850586,4116300,0.0,0.0,0.0,ICLN,iShares Global Clean Energy ETF
2021-11-19 00:00:00-05:00,22.83116230513469,23.483751972989214,22.83116230513469,23.351343154907227,4814700,0.0,0.0,0.0,ICLN,iShares Global Clean Energy ETF
2021-11-22 00:00:00-05:00,23.332431181645145,23.606706896284365,22.793335980513604,22.812252044677734,6894200,0.0,0.0,0.0,ICLN,iShares Global Clean Energy ETF
2021-11-23 00:00:00-05:00,22.764961265974716,22.944660262783025,22.282612466500915,22.54743194580078,7256800,0.0,0.0,0.0,ICLN,iShares Global Clean Energy ETF
2021-11-24 00:00:00-05:00,22.377192524063542,22.632553989149258,22.15966318888767,22.613637924194336,3801800,0.0,0.0,0.0,ICLN,iShares Global Clean Energy ETF
2021-11-26 00:00:00-05:00,22.377194317229748,22.59472366983704,22.102918569145636,22.32044792175293,4048500,0.0,0.0,0.0,ICLN,iShares Global Clean Energy ETF
2021-11-29 00:00:00-05:00,22.547434870785374,22.63255536431926,22.188036830545553,22.56635093688965,4670900,0.0,0.0,0.0,ICLN,iShares Global Clean Energy ETF
2021-11-30 00:00:00-05:00,22.5663477333894,22.67038247432352,21.857011590594027,22.216407775878906,6029400,0.0,0.0,0.0,ICLN,iShares Global Clean Energy ETF
2021-12-01 00:00:00-05:00,22.415024745702564,22.49068720189664,21.45978510879279,21.525989532470703,7362200,0.0,0.0,0.0,ICLN,iShares Global Clean Energy ETF
2021-12-02 00:00:00-05:00,21.412491866155424,21.69622738902103,21.232794686002364,21.431407928466797,8486000,0.0,0.0,0.0,ICLN,iShares Global Clean Energy ETF
2021-12-03 00:00:00-05:00,21.554361473988052,21.6300239226138,20.570747837918297,20.759904861450195,8335400,0.0,0.0,0.0,ICLN,iShares Global Clean Energy ETF
2021-12-06 00:00:00-05:00,20.882857065792425,21.081472134226832,20.447798407974027,21.005807876586914,5966800,0.0,0.0,0.0,ICLN,iShares Global Clean Energy ETF
2021-12-07 00:00:00-05:00,21.46924395585177,21.724603627735593,21.440869857226758,21.6867733001709,5870500,0.0,0.0,0.0,ICLN,iShares Global Clean Energy ETF
2021-12-08 00:00:00-05:00,21.79080759143234,21.85701201073623,21.592192529585546,21.752975463867188,3836300,0.0,0.0,0.0,ICLN,iShares Global Clean Energy ETF
2021-12-09 00:00:00-05:00,21.66785652005859,21.790809139444722,21.090929161251168,21.128761291503906,6108300,0.0,0.0,0.0,ICLN,iShares Global Clean Energy ETF
2021-12-10 00:00:00-05:00,21.25171230605303,21.308460501963783,20.873400019657712,20.986894607543945,5192300,0.0,0.0,0.0,ICLN,iShares Global Clean Energy ETF
2021-12-13 00:00:00-05:00,20.93365294021685,21.161812422954178,20.7530260030809,20.876611709594727,5839900,0.114,0.0,0.0,ICLN,iShares Global Clean Energy ETF
2021-12-14 00:00:00-05:00,20.515363039202818,20.515363039202818,20.059043998311072,20.249176025390625,6292700,0.0,0.0,0.0,ICLN,iShares Global Clean Energy ETF
2021-12-15 00:00:00-05:00,20.24917523139889,20.61042915121105,19.916443743743763,20.591415405273438,6030100,0.0,0.0,0.0,ICLN,iShares Global Clean Energy ETF
2021-12-16 00:00:00-05:00,20.772041554355756,20.905134144222618,20.040028683586915,20.135095596313477,8231600,0.0,0.0,0.0,ICLN,iShares Global Clean Energy ETF
2021-12-17 00:00:00-05:00,19.93545601747174,20.296709943463963,19.67877769592538,20.17312240600586,10833700,0.0,0.0,0.0,ICLN,iShares Global Clean Energy ETF
2021-12-20 00:00:00-05:00,19.42209751226845,19.67877764641973,19.298509975121252,19.431604385375977,9908600,0.0,0.0,0.0,ICLN,iShares Global Clean Energy ETF
2021-12-21 00:00:00-05:00,19.697786810260308,20.087559486621245,19.688279938489263,20.078054428100586,6454300,0.0,0.0,0.0,ICLN,iShares Global Clean Energy ETF
2021-12-22 00:00:00-05:00,19.954466598988482,20.1921329498291,19.897427182496834,20.1921329498291,4489100,0.0,0.0,0.0,ICLN,iShares Global Clean Energy ETF
2021-12-23 00:00:00-05:00,20.1636123349581,20.268186109568088,20.059040373598467,20.1921329498291,3748700,0.0,0.0,0.0,ICLN,iShares Global Clean Energy ETF
2021-12-27 00:00:00-05:00,20.182628018146215,20.2776949302703,20.021014811510423,20.16361427307129,5830800,0.0,0.0,0.0,ICLN,iShares Global Clean Energy ETF
2021-12-28 00:00:00-05:00,20.087563545213406,20.163616721497547,19.906938384820283,19.963977813720703,7437800,0.0,0.0,0.0,ICLN,iShares Global Clean Energy ETF
2021-12-29 00:00:00-05:00,19.944961060618617,20.03052109770067,19.726308438409134,19.897428512573242,5264100,0.0,0.0,0.0,ICLN,iShares Global Clean Energy ETF
2021-12-30 00:00:00-05:00,19.956406157360117,20.317867349972225,19.927870988774043,20.17518424987793,6198800,0.012,0.0,0.0,ICLN,iShares Global Clean Energy ETF
2021-12-31 00:00:00-05:00,20.175182044053845,20.355912620599987,20.118109898830618,20.137134552001953,2679500,0.0,0.0,0.0,ICLN,iShares Global Clean Energy ETF
2022-01-03 00:00:00-05:00,20.32738036763484,20.412987690590086,20.070552955895977,20.298843383789062,4360300,0.0,0.0,0.0,ICLN,iShares Global Clean Energy ETF
2022-01-04 00:00:00-05:00,20.317865664663902,20.317865664663902,19.737626427663148,19.984941482543945,5200200,0.0,0.0,0.0,ICLN,iShares Global Clean Energy ETF
2022-01-05 00:00:00-05:00,19.82323370754569,19.82323370754569,19.052753448486328,19.052753448486328,7501900,0.0,0.0,0.0,ICLN,iShares Global Clean Energy ETF
2022-01-06 00:00:00-05:00,18.91958404428479,19.024217822883703,18.54861237731161,18.786415100097656,7642400,0.0,0.0,0.0,ICLN,iShares Global Clean Energy ETF
2022-01-07 00:00:00-05:00,18.72934455372661,18.976659624254548,18.605686111317162,18.700807571411133,4522100,0.0,0.0,0.0,ICLN,iShares Global Clean Energy ETF
2022-01-10 00:00:00-05:00,18.491539614594224,18.63422088064497,18.1871524298751,18.615196228027344,7753000,0.0,0.0,0.0,ICLN,iShares Global Clean Energy ETF
2022-01-11 00:00:00-05:00,18.64373609941219,18.83397721223099,18.50105481122534,18.776905059814453,5708100,0.0,0.0,0.0,ICLN,iShares Global Clean Energy ETF
2022-01-12 00:00:00-05:00,18.93861101019527,19.024220145995532,18.700808258370326,18.824466705322266,4641500,0.0,0.0,0.0,ICLN,iShares Global Clean Energy ETF
2022-01-13 00:00:00-05:00,19.10982631034129,19.18592310652107,18.605683901718532,18.615196228027344,4936700,0.0,0.0,0.0,ICLN,iShares Global Clean Energy ETF
2022-01-14 00:00:00-05:00,18.510565277263144,18.710320531645433,18.263252012661845,18.501054763793945,4867500,0.0,0.0,0.0,ICLN,iShares Global Clean Energy ETF
2022-01-18 00:00:00-05:00,18.149105999212047,18.32032427130789,17.977887727116205,17.98740005493164,7208600,0.0,0.0,0.0,ICLN,iShares Global Clean Energy ETF
2022-01-19 00:00:00-05:00,18.08251776107419,18.23471134591187,17.93032417623651,17.939836502075195,6128000,0.0,0.0,0.0,ICLN,iShares Global Clean Energy ETF
2022-01-20 00:00:00-05:00,18.329835739187665,18.68178278039234,18.03495903361615,18.053983688354492,7748600,0.0,0.0,0.0,ICLN,iShares Global Clean Energy ETF
2022-01-21 00:00:00-05:00,17.844717789399432,17.88276528428731,17.359599983115274,17.40715980529785,12680400,0.0,0.0,0.0,ICLN,iShares Global Clean Energy ETF
2022-01-24 00:00:00-05:00,16.76984584029843,17.492766276125934,16.5796047662116,17.473743438720703,13824100,0.0,0.0,0.0,ICLN,iShares Global Clean Energy ETF
2022-01-25 00:00:00-05:00,16.97911567096884,17.169356770720476,16.731800608429914,16.950578689575195,8924500,0.0,0.0,0.0,ICLN,iShares Global Clean Energy ETF
2022-01-26 00:00:00-05:00,17.54032782739023,17.635449271156105,16.874479535319733,17.007648468017578,9259800,0.0,0.0,0.0,ICLN,iShares Global Clean Energy ETF
2022-01-27 00:00:00-05:00,17.140818720487104,17.21691551044626,16.703260817504038,16.741310119628906,6999100,0.0,0.0,0.0,ICLN,iShares Global Clean Energy ETF
2022-01-28 00:00:00-05:00,16.646188175619983,16.893503189086914,16.37033618642168,16.893503189086914,7275600,0.0,0.0,0.0,ICLN,iShares Global Clean Energy ETF
2022-01-31 00:00:00-05:00,16.931553961783646,17.854229732304812,16.922043448984624,17.835205078125,5990300,0.0,0.0,0.0,ICLN,iShares Global Clean Energy ETF
2022-02-01 00:00:00-05:00,17.882764127023012,17.882764127023012,17.50228013131225,17.80666732788086,5726200,0.0,0.0,0.0,ICLN,iShares Global Clean Energy ETF
2022-02-02 00:00:00-05:00,17.987397206957404,17.996909533266738,17.663985369602923,17.73056983947754,5861900,0.0,0.0,0.0,ICLN,iShares Global Clean Energy ETF
2022-02-03 00:00:00-05:00,17.483257931505925,17.61642870941161,17.178870692220457,17.283504486083984,6870200,0.0,0.0,0.0,ICLN,iShares Global Clean Energy ETF
2022-02-04 00:00:00-05:00,17.13130995261842,17.597403114698213,17.093260642591844,17.445209503173828,5079300,0.0,0.0,0.0,ICLN,iShares Global Clean Energy ETF
2022-02-07 00:00:00-05:00,17.350088499632328,17.568866595177806,17.264479364107398,17.340576171875,4423000,0.0,0.0,0.0,ICLN,iShares Global Clean Energy ETF
2022-02-08 00:00:00-05:00,17.131307025017968,17.407157218406258,17.04569790637903,17.37862205505371,4729400,0.0,0.0,0.0,ICLN,iShares Global Clean Energy ETF
2022-02-09 00:00:00-05:00,18.225200107315942,18.225200107315942,17.835203796117433,18.00642204284668,6566500,0.0,0.0,0.0,ICLN,iShares Global Clean Energy ETF
2022-02-10 00:00:00-05:00,17.568863765283577,18.09203082192165,17.483254643548086,17.549840927124023,5315500,0.0,0.0,0.0,ICLN,iShares Global Clean Energy ETF
2022-02-11 00:00:00-05:00,17.663986734010663,17.711548369231114,17.00765068229543,17.093259811401367,4361900,0.0,0.0,0.0,ICLN,iShares Global Clean Energy ETF
2022-02-14 00:00:00-05:00,16.9981399448805,17.254965514513017,16.78887238125812,16.96009063720703,4844400,0.0,0.0,0.0,ICLN,iShares Global Clean Energy ETF
2022-02-15 00:00:00-05:00,17.445211349640605,17.844720075750356,17.426186692613673,17.81618309020996,5325300,0.0,0.0,0.0,ICLN,iShares Global Clean Energy ETF
2022-02-16 00:00:00-05:00,17.673497631332747,17.873252854517418,17.48325473442265,17.82569122314453,3181700,0.0,0.0,0.0,ICLN,iShares Global Clean Energy ETF
2022-02-17 00:00:00-05:00,17.721056117492168,17.854226861043866,17.511790398040347,17.5783748626709,6010400,0.0,0.0,0.0,ICLN,iShares Global Clean Energy ETF
2022-02-18 00:00:00-05:00,17.52130452874383,17.597401326774467,17.159845191670996,17.25496482849121,4887800,0.0,0.0,0.0,ICLN,iShares Global Clean Energy ETF
2022-02-22 00:00:00-05:00,16.988629315550334,17.112285949263796,16.693752594487954,16.826923370361328,6579800,0.0,0.0,0.0,ICLN,iShares Global Clean Energy ETF
2022-02-23 00:00:00-05:00,17.121795230868436,17.1788673736366,16.665214460141712,16.7127742767334,4631700,0.0,0.0,0.0,ICLN,iShares Global Clean Energy ETF
2022-02-24 00:00:00-05:00,16.37034061212759,18.082521518795,16.36083009860317,17.98740005493164,14243500,0.0,0.0,0.0,ICLN,iShares Global Clean Energy ETF
2022-02-25 00:00:00-05:00,18.17763950084496,18.501051327458256,17.968371957571257,18.491539001464844,6604100,0.0,0.0,0.0,ICLN,iShares Global Clean Energy ETF
2022-02-28 00:00:00-05:00,19.271533505048374,19.90884489561179,19.223971870355076,19.69957733154297,13446400,0.0,0.0,0.0,ICLN,iShares Global Clean Energy ETF
2022-03-01 00:00:00-05:00,19.59494943218651,19.680558578118134,19.138368530078658,19.509340286254883,9053900,0.0,0.0,0.0,ICLN,iShares Global Clean Energy ETF
2022-03-02 00:00:00-05:00,19.40470222497344,19.423726878626606,18.938609096215917,19.195436477661133,5728100,0.0,0.0,0.0,ICLN,iShares Global Clean Energy ETF
2022-03-03 00:00:00-05:00,18.976657370599355,18.986167882617437,18.48202728828541,18.615196228027344,7243100,0.0,0.0,0.0,ICLN,iShares Global Clean Energy ETF
2022-03-04 00:00:00-05:00,18.52007301156649,18.710315891003425,18.253735157503456,18.47251319885254,6166800,0.0,0.0,0.0,ICLN,iShares Global Clean Energy ETF
2022-03-07 00:00:00-05:00,19.043244245100972,19.195437856678343,18.87202597850369,18.92909812927246,11986100,0.0,0.0,0.0,ICLN,iShares Global Clean Energy ETF
2022-03-08 00:00:00-05:00,19.566407591232963,20.55566778133319,19.423726321508333,20.232255935668945,17680400,0.0,0.0,0.0,ICLN,iShares Global Clean Energy ETF
2022-03-09 00:00:00-05:00,20.184695743540154,20.451035463182137,19.775676558280875,20.289329528808594,12866900,0.0,0.0,0.0,ICLN,iShares Global Clean Energy ETF
2022-03-10 00:00:00-05:00,20.11811158517051,20.13713623993653,19.623481446999556,20.00396728515625,5592600,0.0,0.0,0.0,ICLN,iShares Global Clean Energy ETF
2022-03-11 00:00:00-05:00,20.260791920887954,20.43201017720213,19.69006681889516,19.69957733154297,6244600,0.0,0.0,0.0,ICLN,iShares Global Clean Energy ETF
2022-03-14 00:00:00-04:00,19.680553214850317,19.690065541171705,18.824463803123443,18.986167907714844,6922200,0.0,0.0,0.0,ICLN,iShares Global Clean Energy ETF
2022-03-15 00:00:00-04:00,18.986170724111652,19.290559768676758,18.68178349383755,19.290559768676758,5615100,0.0,0.0,0.0,ICLN,iShares Global Clean Energy ETF
2022-03-16 00:00:00-04:00,19.566406053214347,19.83274573291125,19.128849951880834,19.804208755493164,6889700,0.0,0.0,0.0,ICLN,iShares Global Clean Energy ETF
2022-03-17 00:00:00-04:00,19.690065782772535,20.118109586742783,19.642504150582006,20.051525115966797,5004800,0.0,0.0,0.0,ICLN,iShares Global Clean Energy ETF
2022-03-18 00:00:00-04:00,19.804211124748836,20.241769092719764,19.737626650431505,20.11811065673828,5825900,0.0,0.0,0.0,ICLN,iShares Global Clean Energy ETF
2022-03-21 00:00:00-04:00,20.05152442214447,20.16567052116131,19.737624917711532,19.975427627563477,4495500,0.0,0.0,0.0,ICLN,iShares Global Clean Energy ETF
2022-03-22 00:00:00-04:00,19.984942022530706,20.34640138063634,19.937380387062277,20.25128173828125,4865200,0.0,0.0,0.0,ICLN,iShares Global Clean Energy ETF
2022-03-23 00:00:00-04:00,19.956404490698656,20.28932867262951,19.79469856314886,19.937379837036133,4959900,0.0,0.0,0.0,ICLN,iShares Global Clean Energy ETF
2022-03-24 00:00:00-04:00,20.12762330035422,20.25128173828125,19.8327484176135,20.25128173828125,3049200,0.0,0.0,0.0,ICLN,iShares Global Clean Energy ETF
2022-03-25 00:00:00-04:00,20.241769642775783,20.241769642775783,19.709090205180253,20.013479232788086,3817600,0.0,0.0,0.0,ICLN,iShares Global Clean Energy ETF
2022-03-28 00:00:00-04:00,19.984940565903067,20.175181651038166,19.79469766647722,20.099084854125977,3066800,0.0,0.0,0.0,ICLN,iShares Global Clean Energy ETF
2022-03-29 00:00:00-04:00,20.156160127456932,20.4129856998584,19.994454196682963,20.393962860107422,4000900,0.0,0.0,0.0,ICLN,iShares Global Clean Energy ETF
2022-03-30 00:00:00-04:00,20.57469162011245,20.70786238404642,20.298841393810175,20.34640121459961,4184400,0.0,0.0,0.0,ICLN,iShares Global Clean Energy ETF
2022-03-31 00:00:00-04:00,20.412986384471047,20.688838434456784,20.412986384471047,20.470060348510742,4641000,0.0,0.0,0.0,ICLN,iShares Global Clean Energy ETF
2022-04-01 00:00:00-04:00,20.622251116863033,20.783957030786965,20.422495898820205,20.58420181274414,5641400,0.0,0.0,0.0,ICLN,iShares Global Clean Energy ETF
2022-04-04 00:00:00-04:00,20.622251167273838,21.0693196060196,20.612738841220864,21.002735137939453,4416000,0.0,0.0,0.0,ICLN,iShares Global Clean Energy ETF
2022-04-05 00:00:00-04:00,21.46883065141182,21.601999602599385,20.87908088390329,20.94566535949707,7155600,0.0,0.0,0.0,ICLN,iShares Global Clean Energy ETF
2022-04-06 00:00:00-04:00,20.73639457999729,20.850540673545968,20.432007416254965,20.698347091674805,6389400,0.0,0.0,0.0,ICLN,iShares Global Clean Energy ETF
2022-04-07 00:00:00-04:00,20.536643672861743,20.755421746527603,20.222744145426564,20.451034545898438,5525900,0.0,0.0,0.0,ICLN,iShares Global Clean Energy ETF
2022-04-08 00:00:00-04:00,20.527128464760573,20.527128464760573,20.18469200497352,20.194204330444336,3457800,0.0,0.0,0.0,ICLN,iShares Global Clean Energy ETF
2022-04-11 00:00:00-04:00,20.08957526345643,20.20371955691475,19.86128304795813,19.984941482543945,7478800,0.0,0.0,0.0,ICLN,iShares Global Clean Energy ETF
2022-04-12 00:00:00-04:00,20.089578983142427,20.12762648324294,19.74714241078196,19.756654739379883,6745900,0.0,0.0,0.0,ICLN,iShares Global Clean Energy ETF
2022-04-13 00:00:00-04:00,19.775676870836794,20.01347961253926,19.604458606524467,20.00396728515625,4185600,0.0,0.0,0.0,ICLN,iShares Global Clean Energy ETF
2022-04-14 00:00:00-04:00,20.042013085936144,20.127622210854444,19.756650545735667,19.766162872314453,5552700,0.0,0.0,0.0,ICLN,iShares Global Clean Energy ETF
2022-04-18 00:00:00-04:00,19.680553802772966,19.823235073274677,19.53787253227125,19.62347984313965,3723300,0.0,0.0,0.0,ICLN,iShares Global Clean Energy ETF
2022-04-19 00:00:00-04:00,19.70909124329508,20.070552438865953,19.59494693943449,20.032503128051758,6233600,0.0,0.0,0.0,ICLN,iShares Global Clean Energy ETF
2022-04-20 00:00:00-04:00,20.165675107111856,20.213234934181724,19.671044922704368,19.680557250976562,5048400,0.0,0.0,0.0,ICLN,iShares Global Clean Energy ETF
2022-04-21 00:00:00-04:00,19.832750352487974,19.832750352487974,18.662761220184272,18.719833374023438,10410500,0.0,0.0,0.0,ICLN,iShares Global Clean Energy ETF
2022-04-22 00:00:00-04:00,18.84348957324368,18.872026556647775,18.36788406892149,18.405933380126953,10319900,0.0,0.0,0.0,ICLN,iShares Global Clean Energy ETF
2022-04-25 00:00:00-04:00,18.149105972363127,18.434468549240034,18.00642468392467,18.405933380126953,5946700,0.0,0.0,0.0,ICLN,iShares Global Clean Energy ETF
2022-04-26 00:00:00-04:00,18.21568823358862,18.28227270579563,17.89227638490531,17.90178871154785,5441500,0.0,0.0,0.0,ICLN,iShares Global Clean Energy ETF
2022-04-27 00:00:00-04:00,18.187151695903214,18.52958635774736,18.073005599094724,18.12056541442871,5646900,0.0,0.0,0.0,ICLN,iShares Global Clean Energy ETF
2022-04-28 00:00:00-04:00,18.225201792037055,18.31081092331531,17.75910864079485,18.196664810180664,4508900,0.0,0.0,0.0,ICLN,iShares Global Clean Energy ETF
2022-04-29 00:00:00-04:00,18.19666474732203,18.48202912202742,17.892277532402343,17.920814514160156,6648200,0.0,0.0,0.0,ICLN,iShares Global Clean Energy ETF
2022-05-02 00:00:00-04:00,17.768619779305123,17.958860869413925,17.49276774935478,17.949350357055664,6699300,0.0,0.0,0.0,ICLN,iShares Global Clean Energy ETF
2022-05-03 00:00:00-04:00,17.977885228262217,18.396418522511937,17.939837736579936,18.234712600708008,4947000,0.0,0.0,0.0,ICLN,iShares Global Clean Energy ETF
2022-05-04 00:00:00-04:00,18.24422423384504,19.043241486005453,18.13959046068643,18.99567985534668,5179800,0.0,0.0,0.0,ICLN,iShares Global Clean Energy ETF
2022-05-05 00:00:00-04:00,18.77690565537811,18.77690565537811,17.996912895211977,18.253740310668945,4703900,0.0,0.0,0.0,ICLN,iShares Global Clean Energy ETF
2022-05-06 00:00:00-04:00,18.073009136785554,18.1015461201463,17.53081915296855,17.66398811340332,6473700,0.0,0.0,0.0,ICLN,iShares Global Clean Energy ETF
2022-05-09 00:00:00-04:00,17.15984499262051,17.25496462833736,16.541556474716476,16.60814094543457,7947300,0.0,0.0,0.0,ICLN,iShares Global Clean Energy ETF
2022-05-10 00:00:00-04:00,16.941065594906203,17.09325919352853,16.227657421004984,16.598630905151367,7314300,0.0,0.0,0.0,ICLN,iShares Global Clean Energy ETF
2022-05-11 00:00:00-04:00,16.703263717536775,16.855457323879044,16.08497696498494,16.113513946533203,7387400,0.0,0.0,0.0,ICLN,iShares Global Clean Energy ETF
2022-05-12 00:00:00-04:00,15.79961334570245,16.34180325867443,15.552298298431046,15.999366760253906,12815600,0.0,0.0,0.0,ICLN,iShares Global Clean Energy ETF
2022-05-13 00:00:00-04:00,16.29424203726052,16.893505924623305,16.227657564062614,16.779359817504883,5753300,0.0,0.0,0.0,ICLN,iShares Global Clean Energy ETF
2022-05-16 00:00:00-04:00,16.72228552618326,16.91252840888192,16.598628922432546,16.646188735961914,3891000,0.0,0.0,0.0,ICLN,iShares Global Clean Energy ETF
2022-05-17 00:00:00-04:00,17.02667624000745,17.378625102153595,16.912531938002356,17.350088119506836,5625300,0.0,0.0,0.0,ICLN,iShares Global Clean Energy ETF
2022-05-18 00:00:00-04:00,17.273990631103516,17.75910843119099,17.216918482355254,17.273990631103516,5577900,0.0,0.0,0.0,ICLN,iShares Global Clean Energy ETF
2022-05-19 00:00:00-04:00,17.445206444207415,18.120565250138288,17.43569411836873,17.939836502075195,9788800,0.0,0.0,0.0,ICLN,iShares Global Clean Energy ETF
2022-05-20 00:00:00-04:00,18.111058415248802,18.168130567576274,17.578378945889003,18.03495979309082,5753600,0.0,0.0,0.0,ICLN,iShares Global Clean Energy ETF
2022-05-23 00:00:00-04:00,18.291787808723086,18.320324792981992,17.911303756726323,18.253740310668945,3441800,0.0,0.0,0.0,ICLN,iShares Global Clean Energy ETF
2022-05-24 00:00:00-04:00,18.101546174425877,18.149105999212047,17.80666945502036,17.98740005493164,6214200,0.0,0.0,0.0,ICLN,iShares Global Clean Energy ETF
2022-05-25 00:00:00-04:00,17.920812711447986,18.34885832330213,17.88276340626507,18.244224548339844,3307300,0.0,0.0,0.0,ICLN,iShares Global Clean Energy ETF
2022-05-26 00:00:00-04:00,18.2632513949862,18.78641670406661,18.196665102916757,18.700807571411133,4469200,0.0,0.0,0.0,ICLN,iShares Global Clean Energy ETF
2022-05-27 00:00:00-04:00,18.719828776643368,19.17640952380769,18.7008041252722,19.157384872436523,4400800,0.0,0.0,0.0,ICLN,iShares Global Clean Energy ETF
2022-05-31 00:00:00-04:00,19.204949018700773,19.30958098637858,18.833975525489546,18.910072326660156,7555900,0.0,0.0,0.0,ICLN,iShares Global Clean Energy ETF
2022-06-01 00:00:00-04:00,19.024215951084127,19.100312742316838,18.567635203687857,18.69129180908203,4484200,0.0,0.0,0.0,ICLN,iShares Global Clean Energy ETF
2022-06-02 00:00:00-04:00,18.805441045072516,19.56640908454149,18.805441045072516,19.4522647857666,5255200,0.0,0.0,0.0,ICLN,iShares Global Clean Energy ETF
2022-06-03 00:00:00-04:00,19.157386724175183,19.556895370132825,19.157386724175183,19.30006980895996,3112900,0.0,0.0,0.0,ICLN,iShares Global Clean Energy ETF
2022-06-06 00:00:00-04:00,19.937382857161396,20.032504325592235,19.585435782545723,19.680557250976562,7126500,0.0,0.0,0.0,ICLN,iShares Global Clean Energy ETF
2022-06-07 00:00:00-04:00,19.471284625606547,19.889817889966036,19.471284625606547,19.851770401000977,2314100,0.0,0.0,0.0,ICLN,iShares Global Clean Energy ETF
2022-06-08 00:00:00-04:00,19.832746331235946,19.984939920142594,19.490309849050647,19.604455947875977,3379100,0.0,0.0,0.0,ICLN,iShares Global Clean Energy ETF
2022-06-09 00:00:00-04:00,19.355450447282802,19.55657187109326,19.039404061322944,19.06813621520996,3424700,0.14,0.0,0.0,ICLN,iShares Global Clean Energy ETF
2022-06-10 00:00:00-04:00,18.79039984841481,19.00109683554446,18.646740902004332,18.723358154296875,6444400,0.0,0.0,0.0,ICLN,iShares Global Clean Energy ETF
2022-06-13 00:00:00-04:00,18.062535201420292,18.177460167547377,17.507059660607656,17.65071678161621,7929000,0.0,0.0,0.0,ICLN,iShares Global Clean Energy ETF
2022-06-14 00:00:00-04:00,17.631561149634276,17.72733316785719,17.27720705691859,17.449594497680664,5123800,0.0,0.0,0.0,ICLN,iShares Global Clean Energy ETF
2022-06-15 00:00:00-04:00,17.478325246692958,18.06253286687958,17.363398468720497,17.870988845825195,5775600,0.0,0.0,0.0,ICLN,iShares Global Clean Energy ETF
2022-06-16 00:00:00-04:00,17.44001676695593,17.57409832048585,17.085662681275153,17.21016502380371,8076600,0.0,0.0,0.0,ICLN,iShares Global Clean Energy ETF
2022-06-17 00:00:00-04:00,17.296360962009306,17.947608530137796,17.296360962009306,17.832683563232422,5479000,0.0,0.0,0.0,ICLN,iShares Global Clean Energy ETF
2022-06-21 00:00:00-04:00,18.196614256231495,18.522238025900005,18.15830471782375,18.273231506347656,6061300,0.0,0.0,0.0,ICLN,iShares Global Clean Energy ETF
2022-06-22 00:00:00-04:00,17.89972402437762,18.40731266063174,17.89972402437762,18.158306121826172,3479800,0.0,0.0,0.0,ICLN,iShares Global Clean Energy ETF
2022-06-23 00:00:00-04:00,18.119999780844793,18.541395634362004,18.014650360790586,18.50308609008789,3407400,0.0,0.0,0.0,ICLN,iShares Global Clean Energy ETF
2022-06-24 00:00:00-04:00,18.790398683947316,18.799974241528513,18.301963045839134,18.589277267456055,4195700,0.0,0.0,0.0,ICLN,iShares Global Clean Energy ETF
2022-06-27 00:00:00-04:00,18.589278333350553,19.01067413235724,18.541393235901797,18.847862243652344,3718800,0.0,0.0,0.0,ICLN,iShares Global Clean Energy ETF
2022-06-28 00:00:00-04:00,19.00109590649327,19.01067329089898,18.301963285170213,18.34027099609375,3709600,0.0,0.0,0.0,ICLN,iShares Global Clean Energy ETF
2022-06-29 00:00:00-04:00,18.167881991869695,18.167881991869695,17.756065416688426,17.938030242919922,5771600,0.0,0.0,0.0,ICLN,iShares Global Clean Energy ETF
2022-06-30 00:00:00-04:00,17.63156121051864,18.388158147723075,17.621983825993343,18.24449920654297,6724300,0.0,0.0,0.0,ICLN,iShares Global Clean Energy ETF
2022-07-01 00:00:00-04:00,18.273234304542033,18.522240862224947,18.21577181483047,18.50308609008789,2959800,0.0,0.0,0.0,ICLN,iShares Global Clean Energy ETF
2022-07-05 00:00:00-04:00,18.139152294345834,18.23492431640625,17.593254143310666,18.23492431640625,5404400,0.0,0.0,0.0,ICLN,iShares Global Clean Energy ETF
2022-07-06 00:00:00-04:00,18.11042102181334,18.36900494596137,17.928454353705526,18.158306121826172,4216800,0.0,0.0,0.0,ICLN,iShares Global Clean Energy ETF
2022-07-07 00:00:00-04:00,18.349847545213695,18.99151765759295,18.349847545213695,18.905323028564453,5196400,0.0,0.0,0.0,ICLN,iShares Global Clean Energy ETF
2022-07-08 00:00:00-04:00,18.704205655323264,19.22137166390163,18.637163959613623,19.14475440979004,3118100,0.0,0.0,0.0,ICLN,iShares Global Clean Energy ETF
2022-07-11 00:00:00-04:00,19.0777124551041,19.125597548676506,18.550969119010706,18.627586364746094,4616400,0.0,0.0,0.0,ICLN,iShares Global Clean Energy ETF
2022-07-12 00:00:00-04:00,18.67547132730791,18.71378086325647,18.177458320171887,18.29238510131836,4310500,0.0,0.0,0.0,ICLN,iShares Global Clean Energy ETF
2022-07-13 00:00:00-04:00,18.024226694339504,18.598857037998577,17.890146950608873,18.397735595703125,3003400,0.0,0.0,0.0,ICLN,iShares Global Clean Energy ETF
2022-07-14 00:00:00-04:00,18.13915067744902,18.369002413885745,17.861412020900964,18.321115493774414,2767500,0.0,0.0,0.0,ICLN,iShares Global Clean Energy ETF
2022-07-15 00:00:00-04:00,17.985916204754616,18.033801298215348,17.315513936109003,18.014646530151367,9022000,0.0,0.0,0.0,ICLN,iShares Global Clean Energy ETF
2022-07-18 00:00:00-04:00,18.33069317250257,18.713781232755313,18.301962846673092,18.37858009338379,4611800,0.0,0.0,0.0,ICLN,iShares Global Clean Energy ETF
2022-07-19 00:00:00-04:00,18.56054503567505,18.732934298591726,18.416887925477578,18.713781356811523,2541400,0.0,0.0,0.0,ICLN,iShares Global Clean Energy ETF
2022-07-20 00:00:00-04:00,18.742512692501634,19.001096600806715,18.68505021066696,18.819129943847656,3123000,0.0,0.0,0.0,ICLN,iShares Global Clean Energy ETF
2022-07-21 00:00:00-04:00,18.82870785231716,18.82870785231716,18.503084068364622,18.78082275390625,2924600,0.0,0.0,0.0,ICLN,iShares Global Clean Energy ETF
2022-07-22 00:00:00-04:00,18.91490139105381,19.12559836919051,18.560545472638275,18.675472259521484,2819800,0.0,0.0,0.0,ICLN,iShares Global Clean Energy ETF
2022-07-25 00:00:00-04:00,18.742514353268337,18.92448102635139,18.5126625788632,18.91490364074707,2733100,0.0,0.0,0.0,ICLN,iShares Global Clean Energy ETF
2022-07-26 00:00:00-04:00,18.78082144791531,18.847861311708492,18.58927741419254,18.618009567260742,2764400,0.0,0.0,0.0,ICLN,iShares Global Clean Energy ETF
2022-07-27 00:00:00-04:00,19.048981326934257,19.52783959519665,18.828706961941393,19.499109268188477,5195900,0.0,0.0,0.0,ICLN,iShares Global Clean Energy ETF
2022-07-28 00:00:00-04:00,20.638789246173037,21.12722486622125,20.43766966381747,20.868642807006836,9883300,0.0,0.0,0.0,ICLN,iShares Global Clean Energy ETF
2022-07-29 00:00:00-04:00,20.74413748074254,21.38580755427258,20.74413748074254,21.34749984741211,6616800,0.0,0.0,0.0,ICLN,iShares Global Clean Energy ETF
2022-08-01 00:00:00-04:00,21.175111994587393,21.299614333458717,20.916528106124773,21.0793399810791,6668800,0.0,0.0,0.0,ICLN,iShares Global Clean Energy ETF
2022-08-02 00:00:00-04:00,20.88779457819274,21.59650450875293,20.820754721162587,21.34749984741211,4573900,0.0,0.0,0.0,ICLN,iShares Global Clean Energy ETF
2022-08-03 00:00:00-04:00,21.12722686266626,21.175113786823108,20.47597930772815,20.897375106811523,4675100,0.0,0.0,0.0,ICLN,iShares Global Clean Energy ETF
2022-08-04 00:00:00-04:00,21.02187901027527,21.35707834152893,20.820757584823724,21.29961585998535,4227600,0.0,0.0,0.0,ICLN,iShares Global Clean Energy ETF
2022-08-05 00:00:00-04:00,21.43369689076903,21.759320683738576,21.175114794810423,21.46242904663086,5194200,0.0,0.0,0.0,ICLN,iShares Global Clean Energy ETF
2022-08-08 00:00:00-04:00,21.912554954424166,22.142408545397004,21.510313910270863,21.55820083618164,6381600,0.0,0.0,0.0,ICLN,iShares Global Clean Energy ETF
2022-08-09 00:00:00-04:00,21.290038579072043,21.7114343747445,21.251730866756017,21.634817123413086,5009400,0.0,0.0,0.0,ICLN,iShares Global Clean Energy ETF
2022-08-10 00:00:00-04:00,22.27648933091754,22.640420851436776,21.989173242055426,22.611690521240234,5937200,0.0,0.0,0.0,ICLN,iShares Global Clean Energy ETF
2022-08-11 00:00:00-04:00,22.83196167799575,22.84153906227175,22.238176639778562,22.29564094543457,4735400,0.0,0.0,0.0,ICLN,iShares Global Clean Energy ETF
2022-08-12 00:00:00-04:00,22.190292529151574,22.59253355308511,22.09452050884371,22.554224014282227,4044700,0.0,0.0,0.0,ICLN,iShares Global Clean Energy ETF
2022-08-15 00:00:00-04:00,22.611688257184383,22.736190604535498,22.3147948124175,22.525493621826172,4334500,0.0,0.0,0.0,ICLN,iShares Global Clean Energy ETF
2022-08-16 00:00:00-04:00,22.46802615825033,22.46802615825033,22.171134581879933,22.238174438476562,4196300,0.0,0.0,0.0,ICLN,iShares Global Clean Energy ETF
2022-08-17 00:00:00-04:00,21.98916947927475,22.31479322824478,21.874244524755458,22.151981353759766,3677200,0.0,0.0,0.0,ICLN,iShares Global Clean Energy ETF
2022-08-18 00:00:00-04:00,22.247756162515888,22.468030541938948,22.14240857875237,22.199871063232422,2281700,0.0,0.0,0.0,ICLN,iShares Global Clean Energy ETF
2022-08-19 00:00:00-04:00,21.88382090465744,21.88382090465744,21.48157992889742,21.586929321289062,3757500,0.0,0.0,0.0,ICLN,iShares Global Clean Energy ETF
2022-08-22 00:00:00-04:00,21.155957948433716,21.35707753963447,21.079340700352578,21.25172996520996,3834300,0.0,0.0,0.0,ICLN,iShares Global Clean Energy ETF
2022-08-23 00:00:00-04:00,21.25173134931413,21.548622976627385,21.20384442445754,21.2900390625,2884000,0.0,0.0,0.0,ICLN,iShares Global Clean Energy ETF
2022-08-24 00:00:00-04:00,21.22299963452316,21.855092442143295,21.22299963452316,21.711435317993164,4363700,0.0,0.0,0.0,ICLN,iShares Global Clean Energy ETF
2022-08-25 00:00:00-04:00,22.12324853893392,22.190288392642668,21.77847006077578,22.161556243896484,4566100,0.0,0.0,0.0,ICLN,iShares Global Clean Energy ETF
2022-08-26 00:00:00-04:00,22.276486080022973,22.37225809566729,21.615661181446356,21.65397071838379,4569800,0.0,0.0,0.0,ICLN,iShares Global Clean Energy ETF
2022-08-29 00:00:00-04:00,21.385809092270833,21.74016499638461,21.347501382655395,21.414541244506836,4336000,0.0,0.0,0.0,ICLN,iShares Global Clean Energy ETF
2022-08-30 00:00:00-04:00,21.577352830335148,21.77847241318539,20.993145196285795,21.203842163085938,4641600,0.0,0.0,0.0,ICLN,iShares Global Clean Energy ETF
2022-08-31 00:00:00-04:00,21.28046087947387,21.472004918318195,21.108073436553184,21.24215316772461,4304400,0.0,0.0,0.0,ICLN,iShares Global Clean Energy ETF
2022-09-01 00:00:00-04:00,20.859065423080494,21.031452853657036,20.495132140676315,20.868642807006836,4441500,0.0,0.0,0.0,ICLN,iShares Global Clean Energy ETF
2022-09-02 00:00:00-04:00,20.99314695892553,21.02187911318765,20.45682619959477,20.533443450927734,4310700,0.0,0.0,0.0,ICLN,iShares Global Clean Energy ETF
2022-09-06 00:00:00-04:00,20.705832326332093,20.87821976850342,20.370631173161307,20.75371742248535,6265900,0.0,0.0,0.0,ICLN,iShares Global Clean Energy ETF
2022-09-07 00:00:00-04:00,20.811180142431883,21.81678361350357,20.792025373070665,21.759319305419922,6445100,0.0,0.0,0.0,ICLN,iShares Global Clean Energy ETF
2022-09-08 00:00:00-04:00,21.5773551151154,21.941286610251435,21.510313420367208,21.902978897094727,6285400,0.0,0.0,0.0,ICLN,iShares Global Clean Energy ETF
2022-09-09 00:00:00-04:00,22.037055015091806,22.084940105350643,21.71143128657422,21.960437774658203,3914500,0.0,0.0,0.0,ICLN,iShares Global Clean Energy ETF
2022-09-12 00:00:00-04:00,22.056213587601604,22.123253456211128,21.749742746287566,22.113676071166992,3782600,0.0,0.0,0.0,ICLN,iShares Global Clean Energy ETF
2022-09-13 00:00:00-04:00,21.395388798124067,21.87424709382658,21.33792631411561,21.529468536376953,7213100,0.0,0.0,0.0,ICLN,iShares Global Clean Energy ETF
2022-09-14 00:00:00-04:00,21.529466747968875,21.874245276778463,21.29961500432891,21.864667892456055,5575100,0.0,0.0,0.0,ICLN,iShares Global Clean Energy ETF
2022-09-15 00:00:00-04:00,21.567776341882066,21.673123916306576,21.13680317973861,21.25172996520996,4462600,0.0,0.0,0.0,ICLN,iShares Global Clean Energy ETF
2022-09-16 00:00:00-04:00,20.9739903617197,21.213419479608508,20.792023720648427,21.175111770629883,4445700,0.0,0.0,0.0,ICLN,iShares Global Clean Energy ETF
2022-09-19 00:00:00-04:00,20.86864626911976,21.165537913293935,20.8207593415436,21.117650985717773,3527500,0.0,0.0,0.0,ICLN,iShares Global Clean Energy ETF
2022-09-20 00:00:00-04:00,20.887798602529923,20.99314801341674,20.447249841911336,20.485557556152344,4709400,0.0,0.0,0.0,ICLN,iShares Global Clean Energy ETF
2022-09-21 00:00:00-04:00,20.61963810811415,20.993146980407133,20.37063158435237,20.38020896911621,3923600,0.0,0.0,0.0,ICLN,iShares Global Clean Energy ETF
2022-09-22 00:00:00-04:00,20.361052168678878,20.38020693629597,19.633187439521965,19.738536834716797,6376900,0.0,0.0,0.0,ICLN,iShares Global Clean Energy ETF
2022-09-23 00:00:00-04:00,19.297985223984213,19.412911996501975,18.934053793292943,19.17348289489746,7807800,0.0,0.0,0.0,ICLN,iShares Global Clean Energy ETF
2022-09-26 00:00:00-04:00,19.048981269275966,19.307565171762807,18.66589502116546,18.704204559326172,4287500,0.0,0.0,0.0,ICLN,iShares Global Clean Energy ETF
2022-09-27 00:00:00-04:00,18.981939316374348,19.221368423446073,18.685047735081167,18.828704833984375,4603300,0.0,0.0,0.0,ICLN,iShares Global Clean Energy ETF
2022-09-28 00:00:00-04:00,18.761667421046596,19.192640600614027,18.608432918689147,19.125598907470703,5382600,0.0,0.0,0.0,ICLN,iShares Global Clean Energy ETF
2022-09-29 00:00:00-04:00,18.78082072446724,18.828705817703728,18.091263690986835,18.29238510131836,4762500,0.0,0.0,0.0,ICLN,iShares Global Clean Energy ETF
2022-09-30 00:00:00-04:00,18.32111410296617,18.665892594797747,18.2061891568217,18.282806396484375,3013100,0.0,0.0,0.0,ICLN,iShares Global Clean Energy ETF
2022-10-03 00:00:00-04:00,18.426466444645655,18.943634265249234,18.349849192708017,18.847862243652344,4061700,0.0,0.0,0.0,ICLN,iShares Global Clean Energy ETF
2022-10-04 00:00:00-04:00,19.336295196286848,19.60445462708783,19.269255338586603,19.44164276123047,3843500,0.0,0.0,0.0,ICLN,iShares Global Clean Energy ETF
2022-10-05 00:00:00-04:00,19.01067400682859,19.077713873493934,18.35942645630922,18.665895462036133,9476600,0.0,0.0,0.0,ICLN,iShares Global Clean Energy ETF
2022-10-06 00:00:00-04:00,18.53181624375138,18.83828525799584,18.129575205880673,18.167882919311523,7288400,0.0,0.0,0.0,ICLN,iShares Global Clean Energy ETF
2022-10-07 00:00:00-04:00,17.976340563475283,18.062535201420292,17.554944758710707,17.65071678161621,4451600,0.0,0.0,0.0,ICLN,iShares Global Clean Energy ETF
2022-10-10 00:00:00-04:00,17.64113845146826,17.689023547005696,17.344246840397698,17.574098587036133,6317700,0.0,0.0,0.0,ICLN,iShares Global Clean Energy ETF
2022-10-11 00:00:00-04:00,17.411288483620158,17.60283071203774,17.11439684221824,17.392133712768555,10951800,0.0,0.0,0.0,ICLN,iShares Global Clean Energy ETF
2022-10-12 00:00:00-04:00,17.382557174624424,17.39213456051706,16.93243099786805,16.95158576965332,15834900,0.0,0.0,0.0,ICLN,iShares Global Clean Energy ETF
2022-10-13 00:00:00-04:00,16.49187800091476,17.229320167955898,16.42483813603817,17.143125534057617,9501900,0.0,0.0,0.0,ICLN,iShares Global Clean Energy ETF
2022-10-14 00:00:00-04:00,17.401710011028037,17.545367130041164,16.769617226010787,16.798349380493164,11836000,0.0,0.0,0.0,ICLN,iShares Global Clean Energy ETF
2022-10-17 00:00:00-04:00,17.20058853874536,17.392132581402404,17.00904632278769,17.10481834411621,16840600,0.0,0.0,0.0,ICLN,iShares Global Clean Energy ETF
2022-10-18 00:00:00-04:00,17.535790809171527,17.689025322309384,17.26763132453002,17.545368194580078,14145300,0.0,0.0,0.0,ICLN,iShares Global Clean Energy ETF
2022-10-19 00:00:00-04:00,17.23889712343302,17.23889712343302,16.90369598069308,17.028200149536133,20090600,0.0,0.0,0.0,ICLN,iShares Global Clean Energy ETF
2022-10-20 00:00:00-04:00,17.028199489682475,17.16227921090307,16.721728684936664,16.884540557861328,5539500,0.0,0.0,0.0,ICLN,iShares Global Clean Energy ETF
2022-10-21 00:00:00-04:00,16.87496751498657,17.248476409295357,16.64511392050481,17.18143653869629,7282400,0.0,0.0,0.0,ICLN,iShares Global Clean Energy ETF
2022-10-24 00:00:00-04:00,17.095238754997453,17.13354646256972,16.760037636919243,17.047351837158203,7724200,0.0,0.0,0.0,ICLN,iShares Global Clean Energy ETF
2022-10-25 00:00:00-04:00,17.123973657134815,17.64114154786991,17.047356394807355,17.554946899414062,12053500,0.0,0.0,0.0,ICLN,iShares Global Clean Energy ETF
2022-10-26 00:00:00-04:00,17.86141203903795,18.31153995504543,17.85183465500596,18.014646530151367,11229400,0.0,0.0,0.0,ICLN,iShares Global Clean Energy ETF
2022-10-27 00:00:00-04:00,18.005069506678232,18.330693263489795,17.976339180706145,18.100841522216797,8736700,0.0,0.0,0.0,ICLN,iShares Global Clean Energy ETF
2022-10-28 00:00:00-04:00,17.976339114574508,18.091264071438587,17.765640315824935,18.072111129760742,7175700,0.0,0.0,0.0,ICLN,iShares Global Clean Energy ETF
2022-10-31 00:00:00-04:00,17.813527880031195,18.148729031937833,17.75606539952413,18.091264724731445,8252600,0.0,0.0,0.0,ICLN,iShares Global Clean Energy ETF
2022-11-01 00:00:00-04:00,18.493503944229747,18.541390862247436,18.1199951171875,18.1199951171875,7257400,0.0,0.0,0.0,ICLN,iShares Global Clean Energy ETF
2022-11-02 00:00:00-04:00,18.196614379238873,18.51266076644189,17.82310551073513,17.84225845336914,8558000,0.0,0.0,0.0,ICLN,iShares Global Clean Energy ETF
2022-11-03 00:00:00-04:00,17.746487934232853,18.321116390087255,17.746487934232853,18.215768814086914,11115100,0.0,0.0,0.0,ICLN,iShares Global Clean Energy ETF
2022-11-04 00:00:00-04:00,18.57012214776703,18.675471546160924,18.052956193295408,18.3498477935791,10870500,0.0,0.0,0.0,ICLN,iShares Global Clean Energy ETF
2022-11-07 00:00:00-05:00,18.493507302014415,18.503084687356875,18.024226380430665,18.158306121826172,9693100,0.0,0.0,0.0,ICLN,iShares Global Clean Energy ETF
2022-11-08 00:00:00-05:00,18.426466696400215,18.69462799519543,18.37858159829722,18.59885597229004,14351900,0.0,0.0,0.0,ICLN,iShares Global Clean Energy ETF
2022-11-09 00:00:00-05:00,18.560544165129425,18.962785150835597,18.483926921504402,18.512659072875977,19913000,0.0,0.0,0.0,ICLN,iShares Global Clean Energy ETF
2022-11-10 00:00:00-05:00,19.288407852104346,19.920500534577542,19.077710900179643,19.786420822143555,19247100,0.0,0.0,0.0,ICLN,iShares Global Clean Energy ETF
2022-11-11 00:00:00-05:00,19.671498896251062,19.910928034754413,19.49910962425675,19.585304260253906,19474000,0.0,0.0,0.0,ICLN,iShares Global Clean Energy ETF
2022-11-14 00:00:00-05:00,19.49910699314088,19.585301617507348,19.183060646030206,19.412912368774414,18872000,0.0,0.0,0.0,ICLN,iShares Global Clean Energy ETF
2022-11-15 00:00:00-05:00,19.987545330728942,20.054585197387983,19.585304304075336,19.767269134521484,18558000,0.0,0.0,0.0,ICLN,iShares Global Clean Energy ETF
2022-11-16 00:00:00-05:00,19.67149874982307,19.748116000505856,19.518262421758156,19.55657196044922,21539000,0.0,0.0,0.0,ICLN,iShares Global Clean Energy ETF
2022-11-17 00:00:00-05:00,19.17348548217368,19.661921134560444,19.087290847828996,19.65234375,23526600,0.0,0.0,0.0,ICLN,iShares Global Clean Energy ETF
2022-11-18 00:00:00-05:00,19.719385385044642,19.738540155884678,19.412916358402,19.623613357543945,25135400,0.0,0.0,0.0,ICLN,iShares Global Clean Energy ETF
2022-11-21 00:00:00-05:00,19.47995376586914,19.527838860213365,19.29798711930243,19.47995376586914,20181400,0.0,0.0,0.0,ICLN,iShares Global Clean Energy ETF
2022-11-22 00:00:00-05:00,19.604459661343128,19.748118623818737,19.432072194431658,19.72896385192871,9451200,0.0,0.0,0.0,ICLN,iShares Global Clean Energy ETF
2022-11-23 00:00:00-05:00,19.671497760746604,19.977966748068585,19.671497760746604,19.93965721130371,9674000,0.0,0.0,0.0,ICLN,iShares Global Clean Energy ETF
2022-11-25 00:00:00-05:00,19.949233860499444,20.112045732353128,19.84388446497671,19.920501708984375,5564700,0.0,0.0,0.0,ICLN,iShares Global Clean Energy ETF
2022-11-28 00:00:00-05:00,19.786423712497577,19.882195732525894,19.508686863784735,19.55657196044922,8387500,0.0,0.0,0.0,ICLN,iShares Global Clean Energy ETF
2022-11-29 00:00:00-05:00,19.671499576747703,19.728962060500486,19.44164598833772,19.451223373413086,8818700,0.0,0.0,0.0,ICLN,iShares Global Clean Energy ETF
2022-11-30 00:00:00-05:00,19.728959073765534,20.28443453714839,19.594877529708192,20.26527976989746,12485100,0.0,0.0,0.0,ICLN,iShares Global Clean Energy ETF
2022-12-01 00:00:00-05:00,20.41851664218192,20.41851664218192,20.035430385862245,20.07373809814453,11229500,0.0,0.0,0.0,ICLN,iShares Global Clean Energy ETF
2022-12-02 00:00:00-05:00,19.84388695462989,20.447249425251076,19.84388695462989,20.37063217163086,7219600,0.0,0.0,0.0,ICLN,iShares Global Clean Energy ETF
2022-12-05 00:00:00-05:00,20.274859079132252,20.351476328713556,20.054584714923426,20.11204719543457,6714000,0.0,0.0,0.0,ICLN,iShares Global Clean Energy ETF
2022-12-06 00:00:00-05:00,20.112044767774268,20.140776917911335,19.556569318684655,19.690649032592773,6966700,0.0,0.0,0.0,ICLN,iShares Global Clean Energy ETF
2022-12-07 00:00:00-05:00,19.69064998941746,19.84388447752972,19.52783811746078,19.614032745361328,6605800,0.0,0.0,0.0,ICLN,iShares Global Clean Energy ETF
2022-12-08 00:00:00-05:00,19.700229267862444,19.910928079304416,19.614034631672432,19.767269134521484,3970700,0.0,0.0,0.0,ICLN,iShares Global Clean Energy ETF
2022-12-09 00:00:00-05:00,19.757689626895175,19.949233648225764,19.68107238370277,19.70980453491211,3205600,0.0,0.0,0.0,ICLN,iShares Global Clean Energy ETF
2022-12-12 00:00:00-05:00,19.748117999987606,19.891775131225586,19.614036427692568,19.891775131225586,3078200,0.0,0.0,0.0,ICLN,iShares Global Clean Energy ETF
2022-12-13 00:00:00-05:00,20.482750183648747,20.482750183648747,20.012654505778436,20.127779006958008,6409700,0.036,0.0,0.0,ICLN,iShares Global Clean Energy ETF
2022-12-14 00:00:00-05:00,20.214121880544734,20.559499019610595,20.166153646728173,20.358028411865234,8625900,0.0,0.0,0.0,ICLN,iShares Global Clean Energy ETF
2022-12-15 00:00:00-05:00,20.14696634741372,20.49234349892807,19.868745457611407,19.935903549194336,6230300,0.0,0.0,0.0,ICLN,iShares Global Clean Energy ETF
2022-12-16 00:00:00-05:00,19.68646685011457,19.820779388217243,19.36987170325035,19.580934524536133,4620900,0.0,0.0,0.0,ICLN,iShares Global Clean Energy ETF
2022-12-19 00:00:00-05:00,19.696060291029237,19.744028530420994,19.31230705641101,19.369871139526367,3961700,0.0,0.0,0.0,ICLN,iShares Global Clean Energy ETF
2022-12-20 00:00:00-05:00,19.341089248657227,19.60012213508137,19.206776713417025,19.341089248657227,3466500,0.0,0.0,0.0,ICLN,iShares Global Clean Energy ETF
2022-12-21 00:00:00-05:00,19.398649830115303,19.619308471679688,19.14921097912101,19.619308471679688,2984100,0.0,0.0,0.0,ICLN,iShares Global Clean Energy ETF
2022-12-22 00:00:00-05:00,19.5617445292803,19.5617445292803,19.062868653689094,19.283525466918945,3408300,0.0,0.0,0.0,ICLN,iShares Global Clean Energy ETF
2022-12-23 00:00:00-05:00,19.321900316849064,19.321900316849064,19.005305191543673,19.177993774414062,1882200,0.0,0.0,0.0,ICLN,iShares Global Clean Energy ETF
2022-12-27 00:00:00-05:00,19.22596330608008,19.2739315422648,18.928554386147866,18.95733642578125,3071700,0.0,0.0,0.0,ICLN,iShares Global Clean Energy ETF
2022-12-28 00:00:00-05:00,19.043681878529014,19.043681878529014,18.70789871510422,18.765460968017578,5882700,0.0,0.0,0.0,ICLN,iShares Global Clean Energy ETF
2022-12-29 00:00:00-05:00,18.995708127373785,19.20677273026126,18.966927921431434,19.0628662109375,3030500,0.0,0.0,0.0,ICLN,iShares Global Clean Energy ETF
2022-12-30 00:00:00-05:00,18.96693181699444,19.082056324150265,18.870993507783883,19.043682098388672,2739800,0.0,0.0,0.0,ICLN,iShares Global Clean Energy ETF
2023-01-03 00:00:00-05:00,19.17799397539044,19.23555622699347,18.74627434356122,18.832616806030273,3441700,0.0,0.0,0.0,ICLN,iShares Global Clean Energy ETF
2023-01-04 00:00:00-05:00,18.99570859160318,19.024490628119594,18.813427849944702,18.986116409301758,2714500,0.0,0.0,0.0,ICLN,iShares Global Clean Energy ETF
2023-01-05 00:00:00-05:00,18.86139647968958,18.86139647968958,18.544801390798646,18.592769622802734,3295300,0.0,0.0,0.0,ICLN,iShares Global Clean Energy ETF
2023-01-06 00:00:00-05:00,18.794241121862296,19.120430238729792,18.59277051209315,19.072460174560547,5196900,0.0,0.0,0.0,ICLN,iShares Global Clean Energy ETF
2023-01-09 00:00:00-05:00,19.177991497289998,19.484992572664748,19.15880347261139,19.235553741455078,5298400,0.0,0.0,0.0,ICLN,iShares Global Clean Energy ETF
2023-01-10 00:00:00-05:00,19.283525897873727,19.53296475617933,19.110837316749006,19.52337074279785,3104400,0.0,0.0,0.0,ICLN,iShares Global Clean Energy ETF
2023-01-11 00:00:00-05:00,19.667275746040637,20.08940315246582,19.619307512754713,20.08940315246582,5278500,0.0,0.0,0.0,ICLN,iShares Global Clean Energy ETF
2023-01-12 00:00:00-05:00,20.166153500979657,20.42518635340692,19.974276907358536,20.386810302734375,4204200,0.0,0.0,0.0,ICLN,iShares Global Clean Energy ETF
2023-01-13 00:00:00-05:00,20.214121880544734,20.50193677305656,20.204527867807258,20.358028411865234,5228700,0.0,0.0,0.0,ICLN,iShares Global Clean Energy ETF
2023-01-17 00:00:00-05:00,20.453967849498856,20.65543846847444,20.38681158646397,20.49234390258789,5186800,0.0,0.0,0.0,ICLN,iShares Global Clean Energy ETF
2023-01-18 00:00:00-05:00,20.597873947759837,20.73218830082434,20.223716587508545,20.252498626708984,3462000,0.0,0.0,0.0,ICLN,iShares Global Clean Energy ETF
2023-01-19 00:00:00-05:00,20.022250076914755,20.118186558737914,19.504184291688436,19.571340560913086,6281200,0.0,0.0,0.0,ICLN,iShares Global Clean Energy ETF
2023-01-20 00:00:00-05:00,19.580935309952253,19.782405955058596,19.504185023690592,19.76321792602539,6229500,0.0,0.0,0.0,ICLN,iShares Global Clean Energy ETF
2023-01-23 00:00:00-05:00,19.763213821941733,20.24290346893124,19.638493488996822,20.118183135986328,3398300,0.0,0.0,0.0,ICLN,iShares Global Clean Energy ETF
2023-01-24 00:00:00-05:00,20.060621832591366,20.11818408056893,19.801588971886016,19.964683532714844,2800400,0.0,0.0,0.0,ICLN,iShares Global Clean Energy ETF
2023-01-25 00:00:00-05:00,19.65768342371762,19.849560033101852,19.427432590379127,19.801589965820312,2716700,0.0,0.0,0.0,ICLN,iShares Global Clean Energy ETF
2023-01-26 00:00:00-05:00,19.983870686224886,19.99346469878078,19.571337295675495,19.791994094848633,1278900,0.0,0.0,0.0,ICLN,iShares Global Clean Energy ETF
2023-01-27 00:00:00-05:00,19.57133793587986,19.811182768010426,19.44661942831514,19.69605827331543,2128700,0.0,0.0,0.0,ICLN,iShares Global Clean Energy ETF
2023-01-30 00:00:00-05:00,19.465809599841172,19.705654458410702,19.331495234729918,19.341089248657227,3057900,0.0,0.0,0.0,ICLN,iShares Global Clean Energy ETF
2023-01-31 00:00:00-05:00,19.47540026419528,19.907121707880815,19.46580808088752,19.89752769470215,2431900,0.0,0.0,0.0,ICLN,iShares Global Clean Energy ETF
2023-02-01 00:00:00-05:00,19.811184107498363,20.262093593508382,19.609715313224847,20.0989990234375,3272400,0.0,0.0,0.0,ICLN,iShares Global Clean Energy ETF
2023-02-02 00:00:00-05:00,20.28127859128754,20.32924865604271,19.81118293591203,19.97427749633789,6915000,0.0,0.0,0.0,ICLN,iShares Global Clean Energy ETF
2023-02-03 00:00:00-05:00,19.542557281423896,19.724838032178734,19.389054908880162,19.456212997436523,6367600,0.0,0.0,0.0,ICLN,iShares Global Clean Energy ETF
2023-02-06 00:00:00-05:00,19.36986710266104,19.47539757330356,19.24514677844171,19.39864730834961,2947300,0.0,0.0,0.0,ICLN,iShares Global Clean Energy ETF
2023-02-07 00:00:00-05:00,19.350682934236794,19.456215255775422,19.091650052207992,19.389057159423828,2608400,0.0,0.0,0.0,ICLN,iShares Global Clean Energy ETF
2023-02-08 00:00:00-05:00,19.59052487852635,19.667275147370034,19.177991497289998,19.235553741455078,4849100,0.0,0.0,0.0,ICLN,iShares Global Clean Energy ETF
2023-02-09 00:00:00-05:00,19.465808401982013,19.465808401982013,18.803836120701725,18.909366607666016,3851000,0.0,0.0,0.0,ICLN,iShares Global Clean Energy ETF
2023-02-10 00:00:00-05:00,18.84221057033719,19.014899152732696,18.71749205520208,18.880586624145508,2360200,0.0,0.0,0.0,ICLN,iShares Global Clean Energy ETF
2023-02-13 00:00:00-05:00,18.90936384980539,19.187584706385913,18.803833378232326,19.0628662109375,2154400,0.0,0.0,0.0,ICLN,iShares Global Clean Energy ETF
2023-02-14 00:00:00-05:00,18.851804258490805,19.014898824619944,18.62155342922689,18.92855453491211,3689300,0.0,0.0,0.0,ICLN,iShares Global Clean Energy ETF
2023-02-15 00:00:00-05:00,18.746273223306307,19.341087390691225,18.746273223306307,19.331493377685547,2342200,0.0,0.0,0.0,ICLN,iShares Global Clean Energy ETF
2023-02-16 00:00:00-05:00,19.072461835724322,19.16840014254796,18.813430786132812,18.813430786132812,5351700,0.0,0.0,0.0,ICLN,iShares Global Clean Energy ETF
2023-02-17 00:00:00-05:00,18.794242708823994,18.861398974460684,18.65033616390666,18.82302474975586,3861500,0.0,0.0,0.0,ICLN,iShares Global Clean Energy ETF
2023-02-21 00:00:00-05:00,18.755866528436112,18.81343060991371,18.525615692138672,18.525615692138672,2980700,0.0,0.0,0.0,ICLN,iShares Global Clean Energy ETF
2023-02-22 00:00:00-05:00,18.487238123181488,18.58317641175039,18.34333160526346,18.448862075805664,5739500,0.0,0.0,0.0,ICLN,iShares Global Clean Energy ETF
2023-02-23 00:00:00-05:00,18.69830445605944,18.707898469731003,18.27617700386573,18.50642967224121,2556400,0.0,0.0,0.0,ICLN,iShares Global Clean Energy ETF
2023-02-24 00:00:00-05:00,18.218614956663355,18.256991011781327,18.045926368374534,18.161052703857422,2682200,0.0,0.0,0.0,ICLN,iShares Global Clean Energy ETF
2023-02-27 00:00:00-05:00,18.38170762520885,18.55439619559193,18.276175314447897,18.46805191040039,1969200,0.0,0.0,0.0,ICLN,iShares Global Clean Energy ETF
2023-02-28 00:00:00-05:00,18.4104918930359,18.55439844249164,18.32414759738824,18.420085906982422,2347200,0.0,0.0,0.0,ICLN,iShares Global Clean Energy ETF
2023-03-01 00:00:00-05:00,18.563990748941986,18.81342959899531,18.5160206836216,18.688709259033203,4328700,0.0,0.0,0.0,ICLN,iShares Global Clean Energy ETF
2023-03-02 00:00:00-05:00,18.477645134044625,18.61195764755267,18.324144595786642,18.592769622802734,2134600,0.0,0.0,0.0,ICLN,iShares Global Clean Energy ETF
2023-03-03 00:00:00-05:00,18.688707569390374,19.04367870118477,18.650333350474362,18.97652244567871,1997600,0.0,0.0,0.0,ICLN,iShares Global Clean Energy ETF
2023-03-06 00:00:00-05:00,18.99570955987505,19.28352445009789,18.986117377084685,19.139617919921875,2589800,0.0,0.0,0.0,ICLN,iShares Global Clean Energy ETF
2023-03-07 00:00:00-05:00,19.110835152757065,19.24514766514716,18.8901783595817,18.938146591186523,2156100,0.0,0.0,0.0,ICLN,iShares Global Clean Energy ETF
2023-03-08 00:00:00-05:00,18.928554386147866,18.976524452203506,18.7558658080894,18.95733642578125,2700500,0.0,0.0,0.0,ICLN,iShares Global Clean Energy ETF
2023-03-09 00:00:00-05:00,18.986120214659177,19.130026766342777,18.659931054911777,18.669523239135742,2716200,0.0,0.0,0.0,ICLN,iShares Global Clean Energy ETF
2023-03-10 00:00:00-05:00,18.746273271401883,18.823023545773324,18.25698958608234,18.39130210876465,4313100,0.0,0.0,0.0,ICLN,iShares Global Clean Energy ETF
2023-03-13 00:00:00-04:00,18.180240625326928,18.727086598469768,18.113082529262375,18.487241744995117,4022700,0.0,0.0,0.0,ICLN,iShares Global Clean Energy ETF
2023-03-14 00:00:00-04:00,18.9093660698943,18.966930148278756,18.5160206836216,18.688709259033203,2282800,0.0,0.0,0.0,ICLN,iShares Global Clean Energy ETF
2023-03-15 00:00:00-04:00,18.29536470675233,18.362520971391287,17.911613316050456,18.24739646911621,3457500,0.0,0.0,0.0,ICLN,iShares Global Clean Energy ETF
2023-03-16 00:00:00-04:00,18.074708183208752,18.20902071469646,17.873237556106194,18.18983268737793,4624300,0.0,0.0,0.0,ICLN,iShares Global Clean Energy ETF
2023-03-17 00:00:00-04:00,17.949987843109472,18.026739952416087,17.431923914386825,17.575830459594727,5058900,0.0,0.0,0.0,ICLN,iShares Global Clean Energy ETF
2023-03-20 00:00:00-04:00,17.777299508372966,17.940394066426695,17.585422911884756,17.834861755371094,2712500,0.0,0.0,0.0,ICLN,iShares Global Clean Energy ETF
2023-03-21 00:00:00-04:00,18.189830535523058,18.304956855943807,18.11308026519949,18.23780059814453,5239600,0.0,0.0,0.0,ICLN,iShares Global Clean Energy ETF
2023-03-22 00:00:00-04:00,18.199426271134723,18.41049090691083,17.949987411499023,17.949987411499023,2475900,0.0,0.0,0.0,ICLN,iShares Global Clean Energy ETF
2023-03-23 00:00:00-04:00,18.218615438948063,18.554398610635094,17.94998853562422,18.08430290222168,3706800,0.0,0.0,0.0,ICLN,iShares Global Clean Energy ETF
2023-03-24 00:00:00-04:00,17.99795717996389,18.007551193237305,17.767706351014766,18.007551193237305,4222500,0.0,0.0,0.0,ICLN,iShares Global Clean Energy ETF
2023-03-27 00:00:00-04:00,18.189829931015307,18.189829931015307,17.892422872129135,18.026737213134766,2723000,0.0,0.0,0.0,ICLN,iShares Global Clean Energy ETF
2023-03-28 00:00:00-04:00,18.122673675447857,18.122673675447857,17.969173139902043,18.026737213134766,1297800,0.0,0.0,0.0,ICLN,iShares Global Clean Energy ETF
2023-03-29 00:00:00-04:00,18.228207595986127,18.39130215819768,17.997956772252913,18.3817081451416,2356100,0.0,0.0,0.0,ICLN,iShares Global Clean Energy ETF
2023-03-30 00:00:00-04:00,18.736679324353585,18.93814810908653,18.621552997455556,18.688709259033203,3745100,0.0,0.0,0.0,ICLN,iShares Global Clean Energy ETF
2023-03-31 00:00:00-04:00,18.755863824896434,19.053272713381457,18.746271642570473,18.97652244567871,1938200,0.0,0.0,0.0,ICLN,iShares Global Clean Energy ETF
2023-04-03 00:00:00-04:00,19.062869906123808,19.062869906123808,18.65993047598826,18.765460968017578,2985800,0.0,0.0,0.0,ICLN,iShares Global Clean Energy ETF
2023-04-04 00:00:00-04:00,18.707899295515947,18.755867536120117,18.554398729737297,18.669523239135742,1656200,0.0,0.0,0.0,ICLN,iShares Global Clean Energy ETF
2023-04-05 00:00:00-04:00,18.659926999698648,18.688707205858147,18.26658165663958,18.400894165039062,2796200,0.0,0.0,0.0,ICLN,iShares Global Clean Energy ETF
2023-04-06 00:00:00-04:00,18.458459954587575,18.458459954587575,18.285771364960443,18.439271926879883,2556500,0.0,0.0,0.0,ICLN,iShares Global Clean Energy ETF
2023-04-10 00:00:00-04:00,18.33374034203518,18.64074144758511,18.276176262341373,18.621553421020508,2589500,0.0,0.0,0.0,ICLN,iShares Global Clean Energy ETF
2023-04-11 00:00:00-04:00,18.621554948215103,18.746275301242683,18.525616637394908,18.67911720275879,1927500,0.0,0.0,0.0,ICLN,iShares Global Clean Energy ETF
2023-04-12 00:00:00-04:00,18.823023990036297,18.89977426621921,18.621553371386824,18.631147384643555,2569200,0.0,0.0,0.0,ICLN,iShares Global Clean Energy ETF
2023-04-13 00:00:00-04:00,18.717489558094037,19.072458859109567,18.717489558094037,18.986116409301758,1720300,0.0,0.0,0.0,ICLN,iShares Global Clean Energy ETF
2023-04-14 00:00:00-04:00,18.89017733205128,18.96692759636661,18.64073851555879,18.794239044189453,2416100,0.0,0.0,0.0,ICLN,iShares Global Clean Energy ETF
2023-04-17 00:00:00-04:00,18.85180510573103,19.149212211495833,18.794242853295817,19.10124397277832,3396900,0.0,0.0,0.0,ICLN,iShares Global Clean Energy ETF
2023-04-18 00:00:00-04:00,19.14921417484091,19.17799621894501,18.957339370427167,19.091651916503906,3275400,0.0,0.0,0.0,ICLN,iShares Global Clean Energy ETF
2023-04-19 00:00:00-04:00,18.880584153582596,19.014896664594723,18.880584153582596,18.97652244567871,1784000,0.0,0.0,0.0,ICLN,iShares Global Clean Energy ETF
2023-04-20 00:00:00-04:00,18.727085598326934,18.986118465414634,18.707897571904677,18.95733642578125,1900000,0.0,0.0,0.0,ICLN,iShares Global Clean Energy ETF
2023-04-21 00:00:00-04:00,18.947744039968782,19.10124460478897,18.813431503218887,18.995712280273438,2443900,0.0,0.0,0.0,ICLN,iShares Global Clean Energy ETF
2023-04-24 00:00:00-04:00,18.89018178562898,18.995712280273438,18.69830516466821,18.995712280273438,1722100,0.0,0.0,0.0,ICLN,iShares Global Clean Energy ETF
2023-04-25 00:00:00-04:00,18.69830369740799,18.823024040206978,18.621553421020508,18.621553421020508,1840800,0.0,0.0,0.0,ICLN,iShares Global Clean Energy ETF
2023-04-26 00:00:00-04:00,18.2569910195202,18.276177217216294,17.77730130956837,17.85405158996582,6077800,0.0,0.0,0.0,ICLN,iShares Global Clean Energy ETF
2023-04-27 00:00:00-04:00,17.99795619044658,18.247395032228525,17.99795619044658,18.170644760131836,2523100,0.0,0.0,0.0,ICLN,iShares Global Clean Energy ETF
2023-04-28 00:00:00-04:00,17.873237133908884,17.959581424931663,17.64298630113846,17.949987411499023,4064400,0.0,0.0,0.0,ICLN,iShares Global Clean Energy ETF
2023-05-01 00:00:00-04:00,18.017146700891985,18.045926913228392,17.748519796568708,17.76770782470703,2120400,0.0,0.0,0.0,ICLN,iShares Global Clean Energy ETF
2023-05-02 00:00:00-04:00,17.758113930504344,17.758113930504344,17.393548712899733,17.441518783569336,3107900,0.0,0.0,0.0,ICLN,iShares Global Clean Energy ETF
2023-05-03 00:00:00-04:00,17.489487125778993,17.623801494561597,17.36476860105704,17.422330856323242,3944600,0.0,0.0,0.0,ICLN,iShares Global Clean Energy ETF
2023-05-04 00:00:00-04:00,17.690957073752497,17.78689538203358,17.508674471005538,17.537456512451172,2204800,0.0,0.0,0.0,ICLN,iShares Global Clean Energy ETF
2023-05-05 00:00:00-04:00,17.738925077971604,17.892425637239523,17.575830505015567,17.87323760986328,2018300,0.0,0.0,0.0,ICLN,iShares Global Clean Energy ETF
2023-05-08 00:00:00-04:00,17.882830038905016,17.92120609025689,17.75811153175311,17.825267791748047,2063800,0.0,0.0,0.0,ICLN,iShares Global Clean Energy ETF
2023-05-09 00:00:00-04:00,17.729332020797525,17.748520049208977,17.604613495865287,17.719738006591797,2030100,0.0,0.0,0.0,ICLN,iShares Global Clean Energy ETF
2023-05-10 00:00:00-04:00,17.892424051742985,17.892424051742985,17.70054928459614,17.825267791748047,2097800,0.0,0.0,0.0,ICLN,iShares Global Clean Energy ETF
2023-05-11 00:00:00-04:00,17.825268264982817,17.825268264982817,17.652579689056438,17.748517990112305,2000200,0.0,0.0,0.0,ICLN,iShares Global Clean Energy ETF
2023-05-12 00:00:00-04:00,18.036331509585377,18.563991263510257,18.036331509585377,18.295364379882812,5785300,0.0,0.0,0.0,ICLN,iShares Global Clean Energy ETF
2023-05-15 00:00:00-04:00,18.448863933967083,18.602364479189575,18.324145427175374,18.458457946777344,3191000,0.0,0.0,0.0,ICLN,iShares Global Clean Energy ETF
2023-05-16 00:00:00-04:00,18.400894213621914,18.46805046799896,18.074705123901367,18.074705123901367,2568500,0.0,0.0,0.0,ICLN,iShares Global Clean Energy ETF
2023-05-17 00:00:00-04:00,18.103488451865573,18.228206957484144,17.978768116376177,18.180238723754883,2869500,0.0,0.0,0.0,ICLN,iShares Global Clean Energy ETF
2023-05-18 00:00:00-04:00,18.07470765604811,18.07470765604811,17.834862811174723,17.969175338745117,2509900,0.0,0.0,0.0,ICLN,iShares Global Clean Energy ETF
2023-05-19 00:00:00-04:00,18.093896264948043,18.122676476141397,17.825269371293686,17.87323760986328,1869200,0.0,0.0,0.0,ICLN,iShares Global Clean Energy ETF
2023-05-22 00:00:00-04:00,18.036332932714554,18.113083215539554,17.959582649889555,18.065114974975586,3535100,0.0,0.0,0.0,ICLN,iShares Global Clean Energy ETF
2023-05-23 00:00:00-04:00,17.940393692819242,18.141862468052533,17.844455396573043,17.892423629760742,2503700,0.0,0.0,0.0,ICLN,iShares Global Clean Energy ETF
2023-05-24 00:00:00-04:00,17.75811348199503,17.882832002843845,17.681363200733205,17.815675735473633,2195000,0.0,0.0,0.0,ICLN,iShares Global Clean Energy ETF
2023-05-25 00:00:00-04:00,17.796485900878906,17.844455965466725,17.662173379774732,17.796485900878906,2136300,0.0,0.0,0.0,ICLN,iShares Global Clean Energy ETF
2023-05-26 00:00:00-04:00,17.75811200320498,17.806080238797467,17.623799479649303,17.748517990112305,2359300,0.0,0.0,0.0,ICLN,iShares Global Clean Energy ETF
2023-05-30 00:00:00-04:00,17.77729983161855,18.007550653668563,17.652579492672164,17.786893844604492,2596400,0.0,0.0,0.0,ICLN,iShares Global Clean Energy ETF
2023-05-31 00:00:00-04:00,17.73892685417868,17.73892685417868,17.403143660956356,17.595020294189453,2878800,0.0,0.0,0.0,ICLN,iShares Global Clean Energy ETF
2023-06-01 00:00:00-04:00,17.681358862367944,17.9787659005507,17.537452349045356,17.911609649658203,3202000,0.0,0.0,0.0,ICLN,iShares Global Clean Energy ETF
2023-06-02 00:00:00-04:00,18.065113443006855,18.132269706049815,17.85405064060455,18.007551193237305,3634700,0.0,0.0,0.0,ICLN,iShares Global Clean Energy ETF
2023-06-05 00:00:00-04:00,17.921207328223197,18.045925843990446,17.854051063589218,17.94039535522461,3783000,0.0,0.0,0.0,ICLN,iShares Global Clean Energy ETF
2023-06-06 00:00:00-04:00,17.9691754383643,18.122675993544583,17.76770664589179,17.949987411499023,2860600,0.0,0.0,0.0,ICLN,iShares Global Clean Energy ETF
2023-06-07 00:00:00-04:00,18.09003304815934,18.099691589290302,17.84857504642039,17.896867752075195,3937400,0.125,0.0,0.0,ICLN,iShares Global Clean Energy ETF
2023-06-08 00:00:00-04:00,17.964475086365177,18.02242448900019,17.84857443891686,17.945158004760742,1465400,0.0,0.0,0.0,ICLN,iShares Global Clean Energy ETF
2023-06-09 00:00:00-04:00,18.061058441075147,18.080373680275493,17.83891568957758,17.867891311645508,2002600,0.0,0.0,0.0,ICLN,iShares Global Clean Energy ETF
2023-06-12 00:00:00-04:00,17.877549459723323,18.061058044433594,17.742333577399037,18.061058044433594,1936500,0.0,0.0,0.0,ICLN,iShares Global Clean Energy ETF
2023-06-13 00:00:00-04:00,18.157640247732246,18.27354089436263,17.99344873960987,18.080373764038086,2877800,0.0,0.0,0.0,ICLN,iShares Global Clean Energy ETF
2023-06-14 00:00:00-04:00,18.263884147124465,18.263884147124465,17.838917523986126,17.935501098632812,2679900,0.0,0.0,0.0,ICLN,iShares Global Clean Energy ETF
2023-06-15 00:00:00-04:00,18.012766029884823,18.254224024500378,17.935499545294977,18.225250244140625,2666500,0.0,0.0,0.0,ICLN,iShares Global Clean Energy ETF
2023-06-16 00:00:00-04:00,18.31217431772134,18.370125565614995,18.022425446966636,18.119009017944336,2680700,0.0,0.0,0.0,ICLN,iShares Global Clean Energy ETF
2023-06-20 00:00:00-04:00,18.05140224671062,18.05140224671062,17.665069779814043,17.74233627319336,3361300,0.0,0.0,0.0,ICLN,iShares Global Clean Energy ETF
2023-06-21 00:00:00-04:00,17.67472573556102,17.703701360175472,17.558826921460074,17.645751953125,3056200,0.0,0.0,0.0,ICLN,iShares Global Clean Energy ETF
2023-06-22 00:00:00-04:00,17.578142774634927,17.607116555043717,17.356000019157126,17.462242126464844,3102000,0.0,0.0,0.0,ICLN,iShares Global Clean Energy ETF
2023-06-23 00:00:00-04:00,17.23044429676494,17.2690766216783,17.143519262986786,17.172494888305664,3519900,0.0,0.0,0.0,ICLN,iShares Global Clean Energy ETF
2023-06-26 00:00:00-04:00,17.230441500577122,17.413950080126284,17.172492101521982,17.211124420166016,2422800,0.0,0.0,0.0,ICLN,iShares Global Clean Energy ETF
2023-06-27 00:00:00-04:00,17.365657806396484,17.384974887282905,17.20146630321835,17.365657806396484,2359000,0.0,0.0,0.0,ICLN,iShares Global Clean Energy ETF
2023-06-28 00:00:00-04:00,17.384974346003183,17.52019022364175,17.288390786756423,17.413949966430664,2209800,0.0,0.0,0.0,ICLN,iShares Global Clean Energy ETF
2023-06-29 00:00:00-04:00,17.327024733292244,17.491216229330096,17.24975825528491,17.33668327331543,2673000,0.0,0.0,0.0,ICLN,iShares Global Clean Energy ETF
2023-06-30 00:00:00-04:00,17.55882463197854,17.79062407213471,17.49121669220526,17.77130699157715,3031000,0.0,0.0,0.0,ICLN,iShares Global Clean Energy ETF
2023-07-03 00:00:00-04:00,17.742333212919,17.95481557251761,17.742333212919,17.77130699157715,1036900,0.0,0.0,0.0,ICLN,iShares Global Clean Energy ETF
2023-07-05 00:00:00-04:00,17.703700949266768,17.703700949266768,17.46224294295261,17.49121856689453,2783300,0.0,0.0,0.0,ICLN,iShares Global Clean Energy ETF
2023-07-06 00:00:00-04:00,17.327029601690064,17.327029601690064,17.008305060085103,17.095230102539062,3438900,0.0,0.0,0.0,ICLN,iShares Global Clean Energy ETF
2023-07-07 00:00:00-04:00,17.182153019954303,17.43326773134342,17.1242017706998,17.298051834106445,2694500,0.0,0.0,0.0,ICLN,iShares Global Clean Energy ETF
2023-07-10 00:00:00-04:00,17.413951200536328,17.55882562858446,17.2111255275263,17.529850006103516,2113600,0.0,0.0,0.0,ICLN,iShares Global Clean Energy ETF
2023-07-11 00:00:00-04:00,17.549167023961125,17.6264335081178,17.433266376636972,17.597457885742188,2869500,0.0,0.0,0.0,ICLN,iShares Global Clean Energy ETF
2023-07-12 00:00:00-04:00,17.91618367498081,18.022425789292125,17.819601944346992,17.993450164794922,6515000,0.0,0.0,0.0,ICLN,iShares Global Clean Energy ETF
2023-07-13 00:00:00-04:00,18.19627319812245,18.28319821675824,18.1190067195771,18.244564056396484,1941800,0.0,0.0,0.0,ICLN,iShares Global Clean Energy ETF
2023-07-14 00:00:00-04:00,18.176958559891727,18.283200672981295,17.945159093115002,17.983793258666992,2366200,0.0,0.0,0.0,ICLN,iShares Global Clean Energy ETF
2023-07-17 00:00:00-04:00,18.003108164230966,18.4763656303652,17.89686789529691,18.389442443847656,2821800,0.0,0.0,0.0,ICLN,iShares Global Clean Energy ETF
2023-07-18 00:00:00-04:00,18.457051008927298,18.563291281423215,18.23490823804652,18.273542404174805,2776700,0.0,0.0,0.0,ICLN,iShares Global Clean Energy ETF
2023-07-19 00:00:00-04:00,18.38944271845181,18.486024447619837,18.263883523047937,18.331491470336914,2283700,0.0,0.0,0.0,ICLN,iShares Global Clean Energy ETF
2023-07-20 00:00:00-04:00,18.244567470874895,18.244567470874895,18.012767991857476,18.09003448486328,2925200,0.0,0.0,0.0,ICLN,iShares Global Clean Energy ETF
2023-07-21 00:00:00-04:00,18.196274959064297,18.20593350008944,18.00310782291812,18.09969139099121,3025700,0.0,0.0,0.0,ICLN,iShares Global Clean Energy ETF
2023-07-24 00:00:00-04:00,18.13832500844242,18.176957329200356,17.99344873960987,18.080373764038086,1882500,0.0,0.0,0.0,ICLN,iShares Global Clean Energy ETF
2023-07-25 00:00:00-04:00,18.138327194353476,18.196276603563206,18.06106070134767,18.09003448486328,1424900,0.0,0.0,0.0,ICLN,iShares Global Clean Energy ETF
2023-07-26 00:00:00-04:00,17.800283244401886,18.08037355371821,17.771307622536778,18.00310707092285,1857000,0.0,0.0,0.0,ICLN,iShares Global Clean Energy ETF
2023-07-27 00:00:00-04:00,17.97413311689526,17.97413311689526,17.500875684091785,17.578142166137695,2885400,0.0,0.0,0.0,ICLN,iShares Global Clean Energy ETF
2023-07-28 00:00:00-04:00,17.674725257499347,17.694042340053166,17.327026982422534,17.558826446533203,3832600,0.0,0.0,0.0,ICLN,iShares Global Clean Energy ETF
2023-07-31 00:00:00-04:00,17.674726007796934,17.84857607380452,17.58780097479314,17.655410766601562,1994400,0.0,0.0,0.0,ICLN,iShares Global Clean Energy ETF
2023-08-01 00:00:00-04:00,17.52985040958685,17.607116895802843,17.39463451925344,17.404293060302734,1507600,0.0,0.0,0.0,ICLN,iShares Global Clean Energy ETF
2023-08-02 00:00:00-04:00,17.07590952217633,17.07590952217633,16.641284398860304,16.689577102661133,4603700,0.0,0.0,0.0,ICLN,iShares Global Clean Energy ETF
2023-08-03 00:00:00-04:00,16.80547645655828,16.86342586083453,16.62196786047542,16.641284942626953,2397800,0.0,0.0,0.0,ICLN,iShares Global Clean Energy ETF
2023-08-04 00:00:00-04:00,16.76684454440112,16.83445249140622,16.49641091420232,16.515727996826172,1997500,0.0,0.0,0.0,ICLN,iShares Global Clean Energy ETF
2023-08-07 00:00:00-04:00,16.612313014130162,16.612313014130162,16.34187936038586,16.428804397583008,2508700,0.0,0.0,0.0,ICLN,iShares Global Clean Energy ETF
2023-08-08 00:00:00-04:00,16.322559839062325,16.419143403992052,16.235634814843397,16.40948486328125,2776600,0.0,0.0,0.0,ICLN,iShares Global Clean Energy ETF
2023-08-09 00:00:00-04:00,16.52538619959633,16.67026063195054,16.457778253976254,16.57367706298828,2692700,0.0,0.0,0.0,ICLN,iShares Global Clean Energy ETF
2023-08-10 00:00:00-04:00,16.55435990546326,16.679919097196603,16.332218987385314,16.361194610595703,2515500,0.0,0.0,0.0,ICLN,iShares Global Clean Energy ETF
2023-08-11 00:00:00-04:00,16.303245066808206,16.303245066808206,16.18734624621942,16.2839298248291,2292100,0.0,0.0,0.0,ICLN,iShares Global Clean Energy ETF
2023-08-14 00:00:00-04:00,16.235634940860834,16.293586185575442,15.974861708358269,16.274269104003906,2980900,0.0,0.0,0.0,ICLN,iShares Global Clean Energy ETF
2023-08-15 00:00:00-04:00,16.13905246015304,16.15836954302319,15.791354179382324,15.791354179382324,3528900,0.0,0.0,0.0,ICLN,iShares Global Clean Energy ETF
2023-08-16 00:00:00-04:00,15.743061474188023,15.829986504936244,15.59818703700046,15.617504119873047,2586500,0.0,0.0,0.0,ICLN,iShares Global Clean Energy ETF
2023-08-17 00:00:00-04:00,15.665794467391839,15.665794467391839,15.414678845967716,15.424337387084961,2597700,0.0,0.0,0.0,ICLN,iShares Global Clean Energy ETF
2023-08-18 00:00:00-04:00,15.289120304570217,15.472628898198776,15.25048706187302,15.414678573608398,3419100,0.0,0.0,0.0,ICLN,iShares Global Clean Energy ETF
2023-08-21 00:00:00-04:00,15.414679698065891,15.443654401930123,15.289121419868586,15.38570499420166,2479200,0.0,0.0,0.0,ICLN,iShares Global Clean Energy ETF
2023-08-22 00:00:00-04:00,15.46297110931234,15.472629650728685,15.250487803598793,15.33741283416748,2210600,0.0,0.0,0.0,ICLN,iShares Global Clean Energy ETF
2023-08-23 00:00:00-04:00,15.45331084536909,15.617502346788266,15.39536052441975,15.588526725769043,1788300,0.0,0.0,0.0,ICLN,iShares Global Clean Energy ETF
2023-08-24 00:00:00-04:00,15.617503532861184,15.627162073934443,15.318095207214355,15.318095207214355,2141300,0.0,0.0,0.0,ICLN,iShares Global Clean Energy ETF
2023-08-25 00:00:00-04:00,15.395361730523026,15.530578542605237,15.356728487226563,15.49194622039795,1523100,0.0,0.0,0.0,ICLN,iShares Global Clean Energy ETF
2023-08-28 00:00:00-04:00,15.569212095234194,15.627161497357312,15.482287070960377,15.540236473083496,1308400,0.0,0.0,0.0,ICLN,iShares Global Clean Energy ETF
2023-08-29 00:00:00-04:00,15.559553116768425,15.974861145019531,15.549894576323258,15.974861145019531,2461400,0.0,0.0,0.0,ICLN,iShares Global Clean Energy ETF
2023-08-30 00:00:00-04:00,15.762377869528642,15.762377869528642,15.598186356630288,15.627161979675293,2328200,0.0,0.0,0.0,ICLN,iShares Global Clean Energy ETF
2023-08-31 00:00:00-04:00,15.578869476804709,15.675453046029984,15.511261531000523,15.53057861328125,2022600,0.0,0.0,0.0,ICLN,iShares Global Clean Energy ETF
2023-09-01 00:00:00-04:00,15.665794230011398,15.762377797541982,15.47262893712856,15.520919799804688,1858100,0.0,0.0,0.0,ICLN,iShares Global Clean Energy ETF
2023-09-05 00:00:00-04:00,15.385703969565599,15.433994832426897,15.279461860656738,15.279461860656738,2140800,0.0,0.0,0.0,ICLN,iShares Global Clean Energy ETF
2023-09-06 00:00:00-04:00,15.260146208619513,15.26980474994953,14.980054957673431,15.018688201904297,2727900,0.0,0.0,0.0,ICLN,iShares Global Clean Energy ETF
2023-09-07 00:00:00-04:00,14.873811826773824,14.931762149696718,14.738595941768967,14.912445068359375,3515400,0.0,0.0,0.0,ICLN,iShares Global Clean Energy ETF
2023-09-08 00:00:00-04:00,14.922103881835938,14.970395664973037,14.86415447894274,14.922103881835938,1966800,0.0,0.0,0.0,ICLN,iShares Global Clean Energy ETF
2023-09-11 00:00:00-04:00,14.989712002000532,15.076636102022087,14.941420221262485,14.999369621276855,2122600,0.0,0.0,0.0,ICLN,iShares Global Clean Energy ETF
2023-09-12 00:00:00-04:00,14.8834706480737,15.115270101957632,14.873812107222916,15.095953941345215,1954300,0.0,0.0,0.0,ICLN,iShares Global Clean Energy ETF
2023-09-13 00:00:00-04:00,15.066979336253432,15.144245821375621,14.931762526745022,14.960737228393555,1778200,0.0,0.0,0.0,ICLN,iShares Global Clean Energy ETF
2023-09-14 00:00:00-04:00,15.095953618096182,15.327753067016602,15.095953618096182,15.327753067016602,2327500,0.0,0.0,0.0,ICLN,iShares Global Clean Energy ETF
2023-09-15 00:00:00-04:00,15.231171266586157,15.318095373923983,15.08629591217808,15.115270614624023,1604800,0.0,0.0,0.0,ICLN,iShares Global Clean Energy ETF
2023-09-18 00:00:00-04:00,15.086294872858192,15.086294872858192,14.893128668044147,14.902787208557129,1632200,0.0,0.0,0.0,ICLN,iShares Global Clean Energy ETF
2023-09-19 00:00:00-04:00,14.92210398583246,15.095954037901965,14.92210398583246,14.960737228393555,1560400,0.0,0.0,0.0,ICLN,iShares Global Clean Energy ETF
2023-09-20 00:00:00-04:00,15.095953900955857,15.202195086762789,14.980054174323982,14.989712715148926,1964700,0.0,0.0,0.0,ICLN,iShares Global Clean Energy ETF
2023-09-21 00:00:00-04:00,14.806204760012934,14.825521842492822,14.69030502840117,14.699963569641113,2034000,0.0,0.0,0.0,ICLN,iShares Global Clean Energy ETF
2023-09-22 00:00:00-04:00,14.767570928153491,14.77722946900887,14.5744047164917,14.5744047164917,1922400,0.0,0.0,0.0,ICLN,iShares Global Clean Energy ETF
2023-09-25 00:00:00-04:00,14.390897000925573,14.574405603995842,14.371580839127718,14.46816349029541,2244800,0.0,0.0,0.0,ICLN,iShares Global Clean Energy ETF
2023-09-26 00:00:00-04:00,14.284655535368806,14.332947320574515,14.168755803528617,14.178414344787598,3060700,0.0,0.0,0.0,ICLN,iShares Global Clean Energy ETF
2023-09-27 00:00:00-04:00,14.246021808746926,14.332946834954223,14.05285559555802,14.0914888381958,2788600,0.0,0.0,0.0,ICLN,iShares Global Clean Energy ETF
2023-09-28 00:00:00-04:00,14.149438072636888,14.19772985562971,13.946613320938358,14.120463371276855,3229500,0.0,0.0,0.0,ICLN,iShares Global Clean Energy ETF
2023-09-29 00:00:00-04:00,14.284654880798959,14.41987168896103,14.052855427740395,14.120463371276855,1921600,0.0,0.0,0.0,ICLN,iShares Global Clean Energy ETF
2023-10-02 00:00:00-04:00,13.965930861271929,14.014222645850857,13.550622803417983,13.579598426818848,3769700,0.0,0.0,0.0,ICLN,iShares Global Clean Energy ETF
2023-10-03 00:00:00-04:00,13.357456750400209,13.367115291652567,13.135315828131112,13.202923774719238,5485600,0.0,0.0,0.0,ICLN,iShares Global Clean Energy ETF
2023-10-04 00:00:00-04:00,13.260873385031168,13.338140795155182,13.009757756212638,13.280190467834473,5034300,0.0,0.0,0.0,ICLN,iShares Global Clean Energy ETF
2023-10-05 00:00:00-04:00,13.280190572302004,13.318823817123313,13.058049644851774,13.144973754882812,5074200,0.0,0.0,0.0,ICLN,iShares Global Clean Energy ETF
2023-10-06 00:00:00-04:00,12.94214789687075,13.39608917602153,12.893857035737183,13.347797393798828,5884000,0.0,0.0,0.0,ICLN,iShares Global Clean Energy ETF
2023-10-09 00:00:00-04:00,13.231897669117824,13.376773015785929,13.202922968219857,13.347797393798828,1910700,0.0,0.0,0.0,ICLN,iShares Global Clean Energy ETF
2023-10-10 00:00:00-04:00,13.46369781469268,13.898322956082488,13.444381653458233,13.859689712524414,6692000,0.0,0.0,0.0,ICLN,iShares Global Clean Energy ETF
2023-10-11 00:00:00-04:00,14.04319725606398,14.130122283518142,13.859689581174548,13.994905471801758,4299100,0.0,0.0,0.0,ICLN,iShares Global Clean Energy ETF
2023-10-12 00:00:00-04:00,14.01422355727602,14.05285680323387,13.57959930997791,13.647207260131836,4233800,0.0,0.0,0.0,ICLN,iShares Global Clean Energy ETF
2023-10-13 00:00:00-04:00,13.685838960356834,13.734130742622192,13.502330371966309,13.521647453308105,3163300,0.0,0.0,0.0,ICLN,iShares Global Clean Energy ETF
2023-10-16 00:00:00-04:00,13.531306780374276,13.76310624341245,13.434723210230443,13.724472999572754,2699200,0.0,0.0,0.0,ICLN,iShares Global Clean Energy ETF
2023-10-17 00:00:00-04:00,13.560281015642065,13.936955820914319,13.521647773133822,13.811397552490234,2653800,0.0,0.0,0.0,ICLN,iShares Global Clean Energy ETF
2023-10-18 00:00:00-04:00,13.66652315472194,13.676181696294417,13.454040766662738,13.463698387145996,2739100,0.0,0.0,0.0,ICLN,iShares Global Clean Energy ETF
2023-10-19 00:00:00-04:00,13.473355616226206,13.48301415685781,13.212581466796864,13.241556167602539,3642900,0.0,0.0,0.0,ICLN,iShares Global Clean Energy ETF
2023-10-20 00:00:00-04:00,12.758640768445128,13.029073470786066,12.710348984183382,12.845565795898438,6614000,0.0,0.0,0.0,ICLN,iShares Global Clean Energy ETF
2023-10-23 00:00:00-04:00,12.720006880501666,12.93249016782949,12.594448616221094,12.787614822387695,4051000,0.0,0.0,0.0,ICLN,iShares Global Clean Energy ETF
2023-10-24 00:00:00-04:00,12.90351544220963,13.144973446958915,12.893857822047444,13.029073715209961,2403500,0.0,0.0,0.0,ICLN,iShares Global Clean Energy ETF
2023-10-25 00:00:00-04:00,12.86488147382136,12.874540014528826,12.63308202337699,12.75864028930664,2257200,0.0,0.0,0.0,ICLN,iShares Global Clean Energy ETF
2023-10-26 00:00:00-04:00,12.806932824089936,13.000099044141004,12.797274282815083,12.855224609375,2829200,0.0,0.0,0.0,ICLN,iShares Global Clean Energy ETF
2023-10-27 00:00:00-04:00,12.758640407304226,12.787615108605458,12.430257388926433,12.44957447052002,4788600,0.0,0.0,0.0,ICLN,iShares Global Clean Energy ETF
2023-10-30 00:00:00-04:00,12.575132874933436,12.671715520688625,12.285383095489552,12.420598983764648,6265400,0.0,0.0,0.0,ICLN,iShares Global Clean Energy ETF
2023-10-31 00:00:00-04:00,12.430257698932945,12.575133051230546,12.420599157895271,12.565474510192871,4608300,0.0,0.0,0.0,ICLN,iShares Global Clean Energy ETF
2023-11-01 00:00:00-04:00,12.51718186474603,12.54615656477604,12.295040041611673,12.430256843566895,2943900,0.0,0.0,0.0,ICLN,iShares Global Clean Energy ETF
2023-11-02 00:00:00-04:00,12.584790281702883,12.88419859698045,12.575132662053264,12.86488151550293,3786300,0.0,0.0,0.0,ICLN,iShares Global Clean Energy ETF
2023-11-03 00:00:00-04:00,13.212582315971597,13.357456750400209,13.125657286878754,13.202923774719238,2526200,0.0,0.0,0.0,ICLN,iShares Global Clean Energy ETF
2023-11-06 00:00:00-05:00,13.26087193007284,13.270530470414775,12.980780707780445,13.019413948059082,3122200,0.0,0.0,0.0,ICLN,iShares Global Clean Energy ETF
2023-11-07 00:00:00-05:00,12.94214916229248,13.000099490843656,12.816591805761844,12.94214916229248,2857400,0.0,0.0,0.0,ICLN,iShares Global Clean Energy ETF
2023-11-08 00:00:00-05:00,12.951807189748088,12.97112427219472,12.691033024342875,12.748982429504395,2607400,0.0,0.0,0.0,ICLN,iShares Global Clean Energy ETF
2023-11-09 00:00:00-05:00,12.826249296268685,12.922832869178569,12.60410836810085,12.623424530029297,2142800,0.0,0.0,0.0,ICLN,iShares Global Clean Energy ETF
2023-11-10 00:00:00-05:00,12.478549483032145,12.575133051230546,12.410941537946767,12.565474510192871,3002300,0.0,0.0,0.0,ICLN,iShares Global Clean Energy ETF
2023-11-13 00:00:00-05:00,12.420599157895271,12.633082455278249,12.420599157895271,12.565474510192871,1760100,0.0,0.0,0.0,ICLN,iShares Global Clean Energy ETF
2023-11-14 00:00:00-05:00,12.990441262018708,13.511990547180176,12.797275030679137,13.511990547180176,6302200,0.0,0.0,0.0,ICLN,iShares Global Clean Energy ETF
2023-11-15 00:00:00-05:00,13.54096518337354,13.821056428624319,13.463697775393745,13.579598426818848,5864700,0.0,0.0,0.0,ICLN,iShares Global Clean Energy ETF
2023-11-16 00:00:00-05:00,13.434722627727508,13.589255596386048,13.396089385562874,13.425064086914062,4600800,0.0,0.0,0.0,ICLN,iShares Global Clean Energy ETF
2023-11-17 00:00:00-05:00,13.608574123394584,13.608574123394584,13.357457562108518,13.511990547180176,2771600,0.0,0.0,0.0,ICLN,iShares Global Clean Energy ETF
2023-11-20 00:00:00-05:00,13.608572426651863,13.811397174542149,13.463697080393583,13.763105392456055,2850700,0.0,0.0,0.0,ICLN,iShares Global Clean Energy ETF
2023-11-21 00:00:00-05:00,13.637548311650324,13.714814801261664,13.454040629095697,13.492673873901367,2922400,0.0,0.0,0.0,ICLN,iShares Global Clean Energy ETF
2023-11-22 00:00:00-05:00,13.540965283740938,13.589256147588626,13.405748470135526,13.444381713867188,2762100,0.0,0.0,0.0,ICLN,iShares Global Clean Energy ETF
2023-11-24 00:00:00-05:00,13.40574836730957,13.463697771917984,13.367115123874235,13.40574836730957,2192800,0.0,0.0,0.0,ICLN,iShares Global Clean Energy ETF
2023-11-27 00:00:00-05:00,13.338139427996465,13.40574736869981,13.28018910661566,13.299506187438965,2791500,0.0,0.0,0.0,ICLN,iShares Global Clean Energy ETF
2023-11-28 00:00:00-05:00,13.260872009917492,13.511988533785177,13.20292260969517,13.473355293273926,3638000,0.0,0.0,0.0,ICLN,iShares Global Clean Energy ETF
2023-11-29 00:00:00-05:00,13.608572279171776,13.782422324361994,13.57959757866978,13.618230819702148,4566900,0.0,0.0,0.0,ICLN,iShares Global Clean Energy ETF
2023-11-30 00:00:00-05:00,13.647206511893364,13.782423325876891,13.531306780374276,13.724472999572754,2900000,0.0,0.0,0.0,ICLN,iShares Global Clean Energy ETF
2023-12-01 00:00:00-05:00,13.637547546385003,14.0914888381958,13.550622520177704,14.0914888381958,3039200,0.0,0.0,0.0,ICLN,iShares Global Clean Energy ETF
2023-12-04 00:00:00-05:00,14.02388051790513,14.178413484313594,13.98524635521388,14.043196678161621,4470500,0.0,0.0,0.0,ICLN,iShares Global Clean Energy ETF
2023-12-05 00:00:00-05:00,13.95627246430401,14.043197493226167,13.85968981523765,13.898323059082031,3233800,0.0,0.0,0.0,ICLN,iShares Global Clean Energy ETF
2023-12-06 00:00:00-05:00,13.965931003843147,14.004564247682843,13.714814458340532,13.724472999572754,4509700,0.0,0.0,0.0,ICLN,iShares Global Clean Energy ETF
2023-12-07 00:00:00-05:00,13.763105392456055,13.811397174542149,13.676180368918914,13.763105392456055,2659400,0.0,0.0,0.0,ICLN,iShares Global Clean Energy ETF
2023-12-08 00:00:00-05:00,13.743788849732402,13.859689499716211,13.53130647397014,13.608572959899902,2718900,0.0,0.0,0.0,ICLN,iShares Global Clean Energy ETF
2023-12-11 00:00:00-05:00,13.550623684692594,13.685840506089685,13.531307522258288,13.647207260131836,3400700,0.0,0.0,0.0,ICLN,iShares Global Clean Energy ETF
2023-12-12 00:00:00-05:00,13.550623075010224,13.569940157664636,13.23189857992601,13.415407180786133,4558800,0.0,0.0,0.0,ICLN,iShares Global Clean Energy ETF
2023-12-13 00:00:00-05:00,13.280190012206242,13.994905471801758,13.2415567690143,13.994905471801758,6208600,0.0,0.0,0.0,ICLN,iShares Global Clean Energy ETF
2023-12-14 00:00:00-05:00,14.323288884804423,14.864155225131228,14.303972723233393,14.670988082885742,7358600,0.0,0.0,0.0,ICLN,iShares Global Clean Energy ETF
2023-12-15 00:00:00-05:00,14.719279935600477,14.87381291323053,14.603380202377938,14.777230262756348,7381200,0.0,0.0,0.0,ICLN,iShares Global Clean Energy ETF
2023-12-18 00:00:00-05:00,14.593720877113302,14.767570928153491,14.477821150116227,14.5744047164917,4347300,0.0,0.0,0.0,ICLN,iShares Global Clean Energy ETF
2023-12-19 00:00:00-05:00,14.748255123371623,14.980054582958532,14.632354472488993,14.970396041870117,4400200,0.0,0.0,0.0,ICLN,iShares Global Clean Energy ETF
2023-12-20 00:00:00-05:00,14.895431509389375,14.944109575223555,14.496273040771484,14.496273040771484,10795700,0.123,0.0,0.0,ICLN,iShares Global Clean Energy ETF
2023-12-21 00:00:00-05:00,14.798076209144178,15.012259153774213,14.778605538790684,14.963581085205078,8553700,0.0,0.0,0.0,ICLN,iShares Global Clean Energy ETF
2023-12-22 00:00:00-05:00,14.992787124391853,15.080407459608576,14.895431918506423,14.983052253723145,2675800,0.0,0.0,0.0,ICLN,iShares Global Clean Energy ETF
2023-12-26 00:00:00-05:00,14.96358031383343,15.226441313482134,14.96358031383343,15.187499046325684,3208900,0.0,0.0,0.0,ICLN,iShares Global Clean Energy ETF
2023-12-27 00:00:00-05:00,15.245913007694774,15.284855277469008,15.177764267704106,15.226442337036133,2918700,0.0,0.0,0.0,ICLN,iShares Global Clean Energy ETF
2023-12-28 00:00:00-05:00,15.206970159166772,15.39194662989717,15.197234359979506,15.314061164855957,3091700,0.0,0.0,0.0,ICLN,iShares Global Clean Energy ETF
2023-12-29 00:00:00-05:00,15.36273895365071,15.36273895365071,15.148556946157665,15.158291816711426,3292500,0.0,0.0,0.0,ICLN,iShares Global Clean Energy ETF
2024-01-02 00:00:00-05:00,14.934374186551976,15.245912330916408,14.895431918506423,14.983052253723145,4067800,0.0,0.0,0.0,ICLN,iShares Global Clean Energy ETF
2024-01-03 00:00:00-05:00,14.700721150062932,14.729927620118856,14.4281243346845,14.64230728149414,4564700,0.0,0.0,0.0,ICLN,iShares Global Clean Energy ETF
2024-01-04 00:00:00-05:00,14.593628173262301,14.613099770884366,14.437859106113287,14.457330703735352,3894400,0.0,0.0,0.0,ICLN,iShares Global Clean Energy ETF
2024-01-05 00:00:00-05:00,14.369710990811335,14.67151333930868,14.311297123883861,14.408653259277344,3789800,0.0,0.0,0.0,ICLN,iShares Global Clean Energy ETF
2024-01-08 00:00:00-05:00,14.418388742408439,14.554686214822913,14.321032609149329,14.50600814819336,3119300,0.0,0.0,0.0,ICLN,iShares Global Clean Energy ETF
2024-01-09 00:00:00-05:00,14.359974572538778,14.544950107664015,14.311296506940492,14.457330703735352,2416900,0.0,0.0,0.0,ICLN,iShares Global Clean Energy ETF
2024-01-10 00:00:00-05:00,14.496272970522606,14.53521523730986,14.291825837775304,14.457330703735352,7504700,0.0,0.0,0.0,ICLN,iShares Global Clean Energy ETF
2024-01-11 00:00:00-05:00,14.37944675210138,14.398917422054552,14.087379275148479,14.262619018554688,6935900,0.0,0.0,0.0,ICLN,iShares Global Clean Energy ETF
2024-01-12 00:00:00-05:00,14.35997521037078,14.48653781516515,14.126321599268985,14.15552806854248,2612800,0.0,0.0,0.0,ICLN,iShares Global Clean Energy ETF
2024-01-16 00:00:00-05:00,13.980287702594113,13.999759301508092,13.649278877168893,13.659013748168945,10521800,0.0,0.0,0.0,ICLN,iShares Global Clean Energy ETF
2024-01-17 00:00:00-05:00,13.366945721547271,13.40588891779585,13.259854717234383,13.347475051879883,4477400,0.0,0.0,0.0,ICLN,iShares Global Clean Energy ETF
2024-01-18 00:00:00-05:00,13.503243760067834,13.512979558868272,13.328003095487455,13.405888557434082,3770200,0.0,0.0,0.0,ICLN,iShares Global Clean Energy ETF
2024-01-19 00:00:00-05:00,13.405889249315113,13.425359919463999,13.13329243957532,13.396153450012207,4478000,0.0,0.0,0.0,ICLN,iShares Global Clean Energy ETF
2024-01-22 00:00:00-05:00,13.40588900119671,13.843989748692827,13.357210934040053,13.532450675964355,3623300,0.0,0.0,0.0,ICLN,iShares Global Clean Energy ETF
2024-01-23 00:00:00-05:00,13.766105753283716,13.83425449290541,13.551922806456604,13.697956085205078,3054100,0.0,0.0,0.0,ICLN,iShares Global Clean Energy ETF
2024-01-24 00:00:00-05:00,13.941345025432405,13.980287293664347,13.571393013000488,13.571393013000488,2201300,0.0,0.0,0.0,ICLN,iShares Global Clean Energy ETF
2024-01-25 00:00:00-05:00,13.649279071420096,13.688221341345331,13.415624523411745,13.629807472229004,3117700,0.0,0.0,0.0,ICLN,iShares Global Clean Energy ETF
2024-01-26 00:00:00-05:00,13.610335406533947,13.697955742976712,13.493508600762569,13.503244400024414,2225600,0.0,0.0,0.0,ICLN,iShares Global Clean Energy ETF
2024-01-29 00:00:00-05:00,13.49350893788305,13.697956085205078,13.337739859629492,13.697956085205078,3184300,0.0,0.0,0.0,ICLN,iShares Global Clean Energy ETF
2024-01-30 00:00:00-05:00,13.542186405835956,13.620070941505565,13.444831200477394,13.493508338928223,2419900,0.0,0.0,0.0,ICLN,iShares Global Clean Energy ETF
2024-01-31 00:00:00-05:00,13.542187058192908,13.921874884215336,13.43509604860261,13.444831848144531,5255400,0.0,0.0,0.0,ICLN,iShares Global Clean Energy ETF
2024-02-01 00:00:00-05:00,13.766104647609673,13.980286648777046,13.63954204957975,13.87319564819336,4473800,0.0,0.0,0.0,ICLN,iShares Global Clean Energy ETF
2024-02-02 00:00:00-05:00,13.610334396362305,13.649277590519283,13.444830463479397,13.610334396362305,3799300,0.0,0.0,0.0,ICLN,iShares Global Clean Energy ETF
2024-02-05 00:00:00-05:00,13.376681451010382,13.386417250021871,13.152763644487507,13.30853271484375,4759700,0.0,0.0,0.0,ICLN,iShares Global Clean Energy ETF
2024-02-06 00:00:00-05:00,13.298797325025793,13.542186737060547,13.250119256927459,13.542186737060547,2818900,0.0,0.0,0.0,ICLN,iShares Global Clean Energy ETF
2024-02-07 00:00:00-05:00,13.921874932810539,14.05817241304541,13.73689845469614,13.882932662963867,5565200,0.0,0.0,0.0,ICLN,iShares Global Clean Energy ETF
2024-02-08 00:00:00-05:00,13.83425445887807,13.863460928864537,13.707691850994118,13.805047988891602,3019400,0.0,0.0,0.0,ICLN,iShares Global Clean Energy ETF
2024-02-09 00:00:00-05:00,13.80504763984423,14.048437049977128,13.775840242139301,14.00949478149414,5095200,0.0,0.0,0.0,ICLN,iShares Global Clean Energy ETF
2024-02-12 00:00:00-05:00,14.028966114111325,14.379447475468764,13.980288044094241,14.252884864807129,6203300,0.0,0.0,0.0,ICLN,iShares Global Clean Energy ETF
2024-02-13 00:00:00-05:00,13.795311596519756,13.97055226582101,13.65901319501246,13.746633529663086,5693400,0.0,0.0,0.0,ICLN,iShares Global Clean Energy ETF
2024-02-14 00:00:00-05:00,13.95108017580564,14.13605663764767,13.882931441683244,14.126320838928223,3820100,0.0,0.0,0.0,ICLN,iShares Global Clean Energy ETF
2024-02-15 00:00:00-05:00,14.233412685716559,14.437859828695984,14.17499974684068,14.340503692626953,4258600,0.0,0.0,0.0,ICLN,iShares Global Clean Energy ETF
2024-02-16 00:00:00-05:00,14.14579150791025,14.28208990461191,14.067906975068405,14.126320838928223,5313000,0.0,0.0,0.0,ICLN,iShares Global Clean Energy ETF
2024-02-20 00:00:00-05:00,13.98028724620387,14.058171782403353,13.863460441904646,13.931610107421875,4391700,0.0,0.0,0.0,ICLN,iShares Global Clean Energy ETF
2024-02-21 00:00:00-05:00,13.707691070031563,13.824517871778454,13.6687488027826,13.775839805603027,3308500,0.0,0.0,0.0,ICLN,iShares Global Clean Energy ETF
2024-02-22 00:00:00-05:00,13.746632767276287,13.756368565799054,13.464301109313965,13.464301109313965,3380900,0.0,0.0,0.0,ICLN,iShares Global Clean Energy ETF
2024-02-23 00:00:00-05:00,13.43509558100611,13.454566250955347,13.289061378330713,13.318268775939941,4172100,0.0,0.0,0.0,ICLN,iShares Global Clean Energy ETF
2024-02-26 00:00:00-05:00,13.269590944019905,13.435095819583537,13.211177076221064,13.328003883361816,4601700,0.0,0.0,0.0,ICLN,iShares Global Clean Energy ETF
2024-02-27 00:00:00-05:00,13.454565310791196,13.503243374948186,13.366944980999984,13.464301109313965,3315200,0.0,0.0,0.0,ICLN,iShares Global Clean Energy ETF
2024-02-28 00:00:00-05:00,13.405889111853796,13.512980117716888,13.298797177533789,13.318268775939941,3052400,0.0,0.0,0.0,ICLN,iShares Global Clean Energy ETF
2024-02-29 00:00:00-05:00,13.571393206536777,13.727163210142836,13.425359930698695,13.542186737060547,3053100,0.0,0.0,0.0,ICLN,iShares Global Clean Energy ETF
2024-03-01 00:00:00-05:00,13.590864717368177,13.81478252933442,13.503244381048544,13.756369590759277,2745000,0.0,0.0,0.0,ICLN,iShares Global Clean Energy ETF
2024-03-04 00:00:00-05:00,13.746633880308016,13.746633880308016,13.474037998797032,13.542186737060547,3810500,0.0,0.0,0.0,ICLN,iShares Global Clean Energy ETF
2024-03-05 00:00:00-05:00,13.45456633217211,13.629807005057637,13.43509566210534,13.503244400024414,2206300,0.0,0.0,0.0,ICLN,iShares Global Clean Energy ETF
2024-03-06 00:00:00-05:00,13.727162790654024,13.795311526834979,13.571392791808146,13.707691192626953,2503900,0.0,0.0,0.0,ICLN,iShares Global Clean Energy ETF
2024-03-07 00:00:00-05:00,13.795311636391023,13.931610038292249,13.766105167575368,13.892667770385742,2398400,0.0,0.0,0.0,ICLN,iShares Global Clean Energy ETF
2024-03-08 00:00:00-05:00,13.980287052914033,14.155527721168466,13.941344785352703,13.960816383361816,3690200,0.0,0.0,0.0,ICLN,iShares Global Clean Energy ETF
2024-03-11 00:00:00-04:00,13.980287483604775,14.155528157257846,13.902402946082725,13.94134521484375,2701700,0.0,0.0,0.0,ICLN,iShares Global Clean Energy ETF
2024-03-12 00:00:00-04:00,13.834254019908789,13.853724689796303,13.51298007488103,13.571393013000488,3744700,0.0,0.0,0.0,ICLN,iShares Global Clean Energy ETF
2024-03-13 00:00:00-04:00,13.512979656631902,13.542186124787644,13.318268321498826,13.337738990783691,3167800,0.0,0.0,0.0,ICLN,iShares Global Clean Energy ETF
2024-03-14 00:00:00-04:00,13.444830831677113,13.474037299637839,13.065143034360162,13.152763366699219,3319600,0.0,0.0,0.0,ICLN,iShares Global Clean Energy ETF
2024-03-15 00:00:00-04:00,13.152763921238332,13.191706189646787,12.99699484760451,13.065143585205078,3633200,0.0,0.0,0.0,ICLN,iShares Global Clean Energy ETF
2024-03-18 00:00:00-04:00,13.104086680819675,13.201442822214956,13.006730539424392,13.133293151855469,2841900,0.0,0.0,0.0,ICLN,iShares Global Clean Energy ETF
2024-03-19 00:00:00-04:00,13.045671986772394,13.104085853613533,13.006729718363937,13.065143585205078,1883100,0.0,0.0,0.0,ICLN,iShares Global Clean Energy ETF
2024-03-20 00:00:00-04:00,13.055408767453548,13.425360809374167,13.016466496117534,13.35721206665039,3665000,0.0,0.0,0.0,ICLN,iShares Global Clean Energy ETF
2024-03-21 00:00:00-04:00,13.386417126741652,13.542186195663362,13.308532592280798,13.376681327819824,2799200,0.0,0.0,0.0,ICLN,iShares Global Clean Energy ETF
2024-03-22 00:00:00-04:00,13.425360020207576,13.425360020207576,13.279326743395867,13.328003883361816,2507600,0.0,0.0,0.0,ICLN,iShares Global Clean Energy ETF
2024-03-25 00:00:00-04:00,13.328003677590479,13.415624013707502,13.211176872253418,13.211176872253418,3223500,0.0,0.0,0.0,ICLN,iShares Global Clean Energy ETF
2024-03-26 00:00:00-04:00,13.240383628090559,13.318268161206408,13.113821029663086,13.113821029663086,4266800,0.0,0.0,0.0,ICLN,iShares Global Clean Energy ETF
2024-03-27 00:00:00-04:00,13.16249998041077,13.629807210541435,13.152764181002148,13.620071411132812,6162700,0.0,0.0,0.0,ICLN,iShares Global Clean Energy ETF
2024-03-28 00:00:00-04:00,13.629805993440794,13.775839257702062,13.571392130662176,13.610334396362305,2876900,0.0,0.0,0.0,ICLN,iShares Global Clean Energy ETF
2024-04-01 00:00:00-04:00,13.639542510365938,13.727162844920347,13.532450577707484,13.600600242614746,3284300,0.0,0.0,0.0,ICLN,iShares Global Clean Energy ETF
2024-04-02 00:00:00-04:00,13.542186195663362,13.542186195663362,13.318268391202626,13.376681327819824,5033400,0.0,0.0,0.0,ICLN,iShares Global Clean Energy ETF
2024-04-03 00:00:00-04:00,13.308532046777076,13.464301109313965,13.19170524987441,13.464301109313965,3256200,0.0,0.0,0.0,ICLN,iShares Global Clean Energy ETF
2024-04-04 00:00:00-04:00,13.61033410771474,13.824517028751487,13.435094380009067,13.454565048217773,2692000,0.0,0.0,0.0,ICLN,iShares Global Clean Energy ETF
2024-04-05 00:00:00-04:00,13.337739183421322,13.40588884804485,13.230648179665629,13.30853271484375,3232000,0.0,0.0,0.0,ICLN,iShares Global Clean Energy ETF
2024-04-08 00:00:00-04:00,13.376681161032769,13.532450228012273,13.357210491888768,13.405888557434082,3910400,0.0,0.0,0.0,ICLN,iShares Global Clean Energy ETF
2024-04-09 00:00:00-04:00,13.581128795470796,13.824518203735352,13.561658125607226,13.824518203735352,4226000,0.0,0.0,0.0,ICLN,iShares Global Clean Energy ETF
2024-04-10 00:00:00-04:00,13.376682179808027,13.503244788482169,13.289061840844624,13.444831848144531,4699200,0.0,0.0,0.0,ICLN,iShares Global Clean Energy ETF
2024-04-11 00:00:00-04:00,13.600600799261144,13.668749538500704,13.328003985389035,13.512980461120605,3405000,0.0,0.0,0.0,ICLN,iShares Global Clean Energy ETF
2024-04-12 00:00:00-04:00,13.366945876431819,13.5324507485784,13.143028066149332,13.172234535217285,5430300,0.0,0.0,0.0,ICLN,iShares Global Clean Energy ETF
2024-04-15 00:00:00-04:00,13.181970281459598,13.220912549546131,12.860696337631477,12.880167007446289,5572200,0.0,0.0,0.0,ICLN,iShares Global Clean Energy ETF
2024-04-16 00:00:00-04:00,12.80228195519987,12.841224221716601,12.665984486619754,12.714662551879883,4998100,0.0,0.0,0.0,ICLN,iShares Global Clean Energy ETF
2024-04-17 00:00:00-04:00,12.7633405874495,12.928845463914307,12.704927647789532,12.821754455566406,3401000,0.0,0.0,0.0,ICLN,iShares Global Clean Energy ETF
2024-04-18 00:00:00-04:00,12.821754582353158,13.02620173009858,12.714663572946296,12.753605842590332,3552200,0.0,0.0,0.0,ICLN,iShares Global Clean Energy ETF
2024-04-19 00:00:00-04:00,12.704926682454593,12.79254701374399,12.656248617465277,12.67572021484375,5872400,0.0,0.0,0.0,ICLN,iShares Global Clean Energy ETF
2024-04-22 00:00:00-04:00,12.704926632561653,12.841224099848253,12.607570502965343,12.782811164855957,4284600,0.0,0.0,0.0,ICLN,iShares Global Clean Energy ETF
2024-04-23 00:00:00-04:00,12.74387030917747,13.006730402649412,12.74387030917747,12.909375190734863,3888000,0.0,0.0,0.0,ICLN,iShares Global Clean Energy ETF
2024-04-24 00:00:00-04:00,12.85096112017177,12.967787929719327,12.743870110200744,12.792548179626465,3456200,0.0,0.0,0.0,ICLN,iShares Global Clean Energy ETF
2024-04-25 00:00:00-04:00,12.65624918430952,12.75360531864851,12.519950781926315,12.73413372039795,3114200,0.0,0.0,0.0,ICLN,iShares Global Clean Energy ETF
2024-04-26 00:00:00-04:00,12.831489868680805,12.958052472076263,12.763340203186692,12.880167007446289,2377300,0.0,0.0,0.0,ICLN,iShares Global Clean Energy ETF
2024-04-29 00:00:00-04:00,12.996995107924391,13.123556786444118,12.996995107924391,13.07487964630127,2497900,0.0,0.0,0.0,ICLN,iShares Global Clean Energy ETF
2024-04-30 00:00:00-04:00,12.928845074668683,12.987258941026935,12.860696337631477,12.880167007446289,2345900,0.0,0.0,0.0,ICLN,iShares Global Clean Energy ETF
2024-05-01 00:00:00-04:00,12.831489441197537,13.181969842300017,12.831489441197537,12.899638175964355,2715200,0.0,0.0,0.0,ICLN,iShares Global Clean Energy ETF
2024-05-02 00:00:00-04:00,13.026201027167861,13.181970097338263,12.938580693082788,13.16249942779541,2173000,0.0,0.0,0.0,ICLN,iShares Global Clean Energy ETF
2024-05-03 00:00:00-04:00,13.347475776284053,13.620071665620324,13.347475776284053,13.483774185180664,3960400,0.0,0.0,0.0,ICLN,iShares Global Clean Energy ETF
2024-05-06 00:00:00-04:00,13.532450937749495,13.590864805158882,13.503244468273262,13.542186737060547,1476700,0.0,0.0,0.0,ICLN,iShares Global Clean Energy ETF
2024-05-07 00:00:00-04:00,13.542186115653896,13.678484514383562,13.542186115653896,13.590864181518555,1276600,0.0,0.0,0.0,ICLN,iShares Global Clean Energy ETF
2024-05-08 00:00:00-04:00,13.464302585999597,13.522716455085845,13.396153845779768,13.483774185180664,3323400,0.0,0.0,0.0,ICLN,iShares Global Clean Energy ETF
2024-05-09 00:00:00-04:00,13.405889327901738,13.58112907409668,13.396153528541761,13.58112907409668,1946600,0.0,0.0,0.0,ICLN,iShares Global Clean Energy ETF
2024-05-10 00:00:00-04:00,13.649278799485174,13.746634008130172,13.474038124084473,13.474038124084473,2049400,0.0,0.0,0.0,ICLN,iShares Global Clean Energy ETF
2024-05-13 00:00:00-04:00,13.444831721881046,13.610335670254697,13.444831721881046,13.512980461120605,1261000,0.0,0.0,0.0,ICLN,iShares Global Clean Energy ETF
2024-05-14 00:00:00-04:00,13.7563690663209,13.892667465228282,13.610334868536514,13.736897468566895,4421300,0.0,0.0,0.0,ICLN,iShares Global Clean Energy ETF
2024-05-15 00:00:00-04:00,13.999758317268464,14.048436382674211,13.805046984102347,13.912137985229492,3650500,0.0,0.0,0.0,ICLN,iShares Global Clean Energy ETF
2024-05-16 00:00:00-04:00,13.921873713352078,14.058171181648248,13.87319564819336,13.87319564819336,2362500,0.0,0.0,0.0,ICLN,iShares Global Clean Energy ETF
2024-05-17 00:00:00-04:00,13.921874268891115,13.921874268891115,13.75636939782128,13.785575866699219,1537900,0.0,0.0,0.0,ICLN,iShares Global Clean Energy ETF
2024-05-20 00:00:00-04:00,13.746633337280526,13.785575604529491,13.717426868958027,13.775839805603027,1474700,0.0,0.0,0.0,ICLN,iShares Global Clean Energy ETF
2024-05-21 00:00:00-04:00,13.688220631762354,13.902402641019691,13.688220631762354,13.892667770385742,2149900,0.0,0.0,0.0,ICLN,iShares Global Clean Energy ETF
2024-05-22 00:00:00-04:00,13.834252935189458,14.515743040042484,13.834252935189458,14.398916244506836,5753300,0.0,0.0,0.0,ICLN,iShares Global Clean Energy ETF
2024-05-23 00:00:00-04:00,14.408653081745722,14.408653081745722,14.136057205842357,14.184734344482422,4021100,0.0,0.0,0.0,ICLN,iShares Global Clean Energy ETF
2024-05-24 00:00:00-04:00,14.204205386296051,14.564421583172171,14.194469587566648,14.525479316711426,4817000,0.0,0.0,0.0,ICLN,iShares Global Clean Energy ETF
2024-05-28 00:00:00-04:00,14.690984463772567,14.82728193477757,14.603364130436844,14.681248664855957,3422300,0.0,0.0,0.0,ICLN,iShares Global Clean Energy ETF
2024-05-29 00:00:00-04:00,14.476800846915335,14.554685377660066,14.379445647712842,14.437858581542969,2529200,0.0,0.0,0.0,ICLN,iShares Global Clean Energy ETF
2024-05-30 00:00:00-04:00,14.603365011933928,14.64230728149414,14.447595933693078,14.64230728149414,1597100,0.0,0.0,0.0,ICLN,iShares Global Clean Energy ETF
2024-05-31 00:00:00-04:00,14.61309998219412,14.749397453691971,14.398917047538637,14.57415771484375,3376700,0.0,0.0,0.0,ICLN,iShares Global Clean Energy ETF
2024-06-03 00:00:00-04:00,14.77860479710829,14.846753532610792,14.652042196563011,14.681248664855957,3427800,0.0,0.0,0.0,ICLN,iShares Global Clean Energy ETF
2024-06-04 00:00:00-04:00,14.603364351155149,14.622835949282669,14.476801748696976,14.544950485229492,3413700,0.0,0.0,0.0,ICLN,iShares Global Clean Energy ETF
2024-06-05 00:00:00-04:00,14.525479101516108,14.729926229520355,14.506007504345773,14.66177749633789,1999600,0.0,0.0,0.0,ICLN,iShares Global Clean Energy ETF
2024-06-06 00:00:00-04:00,14.515745162963867,14.603365504544248,14.467067092257324,14.515745162963867,1720100,0.0,0.0,0.0,ICLN,iShares Global Clean Energy ETF
2024-06-07 00:00:00-04:00,14.321032676757216,14.408653011412678,14.145792007446289,14.145792007446289,3367000,0.0,0.0,0.0,ICLN,iShares Global Clean Energy ETF
2024-06-10 00:00:00-04:00,14.08737973324419,14.418389489324179,14.048437463614599,14.389182090759277,1898300,0.0,0.0,0.0,ICLN,iShares Global Clean Energy ETF
2024-06-11 00:00:00-04:00,14.316666923289057,14.463655854228177,14.228474686157854,14.434257507324219,2663300,0.096,0.0,0.0,ICLN,iShares Global Clean Energy ETF
2024-06-12 00:00:00-04:00,14.738034271164954,14.845825409066387,14.54204995928648,14.571447372436523,2687600,0.0,0.0,0.0,ICLN,iShares Global Clean Energy ETF
2024-06-13 00:00:00-04:00,14.55184887351269,14.600844248785803,14.306868259039591,14.375462532043457,2449200,0.0,0.0,0.0,ICLN,iShares Global Clean Energy ETF
2024-06-14 00:00:00-04:00,14.257871531320124,14.287268942527687,14.042288335235337,14.052087783813477,2341700,0.0,0.0,0.0,ICLN,iShares Global Clean Energy ETF
2024-06-17 00:00:00-04:00,14.012891276959856,14.03248924008288,13.72871380272444,13.836504936218262,3446800,0.0,0.0,0.0,ICLN,iShares Global Clean Energy ETF
2024-06-18 00:00:00-04:00,13.816907036142945,13.89530075804651,13.767910726321498,13.856103897094727,2014400,0.0,0.0,0.0,ICLN,iShares Global Clean Energy ETF
2024-06-20 00:00:00-04:00,13.777710128449606,13.777710128449606,13.591524338665126,13.669918060302734,2843200,0.0,0.0,0.0,ICLN,iShares Global Clean Energy ETF
2024-06-21 00:00:00-04:00,13.669917952734487,13.738513159522778,13.601323680473064,13.630721092224121,2814500,0.0,0.0,0.0,ICLN,iShares Global Clean Energy ETF
2024-06-24 00:00:00-04:00,13.640519978623631,13.84630372145089,13.630720530268325,13.76791000366211,1791900,0.0,0.0,0.0,ICLN,iShares Global Clean Energy ETF
2024-06-25 00:00:00-04:00,13.640520215236508,13.66991762628553,13.503330739462992,13.513130187988281,1773400,0.0,0.0,0.0,ICLN,iShares Global Clean Energy ETF
2024-06-26 00:00:00-04:00,13.444536654567994,13.454335169103716,13.356343482058191,13.434737205505371,2056300,0.0,0.0,0.0,ICLN,iShares Global Clean Energy ETF
2024-06-27 00:00:00-04:00,13.32694529451518,13.513130143244975,13.317145846022337,13.493532180786133,2792800,0.0,0.0,0.0,ICLN,iShares Global Clean Energy ETF
2024-06-28 00:00:00-04:00,13.385740305570243,13.434736614199972,13.013369668321902,13.052566528320312,5170200,0.0,0.0,0.0,ICLN,iShares Global Clean Energy ETF
2024-07-01 00:00:00-04:00,13.130960715633503,13.21915388740034,13.023169580433416,13.042768478393555,3762900,0.0,0.0,0.0,ICLN,iShares Global Clean Energy ETF
2024-07-02 00:00:00-04:00,12.993772506713867,13.150559956374206,12.915378781883698,12.993772506713867,2154900,0.0,0.0,0.0,ICLN,iShares Global Clean Energy ETF
2024-07-03 00:00:00-04:00,13.09176365086365,13.366142610881843,13.07216568773485,13.317146301269531,4990500,0.0,0.0,0.0,ICLN,iShares Global Clean Energy ETF
2024-07-05 00:00:00-04:00,13.287748933224332,13.454334891213698,13.258350586643669,13.33674430847168,2619900,0.0,0.0,0.0,ICLN,iShares Global Clean Energy ETF
2024-07-08 00:00:00-04:00,13.307346667510703,13.454334659778082,13.277949255962602,13.42493724822998,4240200,0.0,0.0,0.0,ICLN,iShares Global Clean Energy ETF
2024-07-09 00:00:00-04:00,13.395539836681877,13.493532454544706,13.336744079058807,13.42493724822998,3405700,0.0,0.0,0.0,ICLN,iShares Global Clean Energy ETF
2024-07-10 00:00:00-04:00,13.483733434096255,13.61112346755309,13.454335087087596,13.581725120544434,2504600,0.0,0.0,0.0,ICLN,iShares Global Clean Energy ETF
2024-07-11 00:00:00-04:00,13.91489802778146,13.983493231923656,13.826704861403517,13.954094886779785,4970500,0.0,0.0,0.0,ICLN,iShares Global Clean Energy ETF
2024-07-12 00:00:00-04:00,14.00309213150333,14.169679027028977,13.99329268246608,14.120682716369629,2413800,0.0,0.0,0.0,ICLN,iShares Global Clean Energy ETF
2024-07-15 00:00:00-04:00,13.699316173907981,13.738513971261213,13.513131309114751,13.571927070617676,5458300,0.0,0.0,0.0,ICLN,iShares Global Clean Energy ETF
2024-07-16 00:00:00-04:00,13.552327855725347,13.807107925415039,13.522930442923276,13.807107925415039,4398700,0.0,0.0,0.0,ICLN,iShares Global Clean Energy ETF
2024-07-17 00:00:00-04:00,13.611123316255528,13.718914450508414,13.483733284214722,13.522930145263672,2973200,0.0,0.0,0.0,ICLN,iShares Global Clean Energy ETF
2024-07-18 00:00:00-04:00,13.591524759682942,13.75811165695486,13.424937862411024,13.473934173583984,4533200,0.0,0.0,0.0,ICLN,iShares Global Clean Energy ETF
2024-07-19 00:00:00-04:00,13.522930270648725,13.562127132061109,13.395540237426758,13.395540237426758,2875800,0.0,0.0,0.0,ICLN,iShares Global Clean Energy ETF
2024-07-22 00:00:00-04:00,13.562126604670643,13.611122913162525,13.444536025006238,13.552327156066895,2659000,0.0,0.0,0.0,ICLN,iShares Global Clean Energy ETF
2024-07-23 00:00:00-04:00,13.444535745160266,13.56212632237704,13.42493684836072,13.454334259033203,1761600,0.0,0.0,0.0,ICLN,iShares Global Clean Energy ETF
2024-07-24 00:00:00-04:00,13.542527480483834,13.787508084310398,13.542527480483834,13.640520095825195,6424900,0.0,0.0,0.0,ICLN,iShares Global Clean Energy ETF
2024-07-25 00:00:00-04:00,13.620921706686207,13.826705458952489,13.591524294798702,13.650320053100586,2745500,0.0,0.0,0.0,ICLN,iShares Global Clean Energy ETF
2024-07-26 00:00:00-04:00,13.748311260279802,13.895300183668187,13.709114400948268,13.826704978942871,2195500,0.0,0.0,0.0,ICLN,iShares Global Clean Energy ETF
2024-07-29 00:00:00-04:00,13.826705611757788,13.865902472883269,13.65032020395657,13.709115028381348,2408900,0.0,0.0,0.0,ICLN,iShares Global Clean Energy ETF
2024-07-30 00:00:00-04:00,13.71891432568039,13.758111186372686,13.591524294798702,13.650320053100586,4371900,0.0,0.0,0.0,ICLN,iShares Global Clean Energy ETF
2024-07-31 00:00:00-04:00,13.738512854090045,13.993291974479773,13.738512854090045,13.865901947021484,4077800,0.0,0.0,0.0,ICLN,iShares Global Clean Energy ETF
2024-08-01 00:00:00-04:00,13.807107136096178,13.963894574779939,13.640520248862972,13.699315071105957,3210100,0.0,0.0,0.0,ICLN,iShares Global Clean Energy ETF
2024-08-02 00:00:00-04:00,13.581725332508901,13.836505403398824,13.562127368724164,13.66011905670166,2669200,0.0,0.0,0.0,ICLN,iShares Global Clean Energy ETF
2024-08-05 00:00:00-04:00,12.99377213085127,13.385740743663888,12.974173232947194,13.209354400634766,4834800,0.0,0.0,0.0,ICLN,iShares Global Clean Energy ETF
2024-08-06 00:00:00-04:00,13.228953023974526,13.405339363342785,13.170157266009484,13.277949333190918,2064600,0.0,0.0,0.0,ICLN,iShares Global Clean Energy ETF
2024-08-07 00:00:00-04:00,13.552327232808965,13.709114673249337,13.375940895050116,13.405339241027832,2486200,0.0,0.0,0.0,ICLN,iShares Global Clean Energy ETF
2024-08-08 00:00:00-04:00,13.434736789672293,13.669917952734487,13.434736789672293,13.630721092224121,2538400,0.0,0.0,0.0,ICLN,iShares Global Clean Energy ETF
2024-08-09 00:00:00-04:00,13.601324484105675,13.611123933443983,13.434737583462136,13.571927070617676,1230900,0.0,0.0,0.0,ICLN,iShares Global Clean Energy ETF
2024-08-12 00:00:00-04:00,13.522929236846984,13.591523505443034,13.503330340375644,13.542527198791504,2187000,0.0,0.0,0.0,ICLN,iShares Global Clean Energy ETF
2024-08-13 00:00:00-04:00,13.640520737840594,13.89530080209834,13.640520737840594,13.875701904296875,2549700,0.0,0.0,0.0,ICLN,iShares Global Clean Energy ETF
2024-08-14 00:00:00-04:00,13.914898504871912,13.914898504871912,13.758111063502946,13.7777099609375,2214800,0.0,0.0,0.0,ICLN,iShares Global Clean Energy ETF
2024-08-15 00:00:00-04:00,13.865902055155473,13.963894672280464,13.816906681119834,13.905098915100098,1876300,0.0,0.0,0.0,ICLN,iShares Global Clean Energy ETF
2024-08-16 00:00:00-04:00,13.856104448320655,13.914899274823874,13.78750923803101,13.885501861572266,902600,0.0,0.0,0.0,ICLN,iShares Global Clean Energy ETF
2024-08-19 00:00:00-04:00,13.924697359932113,14.130481101587339,13.924697359932113,14.0814847946167,1581900,0.0,0.0,0.0,ICLN,iShares Global Clean Energy ETF
2024-08-20 00:00:00-04:00,13.993292147561442,14.07168586780898,13.875701567190136,13.924697875976562,2309200,0.0,0.0,0.0,ICLN,iShares Global Clean Energy ETF
2024-08-21 00:00:00-04:00,13.914898597978588,14.012891216753308,13.914898597978588,13.98349380493164,2323800,0.0,0.0,0.0,ICLN,iShares Global Clean Energy ETF
2024-08-22 00:00:00-04:00,13.924697439239672,13.983493194844675,13.738512593123025,13.76791000366211,1238500,0.0,0.0,0.0,ICLN,iShares Global Clean Energy ETF
2024-08-23 00:00:00-04:00,13.875702201919799,14.169679133559166,13.846304789113933,14.159879684448242,3276800,0.0,0.0,0.0,ICLN,iShares Global Clean Energy ETF
2024-08-26 00:00:00-04:00,14.208875888651077,14.277470162858027,14.11088326733238,14.120682716369629,2111700,0.0,0.0,0.0,ICLN,iShares Global Clean Energy ETF
2024-08-27 00:00:00-04:00,14.032489394290948,14.0912851533599,13.963895120816245,14.061887741088867,1130500,0.0,0.0,0.0,ICLN,iShares Global Clean Energy ETF
2024-08-28 00:00:00-04:00,14.012891216753308,14.110882901001156,13.924698046761435,13.98349380493164,993100,0.0,0.0,0.0,ICLN,iShares Global Clean Energy ETF
2024-08-29 00:00:00-04:00,13.993292551044828,14.022690897880473,13.885501416228124,13.89530086517334,2230300,0.0,0.0,0.0,ICLN,iShares Global Clean Energy ETF
2024-08-30 00:00:00-04:00,13.963894951405655,14.022690709761292,13.905099193050017,14.003091812133789,1744500,0.0,0.0,0.0,ICLN,iShares Global Clean Energy ETF
2024-09-03 00:00:00-04:00,13.875701704045625,13.963894873825664,13.591524231713755,13.630721092224121,3151000,0.0,0.0,0.0,ICLN,iShares Global Clean Energy ETF
2024-09-04 00:00:00-04:00,13.679717890570194,13.856104236436428,13.679717890570194,13.807107925415039,2233000,0.0,0.0,0.0,ICLN,iShares Global Clean Energy ETF
2024-09-05 00:00:00-04:00,13.954095689790854,14.012891448935259,13.84630455497415,13.89530086517334,1735100,0.0,0.0,0.0,ICLN,iShares Global Clean Energy ETF
2024-09-06 00:00:00-04:00,13.856103696047752,13.8953005564308,13.601323636294493,13.611123085021973,1945900,0.0,0.0,0.0,ICLN,iShares Global Clean Energy ETF
2024-09-09 00:00:00-04:00,13.679717293227556,13.699315256064198,13.571926161308866,13.591524124145508,2508700,0.0,0.0,0.0,ICLN,iShares Global Clean Energy ETF
2024-09-10 00:00:00-04:00,13.571926668803247,13.601324081420898,13.464134598327032,13.601324081420898,1416900,0.0,0.0,0.0,ICLN,iShares Global Clean Energy ETF
2024-09-11 00:00:00-04:00,13.84630364258982,14.0814847946167,13.816906232218166,14.0814847946167,4343300,0.0,0.0,0.0,ICLN,iShares Global Clean Energy ETF
2024-09-12 00:00:00-04:00,14.022690665536155,14.042288628574976,13.905099149195742,13.98349380493164,1550400,0.0,0.0,0.0,ICLN,iShares Global Clean Energy ETF
2024-09-13 00:00:00-04:00,14.091285409725588,14.199076546365031,14.091285409725588,14.159879684448242,1875400,0.0,0.0,0.0,ICLN,iShares Global Clean Energy ETF
2024-09-16 00:00:00-04:00,14.140281993463708,14.297069444154676,14.11088364556396,14.257872581481934,1816500,0.0,0.0,0.0,ICLN,iShares Global Clean Energy ETF
2024-09-17 00:00:00-04:00,14.248071996125812,14.414658882834052,14.238272547607247,14.365662574768066,2245000,0.0,0.0,0.0,ICLN,iShares Global Clean Energy ETF
2024-09-18 00:00:00-04:00,14.316666603088379,14.630242421362391,14.287269191368802,14.316666603088379,2909200,0.0,0.0,0.0,ICLN,iShares Global Clean Energy ETF
2024-09-19 00:00:00-04:00,14.551848480465269,14.551848480465269,14.208875255655935,14.238272666931152,2651800,0.0,0.0,0.0,ICLN,iShares Global Clean Energy ETF
2024-09-20 00:00:00-04:00,14.110882204988354,14.150079063659499,14.03248848764606,14.0814847946167,2316900,0.0,0.0,0.0,ICLN,iShares Global Clean Energy ETF
2024-09-23 00:00:00-04:00,14.130481871305475,14.199076144084756,14.032489252026325,14.189276695251465,1568100,0.0,0.0,0.0,ICLN,iShares Global Clean Energy ETF
2024-09-24 00:00:00-04:00,14.336265500586011,14.375462361054403,14.257871779649225,14.316666603088379,1799800,0.0,0.0,0.0,ICLN,iShares Global Clean Energy ETF
2024-09-25 00:00:00-04:00,14.238273408281819,14.287269719309531,14.1402817207533,14.159879684448242,3359400,0.0,0.0,0.0,ICLN,iShares Global Clean Energy ETF
2024-09-26 00:00:00-04:00,14.336264765148256,14.473454237013367,14.297067906690629,14.395059585571289,1612100,0.0,0.0,0.0,ICLN,iShares Global Clean Energy ETF
2024-09-27 00:00:00-04:00,14.453856530970718,14.591046014135038,14.453856530970718,14.473455429077148,1979700,0.0,0.0,0.0,ICLN,iShares Global Clean Energy ETF
2024-09-30 00:00:00-04:00,14.463654788767254,14.512651095470995,14.316665868656031,14.395059585571289,1305800,0.0,0.0,0.0,ICLN,iShares Global Clean Energy ETF
2024-10-01 00:00:00-04:00,14.34606513682367,14.385261997804328,14.110883036412847,14.20887565612793,1934000,0.0,0.0,0.0,ICLN,iShares Global Clean Energy ETF
2024-10-02 00:00:00-04:00,14.208874818929633,14.238272229301286,14.003091077274407,14.0814847946167,1371800,0.0,0.0,0.0,ICLN,iShares Global Clean Energy ETF
2024-10-03 00:00:00-04:00,13.993292147561442,14.022690493549415,13.89530046451545,13.924697875976562,1178500,0.0,0.0,0.0,ICLN,iShares Global Clean Energy ETF
2024-10-04 00:00:00-04:00,13.954095626448968,13.973694524250433,13.816907079946247,13.875701904296875,2341400,0.0,0.0,0.0,ICLN,iShares Global Clean Energy ETF
2024-10-07 00:00:00-04:00,13.875701395562933,13.973694011923724,13.777709713728992,13.865901947021484,1475000,0.0,0.0,0.0,ICLN,iShares Global Clean Energy ETF
2024-10-08 00:00:00-04:00,13.728713371964345,13.797307642532989,13.650319652878226,13.679717063903809,927200,0.0,0.0,0.0,ICLN,iShares Global Clean Energy ETF
2024-10-09 00:00:00-04:00,13.718913814287548,13.718913814287548,13.571925825802346,13.640520095825195,2570500,0.0,0.0,0.0,ICLN,iShares Global Clean Energy ETF
2024-10-10 00:00:00-04:00,13.571926817710906,13.571926817710906,13.277949884728265,13.307347297668457,2481700,0.0,0.0,0.0,ICLN,iShares Global Clean Energy ETF
2024-10-11 00:00:00-04:00,13.258350860485766,13.454335169103716,13.258350860485766,13.434737205505371,1577700,0.0,0.0,0.0,ICLN,iShares Global Clean Energy ETF
2024-10-14 00:00:00-04:00,13.405339623366489,13.434737035655798,13.317146451971675,13.375941276550293,1638600,0.0,0.0,0.0,ICLN,iShares Global Clean Energy ETF
2024-10-15 00:00:00-04:00,13.326945657353159,13.326945657353159,13.101563008515749,13.11136245727539,2698200,0.0,0.0,0.0,ICLN,iShares Global Clean Energy ETF
2024-10-16 00:00:00-04:00,13.189756163506788,13.28774878193957,13.15055930303905,13.277949333190918,3108300,0.0,0.0,0.0,ICLN,iShares Global Clean Energy ETF
2024-10-17 00:00:00-04:00,13.248551532091998,13.277948942947084,13.140759468078613,13.140759468078613,2186500,0.0,0.0,0.0,ICLN,iShares Global Clean Energy ETF
2024-10-18 00:00:00-04:00,13.199555779173872,13.228953191264711,13.140760020465313,13.170157432556152,3130800,0.0,0.0,0.0,ICLN,iShares Global Clean Energy ETF
2024-10-21 00:00:00-04:00,13.130960822718295,13.189756582551304,13.032969135699142,13.081965446472168,2016500,0.0,0.0,0.0,ICLN,iShares Global Clean Energy ETF
2024-10-22 00:00:00-04:00,13.013369668321902,13.091763388318725,13.003571154217441,13.052566528320312,1992800,0.0,0.0,0.0,ICLN,iShares Global Clean Energy ETF
2024-10-23 00:00:00-04:00,12.885979499217253,12.964373218359459,12.78798781755292,12.827184677124023,2906900,0.0,0.0,0.0,ICLN,iShares Global Clean Energy ETF
2024-10-24 00:00:00-04:00,12.866382090547882,12.895779502859952,12.79778781697742,12.856582641601562,2056500,0.0,0.0,0.0,ICLN,iShares Global Clean Energy ETF
2024-10-25 00:00:00-04:00,12.885980160652684,12.983972781873812,12.836984784569017,12.895779609680176,3412300,0.0,0.0,0.0,ICLN,iShares Global Clean Energy ETF
2024-10-28 00:00:00-04:00,12.993772105245796,13.101563239925131,12.964373758447614,13.02316951751709,2121800,0.0,0.0,0.0,ICLN,iShares Global Clean Energy ETF
2024-10-29 00:00:00-04:00,12.93497621184673,12.944775660677688,12.787988217489842,12.7977876663208,4420300,0.0,0.0,0.0,ICLN,iShares Global Clean Energy ETF
2024-10-30 00:00:00-04:00,12.709595086103803,12.8957799499037,12.660598774200592,12.846783638000488,4119000,0.0,0.0,0.0,ICLN,iShares Global Clean Energy ETF
2024-10-31 00:00:00-04:00,12.807586287660847,12.885980009909924,12.768389426536308,12.836984634399414,3167300,0.0,0.0,0.0,ICLN,iShares Global Clean Energy ETF
2024-11-01 00:00:00-04:00,12.846782792367712,13.013369681156982,12.836984278253588,12.885979652404785,3425100,0.0,0.0,0.0,ICLN,iShares Global Clean Energy ETF
2024-11-04 00:00:00-05:00,13.081964754322685,13.297547015074786,13.081964754322685,13.179956436157227,7489800,0.0,0.0,0.0,ICLN,iShares Global Clean Energy ETF
2024-11-05 00:00:00-05:00,13.003570704276273,13.238751856129158,12.983971807691786,13.228952407836914,3877300,0.0,0.0,0.0,ICLN,iShares Global Clean Energy ETF
2024-11-06 00:00:00-05:00,12.151038002927343,12.327424342928593,12.023648906845189,12.258830070495605,14064300,0.0,0.0,0.0,ICLN,iShares Global Clean Energy ETF
2024-11-07 00:00:00-05:00,12.396018092394948,12.4450143997201,12.307825860641874,12.415616989135742,5842700,0.0,0.0,0.0,ICLN,iShares Global Clean Energy ETF
2024-11-08 00:00:00-05:00,12.200034435785863,12.239231296790944,12.053046440648528,12.131440162658691,5469200,0.0,0.0,0.0,ICLN,iShares Global Clean Energy ETF
2024-11-11 00:00:00-05:00,12.11184160392398,12.141239951395862,12.043247328876737,12.082444190979004,4677500,0.0,0.0,0.0,ICLN,iShares Global Clean Energy ETF
2024-11-12 00:00:00-05:00,11.925656849843827,11.96485371229868,11.71987308832412,11.768869400024414,6518400,0.0,0.0,0.0,ICLN,iShares Global Clean Energy ETF
2024-11-13 00:00:00-05:00,11.739470946576093,11.798266706992385,11.680676120686709,11.7296724319458,3486800,0.0,0.0,0.0,ICLN,iShares Global Clean Energy ETF
2024-11-14 00:00:00-05:00,11.729672120378764,12.062845906658438,11.729672120378764,11.964853286743164,5777800,0.0,0.0,0.0,ICLN,iShares Global Clean Energy ETF
2024-11-15 00:00:00-05:00,11.955053513871546,12.05304613113128,11.83746293387598,11.847262382507324,5952200,0.0,0.0,0.0,ICLN,iShares Global Clean Energy ETF
2024-11-18 00:00:00-05:00,11.768869272630281,11.92565672075252,11.768869272630281,11.896259307861328,3102500,0.0,0.0,0.0,ICLN,iShares Global Clean Energy ETF
2024-11-19 00:00:00-05:00,11.817865371704102,11.876660196431294,11.798266473777112,11.817865371704102,2803900,0.0,0.0,0.0,ICLN,iShares Global Clean Energy ETF
2024-11-20 00:00:00-05:00,11.759069655961987,11.83746337890625,11.739470757962476,11.83746337890625,2948900,0.0,0.0,0.0,ICLN,iShares Global Clean Energy ETF
2024-11-21 00:00:00-05:00,11.788466917973288,11.876660088791661,11.768868954750808,11.778668403625488,2642200,0.0,0.0,0.0,ICLN,iShares Global Clean Energy ETF
2024-11-22 00:00:00-05:00,11.749269368980118,11.876659393310547,11.729671406905265,11.876659393310547,5269100,0.0,0.0,0.0,ICLN,iShares Global Clean Energy ETF
2024-11-25 00:00:00-05:00,12.004050024467851,12.160837467099865,11.99425057567163,12.092243194580078,8666000,0.0,0.0,0.0,ICLN,iShares Global Clean Energy ETF
2024-11-26 00:00:00-05:00,12.013849703806045,12.072644528657868,11.935455980985687,12.004050254821777,2966700,0.0,0.0,0.0,ICLN,iShares Global Clean Energy ETF
2024-11-27 00:00:00-05:00,12.082443301309693,12.190234430522198,12.082443301309693,12.102042198181152,2486300,0.0,0.0,0.0,ICLN,iShares Global Clean Energy ETF
2024-11-29 00:00:00-05:00,12.043247496054676,12.160838083993811,12.03344804676135,12.141240119934082,1644000,0.0,0.0,0.0,ICLN,iShares Global Clean Energy ETF
2024-12-02 00:00:00-05:00,12.102043362041373,12.20983450162021,12.062846499055711,12.180437088012695,2541100,0.0,0.0,0.0,ICLN,iShares Global Clean Energy ETF
2024-12-03 00:00:00-05:00,12.121640606441861,12.160837467099865,12.053046333922074,12.092243194580078,4824800,0.0,0.0,0.0,ICLN,iShares Global Clean Energy ETF
2024-12-04 00:00:00-05:00,11.984451546534908,12.023649343092375,11.876660409582595,11.896259307861328,4471500,0.0,0.0,0.0,ICLN,iShares Global Clean Energy ETF
2024-12-05 00:00:00-05:00,11.945254218288818,12.023648873817152,11.876659946044255,11.906057357788086,3891100,0.0,0.0,0.0,ICLN,iShares Global Clean Energy ETF
2024-12-06 00:00:00-05:00,11.945254577667516,12.004050337450947,11.837463441679272,11.857062339782715,3761600,0.0,0.0,0.0,ICLN,iShares Global Clean Energy ETF
2024-12-09 00:00:00-05:00,11.974652612606066,12.239231188415873,11.974652612606066,12.092243194580078,4993800,0.0,0.0,0.0,ICLN,iShares Global Clean Energy ETF
2024-12-10 00:00:00-05:00,11.964852733069089,11.984450695429116,11.87665956613186,11.935455322265625,2972800,0.0,0.0,0.0,ICLN,iShares Global Clean Energy ETF
2024-12-11 00:00:00-05:00,11.935455322265625,11.94525383618222,11.778667885278038,11.935455322265625,3342000,0.0,0.0,0.0,ICLN,iShares Global Clean Energy ETF
2024-12-12 00:00:00-05:00,11.857061998050316,11.88645940983132,11.739470481872559,11.739470481872559,4206200,0.0,0.0,0.0,ICLN,iShares Global Clean Energy ETF
2024-12-13 00:00:00-05:00,11.719872518860846,11.759069379411141,11.670876209541259,11.739470481872559,3311500,0.0,0.0,0.0,ICLN,iShares Global Clean Energy ETF
2024-12-16 00:00:00-05:00,11.651278280963624,11.70027365590114,11.563085110833095,11.572884559631348,3489100,0.0,0.0,0.0,ICLN,iShares Global Clean Energy ETF
2024-12-17 00:00:00-05:00,11.566947591872408,11.71536921888024,11.54715860778611,11.636211395263672,3862000,0.114,0.0,0.0,ICLN,iShares Global Clean Energy ETF
2024-12-18 00:00:00-05:00,11.606525614724248,11.69557839538116,11.25031543573222,11.270105361938477,5501300,0.0,0.0,0.0,ICLN,iShares Global Clean Energy ETF
2024-12-19 00:00:00-05:00,11.319578764889137,11.339368691925317,11.21073699709712,11.2305269241333,3845600,0.0,0.0,0.0,ICLN,iShares Global Clean Energy ETF
2024-12-20 00:00:00-05:00,11.171158457124765,11.468000767061918,11.171158457124765,11.398737907409668,5758600,0.0,0.0,0.0,ICLN,iShares Global Clean Energy ETF
2024-12-23 00:00:00-05:00,11.378947985453507,11.477895736694336,11.378947985453507,11.477895736694336,4111300,0.0,0.0,0.0,ICLN,iShares Global Clean Energy ETF
2024-12-24 00:00:00-05:00,11.388842480634128,11.547158121195938,11.378947517190102,11.517474174499512,1680200,0.0,0.0,0.0,ICLN,iShares Global Clean Energy ETF
2024-12-26 00:00:00-05:00,11.388842949304728,11.547158596381502,11.388842949304728,11.477895736694336,1760300,0.0,0.0,0.0,ICLN,iShares Global Clean Energy ETF
2024-12-27 00:00:00-05:00,11.428421251414797,11.458105197749253,11.339368468775788,11.408631324768066,2294500,0.0,0.0,0.0,ICLN,iShares Global Clean Energy ETF
2024-12-30 00:00:00-05:00,11.329473736833208,11.329473736833208,11.220631968960245,11.309684753417969,3150900,0.0,0.0,0.0,ICLN,iShares Global Clean Energy ETF
2024-12-31 00:00:00-05:00,11.32947384899831,11.369052759856292,11.230527043671193,11.260210990905762,2964600,0.0,0.0,0.0,ICLN,iShares Global Clean Energy ETF
2025-01-02 00:00:00-05:00,11.309685125766341,11.52736866867906,11.2898951980639,11.477895736694336,2228400,0.0,0.0,0.0,ICLN,iShares Global Clean Energy ETF
2025-01-03 00:00:00-05:00,11.53726350927774,11.566947456878598,11.487789634185853,11.527368545532227,2839000,0.0,0.0,0.0,ICLN,iShares Global Clean Energy ETF
2025-01-06 00:00:00-05:00,11.626315950503654,11.754947644468908,11.59663200378418,11.59663200378418,3358800,0.0,0.0,0.0,ICLN,iShares Global Clean Energy ETF
2025-01-07 00:00:00-05:00,11.675789592259498,11.824210266545062,11.655999665749084,11.695578575134277,2972800,0.0,0.0,0.0,ICLN,iShares Global Clean Energy ETF
2025-01-08 00:00:00-05:00,11.48778914408371,11.48778914408371,11.339368468775788,11.408631324768066,1928100,0.0,0.0,0.0,ICLN,iShares Global Clean Energy ETF
2025-01-10 00:00:00-05:00,11.339368797160516,11.339368797160516,11.022737510728396,11.101895332336426,3655000,0.0,0.0,0.0,ICLN,iShares Global Clean Energy ETF
2025-01-13 00:00:00-05:00,11.022737622329585,11.062316533534322,10.9138949087898,11.052421569824219,4535300,0.0,0.0,0.0,ICLN,iShares Global Clean Energy ETF
2025-01-14 00:00:00-05:00,11.121684074401855,11.210736857685934,11.092000127852378,11.121684074401855,3787000,0.0,0.0,0.0,ICLN,iShares Global Clean Energy ETF
2025-01-15 00:00:00-05:00,11.369052394961768,11.378947358267597,11.22063171991688,11.25031566619873,4961900,0.0,0.0,0.0,ICLN,iShares Global Clean Energy ETF
2025-01-16 00:00:00-05:00,11.230526803184862,11.309684623205767,11.190947893174409,11.279999732971191,2723400,0.0,0.0,0.0,ICLN,iShares Global Clean Energy ETF
2025-01-17 00:00:00-05:00,11.250316264895265,11.378947963809392,11.250316264895265,11.319579124450684,2144600,0.0,0.0,0.0,ICLN,iShares Global Clean Energy ETF
2025-01-21 00:00:00-05:00,11.230527155838034,11.260211103369077,11.171158317140272,11.210737228393555,3154300,0.0,0.0,0.0,ICLN,iShares Global Clean Energy ETF
2025-01-22 00:00:00-05:00,11.082105624375673,11.092000588181365,10.913895014221652,10.923789978027344,2754700,0.0,0.0,0.0,ICLN,iShares Global Clean Energy ETF
2025-01-23 00:00:00-05:00,10.894105687174399,11.072210311889648,10.854526776833714,11.072210311889648,2732800,0.0,0.0,0.0,ICLN,iShares Global Clean Energy ETF
2025-01-24 00:00:00-05:00,11.042526606114114,11.12168442852359,11.032631642404011,11.052421569824219,2525600,0.0,0.0,0.0,ICLN,iShares Global Clean Energy ETF
2025-01-27 00:00:00-05:00,10.983158592275307,11.092000361001631,10.933684717895826,11.022737503051758,3936400,0.0,0.0,0.0,ICLN,iShares Global Clean Energy ETF
2025-01-28 00:00:00-05:00,11.072209816838688,11.082104779890358,10.894105200086695,10.953473091125488,2296600,0.0,0.0,0.0,ICLN,iShares Global Clean Energy ETF
2025-01-29 00:00:00-05:00,11.101894970917186,11.22063169946379,11.052421098113859,11.092000007629395,2703600,0.0,0.0,0.0,ICLN,iShares Global Clean Energy ETF
2025-01-30 00:00:00-05:00,11.220632198852316,11.349263896411628,11.210737235124135,11.289895057678223,3008100,0.0,0.0,0.0,ICLN,iShares Global Clean Energy ETF
2025-01-31 00:00:00-05:00,11.29978953909224,11.378947358267597,11.22063171991688,11.25031566619873,3267200,0.0,0.0,0.0,ICLN,iShares Global Clean Energy ETF
2025-02-03 00:00:00-05:00,10.963368434623781,11.210736857685934,10.963368434623781,11.121684074401855,2372700,0.0,0.0,0.0,ICLN,iShares Global Clean Energy ETF
2025-02-04 00:00:00-05:00,11.171157847023373,11.349263411985747,11.131578937435693,11.25031566619873,5605200,0.0,0.0,0.0,ICLN,iShares Global Clean Energy ETF
2025-02-05 00:00:00-05:00,11.359157320694704,11.418526156314103,11.279999502292595,11.299789428710938,2208900,0.0,0.0,0.0,ICLN,iShares Global Clean Energy ETF
2025-02-06 00:00:00-05:00,11.27999986284162,11.378947610824795,11.230526932485693,11.309684753417969,1503900,0.0,0.0,0.0,ICLN,iShares Global Clean Energy ETF
2025-02-07 00:00:00-05:00,11.260211096512649,11.309684971458045,11.092000487879705,11.131579399108887,2666000,0.0,0.0,0.0,ICLN,iShares Global Clean Energy ETF
2025-02-10 00:00:00-05:00,11.111788749694824,11.111788749694824,11.062315821599578,11.111788749694824,1760100,0.0,0.0,0.0,ICLN,iShares Global Clean Energy ETF
2025-02-11 00:00:00-05:00,11.062316646543449,11.082105630530137,10.993052843500825,11.002947807312012,2423500,0.0,0.0,0.0,ICLN,iShares Global Clean Energy ETF
2025-02-12 00:00:00-05:00,10.913894313018215,11.032631040150784,10.884210367143979,10.983158111572266,2038600,0.0,0.0,0.0,ICLN,iShares Global Clean Energy ETF
2025-02-13 00:00:00-05:00,10.98315859992438,11.111789352310678,10.98315859992438,11.101895332336426,1941000,0.0,0.0,0.0,ICLN,iShares Global Clean Energy ETF
2025-02-14 00:00:00-05:00,11.161263353418033,11.230527155838034,11.15136933333147,11.210737228393555,1807000,0.0,0.0,0.0,ICLN,iShares Global Clean Energy ETF
2025-02-18 00:00:00-05:00,11.151369103259896,11.250315907533823,11.131579176223715,11.2305269241333,1896900,0.0,0.0,0.0,ICLN,iShares Global Clean Energy ETF
2025-02-19 00:00:00-05:00,11.279999381405986,11.378947125166025,11.270105361938477,11.270105361938477,2479800,0.0,0.0,0.0,ICLN,iShares Global Clean Energy ETF
2025-02-20 00:00:00-05:00,11.319579140275497,11.408631927620211,11.26021124446948,11.398737907409668,2284800,0.0,0.0,0.0,ICLN,iShares Global Clean Energy ETF
2025-02-21 00:00:00-05:00,11.468000745013372,11.468000745013372,11.181053399474141,11.240421295166016,2225400,0.0,0.0,0.0,ICLN,iShares Global Clean Energy ETF
2025-02-24 00:00:00-05:00,11.289894696382717,11.34926353321622,11.230526803184862,11.279999732971191,2087400,0.0,0.0,0.0,ICLN,iShares Global Clean Energy ETF
2025-02-25 00:00:00-05:00,11.349263672207472,11.45810544016026,11.32947374514206,11.388842582702637,1936900,0.0,0.0,0.0,ICLN,iShares Global Clean Energy ETF
2025-02-26 00:00:00-05:00,11.477894892489399,11.596631619063832,11.418526057384371,11.428421020507812,1843000,0.0,0.0,0.0,ICLN,iShares Global Clean Energy ETF
2025-02-27 00:00:00-05:00,11.359158018011783,11.359158018011783,11.072210672780075,11.08210563659668,1664600,0.0,0.0,0.0,ICLN,iShares Global Clean Energy ETF
2025-02-28 00:00:00-05:00,11.08210526671074,11.092000230197081,10.904000642134877,10.99305248260498,2244800,0.0,0.0,0.0,ICLN,iShares Global Clean Energy ETF
2025-03-03 00:00:00-05:00,11.012842024451983,11.032631007096976,10.7555786446177,10.824841499328613,2144300,0.0,0.0,0.0,ICLN,iShares Global Clean Energy ETF
2025-03-04 00:00:00-05:00,10.795157704394146,11.101894960580674,10.755578794915463,11.012842178344727,4302800,0.0,0.0,0.0,ICLN,iShares Global Clean Energy ETF
2025-03-05 00:00:00-05:00,11.062316071555351,11.190947763507813,11.032631181664726,11.171157836914062,2712300,0.0,0.0,0.0,ICLN,iShares Global Clean Energy ETF
2025-03-06 00:00:00-05:00,11.111789240806125,11.190948005255482,11.072210330399278,11.151369094848633,1818800,0.0,0.0,0.0,ICLN,iShares Global Clean Energy ETF
2025-03-07 00:00:00-05:00,11.200842405027773,11.428421855312676,11.200842405027773,11.398737907409668,2515300,0.0,0.0,0.0,ICLN,iShares Global Clean Energy ETF
2025-03-10 00:00:00-04:00,11.299789549175062,11.458105187667043,11.260210639552065,11.329473495483398,3265100,0.0,0.0,0.0,ICLN,iShares Global Clean Energy ETF
2025-03-11 00:00:00-04:00,11.428421141232004,11.49768399655651,11.339368359451564,11.458105087280273,1892800,0.0,0.0,0.0,ICLN,iShares Global Clean Energy ETF
2025-03-12 00:00:00-04:00,11.398737778165007,11.398737778165007,11.309684991830016,11.36905288696289,2087900,0.0,0.0,0.0,ICLN,iShares Global Clean Energy ETF
2025-03-13 00:00:00-04:00,11.299790028095979,11.408631798263364,11.299790028095979,11.36905288696289,1605400,0.0,0.0,0.0,ICLN,iShares Global Clean Energy ETF
2025-03-14 00:00:00-04:00,11.477895013736207,11.517473923012444,11.438316104459972,11.458105087280273,1413300,0.0,0.0,0.0,ICLN,iShares Global Clean Energy ETF
2025-03-17 00:00:00-04:00,11.487789536885217,11.774736877624912,11.458105589535778,11.73515796661377,1530200,0.0,0.0,0.0,ICLN,iShares Global Clean Energy ETF
2025-03-18 00:00:00-04:00,11.715368380490583,11.715368380490583,11.616420636233048,11.665894508361816,1828000,0.0,0.0,0.0,ICLN,iShares Global Clean Energy ETF
2025-03-19 00:00:00-04:00,11.655999795658278,11.77473652513721,11.646105775928435,11.725263595581055,1274800,0.0,0.0,0.0,ICLN,iShares Global Clean Energy ETF
2025-03-20 00:00:00-04:00,11.675789471514694,11.745052326313594,11.616420636233048,11.665894508361816,1241800,0.0,0.0,0.0,ICLN,iShares Global Clean Energy ETF
2025-03-21 00:00:00-04:00,11.59663200378418,11.616420987051946,11.557053093612998,11.59663200378418,1808900,0.0,0.0,0.0,ICLN,iShares Global Clean Energy ETF
2025-03-24 00:00:00-04:00,11.596631741564918,11.626315687613188,11.448210124052308,11.458105087280273,1853400,0.0,0.0,0.0,ICLN,iShares Global Clean Energy ETF
2025-03-25 00:00:00-04:00,11.517474654190131,11.606526497988327,11.517474654190131,11.557053565979004,2222100,0.0,0.0,0.0,ICLN,iShares Global Clean Energy ETF
2025-03-26 00:00:00-04:00,11.477895124395985,11.547157980388263,11.349263432099153,11.408631324768066,1551100,0.0,0.0,0.0,ICLN,iShares Global Clean Energy ETF
2025-03-27 00:00:00-04:00,11.339368468775788,11.477895124395985,11.339368468775788,11.408631324768066,1628200,0.0,0.0,0.0,ICLN,iShares Global Clean Energy ETF
2025-03-28 00:00:00-04:00,11.408631324768066,11.428421251414797,11.349263432099153,11.408631324768066,1170700,0.0,0.0,0.0,ICLN,iShares Global Clean Energy ETF
2025-03-31 00:00:00-04:00,11.250315556300711,11.329473374702822,11.121683865488375,11.299789428710938,1756600,0.0,0.0,0.0,ICLN,iShares Global Clean Energy ETF
2025-04-01 00:00:00-04:00,11.309684991830016,11.378947850696928,11.230527169229067,11.36905288696289,3383500,0.0,0.0,0.0,ICLN,iShares Global Clean Energy ETF
2025-04-02 00:00:00-04:00,11.359157222279343,11.458104966242516,11.32947327654464,11.428421020507812,920200,0.0,0.0,0.0,ICLN,iShares Global Clean Energy ETF
2025-04-03 00:00:00-04:00,11.527368073611358,11.7153686025368,11.507579090566157,11.566946983337402,2573000,0.0,0.0,0.0,ICLN,iShares Global Clean Energy ETF
2025-04-04 00:00:00-04:00,11.220632171323091,11.250316118799127,10.913894901951803,10.97326374053955,4118800,0.0,0.0,0.0,ICLN,iShares Global Clean Energy ETF
2025-04-07 00:00:00-04:00,10.59726381572224,10.993052935111166,10.508211027950807,10.636842727661133,3519800,0.0,0.0,0.0,ICLN,iShares Global Clean Energy ETF
2025-04-08 00:00:00-04:00,10.913894975926855,10.913894975926855,10.359790215651948,10.448843002319336,3075600,0.0,0.0,0.0,ICLN,iShares Global Clean Energy ETF
2025-04-09 00:00:00-04:00,10.448842931496435,11.042526599195526,10.349895181728748,10.97326374053955,5375700,0.0,0.0,0.0,ICLN,iShares Global Clean Energy ETF
2025-04-10 00:00:00-04:00,10.75557947425193,10.904001101898224,10.59726382633777,10.795158386230469,2091000,0.0,0.0,0.0,ICLN,iShares Global Clean Energy ETF
2025-04-11 00:00:00-04:00,10.913894453009139,11.181052800210937,10.8644205801604,11.171157836914062,2996800,0.0,0.0,0.0,ICLN,iShares Global Clean Energy ETF
2025-04-14 00:00:00-04:00,11.16126265507531,11.329473253286006,11.141473672504674,11.270105361938477,2284300,0.0,0.0,0.0,ICLN,iShares Global Clean Energy ETF
2025-04-15 00:00:00-04:00,11.309684502398069,11.35915743165594,11.240420702892902,11.25031566619873,1652200,0.0,0.0,0.0,ICLN,iShares Global Clean Energy ETF
2025-04-16 00:00:00-04:00,11.181052920515487,11.339368560426363,11.131579047134428,11.200841903686523,1922500,0.0,0.0,0.0,ICLN,iShares Global Clean Energy ETF
2025-04-17 00:00:00-04:00,11.240421316777015,11.418526891466444,11.230527296566471,11.398737907409668,1593200,0.0,0.0,0.0,ICLN,iShares Global Clean Energy ETF
2025-04-21 00:00:00-04:00,11.398737063154302,11.418526045745393,11.270105373587542,11.349263191223145,2000500,0.0,0.0,0.0,ICLN,iShares Global Clean Energy ETF
2025-04-22 00:00:00-04:00,11.448210025979218,11.675789460094704,11.448210025979218,11.586736679077148,1699300,0.0,0.0,0.0,ICLN,iShares Global Clean Energy ETF
2025-04-23 00:00:00-04:00,11.428421725731443,11.527368532164791,11.349263903130492,11.36905288696289,1518400,0.0,0.0,0.0,ICLN,iShares Global Clean Energy ETF
2025-04-24 00:00:00-04:00,11.48778905455525,11.62631570909586,11.48778905455525,11.61642074584961,1334200,0.0,0.0,0.0,ICLN,iShares Global Clean Energy ETF
2025-04-25 00:00:00-04:00,11.537263066179348,11.745052578676388,11.537263066179348,11.725263595581055,1538000,0.0,0.0,0.0,ICLN,iShares Global Clean Energy ETF
2025-04-28 00:00:00-04:00,11.73515762488643,11.834105371350766,11.72526360514851,11.804421424865723,1701800,0.0,0.0,0.0,ICLN,iShares Global Clean Energy ETF
2025-04-29 00:00:00-04:00,11.774737126091999,11.853894949784648,11.764843105857187,11.794527053833008,880100,0.0,0.0,0.0,ICLN,iShares Global Clean Energy ETF
2025-04-30 00:00:00-04:00,11.616420876224472,11.665894749375353,11.497684146843744,11.646105766296387,1848900,0.0,0.0,0.0,ICLN,iShares Global Clean Energy ETF
2025-05-01 00:00:00-04:00,11.705473527794597,11.745052437143967,11.61642074584961,11.61642074584961,1434700,0.0,0.0,0.0,ICLN,iShares Global Clean Energy ETF
2025-05-02 00:00:00-04:00,11.72526418841412,11.784632084337424,11.685685276586689,11.71536922454834,1503500,0.0,0.0,0.0,ICLN,iShares Global Clean Energy ETF
2025-05-05 00:00:00-04:00,11.764843094549516,11.784632078635813,11.636211395263672,11.636211395263672,1269300,0.0,0.0,0.0,ICLN,iShares Global Clean Energy ETF
2025-05-06 00:00:00-04:00,11.725263354957258,11.824210155674642,11.705473428632406,11.745052337646484,2011800,0.0,0.0,0.0,ICLN,iShares Global Clean Energy ETF
2025-05-07 00:00:00-04:00,11.695578575134277,11.754947411029883,11.655999665749084,11.695578575134277,1424900,0.0,0.0,0.0,ICLN,iShares Global Clean Energy ETF
2025-05-08 00:00:00-04:00,11.754947671116375,11.853894474950808,11.695578833907192,11.834105491638184,2172000,0.0,0.0,0.0,ICLN,iShares Global Clean Energy ETF
2025-05-09 00:00:00-04:00,11.933053504008228,12.06168425748488,11.893474592868719,12.051790237426758,1592100,0.0,0.0,0.0,ICLN,iShares Global Clean Energy ETF
2025-05-12 00:00:00-04:00,12.259579176294151,12.31894706837435,12.121052522047636,12.220000267028809,3587900,0.0,0.0,0.0,ICLN,iShares Global Clean Energy ETF
2025-05-13 00:00:00-04:00,12.516841916161429,12.793895231327115,12.467368986114948,12.675158500671387,3869100,0.0,0.0,0.0,ICLN,iShares Global Clean Energy ETF
2025-05-14 00:00:00-04:00,12.714737897966017,12.823579669327698,12.69494797028079,12.793895721435547,3522200,0.0,0.0,0.0,ICLN,iShares Global Clean Energy ETF
2025-05-15 00:00:00-04:00,12.754316457655758,12.942316047297796,12.714737547013451,12.863158226013184,2736300,0.0,0.0,0.0,ICLN,iShares Global Clean Energy ETF
2025-05-16 00:00:00-04:00,12.912631616048643,12.912631616048643,12.744421016217206,12.823578834533691,1719300,0.0,0.0,0.0,ICLN,iShares Global Clean Energy ETF
2025-05-19 00:00:00-04:00,12.68505227946128,12.734526152203324,12.595999497252729,12.694947242736816,1908200,0.0,0.0,0.0,ICLN,iShares Global Clean Energy ETF
2025-05-20 00:00:00-04:00,12.803789028484418,12.922526700710835,12.803789028484418,12.853262901306152,1473800,0.0,0.0,0.0,ICLN,iShares Global Clean Energy ETF
2025-05-21 00:00:00-04:00,12.734526263209428,12.744421226571218,12.615789533774883,12.64547348022461,1636500,0.0,0.0,0.0,ICLN,iShares Global Clean Energy ETF
2025-05-22 00:00:00-04:00,12.348631146111842,12.368421072773387,12.200210470692817,12.328842163085938,3123700,0.0,0.0,0.0,ICLN,iShares Global Clean Energy ETF
2025-05-23 00:00:00-04:00,12.200210835470239,12.457474227948467,12.180421851852659,12.417895317077637,4105200,0.0,0.0,0.0,ICLN,iShares Global Clean Energy ETF
2025-05-27 00:00:00-04:00,12.497053378254972,12.536632289884107,12.447579502809628,12.477263450622559,1300800,0.0,0.0,0.0,ICLN,iShares Global Clean Energy ETF
2025-05-28 00:00:00-04:00,12.447578670784335,12.477262616613121,12.398104798645942,12.427789688110352,1847300,0.0,0.0,0.0,ICLN,iShares Global Clean Energy ETF
2025-05-29 00:00:00-04:00,12.497053378254972,12.556421273880833,12.457474466625834,12.477263450622559,1243400,0.0,0.0,0.0,ICLN,iShares Global Clean Energy ETF
2025-05-30 00:00:00-04:00,12.51684165764909,12.615789402969773,12.48715771150714,12.53663158416748,1912100,0.0,0.0,0.0,ICLN,iShares Global Clean Energy ETF
2025-06-02 00:00:00-04:00,12.556420556484603,12.58610544623721,12.41789484551497,12.457473754882812,2786200,0.0,0.0,0.0,ICLN,iShares Global Clean Energy ETF
2025-06-03 00:00:00-04:00,12.388210812336517,12.675158139145685,12.338736940065496,12.665263175964355,2596800,0.0,0.0,0.0,ICLN,iShares Global Clean Energy ETF
2025-06-04 00:00:00-04:00,12.724631430717867,12.744421357644981,12.645473610280714,12.675158500671387,1287900,0.0,0.0,0.0,ICLN,iShares Global Clean Energy ETF
2025-06-05 00:00:00-04:00,12.714737892150879,12.764210824069941,12.635580068717553,12.714737892150879,2662200,0.0,0.0,0.0,ICLN,iShares Global Clean Energy ETF
2025-06-06 00:00:00-04:00,12.754316568837826,12.833474390812475,12.734526641526328,12.813684463500977,1352800,0.0,0.0,0.0,ICLN,iShares Global Clean Energy ETF
2025-06-09 00:00:00-04:00,12.83347379773216,12.892841689651707,12.783999925375449,12.823578834533691,1040100,0.0,0.0,0.0,ICLN,iShares Global Clean Energy ETF
2025-06-10 00:00:00-04:00,13.011578801155425,13.041263691626959,12.942315943993156,12.991789817810059,1726700,0.0,0.0,0.0,ICLN,iShares Global Clean Energy ETF
2025-06-11 00:00:00-04:00,13.070947766739994,13.189684498884438,13.061052803152373,13.100631713867188,4522800,0.0,0.0,0.0,ICLN,iShares Global Clean Energy ETF
2025-06-12 00:00:00-04:00,13.070947175973933,13.150104993825874,13.051157249693135,13.110526084899902,2321400,0.0,0.0,0.0,ICLN,iShares Global Clean Energy ETF
2025-06-13 00:00:00-04:00,12.962106243763047,13.219368696465597,12.912632368523282,13.160000801086426,7836900,0.0,0.0,0.0,ICLN,iShares Global Clean Energy ETF
2025-06-16 00:00:00-04:00,13.289999961853027,13.369999885559082,13.210000038146973,13.3100004196167,2992200,0.14,0.0,0.0,ICLN,iShares Global Clean Energy ETF
2025-06-17 00:00:00-04:00,12.75,12.8100004196167,12.630000114440918,12.729999542236328,5184900,0.0,0.0,0.0,ICLN,iShares Global Clean Energy ETF
2025-06-18 00:00:00-04:00,12.729999542236328,12.8100004196167,12.680000305175781,12.699999809265137,3957100,0.0,0.0,0.0,ICLN,iShares Global Clean Energy ETF
2025-06-20 00:00:00-04:00,12.789999961853027,12.789999961853027,12.619999885559082,12.630000114440918,2828600,0.0,0.0,0.0,ICLN,iShares Global Clean Energy ETF
2025-06-23 00:00:00-04:00,12.609999656677246,12.710000038146973,12.550000190734863,12.699999809265137,2911800,0.0,0.0,0.0,ICLN,iShares Global Clean Energy ETF
2025-06-24 00:00:00-04:00,12.8100004196167,13.010000228881836,12.770000457763672,12.960000038146973,2830900,0.0,0.0,0.0,ICLN,iShares Global Clean Energy ETF
2025-06-25 00:00:00-04:00,12.90999984741211,12.9399995803833,12.829999923706055,12.899999618530273,3095800,0.0,0.0,0.0,ICLN,iShares Global Clean Energy ETF
2025-06-26 00:00:00-04:00,13.010000228881836,13.149999618530273,13.010000228881836,13.109999656677246,2219300,0.0,0.0,0.0,ICLN,iShares Global Clean Energy ETF
2025-06-27 00:00:00-04:00,13.119999885559082,13.119999885559082,12.930000305175781,13.020000457763672,2442900,0.0,0.0,0.0,ICLN,iShares Global Clean Energy ETF
2025-06-30 00:00:00-04:00,12.960000038146973,13.140000343322754,12.930000305175781,13.109999656677246,3510300,0.0,0.0,0.0,ICLN,iShares Global Clean Energy ETF
2025-07-01 00:00:00-04:00,13.119999885559082,13.300000190734863,13.010000228881836,13.220000267028809,5722500,0.0,0.0,0.0,ICLN,iShares Global Clean Energy ETF
2025-07-02 00:00:00-04:00,13.3100004196167,13.529999732971191,13.270000457763672,13.430000305175781,3992200,0.0,0.0,0.0,ICLN,iShares Global Clean Energy ETF
2025-07-03 00:00:00-04:00,13.550000190734863,13.869999885559082,13.550000190734863,13.829999923706055,3723400,0.0,0.0,0.0,ICLN,iShares Global Clean Energy ETF
2025-07-07 00:00:00-04:00,13.710000038146973,13.710000038146973,13.529999732971191,13.579999923706055,4583300,0.0,0.0,0.0,ICLN,iShares Global Clean Energy ETF
2025-07-08 00:00:00-04:00,13.510000228881836,13.520000457763672,13.420000076293945,13.470000267028809,2072500,0.0,0.0,0.0,ICLN,iShares Global Clean Energy ETF
2025-07-09 00:00:00-04:00,13.489999771118164,13.649999618530273,13.470000267028809,13.600000381469727,2524900,0.0,0.0,0.0,ICLN,iShares Global Clean Energy ETF
2025-07-10 00:00:00-04:00,13.520000457763672,13.579999923706055,13.5,13.550000190734863,1510400,0.0,0.0,0.0,ICLN,iShares Global Clean Energy ETF
2025-07-11 00:00:00-04:00,13.460000038146973,13.479999542236328,13.329999923706055,13.369999885559082,2249000,0.0,0.0,0.0,ICLN,iShares Global Clean Energy ETF
2025-07-14 00:00:00-04:00,13.390000343322754,13.479999542236328,13.34000015258789,13.390000343322754,1190000,0.0,0.0,0.0,ICLN,iShares Global Clean Energy ETF
2025-07-15 00:00:00-04:00,13.5600004196167,13.59000015258789,13.449999809265137,13.5,3067100,0.0,0.0,0.0,ICLN,iShares Global Clean Energy ETF
2025-07-16 00:00:00-04:00,13.5,13.5,13.380000114440918,13.460000038146973,2753500,0.0,0.0,0.0,ICLN,iShares Global Clean Energy ETF
2025-07-17 00:00:00-04:00,13.369999885559082,13.479999542236328,13.359999656677246,13.4399995803833,2674200,0.0,0.0,0.0,ICLN,iShares Global Clean Energy ETF
2025-07-18 00:00:00-04:00,13.569999694824219,13.65999984741211,13.569999694824219,13.579999923706055,2070900,0.0,0.0,0.0,ICLN,iShares Global Clean Energy ETF
2025-07-21 00:00:00-04:00,13.680000305175781,13.819999694824219,13.65999984741211,13.739999771118164,1876100,0.0,0.0,0.0,ICLN,iShares Global Clean Energy ETF
2025-07-22 00:00:00-04:00,13.850000381469727,14.020000457763672,13.829999923706055,13.979999542236328,4866600,0.0,0.0,0.0,ICLN,iShares Global Clean Energy ETF
2025-07-23 00:00:00-04:00,13.960000038146973,13.960000038146973,13.819999694824219,13.9399995803833,3460600,0.0,0.0,0.0,ICLN,iShares Global Clean Energy ETF
2025-07-24 00:00:00-04:00,13.90999984741211,13.970000267028809,13.899999618530273,13.920000076293945,2718300,0.0,0.0,0.0,ICLN,iShares Global Clean Energy ETF
2025-07-25 00:00:00-04:00,13.90999984741211,14.0,13.880000114440918,13.970000267028809,2406400,0.0,0.0,0.0,ICLN,iShares Global Clean Energy ETF
2025-07-28 00:00:00-04:00,13.930000305175781,13.930000305175781,13.710000038146973,13.800000190734863,4801700,0.0,0.0,0.0,ICLN,iShares Global Clean Energy ETF
2025-07-29 00:00:00-04:00,13.770000457763672,13.779999732971191,13.699999809265137,13.729999542236328,2688000,0.0,0.0,0.0,ICLN,iShares Global Clean Energy ETF
2025-07-30 00:00:00-04:00,13.609999656677246,13.680000305175781,13.510000228881836,13.550000190734863,4484900,0.0,0.0,0.0,ICLN,iShares Global Clean Energy ETF
2025-07-31 00:00:00-04:00,13.479999542236328,13.520000457763672,13.359999656677246,13.40999984741211,3843100,0.0,0.0,0.0,ICLN,iShares Global Clean Energy ETF
2025-08-01 00:00:00-04:00,13.5600004196167,13.649999618530273,13.470000267028809,13.529999732971191,4558300,0.0,0.0,0.0,ICLN,iShares Global Clean Energy ETF
2025-08-04 00:00:00-04:00,13.569999694824219,13.619999885559082,13.520000457763672,13.569999694824219,2071700,0.0,0.0,0.0,ICLN,iShares Global Clean Energy ETF
2025-08-05 00:00:00-04:00,13.59000015258789,13.65999984741211,13.5600004196167,13.59000015258789,2172100,0.0,0.0,0.0,ICLN,iShares Global Clean Energy ETF
2025-08-06 00:00:00-04:00,13.59000015258789,13.65999984741211,13.579999923706055,13.600000381469727,2030400,0.0,0.0,0.0,ICLN,iShares Global Clean Energy ETF
2025-08-07 00:00:00-04:00,13.710000038146973,13.760000228881836,13.649999618530273,13.710000038146973,2167900,0.0,0.0,0.0,ICLN,iShares Global Clean Energy ETF
2025-08-08 00:00:00-04:00,13.779999732971191,13.84000015258789,13.680000305175781,13.6899995803833,2493100,0.0,0.0,0.0,ICLN,iShares Global Clean Energy ETF
2025-08-11 00:00:00-04:00,13.550000190734863,13.649999618530273,13.510000228881836,13.529999732971191,2442200,0.0,0.0,0.0,ICLN,iShares Global Clean Energy ETF
2025-08-12 00:00:00-04:00,13.630000114440918,13.779999732971191,13.579999923706055,13.770000457763672,4590600,0.0,0.0,0.0,ICLN,iShares Global Clean Energy ETF
2025-08-13 00:00:00-04:00,13.729999542236328,13.880000114440918,13.720000267028809,13.800000190734863,2556200,0.0,0.0,0.0,ICLN,iShares Global Clean Energy ETF
2025-08-14 00:00:00-04:00,13.630000114440918,13.670000076293945,13.539999961853027,13.65999984741211,4122000,0.0,0.0,0.0,ICLN,iShares Global Clean Energy ETF
2025-08-15 00:00:00-04:00,13.720000267028809,14.210000038146973,13.6899995803833,14.100000381469727,4513200,0.0,0.0,0.0,ICLN,iShares Global Clean Energy ETF
2025-08-18 00:00:00-04:00,14.300000190734863,15.220000267028809,14.300000190734863,14.489999771118164,5585700,0.0,0.0,0.0,ICLN,iShares Global Clean Energy ETF
2025-08-19 00:00:00-04:00,14.449999809265137,14.449999809265137,13.789999961853027,14.329999923706055,5438300,0.0,0.0,0.0,ICLN,iShares Global Clean Energy ETF
2025-08-20 00:00:00-04:00,14.369999885559082,14.449999809265137,14.300000190734863,14.390000343322754,1897200,0.0,0.0,0.0,ICLN,iShares Global Clean Energy ETF
2025-08-21 00:00:00-04:00,14.25,14.270000457763672,14.140000343322754,14.180000305175781,5664100,0.0,0.0,0.0,ICLN,iShares Global Clean Energy ETF
2025-08-22 00:00:00-04:00,14.229999542236328,14.680000305175781,14.229999542236328,14.670000076293945,3665600,0.0,0.0,0.0,ICLN,iShares Global Clean Energy ETF
2025-08-25 00:00:00-04:00,14.489999771118164,14.539999961853027,14.390000343322754,14.390000343322754,2687300,0.0,0.0,0.0,ICLN,iShares Global Clean Energy ETF
2025-08-26 00:00:00-04:00,14.430000305175781,14.510000228881836,14.359999656677246,14.390000343322754,4188500,0.0,0.0,0.0,ICLN,iShares Global Clean Energy ETF
2025-08-27 00:00:00-04:00,14.430000305175781,14.430000305175781,14.300000190734863,14.34000015258789,1605300,0.0,0.0,0.0,ICLN,iShares Global Clean Energy ETF
2025-08-28 00:00:00-04:00,14.420000076293945,14.569999694824219,14.390000343322754,14.520000457763672,4602400,0.0,0.0,0.0,ICLN,iShares Global Clean Energy ETF
2025-08-29 00:00:00-04:00,14.420000076293945,14.479999542236328,14.369999885559082,14.390000343322754,2635400,0.0,0.0,0.0,ICLN,iShares Global Clean Energy ETF
2025-09-02 00:00:00-04:00,14.069999694824219,14.25,14.0,14.15999984741211,2757800,0.0,0.0,0.0,ICLN,iShares Global Clean Energy ETF
2025-09-03 00:00:00-04:00,14.180000305175781,14.289999961853027,13.649999618530273,14.199999809265137,4976800,0.0,0.0,0.0,ICLN,iShares Global Clean Energy ETF
2025-09-04 00:00:00-04:00,14.239999771118164,14.520000457763672,14.180000305175781,14.329999923706055,3844100,0.0,0.0,0.0,ICLN,iShares Global Clean Energy ETF
2025-09-05 00:00:00-04:00,14.600000381469727,14.739999771118164,14.0,14.680000305175781,4361900,0.0,0.0,0.0,ICLN,iShares Global Clean Energy ETF
2025-09-08 00:00:00-04:00,14.6899995803833,14.720000267028809,14.510000228881836,14.569999694824219,3493600,0.0,0.0,0.0,ICLN,iShares Global Clean Energy ETF
2025-09-09 00:00:00-04:00,14.510000228881836,14.539999961853027,14.329999923706055,14.390000343322754,1494700,0.0,0.0,0.0,ICLN,iShares Global Clean Energy ETF
2025-09-10 00:00:00-04:00,14.510000228881836,14.6899995803833,14.489999771118164,14.5600004196167,3754700,0.0,0.0,0.0,ICLN,iShares Global Clean Energy ETF
2025-09-11 00:00:00-04:00,14.569999694824219,14.800000190734863,14.569999694824219,14.6899995803833,3599300,0.0,0.0,0.0,ICLN,iShares Global Clean Energy ETF
2025-09-12 00:00:00-04:00,14.569999694824219,14.6899995803833,14.5600004196167,14.630000114440918,3532500,0.0,0.0,0.0,ICLN,iShares Global Clean Energy ETF
2025-09-15 00:00:00-04:00,14.699999809265137,14.850000381469727,14.609999656677246,14.8100004196167,2014600,0.0,0.0,0.0,ICLN,iShares Global Clean Energy ETF
2025-09-16 00:00:00-04:00,14.880000114440918,14.970000267028809,14.829999923706055,14.890000343322754,2539500,0.0,0.0,0.0,ICLN,iShares Global Clean Energy ETF
2025-09-17 00:00:00-04:00,14.989999771118164,15.239999771118164,14.9399995803833,15.0600004196167,4649800,0.0,0.0,0.0,ICLN,iShares Global Clean Energy ETF
2025-09-18 00:00:00-04:00,15.039999961853027,15.109999656677246,14.880000114440918,15.039999961853027,3924900,0.0,0.0,0.0,ICLN,iShares Global Clean Energy ETF
2025-09-19 00:00:00-04:00,15.069999694824219,15.1899995803833,15.069999694824219,15.170000076293945,4020700,0.0,0.0,0.0,ICLN,iShares Global Clean Energy ETF
2025-09-22 00:00:00-04:00,15.109999656677246,15.380000114440918,15.069999694824219,15.359999656677246,3035900,0.0,0.0,0.0,ICLN,iShares Global Clean Energy ETF
2025-09-23 00:00:00-04:00,15.369999885559082,15.399999618530273,15.149999618530273,15.1899995803833,3874600,0.0,0.0,0.0,ICLN,iShares Global Clean Energy ETF
2025-09-24 00:00:00-04:00,15.119999885559082,15.239999771118164,15.069999694824219,15.140000343322754,3094600,0.0,0.0,0.0,ICLN,iShares Global Clean Energy ETF
2025-09-25 00:00:00-04:00,15.029999732971191,15.170000076293945,14.960000038146973,15.15999984741211,2125200,0.0,0.0,0.0,ICLN,iShares Global Clean Energy ETF
2025-09-26 00:00:00-04:00,15.130000114440918,15.239999771118164,15.0600004196167,15.210000038146973,2705400,0.0,0.0,0.0,ICLN,iShares Global Clean Energy ETF
2025-09-29 00:00:00-04:00,15.319999694824219,15.449999809265137,15.3100004196167,15.40999984741211,2713800,0.0,0.0,0.0,ICLN,iShares Global Clean Energy ETF
2025-09-30 00:00:00-04:00,15.380000114440918,15.520000457763672,15.220000267028809,15.479999542236328,4456100,0.0,0.0,0.0,ICLN,iShares Global Clean Energy ETF
2025-10-01 00:00:00-04:00,15.539999961853027,15.930000305175781,15.539999961853027,15.880000114440918,4314200,0.0,0.0,0.0,ICLN,iShares Global Clean Energy ETF
2025-10-02 00:00:00-04:00,15.890000343322754,15.9399995803833,15.789999961853027,15.890000343322754,2728400,0.0,0.0,0.0,ICLN,iShares Global Clean Energy ETF
2025-10-03 00:00:00-04:00,15.899999618530273,16.139999389648438,15.859999656677246,15.979999542236328,2579700,0.0,0.0,0.0,ICLN,iShares Global Clean Energy ETF
2025-10-06 00:00:00-04:00,16.1299991607666,16.219999313354492,16.020000457763672,16.079999923706055,2839900,0.0,0.0,0.0,ICLN,iShares Global Clean Energy ETF
2025-10-07 00:00:00-04:00,16.1299991607666,16.1299991607666,15.859999656677246,15.890000343322754,2775300,0.0,0.0,0.0,ICLN,iShares Global Clean Energy ETF
2025-10-08 00:00:00-04:00,15.970000267028809,16.09000015258789,15.920000076293945,16.010000228881836,1502400,0.0,0.0,0.0,ICLN,iShares Global Clean Energy ETF
2025-10-09 00:00:00-04:00,16.09000015258789,16.270000457763672,16.049999237060547,16.139999389648438,3002000,0.0,0.0,0.0,ICLN,iShares Global Clean Energy ETF
2025-10-10 00:00:00-04:00,16.149999618530273,16.25,15.729999542236328,15.779999732971191,2850300,0.0,0.0,0.0,ICLN,iShares Global Clean Energy ETF
2025-10-13 00:00:00-04:00,16.200000762939453,16.5,16.15999984741211,16.3700008392334,3905100,0.0,0.0,0.0,ICLN,iShares Global Clean Energy ETF
2025-10-14 00:00:00-04:00,16.219999313354492,16.559999465942383,16.040000915527344,16.420000076293945,3088700,0.0,0.0,0.0,ICLN,iShares Global Clean Energy ETF
2025-10-15 00:00:00-04:00,16.729999542236328,16.950000762939453,16.6299991607666,16.8700008392334,4651900,0.0,0.0,0.0,ICLN,iShares Global Clean Energy ETF
2025-10-16 00:00:00-04:00,16.969999313354492,17.100000381469727,16.739999771118164,16.790000915527344,6215400,0.0,0.0,0.0,ICLN,iShares Global Clean Energy ETF
2025-10-17 00:00:00-04:00,16.600000381469727,16.670000076293945,16.479999542236328,16.530000686645508,3962000,0.0,0.0,0.0,ICLN,iShares Global Clean Energy ETF
