Date,Open,High,Low,Close,Volume,Dividends,Stock Splits,Capital Gains,Ticker,Description
2014-01-02 00:00:00-05:00,192.8000030517578,194.8000030517578,190.6999969482422,192.1999969482422,15898,0.0,0.0,0.0,KOL,VanEck Coal ETF
2014-01-03 00:00:00-05:00,190.89999389648438,191.3000030517578,187.8000030517578,188.89999389648438,11590,0.0,0.0,0.0,KOL,VanEck Coal ETF
2014-01-06 00:00:00-05:00,187.8000030517578,188.89999389648438,185.8000030517578,186.39999389648438,8545,0.0,0.0,0.0,KOL,VanEck Coal ETF
2014-01-07 00:00:00-05:00,186.8000030517578,186.89999389648438,184.3000030517578,184.39999389648438,15000,0.0,0.0,0.0,KOL,VanEck Coal ETF
2014-01-08 00:00:00-05:00,185.0,185.5,183.61000061035156,184.39999389648438,8386,0.0,0.0,0.0,KOL,VanEck Coal ETF
2014-01-09 00:00:00-05:00,184.6999969482422,184.6999969482422,180.9040069580078,181.8000030517578,13963,0.0,0.0,0.0,KOL,VanEck Coal ETF
2014-01-10 00:00:00-05:00,182.3000030517578,183.10000610351562,181.10000610351562,182.0,18195,0.0,0.0,0.0,KOL,VanEck Coal ETF
2014-01-13 00:00:00-05:00,182.6999969482422,182.89999389648438,179.89999389648438,180.3000030517578,10699,0.0,0.0,0.0,KOL,VanEck Coal ETF
2014-01-14 00:00:00-05:00,180.89999389648438,182.39999389648438,180.8000030517578,182.0,5680,0.0,0.0,0.0,KOL,VanEck Coal ETF
2014-01-15 00:00:00-05:00,181.8000030517578,184.10000610351562,181.8000030517578,183.60000610351562,8953,0.0,0.0,0.0,KOL,VanEck Coal ETF
2014-01-16 00:00:00-05:00,184.0,184.60000610351562,182.64999389648438,183.39999389648438,8244,0.0,0.0,0.0,KOL,VanEck Coal ETF
2014-01-17 00:00:00-05:00,184.5,185.3800048828125,183.6999969482422,183.8000030517578,16875,0.0,0.0,0.0,KOL,VanEck Coal ETF
2014-01-21 00:00:00-05:00,184.5,184.6999969482422,182.1999969482422,182.3000030517578,33684,0.0,0.0,0.0,KOL,VanEck Coal ETF
2014-01-22 00:00:00-05:00,183.5,186.1999969482422,183.39999389648438,183.89999389648438,9726,0.0,0.0,0.0,KOL,VanEck Coal ETF
2014-01-23 00:00:00-05:00,182.5,183.60000610351562,180.7830047607422,181.8000030517578,8451,0.0,0.0,0.0,KOL,VanEck Coal ETF
2014-01-24 00:00:00-05:00,180.8000030517578,180.8000030517578,176.4199981689453,177.0,36395,0.0,0.0,0.0,KOL,VanEck Coal ETF
2014-01-27 00:00:00-05:00,178.5,179.39999389648438,175.0,176.39999389648438,16685,0.0,0.0,0.0,KOL,VanEck Coal ETF
2014-01-28 00:00:00-05:00,177.60000610351562,179.0,176.39999389648438,178.60000610351562,5760,0.0,0.0,0.0,KOL,VanEck Coal ETF
2014-01-29 00:00:00-05:00,175.1999969482422,177.8000030517578,173.60000610351562,177.1999969482422,7229,0.0,0.0,0.0,KOL,VanEck Coal ETF
2014-01-30 00:00:00-05:00,176.39999389648438,177.3990020751953,174.5,176.8000030517578,6256,0.0,0.0,0.0,KOL,VanEck Coal ETF
2014-01-31 00:00:00-05:00,174.6999969482422,178.0,174.50100708007812,177.10000610351562,8979,0.0,0.0,0.0,KOL,VanEck Coal ETF
2014-02-03 00:00:00-05:00,176.89999389648438,176.89999389648438,172.6999969482422,172.8000030517578,10118,0.0,0.0,0.0,KOL,VanEck Coal ETF
2014-02-04 00:00:00-05:00,173.89999389648438,176.39999389648438,173.1999969482422,175.89999389648438,5752,0.0,0.0,0.0,KOL,VanEck Coal ETF
2014-02-05 00:00:00-05:00,176.1999969482422,176.1999969482422,172.8000030517578,173.5,9643,0.0,0.0,0.0,KOL,VanEck Coal ETF
2014-02-06 00:00:00-05:00,175.0,177.1999969482422,175.0,177.10000610351562,9884,0.0,0.0,0.0,KOL,VanEck Coal ETF
2014-02-07 00:00:00-05:00,177.1999969482422,177.6999969482422,176.0,177.0,19760,0.0,0.0,0.0,KOL,VanEck Coal ETF
2014-02-10 00:00:00-05:00,177.39999389648438,177.39999389648438,174.1999969482422,175.60000610351562,10575,0.0,0.0,0.0,KOL,VanEck Coal ETF
2014-02-11 00:00:00-05:00,176.0,179.2989959716797,176.0,178.5,10723,0.0,0.0,0.0,KOL,VanEck Coal ETF
2014-02-12 00:00:00-05:00,179.89999389648438,180.99600219726562,178.60000610351562,178.60000610351562,6123,0.0,0.0,0.0,KOL,VanEck Coal ETF
2014-02-13 00:00:00-05:00,176.1999969482422,179.60000610351562,176.0,179.0,8952,0.0,0.0,0.0,KOL,VanEck Coal ETF
2014-02-14 00:00:00-05:00,179.89999389648438,181.10000610351562,179.1999969482422,180.6999969482422,8209,0.0,0.0,0.0,KOL,VanEck Coal ETF
2014-02-18 00:00:00-05:00,180.6999969482422,181.0,179.1999969482422,180.1999969482422,8539,0.0,0.0,0.0,KOL,VanEck Coal ETF
2014-02-19 00:00:00-05:00,179.1999969482422,182.1999969482422,179.1999969482422,179.6999969482422,9033,0.0,0.0,0.0,KOL,VanEck Coal ETF
2014-02-20 00:00:00-05:00,179.1999969482422,180.3000030517578,178.79100036621094,180.1999969482422,4610,0.0,0.0,0.0,KOL,VanEck Coal ETF
2014-02-21 00:00:00-05:00,179.5,180.89999389648438,179.38499450683594,179.89999389648438,5110,0.0,0.0,0.0,KOL,VanEck Coal ETF
2014-02-24 00:00:00-05:00,179.8000030517578,182.5,179.77999877929688,181.0,6426,0.0,0.0,0.0,KOL,VanEck Coal ETF
2014-02-25 00:00:00-05:00,180.10000610351562,180.38499450683594,178.39999389648438,178.60000610351562,32014,0.0,0.0,0.0,KOL,VanEck Coal ETF
2014-02-26 00:00:00-05:00,178.0,179.18800354003906,176.60000610351562,178.89999389648438,3981,0.0,0.0,0.0,KOL,VanEck Coal ETF
2014-02-27 00:00:00-05:00,179.60000610351562,182.39999389648438,179.3000030517578,182.10000610351562,9890,0.0,0.0,0.0,KOL,VanEck Coal ETF
2014-02-28 00:00:00-05:00,182.5,183.1999969482422,181.50100708007812,181.89999389648438,7047,0.0,0.0,0.0,KOL,VanEck Coal ETF
2014-03-03 00:00:00-05:00,180.39999389648438,181.1999969482422,179.5,180.6999969482422,5571,0.0,0.0,0.0,KOL,VanEck Coal ETF
2014-03-04 00:00:00-05:00,182.5,183.1999969482422,182.0,182.6999969482422,5199,0.0,0.0,0.0,KOL,VanEck Coal ETF
2014-03-05 00:00:00-05:00,182.1999969482422,183.10000610351562,180.6999969482422,182.39999389648438,5730,0.0,0.0,0.0,KOL,VanEck Coal ETF
2014-03-06 00:00:00-05:00,183.89999389648438,186.89999389648438,183.89999389648438,186.60000610351562,25171,0.0,0.0,0.0,KOL,VanEck Coal ETF
2014-03-07 00:00:00-05:00,186.5,187.6999969482422,182.1999969482422,183.10000610351562,24582,0.0,0.0,0.0,KOL,VanEck Coal ETF
2014-03-10 00:00:00-04:00,181.60000610351562,181.75,178.60000610351562,180.1999969482422,18524,0.0,0.0,0.0,KOL,VanEck Coal ETF
2014-03-11 00:00:00-04:00,179.5,179.7010040283203,176.3000030517578,176.6999969482422,18104,0.0,0.0,0.0,KOL,VanEck Coal ETF
2014-03-12 00:00:00-04:00,176.10000610351562,176.5,175.0,176.0,10358,0.0,0.0,0.0,KOL,VanEck Coal ETF
2014-03-13 00:00:00-04:00,177.0,177.1999969482422,174.0,174.1999969482422,17424,0.0,0.0,0.0,KOL,VanEck Coal ETF
2014-03-14 00:00:00-04:00,174.60000610351562,176.67599487304688,174.60000610351562,175.5,16705,0.0,0.0,0.0,KOL,VanEck Coal ETF
2014-03-17 00:00:00-04:00,176.89999389648438,179.5,176.1999969482422,179.0,11321,0.0,0.0,0.0,KOL,VanEck Coal ETF
2014-03-18 00:00:00-04:00,178.6999969482422,179.89999389648438,177.95399475097656,179.39999389648438,6095,0.0,0.0,0.0,KOL,VanEck Coal ETF
2014-03-19 00:00:00-04:00,178.89999389648438,179.5989990234375,176.3000030517578,177.3000030517578,14930,0.0,0.0,0.0,KOL,VanEck Coal ETF
2014-03-20 00:00:00-04:00,174.89999389648438,176.49899291992188,174.0,175.3000030517578,13258,0.0,0.0,0.0,KOL,VanEck Coal ETF
2014-03-21 00:00:00-04:00,178.60000610351562,181.8000030517578,177.3000030517578,180.0,26790,0.0,0.0,0.0,KOL,VanEck Coal ETF
2014-03-24 00:00:00-04:00,181.0,182.10000610351562,179.00100708007812,180.89999389648438,12583,0.0,0.0,0.0,KOL,VanEck Coal ETF
2014-03-25 00:00:00-04:00,182.10000610351562,183.0,180.60000610351562,181.6999969482422,8348,0.0,0.0,0.0,KOL,VanEck Coal ETF
2014-03-26 00:00:00-04:00,183.0,183.49899291992188,180.3000030517578,180.60000610351562,19611,0.0,0.0,0.0,KOL,VanEck Coal ETF
2014-03-27 00:00:00-04:00,179.89999389648438,181.39700317382812,179.1999969482422,181.3000030517578,4722,0.0,0.0,0.0,KOL,VanEck Coal ETF
2014-03-28 00:00:00-04:00,182.8000030517578,183.59300231933594,182.10000610351562,182.1999969482422,10572,0.0,0.0,0.0,KOL,VanEck Coal ETF
2014-03-31 00:00:00-04:00,184.6999969482422,185.39999389648438,183.60000610351562,184.89999389648438,22004,0.0,0.0,0.0,KOL,VanEck Coal ETF
2014-04-01 00:00:00-04:00,185.6999969482422,185.6999969482422,183.80999755859375,185.0,21175,0.0,0.0,0.0,KOL,VanEck Coal ETF
2014-04-02 00:00:00-04:00,185.0,186.39999389648438,183.89999389648438,186.0,24139,0.0,0.0,0.0,KOL,VanEck Coal ETF
2014-04-03 00:00:00-04:00,186.39999389648438,186.5,185.10000610351562,186.1999969482422,5290,0.0,0.0,0.0,KOL,VanEck Coal ETF
2014-04-04 00:00:00-04:00,187.60000610351562,189.5989990234375,186.5,186.60000610351562,44083,0.0,0.0,0.0,KOL,VanEck Coal ETF
2014-04-07 00:00:00-04:00,187.3000030517578,188.60000610351562,186.10000610351562,186.5,25791,0.0,0.0,0.0,KOL,VanEck Coal ETF
2014-04-08 00:00:00-04:00,187.39999389648438,191.1999969482422,187.39999389648438,190.0,23140,0.0,0.0,0.0,KOL,VanEck Coal ETF
2014-04-09 00:00:00-04:00,190.1999969482422,190.6999969482422,188.39999389648438,190.0,17875,0.0,0.0,0.0,KOL,VanEck Coal ETF
2014-04-10 00:00:00-04:00,188.89999389648438,190.0989990234375,186.1999969482422,187.5,16740,0.0,0.0,0.0,KOL,VanEck Coal ETF
2014-04-11 00:00:00-04:00,187.0,188.39999389648438,185.8000030517578,186.3000030517578,10329,0.0,0.0,0.0,KOL,VanEck Coal ETF
2014-04-14 00:00:00-04:00,188.3000030517578,189.5989990234375,186.8000030517578,187.89999389648438,11256,0.0,0.0,0.0,KOL,VanEck Coal ETF
2014-04-15 00:00:00-04:00,187.3000030517578,188.08999633789062,184.0,186.60000610351562,46638,0.0,0.0,0.0,KOL,VanEck Coal ETF
2014-04-16 00:00:00-04:00,187.10000610351562,188.0,186.3000030517578,187.60000610351562,12220,0.0,0.0,0.0,KOL,VanEck Coal ETF
2014-04-17 00:00:00-04:00,188.39999389648438,189.5,186.60000610351562,188.10000610351562,5373,0.0,0.0,0.0,KOL,VanEck Coal ETF
2014-04-21 00:00:00-04:00,189.10000610351562,189.5,187.3000030517578,188.6999969482422,12190,0.0,0.0,0.0,KOL,VanEck Coal ETF
2014-04-22 00:00:00-04:00,189.39999389648438,189.49600219726562,187.5,188.3000030517578,43815,0.0,0.0,0.0,KOL,VanEck Coal ETF
2014-04-23 00:00:00-04:00,187.10000610351562,188.3000030517578,186.60000610351562,187.6999969482422,5652,0.0,0.0,0.0,KOL,VanEck Coal ETF
2014-04-24 00:00:00-04:00,188.1999969482422,189.3000030517578,186.6999969482422,188.39999389648438,12177,0.0,0.0,0.0,KOL,VanEck Coal ETF
2014-04-25 00:00:00-04:00,187.3000030517578,188.75,186.0,187.3000030517578,20208,0.0,0.0,0.0,KOL,VanEck Coal ETF
2014-04-28 00:00:00-04:00,186.60000610351562,187.8000030517578,185.60000610351562,186.6999969482422,15447,0.0,0.0,0.0,KOL,VanEck Coal ETF
2014-04-29 00:00:00-04:00,188.1999969482422,190.0,187.6999969482422,189.6999969482422,26156,0.0,0.0,0.0,KOL,VanEck Coal ETF
2014-04-30 00:00:00-04:00,189.8000030517578,191.3000030517578,189.0,190.3000030517578,27699,0.0,0.0,0.0,KOL,VanEck Coal ETF
2014-05-01 00:00:00-04:00,191.1999969482422,191.89999389648438,190.39999389648438,190.6999969482422,24516,0.0,0.0,0.0,KOL,VanEck Coal ETF
2014-05-02 00:00:00-04:00,191.1999969482422,192.69900512695312,190.10000610351562,191.1999969482422,10054,0.0,0.0,0.0,KOL,VanEck Coal ETF
2014-05-05 00:00:00-04:00,190.39999389648438,190.39999389648438,188.0,189.3000030517578,10863,0.0,0.0,0.0,KOL,VanEck Coal ETF
2014-05-06 00:00:00-04:00,189.5,189.5,188.0,188.60000610351562,13028,0.0,0.0,0.0,KOL,VanEck Coal ETF
2014-05-07 00:00:00-04:00,188.60000610351562,189.0,186.8000030517578,188.10000610351562,5302,0.0,0.0,0.0,KOL,VanEck Coal ETF
2014-05-08 00:00:00-04:00,187.6999969482422,188.0989990234375,185.0,185.1999969482422,26449,0.0,0.0,0.0,KOL,VanEck Coal ETF
2014-05-09 00:00:00-04:00,185.5,186.89999389648438,185.0,186.3000030517578,6801,0.0,0.0,0.0,KOL,VanEck Coal ETF
2014-05-12 00:00:00-04:00,188.5,193.4949951171875,188.5,190.8000030517578,35809,0.0,0.0,0.0,KOL,VanEck Coal ETF
2014-05-13 00:00:00-04:00,191.60000610351562,192.99899291992188,190.5,190.8000030517578,11572,0.0,0.0,0.0,KOL,VanEck Coal ETF
2014-05-14 00:00:00-04:00,191.3000030517578,192.39999389648438,190.0,191.60000610351562,8036,0.0,0.0,0.0,KOL,VanEck Coal ETF
2014-05-15 00:00:00-04:00,190.6999969482422,191.89999389648438,188.5,189.39999389648438,9406,0.0,0.0,0.0,KOL,VanEck Coal ETF
2014-05-16 00:00:00-04:00,189.8000030517578,190.6999969482422,188.8000030517578,190.6999969482422,7683,0.0,0.0,0.0,KOL,VanEck Coal ETF
2014-05-19 00:00:00-04:00,190.0,190.60000610351562,189.5,189.60000610351562,7760,0.0,0.0,0.0,KOL,VanEck Coal ETF
2014-05-20 00:00:00-04:00,188.5,188.8000030517578,186.0,186.39999389648438,9901,0.0,0.0,0.0,KOL,VanEck Coal ETF
2014-05-21 00:00:00-04:00,187.8000030517578,188.2550048828125,186.6999969482422,187.1999969482422,11089,0.0,0.0,0.0,KOL,VanEck Coal ETF
2014-05-22 00:00:00-04:00,187.3000030517578,188.60000610351562,187.10000610351562,187.1999969482422,23724,0.0,0.0,0.0,KOL,VanEck Coal ETF
2014-05-23 00:00:00-04:00,187.0,188.5,187.0,187.10000610351562,3165,0.0,0.0,0.0,KOL,VanEck Coal ETF
2014-05-27 00:00:00-04:00,187.0,188.3000030517578,186.2010040283203,186.89999389648438,25310,0.0,0.0,0.0,KOL,VanEck Coal ETF
2014-05-28 00:00:00-04:00,187.6999969482422,189.5,184.6999969482422,185.8000030517578,32501,0.0,0.0,0.0,KOL,VanEck Coal ETF
2014-05-29 00:00:00-04:00,186.5,186.89999389648438,185.89999389648438,186.6999969482422,4974,0.0,0.0,0.0,KOL,VanEck Coal ETF
2014-05-30 00:00:00-04:00,186.0,186.0,183.1999969482422,183.5,22255,0.0,0.0,0.0,KOL,VanEck Coal ETF
2014-06-02 00:00:00-04:00,184.10000610351562,186.60000610351562,183.21299743652344,184.6999969482422,10857,0.0,0.0,0.0,KOL,VanEck Coal ETF
2014-06-03 00:00:00-04:00,184.10000610351562,184.7989959716797,183.39999389648438,184.6999969482422,8915,0.0,0.0,0.0,KOL,VanEck Coal ETF
2014-06-04 00:00:00-04:00,184.5,185.0570068359375,183.10000610351562,184.6999969482422,8310,0.0,0.0,0.0,KOL,VanEck Coal ETF
2014-06-05 00:00:00-04:00,185.1999969482422,187.39999389648438,184.60000610351562,187.3000030517578,7437,0.0,0.0,0.0,KOL,VanEck Coal ETF
2014-06-06 00:00:00-04:00,187.6999969482422,189.1999969482422,187.3000030517578,188.39999389648438,8153,0.0,0.0,0.0,KOL,VanEck Coal ETF
2014-06-09 00:00:00-04:00,189.5,189.60000610351562,188.60000610351562,189.3000030517578,13778,0.0,0.0,0.0,KOL,VanEck Coal ETF
2014-06-10 00:00:00-04:00,189.1999969482422,189.1999969482422,187.5,187.60000610351562,9283,0.0,0.0,0.0,KOL,VanEck Coal ETF
2014-06-11 00:00:00-04:00,186.39999389648438,187.60000610351562,185.6999969482422,187.5,6246,0.0,0.0,0.0,KOL,VanEck Coal ETF
2014-06-12 00:00:00-04:00,187.39999389648438,187.5,184.10000610351562,185.0,6279,0.0,0.0,0.0,KOL,VanEck Coal ETF
2014-06-13 00:00:00-04:00,186.5,188.10000610351562,185.30099487304688,186.89999389648438,9888,0.0,0.0,0.0,KOL,VanEck Coal ETF
2014-06-16 00:00:00-04:00,186.39999389648438,186.39999389648438,184.0,185.5,11653,0.0,0.0,0.0,KOL,VanEck Coal ETF
2014-06-17 00:00:00-04:00,185.6999969482422,186.10000610351562,184.0,185.3000030517578,7698,0.0,0.0,0.0,KOL,VanEck Coal ETF
2014-06-18 00:00:00-04:00,185.3000030517578,186.89999389648438,184.3000030517578,186.60000610351562,4449,0.0,0.0,0.0,KOL,VanEck Coal ETF
2014-06-19 00:00:00-04:00,186.89999389648438,187.8000030517578,185.6529998779297,187.6999969482422,9687,0.0,0.0,0.0,KOL,VanEck Coal ETF
2014-06-20 00:00:00-04:00,187.39999389648438,188.0,185.8000030517578,187.3000030517578,11027,0.0,0.0,0.0,KOL,VanEck Coal ETF
2014-06-23 00:00:00-04:00,187.8000030517578,188.0,186.7100067138672,186.8000030517578,12571,0.0,0.0,0.0,KOL,VanEck Coal ETF
2014-06-24 00:00:00-04:00,187.0,187.0,184.10000610351562,184.60000610351562,14145,0.0,0.0,0.0,KOL,VanEck Coal ETF
2014-06-25 00:00:00-04:00,184.5,185.7989959716797,183.6999969482422,185.10000610351562,11994,0.0,0.0,0.0,KOL,VanEck Coal ETF
2014-06-26 00:00:00-04:00,186.10000610351562,186.5,185.1719970703125,185.8000030517578,10598,0.0,0.0,0.0,KOL,VanEck Coal ETF
2014-06-27 00:00:00-04:00,186.10000610351562,186.89999389648438,185.5,186.6999969482422,5589,0.0,0.0,0.0,KOL,VanEck Coal ETF
2014-06-30 00:00:00-04:00,187.3000030517578,187.5,186.10000610351562,187.1999969482422,6160,0.0,0.0,0.0,KOL,VanEck Coal ETF
2014-07-01 00:00:00-04:00,187.8000030517578,189.0,186.8000030517578,187.1999969482422,4674,0.0,0.0,0.0,KOL,VanEck Coal ETF
2014-07-02 00:00:00-04:00,187.39999389648438,188.3990020751953,187.39999389648438,188.3000030517578,5310,0.0,0.0,0.0,KOL,VanEck Coal ETF
2014-07-03 00:00:00-04:00,188.1999969482422,189.0,188.0,189.0,2697,0.0,0.0,0.0,KOL,VanEck Coal ETF
2014-07-07 00:00:00-04:00,189.0,190.0,187.5,188.1999969482422,7671,0.0,0.0,0.0,KOL,VanEck Coal ETF
2014-07-08 00:00:00-04:00,187.60000610351562,187.6999969482422,186.00100708007812,186.8000030517578,9523,0.0,0.0,0.0,KOL,VanEck Coal ETF
2014-07-09 00:00:00-04:00,187.10000610351562,188.10000610351562,186.31199645996094,188.10000610351562,3572,0.0,0.0,0.0,KOL,VanEck Coal ETF
2014-07-10 00:00:00-04:00,185.6999969482422,186.29800415039062,184.5,186.0,9252,0.0,0.0,0.0,KOL,VanEck Coal ETF
2014-07-11 00:00:00-04:00,185.0,185.77999877929688,184.6999969482422,185.60000610351562,4349,0.0,0.0,0.0,KOL,VanEck Coal ETF
2014-07-14 00:00:00-04:00,185.8000030517578,187.0,185.60000610351562,186.3000030517578,4232,0.0,0.0,0.0,KOL,VanEck Coal ETF
2014-07-15 00:00:00-04:00,186.3000030517578,186.3000030517578,184.39999389648438,185.5,7661,0.0,0.0,0.0,KOL,VanEck Coal ETF
2014-07-16 00:00:00-04:00,186.0,187.5,185.1999969482422,187.10000610351562,4386,0.0,0.0,0.0,KOL,VanEck Coal ETF
2014-07-17 00:00:00-04:00,185.6999969482422,186.3820037841797,183.10000610351562,184.0,8579,0.0,0.0,0.0,KOL,VanEck Coal ETF
2014-07-18 00:00:00-04:00,185.60000610351562,186.10000610351562,184.57000732421875,185.0,12474,0.0,0.0,0.0,KOL,VanEck Coal ETF
2014-07-21 00:00:00-04:00,185.3000030517578,186.0,183.8000030517578,185.39999389648438,36632,0.0,0.0,0.0,KOL,VanEck Coal ETF
2014-07-22 00:00:00-04:00,187.0,187.28599548339844,186.10000610351562,186.1999969482422,3553,0.0,0.0,0.0,KOL,VanEck Coal ETF
2014-07-23 00:00:00-04:00,187.39999389648438,187.8000030517578,186.8000030517578,187.0,8018,0.0,0.0,0.0,KOL,VanEck Coal ETF
2014-07-24 00:00:00-04:00,187.1999969482422,189.89999389648438,187.1999969482422,189.60000610351562,26953,0.0,0.0,0.0,KOL,VanEck Coal ETF
2014-07-25 00:00:00-04:00,189.89999389648438,190.6999969482422,189.50999450683594,190.3000030517578,16351,0.0,0.0,0.0,KOL,VanEck Coal ETF
2014-07-28 00:00:00-04:00,190.6999969482422,192.99899291992188,190.3000030517578,192.1999969482422,23206,0.0,0.0,0.0,KOL,VanEck Coal ETF
2014-07-29 00:00:00-04:00,192.89999389648438,193.6999969482422,192.3000030517578,193.0,22558,0.0,0.0,0.0,KOL,VanEck Coal ETF
2014-07-30 00:00:00-04:00,194.89999389648438,194.89999389648438,190.3000030517578,190.5,24087,0.0,0.0,0.0,KOL,VanEck Coal ETF
2014-07-31 00:00:00-04:00,189.3000030517578,190.3000030517578,186.8000030517578,187.39999389648438,26756,0.0,0.0,0.0,KOL,VanEck Coal ETF
2014-08-01 00:00:00-04:00,187.6999969482422,189.49899291992188,187.3000030517578,188.5,18111,0.0,0.0,0.0,KOL,VanEck Coal ETF
2014-08-04 00:00:00-04:00,191.1999969482422,193.0989990234375,191.1999969482422,192.6999969482422,21538,0.0,0.0,0.0,KOL,VanEck Coal ETF
2014-08-05 00:00:00-04:00,191.89999389648438,192.89999389648438,190.1719970703125,190.8000030517578,12549,0.0,0.0,0.0,KOL,VanEck Coal ETF
2014-08-06 00:00:00-04:00,190.0,191.7989959716797,189.60000610351562,191.1999969482422,6330,0.0,0.0,0.0,KOL,VanEck Coal ETF
2014-08-07 00:00:00-04:00,192.10000610351562,192.5,190.60000610351562,191.10000610351562,7617,0.0,0.0,0.0,KOL,VanEck Coal ETF
2014-08-08 00:00:00-04:00,191.5,192.6999969482422,191.10000610351562,192.39999389648438,25356,0.0,0.0,0.0,KOL,VanEck Coal ETF
2014-08-11 00:00:00-04:00,193.39999389648438,195.10000610351562,193.0,194.89999389648438,12747,0.0,0.0,0.0,KOL,VanEck Coal ETF
2014-08-12 00:00:00-04:00,194.0,194.89999389648438,193.0,193.5,24437,0.0,0.0,0.0,KOL,VanEck Coal ETF
2014-08-13 00:00:00-04:00,195.0,196.3000030517578,193.6999969482422,196.1999969482422,45477,0.0,0.0,0.0,KOL,VanEck Coal ETF
2014-08-14 00:00:00-04:00,196.3000030517578,196.39999389648438,195.50100708007812,196.1999969482422,18184,0.0,0.0,0.0,KOL,VanEck Coal ETF
2014-08-15 00:00:00-04:00,196.39999389648438,196.7989959716797,194.05999755859375,195.0,6707,0.0,0.0,0.0,KOL,VanEck Coal ETF
2014-08-18 00:00:00-04:00,195.0,197.3000030517578,195.0,195.8000030517578,12870,0.0,0.0,0.0,KOL,VanEck Coal ETF
2014-08-19 00:00:00-04:00,197.5,197.5,196.0,196.5,20572,0.0,0.0,0.0,KOL,VanEck Coal ETF
2014-08-20 00:00:00-04:00,196.60000610351562,196.60000610351562,195.6999969482422,196.10000610351562,8292,0.0,0.0,0.0,KOL,VanEck Coal ETF
2014-08-21 00:00:00-04:00,196.39999389648438,196.39999389648438,194.8000030517578,195.3000030517578,7390,0.0,0.0,0.0,KOL,VanEck Coal ETF
2014-08-22 00:00:00-04:00,195.5,195.8000030517578,192.60000610351562,192.6999969482422,58893,0.0,0.0,0.0,KOL,VanEck Coal ETF
2014-08-25 00:00:00-04:00,192.60000610351562,192.6999969482422,191.3000030517578,191.8000030517578,8561,0.0,0.0,0.0,KOL,VanEck Coal ETF
2014-08-26 00:00:00-04:00,192.0,193.60000610351562,192.0,193.1999969482422,5304,0.0,0.0,0.0,KOL,VanEck Coal ETF
2014-08-27 00:00:00-04:00,193.8000030517578,194.89999389648438,193.1999969482422,194.60000610351562,5886,0.0,0.0,0.0,KOL,VanEck Coal ETF
2014-08-28 00:00:00-04:00,193.89999389648438,193.89999389648438,192.5,192.5,5126,0.0,0.0,0.0,KOL,VanEck Coal ETF
2014-08-29 00:00:00-04:00,194.1999969482422,195.0,192.60000610351562,193.5,4370,0.0,0.0,0.0,KOL,VanEck Coal ETF
2014-09-02 00:00:00-04:00,193.60000610351562,195.39999389648438,192.8000030517578,192.89999389648438,8926,0.0,0.0,0.0,KOL,VanEck Coal ETF
2014-09-03 00:00:00-04:00,195.0,196.5,194.39999389648438,194.6999969482422,9504,0.0,0.0,0.0,KOL,VanEck Coal ETF
2014-09-04 00:00:00-04:00,195.0,195.10000610351562,192.10000610351562,193.0,8797,0.0,0.0,0.0,KOL,VanEck Coal ETF
2014-09-05 00:00:00-04:00,192.50799560546875,193.39999389648438,192.17999267578125,193.1999969482422,4171,0.0,0.0,0.0,KOL,VanEck Coal ETF
2014-09-08 00:00:00-04:00,192.0,192.8000030517578,191.10000610351562,191.60000610351562,12666,0.0,0.0,0.0,KOL,VanEck Coal ETF
2014-09-09 00:00:00-04:00,191.0,191.0,188.0,188.5,18816,0.0,0.0,0.0,KOL,VanEck Coal ETF
2014-09-10 00:00:00-04:00,187.8000030517578,188.4250030517578,186.0,187.10000610351562,19948,0.0,0.0,0.0,KOL,VanEck Coal ETF
2014-09-11 00:00:00-04:00,185.6999969482422,185.6999969482422,184.5,185.3000030517578,11634,0.0,0.0,0.0,KOL,VanEck Coal ETF
2014-09-12 00:00:00-04:00,184.89999389648438,185.3000030517578,183.8000030517578,184.5,6340,0.0,0.0,0.0,KOL,VanEck Coal ETF
2014-09-15 00:00:00-04:00,183.89999389648438,184.5,182.39999389648438,183.10000610351562,15578,0.0,0.0,0.0,KOL,VanEck Coal ETF
2014-09-16 00:00:00-04:00,181.89999389648438,184.60000610351562,181.1999969482422,183.89999389648438,19801,0.0,0.0,0.0,KOL,VanEck Coal ETF
2014-09-17 00:00:00-04:00,184.8000030517578,184.8990020751953,183.0,183.10000610351562,3355,0.0,0.0,0.0,KOL,VanEck Coal ETF
2014-09-18 00:00:00-04:00,183.5,183.5,181.39999389648438,182.1999969482422,11123,0.0,0.0,0.0,KOL,VanEck Coal ETF
2014-09-19 00:00:00-04:00,182.5,183.0,180.0,180.6999969482422,8792,0.0,0.0,0.0,KOL,VanEck Coal ETF
2014-09-22 00:00:00-04:00,179.8000030517578,180.0399932861328,176.89999389648438,177.8000030517578,15481,0.0,0.0,0.0,KOL,VanEck Coal ETF
2014-09-23 00:00:00-04:00,177.39999389648438,177.5989990234375,175.6999969482422,175.8000030517578,11136,0.0,0.0,0.0,KOL,VanEck Coal ETF
2014-09-24 00:00:00-04:00,177.39999389648438,177.39999389648438,175.7010040283203,176.60000610351562,17521,0.0,0.0,0.0,KOL,VanEck Coal ETF
2014-09-25 00:00:00-04:00,175.5,175.98399353027344,172.1999969482422,173.8000030517578,15687,0.0,0.0,0.0,KOL,VanEck Coal ETF
2014-09-26 00:00:00-04:00,172.5,173.8000030517578,172.0,172.60000610351562,30376,0.0,0.0,0.0,KOL,VanEck Coal ETF
2014-09-29 00:00:00-04:00,170.60000610351562,172.3990020751953,170.0,170.89999389648438,10860,0.0,0.0,0.0,KOL,VanEck Coal ETF
2014-09-30 00:00:00-04:00,170.60000610351562,171.5,170.00100708007812,171.10000610351562,15075,0.0,0.0,0.0,KOL,VanEck Coal ETF
2014-10-01 00:00:00-04:00,171.10000610351562,171.3990020751953,168.60000610351562,169.10000610351562,10294,0.0,0.0,0.0,KOL,VanEck Coal ETF
2014-10-02 00:00:00-04:00,169.89999389648438,170.10000610351562,166.60000610351562,169.1999969482422,35758,0.0,0.0,0.0,KOL,VanEck Coal ETF
2014-10-03 00:00:00-04:00,169.6999969482422,169.6999969482422,167.8000030517578,168.3000030517578,16827,0.0,0.0,0.0,KOL,VanEck Coal ETF
2014-10-06 00:00:00-04:00,170.0,172.5,167.89999389648438,168.60000610351562,12910,0.0,0.0,0.0,KOL,VanEck Coal ETF
2014-10-07 00:00:00-04:00,168.39999389648438,168.39999389648438,165.6009979248047,166.5,10244,0.0,0.0,0.0,KOL,VanEck Coal ETF
2014-10-08 00:00:00-04:00,165.89999389648438,167.34500122070312,162.50100708007812,167.10000610351562,12085,0.0,0.0,0.0,KOL,VanEck Coal ETF
2014-10-09 00:00:00-04:00,165.6999969482422,165.6999969482422,161.2030029296875,161.60000610351562,22103,0.0,0.0,0.0,KOL,VanEck Coal ETF
2014-10-10 00:00:00-04:00,160.6999969482422,161.1999969482422,158.0,158.8000030517578,21945,0.0,0.0,0.0,KOL,VanEck Coal ETF
2014-10-13 00:00:00-04:00,159.89999389648438,160.5,157.5,157.60000610351562,15511,0.0,0.0,0.0,KOL,VanEck Coal ETF
2014-10-14 00:00:00-04:00,158.1999969482422,159.60000610351562,156.35499572753906,157.5,16068,0.0,0.0,0.0,KOL,VanEck Coal ETF
2014-10-15 00:00:00-04:00,154.6999969482422,158.0,152.1999969482422,157.8000030517578,31463,0.0,0.0,0.0,KOL,VanEck Coal ETF
2014-10-16 00:00:00-04:00,154.8000030517578,162.5,154.5,161.60000610351562,32281,0.0,0.0,0.0,KOL,VanEck Coal ETF
2014-10-17 00:00:00-04:00,162.5,163.10000610351562,160.4010009765625,160.6999969482422,9929,0.0,0.0,0.0,KOL,VanEck Coal ETF
2014-10-20 00:00:00-04:00,161.3000030517578,162.22799682617188,160.5,161.6999969482422,4373,0.0,0.0,0.0,KOL,VanEck Coal ETF
2014-10-21 00:00:00-04:00,162.3000030517578,163.4759979248047,161.89999389648438,163.1999969482422,5473,0.0,0.0,0.0,KOL,VanEck Coal ETF
2014-10-22 00:00:00-04:00,163.10000610351562,164.39999389648438,161.72799682617188,161.89999389648438,11609,0.0,0.0,0.0,KOL,VanEck Coal ETF
2014-10-23 00:00:00-04:00,163.3000030517578,164.89999389648438,162.8000030517578,163.89999389648438,6845,0.0,0.0,0.0,KOL,VanEck Coal ETF
2014-10-24 00:00:00-04:00,164.0,164.5989990234375,163.0,163.8000030517578,5823,0.0,0.0,0.0,KOL,VanEck Coal ETF
2014-10-27 00:00:00-04:00,162.39999389648438,162.39999389648438,160.5050048828125,161.60000610351562,11117,0.0,0.0,0.0,KOL,VanEck Coal ETF
2014-10-28 00:00:00-04:00,162.3000030517578,165.39999389648438,161.43699645996094,165.0,33800,0.0,0.0,0.0,KOL,VanEck Coal ETF
2014-10-29 00:00:00-04:00,166.60000610351562,167.0,163.8000030517578,164.60000610351562,12953,0.0,0.0,0.0,KOL,VanEck Coal ETF
2014-10-30 00:00:00-04:00,164.3000030517578,165.89999389648438,163.7010040283203,165.3000030517578,14629,0.0,0.0,0.0,KOL,VanEck Coal ETF
2014-10-31 00:00:00-04:00,166.5,167.1999969482422,164.60000610351562,167.0,11134,0.0,0.0,0.0,KOL,VanEck Coal ETF
2014-11-03 00:00:00-05:00,166.89999389648438,167.6999969482422,165.4499969482422,165.89999389648438,47209,0.0,0.0,0.0,KOL,VanEck Coal ETF
2014-11-04 00:00:00-05:00,165.89999389648438,166.89500427246094,164.00100708007812,165.6999969482422,8874,0.0,0.0,0.0,KOL,VanEck Coal ETF
2014-11-05 00:00:00-05:00,167.3000030517578,167.60000610351562,164.6999969482422,166.3000030517578,56824,0.0,0.0,0.0,KOL,VanEck Coal ETF
2014-11-06 00:00:00-05:00,167.39999389648438,169.10000610351562,166.10000610351562,166.3000030517578,24671,0.0,0.0,0.0,KOL,VanEck Coal ETF
2014-11-07 00:00:00-05:00,167.5,169.6999969482422,167.1999969482422,169.39999389648438,23864,0.0,0.0,0.0,KOL,VanEck Coal ETF
2014-11-10 00:00:00-05:00,171.1999969482422,172.10000610351562,168.10000610351562,168.39999389648438,24449,0.0,0.0,0.0,KOL,VanEck Coal ETF
2014-11-11 00:00:00-05:00,168.1999969482422,168.39999389648438,167.3000030517578,168.10000610351562,7906,0.0,0.0,0.0,KOL,VanEck Coal ETF
2014-11-12 00:00:00-05:00,167.1999969482422,168.89999389648438,166.39999389648438,168.39999389648438,13154,0.0,0.0,0.0,KOL,VanEck Coal ETF
2014-11-13 00:00:00-05:00,168.60000610351562,168.60000610351562,166.0,166.39999389648438,13353,0.0,0.0,0.0,KOL,VanEck Coal ETF
2014-11-14 00:00:00-05:00,166.1999969482422,168.5,166.10000610351562,168.3000030517578,8921,0.0,0.0,0.0,KOL,VanEck Coal ETF
2014-11-17 00:00:00-05:00,166.89999389648438,167.6999969482422,166.0,167.39999389648438,6707,0.0,0.0,0.0,KOL,VanEck Coal ETF
2014-11-18 00:00:00-05:00,167.0,167.6999969482422,166.6009979248047,167.5,5264,0.0,0.0,0.0,KOL,VanEck Coal ETF
2014-11-19 00:00:00-05:00,166.60000610351562,166.6999969482422,163.8000030517578,164.1999969482422,19701,0.0,0.0,0.0,KOL,VanEck Coal ETF
2014-11-20 00:00:00-05:00,163.10000610351562,164.60000610351562,162.8350067138672,164.60000610351562,8045,0.0,0.0,0.0,KOL,VanEck Coal ETF
2014-11-21 00:00:00-05:00,168.10000610351562,169.1999969482422,167.1999969482422,168.3000030517578,16914,0.0,0.0,0.0,KOL,VanEck Coal ETF
2014-11-24 00:00:00-05:00,168.89999389648438,168.89999389648438,166.8000030517578,167.1999969482422,6377,0.0,0.0,0.0,KOL,VanEck Coal ETF
2014-11-25 00:00:00-05:00,167.10000610351562,167.10000610351562,165.1999969482422,165.5,15845,0.0,0.0,0.0,KOL,VanEck Coal ETF
2014-11-26 00:00:00-05:00,166.1999969482422,167.10000610351562,165.5,167.10000610351562,4601,0.0,0.0,0.0,KOL,VanEck Coal ETF
2014-11-28 00:00:00-05:00,165.10000610351562,165.10000610351562,162.10000610351562,162.10000610351562,11038,0.0,0.0,0.0,KOL,VanEck Coal ETF
2014-12-01 00:00:00-05:00,160.5,160.5,156.39999389648438,156.85000610351562,33879,0.0,0.0,0.0,KOL,VanEck Coal ETF
2014-12-02 00:00:00-05:00,158.1999969482422,159.8990020751953,157.5,158.1999969482422,28977,0.0,0.0,0.0,KOL,VanEck Coal ETF
2014-12-03 00:00:00-05:00,159.0,161.3000030517578,158.39999389648438,159.39999389648438,26890,0.0,0.0,0.0,KOL,VanEck Coal ETF
2014-12-04 00:00:00-05:00,161.89999389648438,161.89999389648438,160.0,160.5,17101,0.0,0.0,0.0,KOL,VanEck Coal ETF
2014-12-05 00:00:00-05:00,159.89999389648438,160.0,158.50100708007812,159.3000030517578,8804,0.0,0.0,0.0,KOL,VanEck Coal ETF
2014-12-08 00:00:00-05:00,157.89999389648438,157.89999389648438,154.39999389648438,155.10000610351562,21713,0.0,0.0,0.0,KOL,VanEck Coal ETF
2014-12-09 00:00:00-05:00,152.8000030517578,155.5,152.5,155.5,15245,0.0,0.0,0.0,KOL,VanEck Coal ETF
2014-12-10 00:00:00-05:00,154.5,154.5,150.60000610351562,151.0,20812,0.0,0.0,0.0,KOL,VanEck Coal ETF
2014-12-11 00:00:00-05:00,150.60000610351562,151.38600158691406,149.3000030517578,149.6999969482422,15343,0.0,0.0,0.0,KOL,VanEck Coal ETF
2014-12-12 00:00:00-05:00,149.10000610351562,149.8280029296875,146.10000610351562,146.60000610351562,16621,0.0,0.0,0.0,KOL,VanEck Coal ETF
2014-12-15 00:00:00-05:00,146.39999389648438,146.39999389648438,142.89999389648438,143.3000030517578,16655,0.0,0.0,0.0,KOL,VanEck Coal ETF
2014-12-16 00:00:00-05:00,142.89999389648438,146.6999969482422,142.49899291992188,144.5,15403,0.0,0.0,0.0,KOL,VanEck Coal ETF
2014-12-17 00:00:00-05:00,145.10000610351562,148.89999389648438,144.8000030517578,148.10000610351562,22876,0.0,0.0,0.0,KOL,VanEck Coal ETF
2014-12-18 00:00:00-05:00,150.5,151.5,148.6999969482422,149.89999389648438,9306,0.0,0.0,0.0,KOL,VanEck Coal ETF
2014-12-19 00:00:00-05:00,150.60000610351562,151.89999389648438,149.6009979248047,151.6999969482422,8628,0.0,0.0,0.0,KOL,VanEck Coal ETF
2014-12-22 00:00:00-05:00,150.3000030517578,150.3000030517578,147.5,147.6999969482422,20120,0.0,0.0,0.0,KOL,VanEck Coal ETF
2014-12-23 00:00:00-05:00,146.60000610351562,147.5,146.1999969482422,147.10000610351562,9452,0.0,0.0,0.0,KOL,VanEck Coal ETF
2014-12-24 00:00:00-05:00,146.8000030517578,147.5,146.5,147.0,5061,0.0,0.0,0.0,KOL,VanEck Coal ETF
2014-12-26 00:00:00-05:00,148.1999969482422,149.3000030517578,147.8000030517578,148.10000610351562,8440,0.0,0.0,0.0,KOL,VanEck Coal ETF
2014-12-29 00:00:00-05:00,148.0,148.5,147.30999755859375,147.60000610351562,19288,0.0,0.0,0.0,KOL,VanEck Coal ETF
2014-12-30 00:00:00-05:00,146.8000030517578,147.0,146.1999969482422,146.1999969482422,12477,0.0,0.0,0.0,KOL,VanEck Coal ETF
2014-12-31 00:00:00-05:00,145.6999969482422,146.72000122070312,145.2010040283203,146.6999969482422,18444,0.0,0.0,0.0,KOL,VanEck Coal ETF
2015-01-02 00:00:00-05:00,146.60000610351562,146.60000610351562,144.89999389648438,145.8000030517578,2795,0.0,0.0,0.0,KOL,VanEck Coal ETF
2015-01-05 00:00:00-05:00,145.8000030517578,145.8000030517578,142.39999389648438,143.5,9054,0.0,0.0,0.0,KOL,VanEck Coal ETF
2015-01-06 00:00:00-05:00,143.1999969482422,144.10000610351562,140.39999389648438,141.8000030517578,7148,0.0,0.0,0.0,KOL,VanEck Coal ETF
2015-01-07 00:00:00-05:00,143.60000610351562,143.60000610351562,141.89999389648438,142.89999389648438,14077,0.0,0.0,0.0,KOL,VanEck Coal ETF
2015-01-08 00:00:00-05:00,142.89999389648438,143.9340057373047,142.8000030517578,143.6999969482422,2821,0.0,0.0,0.0,KOL,VanEck Coal ETF
2015-01-09 00:00:00-05:00,143.60000610351562,143.65499877929688,142.0,142.8000030517578,1571,0.0,0.0,0.0,KOL,VanEck Coal ETF
2015-01-12 00:00:00-05:00,141.60000610351562,141.60000610351562,139.60000610351562,140.10000610351562,5187,0.0,0.0,0.0,KOL,VanEck Coal ETF
2015-01-13 00:00:00-05:00,141.3000030517578,141.6999969482422,138.1999969482422,140.10000610351562,5991,0.0,0.0,0.0,KOL,VanEck Coal ETF
2015-01-14 00:00:00-05:00,138.0,139.10000610351562,136.1999969482422,139.10000610351562,7218,0.0,0.0,0.0,KOL,VanEck Coal ETF
2015-01-15 00:00:00-05:00,139.5,139.60000610351562,137.3000030517578,137.39999389648438,4520,0.0,0.0,0.0,KOL,VanEck Coal ETF
2015-01-16 00:00:00-05:00,137.10000610351562,137.8000030517578,136.7530059814453,137.6999969482422,4259,0.0,0.0,0.0,KOL,VanEck Coal ETF
2015-01-20 00:00:00-05:00,137.0,137.5,136.39999389648438,136.8000030517578,10187,0.0,0.0,0.0,KOL,VanEck Coal ETF
2015-01-21 00:00:00-05:00,137.1999969482422,139.8000030517578,137.1999969482422,139.60000610351562,9030,0.0,0.0,0.0,KOL,VanEck Coal ETF
2015-01-22 00:00:00-05:00,140.1999969482422,141.6999969482422,140.04299926757812,141.39999389648438,6231,0.0,0.0,0.0,KOL,VanEck Coal ETF
2015-01-23 00:00:00-05:00,139.89999389648438,140.0,138.40499877929688,138.60000610351562,6351,0.0,0.0,0.0,KOL,VanEck Coal ETF
2015-01-26 00:00:00-05:00,137.89999389648438,139.1999969482422,137.2010040283203,139.1999969482422,3724,0.0,0.0,0.0,KOL,VanEck Coal ETF
2015-01-27 00:00:00-05:00,136.5,137.60000610351562,136.5,137.5,4301,0.0,0.0,0.0,KOL,VanEck Coal ETF
2015-01-28 00:00:00-05:00,138.10000610351562,138.10000610351562,135.2010040283203,135.6999969482422,4152,0.0,0.0,0.0,KOL,VanEck Coal ETF
2015-01-29 00:00:00-05:00,135.8000030517578,136.39999389648438,134.5,136.39999389648438,8026,0.0,0.0,0.0,KOL,VanEck Coal ETF
2015-01-30 00:00:00-05:00,135.39999389648438,136.5970001220703,135.1999969482422,135.3000030517578,2841,0.0,0.0,0.0,KOL,VanEck Coal ETF
2015-02-02 00:00:00-05:00,136.10000610351562,136.60000610351562,135.5,136.1999969482422,5686,0.0,0.0,0.0,KOL,VanEck Coal ETF
2015-02-03 00:00:00-05:00,137.60000610351562,141.10000610351562,137.60000610351562,140.8000030517578,7938,0.0,0.0,0.0,KOL,VanEck Coal ETF
2015-02-04 00:00:00-05:00,141.0,141.5,139.80099487304688,140.1999969482422,3563,0.0,0.0,0.0,KOL,VanEck Coal ETF
2015-02-05 00:00:00-05:00,140.1999969482422,141.5,140.1999969482422,141.1999969482422,14811,0.0,0.0,0.0,KOL,VanEck Coal ETF
2015-02-06 00:00:00-05:00,140.5,141.1999969482422,139.60000610351562,140.10000610351562,4299,0.0,0.0,0.0,KOL,VanEck Coal ETF
2015-02-09 00:00:00-05:00,139.1999969482422,141.60000610351562,139.1999969482422,140.6999969482422,4985,0.0,0.0,0.0,KOL,VanEck Coal ETF
2015-02-10 00:00:00-05:00,140.6999969482422,142.7899932861328,138.6999969482422,140.0,3320,0.0,0.0,0.0,KOL,VanEck Coal ETF
2015-02-11 00:00:00-05:00,138.39999389648438,138.89500427246094,137.0,137.6999969482422,4542,0.0,0.0,0.0,KOL,VanEck Coal ETF
2015-02-12 00:00:00-05:00,139.6999969482422,140.5,139.5,139.6999969482422,2653,0.0,0.0,0.0,KOL,VanEck Coal ETF
2015-02-13 00:00:00-05:00,140.6999969482422,142.8000030517578,140.6999969482422,142.39999389648438,5997,0.0,0.0,0.0,KOL,VanEck Coal ETF
2015-02-17 00:00:00-05:00,142.10000610351562,142.60000610351562,141.39999389648438,142.5,1824,0.0,0.0,0.0,KOL,VanEck Coal ETF
2015-02-18 00:00:00-05:00,141.60000610351562,142.60000610351562,141.25599670410156,141.8000030517578,2515,0.0,0.0,0.0,KOL,VanEck Coal ETF
2015-02-19 00:00:00-05:00,141.1999969482422,143.0,140.8000030517578,142.89999389648438,5543,0.0,0.0,0.0,KOL,VanEck Coal ETF
2015-02-20 00:00:00-05:00,142.8000030517578,143.8000030517578,142.6060028076172,143.5,5076,0.0,0.0,0.0,KOL,VanEck Coal ETF
2015-02-23 00:00:00-05:00,142.10000610351562,143.39999389648438,141.1009979248047,141.89999389648438,3532,0.0,0.0,0.0,KOL,VanEck Coal ETF
2015-02-24 00:00:00-05:00,142.60000610351562,145.0,142.39999389648438,144.8000030517578,43416,0.0,0.0,0.0,KOL,VanEck Coal ETF
2015-02-25 00:00:00-05:00,145.5,146.60000610351562,145.1999969482422,145.39999389648438,59334,0.0,0.0,0.0,KOL,VanEck Coal ETF
2015-02-26 00:00:00-05:00,146.10000610351562,146.13999938964844,143.39999389648438,143.5,13291,0.0,0.0,0.0,KOL,VanEck Coal ETF
2015-02-27 00:00:00-05:00,144.3000030517578,144.69900512695312,143.83999633789062,144.0,15102,0.0,0.0,0.0,KOL,VanEck Coal ETF
2015-03-02 00:00:00-05:00,144.89999389648438,144.89999389648438,144.0,144.39999389648438,10870,0.0,0.0,0.0,KOL,VanEck Coal ETF
2015-03-03 00:00:00-05:00,144.1999969482422,144.1999969482422,143.10000610351562,143.3000030517578,6325,0.0,0.0,0.0,KOL,VanEck Coal ETF
2015-03-04 00:00:00-05:00,142.60000610351562,143.0,140.10000610351562,140.60000610351562,16225,0.0,0.0,0.0,KOL,VanEck Coal ETF
2015-03-05 00:00:00-05:00,140.0,140.1999969482422,138.8000030517578,139.1999969482422,11768,0.0,0.0,0.0,KOL,VanEck Coal ETF
2015-03-06 00:00:00-05:00,138.89999389648438,138.89999389648438,136.1999969482422,136.60000610351562,13268,0.0,0.0,0.0,KOL,VanEck Coal ETF
2015-03-09 00:00:00-04:00,136.5,136.60000610351562,134.822998046875,135.1999969482422,10172,0.0,0.0,0.0,KOL,VanEck Coal ETF
2015-03-10 00:00:00-04:00,133.3000030517578,133.89999389648438,131.39999389648438,131.8000030517578,16766,0.0,0.0,0.0,KOL,VanEck Coal ETF
2015-03-11 00:00:00-04:00,131.60000610351562,131.89999389648438,130.5,131.8000030517578,8386,0.0,0.0,0.0,KOL,VanEck Coal ETF
2015-03-12 00:00:00-04:00,132.5,133.3000030517578,131.5,131.6999969482422,5947,0.0,0.0,0.0,KOL,VanEck Coal ETF
2015-03-13 00:00:00-04:00,131.6999969482422,131.8300018310547,129.5,130.0,7852,0.0,0.0,0.0,KOL,VanEck Coal ETF
2015-03-16 00:00:00-04:00,130.1999969482422,131.39999389648438,129.5,130.39999389648438,3146,0.0,0.0,0.0,KOL,VanEck Coal ETF
2015-03-17 00:00:00-04:00,130.3000030517578,131.5,130.14999389648438,131.5,4821,0.0,0.0,0.0,KOL,VanEck Coal ETF
2015-03-18 00:00:00-04:00,131.3000030517578,135.11000061035156,130.89999389648438,135.0,6551,0.0,0.0,0.0,KOL,VanEck Coal ETF
2015-03-19 00:00:00-04:00,134.1999969482422,134.39999389648438,133.10000610351562,133.6999969482422,1814,0.0,0.0,0.0,KOL,VanEck Coal ETF
2015-03-20 00:00:00-04:00,134.10000610351562,135.0,134.10000610351562,135.0,2232,0.0,0.0,0.0,KOL,VanEck Coal ETF
2015-03-23 00:00:00-04:00,135.0,136.0,134.89999389648438,135.8000030517578,3310,0.0,0.0,0.0,KOL,VanEck Coal ETF
2015-03-24 00:00:00-04:00,135.1999969482422,135.6999969482422,135.0,135.60000610351562,6508,0.0,0.0,0.0,KOL,VanEck Coal ETF
2015-03-25 00:00:00-04:00,135.1999969482422,135.1999969482422,133.00100708007812,133.10000610351562,3114,0.0,0.0,0.0,KOL,VanEck Coal ETF
2015-03-26 00:00:00-04:00,133.6999969482422,134.0,131.74000549316406,131.8000030517578,1558,0.0,0.0,0.0,KOL,VanEck Coal ETF
2015-03-27 00:00:00-04:00,131.8000030517578,132.10000610351562,130.6999969482422,131.39999389648438,1789,0.0,0.0,0.0,KOL,VanEck Coal ETF
2015-03-30 00:00:00-04:00,132.0,134.1999969482422,132.0,133.8000030517578,6040,0.0,0.0,0.0,KOL,VanEck Coal ETF
2015-03-31 00:00:00-04:00,132.8000030517578,133.0,132.0,132.8000030517578,2928,0.0,0.0,0.0,KOL,VanEck Coal ETF
2015-04-01 00:00:00-04:00,133.0,133.1999969482422,132.41000366210938,132.89999389648438,4602,0.0,0.0,0.0,KOL,VanEck Coal ETF
2015-04-02 00:00:00-04:00,133.39999389648438,134.89999389648438,133.39999389648438,134.8000030517578,2856,0.0,0.0,0.0,KOL,VanEck Coal ETF
2015-04-06 00:00:00-04:00,135.60000610351562,136.39999389648438,135.60000610351562,136.0,4046,0.0,0.0,0.0,KOL,VanEck Coal ETF
2015-04-07 00:00:00-04:00,136.5,138.3000030517578,136.5,136.89999389648438,10032,0.0,0.0,0.0,KOL,VanEck Coal ETF
2015-04-08 00:00:00-04:00,139.6999969482422,140.0,138.6999969482422,139.39999389648438,5646,0.0,0.0,0.0,KOL,VanEck Coal ETF
2015-04-09 00:00:00-04:00,139.89999389648438,141.0,139.6999969482422,141.0,4510,0.0,0.0,0.0,KOL,VanEck Coal ETF
2015-04-10 00:00:00-04:00,140.0,140.60000610351562,139.44400024414062,140.0,3472,0.0,0.0,0.0,KOL,VanEck Coal ETF
2015-04-13 00:00:00-04:00,139.0,139.10000610351562,137.6999969482422,138.10000610351562,5895,0.0,0.0,0.0,KOL,VanEck Coal ETF
2015-04-14 00:00:00-04:00,137.6999969482422,138.0,136.6999969482422,138.0,7484,0.0,0.0,0.0,KOL,VanEck Coal ETF
2015-04-15 00:00:00-04:00,137.10000610351562,139.5959930419922,137.10000610351562,139.0,3223,0.0,0.0,0.0,KOL,VanEck Coal ETF
2015-04-16 00:00:00-04:00,139.60000610351562,140.99899291992188,139.3000030517578,140.1999969482422,12019,0.0,0.0,0.0,KOL,VanEck Coal ETF
2015-04-17 00:00:00-04:00,138.1999969482422,138.5449981689453,137.89999389648438,138.3000030517578,3921,0.0,0.0,0.0,KOL,VanEck Coal ETF
2015-04-20 00:00:00-04:00,137.60000610351562,138.17999267578125,137.0,137.60000610351562,5911,0.0,0.0,0.0,KOL,VanEck Coal ETF
2015-04-21 00:00:00-04:00,137.3000030517578,137.60000610351562,135.5,135.89999389648438,7428,0.0,0.0,0.0,KOL,VanEck Coal ETF
2015-04-22 00:00:00-04:00,137.10000610351562,137.3000030517578,136.11000061035156,136.6999969482422,8464,0.0,0.0,0.0,KOL,VanEck Coal ETF
2015-04-23 00:00:00-04:00,136.6999969482422,138.39999389648438,136.6999969482422,137.8000030517578,2051,0.0,0.0,0.0,KOL,VanEck Coal ETF
2015-04-24 00:00:00-04:00,138.8000030517578,138.8000030517578,137.4010009765625,137.89999389648438,2548,0.0,0.0,0.0,KOL,VanEck Coal ETF
2015-04-27 00:00:00-04:00,137.89999389648438,138.6999969482422,137.3000030517578,137.6999969482422,4660,0.0,0.0,0.0,KOL,VanEck Coal ETF
2015-04-28 00:00:00-04:00,138.10000610351562,138.22000122070312,137.39999389648438,137.5,4990,0.0,0.0,0.0,KOL,VanEck Coal ETF
2015-04-29 00:00:00-04:00,136.1999969482422,138.0,135.60000610351562,137.89999389648438,6983,0.0,0.0,0.0,KOL,VanEck Coal ETF
2015-04-30 00:00:00-04:00,136.89999389648438,137.0,135.1999969482422,136.6999969482422,2916,0.0,0.0,0.0,KOL,VanEck Coal ETF
2015-05-01 00:00:00-04:00,136.6999969482422,137.3000030517578,136.0,136.89999389648438,3001,0.0,0.0,0.0,KOL,VanEck Coal ETF
2015-05-04 00:00:00-04:00,137.89999389648438,139.10000610351562,137.89999389648438,138.89999389648438,10719,0.0,0.0,0.0,KOL,VanEck Coal ETF
2015-05-05 00:00:00-04:00,138.0,138.60000610351562,137.10000610351562,137.10000610351562,6841,0.0,0.0,0.0,KOL,VanEck Coal ETF
2015-05-06 00:00:00-04:00,137.3000030517578,137.39999389648438,134.89999389648438,135.3000030517578,7111,0.0,0.0,0.0,KOL,VanEck Coal ETF
2015-05-07 00:00:00-04:00,134.3000030517578,134.39999389648438,133.5,134.0,2846,0.0,0.0,0.0,KOL,VanEck Coal ETF
2015-05-08 00:00:00-04:00,136.3000030517578,136.8000030517578,135.5,136.8000030517578,1825,0.0,0.0,0.0,KOL,VanEck Coal ETF
2015-05-11 00:00:00-04:00,136.10000610351562,136.6999969482422,135.5,135.6999969482422,1371,0.0,0.0,0.0,KOL,VanEck Coal ETF
2015-05-12 00:00:00-04:00,135.39999389648438,136.3000030517578,135.39999389648438,135.6999969482422,1889,0.0,0.0,0.0,KOL,VanEck Coal ETF
2015-05-13 00:00:00-04:00,136.39999389648438,136.64700317382812,135.3000030517578,135.3000030517578,3199,0.0,0.0,0.0,KOL,VanEck Coal ETF
2015-05-14 00:00:00-04:00,135.89999389648438,136.8000030517578,135.89999389648438,136.10000610351562,14974,0.0,0.0,0.0,KOL,VanEck Coal ETF
2015-05-15 00:00:00-04:00,136.10000610351562,137.10000610351562,135.8000030517578,136.89999389648438,3606,0.0,0.0,0.0,KOL,VanEck Coal ETF
2015-05-18 00:00:00-04:00,135.5,135.6999969482422,134.3000030517578,134.6999969482422,6264,0.0,0.0,0.0,KOL,VanEck Coal ETF
2015-05-19 00:00:00-04:00,134.3000030517578,134.3000030517578,132.8000030517578,132.89999389648438,9564,0.0,0.0,0.0,KOL,VanEck Coal ETF
2015-05-20 00:00:00-04:00,133.0,134.10000610351562,132.39999389648438,133.1999969482422,9465,0.0,0.0,0.0,KOL,VanEck Coal ETF
2015-05-21 00:00:00-04:00,133.1999969482422,133.8000030517578,133.0,133.3000030517578,3392,0.0,0.0,0.0,KOL,VanEck Coal ETF
2015-05-22 00:00:00-04:00,133.8000030517578,134.2469940185547,133.3000030517578,133.60000610351562,5757,0.0,0.0,0.0,KOL,VanEck Coal ETF
2015-05-26 00:00:00-04:00,132.8000030517578,132.8000030517578,130.1999969482422,130.5,6728,0.0,0.0,0.0,KOL,VanEck Coal ETF
2015-05-27 00:00:00-04:00,130.3000030517578,130.60000610351562,129.8000030517578,130.3000030517578,3976,0.0,0.0,0.0,KOL,VanEck Coal ETF
2015-05-28 00:00:00-04:00,128.3000030517578,128.3000030517578,126.5,127.5989990234375,7349,0.0,0.0,0.0,KOL,VanEck Coal ETF
2015-05-29 00:00:00-04:00,127.0,127.4000015258789,126.4000015258789,126.4000015258789,4794,0.0,0.0,0.0,KOL,VanEck Coal ETF
2015-06-01 00:00:00-04:00,126.80000305175781,126.80000305175781,125.69999694824219,126.0999984741211,7201,0.0,0.0,0.0,KOL,VanEck Coal ETF
2015-06-02 00:00:00-04:00,126.19999694824219,128.3990020751953,126.19999694824219,127.5999984741211,8321,0.0,0.0,0.0,KOL,VanEck Coal ETF
2015-06-03 00:00:00-04:00,129.0,129.8000030517578,128.3000030517578,128.39999389648438,12885,0.0,0.0,0.0,KOL,VanEck Coal ETF
2015-06-04 00:00:00-04:00,127.0999984741211,127.30000305175781,125.5999984741211,125.69999694824219,12719,0.0,0.0,0.0,KOL,VanEck Coal ETF
2015-06-05 00:00:00-04:00,125.5,126.1500015258789,124.9000015258789,125.0,7812,0.0,0.0,0.0,KOL,VanEck Coal ETF
2015-06-08 00:00:00-04:00,124.5,125.29900360107422,123.67900085449219,123.9000015258789,3833,0.0,0.0,0.0,KOL,VanEck Coal ETF
2015-06-09 00:00:00-04:00,124.0,125.1989974975586,124.0,124.19999694824219,14197,0.0,0.0,0.0,KOL,VanEck Coal ETF
2015-06-10 00:00:00-04:00,125.0999984741211,125.5999984741211,124.4000015258789,124.5,12284,0.0,0.0,0.0,KOL,VanEck Coal ETF
2015-06-11 00:00:00-04:00,124.69999694824219,124.69999694824219,122.80000305175781,123.19999694824219,6550,0.0,0.0,0.0,KOL,VanEck Coal ETF
2015-06-12 00:00:00-04:00,123.0,123.03600311279297,121.69999694824219,122.0,8955,0.0,0.0,0.0,KOL,VanEck Coal ETF
2015-06-15 00:00:00-04:00,121.0,121.0,119.9000015258789,120.0999984741211,14146,0.0,0.0,0.0,KOL,VanEck Coal ETF
2015-06-16 00:00:00-04:00,118.9000015258789,120.0999984741211,118.9000015258789,119.80000305175781,4196,0.0,0.0,0.0,KOL,VanEck Coal ETF
2015-06-17 00:00:00-04:00,119.5,120.0999984741211,118.5,120.0,3918,0.0,0.0,0.0,KOL,VanEck Coal ETF
2015-06-18 00:00:00-04:00,120.0,120.4990005493164,119.5,119.69999694824219,3578,0.0,0.0,0.0,KOL,VanEck Coal ETF
2015-06-19 00:00:00-04:00,119.0,119.4000015258789,118.4000015258789,118.69999694824219,3648,0.0,0.0,0.0,KOL,VanEck Coal ETF
2015-06-22 00:00:00-04:00,119.0999984741211,119.5,118.5,118.5,4110,0.0,0.0,0.0,KOL,VanEck Coal ETF
2015-06-23 00:00:00-04:00,119.0,120.0,119.0,119.80000305175781,5326,0.0,0.0,0.0,KOL,VanEck Coal ETF
2015-06-24 00:00:00-04:00,119.80000305175781,120.19999694824219,118.90399932861328,119.19999694824219,12211,0.0,0.0,0.0,KOL,VanEck Coal ETF
2015-06-25 00:00:00-04:00,118.5999984741211,118.5999984741211,116.80000305175781,117.0999984741211,6614,0.0,0.0,0.0,KOL,VanEck Coal ETF
2015-06-26 00:00:00-04:00,115.80000305175781,116.0,114.6500015258789,115.30000305175781,10432,0.0,0.0,0.0,KOL,VanEck Coal ETF
2015-06-29 00:00:00-04:00,114.0,116.0999984741211,113.0999984741211,114.80000305175781,20312,0.0,0.0,0.0,KOL,VanEck Coal ETF
2015-06-30 00:00:00-04:00,115.4000015258789,115.80000305175781,113.5999984741211,113.80000305175781,15683,0.0,0.0,0.0,KOL,VanEck Coal ETF
2015-07-01 00:00:00-04:00,114.30000305175781,114.80000305175781,111.9000015258789,112.30000305175781,43603,0.0,0.0,0.0,KOL,VanEck Coal ETF
2015-07-02 00:00:00-04:00,112.5,113.0999984741211,112.4000015258789,112.4000015258789,5606,0.0,0.0,0.0,KOL,VanEck Coal ETF
2015-07-06 00:00:00-04:00,109.80000305175781,110.0,108.4000015258789,108.69999694824219,14848,0.0,0.0,0.0,KOL,VanEck Coal ETF
2015-07-07 00:00:00-04:00,106.9000015258789,107.30000305175781,104.5,107.30000305175781,11680,0.0,0.0,0.0,KOL,VanEck Coal ETF
2015-07-08 00:00:00-04:00,103.5999984741211,104.19999694824219,101.5999984741211,101.69999694824219,11851,0.0,0.0,0.0,KOL,VanEck Coal ETF
2015-07-09 00:00:00-04:00,103.5999984741211,105.30000305175781,102.9000015258789,102.9000015258789,7723,0.0,0.0,0.0,KOL,VanEck Coal ETF
2015-07-10 00:00:00-04:00,104.80000305175781,104.89900207519531,103.5009994506836,104.30000305175781,7270,0.0,0.0,0.0,KOL,VanEck Coal ETF
2015-07-13 00:00:00-04:00,104.9000015258789,105.69999694824219,104.31999969482422,105.5,6977,0.0,0.0,0.0,KOL,VanEck Coal ETF
2015-07-14 00:00:00-04:00,104.9000015258789,105.30000305175781,104.0,105.0999984741211,8512,0.0,0.0,0.0,KOL,VanEck Coal ETF
2015-07-15 00:00:00-04:00,104.9000015258789,104.9000015258789,103.4000015258789,103.9000015258789,14553,0.0,0.0,0.0,KOL,VanEck Coal ETF
2015-07-16 00:00:00-04:00,103.9000015258789,104.2959976196289,103.4000015258789,103.5999984741211,6776,0.0,0.0,0.0,KOL,VanEck Coal ETF
2015-07-17 00:00:00-04:00,103.69999694824219,103.69999694824219,102.30000305175781,102.30000305175781,14733,0.0,0.0,0.0,KOL,VanEck Coal ETF
2015-07-20 00:00:00-04:00,101.5999984741211,101.5999984741211,99.69999694824219,99.80000305175781,14054,0.0,0.0,0.0,KOL,VanEck Coal ETF
2015-07-21 00:00:00-04:00,99.5,100.9000015258789,99.5,100.0,15857,0.0,0.0,0.0,KOL,VanEck Coal ETF
2015-07-22 00:00:00-04:00,98.4000015258789,98.4000015258789,97.4010009765625,97.7030029296875,5740,0.0,0.0,0.0,KOL,VanEck Coal ETF
2015-07-23 00:00:00-04:00,98.69999694824219,99.0989990234375,98.0,98.19999694824219,3750,0.0,0.0,0.0,KOL,VanEck Coal ETF
2015-07-24 00:00:00-04:00,97.69999694824219,97.69999694824219,95.80000305175781,95.9000015258789,13548,0.0,0.0,0.0,KOL,VanEck Coal ETF
2015-07-27 00:00:00-04:00,94.5,95.0,93.80000305175781,94.0999984741211,8509,0.0,0.0,0.0,KOL,VanEck Coal ETF
2015-07-28 00:00:00-04:00,95.0999984741211,97.30000305175781,94.69999694824219,97.19999694824219,36391,0.0,0.0,0.0,KOL,VanEck Coal ETF
2015-07-29 00:00:00-04:00,97.19999694824219,98.4000015258789,97.0999984741211,98.0999984741211,11389,0.0,0.0,0.0,KOL,VanEck Coal ETF
2015-07-30 00:00:00-04:00,97.19999694824219,97.39900207519531,96.55000305175781,96.9000015258789,3588,0.0,0.0,0.0,KOL,VanEck Coal ETF
2015-07-31 00:00:00-04:00,97.80000305175781,98.36000061035156,97.30000305175781,97.80000305175781,4190,0.0,0.0,0.0,KOL,VanEck Coal ETF
2015-08-03 00:00:00-04:00,96.80000305175781,96.80000305175781,94.4000015258789,94.69999694824219,8924,0.0,0.0,0.0,KOL,VanEck Coal ETF
2015-08-04 00:00:00-04:00,94.9000015258789,95.64700317382812,93.69999694824219,94.30000305175781,21854,0.0,0.0,0.0,KOL,VanEck Coal ETF
2015-08-05 00:00:00-04:00,95.0999984741211,95.9000015258789,94.0999984741211,94.0999984741211,2217,0.0,0.0,0.0,KOL,VanEck Coal ETF
2015-08-06 00:00:00-04:00,93.4000015258789,93.80000305175781,92.4000015258789,93.80000305175781,7606,0.0,0.0,0.0,KOL,VanEck Coal ETF
2015-08-07 00:00:00-04:00,94.0999984741211,94.19999694824219,93.30000305175781,93.5,20823,0.0,0.0,0.0,KOL,VanEck Coal ETF
2015-08-10 00:00:00-04:00,94.0,96.5,93.9000015258789,96.4000015258789,16463,0.0,0.0,0.0,KOL,VanEck Coal ETF
2015-08-11 00:00:00-04:00,94.5,94.69999694824219,93.4000015258789,94.30000305175781,11708,0.0,0.0,0.0,KOL,VanEck Coal ETF
2015-08-12 00:00:00-04:00,93.19999694824219,94.19999694824219,92.80000305175781,93.9000015258789,12480,0.0,0.0,0.0,KOL,VanEck Coal ETF
2015-08-13 00:00:00-04:00,94.0999984741211,94.19999694824219,93.0,93.0,6872,0.0,0.0,0.0,KOL,VanEck Coal ETF
2015-08-14 00:00:00-04:00,93.0999984741211,93.9000015258789,93.0999984741211,93.4000015258789,2853,0.0,0.0,0.0,KOL,VanEck Coal ETF
2015-08-17 00:00:00-04:00,92.69999694824219,93.0999984741211,92.4749984741211,93.0,2257,0.0,0.0,0.0,KOL,VanEck Coal ETF
2015-08-18 00:00:00-04:00,92.19999694824219,92.4000015258789,91.30000305175781,91.69999694824219,3464,0.0,0.0,0.0,KOL,VanEck Coal ETF
2015-08-19 00:00:00-04:00,91.69999694824219,91.80599975585938,90.54000091552734,91.5,7579,0.0,0.0,0.0,KOL,VanEck Coal ETF
2015-08-20 00:00:00-04:00,91.30000305175781,92.30000305175781,90.9000015258789,91.0,7002,0.0,0.0,0.0,KOL,VanEck Coal ETF
2015-08-21 00:00:00-04:00,90.5999984741211,90.81300354003906,89.5,89.5,6065,0.0,0.0,0.0,KOL,VanEck Coal ETF
2015-08-24 00:00:00-04:00,82.5,86.19999694824219,80.0999984741211,83.30000305175781,12507,0.0,0.0,0.0,KOL,VanEck Coal ETF
2015-08-25 00:00:00-04:00,87.4000015258789,87.5,84.19999694824219,84.5,3265,0.0,0.0,0.0,KOL,VanEck Coal ETF
2015-08-26 00:00:00-04:00,86.5,86.5999984741211,84.5,86.0999984741211,10825,0.0,0.0,0.0,KOL,VanEck Coal ETF
2015-08-27 00:00:00-04:00,87.9000015258789,91.46399688720703,87.9000015258789,90.80000305175781,9697,0.0,0.0,0.0,KOL,VanEck Coal ETF
2015-08-28 00:00:00-04:00,91.19999694824219,93.30000305175781,91.19999694824219,92.5,4679,0.0,0.0,0.0,KOL,VanEck Coal ETF
2015-08-31 00:00:00-04:00,91.9000015258789,93.1989974975586,91.19999694824219,93.0,6713,0.0,0.0,0.0,KOL,VanEck Coal ETF
2015-09-01 00:00:00-04:00,91.0,91.22000122070312,88.69999694824219,89.0999984741211,14765,0.0,0.0,0.0,KOL,VanEck Coal ETF
2015-09-02 00:00:00-04:00,90.4000015258789,90.99800109863281,88.80000305175781,90.19999694824219,3124,0.0,0.0,0.0,KOL,VanEck Coal ETF
2015-09-03 00:00:00-04:00,90.4000015258789,91.0999984741211,89.9000015258789,90.0,4716,0.0,0.0,0.0,KOL,VanEck Coal ETF
2015-09-04 00:00:00-04:00,88.69999694824219,89.0,87.69999694824219,87.9000015258789,3703,0.0,0.0,0.0,KOL,VanEck Coal ETF
2015-09-08 00:00:00-04:00,89.19999694824219,89.19999694824219,88.19999694824219,88.4000015258789,2104,0.0,0.0,0.0,KOL,VanEck Coal ETF
2015-09-09 00:00:00-04:00,89.80000305175781,90.19999694824219,87.5999984741211,87.5999984741211,5056,0.0,0.0,0.0,KOL,VanEck Coal ETF
2015-09-10 00:00:00-04:00,87.19999694824219,87.50399780273438,86.5,86.9000015258789,1932,0.0,0.0,0.0,KOL,VanEck Coal ETF
2015-09-11 00:00:00-04:00,87.30000305175781,87.30000305175781,86.4000015258789,86.9000015258789,2557,0.0,0.0,0.0,KOL,VanEck Coal ETF
2015-09-14 00:00:00-04:00,87.0999984741211,87.30000305175781,86.66999816894531,87.0999984741211,6518,0.0,0.0,0.0,KOL,VanEck Coal ETF
2015-09-15 00:00:00-04:00,87.19999694824219,88.80000305175781,87.19999694824219,88.5,2615,0.0,0.0,0.0,KOL,VanEck Coal ETF
2015-09-16 00:00:00-04:00,88.83999633789062,90.19999694824219,88.83999633789062,89.9000015258789,3122,0.0,0.0,0.0,KOL,VanEck Coal ETF
2015-09-17 00:00:00-04:00,89.19999694824219,91.30000305175781,89.0009994506836,89.60099792480469,3082,0.0,0.0,0.0,KOL,VanEck Coal ETF
2015-09-18 00:00:00-04:00,88.4000015258789,88.94000244140625,87.5999984741211,88.0,8013,0.0,0.0,0.0,KOL,VanEck Coal ETF
2015-09-21 00:00:00-04:00,88.5,88.80000305175781,87.69999694824219,87.69999694824219,3713,0.0,0.0,0.0,KOL,VanEck Coal ETF
2015-09-22 00:00:00-04:00,85.9000015258789,85.95999908447266,84.4000015258789,85.30000305175781,9863,0.0,0.0,0.0,KOL,VanEck Coal ETF
2015-09-23 00:00:00-04:00,85.0,85.0,82.5999984741211,82.88999938964844,5080,0.0,0.0,0.0,KOL,VanEck Coal ETF
2015-09-24 00:00:00-04:00,82.0999984741211,82.69999694824219,81.0999984741211,82.4000015258789,5787,0.0,0.0,0.0,KOL,VanEck Coal ETF
2015-09-25 00:00:00-04:00,83.0,83.0999984741211,81.0,81.4000015258789,2739,0.0,0.0,0.0,KOL,VanEck Coal ETF
2015-09-28 00:00:00-04:00,80.19999694824219,80.29900360107422,78.19999694824219,78.4000015258789,4783,0.0,0.0,0.0,KOL,VanEck Coal ETF
2015-09-29 00:00:00-04:00,78.4000015258789,78.9990005493164,77.9000015258789,78.0,5630,0.0,0.0,0.0,KOL,VanEck Coal ETF
2015-09-30 00:00:00-04:00,79.0,79.80000305175781,78.4000015258789,79.69999694824219,6136,0.0,0.0,0.0,KOL,VanEck Coal ETF
2015-10-01 00:00:00-04:00,79.80000305175781,80.5,78.4010009765625,79.0,3656,0.0,0.0,0.0,KOL,VanEck Coal ETF
2015-10-02 00:00:00-04:00,78.5999984741211,81.58000183105469,78.5999984741211,81.4000015258789,5113,0.0,0.0,0.0,KOL,VanEck Coal ETF
2015-10-05 00:00:00-04:00,83.0,85.83999633789062,83.0,85.19999694824219,9927,0.0,0.0,0.0,KOL,VanEck Coal ETF
2015-10-06 00:00:00-04:00,85.5999984741211,87.30000305175781,85.4000015258789,86.9000015258789,5262,0.0,0.0,0.0,KOL,VanEck Coal ETF
2015-10-07 00:00:00-04:00,90.5,93.0979995727539,90.5,91.11000061035156,16124,0.0,0.0,0.0,KOL,VanEck Coal ETF
2015-10-08 00:00:00-04:00,91.0,93.9000015258789,90.9000015258789,93.30000305175781,4348,0.0,0.0,0.0,KOL,VanEck Coal ETF
2015-10-09 00:00:00-04:00,95.19999694824219,96.5,94.69999694824219,94.9000015258789,8646,0.0,0.0,0.0,KOL,VanEck Coal ETF
2015-10-12 00:00:00-04:00,95.4000015258789,95.4000015258789,92.9000015258789,93.5,4190,0.0,0.0,0.0,KOL,VanEck Coal ETF
2015-10-13 00:00:00-04:00,91.69999694824219,92.0,90.0,90.5,11518,0.0,0.0,0.0,KOL,VanEck Coal ETF
2015-10-14 00:00:00-04:00,90.5999984741211,91.4990005493164,90.5,90.5,1992,0.0,0.0,0.0,KOL,VanEck Coal ETF
2015-10-15 00:00:00-04:00,91.80000305175781,93.0,90.9000015258789,92.5,5326,0.0,0.0,0.0,KOL,VanEck Coal ETF
2015-10-16 00:00:00-04:00,92.0999984741211,92.0999984741211,90.5999984741211,91.19999694824219,4178,0.0,0.0,0.0,KOL,VanEck Coal ETF
2015-10-19 00:00:00-04:00,90.19999694824219,90.30000305175781,88.9000015258789,89.69999694824219,5447,0.0,0.0,0.0,KOL,VanEck Coal ETF
2015-10-20 00:00:00-04:00,89.69999694824219,90.5,89.5,90.0999984741211,1899,0.0,0.0,0.0,KOL,VanEck Coal ETF
2015-10-21 00:00:00-04:00,89.69999694824219,89.69999694824219,88.19999694824219,88.5,4206,0.0,0.0,0.0,KOL,VanEck Coal ETF
2015-10-22 00:00:00-04:00,88.80000305175781,90.0,88.80000305175781,89.30000305175781,1457,0.0,0.0,0.0,KOL,VanEck Coal ETF
2015-10-23 00:00:00-04:00,90.19999694824219,90.79900360107422,89.87200164794922,89.9000015258789,2788,0.0,0.0,0.0,KOL,VanEck Coal ETF
2015-10-26 00:00:00-04:00,90.0,90.0,88.69999694824219,88.9000015258789,2619,0.0,0.0,0.0,KOL,VanEck Coal ETF
2015-10-27 00:00:00-04:00,88.0,88.0,85.5,86.0,3952,0.0,0.0,0.0,KOL,VanEck Coal ETF
2015-10-28 00:00:00-04:00,85.30000305175781,86.30000305175781,84.0999984741211,85.0,7281,0.0,0.0,0.0,KOL,VanEck Coal ETF
2015-10-29 00:00:00-04:00,83.69999694824219,83.69999694824219,81.4000015258789,81.5999984741211,4347,0.0,0.0,0.0,KOL,VanEck Coal ETF
2015-10-30 00:00:00-04:00,81.5,81.5999984741211,80.80000305175781,81.0,2257,0.0,0.0,0.0,KOL,VanEck Coal ETF
2015-11-02 00:00:00-05:00,81.4000015258789,83.5,81.4000015258789,83.30000305175781,3202,0.0,0.0,0.0,KOL,VanEck Coal ETF
2015-11-03 00:00:00-05:00,82.9000015258789,85.11000061035156,82.9000015258789,84.9000015258789,2453,0.0,0.0,0.0,KOL,VanEck Coal ETF
2015-11-04 00:00:00-05:00,85.5,87.4000015258789,84.10099792480469,84.5999984741211,2654,0.0,0.0,0.0,KOL,VanEck Coal ETF
2015-11-05 00:00:00-05:00,84.30000305175781,84.5,83.4000015258789,84.5,1770,0.0,0.0,0.0,KOL,VanEck Coal ETF
2015-11-06 00:00:00-05:00,82.30000305175781,82.61599731445312,81.5999984741211,82.4000015258789,3887,0.0,0.0,0.0,KOL,VanEck Coal ETF
2015-11-09 00:00:00-05:00,81.49700164794922,81.5,80.0999984741211,80.5999984741211,2712,0.0,0.0,0.0,KOL,VanEck Coal ETF
2015-11-10 00:00:00-05:00,81.0,81.0989990234375,80.0,80.30000305175781,3668,0.0,0.0,0.0,KOL,VanEck Coal ETF
2015-11-11 00:00:00-05:00,80.9000015258789,80.9000015258789,78.83999633789062,79.0,3683,0.0,0.0,0.0,KOL,VanEck Coal ETF
2015-11-12 00:00:00-05:00,78.5,79.19999694824219,78.0999984741211,78.19999694824219,4580,0.0,0.0,0.0,KOL,VanEck Coal ETF
2015-11-13 00:00:00-05:00,77.5,77.5999984741211,76.0999984741211,77.0,7584,0.0,0.0,0.0,KOL,VanEck Coal ETF
2015-11-16 00:00:00-05:00,76.69999694824219,78.0999984741211,76.62000274658203,77.94999694824219,4814,0.0,0.0,0.0,KOL,VanEck Coal ETF
2015-11-17 00:00:00-05:00,76.9010009765625,77.4000015258789,76.5999984741211,76.9000015258789,1532,0.0,0.0,0.0,KOL,VanEck Coal ETF
2015-11-18 00:00:00-05:00,76.69999694824219,78.0,76.69999694824219,77.69999694824219,3143,0.0,0.0,0.0,KOL,VanEck Coal ETF
2015-11-19 00:00:00-05:00,78.30000305175781,78.79900360107422,77.69999694824219,78.0,6095,0.0,0.0,0.0,KOL,VanEck Coal ETF
2015-11-20 00:00:00-05:00,78.1050033569336,78.5989990234375,77.49800109863281,77.79900360107422,2352,0.0,0.0,0.0,KOL,VanEck Coal ETF
2015-11-23 00:00:00-05:00,77.19999694824219,77.19999694824219,76.0999984741211,76.0999984741211,1868,0.0,0.0,0.0,KOL,VanEck Coal ETF
2015-11-24 00:00:00-05:00,76.19999694824219,76.4000015258789,75.88999938964844,76.19999694824219,5508,0.0,0.0,0.0,KOL,VanEck Coal ETF
2015-11-25 00:00:00-05:00,76.5,76.5,75.5,76.30000305175781,1916,0.0,0.0,0.0,KOL,VanEck Coal ETF
2015-11-27 00:00:00-05:00,76.9000015258789,76.9000015258789,74.4000015258789,74.58899688720703,2046,0.0,0.0,0.0,KOL,VanEck Coal ETF
2015-11-30 00:00:00-05:00,74.5,74.9000015258789,73.80000305175781,74.5,7907,0.0,0.0,0.0,KOL,VanEck Coal ETF
2015-12-01 00:00:00-05:00,74.80000305175781,74.80000305175781,74.0999984741211,74.5,4235,0.0,0.0,0.0,KOL,VanEck Coal ETF
2015-12-02 00:00:00-05:00,74.0999984741211,74.79299926757812,73.4000015258789,73.80000305175781,3377,0.0,0.0,0.0,KOL,VanEck Coal ETF
2015-12-03 00:00:00-05:00,73.5999984741211,74.1989974975586,72.5,72.69999694824219,2865,0.0,0.0,0.0,KOL,VanEck Coal ETF
2015-12-04 00:00:00-05:00,73.0999984741211,73.0999984741211,72.19999694824219,72.5999984741211,2909,0.0,0.0,0.0,KOL,VanEck Coal ETF
2015-12-07 00:00:00-05:00,72.0,72.0,69.4000015258789,69.55999755859375,2632,0.0,0.0,0.0,KOL,VanEck Coal ETF
2015-12-08 00:00:00-05:00,68.0,68.55999755859375,67.0,67.69999694824219,4645,0.0,0.0,0.0,KOL,VanEck Coal ETF
2015-12-09 00:00:00-05:00,67.5,68.89900207519531,67.0,67.5,3077,0.0,0.0,0.0,KOL,VanEck Coal ETF
2015-12-10 00:00:00-05:00,67.0999984741211,67.30000305175781,66.5,66.69999694824219,2823,0.0,0.0,0.0,KOL,VanEck Coal ETF
2015-12-11 00:00:00-05:00,65.0,65.23999786376953,64.0,64.0,8793,0.0,0.0,0.0,KOL,VanEck Coal ETF
2015-12-14 00:00:00-05:00,63.900001525878906,63.9900016784668,62.26300048828125,63.20000076293945,4854,0.0,0.0,0.0,KOL,VanEck Coal ETF
2015-12-15 00:00:00-05:00,63.599998474121094,64.58999633789062,63.400001525878906,63.5,5318,0.0,0.0,0.0,KOL,VanEck Coal ETF
2015-12-16 00:00:00-05:00,64.4000015258789,65.45999908447266,64.1500015258789,65.30000305175781,1909,0.0,0.0,0.0,KOL,VanEck Coal ETF
2015-12-17 00:00:00-05:00,64.9000015258789,65.5,63.70000076293945,63.70000076293945,5962,0.0,0.0,0.0,KOL,VanEck Coal ETF
2015-12-18 00:00:00-05:00,63.900001525878906,64.4000015258789,63.29999923706055,63.400001525878906,5110,0.0,0.0,0.0,KOL,VanEck Coal ETF
2015-12-21 00:00:00-05:00,62.29999923706055,62.4010009765625,61.400001525878906,61.900001525878906,5693,0.0,0.0,0.0,KOL,VanEck Coal ETF
2015-12-22 00:00:00-05:00,61.5,63.20000076293945,61.5,63.0,3332,0.0,0.0,0.0,KOL,VanEck Coal ETF
2015-12-23 00:00:00-05:00,63.0,64.0979995727539,63.0,63.94200134277344,6394,0.0,0.0,0.0,KOL,VanEck Coal ETF
2015-12-24 00:00:00-05:00,64.0999984741211,64.80000305175781,63.70000076293945,64.0,4646,0.0,0.0,0.0,KOL,VanEck Coal ETF
2015-12-28 00:00:00-05:00,64.4000015258789,64.4000015258789,62.70000076293945,63.20000076293945,5493,0.0,0.0,0.0,KOL,VanEck Coal ETF
2015-12-29 00:00:00-05:00,63.79999923706055,64.0989990234375,63.29999923706055,63.5,6728,0.0,0.0,0.0,KOL,VanEck Coal ETF
2015-12-30 00:00:00-05:00,63.29999923706055,63.5,62.79999923706055,63.099998474121094,4259,0.0,0.0,0.0,KOL,VanEck Coal ETF
2015-12-31 00:00:00-05:00,62.79999923706055,62.79999923706055,62.0,62.5,4519,0.0,0.0,0.0,KOL,VanEck Coal ETF
2016-01-04 00:00:00-05:00,60.599998474121094,61.69900131225586,60.154998779296875,61.599998474121094,3198,0.0,0.0,0.0,KOL,VanEck Coal ETF
2016-01-05 00:00:00-05:00,61.79999923706055,61.79999923706055,60.95000076293945,61.70000076293945,1705,0.0,0.0,0.0,KOL,VanEck Coal ETF
2016-01-06 00:00:00-05:00,61.29999923706055,61.5,60.0,60.400001525878906,19291,0.0,0.0,0.0,KOL,VanEck Coal ETF
2016-01-07 00:00:00-05:00,59.0,59.0,57.20000076293945,57.39899826049805,6452,0.0,0.0,0.0,KOL,VanEck Coal ETF
2016-01-08 00:00:00-05:00,57.79999923706055,58.400001525878906,57.0,57.0,3583,0.0,0.0,0.0,KOL,VanEck Coal ETF
2016-01-11 00:00:00-05:00,57.20000076293945,57.20000076293945,55.29999923706055,55.900001525878906,5600,0.0,0.0,0.0,KOL,VanEck Coal ETF
2016-01-12 00:00:00-05:00,56.51100158691406,56.7599983215332,55.099998474121094,55.900001525878906,3132,0.0,0.0,0.0,KOL,VanEck Coal ETF
2016-01-13 00:00:00-05:00,55.900001525878906,55.900001525878906,53.720001220703125,54.099998474121094,4780,0.0,0.0,0.0,KOL,VanEck Coal ETF
2016-01-14 00:00:00-05:00,54.400001525878906,55.499000549316406,53.650001525878906,55.18000030517578,2171,0.0,0.0,0.0,KOL,VanEck Coal ETF
2016-01-15 00:00:00-05:00,52.900001525878906,53.29999923706055,52.400001525878906,53.29999923706055,7143,0.0,0.0,0.0,KOL,VanEck Coal ETF
2016-01-19 00:00:00-05:00,53.79999923706055,54.20000076293945,52.29999923706055,53.099998474121094,3596,0.0,0.0,0.0,KOL,VanEck Coal ETF
2016-01-20 00:00:00-05:00,52.0,53.29399871826172,50.70000076293945,52.999000549316406,7754,0.0,0.0,0.0,KOL,VanEck Coal ETF
2016-01-21 00:00:00-05:00,52.70000076293945,54.5,52.599998474121094,53.70000076293945,6765,0.0,0.0,0.0,KOL,VanEck Coal ETF
2016-01-22 00:00:00-05:00,55.79999923706055,57.0,55.400001525878906,55.78900146484375,6930,0.0,0.0,0.0,KOL,VanEck Coal ETF
2016-01-25 00:00:00-05:00,55.400001525878906,55.79999923706055,54.29999923706055,54.400001525878906,2100,0.0,0.0,0.0,KOL,VanEck Coal ETF
2016-01-26 00:00:00-05:00,54.70000076293945,55.79999923706055,54.599998474121094,55.70000076293945,1705,0.0,0.0,0.0,KOL,VanEck Coal ETF
2016-01-27 00:00:00-05:00,55.29999923706055,56.20000076293945,54.60100173950195,55.099998474121094,2514,0.0,0.0,0.0,KOL,VanEck Coal ETF
2016-01-28 00:00:00-05:00,56.29999923706055,56.8650016784668,55.70000076293945,56.400001525878906,1893,0.0,0.0,0.0,KOL,VanEck Coal ETF
2016-01-29 00:00:00-05:00,57.5,59.29999923706055,57.5,59.29999923706055,8794,0.0,0.0,0.0,KOL,VanEck Coal ETF
2016-02-01 00:00:00-05:00,58.599998474121094,59.0,58.099998474121094,58.900001525878906,2242,0.0,0.0,0.0,KOL,VanEck Coal ETF
2016-02-02 00:00:00-05:00,57.79999923706055,57.79999923706055,56.599998474121094,57.0,4687,0.0,0.0,0.0,KOL,VanEck Coal ETF
2016-02-03 00:00:00-05:00,57.900001525878906,59.20000076293945,56.599998474121094,59.0,2724,0.0,0.0,0.0,KOL,VanEck Coal ETF
2016-02-04 00:00:00-05:00,60.400001525878906,62.900001525878906,60.400001525878906,61.70000076293945,5710,0.0,0.0,0.0,KOL,VanEck Coal ETF
2016-02-05 00:00:00-05:00,62.0,62.220001220703125,61.29999923706055,61.5,1922,0.0,0.0,0.0,KOL,VanEck Coal ETF
2016-02-08 00:00:00-05:00,61.400001525878906,61.400001525878906,60.5,61.099998474121094,9004,0.0,0.0,0.0,KOL,VanEck Coal ETF
2016-02-09 00:00:00-05:00,60.0,60.20000076293945,59.0,59.400001525878906,5862,0.0,0.0,0.0,KOL,VanEck Coal ETF
2016-02-10 00:00:00-05:00,60.20000076293945,60.79999923706055,58.0,58.20000076293945,13282,0.0,0.0,0.0,KOL,VanEck Coal ETF
2016-02-11 00:00:00-05:00,57.900001525878906,58.34000015258789,57.20000076293945,58.0,5757,0.0,0.0,0.0,KOL,VanEck Coal ETF
2016-02-12 00:00:00-05:00,58.5,60.599998474121094,58.5,60.400001525878906,3471,0.0,0.0,0.0,KOL,VanEck Coal ETF
2016-02-16 00:00:00-05:00,60.900001525878906,62.099998474121094,60.400001525878906,62.099998474121094,17903,0.0,0.0,0.0,KOL,VanEck Coal ETF
2016-02-17 00:00:00-05:00,62.599998474121094,65.4000015258789,62.54999923706055,65.4000015258789,7750,0.0,0.0,0.0,KOL,VanEck Coal ETF
2016-02-18 00:00:00-05:00,65.0,65.30000305175781,63.51499938964844,64.19999694824219,3645,0.0,0.0,0.0,KOL,VanEck Coal ETF
2016-02-19 00:00:00-05:00,64.30000305175781,64.30000305175781,63.29999923706055,64.0,2608,0.0,0.0,0.0,KOL,VanEck Coal ETF
2016-02-22 00:00:00-05:00,65.0,67.30000305175781,65.0,67.0,7489,0.0,0.0,0.0,KOL,VanEck Coal ETF
2016-02-23 00:00:00-05:00,66.80000305175781,66.80000305175781,64.19999694824219,64.19999694824219,7889,0.0,0.0,0.0,KOL,VanEck Coal ETF
2016-02-24 00:00:00-05:00,63.29999923706055,63.900001525878906,61.900001525878906,63.5,13026,0.0,0.0,0.0,KOL,VanEck Coal ETF
2016-02-25 00:00:00-05:00,63.29999923706055,63.29999923706055,62.0,62.79999923706055,5762,0.0,0.0,0.0,KOL,VanEck Coal ETF
2016-02-26 00:00:00-05:00,63.900001525878906,65.0999984741211,63.29999923706055,64.0,9196,0.0,0.0,0.0,KOL,VanEck Coal ETF
2016-02-29 00:00:00-05:00,65.0,66.0,64.70700073242188,65.0,4570,0.0,0.0,0.0,KOL,VanEck Coal ETF
2016-03-01 00:00:00-05:00,66.5,68.0,66.0,67.69999694824219,7552,0.0,0.0,0.0,KOL,VanEck Coal ETF
2016-03-02 00:00:00-05:00,67.5,70.19999694824219,67.5,70.0999984741211,5486,0.0,0.0,0.0,KOL,VanEck Coal ETF
2016-03-03 00:00:00-05:00,70.0,72.4000015258789,70.0,72.29900360107422,18191,0.0,0.0,0.0,KOL,VanEck Coal ETF
2016-03-04 00:00:00-05:00,73.4000015258789,75.80000305175781,73.19999694824219,74.0999984741211,13478,0.0,0.0,0.0,KOL,VanEck Coal ETF
2016-03-07 00:00:00-05:00,75.69999694824219,78.30000305175781,75.69999694824219,77.9000015258789,12998,0.0,0.0,0.0,KOL,VanEck Coal ETF
2016-03-08 00:00:00-05:00,77.5,77.5,74.69999694824219,75.69999694824219,9925,0.0,0.0,0.0,KOL,VanEck Coal ETF
2016-03-09 00:00:00-05:00,75.5999984741211,76.83300018310547,75.30000305175781,76.30000305175781,5325,0.0,0.0,0.0,KOL,VanEck Coal ETF
2016-03-10 00:00:00-05:00,76.0999984741211,76.19999694824219,74.30000305175781,75.4000015258789,2237,0.0,0.0,0.0,KOL,VanEck Coal ETF
2016-03-11 00:00:00-05:00,76.19999694824219,76.98999786376953,76.19999694824219,76.30000305175781,2890,0.0,0.0,0.0,KOL,VanEck Coal ETF
2016-03-14 00:00:00-04:00,76.0999984741211,76.5999984741211,75.5999984741211,76.0999984741211,6084,0.0,0.0,0.0,KOL,VanEck Coal ETF
2016-03-15 00:00:00-04:00,74.30000305175781,74.30000305175781,72.5999984741211,73.5999984741211,13560,0.0,0.0,0.0,KOL,VanEck Coal ETF
2016-03-16 00:00:00-04:00,73.0999984741211,75.9990005493164,72.69999694824219,75.19999694824219,6087,0.0,0.0,0.0,KOL,VanEck Coal ETF
2016-03-17 00:00:00-04:00,76.0999984741211,79.30000305175781,76.0999984741211,78.9000015258789,12166,0.0,0.0,0.0,KOL,VanEck Coal ETF
2016-03-18 00:00:00-04:00,78.4000015258789,78.87000274658203,76.91100311279297,77.39900207519531,3530,0.0,0.0,0.0,KOL,VanEck Coal ETF
2016-03-21 00:00:00-04:00,76.80000305175781,77.5,76.30000305175781,76.9000015258789,3370,0.0,0.0,0.0,KOL,VanEck Coal ETF
2016-03-22 00:00:00-04:00,76.69999694824219,77.30000305175781,76.01100158691406,76.80000305175781,2664,0.0,0.0,0.0,KOL,VanEck Coal ETF
2016-03-23 00:00:00-04:00,75.80000305175781,75.80000305175781,73.55000305175781,73.69999694824219,17394,0.0,0.0,0.0,KOL,VanEck Coal ETF
2016-03-24 00:00:00-04:00,72.69999694824219,74.29900360107422,72.0,74.0999984741211,3876,0.0,0.0,0.0,KOL,VanEck Coal ETF
2016-03-28 00:00:00-04:00,74.4000015258789,74.5999984741211,73.69999694824219,74.5,1235,0.0,0.0,0.0,KOL,VanEck Coal ETF
2016-03-29 00:00:00-04:00,73.80000305175781,74.9000015258789,72.5,74.9000015258789,2404,0.0,0.0,0.0,KOL,VanEck Coal ETF
2016-03-30 00:00:00-04:00,75.5999984741211,76.0,74.69999694824219,75.5,4275,0.0,0.0,0.0,KOL,VanEck Coal ETF
2016-03-31 00:00:00-04:00,75.69999694824219,76.02200317382812,75.30000305175781,75.30000305175781,1436,0.0,0.0,0.0,KOL,VanEck Coal ETF
2016-04-01 00:00:00-04:00,74.5,75.5,74.0,75.30000305175781,3313,0.0,0.0,0.0,KOL,VanEck Coal ETF
2016-04-04 00:00:00-04:00,74.9000015258789,75.19999694824219,74.0,74.19999694824219,2669,0.0,0.0,0.0,KOL,VanEck Coal ETF
2016-04-05 00:00:00-04:00,73.30000305175781,73.4000015258789,72.5999984741211,72.9000015258789,2326,0.0,0.0,0.0,KOL,VanEck Coal ETF
2016-04-06 00:00:00-04:00,74.03500366210938,74.80000305175781,73.30000305175781,74.80000305175781,1886,0.0,0.0,0.0,KOL,VanEck Coal ETF
2016-04-07 00:00:00-04:00,73.5,73.9990005493164,72.4000015258789,72.5,1791,0.0,0.0,0.0,KOL,VanEck Coal ETF
2016-04-08 00:00:00-04:00,74.30000305175781,75.0,74.0999984741211,74.4000015258789,2177,0.0,0.0,0.0,KOL,VanEck Coal ETF
2016-04-11 00:00:00-04:00,75.9000015258789,77.4209976196289,75.9000015258789,77.0,6037,0.0,0.0,0.0,KOL,VanEck Coal ETF
2016-04-12 00:00:00-04:00,78.0,80.4000015258789,78.0,79.69999694824219,5646,0.0,0.0,0.0,KOL,VanEck Coal ETF
2016-04-13 00:00:00-04:00,81.80000305175781,82.80000305175781,81.5999984741211,82.69999694824219,15493,0.0,0.0,0.0,KOL,VanEck Coal ETF
2016-04-14 00:00:00-04:00,83.19999694824219,83.69999694824219,82.19999694824219,82.4000015258789,6886,0.0,0.0,0.0,KOL,VanEck Coal ETF
2016-04-15 00:00:00-04:00,81.9000015258789,82.30000305175781,81.5,81.80000305175781,3086,0.0,0.0,0.0,KOL,VanEck Coal ETF
2016-04-18 00:00:00-04:00,82.19999694824219,84.19999694824219,81.5999984741211,83.69999694824219,13731,0.0,0.0,0.0,KOL,VanEck Coal ETF
2016-04-19 00:00:00-04:00,85.0,86.5,85.0,86.4000015258789,8418,0.0,0.0,0.0,KOL,VanEck Coal ETF
2016-04-20 00:00:00-04:00,86.4000015258789,88.80000305175781,86.4000015258789,87.5999984741211,11532,0.0,0.0,0.0,KOL,VanEck Coal ETF
2016-04-21 00:00:00-04:00,88.0,88.58799743652344,86.44999694824219,86.5999984741211,5423,0.0,0.0,0.0,KOL,VanEck Coal ETF
2016-04-22 00:00:00-04:00,86.5999984741211,87.4990005493164,86.19999694824219,86.5999984741211,4007,0.0,0.0,0.0,KOL,VanEck Coal ETF
2016-04-25 00:00:00-04:00,85.69999694824219,85.69999694824219,85.0,85.19999694824219,8111,0.0,0.0,0.0,KOL,VanEck Coal ETF
2016-04-26 00:00:00-04:00,86.0,86.80000305175781,85.19999694824219,86.30000305175781,3674,0.0,0.0,0.0,KOL,VanEck Coal ETF
2016-04-27 00:00:00-04:00,85.69999694824219,87.19999694824219,85.69999694824219,87.19999694824219,4213,0.0,0.0,0.0,KOL,VanEck Coal ETF
2016-04-28 00:00:00-04:00,87.19999694824219,88.30000305175781,86.69999694824219,86.69999694824219,2353,0.0,0.0,0.0,KOL,VanEck Coal ETF
2016-04-29 00:00:00-04:00,86.9000015258789,87.69999694824219,86.5999984741211,86.9000015258789,2184,0.0,0.0,0.0,KOL,VanEck Coal ETF
2016-05-02 00:00:00-04:00,87.30000305175781,87.69000244140625,86.5,87.5,4944,0.0,0.0,0.0,KOL,VanEck Coal ETF
2016-05-03 00:00:00-04:00,86.0,86.0,83.5999984741211,84.0,12675,0.0,0.0,0.0,KOL,VanEck Coal ETF
2016-05-04 00:00:00-04:00,83.4000015258789,83.87300109863281,81.69999694824219,82.0999984741211,5916,0.0,0.0,0.0,KOL,VanEck Coal ETF
2016-05-05 00:00:00-04:00,83.5999984741211,84.5,81.5999984741211,81.70099639892578,5974,0.0,0.0,0.0,KOL,VanEck Coal ETF
2016-05-06 00:00:00-04:00,81.5,82.53199768066406,80.5999984741211,82.5,57222,0.0,0.0,0.0,KOL,VanEck Coal ETF
2016-05-09 00:00:00-04:00,81.30000305175781,81.30000305175781,78.19999694824219,78.4000015258789,12903,0.0,0.0,0.0,KOL,VanEck Coal ETF
2016-05-10 00:00:00-04:00,78.30000305175781,79.5999984741211,78.30000305175781,79.5999984741211,3294,0.0,0.0,0.0,KOL,VanEck Coal ETF
2016-05-11 00:00:00-04:00,80.80000305175781,81.39900207519531,80.47599792480469,80.69999694824219,5156,0.0,0.0,0.0,KOL,VanEck Coal ETF
2016-05-12 00:00:00-04:00,81.69999694824219,81.69999694824219,79.30000305175781,79.5999984741211,3204,0.0,0.0,0.0,KOL,VanEck Coal ETF
2016-05-13 00:00:00-04:00,78.30000305175781,78.6989974975586,77.30000305175781,77.4000015258789,3665,0.0,0.0,0.0,KOL,VanEck Coal ETF
2016-05-16 00:00:00-04:00,78.0999984741211,79.1989974975586,78.0999984741211,78.5,2595,0.0,0.0,0.0,KOL,VanEck Coal ETF
2016-05-17 00:00:00-04:00,78.4000015258789,79.5,78.0999984741211,78.30000305175781,2474,0.0,0.0,0.0,KOL,VanEck Coal ETF
2016-05-18 00:00:00-04:00,77.69999694824219,78.7969970703125,76.9000015258789,77.0,6326,0.0,0.0,0.0,KOL,VanEck Coal ETF
2016-05-19 00:00:00-04:00,75.69999694824219,76.5999984741211,75.36599731445312,76.5999984741211,6659,0.0,0.0,0.0,KOL,VanEck Coal ETF
2016-05-20 00:00:00-04:00,76.9000015258789,77.61100006103516,76.9000015258789,77.0999984741211,3135,0.0,0.0,0.0,KOL,VanEck Coal ETF
2016-05-23 00:00:00-04:00,76.9000015258789,77.5999984741211,76.79900360107422,77.0999984741211,3264,0.0,0.0,0.0,KOL,VanEck Coal ETF
2016-05-24 00:00:00-04:00,76.9000015258789,77.30000305175781,76.70099639892578,77.0,2359,0.0,0.0,0.0,KOL,VanEck Coal ETF
2016-05-25 00:00:00-04:00,78.0999984741211,79.69999694824219,78.0999984741211,79.4010009765625,4796,0.0,0.0,0.0,KOL,VanEck Coal ETF
2016-05-26 00:00:00-04:00,80.19999694824219,80.9990005493164,80.0009994506836,80.19999694824219,8274,0.0,0.0,0.0,KOL,VanEck Coal ETF
2016-05-27 00:00:00-04:00,79.94999694824219,80.30000305175781,79.5,79.77200317382812,2456,0.0,0.0,0.0,KOL,VanEck Coal ETF
2016-05-31 00:00:00-04:00,80.30000305175781,80.67500305175781,80.0999984741211,80.19999694824219,2113,0.0,0.0,0.0,KOL,VanEck Coal ETF
2016-06-01 00:00:00-04:00,79.5999984741211,79.80000305175781,78.5999984741211,79.80000305175781,4131,0.0,0.0,0.0,KOL,VanEck Coal ETF
2016-06-02 00:00:00-04:00,80.0999984741211,82.0,80.0999984741211,81.9000015258789,11479,0.0,0.0,0.0,KOL,VanEck Coal ETF
2016-06-03 00:00:00-04:00,83.0,85.0,83.0,84.69999694824219,14474,0.0,0.0,0.0,KOL,VanEck Coal ETF
2016-06-06 00:00:00-04:00,85.5999984741211,86.80000305175781,85.447998046875,86.4000015258789,10673,0.0,0.0,0.0,KOL,VanEck Coal ETF
2016-06-07 00:00:00-04:00,87.19999694824219,88.5,87.19999694824219,88.0,20299,0.0,0.0,0.0,KOL,VanEck Coal ETF
2016-06-08 00:00:00-04:00,88.80000305175781,89.0,88.0999984741211,88.30000305175781,18855,0.0,0.0,0.0,KOL,VanEck Coal ETF
2016-06-09 00:00:00-04:00,87.69999694824219,87.69999694824219,86.5999984741211,87.5999984741211,6832,0.0,0.0,0.0,KOL,VanEck Coal ETF
2016-06-10 00:00:00-04:00,85.9000015258789,85.9000015258789,84.30000305175781,84.5999984741211,10885,0.0,0.0,0.0,KOL,VanEck Coal ETF
2016-06-13 00:00:00-04:00,83.5,85.36100006103516,83.5,84.0,9593,0.0,0.0,0.0,KOL,VanEck Coal ETF
2016-06-14 00:00:00-04:00,84.4000015258789,84.4000015258789,82.30000305175781,83.5,8226,0.0,0.0,0.0,KOL,VanEck Coal ETF
2016-06-15 00:00:00-04:00,84.19999694824219,85.5999984741211,84.19999694824219,84.80000305175781,7128,0.0,0.0,0.0,KOL,VanEck Coal ETF
2016-06-16 00:00:00-04:00,83.5999984741211,84.30000305175781,82.4000015258789,84.30000305175781,5802,0.0,0.0,0.0,KOL,VanEck Coal ETF
2016-06-17 00:00:00-04:00,84.80000305175781,86.19999694824219,84.80000305175781,86.0,1838,0.0,0.0,0.0,KOL,VanEck Coal ETF
2016-06-20 00:00:00-04:00,88.19999694824219,88.80000305175781,87.9000015258789,88.0999984741211,9813,0.0,0.0,0.0,KOL,VanEck Coal ETF
2016-06-21 00:00:00-04:00,88.5,88.5,87.5,88.30000305175781,5460,0.0,0.0,0.0,KOL,VanEck Coal ETF
2016-06-22 00:00:00-04:00,89.30000305175781,89.5999984741211,88.5,88.80000305175781,3825,0.0,0.0,0.0,KOL,VanEck Coal ETF
2016-06-23 00:00:00-04:00,90.30000305175781,92.5,90.30000305175781,92.19999694824219,14447,0.0,0.0,0.0,KOL,VanEck Coal ETF
2016-06-24 00:00:00-04:00,87.4000015258789,88.5770034790039,86.30000305175781,86.9000015258789,34506,0.0,0.0,0.0,KOL,VanEck Coal ETF
2016-06-27 00:00:00-04:00,87.5999984741211,87.80000305175781,85.30000305175781,86.30000305175781,4374,0.0,0.0,0.0,KOL,VanEck Coal ETF
2016-06-28 00:00:00-04:00,89.0999984741211,89.5,88.4000015258789,89.5,9446,0.0,0.0,0.0,KOL,VanEck Coal ETF
2016-06-29 00:00:00-04:00,91.0,91.80000305175781,90.70099639892578,91.5,9327,0.0,0.0,0.0,KOL,VanEck Coal ETF
2016-06-30 00:00:00-04:00,91.5,92.30000305175781,90.80000305175781,92.0999984741211,13214,0.0,0.0,0.0,KOL,VanEck Coal ETF
2016-07-01 00:00:00-04:00,92.80000305175781,94.69999694824219,92.80000305175781,94.69999694824219,7586,0.0,0.0,0.0,KOL,VanEck Coal ETF
2016-07-05 00:00:00-04:00,93.5,93.5999984741211,92.0999984741211,92.80000305175781,12038,0.0,0.0,0.0,KOL,VanEck Coal ETF
2016-07-06 00:00:00-04:00,92.19999694824219,93.0999984741211,91.5009994506836,93.0999984741211,8588,0.0,0.0,0.0,KOL,VanEck Coal ETF
2016-07-07 00:00:00-04:00,94.69999694824219,94.9990005493164,92.70999908447266,93.0999984741211,9772,0.0,0.0,0.0,KOL,VanEck Coal ETF
2016-07-08 00:00:00-04:00,95.19999694824219,96.30000305175781,94.80000305175781,96.0999984741211,22003,0.0,0.0,0.0,KOL,VanEck Coal ETF
2016-07-11 00:00:00-04:00,97.30000305175781,97.75,96.9000015258789,97.5,9693,0.0,0.0,0.0,KOL,VanEck Coal ETF
2016-07-12 00:00:00-04:00,100.0,101.69999694824219,100.0,101.4000015258789,12098,0.0,0.0,0.0,KOL,VanEck Coal ETF
2016-07-13 00:00:00-04:00,102.9000015258789,102.9000015258789,101.5999984741211,102.0,15558,0.0,0.0,0.0,KOL,VanEck Coal ETF
2016-07-14 00:00:00-04:00,102.19999694824219,102.4000015258789,101.5,101.9000015258789,13267,0.0,0.0,0.0,KOL,VanEck Coal ETF
2016-07-15 00:00:00-04:00,102.30000305175781,102.4990005493164,101.73999786376953,102.4000015258789,18742,0.0,0.0,0.0,KOL,VanEck Coal ETF
2016-07-18 00:00:00-04:00,103.0999984741211,103.4000015258789,102.0,103.30000305175781,11849,0.0,0.0,0.0,KOL,VanEck Coal ETF
2016-07-19 00:00:00-04:00,102.0,102.0,100.9010009765625,101.30000305175781,10484,0.0,0.0,0.0,KOL,VanEck Coal ETF
2016-07-20 00:00:00-04:00,100.5999984741211,100.6989974975586,99.3010025024414,100.4000015258789,6814,0.0,0.0,0.0,KOL,VanEck Coal ETF
2016-07-21 00:00:00-04:00,102.19999694824219,102.80000305175781,102.05000305175781,102.4000015258789,7747,0.0,0.0,0.0,KOL,VanEck Coal ETF
2016-07-22 00:00:00-04:00,102.80000305175781,102.80000305175781,102.0,102.5,6409,0.0,0.0,0.0,KOL,VanEck Coal ETF
2016-07-25 00:00:00-04:00,102.4000015258789,102.69999694824219,101.80000305175781,102.5999984741211,14153,0.0,0.0,0.0,KOL,VanEck Coal ETF
2016-07-26 00:00:00-04:00,102.5999984741211,103.4000015258789,102.4000015258789,103.19999694824219,6120,0.0,0.0,0.0,KOL,VanEck Coal ETF
2016-07-27 00:00:00-04:00,103.5999984741211,104.0999984741211,102.70999908447266,103.5,9129,0.0,0.0,0.0,KOL,VanEck Coal ETF
2016-07-28 00:00:00-04:00,104.30000305175781,104.5,103.69999694824219,104.4000015258789,4812,0.0,0.0,0.0,KOL,VanEck Coal ETF
2016-07-29 00:00:00-04:00,104.5999984741211,106.19999694824219,104.5999984741211,106.0,14397,0.0,0.0,0.0,KOL,VanEck Coal ETF
2016-08-01 00:00:00-04:00,107.0,107.0,105.4000015258789,105.5,12502,0.0,0.0,0.0,KOL,VanEck Coal ETF
2016-08-02 00:00:00-04:00,105.9000015258789,106.0999984741211,104.5,105.30000305175781,12781,0.0,0.0,0.0,KOL,VanEck Coal ETF
2016-08-03 00:00:00-04:00,105.0999984741211,106.5999984741211,104.80000305175781,106.5999984741211,7743,0.0,0.0,0.0,KOL,VanEck Coal ETF
2016-08-04 00:00:00-04:00,107.19999694824219,108.0,107.0,107.5,8632,0.0,0.0,0.0,KOL,VanEck Coal ETF
2016-08-05 00:00:00-04:00,108.0,108.0999984741211,107.27400207519531,107.69999694824219,7560,0.0,0.0,0.0,KOL,VanEck Coal ETF
2016-08-08 00:00:00-04:00,108.69999694824219,109.19999694824219,108.38400268554688,108.69999694824219,10253,0.0,0.0,0.0,KOL,VanEck Coal ETF
2016-08-09 00:00:00-04:00,109.5999984741211,110.0,109.0999984741211,109.19999694824219,10988,0.0,0.0,0.0,KOL,VanEck Coal ETF
2016-08-10 00:00:00-04:00,109.5,109.5,108.69999694824219,108.69999694824219,7479,0.0,0.0,0.0,KOL,VanEck Coal ETF
2016-08-11 00:00:00-04:00,108.5,108.69999694824219,108.19999694824219,108.30000305175781,6296,0.0,0.0,0.0,KOL,VanEck Coal ETF
2016-08-12 00:00:00-04:00,108.19999694824219,108.19999694824219,106.69999694824219,106.9000015258789,15889,0.0,0.0,0.0,KOL,VanEck Coal ETF
2016-08-15 00:00:00-04:00,106.69999694824219,107.69999694824219,106.69999694824219,107.5999984741211,7556,0.0,0.0,0.0,KOL,VanEck Coal ETF
2016-08-16 00:00:00-04:00,108.5,108.5,107.80000305175781,108.19999694824219,3406,0.0,0.0,0.0,KOL,VanEck Coal ETF
2016-08-17 00:00:00-04:00,107.30000305175781,107.30000305175781,106.19999694824219,107.01399993896484,7058,0.0,0.0,0.0,KOL,VanEck Coal ETF
2016-08-18 00:00:00-04:00,107.19999694824219,107.9000015258789,107.1500015258789,107.89199829101562,9899,0.0,0.0,0.0,KOL,VanEck Coal ETF
2016-08-19 00:00:00-04:00,104.80000305175781,104.80000305175781,102.9000015258789,104.2490005493164,17717,0.0,0.0,0.0,KOL,VanEck Coal ETF
2016-08-22 00:00:00-04:00,103.5999984741211,104.30000305175781,103.30000305175781,104.0999984741211,10414,0.0,0.0,0.0,KOL,VanEck Coal ETF
2016-08-23 00:00:00-04:00,105.0999984741211,105.91999816894531,104.9000015258789,105.0,9613,0.0,0.0,0.0,KOL,VanEck Coal ETF
2016-08-24 00:00:00-04:00,105.0,105.4000015258789,104.30000305175781,104.5,8549,0.0,0.0,0.0,KOL,VanEck Coal ETF
2016-08-25 00:00:00-04:00,103.5999984741211,104.4000015258789,103.5999984741211,104.30000305175781,5263,0.0,0.0,0.0,KOL,VanEck Coal ETF
2016-08-26 00:00:00-04:00,105.0,106.19999694824219,103.19999694824219,103.69999694824219,12445,0.0,0.0,0.0,KOL,VanEck Coal ETF
2016-08-29 00:00:00-04:00,103.69999694824219,105.0,103.19999694824219,104.69999694824219,9196,0.0,0.0,0.0,KOL,VanEck Coal ETF
2016-08-30 00:00:00-04:00,107.0999984741211,107.28600311279297,106.1760025024414,106.4000015258789,8119,0.0,0.0,0.0,KOL,VanEck Coal ETF
2016-08-31 00:00:00-04:00,106.0,106.30000305175781,105.18000030517578,105.4000015258789,11624,0.0,0.0,0.0,KOL,VanEck Coal ETF
2016-09-01 00:00:00-04:00,105.9000015258789,105.9990005493164,105.19999694824219,105.5999984741211,5069,0.0,0.0,0.0,KOL,VanEck Coal ETF
2016-09-02 00:00:00-04:00,107.4000015258789,108.5,107.4000015258789,107.80000305175781,9151,0.0,0.0,0.0,KOL,VanEck Coal ETF
2016-09-06 00:00:00-04:00,110.5,112.69999694824219,110.5,112.5999984741211,24105,0.0,0.0,0.0,KOL,VanEck Coal ETF
2016-09-07 00:00:00-04:00,111.69999694824219,111.80000305175781,110.4000015258789,110.69999694824219,23625,0.0,0.0,0.0,KOL,VanEck Coal ETF
2016-09-08 00:00:00-04:00,111.0999984741211,111.4000015258789,110.9000015258789,111.0,9100,0.0,0.0,0.0,KOL,VanEck Coal ETF
2016-09-09 00:00:00-04:00,110.5,110.5,108.0,108.0,14239,0.0,0.0,0.0,KOL,VanEck Coal ETF
2016-09-12 00:00:00-04:00,106.4000015258789,109.0,106.19999694824219,108.80000305175781,6607,0.0,0.0,0.0,KOL,VanEck Coal ETF
2016-09-13 00:00:00-04:00,107.19999694824219,107.19999694824219,104.80000305175781,105.4000015258789,19935,0.0,0.0,0.0,KOL,VanEck Coal ETF
2016-09-14 00:00:00-04:00,106.0,107.0999984741211,105.69999694824219,106.0999984741211,21659,0.0,0.0,0.0,KOL,VanEck Coal ETF
2016-09-15 00:00:00-04:00,107.80000305175781,109.0999984741211,107.4000015258789,108.69499969482422,5287,0.0,0.0,0.0,KOL,VanEck Coal ETF
2016-09-16 00:00:00-04:00,108.4000015258789,108.80000305175781,108.0,108.80000305175781,2866,0.0,0.0,0.0,KOL,VanEck Coal ETF
2016-09-19 00:00:00-04:00,110.0,110.5,109.0999984741211,109.0999984741211,9973,0.0,0.0,0.0,KOL,VanEck Coal ETF
2016-09-20 00:00:00-04:00,110.9000015258789,111.5,110.5999984741211,111.19999694824219,26537,0.0,0.0,0.0,KOL,VanEck Coal ETF
2016-09-21 00:00:00-04:00,112.0,114.80000305175781,112.0,114.80000305175781,18322,0.0,0.0,0.0,KOL,VanEck Coal ETF
2016-09-22 00:00:00-04:00,116.5,117.0,115.30000305175781,115.30000305175781,22288,0.0,0.0,0.0,KOL,VanEck Coal ETF
2016-09-23 00:00:00-04:00,114.5999984741211,115.0,114.0999984741211,114.5999984741211,5323,0.0,0.0,0.0,KOL,VanEck Coal ETF
2016-09-26 00:00:00-04:00,114.69999694824219,115.19999694824219,114.30000305175781,114.30000305175781,7403,0.0,0.0,0.0,KOL,VanEck Coal ETF
2016-09-27 00:00:00-04:00,115.4000015258789,115.79900360107422,114.19999694824219,115.69999694824219,9361,0.0,0.0,0.0,KOL,VanEck Coal ETF
2016-09-28 00:00:00-04:00,115.80000305175781,117.69999694824219,115.0999984741211,117.5,15784,0.0,0.0,0.0,KOL,VanEck Coal ETF
2016-09-29 00:00:00-04:00,118.4000015258789,120.19999694824219,117.5,117.80000305175781,18501,0.0,0.0,0.0,KOL,VanEck Coal ETF
2016-09-30 00:00:00-04:00,117.80000305175781,118.1989974975586,117.0999984741211,118.0,14838,0.0,0.0,0.0,KOL,VanEck Coal ETF
2016-10-03 00:00:00-04:00,118.0,119.5,117.69999694824219,119.30000305175781,22246,0.0,0.0,0.0,KOL,VanEck Coal ETF
2016-10-04 00:00:00-04:00,119.5,120.5270004272461,118.4000015258789,118.9000015258789,11708,0.0,0.0,0.0,KOL,VanEck Coal ETF
2016-10-05 00:00:00-04:00,120.5999984741211,121.9000015258789,120.5999984741211,121.5,15827,0.0,0.0,0.0,KOL,VanEck Coal ETF
2016-10-06 00:00:00-04:00,122.5,122.91000366210938,121.93199920654297,122.9000015258789,23417,0.0,0.0,0.0,KOL,VanEck Coal ETF
2016-10-07 00:00:00-04:00,124.5,125.0,123.0,124.19999694824219,24873,0.0,0.0,0.0,KOL,VanEck Coal ETF
2016-10-10 00:00:00-04:00,124.9000015258789,126.30000305175781,124.5,125.80000305175781,20709,0.0,0.0,0.0,KOL,VanEck Coal ETF
2016-10-11 00:00:00-04:00,126.30000305175781,126.30000305175781,124.4000015258789,125.0,30181,0.0,0.0,0.0,KOL,VanEck Coal ETF
2016-10-12 00:00:00-04:00,125.0,125.56300354003906,124.0999984741211,125.19999694824219,9284,0.0,0.0,0.0,KOL,VanEck Coal ETF
2016-10-13 00:00:00-04:00,124.30000305175781,124.80000305175781,122.69999694824219,124.5,14360,0.0,0.0,0.0,KOL,VanEck Coal ETF
2016-10-14 00:00:00-04:00,125.30000305175781,126.4000015258789,124.69999694824219,124.69999694824219,6811,0.0,0.0,0.0,KOL,VanEck Coal ETF
2016-10-17 00:00:00-04:00,127.69999694824219,128.3000030517578,127.30000305175781,127.9000015258789,12075,0.0,0.0,0.0,KOL,VanEck Coal ETF
2016-10-18 00:00:00-04:00,129.39999389648438,129.8000030517578,128.9320068359375,129.8000030517578,19340,0.0,0.0,0.0,KOL,VanEck Coal ETF
2016-10-19 00:00:00-04:00,131.0,132.0,131.0,131.89999389648438,21633,0.0,0.0,0.0,KOL,VanEck Coal ETF
2016-10-20 00:00:00-04:00,131.5,131.5,130.5,131.39999389648438,13470,0.0,0.0,0.0,KOL,VanEck Coal ETF
2016-10-21 00:00:00-04:00,130.10000610351562,130.10000610351562,129.30099487304688,130.0,15553,0.0,0.0,0.0,KOL,VanEck Coal ETF
2016-10-24 00:00:00-04:00,132.0,132.0,130.10000610351562,130.39999389648438,8993,0.0,0.0,0.0,KOL,VanEck Coal ETF
2016-10-25 00:00:00-04:00,132.3000030517578,132.89599609375,131.39999389648438,131.6999969482422,23091,0.0,0.0,0.0,KOL,VanEck Coal ETF
2016-10-26 00:00:00-04:00,131.8000030517578,132.39999389648438,131.39999389648438,131.6999969482422,24633,0.0,0.0,0.0,KOL,VanEck Coal ETF
2016-10-27 00:00:00-04:00,131.89999389648438,131.89999389648438,129.8000030517578,130.8000030517578,11924,0.0,0.0,0.0,KOL,VanEck Coal ETF
2016-10-28 00:00:00-04:00,130.5,131.8000030517578,130.5,130.6999969482422,43236,0.0,0.0,0.0,KOL,VanEck Coal ETF
2016-10-31 00:00:00-04:00,130.60000610351562,131.5500030517578,130.60000610351562,131.25999450683594,11392,0.0,0.0,0.0,KOL,VanEck Coal ETF
2016-11-01 00:00:00-04:00,134.0,134.69000244140625,132.89999389648438,134.10000610351562,42381,0.0,0.0,0.0,KOL,VanEck Coal ETF
2016-11-02 00:00:00-04:00,135.0,135.10000610351562,132.3000030517578,132.39999389648438,26855,0.0,0.0,0.0,KOL,VanEck Coal ETF
2016-11-03 00:00:00-04:00,131.89999389648438,132.8000030517578,130.60000610351562,131.6999969482422,15067,0.0,0.0,0.0,KOL,VanEck Coal ETF
2016-11-04 00:00:00-04:00,131.60000610351562,131.6999969482422,130.6999969482422,130.8000030517578,14164,0.0,0.0,0.0,KOL,VanEck Coal ETF
2016-11-07 00:00:00-05:00,133.60000610351562,136.3000030517578,132.89999389648438,136.1999969482422,24485,0.0,0.0,0.0,KOL,VanEck Coal ETF
2016-11-08 00:00:00-05:00,133.39999389648438,136.10000610351562,133.39999389648438,135.3000030517578,19995,0.0,0.0,0.0,KOL,VanEck Coal ETF
2016-11-09 00:00:00-05:00,136.60000610351562,147.39999389648438,135.6009979248047,138.6999969482422,187698,0.0,0.0,0.0,KOL,VanEck Coal ETF
2016-11-10 00:00:00-05:00,139.3000030517578,139.39999389648438,135.89999389648438,136.60000610351562,81662,0.0,0.0,0.0,KOL,VanEck Coal ETF
2016-11-11 00:00:00-05:00,136.60000610351562,136.8000030517578,133.5,135.6999969482422,51536,0.0,0.0,0.0,KOL,VanEck Coal ETF
2016-11-14 00:00:00-05:00,135.0,135.60000610351562,134.0,135.0,54265,0.0,0.0,0.0,KOL,VanEck Coal ETF
2016-11-15 00:00:00-05:00,131.8000030517578,132.6999969482422,128.3000030517578,132.1999969482422,53249,0.0,0.0,0.0,KOL,VanEck Coal ETF
2016-11-16 00:00:00-05:00,132.3000030517578,133.1999969482422,131.1999969482422,133.1999969482422,33239,0.0,0.0,0.0,KOL,VanEck Coal ETF
2016-11-17 00:00:00-05:00,133.0,133.10000610351562,130.50100708007812,130.60000610351562,24255,0.0,0.0,0.0,KOL,VanEck Coal ETF
2016-11-18 00:00:00-05:00,129.5,130.0,127.0999984741211,128.5,51013,0.0,0.0,0.0,KOL,VanEck Coal ETF
2016-11-21 00:00:00-05:00,129.1999969482422,130.60000610351562,128.60000610351562,129.10000610351562,23554,0.0,0.0,0.0,KOL,VanEck Coal ETF
2016-11-22 00:00:00-05:00,133.10000610351562,134.39999389648438,132.10000610351562,133.1999969482422,35548,0.0,0.0,0.0,KOL,VanEck Coal ETF
2016-11-23 00:00:00-05:00,133.8000030517578,134.0,132.4010009765625,133.60000610351562,17307,0.0,0.0,0.0,KOL,VanEck Coal ETF
2016-11-25 00:00:00-05:00,135.6999969482422,135.8000030517578,134.39999389648438,134.60000610351562,11150,0.0,0.0,0.0,KOL,VanEck Coal ETF
2016-11-28 00:00:00-05:00,134.6999969482422,135.2519989013672,134.60000610351562,134.60000610351562,14362,0.0,0.0,0.0,KOL,VanEck Coal ETF
2016-11-29 00:00:00-05:00,131.6999969482422,133.10000610351562,131.3000030517578,132.60000610351562,18508,0.0,0.0,0.0,KOL,VanEck Coal ETF
2016-11-30 00:00:00-05:00,132.60000610351562,132.60000610351562,131.0,131.1999969482422,24343,0.0,0.0,0.0,KOL,VanEck Coal ETF
2016-12-01 00:00:00-05:00,131.1999969482422,131.6999969482422,130.5,130.60000610351562,19970,0.0,0.0,0.0,KOL,VanEck Coal ETF
2016-12-02 00:00:00-05:00,131.1999969482422,133.11099243164062,131.1999969482422,132.8000030517578,7820,0.0,0.0,0.0,KOL,VanEck Coal ETF
2016-12-05 00:00:00-05:00,134.39999389648438,135.1999969482422,133.89999389648438,135.0,15873,0.0,0.0,0.0,KOL,VanEck Coal ETF
2016-12-06 00:00:00-05:00,134.6999969482422,134.8000030517578,133.6999969482422,134.8000030517578,13334,0.0,0.0,0.0,KOL,VanEck Coal ETF
2016-12-07 00:00:00-05:00,134.6999969482422,135.1510009765625,134.0,134.89999389648438,11057,0.0,0.0,0.0,KOL,VanEck Coal ETF
2016-12-08 00:00:00-05:00,134.5,134.7989959716797,133.1999969482422,133.60000610351562,21352,0.0,0.0,0.0,KOL,VanEck Coal ETF
2016-12-09 00:00:00-05:00,133.5,133.5,132.10000610351562,132.3000030517578,19898,0.0,0.0,0.0,KOL,VanEck Coal ETF
2016-12-12 00:00:00-05:00,132.39999389648438,133.3000030517578,131.5,131.5,19962,0.0,0.0,0.0,KOL,VanEck Coal ETF
2016-12-13 00:00:00-05:00,132.0,133.10000610351562,131.5030059814453,132.5,22886,0.0,0.0,0.0,KOL,VanEck Coal ETF
2016-12-14 00:00:00-05:00,131.5,131.5,128.0,128.5,16951,0.0,0.0,0.0,KOL,VanEck Coal ETF
2016-12-15 00:00:00-05:00,127.19999694824219,128.1999969482422,127.19999694824219,127.9000015258789,23827,0.0,0.0,0.0,KOL,VanEck Coal ETF
2016-12-16 00:00:00-05:00,127.19999694824219,127.69999694824219,126.0,126.19999694824219,34103,0.0,0.0,0.0,KOL,VanEck Coal ETF
2016-12-19 00:00:00-05:00,124.19999694824219,125.52400207519531,123.80000305175781,124.0,36970,0.0,0.0,0.0,KOL,VanEck Coal ETF
2016-12-20 00:00:00-05:00,124.30000305175781,124.5999984741211,123.9000015258789,124.19999694824219,14906,0.0,0.0,0.0,KOL,VanEck Coal ETF
2016-12-21 00:00:00-05:00,124.0,124.9000015258789,123.69999694824219,123.69999694824219,11038,0.0,0.0,0.0,KOL,VanEck Coal ETF
2016-12-22 00:00:00-05:00,122.5999984741211,122.5999984741211,120.30000305175781,121.80000305175781,21574,0.0,0.0,0.0,KOL,VanEck Coal ETF
2016-12-23 00:00:00-05:00,121.9000015258789,122.0,121.19999694824219,122.0,13424,0.0,0.0,0.0,KOL,VanEck Coal ETF
2016-12-27 00:00:00-05:00,121.5999984741211,122.9000015258789,121.5999984741211,122.58899688720703,13215,0.0,0.0,0.0,KOL,VanEck Coal ETF
2016-12-28 00:00:00-05:00,124.30000305175781,124.30000305175781,122.4000015258789,122.69999694824219,14489,0.0,0.0,0.0,KOL,VanEck Coal ETF
2016-12-29 00:00:00-05:00,123.5999984741211,124.09600067138672,123.32499694824219,123.5,8535,0.0,0.0,0.0,KOL,VanEck Coal ETF
2016-12-30 00:00:00-05:00,124.4000015258789,124.4000015258789,122.5999984741211,122.5999984741211,10073,0.0,0.0,0.0,KOL,VanEck Coal ETF
2017-01-03 00:00:00-05:00,124.0,124.5999984741211,123.05000305175781,123.5,8980,0.0,0.0,0.0,KOL,VanEck Coal ETF
2017-01-04 00:00:00-05:00,125.30000305175781,126.0,124.9000015258789,125.9000015258789,11465,0.0,0.0,0.0,KOL,VanEck Coal ETF
2017-01-05 00:00:00-05:00,126.30000305175781,127.5,126.30000305175781,127.5,9783,0.0,0.0,0.0,KOL,VanEck Coal ETF
2017-01-06 00:00:00-05:00,127.30000305175781,127.30000305175781,126.0,126.19999694824219,7153,0.0,0.0,0.0,KOL,VanEck Coal ETF
2017-01-09 00:00:00-05:00,125.9000015258789,126.4000015258789,125.5999984741211,125.9000015258789,23415,0.0,0.0,0.0,KOL,VanEck Coal ETF
2017-01-10 00:00:00-05:00,127.5,128.7030029296875,127.4000015258789,128.3000030517578,16025,0.0,0.0,0.0,KOL,VanEck Coal ETF
2017-01-11 00:00:00-05:00,129.6999969482422,130.60000610351562,129.10000610351562,130.5,13162,0.0,0.0,0.0,KOL,VanEck Coal ETF
2017-01-12 00:00:00-05:00,132.3000030517578,132.3000030517578,129.6999969482422,130.1999969482422,7521,0.0,0.0,0.0,KOL,VanEck Coal ETF
2017-01-13 00:00:00-05:00,131.39999389648438,131.89999389648438,131.0399932861328,131.60000610351562,6546,0.0,0.0,0.0,KOL,VanEck Coal ETF
2017-01-17 00:00:00-05:00,131.3000030517578,131.3000030517578,129.5,129.6999969482422,8675,0.0,0.0,0.0,KOL,VanEck Coal ETF
2017-01-18 00:00:00-05:00,130.0,130.01699829101562,129.5,129.5,5155,0.0,0.0,0.0,KOL,VanEck Coal ETF
2017-01-19 00:00:00-05:00,130.10000610351562,130.10000610351562,128.3000030517578,128.6999969482422,4507,0.0,0.0,0.0,KOL,VanEck Coal ETF
2017-01-20 00:00:00-05:00,128.39999389648438,128.6999969482422,128.10000610351562,128.5,5500,0.0,0.0,0.0,KOL,VanEck Coal ETF
2017-01-23 00:00:00-05:00,129.5,129.71600341796875,128.96400451660156,129.3000030517578,9481,0.0,0.0,0.0,KOL,VanEck Coal ETF
2017-01-24 00:00:00-05:00,132.3000030517578,133.89999389648438,130.60000610351562,133.10000610351562,21048,0.0,0.0,0.0,KOL,VanEck Coal ETF
2017-01-25 00:00:00-05:00,134.39999389648438,134.60000610351562,133.6909942626953,134.60000610351562,13919,0.0,0.0,0.0,KOL,VanEck Coal ETF
2017-01-26 00:00:00-05:00,134.60000610351562,134.60000610351562,133.0,133.10000610351562,9378,0.0,0.0,0.0,KOL,VanEck Coal ETF
2017-01-27 00:00:00-05:00,133.3000030517578,133.3000030517578,132.5,132.6999969482422,5328,0.0,0.0,0.0,KOL,VanEck Coal ETF
2017-01-30 00:00:00-05:00,132.10000610351562,132.1320037841797,130.8300018310547,131.1999969482422,5682,0.0,0.0,0.0,KOL,VanEck Coal ETF
2017-01-31 00:00:00-05:00,131.89999389648438,131.89999389648438,130.5,131.1999969482422,7878,0.0,0.0,0.0,KOL,VanEck Coal ETF
2017-02-01 00:00:00-05:00,132.89999389648438,132.89999389648438,131.39999389648438,132.3000030517578,3329,0.0,0.0,0.0,KOL,VanEck Coal ETF
2017-02-02 00:00:00-05:00,133.39999389648438,133.6790008544922,132.76499938964844,133.1999969482422,15302,0.0,0.0,0.0,KOL,VanEck Coal ETF
2017-02-03 00:00:00-05:00,132.89999389648438,132.89999389648438,131.39999389648438,132.10000610351562,6658,0.0,0.0,0.0,KOL,VanEck Coal ETF
2017-02-06 00:00:00-05:00,131.6999969482422,131.6999969482422,130.3000030517578,130.5,9687,0.0,0.0,0.0,KOL,VanEck Coal ETF
2017-02-07 00:00:00-05:00,130.39999389648438,130.5,129.25,129.39999389648438,13246,0.0,0.0,0.0,KOL,VanEck Coal ETF
2017-02-08 00:00:00-05:00,129.89999389648438,130.8459930419922,129.89999389648438,130.5,9594,0.0,0.0,0.0,KOL,VanEck Coal ETF
2017-02-09 00:00:00-05:00,131.0,131.0,130.0070037841797,130.3000030517578,5382,0.0,0.0,0.0,KOL,VanEck Coal ETF
2017-02-10 00:00:00-05:00,131.10000610351562,132.5,131.10000610351562,132.5,13457,0.0,0.0,0.0,KOL,VanEck Coal ETF
2017-02-13 00:00:00-05:00,133.6999969482422,133.8000030517578,133.1999969482422,133.4149932861328,13234,0.0,0.0,0.0,KOL,VanEck Coal ETF
2017-02-14 00:00:00-05:00,133.0,133.39999389648438,131.6999969482422,132.8000030517578,15409,0.0,0.0,0.0,KOL,VanEck Coal ETF
2017-02-15 00:00:00-05:00,133.0,133.3000030517578,132.6999969482422,132.89999389648438,8876,0.0,0.0,0.0,KOL,VanEck Coal ETF
2017-02-16 00:00:00-05:00,133.5,134.21499633789062,133.39999389648438,133.60000610351562,12245,0.0,0.0,0.0,KOL,VanEck Coal ETF
2017-02-17 00:00:00-05:00,134.0,134.0,132.8000030517578,132.89999389648438,7047,0.0,0.0,0.0,KOL,VanEck Coal ETF
2017-02-21 00:00:00-05:00,134.5,135.89999389648438,134.5,135.8000030517578,23926,0.0,0.0,0.0,KOL,VanEck Coal ETF
2017-02-22 00:00:00-05:00,136.1999969482422,136.1999969482422,135.60000610351562,136.1999969482422,8972,0.0,0.0,0.0,KOL,VanEck Coal ETF
2017-02-23 00:00:00-05:00,136.6999969482422,137.00100708007812,135.3000030517578,135.8000030517578,13180,0.0,0.0,0.0,KOL,VanEck Coal ETF
2017-02-24 00:00:00-05:00,133.89999389648438,133.89999389648438,132.6999969482422,132.8000030517578,5339,0.0,0.0,0.0,KOL,VanEck Coal ETF
2017-02-27 00:00:00-05:00,132.5,132.9010009765625,132.10000610351562,132.39999389648438,4494,0.0,0.0,0.0,KOL,VanEck Coal ETF
2017-02-28 00:00:00-05:00,132.5,132.60000610351562,131.64999389648438,131.89999389648438,12829,0.0,0.0,0.0,KOL,VanEck Coal ETF
2017-03-01 00:00:00-05:00,132.5,134.3000030517578,132.5,134.10000610351562,21664,0.0,0.0,0.0,KOL,VanEck Coal ETF
2017-03-02 00:00:00-05:00,134.10000610351562,134.5,132.60000610351562,132.8000030517578,12457,0.0,0.0,0.0,KOL,VanEck Coal ETF
2017-03-03 00:00:00-05:00,132.89999389648438,133.10000610351562,132.2469940185547,132.8000030517578,7267,0.0,0.0,0.0,KOL,VanEck Coal ETF
2017-03-06 00:00:00-05:00,133.39999389648438,133.39999389648438,132.14999389648438,133.10000610351562,14148,0.0,0.0,0.0,KOL,VanEck Coal ETF
2017-03-07 00:00:00-05:00,131.6999969482422,132.55599975585938,131.6999969482422,132.1999969482422,3502,0.0,0.0,0.0,KOL,VanEck Coal ETF
2017-03-08 00:00:00-05:00,132.8000030517578,132.8000030517578,131.1999969482422,131.39999389648438,2809,0.0,0.0,0.0,KOL,VanEck Coal ETF
2017-03-09 00:00:00-05:00,130.0,130.10000610351562,129.0,129.60000610351562,8634,0.0,0.0,0.0,KOL,VanEck Coal ETF
2017-03-10 00:00:00-05:00,129.5,129.89999389648438,128.6999969482422,129.60000610351562,24570,0.0,0.0,0.0,KOL,VanEck Coal ETF
2017-03-13 00:00:00-04:00,129.89999389648438,131.10000610351562,129.89999389648438,130.6999969482422,4134,0.0,0.0,0.0,KOL,VanEck Coal ETF
2017-03-14 00:00:00-04:00,130.6999969482422,131.1999969482422,130.64700317382812,131.0,7637,0.0,0.0,0.0,KOL,VanEck Coal ETF
2017-03-15 00:00:00-04:00,130.39999389648438,134.3990020751953,130.39999389648438,134.0,2637,0.0,0.0,0.0,KOL,VanEck Coal ETF
2017-03-16 00:00:00-04:00,135.39999389648438,136.1999969482422,135.10000610351562,135.8000030517578,12092,0.0,0.0,0.0,KOL,VanEck Coal ETF
2017-03-17 00:00:00-04:00,136.1999969482422,137.10000610351562,135.89999389648438,136.8000030517578,12872,0.0,0.0,0.0,KOL,VanEck Coal ETF
2017-03-20 00:00:00-04:00,138.6999969482422,138.8000030517578,137.1999969482422,138.7449951171875,15828,0.0,0.0,0.0,KOL,VanEck Coal ETF
2017-03-21 00:00:00-04:00,139.60000610351562,139.88999938964844,136.39999389648438,136.8000030517578,19234,0.0,0.0,0.0,KOL,VanEck Coal ETF
2017-03-22 00:00:00-04:00,136.10000610351562,137.6999969482422,136.10000610351562,137.60000610351562,71339,0.0,0.0,0.0,KOL,VanEck Coal ETF
2017-03-23 00:00:00-04:00,137.10000610351562,138.49899291992188,137.10000610351562,138.1999969482422,5910,0.0,0.0,0.0,KOL,VanEck Coal ETF
2017-03-24 00:00:00-04:00,137.6999969482422,138.60000610351562,137.6999969482422,138.10000610351562,12144,0.0,0.0,0.0,KOL,VanEck Coal ETF
2017-03-27 00:00:00-04:00,136.39999389648438,137.4499969482422,135.0,137.39999389648438,10269,0.0,0.0,0.0,KOL,VanEck Coal ETF
2017-03-28 00:00:00-04:00,138.1999969482422,139.0,138.0,138.3000030517578,13588,0.0,0.0,0.0,KOL,VanEck Coal ETF
2017-03-29 00:00:00-04:00,139.5,140.5,138.89999389648438,140.1999969482422,36931,0.0,0.0,0.0,KOL,VanEck Coal ETF
2017-03-30 00:00:00-04:00,140.6999969482422,140.80999755859375,139.39999389648438,139.5,17682,0.0,0.0,0.0,KOL,VanEck Coal ETF
2017-03-31 00:00:00-04:00,138.60000610351562,138.8000030517578,134.0,138.3000030517578,34343,0.0,0.0,0.0,KOL,VanEck Coal ETF
2017-04-03 00:00:00-04:00,140.89999389648438,141.5,139.6999969482422,140.5,16286,0.0,0.0,0.0,KOL,VanEck Coal ETF
2017-04-04 00:00:00-04:00,143.10000610351562,145.5,143.10000610351562,145.39999389648438,20874,0.0,0.0,0.0,KOL,VanEck Coal ETF
2017-04-05 00:00:00-04:00,146.6999969482422,146.6999969482422,144.1999969482422,144.39999389648438,24440,0.0,0.0,0.0,KOL,VanEck Coal ETF
2017-04-06 00:00:00-04:00,144.6999969482422,145.89999389648438,144.6999969482422,145.6999969482422,12397,0.0,0.0,0.0,KOL,VanEck Coal ETF
2017-04-07 00:00:00-04:00,144.8000030517578,146.3990020751953,144.8000030517578,146.0,14289,0.0,0.0,0.0,KOL,VanEck Coal ETF
2017-04-10 00:00:00-04:00,146.39999389648438,146.625,145.8000030517578,146.5,35108,0.0,0.0,0.0,KOL,VanEck Coal ETF
2017-04-11 00:00:00-04:00,146.6999969482422,146.86000061035156,145.0,145.89999389648438,36535,0.0,0.0,0.0,KOL,VanEck Coal ETF
2017-04-12 00:00:00-04:00,145.10000610351562,145.10000610351562,142.8000030517578,143.5,25599,0.0,0.0,0.0,KOL,VanEck Coal ETF
2017-04-13 00:00:00-04:00,142.0,143.10000610351562,140.60000610351562,140.8000030517578,22533,0.0,0.0,0.0,KOL,VanEck Coal ETF
2017-04-17 00:00:00-04:00,140.89999389648438,141.6999969482422,140.0,141.5,18836,0.0,0.0,0.0,KOL,VanEck Coal ETF
2017-04-18 00:00:00-04:00,140.89999389648438,140.89999389648438,136.89999389648438,139.3000030517578,17468,0.0,0.0,0.0,KOL,VanEck Coal ETF
2017-04-19 00:00:00-04:00,139.39999389648438,139.39999389648438,137.5,138.0,12820,0.0,0.0,0.0,KOL,VanEck Coal ETF
2017-04-20 00:00:00-04:00,139.0,139.10000610351562,138.1999969482422,138.6999969482422,5817,0.0,0.0,0.0,KOL,VanEck Coal ETF
2017-04-21 00:00:00-04:00,138.39999389648438,138.39999389648438,137.6999969482422,138.10000610351562,27353,0.0,0.0,0.0,KOL,VanEck Coal ETF
2017-04-24 00:00:00-04:00,138.1999969482422,139.5,138.1999969482422,138.6999969482422,11978,0.0,0.0,0.0,KOL,VanEck Coal ETF
2017-04-25 00:00:00-04:00,138.5,138.6999969482422,137.5,138.39999389648438,40454,0.0,0.0,0.0,KOL,VanEck Coal ETF
2017-04-26 00:00:00-04:00,138.3000030517578,139.5,137.39999389648438,137.6999969482422,12430,0.0,0.0,0.0,KOL,VanEck Coal ETF
2017-04-27 00:00:00-04:00,137.6999969482422,137.89999389648438,136.1999969482422,137.3000030517578,30939,0.0,0.0,0.0,KOL,VanEck Coal ETF
2017-04-28 00:00:00-04:00,136.10000610351562,137.39999389648438,136.10000610351562,136.60000610351562,34118,0.0,0.0,0.0,KOL,VanEck Coal ETF
2017-05-01 00:00:00-04:00,136.89999389648438,138.3719940185547,136.89999389648438,137.3000030517578,15104,0.0,0.0,0.0,KOL,VanEck Coal ETF
2017-05-02 00:00:00-04:00,136.89999389648438,137.6490020751953,136.8000030517578,137.3000030517578,15870,0.0,0.0,0.0,KOL,VanEck Coal ETF
2017-05-03 00:00:00-04:00,136.39999389648438,136.39999389648438,134.5,134.8000030517578,10627,0.0,0.0,0.0,KOL,VanEck Coal ETF
2017-05-04 00:00:00-04:00,132.8000030517578,132.89999389648438,130.80099487304688,131.1999969482422,26917,0.0,0.0,0.0,KOL,VanEck Coal ETF
2017-05-05 00:00:00-04:00,129.1999969482422,130.5,126.80000305175781,130.5,20754,0.0,0.0,0.0,KOL,VanEck Coal ETF
2017-05-08 00:00:00-04:00,130.8000030517578,131.8000030517578,130.8000030517578,131.1999969482422,16312,0.0,0.0,0.0,KOL,VanEck Coal ETF
2017-05-09 00:00:00-04:00,129.89999389648438,131.25100708007812,129.6999969482422,130.10000610351562,32070,0.0,0.0,0.0,KOL,VanEck Coal ETF
2017-05-10 00:00:00-04:00,128.1999969482422,128.89999389648438,128.1999969482422,128.39999389648438,16177,0.0,0.0,0.0,KOL,VanEck Coal ETF
2017-05-11 00:00:00-04:00,127.5,128.02000427246094,126.71399688720703,127.69999694824219,17821,0.0,0.0,0.0,KOL,VanEck Coal ETF
2017-05-12 00:00:00-04:00,127.5,128.60000610351562,127.30000305175781,127.5999984741211,7571,0.0,0.0,0.0,KOL,VanEck Coal ETF
2017-05-15 00:00:00-04:00,128.5,128.6999969482422,127.9000015258789,127.9000015258789,4980,0.0,0.0,0.0,KOL,VanEck Coal ETF
2017-05-16 00:00:00-04:00,128.60000610351562,128.89999389648438,128.1999969482422,128.5,3871,0.0,0.0,0.0,KOL,VanEck Coal ETF
2017-05-17 00:00:00-04:00,126.9000015258789,127.30000305175781,124.9000015258789,125.4000015258789,11241,0.0,0.0,0.0,KOL,VanEck Coal ETF
2017-05-18 00:00:00-04:00,125.30000305175781,126.5999984741211,124.80000305175781,126.0999984741211,71779,0.0,0.0,0.0,KOL,VanEck Coal ETF
2017-05-19 00:00:00-04:00,127.5,128.75,127.5,128.5,7690,0.0,0.0,0.0,KOL,VanEck Coal ETF
2017-05-22 00:00:00-04:00,129.10000610351562,129.5,128.8000030517578,129.10000610351562,6131,0.0,0.0,0.0,KOL,VanEck Coal ETF
2017-05-23 00:00:00-04:00,129.8000030517578,129.8000030517578,128.6999969482422,129.3000030517578,6550,0.0,0.0,0.0,KOL,VanEck Coal ETF
2017-05-24 00:00:00-04:00,129.0,129.1999969482422,128.3000030517578,128.89999389648438,8691,0.0,0.0,0.0,KOL,VanEck Coal ETF
2017-05-25 00:00:00-04:00,129.1999969482422,130.3000030517578,129.1999969482422,129.6999969482422,8714,0.0,0.0,0.0,KOL,VanEck Coal ETF
2017-05-26 00:00:00-04:00,128.10000610351562,129.0,128.10000610351562,128.89999389648438,5514,0.0,0.0,0.0,KOL,VanEck Coal ETF
2017-05-30 00:00:00-04:00,128.1999969482422,128.6999969482422,128.10000610351562,128.6999969482422,5297,0.0,0.0,0.0,KOL,VanEck Coal ETF
2017-05-31 00:00:00-04:00,127.30000305175781,127.9000015258789,126.5999984741211,127.0999984741211,25912,0.0,0.0,0.0,KOL,VanEck Coal ETF
2017-06-01 00:00:00-04:00,126.30000305175781,127.69999694824219,125.0,127.69999694824219,9554,0.0,0.0,0.0,KOL,VanEck Coal ETF
2017-06-02 00:00:00-04:00,127.5,128.0,126.3499984741211,126.80000305175781,9803,0.0,0.0,0.0,KOL,VanEck Coal ETF
2017-06-05 00:00:00-04:00,126.5999984741211,127.5,126.5999984741211,127.4000015258789,6361,0.0,0.0,0.0,KOL,VanEck Coal ETF
2017-06-06 00:00:00-04:00,127.0999984741211,128.6199951171875,127.0999984741211,128.60000610351562,6934,0.0,0.0,0.0,KOL,VanEck Coal ETF
2017-06-07 00:00:00-04:00,128.60000610351562,129.8000030517578,128.0,128.6999969482422,3824,0.0,0.0,0.0,KOL,VanEck Coal ETF
2017-06-08 00:00:00-04:00,128.1999969482422,129.1999969482422,128.0,129.10000610351562,4503,0.0,0.0,0.0,KOL,VanEck Coal ETF
2017-06-09 00:00:00-04:00,128.8000030517578,129.39999389648438,128.10000610351562,128.39999389648438,3984,0.0,0.0,0.0,KOL,VanEck Coal ETF
2017-06-12 00:00:00-04:00,128.8000030517578,129.1999969482422,128.10000610351562,128.6999969482422,3950,0.0,0.0,0.0,KOL,VanEck Coal ETF
2017-06-13 00:00:00-04:00,129.5,130.89999389648438,129.5,130.6999969482422,12747,0.0,0.0,0.0,KOL,VanEck Coal ETF
2017-06-14 00:00:00-04:00,132.10000610351562,133.30099487304688,130.875,131.39999389648438,5290,0.0,0.0,0.0,KOL,VanEck Coal ETF
2017-06-15 00:00:00-04:00,129.10000610351562,129.1999969482422,126.69999694824219,129.0,11134,0.0,0.0,0.0,KOL,VanEck Coal ETF
2017-06-16 00:00:00-04:00,128.39999389648438,128.39999389648438,127.05999755859375,127.69999694824219,4890,0.0,0.0,0.0,KOL,VanEck Coal ETF
2017-06-19 00:00:00-04:00,128.5,129.6999969482422,128.0,128.3000030517578,3853,0.0,0.0,0.0,KOL,VanEck Coal ETF
2017-06-20 00:00:00-04:00,127.5999984741211,127.89199829101562,125.60099792480469,126.9000015258789,8718,0.0,0.0,0.0,KOL,VanEck Coal ETF
2017-06-21 00:00:00-04:00,127.30000305175781,127.66999816894531,126.6500015258789,127.0,4959,0.0,0.0,0.0,KOL,VanEck Coal ETF
2017-06-22 00:00:00-04:00,126.5999984741211,128.13400268554688,126.5999984741211,127.30000305175781,4694,0.0,0.0,0.0,KOL,VanEck Coal ETF
2017-06-23 00:00:00-04:00,127.80000305175781,128.8000030517578,127.5,128.60000610351562,8117,0.0,0.0,0.0,KOL,VanEck Coal ETF
2017-06-26 00:00:00-04:00,129.39999389648438,130.04400634765625,129.39999389648438,129.89999389648438,7043,0.0,0.0,0.0,KOL,VanEck Coal ETF
2017-06-27 00:00:00-04:00,130.1999969482422,131.3000030517578,130.0,130.3000030517578,5366,0.0,0.0,0.0,KOL,VanEck Coal ETF
2017-06-28 00:00:00-04:00,130.10000610351562,132.1999969482422,130.10000610351562,131.8000030517578,5866,0.0,0.0,0.0,KOL,VanEck Coal ETF
2017-06-29 00:00:00-04:00,131.3000030517578,132.6999969482422,130.89999389648438,131.8000030517578,14384,0.0,0.0,0.0,KOL,VanEck Coal ETF
2017-06-30 00:00:00-04:00,133.0,133.0,131.89999389648438,132.39999389648438,7820,0.0,0.0,0.0,KOL,VanEck Coal ETF
2017-07-03 00:00:00-04:00,133.39999389648438,134.57200622558594,133.0749969482422,134.0,5579,0.0,0.0,0.0,KOL,VanEck Coal ETF
2017-07-05 00:00:00-04:00,132.60000610351562,133.1999969482422,131.60000610351562,132.8000030517578,6350,0.0,0.0,0.0,KOL,VanEck Coal ETF
2017-07-06 00:00:00-04:00,133.3000030517578,133.3000030517578,132.3000030517578,132.60000610351562,2862,0.0,0.0,0.0,KOL,VanEck Coal ETF
2017-07-07 00:00:00-04:00,132.60000610351562,132.60000610351562,131.3000030517578,132.1999969482422,7084,0.0,0.0,0.0,KOL,VanEck Coal ETF
2017-07-10 00:00:00-04:00,132.0,133.1999969482422,131.5,133.1999969482422,6708,0.0,0.0,0.0,KOL,VanEck Coal ETF
2017-07-11 00:00:00-04:00,133.1999969482422,135.0,133.0,134.8000030517578,7852,0.0,0.0,0.0,KOL,VanEck Coal ETF
2017-07-12 00:00:00-04:00,135.5,137.5,135.5,136.5,15493,0.0,0.0,0.0,KOL,VanEck Coal ETF
2017-07-13 00:00:00-04:00,136.3000030517578,137.39999389648438,136.0,137.39999389648438,6104,0.0,0.0,0.0,KOL,VanEck Coal ETF
2017-07-14 00:00:00-04:00,138.0,138.9499969482422,137.6999969482422,138.89999389648438,4157,0.0,0.0,0.0,KOL,VanEck Coal ETF
2017-07-17 00:00:00-04:00,138.10000610351562,141.1999969482422,138.10000610351562,139.10000610351562,13194,0.0,0.0,0.0,KOL,VanEck Coal ETF
2017-07-18 00:00:00-04:00,139.39999389648438,141.1999969482422,139.39999389648438,140.89999389648438,36732,0.0,0.0,0.0,KOL,VanEck Coal ETF
2017-07-19 00:00:00-04:00,142.1999969482422,145.0,142.1999969482422,144.5,119439,0.0,0.0,0.0,KOL,VanEck Coal ETF
2017-07-20 00:00:00-04:00,144.39999389648438,145.3000030517578,144.3000030517578,144.8000030517578,98694,0.0,0.0,0.0,KOL,VanEck Coal ETF
2017-07-21 00:00:00-04:00,141.1999969482422,142.10000610351562,140.5,141.6999969482422,12760,0.0,0.0,0.0,KOL,VanEck Coal ETF
2017-07-24 00:00:00-04:00,141.6999969482422,142.10000610351562,141.5,142.0,4715,0.0,0.0,0.0,KOL,VanEck Coal ETF
2017-07-25 00:00:00-04:00,143.60000610351562,145.10000610351562,143.60000610351562,144.39999389648438,23271,0.0,0.0,0.0,KOL,VanEck Coal ETF
2017-07-26 00:00:00-04:00,144.60000610351562,145.3000030517578,143.89999389648438,145.0,6338,0.0,0.0,0.0,KOL,VanEck Coal ETF
2017-07-27 00:00:00-04:00,144.8000030517578,144.8000030517578,142.6999969482422,143.6999969482422,3610,0.0,0.0,0.0,KOL,VanEck Coal ETF
2017-07-28 00:00:00-04:00,143.10000610351562,144.0,143.10000610351562,143.60000610351562,2392,0.0,0.0,0.0,KOL,VanEck Coal ETF
2017-07-31 00:00:00-04:00,145.5,146.0,144.5,145.10000610351562,4017,0.0,0.0,0.0,KOL,VanEck Coal ETF
2017-08-01 00:00:00-04:00,147.6999969482422,148.08999633789062,146.1999969482422,146.39999389648438,6097,0.0,0.0,0.0,KOL,VanEck Coal ETF
2017-08-02 00:00:00-04:00,146.89999389648438,147.6999969482422,146.37399291992188,147.60000610351562,9349,0.0,0.0,0.0,KOL,VanEck Coal ETF
2017-08-03 00:00:00-04:00,145.89999389648438,146.0019989013672,144.60000610351562,144.8000030517578,7312,0.0,0.0,0.0,KOL,VanEck Coal ETF
2017-08-04 00:00:00-04:00,146.0,147.1999969482422,145.89999389648438,147.1999969482422,4103,0.0,0.0,0.0,KOL,VanEck Coal ETF
2017-08-07 00:00:00-04:00,147.1999969482422,148.60000610351562,147.1999969482422,148.60000610351562,7160,0.0,0.0,0.0,KOL,VanEck Coal ETF
2017-08-08 00:00:00-04:00,148.3000030517578,148.95199584960938,147.8000030517578,148.3000030517578,2446,0.0,0.0,0.0,KOL,VanEck Coal ETF
2017-08-09 00:00:00-04:00,147.3000030517578,148.11599731445312,147.1999969482422,148.0,4447,0.0,0.0,0.0,KOL,VanEck Coal ETF
2017-08-10 00:00:00-04:00,147.5,147.6999969482422,145.60000610351562,145.60000610351562,3599,0.0,0.0,0.0,KOL,VanEck Coal ETF
2017-08-11 00:00:00-04:00,144.60000610351562,145.23199462890625,143.5,144.8000030517578,16259,0.0,0.0,0.0,KOL,VanEck Coal ETF
2017-08-14 00:00:00-04:00,145.5,146.1999969482422,145.10000610351562,145.1999969482422,6952,0.0,0.0,0.0,KOL,VanEck Coal ETF
2017-08-15 00:00:00-04:00,144.3000030517578,144.5,143.6999969482422,144.3000030517578,4160,0.0,0.0,0.0,KOL,VanEck Coal ETF
2017-08-16 00:00:00-04:00,145.5,147.0,145.5,146.89999389648438,3288,0.0,0.0,0.0,KOL,VanEck Coal ETF
2017-08-17 00:00:00-04:00,146.10000610351562,146.6999969482422,144.5,144.60000610351562,4074,0.0,0.0,0.0,KOL,VanEck Coal ETF
2017-08-18 00:00:00-04:00,144.8000030517578,146.27200317382812,144.60000610351562,145.60000610351562,4353,0.0,0.0,0.0,KOL,VanEck Coal ETF
2017-08-21 00:00:00-04:00,145.60000610351562,146.89999389648438,145.60000610351562,146.6999969482422,4042,0.0,0.0,0.0,KOL,VanEck Coal ETF
2017-08-22 00:00:00-04:00,147.3000030517578,148.8000030517578,147.04800415039062,148.5,3251,0.0,0.0,0.0,KOL,VanEck Coal ETF
2017-08-23 00:00:00-04:00,148.8000030517578,150.60000610351562,148.70199584960938,150.60000610351562,20571,0.0,0.0,0.0,KOL,VanEck Coal ETF
2017-08-24 00:00:00-04:00,150.39999389648438,150.5,149.8000030517578,150.10000610351562,4161,0.0,0.0,0.0,KOL,VanEck Coal ETF
2017-08-25 00:00:00-04:00,150.6999969482422,151.89999389648438,150.6999969482422,151.89999389648438,3612,0.0,0.0,0.0,KOL,VanEck Coal ETF
2017-08-28 00:00:00-04:00,152.1999969482422,152.1999969482422,151.23199462890625,151.6999969482422,6628,0.0,0.0,0.0,KOL,VanEck Coal ETF
2017-08-29 00:00:00-04:00,150.6999969482422,151.60000610351562,150.25,151.39999389648438,2047,0.0,0.0,0.0,KOL,VanEck Coal ETF
2017-08-30 00:00:00-04:00,151.3000030517578,151.39999389648438,150.8000030517578,151.0,2392,0.0,0.0,0.0,KOL,VanEck Coal ETF
2017-08-31 00:00:00-04:00,151.6999969482422,152.6999969482422,151.25,152.5,27999,0.0,0.0,0.0,KOL,VanEck Coal ETF
2017-09-01 00:00:00-04:00,153.1999969482422,154.39999389648438,153.1999969482422,154.39999389648438,12307,0.0,0.0,0.0,KOL,VanEck Coal ETF
2017-09-05 00:00:00-04:00,154.3000030517578,154.3000030517578,150.89999389648438,151.3000030517578,8012,0.0,0.0,0.0,KOL,VanEck Coal ETF
2017-09-06 00:00:00-04:00,152.0,152.8000030517578,152.0,152.39999389648438,1994,0.0,0.0,0.0,KOL,VanEck Coal ETF
2017-09-07 00:00:00-04:00,153.3000030517578,153.89999389648438,152.9499969482422,153.89999389648438,10945,0.0,0.0,0.0,KOL,VanEck Coal ETF
2017-09-08 00:00:00-04:00,153.89999389648438,153.89999389648438,152.0,152.3000030517578,2041,0.0,0.0,0.0,KOL,VanEck Coal ETF
2017-09-11 00:00:00-04:00,153.0,154.12399291992188,153.0,153.6999969482422,5970,0.0,0.0,0.0,KOL,VanEck Coal ETF
2017-09-12 00:00:00-04:00,153.6999969482422,154.1999969482422,153.4029998779297,153.60000610351562,6445,0.0,0.0,0.0,KOL,VanEck Coal ETF
2017-09-13 00:00:00-04:00,150.41000366210938,150.5500030517578,149.8000030517578,149.8000030517578,12078,0.0,0.0,0.0,KOL,VanEck Coal ETF
2017-09-14 00:00:00-04:00,148.6999969482422,149.10000610351562,147.0,148.8000030517578,4735,0.0,0.0,0.0,KOL,VanEck Coal ETF
2017-09-15 00:00:00-04:00,147.10000610351562,147.99899291992188,147.10000610351562,147.5,5570,0.0,0.0,0.0,KOL,VanEck Coal ETF
2017-09-18 00:00:00-04:00,147.39999389648438,147.39999389648438,146.5,146.8000030517578,9702,0.0,0.0,0.0,KOL,VanEck Coal ETF
2017-09-19 00:00:00-04:00,147.3000030517578,148.1999969482422,147.3000030517578,148.1999969482422,4513,0.0,0.0,0.0,KOL,VanEck Coal ETF
2017-09-20 00:00:00-04:00,148.8000030517578,149.16000366210938,147.39999389648438,148.10000610351562,2395,0.0,0.0,0.0,KOL,VanEck Coal ETF
2017-09-21 00:00:00-04:00,147.3000030517578,147.35000610351562,146.60000610351562,147.0,2260,0.0,0.0,0.0,KOL,VanEck Coal ETF
2017-09-22 00:00:00-04:00,146.1999969482422,146.6999969482422,144.3000030517578,146.0,4764,0.0,0.0,0.0,KOL,VanEck Coal ETF
2017-09-25 00:00:00-04:00,145.3000030517578,145.3000030517578,143.60000610351562,144.1999969482422,2907,0.0,0.0,0.0,KOL,VanEck Coal ETF
2017-09-26 00:00:00-04:00,144.1999969482422,144.60000610351562,143.89999389648438,144.10000610351562,5090,0.0,0.0,0.0,KOL,VanEck Coal ETF
2017-09-27 00:00:00-04:00,143.13900756835938,143.60000610351562,142.60000610351562,143.60000610351562,5657,0.0,0.0,0.0,KOL,VanEck Coal ETF
2017-09-28 00:00:00-04:00,143.60000610351562,144.3000030517578,143.60000610351562,144.03199768066406,1522,0.0,0.0,0.0,KOL,VanEck Coal ETF
2017-09-29 00:00:00-04:00,144.60000610351562,145.8000030517578,144.60000610351562,145.60000610351562,24536,0.0,0.0,0.0,KOL,VanEck Coal ETF
2017-10-02 00:00:00-04:00,144.5,145.60000610351562,144.5,145.3000030517578,8668,0.0,0.0,0.0,KOL,VanEck Coal ETF
2017-10-03 00:00:00-04:00,146.3000030517578,147.1999969482422,146.3000030517578,146.89999389648438,4253,0.0,0.0,0.0,KOL,VanEck Coal ETF
2017-10-04 00:00:00-04:00,147.8000030517578,148.3000030517578,147.6999969482422,147.89999389648438,4132,0.0,0.0,0.0,KOL,VanEck Coal ETF
2017-10-05 00:00:00-04:00,147.5,149.5,147.5,149.10000610351562,22257,0.0,0.0,0.0,KOL,VanEck Coal ETF
2017-10-06 00:00:00-04:00,148.8000030517578,148.8000030517578,148.0050048828125,148.3000030517578,3632,0.0,0.0,0.0,KOL,VanEck Coal ETF
2017-10-09 00:00:00-04:00,148.39999389648438,148.60699462890625,147.89999389648438,148.39999389648438,3030,0.0,0.0,0.0,KOL,VanEck Coal ETF
2017-10-10 00:00:00-04:00,148.89999389648438,149.3000030517578,148.59300231933594,149.10000610351562,8386,0.0,0.0,0.0,KOL,VanEck Coal ETF
2017-10-11 00:00:00-04:00,149.39999389648438,150.0,149.3000030517578,150.0,3353,0.0,0.0,0.0,KOL,VanEck Coal ETF
2017-10-12 00:00:00-04:00,149.6999969482422,149.89999389648438,149.39999389648438,149.5,3319,0.0,0.0,0.0,KOL,VanEck Coal ETF
2017-10-13 00:00:00-04:00,150.0,150.5,149.8000030517578,149.8000030517578,11114,0.0,0.0,0.0,KOL,VanEck Coal ETF
2017-10-16 00:00:00-04:00,150.89999389648438,150.89999389648438,149.8000030517578,149.89999389648438,4137,0.0,0.0,0.0,KOL,VanEck Coal ETF
2017-10-17 00:00:00-04:00,149.5,150.0,149.3000030517578,149.8000030517578,2496,0.0,0.0,0.0,KOL,VanEck Coal ETF
2017-10-18 00:00:00-04:00,149.89999389648438,149.89999389648438,149.20199584960938,149.60000610351562,1438,0.0,0.0,0.0,KOL,VanEck Coal ETF
2017-10-19 00:00:00-04:00,148.89999389648438,149.6999969482422,148.5,149.6999969482422,2709,0.0,0.0,0.0,KOL,VanEck Coal ETF
2017-10-20 00:00:00-04:00,148.8000030517578,149.8000030517578,148.8000030517578,149.39999389648438,3311,0.0,0.0,0.0,KOL,VanEck Coal ETF
2017-10-23 00:00:00-04:00,149.0,149.39999389648438,148.39999389648438,148.39999389648438,3781,0.0,0.0,0.0,KOL,VanEck Coal ETF
2017-10-24 00:00:00-04:00,149.5,150.0,149.39999389648438,149.89999389648438,7904,0.0,0.0,0.0,KOL,VanEck Coal ETF
2017-10-25 00:00:00-04:00,150.1999969482422,150.6999969482422,149.14999389648438,150.0,2962,0.0,0.0,0.0,KOL,VanEck Coal ETF
2017-10-26 00:00:00-04:00,148.8000030517578,148.99899291992188,147.89999389648438,147.89999389648438,4282,0.0,0.0,0.0,KOL,VanEck Coal ETF
2017-10-27 00:00:00-04:00,147.60000610351562,148.5,146.80999755859375,148.39999389648438,3196,0.0,0.0,0.0,KOL,VanEck Coal ETF
2017-10-30 00:00:00-04:00,148.39999389648438,149.10000610351562,148.39999389648438,148.6999969482422,1118,0.0,0.0,0.0,KOL,VanEck Coal ETF
2017-10-31 00:00:00-04:00,149.3000030517578,149.39999389648438,148.5,149.1999969482422,3314,0.0,0.0,0.0,KOL,VanEck Coal ETF
2017-11-01 00:00:00-04:00,151.5,152.06199645996094,151.0500030517578,151.5,2089,0.0,0.0,0.0,KOL,VanEck Coal ETF
2017-11-02 00:00:00-04:00,151.69000244140625,152.14999389648438,151.69000244140625,152.10000610351562,1953,0.0,0.0,0.0,KOL,VanEck Coal ETF
2017-11-03 00:00:00-04:00,151.60000610351562,151.60000610351562,151.0,151.1999969482422,1106,0.0,0.0,0.0,KOL,VanEck Coal ETF
2017-11-06 00:00:00-05:00,151.3000030517578,152.60000610351562,151.3000030517578,152.60000610351562,2235,0.0,0.0,0.0,KOL,VanEck Coal ETF
2017-11-07 00:00:00-05:00,152.5,152.5,151.11000061035156,151.3000030517578,1563,0.0,0.0,0.0,KOL,VanEck Coal ETF
2017-11-08 00:00:00-05:00,152.0,152.0,150.60000610351562,150.89999389648438,2745,0.0,0.0,0.0,KOL,VanEck Coal ETF
2017-11-09 00:00:00-05:00,150.0,150.3000030517578,149.0,150.3000030517578,1741,0.0,0.0,0.0,KOL,VanEck Coal ETF
2017-11-10 00:00:00-05:00,148.8000030517578,149.85000610351562,148.8000030517578,149.8000030517578,3735,0.0,0.0,0.0,KOL,VanEck Coal ETF
2017-11-13 00:00:00-05:00,149.1999969482422,150.3000030517578,148.7100067138672,149.8000030517578,1340,0.0,0.0,0.0,KOL,VanEck Coal ETF
2017-11-14 00:00:00-05:00,150.39999389648438,150.6999969482422,149.6999969482422,149.89999389648438,2167,0.0,0.0,0.0,KOL,VanEck Coal ETF
2017-11-15 00:00:00-05:00,147.1999969482422,147.4499969482422,146.0,147.39999389648438,7967,0.0,0.0,0.0,KOL,VanEck Coal ETF
2017-11-16 00:00:00-05:00,148.60000610351562,149.10000610351562,148.1999969482422,148.6999969482422,3625,0.0,0.0,0.0,KOL,VanEck Coal ETF
2017-11-17 00:00:00-05:00,147.6999969482422,148.88400268554688,147.6999969482422,148.6999969482422,1443,0.0,0.0,0.0,KOL,VanEck Coal ETF
2017-11-20 00:00:00-05:00,148.10000610351562,148.60299682617188,147.8000030517578,148.5,1640,0.0,0.0,0.0,KOL,VanEck Coal ETF
2017-11-21 00:00:00-05:00,148.3000030517578,149.52499389648438,148.3000030517578,149.0,2791,0.0,0.0,0.0,KOL,VanEck Coal ETF
2017-11-22 00:00:00-05:00,150.39999389648438,151.6999969482422,150.39999389648438,151.5,3842,0.0,0.0,0.0,KOL,VanEck Coal ETF
2017-11-24 00:00:00-05:00,150.6999969482422,151.5,150.6999969482422,151.0,3863,0.0,0.0,0.0,KOL,VanEck Coal ETF
2017-11-27 00:00:00-05:00,151.3000030517578,151.5,150.35000610351562,150.5,5069,0.0,0.0,0.0,KOL,VanEck Coal ETF
2017-11-28 00:00:00-05:00,150.3000030517578,151.39999389648438,150.3000030517578,151.39999389648438,4173,0.0,0.0,0.0,KOL,VanEck Coal ETF
2017-11-29 00:00:00-05:00,152.3000030517578,152.3040008544922,151.14999389648438,151.3000030517578,1730,0.0,0.0,0.0,KOL,VanEck Coal ETF
2017-11-30 00:00:00-05:00,151.39999389648438,153.39999389648438,151.39999389648438,152.89999389648438,17540,0.0,0.0,0.0,KOL,VanEck Coal ETF
2017-12-01 00:00:00-05:00,153.10000610351562,154.6999969482422,152.60000610351562,154.3000030517578,47268,0.0,0.0,0.0,KOL,VanEck Coal ETF
2017-12-04 00:00:00-05:00,154.89999389648438,155.39999389648438,153.61000061035156,154.0,5552,0.0,0.0,0.0,KOL,VanEck Coal ETF
2017-12-05 00:00:00-05:00,153.1999969482422,154.0,153.0,153.1999969482422,2330,0.0,0.0,0.0,KOL,VanEck Coal ETF
2017-12-06 00:00:00-05:00,150.60000610351562,151.5,150.10000610351562,150.5,3568,0.0,0.0,0.0,KOL,VanEck Coal ETF
2017-12-07 00:00:00-05:00,150.10000610351562,151.10000610351562,149.5,150.89999389648438,5705,0.0,0.0,0.0,KOL,VanEck Coal ETF
2017-12-08 00:00:00-05:00,152.39999389648438,152.47999572753906,152.0,152.0,1135,0.0,0.0,0.0,KOL,VanEck Coal ETF
2017-12-11 00:00:00-05:00,152.10000610351562,153.39999389648438,152.10000610351562,153.0,8502,0.0,0.0,0.0,KOL,VanEck Coal ETF
2017-12-12 00:00:00-05:00,153.5,155.1999969482422,153.1439971923828,153.6999969482422,1345,0.0,0.0,0.0,KOL,VanEck Coal ETF
2017-12-13 00:00:00-05:00,155.39999389648438,157.5,155.39999389648438,156.8000030517578,6714,0.0,0.0,0.0,KOL,VanEck Coal ETF
2017-12-14 00:00:00-05:00,157.89999389648438,158.0500030517578,156.89999389648438,157.10000610351562,5223,0.0,0.0,0.0,KOL,VanEck Coal ETF
2017-12-15 00:00:00-05:00,156.5,158.5,156.5,157.8000030517578,6988,0.0,0.0,0.0,KOL,VanEck Coal ETF
2017-12-18 00:00:00-05:00,153.0,153.8000030517578,152.60000610351562,152.89999389648438,9055,0.0,0.0,0.0,KOL,VanEck Coal ETF
2017-12-19 00:00:00-05:00,154.5,154.5,153.39999389648438,153.5,7647,0.0,0.0,0.0,KOL,VanEck Coal ETF
2017-12-20 00:00:00-05:00,154.5,154.8000030517578,153.8000030517578,154.10000610351562,6591,0.0,0.0,0.0,KOL,VanEck Coal ETF
2017-12-21 00:00:00-05:00,156.5,157.33799743652344,155.80999755859375,157.10000610351562,5133,0.0,0.0,0.0,KOL,VanEck Coal ETF
2017-12-22 00:00:00-05:00,157.3000030517578,158.1999969482422,156.89999389648438,158.1999969482422,2166,0.0,0.0,0.0,KOL,VanEck Coal ETF
2017-12-26 00:00:00-05:00,157.5,159.0,157.5,158.8000030517578,6003,0.0,0.0,0.0,KOL,VanEck Coal ETF
2017-12-27 00:00:00-05:00,159.5,160.6999969482422,159.5,159.89999389648438,14884,0.0,0.0,0.0,KOL,VanEck Coal ETF
2017-12-28 00:00:00-05:00,160.8000030517578,161.49000549316406,160.5,160.60000610351562,13721,0.0,0.0,0.0,KOL,VanEck Coal ETF
2017-12-29 00:00:00-05:00,160.6999969482422,161.34100341796875,160.3000030517578,160.3000030517578,7776,0.0,0.0,0.0,KOL,VanEck Coal ETF
2018-01-02 00:00:00-05:00,162.5,163.39999389648438,162.39999389648438,163.10000610351562,10763,0.0,0.0,0.0,KOL,VanEck Coal ETF
2018-01-03 00:00:00-05:00,163.10000610351562,163.89999389648438,163.10000610351562,163.3000030517578,5290,0.0,0.0,0.0,KOL,VanEck Coal ETF
2018-01-04 00:00:00-05:00,164.1999969482422,165.10000610351562,164.1999969482422,164.6999969482422,6216,0.0,0.0,0.0,KOL,VanEck Coal ETF
2018-01-05 00:00:00-05:00,167.8000030517578,168.89999389648438,167.14999389648438,168.89999389648438,67613,0.0,0.0,0.0,KOL,VanEck Coal ETF
2018-01-08 00:00:00-05:00,171.5,173.1999969482422,171.39999389648438,173.1999969482422,29064,0.0,0.0,0.0,KOL,VanEck Coal ETF
2018-01-09 00:00:00-05:00,174.60000610351562,174.60000610351562,172.3000030517578,172.8000030517578,29812,0.0,0.0,0.0,KOL,VanEck Coal ETF
2018-01-10 00:00:00-05:00,172.39999389648438,172.99899291992188,172.39999389648438,172.79600524902344,19213,0.0,0.0,0.0,KOL,VanEck Coal ETF
2018-01-11 00:00:00-05:00,173.1999969482422,176.0,173.10000610351562,176.0,14455,0.0,0.0,0.0,KOL,VanEck Coal ETF
2018-01-12 00:00:00-05:00,176.39999389648438,177.89999389648438,175.8280029296875,177.60000610351562,14595,0.0,0.0,0.0,KOL,VanEck Coal ETF
2018-01-16 00:00:00-05:00,177.39999389648438,177.39999389648438,174.1999969482422,174.3000030517578,21924,0.0,0.0,0.0,KOL,VanEck Coal ETF
2018-01-17 00:00:00-05:00,174.10000610351562,175.7449951171875,173.8000030517578,175.1999969482422,9356,0.0,0.0,0.0,KOL,VanEck Coal ETF
2018-01-18 00:00:00-05:00,174.89999389648438,174.89999389648438,173.61000061035156,173.89999389648438,6819,0.0,0.0,0.0,KOL,VanEck Coal ETF
2018-01-19 00:00:00-05:00,174.0,174.99899291992188,173.8000030517578,174.6999969482422,7645,0.0,0.0,0.0,KOL,VanEck Coal ETF
2018-01-22 00:00:00-05:00,176.60000610351562,177.89999389648438,176.3000030517578,177.60000610351562,7969,0.0,0.0,0.0,KOL,VanEck Coal ETF
2018-01-23 00:00:00-05:00,178.0,178.0,176.6999969482422,177.99899291992188,4770,0.0,0.0,0.0,KOL,VanEck Coal ETF
2018-01-24 00:00:00-05:00,179.0,180.21400451660156,178.89999389648438,179.8000030517578,6833,0.0,0.0,0.0,KOL,VanEck Coal ETF
2018-01-25 00:00:00-05:00,180.89999389648438,182.0,180.3000030517578,180.6999969482422,6775,0.0,0.0,0.0,KOL,VanEck Coal ETF
2018-01-26 00:00:00-05:00,181.8000030517578,182.5,181.3000030517578,182.3000030517578,4708,0.0,0.0,0.0,KOL,VanEck Coal ETF
2018-01-29 00:00:00-05:00,184.1999969482422,184.89999389648438,183.89999389648438,183.89999389648438,10236,0.0,0.0,0.0,KOL,VanEck Coal ETF
2018-01-30 00:00:00-05:00,181.8000030517578,183.0,180.6999969482422,181.3000030517578,13191,0.0,0.0,0.0,KOL,VanEck Coal ETF
2018-01-31 00:00:00-05:00,182.0,182.5,180.1999969482422,181.3000030517578,34097,0.0,0.0,0.0,KOL,VanEck Coal ETF
2018-02-01 00:00:00-05:00,180.60000610351562,181.69900512695312,180.0,180.60000610351562,5920,0.0,0.0,0.0,KOL,VanEck Coal ETF
2018-02-02 00:00:00-05:00,182.1999969482422,182.88900756835938,179.60000610351562,180.1999969482422,21374,0.0,0.0,0.0,KOL,VanEck Coal ETF
2018-02-05 00:00:00-05:00,178.6999969482422,180.8000030517578,173.39999389648438,173.60000610351562,20532,0.0,0.0,0.0,KOL,VanEck Coal ETF
2018-02-06 00:00:00-05:00,170.39999389648438,178.0,170.0,177.09300231933594,17180,0.0,0.0,0.0,KOL,VanEck Coal ETF
2018-02-07 00:00:00-05:00,173.89999389648438,175.33999633789062,171.39999389648438,171.5,7283,0.0,0.0,0.0,KOL,VanEck Coal ETF
2018-02-08 00:00:00-05:00,171.3000030517578,172.5,164.8000030517578,165.0,27820,0.0,0.0,0.0,KOL,VanEck Coal ETF
2018-02-09 00:00:00-05:00,166.1999969482422,167.6999969482422,161.39999389648438,166.5,18904,0.0,0.0,0.0,KOL,VanEck Coal ETF
2018-02-12 00:00:00-05:00,167.60000610351562,171.10000610351562,167.22000122070312,169.6999969482422,15619,0.0,0.0,0.0,KOL,VanEck Coal ETF
2018-02-13 00:00:00-05:00,169.60000610351562,173.0,169.60000610351562,172.60000610351562,11682,0.0,0.0,0.0,KOL,VanEck Coal ETF
2018-02-14 00:00:00-05:00,170.8000030517578,177.0,170.8000030517578,177.0,11343,0.0,0.0,0.0,KOL,VanEck Coal ETF
2018-02-15 00:00:00-05:00,178.89999389648438,180.0,177.6699981689453,179.8000030517578,13880,0.0,0.0,0.0,KOL,VanEck Coal ETF
2018-02-16 00:00:00-05:00,178.89999389648438,180.0,176.8000030517578,178.60000610351562,6836,0.0,0.0,0.0,KOL,VanEck Coal ETF
2018-02-20 00:00:00-05:00,175.0,176.10000610351562,174.0,174.5,15803,0.0,0.0,0.0,KOL,VanEck Coal ETF
2018-02-21 00:00:00-05:00,175.5,177.5,174.10000610351562,174.1999969482422,5259,0.0,0.0,0.0,KOL,VanEck Coal ETF
2018-02-22 00:00:00-05:00,176.0,177.89999389648438,176.0,176.39999389648438,4647,0.0,0.0,0.0,KOL,VanEck Coal ETF
2018-02-23 00:00:00-05:00,178.3000030517578,179.8000030517578,178.0,179.8000030517578,6645,0.0,0.0,0.0,KOL,VanEck Coal ETF
2018-02-26 00:00:00-05:00,180.3000030517578,181.1999969482422,179.10000610351562,180.5,8789,0.0,0.0,0.0,KOL,VanEck Coal ETF
2018-02-27 00:00:00-05:00,177.10000610351562,177.10000610351562,174.60000610351562,174.60000610351562,7715,0.0,0.0,0.0,KOL,VanEck Coal ETF
2018-02-28 00:00:00-05:00,176.10000610351562,176.10000610351562,172.39999389648438,172.39999389648438,58400,0.0,0.0,0.0,KOL,VanEck Coal ETF
2018-03-01 00:00:00-05:00,173.0,174.22000122070312,170.39999389648438,171.8000030517578,6526,0.0,0.0,0.0,KOL,VanEck Coal ETF
2018-03-02 00:00:00-05:00,168.6999969482422,170.10000610351562,166.5,169.8000030517578,14335,0.0,0.0,0.0,KOL,VanEck Coal ETF
2018-03-05 00:00:00-05:00,168.39999389648438,170.69000244140625,168.39999389648438,169.8000030517578,8826,0.0,0.0,0.0,KOL,VanEck Coal ETF
2018-03-06 00:00:00-05:00,171.5,172.5,171.1999969482422,172.10000610351562,4920,0.0,0.0,0.0,KOL,VanEck Coal ETF
2018-03-07 00:00:00-05:00,167.3000030517578,168.5,167.0,168.39999389648438,4401,0.0,0.0,0.0,KOL,VanEck Coal ETF
2018-03-08 00:00:00-05:00,168.0,168.0,165.12399291992188,165.8000030517578,7454,0.0,0.0,0.0,KOL,VanEck Coal ETF
2018-03-09 00:00:00-05:00,165.39999389648438,165.8000030517578,164.6999969482422,165.1999969482422,7098,0.0,0.0,0.0,KOL,VanEck Coal ETF
2018-03-12 00:00:00-04:00,165.3000030517578,165.83999633789062,165.0,165.6999969482422,3974,0.0,0.0,0.0,KOL,VanEck Coal ETF
2018-03-13 00:00:00-04:00,164.5,165.0,162.8000030517578,163.10000610351562,6787,0.0,0.0,0.0,KOL,VanEck Coal ETF
2018-03-14 00:00:00-04:00,164.5,165.3000030517578,163.2989959716797,163.89999389648438,8604,0.0,0.0,0.0,KOL,VanEck Coal ETF
2018-03-15 00:00:00-04:00,162.5,162.60000610351562,161.27999877929688,161.6999969482422,6226,0.0,0.0,0.0,KOL,VanEck Coal ETF
2018-03-16 00:00:00-04:00,161.1999969482422,162.48899841308594,161.1999969482422,162.0,4322,0.0,0.0,0.0,KOL,VanEck Coal ETF
2018-03-19 00:00:00-04:00,160.5,160.5,157.39999389648438,158.39999389648438,5902,0.0,0.0,0.0,KOL,VanEck Coal ETF
2018-03-20 00:00:00-04:00,159.10000610351562,159.60000610351562,158.6999969482422,159.39999389648438,2852,0.0,0.0,0.0,KOL,VanEck Coal ETF
2018-03-21 00:00:00-04:00,159.5,161.96800231933594,159.5,161.60000610351562,8035,0.0,0.0,0.0,KOL,VanEck Coal ETF
2018-03-22 00:00:00-04:00,159.1999969482422,159.4499969482422,156.60000610351562,156.6999969482422,5133,0.0,0.0,0.0,KOL,VanEck Coal ETF
2018-03-23 00:00:00-04:00,156.8000030517578,157.0500030517578,154.10000610351562,154.3990020751953,6883,0.0,0.0,0.0,KOL,VanEck Coal ETF
2018-03-26 00:00:00-04:00,157.0,158.25,155.8000030517578,158.10000610351562,6055,0.0,0.0,0.0,KOL,VanEck Coal ETF
2018-03-27 00:00:00-04:00,158.0,158.0,154.1999969482422,154.8000030517578,10744,0.0,0.0,0.0,KOL,VanEck Coal ETF
2018-03-28 00:00:00-04:00,154.39999389648438,155.10000610351562,153.3000030517578,153.8000030517578,4625,0.0,0.0,0.0,KOL,VanEck Coal ETF
2018-03-29 00:00:00-04:00,155.10000610351562,157.8000030517578,154.1999969482422,157.10000610351562,5895,0.0,0.0,0.0,KOL,VanEck Coal ETF
2018-04-02 00:00:00-04:00,157.0,157.35000610351562,154.1999969482422,155.5,3741,0.0,0.0,0.0,KOL,VanEck Coal ETF
2018-04-03 00:00:00-04:00,156.39999389648438,157.2969970703125,155.6009979248047,156.8000030517578,14028,0.0,0.0,0.0,KOL,VanEck Coal ETF
2018-04-04 00:00:00-04:00,153.6999969482422,157.58599853515625,152.5,157.3000030517578,3787,0.0,0.0,0.0,KOL,VanEck Coal ETF
2018-04-05 00:00:00-04:00,157.8000030517578,158.8000030517578,157.6999969482422,158.10000610351562,3074,0.0,0.0,0.0,KOL,VanEck Coal ETF
2018-04-06 00:00:00-04:00,155.89999389648438,157.5,153.7689971923828,154.6999969482422,35121,0.0,0.0,0.0,KOL,VanEck Coal ETF
2018-04-09 00:00:00-04:00,156.5,158.302001953125,156.0,156.3000030517578,18067,0.0,0.0,0.0,KOL,VanEck Coal ETF
2018-04-10 00:00:00-04:00,160.0,162.1999969482422,160.0,161.6999969482422,6949,0.0,0.0,0.0,KOL,VanEck Coal ETF
2018-04-11 00:00:00-04:00,161.6999969482422,162.5,161.5,161.6999969482422,2448,0.0,0.0,0.0,KOL,VanEck Coal ETF
2018-04-12 00:00:00-04:00,160.0,160.89999389648438,160.0,160.39999389648438,5484,0.0,0.0,0.0,KOL,VanEck Coal ETF
2018-04-13 00:00:00-04:00,161.5,161.5,160.39999389648438,160.6999969482422,2475,0.0,0.0,0.0,KOL,VanEck Coal ETF
2018-04-16 00:00:00-04:00,160.39999389648438,160.39999389648438,159.02999877929688,159.3000030517578,3666,0.0,0.0,0.0,KOL,VanEck Coal ETF
2018-04-17 00:00:00-04:00,159.89999389648438,161.4219970703125,159.89999389648438,161.1999969482422,2504,0.0,0.0,0.0,KOL,VanEck Coal ETF
2018-04-18 00:00:00-04:00,161.8000030517578,162.7989959716797,161.63600158691406,162.0,2244,0.0,0.0,0.0,KOL,VanEck Coal ETF
2018-04-19 00:00:00-04:00,162.60000610351562,164.0,162.5,162.6999969482422,5209,0.0,0.0,0.0,KOL,VanEck Coal ETF
2018-04-20 00:00:00-04:00,162.5,162.60000610351562,161.2969970703125,161.6999969482422,654,0.0,0.0,0.0,KOL,VanEck Coal ETF
2018-04-23 00:00:00-04:00,162.1999969482422,162.625,161.3000030517578,161.60000610351562,2684,0.0,0.0,0.0,KOL,VanEck Coal ETF
2018-04-24 00:00:00-04:00,163.3000030517578,164.0,161.0,161.6999969482422,2398,0.0,0.0,0.0,KOL,VanEck Coal ETF
2018-04-25 00:00:00-04:00,159.8000030517578,159.85000610351562,158.39999389648438,159.3000030517578,1814,0.0,0.0,0.0,KOL,VanEck Coal ETF
2018-04-26 00:00:00-04:00,158.0,158.0,156.89999389648438,157.5,3560,0.0,0.0,0.0,KOL,VanEck Coal ETF
2018-04-27 00:00:00-04:00,155.60000610351562,156.10000610351562,154.8000030517578,155.60000610351562,3746,0.0,0.0,0.0,KOL,VanEck Coal ETF
2018-04-30 00:00:00-04:00,154.3000030517578,154.89999389648438,153.5,153.5,5244,0.0,0.0,0.0,KOL,VanEck Coal ETF
2018-05-01 00:00:00-04:00,152.5,152.8000030517578,151.10000610351562,152.1999969482422,7890,0.0,0.0,0.0,KOL,VanEck Coal ETF
2018-05-02 00:00:00-04:00,155.1999969482422,155.8000030517578,154.39999389648438,154.39999389648438,3153,0.0,0.0,0.0,KOL,VanEck Coal ETF
2018-05-03 00:00:00-04:00,154.10000610351562,155.8000030517578,153.64999389648438,155.3000030517578,3446,0.0,0.0,0.0,KOL,VanEck Coal ETF
2018-05-04 00:00:00-04:00,153.6999969482422,156.99899291992188,153.6999969482422,156.6999969482422,3522,0.0,0.0,0.0,KOL,VanEck Coal ETF
2018-05-07 00:00:00-04:00,156.10000610351562,157.40199279785156,156.0,156.1999969482422,3718,0.0,0.0,0.0,KOL,VanEck Coal ETF
2018-05-08 00:00:00-04:00,155.10000610351562,155.10000610351562,153.30099487304688,153.89999389648438,2571,0.0,0.0,0.0,KOL,VanEck Coal ETF
2018-05-09 00:00:00-04:00,155.89999389648438,157.1999969482422,155.89999389648438,156.60000610351562,10621,0.0,0.0,0.0,KOL,VanEck Coal ETF
2018-05-10 00:00:00-04:00,158.10000610351562,160.7169952392578,158.10000610351562,160.3000030517578,6738,0.0,0.0,0.0,KOL,VanEck Coal ETF
2018-05-11 00:00:00-04:00,161.5,162.9239959716797,161.5,162.27499389648438,1092,0.0,0.0,0.0,KOL,VanEck Coal ETF
2018-05-14 00:00:00-04:00,162.89999389648438,163.802001953125,162.89999389648438,163.0,1284,0.0,0.0,0.0,KOL,VanEck Coal ETF
2018-05-15 00:00:00-04:00,161.0,162.39999389648438,161.0,162.0,1527,0.0,0.0,0.0,KOL,VanEck Coal ETF
2018-05-16 00:00:00-04:00,164.60000610351562,166.55499267578125,164.60000610351562,166.0,4633,0.0,0.0,0.0,KOL,VanEck Coal ETF
2018-05-17 00:00:00-04:00,167.60000610351562,168.43699645996094,167.0,167.6999969482422,3798,0.0,0.0,0.0,KOL,VanEck Coal ETF
2018-05-18 00:00:00-04:00,166.89999389648438,167.8000030517578,166.8000030517578,167.10000610351562,3065,0.0,0.0,0.0,KOL,VanEck Coal ETF
2018-05-21 00:00:00-04:00,167.39999389648438,167.8000030517578,166.9010009765625,167.39999389648438,2339,0.0,0.0,0.0,KOL,VanEck Coal ETF
2018-05-22 00:00:00-04:00,167.5,168.8000030517578,166.89999389648438,167.0,17904,0.0,0.0,0.0,KOL,VanEck Coal ETF
2018-05-23 00:00:00-04:00,162.39999389648438,163.99899291992188,162.0,163.89999389648438,6825,0.0,0.0,0.0,KOL,VanEck Coal ETF
2018-05-24 00:00:00-04:00,162.3000030517578,163.10000610351562,161.5,163.0,1037,0.0,0.0,0.0,KOL,VanEck Coal ETF
2018-05-25 00:00:00-04:00,162.39999389648438,162.8000030517578,162.1999969482422,162.6999969482422,1399,0.0,0.0,0.0,KOL,VanEck Coal ETF
2018-05-29 00:00:00-04:00,161.39999389648438,162.1999969482422,160.0,161.1999969482422,12139,0.0,0.0,0.0,KOL,VanEck Coal ETF
2018-05-30 00:00:00-04:00,162.8000030517578,165.5,162.8000030517578,165.3000030517578,1996,0.0,0.0,0.0,KOL,VanEck Coal ETF
2018-05-31 00:00:00-04:00,166.60000610351562,166.89999389648438,165.0,166.0,27325,0.0,0.0,0.0,KOL,VanEck Coal ETF
2018-06-01 00:00:00-04:00,167.3000030517578,169.6999969482422,167.3000030517578,169.1999969482422,10338,0.0,0.0,0.0,KOL,VanEck Coal ETF
2018-06-04 00:00:00-04:00,170.60000610351562,171.7899932861328,170.60000610351562,171.1999969482422,2460,0.0,0.0,0.0,KOL,VanEck Coal ETF
2018-06-05 00:00:00-04:00,171.1999969482422,173.1999969482422,171.1999969482422,173.1999969482422,5649,0.0,0.0,0.0,KOL,VanEck Coal ETF
2018-06-06 00:00:00-04:00,174.0,175.3000030517578,174.0,175.10000610351562,3720,0.0,0.0,0.0,KOL,VanEck Coal ETF
2018-06-07 00:00:00-04:00,174.5,175.5,173.23199462890625,174.39999389648438,13824,0.0,0.0,0.0,KOL,VanEck Coal ETF
2018-06-08 00:00:00-04:00,173.6999969482422,173.6999969482422,172.1009979248047,173.0,7469,0.0,0.0,0.0,KOL,VanEck Coal ETF
2018-06-11 00:00:00-04:00,173.5,174.3000030517578,173.10000610351562,173.60000610351562,125819,0.0,0.0,0.0,KOL,VanEck Coal ETF
2018-06-12 00:00:00-04:00,174.5,174.5,172.77999877929688,173.10000610351562,14296,0.0,0.0,0.0,KOL,VanEck Coal ETF
2018-06-13 00:00:00-04:00,172.8000030517578,173.3000030517578,171.99099731445312,172.1999969482422,2690,0.0,0.0,0.0,KOL,VanEck Coal ETF
2018-06-14 00:00:00-04:00,173.39999389648438,173.39999389648438,171.39999389648438,171.6999969482422,3819,0.0,0.0,0.0,KOL,VanEck Coal ETF
2018-06-15 00:00:00-04:00,170.89999389648438,170.89999389648438,167.8000030517578,169.1999969482422,9616,0.0,0.0,0.0,KOL,VanEck Coal ETF
2018-06-18 00:00:00-04:00,167.5,167.5,165.6999969482422,167.10000610351562,6027,0.0,0.0,0.0,KOL,VanEck Coal ETF
2018-06-19 00:00:00-04:00,162.6999969482422,164.5,161.10000610351562,164.10000610351562,5905,0.0,0.0,0.0,KOL,VanEck Coal ETF
2018-06-20 00:00:00-04:00,165.5,165.5,163.89999389648438,164.39999389648438,11883,0.0,0.0,0.0,KOL,VanEck Coal ETF
2018-06-21 00:00:00-04:00,164.8000030517578,164.8000030517578,162.36199951171875,162.39999389648438,1419,0.0,0.0,0.0,KOL,VanEck Coal ETF
2018-06-22 00:00:00-04:00,164.1999969482422,164.1999969482422,163.1999969482422,163.3000030517578,2662,0.0,0.0,0.0,KOL,VanEck Coal ETF
2018-06-25 00:00:00-04:00,161.6999969482422,161.6999969482422,158.39999389648438,159.39999389648438,5656,0.0,0.0,0.0,KOL,VanEck Coal ETF
2018-06-26 00:00:00-04:00,157.6999969482422,158.88999938964844,157.6999969482422,158.0,2710,0.0,0.0,0.0,KOL,VanEck Coal ETF
2018-06-27 00:00:00-04:00,156.6999969482422,157.3000030517578,154.0,154.0,5550,0.0,0.0,0.0,KOL,VanEck Coal ETF
2018-06-28 00:00:00-04:00,153.60000610351562,154.39999389648438,153.3000030517578,154.2519989013672,3210,0.0,0.0,0.0,KOL,VanEck Coal ETF
2018-06-29 00:00:00-04:00,156.8000030517578,158.10000610351562,156.8000030517578,157.8000030517578,14858,0.0,0.0,0.0,KOL,VanEck Coal ETF
2018-07-02 00:00:00-04:00,156.60000610351562,156.60000610351562,154.89999389648438,156.10000610351562,6342,0.0,0.0,0.0,KOL,VanEck Coal ETF
2018-07-03 00:00:00-04:00,157.60000610351562,157.60000610351562,155.6999969482422,156.0,2321,0.0,0.0,0.0,KOL,VanEck Coal ETF
2018-07-05 00:00:00-04:00,157.60000610351562,157.89999389648438,156.8000030517578,157.8000030517578,3660,0.0,0.0,0.0,KOL,VanEck Coal ETF
2018-07-06 00:00:00-04:00,157.60000610351562,159.7899932861328,157.60000610351562,159.60000610351562,2362,0.0,0.0,0.0,KOL,VanEck Coal ETF
2018-07-09 00:00:00-04:00,160.1999969482422,161.0,159.89999389648438,160.89999389648438,3246,0.0,0.0,0.0,KOL,VanEck Coal ETF
2018-07-10 00:00:00-04:00,160.10000610351562,161.0,160.10000610351562,160.89999389648438,1302,0.0,0.0,0.0,KOL,VanEck Coal ETF
2018-07-11 00:00:00-04:00,158.5,159.1999969482422,157.3000030517578,157.60000610351562,4115,0.0,0.0,0.0,KOL,VanEck Coal ETF
2018-07-12 00:00:00-04:00,158.39999389648438,159.1219940185547,157.64999389648438,159.0,1339,0.0,0.0,0.0,KOL,VanEck Coal ETF
2018-07-13 00:00:00-04:00,157.8000030517578,157.8000030517578,156.50999450683594,157.10000610351562,2254,0.0,0.0,0.0,KOL,VanEck Coal ETF
2018-07-16 00:00:00-04:00,156.3000030517578,156.5,155.10000610351562,155.6999969482422,125070,0.0,0.0,0.0,KOL,VanEck Coal ETF
2018-07-17 00:00:00-04:00,154.89999389648438,156.8000030517578,154.89999389648438,156.6999969482422,11383,0.0,0.0,0.0,KOL,VanEck Coal ETF
2018-07-18 00:00:00-04:00,156.60000610351562,158.35000610351562,156.60000610351562,158.1999969482422,3884,0.0,0.0,0.0,KOL,VanEck Coal ETF
2018-07-19 00:00:00-04:00,155.6999969482422,156.7550048828125,155.5,156.10000610351562,1233,0.0,0.0,0.0,KOL,VanEck Coal ETF
2018-07-20 00:00:00-04:00,155.0,156.8000030517578,155.0,156.5,3136,0.0,0.0,0.0,KOL,VanEck Coal ETF
2018-07-23 00:00:00-04:00,156.3000030517578,156.89999389648438,156.1999969482422,156.5,5191,0.0,0.0,0.0,KOL,VanEck Coal ETF
2018-07-24 00:00:00-04:00,159.5,161.6999969482422,159.5,160.60000610351562,2800,0.0,0.0,0.0,KOL,VanEck Coal ETF
2018-07-25 00:00:00-04:00,161.60000610351562,163.39999389648438,161.1999969482422,163.39999389648438,1468,0.0,0.0,0.0,KOL,VanEck Coal ETF
2018-07-26 00:00:00-04:00,162.60000610351562,163.39999389648438,162.2519989013672,162.89999389648438,2295,0.0,0.0,0.0,KOL,VanEck Coal ETF
2018-07-27 00:00:00-04:00,164.89999389648438,165.6999969482422,163.89999389648438,164.6999969482422,1376,0.0,0.0,0.0,KOL,VanEck Coal ETF
2018-07-30 00:00:00-04:00,165.0,165.25,163.9040069580078,164.3000030517578,907,0.0,0.0,0.0,KOL,VanEck Coal ETF
2018-07-31 00:00:00-04:00,162.60000610351562,164.10000610351562,162.60000610351562,163.3000030517578,5353,0.0,0.0,0.0,KOL,VanEck Coal ETF
2018-08-01 00:00:00-04:00,162.10000610351562,163.60000610351562,162.10000610351562,163.0,2336,0.0,0.0,0.0,KOL,VanEck Coal ETF
2018-08-02 00:00:00-04:00,160.89999389648438,162.3000030517578,159.0,162.0,8747,0.0,0.0,0.0,KOL,VanEck Coal ETF
2018-08-03 00:00:00-04:00,161.6999969482422,162.39999389648438,161.3000030517578,162.10000610351562,1490,0.0,0.0,0.0,KOL,VanEck Coal ETF
2018-08-06 00:00:00-04:00,161.39999389648438,162.35000610351562,161.30099487304688,162.0,2617,0.0,0.0,0.0,KOL,VanEck Coal ETF
2018-08-07 00:00:00-04:00,164.30799865722656,164.8000030517578,163.89999389648438,164.0,3944,0.0,0.0,0.0,KOL,VanEck Coal ETF
2018-08-08 00:00:00-04:00,164.10000610351562,164.10000610351562,163.0749969482422,164.10000610351562,1559,0.0,0.0,0.0,KOL,VanEck Coal ETF
2018-08-09 00:00:00-04:00,163.8000030517578,164.3000030517578,163.5,163.5,1024,0.0,0.0,0.0,KOL,VanEck Coal ETF
2018-08-10 00:00:00-04:00,160.60000610351562,161.1999969482422,159.6999969482422,160.60000610351562,3536,0.0,0.0,0.0,KOL,VanEck Coal ETF
2018-08-13 00:00:00-04:00,158.89999389648438,159.4600067138672,157.1999969482422,157.39999389648438,1753,0.0,0.0,0.0,KOL,VanEck Coal ETF
2018-08-14 00:00:00-04:00,156.6999969482422,157.1999969482422,155.3000030517578,156.6999969482422,1371,0.0,0.0,0.0,KOL,VanEck Coal ETF
2018-08-15 00:00:00-04:00,153.10000610351562,153.36500549316406,151.10000610351562,152.5,6120,0.0,0.0,0.0,KOL,VanEck Coal ETF
2018-08-16 00:00:00-04:00,152.89999389648438,154.30999755859375,152.89999389648438,153.1999969482422,1600,0.0,0.0,0.0,KOL,VanEck Coal ETF
2018-08-17 00:00:00-04:00,153.0,156.10000610351562,153.0,155.39999389648438,2448,0.0,0.0,0.0,KOL,VanEck Coal ETF
2018-08-20 00:00:00-04:00,156.6999969482422,156.89999389648438,156.38800048828125,156.60000610351562,2666,0.0,0.0,0.0,KOL,VanEck Coal ETF
2018-08-21 00:00:00-04:00,156.60000610351562,158.8000030517578,156.60000610351562,158.10000610351562,29617,0.0,0.0,0.0,KOL,VanEck Coal ETF
2018-08-22 00:00:00-04:00,158.1999969482422,159.3000030517578,158.1999969482422,159.3000030517578,2394,0.0,0.0,0.0,KOL,VanEck Coal ETF
2018-08-23 00:00:00-04:00,157.5,157.5,155.97999572753906,156.0,4922,0.0,0.0,0.0,KOL,VanEck Coal ETF
2018-08-24 00:00:00-04:00,156.0,157.1999969482422,156.0,157.10000610351562,1735,0.0,0.0,0.0,KOL,VanEck Coal ETF
2018-08-27 00:00:00-04:00,157.0,159.0,157.0,159.0,1842,0.0,0.0,0.0,KOL,VanEck Coal ETF
2018-08-28 00:00:00-04:00,158.89999389648438,159.8000030517578,158.697998046875,158.89999389648438,2232,0.0,0.0,0.0,KOL,VanEck Coal ETF
2018-08-29 00:00:00-04:00,158.1999969482422,160.60000610351562,158.1999969482422,160.60000610351562,29680,0.0,0.0,0.0,KOL,VanEck Coal ETF
2018-08-30 00:00:00-04:00,158.1999969482422,158.1999969482422,156.85000610351562,157.3000030517578,4453,0.0,0.0,0.0,KOL,VanEck Coal ETF
2018-08-31 00:00:00-04:00,155.6999969482422,157.0,155.6999969482422,156.60000610351562,3643,0.0,0.0,0.0,KOL,VanEck Coal ETF
2018-09-04 00:00:00-04:00,153.8000030517578,154.39999389648438,153.07699584960938,153.5,5382,0.0,0.0,0.0,KOL,VanEck Coal ETF
2018-09-05 00:00:00-04:00,151.3000030517578,152.0,150.8000030517578,151.39999389648438,6486,0.0,0.0,0.0,KOL,VanEck Coal ETF
2018-09-06 00:00:00-04:00,152.0,153.0,151.3000030517578,151.6999969482422,2549,0.0,0.0,0.0,KOL,VanEck Coal ETF
2018-09-07 00:00:00-04:00,150.89999389648438,152.0,150.10000610351562,150.60000610351562,2653,0.0,0.0,0.0,KOL,VanEck Coal ETF
2018-09-10 00:00:00-04:00,150.6999969482422,150.6999969482422,149.6999969482422,149.8000030517578,6308,0.0,0.0,0.0,KOL,VanEck Coal ETF
2018-09-11 00:00:00-04:00,148.3000030517578,150.39300537109375,147.8000030517578,150.3000030517578,2157,0.0,0.0,0.0,KOL,VanEck Coal ETF
2018-09-12 00:00:00-04:00,151.39999389648438,154.56900024414062,151.39999389648438,154.3000030517578,5378,0.0,0.0,0.0,KOL,VanEck Coal ETF
2018-09-13 00:00:00-04:00,155.10000610351562,155.8000030517578,154.3000030517578,154.39999389648438,2477,0.0,0.0,0.0,KOL,VanEck Coal ETF
2018-09-14 00:00:00-04:00,153.89999389648438,155.0,153.60000610351562,153.6999969482422,1877,0.0,0.0,0.0,KOL,VanEck Coal ETF
2018-09-17 00:00:00-04:00,152.8000030517578,153.60000610351562,152.10000610351562,152.10000610351562,7395,0.0,0.0,0.0,KOL,VanEck Coal ETF
2018-09-18 00:00:00-04:00,154.1999969482422,155.60000610351562,154.1999969482422,154.8000030517578,7128,0.0,0.0,0.0,KOL,VanEck Coal ETF
2018-09-19 00:00:00-04:00,155.1999969482422,156.76699829101562,155.1999969482422,156.1999969482422,13572,0.0,0.0,0.0,KOL,VanEck Coal ETF
2018-09-20 00:00:00-04:00,157.60000610351562,158.67999267578125,156.50100708007812,157.0,1404,0.0,0.0,0.0,KOL,VanEck Coal ETF
2018-09-21 00:00:00-04:00,157.89999389648438,158.49200439453125,157.89999389648438,158.3000030517578,1443,0.0,0.0,0.0,KOL,VanEck Coal ETF
2018-09-24 00:00:00-04:00,156.39999389648438,157.0,156.11900329589844,156.60000610351562,4127,0.0,0.0,0.0,KOL,VanEck Coal ETF
2018-09-25 00:00:00-04:00,156.6999969482422,157.5,156.6999969482422,157.3000030517578,1670,0.0,0.0,0.0,KOL,VanEck Coal ETF
2018-09-26 00:00:00-04:00,156.5,157.10000610351562,155.8990020751953,155.8990020751953,695,0.0,0.0,0.0,KOL,VanEck Coal ETF
2018-09-27 00:00:00-04:00,155.5,156.5,154.3000030517578,156.0989990234375,1609,0.0,0.0,0.0,KOL,VanEck Coal ETF
2018-09-28 00:00:00-04:00,155.39999389648438,155.5,154.60000610351562,154.60000610351562,471,0.0,0.0,0.0,KOL,VanEck Coal ETF
2018-10-01 00:00:00-04:00,155.60000610351562,156.69700622558594,155.5,156.3000030517578,3016,0.0,0.0,0.0,KOL,VanEck Coal ETF
2018-10-02 00:00:00-04:00,155.10000610351562,155.6999969482422,155.10000610351562,155.10000610351562,1583,0.0,0.0,0.0,KOL,VanEck Coal ETF
2018-10-03 00:00:00-04:00,156.0,156.60000610351562,154.30099487304688,154.60000610351562,3515,0.0,0.0,0.0,KOL,VanEck Coal ETF
2018-10-04 00:00:00-04:00,154.1999969482422,154.1999969482422,151.5,152.0,2655,0.0,0.0,0.0,KOL,VanEck Coal ETF
2018-10-05 00:00:00-04:00,153.3000030517578,153.60000610351562,152.39999389648438,153.39999389648438,872,0.0,0.0,0.0,KOL,VanEck Coal ETF
2018-10-08 00:00:00-04:00,151.1999969482422,152.89999389648438,150.89999389648438,152.5,1721,0.0,0.0,0.0,KOL,VanEck Coal ETF
2018-10-09 00:00:00-04:00,152.0,153.1999969482422,151.8000030517578,152.8000030517578,937,0.0,0.0,0.0,KOL,VanEck Coal ETF
2018-10-10 00:00:00-04:00,153.1999969482422,153.1999969482422,149.10000610351562,149.10000610351562,4025,0.0,0.0,0.0,KOL,VanEck Coal ETF
2018-10-11 00:00:00-04:00,148.8000030517578,150.69900512695312,148.60000610351562,149.6999969482422,2762,0.0,0.0,0.0,KOL,VanEck Coal ETF
2018-10-12 00:00:00-04:00,152.10000610351562,152.3000030517578,149.39999389648438,151.10000610351562,1575,0.0,0.0,0.0,KOL,VanEck Coal ETF
2018-10-15 00:00:00-04:00,150.39999389648438,152.10000610351562,150.39999389648438,151.3000030517578,1262,0.0,0.0,0.0,KOL,VanEck Coal ETF
2018-10-16 00:00:00-04:00,153.5330047607422,156.0,153.5330047607422,155.8000030517578,1848,0.0,0.0,0.0,KOL,VanEck Coal ETF
2018-10-17 00:00:00-04:00,154.89999389648438,155.5,154.39999389648438,154.39999389648438,1372,0.0,0.0,0.0,KOL,VanEck Coal ETF
2018-10-18 00:00:00-04:00,153.6999969482422,153.6999969482422,150.60000610351562,150.89999389648438,2092,0.0,0.0,0.0,KOL,VanEck Coal ETF
2018-10-19 00:00:00-04:00,153.8000030517578,153.89999389648438,152.3000030517578,152.39999389648438,1230,0.0,0.0,0.0,KOL,VanEck Coal ETF
2018-10-22 00:00:00-04:00,153.89999389648438,154.0,152.8000030517578,153.39999389648438,1604,0.0,0.0,0.0,KOL,VanEck Coal ETF
2018-10-23 00:00:00-04:00,150.0,151.89999389648438,149.0,150.89999389648438,1660,0.0,0.0,0.0,KOL,VanEck Coal ETF
2018-10-24 00:00:00-04:00,150.89999389648438,150.89999389648438,146.10000610351562,146.10000610351562,4500,0.0,0.0,0.0,KOL,VanEck Coal ETF
2018-10-25 00:00:00-04:00,146.60000610351562,148.6699981689453,146.60000610351562,147.8000030517578,6128,0.0,0.0,0.0,KOL,VanEck Coal ETF
2018-10-26 00:00:00-04:00,146.3000030517578,149.1999969482422,146.07899475097656,148.39999389648438,5861,0.0,0.0,0.0,KOL,VanEck Coal ETF
2018-10-29 00:00:00-04:00,147.39999389648438,147.39999389648438,143.16900634765625,143.6999969482422,2578,0.0,0.0,0.0,KOL,VanEck Coal ETF
2018-10-30 00:00:00-04:00,144.3000030517578,146.5679931640625,144.3000030517578,146.3000030517578,2266,0.0,0.0,0.0,KOL,VanEck Coal ETF
2018-10-31 00:00:00-04:00,147.60000610351562,149.0989990234375,147.60000610351562,148.8990020751953,1058,0.0,0.0,0.0,KOL,VanEck Coal ETF
2018-11-01 00:00:00-04:00,149.89999389648438,151.3000030517578,148.99000549316406,151.10000610351562,2963,0.0,0.0,0.0,KOL,VanEck Coal ETF
2018-11-02 00:00:00-04:00,151.3000030517578,151.39999389648438,149.10000610351562,150.30099487304688,906,0.0,0.0,0.0,KOL,VanEck Coal ETF
2018-11-05 00:00:00-05:00,151.39999389648438,152.1999969482422,151.3000030517578,151.6999969482422,915,0.0,0.0,0.0,KOL,VanEck Coal ETF
2018-11-06 00:00:00-05:00,152.1999969482422,153.5,152.1999969482422,153.1999969482422,650,0.0,0.0,0.0,KOL,VanEck Coal ETF
2018-11-07 00:00:00-05:00,155.0,156.5,154.6999969482422,156.5,1822,0.0,0.0,0.0,KOL,VanEck Coal ETF
2018-11-08 00:00:00-05:00,155.3000030517578,155.3000030517578,153.1999969482422,153.39999389648438,522,0.0,0.0,0.0,KOL,VanEck Coal ETF
2018-11-09 00:00:00-05:00,151.0,151.4499969482422,150.33299255371094,150.8000030517578,1420,0.0,0.0,0.0,KOL,VanEck Coal ETF
2018-11-12 00:00:00-05:00,150.0,150.39999389648438,148.70399475097656,149.10000610351562,2570,0.0,0.0,0.0,KOL,VanEck Coal ETF
2018-11-13 00:00:00-05:00,149.89999389648438,152.1999969482422,149.89999389648438,150.6999969482422,1881,0.0,0.0,0.0,KOL,VanEck Coal ETF
2018-11-14 00:00:00-05:00,152.8000030517578,152.8000030517578,150.5,151.3000030517578,1829,0.0,0.0,0.0,KOL,VanEck Coal ETF
2018-11-15 00:00:00-05:00,151.1999969482422,154.0,150.60000610351562,153.1999969482422,3228,0.0,0.0,0.0,KOL,VanEck Coal ETF
2018-11-16 00:00:00-05:00,151.89999389648438,153.39999389648438,151.89999389648438,153.39999389648438,3271,0.0,0.0,0.0,KOL,VanEck Coal ETF
2018-11-19 00:00:00-05:00,151.0,151.0,149.0,149.1999969482422,2549,0.0,0.0,0.0,KOL,VanEck Coal ETF
2018-11-20 00:00:00-05:00,148.0,148.0,144.1999969482422,145.10000610351562,2929,0.0,0.0,0.0,KOL,VanEck Coal ETF
2018-11-21 00:00:00-05:00,144.60000610351562,145.5,144.10000610351562,144.10000610351562,1926,0.0,0.0,0.0,KOL,VanEck Coal ETF
2018-11-23 00:00:00-05:00,141.39999389648438,141.39999389648438,140.63499450683594,141.3000030517578,763,0.0,0.0,0.0,KOL,VanEck Coal ETF
2018-11-26 00:00:00-05:00,139.8000030517578,140.05299377441406,138.6999969482422,139.0,2172,0.0,0.0,0.0,KOL,VanEck Coal ETF
2018-11-27 00:00:00-05:00,136.89999389648438,137.6999969482422,136.1999969482422,137.6999969482422,1716,0.0,0.0,0.0,KOL,VanEck Coal ETF
2018-11-28 00:00:00-05:00,137.0,140.92999267578125,136.89999389648438,140.6999969482422,2683,0.0,0.0,0.0,KOL,VanEck Coal ETF
2018-11-29 00:00:00-05:00,139.8000030517578,140.85000610351562,139.8000030517578,140.10000610351562,648,0.0,0.0,0.0,KOL,VanEck Coal ETF
2018-11-30 00:00:00-05:00,138.10000610351562,139.3000030517578,138.10000610351562,138.8000030517578,2022,0.0,0.0,0.0,KOL,VanEck Coal ETF
2018-12-03 00:00:00-05:00,141.8000030517578,142.697998046875,141.5,142.5,2041,0.0,0.0,0.0,KOL,VanEck Coal ETF
2018-12-04 00:00:00-05:00,142.89999389648438,143.8520050048828,140.80099487304688,141.0,1740,0.0,0.0,0.0,KOL,VanEck Coal ETF
2018-12-06 00:00:00-05:00,139.39999389648438,140.1999969482422,137.60000610351562,140.1999969482422,2505,0.0,0.0,0.0,KOL,VanEck Coal ETF
2018-12-07 00:00:00-05:00,140.5,141.3000030517578,138.10000610351562,138.3000030517578,1477,0.0,0.0,0.0,KOL,VanEck Coal ETF
2018-12-10 00:00:00-05:00,138.39999389648438,138.39999389648438,135.89999389648438,137.8000030517578,3597,0.0,0.0,0.0,KOL,VanEck Coal ETF
2018-12-11 00:00:00-05:00,140.0,140.0,138.10000610351562,139.10000610351562,2218,0.0,0.0,0.0,KOL,VanEck Coal ETF
2018-12-12 00:00:00-05:00,140.39999389648438,142.0,140.39999389648438,140.60000610351562,1107,0.0,0.0,0.0,KOL,VanEck Coal ETF
2018-12-13 00:00:00-05:00,142.60000610351562,142.89999389648438,142.16200256347656,142.5,2443,0.0,0.0,0.0,KOL,VanEck Coal ETF
2018-12-14 00:00:00-05:00,140.8000030517578,142.0,140.3000030517578,140.8000030517578,3067,0.0,0.0,0.0,KOL,VanEck Coal ETF
2018-12-17 00:00:00-05:00,139.1999969482422,140.5,137.89999389648438,137.89999389648438,3508,0.0,0.0,0.0,KOL,VanEck Coal ETF
2018-12-18 00:00:00-05:00,138.10000610351562,139.39999389648438,138.0399932861328,138.8000030517578,7231,0.0,0.0,0.0,KOL,VanEck Coal ETF
2018-12-19 00:00:00-05:00,137.8000030517578,139.3000030517578,134.6999969482422,134.89999389648438,3744,0.0,0.0,0.0,KOL,VanEck Coal ETF
2018-12-20 00:00:00-05:00,126.5,127.74600219726562,125.30000305175781,126.30000305175781,5482,0.0,0.0,0.0,KOL,VanEck Coal ETF
2018-12-21 00:00:00-05:00,125.30000305175781,126.0,122.9000015258789,123.69999694824219,4400,0.0,0.0,0.0,KOL,VanEck Coal ETF
2018-12-24 00:00:00-05:00,123.30000305175781,125.19999694824219,122.69999694824219,122.69999694824219,1580,0.0,0.0,0.0,KOL,VanEck Coal ETF
2018-12-26 00:00:00-05:00,123.0,126.19999694824219,122.4000015258789,126.0999984741211,3106,0.0,0.0,0.0,KOL,VanEck Coal ETF
2018-12-27 00:00:00-05:00,124.19999694824219,126.19999694824219,123.35199737548828,126.19999694824219,5102,0.0,0.0,0.0,KOL,VanEck Coal ETF
2018-12-28 00:00:00-05:00,126.0999984741211,126.80000305175781,125.09400177001953,125.5999984741211,3172,0.0,0.0,0.0,KOL,VanEck Coal ETF
2018-12-31 00:00:00-05:00,125.19999694824219,126.36699676513672,125.19999694824219,125.58999633789062,4924,0.0,0.0,0.0,KOL,VanEck Coal ETF
2019-01-02 00:00:00-05:00,123.5999984741211,126.0,123.5009994506836,125.69999694824219,1218,0.0,0.0,0.0,KOL,VanEck Coal ETF
2019-01-03 00:00:00-05:00,124.69999694824219,124.69999694824219,123.4739990234375,123.5,1270,0.0,0.0,0.0,KOL,VanEck Coal ETF
2019-01-04 00:00:00-05:00,127.9000015258789,131.4040069580078,127.80000305175781,131.1999969482422,15346,0.0,0.0,0.0,KOL,VanEck Coal ETF
2019-01-07 00:00:00-05:00,131.3000030517578,131.60000610351562,130.39999389648438,131.0489959716797,872,0.0,0.0,0.0,KOL,VanEck Coal ETF
2019-01-08 00:00:00-05:00,131.0,132.5,131.0,132.39999389648438,513,0.0,0.0,0.0,KOL,VanEck Coal ETF
2019-01-09 00:00:00-05:00,134.0,134.6999969482422,134.0,134.5,2371,0.0,0.0,0.0,KOL,VanEck Coal ETF
2019-01-10 00:00:00-05:00,132.5,135.10000610351562,132.5,135.10000610351562,819,0.0,0.0,0.0,KOL,VanEck Coal ETF
2019-01-11 00:00:00-05:00,133.39999389648438,134.89999389648438,133.39999389648438,134.8000030517578,216,0.0,0.0,0.0,KOL,VanEck Coal ETF
2019-01-14 00:00:00-05:00,133.10000610351562,134.39999389648438,133.072998046875,133.89999389648438,771,0.0,0.0,0.0,KOL,VanEck Coal ETF
2019-01-15 00:00:00-05:00,134.0,134.86099243164062,133.5,133.6999969482422,2304,0.0,0.0,0.0,KOL,VanEck Coal ETF
2019-01-16 00:00:00-05:00,135.10000610351562,135.89999389648438,135.04100036621094,135.39999389648438,897,0.0,0.0,0.0,KOL,VanEck Coal ETF
2019-01-17 00:00:00-05:00,136.10000610351562,138.0,136.10000610351562,137.72000122070312,12589,0.0,0.0,0.0,KOL,VanEck Coal ETF
2019-01-18 00:00:00-05:00,138.5,139.5,138.5,139.23300170898438,1130,0.0,0.0,0.0,KOL,VanEck Coal ETF
2019-01-22 00:00:00-05:00,137.3000030517578,137.3000030517578,135.3000030517578,135.8000030517578,4296,0.0,0.0,0.0,KOL,VanEck Coal ETF
2019-01-23 00:00:00-05:00,136.6999969482422,136.89999389648438,136.3000030517578,136.6999969482422,1183,0.0,0.0,0.0,KOL,VanEck Coal ETF
2019-01-24 00:00:00-05:00,137.0,137.8300018310547,137.0,137.6999969482422,1233,0.0,0.0,0.0,KOL,VanEck Coal ETF
2019-01-25 00:00:00-05:00,138.8000030517578,140.39999389648438,138.8000030517578,139.5,1133,0.0,0.0,0.0,KOL,VanEck Coal ETF
2019-01-28 00:00:00-05:00,138.1999969482422,139.0,138.0,139.0,3520,0.0,0.0,0.0,KOL,VanEck Coal ETF
2019-01-29 00:00:00-05:00,138.3000030517578,138.6999969482422,138.10000610351562,138.1999969482422,905,0.0,0.0,0.0,KOL,VanEck Coal ETF
2019-01-30 00:00:00-05:00,138.8000030517578,140.7899932861328,137.89999389648438,140.16099548339844,3377,0.0,0.0,0.0,KOL,VanEck Coal ETF
2019-01-31 00:00:00-05:00,141.10000610351562,142.5,141.10000610351562,142.1999969482422,950,0.0,0.0,0.0,KOL,VanEck Coal ETF
2019-02-01 00:00:00-05:00,141.5,141.6999969482422,140.8000030517578,141.1999969482422,959,0.0,0.0,0.0,KOL,VanEck Coal ETF
2019-02-04 00:00:00-05:00,140.39999389648438,141.8000030517578,140.39999389648438,141.8000030517578,2521,0.0,0.0,0.0,KOL,VanEck Coal ETF
2019-02-05 00:00:00-05:00,141.5,142.8419952392578,141.5,142.60000610351562,1165,0.0,0.0,0.0,KOL,VanEck Coal ETF
2019-02-06 00:00:00-05:00,142.11000061035156,142.11000061035156,139.89999389648438,140.3000030517578,1277,0.0,0.0,0.0,KOL,VanEck Coal ETF
2019-02-07 00:00:00-05:00,139.3000030517578,139.9499969482422,138.1009979248047,139.0,1414,0.0,0.0,0.0,KOL,VanEck Coal ETF
2019-02-08 00:00:00-05:00,137.0,137.10000610351562,135.89999389648438,136.10000610351562,1695,0.0,0.0,0.0,KOL,VanEck Coal ETF
2019-02-11 00:00:00-05:00,136.0,136.0,135.10000610351562,135.1999969482422,828,0.0,0.0,0.0,KOL,VanEck Coal ETF
2019-02-12 00:00:00-05:00,136.46299743652344,136.60000610351562,135.89999389648438,136.39999389648438,1977,0.0,0.0,0.0,KOL,VanEck Coal ETF
2019-02-13 00:00:00-05:00,136.6999969482422,137.13800048828125,135.89999389648438,136.1999969482422,1434,0.0,0.0,0.0,KOL,VanEck Coal ETF
2019-02-14 00:00:00-05:00,135.6999969482422,136.8000030517578,135.6999969482422,136.8000030517578,1548,0.0,0.0,0.0,KOL,VanEck Coal ETF
2019-02-15 00:00:00-05:00,136.4759979248047,136.7989959716797,136.3000030517578,136.50900268554688,1390,0.0,0.0,0.0,KOL,VanEck Coal ETF
2019-02-19 00:00:00-05:00,136.3000030517578,138.68899536132812,136.3000030517578,138.5,1229,0.0,0.0,0.0,KOL,VanEck Coal ETF
2019-02-20 00:00:00-05:00,138.39999389648438,139.8000030517578,138.39999389648438,139.60000610351562,1347,0.0,0.0,0.0,KOL,VanEck Coal ETF
2019-02-21 00:00:00-05:00,139.89999389648438,140.05599975585938,139.13499450683594,139.5,983,0.0,0.0,0.0,KOL,VanEck Coal ETF
2019-02-22 00:00:00-05:00,140.39999389648438,141.1999969482422,140.10000610351562,140.60000610351562,998,0.0,0.0,0.0,KOL,VanEck Coal ETF
2019-02-25 00:00:00-05:00,140.8000030517578,141.00999450683594,140.5,140.60000610351562,1095,0.0,0.0,0.0,KOL,VanEck Coal ETF
2019-02-26 00:00:00-05:00,140.16200256347656,140.718994140625,140.16200256347656,140.52499389648438,432,0.0,0.0,0.0,KOL,VanEck Coal ETF
2019-02-27 00:00:00-05:00,140.5,140.5,139.8000030517578,139.8000030517578,467,0.0,0.0,0.0,KOL,VanEck Coal ETF
2019-02-28 00:00:00-05:00,138.6999969482422,138.6999969482422,137.5290069580078,138.0,7220,0.0,0.0,0.0,KOL,VanEck Coal ETF
2019-03-01 00:00:00-05:00,139.0,139.0,137.20399475097656,137.89999389648438,544,0.0,0.0,0.0,KOL,VanEck Coal ETF
2019-03-04 00:00:00-05:00,138.8000030517578,139.6999969482422,137.60000610351562,138.6999969482422,2345,0.0,0.0,0.0,KOL,VanEck Coal ETF
2019-03-05 00:00:00-05:00,138.5,138.89999389648438,138.10000610351562,138.8300018310547,2047,0.0,0.0,0.0,KOL,VanEck Coal ETF
2019-03-06 00:00:00-05:00,138.8000030517578,138.8000030517578,137.5,137.59300231933594,726,0.0,0.0,0.0,KOL,VanEck Coal ETF
2019-03-07 00:00:00-05:00,137.5,137.5,135.89999389648438,136.3000030517578,2792,0.0,0.0,0.0,KOL,VanEck Coal ETF
2019-03-08 00:00:00-05:00,134.01300048828125,134.3000030517578,133.89999389648438,134.1999969482422,998,0.0,0.0,0.0,KOL,VanEck Coal ETF
2019-03-11 00:00:00-04:00,134.5,136.13400268554688,134.5,136.0,5600,0.0,0.0,0.0,KOL,VanEck Coal ETF
2019-03-12 00:00:00-04:00,135.39999389648438,135.79299926757812,135.1999969482422,135.60000610351562,2274,0.0,0.0,0.0,KOL,VanEck Coal ETF
2019-03-13 00:00:00-04:00,136.0,137.0,136.0,137.0,653,0.0,0.0,0.0,KOL,VanEck Coal ETF
2019-03-14 00:00:00-04:00,136.30999755859375,136.4010009765625,136.0,136.2689971923828,487,0.0,0.0,0.0,KOL,VanEck Coal ETF
2019-03-15 00:00:00-04:00,136.0,136.88900756835938,135.1999969482422,136.3800048828125,1303,0.0,0.0,0.0,KOL,VanEck Coal ETF
2019-03-18 00:00:00-04:00,136.3000030517578,137.60000610351562,136.3000030517578,137.60000610351562,1324,0.0,0.0,0.0,KOL,VanEck Coal ETF
2019-03-19 00:00:00-04:00,137.6999969482422,138.10000610351562,137.39999389648438,137.60000610351562,1498,0.0,0.0,0.0,KOL,VanEck Coal ETF
2019-03-20 00:00:00-04:00,136.89999389648438,138.61900329589844,136.60000610351562,138.15199279785156,856,0.0,0.0,0.0,KOL,VanEck Coal ETF
2019-03-21 00:00:00-04:00,137.3000030517578,138.95700073242188,137.3000030517578,138.8000030517578,1220,0.0,0.0,0.0,KOL,VanEck Coal ETF
2019-03-22 00:00:00-04:00,137.0,137.0,135.8000030517578,135.91799926757812,1652,0.0,0.0,0.0,KOL,VanEck Coal ETF
2019-03-25 00:00:00-04:00,134.3000030517578,135.02000427246094,134.3000030517578,135.0,460,0.0,0.0,0.0,KOL,VanEck Coal ETF
2019-03-26 00:00:00-04:00,135.0,136.0,135.0,135.8000030517578,302,0.0,0.0,0.0,KOL,VanEck Coal ETF
2019-03-27 00:00:00-04:00,134.5,134.5,133.3000030517578,133.8000030517578,2492,0.0,0.0,0.0,KOL,VanEck Coal ETF
2019-03-28 00:00:00-04:00,134.3000030517578,134.6320037841797,134.10000610351562,134.6320037841797,2383,0.0,0.0,0.0,KOL,VanEck Coal ETF
2019-03-29 00:00:00-04:00,135.10000610351562,135.3000030517578,134.8000030517578,135.3000030517578,938,0.0,0.0,0.0,KOL,VanEck Coal ETF
2019-04-01 00:00:00-04:00,137.0,137.8000030517578,137.0,137.6999969482422,1270,0.0,0.0,0.0,KOL,VanEck Coal ETF
2019-04-02 00:00:00-04:00,137.1999969482422,137.34100341796875,136.60000610351562,137.1999969482422,872,0.0,0.0,0.0,KOL,VanEck Coal ETF
2019-04-03 00:00:00-04:00,138.0,138.8990020751953,137.5,137.5,1004,0.0,0.0,0.0,KOL,VanEck Coal ETF
2019-04-04 00:00:00-04:00,136.39999389648438,137.0,136.3000030517578,137.0,659,0.0,0.0,0.0,KOL,VanEck Coal ETF
2019-04-05 00:00:00-04:00,135.89999389648438,137.0,135.89999389648438,136.60000610351562,629,0.0,0.0,0.0,KOL,VanEck Coal ETF
2019-04-08 00:00:00-04:00,135.8000030517578,136.89999389648438,135.8000030517578,136.89999389648438,750,0.0,0.0,0.0,KOL,VanEck Coal ETF
2019-04-09 00:00:00-04:00,136.60000610351562,136.60000610351562,135.6999969482422,135.8000030517578,172,0.0,0.0,0.0,KOL,VanEck Coal ETF
2019-04-10 00:00:00-04:00,136.60000610351562,136.89999389648438,136.22799682617188,136.6999969482422,775,0.0,0.0,0.0,KOL,VanEck Coal ETF
2019-04-11 00:00:00-04:00,135.60000610351562,135.8000030517578,134.89999389648438,135.3000030517578,461,0.0,0.0,0.0,KOL,VanEck Coal ETF
2019-04-12 00:00:00-04:00,136.89999389648438,137.5,136.89999389648438,137.39999389648438,551,0.0,0.0,0.0,KOL,VanEck Coal ETF
2019-04-15 00:00:00-04:00,136.46200561523438,136.6999969482422,136.3000030517578,136.6999969482422,550,0.0,0.0,0.0,KOL,VanEck Coal ETF
2019-04-16 00:00:00-04:00,136.60000610351562,137.5,136.60000610351562,137.4499969482422,554,0.0,0.0,0.0,KOL,VanEck Coal ETF
2019-04-17 00:00:00-04:00,137.6999969482422,138.75,137.6999969482422,138.10000610351562,1426,0.0,0.0,0.0,KOL,VanEck Coal ETF
2019-04-18 00:00:00-04:00,137.39999389648438,137.8000030517578,137.39999389648438,137.60000610351562,2122,0.0,0.0,0.0,KOL,VanEck Coal ETF
2019-04-22 00:00:00-04:00,136.39999389648438,138.39999389648438,136.39999389648438,138.39999389648438,3796,0.0,0.0,0.0,KOL,VanEck Coal ETF
2019-04-23 00:00:00-04:00,139.1999969482422,139.89999389648438,138.8000030517578,139.8000030517578,3256,0.0,0.0,0.0,KOL,VanEck Coal ETF
2019-04-24 00:00:00-04:00,138.60000610351562,138.69900512695312,137.5,138.0,571,0.0,0.0,0.0,KOL,VanEck Coal ETF
2019-04-25 00:00:00-04:00,137.60000610351562,137.60000610351562,136.5,136.6999969482422,481,0.0,0.0,0.0,KOL,VanEck Coal ETF
2019-04-26 00:00:00-04:00,136.89999389648438,137.39999389648438,136.7270050048828,137.3000030517578,1174,0.0,0.0,0.0,KOL,VanEck Coal ETF
2019-04-29 00:00:00-04:00,136.8000030517578,137.10000610351562,136.60000610351562,137.07899475097656,470,0.0,0.0,0.0,KOL,VanEck Coal ETF
2019-04-30 00:00:00-04:00,136.39999389648438,136.39999389648438,135.25,135.5,14651,0.0,0.0,0.0,KOL,VanEck Coal ETF
2019-05-01 00:00:00-04:00,135.9250030517578,135.9250030517578,134.10000610351562,134.2449951171875,474,0.0,0.0,0.0,KOL,VanEck Coal ETF
2019-05-02 00:00:00-04:00,134.1999969482422,134.5,133.5,134.01400756835938,726,0.0,0.0,0.0,KOL,VanEck Coal ETF
2019-05-03 00:00:00-04:00,133.89999389648438,136.10000610351562,133.89999389648438,136.00999450683594,1815,0.0,0.0,0.0,KOL,VanEck Coal ETF
2019-05-06 00:00:00-04:00,133.0,134.7010040283203,133.0,134.6999969482422,686,0.0,0.0,0.0,KOL,VanEck Coal ETF
2019-05-07 00:00:00-04:00,133.3000030517578,133.3000030517578,132.0500030517578,132.60000610351562,1217,0.0,0.0,0.0,KOL,VanEck Coal ETF
2019-05-08 00:00:00-04:00,131.3000030517578,131.89999389648438,130.89999389648438,130.89999389648438,2640,0.0,0.0,0.0,KOL,VanEck Coal ETF
2019-05-09 00:00:00-04:00,129.5,130.64999389648438,129.0189971923828,130.5,928,0.0,0.0,0.0,KOL,VanEck Coal ETF
2019-05-10 00:00:00-04:00,130.3000030517578,132.89999389648438,130.3000030517578,132.18600463867188,1072,0.0,0.0,0.0,KOL,VanEck Coal ETF
2019-05-13 00:00:00-04:00,128.3000030517578,129.0,126.80000305175781,127.5,7232,0.0,0.0,0.0,KOL,VanEck Coal ETF
2019-05-14 00:00:00-04:00,128.6999969482422,129.10000610351562,128.3820037841797,128.8000030517578,650,0.0,0.0,0.0,KOL,VanEck Coal ETF
2019-05-15 00:00:00-04:00,127.5,128.8000030517578,127.20500183105469,128.5,606,0.0,0.0,0.0,KOL,VanEck Coal ETF
2019-05-16 00:00:00-04:00,128.96299743652344,129.6999969482422,128.0,128.1999969482422,1459,0.0,0.0,0.0,KOL,VanEck Coal ETF
2019-05-17 00:00:00-04:00,127.19999694824219,127.19999694824219,126.30000305175781,126.30000305175781,950,0.0,0.0,0.0,KOL,VanEck Coal ETF
2019-05-20 00:00:00-04:00,126.30000305175781,126.30000305175781,125.30000305175781,126.23899841308594,1229,0.0,0.0,0.0,KOL,VanEck Coal ETF
2019-05-21 00:00:00-04:00,127.0999984741211,127.30000305175781,127.0999984741211,127.30000305175781,517,0.0,0.0,0.0,KOL,VanEck Coal ETF
2019-05-22 00:00:00-04:00,127.322998046875,127.322998046875,126.30000305175781,126.69999694824219,519,0.0,0.0,0.0,KOL,VanEck Coal ETF
2019-05-23 00:00:00-04:00,126.0999984741211,126.0999984741211,124.69999694824219,125.5,1535,0.0,0.0,0.0,KOL,VanEck Coal ETF
2019-05-24 00:00:00-04:00,126.30000305175781,126.30000305175781,125.5999984741211,125.80000305175781,400,0.0,0.0,0.0,KOL,VanEck Coal ETF
2019-05-28 00:00:00-04:00,126.80000305175781,127.29900360107422,126.19999694824219,126.19999694824219,478,0.0,0.0,0.0,KOL,VanEck Coal ETF
2019-05-29 00:00:00-04:00,126.0,126.5,125.80999755859375,126.40799713134766,667,0.0,0.0,0.0,KOL,VanEck Coal ETF
2019-05-30 00:00:00-04:00,126.19999694824219,126.76300048828125,125.80000305175781,125.9000015258789,831,0.0,0.0,0.0,KOL,VanEck Coal ETF
2019-05-31 00:00:00-04:00,125.19999694824219,126.5,125.19999694824219,126.44999694824219,1097,0.0,0.0,0.0,KOL,VanEck Coal ETF
2019-06-03 00:00:00-04:00,126.30000305175781,127.5,126.30000305175781,127.5,3013,0.0,0.0,0.0,KOL,VanEck Coal ETF
2019-06-04 00:00:00-04:00,126.80000305175781,127.9000015258789,126.80000305175781,127.83399963378906,828,0.0,0.0,0.0,KOL,VanEck Coal ETF
2019-06-05 00:00:00-04:00,127.30000305175781,127.30000305175781,126.19999694824219,127.0,895,0.0,0.0,0.0,KOL,VanEck Coal ETF
2019-06-06 00:00:00-04:00,126.30000305175781,127.0,126.30000305175781,126.8949966430664,709,0.0,0.0,0.0,KOL,VanEck Coal ETF
2019-06-07 00:00:00-04:00,127.19999694824219,128.16299438476562,127.19999694824219,127.98999786376953,1547,0.0,0.0,0.0,KOL,VanEck Coal ETF
2019-06-10 00:00:00-04:00,127.80000305175781,128.10000610351562,127.4000015258789,127.4000015258789,384,0.0,0.0,0.0,KOL,VanEck Coal ETF
2019-06-11 00:00:00-04:00,129.58999633789062,129.58999633789062,128.72900390625,129.10000610351562,910,0.0,0.0,0.0,KOL,VanEck Coal ETF
2019-06-12 00:00:00-04:00,128.0,128.0,127.19999694824219,127.30000305175781,1454,0.0,0.0,0.0,KOL,VanEck Coal ETF
2019-06-13 00:00:00-04:00,126.9000015258789,126.9000015258789,126.0,126.30000305175781,464,0.0,0.0,0.0,KOL,VanEck Coal ETF
2019-06-14 00:00:00-04:00,126.0,126.0,125.5999984741211,125.7770004272461,637,0.0,0.0,0.0,KOL,VanEck Coal ETF
2019-06-17 00:00:00-04:00,125.4000015258789,126.5,125.4000015258789,126.05799865722656,770,0.0,0.0,0.0,KOL,VanEck Coal ETF
2019-06-18 00:00:00-04:00,127.69999694824219,129.6699981689453,127.69999694824219,129.0,1684,0.0,0.0,0.0,KOL,VanEck Coal ETF
2019-06-19 00:00:00-04:00,129.39999389648438,130.0,128.91000366210938,129.39999389648438,618,0.0,0.0,0.0,KOL,VanEck Coal ETF
2019-06-20 00:00:00-04:00,130.5,130.8679962158203,130.44000244140625,130.68699645996094,181,0.0,0.0,0.0,KOL,VanEck Coal ETF
2019-06-21 00:00:00-04:00,130.10000610351562,130.60000610351562,130.10000610351562,130.39999389648438,640,0.0,0.0,0.0,KOL,VanEck Coal ETF
2019-06-24 00:00:00-04:00,130.60000610351562,131.10000610351562,130.39999389648438,130.39999389648438,1329,0.0,0.0,0.0,KOL,VanEck Coal ETF
2019-06-25 00:00:00-04:00,131.5,131.52699279785156,130.0780029296875,130.0780029296875,265,0.0,0.0,0.0,KOL,VanEck Coal ETF
2019-06-26 00:00:00-04:00,130.5,131.60000610351562,130.5,131.1999969482422,7897,0.0,0.0,0.0,KOL,VanEck Coal ETF
2019-06-27 00:00:00-04:00,131.60000610351562,132.22999572753906,131.39999389648438,132.0,3981,0.0,0.0,0.0,KOL,VanEck Coal ETF
2019-06-28 00:00:00-04:00,132.6999969482422,132.8000030517578,131.80999755859375,132.8000030517578,2829,0.0,0.0,0.0,KOL,VanEck Coal ETF
2019-07-01 00:00:00-04:00,134.10000610351562,134.6999969482422,133.53700256347656,134.0,1058,0.0,0.0,0.0,KOL,VanEck Coal ETF
2019-07-02 00:00:00-04:00,132.84800720214844,132.84800720214844,132.0,132.10899353027344,2274,0.0,0.0,0.0,KOL,VanEck Coal ETF
2019-07-03 00:00:00-04:00,131.39999389648438,131.4459991455078,131.2989959716797,131.42599487304688,245,0.0,0.0,0.0,KOL,VanEck Coal ETF
2019-07-05 00:00:00-04:00,131.1999969482422,131.1999969482422,130.1999969482422,130.6999969482422,1410,0.0,0.0,0.0,KOL,VanEck Coal ETF
2019-07-08 00:00:00-04:00,130.10000610351562,131.3000030517578,130.10000610351562,130.64999389648438,2448,0.0,0.0,0.0,KOL,VanEck Coal ETF
2019-07-09 00:00:00-04:00,129.10000610351562,129.3000030517578,128.60000610351562,129.3000030517578,1683,0.0,0.0,0.0,KOL,VanEck Coal ETF
2019-07-10 00:00:00-04:00,130.39999389648438,130.39999389648438,129.5,129.6999969482422,1302,0.0,0.0,0.0,KOL,VanEck Coal ETF
2019-07-11 00:00:00-04:00,129.6999969482422,129.6999969482422,129.0,129.39999389648438,940,0.0,0.0,0.0,KOL,VanEck Coal ETF
2019-07-12 00:00:00-04:00,129.0,129.4499969482422,128.9010009765625,129.39999389648438,1043,0.0,0.0,0.0,KOL,VanEck Coal ETF
2019-07-15 00:00:00-04:00,130.1999969482422,130.1999969482422,129.0,129.3000030517578,510,0.0,0.0,0.0,KOL,VanEck Coal ETF
2019-07-16 00:00:00-04:00,127.5999984741211,129.10000610351562,127.5999984741211,128.781005859375,570,0.0,0.0,0.0,KOL,VanEck Coal ETF
2019-07-17 00:00:00-04:00,128.60000610351562,128.60000610351562,127.947998046875,128.0,1009,0.0,0.0,0.0,KOL,VanEck Coal ETF
2019-07-18 00:00:00-04:00,128.0,128.60000610351562,127.83599853515625,128.4499969482422,850,0.0,0.0,0.0,KOL,VanEck Coal ETF
2019-07-19 00:00:00-04:00,129.39999389648438,129.39999389648438,128.3000030517578,128.3000030517578,879,0.0,0.0,0.0,KOL,VanEck Coal ETF
2019-07-22 00:00:00-04:00,129.3000030517578,129.3000030517578,128.8000030517578,128.8000030517578,754,0.0,0.0,0.0,KOL,VanEck Coal ETF
2019-07-23 00:00:00-04:00,129.0,129.5989990234375,129.0,129.39999389648438,3664,0.0,0.0,0.0,KOL,VanEck Coal ETF
2019-07-24 00:00:00-04:00,129.60000610351562,129.60000610351562,129.0,129.3000030517578,1768,0.0,0.0,0.0,KOL,VanEck Coal ETF
2019-07-25 00:00:00-04:00,129.10000610351562,129.10000610351562,126.9000015258789,126.9000015258789,1455,0.0,0.0,0.0,KOL,VanEck Coal ETF
2019-07-26 00:00:00-04:00,126.4000015258789,126.76799774169922,126.30000305175781,126.70800018310547,1036,0.0,0.0,0.0,KOL,VanEck Coal ETF
2019-07-29 00:00:00-04:00,125.5999984741211,126.1709976196289,125.55000305175781,125.66799926757812,693,0.0,0.0,0.0,KOL,VanEck Coal ETF
2019-07-30 00:00:00-04:00,125.4000015258789,125.4000015258789,124.25,124.89299774169922,686,0.0,0.0,0.0,KOL,VanEck Coal ETF
2019-07-31 00:00:00-04:00,124.0,124.80000305175781,122.4000015258789,123.39900207519531,13828,0.0,0.0,0.0,KOL,VanEck Coal ETF
2019-08-01 00:00:00-04:00,121.9000015258789,122.0999984741211,117.69999694824219,117.80000305175781,3762,0.0,0.0,0.0,KOL,VanEck Coal ETF
2019-08-02 00:00:00-04:00,118.4000015258789,118.4000015258789,117.0,117.4000015258789,1625,0.0,0.0,0.0,KOL,VanEck Coal ETF
2019-08-05 00:00:00-04:00,114.30000305175781,114.30000305175781,112.30400085449219,113.19999694824219,2626,0.0,0.0,0.0,KOL,VanEck Coal ETF
2019-08-06 00:00:00-04:00,112.9000015258789,112.9000015258789,111.60099792480469,112.4000015258789,1807,0.0,0.0,0.0,KOL,VanEck Coal ETF
2019-08-07 00:00:00-04:00,110.69999694824219,112.1989974975586,110.19999694824219,111.9000015258789,3354,0.0,0.0,0.0,KOL,VanEck Coal ETF
2019-08-08 00:00:00-04:00,112.5999984741211,113.69999694824219,112.5999984741211,113.69999694824219,1655,0.0,0.0,0.0,KOL,VanEck Coal ETF
2019-08-09 00:00:00-04:00,111.69999694824219,112.0,110.9000015258789,111.30000305175781,1546,0.0,0.0,0.0,KOL,VanEck Coal ETF
2019-08-12 00:00:00-04:00,109.0,109.98999786376953,109.0,109.5999984741211,2020,0.0,0.0,0.0,KOL,VanEck Coal ETF
2019-08-13 00:00:00-04:00,108.0,112.0,108.0,111.30000305175781,2436,0.0,0.0,0.0,KOL,VanEck Coal ETF
2019-08-14 00:00:00-04:00,108.19999694824219,108.5,107.69999694824219,107.80000305175781,11438,0.0,0.0,0.0,KOL,VanEck Coal ETF
2019-08-15 00:00:00-04:00,107.4000015258789,107.5999984741211,106.7750015258789,107.30000305175781,954,0.0,0.0,0.0,KOL,VanEck Coal ETF
2019-08-16 00:00:00-04:00,109.0,109.0,108.0,108.5,2559,0.0,0.0,0.0,KOL,VanEck Coal ETF
2019-08-19 00:00:00-04:00,108.80000305175781,109.0999984741211,108.5,108.5,376,0.0,0.0,0.0,KOL,VanEck Coal ETF
2019-08-20 00:00:00-04:00,108.19999694824219,109.4000015258789,108.19999694824219,108.4000015258789,624,0.0,0.0,0.0,KOL,VanEck Coal ETF
2019-08-21 00:00:00-04:00,109.0989990234375,109.0989990234375,108.4010009765625,109.0,1375,0.0,0.0,0.0,KOL,VanEck Coal ETF
2019-08-22 00:00:00-04:00,109.19999694824219,109.19999694824219,107.30000305175781,107.5,840,0.0,0.0,0.0,KOL,VanEck Coal ETF
2019-08-23 00:00:00-04:00,107.5,108.0,105.5,105.69999694824219,1946,0.0,0.0,0.0,KOL,VanEck Coal ETF
2019-08-26 00:00:00-04:00,106.69999694824219,107.3499984741211,106.69999694824219,107.30000305175781,306,0.0,0.0,0.0,KOL,VanEck Coal ETF
2019-08-27 00:00:00-04:00,108.80000305175781,108.80000305175781,107.5,107.5,668,0.0,0.0,0.0,KOL,VanEck Coal ETF
2019-08-28 00:00:00-04:00,107.44999694824219,108.01699829101562,107.44999694824219,107.8499984741211,431,0.0,0.0,0.0,KOL,VanEck Coal ETF
2019-08-29 00:00:00-04:00,108.30000305175781,109.5999984741211,108.30000305175781,109.19999694824219,2842,0.0,0.0,0.0,KOL,VanEck Coal ETF
2019-08-30 00:00:00-04:00,110.0999984741211,111.3499984741211,110.0999984741211,111.0999984741211,2061,0.0,0.0,0.0,KOL,VanEck Coal ETF
2019-09-03 00:00:00-04:00,110.9000015258789,112.0,110.9000015258789,112.0,1425,0.0,0.0,0.0,KOL,VanEck Coal ETF
2019-09-04 00:00:00-04:00,112.9000015258789,113.4000015258789,112.9000015258789,113.0999984741211,1131,0.0,0.0,0.0,KOL,VanEck Coal ETF
2019-09-05 00:00:00-04:00,114.0999984741211,114.87799835205078,113.80000305175781,113.9000015258789,1884,0.0,0.0,0.0,KOL,VanEck Coal ETF
2019-09-06 00:00:00-04:00,114.5,115.69999694824219,114.5,115.0999984741211,3471,0.0,0.0,0.0,KOL,VanEck Coal ETF
2019-09-09 00:00:00-04:00,117.19999694824219,118.69999694824219,116.6500015258789,118.4000015258789,29853,0.0,0.0,0.0,KOL,VanEck Coal ETF
2019-09-10 00:00:00-04:00,118.80000305175781,119.4000015258789,118.0999984741211,118.4000015258789,25796,0.0,0.0,0.0,KOL,VanEck Coal ETF
2019-09-11 00:00:00-04:00,119.4000015258789,120.5,119.4000015258789,120.5,1548,0.0,0.0,0.0,KOL,VanEck Coal ETF
2019-09-12 00:00:00-04:00,119.0999984741211,120.5,119.0999984741211,119.4000015258789,1302,0.0,0.0,0.0,KOL,VanEck Coal ETF
2019-09-13 00:00:00-04:00,119.27999877929688,119.4000015258789,119.0,119.4000015258789,423,0.0,0.0,0.0,KOL,VanEck Coal ETF
2019-09-16 00:00:00-04:00,118.5999984741211,119.35099792480469,118.5999984741211,119.0999984741211,514,0.0,0.0,0.0,KOL,VanEck Coal ETF
2019-09-17 00:00:00-04:00,118.69999694824219,119.19999694824219,118.69999694824219,119.14800262451172,441,0.0,0.0,0.0,KOL,VanEck Coal ETF
2019-09-18 00:00:00-04:00,117.5999984741211,117.6500015258789,116.0999984741211,116.5999984741211,4495,0.0,0.0,0.0,KOL,VanEck Coal ETF
2019-09-19 00:00:00-04:00,114.9000015258789,116.19999694824219,114.9000015258789,115.55000305175781,2314,0.0,0.0,0.0,KOL,VanEck Coal ETF
2019-09-20 00:00:00-04:00,114.5999984741211,114.5999984741211,113.5,113.5,1360,0.0,0.0,0.0,KOL,VanEck Coal ETF
2019-09-23 00:00:00-04:00,113.5,113.5,112.83300018310547,113.0999984741211,2362,0.0,0.0,0.0,KOL,VanEck Coal ETF
2019-09-24 00:00:00-04:00,113.0999984741211,113.0999984741211,110.19999694824219,110.80000305175781,558,0.0,0.0,0.0,KOL,VanEck Coal ETF
2019-09-25 00:00:00-04:00,108.80000305175781,110.18900299072266,108.80000305175781,110.0,1508,0.0,0.0,0.0,KOL,VanEck Coal ETF
2019-09-26 00:00:00-04:00,109.5999984741211,109.69999694824219,108.80000305175781,109.20600128173828,679,0.0,0.0,0.0,KOL,VanEck Coal ETF
2019-09-27 00:00:00-04:00,108.69999694824219,109.69999694824219,108.30000305175781,108.5999984741211,7758,0.0,0.0,0.0,KOL,VanEck Coal ETF
2019-09-30 00:00:00-04:00,108.69999694824219,109.19999694824219,108.69999694824219,108.69999694824219,4379,0.0,0.0,0.0,KOL,VanEck Coal ETF
2019-10-01 00:00:00-04:00,109.04399871826172,109.04399871826172,107.20999908447266,107.40599822998047,5097,0.0,0.0,0.0,KOL,VanEck Coal ETF
2019-10-02 00:00:00-04:00,106.5,106.78399658203125,106.19999694824219,106.4000015258789,1021,0.0,0.0,0.0,KOL,VanEck Coal ETF
2019-10-03 00:00:00-04:00,106.9000015258789,107.5,106.44000244140625,107.30000305175781,1474,0.0,0.0,0.0,KOL,VanEck Coal ETF
2019-10-04 00:00:00-04:00,107.69999694824219,108.0989990234375,107.4000015258789,107.9000015258789,933,0.0,0.0,0.0,KOL,VanEck Coal ETF
2019-10-07 00:00:00-04:00,107.4000015258789,108.6520004272461,107.4000015258789,108.0,713,0.0,0.0,0.0,KOL,VanEck Coal ETF
2019-10-08 00:00:00-04:00,107.0999984741211,107.34700012207031,106.69999694824219,106.69999694824219,984,0.0,0.0,0.0,KOL,VanEck Coal ETF
2019-10-09 00:00:00-04:00,108.0999984741211,108.36399841308594,107.9000015258789,108.0,1864,0.0,0.0,0.0,KOL,VanEck Coal ETF
2019-10-10 00:00:00-04:00,108.19999694824219,110.0999984741211,108.19999694824219,109.5999984741211,1197,0.0,0.0,0.0,KOL,VanEck Coal ETF
2019-10-11 00:00:00-04:00,109.5,111.97599792480469,109.5,111.30000305175781,2077,0.0,0.0,0.0,KOL,VanEck Coal ETF
2019-10-14 00:00:00-04:00,111.69999694824219,111.69999694824219,110.25499725341797,110.4000015258789,791,0.0,0.0,0.0,KOL,VanEck Coal ETF
2019-10-15 00:00:00-04:00,110.0999984741211,111.69999694824219,110.0999984741211,111.0,2407,0.0,0.0,0.0,KOL,VanEck Coal ETF
2019-10-16 00:00:00-04:00,109.5,110.61699676513672,108.5,110.5,2538,0.0,0.0,0.0,KOL,VanEck Coal ETF
2019-10-17 00:00:00-04:00,111.0,111.19999694824219,110.5,110.5,896,0.0,0.0,0.0,KOL,VanEck Coal ETF
2019-10-18 00:00:00-04:00,110.69999694824219,110.7699966430664,110.44999694824219,110.69000244140625,2074,0.0,0.0,0.0,KOL,VanEck Coal ETF
2019-10-21 00:00:00-04:00,111.80000305175781,111.9000015258789,111.30000305175781,111.69999694824219,904,0.0,0.0,0.0,KOL,VanEck Coal ETF
2019-10-22 00:00:00-04:00,111.4000015258789,112.5,111.4000015258789,112.19999694824219,1142,0.0,0.0,0.0,KOL,VanEck Coal ETF
2019-10-23 00:00:00-04:00,111.69999694824219,113.39600372314453,111.69999694824219,113.30000305175781,652,0.0,0.0,0.0,KOL,VanEck Coal ETF
2019-10-24 00:00:00-04:00,113.0999984741211,114.2750015258789,112.69999694824219,112.80899810791016,832,0.0,0.0,0.0,KOL,VanEck Coal ETF
2019-10-25 00:00:00-04:00,112.80000305175781,113.19999694824219,112.5999984741211,113.19999694824219,256,0.0,0.0,0.0,KOL,VanEck Coal ETF
2019-10-28 00:00:00-04:00,113.30000305175781,114.58599853515625,113.30000305175781,114.19999694824219,1442,0.0,0.0,0.0,KOL,VanEck Coal ETF
2019-10-29 00:00:00-04:00,113.19999694824219,113.19999694824219,112.19999694824219,112.5,875,0.0,0.0,0.0,KOL,VanEck Coal ETF
2019-10-30 00:00:00-04:00,110.9000015258789,112.0,110.9000015258789,111.9000015258789,5998,0.0,0.0,0.0,KOL,VanEck Coal ETF
2019-10-31 00:00:00-04:00,111.5999984741211,111.5999984741211,108.69999694824219,109.0999984741211,6259,0.0,0.0,0.0,KOL,VanEck Coal ETF
2019-11-01 00:00:00-04:00,109.69999694824219,110.51000213623047,109.5999984741211,110.30000305175781,5775,0.0,0.0,0.0,KOL,VanEck Coal ETF
2019-11-04 00:00:00-05:00,111.0,111.4000015258789,110.94999694824219,111.0999984741211,844,0.0,0.0,0.0,KOL,VanEck Coal ETF
2019-11-05 00:00:00-05:00,112.30000305175781,113.86900329589844,112.30000305175781,113.69999694824219,1334,0.0,0.0,0.0,KOL,VanEck Coal ETF
2019-11-06 00:00:00-05:00,113.9000015258789,113.9000015258789,112.5,112.5,488,0.0,0.0,0.0,KOL,VanEck Coal ETF
2019-11-07 00:00:00-05:00,112.80000305175781,112.80000305175781,112.0999984741211,112.0999984741211,973,0.0,0.0,0.0,KOL,VanEck Coal ETF
2019-11-08 00:00:00-05:00,112.5,113.4000015258789,112.5,113.19999694824219,482,0.0,0.0,0.0,KOL,VanEck Coal ETF
2019-11-11 00:00:00-05:00,110.9000015258789,112.19999694824219,110.50900268554688,111.9000015258789,739,0.0,0.0,0.0,KOL,VanEck Coal ETF
2019-11-12 00:00:00-05:00,111.4000015258789,111.5,110.19999694824219,110.19999694824219,1730,0.0,0.0,0.0,KOL,VanEck Coal ETF
2019-11-13 00:00:00-05:00,109.0,109.19999694824219,108.69999694824219,108.80000305175781,1348,0.0,0.0,0.0,KOL,VanEck Coal ETF
2019-11-14 00:00:00-05:00,108.4000015258789,108.4000015258789,107.25,107.44999694824219,755,0.0,0.0,0.0,KOL,VanEck Coal ETF
2019-11-15 00:00:00-05:00,107.9000015258789,108.30000305175781,107.61000061035156,107.69999694824219,386,0.0,0.0,0.0,KOL,VanEck Coal ETF
2019-11-18 00:00:00-05:00,107.5999984741211,107.5999984741211,106.70999908447266,106.80000305175781,1572,0.0,0.0,0.0,KOL,VanEck Coal ETF
2019-11-19 00:00:00-05:00,107.5,107.5,106.19999694824219,106.3759994506836,664,0.0,0.0,0.0,KOL,VanEck Coal ETF
2019-11-20 00:00:00-05:00,106.0,106.12799835205078,105.30000305175781,105.4000015258789,927,0.0,0.0,0.0,KOL,VanEck Coal ETF
2019-11-21 00:00:00-05:00,106.30000305175781,106.30000305175781,105.16799926757812,105.69999694824219,689,0.0,0.0,0.0,KOL,VanEck Coal ETF
2019-11-22 00:00:00-05:00,106.30000305175781,106.30000305175781,105.9000015258789,105.9000015258789,941,0.0,0.0,0.0,KOL,VanEck Coal ETF
2019-11-25 00:00:00-05:00,106.5,107.69999694824219,105.947998046875,107.30000305175781,2750,0.0,0.0,0.0,KOL,VanEck Coal ETF
2019-11-26 00:00:00-05:00,107.4000015258789,108.00599670410156,107.3010025024414,108.00599670410156,1878,0.0,0.0,0.0,KOL,VanEck Coal ETF
2019-11-27 00:00:00-05:00,108.30000305175781,108.69999694824219,108.0999984741211,108.69999694824219,5600,0.0,0.0,0.0,KOL,VanEck Coal ETF
2019-11-29 00:00:00-05:00,107.19999694824219,107.4000015258789,106.0999984741211,107.05000305175781,3080,0.0,0.0,0.0,KOL,VanEck Coal ETF
2019-12-02 00:00:00-05:00,107.80000305175781,107.80000305175781,106.19999694824219,106.5999984741211,6603,0.0,0.0,0.0,KOL,VanEck Coal ETF
2019-12-03 00:00:00-05:00,105.0,105.0,104.0999984741211,104.69999694824219,1463,0.0,0.0,0.0,KOL,VanEck Coal ETF
2019-12-04 00:00:00-05:00,104.80000305175781,105.45999908447266,104.80000305175781,105.19999694824219,2177,0.0,0.0,0.0,KOL,VanEck Coal ETF
2019-12-05 00:00:00-05:00,105.30000305175781,105.30000305175781,104.5,104.5999984741211,1204,0.0,0.0,0.0,KOL,VanEck Coal ETF
2019-12-06 00:00:00-05:00,105.0,105.5,105.0,105.19999694824219,1123,0.0,0.0,0.0,KOL,VanEck Coal ETF
2019-12-09 00:00:00-05:00,105.0999984741211,106.0,105.0999984741211,105.30000305175781,2190,0.0,0.0,0.0,KOL,VanEck Coal ETF
2019-12-10 00:00:00-05:00,104.80000305175781,105.5999984741211,104.80000305175781,105.30000305175781,895,0.0,0.0,0.0,KOL,VanEck Coal ETF
2019-12-11 00:00:00-05:00,106.37999725341797,106.9000015258789,106.06800079345703,106.4000015258789,1284,0.0,0.0,0.0,KOL,VanEck Coal ETF
2019-12-12 00:00:00-05:00,106.4000015258789,107.69999694824219,105.9000015258789,107.69999694824219,1384,0.0,0.0,0.0,KOL,VanEck Coal ETF
2019-12-13 00:00:00-05:00,108.19999694824219,108.5999984741211,107.19999694824219,108.0999984741211,11255,0.0,0.0,0.0,KOL,VanEck Coal ETF
2019-12-16 00:00:00-05:00,109.0999984741211,110.69999694824219,109.0,110.19999694824219,4756,0.0,0.0,0.0,KOL,VanEck Coal ETF
2019-12-17 00:00:00-05:00,111.0,111.0,109.5,109.5,60785,0.0,0.0,0.0,KOL,VanEck Coal ETF
2019-12-18 00:00:00-05:00,110.0,110.0,109.5,109.5,56615,0.0,0.0,0.0,KOL,VanEck Coal ETF
2019-12-19 00:00:00-05:00,108.5999984741211,109.0,108.5,108.69999694824219,4269,0.0,0.0,0.0,KOL,VanEck Coal ETF
2019-12-20 00:00:00-05:00,108.80000305175781,108.80000305175781,107.5,107.80000305175781,10098,0.0,0.0,0.0,KOL,VanEck Coal ETF
2019-12-23 00:00:00-05:00,98.19999694824219,98.19999694824219,96.5,97.4000015258789,5097,0.0,0.0,0.0,KOL,VanEck Coal ETF
2019-12-24 00:00:00-05:00,97.0999984741211,97.69999694824219,97.0999984741211,97.19999694824219,4143,0.0,0.0,0.0,KOL,VanEck Coal ETF
2019-12-26 00:00:00-05:00,97.4000015258789,98.90599822998047,97.4000015258789,98.69999694824219,3214,0.0,0.0,0.0,KOL,VanEck Coal ETF
2019-12-27 00:00:00-05:00,98.5,99.19000244140625,98.44999694824219,98.5,2804,0.0,0.0,0.0,KOL,VanEck Coal ETF
2019-12-30 00:00:00-05:00,100.30000305175781,100.30000305175781,98.9000015258789,98.9000015258789,2649,0.0,0.0,0.0,KOL,VanEck Coal ETF
2019-12-31 00:00:00-05:00,98.30000305175781,99.0,98.30000305175781,98.90399932861328,3638,0.0,0.0,0.0,KOL,VanEck Coal ETF
2020-01-02 00:00:00-05:00,99.0,100.5,99.0,100.5,1548,0.0,0.0,0.0,KOL,VanEck Coal ETF
2020-01-03 00:00:00-05:00,99.80000305175781,100.44999694824219,99.72599792480469,99.75700378417969,990,0.0,0.0,0.0,KOL,VanEck Coal ETF
2020-01-06 00:00:00-05:00,99.80000305175781,99.9000015258789,99.29900360107422,99.69999694824219,1820,0.0,0.0,0.0,KOL,VanEck Coal ETF
2020-01-07 00:00:00-05:00,99.9000015258789,99.9000015258789,99.19999694824219,99.30000305175781,665,0.0,0.0,0.0,KOL,VanEck Coal ETF
2020-01-08 00:00:00-05:00,99.30000305175781,99.30000305175781,97.98899841308594,98.30000305175781,1198,0.0,0.0,0.0,KOL,VanEck Coal ETF
2020-01-09 00:00:00-05:00,99.5,99.5,97.4749984741211,97.5,4189,0.0,0.0,0.0,KOL,VanEck Coal ETF
2020-01-10 00:00:00-05:00,98.19999694824219,98.9000015258789,98.19999694824219,98.5999984741211,962,0.0,0.0,0.0,KOL,VanEck Coal ETF
2020-01-13 00:00:00-05:00,99.30000305175781,100.0,99.0,100.0,1874,0.0,0.0,0.0,KOL,VanEck Coal ETF
2020-01-14 00:00:00-05:00,99.69999694824219,100.4000015258789,99.69999694824219,100.4000015258789,843,0.0,0.0,0.0,KOL,VanEck Coal ETF
2020-01-15 00:00:00-05:00,99.9000015258789,99.9000015258789,98.19999694824219,98.5,777,0.0,0.0,0.0,KOL,VanEck Coal ETF
2020-01-16 00:00:00-05:00,98.4000015258789,98.98699951171875,98.4000015258789,98.69999694824219,1467,0.0,0.0,0.0,KOL,VanEck Coal ETF
2020-01-17 00:00:00-05:00,99.0,99.0,98.5,98.5999984741211,1246,0.0,0.0,0.0,KOL,VanEck Coal ETF
2020-01-21 00:00:00-05:00,96.5999984741211,96.5999984741211,94.5,94.5999984741211,3892,0.0,0.0,0.0,KOL,VanEck Coal ETF
2020-01-22 00:00:00-05:00,94.9000015258789,94.9000015258789,93.80000305175781,94.0,1507,0.0,0.0,0.0,KOL,VanEck Coal ETF
2020-01-23 00:00:00-05:00,93.19999694824219,93.19999694824219,91.91999816894531,92.80000305175781,1571,0.0,0.0,0.0,KOL,VanEck Coal ETF
2020-01-24 00:00:00-05:00,91.9000015258789,91.9000015258789,90.0999984741211,90.5999984741211,2677,0.0,0.0,0.0,KOL,VanEck Coal ETF
2020-01-27 00:00:00-05:00,87.4000015258789,88.0999984741211,86.69999694824219,87.4000015258789,3732,0.0,0.0,0.0,KOL,VanEck Coal ETF
2020-01-28 00:00:00-05:00,87.5,88.08000183105469,87.5,87.70999908447266,670,0.0,0.0,0.0,KOL,VanEck Coal ETF
2020-01-29 00:00:00-05:00,87.4000015258789,87.69999694824219,87.25,87.4000015258789,1077,0.0,0.0,0.0,KOL,VanEck Coal ETF
2020-01-30 00:00:00-05:00,86.5999984741211,86.61399841308594,85.61000061035156,86.5,1680,0.0,0.0,0.0,KOL,VanEck Coal ETF
2020-01-31 00:00:00-05:00,85.30000305175781,85.30000305175781,83.19999694824219,83.5999984741211,15405,0.0,0.0,0.0,KOL,VanEck Coal ETF
2020-02-03 00:00:00-05:00,83.80000305175781,83.9000015258789,83.4000015258789,83.5999984741211,982,0.0,0.0,0.0,KOL,VanEck Coal ETF
2020-02-04 00:00:00-05:00,86.0,86.4000015258789,85.5999984741211,86.19999694824219,1870,0.0,0.0,0.0,KOL,VanEck Coal ETF
2020-02-05 00:00:00-05:00,86.69999694824219,88.4800033569336,86.69999694824219,87.9000015258789,2082,0.0,0.0,0.0,KOL,VanEck Coal ETF
2020-02-06 00:00:00-05:00,88.0,88.0,87.0999984741211,87.25900268554688,1076,0.0,0.0,0.0,KOL,VanEck Coal ETF
2020-02-07 00:00:00-05:00,85.5999984741211,85.9000015258789,85.4000015258789,85.5,813,0.0,0.0,0.0,KOL,VanEck Coal ETF
2020-02-10 00:00:00-05:00,85.19999694824219,85.9000015258789,85.19999694824219,85.69999694824219,1067,0.0,0.0,0.0,KOL,VanEck Coal ETF
2020-02-11 00:00:00-05:00,86.30000305175781,87.30000305175781,86.0,86.5999984741211,651,0.0,0.0,0.0,KOL,VanEck Coal ETF
2020-02-12 00:00:00-05:00,87.69999694824219,87.69999694824219,86.8499984741211,87.0999984741211,1418,0.0,0.0,0.0,KOL,VanEck Coal ETF
2020-02-13 00:00:00-05:00,86.0,87.0999984741211,86.0,86.80000305175781,2294,0.0,0.0,0.0,KOL,VanEck Coal ETF
2020-02-14 00:00:00-05:00,86.80000305175781,87.5,86.5,86.5999984741211,826,0.0,0.0,0.0,KOL,VanEck Coal ETF
2020-02-18 00:00:00-05:00,86.0999984741211,86.56700134277344,86.0999984741211,86.19999694824219,778,0.0,0.0,0.0,KOL,VanEck Coal ETF
2020-02-19 00:00:00-05:00,85.80000305175781,86.69999694824219,85.80000305175781,86.4000015258789,428,0.0,0.0,0.0,KOL,VanEck Coal ETF
2020-02-20 00:00:00-05:00,86.4000015258789,86.4000015258789,84.69999694824219,84.80000305175781,1509,0.0,0.0,0.0,KOL,VanEck Coal ETF
2020-02-21 00:00:00-05:00,82.5,82.85800170898438,82.30000305175781,82.30000305175781,1023,0.0,0.0,0.0,KOL,VanEck Coal ETF
2020-02-24 00:00:00-05:00,79.4000015258789,79.4000015258789,78.5780029296875,79.0999984741211,2512,0.0,0.0,0.0,KOL,VanEck Coal ETF
2020-02-25 00:00:00-05:00,79.5,79.5,78.0,78.0,1235,0.0,0.0,0.0,KOL,VanEck Coal ETF
2020-02-26 00:00:00-05:00,78.30000305175781,78.9990005493164,77.4000015258789,77.41500091552734,2424,0.0,0.0,0.0,KOL,VanEck Coal ETF
2020-02-27 00:00:00-05:00,76.4000015258789,76.69300079345703,74.5999984741211,75.80000305175781,6273,0.0,0.0,0.0,KOL,VanEck Coal ETF
2020-02-28 00:00:00-05:00,74.4000015258789,76.0999984741211,73.5999984741211,76.0999984741211,18893,0.0,0.0,0.0,KOL,VanEck Coal ETF
2020-03-02 00:00:00-05:00,76.30000305175781,77.19999694824219,75.3030014038086,77.19999694824219,9631,0.0,0.0,0.0,KOL,VanEck Coal ETF
2020-03-03 00:00:00-05:00,78.5999984741211,79.30000305175781,76.9000015258789,77.5999984741211,2476,0.0,0.0,0.0,KOL,VanEck Coal ETF
2020-03-04 00:00:00-05:00,78.69999694824219,79.4000015258789,78.44300079345703,79.30000305175781,1249,0.0,0.0,0.0,KOL,VanEck Coal ETF
2020-03-05 00:00:00-05:00,78.0,78.0,76.96199798583984,76.96199798583984,591,0.0,0.0,0.0,KOL,VanEck Coal ETF
2020-03-06 00:00:00-05:00,76.4000015258789,76.4000015258789,74.98600006103516,75.80000305175781,1285,0.0,0.0,0.0,KOL,VanEck Coal ETF
2020-03-09 00:00:00-04:00,70.19999694824219,70.19999694824219,66.30000305175781,67.80000305175781,3949,0.0,0.0,0.0,KOL,VanEck Coal ETF
2020-03-10 00:00:00-04:00,72.30000305175781,72.30000305175781,69.5009994506836,71.5999984741211,4018,0.0,0.0,0.0,KOL,VanEck Coal ETF
2020-03-11 00:00:00-04:00,68.30000305175781,68.52100372314453,66.5,66.9000015258789,6717,0.0,0.0,0.0,KOL,VanEck Coal ETF
2020-03-12 00:00:00-04:00,60.79999923706055,62.70000076293945,60.0,60.14400100708008,2027,0.0,0.0,0.0,KOL,VanEck Coal ETF
2020-03-13 00:00:00-04:00,65.4000015258789,65.4000015258789,61.5,65.1510009765625,1385,0.0,0.0,0.0,KOL,VanEck Coal ETF
2020-03-16 00:00:00-04:00,58.599998474121094,59.900001525878906,56.20000076293945,59.099998474121094,4854,0.0,0.0,0.0,KOL,VanEck Coal ETF
2020-03-17 00:00:00-04:00,59.400001525878906,62.099998474121094,59.099998474121094,61.29999923706055,3391,0.0,0.0,0.0,KOL,VanEck Coal ETF
2020-03-18 00:00:00-04:00,57.70000076293945,58.33599853515625,54.599998474121094,55.400001525878906,2748,0.0,0.0,0.0,KOL,VanEck Coal ETF
2020-03-19 00:00:00-04:00,55.400001525878906,57.5,54.70000076293945,56.499000549316406,1682,0.0,0.0,0.0,KOL,VanEck Coal ETF
2020-03-20 00:00:00-04:00,57.900001525878906,58.999000549316406,55.5,55.5,2736,0.0,0.0,0.0,KOL,VanEck Coal ETF
2020-03-23 00:00:00-04:00,56.0,56.2869987487793,54.0989990234375,54.29999923706055,2097,0.0,0.0,0.0,KOL,VanEck Coal ETF
2020-03-24 00:00:00-04:00,57.0,59.29999923706055,57.0,59.29999923706055,2000,0.0,0.0,0.0,KOL,VanEck Coal ETF
2020-03-25 00:00:00-04:00,60.0,62.099998474121094,59.59700012207031,60.79999923706055,1270,0.0,0.0,0.0,KOL,VanEck Coal ETF
2020-03-26 00:00:00-04:00,61.599998474121094,63.20000076293945,61.0,63.01100158691406,962,0.0,0.0,0.0,KOL,VanEck Coal ETF
2020-03-27 00:00:00-04:00,59.79999923706055,60.15700149536133,59.0,59.20000076293945,2201,0.0,0.0,0.0,KOL,VanEck Coal ETF
2020-03-30 00:00:00-04:00,61.70000076293945,62.349998474121094,60.10100173950195,62.20000076293945,34478,0.0,0.0,0.0,KOL,VanEck Coal ETF
2020-03-31 00:00:00-04:00,63.5,63.599998474121094,61.584999084472656,62.900001525878906,20596,0.0,0.0,0.0,KOL,VanEck Coal ETF
2020-04-01 00:00:00-04:00,62.20000076293945,62.5,60.599998474121094,60.79999923706055,15089,0.0,0.0,0.0,KOL,VanEck Coal ETF
2020-04-02 00:00:00-04:00,61.70000076293945,63.900001525878906,61.599998474121094,63.52199935913086,7058,0.0,0.0,0.0,KOL,VanEck Coal ETF
2020-04-03 00:00:00-04:00,63.5,63.5,61.111000061035156,61.79999923706055,9699,0.0,0.0,0.0,KOL,VanEck Coal ETF
2020-04-06 00:00:00-04:00,64.0,66.0999984741211,64.0,65.5,9698,0.0,0.0,0.0,KOL,VanEck Coal ETF
2020-04-07 00:00:00-04:00,66.5,68.0,65.30000305175781,65.30000305175781,17376,0.0,0.0,0.0,KOL,VanEck Coal ETF
2020-04-08 00:00:00-04:00,65.9000015258789,65.9000015258789,64.0999984741211,65.19999694824219,6222,0.0,0.0,0.0,KOL,VanEck Coal ETF
2020-04-09 00:00:00-04:00,65.19999694824219,66.52400207519531,65.19999694824219,65.80000305175781,8063,0.0,0.0,0.0,KOL,VanEck Coal ETF
2020-04-13 00:00:00-04:00,65.80000305175781,65.80000305175781,64.9000015258789,65.5999984741211,4578,0.0,0.0,0.0,KOL,VanEck Coal ETF
2020-04-14 00:00:00-04:00,68.0,68.5999984741211,67.4000015258789,68.25700378417969,9228,0.0,0.0,0.0,KOL,VanEck Coal ETF
2020-04-15 00:00:00-04:00,65.83000183105469,65.83000183105469,64.91290283203125,64.9800033569336,15098,0.0,0.0,0.0,KOL,VanEck Coal ETF
2020-04-16 00:00:00-04:00,64.79000091552734,64.79000091552734,63.660099029541016,64.05999755859375,5702,0.0,0.0,0.0,KOL,VanEck Coal ETF
2020-04-17 00:00:00-04:00,65.52999877929688,65.83000183105469,65.1719970703125,65.51589965820312,4164,0.0,0.0,0.0,KOL,VanEck Coal ETF
2020-04-20 00:00:00-04:00,64.12999725341797,65.05500030517578,63.9900016784668,63.9900016784668,4565,0.0,0.0,0.0,KOL,VanEck Coal ETF
2020-04-21 00:00:00-04:00,61.369998931884766,61.90999984741211,61.119998931884766,61.380001068115234,11965,0.0,0.0,0.0,KOL,VanEck Coal ETF
2020-04-22 00:00:00-04:00,62.939998626708984,62.939998626708984,62.790000915527344,62.81100082397461,1832,0.0,0.0,0.0,KOL,VanEck Coal ETF
2020-04-23 00:00:00-04:00,63.04999923706055,63.712100982666016,62.540000915527344,62.54999923706055,3093,0.0,0.0,0.0,KOL,VanEck Coal ETF
2020-04-24 00:00:00-04:00,62.970001220703125,63.119998931884766,62.46440124511719,62.957298278808594,6936,0.0,0.0,0.0,KOL,VanEck Coal ETF
2020-04-27 00:00:00-04:00,62.88999938964844,63.2598991394043,62.68000030517578,63.209999084472656,2688,0.0,0.0,0.0,KOL,VanEck Coal ETF
2020-04-28 00:00:00-04:00,63.27000045776367,63.534400939941406,63.17100143432617,63.534400939941406,2332,0.0,0.0,0.0,KOL,VanEck Coal ETF
2020-04-29 00:00:00-04:00,64.88999938964844,66.12999725341797,64.88999938964844,66.04000091552734,3333,0.0,0.0,0.0,KOL,VanEck Coal ETF
2020-04-30 00:00:00-04:00,65.83999633789062,66.1259994506836,65.36000061035156,65.36000061035156,15867,0.0,0.0,0.0,KOL,VanEck Coal ETF
2020-05-01 00:00:00-04:00,63.439998626708984,63.439998626708984,62.16999816894531,62.18000030517578,12152,0.0,0.0,0.0,KOL,VanEck Coal ETF
2020-05-04 00:00:00-04:00,62.689998626708984,64.20999908447266,62.689998626708984,63.90999984741211,2326,0.0,0.0,0.0,KOL,VanEck Coal ETF
2020-05-05 00:00:00-04:00,64.9800033569336,64.9800033569336,64.01000213623047,64.01000213623047,1468,0.0,0.0,0.0,KOL,VanEck Coal ETF
2020-05-06 00:00:00-04:00,64.57499694824219,64.57499694824219,63.810001373291016,63.85969924926758,1511,0.0,0.0,0.0,KOL,VanEck Coal ETF
2020-05-07 00:00:00-04:00,64.76000213623047,64.98999786376953,64.23999786376953,64.43260192871094,9136,0.0,0.0,0.0,KOL,VanEck Coal ETF
2020-05-08 00:00:00-04:00,66.2300033569336,67.0199966430664,66.2300033569336,67.0199966430664,2029,0.0,0.0,0.0,KOL,VanEck Coal ETF
2020-05-11 00:00:00-04:00,67.11000061035156,67.11000061035156,66.2699966430664,66.55000305175781,4496,0.0,0.0,0.0,KOL,VanEck Coal ETF
2020-05-12 00:00:00-04:00,67.30000305175781,67.30000305175781,65.69000244140625,65.69000244140625,3422,0.0,0.0,0.0,KOL,VanEck Coal ETF
2020-05-13 00:00:00-04:00,66.5,66.5,64.5999984741211,64.87999725341797,6483,0.0,0.0,0.0,KOL,VanEck Coal ETF
2020-05-14 00:00:00-04:00,63.93000030517578,64.75,63.31999969482422,64.75,2931,0.0,0.0,0.0,KOL,VanEck Coal ETF
2020-05-15 00:00:00-04:00,63.79010009765625,64.37999725341797,63.79010009765625,64.16000366210938,8844,0.0,0.0,0.0,KOL,VanEck Coal ETF
2020-05-18 00:00:00-04:00,66.47000122070312,68.30000305175781,66.47000122070312,68.26000213623047,7766,0.0,0.0,0.0,KOL,VanEck Coal ETF
2020-05-19 00:00:00-04:00,68.23999786376953,69.0,67.37000274658203,67.37000274658203,29652,0.0,0.0,0.0,KOL,VanEck Coal ETF
2020-05-20 00:00:00-04:00,68.73999786376953,68.80999755859375,68.22000122070312,68.64450073242188,2075,0.0,0.0,0.0,KOL,VanEck Coal ETF
2020-05-21 00:00:00-04:00,68.87000274658203,68.87000274658203,67.5000991821289,67.63999938964844,1509,0.0,0.0,0.0,KOL,VanEck Coal ETF
2020-05-22 00:00:00-04:00,66.04000091552734,66.4800033569336,66.04000091552734,66.30000305175781,2448,0.0,0.0,0.0,KOL,VanEck Coal ETF
2020-05-26 00:00:00-04:00,69.19999694824219,69.19999694824219,68.8030014038086,68.8499984741211,7057,0.0,0.0,0.0,KOL,VanEck Coal ETF
2020-05-27 00:00:00-04:00,69.0199966430664,69.73999786376953,68.5,69.5,4446,0.0,0.0,0.0,KOL,VanEck Coal ETF
2020-05-28 00:00:00-04:00,70.24829864501953,70.30000305175781,69.69000244140625,69.76860046386719,2475,0.0,0.0,0.0,KOL,VanEck Coal ETF
2020-05-29 00:00:00-04:00,69.44999694824219,69.44999694824219,68.6500015258789,69.17639923095703,2759,0.0,0.0,0.0,KOL,VanEck Coal ETF
2020-06-01 00:00:00-04:00,70.44499969482422,71.1500015258789,70.44499969482422,71.1500015258789,2522,0.0,0.0,0.0,KOL,VanEck Coal ETF
2020-06-02 00:00:00-04:00,72.81999969482422,73.55000305175781,72.81999969482422,73.54969787597656,5506,0.0,0.0,0.0,KOL,VanEck Coal ETF
2020-06-03 00:00:00-04:00,74.98999786376953,76.01969909667969,74.86499786376953,76.01969909667969,4650,0.0,0.0,0.0,KOL,VanEck Coal ETF
2020-06-04 00:00:00-04:00,75.4800033569336,75.4800033569336,74.73500061035156,74.96659851074219,3806,0.0,0.0,0.0,KOL,VanEck Coal ETF
2020-06-05 00:00:00-04:00,76.58000183105469,78.23999786376953,76.58000183105469,77.81999969482422,6160,0.0,0.0,0.0,KOL,VanEck Coal ETF
2020-06-08 00:00:00-04:00,79.2699966430664,80.0,78.6500015258789,79.97799682617188,7515,0.0,0.0,0.0,KOL,VanEck Coal ETF
2020-06-09 00:00:00-04:00,78.73999786376953,78.90460205078125,78.27149963378906,78.90460205078125,4455,0.0,0.0,0.0,KOL,VanEck Coal ETF
2020-06-10 00:00:00-04:00,77.50140380859375,78.00640106201172,76.91000366210938,77.61949920654297,6643,0.0,0.0,0.0,KOL,VanEck Coal ETF
2020-06-11 00:00:00-04:00,74.19999694824219,74.19999694824219,71.4000015258789,71.4800033569336,8157,0.0,0.0,0.0,KOL,VanEck Coal ETF
2020-06-12 00:00:00-04:00,73.58000183105469,73.61000061035156,71.91999816894531,73.08409881591797,8681,0.0,0.0,0.0,KOL,VanEck Coal ETF
2020-06-15 00:00:00-04:00,71.6050033569336,73.08000183105469,71.6050033569336,72.83999633789062,2880,0.0,0.0,0.0,KOL,VanEck Coal ETF
2020-06-16 00:00:00-04:00,75.2300033569336,75.2300033569336,73.76930236816406,73.76930236816406,2649,0.0,0.0,0.0,KOL,VanEck Coal ETF
2020-06-17 00:00:00-04:00,74.9000015258789,74.9000015258789,74.16999816894531,74.16999816894531,566,0.0,0.0,0.0,KOL,VanEck Coal ETF
2020-06-18 00:00:00-04:00,73.97000122070312,73.97000122070312,73.47100067138672,73.59449768066406,2225,0.0,0.0,0.0,KOL,VanEck Coal ETF
2020-06-19 00:00:00-04:00,75.13999938964844,75.13999938964844,73.74690246582031,73.74690246582031,1938,0.0,0.0,0.0,KOL,VanEck Coal ETF
2020-06-22 00:00:00-04:00,73.55999755859375,74.12000274658203,73.55999755859375,73.93000030517578,1810,0.0,0.0,0.0,KOL,VanEck Coal ETF
2020-06-23 00:00:00-04:00,74.51000213623047,74.51000213623047,73.9030990600586,73.9030990600586,2776,0.0,0.0,0.0,KOL,VanEck Coal ETF
2020-06-24 00:00:00-04:00,72.71499633789062,72.71499633789062,72.125,72.4800033569336,1456,0.0,0.0,0.0,KOL,VanEck Coal ETF
2020-06-25 00:00:00-04:00,71.96499633789062,72.52310180664062,71.96499633789062,72.52310180664062,774,0.0,0.0,0.0,KOL,VanEck Coal ETF
2020-06-26 00:00:00-04:00,71.5,71.5,70.70999908447266,70.90619659423828,2860,0.0,0.0,0.0,KOL,VanEck Coal ETF
2020-06-29 00:00:00-04:00,70.91000366210938,71.68000030517578,70.91000366210938,71.68000030517578,2558,0.0,0.0,0.0,KOL,VanEck Coal ETF
2020-06-30 00:00:00-04:00,71.12000274658203,71.19000244140625,70.80000305175781,71.1719970703125,4584,0.0,0.0,0.0,KOL,VanEck Coal ETF
2020-07-01 00:00:00-04:00,71.62999725341797,71.62999725341797,71.16999816894531,71.48359680175781,7471,0.0,0.0,0.0,KOL,VanEck Coal ETF
2020-07-02 00:00:00-04:00,73.83499908447266,73.83499908447266,73.16000366210938,73.16130065917969,1655,0.0,0.0,0.0,KOL,VanEck Coal ETF
2020-07-06 00:00:00-04:00,75.66999816894531,76.10279846191406,75.58100128173828,76.10279846191406,6627,0.0,0.0,0.0,KOL,VanEck Coal ETF
2020-07-07 00:00:00-04:00,74.8499984741211,75.08000183105469,74.41999816894531,74.63999938964844,3990,0.0,0.0,0.0,KOL,VanEck Coal ETF
2020-07-08 00:00:00-04:00,74.68000030517578,75.364501953125,74.68000030517578,75.364501953125,1088,0.0,0.0,0.0,KOL,VanEck Coal ETF
2020-07-09 00:00:00-04:00,75.12000274658203,75.12000274658203,74.30999755859375,74.55879974365234,2234,0.0,0.0,0.0,KOL,VanEck Coal ETF
2020-07-10 00:00:00-04:00,74.0999984741211,74.0999984741211,73.37000274658203,73.87010192871094,2225,0.0,0.0,0.0,KOL,VanEck Coal ETF
2020-07-13 00:00:00-04:00,75.16999816894531,75.52999877929688,74.13520050048828,74.18000030517578,1786,0.0,0.0,0.0,KOL,VanEck Coal ETF
2020-07-14 00:00:00-04:00,74.8550033569336,75.00469970703125,74.69000244140625,75.00469970703125,2050,0.0,0.0,0.0,KOL,VanEck Coal ETF
2020-07-15 00:00:00-04:00,75.05000305175781,75.127197265625,74.6500015258789,75.127197265625,4300,0.0,0.0,0.0,KOL,VanEck Coal ETF
2020-07-16 00:00:00-04:00,74.58000183105469,74.63500213623047,74.48799896240234,74.48799896240234,611,0.0,0.0,0.0,KOL,VanEck Coal ETF
2020-07-17 00:00:00-04:00,74.62100219726562,75.01339721679688,74.5199966430664,74.84390258789062,6482,0.0,0.0,0.0,KOL,VanEck Coal ETF
2020-07-20 00:00:00-04:00,74.5999984741211,74.77999877929688,74.47000122070312,74.76820373535156,1309,0.0,0.0,0.0,KOL,VanEck Coal ETF
2020-07-21 00:00:00-04:00,75.8550033569336,75.8550033569336,75.44049835205078,75.44049835205078,2383,0.0,0.0,0.0,KOL,VanEck Coal ETF
2020-07-22 00:00:00-04:00,75.19000244140625,75.19000244140625,74.72699737548828,74.86990356445312,3052,0.0,0.0,0.0,KOL,VanEck Coal ETF
2020-07-23 00:00:00-04:00,75.20999908447266,75.20999908447266,74.43000030517578,74.54219818115234,1151,0.0,0.0,0.0,KOL,VanEck Coal ETF
2020-07-24 00:00:00-04:00,74.37899780273438,74.8499984741211,74.2699966430664,74.68820190429688,2201,0.0,0.0,0.0,KOL,VanEck Coal ETF
2020-07-27 00:00:00-04:00,75.54000091552734,75.5479965209961,75.29000091552734,75.37999725341797,3754,0.0,0.0,0.0,KOL,VanEck Coal ETF
2020-07-28 00:00:00-04:00,75.0,75.0,74.38700103759766,74.5999984741211,2403,0.0,0.0,0.0,KOL,VanEck Coal ETF
2020-07-29 00:00:00-04:00,74.41000366210938,74.67829895019531,74.30000305175781,74.67829895019531,1666,0.0,0.0,0.0,KOL,VanEck Coal ETF
2020-07-30 00:00:00-04:00,73.5999984741211,73.5999984741211,72.62000274658203,73.06999969482422,4572,0.0,0.0,0.0,KOL,VanEck Coal ETF
2020-07-31 00:00:00-04:00,72.48999786376953,72.48999786376953,72.0,72.32939910888672,6030,0.0,0.0,0.0,KOL,VanEck Coal ETF
2020-08-03 00:00:00-04:00,72.32109832763672,72.71759796142578,72.32109832763672,72.5354995727539,2055,0.0,0.0,0.0,KOL,VanEck Coal ETF
2020-08-04 00:00:00-04:00,72.69000244140625,72.89440155029297,72.69000244140625,72.89440155029297,861,0.0,0.0,0.0,KOL,VanEck Coal ETF
2020-08-05 00:00:00-04:00,74.20999908447266,74.33999633789062,74.04750061035156,74.04750061035156,2312,0.0,0.0,0.0,KOL,VanEck Coal ETF
2020-08-06 00:00:00-04:00,74.08999633789062,74.60569763183594,74.08999633789062,74.60569763183594,2304,0.0,0.0,0.0,KOL,VanEck Coal ETF
2020-08-07 00:00:00-04:00,74.55999755859375,74.55999755859375,73.83499908447266,74.12550354003906,2436,0.0,0.0,0.0,KOL,VanEck Coal ETF
2020-08-10 00:00:00-04:00,74.83999633789062,75.0,74.76000213623047,75.0,2073,0.0,0.0,0.0,KOL,VanEck Coal ETF
2020-08-11 00:00:00-04:00,75.72799682617188,75.72799682617188,75.07779693603516,75.07779693603516,1206,0.0,0.0,0.0,KOL,VanEck Coal ETF
2020-08-12 00:00:00-04:00,75.79000091552734,75.8499984741211,75.79000091552734,75.8207015991211,965,0.0,0.0,0.0,KOL,VanEck Coal ETF
2020-08-13 00:00:00-04:00,75.0,75.0,74.65499877929688,74.81829833984375,1527,0.0,0.0,0.0,KOL,VanEck Coal ETF
2020-08-14 00:00:00-04:00,74.55000305175781,74.68000030517578,74.55000305175781,74.68000030517578,1073,0.0,0.0,0.0,KOL,VanEck Coal ETF
2020-08-17 00:00:00-04:00,74.69999694824219,75.54000091552734,74.69999694824219,75.42630004882812,2934,0.0,0.0,0.0,KOL,VanEck Coal ETF
2020-08-18 00:00:00-04:00,75.29000091552734,75.45259857177734,75.22000122070312,75.45259857177734,1418,0.0,0.0,0.0,KOL,VanEck Coal ETF
2020-08-19 00:00:00-04:00,75.72000122070312,75.94000244140625,75.37580108642578,75.37580108642578,4991,0.0,0.0,0.0,KOL,VanEck Coal ETF
2020-08-20 00:00:00-04:00,74.27799987792969,74.7761001586914,74.27799987792969,74.7761001586914,2127,0.0,0.0,0.0,KOL,VanEck Coal ETF
2020-08-21 00:00:00-04:00,74.55999755859375,74.55999755859375,73.96499633789062,74.06520080566406,5435,0.0,0.0,0.0,KOL,VanEck Coal ETF
2020-08-24 00:00:00-04:00,75.12999725341797,75.12999725341797,74.59010314941406,74.77020263671875,2937,0.0,0.0,0.0,KOL,VanEck Coal ETF
2020-08-25 00:00:00-04:00,74.95999908447266,75.00440216064453,74.55999755859375,75.00440216064453,1681,0.0,0.0,0.0,KOL,VanEck Coal ETF
2020-08-26 00:00:00-04:00,74.55000305175781,74.66999816894531,73.91999816894531,74.66059875488281,2342,0.0,0.0,0.0,KOL,VanEck Coal ETF
2020-08-27 00:00:00-04:00,74.56999969482422,74.56999969482422,73.23500061035156,73.66000366210938,1800,0.0,0.0,0.0,KOL,VanEck Coal ETF
2020-08-28 00:00:00-04:00,74.1500015258789,74.83100128173828,74.1500015258789,74.83100128173828,3258,0.0,0.0,0.0,KOL,VanEck Coal ETF
2020-08-31 00:00:00-04:00,74.80000305175781,74.80000305175781,73.97010040283203,74.46179962158203,3243,0.0,0.0,0.0,KOL,VanEck Coal ETF
2020-09-01 00:00:00-04:00,74.6500015258789,75.0,74.6500015258789,75.0,2454,0.0,0.0,0.0,KOL,VanEck Coal ETF
2020-09-02 00:00:00-04:00,75.08000183105469,75.40399932861328,74.8499984741211,75.40399932861328,2881,0.0,0.0,0.0,KOL,VanEck Coal ETF
2020-09-03 00:00:00-04:00,74.68000030517578,74.68000030517578,73.83000183105469,74.13999938964844,3541,0.0,0.0,0.0,KOL,VanEck Coal ETF
2020-09-04 00:00:00-04:00,74.30500030517578,74.61940002441406,73.30000305175781,74.61940002441406,1701,0.0,0.0,0.0,KOL,VanEck Coal ETF
2020-09-08 00:00:00-04:00,74.5999984741211,75.0199966430664,74.2300033569336,74.5,4773,0.0,0.0,0.0,KOL,VanEck Coal ETF
2020-09-09 00:00:00-04:00,75.01000213623047,75.48999786376953,75.01000213623047,75.48999786376953,2412,0.0,0.0,0.0,KOL,VanEck Coal ETF
2020-09-10 00:00:00-04:00,74.47000122070312,74.58000183105469,73.18000030517578,73.18000030517578,2456,0.0,0.0,0.0,KOL,VanEck Coal ETF
2020-09-11 00:00:00-04:00,75.56500244140625,75.81500244140625,75.36949920654297,75.52539825439453,1903,0.0,0.0,0.0,KOL,VanEck Coal ETF
2020-09-14 00:00:00-04:00,77.04000091552734,77.61830139160156,77.0,77.61830139160156,2929,0.0,0.0,0.0,KOL,VanEck Coal ETF
2020-09-15 00:00:00-04:00,79.20999908447266,79.20999908447266,78.70999908447266,79.16000366210938,4046,0.0,0.0,0.0,KOL,VanEck Coal ETF
2020-09-16 00:00:00-04:00,78.61000061035156,79.24729919433594,78.58000183105469,78.83000183105469,5311,0.0,0.0,0.0,KOL,VanEck Coal ETF
2020-09-17 00:00:00-04:00,77.83000183105469,79.10489654541016,77.83000183105469,79.10489654541016,1715,0.0,0.0,0.0,KOL,VanEck Coal ETF
2020-09-18 00:00:00-04:00,79.79000091552734,80.5199966430664,79.79000091552734,80.30400085449219,3525,0.0,0.0,0.0,KOL,VanEck Coal ETF
2020-09-21 00:00:00-04:00,77.8499984741211,78.44999694824219,77.8499984741211,78.33779907226562,3492,0.0,0.0,0.0,KOL,VanEck Coal ETF
2020-09-22 00:00:00-04:00,78.29000091552734,78.47000122070312,77.84010314941406,78.22750091552734,3485,0.0,0.0,0.0,KOL,VanEck Coal ETF
2020-09-23 00:00:00-04:00,77.0999984741211,77.0999984741211,76.27999877929688,76.32890319824219,2378,0.0,0.0,0.0,KOL,VanEck Coal ETF
2020-09-24 00:00:00-04:00,75.98999786376953,76.36000061035156,75.80000305175781,76.23629760742188,3433,0.0,0.0,0.0,KOL,VanEck Coal ETF
2020-09-25 00:00:00-04:00,77.0,77.0886001586914,77.0,77.0886001586914,438,0.0,0.0,0.0,KOL,VanEck Coal ETF
2020-09-28 00:00:00-04:00,78.19000244140625,78.27989959716797,78.185302734375,78.1875,1762,0.0,0.0,0.0,KOL,VanEck Coal ETF
2020-09-29 00:00:00-04:00,77.80000305175781,78.27999877929688,77.78500366210938,78.10260009765625,2097,0.0,0.0,0.0,KOL,VanEck Coal ETF
2020-09-30 00:00:00-04:00,77.93000030517578,78.44000244140625,77.91000366210938,77.91000366210938,1515,0.0,0.0,0.0,KOL,VanEck Coal ETF
2020-10-01 00:00:00-04:00,78.30999755859375,78.83000183105469,78.27999877929688,78.74169921875,1406,0.0,0.0,0.0,KOL,VanEck Coal ETF
2020-10-02 00:00:00-04:00,77.25,78.86000061035156,77.25,78.4490966796875,2831,0.0,0.0,0.0,KOL,VanEck Coal ETF
2020-10-05 00:00:00-04:00,78.20999908447266,78.57499694824219,78.20999908447266,78.38500213623047,3955,0.0,0.0,0.0,KOL,VanEck Coal ETF
2020-10-06 00:00:00-04:00,79.08999633789062,79.08999633789062,77.63999938964844,77.72039794921875,1714,0.0,0.0,0.0,KOL,VanEck Coal ETF
2020-10-07 00:00:00-04:00,78.06749725341797,78.09300231933594,78.06749725341797,78.09300231933594,630,0.0,0.0,0.0,KOL,VanEck Coal ETF
2020-10-08 00:00:00-04:00,78.23999786376953,78.23999786376953,78.05000305175781,78.0999984741211,1405,0.0,0.0,0.0,KOL,VanEck Coal ETF
2020-10-09 00:00:00-04:00,78.66999816894531,78.66999816894531,78.48660278320312,78.48999786376953,1954,0.0,0.0,0.0,KOL,VanEck Coal ETF
2020-10-12 00:00:00-04:00,78.33000183105469,78.5989990234375,78.08000183105469,78.31999969482422,1956,0.0,0.0,0.0,KOL,VanEck Coal ETF
2020-10-13 00:00:00-04:00,77.4000015258789,77.4000015258789,77.19999694824219,77.2699966430664,2301,0.0,0.0,0.0,KOL,VanEck Coal ETF
2020-10-14 00:00:00-04:00,77.44999694824219,77.48999786376953,77.24099731445312,77.48999786376953,4766,0.0,0.0,0.0,KOL,VanEck Coal ETF
2020-10-15 00:00:00-04:00,77.12999725341797,77.12999725341797,76.08999633789062,76.8311996459961,34236,0.0,0.0,0.0,KOL,VanEck Coal ETF
2020-10-16 00:00:00-04:00,77.33000183105469,77.5,76.37999725341797,77.20269775390625,19407,0.0,0.0,0.0,KOL,VanEck Coal ETF
2020-10-19 00:00:00-04:00,77.55000305175781,77.57990264892578,76.6083984375,76.6083984375,4338,0.0,0.0,0.0,KOL,VanEck Coal ETF
2020-10-20 00:00:00-04:00,77.16000366210938,77.62590026855469,77.0,77.2927017211914,2594,0.0,0.0,0.0,KOL,VanEck Coal ETF
2020-10-21 00:00:00-04:00,77.76000213623047,77.93000030517578,77.43000030517578,77.54000091552734,17027,0.0,0.0,0.0,KOL,VanEck Coal ETF
2020-10-22 00:00:00-04:00,77.29000091552734,77.29000091552734,76.37999725341797,77.185302734375,38463,0.0,0.0,0.0,KOL,VanEck Coal ETF
2020-10-23 00:00:00-04:00,76.9800033569336,77.44000244140625,76.9000015258789,77.43160247802734,26204,0.0,0.0,0.0,KOL,VanEck Coal ETF
2020-10-26 00:00:00-04:00,76.87999725341797,76.87999725341797,76.12999725341797,76.28820037841797,10072,0.0,0.0,0.0,KOL,VanEck Coal ETF
2020-10-27 00:00:00-04:00,76.0,76.0,75.23999786376953,75.41230010986328,3285,0.0,0.0,0.0,KOL,VanEck Coal ETF
2020-10-28 00:00:00-04:00,73.9000015258789,73.91999816894531,72.83999633789062,72.83999633789062,6407,0.0,0.0,0.0,KOL,VanEck Coal ETF
2020-10-29 00:00:00-04:00,72.27999877929688,73.55500030517578,71.9209976196289,73.1978988647461,35592,0.0,0.0,0.0,KOL,VanEck Coal ETF
2020-10-30 00:00:00-04:00,73.33000183105469,73.77999877929688,72.8499984741211,73.25039672851562,8919,0.0,0.0,0.0,KOL,VanEck Coal ETF
2020-11-02 00:00:00-05:00,74.02999877929688,74.4977035522461,73.8125,74.48519897460938,22563,0.0,0.0,0.0,KOL,VanEck Coal ETF
2020-11-03 00:00:00-05:00,76.58999633789062,76.99800109863281,76.02999877929688,76.70999908447266,58047,0.0,0.0,0.0,KOL,VanEck Coal ETF
2020-11-04 00:00:00-05:00,77.45999908447266,77.45999908447266,76.31999969482422,76.66000366210938,46089,0.0,0.0,0.0,KOL,VanEck Coal ETF
2020-11-05 00:00:00-05:00,77.0,78.10540008544922,77.0,77.94999694824219,30739,0.0,0.0,0.0,KOL,VanEck Coal ETF
2020-11-06 00:00:00-05:00,77.91000366210938,79.12000274658203,77.91000366210938,79.12000274658203,11338,0.0,0.0,0.0,KOL,VanEck Coal ETF
2020-11-09 00:00:00-05:00,82.06999969482422,82.54000091552734,80.97000122070312,80.97000122070312,28036,0.0,0.0,0.0,KOL,VanEck Coal ETF
2020-11-10 00:00:00-05:00,81.0,81.31999969482422,80.91000366210938,80.91000366210938,5289,0.0,0.0,0.0,KOL,VanEck Coal ETF
2020-11-11 00:00:00-05:00,81.30000305175781,82.20040130615234,81.30000305175781,82.20040130615234,4114,0.0,0.0,0.0,KOL,VanEck Coal ETF
2020-11-12 00:00:00-05:00,81.0,81.80000305175781,80.5,80.71199798583984,3882,0.0,0.0,0.0,KOL,VanEck Coal ETF
2020-11-13 00:00:00-05:00,80.69999694824219,81.73750305175781,80.69999694824219,81.73750305175781,2309,0.0,0.0,0.0,KOL,VanEck Coal ETF
2020-11-16 00:00:00-05:00,83.0,83.96920013427734,83.0,83.87220001220703,9300,0.0,0.0,0.0,KOL,VanEck Coal ETF
2020-11-17 00:00:00-05:00,84.30999755859375,84.79000091552734,84.30999755859375,84.56849670410156,5249,0.0,0.0,0.0,KOL,VanEck Coal ETF
2020-11-18 00:00:00-05:00,85.06999969482422,85.44999694824219,84.5,84.60970306396484,2293,0.0,0.0,0.0,KOL,VanEck Coal ETF
2020-11-19 00:00:00-05:00,84.81990051269531,84.86000061035156,84.37999725341797,84.86000061035156,2723,0.0,0.0,0.0,KOL,VanEck Coal ETF
2020-11-20 00:00:00-05:00,85.0,85.0,84.61000061035156,84.95999908447266,4646,0.0,0.0,0.0,KOL,VanEck Coal ETF
2020-11-23 00:00:00-05:00,86.12999725341797,87.05999755859375,86.12999725341797,86.78230285644531,7388,0.0,0.0,0.0,KOL,VanEck Coal ETF
2020-11-24 00:00:00-05:00,88.4800033569336,89.66000366210938,88.4800033569336,89.62830352783203,6498,0.0,0.0,0.0,KOL,VanEck Coal ETF
2020-11-25 00:00:00-05:00,91.2699966430664,91.33000183105469,90.93009948730469,91.33000183105469,3800,0.0,0.0,0.0,KOL,VanEck Coal ETF
2020-11-27 00:00:00-05:00,92.41000366210938,92.9000015258789,92.41000366210938,92.58209991455078,2604,0.0,0.0,0.0,KOL,VanEck Coal ETF
2020-11-30 00:00:00-05:00,91.95999908447266,91.95999908447266,89.70500183105469,89.73870086669922,11743,0.0,0.0,0.0,KOL,VanEck Coal ETF
2020-12-01 00:00:00-05:00,91.23999786376953,92.08000183105469,91.23999786376953,92.010498046875,4141,0.0,0.0,0.0,KOL,VanEck Coal ETF
2020-12-02 00:00:00-05:00,92.80999755859375,93.98999786376953,92.80999755859375,93.8499984741211,2866,0.0,0.0,0.0,KOL,VanEck Coal ETF
2020-12-03 00:00:00-05:00,94.73999786376953,95.2300033569336,94.73999786376953,94.78620147705078,22390,0.0,0.0,0.0,KOL,VanEck Coal ETF
2020-12-04 00:00:00-05:00,95.4000015258789,96.30500030517578,95.2699966430664,96.2699966430664,41113,0.0,0.0,0.0,KOL,VanEck Coal ETF
2020-12-07 00:00:00-05:00,96.31999969482422,97.0,96.31999969482422,96.44640350341797,5374,0.0,0.0,0.0,KOL,VanEck Coal ETF
2020-12-08 00:00:00-05:00,96.26000213623047,97.0999984741211,96.25,96.84549713134766,13858,0.0,0.0,0.0,KOL,VanEck Coal ETF
2020-12-09 00:00:00-05:00,97.56999969482422,97.81999969482422,96.43370056152344,97.26339721679688,18538,0.0,0.0,0.0,KOL,VanEck Coal ETF
2020-12-10 00:00:00-05:00,96.41999816894531,99.33000183105469,96.41999816894531,99.16410064697266,29967,0.0,0.0,0.0,KOL,VanEck Coal ETF
2020-12-11 00:00:00-05:00,96.0,96.0,94.60379791259766,95.0186996459961,37170,0.0,0.0,0.0,KOL,VanEck Coal ETF
2020-12-14 00:00:00-05:00,95.02999877929688,95.53170013427734,94.81999969482422,94.91999816894531,56461,0.0,0.0,0.0,KOL,VanEck Coal ETF
2020-12-15 00:00:00-05:00,94.91999816894531,94.91999816894531,94.91999816894531,94.91999816894531,0,0.0,0.0,0.0,KOL,VanEck Coal ETF
2020-12-16 00:00:00-05:00,94.91999816894531,94.91999816894531,94.91999816894531,94.91999816894531,0,0.0,0.0,0.0,KOL,VanEck Coal ETF
2020-12-17 00:00:00-05:00,94.91999816894531,94.91999816894531,94.91999816894531,94.91999816894531,0,0.0,0.0,0.0,KOL,VanEck Coal ETF
2020-12-18 00:00:00-05:00,94.91999816894531,94.91999816894531,94.91999816894531,94.91999816894531,0,0.0,0.0,0.0,KOL,VanEck Coal ETF
2020-12-21 00:00:00-05:00,94.91999816894531,94.91999816894531,94.91999816894531,94.91999816894531,0,0.0,0.0,0.0,KOL,VanEck Coal ETF
2020-12-22 00:00:00-05:00,94.91999816894531,94.91999816894531,94.91999816894531,94.91999816894531,0,0.0,0.0,0.0,KOL,VanEck Coal ETF
2020-12-23 00:00:00-05:00,94.91999816894531,94.91999816894531,94.91999816894531,94.91999816894531,0,0.0,0.0,0.0,KOL,VanEck Coal ETF
2020-12-24 00:00:00-05:00,94.91999816894531,94.91999816894531,94.91999816894531,94.91999816894531,0,0.0,0.0,0.0,KOL,VanEck Coal ETF
2020-12-28 00:00:00-05:00,94.91999816894531,94.91999816894531,94.91999816894531,94.91999816894531,0,0.0,0.0,0.0,KOL,VanEck Coal ETF
2020-12-29 00:00:00-05:00,94.91999816894531,94.91999816894531,94.91999816894531,94.91999816894531,0,0.0,0.0,0.0,KOL,VanEck Coal ETF
2020-12-30 00:00:00-05:00,94.91999816894531,94.91999816894531,94.91999816894531,94.91999816894531,0,0.0,0.0,0.0,KOL,VanEck Coal ETF
2020-12-31 00:00:00-05:00,94.91999816894531,94.91999816894531,94.91999816894531,94.91999816894531,0,0.0,0.0,0.0,KOL,VanEck Coal ETF
2021-01-04 00:00:00-05:00,94.91999816894531,94.91999816894531,94.91999816894531,94.91999816894531,0,0.0,0.0,0.0,KOL,VanEck Coal ETF
