Date,Open,High,Low,Close,Volume,Dividends,Stock Splits,Capital Gains,Ticker,Description
2014-01-02 00:00:00-05:00,25.86716395845603,25.914916921164306,25.47151774249752,25.505624771118164,20415200,0.0,0.0,0.0,XLU,Utilities Select Sector SPDR Fund
2014-01-03 00:00:00-05:00,25.546554473226692,25.57384113668945,25.314623038192185,25.42376708984375,13766800,0.0,0.0,0.0,XLU,Utilities Select Sector SPDR Fund
2014-01-06 00:00:00-05:00,25.430592968377475,25.539737043693258,25.34873556244064,25.464702606201172,11236100,0.0,0.0,0.0,XLU,Utilities Select Sector SPDR Fund
2014-01-07 00:00:00-05:00,25.567018599052247,25.71026968133804,25.48516120948887,25.68980598449707,8648200,0.0,0.0,0.0,XLU,Utilities Select Sector SPDR Fund
2014-01-08 00:00:00-05:00,25.63523906274759,25.669346096610024,25.485164991113024,25.55337905883789,14376400,0.0,0.0,0.0,XLU,Utilities Select Sector SPDR Fund
2014-01-09 00:00:00-05:00,25.642065070669936,25.71710212299764,25.512457272595096,25.703458786010742,9369300,0.0,0.0,0.0,XLU,Utilities Select Sector SPDR Fund
2014-01-10 00:00:00-05:00,25.867168081976722,26.25599659727406,25.826240681987453,26.071815490722656,26524100,0.0,0.0,0.0,XLU,Utilities Select Sector SPDR Fund
2014-01-13 00:00:00-05:00,26.05135072443142,26.078637394166265,25.778491833683123,25.80577850341797,12417000,0.0,0.0,0.0,XLU,Utilities Select Sector SPDR Fund
2014-01-14 00:00:00-05:00,25.84670226234491,25.949025958326512,25.758021899307497,25.839881896972656,7674100,0.0,0.0,0.0,XLU,Utilities Select Sector SPDR Fund
2014-01-15 00:00:00-05:00,25.819423124989026,25.914926483445633,25.76485237949998,25.792139053344727,5951900,0.0,0.0,0.0,XLU,Utilities Select Sector SPDR Fund
2014-01-16 00:00:00-05:00,25.758026074355104,25.976316834644653,25.758026074355104,25.969493865966797,8357500,0.0,0.0,0.0,XLU,Utilities Select Sector SPDR Fund
2014-01-17 00:00:00-05:00,25.976320338949265,26.024070717335533,25.901283286570717,25.962677001953125,4316300,0.0,0.0,0.0,XLU,Utilities Select Sector SPDR Fund
2014-01-21 00:00:00-05:00,26.05817642894126,26.26282126903916,26.030889756341452,26.249177932739258,5727700,0.0,0.0,0.0,XLU,Utilities Select Sector SPDR Fund
2014-01-22 00:00:00-05:00,26.262813500621473,26.358314224271805,26.201419806532037,26.276456832885742,7474700,0.0,0.0,0.0,XLU,Utilities Select Sector SPDR Fund
2014-01-23 00:00:00-05:00,26.22870840421056,26.26281543628527,26.05134767390249,26.2014217376709,9423900,0.0,0.0,0.0,XLU,Utilities Select Sector SPDR Fund
2014-01-24 00:00:00-05:00,26.153669180000154,26.303743231188633,25.908094406127926,25.90809440612793,15017600,0.0,0.0,0.0,XLU,Utilities Select Sector SPDR Fund
2014-01-27 00:00:00-05:00,25.955850530811194,26.07863794501152,25.87399312207768,25.969493865966797,8421800,0.0,0.0,0.0,XLU,Utilities Select Sector SPDR Fund
2014-01-28 00:00:00-05:00,26.03770242543322,26.07863242223212,25.935381336735315,26.06498908996582,7901600,0.0,0.0,0.0,XLU,Utilities Select Sector SPDR Fund
2014-01-29 00:00:00-05:00,25.955847001639896,26.17413513004908,25.942203668339353,26.051347732543945,11042600,0.0,0.0,0.0,XLU,Utilities Select Sector SPDR Fund
2014-01-30 00:00:00-05:00,26.09228566230544,26.487934641665937,26.09228566230544,26.453824996948242,8401900,0.0,0.0,0.0,XLU,Utilities Select Sector SPDR Fund
2014-01-31 00:00:00-05:00,26.29692510174105,26.72668103507752,26.187781026852424,26.672107696533203,14013600,0.0,0.0,0.0,XLU,Utilities Select Sector SPDR Fund
2014-02-03 00:00:00-05:00,26.726680374287913,27.020005556211434,26.42653482631498,26.460641860961914,20555400,0.0,0.0,0.0,XLU,Utilities Select Sector SPDR Fund
2014-02-04 00:00:00-05:00,26.59025517252548,26.59025517252548,26.18778583457328,26.303752899169922,10911900,0.0,0.0,0.0,XLU,Utilities Select Sector SPDR Fund
2014-02-05 00:00:00-05:00,26.249172171675347,26.290102171591904,26.099098107514394,26.18777847290039,7811200,0.0,0.0,0.0,XLU,Utilities Select Sector SPDR Fund
2014-02-06 00:00:00-05:00,26.228710797079053,26.392425606853394,26.14003042383463,26.378782272338867,10539100,0.0,0.0,0.0,XLU,Utilities Select Sector SPDR Fund
2014-02-07 00:00:00-05:00,26.460639992496986,26.54249739030942,26.358316293581627,26.52203369140625,10061000,0.0,0.0,0.0,XLU,Utilities Select Sector SPDR Fund
2014-02-10 00:00:00-05:00,26.42653369504009,26.733499595921746,26.351496660709078,26.71985626220703,7326400,0.0,0.0,0.0,XLU,Utilities Select Sector SPDR Fund
2014-02-11 00:00:00-05:00,26.726686559027463,27.0609392189957,26.678936179032,26.972261428833008,10098200,0.0,0.0,0.0,XLU,Utilities Select Sector SPDR Fund
2014-02-12 00:00:00-05:00,26.96543100663438,27.05411137448924,26.842643605666062,27.00636100769043,5818900,0.0,0.0,0.0,XLU,Utilities Select Sector SPDR Fund
2014-02-13 00:00:00-05:00,26.8972209505588,27.326976918020943,26.883577614839343,27.29969024658203,8209100,0.0,0.0,0.0,XLU,Utilities Select Sector SPDR Fund
2014-02-14 00:00:00-05:00,27.23829889102581,27.497517087698103,27.183725543431457,27.47705078125,7239400,0.0,0.0,0.0,XLU,Utilities Select Sector SPDR Fund
2014-02-18 00:00:00-05:00,27.545260033665258,27.66122446271385,27.490686700795518,27.57254409790039,9736200,0.0,0.0,0.0,XLU,Utilities Select Sector SPDR Fund
2014-02-19 00:00:00-05:00,27.552078225927126,27.715795609422948,27.354253813177873,27.415647506713867,10371700,0.0,0.0,0.0,XLU,Utilities Select Sector SPDR Fund
2014-02-20 00:00:00-05:00,27.408842278013857,27.722631283951664,27.395198938338176,27.62713050842285,9621700,0.0,0.0,0.0,XLU,Utilities Select Sector SPDR Fund
2014-02-21 00:00:00-05:00,27.647588657696506,27.91362722237716,27.63394532076411,27.661231994628906,9209700,0.0,0.0,0.0,XLU,Utilities Select Sector SPDR Fund
2014-02-24 00:00:00-05:00,27.695334871735593,27.92726636031348,27.579370428546678,27.593013763427734,7101700,0.0,0.0,0.0,XLU,Utilities Select Sector SPDR Fund
2014-02-25 00:00:00-05:00,27.64759198199269,27.811309442666115,27.511163800665724,27.558914184570312,6571100,0.0,0.0,0.0,XLU,Utilities Select Sector SPDR Fund
2014-02-26 00:00:00-05:00,27.695332884377184,27.71579918633018,27.44293771268908,27.470224380493164,9831000,0.0,0.0,0.0,XLU,Utilities Select Sector SPDR Fund
2014-02-27 00:00:00-05:00,27.43612151237168,27.593015972766118,27.313334090810773,27.40201187133789,6911400,0.0,0.0,0.0,XLU,Utilities Select Sector SPDR Fund
2014-02-28 00:00:00-05:00,27.449762650476703,27.647584500751915,27.436119315595644,27.593013763427734,8832000,0.0,0.0,0.0,XLU,Utilities Select Sector SPDR Fund
2014-03-03 00:00:00-05:00,27.483865861605413,27.565723257299485,27.27922107127039,27.320148468017578,14237200,0.0,0.0,0.0,XLU,Utilities Select Sector SPDR Fund
2014-03-04 00:00:00-05:00,27.497514965544536,27.620302385955124,27.456584958007596,27.51797866821289,9735800,0.0,0.0,0.0,XLU,Utilities Select Sector SPDR Fund
2014-03-05 00:00:00-05:00,27.47704090810047,27.545257568081553,27.30650316144702,27.333789825439453,9034600,0.0,0.0,0.0,XLU,Utilities Select Sector SPDR Fund
2014-03-06 00:00:00-05:00,27.38836697215933,27.44293770555344,27.115505498589176,27.197362899780273,13764500,0.0,0.0,0.0,XLU,Utilities Select Sector SPDR Fund
2014-03-07 00:00:00-05:00,27.09505085922778,27.279232025146484,26.958620076821248,27.279232025146484,13812400,0.0,0.0,0.0,XLU,Utilities Select Sector SPDR Fund
2014-03-10 00:00:00-04:00,27.197372362648483,27.32015980825689,27.10869456475412,27.211015701293945,10984400,0.0,0.0,0.0,XLU,Utilities Select Sector SPDR Fund
2014-03-11 00:00:00-04:00,27.245115145849404,27.28604515036697,27.013183657983284,27.135971069335938,7921000,0.0,0.0,0.0,XLU,Utilities Select Sector SPDR Fund
2014-03-12 00:00:00-04:00,27.095047756891294,27.483873750799514,27.095047756891294,27.47705078125,7798000,0.0,0.0,0.0,XLU,Utilities Select Sector SPDR Fund
2014-03-13 00:00:00-04:00,27.497515074837825,27.824947329834078,27.4565850671382,27.763553619384766,21433700,0.0,0.0,0.0,XLU,Utilities Select Sector SPDR Fund
2014-03-14 00:00:00-04:00,27.674875493237558,27.98184407050871,27.654411788819633,27.893163681030273,12816200,0.0,0.0,0.0,XLU,Utilities Select Sector SPDR Fund
2014-03-17 00:00:00-04:00,27.954547968170424,28.104622022487167,27.804473913853684,28.077335357666016,9633900,0.0,0.0,0.0,XLU,Utilities Select Sector SPDR Fund
2014-03-18 00:00:00-04:00,28.090973160207824,28.15236684286992,27.968185794883627,28.036399841308594,7974500,0.0,0.0,0.0,XLU,Utilities Select Sector SPDR Fund
2014-03-19 00:00:00-04:00,28.043233405702452,28.09098377668613,27.477046718038768,27.593013763427734,25565100,0.0,0.0,0.0,XLU,Utilities Select Sector SPDR Fund
2014-03-20 00:00:00-04:00,27.517971060636004,27.65440177917481,27.320146648864714,27.654401779174805,12603700,0.0,0.0,0.0,XLU,Utilities Select Sector SPDR Fund
2014-03-21 00:00:00-04:00,27.802291517763255,28.13933184745317,27.761023093964585,27.86419677734375,13799000,0.335,0.0,0.0,XLU,Utilities Select Sector SPDR Fund
2014-03-24 00:00:00-04:00,27.884833949901836,28.056792714826415,27.75414360927434,27.93985939025879,9994500,0.0,0.0,0.0,XLU,Utilities Select Sector SPDR Fund
2014-03-25 00:00:00-04:00,27.994887951463536,28.09806163792031,27.788537954667415,28.056793212890625,10447600,0.0,0.0,0.0,XLU,Utilities Select Sector SPDR Fund
2014-03-26 00:00:00-04:00,28.0980611391235,28.15996639945165,27.932982194170116,27.93985939025879,7816500,0.0,0.0,0.0,XLU,Utilities Select Sector SPDR Fund
2014-03-27 00:00:00-04:00,27.92609581096542,28.187473806908436,27.850436176241566,28.166839599609375,13421300,0.0,0.0,0.0,XLU,Utilities Select Sector SPDR Fund
2014-03-28 00:00:00-04:00,28.111816234716763,28.22874955129606,28.04991097861769,28.208112716674805,7701400,0.0,0.0,0.0,XLU,Utilities Select Sector SPDR Fund
2014-03-31 00:00:00-04:00,28.36632103519099,28.62769648728204,28.256267522762467,28.517642974853516,8702900,0.0,0.0,0.0,XLU,Utilities Select Sector SPDR Fund
2014-04-01 00:00:00-04:00,28.531386926680824,28.531386926680824,28.214983551322913,28.318157196044922,10137800,0.0,0.0,0.0,XLU,Utilities Select Sector SPDR Fund
2014-04-02 00:00:00-04:00,28.276899337768555,28.38007302098448,28.159966014798187,28.276899337768555,11657300,0.0,0.0,0.0,XLU,Utilities Select Sector SPDR Fund
2014-04-03 00:00:00-04:00,28.283781361747838,28.455740153676555,28.249390128138682,28.366323471069336,5476800,0.0,0.0,0.0,XLU,Utilities Select Sector SPDR Fund
2014-04-04 00:00:00-04:00,28.483251744197613,28.834046495100182,28.4213464794639,28.517642974853516,13620100,0.0,0.0,0.0,XLU,Utilities Select Sector SPDR Fund
2014-04-07 00:00:00-04:00,28.49700026244444,28.779012467929398,28.45572922363618,28.469486236572266,13384400,0.0,0.0,0.0,XLU,Utilities Select Sector SPDR Fund
2014-04-08 00:00:00-04:00,28.476364229091097,28.916578119291863,28.276891490130822,28.875307083129883,11863200,0.0,0.0,0.0,XLU,Utilities Select Sector SPDR Fund
2014-04-09 00:00:00-04:00,28.84779530412258,28.937214577491783,28.510757666155687,28.813404083251953,18121700,0.0,0.0,0.0,XLU,Utilities Select Sector SPDR Fund
2014-04-10 00:00:00-04:00,28.834039669596848,29.040392252450562,28.60705550189268,28.703351974487305,16001200,0.0,0.0,0.0,XLU,Utilities Select Sector SPDR Fund
2014-04-11 00:00:00-04:00,28.696479120892924,28.875315079355033,28.613937025711195,28.67584228515625,17823400,0.0,0.0,0.0,XLU,Utilities Select Sector SPDR Fund
2014-04-14 00:00:00-04:00,28.806542307657892,28.944109888656964,28.648340507868138,28.847810745239258,9636700,0.0,0.0,0.0,XLU,Utilities Select Sector SPDR Fund
2014-04-15 00:00:00-04:00,28.847798601317045,29.246744155883786,28.847798601317045,29.24674415588379,15025000,0.0,0.0,0.0,XLU,Utilities Select Sector SPDR Fund
2014-04-16 00:00:00-04:00,29.239866568219973,29.459976196289062,29.18484112911455,29.459976196289062,12413800,0.0,0.0,0.0,XLU,Utilities Select Sector SPDR Fund
2014-04-17 00:00:00-04:00,29.370555895108286,29.52187781535242,29.054152415464113,29.095420837402344,17989300,0.0,0.0,0.0,XLU,Utilities Select Sector SPDR Fund
2014-04-21 00:00:00-04:00,29.09542638905479,29.30177640976638,28.923467601147983,29.06103515625,11056300,0.0,0.0,0.0,XLU,Utilities Select Sector SPDR Fund
2014-04-22 00:00:00-04:00,29.109179747412753,29.129813959724967,28.916586768812007,29.10230255126953,10760800,0.0,0.0,0.0,XLU,Utilities Select Sector SPDR Fund
2014-04-23 00:00:00-04:00,29.10230324046323,29.432463764690095,29.06790938728498,29.116060256958008,17016100,0.0,0.0,0.0,XLU,Utilities Select Sector SPDR Fund
2014-04-24 00:00:00-04:00,29.13670049537236,29.39119879345075,28.978498708789406,29.315536499023438,11259300,0.0,0.0,0.0,XLU,Utilities Select Sector SPDR Fund
2014-04-25 00:00:00-04:00,29.301765825106774,29.652563095092773,29.301765825106774,29.652563095092773,16456300,0.0,0.0,0.0,XLU,Utilities Select Sector SPDR Fund
2014-04-28 00:00:00-04:00,29.611307934886963,29.845172032322797,29.549402655451495,29.79702377319336,18619800,0.0,0.0,0.0,XLU,Utilities Select Sector SPDR Fund
2014-04-29 00:00:00-04:00,29.762619889356454,29.893307590914468,29.58378132524316,29.673200607299805,17466400,0.0,0.0,0.0,XLU,Utilities Select Sector SPDR Fund
2014-04-30 00:00:00-04:00,29.652561556945198,29.920816735441864,29.652561556945198,29.721343994140625,21828200,0.0,0.0,0.0,XLU,Utilities Select Sector SPDR Fund
2014-05-01 00:00:00-04:00,29.72134712419492,29.934576900167546,29.521874361886535,29.845157623291016,18903900,0.0,0.0,0.0,XLU,Utilities Select Sector SPDR Fund
2014-05-02 00:00:00-04:00,29.638814992058222,29.68696323984306,29.102304445951322,29.23299217224121,27932100,0.0,0.0,0.0,XLU,Utilities Select Sector SPDR Fund
2014-05-05 00:00:00-04:00,29.20547551484416,29.5150018112895,29.191718499015206,29.494367599487305,14914200,0.0,0.0,0.0,XLU,Utilities Select Sector SPDR Fund
2014-05-06 00:00:00-04:00,29.439343390177584,29.54251971046069,29.32928987302092,29.349924087524414,10544700,0.0,0.0,0.0,XLU,Utilities Select Sector SPDR Fund
2014-05-07 00:00:00-04:00,29.411828904249877,29.845165769363103,29.384317493294375,29.82453155517578,13659900,0.0,0.0,0.0,XLU,Utilities Select Sector SPDR Fund
2014-05-08 00:00:00-04:00,29.817641287397183,29.838278118236815,29.439332624507525,29.501237869262695,15161100,0.0,0.0,0.0,XLU,Utilities Select Sector SPDR Fund
2014-05-09 00:00:00-04:00,29.466854845411902,29.563151336507214,29.054154848179834,29.067909240722656,12174100,0.0,0.0,0.0,XLU,Utilities Select Sector SPDR Fund
2014-05-12 00:00:00-04:00,29.12980874218401,29.16420258838735,28.76525706259084,28.79964828491211,13615700,0.0,0.0,0.0,XLU,Utilities Select Sector SPDR Fund
2014-05-13 00:00:00-04:00,28.86155508684236,29.00599980268929,28.744624399885,28.86843490600586,8628300,0.0,0.0,0.0,XLU,Utilities Select Sector SPDR Fund
2014-05-14 00:00:00-04:00,28.923457238259108,29.198592249885937,28.834037965898094,29.012876510620117,20112000,0.0,0.0,0.0,XLU,Utilities Select Sector SPDR Fund
2014-05-15 00:00:00-04:00,29.019758925148714,29.164206275370606,28.868437003028372,28.89594841003418,11562500,0.0,0.0,0.0,XLU,Utilities Select Sector SPDR Fund
2014-05-16 00:00:00-04:00,28.92346156560525,29.01288085134461,28.792773858664894,28.985366821289062,10091000,0.0,0.0,0.0,XLU,Utilities Select Sector SPDR Fund
2014-05-19 00:00:00-04:00,28.90970559601553,28.957853838412717,28.517639837134187,28.53827667236328,13459000,0.0,0.0,0.0,XLU,Utilities Select Sector SPDR Fund
2014-05-20 00:00:00-04:00,28.53827667236328,28.71711262642678,28.359438094417367,28.53827667236328,10785900,0.0,0.0,0.0,XLU,Utilities Select Sector SPDR Fund
2014-05-21 00:00:00-04:00,28.62080989223248,28.63456690475387,28.46260818405926,28.55890464782715,6903900,0.0,0.0,0.0,XLU,Utilities Select Sector SPDR Fund
2014-05-22 00:00:00-04:00,28.57266341961131,28.875309842070767,28.558906406242876,28.792770385742188,5210000,0.0,0.0,0.0,XLU,Utilities Select Sector SPDR Fund
2014-05-23 00:00:00-04:00,28.723993301391598,28.88219768715307,28.717116104737194,28.7239933013916,8909200,0.0,0.0,0.0,XLU,Utilities Select Sector SPDR Fund
2014-05-27 00:00:00-04:00,28.98537237235134,29.129817121982448,28.909710087149474,28.95098114013672,9453600,0.0,0.0,0.0,XLU,Utilities Select Sector SPDR Fund
2014-05-28 00:00:00-04:00,28.950988862049673,29.150461735534567,28.916597620662092,29.122947692871094,12528000,0.0,0.0,0.0,XLU,Utilities Select Sector SPDR Fund
2014-05-29 00:00:00-04:00,29.116056286966852,29.212352765417616,28.99224577927809,29.205472946166992,9816300,0.0,0.0,0.0,XLU,Utilities Select Sector SPDR Fund
2014-05-30 00:00:00-04:00,29.116055244478655,29.41182186460952,29.116055244478655,29.398067474365234,8278600,0.0,0.0,0.0,XLU,Utilities Select Sector SPDR Fund
2014-06-02 00:00:00-04:00,29.31553110937574,29.45997847394546,29.2605056660161,29.391193389892578,7245100,0.0,0.0,0.0,XLU,Utilities Select Sector SPDR Fund
2014-06-03 00:00:00-04:00,29.336158965836816,29.55626591965923,29.308644940638548,29.501237869262695,8003600,0.0,0.0,0.0,XLU,Utilities Select Sector SPDR Fund
2014-06-04 00:00:00-04:00,29.45309084994976,29.50811890261228,29.322403160699217,29.48748207092285,7030700,0.0,0.0,0.0,XLU,Utilities Select Sector SPDR Fund
2014-06-05 00:00:00-04:00,29.459978769250824,29.783259483950587,29.439341931886766,29.735111236572266,8414500,0.0,0.0,0.0,XLU,Utilities Select Sector SPDR Fund
2014-06-06 00:00:00-04:00,29.76262858139959,29.9001961423053,29.61130400201501,29.631940841674805,8087100,0.0,0.0,0.0,XLU,Utilities Select Sector SPDR Fund
2014-06-09 00:00:00-04:00,29.576894007404025,29.680070268610287,29.38430111862574,29.432449340820312,8497600,0.0,0.0,0.0,XLU,Utilities Select Sector SPDR Fund
2014-06-10 00:00:00-04:00,29.36366844177246,29.521870140466394,29.30176320107643,29.36366844177246,8922200,0.0,0.0,0.0,XLU,Utilities Select Sector SPDR Fund
2014-06-11 00:00:00-04:00,29.32929974842349,29.32929974842349,28.978504864334646,28.99226188659668,10300800,0.0,0.0,0.0,XLU,Utilities Select Sector SPDR Fund
2014-06-12 00:00:00-04:00,28.923461395647582,29.171082416927792,28.634571953408877,29.081663131713867,16646900,0.0,0.0,0.0,XLU,Utilities Select Sector SPDR Fund
2014-06-13 00:00:00-04:00,29.054154475935263,29.315529913021596,28.923464133509537,29.26738166809082,8416500,0.0,0.0,0.0,XLU,Utilities Select Sector SPDR Fund
2014-06-16 00:00:00-04:00,29.294891537905706,29.707591471207262,29.23986348072833,29.46685028076172,19735700,0.0,0.0,0.0,XLU,Utilities Select Sector SPDR Fund
2014-06-17 00:00:00-04:00,29.404944861661487,29.480607127910304,29.25362032916386,29.425579071044922,11426300,0.0,0.0,0.0,XLU,Utilities Select Sector SPDR Fund
2014-06-18 00:00:00-04:00,29.411826994905713,30.092784881591797,29.398072602262253,30.092784881591797,35859400,0.0,0.0,0.0,XLU,Utilities Select Sector SPDR Fund
2014-06-19 00:00:00-04:00,30.099660668389433,30.3816729342611,30.079026456507904,30.340404510498047,22215600,0.0,0.0,0.0,XLU,Utilities Select Sector SPDR Fund
2014-06-20 00:00:00-04:00,30.377876896590994,30.419498235046156,30.128138280575584,30.155887603759766,9600800,0.374,0.0,0.0,XLU,Utilities Select Sector SPDR Fund
2014-06-23 00:00:00-04:00,30.239132342792395,30.26688166544048,29.913084417480057,30.051828384399414,9380200,0.0,0.0,0.0,XLU,Utilities Select Sector SPDR Fund
2014-06-24 00:00:00-04:00,30.07956176396159,30.2391163151377,30.044876452196288,30.141996383666992,9196100,0.0,0.0,0.0,XLU,Utilities Select Sector SPDR Fund
2014-06-25 00:00:00-04:00,30.079557726093885,30.294608217962253,30.05874707109225,30.252986907958984,12141100,0.0,0.0,0.0,XLU,Utilities Select Sector SPDR Fund
2014-06-26 00:00:00-04:00,30.252995760829197,30.370926368773983,30.155875813975825,30.34317970275879,12947100,0.0,0.0,0.0,XLU,Utilities Select Sector SPDR Fund
2014-06-27 00:00:00-04:00,30.315431144820298,30.537420356386495,30.218311195550104,30.461111068725586,7691100,0.0,0.0,0.0,XLU,Utilities Select Sector SPDR Fund
2014-06-30 00:00:00-04:00,30.488862162276895,30.773286021601223,30.391742207334975,30.70391273498535,12659600,0.0,0.0,0.0,XLU,Utilities Select Sector SPDR Fund
2014-07-01 00:00:00-04:00,30.669221251513097,30.717781219225387,30.391736099774263,30.398672103881836,9817500,0.0,0.0,0.0,XLU,Utilities Select Sector SPDR Fund
2014-07-02 00:00:00-04:00,30.315428280480027,30.32930293568199,29.704956683193064,29.80901527404785,17368800,0.0,0.0,0.0,XLU,Utilities Select Sector SPDR Fund
2014-07-03 00:00:00-04:00,29.55234374163556,29.746586305078168,29.35116781875344,29.482973098754883,12201300,0.0,0.0,0.0,XLU,Utilities Select Sector SPDR Fund
2014-07-07 00:00:00-04:00,29.46909506586288,29.74658289824611,29.462159060897342,29.621713638305664,12250400,0.0,0.0,0.0,XLU,Utilities Select Sector SPDR Fund
2014-07-08 00:00:00-04:00,29.649463903468284,29.86451446647094,29.621714590074337,29.822893142700195,13318200,0.0,0.0,0.0,XLU,Utilities Select Sector SPDR Fund
2014-07-09 00:00:00-04:00,29.822891031211643,29.885325658767506,29.60089918609746,29.739643096923828,10440500,0.0,0.0,0.0,XLU,Utilities Select Sector SPDR Fund
2014-07-10 00:00:00-04:00,29.68414996911367,29.96857382275931,29.656400655021354,29.940824508666992,10440600,0.0,0.0,0.0,XLU,Utilities Select Sector SPDR Fund
2014-07-11 00:00:00-04:00,29.920011442695742,29.982446071227777,29.670272928567602,29.711896896362305,9133000,0.0,0.0,0.0,XLU,Utilities Select Sector SPDR Fund
2014-07-14 00:00:00-04:00,29.802092247985847,29.871465560366843,29.35811363403259,29.37198829650879,8306800,0.0,0.0,0.0,XLU,Utilities Select Sector SPDR Fund
2014-07-15 00:00:00-04:00,29.365038777687573,29.600899992300263,29.365038777687573,29.524593353271484,8945400,0.0,0.0,0.0,XLU,Utilities Select Sector SPDR Fund
2014-07-16 00:00:00-04:00,29.621713638305664,29.656398955773547,29.378911123390317,29.621713638305664,7493700,0.0,0.0,0.0,XLU,Utilities Select Sector SPDR Fund
2014-07-17 00:00:00-04:00,29.739643646038488,29.739643646038488,29.337289208164922,29.351163864135742,8061400,0.0,0.0,0.0,XLU,Utilities Select Sector SPDR Fund
2014-07-18 00:00:00-04:00,29.38584480001297,29.670268589212277,29.267911565002713,29.649457931518555,5215900,0.0,0.0,0.0,XLU,Utilities Select Sector SPDR Fund
2014-07-21 00:00:00-04:00,29.614774987020034,29.711897580778228,29.45522040961171,29.621713638305664,5578500,0.0,0.0,0.0,XLU,Utilities Select Sector SPDR Fund
2014-07-22 00:00:00-04:00,29.677207179780428,29.739641804623272,29.559276580810543,29.559276580810547,4683700,0.0,0.0,0.0,XLU,Utilities Select Sector SPDR Fund
2014-07-23 00:00:00-04:00,29.559277285184635,29.642522571518803,29.510717314296375,29.587026596069336,7497100,0.0,0.0,0.0,XLU,Utilities Select Sector SPDR Fund
2014-07-24 00:00:00-04:00,29.531529931804766,29.725769828233044,29.482969957697698,29.677209854125977,6040300,0.0,0.0,0.0,XLU,Utilities Select Sector SPDR Fund
2014-07-25 00:00:00-04:00,29.67719753838523,29.746570791406203,29.399712465258386,29.441333770751953,5947400,0.0,0.0,0.0,XLU,Utilities Select Sector SPDR Fund
2014-07-28 00:00:00-04:00,29.37197560313757,29.91307397426227,29.323415628617155,29.85063934326172,8606600,0.0,0.0,0.0,XLU,Utilities Select Sector SPDR Fund
2014-07-29 00:00:00-04:00,29.920020644865954,30.044889940334695,29.531538098260892,29.573162078857422,8185600,0.0,0.0,0.0,XLU,Utilities Select Sector SPDR Fund
2014-07-30 00:00:00-04:00,29.48991584479051,29.6425344695953,28.94188128960431,29.073686599731445,14749100,0.0,0.0,0.0,XLU,Utilities Select Sector SPDR Fund
2014-07-31 00:00:00-04:00,28.893307728283318,29.0806089481614,28.59500927244821,28.615819931030273,15052200,0.0,0.0,0.0,XLU,Utilities Select Sector SPDR Fund
2014-08-01 00:00:00-04:00,28.52563385709123,28.94880152526931,28.45626323614906,28.7268123626709,15537700,0.0,0.0,0.0,XLU,Utilities Select Sector SPDR Fund
2014-08-04 00:00:00-04:00,28.71987649323802,28.761497807469883,28.08859431296553,28.574193954467773,30182500,0.0,0.0,0.0,XLU,Utilities Select Sector SPDR Fund
2014-08-05 00:00:00-04:00,28.581133949078747,28.595008603248672,28.102467642335302,28.227336883544922,14765900,0.0,0.0,0.0,XLU,Utilities Select Sector SPDR Fund
2014-08-06 00:00:00-04:00,28.116350031839886,28.14409934781409,27.7972408370978,27.86661148071289,49891200,0.0,0.0,0.0,XLU,Utilities Select Sector SPDR Fund
2014-08-07 00:00:00-04:00,27.991481686468912,28.29671887968774,27.991481686468912,28.18572425842285,12588200,0.0,0.0,0.0,XLU,Utilities Select Sector SPDR Fund
2014-08-08 00:00:00-04:00,28.29671661791649,28.761505730337216,28.28977796608676,28.747631072998047,20010100,0.0,0.0,0.0,XLU,Utilities Select Sector SPDR Fund
2014-08-11 00:00:00-04:00,28.7961896918759,28.872498980480774,28.60194979093271,28.643573760986328,8570600,0.0,0.0,0.0,XLU,Utilities Select Sector SPDR Fund
2014-08-12 00:00:00-04:00,28.636633521271484,28.7615027781868,28.567262888016323,28.622758865356445,6880100,0.0,0.0,0.0,XLU,Utilities Select Sector SPDR Fund
2014-08-13 00:00:00-04:00,28.65744624950327,28.817000819823605,28.567262311037002,28.754566192626953,6793300,0.0,0.0,0.0,XLU,Utilities Select Sector SPDR Fund
2014-08-14 00:00:00-04:00,28.712955625638987,29.025128907308947,28.712955625638987,29.004318237304688,6018700,0.0,0.0,0.0,XLU,Utilities Select Sector SPDR Fund
2014-08-15 00:00:00-04:00,29.025119089501878,29.288732287780043,28.9557484487383,29.11530303955078,9713900,0.0,0.0,0.0,XLU,Utilities Select Sector SPDR Fund
2014-08-18 00:00:00-04:00,29.143044054362008,29.267913300568274,28.990428145025305,29.03898811340332,8190800,0.0,0.0,0.0,XLU,Utilities Select Sector SPDR Fund
2014-08-19 00:00:00-04:00,29.073681930171457,29.41360445455375,29.059807271388447,29.406665802001953,7718700,0.0,0.0,0.0,XLU,Utilities Select Sector SPDR Fund
2014-08-20 00:00:00-04:00,29.39278023622701,29.496838815325525,29.288724303448095,29.46908950805664,5587000,0.0,0.0,0.0,XLU,Utilities Select Sector SPDR Fund
2014-08-21 00:00:00-04:00,29.46909793391628,29.704961820501236,29.448287270674193,29.538471221923828,8549100,0.0,0.0,0.0,XLU,Utilities Select Sector SPDR Fund
2014-08-22 00:00:00-04:00,29.656400619319907,29.656400619319907,29.281792818485325,29.448286056518555,6889900,0.0,0.0,0.0,XLU,Utilities Select Sector SPDR Fund
2014-08-25 00:00:00-04:00,29.51071403881458,29.725764558502078,29.489900734801214,29.649457931518555,6878600,0.0,0.0,0.0,XLU,Utilities Select Sector SPDR Fund
2014-08-26 00:00:00-04:00,29.66333293707104,29.74658086889879,29.295663833618168,29.295663833618164,6534400,0.0,0.0,0.0,XLU,Utilities Select Sector SPDR Fund
2014-08-27 00:00:00-04:00,29.399722256443667,29.62171144740329,29.32341297586632,29.61477279663086,5242200,0.0,0.0,0.0,XLU,Utilities Select Sector SPDR Fund
2014-08-28 00:00:00-04:00,29.57315562779204,29.829830169677734,29.489907684758627,29.829830169677734,10312200,0.0,0.0,0.0,XLU,Utilities Select Sector SPDR Fund
2014-08-29 00:00:00-04:00,29.809012589885146,30.03793776430418,29.78126328197991,30.024063110351562,5856500,0.0,0.0,0.0,XLU,Utilities Select Sector SPDR Fund
2014-09-02 00:00:00-04:00,29.98244884010848,30.072630142511862,29.573155714449125,29.753520965576172,12781700,0.0,0.0,0.0,XLU,Utilities Select Sector SPDR Fund
2014-09-03 00:00:00-04:00,29.76045916208713,30.010195049138066,29.76045916208713,29.899200439453125,8467000,0.0,0.0,0.0,XLU,Utilities Select Sector SPDR Fund
2014-09-04 00:00:00-04:00,29.80208795936368,29.96858123879784,29.725778649886394,29.88533592224121,9236700,0.0,0.0,0.0,XLU,Utilities Select Sector SPDR Fund
2014-09-05 00:00:00-04:00,29.989380496367897,30.273804312183152,29.906135211483406,30.259929656982422,9054200,0.0,0.0,0.0,XLU,Utilities Select Sector SPDR Fund
2014-09-08 00:00:00-04:00,30.287681508397554,30.287681508397554,29.940823038238936,30.079566955566406,6788400,0.0,0.0,0.0,XLU,Utilities Select Sector SPDR Fund
2014-09-09 00:00:00-04:00,29.99630960552386,30.003245607757986,29.684136578607074,29.732696533203125,13414500,0.0,0.0,0.0,XLU,Utilities Select Sector SPDR Fund
2014-09-10 00:00:00-04:00,29.670279667484685,29.767399634744173,29.503786404810825,29.600906372070312,10540400,0.0,0.0,0.0,XLU,Utilities Select Sector SPDR Fund
2014-09-11 00:00:00-04:00,29.628650132219782,29.899199317782134,29.552340844739092,29.85063934326172,9360500,0.0,0.0,0.0,XLU,Utilities Select Sector SPDR Fund
2014-09-12 00:00:00-04:00,29.68414860087482,29.72576992377459,29.247106186186386,29.316476821899414,17442500,0.0,0.0,0.0,XLU,Utilities Select Sector SPDR Fund
2014-09-15 00:00:00-04:00,29.44135112579919,29.573159061077494,29.316481843072683,29.406665802001953,10828200,0.0,0.0,0.0,XLU,Utilities Select Sector SPDR Fund
2014-09-16 00:00:00-04:00,29.4135980505597,29.857576449669732,29.378910087994225,29.781267166137695,12227800,0.0,0.0,0.0,XLU,Utilities Select Sector SPDR Fund
2014-09-17 00:00:00-04:00,29.843702295770566,29.93388623658136,29.57315311965823,29.72576904296875,15543400,0.0,0.0,0.0,XLU,Utilities Select Sector SPDR Fund
2014-09-18 00:00:00-04:00,29.753517247048112,29.82982652902192,29.40665879903623,29.510717391967773,12497600,0.0,0.0,0.0,XLU,Utilities Select Sector SPDR Fund
2014-09-19 00:00:00-04:00,29.63670844818837,29.80470230142792,29.552712856654452,29.776702880859375,9657400,0.38,0.0,0.0,XLU,Utilities Select Sector SPDR Fund
2014-09-22 00:00:00-04:00,29.699719767415342,29.73471772448822,29.489729354805096,29.55272674560547,12310700,0.0,0.0,0.0,XLU,Utilities Select Sector SPDR Fund
2014-09-23 00:00:00-04:00,29.552715845273482,29.58771378943759,29.384721975044982,29.468717575073242,9807900,0.0,0.0,0.0,XLU,Utilities Select Sector SPDR Fund
2014-09-24 00:00:00-04:00,29.475718778358075,29.517715243303808,29.26572844311346,29.363723754882812,8346800,0.0,0.0,0.0,XLU,Utilities Select Sector SPDR Fund
2014-09-25 00:00:00-04:00,29.377726174759317,29.468720303977975,29.181732862981082,29.18873405456543,9645200,0.0,0.0,0.0,XLU,Utilities Select Sector SPDR Fund
2014-09-26 00:00:00-04:00,29.160732260288686,29.349724365133614,28.978741346459504,29.230728149414062,6809700,0.0,0.0,0.0,XLU,Utilities Select Sector SPDR Fund
2014-09-29 00:00:00-04:00,29.167732118711204,29.44072250723184,29.076737992709795,29.419721603393555,5575000,0.0,0.0,0.0,XLU,Utilities Select Sector SPDR Fund
2014-09-30 00:00:00-04:00,29.45471908517093,29.77670442792295,29.363722298681235,29.46171760559082,11610400,0.0,0.0,0.0,XLU,Utilities Select Sector SPDR Fund
2014-10-01 00:00:00-04:00,29.587710113891653,29.909695432477868,29.482713624270577,29.629709243774414,17635700,0.0,0.0,0.0,XLU,Utilities Select Sector SPDR Fund
2014-10-02 00:00:00-04:00,29.608724834568278,29.811716736802143,29.53872891595053,29.587726593017578,13244700,0.0,0.0,0.0,XLU,Utilities Select Sector SPDR Fund
2014-10-03 00:00:00-04:00,29.587710797279275,29.82570053176847,29.405717233755457,29.776702880859375,9176200,0.0,0.0,0.0,XLU,Utilities Select Sector SPDR Fund
2014-10-06 00:00:00-04:00,29.811700821484198,29.944694063927212,29.64370696824465,29.776702880859375,5522100,0.0,0.0,0.0,XLU,Utilities Select Sector SPDR Fund
2014-10-07 00:00:00-04:00,29.783708355709916,30.06369728643215,29.664714795764986,29.734710693359375,12225800,0.0,0.0,0.0,XLU,Utilities Select Sector SPDR Fund
2014-10-08 00:00:00-04:00,29.78371222733129,30.441685499007587,29.734714558611483,30.40668487548828,17576500,0.0,0.0,0.0,XLU,Utilities Select Sector SPDR Fund
2014-10-09 00:00:00-04:00,30.434683410997813,30.56767669787205,29.888707878366883,29.909706115722656,15774100,0.0,0.0,0.0,XLU,Utilities Select Sector SPDR Fund
2014-10-10 00:00:00-04:00,29.979696268958833,30.336679554590127,29.979696268958833,30.049692153930664,18274400,0.0,0.0,0.0,XLU,Utilities Select Sector SPDR Fund
2014-10-13 00:00:00-04:00,30.1126871480902,30.434672465889822,30.007690658725622,30.021690368652344,17113500,0.0,0.0,0.0,XLU,Utilities Select Sector SPDR Fund
2014-10-14 00:00:00-04:00,30.11969105628876,30.65166944798685,30.0216957394423,30.2946834564209,22008500,0.0,0.0,0.0,XLU,Utilities Select Sector SPDR Fund
2014-10-15 00:00:00-04:00,30.210687303262812,30.51167443963677,29.328726797492376,29.895700454711914,22855700,0.0,0.0,0.0,XLU,Utilities Select Sector SPDR Fund
2014-10-16 00:00:00-04:00,29.601716845032854,29.986699614670787,29.356725867865237,29.923702239990234,20875600,0.0,0.0,0.0,XLU,Utilities Select Sector SPDR Fund
2014-10-17 00:00:00-04:00,30.056687090183786,30.15468505569896,29.66470590880923,30.09868621826172,15615700,0.0,0.0,0.0,XLU,Utilities Select Sector SPDR Fund
2014-10-20 00:00:00-04:00,30.18969282632413,30.5396776637769,30.07069659310054,30.5186767578125,10474300,0.0,0.0,0.0,XLU,Utilities Select Sector SPDR Fund
2014-10-21 00:00:00-04:00,30.588672631376788,30.67266823731396,30.420678749330275,30.62367057800293,10088000,0.0,0.0,0.0,XLU,Utilities Select Sector SPDR Fund
2014-10-22 00:00:00-04:00,30.588670172675453,31.05064997345446,30.581668981809678,30.812660217285156,13948600,0.0,0.0,0.0,XLU,Utilities Select Sector SPDR Fund
2014-10-23 00:00:00-04:00,30.896659399510785,31.064653287536043,30.75666493785178,30.86865997314453,9462500,0.0,0.0,0.0,XLU,Utilities Select Sector SPDR Fund
2014-10-24 00:00:00-04:00,30.917653935295192,31.260640191817195,30.882655991610566,31.16964340209961,10616500,0.0,0.0,0.0,XLU,Utilities Select Sector SPDR Fund
2014-10-27 00:00:00-04:00,31.16265062232526,31.3166448071133,31.02265615162453,31.099653244018555,8312800,0.0,0.0,0.0,XLU,Utilities Select Sector SPDR Fund
2014-10-28 00:00:00-04:00,31.134635886307404,31.330626446823054,30.945643844308258,31.31662940979004,10774100,0.0,0.0,0.0,XLU,Utilities Select Sector SPDR Fund
2014-10-29 00:00:00-04:00,31.337631514318776,31.44962651564289,30.81965296433758,31.134639739990234,15307700,0.0,0.0,0.0,XLU,Utilities Select Sector SPDR Fund
2014-10-30 00:00:00-04:00,31.169649464675377,31.84162239691158,31.15564975044416,31.820621490478516,33867400,0.0,0.0,0.0,XLU,Utilities Select Sector SPDR Fund
2014-10-31 00:00:00-04:00,31.897613535168922,31.939612671215297,31.56862697823575,31.827617645263672,16098900,0.0,0.0,0.0,XLU,Utilities Select Sector SPDR Fund
2014-11-03 00:00:00-05:00,31.86262049317639,32.13560824405457,31.82762254283835,32.03761291503906,13128500,0.0,0.0,0.0,XLU,Utilities Select Sector SPDR Fund
2014-11-04 00:00:00-05:00,32.05161298556403,32.21260569504693,31.715627852272846,31.869619369506836,15186200,0.0,0.0,0.0,XLU,Utilities Select Sector SPDR Fund
2014-11-05 00:00:00-05:00,31.84861137567926,32.625577926577144,31.84861137567926,32.590579986572266,21545100,0.0,0.0,0.0,XLU,Utilities Select Sector SPDR Fund
2014-11-06 00:00:00-05:00,32.54859046645738,32.54859046645738,31.848620779006684,32.03761291503906,37091100,0.0,0.0,0.0,XLU,Utilities Select Sector SPDR Fund
2014-11-07 00:00:00-05:00,32.12160290611681,32.38059089748233,32.0096078825394,32.373592376708984,11787000,0.0,0.0,0.0,XLU,Utilities Select Sector SPDR Fund
2014-11-10 00:00:00-05:00,32.33158844615767,32.56957816973272,32.219593439191264,32.53458023071289,9434900,0.0,0.0,0.0,XLU,Utilities Select Sector SPDR Fund
2014-11-11 00:00:00-05:00,32.527594875290205,32.590592259090336,32.2966035779655,32.41559982299805,5563000,0.0,0.0,0.0,XLU,Utilities Select Sector SPDR Fund
2014-11-12 00:00:00-05:00,32.45758842865557,32.45758842865557,31.70162267652807,31.848615646362305,18059400,0.0,0.0,0.0,XLU,Utilities Select Sector SPDR Fund
2014-11-13 00:00:00-05:00,31.890613430207775,32.02360668249066,31.498629523761306,31.58962631225586,15116300,0.0,0.0,0.0,XLU,Utilities Select Sector SPDR Fund
2014-11-14 00:00:00-05:00,31.512629552631722,31.610624862687853,31.386634819653285,31.45663070678711,7847800,0.0,0.0,0.0,XLU,Utilities Select Sector SPDR Fund
2014-11-17 00:00:00-05:00,31.491637763412058,31.92561822680827,31.407639477459902,31.869619369506836,8562400,0.0,0.0,0.0,XLU,Utilities Select Sector SPDR Fund
2014-11-18 00:00:00-05:00,31.94660209861015,32.12159444373415,31.764611234556554,31.960601806640625,6686700,0.0,0.0,0.0,XLU,Utilities Select Sector SPDR Fund
2014-11-19 00:00:00-05:00,31.876620999601897,32.023613996778494,31.722626810080214,31.9326171875,12133400,0.0,0.0,0.0,XLU,Utilities Select Sector SPDR Fund
2014-11-20 00:00:00-05:00,31.83462187831815,32.01661549700245,31.72962802462107,31.862621307373047,8315100,0.0,0.0,0.0,XLU,Utilities Select Sector SPDR Fund
2014-11-21 00:00:00-05:00,32.002614750086565,32.14960774262406,31.701627572887435,31.988615036010742,14876700,0.0,0.0,0.0,XLU,Utilities Select Sector SPDR Fund
2014-11-24 00:00:00-05:00,32.03060372736396,32.079604049812666,31.687620161425514,31.722618103027344,11731300,0.0,0.0,0.0,XLU,Utilities Select Sector SPDR Fund
2014-11-25 00:00:00-05:00,31.736617813702434,31.778616945727705,31.526627493919662,31.722618103027344,13110600,0.0,0.0,0.0,XLU,Utilities Select Sector SPDR Fund
2014-11-26 00:00:00-05:00,31.70862711774364,31.96061663889266,31.70862711774364,31.862621307373047,6826500,0.0,0.0,0.0,XLU,Utilities Select Sector SPDR Fund
2014-11-28 00:00:00-05:00,31.89061889246216,32.34559757252029,31.89061889246216,32.198604583740234,7794600,0.0,0.0,0.0,XLU,Utilities Select Sector SPDR Fund
2014-12-01 00:00:00-05:00,32.13560954662011,32.52759354874303,31.939618880644936,32.26160430908203,19175300,0.0,0.0,0.0,XLU,Utilities Select Sector SPDR Fund
2014-12-02 00:00:00-05:00,32.205597737508164,32.576583413767636,32.065605964007,32.47858810424805,13333100,0.0,0.0,0.0,XLU,Utilities Select Sector SPDR Fund
2014-12-03 00:00:00-05:00,32.499575856372026,32.51357556324216,32.19858883409183,32.38758087158203,8177500,0.0,0.0,0.0,XLU,Utilities Select Sector SPDR Fund
2014-12-04 00:00:00-05:00,32.37358451666927,32.5275786380142,32.21259187625017,32.35958480834961,13866600,0.0,0.0,0.0,XLU,Utilities Select Sector SPDR Fund
2014-12-05 00:00:00-05:00,32.030607896818864,32.24759943527108,31.94661229200633,32.10760498046875,17074400,0.0,0.0,0.0,XLU,Utilities Select Sector SPDR Fund
2014-12-08 00:00:00-05:00,32.107613109799914,32.492595955351064,32.1006145868653,32.36660385131836,12106000,0.0,0.0,0.0,XLU,Utilities Select Sector SPDR Fund
2014-12-09 00:00:00-05:00,32.17759931994029,32.60458114947245,32.17759931994029,32.527584075927734,10511600,0.0,0.0,0.0,XLU,Utilities Select Sector SPDR Fund
2014-12-10 00:00:00-05:00,32.51358886160928,32.75157863539949,32.10760520683744,32.121604919433594,9414400,0.0,0.0,0.0,XLU,Utilities Select Sector SPDR Fund
2014-12-11 00:00:00-05:00,32.023603820754815,32.69557388303765,31.778615569976182,32.44358444213867,9716800,0.0,0.0,0.0,XLU,Utilities Select Sector SPDR Fund
2014-12-12 00:00:00-05:00,32.366596112603794,32.62558412202651,32.13560485839844,32.13560485839844,10963100,0.0,0.0,0.0,XLU,Utilities Select Sector SPDR Fund
2014-12-15 00:00:00-05:00,32.21260616004168,32.331599728266205,31.69462740321619,31.862621307373047,11037100,0.0,0.0,0.0,XLU,Utilities Select Sector SPDR Fund
2014-12-16 00:00:00-05:00,31.81360985040076,32.33858690182595,31.589619855406387,31.83460807800293,14841700,0.0,0.0,0.0,XLU,Utilities Select Sector SPDR Fund
2014-12-17 00:00:00-05:00,31.93961620243779,32.47859315884769,31.8766188264893,32.40159606933594,18697400,0.0,0.0,0.0,XLU,Utilities Select Sector SPDR Fund
2014-12-18 00:00:00-05:00,32.548576047079834,33.052554853231356,32.41558282664374,33.03855514526367,14663700,0.0,0.0,0.0,XLU,Utilities Select Sector SPDR Fund
2014-12-19 00:00:00-05:00,33.16356872476546,33.311871944650946,32.916396691622985,33.09294891357422,17982000,0.417,0.0,0.0,XLU,Utilities Select Sector SPDR Fund
2014-12-22 00:00:00-05:00,33.18475219515067,33.20593759675878,32.895206699291386,33.17768859863281,11300700,0.0,0.0,0.0,XLU,Utilities Select Sector SPDR Fund
2014-12-23 00:00:00-05:00,32.987007325111286,33.43898045652198,32.987007325111286,33.262428283691406,9581100,0.0,0.0,0.0,XLU,Utilities Select Sector SPDR Fund
2014-12-24 00:00:00-05:00,33.19181151435764,33.96157916574739,33.19181151435764,33.876834869384766,14412400,0.0,0.0,0.0,XLU,Utilities Select Sector SPDR Fund
2014-12-26 00:00:00-05:00,33.862717537518066,34.43474502649236,33.862717537518066,34.286441802978516,19854100,0.0,0.0,0.0,XLU,Utilities Select Sector SPDR Fund
2014-12-29 00:00:00-05:00,34.30762547389083,34.83728208433932,34.28643737757136,34.681915283203125,24520900,0.0,0.0,0.0,XLU,Utilities Select Sector SPDR Fund
2014-12-30 00:00:00-05:00,34.65366261014244,34.66072620615766,33.91214397292425,33.961578369140625,13015400,0.0,0.0,0.0,XLU,Utilities Select Sector SPDR Fund
2014-12-31 00:00:00-05:00,34.04632459556107,34.10282259099879,33.304805916263504,33.3471794128418,15156500,0.0,0.0,0.0,XLU,Utilities Select Sector SPDR Fund
2015-01-02 00:00:00-05:00,33.6649644369355,33.6649644369355,33.128247058095454,33.50253677368164,16914700,0.0,0.0,0.0,XLU,Utilities Select Sector SPDR Fund
2015-01-05 00:00:00-05:00,33.61554198192491,33.61554198192491,32.944645693688734,33.09294891357422,23911800,0.0,0.0,0.0,XLU,Utilities Select Sector SPDR Fund
2015-01-06 00:00:00-05:00,33.107063396702394,33.700278790715714,33.09293889994347,33.1141242980957,19393700,0.0,0.0,0.0,XLU,Utilities Select Sector SPDR Fund
2015-01-07 00:00:00-05:00,33.31893352139501,33.580230039723,33.05057340599244,33.438987731933594,14322300,0.0,0.0,0.0,XLU,Utilities Select Sector SPDR Fund
2015-01-08 00:00:00-05:00,33.63673293808429,33.799160672801776,33.551985924687344,33.67204284667969,14027700,0.0,0.0,0.0,XLU,Utilities Select Sector SPDR Fund
2015-01-09 00:00:00-05:00,33.67909757004572,33.76384456788996,33.28362235599731,33.460174560546875,8922700,0.0,0.0,0.0,XLU,Utilities Select Sector SPDR Fund
2015-01-12 00:00:00-05:00,33.49549302686743,33.60848635891063,33.16357393537708,33.38249969482422,10875000,0.0,0.0,0.0,XLU,Utilities Select Sector SPDR Fund
2015-01-13 00:00:00-05:00,33.559029394327034,33.99687792503286,33.304793894571475,33.47428512573242,15979500,0.0,0.0,0.0,XLU,Utilities Select Sector SPDR Fund
2015-01-14 00:00:00-05:00,33.47430181950434,33.8132817569052,33.25537609798641,33.76384735107422,15463000,0.0,0.0,0.0,XLU,Utilities Select Sector SPDR Fund
2015-01-15 00:00:00-05:00,33.82032639330059,34.123996279615255,33.72145762919289,34.032188415527344,14540200,0.0,0.0,0.0,XLU,Utilities Select Sector SPDR Fund
2015-01-16 00:00:00-05:00,34.0251379537883,34.349993333793705,33.926269159349495,34.33586883544922,12988700,0.0,0.0,0.0,XLU,Utilities Select Sector SPDR Fund
2015-01-20 00:00:00-05:00,34.43473795440732,34.540670346003,34.08869717061033,34.420616149902344,11238800,0.0,0.0,0.0,XLU,Utilities Select Sector SPDR Fund
2015-01-21 00:00:00-05:00,34.385300300562605,34.80196353729114,34.09575484412226,34.75252914428711,13822200,0.0,0.0,0.0,XLU,Utilities Select Sector SPDR Fund
2015-01-22 00:00:00-05:00,34.84434005769762,34.94320885230026,34.35705698688208,34.60422897338867,17531100,0.0,0.0,0.0,XLU,Utilities Select Sector SPDR Fund
2015-01-23 00:00:00-05:00,34.71721897945251,34.87258575281712,34.590101200149164,34.703094482421875,7095300,0.0,0.0,0.0,XLU,Utilities Select Sector SPDR Fund
2015-01-26 00:00:00-05:00,34.67485168643903,34.710164282313855,34.36412077813946,34.681915283203125,8129100,0.0,0.0,0.0,XLU,Utilities Select Sector SPDR Fund
2015-01-27 00:00:00-05:00,34.59717503920541,34.914966887583454,34.52655253314229,34.731353759765625,8746000,0.0,0.0,0.0,XLU,Utilities Select Sector SPDR Fund
2015-01-28 00:00:00-05:00,34.752532641883924,35.15507142198508,34.342932959488294,34.43473815917969,13695300,0.0,0.0,0.0,XLU,Utilities Select Sector SPDR Fund
2015-01-29 00:00:00-05:00,34.349987342014295,34.957327195023986,34.236994068940774,34.893768310546875,12044800,0.0,0.0,0.0,XLU,Utilities Select Sector SPDR Fund
2015-01-30 00:00:00-05:00,34.85139846711049,34.85139846711049,34.08163087194081,34.12400436401367,14915900,0.0,0.0,0.0,XLU,Utilities Select Sector SPDR Fund
2015-02-02 00:00:00-05:00,34.116951857783064,34.3994337925311,33.76384741886822,34.272315979003906,22399300,0.0,0.0,0.0,XLU,Utilities Select Sector SPDR Fund
2015-02-03 00:00:00-05:00,34.208756419334776,34.519490043791976,34.0533923010792,34.39943313598633,16159500,0.0,0.0,0.0,XLU,Utilities Select Sector SPDR Fund
2015-02-04 00:00:00-05:00,34.30055968248422,34.46298737601912,33.89802089981671,33.982765197753906,13859000,0.0,0.0,0.0,XLU,Utilities Select Sector SPDR Fund
2015-02-05 00:00:00-05:00,34.081630414673306,34.36411497009086,33.88389284226444,34.293495178222656,13165300,0.0,0.0,0.0,XLU,Utilities Select Sector SPDR Fund
2015-02-06 00:00:00-05:00,34.07457640762202,34.145196213779215,32.67628323272071,32.88108444213867,32184200,0.0,0.0,0.0,XLU,Utilities Select Sector SPDR Fund
2015-02-09 00:00:00-05:00,32.81046048131071,33.0435106804055,32.43617067618941,32.59153747558594,19742200,0.0,0.0,0.0,XLU,Utilities Select Sector SPDR Fund
2015-02-10 00:00:00-05:00,32.563283187906855,33.31186267656618,32.520909696597464,33.262428283691406,20891100,0.0,0.0,0.0,XLU,Utilities Select Sector SPDR Fund
2015-02-11 00:00:00-05:00,33.12825860056211,33.12825860056211,32.46442322023635,32.54210662841797,19543100,0.0,0.0,0.0,XLU,Utilities Select Sector SPDR Fund
2015-02-12 00:00:00-05:00,32.605657102283566,32.633906099190376,32.28080171977311,32.393795013427734,20582000,0.0,0.0,0.0,XLU,Utilities Select Sector SPDR Fund
2015-02-13 00:00:00-05:00,32.32317333445713,32.372607729181475,31.645213611975496,31.899446487426758,32654300,0.0,0.0,0.0,XLU,Utilities Select Sector SPDR Fund
2015-02-17 00:00:00-05:00,31.80058568502244,32.20312453972097,31.588723555282133,31.87120819091797,26373700,0.0,0.0,0.0,XLU,Utilities Select Sector SPDR Fund
2015-02-18 00:00:00-05:00,31.850018759661936,32.66922093596535,31.79352345128223,32.62685012817383,32104000,0.0,0.0,0.0,XLU,Utilities Select Sector SPDR Fund
2015-02-19 00:00:00-05:00,32.55623094185027,32.64803885803974,32.14663115895771,32.25962448120117,14286400,0.0,0.0,0.0,XLU,Utilities Select Sector SPDR Fund
2015-02-20 00:00:00-05:00,32.372598768281605,32.372598768281605,31.850003276459645,32.266666412353516,13870100,0.0,0.0,0.0,XLU,Utilities Select Sector SPDR Fund
2015-02-23 00:00:00-05:00,32.323168047886014,32.506781099121206,32.23136017528241,32.485595703125,8988500,0.0,0.0,0.0,XLU,Utilities Select Sector SPDR Fund
2015-02-24 00:00:00-05:00,32.52797803686473,32.90226783579059,32.38673573920333,32.72571563720703,14332500,0.0,0.0,0.0,XLU,Utilities Select Sector SPDR Fund
2015-02-25 00:00:00-05:00,32.69746769242796,32.725716691665006,32.153686579992666,32.18899917602539,11891900,0.0,0.0,0.0,XLU,Utilities Select Sector SPDR Fund
2015-02-26 00:00:00-05:00,32.34435782877116,32.34435782877116,31.90650919033472,31.977128982543945,14258900,0.0,0.0,0.0,XLU,Utilities Select Sector SPDR Fund
2015-02-27 00:00:00-05:00,31.970063412955422,32.05480769002744,31.7935112642384,31.941814422607422,12484400,0.0,0.0,0.0,XLU,Utilities Select Sector SPDR Fund
2015-03-02 00:00:00-05:00,31.920638601079727,31.920638601079727,31.10849739579972,31.327423095703125,27530000,0.0,0.0,0.0,XLU,Utilities Select Sector SPDR Fund
2015-03-03 00:00:00-05:00,31.306232945400563,31.553404912663915,31.11555627323781,31.518095016479492,18556800,0.0,0.0,0.0,XLU,Utilities Select Sector SPDR Fund
2015-03-04 00:00:00-05:00,31.44747480118367,31.44747480118367,31.235612714804677,31.34154510498047,12062000,0.0,0.0,0.0,XLU,Utilities Select Sector SPDR Fund
2015-03-05 00:00:00-05:00,31.419226021457856,31.72995687738389,31.419226021457856,31.588714599609375,11557900,0.0,0.0,0.0,XLU,Utilities Select Sector SPDR Fund
2015-03-06 00:00:00-05:00,31.080241724009948,31.15792510710252,30.522338933928438,30.642393112182617,26797000,0.0,0.0,0.0,XLU,Utilities Select Sector SPDR Fund
2015-03-09 00:00:00-04:00,30.720076083331872,30.85425475616471,30.635331800172825,30.698890686035156,13030100,0.0,0.0,0.0,XLU,Utilities Select Sector SPDR Fund
2015-03-10 00:00:00-04:00,30.61414411942673,31.009621936092458,30.557648827887185,30.642393112182617,13622000,0.0,0.0,0.0,XLU,Utilities Select Sector SPDR Fund
2015-03-11 00:00:00-04:00,30.536469993318427,30.818951899672676,30.374039597048046,30.44466209411621,9988200,0.0,0.0,0.0,XLU,Utilities Select Sector SPDR Fund
2015-03-12 00:00:00-04:00,30.64946807068914,31.150875755128673,30.607094565845276,31.023757934570312,17079000,0.0,0.0,0.0,XLU,Utilities Select Sector SPDR Fund
2015-03-13 00:00:00-04:00,30.981384179089538,30.981384179089538,30.423481186678135,30.705963134765625,13984100,0.0,0.0,0.0,XLU,Utilities Select Sector SPDR Fund
2015-03-16 00:00:00-04:00,30.931935334272353,31.461591770455005,30.88250094907973,31.235605239868164,12807900,0.0,0.0,0.0,XLU,Utilities Select Sector SPDR Fund
2015-03-17 00:00:00-04:00,31.150864498409888,31.36978745939315,31.08024201585702,31.186174392700195,9188400,0.0,0.0,0.0,XLU,Utilities Select Sector SPDR Fund
2015-03-18 00:00:00-04:00,31.179132066811654,32.2243211855291,31.08732413178326,32.026580810546875,23726500,0.0,0.0,0.0,XLU,Utilities Select Sector SPDR Fund
2015-03-19 00:00:00-04:00,31.850013682818595,32.23843065214799,31.64521519186708,31.72995948791504,13161500,0.0,0.0,0.0,XLU,Utilities Select Sector SPDR Fund
2015-03-20 00:00:00-04:00,31.9869056261412,32.107907797329524,31.680844664833224,32.015377044677734,13879200,0.351,0.0,0.0,XLU,Utilities Select Sector SPDR Fund
2015-03-23 00:00:00-04:00,31.994023494446363,32.1862014887196,31.922844951094902,32.03672790527344,10260200,0.0,0.0,0.0,XLU,Utilities Select Sector SPDR Fund
2015-03-24 00:00:00-04:00,32.02248721952677,32.18619375713477,31.60254341777298,31.680835723876953,10629300,0.0,0.0,0.0,XLU,Utilities Select Sector SPDR Fund
2015-03-25 00:00:00-04:00,31.752012608247313,31.894366938209796,31.282245219999222,31.31071662902832,14157900,0.0,0.0,0.0,XLU,Utilities Select Sector SPDR Fund
2015-03-26 00:00:00-04:00,31.232440093052205,31.438851142695857,30.95485047871711,31.047378540039062,12700100,0.0,0.0,0.0,XLU,Utilities Select Sector SPDR Fund
2015-03-27 00:00:00-04:00,31.104303248472352,31.4174806048827,31.011772525939485,31.232421875,6778400,0.0,0.0,0.0,XLU,Utilities Select Sector SPDR Fund
2015-03-30 00:00:00-04:00,31.40325673714894,31.73778913419864,31.225314434919788,31.61678695678711,8477500,0.0,0.0,0.0,XLU,Utilities Select Sector SPDR Fund
2015-03-31 00:00:00-04:00,31.524263634193165,31.915736214669526,31.389025726534168,31.623910903930664,10209700,0.0,0.0,0.0,XLU,Utilities Select Sector SPDR Fund
2015-04-01 00:00:00-04:00,31.53136830275107,31.737781978442012,31.154131575937818,31.65237045288086,17289700,0.0,0.0,0.0,XLU,Utilities Select Sector SPDR Fund
2015-04-02 00:00:00-04:00,31.60255630820597,31.851674463748175,31.56696567297058,31.709320068359375,11268600,0.0,0.0,0.0,XLU,Utilities Select Sector SPDR Fund
2015-04-06 00:00:00-04:00,31.844546077716277,32.342782202800905,31.808955455767453,32.150604248046875,12495100,0.0,0.0,0.0,XLU,Utilities Select Sector SPDR Fund
2015-04-07 00:00:00-04:00,32.143495773826494,32.157731483121744,31.759139768406577,31.780494689941406,6920000,0.0,0.0,0.0,XLU,Utilities Select Sector SPDR Fund
2015-04-08 00:00:00-04:00,31.780496150145023,31.823200564808968,31.52425880142519,31.687965393066406,8958000,0.0,0.0,0.0,XLU,Utilities Select Sector SPDR Fund
2015-04-09 00:00:00-04:00,31.67373193805889,31.6879676490217,31.3605544424298,31.552732467651367,11409100,0.0,0.0,0.0,XLU,Utilities Select Sector SPDR Fund
2015-04-10 00:00:00-04:00,31.666624852757444,31.915743080693915,31.524270416000157,31.78762435913086,9270700,0.0,0.0,0.0,XLU,Utilities Select Sector SPDR Fund
2015-04-13 00:00:00-04:00,31.723555869875604,31.787615212224015,31.445966291427247,31.474437713623047,8476400,0.0,0.0,0.0,XLU,Utilities Select Sector SPDR Fund
2015-04-14 00:00:00-04:00,31.55274058606214,31.737799445825186,31.46020979858815,31.631032943725586,11025600,0.0,0.0,0.0,XLU,Utilities Select Sector SPDR Fund
2015-04-15 00:00:00-04:00,31.71643928148016,31.986909646016194,31.666615650371718,31.709320068359375,9681100,0.0,0.0,0.0,XLU,Utilities Select Sector SPDR Fund
2015-04-16 00:00:00-04:00,31.60255486481758,31.638142783243307,31.239551037396463,31.502904891967773,13567900,0.0,0.0,0.0,XLU,Utilities Select Sector SPDR Fund
2015-04-17 00:00:00-04:00,31.367676336668907,31.645265960238323,31.28226477138248,31.389028549194336,8500500,0.0,0.0,0.0,XLU,Utilities Select Sector SPDR Fund
2015-04-20 00:00:00-04:00,31.51714054042291,32.107910302828365,31.495788332446274,31.858789443969727,9269400,0.0,0.0,0.0,XLU,Utilities Select Sector SPDR Fund
2015-04-21 00:00:00-04:00,31.858791314340554,32.10079297462503,31.460202261060907,31.574085235595703,11699100,0.0,0.0,0.0,XLU,Utilities Select Sector SPDR Fund
2015-04-22 00:00:00-04:00,31.66661305185837,31.723553176230915,31.43884440881608,31.638141632080078,8748300,0.0,0.0,0.0,XLU,Utilities Select Sector SPDR Fund
2015-04-23 00:00:00-04:00,31.531369470046766,31.972665536163586,31.531369470046766,31.816078186035156,9218200,0.0,0.0,0.0,XLU,Utilities Select Sector SPDR Fund
2015-04-24 00:00:00-04:00,31.816086347784175,32.35702978870955,31.737791295043237,32.136383056640625,14541200,0.0,0.0,0.0,XLU,Utilities Select Sector SPDR Fund
2015-04-27 00:00:00-04:00,32.22180286260867,32.271626506175295,31.652387853857956,31.75203514099121,10506600,0.0,0.0,0.0,XLU,Utilities Select Sector SPDR Fund
2015-04-28 00:00:00-04:00,31.61677838584772,31.986898599971173,31.50289545190076,31.979782104492188,9747800,0.0,0.0,0.0,XLU,Utilities Select Sector SPDR Fund
2015-04-29 00:00:00-04:00,31.74491824297239,31.951332047204794,31.581211585707596,31.844568252563477,13331000,0.0,0.0,0.0,XLU,Utilities Select Sector SPDR Fund
2015-04-30 00:00:00-04:00,31.773379501126115,31.780498714267196,31.2324360553273,31.474437713623047,17588200,0.0,0.0,0.0,XLU,Utilities Select Sector SPDR Fund
2015-05-01 00:00:00-04:00,31.403249656817618,31.666606159671623,31.275131010884163,31.65237045288086,12507400,0.0,0.0,0.0,XLU,Utilities Select Sector SPDR Fund
2015-05-04 00:00:00-04:00,31.659496398093683,32.12926400166672,31.609672767046867,31.88726234436035,13323100,0.0,0.0,0.0,XLU,Utilities Select Sector SPDR Fund
2015-05-05 00:00:00-04:00,31.8374369256728,31.8374369256728,31.090079786749648,31.175491333007812,18621200,0.0,0.0,0.0,XLU,Utilities Select Sector SPDR Fund
2015-05-06 00:00:00-04:00,31.168377706871446,31.317848605389287,30.69861008639798,31.004671096801758,16976100,0.0,0.0,0.0,XLU,Utilities Select Sector SPDR Fund
2015-05-07 00:00:00-04:00,31.111437762286283,31.332087239142318,31.03314269904109,31.11855697631836,12687000,0.0,0.0,0.0,XLU,Utilities Select Sector SPDR Fund
2015-05-08 00:00:00-04:00,31.51714521421004,31.687971048907865,31.21108418363214,31.339202880859375,14383200,0.0,0.0,0.0,XLU,Utilities Select Sector SPDR Fund
2015-05-11 00:00:00-04:00,31.33207937685309,31.59543321107868,31.097194246058216,31.12566566467285,12639300,0.0,0.0,0.0,XLU,Utilities Select Sector SPDR Fund
2015-05-12 00:00:00-04:00,30.961957783318557,31.125664360718645,30.776899000443965,31.090076446533203,13535200,0.0,0.0,0.0,XLU,Utilities Select Sector SPDR Fund
2015-05-13 00:00:00-04:00,31.19684886348749,31.29649612831485,30.677254899428835,30.784021377563477,13979600,0.0,0.0,0.0,XLU,Utilities Select Sector SPDR Fund
2015-05-14 00:00:00-04:00,30.940598134483608,31.22530409465943,30.91212672391108,31.139892578125,12242700,0.0,0.0,0.0,XLU,Utilities Select Sector SPDR Fund
2015-05-15 00:00:00-04:00,31.225308083907393,31.60966403019118,31.175484466631733,31.545604705810547,17791700,0.0,0.0,0.0,XLU,Utilities Select Sector SPDR Fund
2015-05-18 00:00:00-04:00,31.38901090565735,31.723543194835997,31.38901090565735,31.666603088378906,10243600,0.0,0.0,0.0,XLU,Utilities Select Sector SPDR Fund
2015-05-19 00:00:00-04:00,31.524257039764898,31.81608228945805,31.417490578703347,31.7377872467041,12908000,0.0,0.0,0.0,XLU,Utilities Select Sector SPDR Fund
2015-05-20 00:00:00-04:00,31.737800713543564,32.0153903718685,31.666624852757444,31.78762435913086,9068700,0.0,0.0,0.0,XLU,Utilities Select Sector SPDR Fund
2015-05-21 00:00:00-04:00,31.86589956893273,31.901487477139202,31.62389799187202,31.77336883544922,8062600,0.0,0.0,0.0,XLU,Utilities Select Sector SPDR Fund
2015-05-22 00:00:00-04:00,31.65949336790215,31.81608345916704,31.524258198745017,31.723552703857422,8923900,0.0,0.0,0.0,XLU,Utilities Select Sector SPDR Fund
2015-05-26 00:00:00-04:00,31.67372853619156,31.7093164521842,31.317843945897273,31.52425765991211,10563900,0.0,0.0,0.0,XLU,Utilities Select Sector SPDR Fund
2015-05-27 00:00:00-04:00,31.55272322052894,31.70931056486048,31.488663897562212,31.65237045288086,7637800,0.0,0.0,0.0,XLU,Utilities Select Sector SPDR Fund
2015-05-28 00:00:00-04:00,31.63814116097839,31.801847749489866,31.524258198745017,31.723552703857422,9986900,0.0,0.0,0.0,XLU,Utilities Select Sector SPDR Fund
2015-05-29 00:00:00-04:00,31.659502765711355,31.816092903458472,31.55273898421679,31.673738479614258,9160500,0.0,0.0,0.0,XLU,Utilities Select Sector SPDR Fund
2015-06-01 00:00:00-04:00,31.759156079531774,31.908629746307813,31.616801628651665,31.71645164489746,8839100,0.0,0.0,0.0,XLU,Utilities Select Sector SPDR Fund
2015-06-02 00:00:00-04:00,31.545617439254617,31.57408886495711,31.075849775901943,31.296499252319336,12151300,0.0,0.0,0.0,XLU,Utilities Select Sector SPDR Fund
2015-06-03 00:00:00-04:00,31.175495997229905,31.30361469337727,30.663023927824955,30.833847045898438,23362500,0.0,0.0,0.0,XLU,Utilities Select Sector SPDR Fund
2015-06-04 00:00:00-04:00,30.869427013532214,31.004664888603294,30.73419185364494,30.7911319732666,13300900,0.0,0.0,0.0,XLU,Utilities Select Sector SPDR Fund
2015-06-05 00:00:00-04:00,30.392544533495762,30.534898912553434,30.28577807040652,30.406780242919922,15918800,0.0,0.0,0.0,XLU,Utilities Select Sector SPDR Fund
2015-06-08 00:00:00-04:00,30.435252806484428,30.435252806484428,30.207486857179692,30.22884178161621,7917700,0.0,0.0,0.0,XLU,Utilities Select Sector SPDR Fund
2015-06-09 00:00:00-04:00,30.179022087256804,30.342728714978797,30.15766716003418,30.15766716003418,10268400,0.0,0.0,0.0,XLU,Utilities Select Sector SPDR Fund
2015-06-10 00:00:00-04:00,30.428132177194023,30.53489863932792,30.300013508706915,30.307132720947266,11091000,0.0,0.0,0.0,XLU,Utilities Select Sector SPDR Fund
2015-06-11 00:00:00-04:00,30.55625632899641,30.613196461217512,30.421021139184937,30.549137115478516,8976900,0.0,0.0,0.0,XLU,Utilities Select Sector SPDR Fund
2015-06-12 00:00:00-04:00,30.4210141913739,30.520661436390842,30.271540608664694,30.27865982055664,8629300,0.0,0.0,0.0,XLU,Utilities Select Sector SPDR Fund
2015-06-15 00:00:00-04:00,30.193251145950107,30.371193463543452,30.10072309573426,30.22884178161621,10076100,0.0,0.0,0.0,XLU,Utilities Select Sector SPDR Fund
2015-06-16 00:00:00-04:00,30.171896513937767,30.371191024780273,30.043777838343562,30.371191024780273,8036800,0.0,0.0,0.0,XLU,Utilities Select Sector SPDR Fund
2015-06-17 00:00:00-04:00,30.38543587763416,30.677261234254953,30.292907807007122,30.627437591552734,18291900,0.0,0.0,0.0,XLU,Utilities Select Sector SPDR Fund
2015-06-18 00:00:00-04:00,30.663016884577274,31.111429502908855,30.663016884577274,31.03313446044922,20717000,0.0,0.0,0.0,XLU,Utilities Select Sector SPDR Fund
2015-06-19 00:00:00-04:00,31.092752780170873,31.1142992021773,30.719265939402007,30.733631134033203,13375500,0.393,0.0,0.0,XLU,Utilities Select Sector SPDR Fund
2015-06-22 00:00:00-04:00,30.78391463652726,30.855737885414086,30.61871897218251,30.690542221069336,10273800,0.0,0.0,0.0,XLU,Utilities Select Sector SPDR Fund
2015-06-23 00:00:00-04:00,30.575615244406123,30.640257247159056,30.23085880968401,30.273954391479492,16276900,0.0,0.0,0.0,XLU,Utilities Select Sector SPDR Fund
2015-06-24 00:00:00-04:00,30.309857490442266,30.37449947503324,30.02255917228687,30.036924362182617,12229900,0.0,0.0,0.0,XLU,Utilities Select Sector SPDR Fund
2015-06-25 00:00:00-04:00,30.05847285344972,30.130298807890036,29.82863527900073,29.835819244384766,11687300,0.0,0.0,0.0,XLU,Utilities Select Sector SPDR Fund
2015-06-26 00:00:00-04:00,29.771195113689622,30.06567485383965,29.670641457035707,30.015398025512695,8770700,0.0,0.0,0.0,XLU,Utilities Select Sector SPDR Fund
2015-06-29 00:00:00-04:00,29.965117526479574,30.35296690607887,29.835833486652703,29.857379913330078,16171500,0.0,0.0,0.0,XLU,Utilities Select Sector SPDR Fund
2015-06-30 00:00:00-04:00,30.001022494698336,30.02975288381475,29.71372408329561,29.778366088867188,11108700,0.0,0.0,0.0,XLU,Utilities Select Sector SPDR Fund
2015-07-01 00:00:00-04:00,29.814274697948726,29.965107855654967,29.735270245668847,29.957923889160156,11251800,0.0,0.0,0.0,XLU,Utilities Select Sector SPDR Fund
2015-07-02 00:00:00-04:00,30.159044002874456,30.42479331513161,30.094401982067975,30.3314208984375,9575400,0.0,0.0,0.0,XLU,Utilities Select Sector SPDR Fund
2015-07-06 00:00:00-04:00,30.288319538852726,30.532522377647826,30.18058468460481,30.45351791381836,13998200,0.0,0.0,0.0,XLU,Utilities Select Sector SPDR Fund
2015-07-07 00:00:00-04:00,30.554065219631298,31.329766421292828,30.554065219631298,31.207666397094727,26118300,0.0,0.0,0.0,XLU,Utilities Select Sector SPDR Fund
2015-07-08 00:00:00-04:00,31.09994042660208,31.29386648432862,30.9850215857139,31.042482376098633,15496800,0.0,0.0,0.0,XLU,Utilities Select Sector SPDR Fund
2015-07-09 00:00:00-04:00,31.135845681570274,31.207671654858622,30.59716321137092,30.69771957397461,15576000,0.0,0.0,0.0,XLU,Utilities Select Sector SPDR Fund
2015-07-10 00:00:00-04:00,30.712079967870096,31.08556678426514,30.61152635189461,30.862913131713867,12405100,0.0,0.0,0.0,XLU,Utilities Select Sector SPDR Fund
2015-07-13 00:00:00-04:00,30.949110159569646,31.078394198880723,30.6905420809475,30.877286911010742,8584700,0.0,0.0,0.0,XLU,Utilities Select Sector SPDR Fund
2015-07-14 00:00:00-04:00,30.841360150577515,31.049651323512318,30.740806547058703,30.834178924560547,6821200,0.0,0.0,0.0,XLU,Utilities Select Sector SPDR Fund
2015-07-15 00:00:00-04:00,30.79828139801906,30.992207467717385,30.66899735155351,30.985023498535156,9900800,0.0,0.0,0.0,XLU,Utilities Select Sector SPDR Fund
2015-07-16 00:00:00-04:00,30.985015432084573,31.494967516006717,30.941922587735558,31.444690704345703,12592700,0.0,0.0,0.0,XLU,Utilities Select Sector SPDR Fund
2015-07-17 00:00:00-04:00,31.444680383491274,31.487775953576097,31.121473197434582,31.135835647583008,10492300,0.0,0.0,0.0,XLU,Utilities Select Sector SPDR Fund
2015-07-20 00:00:00-04:00,31.006560442487206,31.150209643498446,30.819818399089026,30.977832794189453,9812500,0.0,0.0,0.0,XLU,Utilities Select Sector SPDR Fund
2015-07-21 00:00:00-04:00,30.920373241466677,30.99219921475503,30.568435561936308,30.69771957397461,10284800,0.0,0.0,0.0,XLU,Utilities Select Sector SPDR Fund
2015-07-22 00:00:00-04:00,30.747990512955877,30.99219329573594,30.66898332736818,30.834178924560547,8252200,0.0,0.0,0.0,XLU,Utilities Select Sector SPDR Fund
2015-07-23 00:00:00-04:00,30.80545469540409,30.827001117640002,30.22367937598849,30.374509811401367,13947300,0.0,0.0,0.0,XLU,Utilities Select Sector SPDR Fund
2015-07-24 00:00:00-04:00,30.38887882196673,30.510978883142727,30.29550641408555,30.403244018554688,8589100,0.0,0.0,0.0,XLU,Utilities Select Sector SPDR Fund
2015-07-27 00:00:00-04:00,30.403231288893306,30.927548415360206,30.317040145453305,30.791080474853516,11952800,0.0,0.0,0.0,XLU,Utilities Select Sector SPDR Fund
2015-07-28 00:00:00-04:00,30.791085156786483,30.963464729997682,30.676166354605805,30.934734344482422,8742600,0.0,0.0,0.0,XLU,Utilities Select Sector SPDR Fund
2015-07-29 00:00:00-04:00,30.934737101882558,31.078386302382818,30.704899477034385,31.04965591430664,13500800,0.0,0.0,0.0,XLU,Utilities Select Sector SPDR Fund
2015-07-30 00:00:00-04:00,31.020932887025104,31.380054603549556,30.891648849885797,31.27950096130371,11315400,0.0,0.0,0.0,XLU,Utilities Select Sector SPDR Fund
2015-07-31 00:00:00-04:00,31.566787727940177,31.846902124603385,31.530876117577243,31.595518112182617,12054200,0.0,0.0,0.0,XLU,Utilities Select Sector SPDR Fund
2015-08-03 00:00:00-04:00,31.638626014824546,31.940289713260483,31.60271438736067,31.76072883605957,13197300,0.0,0.0,0.0,XLU,Utilities Select Sector SPDR Fund
2015-08-04 00:00:00-04:00,31.681716338988426,31.7248091888206,31.18612664686967,31.250768661499023,12033600,0.0,0.0,0.0,XLU,Utilities Select Sector SPDR Fund
2015-08-05 00:00:00-04:00,31.372870444882913,31.552431286376116,31.23640519170524,31.329774856567383,11156600,0.0,0.0,0.0,XLU,Utilities Select Sector SPDR Fund
2015-08-06 00:00:00-04:00,31.4087723747535,31.523691168258367,31.049650802565765,31.49496078491211,17145100,0.0,0.0,0.0,XLU,Utilities Select Sector SPDR Fund
2015-08-07 00:00:00-04:00,31.46624419870531,32.019291943001384,31.30104854623471,31.882823944091797,21163300,0.0,0.0,0.0,XLU,Utilities Select Sector SPDR Fund
2015-08-10 00:00:00-04:00,31.88999654523643,32.04082694722262,31.68888660270803,31.753528594970703,12089500,0.0,0.0,0.0,XLU,Utilities Select Sector SPDR Fund
2015-08-11 00:00:00-04:00,31.87564271468685,32.15575720103622,31.674532700479233,31.91155433654785,15122300,0.0,0.0,0.0,XLU,Utilities Select Sector SPDR Fund
2015-08-12 00:00:00-04:00,31.875637480783894,32.53641998214698,31.803811508974423,32.47896194458008,23459800,0.0,0.0,0.0,XLU,Utilities Select Sector SPDR Fund
2015-08-13 00:00:00-04:00,32.34966078178862,32.579498289946194,32.10545808688631,32.48612594604492,10778900,0.0,0.0,0.0,XLU,Utilities Select Sector SPDR Fund
2015-08-14 00:00:00-04:00,32.3568522957858,32.75188546732297,32.285029079099075,32.73033905029297,10334300,0.0,0.0,0.0,XLU,Utilities Select Sector SPDR Fund
2015-08-17 00:00:00-04:00,32.8380708349256,33.031996773700314,32.67287527372039,32.88834762573242,9159700,0.0,0.0,0.0,XLU,Utilities Select Sector SPDR Fund
2015-08-18 00:00:00-04:00,32.780626297669556,32.8668147331393,32.672891438302614,32.809356689453125,11741300,0.0,0.0,0.0,XLU,Utilities Select Sector SPDR Fund
2015-08-19 00:00:00-04:00,32.7303360405184,33.046362000711405,32.557959240369435,32.94580841064453,9245600,0.0,0.0,0.0,XLU,Utilities Select Sector SPDR Fund
2015-08-20 00:00:00-04:00,32.809356688105794,33.1397479739604,32.636977077292414,32.751895904541016,12776000,0.0,0.0,0.0,XLU,Utilities Select Sector SPDR Fund
2015-08-21 00:00:00-04:00,32.644147993606374,32.78779715520449,32.335303255128395,32.356849670410156,18747400,0.0,0.0,0.0,XLU,Utilities Select Sector SPDR Fund
2015-08-24 00:00:00-04:00,31.71762037800332,32.01209998760909,30.992195933811708,31.14302635192871,35100500,0.0,0.0,0.0,XLU,Utilities Select Sector SPDR Fund
2015-08-25 00:00:00-04:00,31.530880077378114,31.73198731257075,30.15903556614137,30.187763214111328,28632700,0.0,0.0,0.0,XLU,Utilities Select Sector SPDR Fund
2015-08-26 00:00:00-04:00,30.39604735841435,30.79826447528764,30.144663372793513,30.726438522338867,21869900,0.0,0.0,0.0,XLU,Utilities Select Sector SPDR Fund
2015-08-27 00:00:00-04:00,30.898823536071795,31.09993076014781,30.66180195922755,31.0855655670166,17045500,0.0,0.0,0.0,XLU,Utilities Select Sector SPDR Fund
2015-08-28 00:00:00-04:00,31.04247766545701,31.13584732584159,30.568437176242927,30.99220085144043,9680700,0.0,0.0,0.0,XLU,Utilities Select Sector SPDR Fund
2015-08-31 00:00:00-04:00,30.949091149692276,30.949091149692276,30.245213334609293,30.496597290039062,12078400,0.0,0.0,0.0,XLU,Utilities Select Sector SPDR Fund
2015-09-01 00:00:00-04:00,30.16622799034718,30.223688787376727,29.505445263797032,29.67064094543457,19406200,0.0,0.0,0.0,XLU,Utilities Select Sector SPDR Fund
2015-09-02 00:00:00-04:00,29.878916943699448,29.972289329739887,29.440790879713752,29.692174911499023,9121700,0.0,0.0,0.0,XLU,Utilities Select Sector SPDR Fund
2015-09-03 00:00:00-04:00,29.627525181779102,29.97946547433399,29.627525181779102,29.828632354736328,8585200,0.0,0.0,0.0,XLU,Utilities Select Sector SPDR Fund
2015-09-04 00:00:00-04:00,29.59163011851174,29.656272137363015,29.304331648088013,29.41925048828125,13429600,0.0,0.0,0.0,XLU,Utilities Select Sector SPDR Fund
2015-09-08 00:00:00-04:00,29.692182224858012,30.04412269592285,29.663451831325954,30.04412269592285,11206900,0.0,0.0,0.0,XLU,Utilities Select Sector SPDR Fund
2015-09-09 00:00:00-04:00,30.115951162887132,30.202139618549843,29.613180148405025,29.67064094543457,11542500,0.0,0.0,0.0,XLU,Utilities Select Sector SPDR Fund
2015-09-10 00:00:00-04:00,29.656271043284164,29.914839109150172,29.53416823890025,29.620359420776367,6766400,0.0,0.0,0.0,XLU,Utilities Select Sector SPDR Fund
2015-09-11 00:00:00-04:00,29.584447582846586,29.85738086898151,29.447982309719823,29.843015670776367,7477900,0.0,0.0,0.0,XLU,Utilities Select Sector SPDR Fund
2015-09-14 00:00:00-04:00,29.95072558772098,30.115921104478474,29.85017203316241,29.914813995361328,8372600,0.0,0.0,0.0,XLU,Utilities Select Sector SPDR Fund
2015-09-15 00:00:00-04:00,29.950743516546805,30.144669519229687,29.763998740683064,30.072843551635742,6579100,0.0,0.0,0.0,XLU,Utilities Select Sector SPDR Fund
2015-09-16 00:00:00-04:00,30.159037369400007,30.46787946767748,30.058481005910668,30.374509811401367,8619800,0.0,0.0,0.0,XLU,Utilities Select Sector SPDR Fund
2015-09-17 00:00:00-04:00,30.288309764306636,31.186113626040363,30.288309764306636,30.791080474853516,22723100,0.0,0.0,0.0,XLU,Utilities Select Sector SPDR Fund
2015-09-18 00:00:00-04:00,30.66131179683392,30.973072807576475,30.545307892772822,30.617809295654297,14358700,0.401,0.0,0.0,XLU,Utilities Select Sector SPDR Fund
2015-09-21 00:00:00-04:00,30.59606040286919,30.9005696235759,30.59606040286919,30.741065979003906,8770900,0.0,0.0,0.0,XLU,Utilities Select Sector SPDR Fund
2015-09-22 00:00:00-04:00,30.603308723299783,30.733813462202015,30.269797841994635,30.356800079345703,10972200,0.0,0.0,0.0,XLU,Utilities Select Sector SPDR Fund
2015-09-23 00:00:00-04:00,30.364050647170448,30.509056214039685,30.255295780580735,30.436552047729492,5266500,0.0,0.0,0.0,XLU,Utilities Select Sector SPDR Fund
2015-09-24 00:00:00-04:00,30.429294466559533,30.741055379743635,30.327791427988032,30.68305206298828,11326000,0.0,0.0,0.0,XLU,Utilities Select Sector SPDR Fund
2015-09-25 00:00:00-04:00,30.74106693433494,31.28483578742517,30.59606135369393,30.980323791503906,9505000,0.0,0.0,0.0,XLU,Utilities Select Sector SPDR Fund
2015-09-28 00:00:00-04:00,30.980316637420884,31.168824678448686,30.77005873233248,30.828062057495117,9507000,0.0,0.0,0.0,XLU,Utilities Select Sector SPDR Fund
2015-09-29 00:00:00-04:00,30.88606150711814,31.016566218294045,30.712057069384045,30.835309982299805,8681400,0.0,0.0,0.0,XLU,Utilities Select Sector SPDR Fund
2015-09-30 00:00:00-04:00,30.900578413644904,31.422597529924435,30.893329377364182,31.3863468170166,9638000,0.0,0.0,0.0,XLU,Utilities Select Sector SPDR Fund
2015-10-01 00:00:00-04:00,31.45883096845425,31.502333459507234,30.784557568761244,31.016565322875977,15646000,0.0,0.0,0.0,XLU,Utilities Select Sector SPDR Fund
2015-10-02 00:00:00-04:00,31.24856862416845,31.429824829101562,30.965809386992827,31.429824829101562,13198400,0.0,0.0,0.0,XLU,Utilities Select Sector SPDR Fund
2015-10-05 00:00:00-04:00,31.516847289308288,31.886608935643608,31.4008433644039,31.835857391357422,12011200,0.0,0.0,0.0,XLU,Utilities Select Sector SPDR Fund
2015-10-06 00:00:00-04:00,31.77059986883708,31.8648539068648,31.42258815044776,31.618345260620117,11521900,0.0,0.0,0.0,XLU,Utilities Select Sector SPDR Fund
2015-10-07 00:00:00-04:00,31.654591889670503,31.719844251331853,31.458834804686457,31.509586334228516,9528400,0.0,0.0,0.0,XLU,Utilities Select Sector SPDR Fund
2015-10-08 00:00:00-04:00,31.48784365845495,31.95185932921595,31.39358961103426,31.901107788085938,10530400,0.0,0.0,0.0,XLU,Utilities Select Sector SPDR Fund
2015-10-09 00:00:00-04:00,31.89384586197171,31.922844755359446,31.647337290798063,31.74884033203125,13095100,0.0,0.0,0.0,XLU,Utilities Select Sector SPDR Fund
2015-10-12 00:00:00-04:00,31.864849348498492,32.220110050183585,31.756094492043363,32.0316047668457,7493000,0.0,0.0,0.0,XLU,Utilities Select Sector SPDR Fund
2015-10-13 00:00:00-04:00,32.00259471980711,32.14035120399782,31.893842657590938,31.959095001220703,9573400,0.0,0.0,0.0,XLU,Utilities Select Sector SPDR Fund
2015-10-14 00:00:00-04:00,32.104113140044255,32.1911181504235,31.908356015318194,31.951858520507812,7845500,0.0,0.0,0.0,XLU,Utilities Select Sector SPDR Fund
2015-10-15 00:00:00-04:00,32.07512202136118,32.48113443867765,31.922864599115346,32.423133850097656,8284100,0.0,0.0,0.0,XLU,Utilities Select Sector SPDR Fund
2015-10-16 00:00:00-04:00,32.452124378785726,32.6696341355941,32.365122135513246,32.46662521362305,9408700,0.0,0.0,0.0,XLU,Utilities Select Sector SPDR Fund
2015-10-19 00:00:00-04:00,32.43762127156209,32.50287363531946,32.16211098394751,32.488372802734375,10216200,0.0,0.0,0.0,XLU,Utilities Select Sector SPDR Fund
2015-10-20 00:00:00-04:00,32.38686807607228,32.734882538447785,32.36511820933048,32.59712600708008,9763100,0.0,0.0,0.0,XLU,Utilities Select Sector SPDR Fund
2015-10-21 00:00:00-04:00,32.69139351831956,32.86540082125289,32.510137178733785,32.53188705444336,8411000,0.0,0.0,0.0,XLU,Utilities Select Sector SPDR Fund
2015-10-22 00:00:00-04:00,32.66963670594388,33.00314763618757,32.55363278386991,32.90889358520508,13110000,0.0,0.0,0.0,XLU,Utilities Select Sector SPDR Fund
2015-10-23 00:00:00-04:00,32.87988671730394,32.8943875509906,32.30711899831241,32.3288688659668,12585200,0.0,0.0,0.0,XLU,Utilities Select Sector SPDR Fund
2015-10-26 00:00:00-04:00,32.40136922245678,32.423121855160026,31.959106255174028,32.21286392211914,11113500,0.0,0.0,0.0,XLU,Utilities Select Sector SPDR Fund
2015-10-27 00:00:00-04:00,32.1838612090016,32.2563653727359,31.995355914794512,32.096858978271484,8496200,0.0,0.0,0.0,XLU,Utilities Select Sector SPDR Fund
2015-10-28 00:00:00-04:00,32.104109498365446,32.227365199545645,31.40083705495918,31.7560977935791,17421100,0.0,0.0,0.0,XLU,Utilities Select Sector SPDR Fund
2015-10-29 00:00:00-04:00,31.596591269320395,31.698094328219394,31.154325570616827,31.574838638305664,16289800,0.0,0.0,0.0,XLU,Utilities Select Sector SPDR Fund
2015-10-30 00:00:00-04:00,31.611103263816332,31.84311114802491,31.495099321712043,31.719858169555664,11631700,0.0,0.0,0.0,XLU,Utilities Select Sector SPDR Fund
2015-11-02 00:00:00-05:00,31.698097225656962,31.821350161085988,31.509589156969874,31.7560977935791,17436800,0.0,0.0,0.0,XLU,Utilities Select Sector SPDR Fund
2015-11-03 00:00:00-05:00,31.640089611427488,31.88659821468681,31.55308738843914,31.8503475189209,12433200,0.0,0.0,0.0,XLU,Utilities Select Sector SPDR Fund
2015-11-04 00:00:00-05:00,31.81410277039716,32.11861199065591,31.81410277039716,32.01710891723633,10718900,0.0,0.0,0.0,XLU,Utilities Select Sector SPDR Fund
2015-11-05 00:00:00-05:00,31.951854152972704,32.04610818512411,31.74159622192383,31.741596221923828,13762900,0.0,0.0,0.0,XLU,Utilities Select Sector SPDR Fund
2015-11-06 00:00:00-05:00,31.226840957498435,31.299342384698285,30.371310840929805,30.632320404052734,32359000,0.0,0.0,0.0,XLU,Utilities Select Sector SPDR Fund
2015-11-09 00:00:00-05:00,30.494548289450496,30.85706073944788,30.429295937820942,30.712055206298828,13333300,0.0,0.0,0.0,XLU,Utilities Select Sector SPDR Fund
2015-11-10 00:00:00-05:00,30.726562256947616,31.081822981049232,30.668558925644703,30.987571716308594,8504600,0.0,0.0,0.0,XLU,Utilities Select Sector SPDR Fund
2015-11-11 00:00:00-05:00,31.07457070727834,31.31382750957721,31.009318349242143,31.255826950073242,10973400,0.0,0.0,0.0,XLU,Utilities Select Sector SPDR Fund
2015-11-12 00:00:00-05:00,31.17608128574771,31.473341485051527,30.936821659947558,30.958574295043945,8839600,0.0,0.0,0.0,XLU,Utilities Select Sector SPDR Fund
2015-11-13 00:00:00-05:00,30.99482204625953,31.212329016240936,30.748313409413615,30.842567443847656,9516400,0.0,0.0,0.0,XLU,Utilities Select Sector SPDR Fund
2015-11-16 00:00:00-05:00,30.900568357104046,31.371835768788955,30.79181625377375,31.36458396911621,9175600,0.0,0.0,0.0,XLU,Utilities Select Sector SPDR Fund
2015-11-17 00:00:00-05:00,31.350079413735077,31.53858467994932,30.7120566963742,30.79905891418457,13494000,0.0,0.0,0.0,XLU,Utilities Select Sector SPDR Fund
2015-11-18 00:00:00-05:00,30.820814315820748,31.060073914983455,30.54530678228635,30.994821548461914,15462500,0.0,0.0,0.0,XLU,Utilities Select Sector SPDR Fund
2015-11-19 00:00:00-05:00,31.067325322321718,31.393587179856585,31.038326419458553,31.32833480834961,12364800,0.0,0.0,0.0,XLU,Utilities Select Sector SPDR Fund
2015-11-20 00:00:00-05:00,31.37908240600517,31.68359435672432,31.321081841809285,31.45883560180664,12520000,0.0,0.0,0.0,XLU,Utilities Select Sector SPDR Fund
2015-11-23 00:00:00-05:00,31.495086105693133,31.531339569561602,31.118072760619107,31.168827056884766,11897000,0.0,0.0,0.0,XLU,Utilities Select Sector SPDR Fund
2015-11-24 00:00:00-05:00,31.031072124074143,31.168828656039736,30.8788175247185,31.12532615661621,8791700,0.0,0.0,0.0,XLU,Utilities Select Sector SPDR Fund
2015-11-25 00:00:00-05:00,31.11807534794715,31.11807534794715,30.820815173466336,30.936819076538086,7678200,0.0,0.0,0.0,XLU,Utilities Select Sector SPDR Fund
2015-11-27 00:00:00-05:00,31.023823214860627,31.139827114704357,30.951319048863837,30.994821548461914,3980300,0.0,0.0,0.0,XLU,Utilities Select Sector SPDR Fund
2015-11-30 00:00:00-05:00,31.031077167431754,31.27033680452036,30.980325626064758,31.045578002929688,11373000,0.0,0.0,0.0,XLU,Utilities Select Sector SPDR Fund
2015-12-01 00:00:00-05:00,31.118080289814287,31.35733993363169,30.994827333242885,31.29208755493164,12551500,0.0,0.0,0.0,XLU,Utilities Select Sector SPDR Fund
2015-12-02 00:00:00-05:00,31.168826406352267,31.248576834245856,30.588804185574336,30.59605598449707,12566100,0.0,0.0,0.0,XLU,Utilities Select Sector SPDR Fund
2015-12-03 00:00:00-05:00,30.5453234428661,30.55257248054411,30.262563955628686,30.36406707763672,14879200,0.0,0.0,0.0,XLU,Utilities Select Sector SPDR Fund
2015-12-04 00:00:00-05:00,30.472811449464217,30.835324087276554,30.378560154974405,30.791824340820312,10961500,0.0,0.0,0.0,XLU,Utilities Select Sector SPDR Fund
2015-12-07 00:00:00-05:00,30.71930752243117,30.944066261127674,30.574301973780223,30.9295654296875,13515100,0.0,0.0,0.0,XLU,Utilities Select Sector SPDR Fund
2015-12-08 00:00:00-05:00,30.806321710703,30.92957466612507,30.639563482217714,30.886072158813477,10637900,0.0,0.0,0.0,XLU,Utilities Select Sector SPDR Fund
2015-12-09 00:00:00-05:00,30.7483202050453,31.219587715618335,30.646817114337704,30.893325805664062,10675800,0.0,0.0,0.0,XLU,Utilities Select Sector SPDR Fund
2015-12-10 00:00:00-05:00,30.849822738348134,30.907826083848335,30.356805364603414,30.385807037353516,9683600,0.0,0.0,0.0,XLU,Utilities Select Sector SPDR Fund
2015-12-11 00:00:00-05:00,30.313302256884803,30.545310081632547,30.088543466644175,30.29880142211914,14352700,0.0,0.0,0.0,XLU,Utilities Select Sector SPDR Fund
2015-12-14 00:00:00-05:00,30.414802918226215,30.45830265331599,30.095790110228076,30.451053619384766,16404600,0.0,0.0,0.0,XLU,Utilities Select Sector SPDR Fund
2015-12-15 00:00:00-05:00,30.494550547801563,30.878812888216153,30.480049716837712,30.6903076171875,10110900,0.0,0.0,0.0,XLU,Utilities Select Sector SPDR Fund
2015-12-16 00:00:00-05:00,30.806322145466687,31.516846513740415,30.712068094503866,31.466094970703125,18300500,0.0,0.0,0.0,XLU,Utilities Select Sector SPDR Fund
2015-12-17 00:00:00-05:00,31.52409928775402,31.705355610314072,31.292091416137314,31.53135108947754,13161700,0.0,0.0,0.0,XLU,Utilities Select Sector SPDR Fund
2015-12-18 00:00:00-05:00,31.491058569232393,31.52768403657866,30.897715938584334,31.139446258544922,18407200,0.445,0.0,0.0,XLU,Utilities Select Sector SPDR Fund
2015-12-21 00:00:00-05:00,31.212698232819488,31.337225373664747,30.95631438712131,31.117469787597656,9031500,0.0,0.0,0.0,XLU,Utilities Select Sector SPDR Fund
2015-12-22 00:00:00-05:00,31.205360375138024,31.461744129736864,30.919677935326284,31.381166458129883,8125800,0.0,0.0,0.0,XLU,Utilities Select Sector SPDR Fund
2015-12-23 00:00:00-05:00,31.43245587188144,31.937894032282575,31.388503634059752,31.864643096923828,8581700,0.0,0.0,0.0,XLU,Utilities Select Sector SPDR Fund
2015-12-24 00:00:00-05:00,31.75475644891234,31.937886538685405,31.75475644891234,31.842660903930664,2715800,0.0,0.0,0.0,XLU,Utilities Select Sector SPDR Fund
2015-12-28 00:00:00-05:00,31.652203347604726,31.945212602516307,31.652203347604726,31.901260375976562,5036500,0.0,0.0,0.0,XLU,Utilities Select Sector SPDR Fund
2015-12-29 00:00:00-05:00,32.05509081715447,32.18694470999811,31.996490639414805,32.07706832885742,9223900,0.0,0.0,0.0,XLU,Utilities Select Sector SPDR Fund
2015-12-30 00:00:00-05:00,32.09905148543684,32.18695317232849,31.981848304799893,32.04777526855469,7831500,0.0,0.0,0.0,XLU,Utilities Select Sector SPDR Fund
2015-12-31 00:00:00-05:00,31.9964928737327,32.08439454365213,31.417801058547024,31.70348358154297,10431700,0.0,0.0,0.0,XLU,Utilities Select Sector SPDR Fund
2016-01-04 00:00:00-05:00,31.52034911953121,31.644879029534486,31.2566413518474,31.63755226135254,14846700,0.0,0.0,0.0,XLU,Utilities Select Sector SPDR Fund
2016-01-05 00:00:00-05:00,31.622909980420634,31.945220802424892,31.17607480378175,31.864643096923828,10948000,0.0,0.0,0.0,XLU,Utilities Select Sector SPDR Fund
2016-01-06 00:00:00-05:00,31.674181088892656,31.93788606702298,31.549651176627467,31.806032180786133,12718800,0.0,0.0,0.0,XLU,Utilities Select Sector SPDR Fund
2016-01-07 00:00:00-05:00,31.461753047819336,31.754759543403587,31.403150072096278,31.59360694885254,12273700,0.0,0.0,0.0,XLU,Utilities Select Sector SPDR Fund
2016-01-08 00:00:00-05:00,31.615574428878688,31.835329948837597,31.520346012304042,31.578948974609375,11680800,0.0,0.0,0.0,XLU,Utilities Select Sector SPDR Fund
2016-01-11 00:00:00-05:00,31.600929975520494,31.893939256657244,31.586279232029298,31.747434616088867,16389600,0.0,0.0,0.0,XLU,Utilities Select Sector SPDR Fund
2016-01-12 00:00:00-05:00,31.7694122927618,31.864640737151177,31.373853359036428,31.622907638549805,14360100,0.0,0.0,0.0,XLU,Utilities Select Sector SPDR Fund
2016-01-13 00:00:00-05:00,31.74010544715418,31.879283296028294,31.5130231517187,31.608251571655273,17478900,0.0,0.0,0.0,XLU,Utilities Select Sector SPDR Fund
2016-01-14 00:00:00-05:00,31.600917929965732,32.26751113583517,31.49836555896159,32.084381103515625,23083000,0.0,0.0,0.0,XLU,Utilities Select Sector SPDR Fund
2016-01-15 00:00:00-05:00,31.762088219228325,31.99649454750468,31.417802702046995,31.79871368408203,18939100,0.0,0.0,0.0,XLU,Utilities Select Sector SPDR Fund
2016-01-19 00:00:00-05:00,31.967192703766045,32.362754426229486,31.842665565774123,32.27485275268555,17884600,0.0,0.0,0.0,XLU,Utilities Select Sector SPDR Fund
2016-01-20 00:00:00-05:00,32.142992661813935,32.19426886104582,31.09548837291691,31.549650192260742,19900100,0.0,0.0,0.0,XLU,Utilities Select Sector SPDR Fund
2016-01-21 00:00:00-05:00,31.64488898850075,31.762092167207097,31.242003236344182,31.52035903930664,14087900,0.0,0.0,0.0,XLU,Utilities Select Sector SPDR Fund
2016-01-22 00:00:00-05:00,31.71079706709447,32.106358607546895,31.556968510588263,32.084381103515625,15060500,0.0,0.0,0.0,XLU,Utilities Select Sector SPDR Fund
2016-01-25 00:00:00-05:00,32.069746996747,32.15032469984942,31.696162766587776,31.813365936279297,13521400,0.0,0.0,0.0,XLU,Utilities Select Sector SPDR Fund
2016-01-26 00:00:00-05:00,31.88661075435862,32.348099369041854,31.88661075435862,32.03311538696289,11459600,0.0,0.0,0.0,XLU,Utilities Select Sector SPDR Fund
2016-01-27 00:00:00-05:00,31.9745075309192,32.34076762729013,31.835326905918873,32.106361389160156,13731900,0.0,0.0,0.0,XLU,Utilities Select Sector SPDR Fund
2016-01-28 00:00:00-05:00,32.06241871296205,32.83156458535956,31.886612584875728,32.61913299560547,15563900,0.0,0.0,0.0,XLU,Utilities Select Sector SPDR Fund
2016-01-29 00:00:00-05:00,32.83156130293621,33.30037387183747,32.83156130293621,33.27107238769531,17940400,0.0,0.0,0.0,XLU,Utilities Select Sector SPDR Fund
2016-02-01 00:00:00-05:00,33.117246956549195,33.73989097960775,33.09527223851141,33.5860595703125,29610900,0.0,0.0,0.0,XLU,Utilities Select Sector SPDR Fund
2016-02-02 00:00:00-05:00,33.46151990784123,33.76917702249821,33.300364584348976,33.73255157470703,15970100,0.0,0.0,0.0,XLU,Utilities Select Sector SPDR Fund
2016-02-03 00:00:00-05:00,33.84977123303954,34.30393594958267,33.842447257637716,34.15010452270508,32952400,0.0,0.0,0.0,XLU,Utilities Select Sector SPDR Fund
2016-02-04 00:00:00-05:00,34.12079938387335,34.30392947212253,33.91569178488076,34.00359344482422,27602600,0.0,0.0,0.0,XLU,Utilities Select Sector SPDR Fund
2016-02-05 00:00:00-05:00,33.80581478357706,34.24532586951262,33.50548155617432,34.11347198486328,27386300,0.0,0.0,0.0,XLU,Utilities Select Sector SPDR Fund
2016-02-08 00:00:00-05:00,34.040232911788586,34.42846793258285,33.681296591065056,33.996280670166016,29012400,0.0,0.0,0.0,XLU,Utilities Select Sector SPDR Fund
2016-02-09 00:00:00-05:00,33.87906569978521,34.24532586951262,33.798488015350244,34.11347198486328,22620900,0.0,0.0,0.0,XLU,Utilities Select Sector SPDR Fund
2016-02-10 00:00:00-05:00,34.03289865915326,34.259980999431164,33.49083510336479,34.07685089111328,25920600,0.0,0.0,0.0,XLU,Utilities Select Sector SPDR Fund
2016-02-11 00:00:00-05:00,33.86442364498386,34.142782227800716,33.46153791379929,33.47618865966797,25390000,0.0,0.0,0.0,XLU,Utilities Select Sector SPDR Fund
2016-02-12 00:00:00-05:00,33.454213068473706,33.64466998138042,33.102603530427714,33.37363815307617,21018700,0.0,0.0,0.0,XLU,Utilities Select Sector SPDR Fund
2016-02-16 00:00:00-05:00,33.542110134236935,33.65931328767776,33.23445010999002,33.5860595703125,14638600,0.0,0.0,0.0,XLU,Utilities Select Sector SPDR Fund
2016-02-17 00:00:00-05:00,33.69594777599223,33.69594777599223,33.3003859792836,33.5201416015625,19080300,0.0,0.0,0.0,XLU,Utilities Select Sector SPDR Fund
2016-02-18 00:00:00-05:00,33.45420935057932,34.18672983868671,33.424910654756395,34.06952667236328,18884300,0.0,0.0,0.0,XLU,Utilities Select Sector SPDR Fund
2016-02-19 00:00:00-05:00,33.92302307018889,34.01824871683079,33.62268979724374,33.842445373535156,17020100,0.0,0.0,0.0,XLU,Utilities Select Sector SPDR Fund
2016-02-22 00:00:00-05:00,34.025571202546175,34.23800277709961,33.835114344552274,34.23800277709961,12436600,0.0,0.0,0.0,XLU,Utilities Select Sector SPDR Fund
2016-02-23 00:00:00-05:00,34.128121797357856,34.347877334339714,33.97429320090488,34.26729965209961,11788800,0.0,0.0,0.0,XLU,Utilities Select Sector SPDR Fund
2016-02-24 00:00:00-05:00,34.2673037835704,34.4943861159579,34.12080193748153,34.42845916748047,16750900,0.0,0.0,0.0,XLU,Utilities Select Sector SPDR Fund
2016-02-25 00:00:00-05:00,34.538340958739845,34.78007125854492,34.435785746639716,34.78007125854492,12161900,0.0,0.0,0.0,XLU,Utilities Select Sector SPDR Fund
2016-02-26 00:00:00-05:00,34.58228306402324,34.66286074498414,33.813137299625645,33.82046127319336,32953600,0.0,0.0,0.0,XLU,Utilities Select Sector SPDR Fund
2016-02-29 00:00:00-05:00,33.769190546250805,34.238005966491954,33.73989185288997,33.91569519042969,20137800,0.0,0.0,0.0,XLU,Utilities Select Sector SPDR Fund
2016-03-01 00:00:00-05:00,34.09150461360044,34.1720823153952,33.53478747084244,33.74721908569336,23641700,0.0,0.0,0.0,XLU,Utilities Select Sector SPDR Fund
2016-03-02 00:00:00-05:00,33.65930027322339,33.937658702896194,33.02200854744584,33.92300796508789,30224200,0.0,0.0,0.0,XLU,Utilities Select Sector SPDR Fund
2016-03-03 00:00:00-05:00,33.97430702211975,34.128135681152344,33.520142227341076,34.128135681152344,21274100,0.0,0.0,0.0,XLU,Utilities Select Sector SPDR Fund
2016-03-04 00:00:00-05:00,33.90837050420151,34.61891340289322,33.82779281187664,34.509037017822266,22128400,0.0,0.0,0.0,XLU,Utilities Select Sector SPDR Fund
2016-03-07 00:00:00-05:00,34.450432552709245,34.77274330805986,34.340556172393484,34.69948959350586,18492800,0.0,0.0,0.0,XLU,Utilities Select Sector SPDR Fund
2016-03-08 00:00:00-05:00,34.765415135743844,35.07307513576157,34.58228504826815,35.04377365112305,16374800,0.0,0.0,0.0,XLU,Utilities Select Sector SPDR Fund
2016-03-09 00:00:00-05:00,34.97051927189347,35.314801902111334,34.941217790155704,35.204925537109375,14256600,0.0,0.0,0.0,XLU,Utilities Select Sector SPDR Fund
2016-03-10 00:00:00-05:00,35.19028441592352,35.351437020848,34.89727510713451,35.23423385620117,19471400,0.0,0.0,0.0,XLU,Utilities Select Sector SPDR Fund
2016-03-11 00:00:00-05:00,35.402705003726645,35.490606651260805,35.197597433689616,35.270851135253906,15695400,0.0,0.0,0.0,XLU,Utilities Select Sector SPDR Fund
2016-03-14 00:00:00-04:00,35.26353549643765,35.38073866158465,35.11703084141793,35.31481170654297,11724800,0.0,0.0,0.0,XLU,Utilities Select Sector SPDR Fund
2016-03-15 00:00:00-04:00,35.278188692050094,35.49794429267354,35.23423645418778,35.380741119384766,13737000,0.0,0.0,0.0,XLU,Utilities Select Sector SPDR Fund
2016-03-16 00:00:00-04:00,35.24887050438003,35.92279052734375,35.01446426882988,35.92279052734375,27868200,0.0,0.0,0.0,XLU,Utilities Select Sector SPDR Fund
2016-03-17 00:00:00-04:00,35.783624845906694,36.20116130197591,35.65177093405916,36.12058639526367,17534900,0.0,0.0,0.0,XLU,Utilities Select Sector SPDR Fund
2016-03-18 00:00:00-04:00,36.119114491313866,36.22981989464698,35.875566545478506,35.89032745361328,16990700,0.368,0.0,0.0,XLU,Utilities Select Sector SPDR Fund
2016-03-21 00:00:00-04:00,35.77960811624245,36.03053782610061,35.506538460482,35.85341262817383,15743200,0.0,0.0,0.0,XLU,Utilities Select Sector SPDR Fund
2016-03-22 00:00:00-04:00,35.8091370155673,36.001023153897094,35.691052588436314,35.73533248901367,11457400,0.0,0.0,0.0,XLU,Utilities Select Sector SPDR Fund
2016-03-23 00:00:00-04:00,35.73532032036535,36.1412380397995,35.57295604794555,36.00101089477539,15239600,0.0,0.0,0.0,XLU,Utilities Select Sector SPDR Fund
2016-03-24 00:00:00-04:00,35.98625280729184,36.14861990775663,35.882929312579364,36.09695816040039,15073500,0.0,0.0,0.0,XLU,Utilities Select Sector SPDR Fund
2016-03-28 00:00:00-04:00,36.15599255317586,36.34787859226788,35.8903020256997,35.96410369873047,11244600,0.0,0.0,0.0,XLU,Utilities Select Sector SPDR Fund
2016-03-29 00:00:00-04:00,36.0748189961845,36.52501664604398,35.9345918371668,36.4954948425293,17553600,0.0,0.0,0.0,XLU,Utilities Select Sector SPDR Fund
2016-03-30 00:00:00-04:00,36.495495427419804,36.576678980709204,36.27408752821957,36.40693283081055,14516900,0.0,0.0,0.0,XLU,Utilities Select Sector SPDR Fund
2016-03-31 00:00:00-04:00,36.45860353389097,36.6578687213603,36.325758198674826,36.620967864990234,14703400,0.0,0.0,0.0,XLU,Utilities Select Sector SPDR Fund
2016-04-01 00:00:00-04:00,36.473355121855455,36.81285025985913,36.35527071330986,36.76118850708008,17872600,0.0,0.0,0.0,XLU,Utilities Select Sector SPDR Fund
2016-04-04 00:00:00-04:00,36.76857212427604,36.812854838746546,36.4216978993106,36.606204986572266,15286100,0.0,0.0,0.0,XLU,Utilities Select Sector SPDR Fund
2016-04-05 00:00:00-04:00,36.52501990153794,36.584060698475504,35.890315146171304,35.91983413696289,18658400,0.0,0.0,0.0,XLU,Utilities Select Sector SPDR Fund
2016-04-06 00:00:00-04:00,35.868186527768,35.927230163342614,35.6541603871988,35.87556838989258,20294500,0.0,0.0,0.0,XLU,Utilities Select Sector SPDR Fund
2016-04-07 00:00:00-04:00,35.82389321662908,36.09696289063204,35.764849603139545,35.86079406738281,15280200,0.0,0.0,0.0,XLU,Utilities Select Sector SPDR Fund
2016-04-08 00:00:00-04:00,35.97150022194586,36.28884979765417,35.93459655503034,36.05268096923828,16436900,0.0,0.0,0.0,XLU,Utilities Select Sector SPDR Fund
2016-04-11 00:00:00-04:00,36.05267505970065,36.2814648064443,35.86816801678436,35.89768981933594,11125000,0.0,0.0,0.0,XLU,Utilities Select Sector SPDR Fund
2016-04-12 00:00:00-04:00,35.90507655442099,36.19290713000804,35.8460329412983,36.148624420166016,13427200,0.0,0.0,0.0,XLU,Utilities Select Sector SPDR Fund
2016-04-13 00:00:00-04:00,36.25194699391824,36.25194699391824,35.73532665382066,35.927215576171875,13320500,0.0,0.0,0.0,XLU,Utilities Select Sector SPDR Fund
2016-04-14 00:00:00-04:00,35.83865086487435,36.00839701520751,35.7648463547159,35.882930755615234,12090800,0.0,0.0,0.0,XLU,Utilities Select Sector SPDR Fund
2016-04-15 00:00:00-04:00,35.95674325396304,36.16339029760725,35.831276966497036,36.08220672607422,10962900,0.0,0.0,0.0,XLU,Utilities Select Sector SPDR Fund
2016-04-18 00:00:00-04:00,36.060064052059346,36.22243118286133,35.81651335585637,36.22243118286133,9124000,0.0,0.0,0.0,XLU,Utilities Select Sector SPDR Fund
2016-04-19 00:00:00-04:00,36.25933130427122,36.3331330084082,36.045302420777624,36.281471252441406,10495400,0.0,0.0,0.0,XLU,Utilities Select Sector SPDR Fund
2016-04-20 00:00:00-04:00,36.31098378715769,36.35526367218988,35.351547801624534,35.373687744140625,26068700,0.0,0.0,0.0,XLU,Utilities Select Sector SPDR Fund
2016-04-21 00:00:00-04:00,35.240848831506135,35.33679329201678,34.488059680927776,34.63566589355469,32065700,0.0,0.0,0.0,XLU,Utilities Select Sector SPDR Fund
2016-04-22 00:00:00-04:00,34.731603112311824,34.989911819034205,34.70946035505436,34.94562911987305,12309000,0.0,0.0,0.0,XLU,Utilities Select Sector SPDR Fund
2016-04-25 00:00:00-04:00,34.798039793535644,35.01944774796664,34.77589702734412,35.01206588745117,12742900,0.0,0.0,0.0,XLU,Utilities Select Sector SPDR Fund
2016-04-26 00:00:00-04:00,35.034205524461626,35.21133074604402,34.96778286252957,35.063724517822266,13021500,0.0,0.0,0.0,XLU,Utilities Select Sector SPDR Fund
2016-04-27 00:00:00-04:00,35.16704495186825,35.77960689555152,35.05633959542524,35.572959899902344,24559200,0.0,0.0,0.0,XLU,Utilities Select Sector SPDR Fund
2016-04-28 00:00:00-04:00,35.26299726085096,35.609871521664715,35.05635020267511,35.52130889892578,20158000,0.0,0.0,0.0,XLU,Utilities Select Sector SPDR Fund
2016-04-29 00:00:00-04:00,35.37370016264277,35.772236159967896,35.108009497759355,35.73533248901367,20177200,0.0,0.0,0.0,XLU,Utilities Select Sector SPDR Fund
2016-05-02 00:00:00-04:00,35.75746841305174,36.200284226228675,35.71318570559233,36.02315902709961,16366600,0.0,0.0,0.0,XLU,Utilities Select Sector SPDR Fund
2016-05-03 00:00:00-04:00,35.99363327026367,36.18551935081138,35.79436533160607,35.99363327026367,15746700,0.0,0.0,0.0,XLU,Utilities Select Sector SPDR Fund
2016-05-04 00:00:00-04:00,36.00839929221945,36.643104042947094,35.897693927658345,36.41431427001953,17603900,0.0,0.0,0.0,XLU,Utilities Select Sector SPDR Fund
2016-05-05 00:00:00-04:00,36.31099448144247,36.716909500792354,36.141248302999955,36.27409362792969,15826500,0.0,0.0,0.0,XLU,Utilities Select Sector SPDR Fund
2016-05-06 00:00:00-04:00,36.09696652429321,36.22243280791116,35.7131914440423,36.037925720214844,20053600,0.0,0.0,0.0,XLU,Utilities Select Sector SPDR Fund
2016-05-09 00:00:00-04:00,36.06006839882858,36.2962372637246,35.98626386895173,36.24457550048828,11231800,0.0,0.0,0.0,XLU,Utilities Select Sector SPDR Fund
2016-05-10 00:00:00-04:00,36.281471252441406,36.4143165721716,36.14862593271121,36.281471252441406,13257900,0.0,0.0,0.0,XLU,Utilities Select Sector SPDR Fund
2016-05-11 00:00:00-04:00,36.288848002493324,36.44383607594974,36.08958285085034,36.41431427001953,12173900,0.0,0.0,0.0,XLU,Utilities Select Sector SPDR Fund
2016-05-12 00:00:00-04:00,36.35527677642072,36.687390110641296,36.22243425808734,36.62834930419922,17727700,0.0,0.0,0.0,XLU,Utilities Select Sector SPDR Fund
2016-05-13 00:00:00-04:00,36.53239356924985,36.61357711652704,36.27408484187149,36.451210021972656,12626600,0.0,0.0,0.0,XLU,Utilities Select Sector SPDR Fund
2016-05-16 00:00:00-04:00,36.32574869535105,36.5028738857309,36.1929033948891,36.4954948425293,11087100,0.0,0.0,0.0,XLU,Utilities Select Sector SPDR Fund
2016-05-17 00:00:00-04:00,36.377428030854745,36.46599066886115,35.683679389630605,35.87556838989258,17533000,0.0,0.0,0.0,XLU,Utilities Select Sector SPDR Fund
2016-05-18 00:00:00-04:00,35.66889984195733,35.94934849618591,35.08585696044654,35.203941345214844,27256500,0.0,0.0,0.0,XLU,Utilities Select Sector SPDR Fund
2016-05-19 00:00:00-04:00,35.071094785407304,35.56557224884957,34.87182686547642,35.55819320678711,19582800,0.0,0.0,0.0,XLU,Utilities Select Sector SPDR Fund
2016-05-20 00:00:00-04:00,35.639381408691406,35.6836612975664,35.366308955643255,35.639381408691406,15185700,0.0,0.0,0.0,XLU,Utilities Select Sector SPDR Fund
2016-05-23 00:00:00-04:00,35.632003445896615,35.72056886403746,35.277750219396374,35.3220329284668,12690200,0.0,0.0,0.0,XLU,Utilities Select Sector SPDR Fund
2016-05-24 00:00:00-04:00,35.38107237157278,35.72056749741529,35.32941062064432,35.67628479003906,13383300,0.0,0.0,0.0,XLU,Utilities Select Sector SPDR Fund
2016-05-25 00:00:00-04:00,35.484397303960435,35.683662440991185,35.322030198605134,35.572959899902344,14349900,0.0,0.0,0.0,XLU,Utilities Select Sector SPDR Fund
2016-05-26 00:00:00-04:00,35.528680327851085,36.02316073079397,35.528680327851085,35.978878021240234,13154500,0.0,0.0,0.0,XLU,Utilities Select Sector SPDR Fund
2016-05-27 00:00:00-04:00,35.97150305602998,36.10434556904498,35.853418632518526,36.037925720214844,15105500,0.0,0.0,0.0,XLU,Utilities Select Sector SPDR Fund
2016-05-31 00:00:00-04:00,35.97888116911814,36.303612621527115,35.971502124557446,36.27409362792969,15586200,0.0,0.0,0.0,XLU,Utilities Select Sector SPDR Fund
2016-06-01 00:00:00-04:00,36.26671355778075,36.41431979447091,36.192911847113066,36.37003707885742,11283100,0.0,0.0,0.0,XLU,Utilities Select Sector SPDR Fund
2016-06-02 00:00:00-04:00,36.340512434505676,36.38479232788086,36.02316006032988,36.38479232788086,7703700,0.0,0.0,0.0,XLU,Utilities Select Sector SPDR Fund
2016-06-03 00:00:00-04:00,36.864504775843116,37.15971433157795,36.68737679011916,36.96044921875,18718900,0.0,0.0,0.0,XLU,Utilities Select Sector SPDR Fund
2016-06-06 00:00:00-04:00,36.975220884898484,37.100687174070174,36.753812932933286,36.90879821777344,10842800,0.0,0.0,0.0,XLU,Utilities Select Sector SPDR Fund
2016-06-07 00:00:00-04:00,36.938332360826664,37.130221381186416,36.80548698222554,36.87929153442383,7904000,0.0,0.0,0.0,XLU,Utilities Select Sector SPDR Fund
2016-06-08 00:00:00-04:00,36.87189911107269,37.130210746750166,36.8202373470082,37.10068893432617,6765100,0.0,0.0,0.0,XLU,Utilities Select Sector SPDR Fund
2016-06-09 00:00:00-04:00,37.12282495230255,37.484460077788896,37.071163193712316,37.41803741455078,9702500,0.0,0.0,0.0,XLU,Utilities Select Sector SPDR Fund
2016-06-10 00:00:00-04:00,37.38113376309863,37.57301987845142,37.17448392884815,37.32209014892578,12911300,0.0,0.0,0.0,XLU,Utilities Select Sector SPDR Fund
2016-06-13 00:00:00-04:00,37.38112782205253,37.521352160395224,37.248282526631435,37.277801513671875,13071700,0.0,0.0,0.0,XLU,Utilities Select Sector SPDR Fund
2016-06-14 00:00:00-04:00,37.292581790426595,37.49923169919992,37.093313743764185,37.477088928222656,11606400,0.0,0.0,0.0,XLU,Utilities Select Sector SPDR Fund
2016-06-15 00:00:00-04:00,37.462306004497265,37.5361105054575,37.10805284594962,37.24089813232422,10891300,0.0,0.0,0.0,XLU,Utilities Select Sector SPDR Fund
2016-06-16 00:00:00-04:00,37.1966401058286,37.5582725193098,37.16711828809591,37.477088928222656,10027100,0.0,0.0,0.0,XLU,Utilities Select Sector SPDR Fund
2016-06-17 00:00:00-04:00,37.44136456371824,37.61994147933583,37.23302719415087,37.61249923706055,19211300,0.412,0.0,0.0,XLU,Utilities Select Sector SPDR Fund
2016-06-20 00:00:00-04:00,37.552978011312725,37.66458610747898,37.18838475171474,37.47113037109375,15937900,0.0,0.0,0.0,XLU,Utilities Select Sector SPDR Fund
2016-06-21 00:00:00-04:00,37.49344532867036,37.70178267835921,37.25534468948783,37.52320861816406,8669100,0.0,0.0,0.0,XLU,Utilities Select Sector SPDR Fund
2016-06-22 00:00:00-04:00,37.523208091138855,37.5827318309067,37.30742850291552,37.34463119506836,7980300,0.0,0.0,0.0,XLU,Utilities Select Sector SPDR Fund
2016-06-23 00:00:00-04:00,37.27766925116709,37.46368557046111,37.1958244549201,37.44880676269531,8425200,0.0,0.0,0.0,XLU,Utilities Select Sector SPDR Fund
2016-06-24 00:00:00-04:00,37.36695991500558,37.84316124828556,37.04701161201112,37.508331298828125,24191000,0.0,0.0,0.0,XLU,Utilities Select Sector SPDR Fund
2016-06-27 00:00:00-04:00,37.46368188803982,38.0738151282816,37.41159755082773,37.96964645385742,16787300,0.0,0.0,0.0,XLU,Utilities Select Sector SPDR Fund
2016-06-28 00:00:00-04:00,37.98453038097187,38.13334399839845,37.672024338921354,38.11102294921875,13207300,0.0,0.0,0.0,XLU,Utilities Select Sector SPDR Fund
2016-06-29 00:00:00-04:00,38.28958863127802,38.39375728914118,38.08125131555172,38.21518325805664,14013400,0.0,0.0,0.0,XLU,Utilities Select Sector SPDR Fund
2016-06-30 00:00:00-04:00,38.386328919348294,39.08574927914406,38.21519424104881,39.041107177734375,17372400,0.0,0.0,0.0,XLU,Utilities Select Sector SPDR Fund
2016-07-01 00:00:00-04:00,39.25687553893271,39.25687553893271,38.64674235118128,39.04853820800781,17480800,0.0,0.0,0.0,XLU,Utilities Select Sector SPDR Fund
2016-07-05 00:00:00-04:00,39.16759138954942,39.39825262169315,39.048541071948925,39.33872604370117,12553400,0.0,0.0,0.0,XLU,Utilities Select Sector SPDR Fund
2016-07-06 00:00:00-04:00,39.29408066345242,39.450333660042816,39.06341945059287,39.420570373535156,15102700,0.0,0.0,0.0,XLU,Utilities Select Sector SPDR Fund
2016-07-07 00:00:00-04:00,39.28663871924493,39.30896260348583,38.61698179806598,38.69138717651367,22718600,0.0,0.0,0.0,XLU,Utilities Select Sector SPDR Fund
2016-07-08 00:00:00-04:00,38.356563387021446,39.11551028890377,38.2747157547032,39.09318923950195,16092400,0.0,0.0,0.0,XLU,Utilities Select Sector SPDR Fund
2016-07-11 00:00:00-04:00,38.97412851517133,39.093178810862206,38.60953538802763,39.06341552734375,14506000,0.0,0.0,0.0,XLU,Utilities Select Sector SPDR Fund
2016-07-12 00:00:00-04:00,38.80299702464483,38.95925001815485,38.50536984220208,38.52769088745117,18002300,0.0,0.0,0.0,XLU,Utilities Select Sector SPDR Fund
2016-07-13 00:00:00-04:00,38.69138089632597,38.8327522277832,38.602093889004706,38.8327522277832,14604700,0.0,0.0,0.0,XLU,Utilities Select Sector SPDR Fund
2016-07-14 00:00:00-04:00,38.44585241319915,38.75836131292035,38.40121031208459,38.57978439331055,17361300,0.0,0.0,0.0,XLU,Utilities Select Sector SPDR Fund
2016-07-15 00:00:00-04:00,38.535134178743576,38.78811643920226,38.5053708920112,38.69138717651367,12951700,0.0,0.0,0.0,XLU,Utilities Select Sector SPDR Fund
2016-07-18 00:00:00-04:00,38.7360354221206,38.922051722544644,38.72859318060888,38.803001403808594,11168100,0.0,0.0,0.0,XLU,Utilities Select Sector SPDR Fund
2016-07-19 00:00:00-04:00,38.765794843416515,38.84764246757062,38.55745750075764,38.73603439331055,10682000,0.0,0.0,0.0,XLU,Utilities Select Sector SPDR Fund
2016-07-20 00:00:00-04:00,38.68394723053311,38.773234251092546,38.453286019172744,38.51280975341797,11599600,0.0,0.0,0.0,XLU,Utilities Select Sector SPDR Fund
2016-07-21 00:00:00-04:00,38.34168850663905,38.77324779378023,38.297046399958376,38.74348449707031,13259200,0.0,0.0,0.0,XLU,Utilities Select Sector SPDR Fund
2016-07-22 00:00:00-04:00,38.646744674735515,39.29408342911478,38.60954198317409,39.25687789916992,13220700,0.0,0.0,0.0,XLU,Utilities Select Sector SPDR Fund
2016-07-25 00:00:00-04:00,39.20480398101936,39.24200952085067,38.951821637441014,39.18992233276367,7155300,0.0,0.0,0.0,XLU,Utilities Select Sector SPDR Fund
2016-07-26 00:00:00-04:00,39.20479577412841,39.23455906440932,38.73603672493016,38.8476448059082,12509100,0.0,0.0,0.0,XLU,Utilities Select Sector SPDR Fund
2016-07-27 00:00:00-04:00,38.75835408979359,38.80299902097183,38.06637326763903,38.40120315551758,22559800,0.0,0.0,0.0,XLU,Utilities Select Sector SPDR Fund
2016-07-28 00:00:00-04:00,38.37888745612643,38.616988112149656,38.28959758132993,38.55002212524414,9115800,0.0,0.0,0.0,XLU,Utilities Select Sector SPDR Fund
2016-07-29 00:00:00-04:00,38.55745500823915,38.90716652942405,38.49048903265871,38.78067398071289,15474700,0.0,0.0,0.0,XLU,Utilities Select Sector SPDR Fund
2016-08-01 00:00:00-04:00,38.68395108507255,38.89228843326476,38.66162719892089,38.803001403808594,11658500,0.0,0.0,0.0,XLU,Utilities Select Sector SPDR Fund
2016-08-02 00:00:00-04:00,38.602106466350236,38.69883290647088,38.371445214034864,38.55002212524414,13705500,0.0,0.0,0.0,XLU,Utilities Select Sector SPDR Fund
2016-08-03 00:00:00-04:00,38.550023903335315,38.61698989332959,38.20031230687813,38.31936264038086,11405300,0.0,0.0,0.0,XLU,Utilities Select Sector SPDR Fund
2016-08-04 00:00:00-04:00,38.364008838871655,38.5872278667169,38.192874156244166,38.29704284667969,12272000,0.0,0.0,0.0,XLU,Utilities Select Sector SPDR Fund
2016-08-05 00:00:00-04:00,38.08125167337331,38.163099287715724,37.7241007694653,37.746421813964844,26952100,0.0,0.0,0.0,XLU,Utilities Select Sector SPDR Fund
2016-08-08 00:00:00-04:00,37.7315559387207,38.07382534319511,37.634829479880715,37.7315559387207,13526700,0.0,0.0,0.0,XLU,Utilities Select Sector SPDR Fund
2016-08-09 00:00:00-04:00,37.78363339512979,37.925007612594335,37.62738037008516,37.7241096496582,10094200,0.0,0.0,0.0,XLU,Utilities Select Sector SPDR Fund
2016-08-10 00:00:00-04:00,37.81340358726551,37.90269064095791,37.634829479880715,37.7315559387207,8490800,0.0,0.0,0.0,XLU,Utilities Select Sector SPDR Fund
2016-08-11 00:00:00-04:00,37.724105843711264,37.843156161027316,37.6124949294347,37.82083511352539,9481500,0.0,0.0,0.0,XLU,Utilities Select Sector SPDR Fund
2016-08-12 00:00:00-04:00,37.95477342616848,38.14823201263507,37.86548637615997,37.872928619384766,12161400,0.0,0.0,0.0,XLU,Utilities Select Sector SPDR Fund
2016-08-15 00:00:00-04:00,37.87292195214622,38.00685392277335,37.29254913330078,37.29254913330078,12634400,0.0,0.0,0.0,XLU,Utilities Select Sector SPDR Fund
2016-08-16 00:00:00-04:00,37.2032692256742,37.22559027892667,36.85355758666992,36.85355758666992,20181600,0.0,0.0,0.0,XLU,Utilities Select Sector SPDR Fund
2016-08-17 00:00:00-04:00,36.80891543607206,37.47857257830151,36.526169795548064,37.40416717529297,28456600,0.0,0.0,0.0,XLU,Utilities Select Sector SPDR Fund
2016-08-18 00:00:00-04:00,37.39671663321887,37.865478515625,37.329750650018,37.865478515625,13944500,0.0,0.0,0.0,XLU,Utilities Select Sector SPDR Fund
2016-08-19 00:00:00-04:00,37.60506516947706,37.76131821882551,37.20326918110888,37.40416717529297,14698000,0.0,0.0,0.0,XLU,Utilities Select Sector SPDR Fund
2016-08-22 00:00:00-04:00,37.463679481247055,37.6645774140374,37.38927410097655,37.500885009765625,9101800,0.0,0.0,0.0,XLU,Utilities Select Sector SPDR Fund
2016-08-23 00:00:00-04:00,37.56041153114535,37.73898843077143,37.31487148734095,37.33719253540039,9578700,0.0,0.0,0.0,XLU,Utilities Select Sector SPDR Fund
2016-08-24 00:00:00-04:00,37.27766646625377,37.381837981518416,37.03212641908886,37.32231140136719,8048300,0.0,0.0,0.0,XLU,Utilities Select Sector SPDR Fund
2016-08-25 00:00:00-04:00,37.28510745530051,37.47112375444818,37.27766521383986,37.34463119506836,7222800,0.0,0.0,0.0,XLU,Utilities Select Sector SPDR Fund
2016-08-26 00:00:00-04:00,37.36696580173766,37.619948154695074,36.54105274242424,36.57081604003906,20911000,0.0,0.0,0.0,XLU,Utilities Select Sector SPDR Fund
2016-08-29 00:00:00-04:00,36.68241099081774,36.95771429904493,36.645208301335686,36.86842727661133,13015700,0.0,0.0,0.0,XLU,Utilities Select Sector SPDR Fund
2016-08-30 00:00:00-04:00,36.83866106208827,37.017237931147164,36.43686807387607,36.481510162353516,12261500,0.0,0.0,0.0,XLU,Utilities Select Sector SPDR Fund
2016-08-31 00:00:00-04:00,36.44431283372194,36.64521077655475,36.362465208303,36.63032913208008,11502100,0.0,0.0,0.0,XLU,Utilities Select Sector SPDR Fund
2016-09-01 00:00:00-04:00,36.53359625426604,36.660088800617046,36.399664305604105,36.44430923461914,15982000,0.0,0.0,0.0,XLU,Utilities Select Sector SPDR Fund
2016-09-02 00:00:00-04:00,36.5782478636106,36.96516213725399,36.503842473379976,36.92795944213867,16271000,0.0,0.0,0.0,XLU,Utilities Select Sector SPDR Fund
2016-09-06 00:00:00-04:00,37.12141650483079,37.374398814518685,37.01724781937997,37.32975387573242,15259100,0.0,0.0,0.0,XLU,Utilities Select Sector SPDR Fund
2016-09-07 00:00:00-04:00,37.352074180234524,37.419040162796364,37.12141294288074,37.33719253540039,11490700,0.0,0.0,0.0,XLU,Utilities Select Sector SPDR Fund
2016-09-08 00:00:00-04:00,37.08420450252081,37.50832138021986,37.08420450252081,37.46367645263672,12841600,0.0,0.0,0.0,XLU,Utilities Select Sector SPDR Fund
2016-09-09 00:00:00-04:00,37.09165387179488,37.136298811374935,36.04252191792644,36.057403564453125,25759100,0.0,0.0,0.0,XLU,Utilities Select Sector SPDR Fund
2016-09-12 00:00:00-04:00,35.99787212095482,36.77169770622373,35.99787212095482,36.69729232788086,25532300,0.0,0.0,0.0,XLU,Utilities Select Sector SPDR Fund
2016-09-13 00:00:00-04:00,36.57824419084864,36.62288912353451,36.02763470792325,36.19132995605469,22296900,0.0,0.0,0.0,XLU,Utilities Select Sector SPDR Fund
2016-09-14 00:00:00-04:00,36.32527183747178,36.622899126570175,36.169018787968014,36.33271408081055,15229800,0.0,0.0,0.0,XLU,Utilities Select Sector SPDR Fund
2016-09-15 00:00:00-04:00,36.29550803473968,36.67498296496751,36.20622098460896,36.60801696777344,25261800,0.0,0.0,0.0,XLU,Utilities Select Sector SPDR Fund
2016-09-16 00:00:00-04:00,36.65753050491156,37.01772985493969,36.387385286271304,36.9651985168457,21724200,0.416,0.0,0.0,XLU,Utilities Select Sector SPDR Fund
2016-09-19 00:00:00-04:00,37.08526430371213,37.34790954589446,36.99521589679199,37.33290100097656,12530800,0.0,0.0,0.0,XLU,Utilities Select Sector SPDR Fund
2016-09-20 00:00:00-04:00,37.48298138050348,37.543012694053076,37.24285040113096,37.26536178588867,12857900,0.0,0.0,0.0,XLU,Utilities Select Sector SPDR Fund
2016-09-21 00:00:00-04:00,37.33290513035018,38.05329819056808,37.25786526004781,38.02328109741211,19405100,0.0,0.0,0.0,XLU,Utilities Select Sector SPDR Fund
2016-09-22 00:00:00-04:00,38.33095552052758,38.33845836321025,37.97826180009759,38.25591278076172,12035300,0.0,0.0,0.0,XLU,Utilities Select Sector SPDR Fund
2016-09-23 00:00:00-04:00,38.14334840329212,38.330950936388966,37.96324871198066,38.22589111328125,11003400,0.0,0.0,0.0,XLU,Utilities Select Sector SPDR Fund
2016-09-26 00:00:00-04:00,38.225892935602566,38.28592712309752,38.00077045767171,38.12834167480469,8052800,0.0,0.0,0.0,XLU,Utilities Select Sector SPDR Fund
2016-09-27 00:00:00-04:00,38.25591474186335,38.44351730701328,37.59555291101096,37.63307571411133,17939600,0.0,0.0,0.0,XLU,Utilities Select Sector SPDR Fund
2016-09-28 00:00:00-04:00,37.655575747060816,37.775641238035384,37.257859344942645,37.580535888671875,16619200,0.0,0.0,0.0,XLU,Utilities Select Sector SPDR Fund
2016-09-29 00:00:00-04:00,37.498004299841654,37.513012849629526,36.830139578516274,37.01774215698242,19247300,0.0,0.0,0.0,XLU,Utilities Select Sector SPDR Fund
2016-09-30 00:00:00-04:00,37.047746094605436,37.31789419050896,36.574989789361645,36.76259231567383,14836300,0.0,0.0,0.0,XLU,Utilities Select Sector SPDR Fund
2016-10-03 00:00:00-04:00,36.77760256558398,36.77760256558398,36.027192367152594,36.24481201171875,19492700,0.0,0.0,0.0,XLU,Utilities Select Sector SPDR Fund
2016-10-04 00:00:00-04:00,36.222294221199775,36.25231131085397,35.269273094083225,35.48689270019531,25691800,0.0,0.0,0.0,XLU,Utilities Select Sector SPDR Fund
2016-10-05 00:00:00-04:00,35.569453591667816,35.847104634135746,35.27679113531742,35.411865234375,28171900,0.0,0.0,0.0,XLU,Utilities Select Sector SPDR Fund
2016-10-06 00:00:00-04:00,35.291791418419464,35.584450943616865,35.11169457026158,35.404354095458984,20195700,0.0,0.0,0.0,XLU,Utilities Select Sector SPDR Fund
2016-10-07 00:00:00-04:00,35.651984908945295,35.989670048413295,35.34431686244946,35.35932540893555,17215800,0.0,0.0,0.0,XLU,Utilities Select Sector SPDR Fund
2016-10-10 00:00:00-04:00,35.381843703296,35.682006079556736,35.381843703296,35.6519889831543,9774800,0.0,0.0,0.0,XLU,Utilities Select Sector SPDR Fund
2016-10-11 00:00:00-04:00,35.62946919186478,35.62946919186478,35.186727143370746,35.246761322021484,14347000,0.0,0.0,0.0,XLU,Utilities Select Sector SPDR Fund
2016-10-12 00:00:00-04:00,35.269280467511535,35.65949412683284,35.20924627565234,35.591957092285156,15427300,0.0,0.0,0.0,XLU,Utilities Select Sector SPDR Fund
2016-10-13 00:00:00-04:00,35.6519801293149,36.26731900239961,35.576940269532145,36.034690856933594,30542100,0.0,0.0,0.0,XLU,Utilities Select Sector SPDR Fund
2016-10-14 00:00:00-04:00,35.847077937089075,36.19226577200778,35.77954093785834,35.832069396972656,17948300,0.0,0.0,0.0,XLU,Utilities Select Sector SPDR Fund
2016-10-17 00:00:00-04:00,35.94465605953117,36.11725009243674,35.899630409064756,36.027198791503906,11439900,0.0,0.0,0.0,XLU,Utilities Select Sector SPDR Fund
2016-10-18 00:00:00-04:00,36.184778201356345,36.4099006729201,35.86960445109706,36.33485794067383,14761100,0.0,0.0,0.0,XLU,Utilities Select Sector SPDR Fund
2016-10-19 00:00:00-04:00,36.31233156087695,36.364860020469386,36.08720918225416,36.25230026245117,8502500,0.0,0.0,0.0,XLU,Utilities Select Sector SPDR Fund
2016-10-20 00:00:00-04:00,36.31985245717081,36.51495783691236,36.16226414987806,36.229801177978516,8930800,0.0,0.0,0.0,XLU,Utilities Select Sector SPDR Fund
2016-10-21 00:00:00-04:00,36.07221613474091,36.20729019244512,35.86210220612884,36.01968765258789,18153600,0.0,0.0,0.0,XLU,Utilities Select Sector SPDR Fund
2016-10-24 00:00:00-04:00,36.17725838887875,36.28982101205862,35.937127464509025,36.154747009277344,10744700,0.0,0.0,0.0,XLU,Utilities Select Sector SPDR Fund
2016-10-25 00:00:00-04:00,36.109734707287906,36.3798828125,36.06471193147754,36.3798828125,9886300,0.0,0.0,0.0,XLU,Utilities Select Sector SPDR Fund
2016-10-26 00:00:00-04:00,36.28233001653719,36.514958196191515,36.102233181555675,36.469932556152344,10851000,0.0,0.0,0.0,XLU,Utilities Select Sector SPDR Fund
2016-10-27 00:00:00-04:00,36.25980310128451,36.402379939808796,35.99716080332232,36.25230026245117,15554900,0.0,0.0,0.0,XLU,Utilities Select Sector SPDR Fund
2016-10-28 00:00:00-04:00,36.22980553570667,36.53747362015119,36.16977420494544,36.3648796081543,16463900,0.0,0.0,0.0,XLU,Utilities Select Sector SPDR Fund
2016-10-31 00:00:00-04:00,36.454929712836034,37.31039690213004,36.35737558310966,37.092777252197266,22715800,0.0,0.0,0.0,XLU,Utilities Select Sector SPDR Fund
2016-11-01 00:00:00-04:00,36.98771749986142,37.06275737088003,36.319852914998016,36.41740417480469,24154400,0.0,0.0,0.0,XLU,Utilities Select Sector SPDR Fund
2016-11-02 00:00:00-04:00,36.244812442032746,36.3423665705116,35.65949339633518,35.95965576171875,26491700,0.0,0.0,0.0,XLU,Utilities Select Sector SPDR Fund
2016-11-03 00:00:00-04:00,35.86961167499263,36.23731398058329,35.74204329836387,36.09473419189453,11820500,0.0,0.0,0.0,XLU,Utilities Select Sector SPDR Fund
2016-11-04 00:00:00-04:00,36.23730969062136,36.582497699844986,35.95965585214396,35.98217010498047,14557200,0.0,0.0,0.0,XLU,Utilities Select Sector SPDR Fund
2016-11-07 00:00:00-05:00,36.13225242388516,36.62001733834191,35.78706155489644,36.61251449584961,17728100,0.0,0.0,0.0,XLU,Utilities Select Sector SPDR Fund
2016-11-08 00:00:00-05:00,36.657543483898685,37.04025435533615,36.59751214603076,36.897674560546875,18847900,0.0,0.0,0.0,XLU,Utilities Select Sector SPDR Fund
2016-11-09 00:00:00-05:00,36.25231510592655,36.28232933613556,35.47939071064716,35.539424896240234,42810200,0.0,0.0,0.0,XLU,Utilities Select Sector SPDR Fund
2016-11-10 00:00:00-05:00,35.35182068508668,35.3893406180108,34.226205521838764,34.683956146240234,53123400,0.0,0.0,0.0,XLU,Utilities Select Sector SPDR Fund
2016-11-11 00:00:00-05:00,34.60891122656528,35.01413334669915,34.40630016649835,34.54137420654297,30951500,0.0,0.0,0.0,XLU,Utilities Select Sector SPDR Fund
2016-11-14 00:00:00-05:00,34.278736469559824,34.59390736392917,34.01609405758538,34.51886749267578,28190800,0.0,0.0,0.0,XLU,Utilities Select Sector SPDR Fund
2016-11-15 00:00:00-05:00,34.713969793651785,35.15671186495126,34.69896411080336,35.07416915893555,25191800,0.0,0.0,0.0,XLU,Utilities Select Sector SPDR Fund
2016-11-16 00:00:00-05:00,35.156714374192795,35.24676565323464,34.6089153083322,34.83403778076172,16817400,0.0,0.0,0.0,XLU,Utilities Select Sector SPDR Fund
2016-11-17 00:00:00-05:00,34.668951106008244,35.029147651157366,34.668951106008244,34.84154510498047,19199800,0.0,0.0,0.0,XLU,Utilities Select Sector SPDR Fund
2016-11-18 00:00:00-05:00,34.93909559991568,35.01413546555381,34.58640193372426,34.73648452758789,10698500,0.0,0.0,0.0,XLU,Utilities Select Sector SPDR Fund
2016-11-21 00:00:00-05:00,34.83403510581602,35.11168890099237,34.78150662836911,35.104183197021484,12298300,0.0,0.0,0.0,XLU,Utilities Select Sector SPDR Fund
2016-11-22 00:00:00-05:00,35.11919611201008,35.29179011117993,34.939099270523144,35.239261627197266,10643000,0.0,0.0,0.0,XLU,Utilities Select Sector SPDR Fund
2016-11-23 00:00:00-05:00,34.743986413695396,35.20923986555004,34.743986413695396,34.886566162109375,14153400,0.0,0.0,0.0,XLU,Utilities Select Sector SPDR Fund
2016-11-25 00:00:00-05:00,34.93910584014836,35.50941642887648,34.93910584014836,35.38935089111328,7866200,0.0,0.0,0.0,XLU,Utilities Select Sector SPDR Fund
2016-11-28 00:00:00-05:00,35.49439236209503,36.15475396240287,35.48688952164712,36.072208404541016,23431700,0.0,0.0,0.0,XLU,Utilities Select Sector SPDR Fund
2016-11-29 00:00:00-05:00,35.98217044295299,36.394895489387245,35.92213625160876,36.2223014831543,14447700,0.0,0.0,0.0,XLU,Utilities Select Sector SPDR Fund
2016-11-30 00:00:00-05:00,35.689505888538235,35.77204859612589,35.08167266845703,35.08167266845703,23467400,0.0,0.0,0.0,XLU,Utilities Select Sector SPDR Fund
2016-12-01 00:00:00-05:00,34.78900756998136,34.94659298074982,34.54887660235696,34.80401611328125,18366100,0.0,0.0,0.0,XLU,Utilities Select Sector SPDR Fund
2016-12-02 00:00:00-05:00,35.00664183209159,35.36683843455715,34.8865762979364,35.11920166015625,16399400,0.0,0.0,0.0,XLU,Utilities Select Sector SPDR Fund
2016-12-05 00:00:00-05:00,34.96910308004771,35.17171411327427,34.64642656741876,35.16421127319336,14888300,0.0,0.0,0.0,XLU,Utilities Select Sector SPDR Fund
2016-12-06 00:00:00-05:00,35.14920434354028,35.29178121231549,35.014130315190314,35.096675872802734,8422000,0.0,0.0,0.0,XLU,Utilities Select Sector SPDR Fund
2016-12-07 00:00:00-05:00,35.22424207533755,35.55442428588867,35.18672215029859,35.55442428588867,12902400,0.0,0.0,0.0,XLU,Utilities Select Sector SPDR Fund
2016-12-08 00:00:00-05:00,35.329310020030185,35.68200083183127,35.07417046330842,35.614463806152344,14395500,0.0,0.0,0.0,XLU,Utilities Select Sector SPDR Fund
2016-12-09 00:00:00-05:00,35.584443863496226,36.00467452989901,35.584443863496226,35.98966598510742,16018900,0.0,0.0,0.0,XLU,Utilities Select Sector SPDR Fund
2016-12-12 00:00:00-05:00,35.83959186670105,36.40239954770355,35.832089023826356,36.3648796081543,21980100,0.0,0.0,0.0,XLU,Utilities Select Sector SPDR Fund
2016-12-13 00:00:00-05:00,36.54497260508265,36.7700950635666,36.4098985574748,36.74007797241211,20217000,0.0,0.0,0.0,XLU,Utilities Select Sector SPDR Fund
2016-12-14 00:00:00-05:00,36.905174318819874,37.10027971368043,35.937144461895215,35.98217010498047,28353900,0.0,0.0,0.0,XLU,Utilities Select Sector SPDR Fund
2016-12-15 00:00:00-05:00,35.90711862903146,36.274820801616634,35.71951612237489,36.237300872802734,17821600,0.0,0.0,0.0,XLU,Utilities Select Sector SPDR Fund
2016-12-16 00:00:00-05:00,36.33051304611565,36.80784905570999,36.24716834234356,36.67904281616211,20119000,0.463,0.0,0.0,XLU,Utilities Select Sector SPDR Fund
2016-12-19 00:00:00-05:00,36.898751462941604,36.913905300900645,36.49718198277465,36.815406799316406,11650200,0.0,0.0,0.0,XLU,Utilities Select Sector SPDR Fund
2016-12-20 00:00:00-05:00,36.70933486361686,36.966944342636246,36.66387334721371,36.860870361328125,8663100,0.0,0.0,0.0,XLU,Utilities Select Sector SPDR Fund
2016-12-21 00:00:00-05:00,36.868461626045665,37.042726511445146,36.70177221814161,36.7093505859375,8444200,0.0,0.0,0.0,XLU,Utilities Select Sector SPDR Fund
2016-12-22 00:00:00-05:00,36.68659548286302,36.90632176704192,36.61840755704748,36.838130950927734,7465200,0.0,0.0,0.0,XLU,Utilities Select Sector SPDR Fund
2016-12-23 00:00:00-05:00,36.88359958207406,36.9745197243536,36.70933477174696,36.830562591552734,7778500,0.0,0.0,0.0,XLU,Utilities Select Sector SPDR Fund
2016-12-27 00:00:00-05:00,36.68660266026568,36.9517905038352,36.64871950841266,36.860870361328125,13134400,0.0,0.0,0.0,XLU,Utilities Select Sector SPDR Fund
2016-12-28 00:00:00-05:00,36.88361395840342,36.906343280257836,36.459314978552236,36.512351989746094,8829300,0.0,0.0,0.0,XLU,Utilities Select Sector SPDR Fund
2016-12-29 00:00:00-05:00,36.65630732473847,37.065449516666625,36.565384268487804,37.00483703613281,14677800,0.0,0.0,0.0,XLU,Utilities Select Sector SPDR Fund
2016-12-30 00:00:00-05:00,37.07301045228783,37.088164287871294,36.68659487065619,36.80024719238281,14027700,0.0,0.0,0.0,XLU,Utilities Select Sector SPDR Fund
2017-01-03 00:00:00-05:00,36.74723375401557,36.84573230325891,36.47447031937274,36.7093505859375,18880700,0.0,0.0,0.0,XLU,Utilities Select Sector SPDR Fund
2017-01-04 00:00:00-05:00,36.7623775173912,37.035140877229914,36.694186677431524,36.84572219848633,14550500,0.0,0.0,0.0,XLU,Utilities Select Sector SPDR Fund
2017-01-05 00:00:00-05:00,36.929059842379914,36.94421079032853,36.48960720409305,36.88359832763672,16306400,0.0,0.0,0.0,XLU,Utilities Select Sector SPDR Fund
2017-01-06 00:00:00-05:00,36.701761669862954,37.06544518142869,36.63357083080065,36.997257232666016,10967200,0.0,0.0,0.0,XLU,Utilities Select Sector SPDR Fund
2017-01-09 00:00:00-05:00,37.13364516970299,37.148799014372706,36.5047765125614,36.512351989746094,13847200,0.0,0.0,0.0,XLU,Utilities Select Sector SPDR Fund
2017-01-10 00:00:00-05:00,36.504751776438276,36.51990561083955,36.25471784426482,36.398677825927734,11224200,0.0,0.0,0.0,XLU,Utilities Select Sector SPDR Fund
2017-01-11 00:00:00-05:00,36.391111179576946,36.81541000851911,36.383535705086594,36.77752685546875,13397700,0.0,0.0,0.0,XLU,Utilities Select Sector SPDR Fund
2017-01-12 00:00:00-05:00,36.80024863261199,36.868439450256986,36.58810070673809,36.80782699584961,9410400,0.0,0.0,0.0,XLU,Utilities Select Sector SPDR Fund
2017-01-13 00:00:00-05:00,36.73207719744564,36.86088342776414,36.51992915962722,36.75480651855469,12173300,0.0,0.0,0.0,XLU,Utilities Select Sector SPDR Fund
2017-01-17 00:00:00-05:00,36.87602274761695,37.27759226575378,36.84571795913249,37.15636444091797,15326000,0.0,0.0,0.0,XLU,Utilities Select Sector SPDR Fund
2017-01-18 00:00:00-05:00,37.050284606509365,37.292740217905596,37.050284606509365,37.110897064208984,13230900,0.0,0.0,0.0,XLU,Utilities Select Sector SPDR Fund
2017-01-19 00:00:00-05:00,36.898751368794315,37.11089931908148,36.69417889231781,36.785099029541016,13800500,0.0,0.0,0.0,XLU,Utilities Select Sector SPDR Fund
2017-01-20 00:00:00-05:00,36.838136719651956,36.959364535027845,36.61841329136378,36.85329055786133,11874200,0.0,0.0,0.0,XLU,Utilities Select Sector SPDR Fund
2017-01-23 00:00:00-05:00,36.906331234816484,36.98967590814786,36.625992425674106,36.663875579833984,10625500,0.0,0.0,0.0,XLU,Utilities Select Sector SPDR Fund
2017-01-24 00:00:00-05:00,36.65629959106445,36.815410570484254,36.5881087584132,36.65629959106445,11049400,0.0,0.0,0.0,XLU,Utilities Select Sector SPDR Fund
2017-01-25 00:00:00-05:00,36.48961024673931,36.694182744693066,36.4517270931107,36.65629959106445,19230000,0.0,0.0,0.0,XLU,Utilities Select Sector SPDR Fund
2017-01-26 00:00:00-05:00,36.641147702664284,36.845720211511356,36.50476603009957,36.67145538330078,11488200,0.0,0.0,0.0,XLU,Utilities Select Sector SPDR Fund
2017-01-27 00:00:00-05:00,36.73964477845314,36.853294240932776,36.58810927151423,36.663875579833984,7228800,0.0,0.0,0.0,XLU,Utilities Select Sector SPDR Fund
2017-01-30 00:00:00-05:00,36.67902950984824,36.81541117739904,36.47445700852204,36.694183349609375,9319900,0.0,0.0,0.0,XLU,Utilities Select Sector SPDR Fund
2017-01-31 00:00:00-05:00,36.72448765730425,37.292743589825534,36.68660161623019,37.26243591308594,15916500,0.0,0.0,0.0,XLU,Utilities Select Sector SPDR Fund
2017-02-01 00:00:00-05:00,37.06544108437169,37.080594923632674,36.51233895769264,36.61841583251953,24379500,0.0,0.0,0.0,XLU,Utilities Select Sector SPDR Fund
2017-02-02 00:00:00-05:00,36.732073647980734,37.00483703613281,36.51234726415823,37.00483703613281,15661100,0.0,0.0,0.0,XLU,Utilities Select Sector SPDR Fund
2017-02-03 00:00:00-05:00,37.11090926106776,37.201829422648416,36.96695209770674,37.050296783447266,11336600,0.0,0.0,0.0,XLU,Utilities Select Sector SPDR Fund
2017-02-06 00:00:00-05:00,37.19424797494533,37.21697728911614,36.936638483245076,36.97452163696289,7042000,0.0,0.0,0.0,XLU,Utilities Select Sector SPDR Fund
2017-02-07 00:00:00-05:00,37.03514015490889,37.12606030964863,36.9366416345994,37.06544494628906,6109100,0.0,0.0,0.0,XLU,Utilities Select Sector SPDR Fund
2017-02-08 00:00:00-05:00,37.156370992347306,37.497325213033776,37.08818014821001,37.429134368896484,15882000,0.0,0.0,0.0,XLU,Utilities Select Sector SPDR Fund
2017-02-09 00:00:00-05:00,37.39123582295483,37.48215884495258,37.01997693251012,37.110897064208984,14496000,0.0,0.0,0.0,XLU,Utilities Select Sector SPDR Fund
2017-02-10 00:00:00-05:00,37.01240454640756,37.39882022655736,37.00482907183374,37.34578323364258,9479600,0.0,0.0,0.0,XLU,Utilities Select Sector SPDR Fund
2017-02-13 00:00:00-05:00,37.37609721288047,37.56551590244836,37.24729100101839,37.52762985229492,13042800,0.0,0.0,0.0,XLU,Utilities Select Sector SPDR Fund
2017-02-14 00:00:00-05:00,37.474601608024905,37.489755453567675,37.05788097165045,37.25487518310547,18784300,0.0,0.0,0.0,XLU,Utilities Select Sector SPDR Fund
2017-02-15 00:00:00-05:00,36.98966801609883,37.1790866367836,36.860864741376595,37.16393280029297,18925400,0.0,0.0,0.0,XLU,Utilities Select Sector SPDR Fund
2017-02-16 00:00:00-05:00,37.171507216020174,37.550344417156666,37.171507216020174,37.53519058227539,14001100,0.0,0.0,0.0,XLU,Utilities Select Sector SPDR Fund
2017-02-17 00:00:00-05:00,37.633700119557844,37.67158616594978,37.34578582101598,37.55793380737305,9973500,0.0,0.0,0.0,XLU,Utilities Select Sector SPDR Fund
2017-02-21 00:00:00-05:00,37.50488767129297,38.03526039823971,37.376084393906716,37.9519157409668,11358500,0.0,0.0,0.0,XLU,Utilities Select Sector SPDR Fund
2017-02-22 00:00:00-05:00,37.9519196113924,38.18679977036069,37.800384118196696,38.11103057861328,16018600,0.0,0.0,0.0,XLU,Utilities Select Sector SPDR Fund
2017-02-23 00:00:00-05:00,38.27772214836387,38.641405619119666,38.19437747771788,38.50502395629883,15003600,0.0,0.0,0.0,XLU,Utilities Select Sector SPDR Fund
2017-02-24 00:00:00-05:00,38.633840023983666,39.088443756103516,38.633840023983666,39.088443756103516,18629700,0.0,0.0,0.0,XLU,Utilities Select Sector SPDR Fund
2017-02-27 00:00:00-05:00,39.012673428538704,39.04297822135103,38.81567637861,38.86871337890625,13982900,0.0,0.0,0.0,XLU,Utilities Select Sector SPDR Fund
2017-02-28 00:00:00-05:00,38.861128119075346,39.323310054120114,38.792937294391706,39.22481155395508,14410400,0.0,0.0,0.0,XLU,Utilities Select Sector SPDR Fund
2017-03-01 00:00:00-05:00,38.66414228304355,39.164207511684744,38.626259122902525,38.87629318237305,29121600,0.0,0.0,0.0,XLU,Utilities Select Sector SPDR Fund
2017-03-02 00:00:00-05:00,38.73989583720075,39.39907180621338,38.68685885637782,39.1566162109375,17372800,0.0,0.0,0.0,XLU,Utilities Select Sector SPDR Fund
2017-03-03 00:00:00-05:00,39.156624398915426,39.179353712507094,38.709596259717195,39.035396575927734,17575000,0.0,0.0,0.0,XLU,Utilities Select Sector SPDR Fund
2017-03-06 00:00:00-05:00,38.96720360845522,39.04296990980637,38.823246479768386,38.959625244140625,7616800,0.0,0.0,0.0,XLU,Utilities Select Sector SPDR Fund
2017-03-07 00:00:00-05:00,38.91418321458255,39.08087261699949,38.88387552499759,38.936912536621094,17951700,0.0,0.0,0.0,XLU,Utilities Select Sector SPDR Fund
2017-03-08 00:00:00-05:00,38.60352634861745,38.64140950536671,38.30045531402415,38.376224517822266,18393900,0.0,0.0,0.0,XLU,Utilities Select Sector SPDR Fund
2017-03-09 00:00:00-05:00,38.467149682645434,38.603531376946954,38.262577141193155,38.292884826660156,12842800,0.0,0.0,0.0,XLU,Utilities Select Sector SPDR Fund
2017-03-10 00:00:00-05:00,38.49744597704342,38.686864619714825,38.36863979707133,38.6110954284668,11491800,0.0,0.0,0.0,XLU,Utilities Select Sector SPDR Fund
2017-03-13 00:00:00-04:00,38.58078668984307,38.747476015700684,38.53532806664484,38.72474670410156,14058000,0.0,0.0,0.0,XLU,Utilities Select Sector SPDR Fund
2017-03-14 00:00:00-04:00,38.679288395560235,38.792940743571094,38.55806057315498,38.686866760253906,11670500,0.0,0.0,0.0,XLU,Utilities Select Sector SPDR Fund
2017-03-15 00:00:00-04:00,38.8232438275757,39.50514916404935,38.74747464110157,39.30815505981445,22619200,0.0,0.0,0.0,XLU,Utilities Select Sector SPDR Fund
2017-03-16 00:00:00-04:00,39.23239835605854,39.23239835605854,38.80052397179114,38.87629318237305,18728400,0.0,0.0,0.0,XLU,Utilities Select Sector SPDR Fund
2017-03-17 00:00:00-04:00,39.01140967218528,39.332052919470485,38.9656055741907,39.11065673828125,15128500,0.387,0.0,0.0,XLU,Utilities Select Sector SPDR Fund
2017-03-20 00:00:00-04:00,39.20226781915383,39.27861283619918,38.744209365940186,38.85108947753906,7148000,0.0,0.0,0.0,XLU,Utilities Select Sector SPDR Fund
2017-03-21 00:00:00-04:00,38.87399400703254,39.54581563857685,38.85109195658989,39.40076446533203,25417100,0.0,0.0,0.0,XLU,Utilities Select Sector SPDR Fund
2017-03-22 00:00:00-04:00,39.56108720288025,39.87409453233143,39.43130502562086,39.59162521362305,25252800,0.0,0.0,0.0,XLU,Utilities Select Sector SPDR Fund
2017-03-23 00:00:00-04:00,39.58398030909474,39.8282785152974,39.362587061905316,39.46946716308594,22565300,0.0,0.0,0.0,XLU,Utilities Select Sector SPDR Fund
2017-03-24 00:00:00-04:00,39.492371915142535,39.75957509866239,39.39312485199148,39.61452102661133,12407100,0.0,0.0,0.0,XLU,Utilities Select Sector SPDR Fund
2017-03-27 00:00:00-04:00,39.774845079321935,39.858823147719335,39.30915354848467,39.46183776855469,11821400,0.0,0.0,0.0,XLU,Utilities Select Sector SPDR Fund
2017-03-28 00:00:00-04:00,39.45419553277201,39.50000253548252,39.25570143329059,39.43129348754883,8477800,0.0,0.0,0.0,XLU,Utilities Select Sector SPDR Fund
2017-03-29 00:00:00-04:00,39.416038782300525,39.45420984227134,39.15647149732775,39.324424743652344,6955500,0.0,0.0,0.0,XLU,Utilities Select Sector SPDR Fund
2017-03-30 00:00:00-04:00,39.26333734369318,39.26333734369318,38.91215906011806,39.019039154052734,19711200,0.0,0.0,0.0,XLU,Utilities Select Sector SPDR Fund
2017-03-31 00:00:00-04:00,39.064854633538594,39.36259586921496,39.03431953512934,39.17173767089844,9991000,0.0,0.0,0.0,XLU,Utilities Select Sector SPDR Fund
2017-04-03 00:00:00-04:00,39.17173279012501,39.17173279012501,38.8052854444882,39.16409683227539,15475800,0.0,0.0,0.0,XLU,Utilities Select Sector SPDR Fund
2017-04-04 00:00:00-04:00,39.125919482161876,39.43129367717222,39.04957738954137,39.28623962402344,10134300,0.0,0.0,0.0,XLU,Utilities Select Sector SPDR Fund
2017-04-05 00:00:00-04:00,39.24044814570031,39.54581952659646,39.156470069467716,39.50764846801758,12649500,0.0,0.0,0.0,XLU,Utilities Select Sector SPDR Fund
2017-04-06 00:00:00-04:00,39.461841553861426,39.47711055978604,39.25571434227673,39.40840148925781,9388800,0.0,0.0,0.0,XLU,Utilities Select Sector SPDR Fund
2017-04-07 00:00:00-04:00,39.56109607535671,39.61453615000926,39.20991760984976,39.240455627441406,19918000,0.0,0.0,0.0,XLU,Utilities Select Sector SPDR Fund
2017-04-10 00:00:00-04:00,39.26334749599711,39.35495861273409,39.04195129430661,39.30915451049805,8484800,0.0,0.0,0.0,XLU,Utilities Select Sector SPDR Fund
2017-04-11 00:00:00-04:00,39.33204387689332,39.370214920534686,39.03430565932111,39.29387283325195,9844200,0.0,0.0,0.0,XLU,Utilities Select Sector SPDR Fund
2017-04-12 00:00:00-04:00,39.240438207831794,39.60688551946133,39.118289103955284,39.583980560302734,10521000,0.0,0.0,0.0,XLU,Utilities Select Sector SPDR Fund
2017-04-13 00:00:00-04:00,39.62978607814373,39.63741912273371,39.27860778171955,39.45419692993164,10856100,0.0,0.0,0.0,XLU,Utilities Select Sector SPDR Fund
2017-04-17 00:00:00-04:00,39.54581700358806,39.645064079373306,39.43893688148007,39.62979507446289,7272600,0.0,0.0,0.0,XLU,Utilities Select Sector SPDR Fund
2017-04-18 00:00:00-04:00,39.69085849734014,39.80537162942763,39.56870940908842,39.72139358520508,14707400,0.0,0.0,0.0,XLU,Utilities Select Sector SPDR Fund
2017-04-19 00:00:00-04:00,39.675592009209254,39.690861010240425,39.30914472125365,39.44655990600586,12517000,0.0,0.0,0.0,XLU,Utilities Select Sector SPDR Fund
2017-04-20 00:00:00-04:00,39.40075292035336,39.40075292035336,39.01140070332513,39.29387283325195,13482300,0.0,0.0,0.0,XLU,Utilities Select Sector SPDR Fund
2017-04-21 00:00:00-04:00,39.24045071662203,39.660338213029746,39.24045071662203,39.49238204956055,13258700,0.0,0.0,0.0,XLU,Utilities Select Sector SPDR Fund
2017-04-24 00:00:00-04:00,39.53053026173551,39.74429332230312,39.26333007635549,39.698486328125,18106700,0.0,0.0,0.0,XLU,Utilities Select Sector SPDR Fund
2017-04-25 00:00:00-04:00,39.58398928608334,39.70613841688605,39.42366909795446,39.64506530761719,10891600,0.0,0.0,0.0,XLU,Utilities Select Sector SPDR Fund
2017-04-26 00:00:00-04:00,39.637412751714805,39.820637827330906,39.48472858634246,39.52289962768555,9597400,0.0,0.0,0.0,XLU,Utilities Select Sector SPDR Fund
2017-04-27 00:00:00-04:00,39.50764459446391,39.85118991252091,39.47710658568889,39.66033172607422,9466500,0.0,0.0,0.0,XLU,Utilities Select Sector SPDR Fund
2017-04-28 00:00:00-04:00,39.60688526810797,39.660325318698284,39.34731805998461,39.46946716308594,9405700,0.0,0.0,0.0,XLU,Utilities Select Sector SPDR Fund
2017-05-01 00:00:00-04:00,39.56109115644749,39.56109115644749,39.133567700118434,39.23281478881836,10692500,0.0,0.0,0.0,XLU,Utilities Select Sector SPDR Fund
2017-05-02 00:00:00-04:00,39.27861022949219,39.423661383855176,39.11829007273345,39.27861022949219,9438600,0.0,0.0,0.0,XLU,Utilities Select Sector SPDR Fund
2017-05-03 00:00:00-04:00,39.33205539093233,39.37786240406986,39.11829515415348,39.141197204589844,10507200,0.0,0.0,0.0,XLU,Utilities Select Sector SPDR Fund
2017-05-04 00:00:00-04:00,39.02667605835895,39.32441432441502,39.019043013293285,39.27861022949219,14039100,0.0,0.0,0.0,XLU,Utilities Select Sector SPDR Fund
2017-05-05 00:00:00-04:00,39.39313496094099,39.63743324656967,39.354963899861254,39.49238204956055,10785300,0.0,0.0,0.0,XLU,Utilities Select Sector SPDR Fund
2017-05-08 00:00:00-04:00,39.52292265476184,39.56872967842016,39.278624353115056,39.477115631103516,8789700,0.0,0.0,0.0,XLU,Utilities Select Sector SPDR Fund
2017-05-09 00:00:00-04:00,39.44656458619193,39.47710259187749,39.11829121799795,39.1870002746582,7758900,0.0,0.0,0.0,XLU,Utilities Select Sector SPDR Fund
2017-05-10 00:00:00-04:00,39.21754319549476,39.33205928353958,39.03432094934116,39.24808120727539,8439800,0.0,0.0,0.0,XLU,Utilities Select Sector SPDR Fund
2017-05-11 00:00:00-04:00,39.14882275488553,39.301509857177734,38.98850260799763,39.301509857177734,7699200,0.0,0.0,0.0,XLU,Utilities Select Sector SPDR Fund
2017-05-12 00:00:00-04:00,39.39313496094099,39.57636013129515,39.3396948929763,39.49238204956055,7523100,0.0,0.0,0.0,XLU,Utilities Select Sector SPDR Fund
2017-05-15 00:00:00-04:00,39.50001154840256,39.72904078968562,39.454204535240024,39.66033172607422,6351100,0.0,0.0,0.0,XLU,Utilities Select Sector SPDR Fund
2017-05-16 00:00:00-04:00,39.5992493890595,39.71376544755834,39.32441317847377,39.37022018432617,7653100,0.0,0.0,0.0,XLU,Utilities Select Sector SPDR Fund
2017-05-17 00:00:00-04:00,39.46946716308594,39.65268936160576,39.2938780093943,39.46946716308594,15032800,0.0,0.0,0.0,XLU,Utilities Select Sector SPDR Fund
2017-05-18 00:00:00-04:00,39.55344395380262,39.81301115363293,39.27097179569089,39.60688400268555,16876000,0.0,0.0,0.0,XLU,Utilities Select Sector SPDR Fund
2017-05-19 00:00:00-04:00,39.59924801664463,39.75957107543945,39.37785477669183,39.75957107543945,9901300,0.0,0.0,0.0,XLU,Utilities Select Sector SPDR Fund
2017-05-22 00:00:00-04:00,39.698492944008116,40.164187269505845,39.67559089923416,40.103111267089844,7779300,0.0,0.0,0.0,XLU,Utilities Select Sector SPDR Fund
2017-05-23 00:00:00-04:00,40.171835653913014,40.446671945207356,40.103126581089434,40.21000671386719,15290200,0.0,0.0,0.0,XLU,Utilities Select Sector SPDR Fund
2017-05-24 00:00:00-04:00,40.248171525009596,40.5077387507879,40.209997561479184,40.439029693603516,7602300,0.0,0.0,0.0,XLU,Utilities Select Sector SPDR Fund
2017-05-25 00:00:00-04:00,40.523012842692985,40.83602016200439,40.42376576712647,40.767311096191406,16777300,0.0,0.0,0.0,XLU,Utilities Select Sector SPDR Fund
2017-05-26 00:00:00-04:00,40.7902131473741,40.858922213187086,40.69096607180759,40.767311096191406,7649600,0.0,0.0,0.0,XLU,Utilities Select Sector SPDR Fund
2017-05-30 00:00:00-04:00,40.79784003657956,40.99633415775639,40.68332688568319,40.89708709716797,6292300,0.0,0.0,0.0,XLU,Utilities Select Sector SPDR Fund
2017-05-31 00:00:00-04:00,40.94289410530081,41.24826541995866,40.89708709758312,41.103214263916016,12620700,0.0,0.0,0.0,XLU,Utilities Select Sector SPDR Fund
2017-06-01 00:00:00-04:00,40.99634041498341,41.400958851983056,40.950533400274715,41.39332580566406,11118600,0.0,0.0,0.0,XLU,Utilities Select Sector SPDR Fund
2017-06-02 00:00:00-04:00,41.70632824718417,41.70632824718417,41.31697594836447,41.439125061035156,9956600,0.0,0.0,0.0,XLU,Utilities Select Sector SPDR Fund
2017-06-05 00:00:00-04:00,41.43912358413545,41.47729754669947,41.2482654203732,41.30934143066406,7350000,0.0,0.0,0.0,XLU,Utilities Select Sector SPDR Fund
2017-06-06 00:00:00-04:00,41.4009498556239,41.4009498556239,41.16428469945328,41.21772766113281,7501200,0.0,0.0,0.0,XLU,Utilities Select Sector SPDR Fund
2017-06-07 00:00:00-04:00,41.21772930551406,41.45439155886205,41.14902025177269,41.35514450073242,7881300,0.0,0.0,0.0,XLU,Utilities Select Sector SPDR Fund
2017-06-08 00:00:00-04:00,41.271175374395554,41.30171047097143,40.75967391924081,41.0116081237793,13292600,0.0,0.0,0.0,XLU,Utilities Select Sector SPDR Fund
2017-06-09 00:00:00-04:00,40.88182333333285,41.00397245730025,40.683332098985126,40.97343444824219,13938200,0.0,0.0,0.0,XLU,Utilities Select Sector SPDR Fund
2017-06-12 00:00:00-04:00,41.0268721629012,41.19482536666875,40.668057883110784,40.89708709716797,12821100,0.0,0.0,0.0,XLU,Utilities Select Sector SPDR Fund
2017-06-13 00:00:00-04:00,40.851280007911626,41.0268720810116,40.752035859785764,40.996334075927734,8914900,0.0,0.0,0.0,XLU,Utilities Select Sector SPDR Fund
2017-06-14 00:00:00-04:00,41.2558987089631,41.43912090345419,41.08794260379271,41.21772766113281,15832100,0.0,0.0,0.0,XLU,Utilities Select Sector SPDR Fund
2017-06-15 00:00:00-04:00,41.10321316649283,41.500198485986864,41.10321316649283,41.45439147949219,15549500,0.0,0.0,0.0,XLU,Utilities Select Sector SPDR Fund
2017-06-16 00:00:00-04:00,41.57523802112744,41.72916396065267,41.49827358341827,41.64450454711914,17695800,0.437,0.0,0.0,XLU,Utilities Select Sector SPDR Fund
2017-06-19 00:00:00-04:00,41.6829723048426,41.70606016101198,41.359730574902514,41.505958557128906,17822300,0.0,0.0,0.0,XLU,Utilities Select Sector SPDR Fund
2017-06-20 00:00:00-04:00,41.55213971313289,41.58292254458582,41.45208743720686,41.529048919677734,7588500,0.0,0.0,0.0,XLU,Utilities Select Sector SPDR Fund
2017-06-21 00:00:00-04:00,41.52135354026907,41.58292213846598,41.067273751984004,41.28276824951172,10076600,0.0,0.0,0.0,XLU,Utilities Select Sector SPDR Fund
2017-06-22 00:00:00-04:00,41.221204420657,41.375127401904535,41.05958059291881,41.09036636352539,7931200,0.0,0.0,0.0,XLU,Utilities Select Sector SPDR Fund
2017-06-23 00:00:00-04:00,41.09806275465544,41.25198573021216,40.86717241953521,40.95183181762695,8643100,0.0,0.0,0.0,XLU,Utilities Select Sector SPDR Fund
2017-06-26 00:00:00-04:00,41.044188353179486,41.45978448960666,40.8979574189045,41.22889709472656,10355000,0.0,0.0,0.0,XLU,Utilities Select Sector SPDR Fund
2017-06-27 00:00:00-04:00,41.04419023695482,41.15963247174698,40.65167900534058,40.76712417602539,10478800,0.0,0.0,0.0,XLU,Utilities Select Sector SPDR Fund
2017-06-28 00:00:00-04:00,40.89026225170771,40.98261662204552,40.33613015789586,40.374610900878906,9288800,0.0,0.0,0.0,XLU,Utilities Select Sector SPDR Fund
2017-06-29 00:00:00-04:00,40.136031931342856,40.18990556325933,39.89744660721791,40.05137252807617,20595700,0.0,0.0,0.0,XLU,Utilities Select Sector SPDR Fund
2017-06-30 00:00:00-04:00,40.09754293436575,40.31304036936069,39.98979568481445,39.98979568481445,15112900,0.0,0.0,0.0,XLU,Utilities Select Sector SPDR Fund
2017-07-03 00:00:00-04:00,40.05136447803114,40.159111720207655,39.75121060742737,39.805084228515625,12704700,0.0,0.0,0.0,XLU,Utilities Select Sector SPDR Fund
2017-07-05 00:00:00-04:00,39.93591641610661,39.93591641610661,39.50492747881082,39.612674713134766,14002600,0.0,0.0,0.0,XLU,Utilities Select Sector SPDR Fund
2017-07-06 00:00:00-04:00,39.45106290344432,39.64346957626541,39.45106290344432,39.597293853759766,14036800,0.0,0.0,0.0,XLU,Utilities Select Sector SPDR Fund
2017-07-07 00:00:00-04:00,39.589590967553825,39.820481294637595,39.55111022500402,39.628074645996094,13263000,0.0,0.0,0.0,XLU,Utilities Select Sector SPDR Fund
2017-07-10 00:00:00-04:00,39.74352186818238,39.8358762490865,39.566508081494106,39.597293853759766,16313800,0.0,0.0,0.0,XLU,Utilities Select Sector SPDR Fund
2017-07-11 00:00:00-04:00,39.658855252209015,39.658855252209015,39.38178922397585,39.574195861816406,9055900,0.0,0.0,0.0,XLU,Utilities Select Sector SPDR Fund
2017-07-12 00:00:00-04:00,39.920521510479496,40.02826873934013,39.843560042976705,39.91282653808594,12143000,0.0,0.0,0.0,XLU,Utilities Select Sector SPDR Fund
2017-07-13 00:00:00-04:00,39.88974477635701,39.997492021671135,39.74351385552308,39.77429962158203,6921000,0.0,0.0,0.0,XLU,Utilities Select Sector SPDR Fund
2017-07-14 00:00:00-04:00,40.0359754982898,40.14372275096988,39.91283536152794,39.95901107788086,12607500,0.0,0.0,0.0,XLU,Utilities Select Sector SPDR Fund
2017-07-17 00:00:00-04:00,39.98211305404962,40.143733978271484,39.897453635868665,40.143733978271484,7669000,0.0,0.0,0.0,XLU,Utilities Select Sector SPDR Fund
2017-07-18 00:00:00-04:00,40.23608354916509,40.305350070655486,40.128336279267344,40.25917434692383,7890400,0.0,0.0,0.0,XLU,Utilities Select Sector SPDR Fund
2017-07-19 00:00:00-04:00,40.32843652246251,40.44387875524405,40.212991353788375,40.42848587036133,10669400,0.0,0.0,0.0,XLU,Utilities Select Sector SPDR Fund
2017-07-20 00:00:00-04:00,40.53623557179221,40.728642240583845,40.436186217863366,40.720947265625,8462500,0.0,0.0,0.0,XLU,Utilities Select Sector SPDR Fund
2017-07-21 00:00:00-04:00,40.72864466031613,41.01340866088867,40.59011455157728,41.01340866088867,9252000,0.0,0.0,0.0,XLU,Utilities Select Sector SPDR Fund
2017-07-24 00:00:00-04:00,41.03648308979297,41.03648308979297,40.56701047398789,40.62858200073242,10534800,0.0,0.0,0.0,XLU,Utilities Select Sector SPDR Fund
2017-07-25 00:00:00-04:00,40.54393691656749,40.659382101977364,40.351530231479714,40.397708892822266,10568100,0.0,0.0,0.0,XLU,Utilities Select Sector SPDR Fund
2017-07-26 00:00:00-04:00,40.390012809441814,40.78252410888672,40.32844419409139,40.78252410888672,8631200,0.0,0.0,0.0,XLU,Utilities Select Sector SPDR Fund
2017-07-27 00:00:00-04:00,40.66707003418812,40.882564544677734,40.62089138084355,40.882564544677734,9586900,0.0,0.0,0.0,XLU,Utilities Select Sector SPDR Fund
2017-07-28 00:00:00-04:00,40.82099151611328,40.93643373311727,40.62858488521444,40.82099151611328,9639000,0.0,0.0,0.0,XLU,Utilities Select Sector SPDR Fund
2017-07-31 00:00:00-04:00,40.774814397625974,41.051880426258435,40.71324580009227,40.95952606201172,11861300,0.0,0.0,0.0,XLU,Utilities Select Sector SPDR Fund
2017-08-01 00:00:00-04:00,41.021088045586964,41.267368267797885,40.98260731134622,41.190406799316406,10823100,0.0,0.0,0.0,XLU,Utilities Select Sector SPDR Fund
2017-08-02 00:00:00-04:00,41.10575088609584,41.375118984370275,40.8594706431329,41.36742401123047,8015900,0.0,0.0,0.0,XLU,Utilities Select Sector SPDR Fund
2017-08-03 00:00:00-04:00,41.42130373626232,41.57522964477539,41.23659499476064,41.57522964477539,10464700,0.0,0.0,0.0,XLU,Utilities Select Sector SPDR Fund
2017-08-04 00:00:00-04:00,41.3597277316031,41.482867849194776,41.167321114372875,41.39051055908203,17465400,0.0,0.0,0.0,XLU,Utilities Select Sector SPDR Fund
2017-08-07 00:00:00-04:00,41.43669147463283,41.5367437431246,41.328944232822685,41.5213508605957,5161400,0.0,0.0,0.0,XLU,Utilities Select Sector SPDR Fund
2017-08-08 00:00:00-04:00,41.4828620354346,41.69065856933594,41.428988425031804,41.69065856933594,7568700,0.0,0.0,0.0,XLU,Utilities Select Sector SPDR Fund
2017-08-09 00:00:00-04:00,41.75993494917678,41.867685131392186,41.444388183848055,41.47517395019531,8852200,0.0,0.0,0.0,XLU,Utilities Select Sector SPDR Fund
2017-08-10 00:00:00-04:00,41.413615199526646,41.68298337937708,41.321257878526815,41.606021881103516,9614800,0.0,0.0,0.0,XLU,Utilities Select Sector SPDR Fund
2017-08-11 00:00:00-04:00,41.513652719490594,41.59831210498056,41.21349885158408,41.3597297668457,9336300,0.0,0.0,0.0,XLU,Utilities Select Sector SPDR Fund
2017-08-14 00:00:00-04:00,41.36742880507941,41.6214069865064,41.359733831047876,41.59831619262695,11827800,0.0,0.0,0.0,XLU,Utilities Select Sector SPDR Fund
2017-08-15 00:00:00-04:00,41.3135599139343,41.859994145462636,41.29047205330128,41.82920837402344,9582300,0.0,0.0,0.0,XLU,Utilities Select Sector SPDR Fund
2017-08-16 00:00:00-04:00,41.75993461402291,42.021607754089956,41.75993461402291,41.99851989746094,7131800,0.0,0.0,0.0,XLU,Utilities Select Sector SPDR Fund
2017-08-17 00:00:00-04:00,41.90617910120972,42.044712157615166,41.667593740535196,41.69837951660156,8956300,0.0,0.0,0.0,XLU,Utilities Select Sector SPDR Fund
2017-08-18 00:00:00-04:00,41.559843010858664,42.144758028107475,41.559843010858664,41.94465637207031,14848800,0.0,0.0,0.0,XLU,Utilities Select Sector SPDR Fund
2017-08-21 00:00:00-04:00,42.06778219962256,42.16783446150432,41.90616134758493,42.098567962646484,5656000,0.0,0.0,0.0,XLU,Utilities Select Sector SPDR Fund
2017-08-22 00:00:00-04:00,42.12165909389798,42.198623507445355,41.97543111199624,42.19092559814453,8150300,0.0,0.0,0.0,XLU,Utilities Select Sector SPDR Fund
2017-08-23 00:00:00-04:00,42.17553424724981,42.344853027311515,42.03700123372519,42.32946014404297,7046300,0.0,0.0,0.0,XLU,Utilities Select Sector SPDR Fund
2017-08-24 00:00:00-04:00,42.30637726229232,42.39873163687213,42.221717862305574,42.29867935180664,7017400,0.0,0.0,0.0,XLU,Utilities Select Sector SPDR Fund
2017-08-25 00:00:00-04:00,42.39873696281803,42.59114364663262,42.2986846651844,42.437217712402344,7861800,0.0,0.0,0.0,XLU,Utilities Select Sector SPDR Fund
2017-08-28 00:00:00-04:00,42.58343428585441,42.58343428585441,42.3140632579751,42.51416778564453,7872700,0.0,0.0,0.0,XLU,Utilities Select Sector SPDR Fund
2017-08-29 00:00:00-04:00,42.58343393991789,42.652697503673075,42.414115177248796,42.421810150146484,7930300,0.0,0.0,0.0,XLU,Utilities Select Sector SPDR Fund
2017-08-30 00:00:00-04:00,42.39873163687213,42.43721238162266,42.237110747384314,42.29867935180664,5751100,0.0,0.0,0.0,XLU,Utilities Select Sector SPDR Fund
2017-08-31 00:00:00-04:00,42.33714497537002,42.42180434511973,42.275576392937616,42.30636215209961,10469500,0.0,0.0,0.0,XLU,Utilities Select Sector SPDR Fund
2017-09-01 00:00:00-04:00,42.36793992735044,42.4372064325483,42.052393167202894,42.175533294677734,11268700,0.0,0.0,0.0,XLU,Utilities Select Sector SPDR Fund
2017-09-05 00:00:00-04:00,42.25250040173147,42.3140690014461,42.04470087289631,42.28328323364258,9040400,0.0,0.0,0.0,XLU,Utilities Select Sector SPDR Fund
2017-09-06 00:00:00-04:00,42.32947050759051,42.39873703131138,42.01392366306055,42.090885162353516,11428700,0.0,0.0,0.0,XLU,Utilities Select Sector SPDR Fund
2017-09-07 00:00:00-04:00,42.12937751884841,42.45261940547923,42.090893825388314,42.40644073486328,12351700,0.0,0.0,0.0,XLU,Utilities Select Sector SPDR Fund
2017-09-08 00:00:00-04:00,42.34485607323664,42.6373150045914,42.26789165135776,42.606529235839844,9019900,0.0,0.0,0.0,XLU,Utilities Select Sector SPDR Fund
2017-09-11 00:00:00-04:00,42.529568006147144,43.02213153546535,42.521873031327935,42.968257904052734,10091600,0.0,0.0,0.0,XLU,Utilities Select Sector SPDR Fund
2017-09-12 00:00:00-04:00,42.9374735372305,42.9374735372305,42.02161590147808,42.252506256103516,18895300,0.0,0.0,0.0,XLU,Utilities Select Sector SPDR Fund
2017-09-13 00:00:00-04:00,42.214016472685024,42.24480224030525,42.01391485493837,42.044700622558594,10729100,0.0,0.0,0.0,XLU,Utilities Select Sector SPDR Fund
2017-09-14 00:00:00-04:00,42.02162045213022,42.42182672468966,41.898480286411406,42.398738861083984,10195400,0.0,0.0,0.0,XLU,Utilities Select Sector SPDR Fund
2017-09-15 00:00:00-04:00,42.52048766184449,42.58252586271815,42.26457231774178,42.45844650268555,8515100,0.417,0.0,0.0,XLU,Utilities Select Sector SPDR Fund
2017-09-18 00:00:00-04:00,42.427424755759766,42.458445334485745,41.7449897734996,42.024166107177734,15803500,0.0,0.0,0.0,XLU,Utilities Select Sector SPDR Fund
2017-09-19 00:00:00-04:00,42.09394732978027,42.124967898483625,41.87680926542532,41.93885040283203,15780000,0.0,0.0,0.0,XLU,Utilities Select Sector SPDR Fund
2017-09-20 00:00:00-04:00,42.00864612772313,42.10170784243461,41.46580091666219,41.62865447998047,19747000,0.0,0.0,0.0,XLU,Utilities Select Sector SPDR Fund
2017-09-21 00:00:00-04:00,41.66743005929605,41.89232477300936,41.56661467758239,41.62089920043945,10712300,0.0,0.0,0.0,XLU,Utilities Select Sector SPDR Fund
2017-09-22 00:00:00-04:00,41.73722911206884,41.791513640445274,41.279685974121094,41.279685974121094,11241900,0.0,0.0,0.0,XLU,Utilities Select Sector SPDR Fund
2017-09-25 00:00:00-04:00,41.34172970225237,41.706211135741675,41.271934881663334,41.65968322753906,11723300,0.0,0.0,0.0,XLU,Utilities Select Sector SPDR Fund
2017-09-26 00:00:00-04:00,41.64416776504092,41.729472863861304,41.50457814120478,41.58212661743164,10011100,0.0,0.0,0.0,XLU,Utilities Select Sector SPDR Fund
2017-09-27 00:00:00-04:00,41.295191992481946,41.45804556077385,40.822138615580556,41.02376937866211,12350800,0.0,0.0,0.0,XLU,Utilities Select Sector SPDR Fund
2017-09-28 00:00:00-04:00,40.87644147945647,41.27970022827569,40.76787238521397,41.1711311340332,14182500,0.0,0.0,0.0,XLU,Utilities Select Sector SPDR Fund
2017-09-29 00:00:00-04:00,41.186637075910966,41.31071645026291,40.9927628685932,41.140106201171875,12127100,0.0,0.0,0.0,XLU,Utilities Select Sector SPDR Fund
2017-10-02 00:00:00-04:00,41.11683350154089,41.4037664390495,41.070302636694215,41.20989227294922,16614300,0.0,0.0,0.0,XLU,Utilities Select Sector SPDR Fund
2017-10-03 00:00:00-04:00,41.23315356348705,41.240910186269765,40.837651591828504,41.09356689453125,9557500,0.0,0.0,0.0,XLU,Utilities Select Sector SPDR Fund
2017-10-04 00:00:00-04:00,41.11682934372805,41.52008792343254,40.99275000830241,41.50457763671875,12140500,0.0,0.0,0.0,XLU,Utilities Select Sector SPDR Fund
2017-10-05 00:00:00-04:00,41.489069005567586,41.551110154898424,41.279684564003254,41.46580505371094,12639200,0.0,0.0,0.0,XLU,Utilities Select Sector SPDR Fund
2017-10-06 00:00:00-04:00,41.27193035811681,41.450294222676135,41.11683044510899,41.434783935546875,10418200,0.0,0.0,0.0,XLU,Utilities Select Sector SPDR Fund
2017-10-09 00:00:00-04:00,41.512346295757375,41.58989775733898,41.434797792461545,41.48908233642578,7340700,0.0,0.0,0.0,XLU,Utilities Select Sector SPDR Fund
2017-10-10 00:00:00-04:00,41.58989073101685,41.900087650080344,41.45805474774377,41.892333984375,8326800,0.0,0.0,0.0,XLU,Utilities Select Sector SPDR Fund
2017-10-11 00:00:00-04:00,41.845791638847054,42.28007075637482,41.83803797526819,42.07068634033203,15469100,0.0,0.0,0.0,XLU,Utilities Select Sector SPDR Fund
2017-10-12 00:00:00-04:00,42.1172117076311,42.39638793435271,42.04741691137968,42.287818908691406,13668200,0.0,0.0,0.0,XLU,Utilities Select Sector SPDR Fund
2017-10-13 00:00:00-04:00,42.40415341686625,42.47394822770346,41.86906183930411,41.993141174316406,12712700,0.0,0.0,0.0,XLU,Utilities Select Sector SPDR Fund
2017-10-16 00:00:00-04:00,41.97762542835181,42.07068417793731,41.55885661779055,41.90007400512695,11246400,0.0,0.0,0.0,XLU,Utilities Select Sector SPDR Fund
2017-10-17 00:00:00-04:00,41.87682408861721,42.23355188012437,41.760498393945824,42.14824676513672,9599600,0.0,0.0,0.0,XLU,Utilities Select Sector SPDR Fund
2017-10-18 00:00:00-04:00,41.96987096410006,42.15599143112181,41.90783278061579,42.07068634033203,8691000,0.0,0.0,0.0,XLU,Utilities Select Sector SPDR Fund
2017-10-19 00:00:00-04:00,42.148245242373015,42.51272964477539,42.1017173328137,42.51272964477539,10285900,0.0,0.0,0.0,XLU,Utilities Select Sector SPDR Fund
2017-10-20 00:00:00-04:00,42.342112364771744,42.62904823123475,42.32660503635969,42.54374313354492,11231400,0.0,0.0,0.0,XLU,Utilities Select Sector SPDR Fund
2017-10-23 00:00:00-04:00,42.5359922093161,42.65231789598282,42.38864890338534,42.567012786865234,10611000,0.0,0.0,0.0,XLU,Utilities Select Sector SPDR Fund
2017-10-24 00:00:00-04:00,42.49721631096567,42.65231623438406,42.39640091700097,42.60578536987305,11335700,0.0,0.0,0.0,XLU,Utilities Select Sector SPDR Fund
2017-10-25 00:00:00-04:00,42.4274161395502,42.504967570615904,41.915588527655025,42.41966247558594,18331300,0.0,0.0,0.0,XLU,Utilities Select Sector SPDR Fund
2017-10-26 00:00:00-04:00,42.62129190274674,42.846186623974035,42.4119074683232,42.42741775512695,17329600,0.0,0.0,0.0,XLU,Utilities Select Sector SPDR Fund
2017-10-27 00:00:00-04:00,42.38089653469828,42.79190884580061,42.30334508845291,42.69109344482422,10366100,0.0,0.0,0.0,XLU,Utilities Select Sector SPDR Fund
2017-10-30 00:00:00-04:00,42.38089520048184,42.78415087512192,42.38089520048184,42.698848724365234,10057400,0.0,0.0,0.0,XLU,Utilities Select Sector SPDR Fund
2017-10-31 00:00:00-04:00,42.66782048592436,42.830674051244955,42.559251442377295,42.74536895751953,9532000,0.0,0.0,0.0,XLU,Utilities Select Sector SPDR Fund
2017-11-01 00:00:00-04:00,42.81516742169323,42.81516742169323,42.427419114034464,42.50497055053711,10879200,0.0,0.0,0.0,XLU,Utilities Select Sector SPDR Fund
2017-11-02 00:00:00-04:00,42.50497915353019,42.83844300227249,42.39640712045155,42.66007614135742,14726900,0.0,0.0,0.0,XLU,Utilities Select Sector SPDR Fund
2017-11-03 00:00:00-04:00,42.60578203689637,43.02455090988097,42.51272327343916,42.81516647338867,11632200,0.0,0.0,0.0,XLU,Utilities Select Sector SPDR Fund
2017-11-06 00:00:00-05:00,42.86945516907144,42.89272208091279,42.62905309356283,42.65231704711914,11996500,0.0,0.0,0.0,XLU,Utilities Select Sector SPDR Fund
2017-11-07 00:00:00-05:00,42.722109763121125,43.226183759452205,42.56700984438195,43.16414260864258,11324500,0.0,0.0,0.0,XLU,Utilities Select Sector SPDR Fund
2017-11-08 00:00:00-05:00,43.14087919830857,43.311486448608974,42.89272050852167,43.19516372680664,9584900,0.0,0.0,0.0,XLU,Utilities Select Sector SPDR Fund
2017-11-09 00:00:00-05:00,43.071083001222604,43.32699534761214,42.97026761226439,43.249446868896484,10762600,0.0,0.0,0.0,XLU,Utilities Select Sector SPDR Fund
2017-11-10 00:00:00-05:00,43.01680723678564,43.14864026911299,42.90048153673232,43.04782485961914,11036500,0.0,0.0,0.0,XLU,Utilities Select Sector SPDR Fund
2017-11-13 00:00:00-05:00,43.09434601303534,43.59841998854475,43.09434601303534,43.55964279174805,9822800,0.0,0.0,0.0,XLU,Utilities Select Sector SPDR Fund
2017-11-14 00:00:00-05:00,43.43556945642886,44.13351767924064,43.42006212550876,44.10249710083008,12373800,0.0,0.0,0.0,XLU,Utilities Select Sector SPDR Fund
2017-11-15 00:00:00-05:00,44.273105595114764,44.38167465702737,43.675972796310376,43.722503662109375,12065200,0.0,0.0,0.0,XLU,Utilities Select Sector SPDR Fund
2017-11-16 00:00:00-05:00,43.61393302114458,43.71474545596489,43.45107647588687,43.58291244506836,11441100,0.0,0.0,0.0,XLU,Utilities Select Sector SPDR Fund
2017-11-17 00:00:00-05:00,43.48984476585893,43.59841380159948,43.24168316637209,43.280460357666016,16650400,0.0,0.0,0.0,XLU,Utilities Select Sector SPDR Fund
2017-11-20 00:00:00-05:00,43.303739624143,43.358024161215965,43.07884485153478,43.14863967895508,9291900,0.0,0.0,0.0,XLU,Utilities Select Sector SPDR Fund
2017-11-21 00:00:00-05:00,43.27270727720392,43.3890329440362,43.14862794644897,43.26495361328125,7756000,0.0,0.0,0.0,XLU,Utilities Select Sector SPDR Fund
2017-11-22 00:00:00-05:00,43.23393304102136,43.35025870785364,43.10210004634373,43.26495361328125,5578900,0.0,0.0,0.0,XLU,Utilities Select Sector SPDR Fund
2017-11-24 00:00:00-05:00,43.28822407845467,43.5053622003852,43.264960124900696,43.334754943847656,5002200,0.0,0.0,0.0,XLU,Utilities Select Sector SPDR Fund
2017-11-27 00:00:00-05:00,43.3890219885606,43.59840636101961,43.28045297134863,43.52085494995117,7196800,0.0,0.0,0.0,XLU,Utilities Select Sector SPDR Fund
2017-11-28 00:00:00-05:00,43.62944193051137,43.80780877026501,43.536383157198436,43.722503662109375,9185500,0.0,0.0,0.0,XLU,Utilities Select Sector SPDR Fund
2017-11-29 00:00:00-05:00,43.5751592770701,43.9318900136627,43.42006230096092,43.74576950073242,15569400,0.0,0.0,0.0,XLU,Utilities Select Sector SPDR Fund
2017-11-30 00:00:00-05:00,43.80004960001799,43.98617009410674,43.71474449682252,43.89310836791992,15891500,0.0,0.0,0.0,XLU,Utilities Select Sector SPDR Fund
2017-12-01 00:00:00-05:00,44.0404590802532,44.12576419208437,43.50536445450689,43.74576950073242,24075900,0.0,0.0,0.0,XLU,Utilities Select Sector SPDR Fund
2017-12-04 00:00:00-05:00,43.76903083504063,43.939641048488525,43.42781336642986,43.49760818481445,13055800,0.0,0.0,0.0,XLU,Utilities Select Sector SPDR Fund
2017-12-05 00:00:00-05:00,43.56739135781382,43.56739135781382,42.737610382307956,42.94699478149414,19876000,0.0,0.0,0.0,XLU,Utilities Select Sector SPDR Fund
2017-12-06 00:00:00-05:00,43.01679688916921,43.19516075026985,42.87720726599744,43.10985565185547,9444800,0.0,0.0,0.0,XLU,Utilities Select Sector SPDR Fund
2017-12-07 00:00:00-05:00,43.032315281035196,43.19516888598044,42.84619476232257,43.18741226196289,11475200,0.0,0.0,0.0,XLU,Utilities Select Sector SPDR Fund
2017-12-08 00:00:00-05:00,43.133129287544605,43.334760103302095,42.96252201069449,43.327003479003906,9975300,0.0,0.0,0.0,XLU,Utilities Select Sector SPDR Fund
2017-12-11 00:00:00-05:00,43.2882244923756,43.61393463667087,43.16414514175956,43.590667724609375,15435400,0.0,0.0,0.0,XLU,Utilities Select Sector SPDR Fund
2017-12-12 00:00:00-05:00,43.427810047546664,43.48209457344331,42.82292363996411,42.846187591552734,21550500,0.0,0.0,0.0,XLU,Utilities Select Sector SPDR Fund
2017-12-13 00:00:00-05:00,42.96251678466797,43.20291885953197,42.83843743555863,42.96251678466797,17385100,0.0,0.0,0.0,XLU,Utilities Select Sector SPDR Fund
2017-12-14 00:00:00-05:00,42.92374097321911,43.10210781672687,42.574769826379466,42.908233642578125,13143600,0.0,0.0,0.0,XLU,Utilities Select Sector SPDR Fund
2017-12-15 00:00:00-05:00,43.04990451816984,43.22210509171803,42.924668551733234,43.06555938720703,13637600,0.511,0.0,0.0,XLU,Utilities Select Sector SPDR Fund
2017-12-18 00:00:00-05:00,43.104679913032015,43.229915835440806,42.52546489158885,42.58808135986328,19403500,0.0,0.0,0.0,XLU,Utilities Select Sector SPDR Fund
2017-12-19 00:00:00-05:00,42.588101595165625,42.6428921506364,41.78972109076978,41.813201904296875,14887500,0.0,0.0,0.0,XLU,Utilities Select Sector SPDR Fund
2017-12-20 00:00:00-05:00,41.78189166055697,41.93060844358362,41.4609742970755,41.48445510864258,15756000,0.0,0.0,0.0,XLU,Utilities Select Sector SPDR Fund
2017-12-21 00:00:00-05:00,41.19485097423199,41.20267691679695,40.826968970590876,40.99134063720703,19934900,0.0,0.0,0.0,XLU,Utilities Select Sector SPDR Fund
2017-12-22 00:00:00-05:00,41.03829258257153,41.2104931244595,41.01481177626332,41.05394744873047,11471700,0.0,0.0,0.0,XLU,Utilities Select Sector SPDR Fund
2017-12-26 00:00:00-05:00,41.100913590962115,41.22614954817516,40.80348005874412,40.81130599975586,8243700,0.0,0.0,0.0,XLU,Utilities Select Sector SPDR Fund
2017-12-27 00:00:00-05:00,40.96002825339063,41.06178042206155,40.87392796769914,40.9835090637207,10616400,0.0,0.0,0.0,XLU,Utilities Select Sector SPDR Fund
2017-12-28 00:00:00-05:00,41.06177905371748,41.2261506922723,40.99133363921386,41.21049880981445,4910800,0.0,0.0,0.0,XLU,Utilities Select Sector SPDR Fund
2017-12-29 00:00:00-05:00,41.33572959518812,41.41400094112093,41.14787418474475,41.23397445678711,7030100,0.0,0.0,0.0,XLU,Utilities Select Sector SPDR Fund
2018-01-02 00:00:00-05:00,41.22614884422771,41.28094237381725,40.725205023929306,40.850440979003906,12270000,0.0,0.0,0.0,XLU,Utilities Select Sector SPDR Fund
2018-01-03 00:00:00-05:00,40.70172632368083,40.999162852087224,40.388634926846635,40.52952575683594,20807900,0.0,0.0,0.0,XLU,Utilities Select Sector SPDR Fund
2018-01-04 00:00:00-05:00,40.40428360027608,40.67041035102292,40.114676043418164,40.19294738769531,14971800,0.0,0.0,0.0,XLU,Utilities Select Sector SPDR Fund
2018-01-05 00:00:00-05:00,40.333842203619966,40.39646167395182,39.973789206793896,40.17729949951172,23416300,0.0,0.0,0.0,XLU,Utilities Select Sector SPDR Fund
2018-01-08 00:00:00-05:00,40.247743581560755,40.58431578379704,40.169472226284746,40.553009033203125,14300500,0.0,0.0,0.0,XLU,Utilities Select Sector SPDR Fund
2018-01-09 00:00:00-05:00,40.54517896018465,40.560833827969546,40.091199737865686,40.15381622314453,15438700,0.0,0.0,0.0,XLU,Utilities Select Sector SPDR Fund
2018-01-10 00:00:00-05:00,39.918999559964085,39.98161903170268,39.629391967824965,39.715492248535156,15562000,0.0,0.0,0.0,XLU,Utilities Select Sector SPDR Fund
2018-01-11 00:00:00-05:00,39.67635355052194,39.85638005281935,39.43371056240232,39.5667724609375,16545500,0.0,0.0,0.0,XLU,Utilities Select Sector SPDR Fund
2018-01-12 00:00:00-05:00,39.44937061940064,39.66070389947706,39.22237948348313,39.339786529541016,18635300,0.0,0.0,0.0,XLU,Utilities Select Sector SPDR Fund
2018-01-16 00:00:00-05:00,39.49633950630538,39.60592063045431,39.02670526399236,39.25369644165039,27292800,0.0,0.0,0.0,XLU,Utilities Select Sector SPDR Fund
2018-01-17 00:00:00-05:00,39.31629994697834,39.60590753444828,39.2615094030208,39.4963264465332,23451600,0.0,0.0,0.0,XLU,Utilities Select Sector SPDR Fund
2018-01-18 00:00:00-05:00,39.49633684530409,39.50416577413681,39.04235750643585,39.24586486816406,21329700,0.0,0.0,0.0,XLU,Utilities Select Sector SPDR Fund
2018-01-19 00:00:00-05:00,39.40239737157049,39.48849764465451,39.08148007198671,39.12844467163086,18631900,0.0,0.0,0.0,XLU,Utilities Select Sector SPDR Fund
2018-01-22 00:00:00-05:00,39.31631236578434,39.56678435609535,39.12063093673752,39.183250427246094,20536500,0.0,0.0,0.0,XLU,Utilities Select Sector SPDR Fund
2018-01-23 00:00:00-05:00,39.3319611921359,39.84073402379158,39.214551158411915,39.55895233154297,26673900,0.0,0.0,0.0,XLU,Utilities Select Sector SPDR Fund
2018-01-24 00:00:00-05:00,39.49632976786752,39.52763950586494,39.25368676303996,39.31630325317383,19531400,0.0,0.0,0.0,XLU,Utilities Select Sector SPDR Fund
2018-01-25 00:00:00-05:00,39.331960168157785,39.95814003137414,39.30847935636877,39.92683029174805,26285000,0.0,0.0,0.0,XLU,Utilities Select Sector SPDR Fund
2018-01-26 00:00:00-05:00,40.03641768095162,40.15382473543659,39.55112563432409,39.9503173828125,23950000,0.0,0.0,0.0,XLU,Utilities Select Sector SPDR Fund
2018-01-29 00:00:00-05:00,39.76245327292496,39.83289868464893,39.394574332464856,39.44153594970703,18060900,0.0,0.0,0.0,XLU,Utilities Select Sector SPDR Fund
2018-01-30 00:00:00-05:00,39.410230620306635,39.67635742925411,39.394578736716525,39.511985778808594,13089100,0.0,0.0,0.0,XLU,Utilities Select Sector SPDR Fund
2018-01-31 00:00:00-05:00,39.55895456280657,39.989453067640824,39.33978935321752,39.9503173828125,27411400,0.0,0.0,0.0,XLU,Utilities Select Sector SPDR Fund
2018-02-01 00:00:00-05:00,39.90334621839705,40.059891917870914,39.20672099089227,39.32413101196289,28519600,0.0,0.0,0.0,XLU,Utilities Select Sector SPDR Fund
2018-02-02 00:00:00-05:00,39.12844723306604,39.418054818512076,38.99538235162715,39.0423469543457,21806400,0.0,0.0,0.0,XLU,Utilities Select Sector SPDR Fund
2018-02-05 00:00:00-05:00,38.979735616441445,39.394582229020216,38.330074898862435,38.40052032470703,33472300,0.0,0.0,0.0,XLU,Utilities Select Sector SPDR Fund
2018-02-06 00:00:00-05:00,37.94653913600655,38.15004947699406,37.077713187173764,37.829132080078125,41671600,0.0,0.0,0.0,XLU,Utilities Select Sector SPDR Fund
2018-02-07 00:00:00-05:00,37.805650809594496,38.251804220867534,37.63345318553962,37.649105072021484,27880200,0.0,0.0,0.0,XLU,Utilities Select Sector SPDR Fund
2018-02-08 00:00:00-05:00,37.53952511397011,38.04829803037223,37.187297939988774,37.226436614990234,26041900,0.0,0.0,0.0,XLU,Utilities Select Sector SPDR Fund
2018-02-09 00:00:00-05:00,37.328181868413225,38.29876290225337,37.21860076485377,38.0091552734375,36422500,0.0,0.0,0.0,XLU,Utilities Select Sector SPDR Fund
2018-02-12 00:00:00-05:00,38.08741562705576,38.510088035053606,37.74301754601692,38.29875183105469,26504400,0.0,0.0,0.0,XLU,Utilities Select Sector SPDR Fund
2018-02-13 00:00:00-05:00,38.28311466810126,38.61968696500823,37.88392586653295,38.470970153808594,25067200,0.0,0.0,0.0,XLU,Utilities Select Sector SPDR Fund
2018-02-14 00:00:00-05:00,38.14222148157698,38.400522385489445,37.93088519270172,38.04046630859375,20341100,0.0,0.0,0.0,XLU,Utilities Select Sector SPDR Fund
2018-02-15 00:00:00-05:00,38.13439119746773,38.90146190725044,38.079600645759044,38.885807037353516,16504100,0.0,0.0,0.0,XLU,Utilities Select Sector SPDR Fund
2018-02-16 00:00:00-05:00,38.909284381558294,39.324130932201726,38.76056760958325,39.230201721191406,20066500,0.0,0.0,0.0,XLU,Utilities Select Sector SPDR Fund
2018-02-20 00:00:00-05:00,39.09715117183677,39.238042043407205,38.53358768555505,38.72144317626953,16773300,0.0,0.0,0.0,XLU,Utilities Select Sector SPDR Fund
2018-02-21 00:00:00-05:00,38.744903761329034,39.00320455295078,38.20482435956562,38.212650299072266,22461400,0.0,0.0,0.0,XLU,Utilities Select Sector SPDR Fund
2018-02-22 00:00:00-05:00,38.3378912312182,38.69794421267577,38.197000414846016,38.4083366394043,20128900,0.0,0.0,0.0,XLU,Utilities Select Sector SPDR Fund
2018-02-23 00:00:00-05:00,38.51791092939573,39.457181877618396,38.47094932279362,39.41021728515625,20642400,0.0,0.0,0.0,XLU,Utilities Select Sector SPDR Fund
2018-02-26 00:00:00-05:00,39.56677270243986,39.637218115582805,39.21454563672517,39.29281997680664,13604900,0.0,0.0,0.0,XLU,Utilities Select Sector SPDR Fund
2018-02-27 00:00:00-05:00,39.3241307805845,39.558947835483224,38.650986366910196,38.66664123535156,18201200,0.0,0.0,0.0,XLU,Utilities Select Sector SPDR Fund
2018-02-28 00:00:00-05:00,38.80753800893567,38.90929019059685,38.40052032470703,38.40052032470703,11946100,0.0,0.0,0.0,XLU,Utilities Select Sector SPDR Fund
2018-03-01 00:00:00-05:00,38.47878204759039,39.0266904461644,38.22831014867551,38.4083366394043,21591300,0.0,0.0,0.0,XLU,Utilities Select Sector SPDR Fund
2018-03-02 00:00:00-05:00,38.384865387995944,38.76839927237733,37.98567364694117,38.30659103393555,16857100,0.0,0.0,0.0,XLU,Utilities Select Sector SPDR Fund
2018-03-05 00:00:00-05:00,38.21266171332885,39.17541379667245,38.134390351441816,39.08931350708008,15500400,0.0,0.0,0.0,XLU,Utilities Select Sector SPDR Fund
2018-03-06 00:00:00-05:00,39.04234719924554,39.12844747850596,38.478783906530595,38.564884185791016,20708000,0.0,0.0,0.0,XLU,Utilities Select Sector SPDR Fund
2018-03-07 00:00:00-05:00,38.4474814185962,38.611856067196726,38.12656403549805,38.27528381347656,16678800,0.0,0.0,0.0,XLU,Utilities Select Sector SPDR Fund
2018-03-08 00:00:00-05:00,38.36138643998904,38.6431681785177,38.298769934683605,38.55706787109375,12258800,0.0,0.0,0.0,XLU,Utilities Select Sector SPDR Fund
2018-03-09 00:00:00-05:00,38.47878579991607,38.67446717664181,38.36920470668739,38.66664123535156,13098500,0.0,0.0,0.0,XLU,Utilities Select Sector SPDR Fund
2018-03-12 00:00:00-04:00,38.682292969139624,38.877974345112676,38.635331349857026,38.83101272583008,16231800,0.0,0.0,0.0,XLU,Utilities Select Sector SPDR Fund
2018-03-13 00:00:00-04:00,38.971908626042165,39.15193515705735,38.61968150629016,38.917118072509766,18872500,0.0,0.0,0.0,XLU,Utilities Select Sector SPDR Fund
2018-03-14 00:00:00-04:00,39.03452158291902,39.44936814673236,39.011040772351436,39.31630325317383,19132300,0.0,0.0,0.0,XLU,Utilities Select Sector SPDR Fund
2018-03-15 00:00:00-04:00,39.29281997680664,39.652872983599096,39.05800292828377,39.29281997680664,21067800,0.0,0.0,0.0,XLU,Utilities Select Sector SPDR Fund
2018-03-16 00:00:00-04:00,39.29045368171881,39.740073155531825,39.26678744005734,39.63752746582031,19756300,0.387,0.0,0.0,XLU,Utilities Select Sector SPDR Fund
2018-03-19 00:00:00-04:00,39.61386562027745,39.74796128846945,39.164246130721224,39.39299774169922,21689600,0.0,0.0,0.0,XLU,Utilities Select Sector SPDR Fund
2018-03-20 00:00:00-04:00,39.40088945852132,39.56653811892809,39.11691860693354,39.21157455444336,14968200,0.0,0.0,0.0,XLU,Utilities Select Sector SPDR Fund
2018-03-21 00:00:00-04:00,39.24312515179091,39.61386518647528,38.943377825683164,39.077476501464844,19235900,0.0,0.0,0.0,XLU,Utilities Select Sector SPDR Fund
2018-03-22 00:00:00-04:00,39.11691903312758,39.882062390569146,39.0064865916532,39.251014709472656,25332400,0.0,0.0,0.0,XLU,Utilities Select Sector SPDR Fund
2018-03-23 00:00:00-04:00,39.25100700870967,39.605970507420594,38.61996246047789,38.69884490966797,17334300,0.0,0.0,0.0,XLU,Utilities Select Sector SPDR Fund
2018-03-26 00:00:00-04:00,38.825065564955125,39.15636292460663,38.74618309190095,39.10114669799805,13759600,0.0,0.0,0.0,XLU,Utilities Select Sector SPDR Fund
2018-03-27 00:00:00-04:00,39.15635435216983,40.07136977586468,39.030145431972535,39.661190032958984,21456000,0.0,0.0,0.0,XLU,Utilities Select Sector SPDR Fund
2018-03-28 00:00:00-04:00,39.708537511797005,39.86629948584343,39.385126819078565,39.64543151855469,23173100,0.0,0.0,0.0,XLU,Utilities Select Sector SPDR Fund
2018-03-29 00:00:00-04:00,39.76373487224232,40.04770568888972,39.69274216808047,39.85839080810547,15464500,0.0,0.0,0.0,XLU,Utilities Select Sector SPDR Fund
2018-04-02 00:00:00-04:00,39.92938898087984,40.11870388759211,39.26679132097445,39.55076217651367,17792600,0.0,0.0,0.0,XLU,Utilities Select Sector SPDR Fund
2018-04-03 00:00:00-04:00,39.47978021801822,39.87418362281173,39.37723449023534,39.684871673583984,13798800,0.0,0.0,0.0,XLU,Utilities Select Sector SPDR Fund
2018-04-04 00:00:00-04:00,39.676973379258555,39.87417503920424,39.35356277730999,39.771629333496094,16357300,0.0,0.0,0.0,XLU,Utilities Select Sector SPDR Fund
2018-04-05 00:00:00-04:00,39.76373620899212,40.20546893963327,39.32200347835097,40.0871467590332,14286300,0.0,0.0,0.0,XLU,Utilities Select Sector SPDR Fund
2018-04-06 00:00:00-04:00,40.142369417092695,40.229138628918164,39.68486313072916,39.771629333496094,14312000,0.0,0.0,0.0,XLU,Utilities Select Sector SPDR Fund
2018-04-09 00:00:00-04:00,39.80318397463791,40.12659459002057,39.66908828465277,39.85051345825195,11756100,0.0,0.0,0.0,XLU,Utilities Select Sector SPDR Fund
2018-04-10 00:00:00-04:00,39.85839419863778,39.905723675124385,39.45610418020535,39.54287338256836,14091200,0.0,0.0,0.0,XLU,Utilities Select Sector SPDR Fund
2018-04-11 00:00:00-04:00,39.52709536400181,39.66908077892042,39.35355696597726,39.48765563964844,8024100,0.0,0.0,0.0,XLU,Utilities Select Sector SPDR Fund
2018-04-12 00:00:00-04:00,39.49553604237349,39.598081716481474,38.88815475582251,38.967037200927734,12078800,0.0,0.0,0.0,XLU,Utilities Select Sector SPDR Fund
2018-04-13 00:00:00-04:00,39.03802833945784,39.44820500140938,39.03802833945784,39.2746696472168,10437300,0.0,0.0,0.0,XLU,Utilities Select Sector SPDR Fund
2018-04-16 00:00:00-04:00,39.36144997375952,39.83473272328412,39.33778372994246,39.81106948852539,15397600,0.0,0.0,0.0,XLU,Utilities Select Sector SPDR Fund
2018-04-17 00:00:00-04:00,39.90571817128097,40.35533760418796,39.7400695400116,40.21335220336914,13194500,0.0,0.0,0.0,XLU,Utilities Select Sector SPDR Fund
2018-04-18 00:00:00-04:00,40.26068198999025,40.615645494829195,40.05559062761317,40.063480377197266,14120000,0.0,0.0,0.0,XLU,Utilities Select Sector SPDR Fund
2018-04-19 00:00:00-04:00,39.92149483354026,40.13447293568755,39.71640347189125,40.03981399536133,15167700,0.0,0.0,0.0,XLU,Utilities Select Sector SPDR Fund
2018-04-20 00:00:00-04:00,39.99249527962636,40.087151229226855,39.55076249972676,39.676971435546875,14080000,0.0,0.0,0.0,XLU,Utilities Select Sector SPDR Fund
2018-04-23 00:00:00-04:00,39.73218779465344,39.92938944562222,39.55076263684917,39.70063781738281,11937000,0.0,0.0,0.0,XLU,Utilities Select Sector SPDR Fund
2018-04-24 00:00:00-04:00,39.73218113953448,40.21335356875153,39.66907818650455,39.96882247924805,16904400,0.0,0.0,0.0,XLU,Utilities Select Sector SPDR Fund
2018-04-25 00:00:00-04:00,39.826839130405055,40.118696675438194,39.67696397855894,39.97671127319336,13407500,0.0,0.0,0.0,XLU,Utilities Select Sector SPDR Fund
2018-04-26 00:00:00-04:00,40.01615892872201,40.43422546875252,39.834733769669924,40.37900924682617,11767100,0.0,0.0,0.0,XLU,Utilities Select Sector SPDR Fund
2018-04-27 00:00:00-04:00,40.33167080799506,40.939052078008295,40.252788365037645,40.78917694091797,17157300,0.0,0.0,0.0,XLU,Utilities Select Sector SPDR Fund
2018-04-30 00:00:00-04:00,40.852289238611114,40.98638489887409,40.63142137309268,40.67086410522461,12746000,0.0,0.0,0.0,XLU,Utilities Select Sector SPDR Fund
2018-05-01 00:00:00-04:00,40.670863764405176,40.741856468966546,40.47366214163004,40.544654846191406,10971300,0.0,0.0,0.0,XLU,Utilities Select Sector SPDR Fund
2018-05-02 00:00:00-04:00,40.55254798605457,40.69453341758172,40.34745958999227,40.505218505859375,12980300,0.0,0.0,0.0,XLU,Utilities Select Sector SPDR Fund
2018-05-03 00:00:00-04:00,40.42632990332926,40.639308002443485,39.99248696471484,40.44999313354492,16480100,0.0,0.0,0.0,XLU,Utilities Select Sector SPDR Fund
2018-05-04 00:00:00-04:00,40.52099912361931,40.812859767608565,40.52099912361931,40.631431579589844,11743400,0.0,0.0,0.0,XLU,Utilities Select Sector SPDR Fund
2018-05-07 00:00:00-04:00,40.607761290918084,40.694530493846045,40.36323017439913,40.41844940185547,8522000,0.0,0.0,0.0,XLU,Utilities Select Sector SPDR Fund
2018-05-08 00:00:00-04:00,40.2528020111908,40.32379472939104,39.337786426086865,39.40877914428711,23147900,0.0,0.0,0.0,XLU,Utilities Select Sector SPDR Fund
2018-05-09 00:00:00-04:00,39.41666124738684,39.48765395181167,38.98281527086954,39.1326904296875,22150500,0.0,0.0,0.0,XLU,Utilities Select Sector SPDR Fund
2018-05-10 00:00:00-04:00,39.46400372073938,39.69275841769382,39.25102552106378,39.684871673583984,13961400,0.0,0.0,0.0,XLU,Utilities Select Sector SPDR Fund
2018-05-11 00:00:00-04:00,39.72430910544394,39.850518067286494,39.5823236472387,39.74008560180664,6478900,0.0,0.0,0.0,XLU,Utilities Select Sector SPDR Fund
2018-05-14 00:00:00-04:00,39.80316896983898,39.874161663968245,39.41665553106881,39.59019088745117,8512800,0.0,0.0,0.0,XLU,Utilities Select Sector SPDR Fund
2018-05-15 00:00:00-04:00,39.35355944965159,39.53498460037364,39.069588601892455,39.25890350341797,11070700,0.0,0.0,0.0,XLU,Utilities Select Sector SPDR Fund
2018-05-16 00:00:00-04:00,39.274677798941674,39.329894015244015,38.80139207613263,38.95126724243164,13541300,0.0,0.0,0.0,XLU,Utilities Select Sector SPDR Fund
2018-05-17 00:00:00-04:00,38.959152733632585,39.06958516269376,38.55686274075859,38.6357421875,11276000,0.0,0.0,0.0,XLU,Utilities Select Sector SPDR Fund
2018-05-18 00:00:00-04:00,38.746177482680054,38.872386412237,38.343887460048,38.64363479614258,11810400,0.0,0.0,0.0,XLU,Utilities Select Sector SPDR Fund
2018-05-21 00:00:00-04:00,38.69096040205179,38.95126800605873,38.51742500843867,38.84083557128906,10742000,0.0,0.0,0.0,XLU,Utilities Select Sector SPDR Fund
2018-05-22 00:00:00-04:00,38.825052100839194,39.211565553060524,38.825052100839194,38.982810974121094,11025700,0.0,0.0,0.0,XLU,Utilities Select Sector SPDR Fund
2018-05-23 00:00:00-04:00,39.116918931103854,39.42455301985394,39.0222629828096,39.33778381347656,13582900,0.0,0.0,0.0,XLU,Utilities Select Sector SPDR Fund
2018-05-24 00:00:00-04:00,39.39299570140749,39.69274301527281,39.25890004016075,39.661190032958984,12897600,0.0,0.0,0.0,XLU,Utilities Select Sector SPDR Fund
2018-05-25 00:00:00-04:00,39.7164098657368,39.93727775299715,39.637530411824144,39.83473205566406,13871600,0.0,0.0,0.0,XLU,Utilities Select Sector SPDR Fund
2018-05-29 00:00:00-04:00,39.76373934351936,40.10292641164869,39.55076120708525,39.83473205566406,17280700,0.0,0.0,0.0,XLU,Utilities Select Sector SPDR Fund
2018-05-30 00:00:00-04:00,39.72431040151315,40.229146265354416,39.621764676339424,40.15815353393555,13885900,0.0,0.0,0.0,XLU,Utilities Select Sector SPDR Fund
2018-05-31 00:00:00-04:00,40.110813178480655,40.4578899976531,39.86628506576366,40.221248626708984,15108200,0.0,0.0,0.0,XLU,Utilities Select Sector SPDR Fund
2018-06-01 00:00:00-04:00,40.11869770114954,40.13447419169764,39.4166604215777,39.60597229003906,17180000,0.0,0.0,0.0,XLU,Utilities Select Sector SPDR Fund
2018-06-04 00:00:00-04:00,39.68485042876178,39.85049904792279,39.258894257441256,39.29044723510742,14364500,0.0,0.0,0.0,XLU,Utilities Select Sector SPDR Fund
2018-06-05 00:00:00-04:00,39.36144556120084,39.41666177548683,38.93548932894492,39.08536148071289,14914600,0.0,0.0,0.0,XLU,Utilities Select Sector SPDR Fund
2018-06-06 00:00:00-04:00,39.07747675058268,39.124803217230046,38.154571533203125,38.154571533203125,26127900,0.0,0.0,0.0,XLU,Utilities Select Sector SPDR Fund
2018-06-07 00:00:00-04:00,38.21767545881331,38.80139058270226,38.13879300351886,38.42276382446289,21525800,0.0,0.0,0.0,XLU,Utilities Select Sector SPDR Fund
2018-06-08 00:00:00-04:00,38.56475962469774,38.58053612000699,38.28867847943291,38.40699768066406,11241200,0.0,0.0,0.0,XLU,Utilities Select Sector SPDR Fund
2018-06-11 00:00:00-04:00,38.493766054122894,38.63575149972604,38.21768491492718,38.32811737060547,17335200,0.0,0.0,0.0,XLU,Utilities Select Sector SPDR Fund
2018-06-12 00:00:00-04:00,38.29656207665053,38.81717434285431,38.2728988401599,38.76984786987305,16661300,0.0,0.0,0.0,XLU,Utilities Select Sector SPDR Fund
2018-06-13 00:00:00-04:00,38.81717335369766,39.04592799747305,38.548978980423385,38.667301177978516,16725700,0.0,0.0,0.0,XLU,Utilities Select Sector SPDR Fund
2018-06-14 00:00:00-04:00,38.730387198344914,39.23522574585638,38.68306074727555,39.14845657348633,16138600,0.0,0.0,0.0,XLU,Utilities Select Sector SPDR Fund
2018-06-15 00:00:00-04:00,39.10071758886234,39.44293863771785,38.79033176221987,39.42702102661133,21711200,0.44,0.0,0.0,XLU,Utilities Select Sector SPDR Fund
2018-06-18 00:00:00-04:00,39.40313984626874,39.68169346372718,39.323554833265554,39.55435562133789,17226700,0.0,0.0,0.0,XLU,Utilities Select Sector SPDR Fund
2018-06-19 00:00:00-04:00,39.62598142089898,40.087579938628075,39.55435369828905,39.9443244934082,16647400,0.0,0.0,0.0,XLU,Utilities Select Sector SPDR Fund
2018-06-20 00:00:00-04:00,40.00800099435328,40.07962872782135,39.801075081679336,39.976165771484375,12317700,0.0,0.0,0.0,XLU,Utilities Select Sector SPDR Fund
2018-06-21 00:00:00-04:00,40.01595597630076,40.31838450418107,39.88861812813649,40.1114616394043,12703700,0.0,0.0,0.0,XLU,Utilities Select Sector SPDR Fund
2018-06-22 00:00:00-04:00,40.13532756494985,40.493466131591866,40.05574256612855,40.3900032043457,12976700,0.0,0.0,0.0,XLU,Utilities Select Sector SPDR Fund
2018-06-25 00:00:00-04:00,40.397973110949735,41.14608569187643,40.397973110949735,41.05854034423828,21466200,0.0,0.0,0.0,XLU,Utilities Select Sector SPDR Fund
2018-06-26 00:00:00-04:00,40.94711584310256,41.345046992139565,40.85957050455862,41.10628890991211,19908700,0.0,0.0,0.0,XLU,Utilities Select Sector SPDR Fund
2018-06-27 00:00:00-04:00,41.05854505996796,41.384848552112956,40.947124799622024,41.30526351928711,21764700,0.0,0.0,0.0,XLU,Utilities Select Sector SPDR Fund
2018-06-28 00:00:00-04:00,41.34505109641796,41.67931183752335,41.22567052546658,41.28934097290039,15037800,0.0,0.0,0.0,XLU,Utilities Select Sector SPDR Fund
2018-06-29 00:00:00-04:00,41.217697914934476,41.520123319896975,40.98689718274765,41.35299301147461,14370700,0.0,0.0,0.0,XLU,Utilities Select Sector SPDR Fund
2018-07-02 00:00:00-04:00,41.37688667899387,41.671354910994054,41.18587837100988,41.64748001098633,15702800,0.0,0.0,0.0,XLU,Utilities Select Sector SPDR Fund
2018-07-03 00:00:00-04:00,41.66339418821687,42.01357557684,41.47238891803519,41.7668571472168,10605600,0.0,0.0,0.0,XLU,Utilities Select Sector SPDR Fund
2018-07-05 00:00:00-04:00,41.79072711736747,42.02152790792129,41.615639479683246,41.98969268798828,11031000,0.0,0.0,0.0,XLU,Utilities Select Sector SPDR Fund
2018-07-06 00:00:00-04:00,42.07723619552499,42.41149991834228,42.00560847177654,42.31599426269531,12396700,0.0,0.0,0.0,XLU,Utilities Select Sector SPDR Fund
2018-07-09 00:00:00-04:00,42.308040573601424,42.315997860928526,40.86752868949166,41.01078414916992,27936800,0.0,0.0,0.0,XLU,Utilities Select Sector SPDR Fund
2018-07-10 00:00:00-04:00,40.62080841047468,41.62359347118085,40.50142786316453,41.400753021240234,27109100,0.0,0.0,0.0,XLU,Utilities Select Sector SPDR Fund
2018-07-11 00:00:00-04:00,41.38484451130198,41.84644615734945,41.35300928689027,41.774818420410156,21772300,0.0,0.0,0.0,XLU,Utilities Select Sector SPDR Fund
2018-07-12 00:00:00-04:00,41.77482369133504,41.89420124398022,41.58381535673847,41.80665588378906,17136700,0.0,0.0,0.0,XLU,Utilities Select Sector SPDR Fund
2018-07-13 00:00:00-04:00,41.86236314567995,41.95786882441809,41.536059666593665,41.814613342285156,10959300,0.0,0.0,0.0,XLU,Utilities Select Sector SPDR Fund
2018-07-16 00:00:00-04:00,41.78277570852603,41.88623866987704,41.56789249770815,41.774818420410156,10493200,0.0,0.0,0.0,XLU,Utilities Select Sector SPDR Fund
2018-07-17 00:00:00-04:00,41.838479765745,41.910107492296675,41.7031846355772,41.742977142333984,11053500,0.0,0.0,0.0,XLU,Utilities Select Sector SPDR Fund
2018-07-18 00:00:00-04:00,41.69522943053575,41.76685716587939,41.35300836566879,41.528099060058594,10361300,0.0,0.0,0.0,XLU,Utilities Select Sector SPDR Fund
2018-07-19 00:00:00-04:00,41.56789699352348,42.15683656494101,41.56789699352348,41.910118103027344,11119400,0.0,0.0,0.0,XLU,Utilities Select Sector SPDR Fund
2018-07-20 00:00:00-04:00,41.78276142056435,41.89418163193017,41.337077539128025,41.615631103515625,13828500,0.0,0.0,0.0,XLU,Utilities Select Sector SPDR Fund
2018-07-23 00:00:00-04:00,41.62360318563713,41.70319124774328,41.17792218173924,41.32117462158203,14763700,0.0,0.0,0.0,XLU,Utilities Select Sector SPDR Fund
2018-07-24 00:00:00-04:00,41.20975981694289,41.59177345761742,40.732243525093374,41.46443557739258,15698800,0.0,0.0,0.0,XLU,Utilities Select Sector SPDR Fund
2018-07-25 00:00:00-04:00,41.45647104096133,41.790731779627755,41.329133182996884,41.58380889892578,13468700,0.0,0.0,0.0,XLU,Utilities Select Sector SPDR Fund
2018-07-26 00:00:00-04:00,41.78276542068395,42.14886130335539,41.71113770138099,42.029483795166016,19071000,0.0,0.0,0.0,XLU,Utilities Select Sector SPDR Fund
2018-07-27 00:00:00-04:00,42.053368641200166,42.23641662585272,41.727065184041436,41.894195556640625,15747900,0.0,0.0,0.0,XLU,Utilities Select Sector SPDR Fund
2018-07-30 00:00:00-04:00,41.8384843292526,41.8384843292526,41.50422359286794,41.63951873779297,9476400,0.0,0.0,0.0,XLU,Utilities Select Sector SPDR Fund
2018-07-31 00:00:00-04:00,41.822571994535565,42.12500058178551,41.67135921889778,42.013580322265625,15219800,0.0,0.0,0.0,XLU,Utilities Select Sector SPDR Fund
2018-08-01 00:00:00-04:00,41.77481236212888,41.86235466260434,41.38483850957562,41.742977142333984,19985400,0.0,0.0,0.0,XLU,Utilities Select Sector SPDR Fund
2018-08-02 00:00:00-04:00,41.727064900224605,42.077243255094515,41.480346469036725,41.94990539550781,17291900,0.0,0.0,0.0,XLU,Utilities Select Sector SPDR Fund
2018-08-03 00:00:00-04:00,41.96582279905486,42.53088435841643,41.82256732823446,42.419464111328125,15416600,0.0,0.0,0.0,XLU,Utilities Select Sector SPDR Fund
2018-08-06 00:00:00-04:00,42.459255047660534,42.69801618081859,42.371712739606366,42.451297760009766,12199100,0.0,0.0,0.0,XLU,Utilities Select Sector SPDR Fund
2018-08-07 00:00:00-04:00,42.37171588616311,42.459258200718246,42.05336970896102,42.387630462646484,13108200,0.0,0.0,0.0,XLU,Utilities Select Sector SPDR Fund
2018-08-08 00:00:00-04:00,42.24437152783494,42.30803893190266,42.01357073664541,42.1647834777832,17006000,0.0,0.0,0.0,XLU,Utilities Select Sector SPDR Fund
2018-08-09 00:00:00-04:00,42.1568198287308,42.37966026329868,42.01356439623052,42.35578536987305,8681100,0.0,0.0,0.0,XLU,Utilities Select Sector SPDR Fund
2018-08-10 00:00:00-04:00,42.41151050715175,42.70597876231542,42.156834767122476,42.172752380371094,13300500,0.0,0.0,0.0,XLU,Utilities Select Sector SPDR Fund
2018-08-13 00:00:00-04:00,42.24437601624258,42.30804342707488,42.02949281223235,42.228458404541016,17273400,0.0,0.0,0.0,XLU,Utilities Select Sector SPDR Fund
2018-08-14 00:00:00-04:00,42.244369574920405,42.48312764209073,42.196616747096925,42.31599426269531,9943800,0.0,0.0,0.0,XLU,Utilities Select Sector SPDR Fund
2018-08-15 00:00:00-04:00,42.45129507182762,42.96064645649269,42.36374973334324,42.705970764160156,19272700,0.0,0.0,0.0,XLU,Utilities Select Sector SPDR Fund
2018-08-16 00:00:00-04:00,42.61046404484185,43.19940038829019,42.52291871476815,43.16756820678711,13272900,0.0,0.0,0.0,XLU,Utilities Select Sector SPDR Fund
2018-08-17 00:00:00-04:00,43.14369677301246,43.58142045332746,43.06411175330933,43.39041519165039,14115100,0.0,0.0,0.0,XLU,Utilities Select Sector SPDR Fund
2018-08-20 00:00:00-04:00,43.477966348443715,43.50184125035224,43.1357452532081,43.23920822143555,9574600,0.0,0.0,0.0,XLU,Utilities Select Sector SPDR Fund
2018-08-21 00:00:00-04:00,43.175532355019755,43.19940725393484,42.80147608015585,42.92881393432617,11850800,0.0,0.0,0.0,XLU,Utilities Select Sector SPDR Fund
2018-08-22 00:00:00-04:00,42.96861232007607,42.97656960824898,42.451300545587124,42.6104736328125,12652600,0.0,0.0,0.0,XLU,Utilities Select Sector SPDR Fund
2018-08-23 00:00:00-04:00,42.59454996479326,42.88106087387064,42.499047340425356,42.57863235473633,11168100,0.0,0.0,0.0,XLU,Utilities Select Sector SPDR Fund
2018-08-24 00:00:00-04:00,42.53086842729175,42.80146165570826,42.36373811926262,42.76166915893555,7846300,0.0,0.0,0.0,XLU,Utilities Select Sector SPDR Fund
2018-08-27 00:00:00-04:00,42.79352987928608,42.912907440763284,42.28417833064404,42.499061584472656,12384100,0.0,0.0,0.0,XLU,Utilities Select Sector SPDR Fund
2018-08-28 00:00:00-04:00,42.39558904102999,42.55476212307636,42.28416879438974,42.41150665283203,10066100,0.0,0.0,0.0,XLU,Utilities Select Sector SPDR Fund
2018-08-29 00:00:00-04:00,42.5149711853553,42.72189712524414,42.4513037672179,42.72189712524414,11911200,0.0,0.0,0.0,XLU,Utilities Select Sector SPDR Fund
2018-08-30 00:00:00-04:00,42.79350688940252,42.96859752867509,42.586581036448926,42.737796783447266,13475700,0.0,0.0,0.0,XLU,Utilities Select Sector SPDR Fund
2018-08-31 00:00:00-04:00,42.80147535981554,42.9765660448432,42.395586905220526,42.55475997924805,12132500,0.0,0.0,0.0,XLU,Utilities Select Sector SPDR Fund
2018-09-04 00:00:00-04:00,42.60251022151061,42.97656649398846,42.56271771158133,42.745765686035156,12965100,0.0,0.0,0.0,XLU,Utilities Select Sector SPDR Fund
2018-09-05 00:00:00-04:00,42.69801625141371,43.36654074621894,42.69801625141371,43.3426628112793,14834800,0.0,0.0,0.0,XLU,Utilities Select Sector SPDR Fund
2018-09-06 00:00:00-04:00,43.36654168055266,43.72467731665006,43.239203823368825,43.58938217163086,12352800,0.0,0.0,0.0,XLU,Utilities Select Sector SPDR Fund
2018-09-07 00:00:00-04:00,43.16757179949396,43.374494658366,42.96064590464823,43.056148529052734,16183500,0.0,0.0,0.0,XLU,Utilities Select Sector SPDR Fund
2018-09-10 00:00:00-04:00,43.1436849783333,43.446113435279905,43.111849764765644,43.27102279663086,9932400,0.0,0.0,0.0,XLU,Utilities Select Sector SPDR Fund
2018-09-11 00:00:00-04:00,43.25512866363758,43.43021939730525,43.072080640246234,43.15962600708008,9046700,0.0,0.0,0.0,XLU,Utilities Select Sector SPDR Fund
2018-09-12 00:00:00-04:00,43.15165867924898,43.39041678308924,43.02432082146924,43.11982345581055,9809900,0.0,0.0,0.0,XLU,Utilities Select Sector SPDR Fund
2018-09-13 00:00:00-04:00,43.103903983263336,43.46204264154962,42.90493839932361,43.44612503051758,8774200,0.0,0.0,0.0,XLU,Utilities Select Sector SPDR Fund
2018-09-14 00:00:00-04:00,43.2710345227093,43.31082703246577,42.849228454537766,43.21532440185547,13067500,0.0,0.0,0.0,XLU,Utilities Select Sector SPDR Fund
2018-09-17 00:00:00-04:00,43.13573346075002,43.422244349223114,43.08798063401335,43.35857391357422,14259100,0.0,0.0,0.0,XLU,Utilities Select Sector SPDR Fund
2018-09-18 00:00:00-04:00,43.29490930915867,43.42224715270434,43.072065805973494,43.27899169921875,9767500,0.0,0.0,0.0,XLU,Utilities Select Sector SPDR Fund
2018-09-19 00:00:00-04:00,43.26307829675924,43.26307829675924,42.14091249263685,42.33987808227539,25510000,0.0,0.0,0.0,XLU,Utilities Select Sector SPDR Fund
2018-09-20 00:00:00-04:00,42.284166108678875,42.467214078814855,41.9339847432241,42.42742156982422,17814500,0.0,0.0,0.0,XLU,Utilities Select Sector SPDR Fund
2018-09-21 00:00:00-04:00,42.359164414526305,42.76067308196257,42.16643890631896,42.60810089111328,20342600,0.475,0.0,0.0,XLU,Utilities Select Sector SPDR Fund
2018-09-24 00:00:00-04:00,42.46356197443856,42.61613418127197,42.190535929447805,42.23068618774414,13526800,0.0,0.0,0.0,XLU,Utilities Select Sector SPDR Fund
2018-09-25 00:00:00-04:00,42.1102235554655,42.134316156026586,41.58023229213733,41.652503967285156,20024000,0.0,0.0,0.0,XLU,Utilities Select Sector SPDR Fund
2018-09-26 00:00:00-04:00,41.85325744927846,41.86931816157779,41.22690498594285,41.24296569824219,24082200,0.0,0.0,0.0,XLU,Utilities Select Sector SPDR Fund
2018-09-27 00:00:00-04:00,41.3473512160838,41.89340001781219,41.250986959954886,41.668556213378906,16456800,0.0,0.0,0.0,XLU,Utilities Select Sector SPDR Fund
2018-09-28 00:00:00-04:00,41.75690329768071,42.31098418096955,41.70069232676452,42.278865814208984,15427400,0.0,0.0,0.0,XLU,Utilities Select Sector SPDR Fund
2018-10-01 00:00:00-04:00,42.150368570784515,42.23066905479934,41.973703830031354,42.134307861328125,12578700,0.0,0.0,0.0,XLU,Utilities Select Sector SPDR Fund
2018-10-02 00:00:00-04:00,42.21462287318025,42.816885900356986,42.21462287318025,42.704463958740234,15833200,0.0,0.0,0.0,XLU,Utilities Select Sector SPDR Fund
2018-10-03 00:00:00-04:00,42.63219932741251,42.85704324785154,41.829181824966064,42.1905403137207,24676300,0.0,0.0,0.0,XLU,Utilities Select Sector SPDR Fund
2018-10-04 00:00:00-04:00,42.08613399087283,42.50370332887079,41.772957753191285,42.41537094116211,24075900,0.0,0.0,0.0,XLU,Utilities Select Sector SPDR Fund
2018-10-05 00:00:00-04:00,42.35113387758814,43.20233025766428,42.31901245030695,43.065818786621094,30390000,0.0,0.0,0.0,XLU,Utilities Select Sector SPDR Fund
2018-10-08 00:00:00-04:00,43.23444433216185,43.71625340636787,43.041718864519005,43.42716979980469,21489300,0.0,0.0,0.0,XLU,Utilities Select Sector SPDR Fund
2018-10-09 00:00:00-04:00,43.387028625950244,43.796569210511684,43.32278882761346,43.603843688964844,18113800,0.0,0.0,0.0,XLU,Utilities Select Sector SPDR Fund
2018-10-10 00:00:00-04:00,43.531570839556586,44.07762289555373,43.346877212273455,43.362937927246094,30584000,0.0,0.0,0.0,XLU,Utilities Select Sector SPDR Fund
2018-10-11 00:00:00-04:00,43.48338971859385,43.58777976611802,42.35113540390326,42.56794738769531,42894800,0.0,0.0,0.0,XLU,Utilities Select Sector SPDR Fund
2018-10-12 00:00:00-04:00,42.51173968656677,42.648254236288864,42.16644196248345,42.519771575927734,21869100,0.0,0.0,0.0,XLU,Utilities Select Sector SPDR Fund
2018-10-15 00:00:00-04:00,42.51173001470553,42.993542178893655,42.463550942574,42.720516204833984,18353000,0.0,0.0,0.0,XLU,Utilities Select Sector SPDR Fund
2018-10-16 00:00:00-04:00,42.67233701725815,43.40308260665286,42.54385437725252,43.16217803955078,17937500,0.0,0.0,0.0,XLU,Utilities Select Sector SPDR Fund
2018-10-17 00:00:00-04:00,43.10596820046765,43.29066180883944,42.84900291375319,43.081878662109375,14258500,0.0,0.0,0.0,XLU,Utilities Select Sector SPDR Fund
2018-10-18 00:00:00-04:00,43.194296484767975,43.41111149917896,42.92127051068757,43.146114349365234,16519000,0.0,0.0,0.0,XLU,Utilities Select Sector SPDR Fund
2018-10-19 00:00:00-04:00,43.15414175610037,44.053520080693964,43.01762725160103,43.82064437866211,29789600,0.0,0.0,0.0,XLU,Utilities Select Sector SPDR Fund
2018-10-22 00:00:00-04:00,43.86884504035124,43.917024127835916,43.43521487337797,43.539608001708984,12250000,0.0,0.0,0.0,XLU,Utilities Select Sector SPDR Fund
2018-10-23 00:00:00-04:00,43.61990278012376,43.90095763100971,43.122032874296586,43.2986946105957,18924600,0.0,0.0,0.0,XLU,Utilities Select Sector SPDR Fund
2018-10-24 00:00:00-04:00,43.491411189072466,44.55942552953747,43.306717601685456,44.35063934326172,29163400,0.0,0.0,0.0,XLU,Utilities Select Sector SPDR Fund
2018-10-25 00:00:00-04:00,44.0615542358953,44.0615542358953,43.443230605644544,43.6600456237793,29911200,0.0,0.0,0.0,XLU,Utilities Select Sector SPDR Fund
2018-10-26 00:00:00-04:00,43.89292583610229,44.021408482568674,42.559917230288136,42.857032775878906,36893000,0.0,0.0,0.0,XLU,Utilities Select Sector SPDR Fund
2018-10-29 00:00:00-04:00,42.95339469592761,43.65201885621297,42.95339469592761,43.459293365478516,24973200,0.0,0.0,0.0,XLU,Utilities Select Sector SPDR Fund
2018-10-30 00:00:00-04:00,43.6279411315918,43.89293530692706,43.11400737156633,43.6279411315918,25065500,0.0,0.0,0.0,XLU,Utilities Select Sector SPDR Fund
2018-10-31 00:00:00-04:00,43.266577491176825,43.53157163489655,42.85703691006241,43.1140022277832,25143000,0.0,0.0,0.0,XLU,Utilities Select Sector SPDR Fund
2018-11-01 00:00:00-04:00,43.17824906329764,43.20233860678003,42.64022577379913,42.92128372192383,27027400,0.0,0.0,0.0,XLU,Utilities Select Sector SPDR Fund
2018-11-02 00:00:00-04:00,43.04172566189853,43.15415065601759,42.39931244041471,42.68037033081055,24136600,0.0,0.0,0.0,XLU,Utilities Select Sector SPDR Fund
2018-11-05 00:00:00-05:00,42.873094186838806,43.4352069229963,42.76870107761591,43.28263473510742,21253300,0.0,0.0,0.0,XLU,Utilities Select Sector SPDR Fund
2018-11-06 00:00:00-05:00,43.242483131867395,43.66808441097702,43.186272162351266,43.571720123291016,13068100,0.0,0.0,0.0,XLU,Utilities Select Sector SPDR Fund
2018-11-07 00:00:00-05:00,43.89293432980824,44.13383895564158,43.547636576248664,44.06959915161133,20725400,0.0,0.0,0.0,XLU,Utilities Select Sector SPDR Fund
2018-11-08 00:00:00-05:00,44.109751672178774,44.25429506773874,43.62794239582467,43.99732971191406,20584100,0.0,0.0,0.0,XLU,Utilities Select Sector SPDR Fund
2018-11-09 00:00:00-05:00,43.84474653017753,44.254287098268804,43.75641719392526,44.061561584472656,20015100,0.0,0.0,0.0,XLU,Utilities Select Sector SPDR Fund
2018-11-12 00:00:00-05:00,43.74035620827656,44.495191417494695,43.419148041694996,44.037471771240234,27663900,0.0,0.0,0.0,XLU,Utilities Select Sector SPDR Fund
2018-11-13 00:00:00-05:00,44.029437912053254,44.31852155300658,43.69216906937274,44.22216033935547,23758000,0.0,0.0,0.0,XLU,Utilities Select Sector SPDR Fund
2018-11-14 00:00:00-05:00,43.84474676949188,44.13383351012994,43.61187406243845,43.76444625854492,27577800,0.0,0.0,0.0,XLU,Utilities Select Sector SPDR Fund
2018-11-15 00:00:00-05:00,43.53960215981655,43.5797524150895,43.01763965146392,43.4030876159668,34281200,0.0,0.0,0.0,XLU,Utilities Select Sector SPDR Fund
2018-11-16 00:00:00-05:00,44.06959915161133,44.278382343795286,43.74036211487645,44.06959915161133,21406400,0.0,0.0,0.0,XLU,Utilities Select Sector SPDR Fund
2018-11-19 00:00:00-05:00,44.005340960204634,44.30245645982474,43.82064737593984,44.262306213378906,14572000,0.0,0.0,0.0,XLU,Utilities Select Sector SPDR Fund
2018-11-20 00:00:00-05:00,44.3908054171592,44.703981744962924,43.81263491324024,44.07762908935547,24428400,0.0,0.0,0.0,XLU,Utilities Select Sector SPDR Fund
2018-11-21 00:00:00-05:00,43.925039584919894,43.981250541468356,43.30671599961949,43.42716979980469,18909700,0.0,0.0,0.0,XLU,Utilities Select Sector SPDR Fund
2018-11-23 00:00:00-05:00,43.48339248761322,43.55566417456884,43.162184309306454,43.451271057128906,8117900,0.0,0.0,0.0,XLU,Utilities Select Sector SPDR Fund
2018-11-26 00:00:00-05:00,43.49944666145296,43.73232241894165,43.26657396723223,43.70823287963867,16101000,0.0,0.0,0.0,XLU,Utilities Select Sector SPDR Fund
2018-11-27 00:00:00-05:00,43.676113349653,44.0856539152079,43.49944855170634,44.037471771240234,13183400,0.0,0.0,0.0,XLU,Utilities Select Sector SPDR Fund
2018-11-28 00:00:00-05:00,44.08565559660584,44.21413825548509,43.852779820115884,44.00535202026367,12062200,0.0,0.0,0.0,XLU,Utilities Select Sector SPDR Fund
2018-11-29 00:00:00-05:00,44.06958807932841,44.06958807932841,43.53959681034555,43.98928451538086,17489600,0.0,0.0,0.0,XLU,Utilities Select Sector SPDR Fund
2018-11-30 00:00:00-05:00,44.093687881347776,44.67989024992077,43.9812659289185,44.639739990234375,18166800,0.0,0.0,0.0,XLU,Utilities Select Sector SPDR Fund
2018-12-03 00:00:00-05:00,44.495189963523146,45.08942413330078,44.238224663962,45.08942413330078,17906500,0.0,0.0,0.0,XLU,Utilities Select Sector SPDR Fund
2018-12-04 00:00:00-05:00,45.20184363591301,45.61941299104075,45.00911813998181,45.12154006958008,22268000,0.0,0.0,0.0,XLU,Utilities Select Sector SPDR Fund
2018-12-06 00:00:00-05:00,45.30623115631337,45.322291868686314,44.246248645840936,45.16971969604492,24697900,0.0,0.0,0.0,XLU,Utilities Select Sector SPDR Fund
2018-12-07 00:00:00-05:00,45.10548785611345,45.603360871394656,44.80034343634957,45.33836364746094,19729400,0.0,0.0,0.0,XLU,Utilities Select Sector SPDR Fund
2018-12-10 00:00:00-05:00,45.33836056068253,45.571236336175104,44.55140389550905,45.426692962646484,21148100,0.0,0.0,0.0,XLU,Utilities Select Sector SPDR Fund
2018-12-11 00:00:00-05:00,45.48290269064291,45.7639606040499,45.241998095771294,45.611385345458984,26093400,0.0,0.0,0.0,XLU,Utilities Select Sector SPDR Fund
2018-12-12 00:00:00-05:00,45.56320762259612,45.86032319635195,45.2982104160506,45.32229995727539,18297400,0.0,0.0,0.0,XLU,Utilities Select Sector SPDR Fund
2018-12-13 00:00:00-05:00,45.35441992774969,45.91653268995606,45.346391102022615,45.71577835083008,18072000,0.0,0.0,0.0,XLU,Utilities Select Sector SPDR Fund
2018-12-14 00:00:00-05:00,45.75592404796093,45.86031715162225,45.362447297900886,45.62744140625,25155600,0.0,0.0,0.0,XLU,Utilities Select Sector SPDR Fund
2018-12-17 00:00:00-05:00,45.71578113035562,45.747902561753115,43.98126365737897,44.157928466796875,30210800,0.0,0.0,0.0,XLU,Utilities Select Sector SPDR Fund
2018-12-18 00:00:00-05:00,44.40685367631431,44.72002991625834,43.73231905825498,43.860801696777344,23635400,0.0,0.0,0.0,XLU,Utilities Select Sector SPDR Fund
2018-12-19 00:00:00-05:00,43.94913632925071,44.302462837411795,43.53156696691421,43.78853225708008,27928400,0.0,0.0,0.0,XLU,Utilities Select Sector SPDR Fund
2018-12-20 00:00:00-05:00,43.828689117916994,44.390798821081965,43.26657635148389,43.76444625854492,39023800,0.0,0.0,0.0,XLU,Utilities Select Sector SPDR Fund
2018-12-21 00:00:00-05:00,44.09566920680704,44.88120977884331,43.447799579096575,43.57737350463867,35645800,0.459,0.0,0.0,XLU,Utilities Select Sector SPDR Fund
2018-12-24 00:00:00-05:00,43.49638300112524,43.82031932336013,41.58516549636797,41.75523376464844,22665300,0.0,0.0,0.0,XLU,Utilities Select Sector SPDR Fund
2018-12-26 00:00:00-05:00,41.76333371516053,42.378812152768774,41.14785836683823,42.322120666503906,30839100,0.0,0.0,0.0,XLU,Utilities Select Sector SPDR Fund
2018-12-27 00:00:00-05:00,42.33832184903616,42.735143755193334,41.62566676465556,42.6784553527832,29730600,0.0,0.0,0.0,XLU,Utilities Select Sector SPDR Fund
2018-12-28 00:00:00-05:00,42.77562563179717,43.21293871655451,42.621757586102056,42.78372573852539,21087600,0.0,0.0,0.0,XLU,Utilities Select Sector SPDR Fund
2018-12-31 00:00:00-05:00,42.799928572267554,42.9780938854892,42.411206780109026,42.85661697387695,16302200,0.0,0.0,0.0,XLU,Utilities Select Sector SPDR Fund
2019-01-02 00:00:00-05:00,42.686561922842046,42.72705320658234,41.86862686985523,42.11967468261719,25173900,0.0,0.0,0.0,XLU,Utilities Select Sector SPDR Fund
2019-01-03 00:00:00-05:00,42.11966547019004,42.46789599490792,41.91720600648366,42.111568450927734,21587500,0.0,0.0,0.0,XLU,Utilities Select Sector SPDR Fund
2019-01-04 00:00:00-05:00,41.91720757486937,42.75943971682982,41.860519170053415,42.735145568847656,19003500,0.0,0.0,0.0,XLU,Utilities Select Sector SPDR Fund
2019-01-07 00:00:00-05:00,42.467878579249046,42.654140838760256,42.208730819121726,42.44358444213867,16267700,0.0,0.0,0.0,XLU,Utilities Select Sector SPDR Fund
2019-01-08 00:00:00-05:00,42.48408152805894,43.018574242799794,42.24922787282656,42.96998596191406,16643500,0.0,0.0,0.0,XLU,Utilities Select Sector SPDR Fund
2019-01-09 00:00:00-05:00,42.94570422734314,43.12386955963539,42.58937665204517,42.710853576660156,18074700,0.0,0.0,0.0,XLU,Utilities Select Sector SPDR Fund
2019-01-10 00:00:00-05:00,42.75943933346768,43.3506206135955,42.70275092915997,43.26963806152344,25458100,0.0,0.0,0.0,XLU,Utilities Select Sector SPDR Fund
2019-01-11 00:00:00-05:00,43.21294197132534,43.3020246163321,42.84041735519324,43.107662200927734,24842500,0.0,0.0,0.0,XLU,Utilities Select Sector SPDR Fund
2019-01-14 00:00:00-05:00,42.597463893127575,43.115762641786574,41.73903786577292,42.13585662841797,23489800,0.0,0.0,0.0,XLU,Utilities Select Sector SPDR Fund
2019-01-15 00:00:00-05:00,41.95769781349802,42.88900943621587,41.917203451795714,42.65415573120117,27093100,0.0,0.0,0.0,XLU,Utilities Select Sector SPDR Fund
2019-01-16 00:00:00-05:00,42.573175457262664,42.82422630249236,42.330224720519915,42.80802917480469,18348200,0.0,0.0,0.0,XLU,Utilities Select Sector SPDR Fund
2019-01-17 00:00:00-05:00,42.77563883536349,43.083378111029226,42.71085340796815,42.98619842529297,20785900,0.0,0.0,0.0,XLU,Utilities Select Sector SPDR Fund
2019-01-18 00:00:00-05:00,43.04287488725394,43.180545813065905,42.84041546274058,43.03477478027344,14154700,0.0,0.0,0.0,XLU,Utilities Select Sector SPDR Fund
2019-01-22 00:00:00-05:00,43.02668577495674,43.35061906092919,42.6946523804954,43.11576843261719,16914400,0.0,0.0,0.0,XLU,Utilities Select Sector SPDR Fund
2019-01-23 00:00:00-05:00,43.123864634563624,43.57737493347389,43.05097910597601,43.553077697753906,14211100,0.0,0.0,0.0,XLU,Utilities Select Sector SPDR Fund
2019-01-24 00:00:00-05:00,43.520679301395575,43.820318385010786,43.19674298609732,43.77982711791992,21924100,0.0,0.0,0.0,XLU,Utilities Select Sector SPDR Fund
2019-01-25 00:00:00-05:00,43.642160758520326,43.84462021877643,43.11576801542617,43.1805534362793,18154100,0.0,0.0,0.0,XLU,Utilities Select Sector SPDR Fund
2019-01-28 00:00:00-05:00,43.188647920151304,43.35061299583422,42.783729052372436,42.97808837890625,14183800,0.0,0.0,0.0,XLU,Utilities Select Sector SPDR Fund
2019-01-29 00:00:00-05:00,43.18054995518946,43.302026857264494,42.95379636655442,43.09956741333008,12618500,0.0,0.0,0.0,XLU,Utilities Select Sector SPDR Fund
2019-01-30 00:00:00-05:00,42.98619230179235,43.6178648030243,42.92140379433981,43.431602478027344,18578900,0.0,0.0,0.0,XLU,Utilities Select Sector SPDR Fund
2019-01-31 00:00:00-05:00,43.41540619146248,44.47629176259955,43.221043754629065,44.346717834472656,23081600,0.0,0.0,0.0,XLU,Utilities Select Sector SPDR Fund
2019-02-01 00:00:00-05:00,44.16044624780107,44.34670853735392,43.79602177522858,44.17664337158203,15562400,0.0,0.0,0.0,XLU,Utilities Select Sector SPDR Fund
2019-02-04 00:00:00-05:00,43.98228596153908,44.27382493431273,43.67454677500033,44.24953079223633,18065700,0.0,0.0,0.0,XLU,Utilities Select Sector SPDR Fund
2019-02-05 00:00:00-05:00,44.24952896646454,44.41959413255354,43.99848127060519,44.3386116027832,12296100,0.0,0.0,0.0,XLU,Utilities Select Sector SPDR Fund
2019-02-06 00:00:00-05:00,44.2738290656728,44.492485632620934,44.09566685834484,44.31432342529297,9204200,0.0,0.0,0.0,XLU,Utilities Select Sector SPDR Fund
2019-02-07 00:00:00-05:00,44.24954165464522,44.89741134643555,44.11187069670257,44.89741134643555,16075400,0.0,0.0,0.0,XLU,Utilities Select Sector SPDR Fund
2019-02-08 00:00:00-05:00,44.792131043005725,45.11606431820543,44.694948280088305,45.09177017211914,14633700,0.0,0.0,0.0,XLU,Utilities Select Sector SPDR Fund
2019-02-11 00:00:00-05:00,45.091758646450344,45.31041517319571,44.9216934887435,45.0755615234375,14729100,0.0,0.0,0.0,XLU,Utilities Select Sector SPDR Fund
2019-02-12 00:00:00-05:00,45.08366441722335,45.407600741136534,44.8245165938071,45.18084716796875,14753300,0.0,0.0,0.0,XLU,Utilities Select Sector SPDR Fund
2019-02-13 00:00:00-05:00,45.04318086674894,45.16465778135166,44.86501863842756,45.0512809753418,13381800,0.0,0.0,0.0,XLU,Utilities Select Sector SPDR Fund
2019-02-14 00:00:00-05:00,45.08366260042941,45.21323959620155,44.81641776986341,44.97838592529297,19094000,0.0,0.0,0.0,XLU,Utilities Select Sector SPDR Fund
2019-02-15 00:00:00-05:00,45.1241660875216,45.2861311864406,44.95409779079867,45.116065979003906,9344500,0.0,0.0,0.0,XLU,Utilities Select Sector SPDR Fund
2019-02-19 00:00:00-05:00,45.14846231080525,45.431904336234766,45.01079135253559,45.38331604003906,14489300,0.0,0.0,0.0,XLU,Utilities Select Sector SPDR Fund
2019-02-20 00:00:00-05:00,45.36711687708331,45.66675601756972,45.124166139140655,45.58577346801758,14358400,0.0,0.0,0.0,XLU,Utilities Select Sector SPDR Fund
2019-02-21 00:00:00-05:00,45.44808975121492,45.99068260341791,45.29422170410825,45.91779708862305,19100000,0.0,0.0,0.0,XLU,Utilities Select Sector SPDR Fund
2019-02-22 00:00:00-05:00,45.99878111291884,46.20934064661604,45.78822466850733,46.20124053955078,15247500,0.0,0.0,0.0,XLU,Utilities Select Sector SPDR Fund
2019-02-25 00:00:00-05:00,46.241734069254825,46.274128320529286,45.71534138783105,45.90160369873047,13080100,0.0,0.0,0.0,XLU,Utilities Select Sector SPDR Fund
2019-02-26 00:00:00-05:00,45.998785363679694,46.06357386904617,45.61006359933877,45.84491729736328,13702700,0.0,0.0,0.0,XLU,Utilities Select Sector SPDR Fund
2019-02-27 00:00:00-05:00,45.739635531643984,46.04737474017972,45.69104415473229,45.90160369873047,11956300,0.0,0.0,0.0,XLU,Utilities Select Sector SPDR Fund
2019-02-28 00:00:00-05:00,45.925899231732664,46.28222982795855,45.68294851839697,46.16884994506836,12808100,0.0,0.0,0.0,XLU,Utilities Select Sector SPDR Fund
2019-03-01 00:00:00-05:00,46.18504754114751,46.29842433590543,45.87731140945772,46.26603317260742,13418000,0.0,0.0,0.0,XLU,Utilities Select Sector SPDR Fund
2019-03-04 00:00:00-05:00,46.322725048937095,46.44419887132101,45.893508893179266,46.34701919555664,12337600,0.0,0.0,0.0,XLU,Utilities Select Sector SPDR Fund
2019-03-05 00:00:00-05:00,46.347021198275435,46.4603980064474,46.20935024243414,46.29033279418945,12045500,0.0,0.0,0.0,XLU,Utilities Select Sector SPDR Fund
2019-03-06 00:00:00-05:00,46.33892417881443,46.4603980064474,46.128364601392505,46.29033279418945,11304300,0.0,0.0,0.0,XLU,Utilities Select Sector SPDR Fund
2019-03-07 00:00:00-05:00,46.37131307966622,46.735740723327304,46.31462467835074,46.44419860839844,15128500,0.0,0.0,0.0,XLU,Utilities Select Sector SPDR Fund
2019-03-08 00:00:00-05:00,46.50088324984913,46.646654295527135,46.16884988786833,46.606163024902344,18015900,0.0,0.0,0.0,XLU,Utilities Select Sector SPDR Fund
2019-03-11 00:00:00-04:00,46.622365631297775,46.95439903230789,46.589971375275745,46.938201904296875,14458800,0.0,0.0,0.0,XLU,Utilities Select Sector SPDR Fund
2019-03-12 00:00:00-04:00,47.01918762469143,47.310726661529,46.93010496512178,47.26213836669922,17102100,0.0,0.0,0.0,XLU,Utilities Select Sector SPDR Fund
2019-03-13 00:00:00-04:00,47.17305521281467,47.42410606085425,47.14066095707674,47.310726165771484,15887600,0.0,0.0,0.0,XLU,Utilities Select Sector SPDR Fund
2019-03-14 00:00:00-04:00,47.28642662275858,47.56987169419219,47.12445845183737,47.3026237487793,15155400,0.0,0.0,0.0,XLU,Utilities Select Sector SPDR Fund
2019-03-15 00:00:00-04:00,47.37604904813724,47.62896174562661,47.10682221343948,47.47394943237305,17714900,0.43,0.0,0.0,XLU,Utilities Select Sector SPDR Fund
2019-03-18 00:00:00-04:00,47.49842505282987,47.563690935768,47.09050316982638,47.294464111328125,15008800,0.0,0.0,0.0,XLU,Utilities Select Sector SPDR Fund
2019-03-19 00:00:00-04:00,47.22104655905358,47.29447263571646,46.58468619057616,46.75601577758789,22635800,0.0,0.0,0.0,XLU,Utilities Select Sector SPDR Fund
2019-03-20 00:00:00-04:00,46.845752949842776,47.253674879864526,46.641791984831904,46.878387451171875,18880500,0.0,0.0,0.0,XLU,Utilities Select Sector SPDR Fund
2019-03-21 00:00:00-04:00,46.911006994684655,47.47393795823018,46.837580946205115,47.37603759765625,15371800,0.0,0.0,0.0,XLU,Utilities Select Sector SPDR Fund
2019-03-22 00:00:00-04:00,47.555538646292526,48.05320389151829,47.37605200383148,47.71870803833008,20452500,0.0,0.0,0.0,XLU,Utilities Select Sector SPDR Fund
2019-03-25 00:00:00-04:00,47.75949478149414,47.906346908266656,47.56369090839846,47.75949478149414,13763000,0.0,0.0,0.0,XLU,Utilities Select Sector SPDR Fund
2019-03-26 00:00:00-04:00,47.783975167059786,48.13478827976949,47.71870927587053,48.10215377807617,15699700,0.0,0.0,0.0,XLU,Utilities Select Sector SPDR Fund
2019-03-27 00:00:00-04:00,48.151102005274545,48.19189357330598,47.54737621693898,47.76765441894531,17323500,0.0,0.0,0.0,XLU,Utilities Select Sector SPDR Fund
2019-03-28 00:00:00-04:00,47.7594935385604,47.92266290986084,47.04155017215659,47.20471954345703,24748800,0.0,0.0,0.0,XLU,Utilities Select Sector SPDR Fund
2019-03-29 00:00:00-04:00,47.1394553772581,47.5147459033389,47.02523773931069,47.45763397216797,21835100,0.0,0.0,0.0,XLU,Utilities Select Sector SPDR Fund
2019-04-01 00:00:00-04:00,47.457626045103275,47.457626045103275,46.853903456167416,47.131290435791016,26681900,0.0,0.0,0.0,XLU,Utilities Select Sector SPDR Fund
2019-04-02 00:00:00-04:00,47.22919822041564,47.286307038813945,46.902862559882045,47.196563720703125,24978100,0.0,0.0,0.0,XLU,Utilities Select Sector SPDR Fund
2019-04-03 00:00:00-04:00,47.098660295929896,47.3189384864858,46.77232465644474,47.12313461303711,15450500,0.0,0.0,0.0,XLU,Utilities Select Sector SPDR Fund
2019-04-04 00:00:00-04:00,47.204717241112014,47.245508803898346,46.682577768174745,46.959964752197266,16264600,0.0,0.0,0.0,XLU,Utilities Select Sector SPDR Fund
2019-04-05 00:00:00-04:00,46.95997084705773,47.42500157001038,46.81311871220983,47.4005241394043,15419300,0.0,0.0,0.0,XLU,Utilities Select Sector SPDR Fund
2019-04-08 00:00:00-04:00,47.294466979600735,47.35973286649705,46.94365388996617,47.0660285949707,14681700,0.0,0.0,0.0,XLU,Utilities Select Sector SPDR Fund
2019-04-09 00:00:00-04:00,47.106829811822735,47.2292045338074,46.96813472560299,47.18025588989258,12993900,0.0,0.0,0.0,XLU,Utilities Select Sector SPDR Fund
2019-04-10 00:00:00-04:00,47.278165537389434,47.59634423386102,46.92735233045968,47.03341293334961,16891200,0.0,0.0,0.0,XLU,Utilities Select Sector SPDR Fund
2019-04-11 00:00:00-04:00,47.02522890434525,47.28629863123237,46.968120096100975,47.269981384277344,17420000,0.0,0.0,0.0,XLU,Utilities Select Sector SPDR Fund
2019-04-12 00:00:00-04:00,47.09866782467408,47.53922427620903,46.862072347494475,47.490272521972656,15926600,0.0,0.0,0.0,XLU,Utilities Select Sector SPDR Fund
2019-04-15 00:00:00-04:00,47.531057705283445,47.69422708527401,47.359731256782034,47.48210906982422,15253100,0.0,0.0,0.0,XLU,Utilities Select Sector SPDR Fund
2019-04-16 00:00:00-04:00,47.482111464083914,47.58817203325539,46.739693704278054,46.89470291137695,19688700,0.0,0.0,0.0,XLU,Utilities Select Sector SPDR Fund
2019-04-17 00:00:00-04:00,46.84575248214787,46.96813030481155,46.67442602017658,46.71521759033203,15194800,0.0,0.0,0.0,XLU,Utilities Select Sector SPDR Fund
2019-04-18 00:00:00-04:00,46.8294398271886,47.06603218646334,46.71521907005909,46.73969650268555,16039400,0.0,0.0,0.0,XLU,Utilities Select Sector SPDR Fund
2019-04-22 00:00:00-04:00,46.72337644908797,46.8783856561698,46.60099862988843,46.69890213012695,10685500,0.0,0.0,0.0,XLU,Utilities Select Sector SPDR Fund
2019-04-23 00:00:00-04:00,46.71521650500155,46.97628939476506,46.48678122768037,46.829437255859375,17068200,0.0,0.0,0.0,XLU,Utilities Select Sector SPDR Fund
2019-04-24 00:00:00-04:00,46.943646760192216,47.294459796545496,46.870220703462536,47.131290435791016,16428400,0.0,0.0,0.0,XLU,Utilities Select Sector SPDR Fund
2019-04-25 00:00:00-04:00,46.919173152742374,47.51474183480972,46.87022451906892,47.32709503173828,15253300,0.0,0.0,0.0,XLU,Utilities Select Sector SPDR Fund
2019-04-26 00:00:00-04:00,47.588170954529964,47.87371504329136,47.35157550258643,47.4005241394043,14517400,0.0,0.0,0.0,XLU,Utilities Select Sector SPDR Fund
2019-04-29 00:00:00-04:00,47.35973005239682,47.37604730120062,46.92733385178541,47.12313461303711,20775900,0.0,0.0,0.0,XLU,Utilities Select Sector SPDR Fund
2019-04-30 00:00:00-04:00,47.131297480362385,47.93082404414575,47.04971123169234,47.898189544677734,22016700,0.0,0.0,0.0,XLU,Utilities Select Sector SPDR Fund
2019-05-01 00:00:00-04:00,47.75950070320704,47.89003559739022,47.3678960206575,47.408687591552734,26412700,0.0,0.0,0.0,XLU,Utilities Select Sector SPDR Fund
2019-05-02 00:00:00-04:00,47.31894099844932,47.5718537000389,46.95181066136675,47.3026237487793,23463800,0.0,0.0,0.0,XLU,Utilities Select Sector SPDR Fund
2019-05-03 00:00:00-04:00,47.30262422727723,47.64528024941954,47.229198159117956,47.56369400024414,16071300,0.0,0.0,0.0,XLU,Utilities Select Sector SPDR Fund
2019-05-06 00:00:00-04:00,47.563693519105314,47.69422840426832,47.20472336295633,47.3026237487793,13389500,0.0,0.0,0.0,XLU,Utilities Select Sector SPDR Fund
2019-05-07 00:00:00-04:00,47.22919923267009,47.34341687191471,46.935494953356915,47.1557731628418,12542200,0.0,0.0,0.0,XLU,Utilities Select Sector SPDR Fund
2019-05-08 00:00:00-04:00,47.09866574777464,47.1476174998524,46.47046560099806,46.51125717163086,28692400,0.0,0.0,0.0,XLU,Utilities Select Sector SPDR Fund
2019-05-09 00:00:00-04:00,46.51125233956225,46.715213283734016,46.22570826260059,46.45414352416992,16173800,0.0,0.0,0.0,XLU,Utilities Select Sector SPDR Fund
2019-05-10 00:00:00-04:00,46.44599012804935,47.31078572010413,46.35624680756664,47.28630828857422,25158000,0.0,0.0,0.0,XLU,Utilities Select Sector SPDR Fund
2019-05-13 00:00:00-04:00,47.139455773771225,47.89819078902941,47.07418988533681,47.79213333129883,20096300,0.0,0.0,0.0,XLU,Utilities Select Sector SPDR Fund
2019-05-14 00:00:00-04:00,47.80028819608856,47.84107976350372,47.38420922893853,47.47394943237305,17609400,0.0,0.0,0.0,XLU,Utilities Select Sector SPDR Fund
2019-05-15 00:00:00-04:00,47.498417416503294,47.6779008998753,47.33524806709526,47.392356872558594,14577500,0.0,0.0,0.0,XLU,Utilities Select Sector SPDR Fund
2019-05-16 00:00:00-04:00,47.34341425731541,47.857396717728136,47.212879375073754,47.71054458618164,13908300,0.0,0.0,0.0,XLU,Utilities Select Sector SPDR Fund
2019-05-17 00:00:00-04:00,47.49843260236453,48.14294691468126,47.43316359685538,47.95530319213867,10477100,0.0,0.0,0.0,XLU,Utilities Select Sector SPDR Fund
2019-05-20 00:00:00-04:00,48.06136041715505,48.32243019658405,47.89819102696261,48.02056884765625,9118700,0.0,0.0,0.0,XLU,Utilities Select Sector SPDR Fund
2019-05-21 00:00:00-04:00,48.09399997826867,48.50192194057426,47.979782326774725,48.11031723022461,11504400,0.0,0.0,0.0,XLU,Utilities Select Sector SPDR Fund
2019-05-22 00:00:00-04:00,48.18373994878907,48.51823581007231,48.03688780362108,48.46928405761719,9257900,0.0,0.0,0.0,XLU,Utilities Select Sector SPDR Fund
2019-05-23 00:00:00-04:00,48.51822969859779,48.89351708355617,48.46927795230875,48.88535690307617,15164500,0.0,0.0,0.0,XLU,Utilities Select Sector SPDR Fund
2019-05-24 00:00:00-04:00,48.917989053683264,49.17090172908061,48.75481968607842,48.81193161010742,8712400,0.0,0.0,0.0,XLU,Utilities Select Sector SPDR Fund
2019-05-28 00:00:00-04:00,48.87721257629578,48.91800415273853,47.9308336867141,48.01241683959961,16397900,0.0,0.0,0.0,XLU,Utilities Select Sector SPDR Fund
2019-05-29 00:00:00-04:00,48.126615327913306,48.1755639521021,47.26181999162061,47.37603759765625,20119100,0.0,0.0,0.0,XLU,Utilities Select Sector SPDR Fund
2019-05-30 00:00:00-04:00,47.3842099971294,47.64527976745542,47.15577161394627,47.3026237487793,16822600,0.0,0.0,0.0,XLU,Utilities Select Sector SPDR Fund
2019-05-31 00:00:00-04:00,47.31895387837815,47.65344980716843,47.10683579932496,47.52291488647461,18257000,0.0,0.0,0.0,XLU,Utilities Select Sector SPDR Fund
2019-06-03 00:00:00-04:00,47.677908254387816,48.06135581781559,47.433155748619924,47.996089935302734,20335400,0.0,0.0,0.0,XLU,Utilities Select Sector SPDR Fund
2019-06-04 00:00:00-04:00,48.04504137657822,48.1021501941879,47.14761443225717,48.03688430786133,18528900,0.0,0.0,0.0,XLU,Utilities Select Sector SPDR Fund
2019-06-05 00:00:00-04:00,48.216371481621074,49.22801924998725,48.045045015814694,49.064849853515625,31755300,0.0,0.0,0.0,XLU,Utilities Select Sector SPDR Fund
2019-06-06 00:00:00-04:00,49.130114511991785,49.45645016387704,48.9914194479878,49.36670684814453,25511200,0.0,0.0,0.0,XLU,Utilities Select Sector SPDR Fund
2019-06-07 00:00:00-04:00,49.619631898873344,49.9214933078707,48.97511439106455,48.99959182739258,18993100,0.0,0.0,0.0,XLU,Utilities Select Sector SPDR Fund
2019-06-10 00:00:00-04:00,48.85273237237231,48.95063276649001,48.42033299997407,48.66508865356445,13700300,0.0,0.0,0.0,XLU,Utilities Select Sector SPDR Fund
2019-06-11 00:00:00-04:00,48.64876686994903,48.77930175400995,48.09399283464082,48.37137985229492,18036100,0.0,0.0,0.0,XLU,Utilities Select Sector SPDR Fund
2019-06-12 00:00:00-04:00,48.616144150964935,49.07301791198089,48.55903531986267,48.99959182739258,12350200,0.0,0.0,0.0,XLU,Utilities Select Sector SPDR Fund
2019-06-13 00:00:00-04:00,49.11380183956751,49.244336734925795,48.77114579412862,49.09748458862305,16212000,0.0,0.0,0.0,XLU,Utilities Select Sector SPDR Fund
2019-06-14 00:00:00-04:00,49.15459555897985,49.701209484619085,49.138278307322295,49.61146926879883,14242700,0.0,0.0,0.0,XLU,Utilities Select Sector SPDR Fund
2019-06-17 00:00:00-04:00,49.61146958950226,49.75832174317203,49.16275294651266,49.472774505615234,11462100,0.0,0.0,0.0,XLU,Utilities Select Sector SPDR Fund
2019-06-18 00:00:00-04:00,49.69304945343818,49.77463259466649,48.934314413664964,49.2688102722168,23145300,0.0,0.0,0.0,XLU,Utilities Select Sector SPDR Fund
2019-06-19 00:00:00-04:00,49.048538283177486,49.85622517754528,49.032221030420814,49.64410400390625,21595900,0.0,0.0,0.0,XLU,Utilities Select Sector SPDR Fund
2019-06-20 00:00:00-04:00,49.905160718293594,50.076490271147875,49.39118139632153,49.96227264404297,19137800,0.0,0.0,0.0,XLU,Utilities Select Sector SPDR Fund
2019-06-21 00:00:00-04:00,49.91704865850483,50.245989432168464,49.563435052461244,50.15553283691406,15058200,0.485,0.0,0.0,XLU,Utilities Select Sector SPDR Fund
2019-06-24 00:00:00-04:00,50.245978760071004,50.31999096740763,49.98282494221654,50.171966552734375,9887200,0.0,0.0,0.0,XLU,Utilities Select Sector SPDR Fund
2019-06-25 00:00:00-04:00,50.21309771993669,50.21309771993669,49.75257687080581,49.867706298828125,12145400,0.0,0.0,0.0,XLU,Utilities Select Sector SPDR Fund
2019-06-26 00:00:00-04:00,49.74435884302829,49.85126295681894,48.76575234894937,48.78219985961914,16888500,0.0,0.0,0.0,XLU,Utilities Select Sector SPDR Fund
2019-06-27 00:00:00-04:00,48.93843708497595,49.0782393302367,48.658835731495756,48.84798049926758,14135500,0.0,0.0,0.0,XLU,Utilities Select Sector SPDR Fund
2019-06-28 00:00:00-04:00,48.86442736470317,49.30850067885297,48.76574545168369,49.03712463378906,16133200,0.0,0.0,0.0,XLU,Utilities Select Sector SPDR Fund
2019-07-01 00:00:00-04:00,49.07001156154665,49.11935408159772,48.46969168427702,48.91376495361328,17923400,0.0,0.0,0.0,XLU,Utilities Select Sector SPDR Fund
2019-07-02 00:00:00-04:00,49.09468546786861,49.662110344227536,49.08646014582562,49.57987594604492,21359500,0.0,0.0,0.0,XLU,Utilities Select Sector SPDR Fund
2019-07-03 00:00:00-04:00,49.727902447179865,50.22954045333055,49.68678210933171,49.92526626586914,15786600,0.0,0.0,0.0,XLU,Utilities Select Sector SPDR Fund
2019-07-05 00:00:00-04:00,49.612776868393084,49.974612655344366,49.135808518417605,49.90060043334961,15946400,0.0,0.0,0.0,XLU,Utilities Select Sector SPDR Fund
2019-07-08 00:00:00-04:00,49.93350360838713,50.130867474586374,49.66212437106054,49.9746208190918,9418200,0.0,0.0,0.0,XLU,Utilities Select Sector SPDR Fund
2019-07-09 00:00:00-04:00,49.892380812530256,50.056852784320746,49.6210047255616,50.0404052734375,17482700,0.0,0.0,0.0,XLU,Utilities Select Sector SPDR Fund
2019-07-10 00:00:00-04:00,50.09796498605526,50.426908896760516,49.92527084460373,50.15553283691406,11486000,0.0,0.0,0.0,XLU,Utilities Select Sector SPDR Fund
2019-07-11 00:00:00-04:00,50.097954345397746,50.36111130029317,49.74434395150159,50.171966552734375,19998000,0.0,0.0,0.0,XLU,Utilities Select Sector SPDR Fund
2019-07-12 00:00:00-04:00,50.15552537720456,50.21309008246005,49.66210958453317,49.8430290222168,11245300,0.0,0.0,0.0,XLU,Utilities Select Sector SPDR Fund
2019-07-15 00:00:00-04:00,49.851263603843115,50.114417503891126,49.66212193424874,50.0404052734375,9345300,0.0,0.0,0.0,XLU,Utilities Select Sector SPDR Fund
2019-07-16 00:00:00-04:00,49.91703921549858,50.08973332428088,49.48941346729407,49.752567291259766,14374600,0.0,0.0,0.0,XLU,Utilities Select Sector SPDR Fund
2019-07-17 00:00:00-04:00,49.925279172587295,50.2295534387099,49.752585002328836,49.94172668457031,13354700,0.0,0.0,0.0,XLU,Utilities Select Sector SPDR Fund
2019-07-18 00:00:00-04:00,49.9499445913731,50.385792614550866,49.6703432032677,50.377567291259766,14733200,0.0,0.0,0.0,XLU,Utilities Select Sector SPDR Fund
2019-07-19 00:00:00-04:00,50.26244321596557,50.40224549343222,49.6210059607617,49.64567565917969,15308300,0.0,0.0,0.0,XLU,Utilities Select Sector SPDR Fund
2019-07-22 00:00:00-04:00,49.76902763943463,49.81837017055059,49.25094204236359,49.53876876831055,13176500,0.0,0.0,0.0,XLU,Utilities Select Sector SPDR Fund
2019-07-23 00:00:00-04:00,49.59633372555963,49.629225609420565,49.13581284404605,49.22627258300781,16790600,0.0,0.0,0.0,XLU,Utilities Select Sector SPDR Fund
2019-07-24 00:00:00-04:00,49.36606548865707,49.489420232960185,48.889100293904036,49.26738357543945,13560700,0.0,0.0,0.0,XLU,Utilities Select Sector SPDR Fund
2019-07-25 00:00:00-04:00,49.11113201885566,49.4647455708312,48.89731756847731,49.14402389526367,14148300,0.0,0.0,0.0,XLU,Utilities Select Sector SPDR Fund
2019-07-26 00:00:00-04:00,49.18514444028728,49.51408516505776,49.07823721464233,49.32494354248047,13879000,0.0,0.0,0.0,XLU,Utilities Select Sector SPDR Fund
2019-07-29 00:00:00-04:00,49.46474653377278,49.65388815922576,49.185145188094204,49.57987594604492,16621700,0.0,0.0,0.0,XLU,Utilities Select Sector SPDR Fund
2019-07-30 00:00:00-04:00,49.46474915899656,49.69500799576128,48.954885824672715,49.201595306396484,18995600,0.0,0.0,0.0,XLU,Utilities Select Sector SPDR Fund
2019-07-31 00:00:00-04:00,49.2180427247038,49.45652689871426,48.67528747798022,48.971336364746094,24381000,0.0,0.0,0.0,XLU,Utilities Select Sector SPDR Fund
2019-08-01 00:00:00-04:00,48.889107976832314,49.752581911524764,48.72463600426186,49.47298049926758,29493100,0.0,0.0,0.0,XLU,Utilities Select Sector SPDR Fund
2019-08-02 00:00:00-04:00,49.54698660486371,49.875930509339184,49.357844957754864,49.464752197265625,14939300,0.0,0.0,0.0,XLU,Utilities Select Sector SPDR Fund
2019-08-05 00:00:00-04:00,49.57165384383617,49.7032307716994,48.49436872728133,48.75752258300781,26576800,0.0,0.0,0.0,XLU,Utilities Select Sector SPDR Fund
2019-08-06 00:00:00-04:00,48.80687077978505,49.55521528027621,48.264115462253464,49.36607360839844,27035900,0.0,0.0,0.0,XLU,Utilities Select Sector SPDR Fund
2019-08-07 00:00:00-04:00,49.3825146050746,49.78547073081696,48.68351273003926,49.48942184448242,24954700,0.0,0.0,0.0,XLU,Utilities Select Sector SPDR Fund
2019-08-08 00:00:00-04:00,49.464752905786895,50.13085977318062,49.19337371015123,49.99928283691406,17057500,0.0,0.0,0.0,XLU,Utilities Select Sector SPDR Fund
2019-08-09 00:00:00-04:00,50.040399109795,50.27888328266422,49.87593029530461,50.056846618652344,11813500,0.0,0.0,0.0,XLU,Utilities Select Sector SPDR Fund
2019-08-12 00:00:00-04:00,50.065079098817684,50.196656051444926,49.70324012631126,49.95817184448242,13624800,0.0,0.0,0.0,XLU,Utilities Select Sector SPDR Fund
2019-08-13 00:00:00-04:00,49.94994114711413,50.171974667996736,49.653892269882036,49.991058349609375,17747200,0.0,0.0,0.0,XLU,Utilities Select Sector SPDR Fund
2019-08-14 00:00:00-04:00,50.056841102178254,50.31177275581028,49.448299026728016,49.57987594604492,20290500,0.0,0.0,0.0,XLU,Utilities Select Sector SPDR Fund
2019-08-15 00:00:00-04:00,49.752566722222454,50.39400376867236,49.4565178893868,50.221309661865234,22085800,0.0,0.0,0.0,XLU,Utilities Select Sector SPDR Fund
2019-08-16 00:00:00-04:00,50.24599150769963,50.63250014818773,50.17197928158578,50.476253509521484,16121500,0.0,0.0,0.0,XLU,Utilities Select Sector SPDR Fund
2019-08-19 00:00:00-04:00,50.369348317923546,50.96966833775745,50.28711390201716,50.796974182128906,14234000,0.0,0.0,0.0,XLU,Utilities Select Sector SPDR Fund
2019-08-20 00:00:00-04:00,50.912096270628304,50.92031845621541,50.50091797636155,50.71472930908203,15524400,0.0,0.0,0.0,XLU,Utilities Select Sector SPDR Fund
2019-08-21 00:00:00-04:00,50.632491552476566,51.05189514160156,50.591374353180704,51.05189514160156,14397900,0.0,0.0,0.0,XLU,Utilities Select Sector SPDR Fund
2019-08-22 00:00:00-04:00,51.01900765470508,51.16703210364273,50.665394041914205,51.10124206542969,14917100,0.0,0.0,0.0,XLU,Utilities Select Sector SPDR Fund
2019-08-23 00:00:00-04:00,51.19992026452874,51.36439221106594,50.303551449794575,50.5584831237793,21297900,0.0,0.0,0.0,XLU,Utilities Select Sector SPDR Fund
2019-08-26 00:00:00-04:00,50.68183917482925,51.15880438134058,50.558484427485155,51.142356872558594,12850700,0.0,0.0,0.0,XLU,Utilities Select Sector SPDR Fund
2019-08-27 00:00:00-04:00,51.38906454819555,51.594653695130646,51.17525007863984,51.23281478881836,19224400,0.0,0.0,0.0,XLU,Utilities Select Sector SPDR Fund
2019-08-28 00:00:00-04:00,51.29038140979218,51.47130086968838,50.9120981182288,51.093017578125,15895800,0.0,0.0,0.0,XLU,Utilities Select Sector SPDR Fund
2019-08-29 00:00:00-04:00,51.38083853863711,51.463076078536524,50.96966025026417,51.44662857055664,17733500,0.0,0.0,0.0,XLU,Utilities Select Sector SPDR Fund
2019-08-30 00:00:00-04:00,51.6028804864769,51.64399769212552,51.30683158654016,51.46308135986328,12083000,0.0,0.0,0.0,XLU,Utilities Select Sector SPDR Fund
2019-09-03 00:00:00-04:00,51.446628158846416,52.3841141469077,51.38906344989819,52.37588882446289,21364100,0.0,0.0,0.0,XLU,Utilities Select Sector SPDR Fund
2019-09-04 00:00:00-04:00,52.52392148849984,52.65549843486252,52.09629562856063,52.42523956298828,15816600,0.0,0.0,0.0,XLU,Utilities Select Sector SPDR Fund
2019-09-05 00:00:00-04:00,52.07985147493767,52.194980911360595,51.67689531041554,51.85781478881836,29332400,0.0,0.0,0.0,XLU,Utilities Select Sector SPDR Fund
2019-09-06 00:00:00-04:00,51.989391616151465,52.10452105230958,51.49597571356288,51.652225494384766,12663200,0.0,0.0,0.0,XLU,Utilities Select Sector SPDR Fund
2019-09-09 00:00:00-04:00,51.54530989451799,51.63576961885672,51.29860355171142,51.39728546142578,16824900,0.0,0.0,0.0,XLU,Utilities Select Sector SPDR Fund
2019-09-10 00:00:00-04:00,51.315056909894906,51.46308135986328,51.01900800995817,51.46308135986328,19168000,0.0,0.0,0.0,XLU,Utilities Select Sector SPDR Fund
2019-09-11 00:00:00-04:00,51.389066095610495,52.0140557408145,51.15880411092142,51.972938537597656,22688500,0.0,0.0,0.0,XLU,Utilities Select Sector SPDR Fund
2019-09-12 00:00:00-04:00,52.2854368904757,52.441683523378714,51.849585736307695,52.088069915771484,23599700,0.0,0.0,0.0,XLU,Utilities Select Sector SPDR Fund
2019-09-13 00:00:00-04:00,51.792015956569024,52.137407344259,51.60287432354124,51.75912094116211,24999100,0.0,0.0,0.0,XLU,Utilities Select Sector SPDR Fund
2019-09-16 00:00:00-04:00,51.841360580089436,51.882477782493325,51.512416686775396,51.80024337768555,11963000,0.0,0.0,0.0,XLU,Utilities Select Sector SPDR Fund
2019-09-17 00:00:00-04:00,51.890701666482585,52.37589219962774,51.86603197164113,52.252540588378906,17329100,0.0,0.0,0.0,XLU,Utilities Select Sector SPDR Fund
2019-09-18 00:00:00-04:00,52.44990221188087,52.63904698783667,52.120961458698176,52.47457504272461,20962700,0.0,0.0,0.0,XLU,Utilities Select Sector SPDR Fund
2019-09-19 00:00:00-04:00,52.63904855250468,52.77062234805558,52.441681585095296,52.721282958984375,15020700,0.0,0.0,0.0,XLU,Utilities Select Sector SPDR Fund
2019-09-20 00:00:00-04:00,52.789242086833816,52.98813227802866,52.52405305770563,52.93012237548828,18494600,0.492,0.0,0.0,XLU,Utilities Select Sector SPDR Fund
2019-09-23 00:00:00-04:00,52.913540441770266,53.13729740859468,52.80580958679086,52.93840408325195,8808300,0.0,0.0,0.0,XLU,Utilities Select Sector SPDR Fund
2019-09-24 00:00:00-04:00,53.12901057854555,53.74225896347794,53.087572228202255,53.559940338134766,26907900,0.0,0.0,0.0,XLU,Utilities Select Sector SPDR Fund
2019-09-25 00:00:00-04:00,53.51851563517242,53.5848144757538,53.236748724004244,53.526798248291016,16233800,0.0,0.0,0.0,XLU,Utilities Select Sector SPDR Fund
2019-09-26 00:00:00-04:00,53.65939020363656,53.95772863181266,53.55994195337628,53.80855941772461,13373400,0.0,0.0,0.0,XLU,Utilities Select Sector SPDR Fund
2019-09-27 00:00:00-04:00,53.883135610324885,53.91628502384653,53.31960822566519,53.61794662475586,16614800,0.0,0.0,0.0,XLU,Utilities Select Sector SPDR Fund
2019-09-30 00:00:00-04:00,53.659396723932694,53.92458576757918,53.501938555871945,53.65110778808594,10835200,0.0,0.0,0.0,XLU,Utilities Select Sector SPDR Fund
2019-10-01 00:00:00-04:00,53.46878834343366,53.617957573439064,53.236748724004244,53.526798248291016,23783400,0.0,0.0,0.0,XLU,Utilities Select Sector SPDR Fund
2019-10-02 00:00:00-04:00,53.410768187658704,53.50192749531091,52.68150004904531,52.81409454345703,14860300,0.0,0.0,0.0,XLU,Utilities Select Sector SPDR Fund
2019-10-03 00:00:00-04:00,52.83067006697039,52.96326456343149,52.55719213978692,52.93840408325195,29784600,0.0,0.0,0.0,XLU,Utilities Select Sector SPDR Fund
2019-10-04 00:00:00-04:00,53.00469848681726,53.791982835152325,52.930113886755144,53.67595672607422,18583500,0.0,0.0,0.0,XLU,Utilities Select Sector SPDR Fund
2019-10-07 00:00:00-04:00,53.62624248619252,53.69254132180025,53.33619298366488,53.46878433227539,12865900,0.0,0.0,0.0,XLU,Utilities Select Sector SPDR Fund
2019-10-08 00:00:00-04:00,53.43564700865982,53.477079043436014,52.94670094649793,52.971561431884766,21595900,0.0,0.0,0.0,XLU,Utilities Select Sector SPDR Fund
2019-10-09 00:00:00-04:00,53.112443708165216,53.43564899804386,52.98813811530035,53.22846984863281,8977000,0.0,0.0,0.0,XLU,Utilities Select Sector SPDR Fund
2019-10-10 00:00:00-04:00,53.10414947249537,53.286468095693166,52.70636281073613,53.170448303222656,15605300,0.0,0.0,0.0,XLU,Utilities Select Sector SPDR Fund
2019-10-11 00:00:00-04:00,53.120730666811454,53.30304932312248,52.78924593687657,52.971561431884766,16077300,0.0,0.0,0.0,XLU,Utilities Select Sector SPDR Fund
2019-10-14 00:00:00-04:00,53.12072538397214,53.14558586688661,52.474327537775764,52.63178253173828,9946000,0.0,0.0,0.0,XLU,Utilities Select Sector SPDR Fund
2019-10-15 00:00:00-04:00,52.664927920949815,52.78923664861755,52.3334432493396,52.46603775024414,15863300,0.0,0.0,0.0,XLU,Utilities Select Sector SPDR Fund
2019-10-16 00:00:00-04:00,52.43288493916334,52.606914617586284,52.19255643393047,52.582054138183594,16177500,0.0,0.0,0.0,XLU,Utilities Select Sector SPDR Fund
2019-10-17 00:00:00-04:00,52.58205851179016,52.82238703701278,52.45774978183299,52.71465301513672,12999800,0.0,0.0,0.0,XLU,Utilities Select Sector SPDR Fund
2019-10-18 00:00:00-04:00,52.59034109961052,53.00469929263229,52.457746604295636,52.88867950439453,14552900,0.0,0.0,0.0,XLU,Utilities Select Sector SPDR Fund
2019-10-21 00:00:00-04:00,52.8969693617954,53.112431073652104,52.73122544943354,53.09585952758789,11462400,0.0,0.0,0.0,XLU,Utilities Select Sector SPDR Fund
2019-10-22 00:00:00-04:00,53.22017248090497,53.55994294435579,53.06271432906404,53.31961441040039,15591300,0.0,0.0,0.0,XLU,Utilities Select Sector SPDR Fund
2019-10-23 00:00:00-04:00,53.44392064321438,53.66767761931498,53.303040367953756,53.53507995605469,12910900,0.0,0.0,0.0,XLU,Utilities Select Sector SPDR Fund
2019-10-24 00:00:00-04:00,53.55993764620554,53.80855509056061,53.4770672722886,53.7173957824707,11461200,0.0,0.0,0.0,XLU,Utilities Select Sector SPDR Fund
2019-10-25 00:00:00-04:00,53.758836200067236,53.833417642682065,52.954980264661216,53.170448303222656,16925100,0.0,0.0,0.0,XLU,Utilities Select Sector SPDR Fund
2019-10-28 00:00:00-04:00,52.89697010922786,53.03785038187966,52.374877884366605,52.4411735534668,25068600,0.0,0.0,0.0,XLU,Utilities Select Sector SPDR Fund
2019-10-29 00:00:00-04:00,52.40802775490342,52.606917925234235,52.258858546504186,52.49089813232422,19772400,0.0,0.0,0.0,XLU,Utilities Select Sector SPDR Fund
2019-10-30 00:00:00-04:00,52.53233559504098,53.087574102660305,52.52404982146113,52.95498275756836,19680300,0.0,0.0,0.0,XLU,Utilities Select Sector SPDR Fund
2019-10-31 00:00:00-04:00,53.004700931367566,53.31132827982114,52.83067124363049,53.24502944946289,17245900,0.0,0.0,0.0,XLU,Utilities Select Sector SPDR Fund
2019-11-01 00:00:00-04:00,53.27818912441509,53.443929909622945,53.021285849258376,53.11244201660156,15690900,0.0,0.0,0.0,XLU,Utilities Select Sector SPDR Fund
2019-11-04 00:00:00-05:00,53.06271497684831,53.09586439461977,52.24228743547099,52.432891845703125,24342800,0.0,0.0,0.0,XLU,Utilities Select Sector SPDR Fund
2019-11-05 00:00:00-05:00,52.17598980920152,52.34173374059772,51.75334578737864,51.89422607421875,21996900,0.0,0.0,0.0,XLU,Utilities Select Sector SPDR Fund
2019-11-06 00:00:00-05:00,51.98538273616022,52.30858164713889,51.90251235535116,52.093116760253906,17771900,0.0,0.0,0.0,XLU,Utilities Select Sector SPDR Fund
2019-11-07 00:00:00-05:00,51.81963529842118,52.084824292585814,51.04892879622331,51.388702392578125,22844700,0.0,0.0,0.0,XLU,Utilities Select Sector SPDR Fund
2019-11-08 00:00:00-05:00,51.23125437909581,51.45500821608137,50.9494906393328,51.17324447631836,15971500,0.0,0.0,0.0,XLU,Utilities Select Sector SPDR Fund
2019-11-11 00:00:00-05:00,51.18980611261569,51.24781600057812,50.808597374204936,50.85831832885742,9273200,0.0,0.0,0.0,XLU,Utilities Select Sector SPDR Fund
2019-11-12 00:00:00-05:00,50.86661950888619,51.08208440729344,50.833470090268904,50.98263931274414,12668500,0.0,0.0,0.0,XLU,Utilities Select Sector SPDR Fund
2019-11-13 00:00:00-05:00,51.164957390887565,51.85279043246424,51.09865855438245,51.73677062988281,16796900,0.0,0.0,0.0,XLU,Utilities Select Sector SPDR Fund
2019-11-14 00:00:00-05:00,51.902515561549926,52.184279299529585,51.753346337837016,51.919090270996094,16836000,0.0,0.0,0.0,XLU,Utilities Select Sector SPDR Fund
2019-11-15 00:00:00-05:00,51.94394714454797,52.10969106618829,51.78649215770597,52.0848274230957,9965800,0.0,0.0,0.0,XLU,Utilities Select Sector SPDR Fund
2019-11-18 00:00:00-05:00,52.19256591796875,52.62349888663292,52.10140659519136,52.19256591796875,16490800,0.0,0.0,0.0,XLU,Utilities Select Sector SPDR Fund
2019-11-19 00:00:00-05:00,52.04339233268961,52.35001653346494,51.78649225689232,52.059967041015625,18052400,0.0,0.0,0.0,XLU,Utilities Select Sector SPDR Fund
2019-11-20 00:00:00-05:00,52.13454561403105,52.449458713174046,52.01023689662402,52.374874114990234,19679500,0.0,0.0,0.0,XLU,Utilities Select Sector SPDR Fund
2019-11-21 00:00:00-05:00,52.36659562801506,52.41631975715799,52.01853620792244,52.19256591796875,14209000,0.0,0.0,0.0,XLU,Utilities Select Sector SPDR Fund
2019-11-22 00:00:00-05:00,52.308582052893364,52.33344569637086,51.836213923752354,52.209136962890625,11485200,0.0,0.0,0.0,XLU,Utilities Select Sector SPDR Fund
2019-11-25 00:00:00-05:00,52.25887197311416,52.40804121983871,51.91909828030893,52.035118103027344,20398700,0.0,0.0,0.0,XLU,Utilities Select Sector SPDR Fund
2019-11-26 00:00:00-05:00,52.11797764651212,52.283721570718285,52.00195784795852,52.209136962890625,16150100,0.0,0.0,0.0,XLU,Utilities Select Sector SPDR Fund
2019-11-27 00:00:00-05:00,52.08482113354864,52.358299045426456,52.04338594846769,52.300289154052734,12528200,0.0,0.0,0.0,XLU,Utilities Select Sector SPDR Fund
2019-11-29 00:00:00-05:00,52.39974524597845,52.598638602001124,52.20085505125842,52.25057601928711,5121500,0.0,0.0,0.0,XLU,Utilities Select Sector SPDR Fund
2019-12-02 00:00:00-05:00,52.001956433038785,52.134550936535476,51.803063097142584,51.910797119140625,18700600,0.0,0.0,0.0,XLU,Utilities Select Sector SPDR Fund
2019-12-03 00:00:00-05:00,52.04338495552092,52.151118963717494,51.927365174987045,52.051673889160156,12900900,0.0,0.0,0.0,XLU,Utilities Select Sector SPDR Fund
2019-12-04 00:00:00-05:00,52.0350971122139,52.532325626513064,51.993661929572596,52.44945526123047,19597700,0.0,0.0,0.0,XLU,Utilities Select Sector SPDR Fund
2019-12-05 00:00:00-05:00,52.36658985900517,52.548908484474666,52.233995357200705,52.54062271118164,12449700,0.0,0.0,0.0,XLU,Utilities Select Sector SPDR Fund
2019-12-06 00:00:00-05:00,52.34172826396049,52.68979079960416,52.34172826396049,52.38316345214844,9582200,0.0,0.0,0.0,XLU,Utilities Select Sector SPDR Fund
2019-12-09 00:00:00-05:00,52.49917520237692,52.50746413552624,52.109680699505795,52.20083999633789,11583200,0.0,0.0,0.0,XLU,Utilities Select Sector SPDR Fund
2019-12-10 00:00:00-05:00,52.19256591796875,52.30029995046045,52.0599714015569,52.19256591796875,12598800,0.0,0.0,0.0,XLU,Utilities Select Sector SPDR Fund
2019-12-11 00:00:00-05:00,52.25885427518748,52.42459501648244,52.06824989365667,52.333438873291016,11990100,0.0,0.0,0.0,XLU,Utilities Select Sector SPDR Fund
2019-12-12 00:00:00-05:00,52.267154260835625,52.47433340509494,51.885945394111175,52.10969924926758,24117100,0.0,0.0,0.0,XLU,Utilities Select Sector SPDR Fund
2019-12-13 00:00:00-05:00,52.134557294916036,52.60692546881487,51.935663934762616,52.51576614379883,19334600,0.0,0.0,0.0,XLU,Utilities Select Sector SPDR Fund
2019-12-16 00:00:00-05:00,52.51575841434855,53.20359139598181,52.51575841434855,53.170448303222656,20773900,0.0,0.0,0.0,XLU,Utilities Select Sector SPDR Fund
2019-12-17 00:00:00-05:00,53.20359581422858,53.67596395783005,53.153874848356324,53.344482421875,16847300,0.0,0.0,0.0,XLU,Utilities Select Sector SPDR Fund
2019-12-18 00:00:00-05:00,53.38591064738116,53.63452810423178,53.1041500973814,53.559940338134766,12807900,0.0,0.0,0.0,XLU,Utilities Select Sector SPDR Fund
2019-12-19 00:00:00-05:00,53.55995258357362,53.651111917087015,53.2450425458221,53.57653045654297,16901600,0.0,0.0,0.0,XLU,Utilities Select Sector SPDR Fund
2019-12-20 00:00:00-05:00,53.56066098387835,54.2371683147236,53.56066098387835,53.944847106933594,22971100,0.501,0.0,0.0,XLU,Utilities Select Sector SPDR Fund
2019-12-23 00:00:00-05:00,54.03670946124282,54.06177047615647,53.301745656720875,53.443729400634766,16478000,0.0,0.0,0.0,XLU,Utilities Select Sector SPDR Fund
2019-12-24 00:00:00-05:00,53.502179225992265,53.54394120443359,53.234922317115995,53.51888656616211,4512800,0.0,0.0,0.0,XLU,Utilities Select Sector SPDR Fund
2019-12-26 00:00:00-05:00,53.568997755175154,53.66086901343933,53.38525523864679,53.61075973510742,6658500,0.0,0.0,0.0,XLU,Utilities Select Sector SPDR Fund
2019-12-27 00:00:00-05:00,53.61076199988054,53.76944351196289,53.51053706699923,53.76944351196289,10301700,0.0,0.0,0.0,XLU,Utilities Select Sector SPDR Fund
2019-12-30 00:00:00-05:00,53.543942316812156,53.76944043792349,53.47712569871124,53.76109313964844,11934300,0.0,0.0,0.0,XLU,Utilities Select Sector SPDR Fund
2019-12-31 00:00:00-05:00,53.75273597108138,54.03669702155455,53.685919357328984,53.969886779785156,10808400,0.0,0.0,0.0,XLU,Utilities Select Sector SPDR Fund
2020-01-02 00:00:00-05:00,54.06177518276691,54.078476155512185,53.09295309193001,53.293399810791016,19107700,0.0,0.0,0.0,XLU,Utilities Select Sector SPDR Fund
2020-01-03 00:00:00-05:00,53.3351488435551,53.59405529157753,53.209869268969335,53.40196228027344,17989300,0.0,0.0,0.0,XLU,Utilities Select Sector SPDR Fund
2020-01-06 00:00:00-05:00,53.33515385820465,53.61076767381019,53.25163307196408,53.45207977294922,10444500,0.0,0.0,0.0,XLU,Utilities Select Sector SPDR Fund
2020-01-07 00:00:00-05:00,53.31845582863341,53.4019734384801,53.07625029968839,53.37691879272461,13070300,0.0,0.0,0.0,XLU,Utilities Select Sector SPDR Fund
2020-01-08 00:00:00-05:00,53.40196551576622,53.58571123935213,53.26833544824132,53.35185623168945,12741400,0.0,0.0,0.0,XLU,Utilities Select Sector SPDR Fund
2020-01-09 00:00:00-05:00,53.2850342996777,53.702631803356624,53.276683815160354,53.644168853759766,11643100,0.0,0.0,0.0,XLU,Utilities Select Sector SPDR Fund
2020-01-10 00:00:00-05:00,53.71934288269956,53.97824936935859,53.694288238440265,53.78615951538086,10582900,0.0,0.0,0.0,XLU,Utilities Select Sector SPDR Fund
2020-01-13 00:00:00-05:00,53.76943942965323,54.27055768402987,53.76943942965323,54.11186981201172,12671100,0.0,0.0,0.0,XLU,Utilities Select Sector SPDR Fund
2020-01-14 00:00:00-05:00,54.111884746538536,54.287273635183226,53.869679222604894,54.270572662353516,11495000,0.0,0.0,0.0,XLU,Utilities Select Sector SPDR Fund
2020-01-15 00:00:00-05:00,54.387493708674434,55.12245751495948,54.379140037016505,55.03058624267578,15885900,0.0,0.0,0.0,XLU,Utilities Select Sector SPDR Fund
2020-01-16 00:00:00-05:00,55.072344105397036,55.43147549598364,55.05563676333217,55.37301254272461,10898800,0.0,0.0,0.0,XLU,Utilities Select Sector SPDR Fund
2020-01-17 00:00:00-05:00,55.35630496170597,55.832362256755665,55.205970743691125,55.757198333740234,13258800,0.0,0.0,0.0,XLU,Utilities Select Sector SPDR Fund
2020-01-21 00:00:00-05:00,55.88248036543631,56.29172105445921,55.656975842516566,56.266666412353516,23876500,0.0,0.0,0.0,XLU,Utilities Select Sector SPDR Fund
2020-01-22 00:00:00-05:00,56.375245742587985,56.60074392188491,56.291728134403385,56.44206237792969,10841600,0.0,0.0,0.0,XLU,Utilities Select Sector SPDR Fund
2020-01-23 00:00:00-05:00,56.43371433985683,56.95988105873884,56.37525137109216,56.943180084228516,12969300,0.0,0.0,0.0,XLU,Utilities Select Sector SPDR Fund
2020-01-24 00:00:00-05:00,56.79282220854675,57.302287741058535,56.700950956980165,57.09349060058594,14401500,0.0,0.0,0.0,XLU,Utilities Select Sector SPDR Fund
2020-01-27 00:00:00-05:00,57.0601027145314,57.46099617138582,56.7928425339569,56.95153045654297,11272200,0.0,0.0,0.0,XLU,Utilities Select Sector SPDR Fund
2020-01-28 00:00:00-05:00,57.009993945279085,57.42758837950941,56.86800699493189,57.18538284301758,17528400,0.0,0.0,0.0,XLU,Utilities Select Sector SPDR Fund
2020-01-29 00:00:00-05:00,57.218771282870186,57.41921475750473,56.99326679842105,57.335697174072266,10799800,0.0,0.0,0.0,XLU,Utilities Select Sector SPDR Fund
2020-01-30 00:00:00-05:00,57.30231055473914,57.90364757822689,57.16032997196719,57.8702392578125,14404300,0.0,0.0,0.0,XLU,Utilities Select Sector SPDR Fund
2020-01-31 00:00:00-05:00,57.76165089487573,57.99550270060659,57.310648252973145,57.6113166809082,20474500,0.0,0.0,0.0,XLU,Utilities Select Sector SPDR Fund
2020-02-03 00:00:00-05:00,57.70319174007421,57.86187965277763,57.569564844101535,57.79506301879883,13547900,0.0,0.0,0.0,XLU,Utilities Select Sector SPDR Fund
2020-02-04 00:00:00-05:00,57.761650604589995,57.937039458006716,57.16031375174195,57.21877670288086,20692100,0.0,0.0,0.0,XLU,Utilities Select Sector SPDR Fund
2020-02-05 00:00:00-05:00,57.09350149900694,57.59461345740045,56.9682219164125,57.452632904052734,16305100,0.0,0.0,0.0,XLU,Utilities Select Sector SPDR Fund
2020-02-06 00:00:00-05:00,57.51110708578491,57.79506824790931,57.32736451171123,57.46934509277344,14954100,0.0,0.0,0.0,XLU,Utilities Select Sector SPDR Fund
2020-02-07 00:00:00-05:00,57.60295924482598,57.68647683113005,57.268882527626296,57.28558349609375,10696400,0.0,0.0,0.0,XLU,Utilities Select Sector SPDR Fund
2020-02-10 00:00:00-05:00,57.37747460263689,57.50275421142578,57.16867737865061,57.50275421142578,8139800,0.0,0.0,0.0,XLU,Utilities Select Sector SPDR Fund
2020-02-11 00:00:00-05:00,57.602971788226,57.90364026197978,57.56956347203283,57.711544036865234,10269700,0.0,0.0,0.0,XLU,Utilities Select Sector SPDR Fund
2020-02-12 00:00:00-05:00,57.61966265709653,57.92868474870978,57.43592013624452,57.7532958984375,8047400,0.0,0.0,0.0,XLU,Utilities Select Sector SPDR Fund
2020-02-13 00:00:00-05:00,57.80342093324252,58.429812585798665,57.711549647775456,58.39640426635742,13587600,0.0,0.0,0.0,XLU,Utilities Select Sector SPDR Fund
2020-02-14 00:00:00-05:00,58.50497549365344,58.839045901818,58.42145151962771,58.788936614990234,10554100,0.0,0.0,0.0,XLU,Utilities Select Sector SPDR Fund
2020-02-18 00:00:00-05:00,59.014447584806575,59.381926348255554,58.84740599052496,59.281707763671875,15034800,0.0,0.0,0.0,XLU,Utilities Select Sector SPDR Fund
2020-02-19 00:00:00-05:00,59.04785160925847,59.13137559533069,58.63861083984376,58.63861083984375,11195500,0.0,0.0,0.0,XLU,Utilities Select Sector SPDR Fund
2020-02-20 00:00:00-05:00,58.65529940748766,58.88079753052759,58.371331964121794,58.847389221191406,14405100,0.0,0.0,0.0,XLU,Utilities Select Sector SPDR Fund
2020-02-21 00:00:00-05:00,58.73883056640625,59.12301665456316,58.68036760455596,58.73883056640625,11728600,0.0,0.0,0.0,XLU,Utilities Select Sector SPDR Fund
2020-02-24 00:00:00-05:00,58.48826182908613,58.813984902234104,58.02891188151063,58.0539665222168,20442100,0.0,0.0,0.0,XLU,Utilities Select Sector SPDR Fund
2020-02-25 00:00:00-05:00,58.11242854327361,58.21264710449228,56.734365978662765,56.834590911865234,28138300,0.0,0.0,0.0,XLU,Utilities Select Sector SPDR Fund
2020-02-26 00:00:00-05:00,56.8345829151083,57.34404843623287,56.24994711166256,56.25830078125,26192300,0.0,0.0,0.0,XLU,Utilities Select Sector SPDR Fund
2020-02-27 00:00:00-05:00,56.032807919615855,56.34183003857001,53.71098430775298,53.727691650390625,43603100,0.0,0.0,0.0,XLU,Utilities Select Sector SPDR Fund
2020-02-28 00:00:00-05:00,52.499962108800304,52.55842506282856,50.69595464709061,51.93203353881836,90263100,0.0,0.0,0.0,XLU,Utilities Select Sector SPDR Fund
2020-03-02 00:00:00-05:00,52.199288394373895,55.06398559633647,52.07400882783071,54.98881530761719,42175800,0.0,0.0,0.0,XLU,Utilities Select Sector SPDR Fund
2020-03-03 00:00:00-05:00,55.022245295487295,56.15810276823322,54.09518505858457,54.31233596801758,63279000,0.0,0.0,0.0,XLU,Utilities Select Sector SPDR Fund
2020-03-04 00:00:00-05:00,55.030590603440004,57.469340418078325,54.99718228614544,57.3941764831543,31428200,0.0,0.0,0.0,XLU,Utilities Select Sector SPDR Fund
2020-03-05 00:00:00-05:00,56.45040746791382,57.277248960924155,55.84072321725327,56.50887680053711,33535100,0.0,0.0,0.0,XLU,Utilities Select Sector SPDR Fund
2020-03-06 00:00:00-05:00,55.01389378814605,56.27502440839742,53.96155401579016,56.04952621459961,35498900,0.0,0.0,0.0,XLU,Utilities Select Sector SPDR Fund
2020-03-09 00:00:00-04:00,53.076239037240704,54.49606040530528,52.165883264716236,53.00107192993164,37169700,0.0,0.0,0.0,XLU,Utilities Select Sector SPDR Fund
2020-03-10 00:00:00-04:00,53.86967163349558,54.48770949288709,51.10519586472648,53.493839263916016,40808400,0.0,0.0,0.0,XLU,Utilities Select Sector SPDR Fund
2020-03-11 00:00:00-04:00,52.29952040387818,52.332928719647576,50.08627205302894,50.804534912109375,32153900,0.0,0.0,0.0,XLU,Utilities Select Sector SPDR Fund
2020-03-12 00:00:00-04:00,48.02335726150905,48.89195440096411,45.108546871104224,45.676475524902344,38883200,0.0,0.0,0.0,XLU,Utilities Select Sector SPDR Fund
2020-03-13 00:00:00-04:00,48.24884593661894,48.24884593661894,44.80786978726134,48.16532516479492,27138600,0.0,0.0,0.0,XLU,Utilities Select Sector SPDR Fund
2020-03-16 00:00:00-04:00,43.813992306373216,47.19650543085228,42.527801123714696,42.69483947753906,28146700,0.0,0.0,0.0,XLU,Utilities Select Sector SPDR Fund
2020-03-17 00:00:00-04:00,43.9392799395098,48.56622630461972,43.46322261455724,48.156982421875,38973000,0.0,0.0,0.0,XLU,Utilities Select Sector SPDR Fund
2020-03-18 00:00:00-04:00,45.2755780940405,46.77891709797144,43.621904871117266,46.0606575012207,42846400,0.0,0.0,0.0,XLU,Utilities Select Sector SPDR Fund
2020-03-19 00:00:00-04:00,45.634709822584846,45.835156511386245,43.24606964316099,43.37969970703125,32729500,0.0,0.0,0.0,XLU,Utilities Select Sector SPDR Fund
2020-03-20 00:00:00-04:00,43.78059973625848,43.78059973625848,39.65476779943596,39.9387321472168,28179200,0.0,0.0,0.0,XLU,Utilities Select Sector SPDR Fund
2020-03-23 00:00:00-04:00,39.80712109186672,39.80712109186672,36.64380877064085,37.900699615478516,32009000,0.474,0.0,0.0,XLU,Utilities Select Sector SPDR Fund
2020-03-24 00:00:00-04:00,39.35161732820329,42.15220367862384,39.08168152704627,41.97505569458008,27451400,0.0,0.0,0.0,XLU,Utilities Select Sector SPDR Fund
2020-03-25 00:00:00-04:00,42.034102483287455,44.85155669163155,40.76877734967213,43.04636001586914,30627500,0.0,0.0,0.0,XLU,Utilities Select Sector SPDR Fund
2020-03-26 00:00:00-04:00,43.51032600256117,47.22194539046071,43.07167946057605,46.715816497802734,30897200,0.0,0.0,0.0,XLU,Utilities Select Sector SPDR Fund
2020-03-27 00:00:00-04:00,45.30707726416263,48.66440643647989,45.07931834013028,46.9688720703125,25093100,0.0,0.0,0.0,XLU,Utilities Select Sector SPDR Fund
2020-03-30 00:00:00-04:00,47.37376678694592,49.00181850711246,47.17131337570921,48.70657730102539,29759500,0.0,0.0,0.0,XLU,Utilities Select Sector SPDR Fund
2020-03-31 00:00:00-04:00,48.32698687298482,48.32698687298482,46.58927247720125,46.741111755371094,33728200,0.0,0.0,0.0,XLU,Utilities Select Sector SPDR Fund
2020-04-01 00:00:00-04:00,44.89373346036303,45.50952459384004,43.08853691769848,43.93208694458008,26710300,0.0,0.0,0.0,XLU,Utilities Select Sector SPDR Fund
2020-04-02 00:00:00-04:00,43.45970558270049,45.61919519811199,43.215075258640915,45.30707931518555,26560800,0.0,0.0,0.0,XLU,Utilities Select Sector SPDR Fund
2020-04-03 00:00:00-04:00,44.80938576138378,45.36612876514525,43.350044300280054,43.68746566772461,15936000,0.0,0.0,0.0,XLU,Utilities Select Sector SPDR Fund
2020-04-06 00:00:00-04:00,45.29021831348651,47.53406217425362,45.29021831348651,47.061676025390625,20689800,0.0,0.0,0.0,XLU,Utilities Select Sector SPDR Fund
2020-04-07 00:00:00-04:00,48.32698705136244,48.402906690727576,46.41212789660897,46.47117614746094,24581600,0.0,0.0,0.0,XLU,Utilities Select Sector SPDR Fund
2020-04-08 00:00:00-04:00,46.74955035621163,49.40673476295413,46.36151803802552,49.0018310546875,32462800,0.0,0.0,0.0,XLU,Utilities Select Sector SPDR Fund
2020-04-09 00:00:00-04:00,49.74414866784785,52.114522305586604,49.558566622685504,51.31315231323242,43861400,0.0,0.0,0.0,XLU,Utilities Select Sector SPDR Fund
2020-04-13 00:00:00-04:00,51.051666450276876,51.051666450276876,49.18742098989136,49.685115814208984,13915200,0.0,0.0,0.0,XLU,Utilities Select Sector SPDR Fund
2020-04-14 00:00:00-04:00,50.756415591513914,51.22037079046933,50.26715813337284,51.14445114135742,17087800,0.0,0.0,0.0,XLU,Utilities Select Sector SPDR Fund
2020-04-15 00:00:00-04:00,49.73571775549518,50.343074913781386,49.178974766362344,49.45734786987305,12835800,0.0,0.0,0.0,XLU,Utilities Select Sector SPDR Fund
2020-04-16 00:00:00-04:00,49.66823562511069,49.87912317064441,48.97652473319117,49.465782165527344,10400000,0.0,0.0,0.0,XLU,Utilities Select Sector SPDR Fund
2020-04-17 00:00:00-04:00,50.52020998609913,51.330017229850824,49.836936532009624,51.060081481933594,10777500,0.0,0.0,0.0,XLU,Utilities Select Sector SPDR Fund
2020-04-20 00:00:00-04:00,50.73954136004462,50.73954136004462,49.05244110824447,49.128360748291016,14380500,0.0,0.0,0.0,XLU,Utilities Select Sector SPDR Fund
2020-04-21 00:00:00-04:00,48.242630469929814,48.90060175531593,47.778678544953486,48.31855010986328,20391600,0.0,0.0,0.0,XLU,Utilities Select Sector SPDR Fund
2020-04-22 00:00:00-04:00,49.229584969120026,50.1321833300244,48.900600940850545,49.72727966308594,15595400,0.0,0.0,0.0,XLU,Utilities Select Sector SPDR Fund
2020-04-23 00:00:00-04:00,49.87911759915517,50.01408548450532,48.61379246728946,48.89216232299805,12415200,0.0,0.0,0.0,XLU,Utilities Select Sector SPDR Fund
2020-04-24 00:00:00-04:00,48.976528722963764,49.40673793502769,48.34386603482403,49.19585037231445,11986900,0.0,0.0,0.0,XLU,Utilities Select Sector SPDR Fund
2020-04-27 00:00:00-04:00,49.48265214295512,50.073137897173275,49.4320379750318,49.710411071777344,12740500,0.0,0.0,0.0,XLU,Utilities Select Sector SPDR Fund
2020-04-28 00:00:00-04:00,50.410555163601394,50.95042995850957,49.668233354143446,49.895992279052734,14321700,0.0,0.0,0.0,XLU,Utilities Select Sector SPDR Fund
2020-04-29 00:00:00-04:00,50.70579288104177,50.73109835224899,49.23801441115088,49.440467834472656,11787800,0.0,0.0,0.0,XLU,Utilities Select Sector SPDR Fund
2020-04-30 00:00:00-04:00,49.08618343733778,49.16210308166803,47.854600956325726,48.30168151855469,19366900,0.0,0.0,0.0,XLU,Utilities Select Sector SPDR Fund
2020-05-01 00:00:00-04:00,47.73650840148169,47.77025118351013,46.867652680526675,47.13758850097656,13459300,0.0,0.0,0.0,XLU,Utilities Select Sector SPDR Fund
2020-05-04 00:00:00-04:00,46.892958603329895,47.60997502985348,46.606151389142696,47.491878509521484,12013800,0.0,0.0,0.0,XLU,Utilities Select Sector SPDR Fund
2020-05-05 00:00:00-04:00,47.660584074794414,48.453520067333436,47.601535820982384,47.879905700683594,11826800,0.0,0.0,0.0,XLU,Utilities Select Sector SPDR Fund
2020-05-06 00:00:00-04:00,48.04862128090011,48.082364063062236,46.18437600794136,46.251861572265625,24075200,0.0,0.0,0.0,XLU,Utilities Select Sector SPDR Fund
2020-05-07 00:00:00-04:00,46.78329058320074,47.19663157289409,46.36151550787172,46.437435150146484,21133100,0.0,0.0,0.0,XLU,Utilities Select Sector SPDR Fund
2020-05-08 00:00:00-04:00,47.00261079617792,47.55935371207581,46.78328597658558,47.37377166748047,13276600,0.0,0.0,0.0,XLU,Utilities Select Sector SPDR Fund
2020-05-11 00:00:00-04:00,47.00261441669259,47.34846984233199,46.33620903966669,47.171321868896484,15663200,0.0,0.0,0.0,XLU,Utilities Select Sector SPDR Fund
2020-05-12 00:00:00-04:00,47.28942164653663,47.50030917992986,46.665193131821795,46.75798416137695,21867200,0.0,0.0,0.0,XLU,Utilities Select Sector SPDR Fund
2020-05-13 00:00:00-04:00,46.66519361123423,46.66519361123423,45.83008077243507,46.361515045166016,19822500,0.0,0.0,0.0,XLU,Utilities Select Sector SPDR Fund
2020-05-14 00:00:00-04:00,45.89756055947921,46.994175039861375,45.26489798796394,46.85920715332031,23116600,0.0,0.0,0.0,XLU,Utilities Select Sector SPDR Fund
2020-05-15 00:00:00-04:00,46.53022661991875,46.54709800923746,45.52640308961903,46.2349853515625,34673800,0.0,0.0,0.0,XLU,Utilities Select Sector SPDR Fund
2020-05-18 00:00:00-04:00,47.323162127692534,48.43664806825788,47.323162127692534,48.132972717285156,22997300,0.0,0.0,0.0,XLU,Utilities Select Sector SPDR Fund
2020-05-19 00:00:00-04:00,47.93052410779259,48.065492016712305,47.33160421307941,47.34003829956055,16327900,0.0,0.0,0.0,XLU,Utilities Select Sector SPDR Fund
2020-05-20 00:00:00-04:00,47.82929855946729,48.13297715633514,47.41595753197744,47.601539611816406,11791600,0.0,0.0,0.0,XLU,Utilities Select Sector SPDR Fund
2020-05-21 00:00:00-04:00,47.47499795821324,47.8124192808194,47.02791744096506,47.12070846557617,16934100,0.0,0.0,0.0,XLU,Utilities Select Sector SPDR Fund
2020-05-22 00:00:00-04:00,47.120707136205375,47.68588413505445,46.96886786710512,47.643707275390625,11919000,0.0,0.0,0.0,XLU,Utilities Select Sector SPDR Fund
2020-05-26 00:00:00-04:00,48.504134702499904,48.88373292201022,47.90521485498837,47.95582580566406,17535900,0.0,0.0,0.0,XLU,Utilities Select Sector SPDR Fund
2020-05-27 00:00:00-04:00,48.79937763927082,48.88373458975582,47.8630396230521,48.529441833496094,16492300,0.0,0.0,0.0,XLU,Utilities Select Sector SPDR Fund
2020-05-28 00:00:00-04:00,49.153670666589036,50.17436563892139,49.11149380005827,49.963478088378906,21291000,0.0,0.0,0.0,XLU,Utilities Select Sector SPDR Fund
2020-05-29 00:00:00-04:00,49.84537649695621,50.61300697401322,49.5501352434298,50.351505279541016,14755900,0.0,0.0,0.0,XLU,Utilities Select Sector SPDR Fund
2020-06-01 00:00:00-04:00,50.33463736464253,51.26254448726692,50.047833394503684,50.95043182373047,14556400,0.0,0.0,0.0,XLU,Utilities Select Sector SPDR Fund
2020-06-02 00:00:00-04:00,51.14444723338355,51.31315790939528,50.596138340817575,51.279415130615234,13999300,0.0,0.0,0.0,XLU,Utilities Select Sector SPDR Fund
2020-06-03 00:00:00-04:00,51.557788888710924,52.25793712055975,51.51561202100782,51.89521026611328,12841400,0.0,0.0,0.0,XLU,Utilities Select Sector SPDR Fund
2020-06-04 00:00:00-04:00,51.616838304168795,51.72650073696617,50.309336068729664,50.96730422973633,21839600,0.0,0.0,0.0,XLU,Utilities Select Sector SPDR Fund
2020-06-05 00:00:00-04:00,51.43124628558786,52.603780310756136,51.380632125420256,51.616825103759766,22130000,0.0,0.0,0.0,XLU,Utilities Select Sector SPDR Fund
2020-06-08 00:00:00-04:00,51.70962915654741,53.16897068808781,51.33846820875483,53.00026321411133,15959500,0.0,0.0,0.0,XLU,Utilities Select Sector SPDR Fund
2020-06-09 00:00:00-04:00,52.51942632377516,52.54473501422291,51.36376362049032,51.9373779296875,18641800,0.0,0.0,0.0,XLU,Utilities Select Sector SPDR Fund
2020-06-10 00:00:00-04:00,51.937376040990095,52.2832314309095,51.464986857097806,51.633697509765625,12526000,0.0,0.0,0.0,XLU,Utilities Select Sector SPDR Fund
2020-06-11 00:00:00-04:00,50.74797586761633,50.89138106351431,49.25489174620531,49.617618560791016,34710200,0.0,0.0,0.0,XLU,Utilities Select Sector SPDR Fund
2020-06-12 00:00:00-04:00,50.562394113910194,50.62144236613985,48.88373114128678,49.491085052490234,23202400,0.0,0.0,0.0,XLU,Utilities Select Sector SPDR Fund
2020-06-15 00:00:00-04:00,48.61379914930913,50.19123712951359,48.19202404738044,49.82851028442383,16717000,0.0,0.0,0.0,XLU,Utilities Select Sector SPDR Fund
2020-06-16 00:00:00-04:00,51.03477706617381,51.313150122030095,49.78632340177595,50.05625915527344,17113300,0.0,0.0,0.0,XLU,Utilities Select Sector SPDR Fund
2020-06-17 00:00:00-04:00,50.26714955297415,50.2755836379297,49.423599470338495,49.904422760009766,12187200,0.0,0.0,0.0,XLU,Utilities Select Sector SPDR Fund
2020-06-18 00:00:00-04:00,49.59231371250702,50.030960173307676,49.33081200956189,49.895992279052734,13253800,0.0,0.0,0.0,XLU,Utilities Select Sector SPDR Fund
2020-06-19 00:00:00-04:00,50.29245643081732,50.50334395736808,48.41977738321057,48.495697021484375,29265800,0.0,0.0,0.0,XLU,Utilities Select Sector SPDR Fund
2020-06-22 00:00:00-04:00,48.46677426518972,49.27483802263175,48.01596114824739,48.968624114990234,12953200,0.476,0.0,0.0,XLU,Utilities Select Sector SPDR Fund
2020-06-23 00:00:00-04:00,49.470472691178735,49.530013922270165,48.339186055687804,48.47528076171875,12622200,0.0,0.0,0.0,XLU,Utilities Select Sector SPDR Fund
2020-06-24 00:00:00-04:00,48.10952007987613,48.330672734876636,47.45456336868714,48.03296661376953,14269200,0.0,0.0,0.0,XLU,Utilities Select Sector SPDR Fund
2020-06-25 00:00:00-04:00,47.93090317385789,47.95642316439273,46.884674415042674,47.43756103515625,21751200,0.0,0.0,0.0,XLU,Utilities Select Sector SPDR Fund
2020-06-26 00:00:00-04:00,47.36950795681314,47.90538228514492,46.62098869077451,46.935707092285156,28731700,0.0,0.0,0.0,XLU,Utilities Select Sector SPDR Fund
2020-06-29 00:00:00-04:00,47.309970137225164,47.84584450420336,46.80812026063536,47.82032775878906,14865300,0.0,0.0,0.0,XLU,Utilities Select Sector SPDR Fund
2020-06-30 00:00:00-04:00,47.82883175286426,48.26263588884057,47.54813782201543,47.99895095825195,16871900,0.0,0.0,0.0,XLU,Utilities Select Sector SPDR Fund
2020-07-01 00:00:00-04:00,48.0414850953596,49.334386652166195,47.95642710593,49.12173843383789,19888700,0.0,0.0,0.0,XLU,Utilities Select Sector SPDR Fund
2020-07-02 00:00:00-04:00,49.47048133242871,49.77669528567466,49.12173838451067,49.24932861328125,12147600,0.0,0.0,0.0,XLU,Utilities Select Sector SPDR Fund
2020-07-06 00:00:00-04:00,49.42794418717321,49.75117033393942,48.245620808578906,48.6453971862793,15387700,0.0,0.0,0.0,XLU,Utilities Select Sector SPDR Fund
2020-07-07 00:00:00-04:00,48.109525296674676,48.6283841290452,47.879864873451474,48.44976043701172,11340500,0.0,0.0,0.0,XLU,Utilities Select Sector SPDR Fund
2020-07-08 00:00:00-04:00,48.37321019828467,49.045179269172344,48.27964447388842,48.883567810058594,12179700,0.0,0.0,0.0,XLU,Utilities Select Sector SPDR Fund
2020-07-09 00:00:00-04:00,48.64540733045519,48.67092732417545,47.556649444521234,48.22861862182617,17875200,0.0,0.0,0.0,XLU,Utilities Select Sector SPDR Fund
2020-07-10 00:00:00-04:00,48.22861035655955,49.27483906666631,48.21159811191303,49.13874435424805,13583200,0.0,0.0,0.0,XLU,Utilities Select Sector SPDR Fund
2020-07-13 00:00:00-04:00,49.138748265660055,49.67462265804205,48.96012454978411,49.18978500366211,17765800,0.0,0.0,0.0,XLU,Utilities Select Sector SPDR Fund
2020-07-14 00:00:00-04:00,49.19828810774243,49.938302941618254,49.13874687080725,49.64910125732422,33947100,0.0,0.0,0.0,XLU,Utilities Select Sector SPDR Fund
2020-07-15 00:00:00-04:00,50.11692971471623,50.48268490381193,49.35990258906604,49.453468322753906,13470200,0.0,0.0,0.0,XLU,Utilities Select Sector SPDR Fund
2020-07-16 00:00:00-04:00,49.49599370886943,50.21899953345742,49.368406736121436,50.08290481567383,15063200,0.0,0.0,0.0,XLU,Utilities Select Sector SPDR Fund
2020-07-17 00:00:00-04:00,50.355101642444815,51.350293803921915,50.312572645286345,51.21419906616211,22950800,0.0,0.0,0.0,XLU,Utilities Select Sector SPDR Fund
2020-07-20 00:00:00-04:00,51.035566435696225,51.18016564978214,50.457163089844684,50.54222106933594,12127600,0.0,0.0,0.0,XLU,Utilities Select Sector SPDR Fund
2020-07-21 00:00:00-04:00,50.66981087998783,51.358792189496754,50.508199422339324,50.771881103515625,15108000,0.0,0.0,0.0,XLU,Utilities Select Sector SPDR Fund
2020-07-22 00:00:00-04:00,50.542224371533045,51.74156337609499,50.04888221769398,51.5544319152832,14847100,0.0,0.0,0.0,XLU,Utilities Select Sector SPDR Fund
2020-07-23 00:00:00-04:00,51.53741822790081,51.97972687624171,51.30775778098799,51.61397171020508,19138700,0.0,0.0,0.0,XLU,Utilities Select Sector SPDR Fund
2020-07-24 00:00:00-04:00,51.71604370987879,52.24341035895411,50.98453335274783,51.27373504638672,17698500,0.0,0.0,0.0,XLU,Utilities Select Sector SPDR Fund
2020-07-27 00:00:00-04:00,51.29073453706787,51.32475902074136,50.28703498197348,50.65279006958008,11319300,0.0,0.0,0.0,XLU,Utilities Select Sector SPDR Fund
2020-07-28 00:00:00-04:00,50.52520942923311,51.852132010585265,50.48267719695591,51.418331146240234,18896000,0.0,0.0,0.0,XLU,Utilities Select Sector SPDR Fund
2020-07-29 00:00:00-04:00,51.51189874352045,51.79259266721086,51.273730564149986,51.656497955322266,9102800,0.0,0.0,0.0,XLU,Utilities Select Sector SPDR Fund
2020-07-30 00:00:00-04:00,51.28223830881708,51.66500569998936,51.027061129620186,51.656497955322266,12737900,0.0,0.0,0.0,XLU,Utilities Select Sector SPDR Fund
2020-07-31 00:00:00-04:00,51.520405943269004,51.87765660866884,51.018556058489885,51.74156188964844,12114000,0.0,0.0,0.0,XLU,Utilities Select Sector SPDR Fund
2020-08-03 00:00:00-04:00,51.70753803369565,51.716042534158966,50.90797871047206,51.18016815185547,9651900,0.0,0.0,0.0,XLU,Utilities Select Sector SPDR Fund
2020-08-04 00:00:00-04:00,51.14614627715141,51.971219091632705,51.018556058489885,51.74156188964844,20831800,0.0,0.0,0.0,XLU,Utilities Select Sector SPDR Fund
2020-08-05 00:00:00-04:00,51.85213763512121,51.88616212673219,50.873957836961516,51.07809829711914,11829300,0.0,0.0,0.0,XLU,Utilities Select Sector SPDR Fund
2020-08-06 00:00:00-04:00,51.027061993209216,51.46086288071025,50.76337706488259,51.37580490112305,13788000,0.0,0.0,0.0,XLU,Utilities Select Sector SPDR Fund
2020-08-07 00:00:00-04:00,51.17165438607243,52.50708460504774,51.16314988714897,52.30294418334961,15471100,0.0,0.0,0.0,XLU,Utilities Select Sector SPDR Fund
2020-08-10 00:00:00-04:00,52.473062636314054,52.69421855597216,52.11581525883295,52.28593444824219,10604300,0.0,0.0,0.0,XLU,Utilities Select Sector SPDR Fund
2020-08-11 00:00:00-04:00,52.34548679046042,52.44755702787341,51.0185607250742,51.15465545654297,25498000,0.0,0.0,0.0,XLU,Utilities Select Sector SPDR Fund
2020-08-12 00:00:00-04:00,51.30774936346747,52.24339999834711,51.290737120773755,51.894657135009766,17285300,0.0,0.0,0.0,XLU,Utilities Select Sector SPDR Fund
2020-08-13 00:00:00-04:00,51.68201443345758,51.92018261160057,51.409825011083186,51.80960464477539,15813600,0.0,0.0,0.0,XLU,Utilities Select Sector SPDR Fund
2020-08-14 00:00:00-04:00,51.69902650577633,51.76707548352024,51.222696640584395,51.35879135131836,8668300,0.0,0.0,0.0,XLU,Utilities Select Sector SPDR Fund
2020-08-17 00:00:00-04:00,51.40132275314231,51.741561168327124,51.095108828426774,51.29074478149414,9510200,0.0,0.0,0.0,XLU,Utilities Select Sector SPDR Fund
2020-08-18 00:00:00-04:00,51.25672070195024,51.46086440164855,50.797403055948585,51.06108474731445,12147300,0.0,0.0,0.0,XLU,Utilities Select Sector SPDR Fund
2020-08-19 00:00:00-04:00,51.18866756940217,51.214184311394995,50.80590021574192,50.9079704284668,9021400,0.0,0.0,0.0,XLU,Utilities Select Sector SPDR Fund
2020-08-20 00:00:00-04:00,50.70382978907818,50.95900694219047,50.32106243703297,50.457157135009766,12966000,0.0,0.0,0.0,XLU,Utilities Select Sector SPDR Fund
2020-08-21 00:00:00-04:00,50.49969207959031,50.635786793628675,50.03186670288055,50.54222106933594,9466700,0.0,0.0,0.0,XLU,Utilities Select Sector SPDR Fund
2020-08-24 00:00:00-04:00,50.68682521967962,51.001543648004656,50.21899982735774,50.98453140258789,7492900,0.0,0.0,0.0,XLU,Utilities Select Sector SPDR Fund
2020-08-25 00:00:00-04:00,51.07810205989546,51.086609805802,50.32957941308306,50.499698638916016,11786600,0.0,0.0,0.0,XLU,Utilities Select Sector SPDR Fund
2020-08-26 00:00:00-04:00,50.32108001627938,50.35510451384814,49.75118428339877,49.93831253051758,11664900,0.0,0.0,0.0,XLU,Utilities Select Sector SPDR Fund
2020-08-27 00:00:00-04:00,50.08290993312028,50.457169634078326,49.793708222685396,50.09992218017578,19453600,0.0,0.0,0.0,XLU,Utilities Select Sector SPDR Fund
2020-08-28 00:00:00-04:00,50.20198928741959,50.295555018013424,49.72565613383017,50.2445182800293,8497900,0.0,0.0,0.0,XLU,Utilities Select Sector SPDR Fund
2020-08-31 00:00:00-04:00,50.16796831427366,50.70384274405439,50.15946381305686,50.39762878417969,9987800,0.0,0.0,0.0,XLU,Utilities Select Sector SPDR Fund
2020-09-01 00:00:00-04:00,50.23600571526694,50.27002695704095,49.623577936784045,49.8192138671875,13310200,0.0,0.0,0.0,XLU,Utilities Select Sector SPDR Fund
2020-09-02 00:00:00-04:00,49.92979747762913,51.59695856914728,49.72565378010973,51.3672981262207,18649200,0.0,0.0,0.0,XLU,Utilities Select Sector SPDR Fund
2020-09-03 00:00:00-04:00,51.384314113999594,51.920188519858826,50.312568547035355,50.78889846801758,19435700,0.0,0.0,0.0,XLU,Utilities Select Sector SPDR Fund
2020-09-04 00:00:00-04:00,50.890973831758124,51.18017229749349,49.844741728549465,50.499698638916016,17896100,0.0,0.0,0.0,XLU,Utilities Select Sector SPDR Fund
2020-09-08 00:00:00-04:00,50.550728616698,50.61026985106011,49.74266483567147,50.218997955322266,14495400,0.0,0.0,0.0,XLU,Utilities Select Sector SPDR Fund
2020-09-09 00:00:00-04:00,50.59325607013897,51.537414536005286,50.5422193373408,50.8824577331543,15434700,0.0,0.0,0.0,XLU,Utilities Select Sector SPDR Fund
2020-09-10 00:00:00-04:00,50.686828928333796,50.74637016927196,49.94681404470636,50.00635528564453,18140200,0.0,0.0,0.0,XLU,Utilities Select Sector SPDR Fund
2020-09-11 00:00:00-04:00,50.11692713027125,50.287046342316955,49.73416295911103,50.12543487548828,12666300,0.0,0.0,0.0,XLU,Utilities Select Sector SPDR Fund
2020-09-14 00:00:00-04:00,50.372106335456756,51.07809666771561,50.32106959966838,50.814414978027344,10463600,0.0,0.0,0.0,XLU,Utilities Select Sector SPDR Fund
2020-09-15 00:00:00-04:00,51.33327918320428,51.91168260313512,50.882465993605436,51.15465545654297,11671300,0.0,0.0,0.0,XLU,Utilities Select Sector SPDR Fund
2020-09-16 00:00:00-04:00,50.97602329232299,51.443848651515204,50.754867362320546,51.08660125732422,11541100,0.0,0.0,0.0,XLU,Utilities Select Sector SPDR Fund
2020-09-17 00:00:00-04:00,50.76337697300824,50.950508421466125,50.270031606984325,50.6698112487793,11387700,0.0,0.0,0.0,XLU,Utilities Select Sector SPDR Fund
2020-09-18 00:00:00-04:00,50.66130873446434,50.695329980718796,49.66611346336697,49.77669143676758,15984800,0.0,0.0,0.0,XLU,Utilities Select Sector SPDR Fund
2020-09-21 00:00:00-04:00,49.41550431728384,49.69861555581141,48.82354891762568,49.46697998046875,15185600,0.499,0.0,0.0,XLU,Utilities Select Sector SPDR Fund
2020-09-22 00:00:00-04:00,49.492721858846345,50.11041679735501,49.45840801877586,49.77583312988281,10623700,0.0,0.0,0.0,XLU,Utilities Select Sector SPDR Fund
2020-09-23 00:00:00-04:00,49.83588970754179,49.92167922233144,48.96940382658955,49.012298583984375,10788200,0.0,0.0,0.0,XLU,Utilities Select Sector SPDR Fund
2020-09-24 00:00:00-04:00,48.96081544618202,49.91309396938483,48.66054891754136,49.56135177612305,15664100,0.0,0.0,0.0,XLU,Utilities Select Sector SPDR Fund
2020-09-25 00:00:00-04:00,49.34687526701346,50.42783805412264,49.166715347938556,50.376365661621094,11288000,0.0,0.0,0.0,XLU,Utilities Select Sector SPDR Fund
2020-09-28 00:00:00-04:00,50.59943254251051,51.011228145194956,50.41927257995992,50.505062103271484,10179800,0.0,0.0,0.0,XLU,Utilities Select Sector SPDR Fund
2020-09-29 00:00:00-04:00,50.65947060378151,51.00263513898123,50.25625603848031,50.48788833618164,9217900,0.0,0.0,0.0,XLU,Utilities Select Sector SPDR Fund
2020-09-30 00:00:00-04:00,50.805327432242365,51.19138352524632,50.51363849736944,50.94259262084961,12104100,0.0,0.0,0.0,XLU,Utilities Select Sector SPDR Fund
2020-10-01 00:00:00-04:00,51.071269486718094,51.58601632382952,50.968321428359715,51.45732879638672,13071000,0.0,0.0,0.0,XLU,Utilities Select Sector SPDR Fund
2020-10-02 00:00:00-04:00,51.045538617478,52.33240093556568,50.93400963356557,52.06644821166992,16945000,0.0,0.0,0.0,XLU,Utilities Select Sector SPDR Fund
2020-10-05 00:00:00-04:00,52.203716971604344,52.86430673287107,51.85197471146599,52.71846389770508,11038400,0.0,0.0,0.0,XLU,Utilities Select Sector SPDR Fund
2020-10-06 00:00:00-04:00,52.752774329630874,53.76510295010265,52.521138733135324,53.16456985473633,16388400,0.0,0.0,0.0,XLU,Utilities Select Sector SPDR Fund
2020-10-07 00:00:00-04:00,53.43910529762279,53.71363567385619,53.095940691000926,53.490577697753906,12201800,0.0,0.0,0.0,XLU,Utilities Select Sector SPDR Fund
2020-10-08 00:00:00-04:00,53.72220733728038,54.5543792884922,53.68789349856536,54.468589782714844,13617800,0.0,0.0,0.0,XLU,Utilities Select Sector SPDR Fund
2020-10-09 00:00:00-04:00,54.76885032237137,54.79458651675166,54.0911021739748,54.46000289916992,8545600,0.0,0.0,0.0,XLU,Utilities Select Sector SPDR Fund
2020-10-12 00:00:00-04:00,54.494318023827994,55.17206287490308,54.357052871028806,54.803165435791016,7485100,0.0,0.0,0.0,XLU,Utilities Select Sector SPDR Fund
2020-10-13 00:00:00-04:00,54.425697326660156,54.57154342859824,53.816583264393365,54.425697326660156,10105200,0.0,0.0,0.0,XLU,Utilities Select Sector SPDR Fund
2020-10-14 00:00:00-04:00,54.49432082391479,54.725956394789215,54.073944430996136,54.3570556640625,11169400,0.0,0.0,0.0,XLU,Utilities Select Sector SPDR Fund
2020-10-15 00:00:00-04:00,53.84231651275891,54.623012834003305,53.705051333397044,54.32274627685547,9562000,0.0,0.0,0.0,XLU,Utilities Select Sector SPDR Fund
2020-10-16 00:00:00-04:00,54.39137673154164,55.11201641872958,54.33132342427598,54.90612030029297,8040500,0.0,0.0,0.0,XLU,Utilities Select Sector SPDR Fund
2020-10-19 00:00:00-04:00,54.880383177011176,55.172068794428036,54.288424483016456,54.442848205566406,13301500,0.0,0.0,0.0,XLU,Utilities Select Sector SPDR Fund
2020-10-20 00:00:00-04:00,54.66591179516672,55.06912969821707,54.46001238627758,54.76885986328125,12489700,0.0,0.0,0.0,XLU,Utilities Select Sector SPDR Fund
2020-10-21 00:00:00-04:00,54.64875201367147,54.983332409380594,54.46859208034348,54.62301254272461,7100000,0.0,0.0,0.0,XLU,Utilities Select Sector SPDR Fund
2020-10-22 00:00:00-04:00,54.70021959624495,55.48949675839999,54.54579914745389,55.39512634277344,7606000,0.0,0.0,0.0,XLU,Utilities Select Sector SPDR Fund
2020-10-23 00:00:00-04:00,55.66966335824331,55.764033785197725,55.24070925220333,55.549556732177734,7242500,0.0,0.0,0.0,XLU,Utilities Select Sector SPDR Fund
2020-10-26 00:00:00-04:00,55.12060321245464,55.6353468361139,54.76028333042519,55.53240203857422,10381600,0.0,0.0,0.0,XLU,Utilities Select Sector SPDR Fund
2020-10-27 00:00:00-04:00,55.635348599172026,56.05572180819448,55.223556305323235,55.489505767822266,9800900,0.0,0.0,0.0,XLU,Utilities Select Sector SPDR Fund
2020-10-28 00:00:00-04:00,54.71737456005575,55.42085890153543,53.76509609782706,53.876625061035156,17013300,0.0,0.0,0.0,XLU,Utilities Select Sector SPDR Fund
2020-10-29 00:00:00-04:00,53.67930405300536,54.6830581289026,52.98439738507649,54.02246856689453,14923900,0.0,0.0,0.0,XLU,Utilities Select Sector SPDR Fund
2020-10-30 00:00:00-04:00,53.72220394072248,54.05678757382412,53.00156101071139,53.51630783081055,17412300,0.0,0.0,0.0,XLU,Utilities Select Sector SPDR Fund
2020-11-02 00:00:00-05:00,54.245537712366556,54.76886226325935,53.70505460392611,54.691650390625,14955900,0.0,0.0,0.0,XLU,Utilities Select Sector SPDR Fund
2020-11-03 00:00:00-05:00,55.3779779021688,56.081462376729554,55.15491993355581,55.48092269897461,15078700,0.0,0.0,0.0,XLU,Utilities Select Sector SPDR Fund
2020-11-04 00:00:00-05:00,55.15492009920254,56.01282831686881,54.58870080644922,54.64875411987305,18331100,0.0,0.0,0.0,XLU,Utilities Select Sector SPDR Fund
2020-11-05 00:00:00-05:00,55.22355622332174,56.14151778592552,55.09486867718989,55.137760162353516,15762600,0.0,0.0,0.0,XLU,Utilities Select Sector SPDR Fund
2020-11-06 00:00:00-05:00,55.1720705169219,55.661077896043835,54.87180397628908,55.01764678955078,9477700,0.0,0.0,0.0,XLU,Utilities Select Sector SPDR Fund
2020-11-09 00:00:00-05:00,56.61335583792973,58.27769970968616,55.987086566506896,56.03855895996094,23036100,0.0,0.0,0.0,XLU,Utilities Select Sector SPDR Fund
2020-11-10 00:00:00-05:00,56.33882818009937,57.0079955081453,56.10719585320653,56.84499740600586,15586000,0.0,0.0,0.0,XLU,Utilities Select Sector SPDR Fund
2020-11-11 00:00:00-05:00,57.136679719737714,57.5656337815155,56.83641318555717,57.059471130371094,9729500,0.0,0.0,0.0,XLU,Utilities Select Sector SPDR Fund
2020-11-12 00:00:00-05:00,56.72488394447869,56.853564918722846,55.70397124668082,56.14150619506836,26510100,0.0,0.0,0.0,XLU,Utilities Select Sector SPDR Fund
2020-11-13 00:00:00-05:00,56.41603776114832,56.85356617387601,56.31308643416101,56.69914245605469,13162400,0.0,0.0,0.0,XLU,Utilities Select Sector SPDR Fund
2020-11-16 00:00:00-05:00,57.40263237490422,57.43694293798443,56.59619669081664,57.27394485473633,13687500,0.0,0.0,0.0,XLU,Utilities Select Sector SPDR Fund
2020-11-17 00:00:00-05:00,56.90504107354022,57.17957138071363,56.064288326079804,56.15007781982422,8405600,0.0,0.0,0.0,XLU,Utilities Select Sector SPDR Fund
2020-11-18 00:00:00-05:00,56.4417851721086,56.51041940373845,55.034816150299704,55.051971435546875,12790700,0.0,0.0,0.0,XLU,Utilities Select Sector SPDR Fund
2020-11-19 00:00:00-05:00,54.991914210611476,55.03481223866127,54.116850728148755,54.502906799316406,13498100,0.0,0.0,0.0,XLU,Utilities Select Sector SPDR Fund
2020-11-20 00:00:00-05:00,54.408530908982705,54.88896063000872,54.236951904657445,54.51148223876953,9316100,0.0,0.0,0.0,XLU,Utilities Select Sector SPDR Fund
2020-11-23 00:00:00-05:00,54.72596088592547,54.82890894609833,54.271267347564,54.52006149291992,8465300,0.0,0.0,0.0,XLU,Utilities Select Sector SPDR Fund
2020-11-24 00:00:00-05:00,54.95758998176089,55.240701221466225,54.68306292827819,55.10343933105469,10903500,0.0,0.0,0.0,XLU,Utilities Select Sector SPDR Fund
2020-11-25 00:00:00-05:00,55.034813412126745,55.266445750702225,54.55438363260175,55.249290466308594,11492600,0.0,0.0,0.0,XLU,Utilities Select Sector SPDR Fund
2020-11-27 00:00:00-05:00,55.232116446619315,55.2835953790791,54.47715973883682,54.70021438598633,6036600,0.0,0.0,0.0,XLU,Utilities Select Sector SPDR Fund
2020-11-30 00:00:00-05:00,54.54579933522369,54.580113172484424,53.69646886432067,53.910945892333984,13444700,0.0,0.0,0.0,XLU,Utilities Select Sector SPDR Fund
2020-12-01 00:00:00-05:00,54.31416491487782,55.05196315800248,54.25411160756139,54.28842544555664,15087400,0.0,0.0,0.0,XLU,Utilities Select Sector SPDR Fund
2020-12-02 00:00:00-05:00,54.03105915590209,54.67449031915179,53.687897832431666,54.64875411987305,12198800,0.0,0.0,0.0,XLU,Utilities Select Sector SPDR Fund
2020-12-03 00:00:00-05:00,54.562957448516265,54.61443311606777,53.93668488694247,54.0825309753418,9376800,0.0,0.0,0.0,XLU,Utilities Select Sector SPDR Fund
2020-12-04 00:00:00-05:00,54.13400487427851,54.26269241040275,53.24178285388241,53.542049407958984,10502500,0.0,0.0,0.0,XLU,Utilities Select Sector SPDR Fund
2020-12-07 00:00:00-05:00,53.361896751195886,54.10827605356636,53.3533158355323,53.842323303222656,8695700,0.0,0.0,0.0,XLU,Utilities Select Sector SPDR Fund
2020-12-08 00:00:00-05:00,53.49057281598518,54.03105587665684,53.267518132900015,53.67931365966797,10502700,0.0,0.0,0.0,XLU,Utilities Select Sector SPDR Fund
2020-12-09 00:00:00-05:00,53.72220321161465,53.80799598346331,53.22461822553089,53.584938049316406,11484900,0.0,0.0,0.0,XLU,Utilities Select Sector SPDR Fund
2020-12-10 00:00:00-05:00,53.55920751626943,53.73078980544649,53.06161920492197,53.3104133605957,10801400,0.0,0.0,0.0,XLU,Utilities Select Sector SPDR Fund
2020-12-11 00:00:00-05:00,53.08735085223212,53.464829214666025,53.035875191266804,53.39619827270508,6675700,0.0,0.0,0.0,XLU,Utilities Select Sector SPDR Fund
2020-12-14 00:00:00-05:00,53.77368177992434,54.219794399660394,53.070197376056655,53.12166976928711,13604400,0.0,0.0,0.0,XLU,Utilities Select Sector SPDR Fund
2020-12-15 00:00:00-05:00,53.37046486621513,54.305584874316544,53.104515436010594,54.16831970214844,11178600,0.0,0.0,0.0,XLU,Utilities Select Sector SPDR Fund
2020-12-16 00:00:00-05:00,54.271270052236375,54.545803680812085,53.47341845531005,53.542049407958984,12156400,0.0,0.0,0.0,XLU,Utilities Select Sector SPDR Fund
2020-12-17 00:00:00-05:00,53.73079197148411,54.297011257732294,53.72221105671636,53.902374267578125,12694900,0.0,0.0,0.0,XLU,Utilities Select Sector SPDR Fund
2020-12-18 00:00:00-05:00,53.910954873250525,54.1082733791745,53.18173416558974,53.43910598754883,10438700,0.0,0.0,0.0,XLU,Utilities Select Sector SPDR Fund
2020-12-21 00:00:00-05:00,53.01690904538795,53.01690904538795,52.18635772099175,52.791969299316406,13957700,0.522,0.0,0.0,XLU,Utilities Select Sector SPDR Fund
2020-12-22 00:00:00-05:00,52.774659198462594,52.913084402052434,52.53241591725968,52.68814468383789,12088500,0.0,0.0,0.0,XLU,Utilities Select Sector SPDR Fund
2020-12-23 00:00:00-05:00,52.93903867741866,53.3543142927461,52.5756737516261,52.58432388305664,5771700,0.0,0.0,0.0,XLU,Utilities Select Sector SPDR Fund
2020-12-24 00:00:00-05:00,52.696797745866384,52.982301600576925,52.41129719147322,52.95634460449219,3636200,0.0,0.0,0.0,XLU,Utilities Select Sector SPDR Fund
2020-12-28 00:00:00-05:00,53.233194851127834,53.536002268788266,52.990951557253375,53.189937591552734,5869500,0.0,0.0,0.0,XLU,Utilities Select Sector SPDR Fund
2020-12-29 00:00:00-05:00,53.31970341556319,53.5705967976766,53.03419961135294,53.181278228759766,7582500,0.0,0.0,0.0,XLU,Utilities Select Sector SPDR Fund
2020-12-30 00:00:00-05:00,53.21588881288619,53.62251429468371,53.129374297758595,53.44948196411133,5923600,0.0,0.0,0.0,XLU,Utilities Select Sector SPDR Fund
2020-12-31 00:00:00-05:00,53.458132255424964,54.323290557146095,53.31970705916226,54.245426177978516,9092000,0.0,0.0,0.0,XLU,Utilities Select Sector SPDR Fund
2021-01-04 00:00:00-05:00,54.34057917030743,54.34057917030743,52.57565592824469,52.87845993041992,12630300,0.0,0.0,0.0,XLU,Utilities Select Sector SPDR Fund
2021-01-05 00:00:00-05:00,52.990948911397396,53.146677678346066,52.437248095720896,52.86982727050781,8333300,0.0,0.0,0.0,XLU,Utilities Select Sector SPDR Fund
2021-01-06 00:00:00-05:00,53.17262713960827,54.539578807262856,53.05150550836129,54.18486404418945,17980900,0.0,0.0,0.0,XLU,Utilities Select Sector SPDR Fund
2021-01-07 00:00:00-05:00,54.47901680127789,54.58283486860447,53.42352266578766,53.475433349609375,12379400,0.0,0.0,0.0,XLU,Utilities Select Sector SPDR Fund
2021-01-08 00:00:00-05:00,53.54464789861467,54.03778787700648,53.44947995536062,53.92531967163086,13465300,0.0,0.0,0.0,XLU,Utilities Select Sector SPDR Fund
2021-01-11 00:00:00-05:00,53.726334694964315,53.94262429244858,53.025558511318394,53.42353057861328,8328600,0.0,0.0,0.0,XLU,Utilities Select Sector SPDR Fund
2021-01-12 00:00:00-05:00,53.33701269788723,53.51869515624631,52.49780805644223,53.138023376464844,12309500,0.0,0.0,0.0,XLU,Utilities Select Sector SPDR Fund
2021-01-13 00:00:00-05:00,53.302407625215345,54.34924845929679,53.2072396766048,54.17621612548828,13343700,0.0,0.0,0.0,XLU,Utilities Select Sector SPDR Fund
2021-01-14 00:00:00-05:00,54.1935180555726,54.2367753126417,53.65712080721814,53.96857833862305,13033500,0.0,0.0,0.0,XLU,Utilities Select Sector SPDR Fund
2021-01-15 00:00:00-05:00,53.856100269426996,54.660697694104016,53.657114270895235,54.49631881713867,13782400,0.0,0.0,0.0,XLU,Utilities Select Sector SPDR Fund
2021-01-19 00:00:00-05:00,54.79048210712877,54.842389498026556,54.21082427300396,54.28868865966797,9496600,0.0,0.0,0.0,XLU,Utilities Select Sector SPDR Fund
2021-01-20 00:00:00-05:00,54.27138014002484,54.851037921216985,53.95127249088958,54.60879135131836,22398100,0.0,0.0,0.0,XLU,Utilities Select Sector SPDR Fund
2021-01-21 00:00:00-05:00,54.47902456047273,54.59149277429616,54.193520709265584,54.28868865966797,6987800,0.0,0.0,0.0,XLU,Utilities Select Sector SPDR Fund
2021-01-22 00:00:00-05:00,54.1329610950461,54.54823673308751,53.925324926184096,54.366554260253906,9380000,0.0,0.0,0.0,XLU,Utilities Select Sector SPDR Fund
2021-01-25 00:00:00-05:00,54.17621579833034,55.53451746531844,54.11565497691067,55.45664978027344,18924300,0.0,0.0,0.0,XLU,Utilities Select Sector SPDR Fund
2021-01-26 00:00:00-05:00,55.37878619082275,55.43934700950298,54.67800675997242,54.90294647216797,9736800,0.0,0.0,0.0,XLU,Utilities Select Sector SPDR Fund
2021-01-27 00:00:00-05:00,54.46172130660122,54.868343505655844,53.181287285532456,53.42353057861328,19643700,0.0,0.0,0.0,XLU,Utilities Select Sector SPDR Fund
2021-01-28 00:00:00-05:00,53.605211230672374,54.88564520832165,53.46678602498913,54.06374740600586,12732900,0.0,0.0,0.0,XLU,Utilities Select Sector SPDR Fund
2021-01-29 00:00:00-05:00,53.78688109994637,54.31462810438915,53.43216638717086,53.76958084106445,13880300,0.0,0.0,0.0,XLU,Utilities Select Sector SPDR Fund
2021-02-01 00:00:00-05:00,54.115647347042916,54.51361934606631,53.57925016138891,54.02913284301758,8054700,0.0,0.0,0.0,XLU,Utilities Select Sector SPDR Fund
2021-02-02 00:00:00-05:00,54.21081679729413,55.309568190782194,53.98587710034929,54.47036361694336,14349300,0.0,0.0,0.0,XLU,Utilities Select Sector SPDR Fund
2021-02-03 00:00:00-05:00,54.40981573312393,54.66071248188232,54.17622254983001,54.29734420776367,8133400,0.0,0.0,0.0,XLU,Utilities Select Sector SPDR Fund
2021-02-04 00:00:00-05:00,54.271373595193204,54.799120626267154,54.11564485486592,54.721256256103516,11351100,0.0,0.0,0.0,XLU,Utilities Select Sector SPDR Fund
2021-02-05 00:00:00-05:00,54.963504506703806,55.31821926971317,54.73856480590245,55.01541519165039,5960000,0.0,0.0,0.0,XLU,Utilities Select Sector SPDR Fund
2021-02-08 00:00:00-05:00,55.13654239513306,55.153845958530674,54.38385553908195,54.59149169921875,10765700,0.0,0.0,0.0,XLU,Utilities Select Sector SPDR Fund
2021-02-09 00:00:00-05:00,54.68665323177767,54.86833567566127,54.21946697580539,54.669349670410156,6193400,0.0,0.0,0.0,XLU,Utilities Select Sector SPDR Fund
2021-02-10 00:00:00-05:00,54.98946820261748,55.11058984860747,54.51362845006065,54.88564682006836,9810600,0.0,0.0,0.0,XLU,Utilities Select Sector SPDR Fund
2021-02-11 00:00:00-05:00,54.85968876092931,55.04137121546286,54.48767042051276,54.574188232421875,8711300,0.0,0.0,0.0,XLU,Utilities Select Sector SPDR Fund
2021-02-12 00:00:00-05:00,54.409809281082175,54.66070600008865,53.890715579973914,54.17621612548828,10108000,0.0,0.0,0.0,XLU,Utilities Select Sector SPDR Fund
2021-02-16 00:00:00-05:00,54.115653091092625,54.18486734191299,53.492741335294966,53.57060241699219,15861600,0.0,0.0,0.0,XLU,Utilities Select Sector SPDR Fund
2021-02-17 00:00:00-05:00,53.6311646460795,53.70902902534907,53.250492880620705,53.613861083984375,10179100,0.0,0.0,0.0,XLU,Utilities Select Sector SPDR Fund
2021-02-18 00:00:00-05:00,53.527345926433135,54.167564554415364,53.527345926433135,53.9339714050293,7709800,0.0,0.0,0.0,XLU,Utilities Select Sector SPDR Fund
2021-02-19 00:00:00-05:00,53.942611519531916,53.96856850929954,53.08610676448125,53.129364013671875,8967700,0.0,0.0,0.0,XLU,Utilities Select Sector SPDR Fund
2021-02-22 00:00:00-05:00,52.98230192053455,53.04286274456906,51.598046498975215,52.0911865234375,17801400,0.0,0.0,0.0,XLU,Utilities Select Sector SPDR Fund
2021-02-23 00:00:00-05:00,52.29882583256684,52.70544803551524,52.03062554100385,52.523765563964844,13106600,0.0,0.0,0.0,XLU,Utilities Select Sector SPDR Fund
2021-02-24 00:00:00-05:00,52.39398997799047,52.48915462261454,51.85758943383408,51.90950012207031,11836800,0.0,0.0,0.0,XLU,Utilities Select Sector SPDR Fund
2021-02-25 00:00:00-05:00,51.805690050507856,52.05658349828952,51.19142502924445,51.44232177734375,15680200,0.0,0.0,0.0,XLU,Utilities Select Sector SPDR Fund
2021-02-26 00:00:00-05:00,51.61535165811045,51.935459352230495,50.47334279771475,50.49064636230469,19007400,0.0,0.0,0.0,XLU,Utilities Select Sector SPDR Fund
2021-03-01 00:00:00-05:00,51.13086112758481,52.18635545248856,51.12221099555398,51.6067008972168,15713700,0.0,0.0,0.0,XLU,Utilities Select Sector SPDR Fund
2021-03-02 00:00:00-05:00,51.684559021673856,51.82298421960971,51.165462054176615,51.450965881347656,14653100,0.0,0.0,0.0,XLU,Utilities Select Sector SPDR Fund
2021-03-03 00:00:00-05:00,51.37309924818585,51.37309924818585,50.41277303573387,50.84535217285156,22924900,0.0,0.0,0.0,XLU,Utilities Select Sector SPDR Fund
2021-03-04 00:00:00-05:00,50.879957880387,51.75376626091545,50.525243129831544,50.802093505859375,22086300,0.0,0.0,0.0,XLU,Utilities Select Sector SPDR Fund
2021-03-05 00:00:00-05:00,51.018386856862534,51.87489173995093,50.56850413733125,51.63264846801758,16803300,0.0,0.0,0.0,XLU,Utilities Select Sector SPDR Fund
2021-03-08 00:00:00-05:00,51.779739920865886,52.81793088150079,51.641314679469104,52.359397888183594,19211900,0.0,0.0,0.0,XLU,Utilities Select Sector SPDR Fund
2021-03-09 00:00:00-05:00,52.64488437581587,53.22454218756474,52.57567342385139,53.051509857177734,11112200,0.0,0.0,0.0,XLU,Utilities Select Sector SPDR Fund
2021-03-10 00:00:00-05:00,53.03420705285384,53.57925774625976,52.8871317151269,53.414878845214844,13710600,0.0,0.0,0.0,XLU,Utilities Select Sector SPDR Fund
2021-03-11 00:00:00-05:00,53.31971218471803,53.95127740964797,53.250497929774696,53.27645492553711,8584400,0.0,0.0,0.0,XLU,Utilities Select Sector SPDR Fund
2021-03-12 00:00:00-05:00,53.510051226242936,54.1589200930138,53.25915777266634,53.99454116821289,10021900,0.0,0.0,0.0,XLU,Utilities Select Sector SPDR Fund
2021-03-15 00:00:00-04:00,54.07239156114843,54.825078327590894,54.07239156114843,54.68665313720703,12208600,0.0,0.0,0.0,XLU,Utilities Select Sector SPDR Fund
2021-03-16 00:00:00-04:00,54.55688480169623,54.89429601816337,54.40980617125433,54.7558708190918,14621700,0.0,0.0,0.0,XLU,Utilities Select Sector SPDR Fund
2021-03-17 00:00:00-04:00,54.712615626993745,54.72126575837329,53.81285014893014,53.8647575378418,17203500,0.0,0.0,0.0,XLU,Utilities Select Sector SPDR Fund
2021-03-18 00:00:00-04:00,53.81285394543852,54.029143548675556,53.29375691747917,53.665775299072266,14813800,0.0,0.0,0.0,XLU,Utilities Select Sector SPDR Fund
2021-03-19 00:00:00-04:00,53.68306826630238,54.28002956559927,53.112063958485855,53.812843322753906,19356300,0.0,0.0,0.0,XLU,Utilities Select Sector SPDR Fund
2021-03-22 00:00:00-04:00,53.69169168892824,53.97932735465336,53.351761047587864,53.73527526855469,12820500,0.461,0.0,0.0,XLU,Utilities Select Sector SPDR Fund
2021-03-23 00:00:00-04:00,53.717846442760134,54.74635648814834,53.60453511234671,54.537166595458984,13058600,0.0,0.0,0.0,XLU,Utilities Select Sector SPDR Fund
2021-03-24 00:00:00-04:00,54.36283883472202,54.94682489339558,54.17108504713875,54.554595947265625,11029200,0.0,0.0,0.0,XLU,Utilities Select Sector SPDR Fund
2021-03-25 00:00:00-04:00,54.72892192185607,55.32162271921504,54.48486650091033,55.138580322265625,14154800,0.0,0.0,0.0,XLU,Utilities Select Sector SPDR Fund
2021-03-26 00:00:00-04:00,55.12986382907368,55.37391591721508,54.59817607279963,55.32162094116211,10385100,0.0,0.0,0.0,XLU,Utilities Select Sector SPDR Fund
2021-03-29 00:00:00-04:00,55.20830602925363,56.175799597904486,55.182158542926885,55.9143180847168,16387800,0.0,0.0,0.0,XLU,Utilities Select Sector SPDR Fund
2021-03-30 00:00:00-04:00,55.739998891160845,55.739998891160845,54.99912123563349,55.408782958984375,11055600,0.0,0.0,0.0,XLU,Utilities Select Sector SPDR Fund
2021-03-31 00:00:00-04:00,55.434929073236034,55.92303990061925,55.321621074873846,55.818443298339844,11129600,0.0,0.0,0.0,XLU,Utilities Select Sector SPDR Fund
2021-04-01 00:00:00-04:00,55.73127826548423,55.86201902808346,55.391347627781855,55.766143798828125,10523300,0.0,0.0,0.0,XLU,Utilities Select Sector SPDR Fund
2021-04-05 00:00:00-04:00,55.966627575831296,56.73364952337884,55.91433258961181,56.37628936767578,14644100,0.0,0.0,0.0,XLU,Utilities Select Sector SPDR Fund
2021-04-06 00:00:00-04:00,56.31526640267812,56.68134454150115,55.905604683076774,56.67262649536133,8629300,0.0,0.0,0.0,XLU,Utilities Select Sector SPDR Fund
2021-04-07 00:00:00-04:00,56.629048946953766,56.9079665710993,56.31526578854995,56.602901458740234,7899200,0.0,0.0,0.0,XLU,Utilities Select Sector SPDR Fund
2021-04-08 00:00:00-04:00,56.751079485822515,56.9254005209971,56.437296302571276,56.559322357177734,9954900,0.0,0.0,0.0,XLU,Utilities Select Sector SPDR Fund
2021-04-09 00:00:00-04:00,56.61161045380997,56.84695113759174,56.38499446562362,56.4983024597168,7875600,0.0,0.0,0.0,XLU,Utilities Select Sector SPDR Fund
2021-04-12 00:00:00-04:00,56.50702121544956,56.95154180165348,56.358847686714924,56.55059814453125,7100700,0.0,0.0,0.0,XLU,Utilities Select Sector SPDR Fund
2021-04-13 00:00:00-04:00,56.323986233601104,57.32634212405698,56.21938962637119,57.22175216674805,9125400,0.0,0.0,0.0,XLU,Utilities Select Sector SPDR Fund
2021-04-14 00:00:00-04:00,57.08228556324402,57.474517822265625,56.9341120353543,57.474517822265625,7562700,0.0,0.0,0.0,XLU,Utilities Select Sector SPDR Fund
2021-04-15 00:00:00-04:00,57.48322778849198,58.13694155401655,57.44836890626054,58.11079406738281,11931700,0.0,0.0,0.0,XLU,Utilities Select Sector SPDR Fund
2021-04-16 00:00:00-04:00,58.32870415968833,58.80809695960915,58.20667811060319,58.58147430419922,11188000,0.0,0.0,0.0,XLU,Utilities Select Sector SPDR Fund
2021-04-19 00:00:00-04:00,58.61633066298831,58.71220920796225,58.14565598309437,58.285118103027344,10751700,0.0,0.0,0.0,XLU,Utilities Select Sector SPDR Fund
2021-04-20 00:00:00-04:00,58.285134176776076,59.17418216180888,58.25026863717769,59.02600860595703,14774400,0.0,0.0,0.0,XLU,Utilities Select Sector SPDR Fund
2021-04-21 00:00:00-04:00,59.087013879873844,59.313636532547804,58.3112740129462,58.529178619384766,9615100,0.0,0.0,0.0,XLU,Utilities Select Sector SPDR Fund
2021-04-22 00:00:00-04:00,58.48559022561371,58.68606537300618,58.05849909411535,58.11079406738281,8991800,0.0,0.0,0.0,XLU,Utilities Select Sector SPDR Fund
2021-04-23 00:00:00-04:00,58.136942395558656,58.32869950020883,57.884178921160235,58.032352447509766,8440800,0.0,0.0,0.0,XLU,Utilities Select Sector SPDR Fund
2021-04-26 00:00:00-04:00,58.05851196847972,58.093377508362835,57.52682412262535,57.70114517211914,6289200,0.0,0.0,0.0,XLU,Utilities Select Sector SPDR Fund
2021-04-27 00:00:00-04:00,57.613967093220374,57.6401145776855,57.160728512678766,57.25660705566406,10471000,0.0,0.0,0.0,XLU,Utilities Select Sector SPDR Fund
2021-04-28 00:00:00-04:00,57.282758215585275,57.43964978236248,56.90796206439086,57.17816162109375,7579100,0.0,0.0,0.0,XLU,Utilities Select Sector SPDR Fund
2021-04-29 00:00:00-04:00,57.178175373715995,57.736010712002255,57.178175373715995,57.70114517211914,9611800,0.0,0.0,0.0,XLU,Utilities Select Sector SPDR Fund
2021-04-30 00:00:00-04:00,57.823172928810585,58.17182168792234,57.474530819620796,58.15439224243164,10242300,0.0,0.0,0.0,XLU,Utilities Select Sector SPDR Fund
2021-05-03 00:00:00-04:00,58.28512635476527,58.68607003145646,58.04978565653991,58.14566421508789,10772000,0.0,0.0,0.0,XLU,Utilities Select Sector SPDR Fund
2021-05-04 00:00:00-04:00,58.08465648906404,58.18925310336179,57.54425062340781,57.927764892578125,11722800,0.0,0.0,0.0,XLU,Utilities Select Sector SPDR Fund
2021-05-05 00:00:00-04:00,57.92776076274969,57.92776076274969,56.629051148268,56.95154571533203,11781400,0.0,0.0,0.0,XLU,Utilities Select Sector SPDR Fund
2021-05-06 00:00:00-04:00,57.10843057291922,57.43964979726825,56.724923026191114,57.38734817504883,11652700,0.0,0.0,0.0,XLU,Utilities Select Sector SPDR Fund
2021-05-07 00:00:00-04:00,57.35249708724109,57.997492882955925,57.335060994158454,57.561683654785156,9055400,0.0,0.0,0.0,XLU,Utilities Select Sector SPDR Fund
2021-05-10 00:00:00-04:00,57.68370751476805,58.729646962665015,57.68370751476805,58.14566421508789,13221000,0.0,0.0,0.0,XLU,Utilities Select Sector SPDR Fund
2021-05-11 00:00:00-04:00,58.084652553447434,58.16310167133567,57.029995034610465,57.430938720703125,14105000,0.0,0.0,0.0,XLU,Utilities Select Sector SPDR Fund
2021-05-12 00:00:00-04:00,57.36992612071827,57.36992612071827,56.062498445542445,56.088645935058594,14776900,0.0,0.0,0.0,XLU,Utilities Select Sector SPDR Fund
2021-05-13 00:00:00-04:00,56.14964940601852,57.50937847877311,56.10607248088043,57.16944122314453,14111400,0.0,0.0,0.0,XLU,Utilities Select Sector SPDR Fund
2021-05-14 00:00:00-04:00,57.308917362236826,57.814457696926695,57.308917362236826,57.44837951660156,9455300,0.0,0.0,0.0,XLU,Utilities Select Sector SPDR Fund
2021-05-17 00:00:00-04:00,57.42222758096915,57.753446885347714,56.89053973439262,56.97770690917969,12562000,0.0,0.0,0.0,XLU,Utilities Select Sector SPDR Fund
2021-05-18 00:00:00-04:00,56.855670884352655,57.16073599290043,56.70749070312606,56.96897888183594,9766200,0.0,0.0,0.0,XLU,Utilities Select Sector SPDR Fund
2021-05-19 00:00:00-04:00,56.69878686771824,56.92540289290335,56.21067597903311,56.87310791015625,13119000,0.0,0.0,0.0,XLU,Utilities Select Sector SPDR Fund
2021-05-20 00:00:00-04:00,56.97770080778313,57.71857516468495,56.96026471472413,57.36992645263672,12839800,0.0,0.0,0.0,XLU,Utilities Select Sector SPDR Fund
2021-05-21 00:00:00-04:00,57.509394863485745,57.884191106038145,57.25662468595768,57.66628646850586,10243900,0.0,0.0,0.0,XLU,Utilities Select Sector SPDR Fund
2021-05-24 00:00:00-04:00,57.94519790355018,58.04106981582035,57.526818118540966,57.561683654785156,9671500,0.0,0.0,0.0,XLU,Utilities Select Sector SPDR Fund
2021-05-25 00:00:00-04:00,57.62269411473008,57.62269411473008,56.733639604896496,56.864383697509766,10213700,0.0,0.0,0.0,XLU,Utilities Select Sector SPDR Fund
2021-05-26 00:00:00-04:00,56.8992554015298,57.11716002953806,56.70749826489509,56.87310791015625,8420800,0.0,0.0,0.0,XLU,Utilities Select Sector SPDR Fund
2021-05-27 00:00:00-04:00,57.07357525324008,57.07357525324008,56.472156434584065,56.489585876464844,8498100,0.0,0.0,0.0,XLU,Utilities Select Sector SPDR Fund
2021-05-28 00:00:00-04:00,56.82952517935791,57.003852874339486,56.620338595301625,56.7946662902832,9782500,0.0,0.0,0.0,XLU,Utilities Select Sector SPDR Fund
2021-06-01 00:00:00-04:00,56.92540442354945,57.05614853385424,56.31527410868935,56.44601821899414,11026100,0.0,0.0,0.0,XLU,Utilities Select Sector SPDR Fund
2021-06-02 00:00:00-04:00,56.53316499631224,57.05613466044773,56.30654237021617,56.74235153198242,10245700,0.0,0.0,0.0,XLU,Utilities Select Sector SPDR Fund
2021-06-03 00:00:00-04:00,56.480882213039145,57.265333553561256,56.28912507649498,57.08229446411133,11853600,0.0,0.0,0.0,XLU,Utilities Select Sector SPDR Fund
2021-06-04 00:00:00-04:00,57.2304655013057,57.31762600852744,56.92539375114897,56.99512481689453,7234800,0.0,0.0,0.0,XLU,Utilities Select Sector SPDR Fund
2021-06-07 00:00:00-04:00,57.04742600065299,57.18688814732408,56.95154743729691,57.099727630615234,6911200,0.0,0.0,0.0,XLU,Utilities Select Sector SPDR Fund
2021-06-08 00:00:00-04:00,57.22175497253578,57.2653319069109,56.36756592974328,56.61161804199219,9181800,0.0,0.0,0.0,XLU,Utilities Select Sector SPDR Fund
2021-06-09 00:00:00-04:00,56.751071242383055,57.22174594889154,56.629045205501626,57.117149353027344,9380400,0.0,0.0,0.0,XLU,Utilities Select Sector SPDR Fund
2021-06-10 00:00:00-04:00,57.16073079307029,57.552956375534286,57.0212686704662,57.491943359375,8327200,0.0,0.0,0.0,XLU,Utilities Select Sector SPDR Fund
2021-06-11 00:00:00-04:00,57.491948020093886,57.66627568748128,57.22174844804411,57.6226921081543,9099200,0.0,0.0,0.0,XLU,Utilities Select Sector SPDR Fund
2021-06-14 00:00:00-04:00,57.63140865088098,57.89289017026137,57.396067968526204,57.74471664428711,6866500,0.0,0.0,0.0,XLU,Utilities Select Sector SPDR Fund
2021-06-15 00:00:00-04:00,57.81444691888051,58.23282000413654,57.64883730392651,57.919036865234375,16390500,0.0,0.0,0.0,XLU,Utilities Select Sector SPDR Fund
2021-06-16 00:00:00-04:00,58.06722294654723,58.27640951045675,57.02127682715768,57.04742431640625,23138800,0.0,0.0,0.0,XLU,Utilities Select Sector SPDR Fund
2021-06-17 00:00:00-04:00,57.003849751611895,57.674993053240634,56.83824011293206,57.361209869384766,12854400,0.0,0.0,0.0,XLU,Utilities Select Sector SPDR Fund
2021-06-18 00:00:00-04:00,57.02999696309976,57.073580546724905,55.78358228052249,55.87074279785156,18039900,0.0,0.0,0.0,XLU,Utilities Select Sector SPDR Fund
2021-06-21 00:00:00-04:00,56.049932459434224,56.73507059050479,55.73371228295251,56.59453201293945,13943300,0.494,0.0,0.0,XLU,Utilities Select Sector SPDR Fund
2021-06-22 00:00:00-04:00,56.594539168026536,56.76143503270532,56.22561781601212,56.25196838378906,8304300,0.0,0.0,0.0,XLU,Utilities Select Sector SPDR Fund
2021-06-23 00:00:00-04:00,56.216819298707414,56.216819298707414,55.4877558150512,55.6546516418457,12833200,0.0,0.0,0.0,XLU,Utilities Select Sector SPDR Fund
2021-06-24 00:00:00-04:00,55.7249291881472,55.74249734887761,55.35600786516067,55.60195541381836,7607900,0.0,0.0,0.0,XLU,Utilities Select Sector SPDR Fund
2021-06-25 00:00:00-04:00,55.62831055390115,56.24317943906996,55.56682031460016,56.19926071166992,9136800,0.0,0.0,0.0,XLU,Utilities Select Sector SPDR Fund
2021-06-28 00:00:00-04:00,56.427635314626265,56.84047868886652,56.34858362248715,56.55939483642578,8367600,0.0,0.0,0.0,XLU,Utilities Select Sector SPDR Fund
2021-06-29 00:00:00-04:00,56.3837233694297,56.717508370254706,55.478981523025,55.6458740234375,12344000,0.0,0.0,0.0,XLU,Utilities Select Sector SPDR Fund
2021-06-30 00:00:00-04:00,55.60194937438225,55.81276392946466,55.329651289597756,55.540462493896484,9538700,0.0,0.0,0.0,XLU,Utilities Select Sector SPDR Fund
2021-07-01 00:00:00-04:00,55.64587220390075,56.33979945007673,55.426275228588146,56.14655303955078,11496600,0.0,0.0,0.0,XLU,Utilities Select Sector SPDR Fund
2021-07-02 00:00:00-04:00,56.29587714356177,56.29587714356177,55.95330975038806,56.23439025878906,9314700,0.0,0.0,0.0,XLU,Utilities Select Sector SPDR Fund
2021-07-06 00:00:00-04:00,56.22561388108768,56.506697753651224,55.584387736594024,56.471561431884766,9078200,0.0,0.0,0.0,XLU,Utilities Select Sector SPDR Fund
2021-07-07 00:00:00-04:00,56.49791005595488,56.84926655997504,56.18168987249353,56.84048080444336,12099600,0.0,0.0,0.0,XLU,Utilities Select Sector SPDR Fund
2021-07-08 00:00:00-04:00,56.524263455385416,57.01616526630717,56.43642600036775,56.673587799072266,10256500,0.0,0.0,0.0,XLU,Utilities Select Sector SPDR Fund
2021-07-09 00:00:00-04:00,56.752647908336364,56.90197225651892,56.27831759507844,56.74386215209961,10742100,0.0,0.0,0.0,XLU,Utilities Select Sector SPDR Fund
2021-07-12 00:00:00-04:00,56.682366684120886,56.97223628195318,56.410068596103095,56.928314208984375,8661500,0.0,0.0,0.0,XLU,Utilities Select Sector SPDR Fund
2021-07-13 00:00:00-04:00,56.83169069860769,57.016158042812954,56.295873578845,56.49790573120117,11246600,0.0,0.0,0.0,XLU,Utilities Select Sector SPDR Fund
2021-07-14 00:00:00-04:00,56.51547305421849,57.23575755023819,56.25196071082446,56.989803314208984,10360000,0.0,0.0,0.0,XLU,Utilities Select Sector SPDR Fund
2021-07-15 00:00:00-04:00,56.79656520648378,57.67495311229465,56.77899369548955,57.63103103637695,14287300,0.0,0.0,0.0,XLU,Utilities Select Sector SPDR Fund
2021-07-16 00:00:00-04:00,57.69251639000915,58.509417388787604,57.63102950629756,58.21076202392578,16553300,0.0,0.0,0.0,XLU,Utilities Select Sector SPDR Fund
2021-07-19 00:00:00-04:00,57.973589685040075,58.43913410571476,56.638443295528404,57.288448333740234,22792500,0.0,0.0,0.0,XLU,Utilities Select Sector SPDR Fund
2021-07-20 00:00:00-04:00,57.34116595720993,58.11415166450302,57.34116595720993,57.5344123840332,16889600,0.0,0.0,0.0,XLU,Utilities Select Sector SPDR Fund
2021-07-21 00:00:00-04:00,57.569535044835945,57.70129455017978,56.85804309817277,56.90195846557617,11228400,0.0,0.0,0.0,XLU,Utilities Select Sector SPDR Fund
2021-07-22 00:00:00-04:00,56.96345275002635,57.2445366039206,56.80534266336285,56.989803314208984,11437700,0.0,0.0,0.0,XLU,Utilities Select Sector SPDR Fund
2021-07-23 00:00:00-04:00,57.13034619365237,57.77156556707089,57.02493723977913,57.71886444091797,8108400,0.0,0.0,0.0,XLU,Utilities Select Sector SPDR Fund
2021-07-26 00:00:00-04:00,57.60467922787993,57.91211364796324,57.332374425890926,57.7364387512207,8968400,0.0,0.0,0.0,XLU,Utilities Select Sector SPDR Fund
2021-07-27 00:00:00-04:00,57.6925136160797,58.82563473419808,57.358728649346666,58.72901153564453,17142900,0.0,0.0,0.0,XLU,Utilities Select Sector SPDR Fund
2021-07-28 00:00:00-04:00,58.70266936393267,58.80807163082698,57.85063196483915,58.28104019165039,12474100,0.0,0.0,0.0,XLU,Utilities Select Sector SPDR Fund
2021-07-29 00:00:00-04:00,58.38644681788575,58.606043800530685,58.105362948162956,58.43914794921875,15123900,0.0,0.0,0.0,XLU,Utilities Select Sector SPDR Fund
2021-07-30 00:00:00-04:00,58.40401296658989,58.89591477605659,57.81549464798733,57.9472541809082,12632600,0.0,0.0,0.0,XLU,Utilities Select Sector SPDR Fund
2021-08-02 00:00:00-04:00,58.07900916597829,58.60604055482458,58.0087365270474,58.39522933959961,11782100,0.0,0.0,0.0,XLU,Utilities Select Sector SPDR Fund
2021-08-03 00:00:00-04:00,58.48306401262362,59.00130962162234,58.21075922507843,58.72901153564453,12997200,0.0,0.0,0.0,XLU,Utilities Select Sector SPDR Fund
2021-08-04 00:00:00-04:00,58.491850899766,58.71144788924084,57.912118332367925,58.64118194580078,16189000,0.0,0.0,0.0,XLU,Utilities Select Sector SPDR Fund
2021-08-05 00:00:00-04:00,58.72023049708636,59.36145662066484,58.5709061606256,59.28239822387695,15895400,0.0,0.0,0.0,XLU,Utilities Select Sector SPDR Fund
2021-08-06 00:00:00-04:00,59.22091048267062,59.67767594256944,59.080371903787174,59.24726104736328,10000400,0.0,0.0,0.0,XLU,Utilities Select Sector SPDR Fund
2021-08-09 00:00:00-04:00,59.29118506797492,59.44929516288558,58.90469223562265,59.229698181152344,8432600,0.0,0.0,0.0,XLU,Utilities Select Sector SPDR Fund
2021-08-10 00:00:00-04:00,59.282397716207846,59.4932156381249,59.01888536616332,59.29118347167969,7917100,0.0,0.0,0.0,XLU,Utilities Select Sector SPDR Fund
2021-08-11 00:00:00-04:00,59.422943898126164,60.11687115642625,59.422943898126164,59.844566345214844,9244400,0.0,0.0,0.0,XLU,Utilities Select Sector SPDR Fund
2021-08-12 00:00:00-04:00,59.73915868902982,60.11686572711772,59.712808126162564,59.90604782104492,9460100,0.0,0.0,0.0,XLU,Utilities Select Sector SPDR Fund
2021-08-13 00:00:00-04:00,60.0290271180887,60.39795513695542,59.906053345655785,60.32768249511719,11790400,0.0,0.0,0.0,XLU,Utilities Select Sector SPDR Fund
2021-08-16 00:00:00-04:00,60.32766918766419,61.12699853215708,60.266182315010894,60.696590423583984,12898300,0.0,0.0,0.0,XLU,Utilities Select Sector SPDR Fund
2021-08-17 00:00:00-04:00,60.52969837145722,60.74050953865719,60.12563414043852,60.73172378540039,11518600,0.0,0.0,0.0,XLU,Utilities Select Sector SPDR Fund
2021-08-18 00:00:00-04:00,60.72295363396077,60.85471316040163,60.22227279473983,60.4243049621582,15705600,0.0,0.0,0.0,XLU,Utilities Select Sector SPDR Fund
2021-08-19 00:00:00-04:00,60.45064917048037,61.162141156249426,60.389162291482634,60.67024612426758,13861500,0.0,0.0,0.0,XLU,Utilities Select Sector SPDR Fund
2021-08-20 00:00:00-04:00,60.56484370866615,61.469588885205425,60.248623524967904,61.42566680908203,11790800,0.0,0.0,0.0,XLU,Utilities Select Sector SPDR Fund
2021-08-23 00:00:00-04:00,61.38174882473908,61.39932033698693,60.52093236850806,60.6351203918457,10915400,0.0,0.0,0.0,XLU,Utilities Select Sector SPDR Fund
2021-08-24 00:00:00-04:00,60.60875891848162,60.6614600426049,59.83578005788255,60.239837646484375,12665500,0.0,0.0,0.0,XLU,Utilities Select Sector SPDR Fund
2021-08-25 00:00:00-04:00,60.2310606486172,60.54728084246476,59.88848988887704,60.354034423828125,8164900,0.0,0.0,0.0,XLU,Utilities Select Sector SPDR Fund
2021-08-26 00:00:00-04:00,60.35403625970826,60.380386826402415,60.072952379023405,60.2047119140625,8315900,0.0,0.0,0.0,XLU,Utilities Select Sector SPDR Fund
2021-08-27 00:00:00-04:00,60.2661960017351,60.45944241726589,60.07294958620432,60.187137603759766,10502500,0.0,0.0,0.0,XLU,Utilities Select Sector SPDR Fund
2021-08-30 00:00:00-04:00,60.169577295758884,60.45066118440626,59.96754510943334,60.274986267089844,11845700,0.0,0.0,0.0,XLU,Utilities Select Sector SPDR Fund
2021-08-31 00:00:00-04:00,60.24862729136331,60.54728268422316,59.9499786000718,60.2047119140625,11290100,0.0,0.0,0.0,XLU,Utilities Select Sector SPDR Fund
2021-09-01 00:00:00-04:00,60.371603722286714,61.197283796781456,60.29254532593899,60.99525833129883,13333700,0.0,0.0,0.0,XLU,Utilities Select Sector SPDR Fund
2021-09-02 00:00:00-04:00,61.12701205510239,61.548641204833984,61.06552516884653,61.548641204833984,10299400,0.0,0.0,0.0,XLU,Utilities Select Sector SPDR Fund
2021-09-03 00:00:00-04:00,61.36419056591519,61.45202803182781,60.88986020810413,61.0391845703125,9471000,0.0,0.0,0.0,XLU,Utilities Select Sector SPDR Fund
2021-09-07 00:00:00-04:00,60.98647418319942,60.99525993892915,60.1256510640236,60.23106002807617,13145100,0.0,0.0,0.0,XLU,Utilities Select Sector SPDR Fund
2021-09-08 00:00:00-04:00,60.19592877382982,61.478374454032036,60.05539017816436,61.311485290527344,14588100,0.0,0.0,0.0,XLU,Utilities Select Sector SPDR Fund
2021-09-09 00:00:00-04:00,61.1182292962432,61.33782626264111,60.92498289356222,60.977684020996094,8177500,0.0,0.0,0.0,XLU,Utilities Select Sector SPDR Fund
2021-09-10 00:00:00-04:00,60.93376272004933,61.00402864926871,60.10807606222751,60.125640869140625,12327200,0.0,0.0,0.0,XLU,Utilities Select Sector SPDR Fund
2021-09-13 00:00:00-04:00,60.635113425049916,60.70538606283052,59.844563003937175,60.02024459838867,13118200,0.0,0.0,0.0,XLU,Utilities Select Sector SPDR Fund
2021-09-14 00:00:00-04:00,60.21350067071329,60.40674040328939,59.66889769281154,59.81822204589844,14051600,0.0,0.0,0.0,XLU,Utilities Select Sector SPDR Fund
2021-09-15 00:00:00-04:00,59.730384317976906,60.13444199593969,59.40537834368203,59.73917007446289,9906400,0.0,0.0,0.0,XLU,Utilities Select Sector SPDR Fund
2021-09-16 00:00:00-04:00,59.73037467294515,59.97632220228883,59.150635466720026,59.23847961425781,15732000,0.0,0.0,0.0,XLU,Utilities Select Sector SPDR Fund
2021-09-17 00:00:00-04:00,59.11550926379487,59.43172944880501,58.27225096938921,58.32495880126953,12554000,0.0,0.0,0.0,XLU,Utilities Select Sector SPDR Fund
2021-09-20 00:00:00-04:00,58.20017862166662,58.73120078152352,57.580647141572655,58.21787643432617,22839300,0.499,0.0,0.0,XLU,Utilities Select Sector SPDR Fund
2021-09-21 00:00:00-04:00,58.386022455700825,58.7842872948535,58.02315323363197,58.058555603027344,13208800,0.0,0.0,0.0,XLU,Utilities Select Sector SPDR Fund
2021-09-22 00:00:00-04:00,58.27096888529883,58.49222865187845,57.80189926051999,58.02315902709961,12393800,0.0,0.0,0.0,XLU,Utilities Select Sector SPDR Fund
2021-09-23 00:00:00-04:00,58.02315263898726,58.456826595402376,57.66029017294871,57.7133903503418,9666600,0.0,0.0,0.0,XLU,Utilities Select Sector SPDR Fund
2021-09-24 00:00:00-04:00,57.70455130040765,58.085118414373994,57.50984835455468,57.651451110839844,11830100,0.0,0.0,0.0,XLU,Utilities Select Sector SPDR Fund
2021-09-27 00:00:00-04:00,57.55408915852123,58.13821818092691,56.89030986159415,56.969966888427734,10891700,0.0,0.0,0.0,XLU,Utilities Select Sector SPDR Fund
2021-09-28 00:00:00-04:00,56.91686589485003,57.00537521219651,56.0849303046023,56.253089904785156,20235800,0.0,0.0,0.0,XLU,Utilities Select Sector SPDR Fund
2021-09-29 00:00:00-04:00,56.421238823393075,57.38592813628329,56.27078380708558,56.98766326904297,15433800,0.0,0.0,0.0,XLU,Utilities Select Sector SPDR Fund
2021-09-30 00:00:00-04:00,57.20006891260462,57.235471283360724,56.45663938366187,56.536293029785156,13571300,0.0,0.0,0.0,XLU,Utilities Select Sector SPDR Fund
2021-10-01 00:00:00-04:00,56.8814543281115,56.9876614403798,56.341583366782494,56.536293029785156,14500600,0.0,0.0,0.0,XLU,Utilities Select Sector SPDR Fund
2021-10-04 00:00:00-04:00,56.47434058951127,57.47443561872032,56.44778712335662,57.315128326416016,20201300,0.0,0.0,0.0,XLU,Utilities Select Sector SPDR Fund
2021-10-05 00:00:00-04:00,57.38593426564385,57.589496237687875,57.10272201256916,57.173526763916016,13065200,0.0,0.0,0.0,XLU,Utilities Select Sector SPDR Fund
2021-10-06 00:00:00-04:00,56.99651153041251,58.10281025284944,56.6601923973123,58.058555603027344,16576200,0.0,0.0,0.0,XLU,Utilities Select Sector SPDR Fund
2021-10-07 00:00:00-04:00,58.16476396463412,58.62498127206825,57.68684209596501,57.74879455566406,13770100,0.0,0.0,0.0,XLU,Utilities Select Sector SPDR Fund
2021-10-08 00:00:00-04:00,57.73994403099524,57.855003425586645,57.27972670956529,57.323974609375,8897900,0.0,0.0,0.0,XLU,Utilities Select Sector SPDR Fund
2021-10-11 00:00:00-04:00,57.08501747631711,57.200070119468094,56.46548947963752,56.545143127441406,12710100,0.0,0.0,0.0,XLU,Utilities Select Sector SPDR Fund
2021-10-12 00:00:00-04:00,56.624795372741055,57.09386834314844,56.47434036181355,56.92570877075195,10498000,0.0,0.0,0.0,XLU,Utilities Select Sector SPDR Fund
2021-10-13 00:00:00-04:00,56.94341129694941,57.63374745287819,56.64250125016781,57.58949279785156,13102700,0.0,0.0,0.0,XLU,Utilities Select Sector SPDR Fund
2021-10-14 00:00:00-04:00,57.784203020265245,58.412579964147525,57.64259352469676,58.29752731323242,10699000,0.0,0.0,0.0,XLU,Utilities Select Sector SPDR Fund
2021-10-15 00:00:00-04:00,58.38602231222665,58.58957749536038,58.03200537145447,58.12936019897461,14801200,0.0,0.0,0.0,XLU,Utilities Select Sector SPDR Fund
2021-10-18 00:00:00-04:00,57.7399339520709,57.890395691633024,57.26201215229227,57.571781158447266,10351000,0.0,0.0,0.0,XLU,Utilities Select Sector SPDR Fund
2021-10-19 00:00:00-04:00,58.01431507440784,58.3771775902554,57.85500776804949,58.29752731323242,10706800,0.0,0.0,0.0,XLU,Utilities Select Sector SPDR Fund
2021-10-20 00:00:00-04:00,58.53649165687521,59.448080944859676,58.47453918348732,59.21797561645508,13899800,0.0,0.0,0.0,XLU,Utilities Select Sector SPDR Fund
2021-10-21 00:00:00-04:00,59.253371242122576,59.45693322743314,59.13831857792027,59.21797561645508,8686400,0.0,0.0,0.0,XLU,Utilities Select Sector SPDR Fund
2021-10-22 00:00:00-04:00,59.37726944093818,59.62508605863963,59.24451897898862,59.51887893676758,10699900,0.0,0.0,0.0,XLU,Utilities Select Sector SPDR Fund
2021-10-25 00:00:00-04:00,59.43037041730056,59.62508007838085,59.120608116632695,59.262210845947266,7580100,0.0,0.0,0.0,XLU,Utilities Select Sector SPDR Fund
2021-10-26 00:00:00-04:00,59.315303806689364,60.04103543092279,59.21795574030828,59.58081817626953,9695700,0.0,0.0,0.0,XLU,Utilities Select Sector SPDR Fund
2021-10-27 00:00:00-04:00,59.72243814312936,59.87289316127124,59.120611318249736,59.18256378173828,11131800,0.0,0.0,0.0,XLU,Utilities Select Sector SPDR Fund
2021-10-28 00:00:00-04:00,59.129452401005906,59.58082417380388,59.05865441399398,59.57197189331055,7721800,0.0,0.0,0.0,XLU,Utilities Select Sector SPDR Fund
2021-10-29 00:00:00-04:00,59.55428807880169,59.80209797235322,58.925911062349414,59.21797561645508,13333400,0.0,0.0,0.0,XLU,Utilities Select Sector SPDR Fund
2021-11-01 00:00:00-04:00,59.200254499731656,59.580821516231104,59.014397131531176,59.43036651611328,8091400,0.0,0.0,0.0,XLU,Utilities Select Sector SPDR Fund
2021-11-02 00:00:00-04:00,59.65163431448737,59.766686962072235,59.05865976166104,59.48347473144531,9932400,0.0,0.0,0.0,XLU,Utilities Select Sector SPDR Fund
2021-11-03 00:00:00-04:00,59.38611576621441,59.61622779770127,58.78428897392611,59.262210845947266,10496100,0.0,0.0,0.0,XLU,Utilities Select Sector SPDR Fund
2021-11-04 00:00:00-04:00,59.173702447728395,59.297607355749555,58.324065898878565,58.93473815917969,16091500,0.0,0.0,0.0,XLU,Utilities Select Sector SPDR Fund
2021-11-05 00:00:00-04:00,59.12944800190434,59.748979296426015,59.067495547683286,59.49231719970703,10792200,0.0,0.0,0.0,XLU,Utilities Select Sector SPDR Fund
2021-11-08 00:00:00-05:00,59.5631283008956,59.57197382936482,58.3240723317117,58.60728454589844,9835100,0.0,0.0,0.0,XLU,Utilities Select Sector SPDR Fund
2021-11-09 00:00:00-05:00,58.713489631320535,59.076358897116876,58.52763223383181,58.908199310302734,8244700,0.0,0.0,0.0,XLU,Utilities Select Sector SPDR Fund
2021-11-10 00:00:00-05:00,58.95244880498657,59.43922295983172,58.91704643442403,59.38611602783203,12916600,0.0,0.0,0.0,XLU,Utilities Select Sector SPDR Fund
2021-11-11 00:00:00-05:00,59.35070683867384,59.37725692546755,58.71347774638076,59.02324676513672,7873700,0.0,0.0,0.0,XLU,Utilities Select Sector SPDR Fund
2021-11-12 00:00:00-05:00,59.005547998038445,59.14715747792072,58.7311880711561,58.987850189208984,9089500,0.0,0.0,0.0,XLU,Utilities Select Sector SPDR Fund
2021-11-15 00:00:00-05:00,59.244515691645844,59.79323557675655,59.12061076582653,59.766685485839844,9501900,0.0,0.0,0.0,XLU,Utilities Select Sector SPDR Fund
2021-11-16 00:00:00-05:00,59.793237053644724,59.908296453541794,59.448072358577924,59.48347473144531,6606700,0.0,0.0,0.0,XLU,Utilities Select Sector SPDR Fund
2021-11-17 00:00:00-05:00,59.34185718487509,59.62506934483284,59.040940466745305,59.53656005859375,9500900,0.0,0.0,0.0,XLU,Utilities Select Sector SPDR Fund
2021-11-18 00:00:00-05:00,59.43922851324061,59.5542811640844,59.02325906065649,59.22681427001953,7652500,0.0,0.0,0.0,XLU,Utilities Select Sector SPDR Fund
2021-11-19 00:00:00-05:00,59.30645590127099,59.69586840811305,59.14714863637313,59.56311798095703,10303000,0.0,0.0,0.0,XLU,Utilities Select Sector SPDR Fund
2021-11-22 00:00:00-05:00,59.51886255427535,60.24459413986332,59.3595552914726,59.92597961425781,11577000,0.0,0.0,0.0,XLU,Utilities Select Sector SPDR Fund
2021-11-23 00:00:00-05:00,59.917152242872874,60.341974037716795,59.625094433250624,59.98795700073242,9518200,0.0,0.0,0.0,XLU,Utilities Select Sector SPDR Fund
2021-11-24 00:00:00-05:00,59.96138586456103,60.14724322449121,59.65162359801074,60.023338317871094,7965800,0.0,0.0,0.0,XLU,Utilities Select Sector SPDR Fund
2021-11-26 00:00:00-05:00,59.598530258113506,59.987949626154645,58.934750927486576,59.08521270751953,10927300,0.0,0.0,0.0,XLU,Utilities Select Sector SPDR Fund
2021-11-29 00:00:00-05:00,59.54542962062891,60.1295586682588,59.06750769592603,59.96139907836914,11410900,0.0,0.0,0.0,XLU,Utilities Select Sector SPDR Fund
2021-11-30 00:00:00-05:00,59.6781907671632,59.68704304940166,58.155922333167716,58.209022521972656,24311500,0.0,0.0,0.0,XLU,Utilities Select Sector SPDR Fund
2021-12-01 00:00:00-05:00,58.59842825927923,59.72243151071914,58.27981369606094,58.315216064453125,23012300,0.0,0.0,0.0,XLU,Utilities Select Sector SPDR Fund
2021-12-02 00:00:00-05:00,58.45683177757149,59.60737848772309,58.45683177757149,59.058658599853516,17525100,0.0,0.0,0.0,XLU,Utilities Select Sector SPDR Fund
2021-12-03 00:00:00-05:00,59.35070983267963,59.66932439489899,58.48337544288016,59.65162658691406,21385700,0.0,0.0,0.0,XLU,Utilities Select Sector SPDR Fund
2021-12-06 00:00:00-05:00,60.041040658067416,61.19159402333356,60.01449056926015,60.56321716308594,23611000,0.0,0.0,0.0,XLU,Utilities Select Sector SPDR Fund
2021-12-07 00:00:00-05:00,60.57207550119724,61.16505005156731,60.41276820010998,61.01459503173828,10894500,0.0,0.0,0.0,XLU,Utilities Select Sector SPDR Fund
2021-12-08 00:00:00-05:00,61.06768171102266,61.359746157151676,60.62516227833409,60.95262908935547,12997200,0.0,0.0,0.0,XLU,Utilities Select Sector SPDR Fund
2021-12-09 00:00:00-05:00,61.09423794907534,61.21814286252106,60.45700882146229,60.87297821044922,11891700,0.0,0.0,0.0,XLU,Utilities Select Sector SPDR Fund
2021-12-10 00:00:00-05:00,61.12079768223683,61.49251923354321,60.88184009782997,61.20045471191406,11701800,0.0,0.0,0.0,XLU,Utilities Select Sector SPDR Fund
2021-12-13 00:00:00-05:00,61.13850156387946,62.25364594843039,61.13850156387946,61.952735900878906,13750000,0.0,0.0,0.0,XLU,Utilities Select Sector SPDR Fund
2021-12-14 00:00:00-05:00,61.943879026985265,62.067783949415954,61.288952043807065,61.581016540527344,17502500,0.0,0.0,0.0,XLU,Utilities Select Sector SPDR Fund
2021-12-15 00:00:00-05:00,61.510217045050965,62.64306600522293,61.510217045050965,62.5899658203125,22682300,0.0,0.0,0.0,XLU,Utilities Select Sector SPDR Fund
2021-12-16 00:00:00-05:00,62.52800990573119,63.289144024932874,62.4749029714369,62.90857696533203,15104600,0.0,0.0,0.0,XLU,Utilities Select Sector SPDR Fund
2021-12-17 00:00:00-05:00,62.669620906206625,62.97939001478528,61.828836403154966,61.96159362792969,21837000,0.0,0.0,0.0,XLU,Utilities Select Sector SPDR Fund
2021-12-20 00:00:00-05:00,61.369305189413005,62.082897646497806,60.869782983528026,62.02045822143555,15045600,0.546,0.0,0.0,XLU,Utilities Select Sector SPDR Fund
2021-12-21 00:00:00-05:00,62.21670515978049,62.627022398668004,61.60122589875538,61.93126678466797,16177900,0.0,0.0,0.0,XLU,Utilities Select Sector SPDR Fund
2021-12-22 00:00:00-05:00,61.83312351336459,62.28804309242473,61.74392533060783,62.19884490966797,9483900,0.0,0.0,0.0,XLU,Utilities Select Sector SPDR Fund
2021-12-23 00:00:00-05:00,62.23454474296452,62.511068072055515,62.127509601086174,62.18994903564453,7252700,0.0,0.0,0.0,XLU,Utilities Select Sector SPDR Fund
2021-12-27 00:00:00-05:00,62.21668198589466,62.49319839477539,62.0293637600027,62.49319839477539,7853700,0.0,0.0,0.0,XLU,Utilities Select Sector SPDR Fund
2021-12-28 00:00:00-05:00,62.58240402294075,63.07299743708699,62.53780152829782,63.05516052246094,8052000,0.0,0.0,0.0,XLU,Utilities Select Sector SPDR Fund
2021-12-29 00:00:00-05:00,63.126521691879795,63.49224313172154,63.01948658198342,63.39412307739258,6877700,0.0,0.0,0.0,XLU,Utilities Select Sector SPDR Fund
2021-12-30 00:00:00-05:00,63.56360962072655,63.68848846276954,63.162207509542824,63.62604904174805,9336200,0.0,0.0,0.0,XLU,Utilities Select Sector SPDR Fund
2021-12-31 00:00:00-05:00,63.49224900262157,64.07204752125386,63.367370159271424,63.84904861450195,9309400,0.0,0.0,0.0,XLU,Utilities Select Sector SPDR Fund
2022-01-03 00:00:00-05:00,63.82228602211346,63.840122939218034,62.493207717386525,63.215728759765625,21649800,0.0,0.0,0.0,XLU,Utilities Select Sector SPDR Fund
2022-01-04 00:00:00-05:00,63.21572557883937,63.831197866076714,63.00164175203995,63.01948547363281,14660900,0.0,0.0,0.0,XLU,Utilities Select Sector SPDR Fund
2022-01-05 00:00:00-05:00,62.97487712074586,63.6973980596015,62.92135957171402,62.98379898071289,22243200,0.0,0.0,0.0,XLU,Utilities Select Sector SPDR Fund
2022-01-06 00:00:00-05:00,62.98382056812056,63.242500152744256,62.2613061870117,62.33266067504883,18129800,0.0,0.0,0.0,XLU,Utilities Select Sector SPDR Fund
2022-01-07 00:00:00-05:00,62.198855023565564,63.10868752424481,61.815296650496045,62.80541229248047,19636000,0.0,0.0,0.0,XLU,Utilities Select Sector SPDR Fund
2022-01-10 00:00:00-05:00,62.75189162594365,62.841089828458394,62.09181676087059,62.39509201049805,15584900,0.0,0.0,0.0,XLU,Utilities Select Sector SPDR Fund
2022-01-11 00:00:00-05:00,62.341574754952916,62.57349552693478,61.42282033432322,61.83313751220703,16826900,0.0,0.0,0.0,XLU,Utilities Select Sector SPDR Fund
2022-01-12 00:00:00-05:00,61.636889147238655,62.189928820262274,61.458492765172075,62.02936935424805,14056800,0.0,0.0,0.0,XLU,Utilities Select Sector SPDR Fund
2022-01-13 00:00:00-05:00,62.002626602388,62.573503339010124,61.966945955675676,62.33266067504883,16974500,0.0,0.0,0.0,XLU,Utilities Select Sector SPDR Fund
2022-01-14 00:00:00-05:00,62.332649310972435,62.44861309299261,61.5922981441771,61.90449523925781,16273600,0.0,0.0,0.0,XLU,Utilities Select Sector SPDR Fund
2022-01-18 00:00:00-05:00,61.4495886148413,61.55663055816327,60.682471701169845,61.16415023803711,17767400,0.0,0.0,0.0,XLU,Utilities Select Sector SPDR Fund
2022-01-19 00:00:00-05:00,61.18199040737384,61.984788011439704,61.16415348523374,61.440670013427734,16025600,0.0,0.0,0.0,XLU,Utilities Select Sector SPDR Fund
2022-01-20 00:00:00-05:00,61.627977813356885,62.41293836145684,61.44958140081794,61.52094268798828,14764800,0.0,0.0,0.0,XLU,Utilities Select Sector SPDR Fund
2022-01-21 00:00:00-05:00,61.824214925996614,62.14533389716739,61.28901890917417,61.40497589111328,24271300,0.0,0.0,0.0,XLU,Utilities Select Sector SPDR Fund
2022-01-24 00:00:00-05:00,61.3336126871024,61.529852786609105,59.255261531978626,60.816253662109375,28801000,0.0,0.0,0.0,XLU,Utilities Select Sector SPDR Fund
2022-01-25 00:00:00-05:00,59.870757342767604,60.58434986135664,59.585318974254484,59.86183547973633,26109300,0.0,0.0,0.0,XLU,Utilities Select Sector SPDR Fund
2022-01-26 00:00:00-05:00,59.97778842184952,60.62894827135027,59.04119702852426,59.37123107910156,24617100,0.0,0.0,0.0,XLU,Utilities Select Sector SPDR Fund
2022-01-27 00:00:00-05:00,59.92426930976993,60.64678362386541,59.60315032453041,59.89751052856445,22491000,0.0,0.0,0.0,XLU,Utilities Select Sector SPDR Fund
2022-01-28 00:00:00-05:00,59.73695557563869,60.673547015940905,59.28203584441339,60.62002944946289,25025200,0.0,0.0,0.0,XLU,Utilities Select Sector SPDR Fund
2022-01-31 00:00:00-05:00,60.26323116959379,61.824223744457704,60.13835230803568,61.77070617675781,26290000,0.0,0.0,0.0,XLU,Utilities Select Sector SPDR Fund
2022-02-01 00:00:00-05:00,61.601218639256714,61.93125948627509,60.37918892984385,60.95006561279297,20510100,0.0,0.0,0.0,XLU,Utilities Select Sector SPDR Fund
2022-02-02 00:00:00-05:00,60.9054543136169,61.94017240543462,60.79841920438464,61.85096740722656,22861900,0.0,0.0,0.0,XLU,Utilities Select Sector SPDR Fund
2022-02-03 00:00:00-05:00,61.67258296334431,61.958021318876696,61.404981527675794,61.574462890625,17144900,0.0,0.0,0.0,XLU,Utilities Select Sector SPDR Fund
2022-02-04 00:00:00-05:00,61.03925980207855,61.627973365275416,60.46838315669341,61.0838623046875,18514600,0.0,0.0,0.0,XLU,Utilities Select Sector SPDR Fund
2022-02-07 00:00:00-05:00,60.97681487823173,61.244416258960364,60.62001530572214,60.994651794433594,13771800,0.0,0.0,0.0,XLU,Utilities Select Sector SPDR Fund
2022-02-08 00:00:00-05:00,61.24441136973105,61.44064465382921,60.88761182570528,61.039249420166016,19426600,0.0,0.0,0.0,XLU,Utilities Select Sector SPDR Fund
2022-02-09 00:00:00-05:00,61.47632494163129,61.61904748058979,61.11952539962027,61.30685043334961,17615900,0.0,0.0,0.0,XLU,Utilities Select Sector SPDR Fund
2022-02-10 00:00:00-05:00,60.700307473710815,60.99466086984628,59.62990859691712,59.75478744506836,22530000,0.0,0.0,0.0,XLU,Utilities Select Sector SPDR Fund
2022-02-11 00:00:00-05:00,60.01346521728186,60.45946303465808,59.53178675786915,59.79046630859375,18029900,0.0,0.0,0.0,XLU,Utilities Select Sector SPDR Fund
2022-02-14 00:00:00-05:00,59.986705555992415,60.08482561880489,58.71115154481682,59.28202819824219,18556100,0.0,0.0,0.0,XLU,Utilities Select Sector SPDR Fund
2022-02-15 00:00:00-05:00,59.64774632327008,59.879660272009765,58.737907029215144,59.00550842285156,17087200,0.0,0.0,0.0,XLU,Utilities Select Sector SPDR Fund
2022-02-16 00:00:00-05:00,59.08578837890131,59.389070430635584,58.55951422598502,59.139312744140625,16092300,0.0,0.0,0.0,XLU,Utilities Select Sector SPDR Fund
2022-02-17 00:00:00-05:00,58.87171633555353,59.46043676549489,58.452477266726284,59.174991607666016,14579900,0.0,0.0,0.0,XLU,Utilities Select Sector SPDR Fund
2022-02-18 00:00:00-05:00,58.97875300123259,59.558544711465736,58.80034979352611,59.06795120239258,16843400,0.0,0.0,0.0,XLU,Utilities Select Sector SPDR Fund
2022-02-22 00:00:00-05:00,59.28202487232603,59.424747430368434,58.60410633239693,59.00550842285156,17210700,0.0,0.0,0.0,XLU,Utilities Select Sector SPDR Fund
2022-02-23 00:00:00-05:00,59.112546194283794,59.290949399859564,57.94403412065486,58.006473541259766,17291800,0.0,0.0,0.0,XLU,Utilities Select Sector SPDR Fund
2022-02-24 00:00:00-05:00,57.63183974811074,58.5862748256544,57.33747954900436,58.47031784057617,28660000,0.0,0.0,0.0,XLU,Utilities Select Sector SPDR Fund
2022-02-25 00:00:00-05:00,58.98766913522948,60.35242817891755,58.85387523373848,60.28106689453125,21264000,0.0,0.0,0.0,XLU,Utilities Select Sector SPDR Fund
2022-02-28 00:00:00-05:00,59.91534315345429,60.68245991817108,59.84398187176287,60.59326171875,18352600,0.0,0.0,0.0,XLU,Utilities Select Sector SPDR Fund
2022-03-01 00:00:00-05:00,60.46838438476055,60.99465853822496,59.61206939929173,60.06698226928711,16732300,0.0,0.0,0.0,XLU,Utilities Select Sector SPDR Fund
2022-03-02 00:00:00-05:00,60.09373888078824,61.02141501119557,60.05805824438193,60.79841613769531,14629900,0.0,0.0,0.0,XLU,Utilities Select Sector SPDR Fund
2022-03-03 00:00:00-05:00,61.03926394545212,62.17209545152045,60.985746382997725,61.86882019042969,20735600,0.0,0.0,0.0,XLU,Utilities Select Sector SPDR Fund
2022-03-04 00:00:00-05:00,61.70825093242873,63.28708002346773,61.58337210287247,63.23356246948242,24341800,0.0,0.0,0.0,XLU,Utilities Select Sector SPDR Fund
2022-03-07 00:00:00-05:00,63.37628749056336,64.19692177545417,62.84108470830875,64.05419921875,30972000,0.0,0.0,0.0,XLU,Utilities Select Sector SPDR Fund
2022-03-08 00:00:00-05:00,64.22368781422693,64.5537286598782,63.037331947699066,63.064090728759766,26564900,0.0,0.0,0.0,XLU,Utilities Select Sector SPDR Fund
2022-03-09 00:00:00-05:00,63.518993612265334,63.608191793989775,62.50211936875962,62.61807632446289,25476900,0.0,0.0,0.0,XLU,Utilities Select Sector SPDR Fund
2022-03-10 00:00:00-05:00,62.14532746060044,63.16220182885851,62.10073176695964,63.037322998046875,17019900,0.0,0.0,0.0,XLU,Utilities Select Sector SPDR Fund
2022-03-11 00:00:00-05:00,63.135454580326304,63.55469364834222,62.76081801948162,62.82325744628906,12494200,0.0,0.0,0.0,XLU,Utilities Select Sector SPDR Fund
2022-03-14 00:00:00-04:00,63.224641004642336,63.54575994133688,62.43076552375468,62.75188446044922,20502300,0.0,0.0,0.0,XLU,Utilities Select Sector SPDR Fund
2022-03-15 00:00:00-04:00,63.35844737605045,63.68848820318256,62.99273271309702,63.5546875,14502200,0.0,0.0,0.0,XLU,Utilities Select Sector SPDR Fund
2022-03-16 00:00:00-04:00,63.47442042302536,63.750936925999746,62.53782216947266,63.43873977661133,20005900,0.0,0.0,0.0,XLU,Utilities Select Sector SPDR Fund
2022-03-17 00:00:00-04:00,63.47441917136354,64.16125288647427,63.349533508683365,63.70633316040039,15915000,0.0,0.0,0.0,XLU,Utilities Select Sector SPDR Fund
2022-03-18 00:00:00-04:00,63.70632258980414,63.991760902738385,63.01948898865761,63.16220474243164,18519000,0.0,0.0,0.0,XLU,Utilities Select Sector SPDR Fund
2022-03-21 00:00:00-04:00,63.25201212460279,63.880578477851145,63.234049171161736,63.584251403808594,18147200,0.47,0.0,0.0,XLU,Utilities Select Sector SPDR Fund
2022-03-22 00:00:00-04:00,63.82671169150851,63.82671169150851,63.17120082211406,63.6740608215332,14643200,0.0,0.0,0.0,XLU,Utilities Select Sector SPDR Fund
2022-03-23 00:00:00-04:00,63.61118964866572,64.13200569015468,63.29690646875325,63.76384735107422,13995000,0.0,0.0,0.0,XLU,Utilities Select Sector SPDR Fund
2022-03-24 00:00:00-04:00,63.89852535745166,64.50015398005661,63.772805267567776,64.4193344116211,13295700,0.0,0.0,0.0,XLU,Utilities Select Sector SPDR Fund
2022-03-25 00:00:00-04:00,64.652806145447,65.38014802230876,64.50015533069835,65.35321044921875,14461000,0.0,0.0,0.0,XLU,Utilities Select Sector SPDR Fund
2022-03-28 00:00:00-04:00,65.41607724290115,65.77526092529297,65.02995598323027,65.77526092529297,15479900,0.0,0.0,0.0,XLU,Utilities Select Sector SPDR Fund
2022-03-29 00:00:00-04:00,65.7483392100973,66.3858871459961,65.63160054591235,66.3858871459961,19057300,0.0,0.0,0.0,XLU,Utilities Select Sector SPDR Fund
2022-03-30 00:00:00-04:00,66.44872732714185,66.95158036869404,66.2511759605724,66.93362426757812,17614600,0.0,0.0,0.0,XLU,Utilities Select Sector SPDR Fund
2022-03-31 00:00:00-04:00,66.88871583319701,67.47238838793615,66.82585921043176,66.86177825927734,17850600,0.0,0.0,0.0,XLU,Utilities Select Sector SPDR Fund
2022-04-01 00:00:00-04:00,66.80791944886607,67.84057009041568,66.41281666580298,67.79566955566406,19006900,0.0,0.0,0.0,XLU,Utilities Select Sector SPDR Fund
2022-04-04 00:00:00-04:00,67.51730084784364,67.51730084784364,66.58342596533633,67.27484893798828,14195500,0.0,0.0,0.0,XLU,Utilities Select Sector SPDR Fund
2022-04-05 00:00:00-04:00,67.30178142884994,68.46912665645097,67.29280680387396,67.69688415527344,19070300,0.0,0.0,0.0,XLU,Utilities Select Sector SPDR Fund
2022-04-06 00:00:00-04:00,67.91240448216473,69.08873140840132,67.6071027545458,69.04383087158203,28244600,0.0,0.0,0.0,XLU,Utilities Select Sector SPDR Fund
2022-04-07 00:00:00-04:00,69.01687566333021,69.04381323819807,68.24463321311316,68.87319946289062,21016900,0.0,0.0,0.0,XLU,Utilities Select Sector SPDR Fund
2022-04-08 00:00:00-04:00,69.1246295145682,69.34911842889721,68.52299401751436,69.1066665649414,17194300,0.0,0.0,0.0,XLU,Utilities Select Sector SPDR Fund
2022-04-11 00:00:00-04:00,69.15156822854023,69.24136242558104,68.06504268737267,68.163818359375,23167900,0.0,0.0,0.0,XLU,Utilities Select Sector SPDR Fund
2022-04-12 00:00:00-04:00,67.97524698216485,68.78340852076798,67.73280194601323,68.42422485351562,22656900,0.0,0.0,0.0,XLU,Utilities Select Sector SPDR Fund
2022-04-13 00:00:00-04:00,68.43320487579544,68.61280013103668,67.84055766064557,68.28953552246094,17656500,0.0,0.0,0.0,XLU,Utilities Select Sector SPDR Fund
2022-04-14 00:00:00-04:00,68.42422275926218,68.78340641552103,68.22667825663531,68.32544708251953,14213500,0.0,0.0,0.0,XLU,Utilities Select Sector SPDR Fund
2022-04-18 00:00:00-04:00,68.40626851923025,68.79238976130654,67.63402603507771,67.95729064941406,14939000,0.0,0.0,0.0,XLU,Utilities Select Sector SPDR Fund
2022-04-19 00:00:00-04:00,68.15484043171107,68.5319801894266,67.95728907742432,68.39728546142578,16515200,0.0,0.0,0.0,XLU,Utilities Select Sector SPDR Fund
2022-04-20 00:00:00-04:00,69.12465435582166,69.29526133343914,68.74750763756204,68.95404052734375,18326200,0.0,0.0,0.0,XLU,Utilities Select Sector SPDR Fund
2022-04-21 00:00:00-04:00,68.7295325750646,68.92708393231578,67.75973873993617,67.81361389160156,18408500,0.0,0.0,0.0,XLU,Utilities Select Sector SPDR Fund
2022-04-22 00:00:00-04:00,67.72382440929762,67.79566251709807,66.62831724334747,66.6732177734375,27341700,0.0,0.0,0.0,XLU,Utilities Select Sector SPDR Fund
2022-04-25 00:00:00-04:00,66.90669321714047,66.94261227373504,65.11975611857326,66.21526336669922,29835900,0.0,0.0,0.0,XLU,Utilities Select Sector SPDR Fund
2022-04-26 00:00:00-04:00,65.98178774087326,66.79892386407082,65.52382841639297,65.55076599121094,20553100,0.0,0.0,0.0,XLU,Utilities Select Sector SPDR Fund
2022-04-27 00:00:00-04:00,65.59567969340844,66.20628996508943,65.0209884789863,65.23649597167969,24533900,0.0,0.0,0.0,XLU,Utilities Select Sector SPDR Fund
2022-04-28 00:00:00-04:00,65.5507626330821,66.19729179902511,65.20954195143793,65.96382141113281,19951300,0.0,0.0,0.0,XLU,Utilities Select Sector SPDR Fund
2022-04-29 00:00:00-04:00,65.67648915754863,65.79322094967145,63.88955896594266,63.98833465576172,27169100,0.0,0.0,0.0,XLU,Utilities Select Sector SPDR Fund
2022-05-02 00:00:00-04:00,64.29361782513887,64.58994480921129,62.533625719548894,63.33280563354492,32916100,0.0,0.0,0.0,XLU,Utilities Select Sector SPDR Fund
2022-05-03 00:00:00-04:00,63.56629394461373,64.61690062013257,63.27894835342415,63.57527542114258,21076400,0.0,0.0,0.0,XLU,Utilities Select Sector SPDR Fund
2022-05-04 00:00:00-04:00,63.97036482080256,65.11077244390023,63.70098221006964,64.99403381347656,28290100,0.0,0.0,0.0,XLU,Utilities Select Sector SPDR Fund
2022-05-05 00:00:00-04:00,64.56302211841903,65.10179421763455,63.754860544166256,64.32955169677734,27424600,0.0,0.0,0.0,XLU,Utilities Select Sector SPDR Fund
2022-05-06 00:00:00-04:00,63.952410599694254,65.04791772776566,63.93444764793572,64.84138488769531,27679900,0.0,0.0,0.0,XLU,Utilities Select Sector SPDR Fund
2022-05-09 00:00:00-04:00,64.44629293949822,65.0120095499221,63.817726539982736,64.35649871826172,25709700,0.0,0.0,0.0,XLU,Utilities Select Sector SPDR Fund
2022-05-10 00:00:00-04:00,64.44628682038088,65.32628654700731,62.82098896248288,63.57527542114258,32789200,0.0,0.0,0.0,XLU,Utilities Select Sector SPDR Fund
2022-05-11 00:00:00-04:00,63.53036538713374,65.10178785253989,63.47649023773732,64.03321838378906,36050900,0.0,0.0,0.0,XLU,Utilities Select Sector SPDR Fund
2022-05-12 00:00:00-04:00,63.96140926674293,64.12304162171833,62.71324411668474,63.38671112060547,24946000,0.0,0.0,0.0,XLU,Utilities Select Sector SPDR Fund
2022-05-13 00:00:00-04:00,63.94343220782394,64.2397592684025,63.11731450941627,64.14098358154297,15104400,0.0,0.0,0.0,XLU,Utilities Select Sector SPDR Fund
2022-05-16 00:00:00-04:00,64.16791770767804,64.61689558711956,63.89853509052839,64.33853149414062,11606800,0.0,0.0,0.0,XLU,Utilities Select Sector SPDR Fund
2022-05-17 00:00:00-04:00,64.64382995494412,65.01199508622331,63.64709856399123,65.00301361083984,14950900,0.0,0.0,0.0,XLU,Utilities Select Sector SPDR Fund
2022-05-18 00:00:00-04:00,65.11077413341044,65.24546886770129,64.2038368967681,64.37445068359375,18728300,0.0,0.0,0.0,XLU,Utilities Select Sector SPDR Fund
2022-05-19 00:00:00-04:00,64.07812141776846,64.5270992826066,63.33281651793109,64.23975372314453,18276100,0.0,0.0,0.0,XLU,Utilities Select Sector SPDR Fund
2022-05-20 00:00:00-04:00,64.41035978801759,64.59892964655685,63.53036026397663,64.4193344116211,15679000,0.0,0.0,0.0,XLU,Utilities Select Sector SPDR Fund
2022-05-23 00:00:00-04:00,65.15566267637,65.4879087479904,64.54505253311463,65.19158172607422,13541100,0.0,0.0,0.0,XLU,Utilities Select Sector SPDR Fund
2022-05-24 00:00:00-04:00,65.31731019826758,66.6193503627969,64.82343856415768,66.49363708496094,16155700,0.0,0.0,0.0,XLU,Utilities Select Sector SPDR Fund
2022-05-25 00:00:00-04:00,66.5654469730751,66.66422263834771,66.01769350232978,66.44871520996094,13861900,0.0,0.0,0.0,XLU,Utilities Select Sector SPDR Fund
2022-05-26 00:00:00-04:00,66.86180284245299,67.12221090418453,66.58343867512573,66.63731384277344,11645000,0.0,0.0,0.0,XLU,Utilities Select Sector SPDR Fund
2022-05-27 00:00:00-04:00,66.58343250625936,67.67893981933594,66.29608688732614,67.67893981933594,11620600,0.0,0.0,0.0,XLU,Utilities Select Sector SPDR Fund
2022-05-31 00:00:00-04:00,67.05036549973967,67.30179205594312,66.45771816738292,66.74506378173828,15520500,0.0,0.0,0.0,XLU,Utilities Select Sector SPDR Fund
2022-06-01 00:00:00-04:00,66.98751613420468,66.98751613420468,66.02670348961064,66.63731384277344,11211100,0.0,0.0,0.0,XLU,Utilities Select Sector SPDR Fund
2022-06-02 00:00:00-04:00,66.9605599365537,67.14912982176222,65.60464483716818,67.08627319335938,12519100,0.0,0.0,0.0,XLU,Utilities Select Sector SPDR Fund
2022-06-03 00:00:00-04:00,66.80790101064083,67.1760592607296,66.63728724670383,66.76300048828125,8845600,0.0,0.0,0.0,XLU,Utilities Select Sector SPDR Fund
2022-06-06 00:00:00-04:00,67.36464312341462,67.58015745450132,66.97852184379173,67.05934143066406,10172900,0.0,0.0,0.0,XLU,Utilities Select Sector SPDR Fund
2022-06-07 00:00:00-04:00,66.88872588702942,67.5262736854357,66.47566703950675,67.46341705322266,9910000,0.0,0.0,0.0,XLU,Utilities Select Sector SPDR Fund
2022-06-08 00:00:00-04:00,67.16710176006094,67.16710176006094,66.0446569235015,66.1434326171875,9985700,0.0,0.0,0.0,XLU,Utilities Select Sector SPDR Fund
2022-06-09 00:00:00-04:00,66.10749766676274,66.42178077526758,64.50913084905908,64.55403137207031,12883800,0.0,0.0,0.0,XLU,Utilities Select Sector SPDR Fund
2022-06-10 00:00:00-04:00,63.91649603541034,64.63486343730365,63.521393279283096,64.06016540527344,16400300,0.0,0.0,0.0,XLU,Utilities Select Sector SPDR Fund
2022-06-13 00:00:00-04:00,63.24301003777639,63.38667936418765,60.80955130486377,61.11485290527344,26360700,0.0,0.0,0.0,XLU,Utilities Select Sector SPDR Fund
2022-06-14 00:00:00-04:00,61.186704254838986,61.41119319233131,58.896914352073814,59.57038116455078,25671300,0.0,0.0,0.0,XLU,Utilities Select Sector SPDR Fund
2022-06-15 00:00:00-04:00,60.10018103596148,60.87242356005376,59.229162827332345,59.956504821777344,25832400,0.0,0.0,0.0,XLU,Utilities Select Sector SPDR Fund
2022-06-16 00:00:00-04:00,59.21120411546933,59.21120411546933,58.33120446953661,58.79814529418945,24377200,0.0,0.0,0.0,XLU,Utilities Select Sector SPDR Fund
2022-06-17 00:00:00-04:00,58.887940684558394,59.3009995141565,57.765495978848726,58.25039291381836,21564700,0.0,0.0,0.0,XLU,Utilities Select Sector SPDR Fund
2022-06-21 00:00:00-04:00,58.45405398840106,59.68504728118106,58.30922799834068,59.359195709228516,18633200,0.515,0.0,0.0,XLU,Utilities Select Sector SPDR Fund
2022-06-22 00:00:00-04:00,59.04238538182141,60.42725082582051,59.02427868393488,59.983726501464844,14291100,0.0,0.0,0.0,XLU,Utilities Select Sector SPDR Fund
2022-06-23 00:00:00-04:00,60.33674551273564,61.504372160538765,60.25527917353848,61.39575958251953,20570100,0.0,0.0,0.0,XLU,Utilities Select Sector SPDR Fund
2022-06-24 00:00:00-04:00,61.72161691125575,62.59055214524246,61.477224776447486,62.46383285522461,15037600,0.0,0.0,0.0,XLU,Utilities Select Sector SPDR Fund
2022-06-27 00:00:00-04:00,62.32804961855285,63.115525277521854,62.083657525291144,62.970699310302734,11638400,0.0,0.0,0.0,XLU,Utilities Select Sector SPDR Fund
2022-06-28 00:00:00-04:00,63.1788835275239,63.66765389197406,62.653899766380185,62.73535919189453,13185900,0.0,0.0,0.0,XLU,Utilities Select Sector SPDR Fund
2022-06-29 00:00:00-04:00,62.8349344959561,63.02501342227553,62.382363650714666,62.7806282043457,15164700,0.0,0.0,0.0,XLU,Utilities Select Sector SPDR Fund
2022-06-30 00:00:00-04:00,62.3914100639369,63.94825470337183,62.30994372989646,63.477577209472656,18868900,0.0,0.0,0.0,XLU,Utilities Select Sector SPDR Fund
2022-07-01 00:00:00-04:00,63.803438161006795,65.14305095039418,63.54999958331594,65.03443145751953,17127900,0.0,0.0,0.0,XLU,Utilities Select Sector SPDR Fund
2022-07-05 00:00:00-04:00,64.88961663737733,64.93486958312005,61.830232990997516,62.81684112548828,22026800,0.0,0.0,0.0,XLU,Utilities Select Sector SPDR Fund
2022-07-06 00:00:00-04:00,63.12457432874342,64.04782264369707,62.6267505836487,63.46853256225586,14259100,0.0,0.0,0.0,XLU,Utilities Select Sector SPDR Fund
2022-07-07 00:00:00-04:00,63.794393110638524,64.00257184442899,63.33276888793265,63.405181884765625,8399700,0.0,0.0,0.0,XLU,Utilities Select Sector SPDR Fund
2022-07-08 00:00:00-04:00,63.341824595244816,63.47759033725273,62.988812948973056,63.196998596191406,6282300,0.0,0.0,0.0,XLU,Utilities Select Sector SPDR Fund
2022-07-11 00:00:00-04:00,62.95259570846008,63.71291127331294,62.807769750003274,63.595245361328125,6616400,0.0,0.0,0.0,XLU,Utilities Select Sector SPDR Fund
2022-07-12 00:00:00-04:00,63.224146460645954,64.09308166529414,63.02501418143183,63.287506103515625,9570400,0.0,0.0,0.0,XLU,Utilities Select Sector SPDR Fund
2022-07-13 00:00:00-04:00,62.69916520625527,63.70387308874718,62.64485891174763,63.02501678466797,19079600,0.0,0.0,0.0,XLU,Utilities Select Sector SPDR Fund
2022-07-14 00:00:00-04:00,62.01126245688041,63.115536483091944,61.866436463948794,63.02501678466797,9462500,0.0,0.0,0.0,XLU,Utilities Select Sector SPDR Fund
2022-07-15 00:00:00-04:00,63.08837555178582,63.23320154270105,62.056514536406524,63.1426887512207,8742100,0.0,0.0,0.0,XLU,Utilities Select Sector SPDR Fund
2022-07-18 00:00:00-04:00,62.997852872475534,63.08836564974944,62.237537256555974,62.26469039916992,7711000,0.0,0.0,0.0,XLU,Utilities Select Sector SPDR Fund
2022-07-19 00:00:00-04:00,62.67200268173505,63.00690756101686,62.4547706305243,62.66295623779297,11357700,0.0,0.0,0.0,XLU,Utilities Select Sector SPDR Fund
2022-07-20 00:00:00-04:00,62.77156347017141,62.79871661105236,61.74875603145871,61.83021545410156,17042600,0.0,0.0,0.0,XLU,Utilities Select Sector SPDR Fund
2022-07-21 00:00:00-04:00,62.00219833842052,62.020298131551996,61.413854929255265,61.99314498901367,13014700,0.0,0.0,0.0,XLU,Utilities Select Sector SPDR Fund
2022-07-22 00:00:00-04:00,62.49098939843596,63.08837938303136,62.34616339872571,62.843994140625,9771500,0.0,0.0,0.0,XLU,Utilities Select Sector SPDR Fund
2022-07-25 00:00:00-04:00,62.74440893843133,63.64955044470165,62.57242984242184,63.63145065307617,8646000,0.0,0.0,0.0,XLU,Utilities Select Sector SPDR Fund
2022-07-26 00:00:00-04:00,63.57714853075325,64.21075183881332,63.50474244596932,64.0116195678711,8967200,0.0,0.0,0.0,XLU,Utilities Select Sector SPDR Fund
2022-07-27 00:00:00-04:00,63.71292090315368,64.23790472338518,63.53189533340349,64.06592559814453,10342100,0.0,0.0,0.0,XLU,Utilities Select Sector SPDR Fund
2022-07-28 00:00:00-04:00,65.1973565939271,66.50076287269373,65.1430503008729,66.364990234375,14857800,0.0,0.0,0.0,XLU,Utilities Select Sector SPDR Fund
2022-07-29 00:00:00-04:00,66.23827036485211,67.21582506533872,66.22921701419487,66.93522644042969,12273800,0.0,0.0,0.0,XLU,Utilities Select Sector SPDR Fund
2022-08-01 00:00:00-04:00,66.72705291224013,67.06195095012713,66.3016351720968,67.00764465332031,11574400,0.0,0.0,0.0,XLU,Utilities Select Sector SPDR Fund
2022-08-02 00:00:00-04:00,67.30632000248544,67.69553110931399,66.81754278188575,66.8718490600586,11458300,0.0,0.0,0.0,XLU,Utilities Select Sector SPDR Fund
2022-08-03 00:00:00-04:00,66.77230797233538,67.45116432665459,65.73140042025977,67.28823852539062,10980200,0.0,0.0,0.0,XLU,Utilities Select Sector SPDR Fund
2022-08-04 00:00:00-04:00,67.32444019743629,67.921837061117,67.10720811322669,67.43305969238281,8664100,0.0,0.0,0.0,XLU,Utilities Select Sector SPDR Fund
2022-08-05 00:00:00-04:00,67.2520269362393,67.55977178058494,66.55506400292032,67.18866729736328,11025100,0.0,0.0,0.0,XLU,Utilities Select Sector SPDR Fund
2022-08-08 00:00:00-04:00,67.76796948321737,68.0847677340962,66.97144027451178,67.28823852539062,8449500,0.0,0.0,0.0,XLU,Utilities Select Sector SPDR Fund
2022-08-09 00:00:00-04:00,67.49642132552536,68.16622429987676,67.45116147487738,68.03950500488281,8106800,0.0,0.0,0.0,XLU,Utilities Select Sector SPDR Fund
2022-08-10 00:00:00-04:00,68.34724915103482,68.4920682266774,67.84036512207857,68.33819580078125,7889300,0.0,0.0,0.0,XLU,Utilities Select Sector SPDR Fund
2022-08-11 00:00:00-04:00,68.43776683263204,69.01705698801116,68.13001505313997,68.32914733886719,8024100,0.0,0.0,0.0,XLU,Utilities Select Sector SPDR Fund
2022-08-12 00:00:00-04:00,68.79076365942034,69.45152008570194,68.65499103421918,69.44246673583984,7899400,0.0,0.0,0.0,XLU,Utilities Select Sector SPDR Fund
2022-08-15 00:00:00-04:00,69.30668119359493,70.0941567484497,69.17996194187317,70.02174377441406,7785500,0.0,0.0,0.0,XLU,Utilities Select Sector SPDR Fund
2022-08-16 00:00:00-04:00,69.86788156271824,70.47432477083503,69.79546857813293,70.22088623046875,7788800,0.0,0.0,0.0,XLU,Utilities Select Sector SPDR Fund
2022-08-17 00:00:00-04:00,69.93124586085885,70.41096983078073,69.8769326659571,70.10321807861328,10643000,0.0,0.0,0.0,XLU,Utilities Select Sector SPDR Fund
2022-08-18 00:00:00-04:00,70.16657513673965,70.58294635771098,70.12132219928277,70.36570739746094,8279500,0.0,0.0,0.0,XLU,Utilities Select Sector SPDR Fund
2022-08-19 00:00:00-04:00,70.27518438230875,70.64629570609374,70.01269252282995,70.3294906616211,8643300,0.0,0.0,0.0,XLU,Utilities Select Sector SPDR Fund
2022-08-22 00:00:00-04:00,69.9946215026699,70.12134081027389,69.18904580189405,69.37007141113281,13226500,0.0,0.0,0.0,XLU,Utilities Select Sector SPDR Fund
2022-08-23 00:00:00-04:00,69.24332695881299,69.39719936135782,68.67309028166822,68.95368194580078,7873500,0.0,0.0,0.0,XLU,Utilities Select Sector SPDR Fund
2022-08-24 00:00:00-04:00,68.86317648790879,69.2614341070478,68.69119736933901,69.1709213256836,7501100,0.0,0.0,0.0,XLU,Utilities Select Sector SPDR Fund
2022-08-25 00:00:00-04:00,69.33383687411074,69.59632873535156,68.80885315162912,69.59632873535156,7300900,0.0,0.0,0.0,XLU,Utilities Select Sector SPDR Fund
2022-08-26 00:00:00-04:00,69.62350287195287,69.85884166432773,68.46492251823607,68.52828216552734,8866200,0.0,0.0,0.0,XLU,Utilities Select Sector SPDR Fund
2022-08-29 00:00:00-04:00,68.1752826603721,69.24335030071508,67.77701804359482,68.7364730834961,11238700,0.0,0.0,0.0,XLU,Utilities Select Sector SPDR Fund
2022-08-30 00:00:00-04:00,68.7183438193119,68.7726570073858,67.47830433348142,67.73174285888672,10280300,0.0,0.0,0.0,XLU,Utilities Select Sector SPDR Fund
2022-08-31 00:00:00-04:00,67.76796948321737,68.1843338851844,67.26108537612728,67.28823852539062,11006400,0.0,0.0,0.0,XLU,Utilities Select Sector SPDR Fund
2022-09-01 00:00:00-04:00,67.0257435298058,68.35629598599735,67.0257435298058,68.2567367553711,14080000,0.0,0.0,0.0,XLU,Utilities Select Sector SPDR Fund
2022-09-02 00:00:00-04:00,68.42871660135677,69.07136643097591,67.32444253429603,67.52357482910156,12768400,0.0,0.0,0.0,XLU,Utilities Select Sector SPDR Fund
2022-09-06 00:00:00-04:00,67.90372773639962,68.63689721402464,67.5235698772952,67.69554901123047,16450200,0.0,0.0,0.0,XLU,Utilities Select Sector SPDR Fund
2022-09-07 00:00:00-04:00,68.02141394088343,69.91315716307929,67.94900093282348,69.81359100341797,15754900,0.0,0.0,0.0,XLU,Utilities Select Sector SPDR Fund
2022-09-08 00:00:00-04:00,69.55109169395297,70.22090158934598,69.38817280152547,69.75927734375,12575300,0.0,0.0,0.0,XLU,Utilities Select Sector SPDR Fund
2022-09-09 00:00:00-04:00,70.17562858094963,70.43812047900983,69.56013200411117,70.03985595703125,10590700,0.0,0.0,0.0,XLU,Utilities Select Sector SPDR Fund
2022-09-12 00:00:00-04:00,70.22994012599028,70.8001838080021,70.01270805486736,70.70967102050781,11340300,0.0,0.0,0.0,XLU,Utilities Select Sector SPDR Fund
2022-09-13 00:00:00-04:00,69.99460653670477,70.28425159296664,68.49206805968932,68.82697296142578,17578100,0.0,0.0,0.0,XLU,Utilities Select Sector SPDR Fund
2022-09-14 00:00:00-04:00,68.85411598196592,69.77735730501918,68.78170300212751,69.38815307617188,11148700,0.0,0.0,0.0,XLU,Utilities Select Sector SPDR Fund
2022-09-15 00:00:00-04:00,68.83602683931545,68.83602683931545,67.48736077748289,67.65933990478516,18055000,0.0,0.0,0.0,XLU,Utilities Select Sector SPDR Fund
2022-09-16 00:00:00-04:00,67.41495239784435,67.93088285650997,67.28822621499344,67.40589904785156,16111200,0.0,0.0,0.0,XLU,Utilities Select Sector SPDR Fund
2022-09-19 00:00:00-04:00,67.19721432374965,68.31808225959492,67.0149626532254,68.30896759033203,10731400,0.501,0.0,0.0,XLU,Utilities Select Sector SPDR Fund
2022-09-20 00:00:00-04:00,67.86245109090528,67.86245109090528,66.82360119758513,67.31568908691406,11704200,0.0,0.0,0.0,XLU,Utilities Select Sector SPDR Fund
2022-09-21 00:00:00-04:00,67.75309562952134,68.20873178970972,66.36796476162932,66.39530181884766,15230600,0.0,0.0,0.0,XLU,Utilities Select Sector SPDR Fund
2022-09-22 00:00:00-04:00,66.34062961247072,66.60489247481927,65.81208998286111,66.15837097167969,17350400,0.0,0.0,0.0,XLU,Utilities Select Sector SPDR Fund
2022-09-23 00:00:00-04:00,65.51136144910097,65.6024872835442,64.55452280630819,65.39289855957031,16210300,0.0,0.0,0.0,XLU,Utilities Select Sector SPDR Fund
2022-09-26 00:00:00-04:00,65.22885008429377,65.31086122542588,63.17848812654949,63.816375732421875,17969500,0.0,0.0,0.0,XLU,Utilities Select Sector SPDR Fund
2022-09-27 00:00:00-04:00,64.23557470202367,64.33581519908202,62.431259659883565,62.7410888671875,19143000,0.0,0.0,0.0,XLU,Utilities Select Sector SPDR Fund
2022-09-28 00:00:00-04:00,63.47012449246146,63.807290833237026,62.64086326550775,63.415443420410156,22941300,0.0,0.0,0.0,XLU,Utilities Select Sector SPDR Fund
2022-09-29 00:00:00-04:00,63.08738152100373,63.233181467100614,60.745412094535396,60.872989654541016,20331000,0.0,0.0,0.0,XLU,Utilities Select Sector SPDR Fund
2022-09-30 00:00:00-04:00,61.1645937421591,61.40151951294392,59.56986736151649,59.697444915771484,22776500,0.0,0.0,0.0,XLU,Utilities Select Sector SPDR Fund
2022-10-03 00:00:00-04:00,60.67250256781226,61.78425572431817,60.25331820514616,61.44708251953125,25447000,0.0,0.0,0.0,XLU,Utilities Select Sector SPDR Fund
2022-10-04 00:00:00-04:00,61.87537796858228,62.8048724663455,61.49264534905945,62.75019836425781,16996500,0.0,0.0,0.0,XLU,Utilities Select Sector SPDR Fund
2022-10-05 00:00:00-04:00,61.948289185276636,61.948289185276636,60.672506674210766,61.355960845947266,17205700,0.0,0.0,0.0,XLU,Utilities Select Sector SPDR Fund
2022-10-06 00:00:00-04:00,61.09169493951824,61.191935447259674,59.26915036597338,59.33293914794922,25671000,0.0,0.0,0.0,XLU,Utilities Select Sector SPDR Fund
2022-10-07 00:00:00-04:00,59.15979404646926,59.37850439684014,57.70175980627503,58.102718353271484,21083400,0.0,0.0,0.0,XLU,Utilities Select Sector SPDR Fund
2022-10-10 00:00:00-04:00,58.22118683120889,58.89552638814746,58.120946321770674,58.20296096801758,16517800,0.0,0.0,0.0,XLU,Utilities Select Sector SPDR Fund
2022-10-11 00:00:00-04:00,57.98425123427045,58.749720023628825,57.683529738774006,57.99336242675781,17160000,0.0,0.0,0.0,XLU,Utilities Select Sector SPDR Fund
2022-10-12 00:00:00-04:00,57.902232540071275,58.01158422339576,56.02501068249314,56.06146240234375,20916500,0.0,0.0,0.0,XLU,Utilities Select Sector SPDR Fund
2022-10-13 00:00:00-04:00,55.213984954424966,57.69264655036004,54.995278088101635,57.46482849121094,30714900,0.0,0.0,0.0,XLU,Utilities Select Sector SPDR Fund
2022-10-14 00:00:00-04:00,58.05715689161792,58.47634131166194,56.35307867884564,56.63557434082031,19652900,0.0,0.0,0.0,XLU,Utilities Select Sector SPDR Fund
2022-10-17 00:00:00-04:00,57.41015155560587,58.36699019584817,57.41015155560587,57.82022476196289,14123700,0.0,0.0,0.0,XLU,Utilities Select Sector SPDR Fund
2022-10-18 00:00:00-04:00,58.96842609639322,59.19624415747609,58.29408658227549,58.87730026245117,16041900,0.0,0.0,0.0,XLU,Utilities Select Sector SPDR Fund
2022-10-19 00:00:00-04:00,58.1118278503418,58.50367169308238,57.610628842149055,58.1118278503418,12843400,0.0,0.0,0.0,XLU,Utilities Select Sector SPDR Fund
2022-10-20 00:00:00-04:00,58.130058602779,58.130058602779,56.3713028537108,56.644683837890625,15518500,0.0,0.0,0.0,XLU,Utilities Select Sector SPDR Fund
2022-10-21 00:00:00-04:00,56.85427376891519,58.120941610088614,56.46242643263781,57.69264602661133,15543600,0.0,0.0,0.0,XLU,Utilities Select Sector SPDR Fund
2022-10-24 00:00:00-04:00,58.00248055530665,58.6312536850402,57.5468444267535,58.175621032714844,10030500,0.0,0.0,0.0,XLU,Utilities Select Sector SPDR Fund
2022-10-25 00:00:00-04:00,58.366995165295826,59.49697090098984,58.230302926129404,59.34205627441406,14201800,0.0,0.0,0.0,XLU,Utilities Select Sector SPDR Fund
2022-10-26 00:00:00-04:00,59.66099278487717,59.96171428318874,59.05954978825404,59.31470489501953,13534400,0.0,0.0,0.0,XLU,Utilities Select Sector SPDR Fund
2022-10-27 00:00:00-04:00,59.743007824246504,60.46291375217657,59.61543026258352,59.78857421875,12257300,0.0,0.0,0.0,XLU,Utilities Select Sector SPDR Fund
2022-10-28 00:00:00-04:00,60.034614920519815,61.55644490227754,59.952603753021776,61.42886734008789,13592900,0.0,0.0,0.0,XLU,Utilities Select Sector SPDR Fund
2022-10-31 00:00:00-04:00,61.27395129533655,61.52910644272591,60.49025651266561,60.854766845703125,10894800,0.0,0.0,0.0,XLU,Utilities Select Sector SPDR Fund
2022-11-01 00:00:00-04:00,61.21926761724562,61.44708567075539,60.608716902428675,61.09169006347656,10739500,0.0,0.0,0.0,XLU,Utilities Select Sector SPDR Fund
2022-11-02 00:00:00-04:00,60.89122180175354,62.15788988804419,60.4720373299015,60.49937438964844,21340200,0.0,0.0,0.0,XLU,Utilities Select Sector SPDR Fund
2022-11-03 00:00:00-04:00,59.92526869116622,61.301284865205766,59.59721010534668,60.76363754272461,14328200,0.0,0.0,0.0,XLU,Utilities Select Sector SPDR Fund
2022-11-04 00:00:00-04:00,60.89122375364291,61.38331170223197,60.07107717266115,61.137264251708984,12149200,0.0,0.0,0.0,XLU,Utilities Select Sector SPDR Fund
2022-11-07 00:00:00-05:00,61.01879744733504,61.11903796486637,59.023108719610356,59.97083282470703,14296400,0.0,0.0,0.0,XLU,Utilities Select Sector SPDR Fund
2022-11-08 00:00:00-05:00,60.052836953487244,60.76362812848653,59.86147063348396,60.3900032043457,12413900,0.0,0.0,0.0,XLU,Utilities Select Sector SPDR Fund
2022-11-09 00:00:00-05:00,60.14397102617039,60.60872183987843,59.79769005950986,59.91615295410156,12890900,0.0,0.0,0.0,XLU,Utilities Select Sector SPDR Fund
2022-11-10 00:00:00-05:00,61.72046846434625,62.850444032829806,60.80919627469224,62.7410888671875,17915200,0.0,0.0,0.0,XLU,Utilities Select Sector SPDR Fund
2022-11-11 00:00:00-05:00,62.741101565204204,62.90513087063761,61.447096462594224,62.039424896240234,15312000,0.0,0.0,0.0,XLU,Utilities Select Sector SPDR Fund
2022-11-14 00:00:00-05:00,62.0758602211899,62.413026460928585,61.27393629434193,61.301273345947266,10245300,0.0,0.0,0.0,XLU,Utilities Select Sector SPDR Fund
2022-11-15 00:00:00-05:00,61.94828321793211,62.40391928853267,61.22837739208866,61.97562026977539,13620800,0.0,0.0,0.0,XLU,Utilities Select Sector SPDR Fund
2022-11-16 00:00:00-05:00,62.00296600025069,62.85044948828923,62.00296600025069,62.5315055847168,13231100,0.0,0.0,0.0,XLU,Utilities Select Sector SPDR Fund
2022-11-17 00:00:00-05:00,61.84804970373803,62.021186702429915,61.13725151334883,61.43797302246094,11623600,0.0,0.0,0.0,XLU,Utilities Select Sector SPDR Fund
2022-11-18 00:00:00-05:00,62.01207528693733,62.80487764236508,61.98473128118546,62.7410888671875,11741500,0.0,0.0,0.0,XLU,Utilities Select Sector SPDR Fund
2022-11-21 00:00:00-05:00,62.64085047153039,63.20584175095336,62.59529103199236,63.023590087890625,11438200,0.0,0.0,0.0,XLU,Utilities Select Sector SPDR Fund
2022-11-22 00:00:00-05:00,63.324316012786575,63.95309618248614,63.160286705580454,63.561248779296875,7452400,0.0,0.0,0.0,XLU,Utilities Select Sector SPDR Fund
2022-11-23 00:00:00-05:00,63.37898321455403,64.2993631151546,63.37898321455403,64.27202606201172,7166700,0.0,0.0,0.0,XLU,Utilities Select Sector SPDR Fund
2022-11-25 00:00:00-05:00,64.5089681623333,64.84614142254723,64.4634017654955,64.64566040039062,4491500,0.0,0.0,0.0,XLU,Utilities Select Sector SPDR Fund
2022-11-28 00:00:00-05:00,64.19913019172691,64.44517760394719,63.707049272198006,63.98042678833008,9131300,0.0,0.0,0.0,XLU,Utilities Select Sector SPDR Fund
2022-11-29 00:00:00-05:00,63.588583898261206,63.6432580148429,63.1329477201969,63.50657272338867,9502200,0.0,0.0,0.0,XLU,Utilities Select Sector SPDR Fund
2022-11-30 00:00:00-05:00,63.388096701641,65.2288705753408,63.324307921015105,65.09217834472656,16473200,0.0,0.0,0.0,XLU,Utilities Select Sector SPDR Fund
2022-12-01 00:00:00-05:00,65.73006033031425,66.07634821086585,64.87346920240061,65.0374984741211,15353100,0.0,0.0,0.0,XLU,Utilities Select Sector SPDR Fund
2022-12-02 00:00:00-05:00,64.3449360742241,64.90081271972797,64.08066627943899,64.72766876220703,10354100,0.0,0.0,0.0,XLU,Utilities Select Sector SPDR Fund
2022-12-05 00:00:00-05:00,64.23558922987328,64.6092142493108,64.1171263213099,64.36316680908203,11451500,0.0,0.0,0.0,XLU,Utilities Select Sector SPDR Fund
2022-12-06 00:00:00-05:00,64.27203413354205,64.80057373553062,64.02599367190234,64.76412200927734,12824800,0.0,0.0,0.0,XLU,Utilities Select Sector SPDR Fund
2022-12-07 00:00:00-05:00,64.81879744206857,65.25621121355717,64.22647599764764,64.4634017944336,14148900,0.0,0.0,0.0,XLU,Utilities Select Sector SPDR Fund
2022-12-08 00:00:00-05:00,64.47252145392262,65.11952401513717,64.23558868634404,64.8825912475586,9960000,0.0,0.0,0.0,XLU,Utilities Select Sector SPDR Fund
2022-12-09 00:00:00-05:00,64.65475836824199,65.11039445808852,64.48162138176968,64.54541015625,11918600,0.0,0.0,0.0,XLU,Utilities Select Sector SPDR Fund
2022-12-12 00:00:00-05:00,64.89169190991394,66.03989681767008,64.6456514773366,66.02166748046875,11381900,0.0,0.0,0.0,XLU,Utilities Select Sector SPDR Fund
2022-12-13 00:00:00-05:00,66.95118100400879,67.24278787937884,65.5022543449358,66.22216033935547,13694200,0.0,0.0,0.0,XLU,Utilities Select Sector SPDR Fund
2022-12-14 00:00:00-05:00,66.44995825869523,67.15164165212457,65.6571560004116,66.14012908935547,13318700,0.0,0.0,0.0,XLU,Utilities Select Sector SPDR Fund
2022-12-15 00:00:00-05:00,65.88499530375,65.99434353886295,65.02839704893071,65.33822631835938,13154000,0.0,0.0,0.0,XLU,Utilities Select Sector SPDR Fund
2022-12-16 00:00:00-05:00,64.84615175855623,64.84615175855623,63.424561989607305,64.22648620605469,19631700,0.0,0.0,0.0,XLU,Utilities Select Sector SPDR Fund
2022-12-19 00:00:00-05:00,63.89758399630953,64.58663052246955,63.557651853373514,63.97107696533203,9832300,0.572,0.0,0.0,XLU,Utilities Select Sector SPDR Fund
2022-12-20 00:00:00-05:00,63.93430481923287,64.33854755081003,63.520879850549896,63.98943328857422,7982000,0.0,0.0,0.0,XLU,Utilities Select Sector SPDR Fund
2022-12-21 00:00:00-05:00,64.37530413861424,64.90816833781098,64.1639935046769,64.88060760498047,8242400,0.0,0.0,0.0,XLU,Utilities Select Sector SPDR Fund
2022-12-22 00:00:00-05:00,64.77954274025515,64.77954274025515,63.41982159699146,64.48554992675781,7051900,0.0,0.0,0.0,XLU,Utilities Select Sector SPDR Fund
2022-12-23 00:00:00-05:00,64.3661164880715,65.19297354021049,64.35693424979488,65.14704132080078,5674700,0.0,0.0,0.0,XLU,Utilities Select Sector SPDR Fund
2022-12-27 00:00:00-05:00,65.29401150343236,65.68906490139476,64.88058662597066,65.55125427246094,6105700,0.0,0.0,0.0,XLU,Utilities Select Sector SPDR Fund
2022-12-28 00:00:00-05:00,65.69827980731566,65.97389416349746,64.82548348938371,64.92654418945312,7215600,0.0,0.0,0.0,XLU,Utilities Select Sector SPDR Fund
2022-12-29 00:00:00-05:00,65.24808828641004,65.76258095993616,65.20215607173154,65.39508819580078,5777600,0.0,0.0,0.0,XLU,Utilities Select Sector SPDR Fund
2022-12-30 00:00:00-05:00,65.33078013552709,65.4410300720384,64.16399108780983,64.77035522460938,7350100,0.0,0.0,0.0,XLU,Utilities Select Sector SPDR Fund
2023-01-03 00:00:00-05:00,64.95409810945313,65.17459798247573,63.88837676054422,64.77035522460938,12887100,0.0,0.0,0.0,XLU,Utilities Select Sector SPDR Fund
2023-01-04 00:00:00-05:00,65.06434459657474,65.94632301388177,64.96328391246588,65.35833740234375,10436300,0.0,0.0,0.0,XLU,Utilities Select Sector SPDR Fund
2023-01-05 00:00:00-05:00,64.86222512516434,65.11028572408259,63.75056457679937,63.94349670410156,9786400,0.0,0.0,0.0,XLU,Utilities Select Sector SPDR Fund
2023-01-06 00:00:00-05:00,64.66929614447176,65.54208538321201,64.57742469976361,65.22972106933594,9810200,0.0,0.0,0.0,XLU,Utilities Select Sector SPDR Fund
2023-01-09 00:00:00-05:00,65.22052574960044,66.16681485973822,65.02759363087402,65.67070770263672,11719400,0.0,0.0,0.0,XLU,Utilities Select Sector SPDR Fund
2023-01-10 00:00:00-05:00,65.49615477263876,65.7258368947159,64.91735834836751,65.6890869140625,8607500,0.0,0.0,0.0,XLU,Utilities Select Sector SPDR Fund
2023-01-11 00:00:00-05:00,65.68908254627861,66.31381815716233,65.67989329939074,66.2219467163086,10685900,0.0,0.0,0.0,XLU,Utilities Select Sector SPDR Fund
2023-01-12 00:00:00-05:00,66.30463084820201,66.39650229174093,65.71664519834268,65.77176666259766,12898900,0.0,0.0,0.0,XLU,Utilities Select Sector SPDR Fund
2023-01-13 00:00:00-05:00,65.49615559749707,65.75339845596844,65.04598059517215,65.53290557861328,11896800,0.0,0.0,0.0,XLU,Utilities Select Sector SPDR Fund
2023-01-17 00:00:00-05:00,65.57884371901268,66.04739725887175,65.33079008575953,65.4410400390625,9765200,0.0,0.0,0.0,XLU,Utilities Select Sector SPDR Fund
2023-01-18 00:00:00-05:00,65.7258264800361,65.7258264800361,63.78730911612819,63.869991302490234,14510200,0.0,0.0,0.0,XLU,Utilities Select Sector SPDR Fund
2023-01-19 00:00:00-05:00,63.84244463633369,63.90675535411694,63.070716022934704,63.226898193359375,14197000,0.0,0.0,0.0,XLU,Utilities Select Sector SPDR Fund
2023-01-20 00:00:00-05:00,63.190137052861786,63.63112976075345,62.326530129967146,63.60356903076172,13310500,0.0,0.0,0.0,XLU,Utilities Select Sector SPDR Fund
2023-01-23 00:00:00-05:00,63.383076871008974,64.23749465124163,63.107462528272656,63.6219482421875,9826300,0.0,0.0,0.0,XLU,Utilities Select Sector SPDR Fund
2023-01-24 00:00:00-05:00,63.68625386769864,64.13642883140376,62.868586133700084,63.94349670410156,10329400,0.0,0.0,0.0,XLU,Utilities Select Sector SPDR Fund
2023-01-25 00:00:00-05:00,63.00640268613084,63.226895565173415,62.43678848848342,63.07990264892578,12991500,0.0,0.0,0.0,XLU,Utilities Select Sector SPDR Fund
2023-01-26 00:00:00-05:00,62.749163686616065,63.39227087728624,62.62972448738969,63.29121017456055,10180000,0.0,0.0,0.0,XLU,Utilities Select Sector SPDR Fund
2023-01-27 00:00:00-05:00,63.15339948817617,63.56683154732929,62.90534586015844,63.29121017456055,7712900,0.0,0.0,0.0,XLU,Utilities Select Sector SPDR Fund
2023-01-30 00:00:00-05:00,63.061522528015935,63.723008157434755,62.9604618341135,63.00640106201172,7780500,0.0,0.0,0.0,XLU,Utilities Select Sector SPDR Fund
2023-01-31 00:00:00-05:00,63.180948448526905,63.493319746737576,62.43678069382186,63.47494125366211,9721200,0.0,0.0,0.0,XLU,Utilities Select Sector SPDR Fund
2023-02-01 00:00:00-05:00,63.17177243523809,64.03537244265316,62.72159043197334,63.58519744873047,15472300,0.0,0.0,0.0,XLU,Utilities Select Sector SPDR Fund
2023-02-02 00:00:00-05:00,63.621954127055815,64.43043275361023,63.12583985303056,63.72301483154297,12498500,0.0,0.0,0.0,XLU,Utilities Select Sector SPDR Fund
2023-02-03 00:00:00-05:00,63.15338546365765,63.40144604593106,61.55480008088888,62.390846252441406,12681100,0.0,0.0,0.0,XLU,Utilities Select Sector SPDR Fund
2023-02-06 00:00:00-05:00,62.16116304251408,62.97883070691382,62.050913118007905,62.923702239990234,15707100,0.0,0.0,0.0,XLU,Utilities Select Sector SPDR Fund
2023-02-07 00:00:00-05:00,62.63890203871175,63.098266234651454,62.02335569839447,62.89614486694336,10562200,0.0,0.0,0.0,XLU,Utilities Select Sector SPDR Fund
2023-02-08 00:00:00-05:00,62.52865740575237,62.55621813834908,61.527246738248145,61.8396110534668,11235700,0.0,0.0,0.0,XLU,Utilities Select Sector SPDR Fund
2023-02-09 00:00:00-05:00,61.98661323130563,62.32653829150462,60.8933240695274,60.994384765625,10357600,0.0,0.0,0.0,XLU,Utilities Select Sector SPDR Fund
2023-02-10 00:00:00-05:00,61.0586968884833,62.262229012417926,60.98519692429156,62.20710754394531,15481700,0.0,0.0,0.0,XLU,Utilities Select Sector SPDR Fund
2023-02-13 00:00:00-05:00,62.23466470554424,62.73996816867707,62.23466470554424,62.58378601074219,8091900,0.0,0.0,0.0,XLU,Utilities Select Sector SPDR Fund
2023-02-14 00:00:00-05:00,62.51947367492739,62.951270157535234,61.98660949297499,62.317352294921875,7075200,0.0,0.0,0.0,XLU,Utilities Select Sector SPDR Fund
2023-02-15 00:00:00-05:00,61.95904508080677,62.76752354346522,61.95904508080677,62.72158432006836,5510000,0.0,0.0,0.0,XLU,Utilities Select Sector SPDR Fund
2023-02-16 00:00:00-05:00,62.10603623632797,62.537839690514154,61.58236134726712,62.24384689331055,9199800,0.0,0.0,0.0,XLU,Utilities Select Sector SPDR Fund
2023-02-17 00:00:00-05:00,62.262224519612516,63.20852071927664,61.93148872330015,62.914527893066406,10936600,0.0,0.0,0.0,XLU,Utilities Select Sector SPDR Fund
2023-02-21 00:00:00-05:00,62.455170066814496,62.62972372539112,61.69262368619563,61.738555908203125,8484500,0.0,0.0,0.0,XLU,Utilities Select Sector SPDR Fund
2023-02-22 00:00:00-05:00,61.72936931669393,62.20710504607242,61.334315786704344,61.49968719482422,13375100,0.0,0.0,0.0,XLU,Utilities Select Sector SPDR Fund
2023-02-23 00:00:00-05:00,61.77530606604191,61.77530606604191,60.91170599082828,61.178131103515625,10703300,0.0,0.0,0.0,XLU,Utilities Select Sector SPDR Fund
2023-02-24 00:00:00-05:00,60.64527457745375,61.41700320806793,60.397213939511545,61.196510314941406,11575200,0.0,0.0,0.0,XLU,Utilities Select Sector SPDR Fund
2023-02-27 00:00:00-05:00,61.49969202439874,62.0876777418124,60.6544564224418,60.783084869384766,10860300,0.0,0.0,0.0,XLU,Utilities Select Sector SPDR Fund
2023-02-28 00:00:00-05:00,60.50745317868602,60.801445987254674,59.71734619140625,59.71734619140625,20575900,0.0,0.0,0.0,XLU,Utilities Select Sector SPDR Fund
2023-03-01 00:00:00-05:00,59.40498114520005,59.46010260568812,58.4586885189968,58.73430633544922,23638000,0.0,0.0,0.0,XLU,Utilities Select Sector SPDR Fund
2023-03-02 00:00:00-05:00,58.65162388008937,59.88272013261125,58.568938180118835,59.845970153808594,15344300,0.0,0.0,0.0,XLU,Utilities Select Sector SPDR Fund
2023-03-03 00:00:00-05:00,60.08484677563395,60.90251459994239,59.49686108195917,60.86576461791992,15087600,0.0,0.0,0.0,XLU,Utilities Select Sector SPDR Fund
2023-03-06 00:00:00-05:00,60.90249385610464,61.343479471486596,60.819804672383036,61.15973663330078,12121600,0.0,0.0,0.0,XLU,Utilities Select Sector SPDR Fund
2023-03-07 00:00:00-05:00,61.214872537151926,61.37106169676376,59.86434763798169,60.15834045410156,12027600,0.0,0.0,0.0,XLU,Utilities Select Sector SPDR Fund
2023-03-08 00:00:00-05:00,60.13996357893691,60.73713847413002,59.9102814661197,60.617706298828125,13703700,0.0,0.0,0.0,XLU,Utilities Select Sector SPDR Fund
2023-03-09 00:00:00-05:00,60.78307883243007,61.34349674954659,59.928661076464046,60.130775451660156,17033600,0.0,0.0,0.0,XLU,Utilities Select Sector SPDR Fund
2023-03-10 00:00:00-05:00,60.424760633226654,60.424760633226654,58.88129672133217,59.184478759765625,20833200,0.0,0.0,0.0,XLU,Utilities Select Sector SPDR Fund
2023-03-13 00:00:00-04:00,59.110982348335476,61.416992612772304,59.02830015618038,60.09402847290039,33835600,0.0,0.0,0.0,XLU,Utilities Select Sector SPDR Fund
2023-03-14 00:00:00-04:00,60.54419975186046,61.380238906676745,60.28695693499391,60.884124755859375,17559200,0.0,0.0,0.0,XLU,Utilities Select Sector SPDR Fund
2023-03-15 00:00:00-04:00,60.709580217530075,62.106044436289366,60.415587381510115,61.71099090576172,24168400,0.0,0.0,0.0,XLU,Utilities Select Sector SPDR Fund
2023-03-16 00:00:00-04:00,61.48129849651075,62.48271602652704,61.242434176134076,62.124412536621094,15823400,0.0,0.0,0.0,XLU,Utilities Select Sector SPDR Fund
2023-03-17 00:00:00-04:00,61.97742338214348,62.10604481059351,61.06788413543477,61.52724838256836,17907300,0.0,0.0,0.0,XLU,Utilities Select Sector SPDR Fund
2023-03-20 00:00:00-04:00,61.61979463628976,62.21211409968595,61.60128068124333,62.00850296020508,19419000,0.49,0.0,0.0,XLU,Utilities Select Sector SPDR Fund
2023-03-21 00:00:00-04:00,62.110308189265965,62.18434988703561,59.94463442603599,60.75907897949219,25932500,0.0,0.0,0.0,XLU,Utilities Select Sector SPDR Fund
2023-03-22 00:00:00-04:00,60.67578670118537,60.99971739782774,59.53742548723279,59.565189361572266,17896600,0.0,0.0,0.0,XLU,Utilities Select Sector SPDR Fund
2023-03-23 00:00:00-04:00,59.58369011249438,60.15750268001943,58.65819360176579,58.95435333251953,16884500,0.0,0.0,0.0,XLU,Utilities Select Sector SPDR Fund
2023-03-24 00:00:00-04:00,59.01913868247667,60.81460751063492,58.96360740842961,60.79610061645508,18056000,0.0,0.0,0.0,XLU,Utilities Select Sector SPDR Fund
2023-03-27 00:00:00-04:00,60.98119498925997,61.416181122973455,60.70354216233506,60.87013244628906,14136900,0.0,0.0,0.0,XLU,Utilities Select Sector SPDR Fund
2023-03-28 00:00:00-04:00,60.722057469985984,61.68457834750486,60.722057469985984,61.03672409057617,11019400,0.0,0.0,0.0,XLU,Utilities Select Sector SPDR Fund
2023-03-29 00:00:00-04:00,61.36065725446773,62.02701137133271,61.36065725446773,61.92521286010742,9903900,0.0,0.0,0.0,XLU,Utilities Select Sector SPDR Fund
2023-03-30 00:00:00-04:00,62.07329485263979,62.49902407483061,61.8419198148618,62.193607330322266,10292800,0.0,0.0,0.0,XLU,Utilities Select Sector SPDR Fund
2023-03-31 00:00:00-04:00,62.39720578250346,62.674858595679204,62.0362613619776,62.6470947265625,11722000,0.0,0.0,0.0,XLU,Utilities Select Sector SPDR Fund
2023-04-03 00:00:00-04:00,62.41572103117877,62.684116873217285,61.86967237020261,62.22136688232422,12035700,0.0,0.0,0.0,XLU,Utilities Select Sector SPDR Fund
2023-04-04 00:00:00-04:00,62.184353764935516,62.6471038133461,62.017763465067496,62.536041259765625,10806900,0.0,0.0,0.0,XLU,Utilities Select Sector SPDR Fund
2023-04-05 00:00:00-04:00,62.80444079327363,64.33151745417577,62.79518381468473,64.15567016601562,18837200,0.0,0.0,0.0,XLU,Utilities Select Sector SPDR Fund
2023-04-06 00:00:00-04:00,64.67393082908356,64.74797251613555,63.95204203283653,64.60914611816406,16675200,0.0,0.0,0.0,XLU,Utilities Select Sector SPDR Fund
2023-04-10 00:00:00-04:00,64.238966423458,64.498105326107,63.60036908406906,64.4795913696289,10231500,0.0,0.0,0.0,XLU,Utilities Select Sector SPDR Fund
2023-04-11 00:00:00-04:00,64.38703471375386,64.72021527861455,64.22044443132353,64.53511810302734,8637000,0.0,0.0,0.0,XLU,Utilities Select Sector SPDR Fund
2023-04-12 00:00:00-04:00,64.65544940237817,64.93310230767476,64.23897710543996,64.47035217285156,12554600,0.0,0.0,0.0,XLU,Utilities Select Sector SPDR Fund
2023-04-13 00:00:00-04:00,64.18343161502928,64.65543865114309,63.257931499279735,64.4795913696289,16446200,0.0,0.0,0.0,XLU,Utilities Select Sector SPDR Fund
2023-04-14 00:00:00-04:00,64.00759085709663,64.13716030733322,63.4615421216663,63.7577018737793,9064700,0.0,0.0,0.0,XLU,Utilities Select Sector SPDR Fund
2023-04-17 00:00:00-04:00,63.86877291207201,64.22046045785491,63.47080753034113,64.1093978881836,7806900,0.0,0.0,0.0,XLU,Utilities Select Sector SPDR Fund
2023-04-18 00:00:00-04:00,64.13716290616337,64.2667323616501,63.53558639940024,63.77621841430664,7783100,0.0,0.0,0.0,XLU,Utilities Select Sector SPDR Fund
2023-04-19 00:00:00-04:00,63.93355065065367,64.46108544211222,63.8410020498901,64.26673126220703,10317300,0.0,0.0,0.0,XLU,Utilities Select Sector SPDR Fund
2023-04-20 00:00:00-04:00,64.32224878552829,64.4980960417296,63.86875577117201,64.24820709228516,7368700,0.0,0.0,0.0,XLU,Utilities Select Sector SPDR Fund
2023-04-21 00:00:00-04:00,64.66468645852574,64.88680447772292,64.05385307947782,64.43331146240234,7037800,0.0,0.0,0.0,XLU,Utilities Select Sector SPDR Fund
2023-04-24 00:00:00-04:00,64.41480273142045,64.86829578351107,64.02609440105707,64.75724029541016,6789500,0.0,0.0,0.0,XLU,Utilities Select Sector SPDR Fund
2023-04-25 00:00:00-04:00,64.5166118260093,65.04414660631184,64.49810493065021,64.69245910644531,10251600,0.0,0.0,0.0,XLU,Utilities Select Sector SPDR Fund
2023-04-26 00:00:00-04:00,64.19267775465678,64.39628887550384,63.10058752002606,63.17462921142578,14756900,0.0,0.0,0.0,XLU,Utilities Select Sector SPDR Fund
2023-04-27 00:00:00-04:00,63.359731594856484,63.989071901554354,63.30420385223768,63.93354415893555,12466700,0.0,0.0,0.0,XLU,Utilities Select Sector SPDR Fund
2023-04-28 00:00:00-04:00,63.74844775421613,64.22045480753252,63.44303807125215,63.84100341796875,12123400,0.0,0.0,0.0,XLU,Utilities Select Sector SPDR Fund
2023-05-01 00:00:00-04:00,63.692906583186975,64.57212871551798,63.63737884544102,63.95204544067383,10508100,0.0,0.0,0.0,XLU,Utilities Select Sector SPDR Fund
2023-05-02 00:00:00-04:00,63.89651805006223,64.06310832520944,62.81368479210756,63.17462921142578,11465500,0.0,0.0,0.0,XLU,Utilities Select Sector SPDR Fund
2023-05-03 00:00:00-04:00,63.526321662324484,63.90578006491035,62.92474522903255,62.99878692626953,11857200,0.0,0.0,0.0,XLU,Utilities Select Sector SPDR Fund
2023-05-04 00:00:00-04:00,63.10986232313776,63.72994577650361,62.51754274663809,63.48005676269531,14631100,0.0,0.0,0.0,XLU,Utilities Select Sector SPDR Fund
2023-05-05 00:00:00-04:00,63.26718472031979,64.04460138209892,63.26718472031979,63.88726806640625,11416600,0.0,0.0,0.0,XLU,Utilities Select Sector SPDR Fund
2023-05-08 00:00:00-04:00,63.822486319787146,64.28523637175283,63.48004873937058,63.69291687011719,8286700,0.0,0.0,0.0,XLU,Utilities Select Sector SPDR Fund
2023-05-09 00:00:00-04:00,63.54483061120021,63.776205601084854,63.15611526183072,63.609615325927734,10281100,0.0,0.0,0.0,XLU,Utilities Select Sector SPDR Fund
2023-05-10 00:00:00-04:00,64.007590791278,64.35927828998635,63.54484073776445,64.19268798828125,10708300,0.0,0.0,0.0,XLU,Utilities Select Sector SPDR Fund
2023-05-11 00:00:00-04:00,64.22970857348514,64.24821546870653,63.23942374551363,63.53558349609375,14874100,0.0,0.0,0.0,XLU,Utilities Select Sector SPDR Fund
2023-05-12 00:00:00-04:00,63.88726806640625,64.29449035267442,63.50781671320599,63.88726806640625,11874100,0.0,0.0,0.0,XLU,Utilities Select Sector SPDR Fund
2023-05-15 00:00:00-04:00,64.1279010127361,64.22044960798983,62.82294251834123,63.082088470458984,13185100,0.0,0.0,0.0,XLU,Utilities Select Sector SPDR Fund
2023-05-16 00:00:00-04:00,63.00804715369785,63.12835962216013,61.64756090606373,61.6845817565918,14004000,0.0,0.0,0.0,XLU,Utilities Select Sector SPDR Fund
2023-05-17 00:00:00-04:00,61.878931747768476,61.89743864128022,61.20331362801121,61.462459564208984,17088300,0.0,0.0,0.0,XLU,Utilities Select Sector SPDR Fund
2023-05-18 00:00:00-04:00,61.17554962748124,61.342139912752636,60.74056349032788,61.2773551940918,16167800,0.0,0.0,0.0,XLU,Utilities Select Sector SPDR Fund
2023-05-19 00:00:00-04:00,61.564258159815104,61.90669570882227,61.147785975648226,61.18480682373047,12472500,0.0,0.0,0.0,XLU,Utilities Select Sector SPDR Fund
2023-05-22 00:00:00-04:00,61.342142154496976,61.656815843067015,60.981197700052384,61.20331573486328,9494700,0.0,0.0,0.0,XLU,Utilities Select Sector SPDR Fund
2023-05-23 00:00:00-04:00,60.97194548553855,61.59203593354251,60.82386913776539,60.99045944213867,12064000,0.0,0.0,0.0,XLU,Utilities Select Sector SPDR Fund
2023-05-24 00:00:00-04:00,60.907157786690526,61.129282889017134,60.490685576587296,60.592491149902344,11563800,0.0,0.0,0.0,XLU,Utilities Select Sector SPDR Fund
2023-05-25 00:00:00-04:00,60.48143153854033,60.50919541242936,59.35232026034937,59.77804946899414,16126100,0.0,0.0,0.0,XLU,Utilities Select Sector SPDR Fund
2023-05-26 00:00:00-04:00,59.68550086902886,59.82432729947956,59.167223060418806,59.77804946899414,16593900,0.0,0.0,0.0,XLU,Utilities Select Sector SPDR Fund
2023-05-30 00:00:00-04:00,59.87986109275701,60.185277858382484,59.45413184113042,59.54668045043945,15582900,0.0,0.0,0.0,XLU,Utilities Select Sector SPDR Fund
2023-05-31 00:00:00-04:00,59.57444981389259,60.3611235637411,59.19499134644451,60.09272766113281,17133100,0.0,0.0,0.0,XLU,Utilities Select Sector SPDR Fund
2023-06-01 00:00:00-04:00,60.203781328093605,60.28707294365872,59.27828127423209,59.648475646972656,18653200,0.0,0.0,0.0,XLU,Utilities Select Sector SPDR Fund
2023-06-02 00:00:00-04:00,59.343069832586245,60.499944974714765,59.20424340332973,60.26856994628906,23045800,0.0,0.0,0.0,XLU,Utilities Select Sector SPDR Fund
2023-06-05 00:00:00-04:00,60.398143806161094,61.21258142370843,60.268574345665066,60.555477142333984,12044500,0.0,0.0,0.0,XLU,Utilities Select Sector SPDR Fund
2023-06-06 00:00:00-04:00,60.8331241011329,60.93492261503952,60.342603121554724,60.509193420410156,12861600,0.0,0.0,0.0,XLU,Utilities Select Sector SPDR Fund
2023-06-07 00:00:00-04:00,60.55547118729745,61.68458242715957,60.185269738997604,61.5364990234375,19264800,0.0,0.0,0.0,XLU,Utilities Select Sector SPDR Fund
2023-06-08 00:00:00-04:00,61.51799452870078,61.89744590878418,61.05524446552236,61.80489730834961,14659100,0.0,0.0,0.0,XLU,Utilities Select Sector SPDR Fund
2023-06-09 00:00:00-04:00,61.82340908075854,61.869679848838224,61.40692980200921,61.44395065307617,13316300,0.0,0.0,0.0,XLU,Utilities Select Sector SPDR Fund
2023-06-12 00:00:00-04:00,61.490222293941834,61.656812576475275,61.0830000341924,61.332881927490234,11483700,0.0,0.0,0.0,XLU,Utilities Select Sector SPDR Fund
2023-06-13 00:00:00-04:00,60.9626906478098,61.53649615800033,60.86088507774277,61.32363510131836,11868600,0.0,0.0,0.0,XLU,Utilities Select Sector SPDR Fund
2023-06-14 00:00:00-04:00,61.545760006120105,62.01776705994039,61.16630155514546,61.28662109375,14023600,0.0,0.0,0.0,XLU,Utilities Select Sector SPDR Fund
2023-06-15 00:00:00-04:00,61.51799385710407,62.10105638838153,61.388424405709074,61.952980041503906,13701200,0.0,0.0,0.0,XLU,Utilities Select Sector SPDR Fund
2023-06-16 00:00:00-04:00,62.101059062254194,62.785927200688164,62.05478829105258,62.286163330078125,13685400,0.0,0.0,0.0,XLU,Utilities Select Sector SPDR Fund
2023-06-20 00:00:00-04:00,62.106093898528314,62.23670551455809,61.49035443978785,61.555660247802734,12925400,0.537,0.0,0.0,XLU,Utilities Select Sector SPDR Fund
2023-06-21 00:00:00-04:00,61.341089258062915,62.11543475468772,60.669368206426945,62.05012893676758,10722700,0.0,0.0,0.0,XLU,Utilities Select Sector SPDR Fund
2023-06-22 00:00:00-04:00,62.28336138416754,62.40464157671544,61.39706005804086,61.57432174682617,10000400,0.0,0.0,0.0,XLU,Utilities Select Sector SPDR Fund
2023-06-23 00:00:00-04:00,61.75157593684395,61.96614910666443,60.58539574234425,60.66935729980469,12719600,0.0,0.0,0.0,XLU,Utilities Select Sector SPDR Fund
2023-06-26 00:00:00-04:00,60.77198586263794,61.453038274411476,60.538749807863375,61.26644515991211,10267600,0.0,0.0,0.0,XLU,Utilities Select Sector SPDR Fund
2023-06-27 00:00:00-04:00,61.31309384603433,61.49967983855909,61.089189231444735,61.28510665893555,8510400,0.0,0.0,0.0,XLU,Utilities Select Sector SPDR Fund
2023-06-28 00:00:00-04:00,61.266447856032094,61.266447856032094,60.22155484005166,60.38015365600586,14723800,0.0,0.0,0.0,XLU,Utilities Select Sector SPDR Fund
2023-06-29 00:00:00-04:00,59.904350090343435,60.71601415908523,59.77373846334588,60.38015365600586,14653900,0.0,0.0,0.0,XLU,Utilities Select Sector SPDR Fund
2023-06-30 00:00:00-04:00,60.46411283731866,61.11717806434016,60.43612564946623,61.05187225341797,13929300,0.0,0.0,0.0,XLU,Utilities Select Sector SPDR Fund
2023-07-03 00:00:00-04:00,60.92125804162876,61.53699750160402,60.71600918237059,61.509010314941406,8164600,0.0,0.0,0.0,XLU,Utilities Select Sector SPDR Fund
2023-07-05 00:00:00-04:00,61.29443644787727,62.67519711633935,61.21047487908566,62.20872497558594,19169000,0.0,0.0,0.0,XLU,Utilities Select Sector SPDR Fund
2023-07-06 00:00:00-04:00,61.71426433107149,61.891518900679266,61.11718057304563,61.453041076660156,15422800,0.0,0.0,0.0,XLU,Utilities Select Sector SPDR Fund
2023-07-07 00:00:00-04:00,61.05187237893964,61.4343758100419,60.84662351053374,61.00522232055664,12893800,0.0,0.0,0.0,XLU,Utilities Select Sector SPDR Fund
2023-07-10 00:00:00-04:00,60.902594467623956,61.107843324508345,60.25886071063188,60.743995666503906,12410100,0.0,0.0,0.0,XLU,Utilities Select Sector SPDR Fund
2023-07-11 00:00:00-04:00,60.86527722874385,61.518342435278896,60.641372615148654,61.49967956542969,11435900,0.0,0.0,0.0,XLU,Utilities Select Sector SPDR Fund
2023-07-12 00:00:00-04:00,61.686265622527166,62.46993523941553,61.574309769629465,62.39529800415039,13327500,0.0,0.0,0.0,XLU,Utilities Select Sector SPDR Fund
2023-07-13 00:00:00-04:00,62.39531727531335,62.62855336920436,62.171412618162194,62.60989761352539,9917700,0.0,0.0,0.0,XLU,Utilities Select Sector SPDR Fund
2023-07-14 00:00:00-04:00,62.45130115675163,62.6378871918513,62.012816144686326,62.367332458496094,10142800,0.0,0.0,0.0,XLU,Utilities Select Sector SPDR Fund
2023-07-17 00:00:00-04:00,62.16206750713663,62.30201055624699,61.620965297868615,61.64895248413086,10630400,0.0,0.0,0.0,XLU,Utilities Select Sector SPDR Fund
2023-07-18 00:00:00-04:00,61.59297498028804,62.12475290708633,60.632043561494605,61.173152923583984,18132300,0.0,0.0,0.0,XLU,Utilities Select Sector SPDR Fund
2023-07-19 00:00:00-04:00,61.219804520642285,62.16207309253196,61.219804520642285,61.79822540283203,13577000,0.0,0.0,0.0,XLU,Utilities Select Sector SPDR Fund
2023-07-20 00:00:00-04:00,61.966143182816374,63.020374533252934,61.64894561677949,62.92707443237305,16664500,0.0,0.0,0.0,XLU,Utilities Select Sector SPDR Fund
2023-07-21 00:00:00-04:00,63.1789813587006,64.12125697870819,63.06702549407221,63.86935806274414,18373000,0.0,0.0,0.0,XLU,Utilities Select Sector SPDR Fund
2023-07-24 00:00:00-04:00,63.962666012581835,64.07462190338622,63.40290079416176,63.70144271850586,13242300,0.0,0.0,0.0,XLU,Utilities Select Sector SPDR Fund
2023-07-25 00:00:00-04:00,63.62678429110479,64.00929478575179,63.43086688572409,63.813377380371094,8350800,0.0,0.0,0.0,XLU,Utilities Select Sector SPDR Fund
2023-07-26 00:00:00-04:00,63.6454471589307,64.52241688398593,63.514835555343566,63.813377380371094,11579100,0.0,0.0,0.0,XLU,Utilities Select Sector SPDR Fund
2023-07-27 00:00:00-04:00,63.56147952833037,63.83203417384027,62.55390530101608,62.68451690673828,16065100,0.0,0.0,0.0,XLU,Utilities Select Sector SPDR Fund
2023-07-28 00:00:00-04:00,63.09501220076639,63.34691111481404,62.23670526520972,62.544578552246094,13216100,0.0,0.0,0.0,XLU,Utilities Select Sector SPDR Fund
2023-07-31 00:00:00-04:00,62.79647160030146,63.04837051937056,62.283356562811434,62.572566986083984,12523500,0.0,0.0,0.0,XLU,Utilities Select Sector SPDR Fund
2023-08-01 00:00:00-04:00,62.49793289977846,62.824461961551656,61.770237528455425,61.80755615234375,13459800,0.0,0.0,0.0,XLU,Utilities Select Sector SPDR Fund
2023-08-02 00:00:00-04:00,61.5556643383472,62.09676659022862,61.45303990210424,61.80755615234375,15167500,0.0,0.0,0.0,XLU,Utilities Select Sector SPDR Fund
2023-08-03 00:00:00-04:00,61.620969308422936,61.66761224929601,60.34283314946723,60.398807525634766,20633200,0.0,0.0,0.0,XLU,Utilities Select Sector SPDR Fund
2023-08-04 00:00:00-04:00,60.557407133294895,60.94924196116607,59.43786990220729,59.6990966796875,18248900,0.0,0.0,0.0,XLU,Utilities Select Sector SPDR Fund
2023-08-07 00:00:00-04:00,59.92300935477283,60.20288834529329,59.671110433725076,59.68976974487305,12565900,0.0,0.0,0.0,XLU,Utilities Select Sector SPDR Fund
2023-08-08 00:00:00-04:00,59.68044364908021,59.99764127135895,59.130006409943896,59.96965408325195,15175100,0.0,0.0,0.0,XLU,Utilities Select Sector SPDR Fund
2023-08-09 00:00:00-04:00,59.9416628876963,60.632039580111694,59.83903845963196,60.10026168823242,13193700,0.0,0.0,0.0,XLU,Utilities Select Sector SPDR Fund
2023-08-10 00:00:00-04:00,60.342830690236504,60.70667835609633,59.73641554120368,59.91367721557617,13692200,0.0,0.0,0.0,XLU,Utilities Select Sector SPDR Fund
2023-08-11 00:00:00-04:00,59.96964919809444,60.32417253270234,59.78306321404746,60.240203857421875,12168100,0.0,0.0,0.0,XLU,Utilities Select Sector SPDR Fund
2023-08-14 00:00:00-04:00,60.202889217959076,60.24020784079597,59.503181054816274,59.764404296875,10774800,0.0,0.0,0.0,XLU,Utilities Select Sector SPDR Fund
2023-08-15 00:00:00-04:00,59.41922229050145,59.4472130400739,58.75683267932251,58.794151306152344,15189500,0.0,0.0,0.0,XLU,Utilities Select Sector SPDR Fund
2023-08-16 00:00:00-04:00,59.04604626831844,59.31660097251155,58.822138067872395,59.05537414550781,12514200,0.0,0.0,0.0,XLU,Utilities Select Sector SPDR Fund
2023-08-17 00:00:00-04:00,59.12066869547861,59.69909662018731,58.89676409660379,58.92475128173828,11876400,0.0,0.0,0.0,XLU,Utilities Select Sector SPDR Fund
2023-08-18 00:00:00-04:00,58.91542670341197,59.37256736105569,58.85944877111085,59.232627868652344,12837800,0.0,0.0,0.0,XLU,Utilities Select Sector SPDR Fund
2023-08-21 00:00:00-04:00,59.05536872704718,59.213971095915205,58.392979181474324,58.85945129394531,12081000,0.0,0.0,0.0,XLU,Utilities Select Sector SPDR Fund
2023-08-22 00:00:00-04:00,58.82212542452752,59.19530449209238,58.59822083110808,59.027374267578125,13528900,0.0,0.0,0.0,XLU,Utilities Select Sector SPDR Fund
2023-08-23 00:00:00-04:00,59.34458524336136,59.40989105717437,58.85012592194858,59.2606201171875,13386000,0.0,0.0,0.0,XLU,Utilities Select Sector SPDR Fund
2023-08-24 00:00:00-04:00,59.157999750602926,59.96966032021834,58.85945785008001,58.915435791015625,12966900,0.0,0.0,0.0,XLU,Utilities Select Sector SPDR Fund
2023-08-25 00:00:00-04:00,58.99939541814441,59.66178497569539,58.96207679433594,59.363243103027344,12490500,0.0,0.0,0.0,XLU,Utilities Select Sector SPDR Fund
2023-08-28 00:00:00-04:00,59.46586440434207,59.79238988930409,59.23262835618383,59.35390853881836,8663200,0.0,0.0,0.0,XLU,Utilities Select Sector SPDR Fund
2023-08-29 00:00:00-04:00,59.42854508281365,59.755077681730526,59.18597760260115,59.577816009521484,11873100,0.0,0.0,0.0,XLU,Utilities Select Sector SPDR Fund
2023-08-30 00:00:00-04:00,59.38190730381061,59.77374220935952,59.08336540656378,59.30727005004883,11240400,0.0,0.0,0.0,XLU,Utilities Select Sector SPDR Fund
2023-08-31 00:00:00-04:00,59.54050326866401,59.59648120629549,58.719511311235465,58.7381706237793,13771100,0.0,0.0,0.0,XLU,Utilities Select Sector SPDR Fund
2023-09-01 00:00:00-04:00,59.04603994686645,59.25128525316004,57.982484116136945,58.43962478637695,14387700,0.0,0.0,0.0,XLU,Utilities Select Sector SPDR Fund
2023-09-05 00:00:00-04:00,58.40230567663814,58.43962429888921,57.22679754692702,57.54399871826172,18825300,0.0,0.0,0.0,XLU,Utilities Select Sector SPDR Fund
2023-09-06 00:00:00-04:00,57.627963639736656,57.7399159472033,57.30143103451771,57.67461013793945,19470100,0.0,0.0,0.0,XLU,Utilities Select Sector SPDR Fund
2023-09-07 00:00:00-04:00,58.16907104831697,58.89676996440834,58.019800114562294,58.4302978515625,16874300,0.0,0.0,0.0,XLU,Utilities Select Sector SPDR Fund
2023-09-08 00:00:00-04:00,58.53292241644245,59.04604102993807,58.34633285910774,58.943416595458984,16260700,0.0,0.0,0.0,XLU,Utilities Select Sector SPDR Fund
2023-09-11 00:00:00-04:00,58.87810820474152,59.493851225740144,58.85944889393554,59.185977935791016,13511800,0.0,0.0,0.0,XLU,Utilities Select Sector SPDR Fund
2023-09-12 00:00:00-04:00,59.176654991013635,59.42855036953522,58.784816549235636,59.2606201171875,11047400,0.0,0.0,0.0,XLU,Utilities Select Sector SPDR Fund
2023-09-13 00:00:00-04:00,59.288605221083266,60.24020876461891,59.288605221083266,59.96965408325195,15060400,0.0,0.0,0.0,XLU,Utilities Select Sector SPDR Fund
2023-09-14 00:00:00-04:00,60.342831739902564,60.883941089547505,60.2588630598131,60.846622467041016,13100500,0.0,0.0,0.0,XLU,Utilities Select Sector SPDR Fund
2023-09-15 00:00:00-04:00,60.7439946113534,61.2104666896972,60.52009000673211,60.58539581298828,17401000,0.0,0.0,0.0,XLU,Utilities Select Sector SPDR Fund
2023-09-18 00:00:00-04:00,60.62489843200591,60.73776151649903,60.117025315003005,60.54025650024414,9567500,0.522,0.0,0.0,XLU,Utilities Select Sector SPDR Fund
2023-09-19 00:00:00-04:00,60.493225122512705,60.70954422879276,60.19226408908636,60.2110710144043,12444500,0.0,0.0,0.0,XLU,Utilities Select Sector SPDR Fund
2023-09-20 00:00:00-04:00,60.455603599292864,60.89764168313868,60.088807567054204,60.26750564575195,9368000,0.0,0.0,0.0,XLU,Utilities Select Sector SPDR Fund
2023-09-21 00:00:00-04:00,60.22048266153861,60.33334574849242,59.609157085363364,59.63737106323242,12814300,0.0,0.0,0.0,XLU,Utilities Select Sector SPDR Fund
2023-09-22 00:00:00-04:00,59.37402890712708,59.919519456891614,59.129495815233,59.52450942993164,12297700,0.0,0.0,0.0,XLU,Utilities Select Sector SPDR Fund
2023-09-25 00:00:00-04:00,59.17652529906972,59.486893421645185,58.81913626959,59.43986892700195,12364900,0.0,0.0,0.0,XLU,Utilities Select Sector SPDR Fund
2023-09-26 00:00:00-04:00,59.195330757239965,59.261165761663804,57.50242398054101,57.66231155395508,23416700,0.0,0.0,0.0,XLU,Utilities Select Sector SPDR Fund
2023-09-27 00:00:00-04:00,57.54944906466289,57.690526125733804,56.40203641305827,56.55251693725586,26021100,0.0,0.0,0.0,XLU,Utilities Select Sector SPDR Fund
2023-09-28 00:00:00-04:00,56.768830884014896,56.88169037708224,55.2452151705207,55.32986068725586,38594900,0.0,0.0,0.0,XLU,Utilities Select Sector SPDR Fund
2023-09-29 00:00:00-04:00,55.809518621649254,56.260960201055,55.122950995402675,55.423912048339844,22868900,0.0,0.0,0.0,XLU,Utilities Select Sector SPDR Fund
2023-10-02 00:00:00-04:00,55.104139069777126,55.104139069777126,52.216791575542736,52.846927642822266,55822700,0.0,0.0,0.0,XLU,Utilities Select Sector SPDR Fund
2023-10-03 00:00:00-04:00,52.43310236428681,53.636946436413005,51.661889307113675,53.458251953125,57618200,0.0,0.0,0.0,XLU,Utilities Select Sector SPDR Fund
2023-10-04 00:00:00-04:00,53.73099972095267,53.834455744996106,52.56477306956083,53.40182113647461,29498600,0.0,0.0,0.0,XLU,Utilities Select Sector SPDR Fund
2023-10-05 00:00:00-04:00,53.26075604633632,53.4206400448132,52.57418838256,53.09146499633789,28145000,0.0,0.0,0.0,XLU,Utilities Select Sector SPDR Fund
2023-10-06 00:00:00-04:00,52.4331081673568,53.97553445241215,51.51141449915882,53.84386444091797,34103700,0.0,0.0,0.0,XLU,Utilities Select Sector SPDR Fund
2023-10-09 00:00:00-04:00,53.749815397679264,54.37995147705078,53.524092815556806,54.37995147705078,20243800,0.0,0.0,0.0,XLU,Utilities Select Sector SPDR Fund
2023-10-10 00:00:00-04:00,54.37995233159058,55.15116548537501,54.37995233159058,55.12295150756836,30707200,0.0,0.0,0.0,XLU,Utilities Select Sector SPDR Fund
2023-10-11 00:00:00-04:00,55.43331850499506,56.06345821018004,55.03830844708661,56.01643371582031,26673700,0.0,0.0,0.0,XLU,Utilities Select Sector SPDR Fund
2023-10-12 00:00:00-04:00,55.73427274548976,56.063451341154014,54.65269515677767,55.151161193847656,27543300,0.0,0.0,0.0,XLU,Utilities Select Sector SPDR Fund
2023-10-13 00:00:00-04:00,55.51796360412036,56.12929278932482,55.3768901221232,55.77190017700195,19784400,0.0,0.0,0.0,XLU,Utilities Select Sector SPDR Fund
2023-10-16 00:00:00-04:00,55.884759110501754,56.5525198343418,55.45212802973809,56.34560775756836,19777400,0.0,0.0,0.0,XLU,Utilities Select Sector SPDR Fund
2023-10-17 00:00:00-04:00,55.86595433944969,56.55252201700482,55.78130881275171,56.19512939453125,18480200,0.0,0.0,0.0,XLU,Utilities Select Sector SPDR Fund
2023-10-18 00:00:00-04:00,56.13869337992663,56.477275459773914,55.34866972286254,55.70606231689453,23363500,0.0,0.0,0.0,XLU,Utilities Select Sector SPDR Fund
2023-10-19 00:00:00-04:00,55.527364278110085,56.04464082816704,55.113540167873715,55.151161193847656,19681900,0.0,0.0,0.0,XLU,Utilities Select Sector SPDR Fund
2023-10-20 00:00:00-04:00,55.01949554884048,55.55558265434854,54.56805396460942,54.577457427978516,20022400,0.0,0.0,0.0,XLU,Utilities Select Sector SPDR Fund
2023-10-23 00:00:00-04:00,54.078990452384375,54.89722808596665,53.64635938982259,54.11661148071289,20520600,0.0,0.0,0.0,XLU,Utilities Select Sector SPDR Fund
2023-10-24 00:00:00-04:00,54.93484825006793,55.73427535690947,54.76555721299159,55.5085563659668,23597200,0.0,0.0,0.0,XLU,Utilities Select Sector SPDR Fund
2023-10-25 00:00:00-04:00,55.41450306203657,55.931783217211915,55.18878407408609,55.81892013549805,20654700,0.0,0.0,0.0,XLU,Utilities Select Sector SPDR Fund
2023-10-26 00:00:00-04:00,55.96940155765474,56.79704623151931,55.95059463147165,56.298580169677734,23587300,0.0,0.0,0.0,XLU,Utilities Select Sector SPDR Fund
2023-10-27 00:00:00-04:00,56.0540392049087,56.37381072119677,55.066510682993176,55.235801696777344,20251200,0.0,0.0,0.0,XLU,Utilities Select Sector SPDR Fund
2023-10-30 00:00:00-04:00,55.47093698716496,56.02583460569044,55.0477093818932,55.65903854370117,14269600,0.0,0.0,0.0,XLU,Utilities Select Sector SPDR Fund
2023-10-31 00:00:00-04:00,55.88475439959919,56.19512248859633,55.48974438204491,56.13869094848633,10682300,0.0,0.0,0.0,XLU,Utilities Select Sector SPDR Fund
2023-11-01 00:00:00-04:00,56.21393153900308,57.11681463083417,55.66843742868524,56.77823257446289,23261500,0.0,0.0,0.0,XLU,Utilities Select Sector SPDR Fund
2023-11-02 00:00:00-04:00,56.90050305002104,58.14196828409331,56.806454066852034,57.841007232666016,25550100,0.0,0.0,0.0,XLU,Utilities Select Sector SPDR Fund
2023-11-03 00:00:00-04:00,58.84734541507636,58.922587470516284,58.16077780401112,58.179588317871094,22573600,0.0,0.0,0.0,XLU,Utilities Select Sector SPDR Fund
2023-11-06 00:00:00-05:00,58.283042688397906,58.471140646157096,57.97267460016582,58.02910614013672,19120000,0.0,0.0,0.0,XLU,Utilities Select Sector SPDR Fund
2023-11-07 00:00:00-05:00,58.05732231092145,58.13256436706026,57.511831754869874,57.60588073730469,18842300,0.0,0.0,0.0,XLU,Utilities Select Sector SPDR Fund
2023-11-08 00:00:00-05:00,57.36134960416973,57.38015652993256,56.543108411680976,57.18265151977539,21647800,0.0,0.0,0.0,XLU,Utilities Select Sector SPDR Fund
2023-11-09 00:00:00-05:00,57.28610300971923,57.4647974922118,56.40203047165414,56.43024444580078,16097800,0.0,0.0,0.0,XLU,Utilities Select Sector SPDR Fund
2023-11-10 00:00:00-05:00,56.68418812388011,56.89110019434805,56.355009503795785,56.7312126159668,14015100,0.0,0.0,0.0,XLU,Utilities Select Sector SPDR Fund
2023-11-13 00:00:00-05:00,56.60894037759517,56.74061396504,55.969397303816784,56.05404281616211,15579800,0.0,0.0,0.0,XLU,Utilities Select Sector SPDR Fund
2023-11-14 00:00:00-05:00,57.31432097032405,58.339470625902536,57.201461478149305,58.29244613647461,28659100,0.0,0.0,0.0,XLU,Utilities Select Sector SPDR Fund
2023-11-15 00:00:00-05:00,58.13256097069938,58.96020201343965,57.9820804549522,58.11375045776367,24831400,0.0,0.0,0.0,XLU,Utilities Select Sector SPDR Fund
2023-11-16 00:00:00-05:00,58.593405253878316,58.89436628164024,58.377089739408085,58.42411422729492,17325200,0.0,0.0,0.0,XLU,Utilities Select Sector SPDR Fund
2023-11-17 00:00:00-05:00,58.7438836042636,58.80971860242821,58.26422810510167,58.58399963378906,11939500,0.0,0.0,0.0,XLU,Utilities Select Sector SPDR Fund
2023-11-20 00:00:00-05:00,58.31125117036267,58.63102269125805,57.63408710546931,58.40530014038086,14158300,0.0,0.0,0.0,XLU,Utilities Select Sector SPDR Fund
2023-11-21 00:00:00-05:00,58.3582815983726,58.64983917550137,57.98208209225076,58.52757263183594,10144200,0.0,0.0,0.0,XLU,Utilities Select Sector SPDR Fund
2023-11-22 00:00:00-05:00,58.734484434591735,58.828533413775,58.25482531263679,58.809722900390625,8959800,0.0,0.0,0.0,XLU,Utilities Select Sector SPDR Fund
2023-11-24 00:00:00-05:00,58.80031728711577,58.96960831364517,58.574594722497075,58.960201263427734,4899300,0.0,0.0,0.0,XLU,Utilities Select Sector SPDR Fund
2023-11-27 00:00:00-05:00,59.007235760916636,59.17652321813149,58.5840081485324,59.05426025390625,12416600,0.0,0.0,0.0,XLU,Utilities Select Sector SPDR Fund
2023-11-28 00:00:00-05:00,59.063664876372826,59.674994060450054,58.828538819072186,59.24236297607422,14707600,0.0,0.0,0.0,XLU,Utilities Select Sector SPDR Fund
2023-11-29 00:00:00-05:00,59.2611690200362,59.496295073831796,58.565197909935,58.77210998535156,17903200,0.0,0.0,0.0,XLU,Utilities Select Sector SPDR Fund
2023-11-30 00:00:00-05:00,58.94139360616977,59.101281177966,58.53698012068917,59.026039123535156,15241800,0.0,0.0,0.0,XLU,Utilities Select Sector SPDR Fund
2023-12-01 00:00:00-05:00,59.05425403362686,59.75963211738904,58.668647491346405,59.75022506713867,14671400,0.0,0.0,0.0,XLU,Utilities Select Sector SPDR Fund
2023-12-04 00:00:00-05:00,59.4680778957934,60.01357203336371,59.21414134082846,59.51510238647461,15257900,0.0,0.0,0.0,XLU,Utilities Select Sector SPDR Fund
2023-12-05 00:00:00-05:00,59.57153251761725,59.580935980435406,58.85675094806432,59.09187698364258,11268300,0.0,0.0,0.0,XLU,Utilities Select Sector SPDR Fund
2023-12-06 00:00:00-05:00,59.35522073066668,59.90071130191216,59.27057520902218,59.881900787353516,13408900,0.0,0.0,0.0,XLU,Utilities Select Sector SPDR Fund
2023-12-07 00:00:00-05:00,59.96654058229712,60.18285968519404,59.47748160143186,59.75022506713867,10938300,0.0,0.0,0.0,XLU,Utilities Select Sector SPDR Fund
2023-12-08 00:00:00-05:00,59.65618157772472,59.91011814176261,59.19533294201031,59.63737106323242,12001400,0.0,0.0,0.0,XLU,Utilities Select Sector SPDR Fund
2023-12-11 00:00:00-05:00,59.32700484404561,60.09821797744477,59.32700484404561,60.02297592163086,11224400,0.0,0.0,0.0,XLU,Utilities Select Sector SPDR Fund
2023-12-12 00:00:00-05:00,60.107613549740925,60.135827523097916,59.31759000610105,59.778438568115234,10884100,0.0,0.0,0.0,XLU,Utilities Select Sector SPDR Fund
2023-12-13 00:00:00-05:00,59.84426834209411,62.035640716552734,59.5244968502464,62.035640716552734,21726000,0.0,0.0,0.0,XLU,Utilities Select Sector SPDR Fund
2023-12-14 00:00:00-05:00,62.411855310362895,62.73162327376422,61.10455512967696,61.2268180847168,32484100,0.0,0.0,0.0,XLU,Utilities Select Sector SPDR Fund
2023-12-15 00:00:00-05:00,60.61548902538149,60.9258571140676,59.72201296150263,60.1640510559082,26564500,0.0,0.0,0.0,XLU,Utilities Select Sector SPDR Fund
2023-12-18 00:00:00-05:00,60.33208984202407,60.6738615088638,59.904875258474405,60.02829360961914,16253500,0.597,0.0,0.0,XLU,Utilities Select Sector SPDR Fund
2023-12-19 00:00:00-05:00,60.237149579745136,60.44600720769447,59.9808208521589,60.370059967041016,12688900,0.0,0.0,0.0,XLU,Utilities Select Sector SPDR Fund
2023-12-20 00:00:00-05:00,60.294115492993924,60.46500132949005,59.1358936941763,59.1453857421875,18325900,0.0,0.0,0.0,XLU,Utilities Select Sector SPDR Fund
2023-12-21 00:00:00-05:00,59.344744219999164,59.65803608981074,58.832090393590995,59.24980926513672,15876800,0.0,0.0,0.0,XLU,Utilities Select Sector SPDR Fund
2023-12-22 00:00:00-05:00,59.46816450423108,60.03778511665181,59.33525411446053,59.44917678833008,13223700,0.0,0.0,0.0,XLU,Utilities Select Sector SPDR Fund
2023-12-26 00:00:00-05:00,59.35423841792467,60.037781664916174,59.335250703115314,59.809932708740234,9537500,0.0,0.0,0.0,XLU,Utilities Select Sector SPDR Fund
2023-12-27 00:00:00-05:00,59.696013969459706,59.88588750851075,59.46816499829115,59.7719612121582,9492200,0.0,0.0,0.0,XLU,Utilities Select Sector SPDR Fund
2023-12-28 00:00:00-05:00,59.58209245694963,60.28462352138369,59.58209245694963,60.199180603027344,8673200,0.0,0.0,0.0,XLU,Utilities Select Sector SPDR Fund
2023-12-29 00:00:00-05:00,60.066266830915346,60.246644705529526,59.72449517666818,60.12322998046875,11239000,0.0,0.0,0.0,XLU,Utilities Select Sector SPDR Fund
2024-01-02 00:00:00-05:00,59.86690109780109,61.13904912918371,59.7434827514964,60.99664306640625,15379300,0.0,0.0,0.0,XLU,Utilities Select Sector SPDR Fund
2024-01-03 00:00:00-05:00,60.977654060333705,61.33840977965123,60.559931574649355,61.224483489990234,16433200,0.0,0.0,0.0,XLU,Utilities Select Sector SPDR Fund
2024-01-04 00:00:00-05:00,61.29093966499771,61.61372720268033,60.958663701995576,61.03461456298828,13311200,0.0,0.0,0.0,XLU,Utilities Select Sector SPDR Fund
2024-01-05 00:00:00-05:00,60.949170732801996,61.55676316150599,60.673857903351866,61.2624626159668,13595200,0.0,0.0,0.0,XLU,Utilities Select Sector SPDR Fund
2024-01-08 00:00:00-05:00,61.12954750510667,61.7276442188192,60.939677601948816,61.70866012573242,11717200,0.0,0.0,0.0,XLU,Utilities Select Sector SPDR Fund
2024-01-09 00:00:00-05:00,61.38588304395686,61.48081800048809,61.07259116863818,61.205501556396484,14402700,0.0,0.0,0.0,XLU,Utilities Select Sector SPDR Fund
2024-01-10 00:00:00-05:00,61.20550244361498,61.4808188916975,60.97765709602267,61.196006774902344,10926900,0.0,0.0,0.0,XLU,Utilities Select Sector SPDR Fund
2024-01-11 00:00:00-05:00,60.996641736424046,61.00613740522169,59.58208767310716,59.7719612121582,22176800,0.0,0.0,0.0,XLU,Utilities Select Sector SPDR Fund
2024-01-12 00:00:00-05:00,60.170698349369026,60.360571895813756,59.87639417130287,60.11373519897461,9768700,0.0,0.0,0.0,XLU,Utilities Select Sector SPDR Fund
2024-01-16 00:00:00-05:00,59.81943113979308,59.980824922129685,59.316269319020755,59.458675384521484,15227000,0.0,0.0,0.0,XLU,Utilities Select Sector SPDR Fund
2024-01-17 00:00:00-05:00,59.116902794776856,59.65804004071009,58.14855098059721,58.59475326538086,19589000,0.0,0.0,0.0,XLU,Utilities Select Sector SPDR Fund
2024-01-18 00:00:00-05:00,58.30044613472486,58.35740928144777,57.63589057576995,57.968170166015625,19732000,0.0,0.0,0.0,XLU,Utilities Select Sector SPDR Fund
2024-01-19 00:00:00-05:00,58.02512993149112,58.1200685097558,57.52196814206593,57.89221954345703,14128800,0.0,0.0,0.0,XLU,Utilities Select Sector SPDR Fund
2024-01-22 00:00:00-05:00,57.87323592828113,58.30045050690036,57.351086386207285,57.59791946411133,20838100,0.0,0.0,0.0,XLU,Utilities Select Sector SPDR Fund
2024-01-23 00:00:00-05:00,57.6169076999618,57.882732118794635,57.36057895048197,57.70235061645508,20550100,0.0,0.0,0.0,XLU,Utilities Select Sector SPDR Fund
2024-01-24 00:00:00-05:00,58.101080363158864,58.19601531918293,56.82893239613954,56.91437530517578,25439100,0.0,0.0,0.0,XLU,Utilities Select Sector SPDR Fund
2024-01-25 00:00:00-05:00,57.67386884816767,57.949185305253636,57.132731603018904,57.93968963623047,25258400,0.0,0.0,0.0,XLU,Utilities Select Sector SPDR Fund
2024-01-26 00:00:00-05:00,58.091588912747845,58.32892994157813,57.9207030822671,58.11057662963867,18326600,0.0,0.0,0.0,XLU,Utilities Select Sector SPDR Fund
2024-01-29 00:00:00-05:00,58.14854755088379,58.70867248031703,57.80677591644502,58.4808235168457,13027200,0.0,0.0,0.0,XLU,Utilities Select Sector SPDR Fund
2024-01-30 00:00:00-05:00,58.33842323924707,58.81310527761111,57.95867615994123,58.46184158325195,18054500,0.0,0.0,0.0,XLU,Utilities Select Sector SPDR Fund
2024-01-31 00:00:00-05:00,58.94601712730994,59.202345868952825,58.0061450746194,58.33842468261719,29821200,0.0,0.0,0.0,XLU,Utilities Select Sector SPDR Fund
2024-02-01 00:00:00-05:00,58.0915858844683,59.44917678833008,57.8257651049272,59.44917678833008,25753600,0.0,0.0,0.0,XLU,Utilities Select Sector SPDR Fund
2024-02-02 00:00:00-05:00,58.77513117681726,58.94601700422235,57.96817314193285,58.376399993896484,25919800,0.0,0.0,0.0,XLU,Utilities Select Sector SPDR Fund
2024-02-05 00:00:00-05:00,57.806776956098766,57.844752387616374,57.13272934357534,57.16120910644531,19947500,0.0,0.0,0.0,XLU,Utilities Select Sector SPDR Fund
2024-02-06 00:00:00-05:00,57.132734191012496,57.55994877799151,56.95235630830437,57.37007522583008,13778500,0.0,0.0,0.0,XLU,Utilities Select Sector SPDR Fund
2024-02-07 00:00:00-05:00,57.597920467325686,57.72133881919571,57.104254302919145,57.408050537109375,11874300,0.0,0.0,0.0,XLU,Utilities Select Sector SPDR Fund
2024-02-08 00:00:00-05:00,57.151718818437836,57.27513716390059,56.5061509489141,56.999820709228516,20877700,0.0,0.0,0.0,XLU,Utilities Select Sector SPDR Fund
2024-02-09 00:00:00-05:00,56.83842310776823,57.27513331121364,56.72450043890854,57.218170166015625,14823900,0.0,0.0,0.0,XLU,Utilities Select Sector SPDR Fund
2024-02-12 00:00:00-05:00,57.21817677345115,57.9301998737357,57.075770704779536,57.88273239135742,12609500,0.0,0.0,0.0,XLU,Utilities Select Sector SPDR Fund
2024-02-13 00:00:00-05:00,57.55994976882684,57.85425033928318,56.14539558348774,56.92387390136719,22701100,0.0,0.0,0.0,XLU,Utilities Select Sector SPDR Fund
2024-02-14 00:00:00-05:00,57.13272910353747,57.37007011722065,56.80994518006689,57.237159729003906,17435900,0.0,0.0,0.0,XLU,Utilities Select Sector SPDR Fund
2024-02-15 00:00:00-05:00,57.41753995188987,58.243485699371405,57.41753995188987,58.19601821899414,17340400,0.0,0.0,0.0,XLU,Utilities Select Sector SPDR Fund
2024-02-16 00:00:00-05:00,57.91120527301688,58.40487499845319,57.55994159932548,58.12955856323242,14957100,0.0,0.0,0.0,XLU,Utilities Select Sector SPDR Fund
2024-02-20 00:00:00-05:00,58.02513187041273,58.75614265056356,57.96817234308707,58.09158706665039,11382000,0.0,0.0,0.0,XLU,Utilities Select Sector SPDR Fund
2024-02-21 00:00:00-05:00,58.47133747743318,58.93652749911135,58.18652895998422,58.86057662963867,15782500,0.0,0.0,0.0,XLU,Utilities Select Sector SPDR Fund
2024-02-22 00:00:00-05:00,58.395377226360175,58.65170593734439,57.958670661662424,58.40487289428711,15920800,0.0,0.0,0.0,XLU,Utilities Select Sector SPDR Fund
2024-02-23 00:00:00-05:00,58.52829316115381,59.097910123366916,58.385887109832375,58.822593688964844,12286400,0.0,0.0,0.0,XLU,Utilities Select Sector SPDR Fund
2024-02-26 00:00:00-05:00,58.53778851275138,58.57576394478593,57.55994467784902,57.66437530517578,12793500,0.0,0.0,0.0,XLU,Utilities Select Sector SPDR Fund
2024-02-27 00:00:00-05:00,58.006143178770394,58.775129378565794,57.7688021614734,58.756141662597656,13743800,0.0,0.0,0.0,XLU,Utilities Select Sector SPDR Fund
2024-02-28 00:00:00-05:00,58.689686750261345,59.02196272746353,58.55677635938047,58.9365234375,11491800,0.0,0.0,0.0,XLU,Utilities Select Sector SPDR Fund
2024-02-29 00:00:00-05:00,59.16436661855764,59.449175105939766,58.68019255216165,58.95550537109375,15337700,0.0,0.0,0.0,XLU,Utilities Select Sector SPDR Fund
2024-03-01 00:00:00-05:00,58.77513114017973,58.78462318768003,57.87323452311212,58.59475326538086,21255500,0.0,0.0,0.0,XLU,Utilities Select Sector SPDR Fund
2024-03-04 00:00:00-05:00,58.319439852571755,59.66753520326623,58.319439852571755,59.58209228515625,16510400,0.0,0.0,0.0,XLU,Utilities Select Sector SPDR Fund
2024-03-05 00:00:00-05:00,59.762468983930056,60.73082077077521,59.16436860526818,59.41120529174805,24801400,0.0,0.0,0.0,XLU,Utilities Select Sector SPDR Fund
2024-03-06 00:00:00-05:00,59.83841364904095,60.284615902010465,59.70550326429336,59.98081970214844,16326100,0.0,0.0,0.0,XLU,Utilities Select Sector SPDR Fund
2024-03-07 00:00:00-05:00,60.4744905917839,60.626388694627245,60.25613729529261,60.370059967041016,10692100,0.0,0.0,0.0,XLU,Utilities Select Sector SPDR Fund
2024-03-08 00:00:00-05:00,60.54094511279745,60.70233526085321,60.01879561642075,60.52195739746094,13755800,0.0,0.0,0.0,XLU,Utilities Select Sector SPDR Fund
2024-03-11 00:00:00-04:00,60.436524527185895,60.958674110287006,60.208675526840445,60.82576370239258,10484100,0.0,0.0,0.0,XLU,Utilities Select Sector SPDR Fund
2024-03-12 00:00:00-04:00,60.70233463044822,60.730818013925386,59.8574012251984,60.23714828491211,14744500,0.0,0.0,0.0,XLU,Utilities Select Sector SPDR Fund
2024-03-13 00:00:00-04:00,60.71183712718405,61.1865155729098,60.51247152810261,60.645381927490234,12938900,0.0,0.0,0.0,XLU,Utilities Select Sector SPDR Fund
2024-03-14 00:00:00-04:00,60.512461124545645,60.74980211737224,59.73397933626114,60.16119384765625,15934900,0.0,0.0,0.0,XLU,Utilities Select Sector SPDR Fund
2024-03-15 00:00:00-04:00,59.97132281942879,60.56942316021838,59.91436329656827,60.246639251708984,17722500,0.0,0.0,0.0,XLU,Utilities Select Sector SPDR Fund
2024-03-18 00:00:00-04:00,60.323222056522326,60.90711926384642,59.9690562747604,60.524234771728516,13421900,0.52,0.0,0.0,XLU,Utilities Select Sector SPDR Fund
2024-03-19 00:00:00-04:00,60.66781725626191,61.11770233448772,60.49551960027513,61.060272216796875,9992700,0.0,0.0,0.0,XLU,Utilities Select Sector SPDR Fund
2024-03-20 00:00:00-04:00,60.95497651670339,61.452721224853164,60.79224933593916,61.136844635009766,16310400,0.0,0.0,0.0,XLU,Utilities Select Sector SPDR Fund
2024-03-21 00:00:00-04:00,61.29957272937551,61.71117227034906,61.012411193022515,61.0411262512207,20163900,0.0,0.0,0.0,XLU,Utilities Select Sector SPDR Fund
2024-03-22 00:00:00-04:00,61.42400939068466,61.5388769307079,61.05069901425208,61.12727737426758,10529700,0.0,0.0,0.0,XLU,Utilities Select Sector SPDR Fund
2024-03-25 00:00:00-04:00,61.2995726195283,61.452722030615554,61.04112614183662,61.4144401550293,11597100,0.0,0.0,0.0,XLU,Utilities Select Sector SPDR Fund
2024-03-26 00:00:00-04:00,61.48144818006512,61.6633126605053,60.667819518355245,60.71567916870117,14915200,0.0,0.0,0.0,XLU,Utilities Select Sector SPDR Fund
2024-03-27 00:00:00-04:00,61.16556571284248,62.40993118286133,61.09856147447927,62.40993118286133,17300200,0.0,0.0,0.0,XLU,Utilities Select Sector SPDR Fund
2024-03-28 00:00:00-04:00,62.4003683456508,62.945976407959265,62.237637496747425,62.84068298339844,13746100,0.0,0.0,0.0,XLU,Utilities Select Sector SPDR Fund
2024-04-01 00:00:00-04:00,62.85025280010369,62.91725703815205,62.05576876116296,62.457794189453125,11351300,0.0,0.0,0.0,XLU,Utilities Select Sector SPDR Fund
2024-04-02 00:00:00-04:00,62.31421144994943,62.92682371153413,62.285496391268,62.563087463378906,15106200,0.0,0.0,0.0,XLU,Utilities Select Sector SPDR Fund
2024-04-03 00:00:00-04:00,62.55350703845753,62.72580467609553,62.08447742046489,62.314205169677734,13287100,0.0,0.0,0.0,XLU,Utilities Select Sector SPDR Fund
2024-04-04 00:00:00-04:00,62.802381934056946,62.98425368809738,61.76859612621661,62.18976974487305,14678400,0.0,0.0,0.0,XLU,Utilities Select Sector SPDR Fund
2024-04-05 00:00:00-04:00,61.78774969682159,62.53437041038497,61.491010393110365,62.371646881103516,16161200,0.0,0.0,0.0,XLU,Utilities Select Sector SPDR Fund
2024-04-08 00:00:00-04:00,62.381212053330046,62.888530868248765,62.2950668823048,62.78323745727539,10071300,0.0,0.0,0.0,XLU,Utilities Select Sector SPDR Fund
2024-04-09 00:00:00-04:00,62.917262399733374,63.25228361852448,62.73539060828327,63.12784194946289,12012100,0.0,0.0,0.0,XLU,Utilities Select Sector SPDR Fund
2024-04-10 00:00:00-04:00,61.86432040048211,62.28549405310378,61.50058416598135,62.04619216918945,19140300,0.0,0.0,0.0,XLU,Utilities Select Sector SPDR Fund
2024-04-11 00:00:00-04:00,62.4003605039106,62.47693155522023,61.500583099069615,61.921756744384766,12810600,0.0,0.0,0.0,XLU,Utilities Select Sector SPDR Fund
2024-04-12 00:00:00-04:00,62.0366178209271,62.21848958896576,61.15598864405954,61.452720642089844,19922400,0.0,0.0,0.0,XLU,Utilities Select Sector SPDR Fund
2024-04-15 00:00:00-04:00,61.873900285213146,62.13235043355125,60.65824616349562,60.887977600097656,14703900,0.0,0.0,0.0,XLU,Utilities Select Sector SPDR Fund
2024-04-16 00:00:00-04:00,60.69653178487801,60.76353602257008,59.87333269156736,60.083919525146484,16453800,0.0,0.0,0.0,XLU,Utilities Select Sector SPDR Fund
2024-04-17 00:00:00-04:00,60.476379394434055,61.49101716273172,60.361515499268876,61.337867736816406,14076400,0.0,0.0,0.0,XLU,Utilities Select Sector SPDR Fund
2024-04-18 00:00:00-04:00,61.5484484972062,61.893043800061015,61.0985597794283,61.682456970214844,11144300,0.0,0.0,0.0,XLU,Utilities Select Sector SPDR Fund
2024-04-19 00:00:00-04:00,61.84518269273753,62.76410109860672,61.77817845385897,62.63009262084961,18502300,0.0,0.0,0.0,XLU,Utilities Select Sector SPDR Fund
2024-04-22 00:00:00-04:00,62.66838425039053,63.37671584664094,62.23763643826349,63.20441818237305,11729300,0.0,0.0,0.0,XLU,Utilities Select Sector SPDR Fund
2024-04-23 00:00:00-04:00,63.17569735245964,63.903177124364476,63.02254064135802,63.50114440917969,11169000,0.0,0.0,0.0,XLU,Utilities Select Sector SPDR Fund
2024-04-24 00:00:00-04:00,62.9268218452266,64.09461621639822,62.610948906184866,63.884029388427734,13063500,0.0,0.0,0.0,XLU,Utilities Select Sector SPDR Fund
2024-04-25 00:00:00-04:00,63.73088075656401,64.31477794927352,63.17569862203463,64.05632781982422,15781200,0.0,0.0,0.0,XLU,Utilities Select Sector SPDR Fund
2024-04-26 00:00:00-04:00,64.05632807642247,64.14248055422205,63.32885558989821,63.35757064819336,12273700,0.0,0.0,0.0,XLU,Utilities Select Sector SPDR Fund
2024-04-29 00:00:00-04:00,63.79788121317608,64.33391507521524,63.740443797305,64.21904754638672,14684100,0.0,0.0,0.0,XLU,Utilities Select Sector SPDR Fund
2024-04-30 00:00:00-04:00,63.86488845084587,64.38178140052416,63.44371479490489,63.884029388427734,14862400,0.0,0.0,0.0,XLU,Utilities Select Sector SPDR Fund
2024-05-01 00:00:00-04:00,63.87446537262803,65.20498333180102,63.62558935566412,64.62108612060547,21185900,0.0,0.0,0.0,XLU,Utilities Select Sector SPDR Fund
2024-05-02 00:00:00-04:00,64.88910462205968,65.12840652405744,64.3722116373948,64.96568298339844,14304700,0.0,0.0,0.0,XLU,Utilities Select Sector SPDR Fund
2024-05-03 00:00:00-04:00,65.47300797049377,65.69316165128934,64.89868481256882,65.48258209228516,14908500,0.0,0.0,0.0,XLU,Utilities Select Sector SPDR Fund
2024-05-06 00:00:00-04:00,65.68358034229661,65.88459303808021,65.28154764781584,65.81758880615234,10610700,0.0,0.0,0.0,XLU,Utilities Select Sector SPDR Fund
2024-05-07 00:00:00-04:00,66.0951869399871,66.62164673217552,65.95160434105777,66.56421661376953,14404100,0.0,0.0,0.0,XLU,Utilities Select Sector SPDR Fund
2024-05-08 00:00:00-04:00,66.42062997271489,67.30125914828176,66.25790644519111,67.26296997070312,13854100,0.0,0.0,0.0,XLU,Utilities Select Sector SPDR Fund
2024-05-09 00:00:00-04:00,67.21511033704391,68.35418957387095,67.07152775462575,68.28717803955078,24274600,0.0,0.0,0.0,XLU,Utilities Select Sector SPDR Fund
2024-05-10 00:00:00-04:00,68.6700730790853,68.7753665022316,68.0287457220411,68.22018432617188,19564600,0.0,0.0,0.0,XLU,Utilities Select Sector SPDR Fund
2024-05-13 00:00:00-04:00,68.44991941462636,68.78494062331254,68.0861758426974,68.22018432617188,10609600,0.0,0.0,0.0,XLU,Utilities Select Sector SPDR Fund
2024-05-14 00:00:00-04:00,68.51691373120114,68.61263301940092,68.01916174790063,68.40204620361328,11783200,0.0,0.0,0.0,XLU,Utilities Select Sector SPDR Fund
2024-05-15 00:00:00-04:00,69.11038166007289,69.61770779213914,68.99552142881667,69.42626190185547,14588300,0.0,0.0,0.0,XLU,Utilities Select Sector SPDR Fund
2024-05-16 00:00:00-04:00,69.46455702988567,69.79001141978766,69.0816725194364,69.18696594238281,12661200,0.0,0.0,0.0,XLU,Utilities Select Sector SPDR Fund
2024-05-17 00:00:00-04:00,69.1008171012566,69.4071232328079,68.86151520776608,69.24439239501953,10857800,0.0,0.0,0.0,XLU,Utilities Select Sector SPDR Fund
2024-05-20 00:00:00-04:00,69.3975488114329,69.3975488114329,68.97637514378269,69.12953186035156,6915200,0.0,0.0,0.0,XLU,Utilities Select Sector SPDR Fund
2024-05-21 00:00:00-04:00,69.09124106907724,69.78043167172763,69.07210013140985,69.75171661376953,8131700,0.0,0.0,0.0,XLU,Utilities Select Sector SPDR Fund
2024-05-22 00:00:00-04:00,69.36883481514407,69.60813671126205,68.86151596384026,68.92852020263672,10564400,0.0,0.0,0.0,XLU,Utilities Select Sector SPDR Fund
2024-05-23 00:00:00-04:00,68.8232279497024,68.8232279497024,67.72243774833387,67.76072692871094,14359300,0.0,0.0,0.0,XLU,Utilities Select Sector SPDR Fund
2024-05-24 00:00:00-04:00,67.93301931426086,68.70835507368031,67.80857766196914,68.44033813476562,8183400,0.0,0.0,0.0,XLU,Utilities Select Sector SPDR Fund
2024-05-28 00:00:00-04:00,68.50734526711763,68.78493633785293,68.22975419638232,68.37333679199219,8882600,0.0,0.0,0.0,XLU,Utilities Select Sector SPDR Fund
2024-05-29 00:00:00-04:00,67.77986418166917,67.86601665856132,67.24383029136798,67.49270629882812,14059300,0.0,0.0,0.0,XLU,Utilities Select Sector SPDR Fund
2024-05-30 00:00:00-04:00,67.71285564391323,68.44990949916995,67.58842129954488,68.40204620361328,9064800,0.0,0.0,0.0,XLU,Utilities Select Sector SPDR Fund
2024-05-31 00:00:00-04:00,68.63177565727436,69.67513564238365,68.33504366562495,69.6081314086914,12388800,0.0,0.0,0.0,XLU,Utilities Select Sector SPDR Fund
2024-06-03 00:00:00-04:00,69.49326083628428,69.56026506704352,68.56476842225393,68.81364440917969,18457900,0.0,0.0,0.0,XLU,Utilities Select Sector SPDR Fund
2024-06-04 00:00:00-04:00,68.6413600182153,69.02424454054454,68.02874770365443,68.78494262695312,14709800,0.0,0.0,0.0,XLU,Utilities Select Sector SPDR Fund
2024-06-05 00:00:00-04:00,68.70836686286354,68.76579698736676,68.2776263232592,68.39248657226562,8960200,0.0,0.0,0.0,XLU,Utilities Select Sector SPDR Fund
2024-06-06 00:00:00-04:00,68.23933287435021,68.6413583265765,67.58843139330614,67.68415069580078,9092400,0.0,0.0,0.0,XLU,Utilities Select Sector SPDR Fund
2024-06-07 00:00:00-04:00,67.10023954057192,67.6362806686163,66.9279419106493,66.94709014892578,8143400,0.0,0.0,0.0,XLU,Utilities Select Sector SPDR Fund
2024-06-10 00:00:00-04:00,66.93753096047485,67.9234536671466,66.76523329212053,67.80858612060547,9795700,0.0,0.0,0.0,XLU,Utilities Select Sector SPDR Fund
2024-06-11 00:00:00-04:00,67.23425707935864,67.49270721061252,66.82265753577005,67.39698791503906,11347400,0.0,0.0,0.0,XLU,Utilities Select Sector SPDR Fund
2024-06-12 00:00:00-04:00,68.24890107076196,68.25846788814066,66.73651139272792,66.9566650390625,12456100,0.0,0.0,0.0,XLU,Utilities Select Sector SPDR Fund
2024-06-13 00:00:00-04:00,67.06196183331552,67.35870115403293,66.41106037597244,67.10982513427734,11487000,0.0,0.0,0.0,XLU,Utilities Select Sector SPDR Fund
2024-06-14 00:00:00-04:00,66.71735510708685,67.03323531243052,66.43977137829613,66.94709014892578,10140300,0.0,0.0,0.0,XLU,Utilities Select Sector SPDR Fund
2024-06-17 00:00:00-04:00,66.59292934362037,66.74608605789822,66.14304062407182,66.21004486083984,10513200,0.0,0.0,0.0,XLU,Utilities Select Sector SPDR Fund
2024-06-18 00:00:00-04:00,65.67402049695382,66.25791777477046,65.61659037222272,66.23876953125,12286800,0.0,0.0,0.0,XLU,Utilities Select Sector SPDR Fund
2024-06-20 00:00:00-04:00,66.44935152169876,66.94710357593318,66.22919785775687,66.81309509277344,13974000,0.0,0.0,0.0,XLU,Utilities Select Sector SPDR Fund
2024-06-21 00:00:00-04:00,67.06195871544237,67.13853707225522,66.37276810995486,66.4206314086914,9495400,0.0,0.0,0.0,XLU,Utilities Select Sector SPDR Fund
2024-06-24 00:00:00-04:00,66.4061623507905,67.51582797662331,66.3579131385297,67.29389190673828,8978400,0.555,0.0,0.0,XLU,Utilities Select Sector SPDR Fund
2024-06-25 00:00:00-04:00,67.15880138864158,67.34213955682422,66.4447587068821,66.65704345703125,12549700,0.0,0.0,0.0,XLU,Utilities Select Sector SPDR Fund
2024-06-26 00:00:00-04:00,66.4061591056375,66.52195279232708,65.9815896162382,66.37721252441406,6941000,0.0,0.0,0.0,XLU,Utilities Select Sector SPDR Fund
2024-06-27 00:00:00-04:00,66.4351033230323,66.5798435857953,66.03948779072866,66.49300384521484,5449800,0.0,0.0,0.0,XLU,Utilities Select Sector SPDR Fund
2024-06-28 00:00:00-04:00,66.49299649791305,66.57983622889796,65.44122424239575,65.75,11531500,0.0,0.0,0.0,XLU,Utilities Select Sector SPDR Fund
2024-07-01 00:00:00-04:00,66.43510568303674,66.55089936971966,65.2289490534907,65.29649353027344,8378900,0.0,0.0,0.0,XLU,Utilities Select Sector SPDR Fund
2024-07-02 00:00:00-04:00,65.45087789773831,65.75965366639329,65.34473553709486,65.63420867919922,8362100,0.0,0.0,0.0,XLU,Utilities Select Sector SPDR Fund
2024-07-03 00:00:00-04:00,65.73070648000599,66.49299826221045,65.60526149397295,66.02983093261719,6620600,0.0,0.0,0.0,XLU,Utilities Select Sector SPDR Fund
2024-07-05 00:00:00-04:00,66.13597856885649,66.42545173137695,65.83685409238002,66.1456298828125,6915300,0.0,0.0,0.0,XLU,Utilities Select Sector SPDR Fund
2024-07-08 00:00:00-04:00,66.20352922713464,66.42545793628481,65.96229788826933,66.21318054199219,6817200,0.0,0.0,0.0,XLU,Utilities Select Sector SPDR Fund
2024-07-09 00:00:00-04:00,66.21318394038161,66.96582457838318,66.14563945650445,66.40616607666016,10800600,0.0,0.0,0.0,XLU,Utilities Select Sector SPDR Fund
2024-07-10 00:00:00-04:00,66.65705064195956,67.05266624113851,66.15528529446819,67.03337097167969,6900000,0.0,0.0,0.0,XLU,Utilities Select Sector SPDR Fund
2024-07-11 00:00:00-04:00,67.37108999392552,68.4421577587518,67.34214341030261,68.25881958007812,14883200,0.0,0.0,0.0,XLU,Utilities Select Sector SPDR Fund
2024-07-12 00:00:00-04:00,68.50004040463831,69.20443906572059,68.20091593741745,68.76057434082031,8262100,0.0,0.0,0.0,XLU,Utilities Select Sector SPDR Fund
2024-07-15 00:00:00-04:00,67.98863601489596,68.20092075959607,66.98511281563822,67.09125518798828,14913800,0.0,0.0,0.0,XLU,Utilities Select Sector SPDR Fund
2024-07-16 00:00:00-04:00,67.49652625238761,67.72811364019053,67.29389280940727,67.61231994628906,7504600,0.0,0.0,0.0,XLU,Utilities Select Sector SPDR Fund
2024-07-17 00:00:00-04:00,67.54476705807895,68.50969230176578,67.3710802197435,67.65090942382812,13758000,0.0,0.0,0.0,XLU,Utilities Select Sector SPDR Fund
2024-07-18 00:00:00-04:00,67.56407126247021,68.2491747545068,67.4772315127113,67.59302520751953,6771300,0.0,0.0,0.0,XLU,Utilities Select Sector SPDR Fund
2024-07-19 00:00:00-04:00,67.71846100395878,67.88249654577137,67.2649449139389,67.67021179199219,6492700,0.0,0.0,0.0,XLU,Utilities Select Sector SPDR Fund
2024-07-22 00:00:00-04:00,68.02724007736413,68.39390907576134,67.79566004478677,68.2395248413086,6482700,0.0,0.0,0.0,XLU,Utilities Select Sector SPDR Fund
2024-07-23 00:00:00-04:00,68.10442957091578,68.22986720990889,67.76670718762988,67.81494903564453,6343200,0.0,0.0,0.0,XLU,Utilities Select Sector SPDR Fund
2024-07-24 00:00:00-04:00,68.29741837129016,68.84742555270175,67.88250015641498,68.5772476196289,12642400,0.0,0.0,0.0,XLU,Utilities Select Sector SPDR Fund
2024-07-25 00:00:00-04:00,68.89567175869426,69.26234074302475,67.71846164874344,68.00794219970703,13333000,0.0,0.0,0.0,XLU,Utilities Select Sector SPDR Fund
2024-07-26 00:00:00-04:00,68.54829130939875,68.80881789023992,68.29740868065858,68.6737289428711,8353200,0.0,0.0,0.0,XLU,Utilities Select Sector SPDR Fund
2024-07-29 00:00:00-04:00,68.93427157576129,69.20444950455914,68.37461308793921,68.98251342773438,7575600,0.0,0.0,0.0,XLU,Utilities Select Sector SPDR Fund
2024-07-30 00:00:00-04:00,68.90532509681968,69.39743174139291,68.76058481708785,69.33953857421875,8348200,0.0,0.0,0.0,XLU,Utilities Select Sector SPDR Fund
2024-07-31 00:00:00-04:00,70.31411901931753,70.39130745906479,69.56147099695788,70.23692321777344,10882700,0.0,0.0,0.0,XLU,Utilities Select Sector SPDR Fund
2024-08-01 00:00:00-04:00,70.37200050039341,71.59745235871493,70.28515339763288,71.50096130371094,16283700,0.0,0.0,0.0,XLU,Utilities Select Sector SPDR Fund
2024-08-02 00:00:00-04:00,72.40799102831843,72.90974891486607,70.64217606898791,71.61675262451172,24128600,0.0,0.0,0.0,XLU,Utilities Select Sector SPDR Fund
2024-08-05 00:00:00-04:00,71.99307492443619,71.99307492443619,69.64830622579271,69.72550201416016,20549900,0.0,0.0,0.0,XLU,Utilities Select Sector SPDR Fund
2024-08-06 00:00:00-04:00,69.99568268396511,71.12464352682039,69.94743347387556,70.3141098022461,14643200,0.0,0.0,0.0,XLU,Utilities Select Sector SPDR Fund
2024-08-07 00:00:00-04:00,70.89306258805932,71.53956076875542,70.43954652160822,70.70972442626953,12379400,0.0,0.0,0.0,XLU,Utilities Select Sector SPDR Fund
2024-08-08 00:00:00-04:00,70.4395601367051,71.22114742080304,70.23692666904257,70.78693389892578,11680200,0.0,0.0,0.0,XLU,Utilities Select Sector SPDR Fund
2024-08-09 00:00:00-04:00,70.96061561091427,71.124651163959,69.81235201600795,71.02816009521484,8354200,0.0,0.0,0.0,XLU,Utilities Select Sector SPDR Fund
2024-08-12 00:00:00-04:00,71.04744497267566,71.18253392151837,70.62288285993955,71.1535873413086,7513500,0.0,0.0,0.0,XLU,Utilities Select Sector SPDR Fund
2024-08-13 00:00:00-04:00,71.45272563159855,71.63605644340974,71.13429849695287,71.56851196289062,8537500,0.0,0.0,0.0,XLU,Utilities Select Sector SPDR Fund
2024-08-14 00:00:00-04:00,71.40446998921365,71.9448257847088,70.98955182858829,71.520263671875,8083000,0.0,0.0,0.0,XLU,Utilities Select Sector SPDR Fund
2024-08-15 00:00:00-04:00,71.10535322659234,71.72290487753631,70.86412188288621,71.5106201171875,9403800,0.0,0.0,0.0,XLU,Utilities Select Sector SPDR Fund
2024-08-16 00:00:00-04:00,71.58780920624095,72.07027184844655,71.2790334097012,71.82904052734375,6761400,0.0,0.0,0.0,XLU,Utilities Select Sector SPDR Fund
2024-08-19 00:00:00-04:00,71.89658252657054,72.35009857251144,71.83868200547897,72.30184936523438,5752700,0.0,0.0,0.0,XLU,Utilities Select Sector SPDR Fund
2024-08-20 00:00:00-04:00,72.30185251808278,72.54308384139658,72.07027250900435,72.1474609375,7994900,0.0,0.0,0.0,XLU,Utilities Select Sector SPDR Fund
2024-08-21 00:00:00-04:00,72.2536003104044,72.88080319735248,72.15710925744212,72.65887451171875,6725900,0.0,0.0,0.0,XLU,Utilities Select Sector SPDR Fund
2024-08-22 00:00:00-04:00,72.73607229047359,72.89046388450353,72.28256354705252,72.57203674316406,7324000,0.0,0.0,0.0,XLU,Utilities Select Sector SPDR Fund
2024-08-23 00:00:00-04:00,72.82290740876189,73.12203187068415,72.56237347719494,72.774658203125,7525200,0.0,0.0,0.0,XLU,Utilities Select Sector SPDR Fund
2024-08-26 00:00:00-04:00,73.0255614564635,73.54662210504138,73.01591014024986,73.24749755859375,6668200,0.0,0.0,0.0,XLU,Utilities Select Sector SPDR Fund
2024-08-27 00:00:00-04:00,73.09308753127333,73.3536141090265,72.63957148685539,72.66851806640625,8333400,0.0,0.0,0.0,XLU,Utilities Select Sector SPDR Fund
2024-08-28 00:00:00-04:00,72.89045411262188,73.29572094992477,72.61062490730453,72.66851806640625,5241400,0.0,0.0,0.0,XLU,Utilities Select Sector SPDR Fund
2024-08-29 00:00:00-04:00,72.90975636110055,73.13169242857143,72.19571367054418,73.06414794921875,6379100,0.0,0.0,0.0,XLU,Utilities Select Sector SPDR Fund
2024-08-30 00:00:00-04:00,73.19923283325069,73.72029337145032,72.92905493087954,73.61415100097656,8503700,0.0,0.0,0.0,XLU,Utilities Select Sector SPDR Fund
2024-09-03 00:00:00-04:00,73.633448505086,74.03872273275385,73.27643084973042,73.50801086425781,11813500,0.0,0.0,0.0,XLU,Utilities Select Sector SPDR Fund
2024-09-04 00:00:00-04:00,73.86504544311651,74.69488191120621,73.76854700959227,74.13522338867188,13651600,0.0,0.0,0.0,XLU,Utilities Select Sector SPDR Fund
2024-09-05 00:00:00-04:00,74.69487037663559,74.79136143346257,73.72994508477441,73.95187377929688,7772700,0.0,0.0,0.0,XLU,Utilities Select Sector SPDR Fund
2024-09-06 00:00:00-04:00,74.11592461109295,74.27031622332221,73.23784624238012,73.24749755859375,9802900,0.0,0.0,0.0,XLU,Utilities Select Sector SPDR Fund
2024-09-09 00:00:00-04:00,73.56590140655948,74.00012220034908,73.14133928868416,73.99047088623047,7183100,0.0,0.0,0.0,XLU,Utilities Select Sector SPDR Fund
2024-09-10 00:00:00-04:00,74.12556771562778,74.64662830648223,73.8746850544468,74.33785247802734,11627700,0.0,0.0,0.0,XLU,Utilities Select Sector SPDR Fund
2024-09-11 00:00:00-04:00,74.34749878942307,74.64662328260177,73.47906452977986,74.56942749023438,10383300,0.0,0.0,0.0,XLU,Utilities Select Sector SPDR Fund
2024-09-12 00:00:00-04:00,74.73346710205078,74.8589121119359,74.27030704618741,74.73346710205078,9667500,0.0,0.0,0.0,XLU,Utilities Select Sector SPDR Fund
2024-09-13 00:00:00-04:00,74.98434279292489,75.80452781039833,74.69486962535551,75.78523254394531,8119400,0.0,0.0,0.0,XLU,Utilities Select Sector SPDR Fund
2024-09-16 00:00:00-04:00,76.02645916304382,76.57646624538872,75.8238257497373,76.36418151855469,9955300,0.0,0.0,0.0,XLU,Utilities Select Sector SPDR Fund
2024-09-17 00:00:00-04:00,76.40278836344204,76.59577048583391,76.0554146536998,76.3062973022461,13981500,0.0,0.0,0.0,XLU,Utilities Select Sector SPDR Fund
2024-09-18 00:00:00-04:00,76.1712131264419,76.3834978914784,75.39926986481761,75.72734832763672,23517400,0.0,0.0,0.0,XLU,Utilities Select Sector SPDR Fund
2024-09-19 00:00:00-04:00,75.45715700571108,75.63084385761358,74.66591853855438,75.2834701538086,20768200,0.0,0.0,0.0,XLU,Utilities Select Sector SPDR Fund
2024-09-20 00:00:00-04:00,76.22910381483055,77.43526052076142,76.12296143576494,77.27122497558594,22139600,0.0,0.0,0.0,XLU,Utilities Select Sector SPDR Fund
2024-09-23 00:00:00-04:00,77.74626990561187,78.10571428697335,77.46454443022306,78.03771209716797,11670300,0.539,0.0,0.0,XLU,Utilities Select Sector SPDR Fund
2024-09-24 00:00:00-04:00,77.60054157850318,78.46514394475201,77.3188161293674,77.48397064208984,14052600,0.0,0.0,0.0,XLU,Utilities Select Sector SPDR Fund
2024-09-25 00:00:00-04:00,77.91140905089084,78.12513231460814,77.21196120374609,77.89198303222656,8179600,0.0,0.0,0.0,XLU,Utilities Select Sector SPDR Fund
2024-09-26 00:00:00-04:00,77.74626071727542,78.0862716261186,77.14395779637664,77.35767364501953,9897300,0.0,0.0,0.0,XLU,Utilities Select Sector SPDR Fund
2024-09-27 00:00:00-04:00,77.67827234007468,78.3388682568027,77.60055342947533,78.1251449584961,7402000,0.0,0.0,0.0,XLU,Utilities Select Sector SPDR Fund
2024-09-30 00:00:00-04:00,78.28057130867509,78.52343730994673,77.58111603914367,78.47486114501953,9507100,0.0,0.0,0.0,XLU,Utilities Select Sector SPDR Fund
2024-10-01 00:00:00-04:00,78.38744187180195,79.22290160428368,77.91141911867149,79.1063232421875,12181200,0.0,0.0,0.0,XLU,Utilities Select Sector SPDR Fund
2024-10-02 00:00:00-04:00,78.60115465876113,79.29089319936571,78.46514288198424,79.14517211914062,8245800,0.0,0.0,0.0,XLU,Utilities Select Sector SPDR Fund
2024-10-03 00:00:00-04:00,79.58232638557757,79.71833074800207,78.92173059165205,79.11602783203125,12102700,0.0,0.0,0.0,XLU,Utilities Select Sector SPDR Fund
2024-10-04 00:00:00-04:00,78.43600425981953,79.07717408174663,78.18342894665044,78.98973846435547,12541400,0.0,0.0,0.0,XLU,Utilities Select Sector SPDR Fund
2024-10-07 00:00:00-04:00,78.72744426631161,78.7760130198063,76.96909677980453,77.17310333251953,17642000,0.0,0.0,0.0,XLU,Utilities Select Sector SPDR Fund
2024-10-08 00:00:00-04:00,77.51311895792497,77.75598497518442,77.20225075230019,77.21196746826172,13011100,0.0,0.0,0.0,XLU,Utilities Select Sector SPDR Fund
2024-10-09 00:00:00-04:00,76.99824895278677,77.2313982685148,76.1142130376399,76.55137634277344,17144000,0.0,0.0,0.0,XLU,Utilities Select Sector SPDR Fund
2024-10-10 00:00:00-04:00,76.62908262019238,77.23139300744992,76.27935496458252,76.3182144165039,13163300,0.0,0.0,0.0,XLU,Utilities Select Sector SPDR Fund
2024-10-11 00:00:00-04:00,76.06563751465326,76.988525390625,75.82277150395728,76.988525390625,9666300,0.0,0.0,0.0,XLU,Utilities Select Sector SPDR Fund
2024-10-14 00:00:00-04:00,77.10509819773205,78.02798600731971,76.95937711945982,77.9599838256836,9020900,0.0,0.0,0.0,XLU,Utilities Select Sector SPDR Fund
2024-10-15 00:00:00-04:00,78.29999855552184,78.88287548537788,78.22227965509244,78.3097152709961,13213800,0.0,0.0,0.0,XLU,Utilities Select Sector SPDR Fund
2024-10-16 00:00:00-04:00,78.69830554142547,80.0194972553818,78.34857788704393,79.86405944824219,9549800,0.0,0.0,0.0,XLU,Utilities Select Sector SPDR Fund
2024-10-17 00:00:00-04:00,80.12635599215528,80.1457820115027,79.09659908636655,79.15489196777344,11763600,0.0,0.0,0.0,XLU,Utilities Select Sector SPDR Fund
2024-10-18 00:00:00-04:00,79.08688903755181,79.6503325335072,78.73716139913412,79.6114730834961,7017600,0.0,0.0,0.0,XLU,Utilities Select Sector SPDR Fund
2024-10-21 00:00:00-04:00,79.7960621795162,80.02921149291537,78.98974518156041,79.30061340332031,7405800,0.0,0.0,0.0,XLU,Utilities Select Sector SPDR Fund
2024-10-22 00:00:00-04:00,78.76629982832736,79.18402962851066,78.3874294760311,79.01887512207031,8559600,0.0,0.0,0.0,XLU,Utilities Select Sector SPDR Fund
2024-10-23 00:00:00-04:00,79.077171318952,79.80576932113212,78.93145023617954,79.77662658691406,9822500,0.0,0.0,0.0,XLU,Utilities Select Sector SPDR Fund
2024-10-24 00:00:00-04:00,79.78634075050375,79.9514952739363,78.99945723195661,79.26174926757812,6546000,0.0,0.0,0.0,XLU,Utilities Select Sector SPDR Fund
2024-10-25 00:00:00-04:00,79.66005531548515,79.72805750526277,78.0279953491396,78.0862808227539,8759100,0.0,0.0,0.0,XLU,Utilities Select Sector SPDR Fund
2024-10-28 00:00:00-04:00,78.50401358001494,79.09660728927888,78.31944043618473,78.69831085205078,7311400,0.0,0.0,0.0,XLU,Utilities Select Sector SPDR Fund
2024-10-29 00:00:00-04:00,77.82399433756243,77.83371105441967,76.99825128509778,77.0176773071289,13866500,0.0,0.0,0.0,XLU,Utilities Select Sector SPDR Fund
2024-10-30 00:00:00-04:00,77.31881610583874,77.46453718799319,76.69707973954972,76.83308410644531,10455300,0.0,0.0,0.0,XLU,Utilities Select Sector SPDR Fund
2024-10-31 00:00:00-04:00,77.02738172725847,78.20285228209683,76.96909625878651,77.62969207763672,13758000,0.0,0.0,0.0,XLU,Utilities Select Sector SPDR Fund
2024-11-01 00:00:00-04:00,77.619985467736,77.85313478365991,75.83248761449764,75.9004898071289,15430500,0.0,0.0,0.0,XLU,Utilities Select Sector SPDR Fund
2024-11-04 00:00:00-05:00,75.14273798727044,75.54104177994618,74.58900381059388,74.99701690673828,13978100,0.0,0.0,0.0,XLU,Utilities Select Sector SPDR Fund
2024-11-05 00:00:00-05:00,74.95817034925643,76.1239242553711,74.73473035454845,76.1239242553711,9508100,0.0,0.0,0.0,XLU,Utilities Select Sector SPDR Fund
2024-11-06 00:00:00-05:00,75.1427464956034,75.66733799790887,74.62787170954884,75.33704376220703,16479400,0.0,0.0,0.0,XLU,Utilities Select Sector SPDR Fund
2024-11-07 00:00:00-05:00,75.71591136462304,76.23078613161793,75.07474152609026,75.4730453491211,18851600,0.0,0.0,0.0,XLU,Utilities Select Sector SPDR Fund
2024-11-08 00:00:00-05:00,75.85191561308909,77.08567170862834,75.79362272952227,76.92052459716797,14428600,0.0,0.0,0.0,XLU,Utilities Select Sector SPDR Fund
2024-11-11 00:00:00-05:00,76.93024026567194,77.59083611420232,76.75537644071736,77.13424682617188,13005500,0.0,0.0,0.0,XLU,Utilities Select Sector SPDR Fund
2024-11-12 00:00:00-05:00,76.90109249550987,77.07594889733434,75.88105234810845,76.25020599365234,9351600,0.0,0.0,0.0,XLU,Utilities Select Sector SPDR Fund
2024-11-13 00:00:00-05:00,76.74565750142825,76.77480023612925,75.79361950166275,76.11420440673828,8205900,0.0,0.0,0.0,XLU,Utilities Select Sector SPDR Fund
2024-11-14 00:00:00-05:00,76.21135040077132,76.59993749618846,75.73533510001857,75.85191345214844,8853700,0.0,0.0,0.0,XLU,Utilities Select Sector SPDR Fund
2024-11-15 00:00:00-05:00,75.91019971020026,77.08567031256689,75.76447862144619,76.988525390625,11965700,0.0,0.0,0.0,XLU,Utilities Select Sector SPDR Fund
2024-11-18 00:00:00-05:00,76.9205216320484,77.87255963565981,76.82337671209189,77.6588363647461,7330100,0.0,0.0,0.0,XLU,Utilities Select Sector SPDR Fund
2024-11-19 00:00:00-05:00,77.36739808974534,78.16399833220065,76.9982444106455,78.15428161621094,5875200,0.0,0.0,0.0,XLU,Utilities Select Sector SPDR Fund
2024-11-20 00:00:00-05:00,78.29999975937145,78.56229919943296,77.80455102611934,78.1931381225586,6098400,0.0,0.0,0.0,XLU,Utilities Select Sector SPDR Fund
2024-11-21 00:00:00-05:00,78.30971931432671,79.65033706338333,77.93084891977412,79.55319213867188,10882000,0.0,0.0,0.0,XLU,Utilities Select Sector SPDR Fund
2024-11-22 00:00:00-05:00,79.80576160517094,79.92233253077262,79.09658969047459,79.125732421875,7880700,0.0,0.0,0.0,XLU,Utilities Select Sector SPDR Fund
2024-11-25 00:00:00-05:00,79.75720116644713,79.90292226385458,78.68859213826408,79.27146911621094,7126900,0.0,0.0,0.0,XLU,Utilities Select Sector SPDR Fund
2024-11-26 00:00:00-05:00,79.49490419572047,80.58293917736832,79.2908976366615,80.53437042236328,8687400,0.0,0.0,0.0,XLU,Utilities Select Sector SPDR Fund
2024-11-27 00:00:00-05:00,80.77723643243574,81.02981915818218,80.45665152033631,80.53437042236328,8578300,0.0,0.0,0.0,XLU,Utilities Select Sector SPDR Fund
2024-11-29 00:00:00-05:00,80.79665635688808,80.85494923485197,80.3886432695502,80.56350708007812,4617400,0.0,0.0,0.0,XLU,Utilities Select Sector SPDR Fund
2024-12-02 00:00:00-05:00,80.5538006182832,80.5829433551336,78.80516970211445,78.83431243896484,11042100,0.0,0.0,0.0,XLU,Utilities Select Sector SPDR Fund
2024-12-03 00:00:00-05:00,79.31032623345905,79.56290896741298,78.13485559591417,78.15428161621094,9426800,0.0,0.0,0.0,XLU,Utilities Select Sector SPDR Fund
2024-12-04 00:00:00-05:00,78.3971447098224,78.59144196395575,77.84341050598657,78.14456939697266,12084700,0.0,0.0,0.0,XLU,Utilities Select Sector SPDR Fund
2024-12-05 00:00:00-05:00,78.23199049450763,78.8245840953278,78.0279839549652,78.3874282836914,7113000,0.0,0.0,0.0,XLU,Utilities Select Sector SPDR Fund
2024-12-06 00:00:00-05:00,78.4262933152209,78.61086643841676,77.27024876381758,77.41596984863281,7114300,0.0,0.0,0.0,XLU,Utilities Select Sector SPDR Fund
2024-12-09 00:00:00-05:00,77.41597550102924,77.52283714358391,76.39593524452835,76.44451141357422,10526900,0.0,0.0,0.0,XLU,Utilities Select Sector SPDR Fund
2024-12-10 00:00:00-05:00,76.31820907635729,76.31820907635729,75.27874289816238,75.8907699584961,10159500,0.0,0.0,0.0,XLU,Utilities Select Sector SPDR Fund
2024-12-11 00:00:00-05:00,76.09478610417644,76.1530715794891,75.27875239138413,75.41475677490234,7379800,0.0,0.0,0.0,XLU,Utilities Select Sector SPDR Fund
2024-12-12 00:00:00-05:00,75.77418879050246,76.0170547802156,75.30788282911321,75.37588500976562,7712500,0.0,0.0,0.0,XLU,Utilities Select Sector SPDR Fund
2024-12-13 00:00:00-05:00,75.48276210126826,75.82278048586691,75.29818895121899,75.42447662353516,6904200,0.0,0.0,0.0,XLU,Utilities Select Sector SPDR Fund
2024-12-16 00:00:00-05:00,75.49247138816858,75.68676864762847,74.79301607747823,74.82215881347656,8060500,0.0,0.0,0.0,XLU,Utilities Select Sector SPDR Fund
2024-12-17 00:00:00-05:00,74.35585349267669,74.82215204986373,74.210132414175,74.51128387451172,7938400,0.0,0.0,0.0,XLU,Utilities Select Sector SPDR Fund
2024-12-18 00:00:00-05:00,74.46272381617946,74.5695854587778,72.70436877722335,72.75294494628906,14905900,0.0,0.0,0.0,XLU,Utilities Select Sector SPDR Fund
2024-12-19 00:00:00-05:00,72.8209448776027,73.9089872904595,72.80151885758855,73.08324432373047,13538200,0.0,0.0,0.0,XLU,Utilities Select Sector SPDR Fund
2024-12-20 00:00:00-05:00,72.66550928724777,74.41414001912403,72.56835695907516,74.24899291992188,12594300,0.0,0.0,0.0,XLU,Utilities Select Sector SPDR Fund
2024-12-23 00:00:00-05:00,74.06092381981469,74.56047717326534,73.33608682770974,74.50170135498047,10057200,0.628,0.0,0.0,XLU,Utilities Select Sector SPDR Fund
2024-12-24 00:00:00-05:00,74.50171554109022,74.93270341617897,74.27643185953893,74.91311645507812,4505100,0.0,0.0,0.0,XLU,Utilities Select Sector SPDR Fund
2024-12-26 00:00:00-05:00,74.59966239017231,74.94249020990755,74.43313961508434,74.7367935180664,5057000,0.0,0.0,0.0,XLU,Utilities Select Sector SPDR Fund
2024-12-27 00:00:00-05:00,74.3449887478728,74.73679518190114,74.04133483813062,74.52130126953125,6902700,0.0,0.0,0.0,XLU,Utilities Select Sector SPDR Fund
2024-12-30 00:00:00-05:00,74.18826842072227,74.3939651316594,73.53199689443424,74.2078628540039,8435000,0.0,0.0,0.0,XLU,Utilities Select Sector SPDR Fund
2024-12-31 00:00:00-05:00,74.35478376194547,74.58006741050725,73.78666482308248,74.13928985595703,6302700,0.0,0.0,0.0,XLU,Utilities Select Sector SPDR Fund
2025-01-02 00:00:00-05:00,74.67802091495787,75.08942178945516,74.16867777127088,74.70740509033203,12051700,0.0,0.0,0.0,XLU,Utilities Select Sector SPDR Fund
2025-01-03 00:00:00-05:00,75.13839407285755,75.90241253661242,74.81515319262697,75.50081634521484,8883500,0.0,0.0,0.0,XLU,Utilities Select Sector SPDR Fund
2025-01-06 00:00:00-05:00,75.50081321997517,75.5595815691894,74.41355392099514,74.65843200683594,12811900,0.0,0.0,0.0,XLU,Utilities Select Sector SPDR Fund
2025-01-07 00:00:00-05:00,74.9131055848635,75.23633897119048,74.27642108170998,74.47232055664062,11428200,0.0,0.0,0.0,XLU,Utilities Select Sector SPDR Fund
2025-01-08 00:00:00-05:00,74.34498894440912,74.53109120942278,73.22834546198247,74.4527359008789,13422900,0.0,0.0,0.0,XLU,Utilities Select Sector SPDR Fund
2025-01-10 00:00:00-05:00,74.6878190480882,75.26572776577225,73.67892249139473,74.03154754638672,15608500,0.0,0.0,0.0,XLU,Utilities Select Sector SPDR Fund
2025-01-13 00:00:00-05:00,73.9531838067269,74.03154658973169,72.3957627282097,73.16957092285156,12445800,0.0,0.0,0.0,XLU,Utilities Select Sector SPDR Fund
2025-01-14 00:00:00-05:00,73.45362781173802,74.35478483828788,73.26752555003343,74.1294937133789,9837500,0.0,0.0,0.0,XLU,Utilities Select Sector SPDR Fund
2025-01-15 00:00:00-05:00,75.42245543699421,75.96119025077881,75.13839594182474,75.21675872802734,10680200,0.0,0.0,0.0,XLU,Utilities Select Sector SPDR Fund
2025-01-16 00:00:00-05:00,75.17757424704915,77.14639619927317,75.14819007170176,77.11701202392578,15207500,0.0,0.0,0.0,XLU,Utilities Select Sector SPDR Fund
2025-01-17 00:00:00-05:00,77.068036234883,77.57737939673379,76.82315813391719,77.2247543334961,7334400,0.0,0.0,0.0,XLU,Utilities Select Sector SPDR Fund
2025-01-21 00:00:00-05:00,78.09652186642383,78.79197472847163,77.90061491529949,78.40996551513672,10816700,0.0,0.0,0.0,XLU,Utilities Select Sector SPDR Fund
2025-01-22 00:00:00-05:00,78.6254544526236,78.6254544526236,76.67622693372418,76.71540832519531,11822400,0.0,0.0,0.0,XLU,Utilities Select Sector SPDR Fund
2025-01-23 00:00:00-05:00,76.99947229549915,77.63615686610522,76.86234115390236,77.07783508300781,10792500,0.0,0.0,0.0,XLU,Utilities Select Sector SPDR Fund
2025-01-24 00:00:00-05:00,76.96028536427384,78.08672606612893,76.79377005761417,77.86143493652344,8384800,0.0,0.0,0.0,XLU,Utilities Select Sector SPDR Fund
2025-01-27 00:00:00-05:00,76.29421630843909,76.48032604624076,74.27642325975799,76.05913543701172,21224100,0.0,0.0,0.0,XLU,Utilities Select Sector SPDR Fund
2025-01-28 00:00:00-05:00,76.01995921500775,76.01995921500775,74.34499388016695,75.01106262207031,14270100,0.0,0.0,0.0,XLU,Utilities Select Sector SPDR Fund
2025-01-29 00:00:00-05:00,74.9914654876575,76.02975369307345,74.91311017673395,75.16777801513672,9565400,0.0,0.0,0.0,XLU,Utilities Select Sector SPDR Fund
2025-01-30 00:00:00-05:00,76.03954011766471,76.85253715184199,75.97097455292001,76.73499298095703,9356300,0.0,0.0,0.0,XLU,Utilities Select Sector SPDR Fund
2025-01-31 00:00:00-05:00,76.80357168300584,76.87213725280722,76.10811129533766,76.284423828125,9834800,0.0,0.0,0.0,XLU,Utilities Select Sector SPDR Fund
2025-02-03 00:00:00-05:00,75.27552621002243,76.9798756882293,75.15798950516533,76.6958236694336,14059400,0.0,0.0,0.0,XLU,Utilities Select Sector SPDR Fund
2025-02-04 00:00:00-05:00,76.25503172829426,76.38237311118452,75.25593246170097,76.01995086669922,10249100,0.0,0.0,0.0,XLU,Utilities Select Sector SPDR Fund
2025-02-05 00:00:00-05:00,76.77417647773359,77.30311405159942,76.14728916198584,76.78397369384766,7996300,0.0,0.0,0.0,XLU,Utilities Select Sector SPDR Fund
2025-02-06 00:00:00-05:00,77.11701429904014,77.11701429904014,76.14729164544981,76.6958236694336,6410400,0.0,0.0,0.0,XLU,Utilities Select Sector SPDR Fund
2025-02-07 00:00:00-05:00,76.67623178926233,77.21496661474801,76.45094811539506,76.53910064697266,7165200,0.0,0.0,0.0,XLU,Utilities Select Sector SPDR Fund
2025-02-10 00:00:00-05:00,76.75459110102284,77.40106538924066,76.3334004764694,77.3716812133789,5332100,0.0,0.0,0.0,XLU,Utilities Select Sector SPDR Fund
2025-02-11 00:00:00-05:00,77.06803586291534,77.80267016226706,76.42155409240428,77.76348876953125,5417800,0.0,0.0,0.0,XLU,Utilities Select Sector SPDR Fund
2025-02-12 00:00:00-05:00,76.76438980684865,77.81246778041077,76.42155448691214,77.62635803222656,7444400,0.0,0.0,0.0,XLU,Utilities Select Sector SPDR Fund
2025-02-13 00:00:00-05:00,77.77328153585033,77.94959405652972,77.32270675479992,77.80266571044922,8510400,0.0,0.0,0.0,XLU,Utilities Select Sector SPDR Fund
2025-02-14 00:00:00-05:00,77.76348299437308,78.39037028541674,77.43045239048124,77.47942352294922,6986000,0.0,0.0,0.0,XLU,Utilities Select Sector SPDR Fund
2025-02-18 00:00:00-05:00,77.80266560566449,78.33160316699028,77.53820056154464,78.20426177978516,7754500,0.0,0.0,0.0,XLU,Utilities Select Sector SPDR Fund
2025-02-19 00:00:00-05:00,78.11610824082004,78.85074248759891,78.03774546095632,78.61566162109375,6256600,0.0,0.0,0.0,XLU,Utilities Select Sector SPDR Fund
2025-02-20 00:00:00-05:00,78.36098739291276,78.79197521496134,77.665534526571,78.60586547851562,8695400,0.0,0.0,0.0,XLU,Utilities Select Sector SPDR Fund
2025-02-21 00:00:00-05:00,78.61566039176198,78.88012542830901,78.24344092977279,78.62545013427734,7773700,0.0,0.0,0.0,XLU,Utilities Select Sector SPDR Fund
2025-02-24 00:00:00-05:00,78.85074795669881,78.86054517313282,77.8810327761552,78.23365783691406,7487000,0.0,0.0,0.0,XLU,Utilities Select Sector SPDR Fund
2025-02-25 00:00:00-05:00,77.77328471286808,77.998568376053,76.71540954557783,77.84185028076172,10918900,0.0,0.0,0.0,XLU,Utilities Select Sector SPDR Fund
2025-02-26 00:00:00-05:00,77.98877232524534,78.85074046234894,77.73409703377247,78.16508483886719,7710900,0.0,0.0,0.0,XLU,Utilities Select Sector SPDR Fund
2025-02-27 00:00:00-05:00,77.94959790396722,78.12591043334905,76.35298792315223,76.43135070800781,12537300,0.0,0.0,0.0,XLU,Utilities Select Sector SPDR Fund
2025-02-28 00:00:00-05:00,76.93090847111608,77.62636141159783,76.51951503698665,77.59697723388672,10885000,0.0,0.0,0.0,XLU,Utilities Select Sector SPDR Fund
2025-03-03 00:00:00-05:00,77.51861740944716,77.94960529392591,77.1855867518679,77.70472717285156,9638200,0.0,0.0,0.0,XLU,Utilities Select Sector SPDR Fund
2025-03-04 00:00:00-05:00,77.70471871455801,78.1161121196411,76.32360267495375,76.44114685058594,11280900,0.0,0.0,0.0,XLU,Utilities Select Sector SPDR Fund
2025-03-05 00:00:00-05:00,75.93179659032695,76.44114721406872,75.28532230399185,75.90241241455078,10333400,0.0,0.0,0.0,XLU,Utilities Select Sector SPDR Fund
2025-03-06 00:00:00-05:00,75.31470323272666,75.38326879761047,74.10990723932731,74.32539367675781,12702900,0.0,0.0,0.0,XLU,Utilities Select Sector SPDR Fund
2025-03-07 00:00:00-05:00,74.49192670417445,76.0395507349452,74.276432764006,75.7065200805664,11617200,0.0,0.0,0.0,XLU,Utilities Select Sector SPDR Fund
2025-03-10 00:00:00-04:00,75.44204403556854,76.7643917939267,75.44204403556854,76.53910064697266,18683000,0.0,0.0,0.0,XLU,Utilities Select Sector SPDR Fund
2025-03-11 00:00:00-04:00,76.49991700756536,76.79377371703883,75.42245486130686,75.82405853271484,16320000,0.0,0.0,0.0,XLU,Utilities Select Sector SPDR Fund
2025-03-12 00:00:00-04:00,75.81425749862561,76.25503506755398,75.12859436874282,75.5889663696289,8716000,0.0,0.0,0.0,XLU,Utilities Select Sector SPDR Fund
2025-03-13 00:00:00-04:00,75.84364338705302,76.08852148045393,75.29511884922262,75.77507781982422,8400600,0.0,0.0,0.0,XLU,Utilities Select Sector SPDR Fund
2025-03-14 00:00:00-04:00,76.00036065918,77.34229528682032,75.72609839322986,77.25414276123047,9134700,0.0,0.0,0.0,XLU,Utilities Select Sector SPDR Fund
2025-03-17 00:00:00-04:00,77.23455707746042,78.02796726307066,76.85254781046135,77.57738494873047,9645200,0.0,0.0,0.0,XLU,Utilities Select Sector SPDR Fund
2025-03-18 00:00:00-04:00,77.11701329697281,77.25414443291523,76.53909710428427,77.03865051269531,9642600,0.0,0.0,0.0,XLU,Utilities Select Sector SPDR Fund
2025-03-19 00:00:00-04:00,77.07783764498836,77.43046272741145,76.80357535267862,77.32271575927734,8081700,0.0,0.0,0.0,XLU,Utilities Select Sector SPDR Fund
2025-03-20 00:00:00-04:00,77.33250025200664,77.75369087890647,77.16598493913814,77.63615417480469,8207600,0.0,0.0,0.0,XLU,Utilities Select Sector SPDR Fund
2025-03-21 00:00:00-04:00,77.332496158211,77.70471562972618,76.65663772614467,77.1365966796875,7813800,0.0,0.0,0.0,XLU,Utilities Select Sector SPDR Fund
2025-03-24 00:00:00-04:00,77.43747361139063,78.04908439263185,77.04288625336817,77.1119384765625,6998400,0.555,0.0,0.0,XLU,Utilities Select Sector SPDR Fund
2025-03-25 00:00:00-04:00,77.03301458374378,77.05274808975591,75.52372499729393,75.87885284423828,11198000,0.0,0.0,0.0,XLU,Utilities Select Sector SPDR Fund
2025-03-26 00:00:00-04:00,75.8887256837342,76.55952194552582,75.8887256837342,76.3819580078125,7582000,0.0,0.0,0.0,XLU,Utilities Select Sector SPDR Fund
2025-03-27 00:00:00-04:00,76.31290215304226,76.99356513625001,76.13533822377622,76.36222839355469,6985900,0.0,0.0,0.0,XLU,Utilities Select Sector SPDR Fund
2025-03-28 00:00:00-04:00,76.82586228710362,77.40788032945153,76.68775784169114,76.92451477050781,9539300,0.0,0.0,0.0,XLU,Utilities Select Sector SPDR Fund
2025-03-31 00:00:00-04:00,77.04288167253496,78.09839846496239,77.02315569256425,77.78273010253906,10735000,0.0,0.0,0.0,XLU,Utilities Select Sector SPDR Fund
2025-04-01 00:00:00-04:00,77.73341771112126,78.20691653019924,77.2303186304889,77.98003387451172,9042400,0.0,0.0,0.0,XLU,Utilities Select Sector SPDR Fund
2025-04-02 00:00:00-04:00,77.92083640178028,78.5225804079792,77.52624905779493,78.34501647949219,6475600,0.0,0.0,0.0,XLU,Utilities Select Sector SPDR Fund
2025-04-03 00:00:00-04:00,78.24637109425441,79.12432397857137,77.75313879852004,77.8517837524414,19325100,0.0,0.0,0.0,XLU,Utilities Select Sector SPDR Fund
2025-04-04 00:00:00-04:00,78.21678359365322,78.21678359365322,73.03784414195415,73.52120971679688,33082700,0.0,0.0,0.0,XLU,Utilities Select Sector SPDR Fund
2025-04-07 00:00:00-04:00,72.39663696289062,74.61618233039583,70.80842834227447,72.39663696289062,36581300,0.0,0.0,0.0,XLU,Utilities Select Sector SPDR Fund
2025-04-08 00:00:00-04:00,73.68890132952545,74.21173388039071,71.26219935881413,72.10069274902344,19800200,0.0,0.0,0.0,XLU,Utilities Select Sector SPDR Fund
2025-04-09 00:00:00-04:00,71.47921882382543,75.13900132100792,70.05870749458671,74.94171142578125,35027400,0.0,0.0,0.0,XLU,Utilities Select Sector SPDR Fund
2025-04-10 00:00:00-04:00,74.37942504882812,75.24751110226556,72.83067607980084,74.37942504882812,22083900,0.0,0.0,0.0,XLU,Utilities Select Sector SPDR Fund
2025-04-11 00:00:00-04:00,74.33997454099008,75.54346258441494,73.42256214117671,75.28697967529297,14420000,0.0,0.0,0.0,XLU,Utilities Select Sector SPDR Fund
2025-04-14 00:00:00-04:00,75.87885342516256,76.88505150791745,75.43494737614726,76.63843536376953,9707800,0.0,0.0,0.0,XLU,Utilities Select Sector SPDR Fund
2025-04-15 00:00:00-04:00,76.80613448598139,77.30923354013484,76.52992560170189,76.62857055664062,7628600,0.0,0.0,0.0,XLU,Utilities Select Sector SPDR Fund
2025-04-16 00:00:00-04:00,76.81600222099789,77.11193708959604,75.68156640938567,75.93804931640625,8750400,0.0,0.0,0.0,XLU,Utilities Select Sector SPDR Fund
2025-04-17 00:00:00-04:00,76.23398824141452,77.68409250570144,76.23398824141452,76.71735382080078,9464400,0.0,0.0,0.0,XLU,Utilities Select Sector SPDR Fund
2025-04-21 00:00:00-04:00,76.37208224226623,76.46086796371034,74.01443261345995,74.90225219726562,10390000,0.0,0.0,0.0,XLU,Utilities Select Sector SPDR Fund
2025-04-22 00:00:00-04:00,75.70128928508403,77.11193392664427,75.6421038190176,76.9442367553711,10850400,0.0,0.0,0.0,XLU,Utilities Select Sector SPDR Fund
2025-04-23 00:00:00-04:00,77.7038070328447,78.13785383058594,76.56937885422883,77.26976776123047,13951800,0.0,0.0,0.0,XLU,Utilities Select Sector SPDR Fund
2025-04-24 00:00:00-04:00,77.21058151638486,77.7432733075623,76.65816374455392,77.38814544677734,8414000,0.0,0.0,0.0,XLU,Utilities Select Sector SPDR Fund
2025-04-25 00:00:00-04:00,77.45719933160464,77.50652557348924,76.80613659026949,77.15139770507812,7037300,0.0,0.0,0.0,XLU,Utilities Select Sector SPDR Fund
2025-04-28 00:00:00-04:00,77.19085399090329,77.78273123832369,76.65816221038668,77.6249008178711,5542400,0.0,0.0,0.0,XLU,Utilities Select Sector SPDR Fund
2025-04-29 00:00:00-04:00,77.51639070141313,78.35488411297139,77.19085557450877,78.22664642333984,6584000,0.0,0.0,0.0,XLU,Utilities Select Sector SPDR Fund
2025-04-30 00:00:00-04:00,77.92083233472955,78.09839625394869,76.49046175433394,77.8320541381836,9038600,0.0,0.0,0.0,XLU,Utilities Select Sector SPDR Fund
2025-05-01 00:00:00-04:00,78.31541996287456,79.045401622004,77.80246170876049,78.0589370727539,8983500,0.0,0.0,0.0,XLU,Utilities Select Sector SPDR Fund
2025-05-02 00:00:00-04:00,78.34501237914165,78.90729686890096,77.9208323236301,78.67054748535156,8037000,0.0,0.0,0.0,XLU,Utilities Select Sector SPDR Fund
2025-05-05 00:00:00-04:00,78.41406598064019,78.71000835989709,77.70381029132548,78.47325897216797,7447900,0.0,0.0,0.0,XLU,Utilities Select Sector SPDR Fund
2025-05-06 00:00:00-04:00,78.48311730918113,79.98254764209624,78.41406509162103,79.43012237548828,10317500,0.0,0.0,0.0,XLU,Utilities Select Sector SPDR Fund
2025-05-07 00:00:00-04:00,79.29201834413277,80.12065248520058,79.01580947248594,79.65701293945312,9787500,0.0,0.0,0.0,XLU,Utilities Select Sector SPDR Fund
2025-05-08 00:00:00-04:00,79.69647874117254,79.89376865766292,78.9073040229552,79.01581573486328,11218900,0.0,0.0,0.0,XLU,Utilities Select Sector SPDR Fund
2025-05-09 00:00:00-04:00,79.22296762449106,79.24270113062606,78.64095713767496,79.15391540527344,8710200,0.0,0.0,0.0,XLU,Utilities Select Sector SPDR Fund
2025-05-12 00:00:00-04:00,79.5189133407013,79.7260700070376,78.32529205783341,78.680419921875,13730100,0.0,0.0,0.0,XLU,Utilities Select Sector SPDR Fund
2025-05-13 00:00:00-04:00,78.56203266168622,79.1835025911075,78.13785262302909,78.5718994140625,12032000,0.0,0.0,0.0,XLU,Utilities Select Sector SPDR Fund
2025-05-14 00:00:00-04:00,78.40421035382151,78.43380308788052,77.05275113148166,78.22664642333984,11456300,0.0,0.0,0.0,XLU,Utilities Select Sector SPDR Fund
2025-05-15 00:00:00-04:00,78.54230908325214,80.11078408330111,78.49298284599028,79.89376068115234,13314600,0.0,0.0,0.0,XLU,Utilities Select Sector SPDR Fund
2025-05-16 00:00:00-04:00,80.01214069738056,81.09725020318727,79.81485079673472,81.06765747070312,10038400,0.0,0.0,0.0,XLU,Utilities Select Sector SPDR Fund
2025-05-19 00:00:00-04:00,80.38700158914575,81.45238520903996,80.36727560779717,81.41292572021484,8153200,0.0,0.0,0.0,XLU,Utilities Select Sector SPDR Fund
2025-05-20 00:00:00-04:00,81.28468636844904,81.92588987805684,81.28468636844904,81.64967346191406,9037600,0.0,0.0,0.0,XLU,Utilities Select Sector SPDR Fund
2025-05-21 00:00:00-04:00,81.38332439356596,81.54116233220361,80.00227253499517,80.16011047363281,11352000,0.0,0.0,0.0,XLU,Utilities Select Sector SPDR Fund
2025-05-22 00:00:00-04:00,79.47945531735637,79.47945531735637,78.09840332353998,79.01581573486328,15318800,0.0,0.0,0.0,XLU,Utilities Select Sector SPDR Fund
2025-05-23 00:00:00-04:00,79.54850102468578,80.03186654878284,78.62122193565578,79.96281433105469,10865100,0.0,0.0,0.0,XLU,Utilities Select Sector SPDR Fund
2025-05-27 00:00:00-04:00,80.58429344263092,80.77171659388756,79.95295671748482,80.56455993652344,9247100,0.0,0.0,0.0,XLU,Utilities Select Sector SPDR Fund
2025-05-28 00:00:00-04:00,80.51524516366659,80.55470465168517,79.0947336995089,79.43999481201172,10477300,0.0,0.0,0.0,XLU,Utilities Select Sector SPDR Fund
2025-05-29 00:00:00-04:00,79.47945048507707,80.12065396387807,79.1243226360835,79.9924087524414,10433700,0.0,0.0,0.0,XLU,Utilities Select Sector SPDR Fund
2025-05-30 00:00:00-04:00,79.8345822452332,80.94928455988418,79.68661104654873,80.8111801147461,10340200,0.0,0.0,0.0,XLU,Utilities Select Sector SPDR Fund
2025-06-02 00:00:00-04:00,80.46591348976783,81.17616917389653,80.14037838018763,81.06765747070312,13399600,0.0,0.0,0.0,XLU,Utilities Select Sector SPDR Fund
2025-06-03 00:00:00-04:00,82.04425764572963,82.04425764572963,80.63361298955215,81.28468322753906,14273900,0.0,0.0,0.0,XLU,Utilities Select Sector SPDR Fund
2025-06-04 00:00:00-04:00,81.14658089207646,81.14658089207646,79.86417388916016,79.86417388916016,16500900,0.0,0.0,0.0,XLU,Utilities Select Sector SPDR Fund
2025-06-05 00:00:00-04:00,80.09105923663563,80.09105923663563,79.57809345591615,79.73593139648438,10587500,0.0,0.0,0.0,XLU,Utilities Select Sector SPDR Fund
2025-06-06 00:00:00-04:00,80.14038316816936,80.2291688970536,79.41040146081428,80.091064453125,10633600,0.0,0.0,0.0,XLU,Utilities Select Sector SPDR Fund
2025-06-09 00:00:00-04:00,79.95296349837689,80.25876513383153,79.44986441575143,79.5781021118164,12433200,0.0,0.0,0.0,XLU,Utilities Select Sector SPDR Fund
2025-06-10 00:00:00-04:00,79.7852517977962,79.95295649473296,79.17364858046155,79.7655258178711,14026400,0.0,0.0,0.0,XLU,Utilities Select Sector SPDR Fund
2025-06-11 00:00:00-04:00,80.00228064638615,80.1107923586697,79.55837456968288,79.81485748291016,10697400,0.0,0.0,0.0,XLU,Utilities Select Sector SPDR Fund
2025-06-12 00:00:00-04:00,79.86417331202647,80.83091193393342,79.82471382479275,80.78158569335938,9784300,0.0,0.0,0.0,XLU,Utilities Select Sector SPDR Fund
2025-06-13 00:00:00-04:00,80.6632084987543,80.80132046930567,80.08119798670168,80.31794738769531,12662700,0.0,0.0,0.0,XLU,Utilities Select Sector SPDR Fund
2025-06-16 00:00:00-04:00,80.71252975864819,81.14657657212094,79.53863452737087,79.92335510253906,13633300,0.0,0.0,0.0,XLU,Utilities Select Sector SPDR Fund
2025-06-17 00:00:00-04:00,79.80498681852207,80.00227672602728,78.70014376856123,79.2624282836914,14167900,0.0,0.0,0.0,XLU,Utilities Select Sector SPDR Fund
2025-06-18 00:00:00-04:00,79.44985562453355,79.86416892855588,79.05526829998158,79.4695816040039,11162000,0.0,0.0,0.0,XLU,Utilities Select Sector SPDR Fund
2025-06-20 00:00:00-04:00,79.63728864764467,80.33767759448665,79.57809565523203,79.68660736083984,15844100,0.0,0.0,0.0,XLU,Utilities Select Sector SPDR Fund
2025-06-23 00:00:00-04:00,80.1008211201119,80.82594350048639,79.93195959947079,80.69680786132812,12786500,0.557,0.0,0.0,XLU,Utilities Select Sector SPDR Fund
2025-06-24 00:00:00-04:00,80.78620799631194,81.27292960517731,80.64714467949327,81.04446411132812,10194800,0.0,0.0,0.0,XLU,Utilities Select Sector SPDR Fund
2025-06-25 00:00:00-04:00,80.8557377020179,80.8557377020179,79.81275527268397,79.96175384521484,13385900,0.0,0.0,0.0,XLU,Utilities Select Sector SPDR Fund
2025-06-26 00:00:00-04:00,80.11075375500766,80.66700701813394,79.96175517998961,80.62727355957031,9373100,0.0,0.0,0.0,XLU,Utilities Select Sector SPDR Fund
2025-06-27 00:00:00-04:00,80.8358702469159,81.4417922406875,80.53788066894491,80.78620910644531,12653900,0.0,0.0,0.0,XLU,Utilities Select Sector SPDR Fund
2025-06-30 00:00:00-04:00,80.39881891600957,81.20340064409801,80.14055521403228,81.11400604248047,11009000,0.0,0.0,0.0,XLU,Utilities Select Sector SPDR Fund
2025-07-01 00:00:00-04:00,81.08419558668626,81.45172438836354,80.14055059158859,81.39212799072266,19845100,0.0,0.0,0.0,XLU,Utilities Select Sector SPDR Fund
2025-07-02 00:00:00-04:00,81.09412906187286,81.46165785546538,80.29947507835793,80.68687438964844,10945500,0.0,0.0,0.0,XLU,Utilities Select Sector SPDR Fund
2025-07-03 00:00:00-04:00,80.72660474226656,81.62058862867124,80.58754142420166,81.29279327392578,7450100,0.0,0.0,0.0,XLU,Utilities Select Sector SPDR Fund
2025-07-07 00:00:00-04:00,81.11400399764986,81.52125869205643,80.94513490154719,81.46166229248047,10107800,0.0,0.0,0.0,XLU,Utilities Select Sector SPDR Fund
2025-07-08 00:00:00-04:00,80.8954702863751,80.8954702863751,79.8127544108324,80.59747314453125,22144900,0.0,0.0,0.0,XLU,Utilities Select Sector SPDR Fund
2025-07-09 00:00:00-04:00,80.91533364792205,81.51132035633593,80.34914513817154,81.3523941040039,20115200,0.0,0.0,0.0,XLU,Utilities Select Sector SPDR Fund
2025-07-10 00:00:00-04:00,81.0742688127083,82.17684765168882,80.82594038191777,82.01791381835938,14537000,0.0,0.0,0.0,XLU,Utilities Select Sector SPDR Fund
2025-07-11 00:00:00-04:00,81.36232942508894,82.21657224149182,81.13386393785855,81.89871215820312,11099900,0.0,0.0,0.0,XLU,Utilities Select Sector SPDR Fund
2025-07-14 00:00:00-04:00,81.83911734704616,82.4947080443758,81.39212920132671,82.22650909423828,11941700,0.0,0.0,0.0,XLU,Utilities Select Sector SPDR Fund
2025-07-15 00:00:00-04:00,82.2165711891772,82.2165711891772,81.03453304559213,81.44178771972656,13126500,0.0,0.0,0.0,XLU,Utilities Select Sector SPDR Fund
2025-07-16 00:00:00-04:00,81.49145686539327,81.80931694628914,80.84580144465357,81.48152160644531,11312500,0.0,0.0,0.0,XLU,Utilities Select Sector SPDR Fund
2025-07-17 00:00:00-04:00,81.43186027829745,82.06758043860457,81.30272464742183,81.81925201416016,9878500,0.0,0.0,0.0,XLU,Utilities Select Sector SPDR Fund
2025-07-18 00:00:00-04:00,82.08744647715992,83.47808722222655,81.97818136000866,83.19002532958984,14313700,0.0,0.0,0.0,XLU,Utilities Select Sector SPDR Fund
2025-07-21 00:00:00-04:00,83.39861740918704,83.96480591550385,83.13042604446102,83.45821380615234,9947800,0.0,0.0,0.0,XLU,Utilities Select Sector SPDR Fund
2025-07-22 00:00:00-04:00,83.77607906088369,84.53099964205379,83.54762113948678,84.48133850097656,11759100,0.0,0.0,0.0,XLU,Utilities Select Sector SPDR Fund
2025-07-23 00:00:00-04:00,85.23625242090701,85.44484740379403,83.50788857814116,83.84561920166016,20166500,0.0,0.0,0.0,XLU,Utilities Select Sector SPDR Fund
2025-07-24 00:00:00-04:00,83.95487366935903,84.1336704450534,83.51782077862578,83.7363510131836,11068800,0.0,0.0,0.0,XLU,Utilities Select Sector SPDR Fund
2025-07-25 00:00:00-04:00,83.86547753432933,84.04427430674822,83.54761744762709,83.95487213134766,8160200,0.0,0.0,0.0,XLU,Utilities Select Sector SPDR Fund
2025-07-28 00:00:00-04:00,83.94494645118218,83.9648093915322,82.85230285075218,83.06089782714844,11206800,0.0,0.0,0.0,XLU,Utilities Select Sector SPDR Fund
2025-07-29 00:00:00-04:00,83.37876038349332,84.06414173235302,83.19996360153368,84.01448059082031,9197700,0.0,0.0,0.0,XLU,Utilities Select Sector SPDR Fund
2025-07-30 00:00:00-04:00,84.262802314306,85.39517931695755,84.18333540013136,84.6402587890625,13712200,0.0,0.0,0.0,XLU,Utilities Select Sector SPDR Fund
2025-07-31 00:00:00-04:00,84.38199614791057,85.22631885926107,84.3124644917457,85.09718322753906,15089800,0.0,0.0,0.0,XLU,Utilities Select Sector SPDR Fund
2025-08-01 00:00:00-04:00,84.99785287424066,85.68324175126158,84.34226977401457,85.226318359375,17926000,0.0,0.0,0.0,XLU,Utilities Select Sector SPDR Fund
2025-08-04 00:00:00-04:00,85.64350908618641,86.97454581681495,85.464712315674,86.73615264892578,12865400,0.0,0.0,0.0,XLU,Utilities Select Sector SPDR Fund
2025-08-05 00:00:00-04:00,86.76595054692717,87.08381062913857,85.55410661525178,85.81237030029297,10727200,0.0,0.0,0.0,XLU,Utilities Select Sector SPDR Fund
2025-08-06 00:00:00-04:00,85.94149978450122,85.97130556196471,84.97799184121818,85.04752349853516,11510300,0.0,0.0,0.0,XLU,Utilities Select Sector SPDR Fund
2025-08-07 00:00:00-04:00,84.769389572101,86.20969901899095,84.61046331701311,85.97130584716797,12851400,0.0,0.0,0.0,XLU,Utilities Select Sector SPDR Fund
2025-08-08 00:00:00-04:00,86.2096969880759,86.36862323941983,85.39518005668522,85.60377502441406,9222600,0.0,0.0,0.0,XLU,Utilities Select Sector SPDR Fund
2025-08-11 00:00:00-04:00,85.82230815569163,85.88190455466483,84.918389019892,85.33558654785156,9774400,0.0,0.0,0.0,XLU,Utilities Select Sector SPDR Fund
2025-08-12 00:00:00-04:00,85.61371514070478,85.72298026024512,84.93826148281111,85.70310974121094,10378400,0.0,0.0,0.0,XLU,Utilities Select Sector SPDR Fund
2025-08-13 00:00:00-04:00,85.82230641687636,85.95143447149621,85.09718407107017,85.89183807373047,11212700,0.0,0.0,0.0,XLU,Utilities Select Sector SPDR Fund
2025-08-14 00:00:00-04:00,85.57397929278888,85.83224298434764,85.20645048473918,85.29585266113281,9373900,0.0,0.0,0.0,XLU,Utilities Select Sector SPDR Fund
2025-08-15 00:00:00-04:00,85.16671629486008,85.51437458144491,84.52106086069838,85.04752349853516,14788300,0.0,0.0,0.0,XLU,Utilities Select Sector SPDR Fund
2025-08-18 00:00:00-04:00,85.17664952431956,85.49450960424879,84.5607923039145,84.67999267578125,8040000,0.0,0.0,0.0,XLU,Utilities Select Sector SPDR Fund
2025-08-19 00:00:00-04:00,84.70979391943015,85.54418139572904,84.56079534383582,85.50444793701172,8218400,0.0,0.0,0.0,XLU,Utilities Select Sector SPDR Fund
2025-08-20 00:00:00-04:00,85.64351027015643,86.14016713084776,85.28591672418807,85.59384155273438,10084500,0.0,0.0,0.0,XLU,Utilities Select Sector SPDR Fund
2025-08-21 00:00:00-04:00,85.6037763255838,86.04083678559158,84.76938886360367,85.0077896118164,8115000,0.0,0.0,0.0,XLU,Utilities Select Sector SPDR Fund
2025-08-22 00:00:00-04:00,85.5938421066908,85.96137091419864,85.21638561834014,85.46471405029297,9617400,0.0,0.0,0.0,XLU,Utilities Select Sector SPDR Fund
2025-08-25 00:00:00-04:00,85.17665144733839,85.42497987721401,84.41180321780966,84.5011978149414,8491100,0.0,0.0,0.0,XLU,Utilities Select Sector SPDR Fund
2025-08-26 00:00:00-04:00,84.58066865636906,84.87865823901896,84.19327689405634,84.68993377685547,8631500,0.0,0.0,0.0,XLU,Utilities Select Sector SPDR Fund
2025-08-27 00:00:00-04:00,84.68993015084713,84.90846038246357,84.45152940087522,84.70979309082031,8410700,0.0,0.0,0.0,XLU,Utilities Select Sector SPDR Fund
2025-08-28 00:00:00-04:00,84.7693921761528,84.7991979546308,83.9350122599497,84.06414031982422,8039400,0.0,0.0,0.0,XLU,Utilities Select Sector SPDR Fund
2025-08-29 00:00:00-04:00,84.01447400938804,84.19327077734128,83.62708227521968,83.75621032714844,9734700,0.0,0.0,0.0,XLU,Utilities Select Sector SPDR Fund
2025-09-02 00:00:00-04:00,83.43835491953867,83.57741823813397,82.95163330445511,83.47808837890625,10327500,0.0,0.0,0.0,XLU,Utilities Select Sector SPDR Fund
2025-09-03 00:00:00-04:00,83.19002618457655,83.42841936154646,82.82249737052851,83.26949310302734,8634000,0.0,0.0,0.0,XLU,Utilities Select Sector SPDR Fund
2025-09-04 00:00:00-04:00,83.85553967728401,84.07406990106821,82.73309793866207,83.17015838623047,11181100,0.0,0.0,0.0,XLU,Utilities Select Sector SPDR Fund
2025-09-05 00:00:00-04:00,83.38868208406151,83.58734937109178,82.25630507232646,82.91189575195312,13503400,0.0,0.0,0.0,XLU,Utilities Select Sector SPDR Fund
2025-09-08 00:00:00-04:00,82.96155745009283,83.00129090776716,81.74972109374528,82.06758117675781,14234700,0.0,0.0,0.0,XLU,Utilities Select Sector SPDR Fund
2025-09-09 00:00:00-04:00,82.04771474679153,82.91190044290691,81.8987161676844,82.63377380371094,12870700,0.0,0.0,0.0,XLU,Utilities Select Sector SPDR Fund
2025-09-10 00:00:00-04:00,82.93175753265841,84.19327015793152,82.93175753265841,84.05420684814453,16084400,0.0,0.0,0.0,XLU,Utilities Select Sector SPDR Fund
2025-09-11 00:00:00-04:00,83.94494455710233,84.56079421302923,83.82574418254443,84.5011978149414,12132600,0.0,0.0,0.0,XLU,Utilities Select Sector SPDR Fund
2025-09-12 00:00:00-04:00,84.26280347436357,85.17665026480692,84.11380490283032,84.9283218383789,9363500,0.0,0.0,0.0,XLU,Utilities Select Sector SPDR Fund
2025-09-15 00:00:00-04:00,84.93825918714944,85.52431065031494,84.93825918714944,85.12698364257812,11409200,0.0,0.0,0.0,XLU,Utilities Select Sector SPDR Fund
2025-09-16 00:00:00-04:00,84.97799144363181,85.00778964257363,83.53768200825876,83.5774154663086,10826400,0.0,0.0,0.0,XLU,Utilities Select Sector SPDR Fund
2025-09-17 00:00:00-04:00,84.12374134764899,84.50119783292264,83.61714922864789,83.7860107421875,10084100,0.0,0.0,0.0,XLU,Utilities Select Sector SPDR Fund
2025-09-18 00:00:00-04:00,83.63701664039047,84.38200197000813,83.25956013493527,83.84561920166016,12651500,0.0,0.0,0.0,XLU,Utilities Select Sector SPDR Fund
2025-09-19 00:00:00-04:00,84.05420839191385,84.7197267550293,83.60721267791855,84.38199615478516,10487000,0.0,0.0,0.0,XLU,Utilities Select Sector SPDR Fund
2025-09-22 00:00:00-04:00,84.41999816894531,85.38999938964844,84.22000122070312,85.19999694824219,9738500,0.568,0.0,0.0,XLU,Utilities Select Sector SPDR Fund
2025-09-23 00:00:00-04:00,85.06999969482422,85.77999877929688,84.91000366210938,85.63999938964844,8950300,0.0,0.0,0.0,XLU,Utilities Select Sector SPDR Fund
2025-09-24 00:00:00-04:00,85.80000305175781,86.4000015258789,85.55000305175781,86.25,8658800,0.0,0.0,0.0,XLU,Utilities Select Sector SPDR Fund
2025-09-25 00:00:00-04:00,86.16999816894531,86.3499984741211,85.41999816894531,85.41999816894531,9344800,0.0,0.0,0.0,XLU,Utilities Select Sector SPDR Fund
2025-09-26 00:00:00-04:00,85.70999908447266,86.83999633789062,85.62999725341797,86.80999755859375,8116900,0.0,0.0,0.0,XLU,Utilities Select Sector SPDR Fund
2025-09-29 00:00:00-04:00,86.7699966430664,87.19999694824219,86.16000366210938,87.05999755859375,8565400,0.0,0.0,0.0,XLU,Utilities Select Sector SPDR Fund
2025-09-30 00:00:00-04:00,87.16999816894531,87.55000305175781,86.58999633789062,87.20999908447266,10980000,0.0,0.0,0.0,XLU,Utilities Select Sector SPDR Fund
2025-10-01 00:00:00-04:00,87.37999725341797,88.23999786376953,87.2699966430664,88.05000305175781,14597700,0.0,0.0,0.0,XLU,Utilities Select Sector SPDR Fund
2025-10-02 00:00:00-04:00,87.81999969482422,87.91999816894531,87.23999786376953,87.88999938964844,11324300,0.0,0.0,0.0,XLU,Utilities Select Sector SPDR Fund
2025-10-03 00:00:00-04:00,88.16000366210938,89.7300033569336,88.08999633789062,88.91000366210938,12566600,0.0,0.0,0.0,XLU,Utilities Select Sector SPDR Fund
2025-10-06 00:00:00-04:00,89.43000030517578,89.87000274658203,88.81999969482422,89.7699966430664,10012100,0.0,0.0,0.0,XLU,Utilities Select Sector SPDR Fund
2025-10-07 00:00:00-04:00,90.13999938964844,90.56999969482422,89.9000015258789,90.18000030517578,16450900,0.0,0.0,0.0,XLU,Utilities Select Sector SPDR Fund
2025-10-08 00:00:00-04:00,90.81999969482422,90.93000030517578,90.12999725341797,90.80000305175781,9895200,0.0,0.0,0.0,XLU,Utilities Select Sector SPDR Fund
2025-10-09 00:00:00-04:00,91.0999984741211,91.37000274658203,90.38999938964844,90.56999969482422,10778700,0.0,0.0,0.0,XLU,Utilities Select Sector SPDR Fund
2025-10-10 00:00:00-04:00,90.87000274658203,91.37000274658203,90.0999984741211,90.19999694824219,11591900,0.0,0.0,0.0,XLU,Utilities Select Sector SPDR Fund
2025-10-13 00:00:00-04:00,90.26000213623047,91.30999755859375,90.22000122070312,90.88999938964844,9380300,0.0,0.0,0.0,XLU,Utilities Select Sector SPDR Fund
2025-10-14 00:00:00-04:00,90.7300033569336,92.0,90.58000183105469,91.69999694824219,8785900,0.0,0.0,0.0,XLU,Utilities Select Sector SPDR Fund
2025-10-15 00:00:00-04:00,92.11000061035156,93.18000030517578,92.11000061035156,92.9000015258789,9543800,0.0,0.0,0.0,XLU,Utilities Select Sector SPDR Fund
2025-10-16 00:00:00-04:00,93.18000030517578,93.7699966430664,91.87000274658203,91.88999938964844,14559500,0.0,0.0,0.0,XLU,Utilities Select Sector SPDR Fund
2025-10-17 00:00:00-04:00,92.05999755859375,92.19000244140625,91.18000030517578,91.56999969482422,10912400,0.0,0.0,0.0,XLU,Utilities Select Sector SPDR Fund
