Date,min,max,avg
2013-12-12,61020.0,72821.0,67652.83333333333
2013-12-13,58485.0,70286.0,65223.458333333336
2013-12-14,54568.0,66916.0,60633.208333333336
2013-12-15,54519.0,69190.0,60731.666666666664
2013-12-16,56910.0,71938.0,65448.583333333336
2013-12-17,56342.0,70937.0,64320.958333333336
2013-12-18,56610.0,69865.0,63960.666666666664
2013-12-19,70280.0,87479.0,79990.83333333333
2013-12-20,68133.0,85330.0,77543.25
2013-12-21,65524.0,81080.0,73572.25
2013-12-22,64016.0,82647.0,72813.625
2013-12-23,71093.0,94155.0,83657.66666666667
2013-12-24,75745.0,86327.0,81361.04166666667
2013-12-25,71209.0,83011.0,76707.125
2013-12-26,68513.0,85091.0,76809.83333333333
2013-12-27,70551.0,83419.0,77465.75
2013-12-28,65239.0,76762.0,70856.125
2013-12-29,63926.0,82867.0,72608.66666666667
2013-12-30,71766.0,90472.0,82212.20833333333
2013-12-31,73952.0,88338.0,81494.70833333333
2014-01-01,71857.0,85692.0,77850.83333333333
2014-01-02,70657.0,94040.0,82885.58333333333
2014-01-03,81565.0,97538.0,88841.58333333333
2014-01-04,77737.0,85176.0,81066.83333333333
2014-01-05,71201.0,92538.0,80662.16666666667
2014-01-06,82167.0,107770.0,97037.25
2014-01-07,92099.0,106681.0,98223.125
2014-01-08,86727.0,100380.0,93854.33333333333
2014-01-09,81889.0,95811.0,88982.25
2014-01-10,74096.0,86957.0,81104.20833333333
2014-01-11,66359.0,81065.0,73862.83333333333
2014-01-12,66919.0,78476.0,71806.20833333333
2014-01-13,64179.0,85061.0,75708.75
2014-01-14,69034.0,87748.0,79764.66666666667
2014-01-15,72589.0,92449.0,83562.75
2014-01-16,76051.0,91493.0,83429.29166666667
2014-01-17,75427.0,92388.0,85369.95833333333
2014-01-18,75670.0,85064.0,79847.375
2014-01-19,71046.0,82708.0,76077.91666666667
2014-01-20,69638.0,89029.0,80863.08333333333
2014-01-21,72019.0,95828.0,85133.91666666667
2014-01-22,81275.0,97188.0,88958.875
2014-01-23,83312.0,101651.0,93536.125
2014-01-24,84566.0,101444.0,92503.79166666667
2014-01-25,81601.0,90919.0,85787.95833333333
2014-01-26,75912.0,85000.0,79420.54166666667
2014-01-27,74139.0,101448.0,89615.58333333333
2014-01-28,85626.0,102782.0,95123.75
2014-01-29,89105.0,103767.0,95010.20833333333
2014-01-30,84373.0,100810.0,91618.5
2014-01-31,79102.0,94375.0,86412.83333333333
2014-02-01,70074.0,79625.0,75071.45833333333
2014-02-02,68112.0,83358.0,74897.66666666667
2014-02-03,74471.0,91677.0,84633.625
2014-02-04,77191.0,92108.0,85719.29166666667
2014-02-05,77694.0,97567.0,89082.25
2014-02-06,83635.0,100158.0,93195.70833333333
2014-02-07,87398.0,103258.0,93306.5
2014-02-08,78924.0,87809.0,83032.66666666667
2014-02-09,73455.0,85172.0,78443.04166666667
2014-02-10,74683.0,96944.0,87783.45833333333
2014-02-11,83098.0,99243.0,92251.79166666667
2014-02-12,84743.0,98932.0,91742.75
2014-02-13,81639.0,97166.0,87972.83333333333
2014-02-14,75791.0,90638.0,83353.58333333333
2014-02-15,75043.0,84579.0,79575.875
2014-02-16,69507.0,80921.0,74393.29166666667
2014-02-17,69905.0,87128.0,80092.66666666667
2014-02-18,70969.0,85418.0,78931.04166666667
2014-02-19,67208.0,83528.0,75968.125
2014-02-20,65734.0,82820.0,75326.25
2014-02-21,68315.0,83536.0,77105.5
2014-02-22,67229.0,76764.0,72155.20833333333
2014-02-23,66898.0,80518.0,72835.375
2014-02-24,69173.0,88323.0,80413.16666666667
2014-02-25,72139.0,89945.0,81880.83333333333
2014-02-26,74914.0,94706.0,85873.66666666667
2014-02-27,81253.0,96374.0,88827.54166666667
2014-02-28,78439.0,94589.0,85006.875
2014-03-01,72275.0,81975.0,76834.375
2014-03-02,68504.0,86478.0,76086.625
2014-03-03,77664.0,96922.0,88900.95833333333
2014-03-04,83128.0,95287.0,88814.5
2014-03-05,79823.0,92559.0,85550.83333333333
2014-03-06,75619.0,89148.0,82594.66666666667
2014-03-07,73237.0,87402.0,78709.83333333333
2014-03-08,67415.0,76199.0,71884.58333333333
2014-03-09,64234.0,74912.0,69065.625
2014-03-10,64112.0,80152.0,73381.20833333333
2014-03-11,63613.0,78614.0,73396.58333333333
2014-03-12,62758.0,84134.0,76479.70833333333
2014-03-13,69197.0,86311.0,76788.79166666667
2014-03-14,66396.0,80970.0,73226.875
2014-03-15,62292.0,72843.0,68161.54166666667
2014-03-16,61959.0,78669.0,70113.91666666667
2014-03-17,70094.0,89448.0,79801.29166666667
2014-03-18,69646.0,85366.0,76986.75
2014-03-19,65325.0,80347.0,74964.0
2014-03-20,65799.0,81671.0,73853.45833333333
2014-03-21,63539.0,78538.0,71366.0
2014-03-22,60809.0,73885.0,68051.29166666667
2014-03-23,63231.0,77234.0,69167.04166666667
2014-03-24,68361.0,85702.0,77969.375
2014-03-25,68541.0,84789.0,78204.58333333333
2014-03-26,70970.0,87814.0,78084.20833333333
2014-03-27,67020.0,81693.0,75681.375
2014-03-28,65519.0,79749.0,74056.58333333333
2014-03-29,62182.0,71650.0,67429.625
2014-03-30,60947.0,70875.0,65826.125
2014-03-31,60693.0,77551.0,71377.625
2014-04-01,61224.0,77621.0,71787.45833333333
2014-04-02,62432.0,78350.0,72825.41666666667
2014-04-03,60868.0,79404.0,73522.54166666667
2014-04-04,63705.0,78569.0,73043.08333333333
2014-04-05,61157.0,71238.0,66406.20833333333
2014-04-06,57993.0,69973.0,63083.208333333336
2014-04-07,60690.0,77991.0,72216.875
2014-04-08,60914.0,76339.0,70776.125
2014-04-09,61657.0,76830.0,70498.70833333333
2014-04-10,60147.0,74695.0,69701.29166666667
2014-04-11,59262.0,72682.0,67856.91666666667
2014-04-12,57321.0,69234.0,64039.708333333336
2014-04-13,55797.0,71004.0,63204.208333333336
2014-04-14,59776.0,79133.0,72533.75
2014-04-15,64714.0,80742.0,73563.125
2014-04-16,65965.0,82111.0,73517.16666666667
2014-04-17,63795.0,78328.0,72043.95833333333
2014-04-18,59182.0,70831.0,66221.875
2014-04-19,55910.0,66420.0,61280.083333333336
2014-04-20,53336.0,67515.0,59966.958333333336
2014-04-21,54910.0,75210.0,68275.375
2014-04-22,57552.0,76611.0,69876.91666666667
2014-04-23,58871.0,76481.0,70179.83333333333
2014-04-24,58919.0,76982.0,70768.29166666667
2014-04-25,58643.0,75031.0,69568.41666666667
2014-04-26,56858.0,71875.0,65715.625
2014-04-27,55167.0,72685.0,63864.625
2014-04-28,58867.0,80439.0,72987.375
2014-04-29,59608.0,77883.0,71729.58333333333
2014-04-30,59026.0,75603.0,70094.79166666667
2014-05-01,58791.0,75039.0,69892.41666666667
2014-05-02,58446.0,74002.0,68416.375
2014-05-03,55595.0,68475.0,62999.916666666664
2014-05-04,53794.0,71550.0,62511.833333333336
2014-05-05,56757.0,79207.0,71315.79166666667
2014-05-06,60146.0,79876.0,72351.25
2014-05-07,60143.0,83392.0,74133.20833333333
2014-05-08,61238.0,86360.0,76323.75
2014-05-09,63131.0,80231.0,73186.29166666667
2014-05-10,57474.0,71496.0,65715.29166666667
2014-05-11,56216.0,75907.0,66554.875
2014-05-12,61047.0,88183.0,77449.95833333333
2014-05-13,63807.0,83468.0,75547.25
2014-05-14,59836.0,75263.0,69960.0
2014-05-15,58882.0,73933.0,69035.66666666667
2014-05-16,58902.0,73576.0,68465.54166666667
2014-05-17,58254.0,67869.0,63581.5
2014-05-18,56169.0,70578.0,62849.875
2014-05-19,57540.0,80213.0,72015.83333333333
2014-05-20,60100.0,85896.0,75233.25
2014-05-21,62901.0,88508.0,77784.54166666667
2014-05-22,63113.0,86872.0,76782.58333333333
2014-05-23,62154.0,83974.0,74819.04166666667
2014-05-24,59418.0,77056.0,68984.25
2014-05-25,54589.0,77543.0,67043.95833333333
2014-05-26,56780.0,85156.0,72092.20833333333
2014-05-27,63297.0,95375.0,81820.20833333333
2014-05-28,64671.0,89423.0,79300.875
2014-05-29,62640.0,87368.0,77437.75
2014-05-30,63388.0,90631.0,79135.79166666667
2014-05-31,61597.0,85371.0,74647.66666666667
2014-06-01,60839.0,90007.0,76517.0
2014-06-02,66044.0,98266.0,84417.25
2014-06-03,66396.0,98105.0,84057.04166666667
2014-06-04,66652.0,95041.0,82335.16666666667
2014-06-05,63929.0,91917.0,79958.29166666667
2014-06-06,64223.0,93566.0,80359.625
2014-06-07,63145.0,86779.0,75612.08333333333
2014-06-08,59675.0,81201.0,71389.41666666667
2014-06-09,61393.0,89182.0,77609.41666666667
2014-06-10,64020.0,87372.0,77698.54166666667
2014-06-11,62780.0,90568.0,78556.79166666667
2014-06-12,64020.0,91977.0,79870.91666666667
2014-06-13,63905.0,85649.0,76436.08333333333
2014-06-14,59581.0,79598.0,70466.0
2014-06-15,57718.0,85577.0,72721.08333333333
2014-06-16,63590.0,101891.0,85730.58333333333
2014-06-17,71690.0,112755.0,94440.41666666667
2014-06-18,74025.0,112507.0,94899.41666666667
2014-06-19,71435.0,105899.0,90269.75
2014-06-20,67685.0,102275.0,86715.875
2014-06-21,66460.0,97495.0,82579.70833333333
2014-06-22,63185.0,92945.0,79123.66666666667
2014-06-23,67337.0,104084.0,87930.08333333333
2014-06-24,69642.0,100914.0,87033.375
2014-06-25,67758.0,98790.0,84976.875
2014-06-26,66940.0,98565.0,84478.375
2014-06-27,68868.0,101610.0,86797.25
2014-06-28,67121.0,95086.0,82049.91666666667
2014-06-29,65771.0,97312.0,82399.91666666667
2014-06-30,70815.0,111566.0,93324.5
2014-07-01,73054.0,105930.0,90673.16666666667
2014-07-02,68985.0,95602.0,83592.75
2014-07-03,63950.0,89374.0,77675.58333333333
2014-07-04,58967.0,81006.0,69929.91666666667
2014-07-05,53384.0,83470.0,68959.625
2014-07-06,60163.0,95643.0,78332.875
2014-07-07,67556.0,107924.0,89661.875
2014-07-08,71985.0,103174.0,88943.5
2014-07-09,67671.0,97445.0,83838.16666666667
2014-07-10,66290.0,98372.0,83758.16666666667
2014-07-11,67207.0,101343.0,85543.70833333333
2014-07-12,67663.0,100337.0,84623.79166666667
2014-07-13,66631.0,96900.0,82226.91666666667
2014-07-14,67775.0,99427.0,85006.91666666667
2014-07-15,67156.0,88791.0,79487.79166666667
2014-07-16,62098.0,86247.0,75630.875
2014-07-17,62449.0,90894.0,78589.66666666667
2014-07-18,63436.0,88959.0,77756.625
2014-07-19,61483.0,86902.0,74716.125
2014-07-20,60319.0,92832.0,77187.875
2014-07-21,66635.0,109917.0,90369.70833333333
2014-07-22,73230.0,117683.0,97317.375
2014-07-23,73875.0,101809.0,88681.41666666667
2014-07-24,66877.0,96595.0,82950.45833333333
2014-07-25,66244.0,97423.0,83033.375
2014-07-26,66221.0,99986.0,83671.41666666667
2014-07-27,66684.0,95294.0,81564.875
2014-07-28,66961.0,94954.0,82518.54166666667
2014-07-29,65750.0,93832.0,81172.0
2014-07-30,64820.0,94009.0,80618.41666666667
2014-07-31,64770.0,95716.0,81802.79166666667
2014-08-01,66293.0,96468.0,82390.29166666667
2014-08-02,63388.0,91721.0,77729.83333333333
2014-08-03,61187.0,94918.0,78011.79166666667
2014-08-04,67239.0,105250.0,87702.54166666667
2014-08-05,69331.0,104938.0,88304.41666666667
2014-08-06,68710.0,101841.0,86610.375
2014-08-07,69600.0,102034.0,86998.41666666667
2014-08-08,68702.0,99948.0,85170.83333333333
2014-08-09,66418.0,94176.0,80349.125
2014-08-10,64052.0,95522.0,80073.83333333333
2014-08-11,68269.0,102002.0,86778.625
2014-08-12,67753.0,94607.0,82489.54166666667
2014-08-13,64893.0,98246.0,82766.79166666667
2014-08-14,65162.0,96815.0,81912.5
2014-08-15,65202.0,97510.0,82334.5
2014-08-16,64253.0,92504.0,78659.875
2014-08-17,63725.0,91930.0,78098.33333333333
2014-08-18,67400.0,104601.0,87797.04166666667
2014-08-19,70561.0,107403.0,90465.875
2014-08-20,70817.0,110949.0,92226.08333333333
2014-08-21,71891.0,112033.0,93551.125
2014-08-22,74245.0,112787.0,94532.5
2014-08-23,71194.0,104597.0,88147.20833333333
2014-08-24,69163.0,106500.0,88104.45833333333
2014-08-25,73535.0,116564.0,96827.0
2014-08-26,73179.0,110087.0,93325.29166666667
2014-08-27,71741.0,105590.0,89708.41666666667
2014-08-28,70065.0,101364.0,87055.91666666667
2014-08-29,69583.0,101760.0,87005.95833333333
2014-08-30,66743.0,89489.0,78724.66666666667
2014-08-31,61792.0,89266.0,75565.41666666667
2014-09-01,65811.0,93524.0,80059.70833333333
2014-09-02,67129.0,100987.0,85215.54166666667
2014-09-03,66435.0,103031.0,86778.41666666667
2014-09-04,69391.0,110837.0,92407.33333333333
2014-09-05,72433.0,104105.0,89006.125
2014-09-06,64835.0,83191.0,74525.95833333333
2014-09-07,57729.0,80822.0,69794.58333333333
2014-09-08,60553.0,92849.0,78824.54166666667
2014-09-09,64404.0,98702.0,83620.75
2014-09-10,66594.0,95301.0,82922.75
2014-09-11,65604.0,87976.0,78795.875
2014-09-12,60423.0,81296.0,72956.83333333333
2014-09-13,57288.0,70425.0,65399.708333333336
2014-09-14,54028.0,73731.0,64216.375
2014-09-15,58040.0,82583.0,73200.66666666667
2014-09-16,59813.0,83257.0,74313.66666666667
2014-09-17,59704.0,84428.0,75081.58333333333
2014-09-18,60389.0,84352.0,75288.25
2014-09-19,59713.0,83547.0,74306.75
2014-09-20,59057.0,82707.0,71672.45833333333
2014-09-21,57366.0,77553.0,68305.91666666667
2014-09-22,58766.0,83911.0,74428.04166666667
2014-09-23,58859.0,82195.0,73322.66666666667
2014-09-24,58323.0,83968.0,73651.875
2014-09-25,59113.0,85435.0,74888.54166666667
2014-09-26,59481.0,85611.0,74675.75
2014-09-27,58299.0,79495.0,69721.41666666667
2014-09-28,56478.0,79777.0,68777.08333333333
2014-09-29,59099.0,88664.0,76519.04166666667
2014-09-30,60805.0,86064.0,76077.41666666667
2014-10-01,60675.0,86076.0,76283.25
2014-10-02,61888.0,87560.0,77693.75
2014-10-03,62729.0,80970.0,74003.83333333333
2014-10-04,57296.0,71018.0,65016.0
2014-10-05,55339.0,72311.0,63238.583333333336
2014-10-06,55988.0,80075.0,70837.66666666667
2014-10-07,58360.0,81412.0,72598.45833333333
2014-10-08,59526.0,81661.0,73323.79166666667
2014-10-09,60018.0,81802.0,73576.83333333333
2014-10-10,60605.0,79809.0,72838.41666666667
2014-10-11,58248.0,72642.0,66733.33333333333
2014-10-12,55144.0,74201.0,64361.625
2014-10-13,56979.0,80944.0,71846.95833333333
2014-10-14,58683.0,77948.0,70804.66666666667
2014-10-15,57017.0,77437.0,69947.45833333333
2014-10-16,57704.0,78124.0,70313.5
2014-10-17,57750.0,76178.0,69690.83333333333
2014-10-18,56316.0,71620.0,65016.958333333336
2014-10-19,55942.0,72753.0,63919.625
2014-10-20,56842.0,79142.0,70780.45833333333
2014-10-21,59051.0,79693.0,71766.125
2014-10-22,59944.0,79092.0,71801.79166666667
2014-10-23,60510.0,78359.0,71511.66666666667
2014-10-24,60157.0,75381.0,70240.08333333333
2014-10-25,57216.0,71219.0,64925.875
2014-10-26,55387.0,74072.0,63852.5
2014-10-27,57877.0,82193.0,72356.375
2014-10-28,60904.0,79094.0,72183.45833333333
2014-10-29,60743.0,79665.0,72425.29166666667
2014-10-30,62381.0,78641.0,72443.125
2014-10-31,61021.0,77552.0,71342.58333333333
2014-11-01,62731.0,74094.0,69233.75
2014-11-02,60522.0,72892.0,65451.791666666664
2014-11-03,62444.0,80597.0,73063.54166666667
2014-11-04,61178.0,80563.0,72172.83333333333
2014-11-05,61758.0,80959.0,72760.16666666667
2014-11-06,62247.0,81793.0,73213.125
2014-11-07,65413.0,79937.0,74003.29166666667
2014-11-08,62634.0,74006.0,68356.33333333333
2014-11-09,60310.0,74998.0,66894.5
2014-11-10,61338.0,81003.0,72718.20833333333
2014-11-11,62863.0,84909.0,75007.83333333333
2014-11-12,67817.0,86580.0,78243.79166666667
2014-11-13,72467.0,91083.0,82914.875
2014-11-14,76283.0,91998.0,84375.0
2014-11-15,73997.0,82036.0,77644.20833333333
2014-11-16,68555.0,83422.0,74823.04166666667
2014-11-17,69999.0,95915.0,85029.04166666667
2014-11-18,79753.0,96125.0,88857.375
2014-11-19,80936.0,93902.0,87051.25
2014-11-20,77345.0,93059.0,86119.875
2014-11-21,73734.0,87685.0,80536.41666666667
2014-11-22,66390.0,77216.0,71701.91666666667
2014-11-23,60141.0,76731.0,67842.95833333333
2014-11-24,61474.0,87462.0,76486.5
2014-11-25,69308.0,87889.0,79824.45833333333
2014-11-26,71496.0,86477.0,79799.5
2014-11-27,67521.0,78531.0,72253.375
2014-11-28,67675.0,77616.0,72284.41666666667
2014-11-29,63405.0,73940.0,68320.45833333333
2014-11-30,60238.0,77403.0,67748.58333333333
2014-12-01,65007.0,88557.0,78293.375
2014-12-02,72162.0,89530.0,81930.91666666667
2014-12-03,71461.0,90405.0,81721.95833333333
2014-12-04,70121.0,88499.0,80414.29166666667
2014-12-05,67345.0,83848.0,77101.20833333333
2014-12-06,64387.0,80673.0,72971.375
2014-12-07,65354.0,82460.0,73391.08333333333
2014-12-08,66540.0,87159.0,78427.25
2014-12-09,69957.0,88939.0,80606.375
2014-12-10,72013.0,89980.0,81959.625
2014-12-11,72627.0,88009.0,81126.58333333333
2014-12-12,71483.0,85770.0,79269.45833333333
2014-12-13,67453.0,78819.0,73109.41666666667
2014-12-14,62656.0,78396.0,69618.58333333333
2014-12-15,61854.0,84768.0,75088.83333333333
2014-12-16,65184.0,88204.0,78434.04166666667
2014-12-17,71369.0,90678.0,82158.20833333333
2014-12-18,71803.0,89380.0,81936.33333333333
2014-12-19,71012.0,88249.0,81140.875
2014-12-20,68744.0,82270.0,75568.83333333333
2014-12-21,66917.0,81665.0,73436.33333333333
2014-12-22,66228.0,85131.0,77223.125
2014-12-23,65441.0,84632.0,76243.875
2014-12-24,62980.0,77216.0,71521.41666666667
2014-12-25,62520.0,72525.0,67740.33333333333
2014-12-26,60404.0,74401.0,68490.33333333333
2014-12-27,59102.0,76149.0,67824.29166666667
2014-12-28,60653.0,79100.0,69415.95833333333
2014-12-29,67458.0,86765.0,78357.125
2014-12-30,71192.0,91619.0,82371.0
2014-12-31,74738.0,88142.0,81859.04166666667
2015-01-01,70639.0,83740.0,76545.04166666667
2015-01-02,66862.0,80111.0,74815.0
2015-01-03,63644.0,77961.0,71451.66666666667
2015-01-04,65098.0,88782.0,76430.875
2015-01-05,76660.0,97382.0,88543.70833333333
2015-01-06,80272.0,96575.0,89283.04166666667
2015-01-07,81693.0,103823.0,93593.83333333333
2015-01-08,89879.0,105528.0,97661.875
2015-01-09,86961.0,101776.0,95645.5
2015-01-10,82637.0,91616.0,86938.04166666667
2015-01-11,76635.0,87717.0,80763.375
2015-01-12,71528.0,94249.0,84590.125
2015-01-13,77799.0,96992.0,88636.0
2015-01-14,81084.0,97410.0,89568.16666666667
2015-01-15,78494.0,94185.0,86904.20833333333
2015-01-16,75900.0,91625.0,82979.41666666667
2015-01-17,70244.0,79490.0,74938.20833333333
2015-01-18,65498.0,78753.0,71530.58333333333
2015-01-19,67036.0,84877.0,77230.20833333333
2015-01-20,67941.0,85454.0,78222.08333333333
2015-01-21,68733.0,87117.0,79314.5
2015-01-22,69628.0,89019.0,80701.0
2015-01-23,71033.0,87628.0,81244.54166666667
2015-01-24,71371.0,80649.0,76009.16666666667
2015-01-25,65522.0,81248.0,72647.125
2015-01-26,68455.0,87526.0,79737.58333333333
2015-01-27,70903.0,87538.0,80253.25
2015-01-28,70484.0,87701.0,79607.125
2015-01-29,67737.0,86559.0,78734.20833333333
2015-01-30,71285.0,88536.0,80967.83333333333
2015-01-31,69228.0,78807.0,74245.83333333333
2015-02-01,65942.0,83260.0,73660.20833333333
2015-02-02,71929.0,96532.0,86124.0
2015-02-03,76995.0,92707.0,84571.08333333333
2015-02-04,74269.0,92067.0,84357.33333333333
2015-02-05,78001.0,94276.0,86884.08333333333
2015-02-06,76772.0,92488.0,82631.04166666667
2015-02-07,69621.0,78787.0,73712.70833333333
2015-02-08,61820.0,76724.0,68724.5
2015-02-09,64796.0,86623.0,77242.16666666667
2015-02-10,72224.0,88776.0,80832.66666666667
2015-02-11,71397.0,87047.0,80324.83333333333
2015-02-12,73082.0,92911.0,84611.54166666667
2015-02-13,79379.0,94473.0,85287.95833333333
2015-02-14,74221.0,85303.0,79355.25
2015-02-15,74380.0,86983.0,79587.875
2015-02-16,74231.0,93922.0,85922.58333333333
2015-02-17,82081.0,97036.0,90515.875
2015-02-18,81943.0,97246.0,90412.25
2015-02-19,85853.0,102144.0,93408.79166666667
2015-02-20,80233.0,96850.0,88088.75
2015-02-21,74164.0,83651.0,78905.66666666667
2015-02-22,68758.0,85608.0,76289.375
2015-02-23,76001.0,98773.0,89683.41666666667
2015-02-24,83135.0,97618.0,89599.70833333333
2015-02-25,79459.0,94310.0,87975.125
2015-02-26,79185.0,95324.0,88563.125
2015-02-27,83210.0,98013.0,89178.375
2015-02-28,74458.0,86152.0,80565.08333333333
2015-03-01,70345.0,81631.0,75111.41666666667
2015-03-02,70750.0,87878.0,80807.0
2015-03-03,71439.0,85471.0,79770.125
2015-03-04,69960.0,91619.0,82612.125
2015-03-05,76544.0,95135.0,86965.66666666667
2015-03-06,80249.0,94640.0,85634.70833333333
2015-03-07,70710.0,80432.0,75737.08333333333
2015-03-08,66557.0,76848.0,71166.75
2015-03-09,63562.0,81129.0,74252.54166666667
2015-03-10,63484.0,78720.0,72761.20833333333
2015-03-11,62710.0,78475.0,72159.91666666667
2015-03-12,61527.0,77465.0,71249.125
2015-03-13,60557.0,75845.0,69761.66666666667
2015-03-14,58989.0,70041.0,65485.416666666664
2015-03-15,56241.0,70139.0,62872.666666666664
2015-03-16,56918.0,76090.0,69587.16666666667
2015-03-17,59356.0,78335.0,71167.66666666667
2015-03-18,63395.0,78316.0,72595.83333333333
2015-03-19,62593.0,78152.0,73012.5
2015-03-20,62111.0,76955.0,71224.625
2015-03-21,59255.0,70192.0,65555.25
2015-03-22,57930.0,72401.0,64919.208333333336
2015-03-23,61073.0,79259.0,72996.95833333333
2015-03-24,63037.0,78889.0,72910.41666666667
2015-03-25,62769.0,78070.0,72779.08333333333
2015-03-26,62724.0,78693.0,73158.29166666667
2015-03-27,64507.0,80885.0,73315.375
2015-03-28,64925.0,74183.0,68986.875
2015-03-29,61508.0,72724.0,66473.95833333333
2015-03-30,62407.0,78646.0,73042.5
2015-03-31,60304.0,76952.0,71033.08333333333
2015-04-01,60136.0,76457.0,70742.75
2015-04-02,59361.0,76515.0,70614.25
2015-04-03,58882.0,72770.0,68143.375
2015-04-04,58987.0,66540.0,62328.75
2015-04-05,55823.0,65860.0,59787.208333333336
2015-04-06,56898.0,76080.0,69542.45833333333
2015-04-07,60031.0,78398.0,71848.08333333333
2015-04-08,60954.0,79475.0,73062.08333333333
2015-04-09,61359.0,78431.0,72603.79166666667
2015-04-10,60856.0,75396.0,69851.125
2015-04-11,57348.0,67430.0,63046.0
2015-04-12,54652.0,69512.0,61865.375
2015-04-13,56662.0,75947.0,69468.08333333333
2015-04-14,58649.0,74993.0,69596.0
2015-04-15,58647.0,74685.0,69134.20833333333
2015-04-16,59025.0,75506.0,69875.25
2015-04-17,58240.0,75199.0,69242.54166666667
2015-04-18,56583.0,68714.0,63831.083333333336
2015-04-19,53383.0,69387.0,61289.333333333336
2015-04-20,57142.0,75615.0,69633.70833333333
2015-04-21,60278.0,75371.0,70031.125
2015-04-22,60507.0,77313.0,71311.66666666667
2015-04-23,62250.0,76261.0,71535.95833333333
2015-04-24,61130.0,75318.0,70250.41666666667
2015-04-25,58154.0,70781.0,65668.0
2015-04-26,57194.0,71068.0,63867.0
2015-04-27,58549.0,75057.0,69817.20833333333
2015-04-28,58899.0,73271.0,68401.75
2015-04-29,58625.0,73948.0,68683.70833333333
2015-04-30,58327.0,74268.0,68559.91666666667
2015-05-01,58077.0,73082.0,67859.75
2015-05-02,54877.0,68612.0,62965.833333333336
2015-05-03,53289.0,71766.0,62529.083333333336
2015-05-04,57122.0,81055.0,71949.29166666667
2015-05-05,59110.0,81562.0,72939.83333333333
2015-05-06,59724.0,84117.0,74194.70833333333
2015-05-07,60933.0,87636.0,76515.45833333333
2015-05-08,61793.0,86929.0,76277.95833333333
2015-05-09,58030.0,76629.0,68377.75
2015-05-10,56118.0,75183.0,66479.54166666667
2015-05-11,59907.0,83817.0,74534.70833333333
2015-05-12,60689.0,78114.0,72012.125
2015-05-13,59939.0,76424.0,70676.83333333333
2015-05-14,59632.0,78415.0,71594.45833333333
2015-05-15,59368.0,81378.0,72674.375
2015-05-16,58435.0,76668.0,68699.16666666667
2015-05-17,58047.0,77919.0,68959.83333333333
2015-05-18,62055.0,88039.0,77597.41666666667
2015-05-19,61949.0,79448.0,73118.45833333333
2015-05-20,60894.0,78863.0,72299.08333333333
2015-05-21,61333.0,78041.0,71878.20833333333
2015-05-22,58918.0,75599.0,69356.33333333333
2015-05-23,56916.0,70781.0,64977.75
2015-05-24,55011.0,73303.0,65151.833333333336
2015-05-25,56584.0,76109.0,67494.08333333333
2015-05-26,60016.0,87667.0,76679.41666666667
2015-05-27,62272.0,89879.0,78290.79166666667
2015-05-28,61994.0,90816.0,78750.75
2015-05-29,64284.0,91826.0,79632.95833333333
2015-05-30,61948.0,77015.0,70349.04166666667
2015-05-31,56151.0,71277.0,64264.708333333336
2015-06-01,56663.0,79233.0,70655.41666666667
2015-06-02,59493.0,82800.0,73348.875
2015-06-03,60513.0,88943.0,76520.29166666667
2015-06-04,61893.0,93395.0,79548.45833333333
2015-06-05,63012.0,92317.0,79109.16666666667
2015-06-06,60824.0,83910.0,73262.29166666667
2015-06-07,58799.0,88072.0,74432.5
2015-06-08,64486.0,97764.0,83296.58333333333
2015-06-09,65008.0,99783.0,84491.0
2015-06-10,67064.0,104370.0,87389.33333333333
2015-06-11,67998.0,101855.0,86647.5
2015-06-12,67601.0,95889.0,82850.29166666667
2015-06-13,62281.0,86025.0,75424.45833333333
2015-06-14,60630.0,86977.0,75225.54166666667
2015-06-15,65829.0,98890.0,84632.20833333333
2015-06-16,67717.0,97307.0,84149.75
2015-06-17,66415.0,96916.0,83569.5
2015-06-18,66949.0,97975.0,84285.41666666667
2015-06-19,65612.0,92069.0,79986.91666666667
2015-06-20,62739.0,92813.0,78611.66666666667
2015-06-21,63708.0,95655.0,80519.45833333333
2015-06-22,67209.0,107482.0,90034.04166666667
2015-06-23,72057.0,104524.0,89248.25
2015-06-24,68438.0,103717.0,87544.41666666667
2015-06-25,69591.0,102191.0,87469.25
2015-06-26,68340.0,94119.0,82513.41666666667
2015-06-27,63293.0,83162.0,73920.75
2015-06-28,58453.0,83159.0,71581.54166666667
2015-06-29,62879.0,94676.0,81079.75
2015-06-30,66013.0,97804.0,83545.54166666667
2015-07-01,65365.0,93818.0,81357.20833333333
2015-07-02,64486.0,91821.0,79768.0
2015-07-03,61945.0,86056.0,74365.5
2015-07-04,57166.0,76427.0,68039.70833333333
2015-07-05,58405.0,94062.0,76861.16666666667
2015-07-06,66005.0,104657.0,87396.08333333333
2015-07-07,69430.0,94491.0,83305.625
2015-07-08,65059.0,89474.0,79241.29166666667
2015-07-09,64962.0,92409.0,80433.83333333333
2015-07-10,65700.0,98494.0,83398.0
2015-07-11,65302.0,97097.0,82071.20833333333
2015-07-12,65452.0,102854.0,84856.41666666667
2015-07-13,71103.0,114608.0,95070.54166666667
2015-07-14,74949.0,112004.0,94853.91666666667
2015-07-15,71643.0,105017.0,89478.54166666667
2015-07-16,69639.0,103045.0,88019.75
2015-07-17,71448.0,111331.0,93125.54166666667
2015-07-18,73230.0,112453.0,93744.83333333333
2015-07-19,70555.0,106016.0,89015.58333333333
2015-07-20,71820.0,111508.0,93639.95833333333
2015-07-21,72256.0,103996.0,89303.33333333333
2015-07-22,69778.0,102882.0,87933.08333333333
2015-07-23,70079.0,107197.0,90048.375
2015-07-24,71795.0,112746.0,93417.20833333333
2015-07-25,71514.0,107107.0,89747.25
2015-07-26,69671.0,106891.0,88953.83333333333
2015-07-27,73236.0,119357.0,98095.20833333333
2015-07-28,76987.0,121514.0,100758.41666666667
2015-07-29,77889.0,115442.0,97786.20833333333
2015-07-30,74223.0,111720.0,93936.08333333333
2015-07-31,72575.0,108657.0,91382.20833333333
2015-08-01,67831.0,101106.0,84440.66666666667
2015-08-02,65200.0,104551.0,85177.70833333333
2015-08-03,71837.0,110960.0,92472.875
2015-08-04,70067.0,105220.0,88822.0
2015-08-05,70323.0,104701.0,88727.66666666667
2015-08-06,70434.0,102856.0,87730.08333333333
2015-08-07,69152.0,103790.0,87479.45833333333
2015-08-08,68186.0,101099.0,84918.95833333333
2015-08-09,66602.0,101175.0,84104.5
2015-08-10,70583.0,109412.0,91857.375
2015-08-11,71754.0,105708.0,89794.70833333333
2015-08-12,69824.0,104557.0,88229.375
2015-08-13,70281.0,109876.0,91164.0
2015-08-14,72097.0,111926.0,93207.04166666667
2015-08-15,70323.0,107804.0,89590.45833333333
2015-08-16,68341.0,106263.0,87815.95833333333
2015-08-17,71744.0,109228.0,92336.875
2015-08-18,71347.0,104812.0,89845.04166666667
2015-08-19,71013.0,97832.0,85747.54166666667
2015-08-20,65377.0,90067.0,78906.83333333333
2015-08-21,63318.0,93579.0,79604.91666666667
2015-08-22,63065.0,90181.0,76860.5
2015-08-23,61756.0,87847.0,75227.66666666667
2015-08-24,63665.0,92429.0,79763.83333333333
2015-08-25,63396.0,88875.0,77744.79166666667
2015-08-26,61709.0,90056.0,77195.75
2015-08-27,61836.0,92792.0,78558.83333333333
2015-08-28,62979.0,92116.0,79022.0
2015-08-29,62216.0,89166.0,76259.66666666667
2015-08-30,60834.0,92839.0,77093.75
2015-08-31,66105.0,108346.0,89161.58333333333
2015-09-01,70745.0,111127.0,93164.54166666667
2015-09-02,72670.0,113377.0,94995.125
2015-09-03,72929.0,113106.0,95122.45833333333
2015-09-04,72511.0,110754.0,93247.20833333333
2015-09-05,69296.0,104164.0,87627.54166666667
2015-09-06,67058.0,102480.0,85121.16666666667
2015-09-07,67769.0,104281.0,86312.20833333333
2015-09-08,70065.0,108896.0,91384.16666666667
2015-09-09,69709.0,97555.0,85348.29166666667
2015-09-10,64621.0,91876.0,80283.0
2015-09-11,63799.0,83982.0,75197.08333333333
2015-09-12,57425.0,71373.0,65579.04166666667
2015-09-13,53197.0,73305.0,63310.916666666664
2015-09-14,55304.0,86773.0,73583.75
2015-09-15,59700.0,90200.0,77038.54166666667
2015-09-16,62189.0,97779.0,81643.70833333333
2015-09-17,64666.0,102193.0,85311.91666666667
2015-09-18,64870.0,96126.0,82138.625
2015-09-19,61368.0,81051.0,72073.58333333333
2015-09-20,55688.0,78908.0,67960.08333333333
2015-09-21,58001.0,88090.0,75554.83333333333
2015-09-22,59219.0,90231.0,76616.04166666667
2015-09-23,60893.0,90818.0,77916.91666666667
2015-09-24,61796.0,90540.0,78177.83333333333
2015-09-25,62229.0,88984.0,77250.875
2015-09-26,59571.0,79578.0,70327.70833333333
2015-09-27,56138.0,80223.0,68578.54166666667
2015-09-28,58980.0,90128.0,77246.20833333333
2015-09-29,61693.0,86720.0,76453.79166666667
2015-09-30,59806.0,81875.0,73624.08333333333
2015-10-01,60058.0,79136.0,71873.66666666667
2015-10-02,58868.0,74164.0,69099.83333333333
2015-10-03,55808.0,69047.0,63190.791666666664
2015-10-04,53198.0,71014.0,61673.166666666664
2015-10-05,55993.0,80850.0,71319.375
2015-10-06,58713.0,82049.0,73068.04166666667
2015-10-07,60019.0,82646.0,73938.58333333333
2015-10-08,60593.0,85184.0,75259.29166666667
2015-10-09,61015.0,79476.0,72180.41666666667
2015-10-10,57349.0,71307.0,65183.166666666664
2015-10-11,54293.0,75568.0,64245.458333333336
2015-10-12,57398.0,80943.0,71927.625
2015-10-13,59155.0,78607.0,71275.33333333333
2015-10-14,58333.0,79553.0,71208.58333333333
2015-10-15,58424.0,79846.0,71683.625
2015-10-16,59942.0,76070.0,70689.0
2015-10-17,59342.0,70415.0,65401.916666666664
2015-10-18,56851.0,70870.0,62972.375
2015-10-19,57014.0,77858.0,70174.375
2015-10-20,57965.0,78584.0,70731.29166666667
2015-10-21,57719.0,80027.0,71488.16666666667
2015-10-22,58783.0,80310.0,72348.16666666667
2015-10-23,59284.0,77960.0,71045.70833333333
2015-10-24,56631.0,70358.0,64546.5
2015-10-25,54047.0,70291.0,61471.541666666664
2015-10-26,56454.0,76595.0,69036.41666666667
2015-10-27,57990.0,77475.0,70108.95833333333
2015-10-28,57482.0,78118.0,70201.70833333333
2015-10-29,59479.0,78874.0,71644.0
2015-10-30,60770.0,75368.0,70247.33333333333
2015-10-31,57294.0,68647.0,64108.708333333336
2015-11-01,53938.0,70468.0,61578.166666666664
2015-11-02,55076.0,77486.0,68232.33333333333
2015-11-03,58226.0,78213.0,70171.75
2015-11-04,58141.0,79318.0,70655.25
2015-11-05,59550.0,80263.0,71861.83333333333
2015-11-06,61672.0,76188.0,70658.79166666667
2015-11-07,58160.0,70813.0,65148.833333333336
2015-11-08,57956.0,72381.0,63948.958333333336
2015-11-09,59614.0,78474.0,70654.45833333333
2015-11-10,61184.0,78322.0,71195.45833333333
2015-11-11,60370.0,79871.0,71299.0
2015-11-12,60827.0,79522.0,71402.29166666667
2015-11-13,61899.0,76969.0,71156.66666666667
2015-11-14,60872.0,71131.0,66000.875
2015-11-15,56305.0,71706.0,63254.083333333336
2015-11-16,56551.0,79681.0,69985.33333333333
2015-11-17,60281.0,79897.0,71797.125
2015-11-18,60447.0,79968.0,71502.70833333333
2015-11-19,61376.0,81639.0,72947.29166666667
2015-11-20,64226.0,78497.0,72991.25
2015-11-21,61282.0,77358.0,69720.375
2015-11-22,65351.0,80645.0,71684.16666666667
2015-11-23,68112.0,84800.0,77708.83333333333
2015-11-24,68106.0,83088.0,76654.95833333333
2015-11-25,64297.0,79070.0,73116.79166666667
2015-11-26,57172.0,69681.0,62718.041666666664
2015-11-27,55241.0,71591.0,63810.75
2015-11-28,56595.0,71333.0,64335.5
2015-11-29,60104.0,75567.0,66520.41666666667
2015-11-30,61955.0,83925.0,74786.95833333333
2015-12-01,63207.0,84273.0,75064.58333333333
2015-12-02,66309.0,85816.0,77449.25
2015-12-03,68764.0,85218.0,77888.08333333333
2015-12-04,68656.0,84254.0,76669.33333333333
2015-12-05,66333.0,77568.0,72206.83333333333
2015-12-06,62285.0,77601.0,69172.58333333333
2015-12-07,63563.0,83969.0,75300.54166666667
2015-12-08,66292.0,83198.0,75991.54166666667
2015-12-09,63395.0,82031.0,73802.04166666667
2015-12-10,63009.0,80734.0,72962.625
2015-12-11,61883.0,80760.0,72504.25
2015-12-12,58145.0,76070.0,67407.45833333333
2015-12-13,55685.0,75818.0,65383.833333333336
2015-12-14,58602.0,82595.0,72512.0
2015-12-15,64926.0,82814.0,75334.91666666667
2015-12-16,63208.0,83208.0,74496.0
2015-12-17,66588.0,86984.0,78179.79166666667
2015-12-18,70444.0,87012.0,79900.54166666667
2015-12-19,70945.0,81862.0,76215.20833333333
2015-12-20,68300.0,79882.0,72652.20833333333
2015-12-21,63420.0,83179.0,74715.54166666667
2015-12-22,63811.0,82366.0,74460.33333333333
2015-12-23,61106.0,79410.0,71872.25
2015-12-24,59883.0,74274.0,68580.54166666667
2015-12-25,55648.0,66243.0,62102.666666666664
2015-12-26,55807.0,72388.0,64366.833333333336
2015-12-27,58466.0,80212.0,69060.83333333333
2015-12-28,63984.0,85783.0,76319.125
2015-12-29,67625.0,86475.0,78094.125
2015-12-30,67510.0,84724.0,76976.375
2015-12-31,66851.0,83253.0,75337.08333333333
2016-01-01,64090.0,78734.0,71284.75
2016-01-02,66480.0,79292.0,72333.70833333333
2016-01-03,66416.0,81527.0,72913.875
2016-01-04,68386.0,89466.0,80328.625
2016-01-05,74460.0,90527.0,82928.83333333333
2016-01-06,73096.0,89121.0,81242.0
2016-01-07,68440.0,85210.0,78313.95833333333
2016-01-08,65410.0,80252.0,74665.41666666667
2016-01-09,62522.0,78969.0,71224.625
2016-01-10,68191.0,88796.0,77733.375
2016-01-11,78176.0,95247.0,86823.25
2016-01-12,76867.0,94203.0,86961.25
2016-01-13,78131.0,93401.0,85184.08333333333
2016-01-14,73686.0,88050.0,80741.95833333333
2016-01-15,67134.0,83328.0,77140.0
2016-01-16,68330.0,81708.0,75267.125
2016-01-17,69595.0,87588.0,78011.375
2016-01-18,78999.0,96086.0,88733.45833333333
2016-01-19,81591.0,98019.0,88811.83333333333
2016-01-20,76791.0,91308.0,84864.375
2016-01-21,73465.0,89057.0,82194.04166666667
2016-01-22,73788.0,90420.0,83935.95833333333
2016-01-23,75113.0,84789.0,79840.29166666667
2016-01-24,71807.0,81546.0,76151.25
2016-01-25,69046.0,85995.0,79120.20833333333
2016-01-26,67771.0,87927.0,79281.33333333333
2016-01-27,71732.0,88732.0,81504.95833333333
2016-01-28,71577.0,88596.0,80387.54166666667
2016-01-29,70263.0,87055.0,77984.5
2016-01-30,64248.0,74311.0,69355.54166666667
2016-01-31,58147.0,74026.0,65688.04166666667
2016-02-01,59403.0,81315.0,72271.75
2016-02-02,62646.0,80656.0,73293.70833333333
2016-02-03,63919.0,86184.0,77077.70833333333
2016-02-04,69713.0,87583.0,79428.625
2016-02-05,72749.0,88422.0,79520.5
2016-02-06,68959.0,78790.0,73293.45833333333
2016-02-07,65493.0,76190.0,69989.04166666667
2016-02-08,65700.0,88855.0,79364.83333333333
2016-02-09,74094.0,91788.0,84250.41666666667
2016-02-10,78496.0,93964.0,86115.125
2016-02-11,75845.0,90652.0,83286.625
2016-02-12,72282.0,87180.0,80507.75
2016-02-13,73155.0,83986.0,78494.58333333333
2016-02-14,71543.0,81425.0,75372.54166666667
2016-02-15,68884.0,85034.0,78535.04166666667
2016-02-16,69074.0,84483.0,78022.95833333333
2016-02-17,67706.0,84631.0,77753.375
2016-02-18,67873.0,83523.0,76068.83333333333
2016-02-19,64194.0,78382.0,72352.95833333333
2016-02-20,59785.0,70955.0,65539.33333333333
2016-02-21,57216.0,73086.0,64718.541666666664
2016-02-22,60595.0,80288.0,72336.91666666667
2016-02-23,64362.0,81544.0,74571.625
2016-02-24,65897.0,84849.0,77107.41666666667
2016-02-25,69898.0,85696.0,78795.04166666667
2016-02-26,69715.0,85158.0,76683.79166666667
2016-02-27,63760.0,73857.0,68492.29166666667
2016-02-28,60114.0,71923.0,65412.708333333336
2016-02-29,59608.0,79192.0,71001.70833333333
2016-03-01,63145.0,82599.0,74534.375
2016-03-02,67709.0,83432.0,76420.0
2016-03-03,65903.0,81536.0,75020.54166666667
2016-03-04,66162.0,81013.0,74210.125
2016-03-05,62282.0,71832.0,67337.625
2016-03-06,60853.0,72229.0,65439.291666666664
2016-03-07,58984.0,77042.0,69671.33333333333
2016-03-08,58996.0,77442.0,69926.95833333333
2016-03-09,58882.0,77132.0,69840.75
2016-03-10,59506.0,77853.0,70501.70833333333
2016-03-11,61121.0,74324.0,69373.91666666667
2016-03-12,57071.0,68404.0,63348.75
2016-03-13,54442.0,68867.0,61411.0
2016-03-14,56254.0,75032.0,68649.45833333333
2016-03-15,58101.0,76732.0,70220.875
2016-03-16,58540.0,75452.0,69731.70833333333
2016-03-17,59219.0,75452.0,70084.08333333333
2016-03-18,60033.0,75315.0,69756.29166666667
2016-03-19,59689.0,70656.0,65946.0
2016-03-20,60186.0,72838.0,65967.66666666667
2016-03-21,63217.0,81433.0,72184.91666666667
2016-03-22,62011.0,78561.0,70702.625
2016-03-23,58700.0,75621.0,69847.45833333333
2016-03-24,60265.0,75289.0,70014.58333333333
2016-03-25,60961.0,73764.0,67560.79166666667
2016-03-26,57157.0,65661.0,61355.791666666664
2016-03-27,54726.0,66250.0,59882.666666666664
2016-03-28,56377.0,73881.0,67020.16666666667
2016-03-29,59881.0,75287.0,69256.29166666667
2016-03-30,58921.0,74147.0,69052.41666666667
2016-03-31,58553.0,74799.0,69462.75
2016-04-01,58308.0,73646.0,67937.83333333333
2016-04-02,58087.0,67723.0,63350.5
2016-04-03,58793.0,67989.0,62406.416666666664
2016-04-04,57589.0,76721.0,70423.875
2016-04-05,60402.0,75793.0,70295.375
2016-04-06,59787.0,75210.0,69918.29166666667
2016-04-07,60434.0,75860.0,70874.125
2016-04-08,61963.0,75957.0,70470.66666666667
2016-04-09,60691.0,70130.0,65750.625
2016-04-10,56749.0,69734.0,62713.041666666664
2016-04-11,59093.0,76823.0,71055.625
2016-04-12,60881.0,75531.0,70230.08333333333
2016-04-13,60450.0,74458.0,69314.54166666667
2016-04-14,58852.0,73010.0,68186.25
2016-04-15,56941.0,71770.0,66488.375
2016-04-16,55534.0,66291.0,61715.708333333336
2016-04-17,52299.0,68478.0,60301.583333333336
2016-04-18,55809.0,76656.0,69505.04166666667
2016-04-19,58127.0,75129.0,69295.5
2016-04-20,57237.0,74469.0,68712.75
2016-04-21,57198.0,74202.0,68567.75
2016-04-22,57026.0,73029.0,67451.04166666667
2016-04-23,55661.0,66609.0,61747.666666666664
2016-04-24,52572.0,69181.0,60818.958333333336
2016-04-25,55488.0,78639.0,70358.91666666667
2016-04-26,58865.0,80003.0,72273.875
2016-04-27,60071.0,77446.0,71426.41666666667
2016-04-28,58313.0,76592.0,70407.0
2016-04-29,59371.0,75366.0,69505.16666666667
2016-04-30,57005.0,68123.0,63672.958333333336
2016-05-01,54205.0,68725.0,61564.625
2016-05-02,56411.0,75941.0,69118.54166666667
2016-05-03,56692.0,72371.0,67218.83333333333
2016-05-04,57679.0,73392.0,68307.0
2016-05-05,57913.0,72714.0,67808.33333333333
2016-05-06,57816.0,74645.0,68371.33333333333
2016-05-07,54845.0,68280.0,62530.041666666664
2016-05-08,53066.0,67984.0,60220.333333333336
2016-05-09,54542.0,75903.0,68562.95833333333
2016-05-10,58256.0,79054.0,71282.79166666667
2016-05-11,58959.0,83255.0,73657.58333333333
2016-05-12,59708.0,80927.0,72511.95833333333
2016-05-13,59243.0,77172.0,70164.29166666667
2016-05-14,57048.0,68551.0,63925.916666666664
2016-05-15,55304.0,68123.0,61002.041666666664
2016-05-16,55290.0,75076.0,68631.29166666667
2016-05-17,56959.0,75946.0,69328.79166666667
2016-05-18,58695.0,75313.0,69418.29166666667
2016-05-19,57962.0,75620.0,69267.0
2016-05-20,58655.0,76701.0,69762.16666666667
2016-05-21,55325.0,71345.0,64550.791666666664
2016-05-22,53301.0,72496.0,63566.875
2016-05-23,57292.0,84168.0,73488.20833333333
2016-05-24,59236.0,89863.0,76743.41666666667
2016-05-25,62631.0,91837.0,79655.54166666667
2016-05-26,63791.0,95040.0,81633.45833333333
2016-05-27,65219.0,91586.0,80291.95833333333
2016-05-28,59727.0,82779.0,72487.375
2016-05-29,56382.0,83824.0,70505.29166666667
2016-05-30,56340.0,87876.0,72585.54166666667
2016-05-31,62005.0,97280.0,81588.41666666667
2016-06-01,63424.0,94655.0,80747.125
2016-06-02,61786.0,90078.0,78016.91666666667
2016-06-03,62122.0,88309.0,76421.83333333333
2016-06-04,60162.0,78362.0,70045.25
2016-06-05,56454.0,79503.0,68368.83333333333
2016-06-06,60162.0,92810.0,78389.95833333333
2016-06-07,62203.0,88044.0,76733.66666666667
2016-06-08,61559.0,90219.0,77109.5
2016-06-09,62272.0,96067.0,80775.25
2016-06-10,66212.0,105057.0,87023.29166666667
2016-06-11,67326.0,104846.0,86629.91666666667
2016-06-12,64518.0,95628.0,80908.0
2016-06-13,64966.0,103033.0,86252.95833333333
2016-06-14,67754.0,100040.0,85740.83333333333
2016-06-15,68033.0,107512.0,89742.75
2016-06-16,70613.0,105799.0,89561.375
2016-06-17,68637.0,106582.0,88114.16666666667
2016-06-18,66256.0,100049.0,83170.95833333333
2016-06-19,62842.0,101219.0,82783.91666666667
2016-06-20,70019.0,110679.0,92048.41666666667
2016-06-21,71009.0,105756.0,89481.625
2016-06-22,69255.0,105644.0,89006.45833333333
2016-06-23,72336.0,105796.0,90266.625
2016-06-24,68938.0,105487.0,88090.75
2016-06-25,66994.0,104184.0,86017.66666666667
2016-06-26,67192.0,106819.0,88279.5
2016-06-27,71015.0,111081.0,92717.95833333333
2016-06-28,70714.0,97921.0,85388.375
2016-06-29,65290.0,97092.0,82339.54166666667
2016-06-30,65649.0,98731.0,83487.66666666667
2016-07-01,66209.0,94724.0,81267.16666666667
2016-07-02,63139.0,88012.0,76148.33333333333
2016-07-03,56712.0,81996.0,70672.0
2016-07-04,59982.0,87847.0,74615.875
2016-07-05,65060.0,109345.0,89195.91666666667
2016-07-06,72582.0,113004.0,94830.75
2016-07-07,73462.0,110262.0,93623.54166666667
2016-07-08,73978.0,107337.0,91284.16666666667
2016-07-09,67809.0,95978.0,82223.125
2016-07-10,63099.0,96746.0,80351.54166666667
2016-07-11,68650.0,111733.0,92300.125
2016-07-12,73557.0,116339.0,96966.25
2016-07-13,74599.0,113082.0,95329.5
2016-07-14,74154.0,108504.0,92533.0
2016-07-15,69648.0,96923.0,84241.83333333333
2016-07-16,63877.0,90743.0,77612.79166666667
2016-07-17,62769.0,98394.0,81185.91666666667
2016-07-18,70419.0,112169.0,93094.66666666667
2016-07-19,73231.0,114812.0,95752.5
2016-07-20,74765.0,117648.0,97965.95833333333
2016-07-21,79330.0,125096.0,104082.0
2016-07-22,80298.0,121165.0,101821.375
2016-07-23,73975.0,112572.0,93920.625
2016-07-24,70467.0,107663.0,90590.0
2016-07-25,72866.0,110976.0,93437.79166666667
2016-07-26,73067.0,111841.0,94029.66666666667
2016-07-27,73056.0,111020.0,93532.33333333333
2016-07-28,72110.0,104088.0,89587.25
2016-07-29,70087.0,100826.0,86521.20833333333
2016-07-30,66756.0,94395.0,81180.58333333333
2016-07-31,64062.0,95951.0,80490.58333333333
2016-08-01,69190.0,110873.0,92120.45833333333
2016-08-02,72618.0,114984.0,95399.75
2016-08-03,74981.0,121010.0,99184.95833333333
2016-08-04,75941.0,119711.0,99161.875
2016-08-05,76885.0,113794.0,95780.41666666667
2016-08-06,69306.0,98753.0,83980.91666666667
2016-08-07,64696.0,96539.0,80737.5
2016-08-08,67888.0,106707.0,88763.83333333333
2016-08-09,71284.0,113385.0,94166.25
2016-08-10,75372.0,118939.0,98925.20833333333
2016-08-11,77795.0,118494.0,99988.375
2016-08-12,78031.0,112091.0,95835.125
2016-08-13,70332.0,92801.0,82108.29166666667
2016-08-14,63414.0,89580.0,76920.25
2016-08-15,65658.0,97966.0,83817.75
2016-08-16,68311.0,100112.0,85867.54166666667
2016-08-17,69331.0,106482.0,89659.95833333333
2016-08-18,71508.0,110972.0,92936.125
2016-08-19,71981.0,106308.0,90157.70833333333
2016-08-20,67352.0,89781.0,79069.45833333333
2016-08-21,61116.0,83860.0,72731.20833333333
2016-08-22,61330.0,96700.0,80866.66666666667
2016-08-23,65673.0,101965.0,85294.83333333333
2016-08-24,69037.0,105745.0,89283.83333333333
2016-08-25,72182.0,105808.0,90422.79166666667
2016-08-26,69974.0,102303.0,87042.66666666667
2016-08-27,66389.0,93613.0,80760.375
2016-08-28,64262.0,97597.0,81451.625
2016-08-29,69331.0,111294.0,91931.04166666667
2016-08-30,72740.0,111697.0,93347.25
2016-08-31,71507.0,105941.0,89499.16666666667
2016-09-01,68402.0,97639.0,84148.08333333333
2016-09-02,65063.0,92997.0,79955.66666666667
2016-09-03,60380.0,84196.0,72589.41666666667
2016-09-04,58628.0,85405.0,71800.66666666667
2016-09-05,59112.0,93584.0,77029.375
2016-09-06,68902.0,113037.0,93332.66666666667
2016-09-07,75017.0,114974.0,96696.75
2016-09-08,73845.0,106963.0,91738.95833333333
2016-09-09,68646.0,99328.0,85197.04166666667
2016-09-10,65191.0,84020.0,75087.875
2016-09-11,57549.0,82412.0,70351.75
2016-09-12,60132.0,93999.0,79080.29166666667
2016-09-13,62976.0,95212.0,80977.83333333333
2016-09-14,64073.0,93547.0,80663.91666666667
2016-09-15,63943.0,95678.0,81815.33333333333
2016-09-16,64635.0,93568.0,80533.66666666667
2016-09-17,60951.0,82773.0,72941.08333333333
2016-09-18,57650.0,87525.0,73177.20833333333
2016-09-19,61359.0,101589.0,83751.20833333333
2016-09-20,64426.0,103494.0,85599.79166666667
2016-09-21,65856.0,102749.0,85621.58333333333
2016-09-22,65839.0,101162.0,85009.375
2016-09-23,66242.0,97643.0,83247.20833333333
2016-09-24,63193.0,88592.0,76261.04166666667
2016-09-25,60464.0,86927.0,74082.95833333333
2016-09-26,62048.0,86586.0,76824.20833333333
2016-09-27,59766.0,82032.0,73272.625
2016-09-28,58470.0,81429.0,72247.125
2016-09-29,58723.0,79498.0,71535.375
2016-09-30,58647.0,77585.0,70124.45833333333
2016-10-01,56263.0,70931.0,64613.958333333336
2016-10-02,53682.0,73755.0,63705.583333333336
2016-10-03,56972.0,81229.0,71944.125
2016-10-04,59767.0,84934.0,74680.20833333333
2016-10-05,61495.0,87521.0,76703.66666666667
2016-10-06,62531.0,89227.0,77766.70833333333
2016-10-07,62710.0,82712.0,74102.91666666667
2016-10-08,58527.0,71213.0,65739.875
2016-10-09,55384.0,71142.0,62343.958333333336
2016-10-10,55792.0,77840.0,69279.625
2016-10-11,58456.0,79865.0,71410.0
2016-10-12,59071.0,79631.0,71697.58333333333
2016-10-13,59495.0,77815.0,70822.875
2016-10-14,59861.0,75441.0,69774.83333333333
2016-10-15,56226.0,73718.0,66215.58333333333
2016-10-16,56697.0,78936.0,67833.125
2016-10-17,60350.0,89702.0,77474.875
2016-10-18,63644.0,87609.0,77317.54166666667
2016-10-19,60815.0,82821.0,74074.20833333333
2016-10-20,61122.0,79046.0,72555.45833333333
2016-10-21,59313.0,74645.0,69304.08333333333
2016-10-22,57183.0,67507.0,62899.583333333336
2016-10-23,53477.0,70031.0,61104.041666666664
2016-10-24,55620.0,76252.0,68452.33333333333
2016-10-25,58441.0,76964.0,69911.79166666667
2016-10-26,58646.0,78096.0,70393.08333333333
2016-10-27,59218.0,77798.0,70674.70833333333
2016-10-28,59361.0,75590.0,69657.54166666667
2016-10-29,56866.0,72493.0,65306.583333333336
2016-10-30,53082.0,71897.0,62309.958333333336
2016-10-31,56379.0,78690.0,70764.83333333333
2016-11-01,57300.0,79827.0,71201.75
2016-11-02,58957.0,79157.0,71155.70833333333
2016-11-03,59819.0,78174.0,71071.79166666667
2016-11-04,58923.0,74439.0,69284.5
2016-11-05,57335.0,69147.0,64004.833333333336
2016-11-06,52789.0,69107.0,59826.5
2016-11-07,56165.0,77278.0,68529.91666666667
2016-11-08,58085.0,76720.0,69025.41666666667
2016-11-09,59116.0,76905.0,69399.125
2016-11-10,60871.0,76523.0,69966.95833333333
2016-11-11,59104.0,74111.0,68553.83333333333
2016-11-12,58538.0,70047.0,64391.583333333336
2016-11-13,57712.0,70955.0,63243.666666666664
2016-11-14,58220.0,77059.0,69686.33333333333
2016-11-15,60053.0,76781.0,69565.41666666667
2016-11-16,58483.0,77417.0,69280.45833333333
2016-11-17,59008.0,78200.0,69664.625
2016-11-18,57872.0,75389.0,68437.41666666667
2016-11-19,58068.0,74947.0,67180.20833333333
2016-11-20,62649.0,76268.0,68426.54166666667
2016-11-21,65067.0,82221.0,74933.66666666667
2016-11-22,66145.0,81266.0,74810.0
2016-11-23,63413.0,79646.0,72843.375
2016-11-24,58674.0,68739.0,62605.541666666664
2016-11-25,55926.0,70263.0,63591.583333333336
2016-11-26,57203.0,69060.0,63200.666666666664
2016-11-27,57880.0,72032.0,64235.458333333336
2016-11-28,59098.0,80474.0,71340.125
2016-11-29,61592.0,80885.0,72567.79166666667
2016-11-30,61160.0,81401.0,72743.70833333333
2016-12-01,64601.0,82212.0,74591.70833333333
2016-12-02,66939.0,81764.0,75349.125
2016-12-03,63718.0,77387.0,70753.54166666667
2016-12-04,62256.0,79156.0,70015.375
2016-12-05,65021.0,84486.0,76070.375
2016-12-06,66090.0,85783.0,77231.54166666667
2016-12-07,68497.0,86958.0,79056.45833333333
2016-12-08,69646.0,92512.0,82373.375
2016-12-09,76034.0,91810.0,85301.66666666667
2016-12-10,75394.0,84541.0,79602.54166666667
2016-12-11,69320.0,82320.0,74823.29166666667
2016-12-12,67673.0,90187.0,80390.875
2016-12-13,70255.0,89510.0,80664.5
2016-12-14,73504.0,92416.0,83964.875
2016-12-15,77353.0,96617.0,87824.125
2016-12-16,78625.0,93403.0,85873.125
2016-12-17,70133.0,85563.0,77956.70833333333
2016-12-18,72165.0,93291.0,81587.04166666667
2016-12-19,80213.0,96739.0,89793.58333333333
2016-12-20,82047.0,95275.0,87617.875
2016-12-21,75621.0,88900.0,82225.75
2016-12-22,69361.0,85582.0,78603.45833333333
2016-12-23,67141.0,79244.0,74221.375
2016-12-24,61287.0,73701.0,67503.58333333333
2016-12-25,58857.0,75107.0,66526.58333333333
2016-12-26,57941.0,76227.0,68045.79166666667
2016-12-27,60789.0,82777.0,72958.875
2016-12-28,65968.0,81801.0,74601.125
2016-12-29,64849.0,83562.0,74978.95833333333
2016-12-30,67770.0,80821.0,75308.0
2016-12-31,63142.0,74757.0,68703.125
2017-01-01,62775.0,74586.0,66960.5
2017-01-02,61224.0,78399.0,69917.33333333333
2017-01-03,60833.0,83396.0,73530.70833333333
2017-01-04,69945.0,90894.0,81727.58333333333
2017-01-05,76536.0,92045.0,85424.29166666667
2017-01-06,78708.0,95834.0,89093.0
2017-01-07,82759.0,91808.0,87144.16666666667
2017-01-08,81001.0,91575.0,85587.29166666667
2017-01-09,79484.0,95359.0,86729.33333333333
2017-01-10,71637.0,86513.0,80201.625
2017-01-11,69047.0,84407.0,77938.125
2017-01-12,65350.0,85619.0,77015.375
2017-01-13,68881.0,84344.0,78700.875
2017-01-14,67416.0,79463.0,73799.0
2017-01-15,65514.0,78634.0,71582.75
2017-01-16,65721.0,83064.0,75796.33333333333
2017-01-17,63799.0,83398.0,75361.66666666667
2017-01-18,65051.0,82501.0,75327.45833333333
2017-01-19,64777.0,80565.0,74082.875
2017-01-20,62840.0,77779.0,72402.04166666667
2017-01-21,59864.0,72524.0,67003.0
2017-01-22,56560.0,73339.0,64686.166666666664
2017-01-23,60162.0,81098.0,72680.95833333333
2017-01-24,65692.0,82318.0,75176.33333333333
2017-01-25,64320.0,82503.0,74836.5
2017-01-26,66085.0,85612.0,77772.375
2017-01-27,70413.0,86779.0,79588.375
2017-01-28,69834.0,79473.0,75042.58333333333
2017-01-29,66770.0,80651.0,73051.83333333333
2017-01-30,68432.0,85850.0,78370.875
2017-01-31,66796.0,83146.0,76462.5
2017-02-01,66179.0,83502.0,75822.125
2017-02-02,67791.0,85583.0,77896.79166666667
2017-02-03,70951.0,85923.0,79279.95833333333
2017-02-04,69909.0,79357.0,74036.41666666667
2017-02-05,65572.0,76803.0,70496.95833333333
2017-02-06,63848.0,81168.0,74274.25
2017-02-07,61776.0,80522.0,72699.125
2017-02-08,64127.0,85175.0,76460.95833333333
2017-02-09,69524.0,86811.0,79682.66666666667
2017-02-10,69609.0,84633.0,76395.70833333333
2017-02-11,61762.0,73235.0,68032.95833333333
2017-02-12,57471.0,73847.0,65195.458333333336
2017-02-13,61924.0,80138.0,72596.08333333333
2017-02-14,63283.0,80744.0,73620.66666666667
2017-02-15,63880.0,82413.0,74928.375
2017-02-16,67639.0,82794.0,74557.04166666667
2017-02-17,63297.0,78342.0,70836.70833333333
2017-02-18,59280.0,69351.0,64538.5
2017-02-19,55365.0,68863.0,61623.833333333336
2017-02-20,55782.0,76221.0,67937.54166666667
2017-02-21,59021.0,76423.0,69442.625
2017-02-22,58935.0,75923.0,69034.29166666667
2017-02-23,58689.0,76617.0,69506.5
2017-02-24,59934.0,75661.0,69763.5
2017-02-25,61521.0,75092.0,68973.66666666667
2017-02-26,63407.0,73235.0,67663.79166666667
2017-02-27,62445.0,79131.0,72515.5
2017-02-28,61583.0,79450.0,72260.54166666667
2017-03-01,60542.0,79365.0,71695.66666666667
2017-03-02,64701.0,79834.0,73806.83333333333
2017-03-03,67107.0,81566.0,74054.95833333333
2017-03-04,64189.0,72450.0,67623.04166666667
2017-03-05,58125.0,70819.0,63757.5
2017-03-06,58426.0,77413.0,69854.5
2017-03-07,60713.0,77892.0,70780.79166666667
2017-03-08,62905.0,77257.0,71241.70833333333
2017-03-09,61860.0,77760.0,71576.54166666667
2017-03-10,63660.0,78873.0,73252.04166666667
2017-03-11,65639.0,76067.0,71271.875
2017-03-12,65651.0,76211.0,70052.70833333333
2017-03-13,65418.0,81775.0,76043.83333333333
2017-03-14,68722.0,85409.0,78367.75
2017-03-15,71370.0,87042.0,78708.29166666667
2017-03-16,67761.0,84763.0,75834.45833333333
2017-03-17,64296.0,78073.0,71838.125
2017-03-18,60108.0,70358.0,66026.0
2017-03-19,58911.0,69554.0,63706.791666666664
2017-03-20,59612.0,76283.0,70782.16666666667
2017-03-21,60080.0,76755.0,71161.66666666667
2017-03-22,62610.0,78312.0,72999.75
2017-03-23,64050.0,77919.0,73181.625
2017-03-24,61665.0,75198.0,70427.95833333333
2017-03-25,57660.0,68779.0,64419.958333333336
2017-03-26,55679.0,69754.0,62755.833333333336
2017-03-27,57701.0,76059.0,70241.20833333333
2017-03-28,59809.0,75369.0,70286.20833333333
2017-03-29,60491.0,76116.0,70984.16666666667
2017-03-30,60740.0,75524.0,70715.04166666667
2017-03-31,59827.0,74549.0,69410.125
2017-04-01,58878.0,68284.0,64420.458333333336
2017-04-02,55470.0,69491.0,62489.333333333336
2017-04-03,56767.0,75291.0,69331.625
2017-04-04,57990.0,75457.0,69606.33333333333
2017-04-05,59450.0,75162.0,69956.75
2017-04-06,61482.0,76981.0,71473.125
2017-04-07,61187.0,75949.0,68499.875
2017-04-08,57885.0,66083.0,62519.25
2017-04-09,53428.0,69718.0,61245.208333333336
2017-04-10,55869.0,75320.0,68632.29166666667
2017-04-11,58089.0,74624.0,69362.20833333333
2017-04-12,58474.0,73849.0,68765.79166666667
2017-04-13,57989.0,75569.0,69571.20833333333
2017-04-14,56582.0,72604.0,66392.83333333333
2017-04-15,53922.0,67973.0,62127.833333333336
2017-04-16,53342.0,66325.0,60030.083333333336
2017-04-17,55129.0,74609.0,68122.79166666667
2017-04-18,57272.0,76591.0,69804.66666666667
2017-04-19,58798.0,80335.0,72099.5
2017-04-20,59613.0,79539.0,72000.125
2017-04-21,59245.0,76041.0,69861.875
2017-04-22,56756.0,67173.0,63156.291666666664
2017-04-23,54842.0,67008.0,60474.583333333336
2017-04-24,55869.0,74345.0,68178.95833333333
2017-04-25,56907.0,76446.0,69495.04166666667
2017-04-26,58431.0,78818.0,71158.25
2017-04-27,59579.0,75260.0,70314.16666666667
2017-04-28,58140.0,74679.0,69063.91666666667
2017-04-29,57467.0,71012.0,65700.83333333333
2017-04-30,57445.0,70489.0,64084.333333333336
2017-05-01,57248.0,75380.0,69656.375
2017-05-02,58275.0,75283.0,69671.66666666667
2017-05-03,58741.0,74871.0,69356.25
2017-05-04,58009.0,73833.0,68485.83333333333
2017-05-05,57877.0,73039.0,67312.375
2017-05-06,55449.0,65808.0,61611.458333333336
2017-05-07,54076.0,68748.0,60945.958333333336
2017-05-08,55809.0,77173.0,69938.16666666667
2017-05-09,58814.0,80153.0,71719.625
2017-05-10,58875.0,81256.0,72316.625
2017-05-11,59889.0,79742.0,72106.58333333333
2017-05-12,58647.0,75647.0,69047.54166666667
2017-05-13,55658.0,69476.0,63567.958333333336
2017-05-14,53264.0,74048.0,64107.375
2017-05-15,56683.0,87488.0,74519.70833333333
2017-05-16,60642.0,93632.0,79004.91666666667
2017-05-17,62560.0,91059.0,79267.79166666667
2017-05-18,63558.0,89310.0,78537.41666666667
2017-05-19,62707.0,83379.0,74939.33333333333
2017-05-20,58934.0,75224.0,68432.0
2017-05-21,56769.0,71532.0,65194.583333333336
2017-05-22,58115.0,77772.0,70842.5
2017-05-23,57092.0,76093.0,69204.20833333333
2017-05-24,58985.0,75585.0,69931.45833333333
2017-05-25,57290.0,77180.0,69910.58333333333
2017-05-26,58367.0,81791.0,72136.41666666667
2017-05-27,57699.0,76770.0,67994.875
2017-05-28,56604.0,75874.0,67236.58333333333
2017-05-29,55332.0,73380.0,65393.166666666664
2017-05-30,56458.0,81341.0,71907.83333333333
2017-05-31,58641.0,82016.0,72956.04166666667
2017-06-01,60647.0,86510.0,75864.29166666667
2017-06-02,60189.0,90081.0,76678.875
2017-06-03,60322.0,88098.0,75046.375
2017-06-04,59204.0,87564.0,74590.16666666667
2017-06-05,62998.0,92854.0,79892.79166666667
2017-06-06,61384.0,87084.0,76319.70833333333
2017-06-07,59873.0,87650.0,75388.375
2017-06-08,60707.0,91328.0,77162.875
2017-06-09,61805.0,94896.0,79203.625
2017-06-10,61164.0,96626.0,78862.125
2017-06-11,61952.0,98913.0,81255.41666666667
2017-06-12,68718.0,111881.0,92816.625
2017-06-13,72608.0,112493.0,94147.04166666667
2017-06-14,72429.0,111762.0,93620.08333333333
2017-06-15,71887.0,110281.0,92429.875
2017-06-16,70080.0,108658.0,90553.29166666667
2017-06-17,67474.0,99389.0,83854.66666666667
2017-06-18,63386.0,86258.0,75589.625
2017-06-19,63918.0,94005.0,80788.91666666667
2017-06-20,64087.0,93703.0,80454.375
2017-06-21,64131.0,96116.0,81635.70833333333
2017-06-22,67649.0,99607.0,85405.875
2017-06-23,68375.0,92854.0,81461.95833333333
2017-06-24,61730.0,79179.0,71073.875
2017-06-25,57333.0,77280.0,67863.5
2017-06-26,58199.0,86075.0,74119.79166666667
2017-06-27,59378.0,87737.0,75311.875
2017-06-28,61883.0,93242.0,79175.79166666667
2017-06-29,65856.0,97949.0,84097.0
2017-06-30,67352.0,97418.0,83833.54166666667
2017-07-01,65152.0,91577.0,78431.41666666667
2017-07-02,61030.0,96863.0,79435.79166666667
2017-07-03,64142.0,100047.0,82979.54166666667
2017-07-04,61732.0,92176.0,77545.625
2017-07-05,63842.0,102543.0,85094.29166666667
2017-07-06,69133.0,109729.0,91304.29166666667
2017-07-07,70870.0,106047.0,89121.5
2017-07-08,65891.0,95477.0,80776.20833333333
2017-07-09,61830.0,97820.0,80251.375
2017-07-10,68341.0,108398.0,90230.45833333333
2017-07-11,70892.0,109347.0,92000.66666666667
2017-07-12,73327.0,114591.0,95393.95833333333
2017-07-13,74350.0,106965.0,91942.33333333333
2017-07-14,70460.0,98955.0,85726.58333333333
2017-07-15,64860.0,96535.0,80753.125
2017-07-16,63620.0,96067.0,80268.29166666667
2017-07-17,66779.0,105333.0,87445.91666666667
2017-07-18,70312.0,112659.0,93137.875
2017-07-19,72347.0,117249.0,96407.70833333333
2017-07-20,75898.0,120570.0,99935.20833333333
2017-07-21,76721.0,117363.0,98187.58333333333
2017-07-22,74753.0,109797.0,92576.25
2017-07-23,69154.0,101903.0,86222.33333333333
2017-07-24,68467.0,102635.0,87190.20833333333
2017-07-25,67706.0,105012.0,87503.375
2017-07-26,70456.0,111489.0,92222.5
2017-07-27,73481.0,108031.0,92053.54166666667
2017-07-28,70936.0,100625.0,86321.91666666667
2017-07-29,65995.0,91513.0,78838.125
2017-07-30,60465.0,95946.0,78013.25
2017-07-31,65404.0,109234.0,88899.45833333333
2017-08-01,69300.0,109908.0,90911.5
2017-08-02,69802.0,105019.0,88957.20833333333
2017-08-03,69011.0,101068.0,86409.08333333333
2017-08-04,66463.0,90635.0,79666.91666666667
2017-08-05,60239.0,84224.0,72699.5
2017-08-06,58817.0,79929.0,70197.5
2017-08-07,62552.0,91153.0,78890.125
2017-08-08,63850.0,95769.0,81054.58333333333
2017-08-09,65719.0,98892.0,83360.66666666667
2017-08-10,66414.0,100106.0,84487.45833333333
2017-08-11,67352.0,97015.0,83138.33333333333
2017-08-12,63177.0,87684.0,75494.58333333333
2017-08-13,60076.0,86530.0,73416.79166666667
2017-08-14,64072.0,100083.0,83804.75
2017-08-15,67782.0,104484.0,87450.66666666667
2017-08-16,69301.0,106046.0,89373.5
2017-08-17,71382.0,104243.0,89278.41666666667
2017-08-18,69326.0,101525.0,86001.54166666667
2017-08-19,65460.0,96619.0,80824.75
2017-08-20,64663.0,103876.0,84223.5
2017-08-21,70365.0,112730.0,93272.20833333333
2017-08-22,73253.0,103300.0,89157.79166666667
2017-08-23,66788.0,94060.0,81706.83333333333
2017-08-24,64258.0,89646.0,78507.54166666667
2017-08-25,63222.0,87756.0,76519.375
2017-08-26,60161.0,80812.0,71044.75
2017-08-27,59481.0,81914.0,70978.29166666667
2017-08-28,62231.0,88738.0,77433.70833333333
2017-08-29,62924.0,88634.0,77819.08333333333
2017-08-30,63423.0,92806.0,79535.66666666667
2017-08-31,63470.0,87393.0,76712.54166666667
2017-09-01,60947.0,83611.0,73939.66666666667
2017-09-02,57326.0,77050.0,67680.375
2017-09-03,55173.0,83583.0,68709.45833333333
2017-09-04,57564.0,88440.0,72757.16666666667
2017-09-05,60553.0,88087.0,76505.25
2017-09-06,59326.0,79985.0,71875.25
2017-09-07,57252.0,78525.0,70200.29166666667
2017-09-08,57334.0,80744.0,70339.04166666667
2017-09-09,55770.0,74670.0,65524.708333333336
2017-09-10,54506.0,76323.0,65335.875
2017-09-11,57463.0,86009.0,73649.41666666667
2017-09-12,59064.0,84010.0,73461.95833333333
2017-09-13,59228.0,86421.0,74719.29166666667
2017-09-14,60462.0,93234.0,78347.0
2017-09-15,62624.0,96900.0,80772.95833333333
2017-09-16,62053.0,91516.0,76897.91666666667
2017-09-17,59839.0,88111.0,74349.95833333333
2017-09-18,61665.0,94394.0,80340.95833333333
2017-09-19,63288.0,96776.0,81881.41666666667
2017-09-20,64792.0,101157.0,84644.54166666667
2017-09-21,67109.0,107218.0,88476.45833333333
2017-09-22,69601.0,110076.0,90509.41666666667
2017-09-23,67593.0,101157.0,83738.625
2017-09-24,63657.0,100192.0,81372.95833333333
2017-09-25,66885.0,108736.0,88844.45833333333
2017-09-26,67062.0,105174.0,87064.45833333333
2017-09-27,66051.0,92573.0,80870.875
2017-09-28,61048.0,85195.0,75362.25
2017-09-29,59687.0,81323.0,72297.29166666667
2017-09-30,56620.0,73202.0,66034.41666666667
2017-10-01,55095.0,75475.0,65433.75
2017-10-02,57244.0,84663.0,74009.91666666667
2017-10-03,60539.0,88673.0,76974.41666666667
2017-10-04,60687.0,84826.0,75139.625
2017-10-05,59256.0,83880.0,73915.70833333333
2017-10-06,59256.0,83666.0,73558.125
2017-10-07,58745.0,78747.0,69994.08333333333
2017-10-08,55068.0,77145.0,66448.95833333333
2017-10-09,58273.0,87812.0,76064.04166666667
2017-10-10,61984.0,84970.0,75775.95833333333
2017-10-11,59835.0,78950.0,72047.91666666667
2017-10-12,57829.0,79028.0,71084.33333333333
2017-10-13,58642.0,80302.0,71541.0
2017-10-14,57397.0,77332.0,68537.41666666667
2017-10-15,57252.0,74031.0,66118.0
2017-10-16,57237.0,76376.0,69531.25
2017-10-17,57713.0,75598.0,68728.95833333333
2017-10-18,57429.0,76380.0,69076.0
2017-10-19,57695.0,77118.0,69769.04166666667
2017-10-20,58213.0,76952.0,69801.33333333333
2017-10-21,56666.0,72761.0,65883.58333333333
2017-10-22,56114.0,72209.0,64174.25
2017-10-23,55835.0,75694.0,68396.20833333333
2017-10-24,57237.0,77104.0,69769.66666666667
2017-10-25,59598.0,75746.0,70167.91666666667
2017-10-26,58719.0,75845.0,69670.625
2017-10-27,59820.0,75445.0,70248.5
2017-10-28,60106.0,71751.0,66729.875
2017-10-29,62248.0,73532.0,67046.70833333333
2017-10-30,61591.0,80299.0,73640.29166666667
2017-10-31,62550.0,79567.0,73518.91666666667
2017-11-01,62689.0,79499.0,72954.91666666667
2017-11-02,61450.0,79985.0,72811.91666666667
2017-11-03,60853.0,76691.0,71206.29166666667
2017-11-04,58628.0,72691.0,66552.0
2017-11-05,54547.0,73881.0,63992.0
2017-11-06,59685.0,82020.0,72883.54166666667
2017-11-07,63408.0,82415.0,74367.54166666667
2017-11-08,64354.0,81014.0,73859.16666666667
2017-11-09,64593.0,81754.0,74440.20833333333
2017-11-10,68230.0,82637.0,76451.75
2017-11-11,65787.0,75455.0,70583.91666666667
2017-11-12,62197.0,76917.0,68737.5
2017-11-13,62741.0,82242.0,74308.33333333333
2017-11-14,64448.0,80121.0,73565.20833333333
2017-11-15,63110.0,80621.0,73229.625
2017-11-16,64201.0,82493.0,74657.33333333333
2017-11-17,64747.0,79306.0,73561.625
2017-11-18,60012.0,76264.0,68572.5
2017-11-19,61340.0,78499.0,69387.25
2017-11-20,64418.0,82006.0,75154.04166666667
2017-11-21,64966.0,83181.0,75784.08333333333
2017-11-22,67074.0,83375.0,76815.16666666667
2017-11-23,60205.0,73075.0,66514.5
2017-11-24,60597.0,70009.0,65280.666666666664
2017-11-25,56642.0,69984.0,63521.666666666664
2017-11-26,58365.0,72708.0,64744.333333333336
2017-11-27,60576.0,79309.0,71782.58333333333
2017-11-28,62042.0,79143.0,72018.66666666667
2017-11-29,61727.0,81125.0,72654.08333333333
2017-11-30,62696.0,80426.0,72745.0
2017-12-01,62607.0,78337.0,71898.375
2017-12-02,61803.0,74888.0,68655.41666666667
2017-12-03,60001.0,74355.0,66212.625
2017-12-04,59370.0,81004.0,71811.375
2017-12-05,62147.0,86360.0,75870.20833333333
2017-12-06,68044.0,88704.0,79659.0
2017-12-07,71960.0,91377.0,83007.875
2017-12-08,76094.0,91575.0,83867.91666666667
2017-12-09,74711.0,84597.0,79465.125
2017-12-10,72156.0,83587.0,76751.20833333333
2017-12-11,70686.0,87596.0,80434.5
2017-12-12,69418.0,91526.0,82137.70833333333
2017-12-13,74107.0,89927.0,81899.54166666667
2017-12-14,72451.0,89909.0,82733.54166666667
2017-12-15,72025.0,87268.0,80609.5
2017-12-16,71255.0,79488.0,74944.04166666667
2017-12-17,64879.0,80008.0,71571.0
2017-12-18,63044.0,81982.0,74393.375
2017-12-19,63885.0,82177.0,74615.70833333333
2017-12-20,64712.0,83511.0,75745.75
2017-12-21,66655.0,81878.0,75737.41666666667
2017-12-22,65423.0,81608.0,74826.125
2017-12-23,62979.0,78337.0,71381.125
2017-12-24,63749.0,73879.0,69360.41666666667
2017-12-25,66922.0,80236.0,74678.29166666667
2017-12-26,71737.0,91442.0,82595.79166666667
2017-12-27,77547.0,95556.0,87008.95833333333
2017-12-28,81843.0,95837.0,89843.5
2017-12-29,81204.0,93076.0,87033.04166666667
2017-12-30,75522.0,87302.0,81130.70833333333
2017-12-31,75525.0,91048.0,82226.95833333333
2018-01-01,81595.0,96484.0,88062.45833333333
2018-01-02,88538.0,107239.0,99101.625
2018-01-03,88715.0,103662.0,96677.75
2018-01-04,87322.0,102850.0,95045.20833333333
2018-01-05,87771.0,102738.0,93505.29166666667
2018-01-06,80642.0,91157.0,86502.41666666667
2018-01-07,76255.0,85650.0,80137.5
2018-01-08,70735.0,88232.0,80749.16666666667
2018-01-09,70885.0,86138.0,79728.95833333333
2018-01-10,68106.0,82011.0,76365.625
2018-01-11,65073.0,83357.0,75687.0
2018-01-12,69388.0,91407.0,83314.79166666667
2018-01-13,79664.0,91132.0,85807.70833333333
2018-01-14,80580.0,90430.0,84878.83333333333
2018-01-15,82097.0,97642.0,90901.95833333333
2018-01-16,82547.0,102010.0,93756.33333333333
2018-01-17,89834.0,104845.0,95965.91666666667
2018-01-18,86544.0,100593.0,91782.66666666667
2018-01-19,76849.0,93029.0,83246.5
2018-01-20,69070.0,77386.0,73357.25
2018-01-21,60561.0,74730.0,67490.20833333333
2018-01-22,61366.0,81329.0,73245.625
2018-01-23,67196.0,85798.0,78484.25
2018-01-24,72004.0,88404.0,80747.33333333333
2018-01-25,73385.0,88786.0,79623.625
2018-01-26,70121.0,84248.0,76331.875
2018-01-27,63588.0,75204.0,69427.08333333333
2018-01-28,62904.0,77011.0,69320.125
2018-01-29,67132.0,86429.0,78509.08333333333
2018-01-30,74789.0,92905.0,83272.66666666667
2018-01-31,73977.0,89471.0,80624.75
2018-02-01,71114.0,88920.0,81000.66666666667
2018-02-02,75015.0,91374.0,82798.29166666667
2018-02-03,72690.0,81987.0,77220.83333333333
2018-02-04,67872.0,84125.0,75565.79166666667
2018-02-05,74226.0,91904.0,83781.0
2018-02-06,74185.0,89534.0,83015.91666666667
2018-02-07,74524.0,90981.0,83551.29166666667
2018-02-08,77859.0,93502.0,84488.91666666667
2018-02-09,73648.0,87332.0,79822.08333333333
2018-02-10,68491.0,79493.0,74030.54166666667
2018-02-11,67697.0,82177.0,74403.41666666667
2018-02-12,73696.0,92218.0,84023.83333333333
2018-02-13,75337.0,89899.0,82195.45833333333
2018-02-14,68853.0,81926.0,76401.375
2018-02-15,64273.0,80255.0,73702.75
2018-02-16,64311.0,81872.0,75020.16666666667
2018-02-17,66482.0,75897.0,71344.375
2018-02-18,64519.0,75324.0,69432.75
2018-02-19,61381.0,80752.0,72959.375
2018-02-20,63278.0,81397.0,74167.95833333333
2018-02-21,64115.0,84199.0,75925.5
2018-02-22,68112.0,82872.0,76996.58333333333
2018-02-23,65649.0,78923.0,74114.70833333333
2018-02-24,61934.0,73487.0,68467.20833333333
2018-02-25,61186.0,74931.0,67510.25
2018-02-26,63795.0,78950.0,72910.29166666667
2018-02-27,64872.0,78501.0,72918.75
2018-02-28,61709.0,78667.0,71829.75
2018-03-01,62246.0,79938.0,72805.29166666667
2018-03-02,65991.0,79070.0,72912.91666666667
2018-03-03,63401.0,72045.0,67328.125
2018-03-04,60317.0,71749.0,64807.0
2018-03-05,60996.0,79860.0,72504.83333333333
2018-03-06,65866.0,81017.0,74850.45833333333
2018-03-07,67674.0,83923.0,77390.375
2018-03-08,70587.0,84740.0,77653.95833333333
2018-03-09,69909.0,83028.0,75603.08333333333
2018-03-10,64353.0,72244.0,68222.04166666667
2018-03-11,61414.0,73996.0,67239.91666666667
2018-03-12,64267.0,81932.0,74797.33333333333
2018-03-13,67146.0,83591.0,76093.58333333333
2018-03-14,66615.0,84579.0,74544.875
2018-03-15,65268.0,81652.0,73010.54166666667
2018-03-16,63020.0,77654.0,71326.375
2018-03-17,61888.0,71418.0,67341.29166666667
2018-03-18,60293.0,71247.0,65218.708333333336
2018-03-19,60330.0,77814.0,72154.375
2018-03-20,62891.0,78970.0,73363.125
2018-03-21,65237.0,80857.0,73629.41666666667
2018-03-22,65381.0,80412.0,72436.25
2018-03-23,62292.0,77936.0,70768.58333333333
2018-03-24,60311.0,72186.0,67382.20833333333
2018-03-25,61041.0,74069.0,67306.75
2018-03-26,62512.0,78238.0,73099.625
2018-03-27,61584.0,76805.0,71800.33333333333
2018-03-28,62298.0,76604.0,72006.875
2018-03-29,61198.0,75256.0,70646.04166666667
2018-03-30,60747.0,72461.0,67038.29166666667
2018-03-31,58348.0,67672.0,63548.166666666664
2018-04-01,58875.0,72216.0,65142.541666666664
2018-04-02,60910.0,77654.0,72152.33333333333
2018-04-03,63076.0,78606.0,73471.25
2018-04-04,65011.0,80688.0,74713.70833333333
2018-04-05,65455.0,80287.0,73123.75
2018-04-06,62639.0,76914.0,72268.0
2018-04-07,64619.0,73524.0,69219.83333333333
2018-04-08,65284.0,73854.0,68924.58333333333
2018-04-09,63971.0,80374.0,74211.25
2018-04-10,64159.0,78799.0,72094.58333333333
2018-04-11,62774.0,77127.0,70800.70833333333
2018-04-12,58828.0,74530.0,69476.625
2018-04-13,58145.0,74206.0,68767.20833333333
2018-04-14,58306.0,68818.0,64784.708333333336
2018-04-15,58236.0,72871.0,65796.08333333333
2018-04-16,64011.0,82011.0,74957.875
2018-04-17,64285.0,78618.0,72706.75
2018-04-18,62076.0,76644.0,71686.58333333333
2018-04-19,62840.0,76603.0,71025.75
2018-04-20,62071.0,76321.0,68592.16666666667
2018-04-21,58231.0,66441.0,62943.291666666664
2018-04-22,55095.0,67468.0,61083.75
2018-04-23,56874.0,73593.0,68481.29166666667
2018-04-24,57279.0,73430.0,68227.125
2018-04-25,58118.0,73645.0,68682.29166666667
2018-04-26,58948.0,72241.0,67802.20833333333
2018-04-27,57641.0,71228.0,66546.625
2018-04-28,56131.0,67050.0,62527.333333333336
2018-04-29,54861.0,67386.0,60679.083333333336
2018-04-30,57046.0,75922.0,69623.08333333333
2018-05-01,58169.0,80002.0,71253.91666666667
2018-05-02,58321.0,82977.0,72932.125
2018-05-03,59937.0,83146.0,73771.33333333333
2018-05-04,60197.0,79706.0,71704.29166666667
2018-05-05,56472.0,71792.0,65042.708333333336
2018-05-06,53995.0,69936.0,62436.5
2018-05-07,56660.0,81254.0,71812.125
2018-05-08,59026.0,83848.0,73395.70833333333
2018-05-09,60010.0,85940.0,74865.91666666667
2018-05-10,59706.0,86505.0,74957.41666666667
2018-05-11,60001.0,85154.0,74293.66666666667
2018-05-12,58265.0,77902.0,69069.75
2018-05-13,56771.0,81617.0,69964.33333333333
2018-05-14,60785.0,94981.0,80224.04166666667
2018-05-15,63097.0,91999.0,79405.79166666667
2018-05-16,61469.0,92844.0,78758.16666666667
2018-05-17,62638.0,93425.0,79760.33333333333
2018-05-18,61693.0,85986.0,75555.33333333333
2018-05-19,59387.0,81563.0,71086.5
2018-05-20,57959.0,80389.0,70049.29166666667
2018-05-21,58852.0,86275.0,75377.04166666667
2018-05-22,60836.0,88596.0,77180.125
2018-05-23,62122.0,94882.0,80169.875
2018-05-24,64018.0,99401.0,83414.58333333333
2018-05-25,65797.0,100474.0,84628.25
2018-05-26,63170.0,96510.0,80365.29166666667
2018-05-27,60168.0,100860.0,81286.91666666667
2018-05-28,63831.0,105557.0,85506.0
2018-05-29,68889.0,110496.0,91618.625
2018-05-30,70340.0,102373.0,88559.08333333333
2018-05-31,69481.0,107484.0,90505.20833333333
2018-06-01,69123.0,103327.0,87035.66666666667
2018-06-02,63993.0,90824.0,78014.20833333333
2018-06-03,60274.0,83438.0,72539.91666666667
2018-06-04,60963.0,93001.0,78511.58333333333
2018-06-05,62961.0,93367.0,79477.29166666667
2018-06-06,62010.0,97028.0,80741.66666666667
2018-06-07,63781.0,103316.0,84918.08333333333
2018-06-08,66265.0,102010.0,85189.33333333333
2018-06-09,63694.0,95467.0,80483.83333333333
2018-06-10,61769.0,91331.0,77290.75
2018-06-11,63649.0,98959.0,83546.75
2018-06-12,65450.0,100769.0,85177.66666666667
2018-06-13,67407.0,99096.0,84870.41666666667
2018-06-14,65577.0,100836.0,84708.08333333333
2018-06-15,67986.0,106774.0,88633.95833333333
2018-06-16,67506.0,106888.0,88160.58333333333
2018-06-17,67678.0,107923.0,89285.625
2018-06-18,74399.0,114460.0,96508.91666666667
2018-06-19,72378.0,102141.0,88698.83333333333
2018-06-20,68609.0,98419.0,85156.16666666667
2018-06-21,67256.0,93097.0,81906.625
2018-06-22,64851.0,91044.0,79736.54166666667
2018-06-23,62607.0,88103.0,76087.79166666667
2018-06-24,61584.0,91573.0,77082.08333333333
2018-06-25,66208.0,99322.0,84925.625
2018-06-26,66615.0,99012.0,84629.0
2018-06-27,68633.0,103925.0,88139.5
2018-06-28,69094.0,112654.0,92608.54166666667
2018-06-29,74205.0,121173.0,99340.875
2018-06-30,73898.0,114847.0,95197.125
2018-07-01,70060.0,111061.0,91865.375
2018-07-02,73450.0,115509.0,96029.625
2018-07-03,71628.0,109490.0,91841.25
2018-07-04,70562.0,107116.0,89804.375
2018-07-05,72272.0,113382.0,94232.70833333333
2018-07-06,72137.0,102881.0,87936.875
2018-07-07,63503.0,91137.0,77774.79166666667
2018-07-08,60463.0,96834.0,78726.95833333333
2018-07-09,67141.0,113295.0,92003.125
2018-07-10,73147.0,115284.0,95634.25
2018-07-11,73040.0,114401.0,94903.0
2018-07-12,72385.0,113838.0,94194.16666666667
2018-07-13,73048.0,114941.0,95108.54166666667
2018-07-14,71124.0,109382.0,91159.04166666667
2018-07-15,69946.0,108615.0,90182.25
2018-07-16,74521.0,116019.0,96681.04166666667
2018-07-17,74101.0,109788.0,92546.91666666667
2018-07-18,69572.0,104092.0,87778.58333333333
2018-07-19,69013.0,105459.0,88506.375
2018-07-20,69975.0,105435.0,88659.08333333333
2018-07-21,68068.0,96279.0,82691.08333333333
2018-07-22,65653.0,95050.0,80530.41666666667
2018-07-23,66806.0,104438.0,86906.16666666667
2018-07-24,69371.0,108452.0,89846.625
2018-07-25,69660.0,109449.0,90358.20833333333
2018-07-26,69851.0,103629.0,87524.58333333333
2018-07-27,67685.0,98435.0,83823.625
2018-07-28,63722.0,90174.0,77271.125
2018-07-29,61686.0,89159.0,75674.95833333333
2018-07-30,64278.0,97018.0,82634.04166666667
2018-07-31,66271.0,96514.0,83110.79166666667
2018-08-01,65303.0,97871.0,82887.70833333333
2018-08-02,65730.0,102233.0,84972.66666666667
2018-08-03,67031.0,105942.0,87419.75
2018-08-04,67299.0,102898.0,85559.54166666667
2018-08-05,67165.0,108007.0,87729.45833333333
2018-08-06,73933.0,115792.0,96632.625
2018-08-07,73299.0,106544.0,91142.33333333333
2018-08-08,71203.0,108569.0,91161.16666666667
2018-08-09,71326.0,110668.0,92382.20833333333
2018-08-10,71906.0,107413.0,90232.54166666667
2018-08-11,67625.0,100617.0,84261.54166666667
2018-08-12,66241.0,103679.0,84985.5
2018-08-13,70053.0,113597.0,93151.625
2018-08-14,72399.0,112573.0,93615.08333333333
2018-08-15,73062.0,108178.0,92027.70833333333
2018-08-16,72728.0,107058.0,91305.29166666667
2018-08-17,72795.0,105961.0,90202.0
2018-08-18,68005.0,98899.0,83498.58333333333
2018-08-19,65556.0,98565.0,82149.125
2018-08-20,69037.0,101445.0,87299.125
2018-08-21,69605.0,98681.0,85246.54166666667
2018-08-22,66492.0,95684.0,81941.625
2018-08-23,64835.0,95871.0,81203.29166666667
2018-08-24,65539.0,92745.0,80198.70833333333
2018-08-25,64372.0,97026.0,80915.54166666667
2018-08-26,67144.0,104548.0,86310.16666666667
2018-08-27,74409.0,116396.0,97188.33333333333
2018-08-28,76468.0,112494.0,95377.70833333333
2018-08-29,73607.0,100718.0,88044.91666666667
2018-08-30,66490.0,93531.0,81198.66666666667
2018-08-31,66123.0,98884.0,83976.83333333333
2018-09-01,65835.0,93713.0,80543.16666666667
2018-09-02,65080.0,94522.0,79828.25
2018-09-03,66830.0,98024.0,82906.375
2018-09-04,71018.0,111989.0,93505.70833333333
2018-09-05,72872.0,106222.0,91071.95833333333
2018-09-06,70524.0,96211.0,84591.25
2018-09-07,65808.0,88177.0,77878.25
2018-09-08,62308.0,77999.0,71034.0
2018-09-09,59398.0,76356.0,68264.375
2018-09-10,60564.0,84453.0,75073.25
2018-09-11,61851.0,88210.0,77001.41666666667
2018-09-12,63156.0,91701.0,78962.45833333333
2018-09-13,64395.0,95999.0,81592.875
2018-09-14,66300.0,101056.0,84609.20833333333
2018-09-15,65559.0,97336.0,81319.75
2018-09-16,66063.0,101617.0,83556.95833333333
2018-09-17,70329.0,112089.0,92730.58333333333
2018-09-18,70577.0,108628.0,90512.66666666667
2018-09-19,69670.0,105779.0,88741.58333333333
2018-09-20,69566.0,107230.0,89781.91666666667
2018-09-21,70213.0,96610.0,83819.95833333333
2018-09-22,60693.0,76379.0,69502.5
2018-09-23,55967.0,76649.0,66669.04166666667
2018-09-24,58643.0,87659.0,75836.125
2018-09-25,62351.0,91078.0,78856.375
2018-09-26,62406.0,82069.0,74468.20833333333
2018-09-27,58709.0,79261.0,71556.58333333333
2018-09-28,58096.0,78124.0,70215.58333333333
2018-09-29,56698.0,71283.0,65317.083333333336
2018-09-30,55609.0,76737.0,66472.16666666667
2018-10-01,58443.0,86161.0,75321.125
2018-10-02,61395.0,88478.0,77559.0
2018-10-03,62106.0,95294.0,80854.625
2018-10-04,65502.0,85818.0,77776.0
2018-10-05,61249.0,85018.0,75348.20833333333
2018-10-06,61437.0,83271.0,73255.875
2018-10-07,59633.0,81719.0,71589.16666666667
2018-10-08,62082.0,92944.0,80286.83333333333
2018-10-09,65183.0,93043.0,81317.75
2018-10-10,64593.0,88496.0,78277.54166666667
2018-10-11,61335.0,78060.0,72259.125
2018-10-12,60191.0,74281.0,69567.16666666667
2018-10-13,58581.0,70450.0,65299.666666666664
2018-10-14,57777.0,74681.0,66142.83333333333
2018-10-15,60301.0,80788.0,72998.25
2018-10-16,62869.0,76946.0,71882.16666666667
2018-10-17,61494.0,76993.0,71119.5
2018-10-18,61597.0,76058.0,70709.54166666667
2018-10-19,59746.0,75671.0,70096.0
2018-10-20,57155.0,70607.0,64857.708333333336
2018-10-21,59301.0,71592.0,64869.833333333336
2018-10-22,59674.0,75928.0,70364.83333333333
2018-10-23,59838.0,76340.0,70048.0
2018-10-24,61297.0,76120.0,70647.83333333333
2018-10-25,60525.0,76263.0,70610.91666666667
2018-10-26,59335.0,74795.0,69312.91666666667
2018-10-27,58164.0,68720.0,64227.75
2018-10-28,56051.0,72398.0,63774.333333333336
2018-10-29,58349.0,77986.0,70743.25
2018-10-30,59812.0,78560.0,71279.20833333333
2018-10-31,60070.0,76563.0,70973.20833333333
2018-11-01,59905.0,76555.0,70224.54166666667
2018-11-02,61052.0,76192.0,69632.33333333333
2018-11-03,60244.0,69938.0,65790.04166666667
2018-11-04,55609.0,71230.0,62960.166666666664
2018-11-05,58694.0,79473.0,71205.25
2018-11-06,61599.0,80630.0,72929.33333333333
2018-11-07,62873.0,81837.0,73879.875
2018-11-08,65265.0,81328.0,74489.70833333333
2018-11-09,66016.0,81505.0,75392.54166666667
2018-11-10,68538.0,79106.0,73912.29166666667
2018-11-11,69093.0,80455.0,73538.0
2018-11-12,65276.0,87317.0,78368.41666666667
2018-11-13,70164.0,90287.0,81623.83333333333
2018-11-14,74347.0,89524.0,82961.25
2018-11-15,75594.0,90387.0,83085.20833333333
2018-11-16,72155.0,85359.0,78624.5
2018-11-17,66677.0,77742.0,72396.875
2018-11-18,62894.0,78435.0,70304.70833333333
2018-11-19,65917.0,85321.0,77261.54166666667
2018-11-20,69681.0,86373.0,79239.75
2018-11-21,71207.0,84575.0,78262.16666666667
2018-11-22,62543.0,74161.0,67753.04166666667
2018-11-23,60452.0,72524.0,66777.5
2018-11-24,59999.0,72225.0,66300.95833333333
2018-11-25,58991.0,76222.0,66997.0
2018-11-26,65168.0,90159.0,80103.29166666667
2018-11-27,75369.0,90652.0,84157.25
2018-11-28,76381.0,89884.0,82787.41666666667
2018-11-29,70679.0,86707.0,79921.875
2018-11-30,66241.0,80538.0,75182.125
2018-12-01,62280.0,75341.0,69070.58333333333
2018-12-02,61493.0,79331.0,70174.04166666667
2018-12-03,65143.0,87032.0,78064.91666666667
2018-12-04,71154.0,89207.0,81586.5
2018-12-05,73446.0,88734.0,82172.375
2018-12-06,72916.0,88493.0,81922.20833333333
2018-12-07,72415.0,87101.0,81195.91666666667
2018-12-08,70459.0,83745.0,77047.08333333333
2018-12-09,71508.0,86489.0,78202.83333333333
2018-12-10,73929.0,91482.0,83918.79166666667
2018-12-11,76462.0,91552.0,83973.58333333333
2018-12-12,72446.0,86750.0,80560.0
2018-12-13,69194.0,85033.0,78069.45833333333
2018-12-14,67261.0,82293.0,76103.375
2018-12-15,66272.0,78845.0,73006.25
2018-12-16,66954.0,79543.0,72588.95833333333
2018-12-17,67416.0,85342.0,77692.95833333333
2018-12-18,70246.0,85084.0,78383.33333333333
2018-12-19,67672.0,83415.0,76525.125
2018-12-20,66041.0,86110.0,77759.66666666667
2018-12-21,68962.0,85773.0,79150.54166666667
2018-12-22,69925.0,79044.0,74330.29166666667
2018-12-23,64362.0,79121.0,71181.5
2018-12-24,65224.0,77512.0,72105.125
2018-12-25,60787.0,69787.0,65759.79166666667
2018-12-26,59565.0,77439.0,69504.04166666667
2018-12-27,62075.0,78858.0,71901.83333333333
2018-12-28,61914.0,80533.0,72978.29166666667
2018-12-29,65764.0,79479.0,72848.08333333333
2018-12-30,65806.0,78590.0,71286.29166666667
2018-12-31,63818.0,81434.0,73650.16666666667
2019-01-01,62386.0,79894.0,70852.20833333333
2019-01-02,66751.0,85868.0,77841.875
2019-01-03,69829.0,86374.0,79636.625
2019-01-04,69403.0,84313.0,77599.375
2019-01-05,67609.0,76303.0,71902.125
2019-01-06,63196.0,76645.0,69528.70833333333
2019-01-07,61727.0,80112.0,72823.70833333333
2019-01-08,63762.0,83349.0,75046.70833333333
2019-01-09,66541.0,87583.0,78960.83333333333
2019-01-10,74525.0,89579.0,82392.58333333333
2019-01-11,74862.0,89027.0,81114.33333333333
2019-01-12,68450.0,79103.0,74131.45833333333
2019-01-13,68019.0,82270.0,74494.20833333333
2019-01-14,72061.0,88816.0,81939.83333333333
2019-01-15,73723.0,89933.0,81880.16666666667
2019-01-16,72328.0,88286.0,81292.0
2019-01-17,69194.0,84403.0,78426.16666666667
2019-01-18,68579.0,83744.0,77843.79166666667
2019-01-19,66822.0,83790.0,75851.5
2019-01-20,75299.0,88585.0,81603.875
2019-01-21,80252.0,95731.0,88518.75
2019-01-22,76534.0,91823.0,84522.54166666667
2019-01-23,70164.0,92067.0,82626.54166666667
2019-01-24,76061.0,93114.0,85814.16666666667
2019-01-25,80944.0,97005.0,87942.91666666667
2019-01-26,77855.0,85556.0,81156.83333333333
2019-01-27,73659.0,84697.0,78435.83333333333
2019-01-28,73477.0,89962.0,83503.04166666667
2019-01-29,77754.0,99856.0,90860.41666666667
2019-01-30,88374.0,104052.0,96489.20833333333
2019-01-31,85493.0,101749.0,92434.04166666667
2019-02-01,77931.0,92122.0,84480.58333333333
2019-02-02,68198.0,77036.0,73058.70833333333
2019-02-03,62286.0,74085.0,67675.58333333333
2019-02-04,60998.0,81071.0,73033.20833333333
2019-02-05,65188.0,82911.0,75886.45833333333
2019-02-06,66077.0,82568.0,75756.79166666667
2019-02-07,66833.0,84896.0,77298.75
2019-02-08,75645.0,93559.0,86486.95833333333
2019-02-09,76867.0,87056.0,81060.70833333333
2019-02-10,73131.0,81978.0,76905.25
2019-02-11,69954.0,86662.0,80161.0
2019-02-12,68408.0,87287.0,79503.54166666667
2019-02-13,73859.0,89016.0,81326.625
2019-02-14,70908.0,83987.0,78195.875
2019-02-15,71391.0,85868.0,80342.75
2019-02-16,70626.0,79023.0,74992.0
2019-02-17,66689.0,79502.0,72543.875
2019-02-18,69770.0,87938.0,80748.16666666667
2019-02-19,75596.0,88991.0,82824.83333333333
2019-02-20,72222.0,84895.0,79745.5
2019-02-21,70230.0,84719.0,78806.25
2019-02-22,69999.0,82344.0,76686.04166666667
2019-02-23,65028.0,74377.0,70419.08333333333
2019-02-24,62918.0,79411.0,70511.875
2019-02-25,72018.0,89238.0,81700.875
2019-02-26,73164.0,87297.0,80964.45833333333
2019-02-27,70674.0,84823.0,78948.58333333333
2019-02-28,71940.0,85382.0,79857.875
2019-03-01,71535.0,83871.0,77814.58333333333
2019-03-02,67700.0,77258.0,72794.875
2019-03-03,67891.0,84151.0,75495.79166666667
2019-03-04,77904.0,95602.0,88369.83333333333
2019-03-05,82959.0,95958.0,89206.5
2019-03-06,82271.0,95204.0,86973.41666666667
2019-03-07,77086.0,89298.0,82582.20833333333
2019-03-08,71125.0,82908.0,76956.41666666667
2019-03-09,65236.0,73353.0,69649.58333333333
2019-03-10,62847.0,76416.0,69622.54166666667
2019-03-11,65368.0,81505.0,75357.16666666667
2019-03-12,66075.0,80155.0,73847.375
2019-03-13,63354.0,76916.0,72267.41666666667
2019-03-14,61689.0,75839.0,71281.54166666667
2019-03-15,62263.0,77921.0,72390.83333333333
2019-03-16,64268.0,74113.0,69172.45833333333
2019-03-17,63302.0,73106.0,67617.54166666667
2019-03-18,64666.0,81903.0,74731.875
2019-03-19,65068.0,80533.0,72817.125
2019-03-20,64868.0,80001.0,73169.20833333333
2019-03-21,63493.0,79541.0,72283.20833333333
2019-03-22,63051.0,77411.0,70304.83333333333
2019-03-23,61848.0,71289.0,65875.25
2019-03-24,56481.0,69083.0,62919.458333333336
2019-03-25,60487.0,76940.0,71328.875
2019-03-26,64130.0,78172.0,71184.125
2019-03-27,64110.0,78931.0,70737.33333333333
2019-03-28,60656.0,74601.0,69389.45833333333
2019-03-29,60129.0,72854.0,67841.45833333333
2019-03-30,57666.0,69637.0,64629.916666666664
2019-03-31,61622.0,72149.0,66523.125
2019-04-01,65404.0,81608.0,73649.5
2019-04-02,64868.0,80190.0,71727.29166666667
2019-04-03,62545.0,76582.0,70249.54166666667
2019-04-04,59992.0,73565.0,69134.16666666667
2019-04-05,60742.0,74075.0,69176.5
2019-04-06,57428.0,68312.0,63925.791666666664
2019-04-07,55699.0,69244.0,62420.833333333336
2019-04-08,57869.0,74433.0,69074.08333333333
2019-04-09,58197.0,74379.0,68960.66666666667
2019-04-10,60187.0,76711.0,70961.04166666667
2019-04-11,61788.0,75904.0,71036.04166666667
2019-04-12,60845.0,74299.0,69557.54166666667
2019-04-13,59636.0,67756.0,64213.291666666664
2019-04-14,57472.0,70582.0,63769.625
2019-04-15,62033.0,78245.0,71026.83333333333
2019-04-16,58524.0,74267.0,69327.83333333333
2019-04-17,57224.0,74488.0,68701.41666666667
2019-04-18,58124.0,73831.0,68537.58333333333
2019-04-19,57698.0,71499.0,66300.875
2019-04-20,56038.0,64392.0,60394.083333333336
2019-04-21,53559.0,65136.0,58997.0
2019-04-22,53757.0,73610.0,67126.33333333333
2019-04-23,57098.0,73318.0,68005.5
2019-04-24,56840.0,73184.0,67995.66666666667
2019-04-25,58601.0,72819.0,68072.375
2019-04-26,58667.0,71636.0,66999.0
2019-04-27,57632.0,68028.0,63701.791666666664
2019-04-28,56284.0,69265.0,62728.916666666664
2019-04-29,57714.0,76554.0,70196.625
2019-04-30,60593.0,77173.0,71442.75
2019-05-01,61256.0,78504.0,72054.91666666667
2019-05-02,60217.0,77708.0,71051.66666666667
2019-05-03,59664.0,75636.0,69258.83333333333
2019-05-04,57320.0,65753.0,62643.458333333336
2019-05-05,54433.0,69266.0,61798.916666666664
2019-05-06,55476.0,78988.0,70042.375
2019-05-07,58667.0,77627.0,70379.29166666667
2019-05-08,59006.0,79757.0,71834.625
2019-05-09,60861.0,78474.0,71675.70833333333
2019-05-10,60226.0,74336.0,68953.625
2019-05-11,56772.0,66163.0,62524.541666666664
2019-05-12,56132.0,68511.0,62270.5
2019-05-13,56546.0,74525.0,68635.45833333333
2019-05-14,59048.0,75126.0,69302.33333333333
2019-05-15,57418.0,79402.0,70575.79166666667
2019-05-16,59937.0,87349.0,75120.79166666667
2019-05-17,60413.0,83835.0,73839.04166666667
2019-05-18,58469.0,77437.0,68844.08333333333
2019-05-19,59050.0,74578.0,67620.41666666667
2019-05-20,59111.0,79810.0,72375.0
2019-05-21,60496.0,79346.0,72399.41666666667
2019-05-22,62343.0,85880.0,76128.625
2019-05-23,63377.0,89120.0,78101.33333333333
2019-05-24,62025.0,88451.0,77100.625
2019-05-25,61307.0,85470.0,73957.54166666667
2019-05-26,57905.0,78772.0,68594.08333333333
2019-05-27,56935.0,81059.0,69555.54166666667
2019-05-28,61483.0,92333.0,79292.45833333333
2019-05-29,63283.0,88866.0,78314.91666666667
2019-05-30,63605.0,88023.0,77580.75
2019-05-31,61927.0,91129.0,77856.33333333333
2019-06-01,61449.0,85362.0,73693.54166666667
2019-06-02,58059.0,80475.0,69598.83333333333
2019-06-03,61166.0,91565.0,77798.41666666667
2019-06-04,63247.0,93408.0,80011.54166666667
2019-06-05,66101.0,95187.0,82107.54166666667
2019-06-06,65059.0,92828.0,80549.16666666667
2019-06-07,64726.0,93120.0,79778.66666666667
2019-06-08,62358.0,86583.0,74590.16666666667
2019-06-09,60553.0,85099.0,73186.75
2019-06-10,62624.0,89374.0,77863.45833333333
2019-06-11,60790.0,86717.0,75000.5
2019-06-12,60123.0,84767.0,73995.95833333333
2019-06-13,60255.0,83244.0,72995.16666666667
2019-06-14,59419.0,83905.0,72876.70833333333
2019-06-15,60114.0,80804.0,71067.66666666667
2019-06-16,59272.0,83330.0,71867.0
2019-06-17,60953.0,88473.0,77099.375
2019-06-18,61992.0,92036.0,78736.54166666667
2019-06-19,64432.0,94391.0,80959.70833333333
2019-06-20,64830.0,92489.0,80250.625
2019-06-21,64553.0,92811.0,80209.375
2019-06-22,63133.0,89093.0,76686.45833333333
2019-06-23,62081.0,88739.0,75853.16666666667
2019-06-24,65858.0,94385.0,82009.20833333333
2019-06-25,63449.0,98912.0,82466.45833333333
2019-06-26,65814.0,106546.0,87537.29166666667
2019-06-27,68991.0,109758.0,90638.95833333333
2019-06-28,69281.0,110378.0,91097.08333333333
2019-06-29,66087.0,100957.0,84255.04166666667
2019-06-30,64131.0,104050.0,84876.0
2019-07-01,68343.0,111714.0,92065.16666666667
2019-07-02,71195.0,111930.0,93344.08333333333
2019-07-03,70136.0,106297.0,89239.33333333333
2019-07-04,66749.0,100693.0,84336.41666666667
2019-07-05,67619.0,109386.0,89872.66666666667
2019-07-06,66242.0,99427.0,83217.20833333333
2019-07-07,63425.0,96735.0,80214.29166666667
2019-07-08,65916.0,106615.0,87551.58333333333
2019-07-09,69679.0,112676.0,92440.375
2019-07-10,74170.0,113550.0,95228.70833333333
2019-07-11,75038.0,107470.0,91872.0
2019-07-12,71100.0,106711.0,89104.375
2019-07-13,68375.0,99841.0,84400.0
2019-07-14,65511.0,101220.0,84035.75
2019-07-15,69579.0,108568.0,91360.375
2019-07-16,73538.0,107373.0,92134.04166666667
2019-07-17,74618.0,114977.0,96233.20833333333
2019-07-18,76127.0,122260.0,100821.29166666667
2019-07-19,78931.0,123018.0,101909.29166666667
2019-07-20,76810.0,111556.0,94482.16666666667
2019-07-21,69292.0,96432.0,83524.375
2019-07-22,68444.0,94961.0,83022.20833333333
2019-07-23,65276.0,93815.0,80845.20833333333
2019-07-24,64538.0,99075.0,82181.33333333333
2019-07-25,65534.0,101445.0,84084.25
2019-07-26,67374.0,103596.0,86199.625
2019-07-27,67164.0,101371.0,84183.5
2019-07-28,66603.0,103371.0,85181.75
2019-07-29,71094.0,106430.0,90188.25
2019-07-30,69109.0,99072.0,85289.83333333333
2019-07-31,66999.0,98525.0,83624.08333333333
2019-08-01,66767.0,102062.0,85147.04166666667
2019-08-02,67292.0,102298.0,85380.66666666667
2019-08-03,65667.0,98820.0,81987.79166666667
2019-08-04,64932.0,100829.0,82652.70833333333
2019-08-05,69905.0,113097.0,92935.91666666667
2019-08-06,72889.0,111509.0,93225.25
2019-08-07,71641.0,110843.0,92129.625
2019-08-08,72395.0,107275.0,90606.79166666667
2019-08-09,70249.0,102317.0,86660.08333333333
2019-08-10,66297.0,95536.0,80739.08333333333
2019-08-11,64985.0,99649.0,82219.5
2019-08-12,70741.0,111722.0,92915.08333333333
2019-08-13,73900.0,108055.0,91887.25
2019-08-14,71785.0,103231.0,88420.58333333333
2019-08-15,68926.0,100830.0,85658.91666666667
2019-08-16,68354.0,102213.0,85835.125
2019-08-17,66609.0,97867.0,82324.04166666667
2019-08-18,67172.0,100109.0,83980.75
2019-08-19,69890.0,109239.0,90822.125
2019-08-20,71718.0,110758.0,92741.41666666667
2019-08-21,72359.0,105637.0,90044.08333333333
2019-08-22,69406.0,97325.0,84507.20833333333
2019-08-23,66576.0,91538.0,79884.66666666667
2019-08-24,62401.0,82943.0,72865.0
2019-08-25,59402.0,82650.0,71539.0
2019-08-26,63232.0,91883.0,79613.75
2019-08-27,67304.0,95895.0,82927.08333333333
2019-08-28,65795.0,92725.0,80431.0
2019-08-29,64871.0,98663.0,82358.16666666667
2019-08-30,66724.0,93615.0,80383.20833333333
2019-08-31,62497.0,85601.0,74110.04166666667
2019-09-01,58195.0,85588.0,71697.79166666667
2019-09-02,57889.0,89048.0,73264.625
2019-09-03,63952.0,105221.0,86225.5
2019-09-04,66548.0,97327.0,83116.16666666667
2019-09-05,65397.0,97940.0,82912.70833333333
2019-09-06,66218.0,95596.0,81384.16666666667
2019-09-07,63228.0,86551.0,74704.25
2019-09-08,60987.0,84220.0,72372.875
2019-09-09,63237.0,95128.0,81261.95833333333
2019-09-10,67895.0,104287.0,87481.25
2019-09-11,69458.0,105290.0,89039.79166666667
2019-09-12,69709.0,103856.0,88020.16666666667
2019-09-13,68642.0,97441.0,83503.83333333333
2019-09-14,63898.0,88561.0,76133.33333333333
2019-09-15,60295.0,90644.0,75391.66666666667
2019-09-16,64893.0,102897.0,85584.0
2019-09-17,67066.0,101965.0,85925.29166666667
2019-09-18,67766.0,102184.0,86067.54166666667
2019-09-19,67198.0,100565.0,85131.33333333333
2019-09-20,66244.0,96755.0,82520.54166666667
2019-09-21,65281.0,91633.0,78195.25
2019-09-22,62182.0,87406.0,75078.70833333333
2019-09-23,64309.0,90434.0,79093.25
2019-09-24,63552.0,91577.0,78959.20833333333
2019-09-25,64180.0,91015.0,78814.41666666667
2019-09-26,62591.0,85346.0,75665.54166666667
2019-09-27,62198.0,88361.0,76467.70833333333
2019-09-28,62384.0,83209.0,72876.58333333333
2019-09-29,59462.0,84958.0,72574.08333333333
2019-09-30,64171.0,102504.0,85036.20833333333
2019-10-01,68571.0,100565.0,85868.91666666667
2019-10-02,68349.0,95233.0,82842.5
2019-10-03,65674.0,87288.0,78101.66666666667
2019-10-04,63161.0,80021.0,73297.04166666667
2019-10-05,58741.0,74150.0,67410.75
2019-10-06,56870.0,75068.0,66180.875
2019-10-07,58203.0,77966.0,70932.45833333333
2019-10-08,58261.0,76422.0,69548.41666666667
2019-10-09,57950.0,78355.0,70585.0
2019-10-10,59589.0,82493.0,73257.29166666667
2019-10-11,60973.0,79020.0,71814.91666666667
2019-10-12,58385.0,68957.0,64577.375
2019-10-13,54889.0,69609.0,61816.75
2019-10-14,57043.0,76996.0,69964.75
2019-10-15,58778.0,77273.0,70602.70833333333
2019-10-16,59325.0,75938.0,70180.0
2019-10-17,58615.0,73918.0,68641.125
2019-10-18,58638.0,72005.0,67036.16666666667
2019-10-19,54700.0,67810.0,62323.291666666664
2019-10-20,53244.0,71821.0,62691.625
2019-10-21,56651.0,76148.0,69417.91666666667
2019-10-22,57138.0,74878.0,68524.33333333333
2019-10-23,58585.0,74120.0,68681.75
2019-10-24,57318.0,74993.0,68723.16666666667
2019-10-25,58827.0,73001.0,67800.54166666667
2019-10-26,57641.0,68112.0,63651.208333333336
2019-10-27,55359.0,69590.0,62132.833333333336
2019-10-28,57049.0,76321.0,69467.875
2019-10-29,58825.0,77050.0,70391.58333333333
2019-10-30,61062.0,78857.0,72144.58333333333
2019-10-31,61799.0,78822.0,73515.29166666667
2019-11-01,66839.0,82611.0,73611.08333333333
2019-11-02,63303.0,72784.0,68446.25
2019-11-03,60078.0,72480.0,65228.333333333336
2019-11-04,61127.0,78587.0,71744.33333333333
2019-11-05,62293.0,79365.0,72245.29166666667
2019-11-06,63466.0,78898.0,72426.625
2019-11-07,64040.0,82752.0,74813.83333333333
2019-11-08,68144.0,81911.0,76301.125
2019-11-09,67750.0,75548.0,70937.70833333333
2019-11-10,62987.0,74939.0,68343.54166666667
2019-11-11,62802.0,85904.0,76386.5
2019-11-12,72301.0,92345.0,83641.20833333333
2019-11-13,79834.0,93910.0,85737.95833333333
2019-11-14,76129.0,89763.0,83782.125
2019-11-15,72663.0,86922.0,79065.70833333333
2019-11-16,68111.0,77136.0,73033.29166666667
2019-11-17,66047.0,77158.0,71121.33333333333
2019-11-18,65042.0,82622.0,75648.70833333333
2019-11-19,65914.0,80582.0,74673.375
2019-11-20,63868.0,79693.0,73417.0
2019-11-21,62456.0,79782.0,72486.29166666667
2019-11-22,63993.0,79955.0,73566.375
2019-11-23,62745.0,74590.0,68935.66666666667
2019-11-24,64514.0,76213.0,69597.75
2019-11-25,63647.0,80194.0,73822.70833333333
2019-11-26,62989.0,80857.0,73323.08333333333
2019-11-27,61972.0,79435.0,72443.41666666667
2019-11-28,62408.0,72436.0,66486.16666666667
2019-11-29,59364.0,73170.0,66779.83333333333
2019-11-30,58729.0,72906.0,66075.70833333333
2019-12-01,58488.0,77589.0,67876.5
2019-12-02,66382.0,87241.0,78430.16666666667
2019-12-03,71802.0,86536.0,79168.625
2019-12-04,68548.0,83956.0,77325.54166666667
2019-12-05,66639.0,81900.0,75164.33333333333
2019-12-06,63607.0,81446.0,74074.25
2019-12-07,65567.0,76937.0,71268.33333333333
2019-12-08,63573.0,76732.0,69373.625
2019-12-09,62007.0,83940.0,74507.45833333333
2019-12-10,68285.0,89584.0,80297.41666666667
2019-12-11,74915.0,90240.0,83263.08333333333
2019-12-12,75863.0,90008.0,82752.70833333333
2019-12-13,70552.0,85250.0,79072.875
2019-12-14,66252.0,80105.0,73702.41666666667
2019-12-15,67087.0,81921.0,73687.29166666667
2019-12-16,68260.0,88409.0,79869.54166666667
2019-12-17,71450.0,91687.0,83075.70833333333
2019-12-18,78012.0,92835.0,86040.83333333333
2019-12-19,78968.0,92805.0,84430.33333333333
2019-12-20,75832.0,89375.0,81553.25
2019-12-21,69544.0,78076.0,73675.20833333333
2019-12-22,65235.0,77342.0,70336.625
2019-12-23,65620.0,80369.0,74078.125
2019-12-24,63431.0,72810.0,68141.125
2019-12-25,58053.0,65277.0,62037.083333333336
2019-12-26,54853.0,73052.0,64703.416666666664
2019-12-27,58828.0,76750.0,69459.79166666667
2019-12-28,61265.0,73947.0,67686.5
2019-12-29,56901.0,73650.0,65119.416666666664
2019-12-30,61124.0,82375.0,73396.25
2019-12-31,68233.0,81157.0,75274.125
2020-01-01,66609.0,75402.0,69990.66666666667
2020-01-02,61089.0,79743.0,71617.0
2020-01-03,62970.0,79212.0,73157.66666666667
2020-01-04,62964.0,76706.0,70411.5
2020-01-05,65206.0,76038.0,69893.20833333333
2020-01-06,64994.0,82381.0,75422.95833333333
2020-01-07,66243.0,83601.0,76647.33333333333
2020-01-08,70197.0,86327.0,78570.875
2020-01-09,68469.0,82384.0,76321.41666666667
2020-01-10,64123.0,79131.0,73664.375
2020-01-11,62668.0,77249.0,70609.66666666667
2020-01-12,66707.0,78847.0,72394.625
2020-01-13,66446.0,82473.0,76150.95833333333
2020-01-14,66600.0,82575.0,76256.29166666667
2020-01-15,64811.0,81536.0,74754.95833333333
2020-01-16,66729.0,85841.0,77834.79166666667
2020-01-17,70913.0,84411.0,78838.16666666667
2020-01-18,66113.0,80771.0,73848.91666666667
2020-01-19,68896.0,84843.0,76860.66666666667
2020-01-20,75541.0,92602.0,85461.625
2020-01-21,78672.0,94679.0,85956.375
2020-01-22,75746.0,90697.0,82782.41666666667
2020-01-23,71477.0,86374.0,80122.83333333333
2020-01-24,68834.0,84538.0,77822.20833333333
2020-01-25,67373.0,77417.0,72824.04166666667
2020-01-26,64724.0,77702.0,70820.875
2020-01-27,65541.0,83034.0,76285.58333333333
2020-01-28,68345.0,84231.0,77776.16666666667
2020-01-29,69435.0,85305.0,79208.875
2020-01-30,71272.0,85859.0,79201.625
2020-01-31,69711.0,83196.0,76694.375
2020-02-01,66549.0,75389.0,71022.95833333333
2020-02-02,63345.0,71627.0,66854.33333333333
2020-02-03,62199.0,78817.0,72286.54166666667
2020-02-04,63186.0,81365.0,73609.54166666667
2020-02-05,67510.0,82943.0,76326.5
2020-02-06,70690.0,87034.0,80060.25
2020-02-07,74929.0,88894.0,80313.91666666667
2020-02-08,69092.0,77760.0,73271.91666666667
2020-02-09,65843.0,75062.0,69535.375
2020-02-10,64839.0,83748.0,75975.5
2020-02-11,68578.0,82641.0,76575.75
2020-02-12,68732.0,83140.0,77058.20833333333
2020-02-13,71709.0,90289.0,82247.08333333333
2020-02-14,80403.0,93772.0,84778.0
2020-02-15,70703.0,81095.0,75782.70833333333
2020-02-16,65852.0,76970.0,70961.25
2020-02-17,63843.0,79782.0,73747.75
2020-02-18,64096.0,83007.0,75345.33333333333
2020-02-19,68474.0,83752.0,77217.0
2020-02-20,70976.0,88418.0,81299.5
2020-02-21,76633.0,91659.0,81757.70833333333
2020-02-22,67029.0,79442.0,73049.04166666667
2020-02-23,63953.0,72406.0,67504.20833333333
2020-02-24,61195.0,78917.0,72071.79166666667
2020-02-25,63731.0,80448.0,74066.41666666667
2020-02-26,66195.0,85614.0,77629.125
2020-02-27,73492.0,88866.0,80458.375
2020-02-28,71845.0,86433.0,77599.375
2020-02-29,65921.0,75690.0,70309.79166666667
2020-03-01,61526.0,71654.0,65689.16666666667
2020-03-02,59809.0,77669.0,70593.75
2020-03-03,64357.0,76589.0,71305.625
2020-03-04,63705.0,75928.0,70771.375
2020-03-05,64758.0,76812.0,71604.75
2020-03-06,65582.0,79765.0,73013.16666666667
2020-03-07,62515.0,72478.0,67308.08333333333
2020-03-08,60738.0,68352.0,64138.291666666664
2020-03-09,58089.0,74425.0,69041.95833333333
2020-03-10,61637.0,74718.0,70072.54166666667
2020-03-11,62984.0,76308.0,71026.125
2020-03-12,61779.0,75092.0,70627.875
2020-03-13,62352.0,76251.0,70598.54166666667
2020-03-14,61661.0,71186.0,67279.375
2020-03-15,61517.0,73012.0,66985.20833333333
2020-03-16,63554.0,79116.0,73524.375
2020-03-17,63865.0,77176.0,72167.91666666667
2020-03-18,63586.0,75098.0,71104.125
2020-03-19,63524.0,77289.0,72308.79166666667
2020-03-20,61699.0,76443.0,71438.125
2020-03-21,62733.0,71320.0,67161.04166666667
2020-03-22,60251.0,71879.0,65985.0
2020-03-23,63465.0,78452.0,73167.5
2020-03-24,63415.0,75812.0,71115.08333333333
2020-03-25,62407.0,74192.0,69808.66666666667
2020-03-26,59417.0,73552.0,68493.41666666667
2020-03-27,57952.0,71385.0,66280.54166666667
2020-03-28,57120.0,67648.0,63281.0
2020-03-29,53797.0,68113.0,60966.5
2020-03-30,57981.0,73212.0,67903.79166666667
2020-03-31,57774.0,70784.0,66064.375
2020-04-01,60327.0,70715.0,66992.70833333333
2020-04-02,57088.0,68289.0,64036.833333333336
2020-04-03,55140.0,67137.0,62607.666666666664
2020-04-04,54474.0,63138.0,59788.291666666664
2020-04-05,53390.0,64459.0,59245.416666666664
2020-04-06,55397.0,71942.0,66261.45833333333
2020-04-07,54698.0,70344.0,64603.583333333336
2020-04-08,54263.0,70849.0,64603.833333333336
2020-04-09,55993.0,70016.0,65017.166666666664
2020-04-10,56596.0,65325.0,60867.25
2020-04-11,53151.0,60333.0,57099.458333333336
2020-04-12,50623.0,62600.0,57049.916666666664
2020-04-13,55594.0,71496.0,66346.66666666667
2020-04-14,58825.0,70264.0,65914.75
2020-04-15,59240.0,70353.0,65870.58333333333
2020-04-16,59352.0,69853.0,65026.375
2020-04-17,55392.0,67340.0,63023.583333333336
2020-04-18,55445.0,62481.0,59206.583333333336
2020-04-19,52450.0,63622.0,58644.875
2020-04-20,53579.0,66789.0,62444.291666666664
2020-04-21,53376.0,67435.0,62552.333333333336
2020-04-22,55007.0,66781.0,62831.291666666664
2020-04-23,53951.0,67900.0,62752.958333333336
2020-04-24,52720.0,66522.0,61276.208333333336
2020-04-25,50532.0,62128.0,57262.041666666664
2020-04-26,51031.0,62025.0,56929.125
2020-04-27,51242.0,65779.0,61000.0
2020-04-28,51922.0,68328.0,62021.541666666664
2020-04-29,52658.0,65943.0,61386.666666666664
2020-04-30,52836.0,65354.0,61169.75
2020-05-01,52223.0,65267.0,60277.333333333336
2020-05-02,49222.0,66547.0,57913.958333333336
2020-05-03,47917.0,61978.0,55301.416666666664
2020-05-04,50234.0,68767.0,61669.666666666664
2020-05-05,52965.0,70392.0,63771.041666666664
2020-05-06,54569.0,66410.0,62365.458333333336
2020-05-07,53014.0,65826.0,61340.125
2020-05-08,52015.0,65398.0,60399.458333333336
2020-05-09,54653.0,61388.0,58219.583333333336
2020-05-10,50353.0,62397.0,56801.333333333336
2020-05-11,52659.0,65916.0,61594.375
2020-05-12,54354.0,66779.0,62644.416666666664
2020-05-13,53989.0,69738.0,63727.375
2020-05-14,53363.0,73098.0,65079.083333333336
2020-05-15,53464.0,71008.0,63546.541666666664
2020-05-16,50596.0,67496.0,59743.791666666664
2020-05-17,49966.0,64567.0,57955.708333333336
2020-05-18,51845.0,71262.0,63863.333333333336
2020-05-19,54139.0,73369.0,65678.08333333333
2020-05-20,53788.0,71999.0,64733.458333333336
2020-05-21,53545.0,73030.0,65259.0
2020-05-22,54239.0,74908.0,66151.0
2020-05-23,54059.0,76213.0,65488.875
2020-05-24,52690.0,79409.0,66301.29166666667
2020-05-25,51723.0,80027.0,66858.95833333333
2020-05-26,56225.0,91533.0,76130.625
2020-05-27,58457.0,86243.0,73678.91666666667
2020-05-28,59187.0,84355.0,73416.25
2020-05-29,57420.0,76025.0,67923.45833333333
2020-05-30,52017.0,69132.0,60963.0
2020-05-31,49637.0,69160.0,59961.833333333336
2020-06-01,53353.0,82367.0,69548.5
2020-06-02,57834.0,97022.0,78497.625
2020-06-03,62936.0,98908.0,82004.125
2020-06-04,63351.0,101404.0,83547.375
2020-06-05,62928.0,99494.0,81732.58333333333
2020-06-06,59552.0,89773.0,74413.54166666667
2020-06-07,56527.0,86347.0,71509.875
2020-06-08,59801.0,95475.0,78781.33333333333
2020-06-09,63862.0,100192.0,83265.0
2020-06-10,66211.0,91168.0,79279.45833333333
2020-06-11,59398.0,89099.0,74639.91666666667
2020-06-12,57503.0,85653.0,71899.29166666667
2020-06-13,54790.0,79727.0,66863.04166666667
2020-06-14,53079.0,78824.0,65946.58333333333
2020-06-15,56914.0,91034.0,75424.16666666667
2020-06-16,59787.0,97189.0,79108.70833333333
2020-06-17,61703.0,103006.0,82905.20833333333
2020-06-18,63466.0,105530.0,85086.33333333333
2020-06-19,64551.0,103593.0,84825.41666666667
2020-06-20,61752.0,97123.0,79588.875
2020-06-21,60084.0,92396.0,76958.625
2020-06-22,63365.0,98052.0,82635.75
2020-06-23,62048.0,87620.0,76116.375
2020-06-24,59950.0,88157.0,75760.41666666667
2020-06-25,59210.0,93960.0,77955.29166666667
2020-06-26,63504.0,100010.0,83131.16666666667
2020-06-27,62541.0,91588.0,77709.75
2020-06-28,60440.0,97654.0,79801.16666666667
2020-06-29,66858.0,108593.0,89746.70833333333
2020-06-30,69080.0,106811.0,89309.33333333333
2020-07-01,68718.0,110269.0,90723.41666666667
2020-07-02,68431.0,112157.0,90785.45833333333
2020-07-03,65856.0,105001.0,85861.29166666667
2020-07-04,63705.0,105149.0,85025.625
2020-07-05,61031.0,104169.0,83693.375
2020-07-06,68175.0,113472.0,92669.79166666667
2020-07-07,70861.0,113749.0,94167.29166666667
2020-07-08,72844.0,119717.0,97874.95833333333
2020-07-09,74863.0,118461.0,98058.25
2020-07-10,73764.0,112505.0,93970.58333333333
2020-07-11,65593.0,100588.0,83307.75
2020-07-12,63876.0,98821.0,81140.20833333333
2020-07-13,65802.0,107418.0,87617.83333333333
2020-07-14,67743.0,108170.0,89006.16666666667
2020-07-15,68615.0,107480.0,89481.20833333333
2020-07-16,68786.0,107210.0,89233.625
2020-07-17,68014.0,110550.0,90301.08333333333
2020-07-18,68848.0,112117.0,91088.08333333333
2020-07-19,69106.0,105322.0,87853.83333333333
2020-07-20,67599.0,103414.0,86873.125
2020-07-21,67508.0,101990.0,86355.54166666667
2020-07-22,68513.0,104017.0,87546.16666666667
2020-07-23,67029.0,103325.0,86449.25
2020-07-24,67721.0,107050.0,88453.625
2020-07-25,66787.0,103289.0,85509.25
2020-07-26,66544.0,105640.0,86827.25
2020-07-27,72159.0,105695.0,90525.0
2020-07-28,67894.0,103875.0,86902.625
2020-07-29,68125.0,106429.0,88705.58333333333
2020-07-30,69291.0,103084.0,87520.25
2020-07-31,66361.0,98177.0,83068.20833333333
2020-08-01,62737.0,89678.0,76414.0
2020-08-02,59582.0,85253.0,72612.08333333333
2020-08-03,61606.0,92378.0,78673.20833333333
2020-08-04,63461.0,92067.0,78850.83333333333
2020-08-05,60438.0,90100.0,76417.66666666667
2020-08-06,61305.0,94434.0,78689.83333333333
2020-08-07,62500.0,98166.0,80817.33333333333
2020-08-08,62587.0,98923.0,80723.75
2020-08-09,64576.0,106422.0,85766.83333333333
2020-08-10,71286.0,112755.0,93309.54166666667
2020-08-11,71055.0,108523.0,90409.83333333333
2020-08-12,66972.0,105459.0,87004.95833333333
2020-08-13,66854.0,106983.0,87747.66666666667
2020-08-14,68260.0,105967.0,87834.95833333333
2020-08-15,64990.0,98673.0,81747.91666666667
2020-08-16,62670.0,97467.0,79361.5
2020-08-17,64748.0,102554.0,84502.95833333333
2020-08-18,64972.0,98195.0,82126.41666666667
2020-08-19,63391.0,98008.0,81344.33333333333
2020-08-20,63338.0,101233.0,82653.79166666667
2020-08-21,64244.0,103545.0,84180.66666666667
2020-08-22,63041.0,100733.0,81661.875
2020-08-23,63078.0,104899.0,83708.45833333333
2020-08-24,68575.0,115948.0,93639.20833333333
2020-08-25,71717.0,113631.0,93704.16666666667
2020-08-26,70917.0,113812.0,93453.0
2020-08-27,72590.0,110991.0,93011.75
2020-08-28,68456.0,100862.0,85405.125
2020-08-29,63902.0,89279.0,76389.875
2020-08-30,57102.0,83573.0,70359.875
2020-08-31,59934.0,94479.0,78608.16666666667
2020-09-01,63157.0,94112.0,80469.33333333333
2020-09-02,63227.0,94742.0,80051.375
2020-09-03,62158.0,94276.0,79248.70833333333
2020-09-04,60987.0,87394.0,75211.54166666667
2020-09-05,56933.0,81818.0,69102.20833333333
2020-09-06,54710.0,82866.0,68398.33333333333
2020-09-07,56402.0,84493.0,70432.25
2020-09-08,58287.0,91873.0,76923.08333333333
2020-09-09,60014.0,89640.0,76121.16666666667
2020-09-10,59989.0,86570.0,74697.04166666667
2020-09-11,59225.0,84063.0,72950.08333333333
2020-09-12,57828.0,80595.0,69711.70833333333
2020-09-13,56730.0,80158.0,68539.54166666667
2020-09-14,58140.0,87682.0,74499.375
2020-09-15,58911.0,86133.0,73781.70833333333
2020-09-16,59072.0,86969.0,74065.91666666667
2020-09-17,58710.0,81525.0,71666.08333333333
2020-09-18,57656.0,74975.0,67950.875
2020-09-19,53957.0,67677.0,61475.25
2020-09-20,51508.0,68528.0,60034.916666666664
2020-09-21,54015.0,75971.0,67350.625
2020-09-22,55850.0,77708.0,68815.625
2020-09-23,56527.0,81448.0,70668.16666666667
2020-09-24,57704.0,81081.0,70823.875
2020-09-25,56916.0,83118.0,70993.20833333333
2020-09-26,55828.0,80437.0,67993.125
2020-09-27,54900.0,76264.0,65699.20833333333
2020-09-28,56653.0,75556.0,68241.04166666667
2020-09-29,54806.0,71306.0,65414.625
2020-09-30,54213.0,73354.0,65944.95833333333
2020-10-01,55259.0,73242.0,66592.25
2020-10-02,55953.0,69631.0,65103.5
2020-10-03,53465.0,65349.0,60399.833333333336
2020-10-04,51597.0,67499.0,59587.0
2020-10-05,54973.0,72801.0,66174.70833333333
2020-10-06,55288.0,74622.0,67008.79166666667
2020-10-07,55463.0,77778.0,68305.41666666667
2020-10-08,56681.0,74881.0,68199.625
2020-10-09,56557.0,75912.0,68323.125
2020-10-10,55537.0,69214.0,63154.416666666664
2020-10-11,50538.0,71575.0,61467.708333333336
2020-10-12,54426.0,76507.0,68020.45833333333
2020-10-13,55956.0,73348.0,66629.41666666667
2020-10-14,55363.0,75387.0,67526.04166666667
2020-10-15,56205.0,74242.0,67441.25
2020-10-16,57825.0,70960.0,65679.0
2020-10-17,55520.0,66025.0,61537.75
2020-10-18,52807.0,70687.0,61718.791666666664
2020-10-19,57169.0,77506.0,69995.45833333333
2020-10-20,58971.0,77221.0,70231.33333333333
2020-10-21,58836.0,78897.0,70909.33333333333
2020-10-22,58417.0,79960.0,71530.54166666667
2020-10-23,59359.0,75994.0,69304.16666666667
2020-10-24,56861.0,68965.0,63937.666666666664
2020-10-25,55843.0,70496.0,63099.125
2020-10-26,57991.0,77985.0,70557.08333333333
2020-10-27,61389.0,77548.0,71541.70833333333
2020-10-28,61879.0,75494.0,70412.83333333333
2020-10-29,59020.0,75609.0,69354.91666666667
2020-10-30,59390.0,73658.0,67448.20833333333
2020-10-31,57698.0,66145.0,61962.375
2020-11-01,54470.0,71980.0,62991.666666666664
2020-11-02,60488.0,76054.0,69705.125
2020-11-03,62206.0,73838.0,69111.54166666667
2020-11-04,58449.0,74081.0,67664.70833333333
2020-11-05,56418.0,73617.0,66816.875
2020-11-06,56535.0,71772.0,65926.16666666667
2020-11-07,54599.0,68470.0,62077.791666666664
2020-11-08,53118.0,70209.0,61442.041666666664
2020-11-09,55211.0,77155.0,68199.33333333333
2020-11-10,58144.0,77402.0,69526.79166666667
2020-11-11,58651.0,76575.0,69418.83333333333
2020-11-12,59979.0,74890.0,68817.625
2020-11-13,60888.0,75690.0,69992.70833333333
2020-11-14,60557.0,71360.0,65959.66666666667
2020-11-15,56765.0,72717.0,64565.0
2020-11-16,61062.0,77220.0,71104.83333333333
2020-11-17,62268.0,77639.0,71446.08333333333
2020-11-18,63758.0,78105.0,71596.625
2020-11-19,60935.0,75630.0,69813.125
2020-11-20,58685.0,73944.0,68010.08333333333
2020-11-21,57554.0,71734.0,64900.041666666664
2020-11-22,56499.0,72874.0,64347.958333333336
2020-11-23,60639.0,78598.0,71416.95833333333
2020-11-24,62575.0,77473.0,71528.04166666667
2020-11-25,60559.0,76087.0,70006.54166666667
2020-11-26,56977.0,67633.0,61694.333333333336
2020-11-27,55735.0,69977.0,63243.208333333336
2020-11-28,56635.0,66922.0,61603.583333333336
2020-11-29,57421.0,72097.0,64123.166666666664
2020-11-30,63124.0,85237.0,76139.375
2020-12-01,71901.0,87563.0,79049.91666666667
2020-12-02,71696.0,85897.0,78675.33333333333
2020-12-03,67601.0,82858.0,76616.20833333333
2020-12-04,65905.0,80045.0,74313.54166666667
2020-12-05,66080.0,75150.0,70851.875
2020-12-06,63711.0,77441.0,69923.79166666667
2020-12-07,66014.0,82824.0,75864.5
2020-12-08,69504.0,84922.0,77460.875
2020-12-09,66929.0,82312.0,75032.66666666667
2020-12-10,64393.0,79567.0,72866.625
2020-12-11,61310.0,76448.0,70358.04166666667
2020-12-12,60482.0,75433.0,68515.58333333333
2020-12-13,61923.0,77988.0,69793.66666666667
2020-12-14,65936.0,87467.0,78348.29166666667
2020-12-15,73577.0,88828.0,81827.33333333333
2020-12-16,72255.0,90535.0,82946.54166666667
2020-12-17,74034.0,89585.0,82424.0
2020-12-18,73364.0,87507.0,79022.04166666667
2020-12-19,67650.0,78382.0,73274.25
2020-12-20,63752.0,78462.0,70501.125
2020-12-21,65243.0,80586.0,74297.54166666667
2020-12-22,67643.0,82359.0,75463.125
2020-12-23,64647.0,80699.0,74097.79166666667
2020-12-24,66038.0,80899.0,75613.375
2020-12-25,64927.0,76745.0,71549.20833333333
2020-12-26,66329.0,75470.0,71670.66666666667
2020-12-27,66524.0,77162.0,71272.20833333333
2020-12-28,64262.0,84244.0,75996.75
2020-12-29,67842.0,81759.0,75998.625
2020-12-30,65454.0,81944.0,74827.08333333333
2020-12-31,65562.0,78054.0,72603.91666666667
2021-01-01,62377.0,73412.0,67657.04166666667
2021-01-02,63911.0,77860.0,71066.875
2021-01-03,65410.0,76709.0,70403.70833333333
2021-01-04,67028.0,81881.0,75716.16666666667
2021-01-05,67192.0,83609.0,76593.25
2021-01-06,69082.0,83447.0,77166.0
2021-01-07,67246.0,84236.0,77599.0
2021-01-08,70687.0,86067.0,79460.08333333333
2021-01-09,71067.0,80484.0,75862.79166666667
2021-01-10,69575.0,81480.0,74833.125
2021-01-11,72420.0,88413.0,81796.66666666667
2021-01-12,75231.0,90765.0,82869.29166666667
2021-01-13,72423.0,87340.0,79135.54166666667
2021-01-14,68931.0,83830.0,76906.0
2021-01-15,67299.0,83613.0,77153.33333333333
2021-01-16,68608.0,78139.0,73487.79166666667
2021-01-17,67971.0,77988.0,72882.83333333333
2021-01-18,67601.0,83213.0,76973.375
2021-01-19,68076.0,83108.0,76987.125
2021-01-20,68232.0,83013.0,76394.54166666667
2021-01-21,67465.0,81490.0,75830.25
2021-01-22,66737.0,80924.0,75585.45833333333
2021-01-23,68023.0,76371.0,72324.83333333333
2021-01-24,65002.0,77528.0,70779.95833333333
2021-01-25,65713.0,83310.0,76264.95833333333
2021-01-26,66990.0,83135.0,76786.29166666667
2021-01-27,68622.0,84898.0,78331.33333333333
2021-01-28,73411.0,89361.0,81216.41666666667
2021-01-29,74565.0,89178.0,80013.625
2021-01-30,68314.0,76507.0,72703.04166666667
2021-01-31,63264.0,78042.0,70529.20833333333
2021-02-01,67516.0,85628.0,78614.70833333333
2021-02-02,72900.0,88736.0,80811.58333333333
2021-02-03,73739.0,88440.0,79678.375
2021-02-04,69451.0,83580.0,78000.875
2021-02-05,71473.0,87376.0,80944.91666666667
2021-02-06,72030.0,80342.0,76354.125
2021-02-07,72661.0,85330.0,78378.70833333333
2021-02-08,77415.0,92567.0,85157.83333333333
2021-02-09,75182.0,89728.0,83660.83333333333
2021-02-10,74732.0,89777.0,83476.875
2021-02-11,76909.0,92277.0,86103.5
2021-02-12,80167.0,94716.0,88215.0
2021-02-13,80075.0,89256.0,84604.875
2021-02-14,84237.0,96177.0,89403.33333333333
2021-02-15,88400.0,107754.0,100239.75
2021-02-16,92158.0,105710.0,97722.08333333333
2021-02-17,86135.0,97230.0,91037.04166666667
2021-02-18,82222.0,96413.0,90540.41666666667
2021-02-19,81967.0,95981.0,87360.625
2021-02-20,72064.0,84677.0,78639.5
2021-02-21,69339.0,76585.0,72902.83333333333
2021-02-22,66438.0,83027.0,76714.5
2021-02-23,67553.0,81941.0,73996.125
2021-02-24,63546.0,78033.0,71977.875
2021-02-25,64402.0,78244.0,72411.45833333333
2021-02-26,64967.0,77613.0,71403.33333333333
2021-02-27,61760.0,70434.0,66542.625
2021-02-28,56677.0,70460.0,63542.625
2021-03-01,61732.0,78857.0,71893.33333333333
2021-03-02,68029.0,80828.0,74753.875
2021-03-03,68747.0,81591.0,73358.20833333333
2021-03-04,65006.0,79342.0,71684.04166666667
2021-03-05,64061.0,77908.0,70295.41666666667
2021-03-06,62964.0,70604.0,66190.70833333333
2021-03-07,61211.0,68955.0,64258.958333333336
2021-03-08,61515.0,76341.0,69240.20833333333
2021-03-09,60133.0,73975.0,68116.41666666667
2021-03-10,58066.0,72251.0,66901.29166666667
2021-03-11,57640.0,73061.0,67180.125
2021-03-12,58740.0,71442.0,66993.54166666667
2021-03-13,58310.0,67011.0,63205.208333333336
2021-03-14,56369.0,68683.0,62482.0
2021-03-15,58962.0,76267.0,70565.04166666667
2021-03-16,62849.0,75858.0,71422.45833333333
2021-03-17,60989.0,73848.0,69627.20833333333
2021-03-18,60052.0,74884.0,69851.79166666667
2021-03-19,63089.0,78182.0,69353.04166666667
2021-03-20,59322.0,70629.0,63944.875
2021-03-21,56934.0,65702.0,61164.25
2021-03-22,55794.0,72573.0,66158.33333333333
2021-03-23,56432.0,70656.0,66089.875
2021-03-24,57340.0,72351.0,67490.41666666667
2021-03-25,57790.0,71978.0,67398.83333333333
2021-03-26,58166.0,72059.0,66329.95833333333
2021-03-27,56670.0,66739.0,62780.875
2021-03-28,54784.0,66360.0,60648.458333333336
2021-03-29,58888.0,74286.0,66813.95833333333
2021-03-30,57465.0,71645.0,67047.25
2021-03-31,58797.0,72949.0,68468.875
2021-04-01,62719.0,77053.0,69835.79166666667
2021-04-02,59544.0,73700.0,65255.833333333336
2021-04-03,56121.0,66033.0,60911.708333333336
2021-04-04,52406.0,62888.0,57628.5
2021-04-05,53192.0,71218.0,65247.333333333336
2021-04-06,56081.0,73893.0,67183.16666666667
2021-04-07,56421.0,74921.0,67661.33333333333
2021-04-08,56630.0,72953.0,67017.08333333333
2021-04-09,56461.0,71856.0,66297.45833333333
2021-04-10,55913.0,65798.0,62135.416666666664
2021-04-11,53140.0,66046.0,60035.125
2021-04-12,55299.0,72271.0,66784.625
2021-04-13,57414.0,71034.0,66770.375
2021-04-14,58200.0,70984.0,66899.375
2021-04-15,58576.0,71126.0,66464.58333333333
2021-04-16,57569.0,70033.0,64723.166666666664
2021-04-17,55316.0,63311.0,60087.833333333336
2021-04-18,53587.0,63757.0,58687.708333333336
2021-04-19,55240.0,70803.0,65546.25
2021-04-20,58122.0,72010.0,67619.70833333333
2021-04-21,61212.0,74228.0,68090.41666666667
2021-04-22,60615.0,73603.0,66915.875
2021-04-23,58002.0,70412.0,65138.125
2021-04-24,56123.0,65536.0,62138.041666666664
2021-04-25,54549.0,66174.0,60584.291666666664
2021-04-26,55895.0,73421.0,67149.25
2021-04-27,57026.0,77516.0,69367.16666666667
2021-04-28,58327.0,76682.0,69564.08333333333
2021-04-29,57794.0,74392.0,68343.91666666667
2021-04-30,57339.0,70157.0,65635.58333333333
2021-05-01,54923.0,66777.0,61243.958333333336
2021-05-02,52853.0,67572.0,60568.708333333336
2021-05-03,54824.0,78426.0,69290.45833333333
2021-05-04,58901.0,76664.0,69666.33333333333
2021-05-05,57756.0,70742.0,66496.58333333333
2021-05-06,55895.0,70125.0,65432.375
2021-05-07,56753.0,68944.0,64507.916666666664
2021-05-08,54689.0,65714.0,61081.041666666664
2021-05-09,53983.0,67586.0,61353.041666666664
2021-05-10,57129.0,72909.0,67571.875
2021-05-11,57857.0,71473.0,66886.75
2021-05-12,57981.0,69537.0,65645.91666666667
2021-05-13,56992.0,69656.0,65660.66666666667
2021-05-14,56194.0,69190.0,64463.083333333336
2021-05-15,53498.0,66831.0,61064.25
2021-05-16,51758.0,68066.0,60347.875
2021-05-17,54615.0,77083.0,68369.04166666667
2021-05-18,57345.0,77681.0,69735.95833333333
2021-05-19,58621.0,79978.0,71301.41666666667
2021-05-20,59196.0,85425.0,74463.0
2021-05-21,60592.0,87090.0,75694.83333333333
2021-05-22,58864.0,83755.0,71937.54166666667
2021-05-23,57508.0,82606.0,70495.08333333333
2021-05-24,59921.0,93719.0,78899.79166666667
2021-05-25,62368.0,93156.0,79680.375
2021-05-26,64106.0,89757.0,78434.375
2021-05-27,60352.0,84365.0,74481.45833333333
2021-05-28,60898.0,77005.0,70321.875
2021-05-29,56040.0,65259.0,61451.416666666664
2021-05-30,52798.0,64073.0,58433.458333333336
2021-05-31,51584.0,70271.0,61316.083333333336
2021-06-01,54540.0,81609.0,70285.83333333333
2021-06-02,58088.0,82898.0,72181.5
2021-06-03,59038.0,88106.0,74930.70833333333
2021-06-04,61087.0,94085.0,78649.04166666667
2021-06-05,61884.0,93316.0,78054.54166666667
2021-06-06,63745.0,95617.0,80201.0
2021-06-07,68525.0,105197.0,88757.33333333333
2021-06-08,69489.0,105009.0,88903.29166666667
2021-06-09,69867.0,107319.0,90126.83333333333
2021-06-10,71714.0,113648.0,93756.66666666667
2021-06-11,72890.0,114089.0,94622.875
2021-06-12,69204.0,103116.0,86346.54166666667
2021-06-13,64912.0,101018.0,82969.04166666667
2021-06-14,67754.0,105535.0,87685.58333333333
2021-06-15,65927.0,100200.0,83766.625
2021-06-16,64569.0,99692.0,82735.5
2021-06-17,64815.0,107498.0,86736.20833333333
2021-06-18,68203.0,106864.0,88390.54166666667
2021-06-19,66304.0,98125.0,82202.79166666667
2021-06-20,61489.0,92534.0,77870.5
2021-06-21,67069.0,88830.0,78794.58333333333
2021-06-22,60801.0,83826.0,73942.58333333333
2021-06-23,59713.0,89945.0,76053.79166666667
2021-06-24,64226.0,99297.0,83084.83333333333
2021-06-25,68550.0,99000.0,84914.95833333333
2021-06-26,65567.0,92090.0,79493.83333333333
2021-06-27,64367.0,92781.0,79564.95833333333
2021-06-28,67620.0,103485.0,87515.04166666667
2021-06-29,70344.0,106386.0,89985.5
2021-06-30,70777.0,105621.0,89555.04166666667
2021-07-01,68605.0,99080.0,84678.25
2021-07-02,67426.0,95497.0,82470.20833333333
2021-07-03,60286.0,92441.0,75960.625
2021-07-04,52422.0,93951.0,74252.58333333333
2021-07-05,68244.0,114501.0,92586.41666666667
2021-07-06,69921.0,107275.0,89655.875
2021-07-07,72389.0,104279.0,89309.5
2021-07-08,67988.0,94854.0,82278.83333333333
2021-07-09,65593.0,92948.0,79994.20833333333
2021-07-10,63479.0,87492.0,75639.375
2021-07-11,62396.0,85859.0,74317.95833333333
2021-07-12,63707.0,95401.0,81015.45833333333
2021-07-13,65538.0,99298.0,83793.45833333333
2021-07-14,67645.0,107132.0,88454.58333333333
2021-07-15,69562.0,103683.0,87702.20833333333
2021-07-16,68823.0,97310.0,84105.91666666667
2021-07-17,64233.0,90563.0,77592.70833333333
2021-07-18,63296.0,97080.0,79962.66666666667
2021-07-19,66319.0,106734.0,87841.79166666667
2021-07-20,69435.0,107113.0,89016.75
2021-07-21,67853.0,103430.0,86385.91666666667
2021-07-22,68107.0,104872.0,87308.95833333333
2021-07-23,70471.0,108908.0,90691.41666666667
2021-07-24,71198.0,108299.0,89953.625
2021-07-25,69432.0,109296.0,89074.875
2021-07-26,70027.0,115507.0,93633.41666666667
2021-07-27,73310.0,118125.0,96249.25
2021-07-28,74698.0,118785.0,97399.41666666667
2021-07-29,76796.0,115492.0,96413.125
2021-07-30,72661.0,102188.0,87438.83333333333
2021-07-31,66570.0,94051.0,80000.04166666667
2021-08-01,63911.0,90767.0,77064.58333333333
2021-08-02,65044.0,94484.0,81193.83333333333
2021-08-03,64459.0,94313.0,80233.41666666667
2021-08-04,65521.0,101619.0,83870.5
2021-08-05,66602.0,104180.0,85863.08333333333
2021-08-06,67357.0,102610.0,85430.5
2021-08-07,66075.0,101467.0,83473.29166666667
2021-08-08,67517.0,105826.0,86587.08333333333
2021-08-09,72590.0,112130.0,93866.0
2021-08-10,74674.0,116970.0,96959.0
2021-08-11,77580.0,117111.0,98108.0
2021-08-12,75798.0,114097.0,95520.20833333333
2021-08-13,72470.0,100767.0,86638.16666666667
2021-08-14,64494.0,91293.0,77610.375
2021-08-15,62762.0,91714.0,76687.08333333333
2021-08-16,64650.0,99691.0,83635.08333333333
2021-08-17,68293.0,106622.0,88314.41666666667
2021-08-18,70853.0,109146.0,91105.375
2021-08-19,72560.0,113460.0,94001.54166666667
2021-08-20,73118.0,113253.0,93566.20833333333
2021-08-21,71390.0,104367.0,87500.33333333333
2021-08-22,67433.0,103960.0,85222.45833333333
2021-08-23,71307.0,117551.0,95434.0
2021-08-24,75593.0,119545.0,98386.41666666667
2021-08-25,77384.0,119061.0,99053.54166666667
2021-08-26,74946.0,114064.0,95338.95833333333
2021-08-27,73344.0,110855.0,92746.25
2021-08-28,70758.0,107595.0,89342.08333333333
2021-08-29,70448.0,102317.0,86600.625
2021-08-30,68524.0,100906.0,85902.95833333333
2021-08-31,63828.0,92537.0,79011.91666666667
2021-09-01,62538.0,91213.0,77773.75
2021-09-02,60295.0,88161.0,75228.625
2021-09-03,60385.0,85376.0,73606.33333333333
2021-09-04,58075.0,80198.0,69128.70833333333
2021-09-05,56477.0,80216.0,67932.54166666667
2021-09-06,55956.0,84835.0,70076.41666666667
2021-09-07,59321.0,94421.0,77937.29166666667
2021-09-08,61593.0,88263.0,75924.375
2021-09-09,60191.0,85565.0,73820.20833333333
2021-09-10,59262.0,86902.0,73527.83333333333
2021-09-11,58989.0,89842.0,73557.375
2021-09-12,60589.0,89609.0,74880.125
2021-09-13,62491.0,94047.0,79566.79166666667
2021-09-14,65253.0,93186.0,80715.25
2021-09-15,63107.0,87514.0,76570.95833333333
2021-09-16,61476.0,90594.0,77071.45833333333
2021-09-17,64288.0,92677.0,79153.83333333333
2021-09-18,61936.0,85943.0,73833.25
2021-09-19,60848.0,92245.0,76332.83333333333
2021-09-20,66127.0,95918.0,82396.95833333333
2021-09-21,65755.0,86391.0,77168.75
2021-09-22,60628.0,76933.0,70543.0
2021-09-23,57563.0,74020.0,67598.75
2021-09-24,56698.0,74723.0,66921.875
2021-09-25,54916.0,69708.0,62688.083333333336
2021-09-26,53738.0,76927.0,64900.958333333336
2021-09-27,57829.0,89105.0,74290.33333333333
2021-09-28,61098.0,90479.0,76728.04166666667
2021-09-29,61579.0,91638.0,77465.66666666667
2021-09-30,61800.0,90076.0,76958.25
2021-10-01,62227.0,86925.0,75655.91666666667
2021-10-02,59583.0,78090.0,69641.91666666667
2021-10-03,57115.0,74808.0,66763.91666666667
2021-10-04,59809.0,84477.0,74386.0
2021-10-05,60435.0,82482.0,73270.125
2021-10-06,60331.0,82958.0,73335.79166666667
2021-10-07,60833.0,84081.0,74167.95833333333
2021-10-08,60776.0,84929.0,74115.95833333333
2021-10-09,59217.0,83276.0,71554.20833333333
2021-10-10,59601.0,84142.0,72338.45833333333
2021-10-11,62396.0,87350.0,76808.91666666667
2021-10-12,61659.0,81643.0,73643.04166666667
2021-10-13,61101.0,83455.0,74289.0
2021-10-14,61794.0,83624.0,74564.0
2021-10-15,61125.0,78245.0,70723.79166666667
2021-10-16,57790.0,68322.0,63660.25
2021-10-17,54992.0,67122.0,60651.875
2021-10-18,55769.0,72199.0,66419.75
2021-10-19,57567.0,74297.0,67863.375
2021-10-20,57666.0,76528.0,69169.375
2021-10-21,59438.0,75421.0,69437.125
2021-10-22,59968.0,73647.0,68349.08333333333
2021-10-23,58645.0,70640.0,64708.958333333336
2021-10-24,56402.0,73735.0,64967.291666666664
2021-10-25,58820.0,78078.0,70892.95833333333
2021-10-26,59891.0,75808.0,69725.08333333333
2021-10-27,60355.0,74847.0,69389.79166666667
2021-10-28,59387.0,73831.0,68593.41666666667
2021-10-29,59255.0,72557.0,67275.08333333333
2021-10-30,56734.0,67420.0,62667.458333333336
2021-10-31,56823.0,67730.0,62250.791666666664
2021-11-01,59063.0,76306.0,70032.04166666667
2021-11-02,61235.0,75743.0,70131.5
2021-11-03,63226.0,77168.0,71463.25
2021-11-04,64492.0,78272.0,71341.20833333333
2021-11-05,63004.0,77461.0,69909.45833333333
2021-11-06,61421.0,69912.0,65773.125
2021-11-07,57950.0,68967.0,62828.416666666664
2021-11-08,58899.0,74693.0,68449.83333333333
2021-11-09,60677.0,74475.0,68914.875
2021-11-10,59454.0,75282.0,68797.95833333333
2021-11-11,58922.0,75398.0,68990.41666666667
2021-11-12,62548.0,75353.0,70375.625
2021-11-13,62810.0,74534.0,69031.04166666667
2021-11-14,63590.0,74353.0,68547.875
2021-11-15,64441.0,80094.0,74164.0
2021-11-16,63641.0,78694.0,72377.25
2021-11-17,61307.0,78860.0,71275.79166666667
2021-11-18,61026.0,79851.0,72478.79166666667
2021-11-19,67434.0,80810.0,74337.83333333333
2021-11-20,65351.0,73039.0,69429.04166666667
2021-11-21,60333.0,75513.0,67260.16666666667
2021-11-22,63250.0,82539.0,74572.08333333333
2021-11-23,69646.0,82569.0,75823.16666666667
2021-11-24,65299.0,77774.0,72942.83333333333
2021-11-25,58939.0,70603.0,64954.625
2021-11-26,61134.0,74452.0,68511.625
2021-11-27,64296.0,71014.0,67382.20833333333
2021-11-28,62037.0,76384.0,68591.54166666667
2021-11-29,64853.0,81160.0,74368.29166666667
2021-11-30,65218.0,80056.0,74147.66666666667
2021-12-01,63030.0,78716.0,72321.04166666667
2021-12-02,61541.0,78411.0,71594.0
2021-12-03,61399.0,76371.0,70569.75
2021-12-04,60283.0,74855.0,67819.08333333333
2021-12-05,60313.0,75386.0,67340.5
2021-12-06,60834.0,84844.0,74816.91666666667
2021-12-07,71283.0,86220.0,80180.875
2021-12-08,71088.0,85471.0,79321.66666666667
2021-12-09,68678.0,82538.0,76797.375
2021-12-10,64485.0,81011.0,74272.04166666667
2021-12-11,59455.0,77444.0,69089.625
2021-12-12,64654.0,76237.0,69832.875
2021-12-13,64321.0,79331.0,73056.66666666667
2021-12-14,64386.0,79739.0,73293.25
2021-12-15,61156.0,80308.0,72072.0
2021-12-16,59704.0,81692.0,72133.79166666667
2021-12-17,65222.0,80697.0,74411.79166666667
2021-12-18,63729.0,78819.0,71632.75
2021-12-19,65921.0,81436.0,73088.875
2021-12-20,69092.0,84698.0,78284.875
2021-12-21,72131.0,86334.0,80255.5
2021-12-22,72846.0,87237.0,80423.54166666667
2021-12-23,70636.0,83850.0,76929.58333333333
2021-12-24,62240.0,71548.0,66994.83333333333
2021-12-25,54585.0,69231.0,62023.958333333336
2021-12-26,57539.0,73629.0,64987.208333333336
2021-12-27,59538.0,78790.0,70529.08333333333
2021-12-28,63288.0,81490.0,73629.0
2021-12-29,64165.0,83427.0,74969.33333333333
2021-12-30,64692.0,81198.0,74181.75
2021-12-31,63494.0,78400.0,72276.5
2022-01-01,60477.0,76096.0,68404.33333333333
2022-01-02,65766.0,86457.0,75641.66666666667
2022-01-03,76608.0,91731.0,84082.33333333333
2022-01-04,76169.0,89936.0,82061.45833333333
2022-01-05,71571.0,89636.0,82351.83333333333
2022-01-06,74232.0,91491.0,84717.16666666667
2022-01-07,81451.0,95557.0,88045.33333333333
2022-01-08,72023.0,81504.0,78211.625
2022-01-09,66183.0,84321.0,74932.125
2022-01-10,72260.0,89879.0,82833.91666666667
2022-01-11,77316.0,91946.0,82995.41666666667
2022-01-12,72330.0,86428.0,79846.125
2022-01-13,68685.0,84080.0,77171.5
2022-01-14,67292.0,82500.0,76068.25
2022-01-15,67272.0,81185.0,74433.20833333333
2022-01-16,72630.0,82349.0,76766.45833333333
2022-01-17,73746.0,89160.0,82224.04166666667
2022-01-18,72769.0,87876.0,79106.95833333333
2022-01-19,67619.0,87173.0,79126.79166666667
2022-01-20,73514.0,92262.0,84612.83333333333
2022-01-21,82274.0,96460.0,87871.41666666667
2022-01-22,80408.0,90019.0,85022.875
2022-01-23,76833.0,86060.0,80758.79166666667
2022-01-24,74544.0,89841.0,82886.58333333333
2022-01-25,76441.0,93328.0,86714.79166666667
2022-01-26,81195.0,96775.0,88331.83333333333
2022-01-27,79265.0,93220.0,85096.58333333333
2022-01-28,76604.0,92212.0,85650.83333333333
2022-01-29,76578.0,86836.0,81377.16666666667
2022-01-30,71426.0,81187.0,75823.375
2022-01-31,71074.0,87008.0,79182.66666666667
2022-02-01,67972.0,85182.0,77147.95833333333
2022-02-02,70459.0,88192.0,79887.66666666667
2022-02-03,73689.0,91836.0,83048.875
2022-02-04,82695.0,96612.0,89864.45833333333
2022-02-05,81043.0,92687.0,86995.16666666667
2022-02-06,73831.0,83800.0,78824.125
2022-02-07,74586.0,91094.0,82943.91666666667
2022-02-08,75156.0,91002.0,80847.58333333333
2022-02-09,70239.0,85156.0,77455.66666666667
2022-02-10,69571.0,84524.0,77046.83333333333
2022-02-11,67421.0,81210.0,74488.66666666667
2022-02-12,67415.0,79034.0,73812.875
2022-02-13,73732.0,82145.0,77379.0
2022-02-14,76536.0,92655.0,82899.625
2022-02-15,72373.0,87816.0,79092.75
2022-02-16,66180.0,79738.0,74596.33333333333
2022-02-17,65048.0,84349.0,76415.79166666667
2022-02-18,73811.0,89680.0,80398.75
2022-02-19,73996.0,83335.0,77853.45833333333
2022-02-20,68366.0,76280.0,72682.33333333333
2022-02-21,64540.0,79787.0,73929.95833333333
2022-02-22,64823.0,80602.0,74477.58333333333
2022-02-23,69457.0,85556.0,79329.33333333333
2022-02-24,74214.0,87533.0,82496.91666666667
2022-02-25,73785.0,88294.0,81705.54166666667
2022-02-26,71894.0,80937.0,76271.125
2022-02-27,70740.0,79629.0,74369.25
2022-02-28,70245.0,85320.0,76266.70833333333
2022-03-01,69212.0,82922.0,74275.125
2022-03-02,65740.0,79176.0,71399.66666666667
2022-03-03,63649.0,78613.0,72144.54166666667
2022-03-04,66377.0,78536.0,71296.25
2022-03-05,61133.0,69982.0,65770.29166666667
2022-03-06,57557.0,72508.0,64938.25
2022-03-07,60853.0,78426.0,71856.41666666667
2022-03-08,68341.0,81122.0,74733.45833333333
2022-03-09,67595.0,81489.0,74722.58333333333
2022-03-10,69077.0,83005.0,75764.625
2022-03-11,67931.0,81333.0,76241.79166666667
2022-03-12,72867.0,81589.0,76644.25
2022-03-13,67372.0,77455.0,72993.41666666667
2022-03-14,65623.0,81178.0,73162.875
2022-03-15,62012.0,75759.0,69512.75
2022-03-16,60027.0,73966.0,67600.41666666667
2022-03-17,58570.0,72971.0,67592.375
2022-03-18,58496.0,71895.0,66861.79166666667
2022-03-19,59060.0,68831.0,64328.791666666664
2022-03-20,58300.0,65333.0,61572.625
2022-03-21,57108.0,72383.0,66844.875
2022-03-22,58520.0,73159.0,68306.75
2022-03-23,60407.0,75946.0,70311.625
2022-03-24,62468.0,76922.0,71050.125
2022-03-25,62781.0,77111.0,70025.0
2022-03-26,62506.0,72065.0,67788.91666666667
2022-03-27,62447.0,72374.0,66744.625
2022-03-28,64204.0,78552.0,72455.33333333333
2022-03-29,64165.0,76553.0,72207.45833333333
2022-03-30,62655.0,75762.0,70971.625
2022-03-31,61468.0,76610.0,71819.375
2022-04-01,63946.0,77153.0,69901.95833333333
2022-04-02,60632.0,67670.0,64579.625
2022-04-03,57967.0,67814.0,62853.0
2022-04-04,57947.0,73809.0,68712.5
2022-04-05,59533.0,73040.0,68903.66666666667
2022-04-06,59316.0,73695.0,68894.83333333333
2022-04-07,61987.0,75686.0,70881.33333333333
2022-04-08,61814.0,75565.0,69697.58333333333
2022-04-09,61250.0,69311.0,65151.125
2022-04-10,57747.0,67213.0,62277.041666666664
2022-04-11,56891.0,72578.0,67635.20833333333
2022-04-12,58709.0,72995.0,68511.20833333333
2022-04-13,59497.0,74543.0,69077.33333333333
2022-04-14,61302.0,74563.0,69906.91666666667
2022-04-15,60029.0,70120.0,66771.04166666667
2022-04-16,57325.0,67242.0,62731.541666666664
2022-04-17,58466.0,67640.0,62831.541666666664
2022-04-18,59390.0,74543.0,69459.5
2022-04-19,63561.0,76703.0,70680.875
2022-04-20,60651.0,72503.0,68685.33333333333
2022-04-21,60091.0,74049.0,69519.25
2022-04-22,58458.0,74322.0,68474.91666666667
2022-04-23,57376.0,73457.0,65935.79166666667
2022-04-24,55991.0,72951.0,64861.083333333336
2022-04-25,58092.0,76440.0,69810.875
2022-04-26,59806.0,72355.0,67786.45833333333
2022-04-27,60566.0,72608.0,68315.875
2022-04-28,59448.0,72199.0,68192.41666666667
2022-04-29,58251.0,72403.0,67435.04166666667
2022-04-30,57009.0,70653.0,64894.458333333336
2022-05-01,55382.0,70171.0,63621.666666666664
2022-05-02,57506.0,76132.0,69410.66666666667
2022-05-03,59402.0,77360.0,70574.33333333333
2022-05-04,59576.0,76209.0,70146.625
2022-05-05,58737.0,76107.0,69610.20833333333
2022-05-06,58585.0,73538.0,67851.0
2022-05-07,56091.0,67554.0,62731.083333333336
2022-05-08,54990.0,69851.0,62712.875
2022-05-09,56905.0,84221.0,72566.04166666667
2022-05-10,61880.0,92714.0,78731.58333333333
2022-05-11,63545.0,100119.0,83076.45833333333
2022-05-12,65349.0,102507.0,85119.75
2022-05-13,66156.0,96952.0,82033.04166666667
2022-05-14,61155.0,86222.0,73756.08333333333
2022-05-15,58606.0,83086.0,70964.79166666667
2022-05-16,59945.0,84451.0,74086.33333333333
2022-05-17,60862.0,85259.0,74610.25
2022-05-18,61031.0,85437.0,74823.875
2022-05-19,61227.0,90457.0,77410.25
2022-05-20,63973.0,91277.0,78974.16666666667
2022-05-21,62560.0,79675.0,71688.91666666667
2022-05-22,56835.0,68338.0,63497.333333333336
2022-05-23,56674.0,73829.0,67626.91666666667
2022-05-24,58301.0,77128.0,70057.16666666667
2022-05-25,59708.0,77948.0,70974.91666666667
2022-05-26,59295.0,77964.0,70613.75
2022-05-27,59361.0,77643.0,70266.0
2022-05-28,56660.0,76060.0,66443.95833333333
2022-05-29,55318.0,84864.0,70126.66666666667
2022-05-30,61487.0,92622.0,78230.25
2022-05-31,62701.0,96693.0,81164.58333333333
2022-06-01,66947.0,94007.0,81856.58333333333
2022-06-02,63292.0,86952.0,76520.83333333333
2022-06-03,61484.0,85252.0,74551.29166666667
2022-06-04,58145.0,81069.0,69508.25
2022-06-05,57105.0,86165.0,71313.16666666667
2022-06-06,61538.0,92109.0,78860.83333333333
2022-06-07,64448.0,91067.0,79064.91666666667
2022-06-08,64306.0,90032.0,78640.5
2022-06-09,62268.0,91035.0,77895.75
2022-06-10,62750.0,86146.0,75905.08333333333
2022-06-11,58638.0,85805.0,72328.5
2022-06-12,60019.0,93479.0,76696.875
2022-06-13,66749.0,109436.0,89753.66666666667
2022-06-14,74760.0,119532.0,98152.375
2022-06-15,77362.0,120180.0,99621.33333333333
2022-06-16,76347.0,115035.0,96386.125
2022-06-17,74215.0,106111.0,90139.125
2022-06-18,66190.0,92765.0,79036.54166666667
2022-06-19,61460.0,95353.0,77850.75
2022-06-20,68031.0,112505.0,90302.79166666667
2022-06-21,74264.0,122884.0,99314.04166666667
2022-06-22,76570.0,115833.0,96781.875
2022-06-23,72683.0,113774.0,93643.04166666667
2022-06-24,73214.0,114940.0,94005.0
2022-06-25,70201.0,107796.0,89068.41666666667
2022-06-26,67506.0,92997.0,80572.20833333333
2022-06-27,65963.0,93279.0,80910.20833333333
2022-06-28,65182.0,96587.0,81641.625
2022-06-29,66046.0,104184.0,85808.58333333333
2022-06-30,69170.0,109139.0,90576.04166666667
2022-07-01,71326.0,106255.0,89820.125
2022-07-02,64776.0,95285.0,80216.41666666667
2022-07-03,60758.0,97584.0,79024.04166666667
2022-07-04,65370.0,106910.0,87272.29166666667
2022-07-05,71334.0,116931.0,95820.79166666667
2022-07-06,73461.0,109814.0,93197.625
2022-07-07,71451.0,109424.0,91732.83333333333
2022-07-08,73342.0,104073.0,89755.16666666667
2022-07-09,66792.0,95872.0,81255.91666666667
2022-07-10,63666.0,99359.0,80865.95833333333
2022-07-11,69429.0,111428.0,91623.16666666667
2022-07-12,72599.0,107871.0,91067.58333333333
2022-07-13,69976.0,105150.0,88832.83333333333
2022-07-14,69181.0,105191.0,88039.95833333333
2022-07-15,70092.0,105380.0,88657.125
2022-07-16,66931.0,102806.0,85062.0
2022-07-17,67443.0,98577.0,83404.58333333333
2022-07-18,68944.0,112548.0,92443.66666666667
2022-07-19,73930.0,118609.0,97508.625
2022-07-20,76949.0,117882.0,98285.58333333333
2022-07-21,75564.0,117125.0,96943.66666666667
2022-07-22,74403.0,115339.0,95276.41666666667
2022-07-23,71892.0,111363.0,91847.66666666667
2022-07-24,70495.0,104014.0,87438.5
2022-07-25,69659.0,101697.0,86930.16666666667
2022-07-26,67877.0,102133.0,86226.45833333333
2022-07-27,69308.0,103745.0,88056.70833333333
2022-07-28,69518.0,100120.0,86110.75
2022-07-29,69326.0,95910.0,83372.125
2022-07-30,65627.0,93245.0,79167.0
2022-07-31,63196.0,96593.0,79714.5
2022-08-01,70775.0,107015.0,90453.125
2022-08-02,72974.0,114162.0,94320.91666666667
2022-08-03,76008.0,111864.0,95190.625
2022-08-04,74218.0,104450.0,90498.54166666667
2022-08-05,72300.0,106510.0,90231.20833333333
2022-08-06,72572.0,107309.0,89733.0
2022-08-07,71697.0,104570.0,88221.33333333333
2022-08-08,74872.0,106187.0,91596.625
2022-08-09,71889.0,100053.0,86451.79166666667
2022-08-10,68473.0,100830.0,85383.58333333333
2022-08-11,69215.0,98974.0,84695.875
2022-08-12,67574.0,95306.0,81727.16666666667
2022-08-13,64451.0,90869.0,77245.20833333333
2022-08-14,63214.0,90820.0,76566.79166666667
2022-08-15,66522.0,99084.0,83943.66666666667
2022-08-16,68682.0,99546.0,84833.25
2022-08-17,68471.0,99225.0,84600.08333333333
2022-08-18,67554.0,98984.0,84260.25
2022-08-19,67071.0,98147.0,83241.625
2022-08-20,64554.0,90710.0,77872.95833333333
2022-08-21,62192.0,87031.0,74651.125
2022-08-22,64970.0,96029.0,82042.29166666667
2022-08-23,66324.0,97305.0,82782.58333333333
2022-08-24,66654.0,99970.0,84426.29166666667
2022-08-25,67736.0,99129.0,84718.83333333333
2022-08-26,67249.0,97101.0,82767.29166666667
2022-08-27,64231.0,95413.0,79564.5
2022-08-28,64552.0,98799.0,81573.375
2022-08-29,71343.0,107330.0,90700.08333333333
2022-08-30,70024.0,98623.0,85171.16666666667
2022-08-31,66320.0,101074.0,84127.08333333333
2022-09-01,68139.0,106131.0,87401.25
2022-09-02,70932.0,105432.0,88395.58333333333
2022-09-03,67301.0,91421.0,79290.875
2022-09-04,62889.0,81422.0,71869.04166666667
2022-09-05,59152.0,82085.0,70394.66666666667
2022-09-06,62880.0,93517.0,79573.45833333333
2022-09-07,65193.0,96412.0,81640.70833333333
2022-09-08,66475.0,97879.0,82491.54166666667
2022-09-09,66689.0,94438.0,80600.20833333333
2022-09-10,63089.0,84290.0,73757.95833333333
2022-09-11,61808.0,79515.0,70532.54166666667
2022-09-12,62010.0,83546.0,74061.29166666667
2022-09-13,61170.0,85577.0,74077.875
2022-09-14,60175.0,90632.0,75504.0
2022-09-15,62132.0,94134.0,78101.04166666667
2022-09-16,64008.0,95306.0,79556.75
2022-09-17,62738.0,91129.0,76565.83333333333
2022-09-18,62384.0,93108.0,77393.91666666667
2022-09-19,66916.0,101030.0,84431.70833333333
2022-09-20,68427.0,108065.0,88824.5
2022-09-21,69822.0,102048.0,86204.75
2022-09-22,65311.0,88443.0,77796.08333333333
2022-09-23,61191.0,79400.0,71262.0
2022-09-24,58205.0,79233.0,68753.66666666667
2022-09-25,58276.0,79167.0,68489.625
2022-09-26,59973.0,80487.0,71857.66666666667
2022-09-27,59196.0,76372.0,69380.33333333333
2022-09-28,58648.0,74771.0,68231.45833333333
2022-09-29,58010.0,73197.0,67324.125
2022-09-30,58217.0,72177.0,66409.625
2022-10-01,56764.0,67474.0,61820.625
2022-10-02,54809.0,69896.0,61522.166666666664
2022-10-03,56758.0,75564.0,67673.79166666667
2022-10-04,59458.0,76098.0,69024.66666666667
2022-10-05,59007.0,76764.0,69120.66666666667
2022-10-06,58989.0,77079.0,69333.41666666667
2022-10-07,59910.0,73456.0,68190.625
2022-10-08,57688.0,67429.0,62690.416666666664
2022-10-09,57229.0,69762.0,62629.083333333336
2022-10-10,56957.0,75616.0,68014.79166666667
2022-10-11,59081.0,77847.0,69806.04166666667
2022-10-12,59896.0,76812.0,69802.16666666667
2022-10-13,60284.0,74839.0,69386.125
2022-10-14,60939.0,73242.0,68762.375
2022-10-15,56574.0,70258.0,63989.541666666664
2022-10-16,55329.0,71686.0,63632.041666666664
2022-10-17,57989.0,77465.0,70573.75
2022-10-18,62041.0,77059.0,71511.83333333333
2022-10-19,63276.0,78223.0,71084.875
2022-10-20,62354.0,76792.0,69512.58333333333
2022-10-21,59816.0,71514.0,67260.125
2022-10-22,55217.0,69990.0,63057.833333333336
2022-10-23,54712.0,73726.0,63956.708333333336
2022-10-24,57460.0,77821.0,69712.41666666667
2022-10-25,59506.0,73140.0,67876.58333333333
2022-10-26,58321.0,72401.0,67420.29166666667
2022-10-27,59442.0,72861.0,67702.58333333333
2022-10-28,59583.0,72088.0,66826.5
2022-10-29,56920.0,65743.0,61560.875
2022-10-30,54350.0,68377.0,61222.875
2022-10-31,55412.0,71751.0,66397.66666666667
2022-11-01,58112.0,73251.0,67549.54166666667
2022-11-02,57287.0,73323.0,66979.875
2022-11-03,58853.0,75451.0,68883.5
2022-11-04,59538.0,74972.0,69149.25
2022-11-05,58535.0,67505.0,63556.875
2022-11-06,53853.0,69261.0,60978.708333333336
2022-11-07,58805.0,77014.0,69321.875
2022-11-08,62395.0,77108.0,70803.58333333333
2022-11-09,62300.0,77143.0,70592.125
2022-11-10,61766.0,76279.0,70297.58333333333
2022-11-11,61907.0,76298.0,70477.08333333333
2022-11-12,64404.0,74841.0,69406.75
2022-11-13,67722.0,76712.0,71205.29166666667
2022-11-14,70126.0,83742.0,76876.04166666667
2022-11-15,69677.0,84004.0,77882.58333333333
2022-11-16,71157.0,84985.0,79179.95833333333
2022-11-17,73141.0,86211.0,80957.25
2022-11-18,75003.0,87053.0,81174.08333333333
2022-11-19,74329.0,82685.0,78102.375
2022-11-20,74043.0,83034.0,77029.95833333333
2022-11-21,72320.0,85894.0,79607.70833333333
2022-11-22,71651.0,83466.0,77361.75
2022-11-23,68291.0,78634.0,73820.79166666667
2022-11-24,60219.0,68203.0,63354.875
2022-11-25,56309.0,68813.0,62545.708333333336
2022-11-26,57979.0,67087.0,62326.375
2022-11-27,59097.0,72471.0,64970.75
2022-11-28,61383.0,77841.0,71249.70833333333
2022-11-29,65266.0,78684.0,72857.25
2022-11-30,65870.0,82994.0,75760.20833333333
2022-12-01,71948.0,84881.0,77979.875
2022-12-02,70582.0,81578.0,76259.25
2022-12-03,65639.0,79874.0,72791.70833333333
2022-12-04,67483.0,78453.0,71288.29166666667
2022-12-05,67570.0,82611.0,76169.75
2022-12-06,68296.0,82793.0,76505.25
2022-12-07,66403.0,81467.0,74792.375
2022-12-08,66356.0,81668.0,74954.875
2022-12-09,65773.0,80121.0,74125.70833333333
2022-12-10,64724.0,75811.0,70436.58333333333
2022-12-11,64593.0,77950.0,70357.25
2022-12-12,65541.0,81990.0,74746.41666666667
2022-12-13,68523.0,83038.0,76629.95833333333
2022-12-14,67364.0,81438.0,75254.95833333333
2022-12-15,68300.0,83964.0,77476.54166666667
2022-12-16,71173.0,84223.0,78938.66666666667
2022-12-17,71009.0,83497.0,77687.83333333333
2022-12-18,74469.0,85782.0,79005.91666666667
2022-12-19,76063.0,89532.0,83486.54166666667
2022-12-20,77345.0,88309.0,83436.08333333333
2022-12-21,77527.0,88484.0,83039.25
2022-12-22,75113.0,91774.0,84657.41666666667
2022-12-23,86102.0,102387.0,95365.41666666667
2022-12-24,88321.0,95729.0,92384.625
2022-12-25,86622.0,95394.0,91139.875
2022-12-26,78416.0,90455.0,83799.16666666667
2022-12-27,77736.0,86267.0,81842.875
2022-12-28,70624.0,82430.0,76896.66666666667
2022-12-29,65015.0,76437.0,71298.5
2022-12-30,61907.0,75264.0,69119.08333333333
2022-12-31,60251.0,70241.0,65341.583333333336
2023-01-01,59331.0,71763.0,64971.333333333336
2023-01-02,58700.0,76944.0,69491.25
2023-01-03,61044.0,76683.0,70014.91666666667
2023-01-04,63375.0,81179.0,74069.91666666667
2023-01-05,66459.0,81311.0,75851.625
2023-01-06,68996.0,82491.0,75669.25
2023-01-07,67161.0,76022.0,71636.58333333333
2023-01-08,64598.0,76512.0,70089.125
2023-01-09,67504.0,82665.0,75657.41666666667
2023-01-10,68672.0,81981.0,75747.29166666667
2023-01-11,66893.0,79227.0,73699.83333333333
2023-01-12,64907.0,80513.0,74197.16666666667
2023-01-13,71275.0,85142.0,78917.75
2023-01-14,70976.0,80558.0,75325.625
2023-01-15,67827.0,74775.0,71262.0
2023-01-16,66003.0,78829.0,73362.91666666667
2023-01-17,65185.0,79200.0,73338.70833333333
2023-01-18,66227.0,79938.0,74060.66666666667
2023-01-19,66953.0,81201.0,75369.5
2023-01-20,69541.0,82887.0,77124.16666666667
2023-01-21,68715.0,77120.0,73372.20833333333
2023-01-22,64589.0,77863.0,71150.125
2023-01-23,70729.0,84893.0,78685.66666666667
2023-01-24,72382.0,85215.0,78340.66666666667
2023-01-25,71601.0,87505.0,81081.125
2023-01-26,74536.0,88479.0,82741.29166666667
2023-01-27,75490.0,89022.0,81081.41666666667
2023-01-28,70310.0,77858.0,74083.70833333333
2023-01-29,65954.0,79423.0,71956.25
2023-01-30,70762.0,88047.0,81016.79166666667
2023-01-31,77505.0,90702.0,84695.75
2023-02-01,79680.0,91741.0,84777.875
2023-02-02,77838.0,89440.0,83682.33333333333
2023-02-03,80231.0,94482.0,86394.83333333333
2023-02-04,71142.0,84164.0,77609.625
2023-02-05,69019.0,75794.0,71936.625
2023-02-06,66409.0,81396.0,74411.625
2023-02-07,65268.0,78811.0,73372.04166666667
2023-02-08,65202.0,77779.0,72590.25
2023-02-09,64562.0,79032.0,73608.08333333333
2023-02-10,68305.0,81734.0,75518.33333333333
2023-02-11,67590.0,76324.0,71784.08333333333
2023-02-12,65311.0,73526.0,69600.41666666667
2023-02-13,66284.0,79993.0,72380.95833333333
2023-02-14,64741.0,77108.0,71923.625
2023-02-15,64700.0,78392.0,72716.375
2023-02-16,65729.0,79543.0,73718.125
2023-02-17,70860.0,85290.0,78383.41666666667
2023-02-18,67908.0,78801.0,73007.91666666667
2023-02-19,65247.0,71394.0,67713.16666666667
2023-02-20,63125.0,75904.0,70569.75
2023-02-21,64665.0,78872.0,72957.125
2023-02-22,66668.0,79545.0,74188.54166666667
2023-02-23,67388.0,81744.0,75781.70833333333
2023-02-24,68658.0,80483.0,75986.79166666667
2023-02-25,66412.0,73160.0,69816.29166666667
2023-02-26,63319.0,72278.0,67151.16666666667
2023-02-27,63258.0,77500.0,71990.54166666667
2023-02-28,64529.0,78641.0,73322.5
2023-03-01,64185.0,76368.0,71551.29166666667
2023-03-02,64933.0,78509.0,73199.625
2023-03-03,65862.0,76292.0,72555.5
2023-03-04,64941.0,71403.0,68046.91666666667
2023-03-05,59873.0,69667.0,63961.833333333336
2023-03-06,61467.0,77538.0,71536.08333333333
2023-03-07,64474.0,78467.0,72630.79166666667
2023-03-08,64620.0,78179.0,72738.375
2023-03-09,66063.0,79344.0,74210.54166666667
2023-03-10,65873.0,78202.0,73829.5
2023-03-11,63855.0,72309.0,68468.375
2023-03-12,64124.0,73985.0,68677.33333333333
2023-03-13,66987.0,82618.0,76449.91666666667
2023-03-14,69235.0,82359.0,75162.41666666667
2023-03-15,66961.0,81141.0,72967.70833333333
2023-03-16,64885.0,76143.0,71613.58333333333
2023-03-17,65435.0,78866.0,73951.95833333333
2023-03-18,68532.0,76633.0,72897.75
2023-03-19,68395.0,76959.0,72672.29166666667
2023-03-20,71013.0,86383.0,76102.625
2023-03-21,67864.0,81120.0,74056.20833333333
2023-03-22,64573.0,75702.0,71447.25
2023-03-23,62275.0,74908.0,70481.5
2023-03-24,62529.0,74073.0,69508.125
2023-03-25,61314.0,69407.0,65751.0
2023-03-26,59992.0,69784.0,64330.541666666664
2023-03-27,60751.0,75049.0,70513.41666666667
2023-03-28,62848.0,74564.0,69965.0
2023-03-29,63908.0,76476.0,70834.375
2023-03-30,63729.0,74684.0,69524.375
2023-03-31,61777.0,73747.0,69471.66666666667
2023-04-01,60865.0,70139.0,66274.91666666667
2023-04-02,59211.0,68663.0,63449.791666666664
2023-04-03,60057.0,75952.0,70405.375
2023-04-04,60331.0,78316.0,71701.0
2023-04-05,62951.0,76695.0,71163.29166666667
2023-04-06,61532.0,72472.0,68451.70833333333
2023-04-07,60244.0,68793.0,64610.208333333336
2023-04-08,57998.0,63458.0,60693.125
2023-04-09,55430.0,63042.0,58795.208333333336
2023-04-10,55239.0,68623.0,64218.041666666664
2023-04-11,57786.0,70593.0,66098.54166666667
2023-04-12,58480.0,73375.0,67407.91666666667
2023-04-13,58878.0,74503.0,68263.125
2023-04-14,58886.0,76077.0,68659.375
2023-04-15,56955.0,71715.0,64595.583333333336
2023-04-16,55754.0,67918.0,62359.75
2023-04-17,59684.0,73748.0,68689.66666666667
2023-04-18,60289.0,71673.0,67174.45833333333
2023-04-19,58827.0,74055.0,68293.70833333333
2023-04-20,58650.0,75495.0,68980.625
2023-04-21,60037.0,71769.0,67495.79166666667
2023-04-22,58368.0,66804.0,63197.166666666664
2023-04-23,58858.0,68000.0,63085.416666666664
2023-04-24,60324.0,73570.0,68353.58333333333
2023-04-25,59956.0,71614.0,67472.79166666667
2023-04-26,60295.0,71606.0,67975.58333333333
2023-04-27,60219.0,71267.0,67822.58333333333
2023-04-28,58331.0,70599.0,66458.29166666667
2023-04-29,58123.0,65569.0,62484.5
2023-04-30,55951.0,67569.0,61588.583333333336
2023-05-01,59034.0,73247.0,68498.125
2023-05-02,60690.0,73451.0,69392.75
2023-05-03,60215.0,71950.0,68077.54166666667
2023-05-04,59015.0,74381.0,68234.83333333333
2023-05-05,58946.0,73704.0,67650.16666666667
2023-05-06,57576.0,72174.0,65395.125
2023-05-07,55999.0,75649.0,65964.33333333333
2023-05-08,58824.0,80704.0,71184.83333333333
2023-05-09,59402.0,80187.0,71448.91666666667
2023-05-10,58368.0,79782.0,70655.41666666667
2023-05-11,58766.0,82288.0,72089.0
2023-05-12,60752.0,83196.0,73131.91666666667
2023-05-13,59404.0,79698.0,69869.58333333333
2023-05-14,56912.0,75525.0,66692.5
2023-05-15,57625.0,80522.0,71203.16666666667
2023-05-16,59584.0,81411.0,72319.125
2023-05-17,59611.0,78950.0,70874.95833333333
2023-05-18,58678.0,79651.0,70859.08333333333
2023-05-19,59406.0,80476.0,71339.33333333333
2023-05-20,57633.0,71017.0,65193.625
2023-05-21,54835.0,72228.0,63529.125
2023-05-22,56074.0,81268.0,70359.625
2023-05-23,60045.0,88901.0,75814.75
2023-05-24,61193.0,84423.0,74076.08333333333
2023-05-25,59898.0,79754.0,71584.0
2023-05-26,60073.0,76700.0,69680.45833333333
2023-05-27,56289.0,74669.0,65224.666666666664
2023-05-28,54366.0,75534.0,64608.25
2023-05-29,55350.0,85172.0,69427.08333333333
2023-05-30,60816.0,97665.0,80582.83333333333
2023-05-31,65068.0,100426.0,84042.16666666667
2023-06-01,65884.0,105822.0,86896.70833333333
2023-06-02,67428.0,107187.0,87966.375
2023-06-03,65576.0,100422.0,83034.79166666667
2023-06-04,62634.0,96335.0,79248.45833333333
2023-06-05,64395.0,98308.0,82373.83333333333
2023-06-06,63896.0,95179.0,80679.29166666667
2023-06-07,64039.0,90616.0,78259.58333333333
2023-06-08,62847.0,89399.0,77264.95833333333
2023-06-09,62335.0,90424.0,77085.33333333333
2023-06-10,60529.0,86732.0,73774.20833333333
2023-06-11,60002.0,79822.0,70115.66666666667
2023-06-12,60432.0,85105.0,74711.16666666667
2023-06-13,61722.0,87046.0,75840.375
2023-06-14,63132.0,93624.0,79373.66666666667
2023-06-15,64308.0,96649.0,81361.91666666667
2023-06-16,64759.0,92378.0,79005.79166666667
2023-06-17,60516.0,90664.0,75080.625
2023-06-18,60462.0,89865.0,75016.125
2023-06-19,63544.0,99541.0,82208.125
2023-06-20,68128.0,106570.0,88170.625
2023-06-21,69153.0,106539.0,88806.04166666667
2023-06-22,69413.0,102363.0,86966.54166666667
2023-06-23,68099.0,100730.0,85289.54166666667
2023-06-24,65149.0,99412.0,82409.33333333333
2023-06-25,66789.0,96898.0,82086.58333333333
2023-06-26,68189.0,98952.0,85053.66666666667
2023-06-27,66639.0,99739.0,83743.625
2023-06-28,67904.0,104790.0,86958.95833333333
2023-06-29,69876.0,111131.0,91350.5
2023-06-30,71060.0,111048.0,91990.54166666667
2023-07-01,70519.0,103561.0,87151.04166666667
2023-07-02,65992.0,95814.0,81041.33333333333
2023-07-03,67715.0,107376.0,88879.75
2023-07-04,64486.0,101179.0,83708.0
2023-07-05,68412.0,104388.0,87897.58333333333
2023-07-06,69485.0,98236.0,84989.04166666667
2023-07-07,67368.0,95227.0,81452.91666666667
2023-07-08,65652.0,87266.0,76381.54166666667
2023-07-09,61673.0,89888.0,75193.95833333333
2023-07-10,66389.0,104661.0,86048.25
2023-07-11,70922.0,107224.0,89596.20833333333
2023-07-12,71395.0,102695.0,87943.66666666667
2023-07-13,70580.0,103562.0,87713.125
2023-07-14,71289.0,107428.0,89939.54166666667
2023-07-15,70735.0,98766.0,84386.45833333333
2023-07-16,66076.0,95675.0,80704.29166666667
2023-07-17,68357.0,99340.0,84669.95833333333
2023-07-18,68654.0,102365.0,86018.66666666667
2023-07-19,69432.0,107274.0,88843.41666666667
2023-07-20,73345.0,108317.0,91200.29166666667
2023-07-21,70971.0,100952.0,85959.0
2023-07-22,66682.0,94694.0,80183.66666666667
2023-07-23,64949.0,98093.0,80927.0
2023-07-24,68452.0,110155.0,90050.41666666667
2023-07-25,73362.0,117391.0,96074.33333333333
2023-07-26,77052.0,118651.0,98772.83333333333
2023-07-27,76235.0,120204.0,98863.125
2023-07-28,79052.0,119674.0,99713.04166666667
2023-07-29,74973.0,105638.0,89815.54166666667
2023-07-30,66580.0,97999.0,82032.41666666667
2023-07-31,68754.0,106908.0,88434.66666666667
2023-08-01,70738.0,109147.0,90347.16666666667
2023-08-02,71514.0,110963.0,91947.375
2023-08-03,72986.0,113711.0,94327.375
2023-08-04,74829.0,115044.0,95051.45833333333
2023-08-05,70853.0,103574.0,86868.29166666667
2023-08-06,67055.0,97590.0,81988.08333333333
2023-08-07,68351.0,96611.0,83690.16666666667
2023-08-08,69278.0,102687.0,86753.95833333333
2023-08-09,70524.0,103844.0,88039.29166666667
2023-08-10,70471.0,104550.0,88161.79166666667
2023-08-11,71802.0,108720.0,90288.33333333333
2023-08-12,70753.0,101982.0,85798.75
2023-08-13,67611.0,98079.0,82475.08333333333
2023-08-14,70077.0,97669.0,84776.41666666667
2023-08-15,68401.0,95590.0,82270.375
2023-08-16,66169.0,99452.0,82909.79166666667
2023-08-17,68242.0,98023.0,83490.83333333333
2023-08-18,66386.0,98063.0,81866.25
2023-08-19,65712.0,102367.0,82767.5
2023-08-20,68665.0,112371.0,89354.375
2023-08-21,75997.0,120540.0,98628.58333333333
2023-08-22,76631.0,118970.0,98134.875
2023-08-23,79161.0,125727.0,102645.25
2023-08-24,82831.0,127095.0,105294.41666666667
2023-08-25,81029.0,116256.0,98403.54166666667
2023-08-26,73790.0,97584.0,85060.04166666667
2023-08-27,65627.0,91933.0,78028.54166666667
2023-08-28,67620.0,98859.0,83728.91666666667
2023-08-29,67809.0,96803.0,82591.33333333333
2023-08-30,67549.0,94217.0,80765.625
2023-08-31,65756.0,94303.0,80048.5
2023-09-01,65351.0,96736.0,80654.16666666667
2023-09-02,65383.0,97250.0,80560.41666666667
2023-09-03,67427.0,103395.0,84573.45833333333
2023-09-04,70429.0,110471.0,90346.875
2023-09-05,76372.0,115665.0,97386.04166666667
2023-09-06,76460.0,104700.0,91190.5
2023-09-07,69773.0,93383.0,82319.25
2023-09-08,66146.0,88111.0,77435.125
2023-09-09,61173.0,80635.0,70214.125
2023-09-10,59498.0,84132.0,70727.83333333333
2023-09-11,61866.0,89494.0,76740.875
2023-09-12,63357.0,85336.0,75264.20833333333
2023-09-13,62338.0,82994.0,73586.5
2023-09-14,61125.0,82633.0,72643.875
2023-09-15,60126.0,82833.0,71999.5
2023-09-16,57549.0,77177.0,67431.5
2023-09-17,56601.0,78330.0,67105.125
2023-09-18,58965.0,85117.0,73154.66666666667
2023-09-19,59983.0,87420.0,74614.16666666667
2023-09-20,61462.0,91153.0,76946.25
2023-09-21,62211.0,91624.0,77722.45833333333
2023-09-22,63773.0,90767.0,77685.91666666667
2023-09-23,60888.0,84446.0,72389.66666666667
2023-09-24,59550.0,83113.0,71057.125
2023-09-25,61457.0,86850.0,75699.04166666667
2023-09-26,62566.0,86613.0,75918.04166666667
2023-09-27,62625.0,87572.0,76155.70833333333
2023-09-28,62577.0,87961.0,76255.79166666667
2023-09-29,62312.0,89801.0,76471.125
2023-09-30,60922.0,89124.0,74383.20833333333
2023-10-01,60172.0,89197.0,74129.0
2023-10-02,63298.0,96930.0,80864.58333333333
2023-10-03,64495.0,97385.0,81971.0
2023-10-04,65171.0,89853.0,78672.0
2023-10-05,62417.0,81088.0,73740.20833333333
2023-10-06,59637.0,73556.0,68492.83333333333
2023-10-07,57135.0,67274.0,62827.125
2023-10-08,53972.0,67636.0,60705.083333333336
2023-10-09,55052.0,72943.0,66312.5
2023-10-10,57876.0,74158.0,67804.58333333333
2023-10-11,57858.0,72485.0,67048.08333333333
2023-10-12,57341.0,75044.0,68283.79166666667
2023-10-13,57873.0,74485.0,68000.29166666667
2023-10-14,57209.0,67927.0,63340.75
2023-10-15,55543.0,68143.0,61333.208333333336
2023-10-16,56917.0,71520.0,66331.29166666667
2023-10-17,59188.0,71792.0,67051.91666666667
2023-10-18,58135.0,72220.0,66899.08333333333
2023-10-19,58773.0,73741.0,67933.29166666667
2023-10-20,59005.0,71805.0,67027.41666666667
2023-10-21,57676.0,69539.0,63883.583333333336
2023-10-22,55762.0,70453.0,62876.625
2023-10-23,58069.0,76581.0,69264.125
2023-10-24,60279.0,78446.0,70879.58333333333
2023-10-25,61278.0,77992.0,71383.91666666667
2023-10-26,61495.0,79896.0,72615.04166666667
2023-10-27,62092.0,79097.0,71514.79166666667
2023-10-28,59966.0,70983.0,66125.25
2023-10-29,57461.0,73246.0,65359.791666666664
2023-10-30,61887.0,78442.0,72317.5
2023-10-31,66279.0,79029.0,73328.5
2023-11-01,69395.0,82532.0,75386.33333333333
2023-11-02,67633.0,81684.0,73376.75
2023-11-03,63727.0,77567.0,70264.70833333333
2023-11-04,60231.0,67754.0,64387.0
2023-11-05,57350.0,68639.0,62115.416666666664
2023-11-06,58914.0,75895.0,68851.58333333333
2023-11-07,60953.0,76462.0,69688.625
2023-11-08,61429.0,78180.0,70871.625
2023-11-09,62091.0,76682.0,70365.29166666667
2023-11-10,62375.0,73239.0,68911.16666666667
2023-11-11,61097.0,70392.0,65856.5
2023-11-12,59431.0,69954.0,63854.208333333336
2023-11-13,60495.0,74527.0,68513.375
2023-11-14,62749.0,74649.0,69402.375
2023-11-15,62293.0,74436.0,69176.45833333333
2023-11-16,61631.0,75007.0,69036.20833333333
2023-11-17,61211.0,73609.0,68596.33333333333
2023-11-18,60977.0,69817.0,65416.875
2023-11-19,59049.0,70717.0,64351.416666666664
2023-11-20,60336.0,77674.0,70344.875
2023-11-21,63666.0,77954.0,71786.95833333333
2023-11-22,66063.0,78152.0,73114.54166666667
2023-11-23,60971.0,69572.0,65091.583333333336
2023-11-24,61082.0,71771.0,66363.375
2023-11-25,62669.0,71673.0,67394.375
2023-11-26,61702.0,75319.0,68158.41666666667
2023-11-27,68517.0,85667.0,78638.16666666667
2023-11-28,74746.0,87561.0,81174.70833333333
2023-11-29,73875.0,84983.0,78173.375
2023-11-30,69260.0,80170.0,75397.83333333333
2023-12-01,65898.0,79087.0,73765.20833333333
2023-12-02,63434.0,74257.0,68977.91666666667
2023-12-03,61899.0,75215.0,68188.79166666667
2023-12-04,64518.0,81222.0,74489.66666666667
2023-12-05,68363.0,82228.0,76359.16666666667
2023-12-06,68699.0,82676.0,76426.79166666667
2023-12-07,69610.0,82399.0,75046.41666666667
2023-12-08,66166.0,77028.0,72163.08333333333
2023-12-09,62203.0,73972.0,68222.08333333333
2023-12-10,62605.0,78720.0,70065.125
2023-12-11,69600.0,84316.0,77336.20833333333
2023-12-12,70933.0,86123.0,78599.125
2023-12-13,70409.0,84503.0,77096.0
2023-12-14,68323.0,82389.0,75130.125
2023-12-15,67371.0,79765.0,73569.75
2023-12-16,63696.0,73543.0,68906.91666666667
2023-12-17,62470.0,76084.0,68767.79166666667
2023-12-18,66486.0,83414.0,76496.0
2023-12-19,73321.0,88297.0,80453.0
2023-12-20,72881.0,85564.0,78068.95833333333
2023-12-21,70243.0,82021.0,76098.04166666667
2023-12-22,66161.0,77635.0,72743.875
2023-12-23,61017.0,70539.0,66117.0
2023-12-24,57348.0,69957.0,63288.25
2023-12-25,57756.0,68961.0,63627.541666666664
2023-12-26,58049.0,74939.0,67960.79166666667
2023-12-27,64816.0,76611.0,71260.83333333333
2023-12-28,67081.0,80288.0,74871.5
2023-12-29,68674.0,79372.0,74417.45833333333
2023-12-30,67505.0,73453.0,70429.875
2023-12-31,65447.0,75073.0,69764.25
2024-01-01,67069.0,78874.0,72038.83333333333
2024-01-02,70470.0,84208.0,78180.75
2024-01-03,72557.0,84696.0,79494.875
2024-01-04,74418.0,87518.0,80256.625
2024-01-05,72914.0,85342.0,78435.91666666667
2024-01-06,70528.0,79076.0,75113.95833333333
2024-01-07,68744.0,78660.0,72727.125
2024-01-08,70133.0,83614.0,78165.58333333333
2024-01-09,71058.0,87877.0,81364.625
2024-01-10,75357.0,88306.0,81139.66666666667
2024-01-11,72601.0,84612.0,78713.125
2024-01-12,69792.0,83843.0,78205.41666666667
2024-01-13,74624.0,84415.0,79941.45833333333
2024-01-14,80688.0,94579.0,87055.625
2024-01-15,87947.0,103723.0,97096.33333333333
2024-01-16,91171.0,106078.0,98127.5
2024-01-17,88658.0,104941.0,95596.75
2024-01-18,83979.0,94389.0,87644.83333333333
2024-01-19,80805.0,96527.0,90795.75
2024-01-20,82465.0,92101.0,87524.66666666667
2024-01-21,81865.0,91016.0,86971.625
2024-01-22,79270.0,93693.0,86258.16666666667
2024-01-23,71787.0,84742.0,79701.66666666667
2024-01-24,66668.0,80058.0,74886.58333333333
2024-01-25,66464.0,79030.0,74137.5
2024-01-26,66139.0,78115.0,73223.75
2024-01-27,64476.0,74012.0,69433.25
2024-01-28,63387.0,76434.0,69921.04166666667
2024-01-29,69597.0,84367.0,76933.95833333333
2024-01-30,70523.0,83509.0,77070.41666666667
2024-01-31,69285.0,82612.0,75844.125
2024-02-01,68702.0,81101.0,74091.91666666667
2024-02-02,66165.0,79369.0,72835.25
2024-02-03,64472.0,71701.0,67858.5
2024-02-04,62779.0,72433.0,66731.95833333333
2024-02-05,64682.0,79284.0,73006.79166666667
2024-02-06,68446.0,82297.0,74525.625
2024-02-07,68131.0,81465.0,74033.83333333333
2024-02-08,64751.0,77303.0,72430.66666666667
2024-02-09,62994.0,74944.0,70266.375
2024-02-10,61360.0,71249.0,66219.58333333333
2024-02-11,60252.0,72040.0,65642.79166666667
2024-02-12,64164.0,79616.0,73096.29166666667
2024-02-13,69107.0,81693.0,74698.66666666667
2024-02-14,68775.0,81526.0,74026.20833333333
2024-02-15,66058.0,78227.0,73163.08333333333
2024-02-16,67928.0,79735.0,75064.79166666667
2024-02-17,69509.0,79265.0,74304.08333333333
2024-02-18,67496.0,76752.0,72920.08333333333
2024-02-19,72279.0,87045.0,77592.625
2024-02-20,70642.0,82716.0,74537.95833333333
2024-02-21,65792.0,77481.0,71275.70833333333
2024-02-22,61864.0,74685.0,69531.75
2024-02-23,62893.0,74468.0,69790.25
2024-02-24,63146.0,70810.0,67027.25
2024-02-25,61951.0,68140.0,64241.708333333336
2024-02-26,60817.0,73170.0,68029.70833333333
2024-02-27,61379.0,76022.0,70035.20833333333
2024-02-28,63492.0,79339.0,72755.29166666667
2024-02-29,68555.0,80148.0,73260.75
2024-03-01,67736.0,78760.0,72452.16666666667
2024-03-02,63333.0,68746.0,66085.83333333333
2024-03-03,58707.0,69901.0,63119.291666666664
2024-03-04,58704.0,75562.0,69151.95833333333
2024-03-05,60274.0,74284.0,68581.70833333333
2024-03-06,61679.0,75110.0,69784.0
2024-03-07,62510.0,74466.0,69705.08333333333
2024-03-08,62246.0,73853.0,69712.25
2024-03-09,61338.0,70033.0,65639.08333333333
2024-03-10,61932.0,69707.0,64999.625
2024-03-11,61910.0,76745.0,68615.79166666667
2024-03-12,61807.0,74519.0,68248.91666666667
2024-03-13,59197.0,70762.0,66821.04166666667
2024-03-14,58228.0,73211.0,68204.41666666667
2024-03-15,61349.0,72972.0,68398.25
2024-03-16,60281.0,67351.0,64155.75
2024-03-17,57858.0,70003.0,63899.416666666664
2024-03-18,63714.0,79547.0,72978.125
2024-03-19,67989.0,81528.0,73067.54166666667
2024-03-20,64810.0,78314.0,71801.75
2024-03-21,65391.0,77663.0,71662.75
2024-03-22,64426.0,76506.0,70424.16666666667
2024-03-23,63723.0,70621.0,67139.29166666667
2024-03-24,61459.0,69535.0,64996.5
2024-03-25,61968.0,75398.0,70100.54166666667
2024-03-26,62278.0,74428.0,70398.75
2024-03-27,65258.0,78579.0,71962.25
2024-03-28,65247.0,77683.0,70073.20833333333
2024-03-29,61943.0,71769.0,66134.29166666667
2024-03-30,57409.0,65222.0,61384.625
2024-03-31,55387.0,66243.0,61048.625
2024-04-01,57492.0,72558.0,67586.08333333333
2024-04-02,61162.0,73042.0,69037.375
2024-04-03,62610.0,75091.0,71038.91666666667
2024-04-04,64327.0,75272.0,70374.125
2024-04-05,63387.0,73785.0,68680.625
2024-04-06,60598.0,65990.0,63142.916666666664
2024-04-07,57965.0,68198.0,62688.666666666664
2024-04-08,58120.0,73136.0,68367.70833333333
2024-04-09,59163.0,71264.0,67088.75
2024-04-10,57697.0,70448.0,66324.625
2024-04-11,58590.0,70071.0,66428.0
2024-04-12,59141.0,71101.0,66060.0
2024-04-13,57110.0,66386.0,61690.458333333336
2024-04-14,53925.0,69462.0,61454.25
2024-04-15,55693.0,75650.0,67971.25
2024-04-16,60633.0,74970.0,69723.75
2024-04-17,60299.0,74878.0,69651.41666666667
2024-04-18,60007.0,75820.0,70093.04166666667
2024-04-19,59129.0,71601.0,67736.625
2024-04-20,59367.0,66578.0,63241.625
2024-04-21,58214.0,66034.0,60951.791666666664
2024-04-22,59187.0,70186.0,65664.625
2024-04-23,57687.0,69228.0,65655.5
2024-04-24,58071.0,70764.0,66197.08333333333
2024-04-25,60255.0,70556.0,66655.45833333333
2024-04-26,60000.0,71278.0,67536.0
2024-04-27,58478.0,72783.0,66044.75
2024-04-28,55844.0,72426.0,64754.25
2024-04-29,59799.0,75854.0,69855.875
2024-04-30,60659.0,76542.0,70101.58333333333
2024-05-01,60475.0,78952.0,70893.41666666667
2024-05-02,61406.0,82163.0,73062.625
2024-05-03,62348.0,76620.0,70336.25
2024-05-04,57467.0,74617.0,66532.5
2024-05-05,57232.0,70485.0,64117.916666666664
2024-05-06,57787.0,77615.0,69318.45833333333
2024-05-07,62343.0,82773.0,74021.20833333333
2024-05-08,62525.0,82992.0,73779.75
2024-05-09,63526.0,79868.0,73057.04166666667
2024-05-10,62069.0,74454.0,69352.33333333333
2024-05-11,57891.0,67906.0,62862.166666666664
2024-05-12,55918.0,72274.0,63666.458333333336
2024-05-13,59493.0,77359.0,69755.75
2024-05-14,61288.0,78335.0,71409.16666666667
2024-05-15,60397.0,78834.0,70797.66666666667
2024-05-16,61130.0,81588.0,72475.625
2024-05-17,62188.0,82257.0,72767.16666666667
2024-05-18,60054.0,80509.0,69534.875
2024-05-19,59053.0,85676.0,71773.33333333333
2024-05-20,64004.0,95450.0,80516.45833333333
2024-05-21,65170.0,97772.0,82692.625
2024-05-22,66683.0,87938.0,78260.625
2024-05-23,63512.0,88142.0,76823.70833333333
2024-05-24,64372.0,87321.0,76769.75
2024-05-25,62705.0,79744.0,70450.45833333333
2024-05-26,58456.0,75738.0,67345.91666666667
2024-05-27,58990.0,77799.0,68290.08333333333
2024-05-28,61195.0,83010.0,73880.125
2024-05-29,61705.0,80113.0,72468.875
2024-05-30,60487.0,80074.0,71402.16666666667
2024-05-31,61329.0,80007.0,71938.0
2024-06-01,59713.0,75542.0,67616.875
2024-06-02,58785.0,83722.0,70657.66666666667
2024-06-03,63235.0,95587.0,80776.41666666667
2024-06-04,67099.0,99190.0,84826.70833333333
2024-06-05,69629.0,93762.0,82453.79166666667
2024-06-06,65189.0,87891.0,77591.29166666667
2024-06-07,64479.0,87902.0,76364.54166666667
2024-06-08,61177.0,84043.0,72607.45833333333
2024-06-09,59164.0,81937.0,70745.29166666667
2024-06-10,62507.0,86173.0,75413.08333333333
2024-06-11,63134.0,88297.0,76305.41666666667
2024-06-12,64254.0,99919.0,82385.83333333333
2024-06-13,68550.0,105145.0,87438.16666666667
2024-06-14,69500.0,102162.0,85812.04166666667
2024-06-15,66133.0,95154.0,80260.79166666667
2024-06-16,64832.0,103797.0,84100.41666666667
2024-06-17,73907.0,110177.0,94111.375
2024-06-18,76805.0,109881.0,95125.66666666667
2024-06-19,75185.0,105769.0,91715.625
2024-06-20,73150.0,106202.0,90502.875
2024-06-21,72541.0,108422.0,91057.0
2024-06-22,71225.0,103535.0,87635.54166666667
2024-06-23,69432.0,98887.0,84039.375
2024-06-24,69226.0,108707.0,90068.54166666667
2024-06-25,75916.0,114410.0,96112.75
2024-06-26,76105.0,101627.0,89548.29166666667
2024-06-27,69608.0,96347.0,83499.04166666667
2024-06-28,68144.0,95849.0,82824.79166666667
2024-06-29,69940.0,94530.0,82240.75
2024-06-30,66040.0,87133.0,76242.20833333333
2024-07-01,65821.0,92786.0,79676.33333333333
2024-07-02,67062.0,102129.0,84870.41666666667
2024-07-03,72021.0,106178.0,89780.16666666667
2024-07-04,71387.0,98938.0,85729.41666666667
2024-07-05,68522.0,90071.0,79870.91666666667
2024-07-06,62457.0,86906.0,74554.04166666667
2024-07-07,62614.0,94553.0,77980.29166666667
2024-07-08,69150.0,103762.0,87766.33333333333
2024-07-09,72031.0,99090.0,86858.79166666667
2024-07-10,69872.0,95550.0,83801.875
2024-07-11,69092.0,101372.0,86027.125
2024-07-12,70700.0,105010.0,88289.08333333333
2024-07-13,69941.0,106260.0,88023.16666666667
2024-07-14,71907.0,109511.0,90662.375
2024-07-15,76812.0,117649.0,98050.20833333333
2024-07-16,79365.0,110297.0,95434.20833333333
2024-07-17,74008.0,98268.0,86784.29166666667
2024-07-18,69845.0,93788.0,82077.95833333333
2024-07-19,66296.0,91093.0,78772.95833333333
2024-07-20,64007.0,90492.0,76695.125
2024-07-21,64038.0,91346.0,77335.70833333333
2024-07-22,67953.0,100027.0,85161.29166666667
2024-07-23,69526.0,100952.0,86614.375
2024-07-24,69633.0,96782.0,84641.375
2024-07-25,68116.0,95530.0,82667.66666666667
2024-07-26,68223.0,97253.0,82948.375
2024-07-27,66588.0,96479.0,80924.95833333333
2024-07-28,66953.0,97785.0,81929.5
2024-07-29,72523.0,108400.0,91492.04166666667
2024-07-30,76767.0,114861.0,96716.625
2024-07-31,77786.0,116902.0,97961.0
2024-08-01,80158.0,114922.0,98328.91666666667
2024-08-02,77025.0,109419.0,93340.5
2024-08-03,71862.0,105700.0,88310.70833333333
2024-08-04,70403.0,108642.0,88805.41666666667
2024-08-05,74899.0,112489.0,94439.625
2024-08-06,76131.0,106516.0,91631.29166666667
2024-08-07,71885.0,102132.0,86899.04166666667
2024-08-08,70840.0,102812.0,86845.29166666667
2024-08-09,70113.0,95195.0,82589.875
2024-08-10,64088.0,86180.0,74386.375
2024-08-11,61040.0,87588.0,73021.54166666667
2024-08-12,64903.0,95959.0,81615.875
2024-08-13,68980.0,102394.0,85991.16666666667
2024-08-14,71439.0,105528.0,88908.75
2024-08-15,73618.0,105465.0,90415.45833333333
2024-08-16,73531.0,105417.0,89758.16666666667
2024-08-17,70314.0,95550.0,82539.41666666667
2024-08-18,67062.0,95572.0,80755.70833333333
2024-08-19,68757.0,97561.0,83881.70833333333
2024-08-20,67820.0,93247.0,80362.875
2024-08-21,66024.0,92227.0,79001.125
2024-08-22,65360.0,93931.0,79403.66666666667
2024-08-23,66854.0,97980.0,82114.75
2024-08-24,66561.0,100759.0,82794.79166666667
2024-08-25,68451.0,106924.0,87010.125
2024-08-26,74830.0,120349.0,98224.08333333333
2024-08-27,80365.0,122165.0,101635.58333333333
2024-08-28,79045.0,111524.0,95444.95833333333
2024-08-29,74050.0,106662.0,90915.0
2024-08-30,74587.0,104348.0,89612.45833333333
2024-08-31,68130.0,90321.0,78573.54166666667
2024-09-01,63633.0,82901.0,72719.08333333333
2024-09-02,60994.0,83995.0,71376.66666666667
2024-09-03,62788.0,90189.0,77094.29166666667
2024-09-04,65096.0,92416.0,79116.91666666667
2024-09-05,66772.0,93638.0,81082.33333333333
2024-09-06,64520.0,81960.0,74932.33333333333
2024-09-07,60236.0,72000.0,65878.79166666667
2024-09-08,56976.0,73468.0,64116.416666666664
2024-09-09,59297.0,87036.0,73605.79166666667
2024-09-10,61112.0,89163.0,75764.375
2024-09-11,63570.0,91889.0,77920.58333333333
2024-09-12,63399.0,92243.0,78398.83333333333
2024-09-13,63377.0,87713.0,75996.5
2024-09-14,61890.0,87880.0,74501.04166666667
2024-09-15,61565.0,92146.0,76000.25
2024-09-16,65505.0,98053.0,82228.125
2024-09-17,66471.0,96980.0,81984.20833333333
2024-09-18,65929.0,98536.0,82260.79166666667
2024-09-19,67064.0,101467.0,84496.20833333333
2024-09-20,68592.0,100612.0,84558.5
2024-09-21,65922.0,95079.0,79689.33333333333
2024-09-22,64080.0,86893.0,75431.91666666667
2024-09-23,64196.0,86082.0,76267.79166666667
2024-09-24,63840.0,83577.0,74953.83333333333
2024-09-25,63316.0,84670.0,74694.91666666667
2024-09-26,61905.0,85398.0,74346.91666666667
2024-09-27,61729.0,81619.0,72590.75
2024-09-28,60061.0,78333.0,69055.5
2024-09-29,58972.0,81305.0,69946.29166666667
2024-09-30,62117.0,90245.0,76861.875
2024-10-01,64528.0,83204.0,75397.54166666667
2024-10-02,61411.0,78463.0,71155.0
2024-10-03,60574.0,78896.0,71135.375
2024-10-04,61650.0,78260.0,71191.375
2024-10-05,59283.0,78382.0,68269.625
2024-10-06,59671.0,75532.0,67265.16666666667
2024-10-07,60307.0,78472.0,71001.45833333333
2024-10-08,60233.0,75964.0,69290.83333333333
2024-10-09,58505.0,76645.0,68763.83333333333
2024-10-10,59311.0,78232.0,69862.70833333333
2024-10-11,59954.0,78859.0,70093.54166666667
2024-10-12,57589.0,74776.0,66143.66666666667
2024-10-13,56588.0,73726.0,65005.416666666664
2024-10-14,58947.0,76987.0,70012.20833333333
2024-10-15,60475.0,76364.0,69889.625
2024-10-16,61904.0,73907.0,69420.375
2024-10-17,60525.0,73815.0,68218.79166666667
2024-10-18,59913.0,71754.0,66780.125
2024-10-19,56178.0,66976.0,62016.708333333336
2024-10-20,55380.0,71269.0,62773.833333333336
2024-10-21,56432.0,77596.0,69090.83333333333
2024-10-22,58849.0,77075.0,69286.625
2024-10-23,59153.0,75639.0,68613.54166666667
2024-10-24,59600.0,75785.0,69395.75
2024-10-25,58790.0,73930.0,68248.5
2024-10-26,57022.0,69611.0,63664.041666666664
2024-10-27,56726.0,71238.0,63775.833333333336
2024-10-28,57606.0,77979.0,69998.625
2024-10-29,60929.0,83014.0,73564.58333333333
2024-10-30,62643.0,82701.0,73992.0
2024-10-31,63274.0,78370.0,72194.29166666667
2024-11-01,61250.0,74331.0,69674.75
2024-11-02,58857.0,68253.0,63695.416666666664
2024-11-03,56183.0,71819.0,63520.541666666664
2024-11-04,59835.0,79073.0,71169.04166666667
2024-11-05,62383.0,78419.0,71834.70833333333
2024-11-06,60890.0,76894.0,70231.33333333333
2024-11-07,61357.0,76705.0,70275.625
2024-11-08,62221.0,73951.0,69344.58333333333
2024-11-09,58483.0,70935.0,65189.375
2024-11-10,57755.0,71708.0,64426.666666666664
2024-11-11,58230.0,75947.0,68722.33333333333
2024-11-12,62248.0,76247.0,70175.29166666667
2024-11-13,61896.0,76399.0,70450.79166666667
2024-11-14,60887.0,75786.0,69963.70833333333
2024-11-15,62467.0,73845.0,68959.29166666667
2024-11-16,60091.0,69973.0,65042.916666666664
2024-11-17,58798.0,71824.0,64557.458333333336
2024-11-18,58075.0,77473.0,69498.08333333333
2024-11-19,61433.0,75984.0,70008.20833333333
2024-11-20,61658.0,78371.0,71306.45833333333
2024-11-21,66653.0,80285.0,74687.16666666667
2024-11-22,67945.0,79821.0,74361.875
2024-11-23,65405.0,73450.0,69493.25
2024-11-24,62805.0,73053.0,67210.79166666667
2024-11-25,60308.0,78848.0,71266.625
2024-11-26,66649.0,80379.0,74353.91666666667
2024-11-27,66598.0,78660.0,73657.375
2024-11-28,64203.0,70471.0,67055.08333333333
2024-11-29,64873.0,77666.0,71089.45833333333
2024-11-30,70699.0,78113.0,73662.70833333333
2024-12-01,70284.0,80213.0,74803.45833333333
2024-12-02,72142.0,87333.0,81070.04166666667
2024-12-03,75932.0,90293.0,82952.875
2024-12-04,74436.0,86005.0,80082.95833333333
2024-12-05,72937.0,89699.0,82457.91666666667
2024-12-06,78819.0,91838.0,83916.70833333333
2024-12-07,72086.0,80180.0,76029.41666666667
2024-12-08,65119.0,75024.0,69549.58333333333
2024-12-09,62721.0,79752.0,72624.58333333333
2024-12-10,65793.0,82472.0,75370.41666666667
2024-12-11,70423.0,87670.0,80200.33333333333
2024-12-12,76907.0,91081.0,83891.41666666667
2024-12-13,76534.0,88689.0,81407.625
2024-12-14,70818.0,78132.0,74887.33333333333
2024-12-15,63961.0,75671.0,69735.66666666667
2024-12-16,63231.0,80017.0,72993.75
2024-12-17,65931.0,81731.0,75255.75
2024-12-18,66537.0,83131.0,76037.0
2024-12-19,69377.0,83046.0,77799.125
2024-12-20,71984.0,84486.0,79470.375
2024-12-21,73349.0,81875.0,77831.58333333333
2024-12-22,71096.0,79937.0,75425.20833333333
2024-12-23,72203.0,84786.0,78885.91666666667
2024-12-24,67065.0,74536.0,71168.0
2024-12-25,59983.0,69211.0,64484.791666666664
2024-12-26,59678.0,72248.0,66716.25
2024-12-27,61471.0,72896.0,67971.79166666667
2024-12-28,58485.0,69628.0,64550.958333333336
2024-12-29,56569.0,70075.0,63356.625
2024-12-30,58861.0,74606.0,68015.75
