Date,min,max,avg
2013-12-11,16999.0,21865.0,19782.375
2013-12-12,17044.0,20729.0,19167.458333333332
2013-12-13,16292.0,20467.0,18755.791666666668
2013-12-14,15729.0,19323.0,17562.75
2013-12-15,15717.0,19894.0,17532.916666666668
2013-12-16,16188.0,20631.0,18751.75
2013-12-17,15873.0,20532.0,18496.041666666668
2013-12-18,15837.0,19936.0,18196.916666666668
2013-12-19,15295.0,20597.0,18294.125
2013-12-20,15851.0,20251.0,18390.416666666668
2013-12-21,15709.0,19086.0,17483.208333333332
2013-12-22,15047.0,19455.0,17037.541666666668
2013-12-23,16210.0,21491.0,19229.208333333332
2013-12-24,16855.0,19285.0,18271.208333333332
2013-12-25,15381.0,18359.0,17097.0
2013-12-26,14788.0,19058.0,17104.166666666668
2013-12-27,15032.0,18828.0,17217.416666666668
2013-12-28,13805.0,17777.0,15825.708333333334
2013-12-29,14365.0,19583.0,16710.833333333332
2013-12-30,16438.0,20925.0,19003.375
2013-12-31,16708.0,20817.0,19001.291666666668
2014-01-01,16586.0,20349.0,18340.958333333332
2014-01-02,16656.0,20771.0,18971.916666666668
2014-01-03,17442.0,21114.0,19374.166666666668
2014-01-04,15580.0,19992.0,17843.708333333332
2014-01-05,16486.0,21073.0,18513.0
2014-01-06,18324.0,22791.0,21004.083333333332
2014-01-07,18351.0,22095.0,20493.708333333332
2014-01-08,17931.0,21736.0,20116.0
2014-01-09,17345.0,21067.0,19470.416666666668
2014-01-10,15718.0,19572.0,18074.25
2014-01-11,14710.0,18514.0,16688.0
2014-01-12,14013.0,17771.0,15724.958333333334
2014-01-13,13951.0,19354.0,17023.75
2014-01-14,14770.0,20070.0,17804.291666666668
2014-01-15,16088.0,20287.0,18548.208333333332
2014-01-16,15318.0,20309.0,18267.125
2014-01-17,16438.0,20387.0,18670.416666666668
2014-01-18,15600.0,18714.0,17146.916666666668
2014-01-19,14669.0,18093.0,16141.416666666666
2014-01-20,14532.0,20521.0,18028.083333333332
2014-01-21,16960.0,20938.0,19227.791666666668
2014-01-22,16838.0,21857.0,19711.291666666668
2014-01-23,18086.0,22154.0,20222.958333333332
2014-01-24,17240.0,20491.0,18937.208333333332
2014-01-25,15656.0,19600.0,17625.416666666668
2014-01-26,15258.0,19625.0,17266.708333333332
2014-01-27,17105.0,22010.0,20011.541666666668
2014-01-28,18385.0,21826.0,20274.083333333332
2014-01-29,17723.0,21178.0,19530.666666666668
2014-01-30,16389.0,20846.0,19077.458333333332
2014-01-31,17038.0,20749.0,19125.333333333332
2014-02-01,16057.0,18756.0,17439.666666666668
2014-02-02,15904.0,19016.0,17145.625
2014-02-03,16429.0,20468.0,18808.541666666668
2014-02-04,16731.0,20675.0,19134.25
2014-02-05,17016.0,21457.0,19584.041666666668
2014-02-06,17534.0,21389.0,19806.125
2014-02-07,17624.0,21219.0,19366.666666666668
2014-02-08,16674.0,18799.0,17793.666666666668
2014-02-09,15991.0,19563.0,17529.583333333332
2014-02-10,17199.0,21388.0,19660.458333333332
2014-02-11,17756.0,21386.0,19640.333333333332
2014-02-12,16989.0,20755.0,19175.583333333332
2014-02-13,16046.0,19973.0,18379.458333333332
2014-02-14,16355.0,19881.0,18330.916666666668
2014-02-15,16166.0,18384.0,17298.458333333332
2014-02-16,15297.0,18558.0,16726.125
2014-02-17,15371.0,19472.0,17800.958333333332
2014-02-18,15503.0,19158.0,17624.541666666668
2014-02-19,14832.0,18765.0,17138.583333333332
2014-02-20,14372.0,18994.0,17136.375
2014-02-21,15617.0,19448.0,17879.0
2014-02-22,15539.0,18345.0,16968.833333333332
2014-02-23,15937.0,18754.0,17112.958333333332
2014-02-24,16123.0,20280.0,18594.375
2014-02-25,16553.0,20884.0,19042.083333333332
2014-02-26,17298.0,21072.0,19372.625
2014-02-27,17452.0,21300.0,19754.458333333332
2014-02-28,17245.0,20600.0,18928.5
2014-03-01,16366.0,19295.0,17940.375
2014-03-02,16747.0,20135.0,17975.5
2014-03-03,17581.0,21502.0,19851.458333333332
2014-03-04,16799.0,20150.0,18857.458333333332
2014-03-05,15893.0,19532.0,18109.583333333332
2014-03-06,15894.0,19404.0,17949.416666666668
2014-03-07,15022.0,18419.0,17132.333333333332
2014-03-08,14858.0,17199.0,16041.958333333334
2014-03-09,14420.0,16680.0,15354.916666666666
2014-03-10,13678.0,17822.0,16268.291666666666
2014-03-11,13700.0,17832.0,16441.208333333332
2014-03-12,14343.0,18530.0,16979.125
2014-03-13,14809.0,18594.0,16647.458333333332
2014-03-14,13803.0,17778.0,16127.5
2014-03-15,13671.0,16427.0,15265.0
2014-03-16,14119.0,17018.0,15378.916666666666
2014-03-17,14746.0,18858.0,17174.291666666668
2014-03-18,14336.0,18283.0,16711.958333333332
2014-03-19,14175.0,18183.0,16660.5
2014-03-20,14152.0,18098.0,16275.375
2014-03-21,13928.0,17634.0,16058.5
2014-03-22,14197.0,16895.0,15723.166666666666
2014-03-23,14634.0,17226.0,15661.833333333334
2014-03-24,14668.0,18939.0,17290.0
2014-03-25,15050.0,19087.0,17443.958333333332
2014-03-26,15251.0,18979.0,17035.416666666668
2014-03-27,14263.0,18205.0,16782.041666666668
2014-03-28,14534.0,18474.0,16679.291666666668
2014-03-29,13886.0,16152.0,14941.666666666666
2014-03-30,12947.0,15718.0,14300.958333333334
2014-03-31,12863.0,17516.0,15958.083333333334
2014-04-01,13923.0,18204.0,16532.625
2014-04-02,14023.0,18016.0,16420.208333333332
2014-04-03,13849.0,17919.0,16561.791666666668
2014-04-04,14049.0,18109.0,16381.166666666666
2014-04-05,13578.0,15760.0,14572.458333333334
2014-04-06,12586.0,15331.0,13915.166666666666
2014-04-07,12575.0,17084.0,15564.541666666666
2014-04-08,13008.0,16963.0,15428.25
2014-04-09,12933.0,16667.0,15406.416666666666
2014-04-10,12496.0,16642.0,15214.0
2014-04-11,12603.0,16353.0,14835.791666666666
2014-04-12,11984.0,14884.0,13751.666666666666
2014-04-13,11863.0,15570.0,13731.916666666666
2014-04-14,13302.0,17823.0,16349.541666666666
2014-04-15,14249.0,17990.0,16318.875
2014-04-16,13831.0,17707.0,16177.0
2014-04-17,13832.0,17792.0,16265.0
2014-04-18,13240.0,16441.0,14943.625
2014-04-19,12256.0,14765.0,13677.5
2014-04-20,11512.0,14669.0,13074.083333333334
2014-04-21,11715.0,16321.0,14709.125
2014-04-22,12486.0,16499.0,15082.458333333334
2014-04-23,12455.0,16496.0,15189.916666666666
2014-04-24,12679.0,16804.0,15351.625
2014-04-25,12829.0,16702.0,15156.958333333334
2014-04-26,12157.0,14993.0,13797.791666666666
2014-04-27,11808.0,15225.0,13567.291666666666
2014-04-28,12688.0,17315.0,15729.916666666666
2014-04-29,13231.0,17332.0,15935.375
2014-04-30,13228.0,17091.0,15723.791666666666
2014-05-01,13156.0,17304.0,15806.208333333334
2014-05-02,12860.0,16797.0,15187.375
2014-05-03,12063.0,14571.0,13498.333333333334
2014-05-04,11604.0,14447.0,13043.916666666666
2014-05-05,11966.0,16622.0,14948.166666666666
2014-05-06,12223.0,16380.0,14989.041666666666
2014-05-07,12168.0,17025.0,15424.416666666666
2014-05-08,12699.0,17818.0,15907.083333333334
2014-05-09,12504.0,16600.0,14913.333333333334
2014-05-10,11786.0,14369.0,13322.208333333334
2014-05-11,11122.0,14730.0,13065.0
2014-05-12,11959.0,17259.0,15364.375
2014-05-13,12233.0,16604.0,15103.541666666666
2014-05-14,12465.0,16188.0,14887.041666666666
2014-05-15,12595.0,16595.0,15186.041666666666
2014-05-16,12562.0,16370.0,14743.625
2014-05-17,11977.0,14336.0,13246.875
2014-05-18,11296.0,14397.0,12867.25
2014-05-19,11791.0,16854.0,15142.333333333334
2014-05-20,12340.0,17894.0,15856.708333333334
2014-05-21,12598.0,17231.0,15552.166666666666
2014-05-22,12254.0,16812.0,15223.208333333334
2014-05-23,12130.0,16670.0,14992.75
2014-05-24,11808.0,15224.0,13929.75
2014-05-25,11120.0,15334.0,13575.208333333334
2014-05-26,11707.0,17253.0,14835.958333333334
2014-05-27,12416.0,19881.0,17036.625
2014-05-28,13135.0,18916.0,16748.166666666668
2014-05-29,13054.0,19110.0,16782.875
2014-05-30,13396.0,20299.0,17520.708333333332
2014-05-31,13281.0,19147.0,16633.5
2014-06-01,13137.0,19459.0,16581.666666666668
2014-06-02,13452.0,20368.0,17600.208333333332
2014-06-03,13170.0,19551.0,16976.125
2014-06-04,13155.0,18463.0,16464.333333333332
2014-06-05,13026.0,18912.0,16614.708333333332
2014-06-06,12887.0,19383.0,16714.166666666668
2014-06-07,12729.0,16060.0,14717.5
2014-06-08,11297.0,15061.0,13434.958333333334
2014-06-09,11757.0,17359.0,15377.25
2014-06-10,12551.0,18428.0,16153.541666666666
2014-06-11,12761.0,19013.0,16586.625
2014-06-12,13178.0,17929.0,16192.833333333334
2014-06-13,12457.0,17138.0,15386.333333333334
2014-06-14,12174.0,15656.0,14312.0
2014-06-15,11959.0,16408.0,14385.416666666666
2014-06-16,12407.0,20530.0,17337.25
2014-06-17,14272.0,22410.0,19115.916666666668
2014-06-18,14682.0,22554.0,19379.541666666668
2014-06-19,14491.0,21541.0,18621.625
2014-06-20,13468.0,21344.0,18072.25
2014-06-21,13622.0,19969.0,17207.25
2014-06-22,12807.0,19236.0,16375.125
2014-06-23,13362.0,20786.0,17800.916666666668
2014-06-24,13671.0,20630.0,17770.541666666668
2014-06-25,13592.0,19985.0,17442.583333333332
2014-06-26,13351.0,20504.0,17603.875
2014-06-27,14173.0,21444.0,18493.166666666668
2014-06-28,13869.0,19230.0,16982.5
2014-06-29,13068.0,19695.0,16652.708333333332
2014-06-30,13767.0,21333.0,18237.458333333332
2014-07-01,13166.0,18322.0,16358.625
2014-07-02,12772.0,17967.0,16079.083333333334
2014-07-03,12287.0,17540.0,15498.833333333334
2014-07-04,11993.0,16057.0,14282.416666666666
2014-07-05,11245.0,17124.0,14557.083333333334
2014-07-06,13107.0,21129.0,17453.166666666668
2014-07-07,13926.0,22008.0,18707.208333333332
2014-07-08,14214.0,20333.0,17819.208333333332
2014-07-09,13351.0,19832.0,17168.333333333332
2014-07-10,13436.0,20826.0,17722.75
2014-07-11,14221.0,20965.0,18184.708333333332
2014-07-12,13928.0,19606.0,17161.791666666668
2014-07-13,12778.0,18095.0,15612.083333333334
2014-07-14,12847.0,18146.0,16122.708333333334
2014-07-15,12571.0,17801.0,15882.083333333334
2014-07-16,12609.0,18340.0,16046.333333333334
2014-07-17,12976.0,19798.0,17039.833333333332
2014-07-18,13338.0,19850.0,17128.041666666668
2014-07-19,13121.0,18899.0,16370.875
2014-07-20,13052.0,20809.0,17144.208333333332
2014-07-21,14860.0,25294.0,20910.625
2014-07-22,16616.0,25307.0,21545.541666666668
2014-07-23,14718.0,21242.0,18477.25
2014-07-24,14021.0,20962.0,18042.666666666668
2014-07-25,14266.0,21547.0,18459.5
2014-07-26,14087.0,20674.0,17654.791666666668
2014-07-27,13250.0,17806.0,15751.666666666666
2014-07-28,12790.0,19238.0,16666.416666666668
2014-07-29,13194.0,19857.0,17136.25
2014-07-30,13420.0,20321.0,17440.208333333332
2014-07-31,13686.0,21070.0,17935.791666666668
2014-08-01,13901.0,21088.0,17987.166666666668
2014-08-02,13307.0,19887.0,16835.041666666668
2014-08-03,13106.0,20556.0,16973.208333333332
2014-08-04,14009.0,22013.0,18646.375
2014-08-05,14175.0,21117.0,18177.291666666668
2014-08-06,13831.0,20094.0,17560.041666666668
2014-08-07,13729.0,20278.0,17645.291666666668
2014-08-08,13783.0,20518.0,17659.25
2014-08-09,13461.0,19052.0,16531.208333333332
2014-08-10,12869.0,18702.0,16007.166666666666
2014-08-11,13529.0,20322.0,17539.083333333332
2014-08-12,13205.0,19775.0,17081.541666666668
2014-08-13,13059.0,20920.0,17547.208333333332
2014-08-14,13443.0,20792.0,17654.625
2014-08-15,13668.0,21106.0,17953.0
2014-08-16,13709.0,19723.0,16940.666666666668
2014-08-17,13066.0,19137.0,16274.916666666666
2014-08-18,14028.0,22149.0,18793.041666666668
2014-08-19,14461.0,21667.0,18652.291666666668
2014-08-20,14097.0,22949.0,19180.75
2014-08-21,14734.0,23908.0,19991.5
2014-08-22,15079.0,22827.0,19503.791666666668
2014-08-23,14150.0,20586.0,17708.125
2014-08-24,14073.0,21782.0,18153.958333333332
2014-08-25,14809.0,23009.0,19503.958333333332
2014-08-26,13771.0,19537.0,17351.541666666668
2014-08-27,13302.0,19667.0,17060.291666666668
2014-08-28,13486.0,19120.0,16990.625
2014-08-29,13838.0,20217.0,17592.208333333332
2014-08-30,13014.0,17537.0,15550.25
2014-08-31,12101.0,18229.0,15315.791666666666
2014-09-01,13107.0,17659.0,15553.125
2014-09-02,12619.0,19822.0,16878.083333333332
2014-09-03,13191.0,20885.0,17856.0
2014-09-04,14511.0,22546.0,19323.625
2014-09-05,14020.0,18281.0,16675.583333333332
2014-09-06,11793.0,15338.0,13966.791666666666
2014-09-07,11440.0,16213.0,13945.083333333334
2014-09-08,12147.0,18336.0,16035.625
2014-09-09,12936.0,19615.0,17056.083333333332
2014-09-10,13095.0,17325.0,15682.958333333334
2014-09-11,12281.0,16744.0,15260.083333333334
2014-09-12,12335.0,16430.0,14963.291666666666
2014-09-13,12075.0,14944.0,13738.541666666666
2014-09-14,11603.0,15502.0,13564.0
2014-09-15,11783.0,16777.0,15105.291666666666
2014-09-16,12204.0,16863.0,15282.083333333334
2014-09-17,12334.0,17099.0,15551.708333333334
2014-09-18,12448.0,17482.0,15851.083333333334
2014-09-19,12633.0,17677.0,15956.375
2014-09-20,12615.0,16165.0,14767.375
2014-09-21,11747.0,15740.0,13917.875
2014-09-22,11919.0,16998.0,15255.833333333334
2014-09-23,12270.0,17439.0,15672.458333333334
2014-09-24,12568.0,17471.0,15838.083333333334
2014-09-25,12492.0,18100.0,16169.875
2014-09-26,12810.0,18484.0,16296.25
2014-09-27,12639.0,17156.0,15194.958333333334
2014-09-28,12233.0,17106.0,14830.875
2014-09-29,12693.0,18285.0,16252.125
2014-09-30,12455.0,17242.0,15623.208333333334
2014-10-01,12426.0,17443.0,15634.208333333334
2014-10-02,12711.0,17458.0,15790.5
2014-10-03,12646.0,17163.0,15619.875
2014-10-04,12757.0,15689.0,14385.75
2014-10-05,12400.0,16041.0,14067.25
2014-10-06,12414.0,17465.0,15619.0
2014-10-07,12667.0,17311.0,15648.541666666666
2014-10-08,12721.0,17198.0,15585.25
2014-10-09,12809.0,17282.0,15657.5
2014-10-10,13056.0,17002.0,15489.583333333334
2014-10-11,12476.0,15342.0,14136.666666666666
2014-10-12,11970.0,15981.0,13843.916666666666
2014-10-13,12013.0,17226.0,15311.25
2014-10-14,12611.0,17412.0,15645.166666666666
2014-10-15,12640.0,17132.0,15523.0
2014-10-16,12637.0,17405.0,15640.75
2014-10-17,12552.0,16945.0,15397.5
2014-10-18,12339.0,15442.0,14120.416666666666
2014-10-19,12053.0,15925.0,13856.0
2014-10-20,12264.0,17544.0,15673.041666666666
2014-10-21,12909.0,17574.0,15872.541666666666
2014-10-22,12906.0,17565.0,15839.916666666666
2014-10-23,12721.0,17489.0,15726.416666666666
2014-10-24,12828.0,17139.0,15600.583333333334
2014-10-25,12239.0,15593.0,14225.666666666666
2014-10-26,12044.0,16198.0,13958.791666666666
2014-10-27,12356.0,17936.0,15866.541666666666
2014-10-28,13041.0,18016.0,16201.25
2014-10-29,13473.0,17908.0,16316.416666666666
2014-10-30,13605.0,18019.0,16396.458333333332
2014-10-31,13945.0,18398.0,16463.25
2014-11-01,13794.0,16742.0,15465.875
2014-11-02,13148.0,16837.0,14778.666666666666
2014-11-03,13306.0,18684.0,16427.875
2014-11-04,13586.0,18578.0,16578.916666666668
2014-11-05,13827.0,18624.0,16589.25
2014-11-06,13996.0,18950.0,16906.208333333332
2014-11-07,14145.0,18174.0,16623.958333333332
2014-11-08,13558.0,17414.0,15650.625
2014-11-09,13190.0,17286.0,15073.916666666666
2014-11-10,13687.0,19038.0,16826.458333333332
2014-11-11,14845.0,20171.0,17860.416666666668
2014-11-12,15646.0,20298.0,18266.291666666668
2014-11-13,15734.0,20678.0,18572.208333333332
2014-11-14,16229.0,20009.0,18520.666666666668
2014-11-15,15542.0,18748.0,17074.416666666668
2014-11-16,15143.0,19386.0,17049.125
2014-11-17,15946.0,21380.0,19047.708333333332
2014-11-18,16931.0,21318.0,19424.958333333332
2014-11-19,16235.0,21141.0,18991.166666666668
2014-11-20,16330.0,21024.0,19074.791666666668
2014-11-21,16372.0,20092.0,18340.166666666668
2014-11-22,14779.0,18198.0,16538.083333333332
2014-11-23,13321.0,17786.0,15479.0
2014-11-24,14071.0,20416.0,17772.541666666668
2014-11-25,15763.0,20397.0,18454.625
2014-11-26,15610.0,20065.0,18237.0
2014-11-27,15225.0,17716.0,16487.041666666668
2014-11-28,15192.0,18568.0,16846.833333333332
2014-11-29,14224.0,17487.0,15854.958333333334
2014-11-30,14171.0,19141.0,16435.666666666668
2014-12-01,16014.0,21022.0,18973.041666666668
2014-12-02,16881.0,21133.0,19283.0
2014-12-03,16156.0,21155.0,18935.416666666668
2014-12-04,16031.0,20557.0,18581.333333333332
2014-12-05,15219.0,19563.0,17779.125
2014-12-06,14861.0,18473.0,16752.958333333332
2014-12-07,14429.0,18635.0,16368.75
2014-12-08,14382.0,20211.0,17729.291666666668
2014-12-09,15629.0,20353.0,18310.583333333332
2014-12-10,15392.0,20143.0,18087.5
2014-12-11,15146.0,19794.0,17818.958333333332
2014-12-12,14918.0,19153.0,17343.875
2014-12-13,13990.0,17768.0,15978.5
2014-12-14,13093.0,17943.0,15380.958333333334
2014-12-15,13469.0,19580.0,17018.208333333332
2014-12-16,14808.0,20395.0,18048.666666666668
2014-12-17,15744.0,20549.0,18432.166666666668
2014-12-18,15723.0,20217.0,18371.25
2014-12-19,15552.0,19861.0,18058.791666666668
2014-12-20,14535.0,18415.0,16537.375
2014-12-21,14044.0,18454.0,16125.541666666666
2014-12-22,14185.0,19800.0,17452.083333333332
2014-12-23,14559.0,19810.0,17562.208333333332
2014-12-24,14041.0,17445.0,16118.833333333334
2014-12-25,13400.0,16376.0,15053.958333333334
2014-12-26,13171.0,17651.0,15690.166666666666
2014-12-27,13833.0,17857.0,15859.208333333334
2014-12-28,14310.0,18323.0,16095.625
2014-12-29,15286.0,20560.0,18315.625
2014-12-30,16943.0,21429.0,19422.583333333332
2014-12-31,17173.0,20453.0,18891.083333333332
2015-01-01,15684.0,18938.0,17281.0
2015-01-02,14691.0,18075.0,16744.875
2015-01-03,14597.0,18493.0,16700.416666666668
2015-01-04,15602.0,20649.0,18000.458333333332
2015-01-05,17593.0,21927.0,20143.041666666668
2015-01-06,17723.0,22153.0,20314.125
2015-01-07,18137.0,22667.0,20742.083333333332
2015-01-08,18353.0,22080.0,20611.791666666668
2015-01-09,18056.0,21904.0,20434.75
2015-01-10,17403.0,19691.0,18563.875
2015-01-11,16150.0,19912.0,17809.666666666668
2015-01-12,16426.0,21429.0,19352.416666666668
2015-01-13,17767.0,21605.0,19891.541666666668
2015-01-14,17035.0,21113.0,19394.583333333332
2015-01-15,16038.0,19932.0,18361.708333333332
2015-01-16,15396.0,19102.0,17642.208333333332
2015-01-17,14626.0,18053.0,16370.583333333334
2015-01-18,14183.0,17965.0,15868.833333333334
2015-01-19,14402.0,19387.0,17236.666666666668
2015-01-20,14747.0,19304.0,17497.375
2015-01-21,14917.0,19690.0,17711.041666666668
2015-01-22,15262.0,19454.0,17760.791666666668
2015-01-23,15113.0,18922.0,17380.916666666668
2015-01-24,14357.0,17709.0,16091.583333333334
2015-01-25,13625.0,18147.0,15744.208333333334
2015-01-26,14393.0,18875.0,17007.625
2015-01-27,14786.0,19151.0,17392.75
2015-01-28,14869.0,19193.0,17462.083333333332
2015-01-29,14787.0,19653.0,17670.958333333332
2015-01-30,16010.0,19843.0,18121.75
2015-01-31,14825.0,18116.0,16542.125
2015-02-01,15027.0,19363.0,17012.625
2015-02-02,16636.0,21038.0,19205.208333333332
2015-02-03,16488.0,20188.0,18710.708333333332
2015-02-04,16314.0,20754.0,18892.791666666668
2015-02-05,17243.0,21021.0,19289.791666666668
2015-02-06,16457.0,19973.0,18281.333333333332
2015-02-07,14902.0,17404.0,16209.625
2015-02-08,13919.0,17832.0,15720.291666666666
2015-02-09,14830.0,19598.0,17600.916666666668
2015-02-10,15682.0,19666.0,18054.166666666668
2015-02-11,15377.0,20432.0,18309.375
2015-02-12,16949.0,20626.0,19166.291666666668
2015-02-13,16804.0,20149.0,18540.416666666668
2015-02-14,15864.0,19480.0,17748.833333333332
2015-02-15,16585.0,19462.0,17811.5
2015-02-16,16384.0,20692.0,18988.25
2015-02-17,16829.0,21116.0,19376.208333333332
2015-02-18,17262.0,21173.0,19615.041666666668
2015-02-19,17961.0,21554.0,19901.833333333332
2015-02-20,17080.0,20331.0,18745.5
2015-02-21,15668.0,18782.0,17320.916666666668
2015-02-22,15994.0,19494.0,17486.041666666668
2015-02-23,17336.0,21130.0,19449.0
2015-02-24,16699.0,20342.0,18864.166666666668
2015-02-25,16324.0,20307.0,18766.0
2015-02-26,16771.0,20611.0,19130.041666666668
2015-02-27,17400.0,20685.0,18962.583333333332
2015-02-28,16579.0,18567.0,17604.833333333332
2015-03-01,15497.0,18339.0,16675.166666666668
2015-03-02,15779.0,19670.0,18197.791666666668
2015-03-03,15581.0,19857.0,18150.291666666668
2015-03-04,16652.0,20680.0,19121.041666666668
2015-03-05,17362.0,20735.0,19094.791666666668
2015-03-06,16618.0,19594.0,18059.916666666668
2015-03-07,14779.0,17123.0,15953.875
2015-03-08,13979.0,16754.0,15251.583333333334
2015-03-09,13740.0,17991.0,16243.75
2015-03-10,13676.0,17871.0,16010.25
2015-03-11,13676.0,17736.0,15949.333333333334
2015-03-12,13451.0,17452.0,15808.375
2015-03-13,12992.0,17052.0,15448.083333333334
2015-03-14,12852.0,15474.0,14258.583333333334
2015-03-15,12088.0,15414.0,13724.333333333334
2015-03-16,12103.0,17026.0,15482.791666666666
2015-03-17,13416.0,17743.0,15963.916666666666
2015-03-18,13674.0,17659.0,16033.916666666666
2015-03-19,13553.0,17515.0,16013.916666666666
2015-03-20,13468.0,17343.0,15591.833333333334
2015-03-21,13127.0,15827.0,14644.083333333334
2015-03-22,12944.0,15794.0,14319.791666666666
2015-03-23,13660.0,18043.0,16461.416666666668
2015-03-24,14028.0,18063.0,16466.291666666668
2015-03-25,14092.0,17984.0,16567.041666666668
2015-03-26,14185.0,18033.0,16496.875
2015-03-27,14366.0,18089.0,16268.958333333334
2015-03-28,13892.0,16110.0,14918.541666666666
2015-03-29,13013.0,15871.0,14451.291666666666
2015-03-30,13357.0,17585.0,15961.416666666666
2015-03-31,12959.0,17021.0,15500.0
2015-04-01,12658.0,16768.0,15471.041666666666
2015-04-02,12635.0,16741.0,15342.333333333334
2015-04-03,12838.0,16591.0,15020.25
2015-04-04,12729.0,14810.0,13679.791666666666
2015-04-05,11997.0,14608.0,13157.625
2015-04-06,12480.0,16915.0,15407.041666666666
2015-04-07,13142.0,17145.0,15759.416666666666
2015-04-08,13349.0,17250.0,15907.5
2015-04-09,12938.0,16954.0,15593.208333333334
2015-04-10,13211.0,16993.0,15336.583333333334
2015-04-11,12606.0,14922.0,13802.291666666666
2015-04-12,11718.0,15136.0,13541.416666666666
2015-04-13,12029.0,16626.0,15031.208333333334
2015-04-14,12613.0,16419.0,15107.666666666666
2015-04-15,12449.0,16401.0,15092.291666666666
2015-04-16,12325.0,16431.0,15083.791666666666
2015-04-17,12308.0,16486.0,14967.875
2015-04-18,11853.0,14799.0,13555.5
2015-04-19,11446.0,14813.0,13204.416666666666
2015-04-20,12274.0,16947.0,15348.291666666666
2015-04-21,13240.0,17121.0,15723.0
2015-04-22,13560.0,17325.0,15771.458333333334
2015-04-23,13386.0,17057.0,15425.125
2015-04-24,12774.0,16622.0,15029.875
2015-04-25,12428.0,15266.0,14031.25
2015-04-26,11926.0,14547.0,13239.916666666666
2015-04-27,12093.0,16442.0,14933.958333333334
2015-04-28,12359.0,16365.0,15001.125
2015-04-29,12239.0,16242.0,14891.041666666666
2015-04-30,12243.0,16182.0,14817.166666666666
2015-05-01,12161.0,16352.0,14733.0
2015-05-02,11572.0,14620.0,13552.583333333334
2015-05-03,11370.0,14977.0,13332.416666666666
2015-05-04,11927.0,17019.0,15262.708333333334
2015-05-05,12221.0,16792.0,15252.5
2015-05-06,12414.0,17740.0,15793.416666666666
2015-05-07,12749.0,18154.0,16144.958333333334
2015-05-08,12509.0,17048.0,15285.666666666666
2015-05-09,11580.0,14356.0,13294.208333333334
2015-05-10,11269.0,14661.0,13032.166666666666
2015-05-11,11919.0,16812.0,15094.666666666666
2015-05-12,12681.0,16605.0,15130.833333333334
2015-05-13,12284.0,16257.0,14888.958333333334
2015-05-14,12063.0,16545.0,14991.625
2015-05-15,12009.0,16349.0,14781.458333333334
2015-05-16,11725.0,15581.0,14053.458333333334
2015-05-17,11771.0,15174.0,13766.166666666666
2015-05-18,12179.0,17218.0,15422.208333333334
2015-05-19,12697.0,16513.0,14910.416666666666
2015-05-20,12276.0,16216.0,14850.791666666666
2015-05-21,12323.0,16361.0,14939.25
2015-05-22,12163.0,16409.0,14789.583333333334
2015-05-23,11572.0,14501.0,13353.0
2015-05-24,11098.0,13765.0,12756.708333333334
2015-05-25,11044.0,14913.0,13302.041666666666
2015-05-26,11815.0,17348.0,15425.375
2015-05-27,12185.0,18219.0,15990.083333333334
2015-05-28,12787.0,18836.0,16523.083333333332
2015-05-29,12886.0,17727.0,15772.166666666666
2015-05-30,12117.0,14904.0,13618.458333333334
2015-05-31,11264.0,14177.0,12697.75
2015-06-01,11495.0,16664.0,14831.291666666666
2015-06-02,12160.0,17219.0,15398.791666666666
2015-06-03,12458.0,18152.0,16021.125
2015-06-04,12750.0,18817.0,16552.666666666668
2015-06-05,12811.0,18085.0,16004.666666666666
2015-06-06,12193.0,15691.0,14361.166666666666
2015-06-07,12052.0,16715.0,14699.083333333334
2015-06-08,12550.0,19987.0,17062.291666666668
2015-06-09,13274.0,21814.0,18300.958333333332
2015-06-10,14314.0,20996.0,18230.375
2015-06-11,13569.0,19373.0,17120.958333333332
2015-06-12,12723.0,17822.0,15884.416666666666
2015-06-13,12276.0,16178.0,14601.875
2015-06-14,12046.0,17605.0,15045.458333333334
2015-06-15,13218.0,19801.0,17228.583333333332
2015-06-16,12794.0,18732.0,16454.166666666668
2015-06-17,12775.0,19099.0,16653.958333333332
2015-06-18,13194.0,19464.0,17020.958333333332
2015-06-19,12827.0,18929.0,16455.791666666668
2015-06-20,12529.0,18228.0,15653.333333333334
2015-06-21,12298.0,19145.0,15985.666666666666
2015-06-22,13759.0,21764.0,18471.958333333332
2015-06-23,13361.0,19852.0,17202.458333333332
2015-06-24,13441.0,20255.0,17574.833333333332
2015-06-25,13796.0,20799.0,17984.625
2015-06-26,13632.0,19242.0,17013.166666666668
2015-06-27,12680.0,18316.0,15791.958333333334
2015-06-28,12374.0,17649.0,15240.583333333334
2015-06-29,13149.0,21214.0,17911.291666666668
2015-06-30,13626.0,20189.0,17492.125
2015-07-01,13259.0,19409.0,16972.458333333332
2015-07-02,12896.0,19031.0,16552.416666666668
2015-07-03,12485.0,18144.0,15754.5
2015-07-04,11400.0,15587.0,13946.583333333334
2015-07-05,12355.0,20561.0,16673.166666666668
2015-07-06,14191.0,20876.0,18102.875
2015-07-07,12819.0,18323.0,16251.916666666666
2015-07-08,12673.0,18090.0,16065.625
2015-07-09,12748.0,19638.0,16814.208333333332
2015-07-10,13475.0,21140.0,17813.833333333332
2015-07-11,13729.0,19432.0,16945.0
2015-07-12,13605.0,22329.0,18150.833333333332
2015-07-13,15303.0,24979.0,20848.916666666668
2015-07-14,15312.0,22998.0,19789.875
2015-07-15,14568.0,21965.0,18824.0
2015-07-16,14399.0,20726.0,18189.125
2015-07-17,14085.0,23007.0,19166.541666666668
2015-07-18,14920.0,21756.0,18639.333333333332
2015-07-19,13434.0,20162.0,16970.291666666668
2015-07-20,14124.0,21961.0,18653.125
2015-07-21,13702.0,20735.0,17768.625
2015-07-22,13836.0,21255.0,18174.958333333332
2015-07-23,14114.0,22571.0,18955.5
2015-07-24,14723.0,24081.0,19912.291666666668
2015-07-25,14374.0,21091.0,17999.5
2015-07-26,13925.0,22176.0,18250.666666666668
2015-07-27,15112.0,25328.0,21054.166666666668
2015-07-28,15778.0,24189.0,20631.291666666668
2015-07-29,14836.0,21304.0,18582.125
2015-07-30,13916.0,21847.0,18454.625
2015-07-31,14247.0,21097.0,18120.583333333332
2015-08-01,13470.0,20103.0,17014.291666666668
2015-08-02,13587.0,21083.0,17482.583333333332
2015-08-03,13932.0,21344.0,18175.166666666668
2015-08-04,13442.0,20465.0,17483.5
2015-08-05,13514.0,21036.0,17870.458333333332
2015-08-06,13759.0,20943.0,17990.666666666668
2015-08-07,13721.0,20773.0,17871.083333333332
2015-08-08,13539.0,19114.0,16638.916666666668
2015-08-09,12937.0,19384.0,16323.041666666666
2015-08-10,13667.0,21394.0,18195.041666666668
2015-08-11,13879.0,21352.0,18189.208333333332
2015-08-12,13930.0,22410.0,18770.791666666668
2015-08-13,14684.0,23738.0,19839.125
2015-08-14,15173.0,24331.0,20349.666666666668
2015-08-15,14840.0,22974.0,19189.041666666668
2015-08-16,14412.0,22034.0,18396.0
2015-08-17,14106.0,20436.0,17836.0
2015-08-18,13415.0,18907.0,16749.375
2015-08-19,12906.0,17759.0,15975.291666666666
2015-08-20,12299.0,17600.0,15637.875
2015-08-21,12585.0,19309.0,16537.291666666668
2015-08-22,12784.0,18078.0,15731.541666666666
2015-08-23,12306.0,15893.0,14378.333333333334
2015-08-24,11997.0,17437.0,15462.75
2015-08-25,12106.0,17377.0,15461.625
2015-08-26,12361.0,18419.0,16015.0
2015-08-27,12652.0,18904.0,16422.958333333332
2015-08-28,13096.0,17888.0,16035.5
2015-08-29,12565.0,18374.0,15723.041666666666
2015-08-30,12421.0,19626.0,16158.125
2015-08-31,13550.0,22693.0,18887.333333333332
2015-09-01,14735.0,23243.0,19801.416666666668
2015-09-02,15182.0,23456.0,20070.291666666668
2015-09-03,14912.0,24138.0,20303.5
2015-09-04,15428.0,23977.0,20340.458333333332
2015-09-05,14525.0,21773.0,18573.458333333332
2015-09-06,14197.0,20559.0,17591.041666666668
2015-09-07,13540.0,19487.0,16683.25
2015-09-08,13464.0,20644.0,17723.166666666668
2015-09-09,13144.0,18736.0,16709.416666666668
2015-09-10,12906.0,18147.0,16205.333333333334
2015-09-11,12643.0,17151.0,15459.166666666666
2015-09-12,11651.0,14977.0,13691.375
2015-09-13,11322.0,16169.0,13758.708333333334
2015-09-14,12037.0,18801.0,16259.875
2015-09-15,13121.0,19788.0,17270.75
2015-09-16,13718.0,21304.0,18218.166666666668
2015-09-17,14299.0,21357.0,18532.5
2015-09-18,13342.0,17840.0,16003.208333333334
2015-09-19,11702.0,14995.0,13738.5
2015-09-20,11233.0,15673.0,13479.958333333334
2015-09-21,11904.0,18065.0,15829.791666666666
2015-09-22,12591.0,18619.0,16361.458333333334
2015-09-23,12866.0,18807.0,16548.708333333332
2015-09-24,12828.0,18374.0,16319.541666666666
2015-09-25,12812.0,18178.0,16095.833333333334
2015-09-26,12368.0,16299.0,14742.5
2015-09-27,12089.0,17103.0,14636.333333333334
2015-09-28,12548.0,18372.0,16200.666666666666
2015-09-29,12670.0,17062.0,15600.416666666666
2015-09-30,12310.0,16834.0,15305.291666666666
2015-10-01,12345.0,16617.0,15148.75
2015-10-02,12342.0,16211.0,14841.041666666666
2015-10-03,11972.0,14925.0,13697.291666666666
2015-10-04,11671.0,15408.0,13457.291666666666
2015-10-05,11891.0,17086.0,15318.583333333334
2015-10-06,12409.0,17297.0,15596.583333333334
2015-10-07,12482.0,17232.0,15592.083333333334
2015-10-08,12613.0,17527.0,15825.916666666666
2015-10-09,12596.0,16762.0,15213.916666666666
2015-10-10,12048.0,15419.0,14006.5
2015-10-11,11853.0,17611.0,14653.958333333334
2015-10-12,12428.0,17380.0,15648.083333333334
2015-10-13,12589.0,16790.0,15325.458333333334
2015-10-14,12566.0,17127.0,15471.625
2015-10-15,12663.0,17195.0,15610.041666666666
2015-10-16,12954.0,17042.0,15515.0
2015-10-17,12778.0,15544.0,14362.375
2015-10-18,12321.0,16019.0,14027.291666666666
2015-10-19,12238.0,17734.0,15774.166666666666
2015-10-20,12669.0,17409.0,15790.75
2015-10-21,12605.0,17339.0,15699.208333333334
2015-10-22,12720.0,17239.0,15654.0
2015-10-23,12635.0,17031.0,15494.625
2015-10-24,12146.0,15324.0,14020.458333333334
2015-10-25,11883.0,15681.0,13686.083333333334
2015-10-26,12205.0,17308.0,15515.416666666666
2015-10-27,12651.0,17441.0,15741.416666666666
2015-10-28,12633.0,17627.0,15832.0
2015-10-29,13410.0,17704.0,16215.333333333334
2015-10-30,13201.0,17322.0,15673.0
2015-10-31,12375.0,15265.0,14127.75
2015-11-01,12027.0,16047.0,13978.166666666666
2015-11-02,12201.0,17607.0,15484.791666666666
2015-11-03,12913.0,17739.0,15896.791666666666
2015-11-04,12806.0,17778.0,15834.291666666666
2015-11-05,12823.0,17658.0,15810.958333333334
2015-11-06,13114.0,17074.0,15605.75
2015-11-07,12845.0,16037.0,14598.833333333334
2015-11-08,12562.0,16282.0,14244.25
2015-11-09,12815.0,17851.0,15830.5
2015-11-10,13235.0,17722.0,15913.083333333334
2015-11-11,12978.0,17900.0,15831.541666666666
2015-11-12,13121.0,18294.0,16147.875
2015-11-13,13760.0,17623.0,16184.166666666666
2015-11-14,13026.0,15980.0,14596.25
2015-11-15,12251.0,16178.0,14013.458333333334
2015-11-16,12304.0,18004.0,15626.958333333334
2015-11-17,12877.0,17977.0,15884.125
2015-11-18,12939.0,18209.0,15969.5
2015-11-19,13677.0,18878.0,16765.208333333332
2015-11-20,14454.0,18536.0,16930.166666666668
2015-11-21,14153.0,17855.0,16075.041666666666
2015-11-22,14275.0,17811.0,15719.458333333334
2015-11-23,14104.0,19227.0,17088.208333333332
2015-11-24,14250.0,18791.0,16880.291666666668
2015-11-25,13657.0,18170.0,16378.458333333334
2015-11-26,12948.0,15768.0,14431.166666666666
2015-11-27,13456.0,17077.0,15418.041666666666
2015-11-28,13679.0,16643.0,15134.666666666666
2015-11-29,13857.0,17447.0,15350.75
2015-11-30,14118.0,19421.0,17203.0
2015-12-01,14262.0,19430.0,17212.125
2015-12-02,14529.0,19319.0,17311.25
2015-12-03,14580.0,18966.0,17103.791666666668
2015-12-04,14385.0,18376.0,16714.625
2015-12-05,13589.0,17476.0,15585.166666666666
2015-12-06,13182.0,17467.0,15178.625
2015-12-07,13825.0,18869.0,16695.041666666668
2015-12-08,14158.0,19001.0,16994.625
2015-12-09,13867.0,18673.0,16601.625
2015-12-10,13613.0,18571.0,16427.583333333332
2015-12-11,13920.0,18368.0,16495.541666666668
2015-12-12,13339.0,17110.0,15304.0
2015-12-13,12826.0,17449.0,15012.583333333334
2015-12-14,13331.0,19254.0,16716.458333333332
2015-12-15,14500.0,19437.0,17321.75
2015-12-16,14300.0,19681.0,17330.875
2015-12-17,14958.0,20074.0,17903.541666666668
2015-12-18,15349.0,19742.0,17942.208333333332
2015-12-19,15347.0,18510.0,16945.625
2015-12-20,14400.0,18444.0,16208.5
2015-12-21,14028.0,19447.0,17194.708333333332
2015-12-22,14685.0,19293.0,17395.333333333332
2015-12-23,14109.0,18743.0,16942.041666666668
2015-12-24,14250.0,17726.0,16284.125
2015-12-25,13352.0,15757.0,14750.208333333334
2015-12-26,13385.0,17190.0,15312.0
2015-12-27,13931.0,18641.0,16104.916666666666
2015-12-28,15100.0,20252.0,18038.083333333332
2015-12-29,15361.0,20141.0,18028.041666666668
2015-12-30,15276.0,19763.0,17852.541666666668
2015-12-31,15110.0,19557.0,17458.708333333332
2016-01-01,14360.0,17696.0,15997.791666666666
2016-01-02,14081.0,17585.0,15726.375
2016-01-03,14105.0,18149.0,15957.083333333334
2016-01-04,14661.0,19504.0,17467.458333333332
2016-01-05,15433.0,19616.0,17899.375
2016-01-06,15126.0,19556.0,17754.625
2016-01-07,14724.0,19163.0,17396.958333333332
2016-01-08,14483.0,18722.0,17097.125
2016-01-09,14723.0,19009.0,16982.541666666668
2016-01-10,16254.0,19935.0,17821.416666666668
2016-01-11,16888.0,21067.0,19399.75
2016-01-12,17036.0,21426.0,19707.041666666668
2016-01-13,17047.0,20632.0,19051.583333333332
2016-01-14,15720.0,19704.0,18111.291666666668
2016-01-15,15337.0,19545.0,17968.958333333332
2016-01-16,15794.0,19595.0,17749.25
2016-01-17,16549.0,20539.0,18282.041666666668
2016-01-18,17584.0,22055.0,20195.333333333332
2016-01-19,17737.0,21518.0,19855.208333333332
2016-01-20,16634.0,20352.0,18849.666666666668
2016-01-21,16080.0,20025.0,18472.041666666668
2016-01-22,15886.0,19779.0,18185.458333333332
2016-01-23,15172.0,18080.0,16673.958333333332
2016-01-24,14515.0,18011.0,16106.5
2016-01-25,14465.0,19263.0,17361.833333333332
2016-01-26,14955.0,19548.0,17701.0
2016-01-27,15205.0,19190.0,17576.291666666668
2016-01-28,14730.0,19230.0,17424.791666666668
2016-01-29,14979.0,18865.0,17199.333333333332
2016-01-30,13885.0,17087.0,15577.291666666666
2016-01-31,12964.0,17231.0,15030.375
2016-02-01,13801.0,18645.0,16655.625
2016-02-02,14402.0,18988.0,17133.375
2016-02-03,14995.0,19934.0,17927.041666666668
2016-02-04,15696.0,19513.0,17903.166666666668
2016-02-05,15379.0,19037.0,17457.458333333332
2016-02-06,14566.0,17151.0,15980.333333333334
2016-02-07,13538.0,17516.0,15355.083333333334
2016-02-08,14555.0,20018.0,17797.375
2016-02-09,16078.0,20279.0,18580.333333333332
2016-02-10,16529.0,20272.0,18774.416666666668
2016-02-11,16377.0,20093.0,18500.791666666668
2016-02-12,16014.0,19754.0,18258.125
2016-02-13,16469.0,18618.0,17512.958333333332
2016-02-14,15535.0,18531.0,16830.666666666668
2016-02-15,15118.0,19150.0,17545.333333333332
2016-02-16,14859.0,19015.0,17360.458333333332
2016-02-17,15101.0,18979.0,17442.166666666668
2016-02-18,14850.0,18522.0,17095.208333333332
2016-02-19,14116.0,17788.0,16276.458333333334
2016-02-20,13371.0,16366.0,15036.708333333334
2016-02-21,13213.0,16799.0,14918.458333333334
2016-02-22,14012.0,18145.0,16538.791666666668
2016-02-23,14515.0,18300.0,16834.666666666668
2016-02-24,14377.0,18674.0,16928.333333333332
2016-02-25,14611.0,18610.0,17085.625
2016-02-26,14550.0,18176.0,16481.958333333332
2016-02-27,13697.0,15922.0,14884.875
2016-02-28,12475.0,16562.0,14500.416666666666
2016-02-29,13428.0,18372.0,16378.0
2016-03-01,14996.0,18860.0,17346.416666666668
2016-03-02,15344.0,18731.0,17372.041666666668
2016-03-03,14720.0,18350.0,16968.625
2016-03-04,14472.0,17930.0,16472.541666666668
2016-03-05,13770.0,16258.0,15104.166666666666
2016-03-06,13364.0,15950.0,14441.958333333334
2016-03-07,12815.0,17255.0,15579.458333333334
2016-03-08,12813.0,17158.0,15551.375
2016-03-09,13200.0,17034.0,15705.416666666666
2016-03-10,13513.0,17356.0,15781.916666666666
2016-03-11,13389.0,16774.0,15364.333333333334
2016-03-12,12459.0,15189.0,14042.791666666666
2016-03-13,11694.0,15026.0,13464.666666666666
2016-03-14,12227.0,16771.0,15176.5
2016-03-15,12592.0,16937.0,15489.291666666666
2016-03-16,13055.0,17234.0,15879.583333333334
2016-03-17,13290.0,17370.0,15960.916666666666
2016-03-18,13752.0,17566.0,15936.166666666666
2016-03-19,13530.0,16124.0,14966.25
2016-03-20,13270.0,16022.0,14629.916666666666
2016-03-21,13384.0,17632.0,15877.083333333334
2016-03-22,13342.0,17335.0,15828.625
2016-03-23,13125.0,17172.0,15823.291666666666
2016-03-24,13895.0,17776.0,16210.458333333334
2016-03-25,13612.0,16974.0,15399.625
2016-03-26,12694.0,15130.0,14032.708333333334
2016-03-27,12292.0,14775.0,13440.875
2016-03-28,12990.0,17106.0,15348.125
2016-03-29,12995.0,16948.0,15467.0
2016-03-30,12730.0,16856.0,15417.333333333334
2016-03-31,12780.0,16914.0,15489.416666666666
2016-04-01,13168.0,17130.0,15491.708333333334
2016-04-02,13066.0,15397.0,14290.375
2016-04-03,12754.0,15104.0,13845.0
2016-04-04,12886.0,17370.0,15737.041666666666
2016-04-05,13167.0,17068.0,15515.416666666666
2016-04-06,13273.0,17192.0,15858.625
2016-04-07,13446.0,17371.0,15880.333333333334
2016-04-08,13529.0,17432.0,15834.583333333334
2016-04-09,13457.0,15716.0,14478.0
2016-04-10,12625.0,15442.0,14035.958333333334
2016-04-11,12869.0,17257.0,15707.625
2016-04-12,13382.0,17029.0,15445.916666666666
2016-04-13,12996.0,16753.0,15333.75
2016-04-14,12366.0,16263.0,14944.333333333334
2016-04-15,12148.0,16168.0,14645.791666666666
2016-04-16,11740.0,14671.0,13528.25
2016-04-17,11310.0,14869.0,13272.916666666666
2016-04-18,11986.0,17367.0,15440.75
2016-04-19,12497.0,16884.0,15358.541666666666
2016-04-20,12198.0,16379.0,14978.125
2016-04-21,12126.0,16398.0,14936.916666666666
2016-04-22,12426.0,16283.0,14699.166666666666
2016-04-23,11643.0,14319.0,13196.625
2016-04-24,11281.0,14971.0,13263.541666666666
2016-04-25,12030.0,17051.0,15330.083333333334
2016-04-26,12472.0,16627.0,15201.5
2016-04-27,12534.0,16524.0,15181.458333333334
2016-04-28,12714.0,16777.0,15303.083333333334
2016-04-29,12724.0,16459.0,14828.833333333334
2016-04-30,12009.0,14623.0,13474.333333333334
2016-05-01,11662.0,14495.0,13202.625
2016-05-02,12027.0,16604.0,14964.291666666666
2016-05-03,12185.0,16228.0,14836.541666666666
2016-05-04,12215.0,16226.0,14815.291666666666
2016-05-05,12170.0,16380.0,14958.958333333334
2016-05-06,12280.0,17515.0,15471.208333333334
2016-05-07,11897.0,14657.0,13390.25
2016-05-08,11139.0,14176.0,12725.25
2016-05-09,11547.0,16563.0,14814.833333333334
2016-05-10,12227.0,16630.0,15089.916666666666
2016-05-11,12238.0,16752.0,15231.416666666666
2016-05-12,12329.0,16575.0,15075.125
2016-05-13,12261.0,16398.0,14779.708333333334
2016-05-14,12291.0,14591.0,13484.458333333334
2016-05-15,11902.0,14433.0,13107.5
2016-05-16,11680.0,16558.0,14863.125
2016-05-17,12148.0,16185.0,14750.708333333334
2016-05-18,12098.0,16150.0,14758.833333333334
2016-05-19,12145.0,16565.0,15035.708333333334
2016-05-20,12219.0,16722.0,14968.541666666666
2016-05-21,11648.0,14654.0,13529.958333333334
2016-05-22,11169.0,15215.0,13466.875
2016-05-23,12267.0,18350.0,16073.958333333334
2016-05-24,12854.0,19319.0,16816.5
2016-05-25,13253.0,18734.0,16859.833333333332
2016-05-26,13155.0,20318.0,17390.958333333332
2016-05-27,13332.0,18961.0,16820.166666666668
2016-05-28,12195.0,15839.0,14400.041666666666
2016-05-29,11430.0,15905.0,13852.041666666666
2016-05-30,11491.0,17311.0,14674.541666666666
2016-05-31,12600.0,19079.0,16597.166666666668
2016-06-01,12658.0,18012.0,16032.875
2016-06-02,12462.0,18198.0,16039.291666666666
2016-06-03,12595.0,18503.0,16056.75
2016-06-04,12312.0,15762.0,14422.625
2016-06-05,12026.0,16724.0,14526.416666666666
2016-06-06,12367.0,17933.0,15812.875
2016-06-07,12340.0,17626.0,15697.875
2016-06-08,12340.0,18536.0,16079.375
2016-06-09,13106.0,21256.0,17858.5
2016-06-10,14487.0,23750.0,19795.333333333332
2016-06-11,14407.0,22536.0,18784.166666666668
2016-06-12,13260.0,19667.0,16659.833333333332
2016-06-13,13879.0,22680.0,18999.083333333332
2016-06-14,14066.0,20995.0,18263.375
2016-06-15,13941.0,21572.0,18390.333333333332
2016-06-16,13543.0,20562.0,17592.0
2016-06-17,13638.0,21191.0,17898.583333333332
2016-06-18,13521.0,20055.0,17092.708333333332
2016-06-19,13034.0,21706.0,17634.5
2016-06-20,14527.0,21720.0,18620.666666666668
2016-06-21,13602.0,20719.0,17686.625
2016-06-22,13977.0,21478.0,18336.541666666668
2016-06-23,14484.0,20966.0,18242.833333333332
2016-06-24,13301.0,20811.0,17571.083333333332
2016-06-25,13818.0,20739.0,17597.791666666668
2016-06-26,13906.0,21168.0,17758.208333333332
2016-06-27,13828.0,20786.0,17877.708333333332
2016-06-28,13353.0,19421.0,16952.125
2016-06-29,13226.0,20237.0,17364.166666666668
2016-06-30,13689.0,20000.0,17438.333333333332
2016-07-01,13351.0,18746.0,16549.708333333332
2016-07-02,12439.0,17075.0,15048.916666666666
2016-07-03,11694.0,16663.0,14324.5
2016-07-04,12188.0,18562.0,15565.708333333334
2016-07-05,13050.0,23049.0,18811.166666666668
2016-07-06,15236.0,23529.0,19988.958333333332
2016-07-07,14892.0,22318.0,19168.791666666668
2016-07-08,14334.0,20022.0,17625.291666666668
2016-07-09,12986.0,18892.0,16143.666666666666
2016-07-10,13136.0,21221.0,17348.708333333332
2016-07-11,14845.0,24546.0,20453.416666666668
2016-07-12,15731.0,23586.0,20240.375
2016-07-13,14653.0,22747.0,19247.416666666668
2016-07-14,13989.0,19737.0,17454.041666666668
2016-07-15,13230.0,18809.0,16522.125
2016-07-16,12719.0,18211.0,15762.875
2016-07-17,12942.0,20323.0,16737.708333333332
2016-07-18,13741.0,22530.0,18844.5
2016-07-19,14881.0,23892.0,20154.833333333332
2016-07-20,15611.0,25744.0,21390.458333333332
2016-07-21,17275.0,27560.0,23037.291666666668
2016-07-22,16738.0,25604.0,21653.291666666668
2016-07-23,15587.0,23182.0,19704.708333333332
2016-07-24,14344.0,20495.0,17695.083333333332
2016-07-25,14183.0,23196.0,19328.041666666668
2016-07-26,14898.0,23732.0,19924.291666666668
2016-07-27,15381.0,23289.0,19872.875
2016-07-28,14426.0,20611.0,18069.125
2016-07-29,13889.0,19665.0,17254.458333333332
2016-07-30,13172.0,18723.0,16217.291666666666
2016-07-31,13031.0,20128.0,16703.416666666668
2016-08-01,14661.0,23790.0,19995.333333333332
2016-08-02,15473.0,24154.0,20488.916666666668
2016-08-03,15845.0,25636.0,21378.833333333332
2016-08-04,16164.0,24412.0,20916.041666666668
2016-08-05,15059.0,20736.0,18278.0
2016-08-06,13264.0,18693.0,16156.625
2016-08-07,12721.0,19039.0,15990.291666666666
2016-08-08,13698.0,21892.0,18491.041666666668
2016-08-09,14695.0,23858.0,19980.75
2016-08-10,15817.0,25363.0,21313.291666666668
2016-08-11,16866.0,24682.0,21375.208333333332
2016-08-12,15791.0,22300.0,19485.583333333332
2016-08-13,13440.0,19257.0,16633.208333333332
2016-08-14,12865.0,19708.0,16365.041666666666
2016-08-15,13748.0,22200.0,18637.458333333332
2016-08-16,14135.0,21996.0,18712.5
2016-08-17,14824.0,23428.0,19727.0
2016-08-18,15281.0,24432.0,20475.791666666668
2016-08-19,15280.0,21488.0,18755.0
2016-08-20,13554.0,16536.0,15375.416666666666
2016-08-21,12059.0,16888.0,14609.416666666666
2016-08-22,12662.0,20650.0,17308.25
2016-08-23,13962.0,21886.0,18540.0
2016-08-24,14654.0,21905.0,18889.583333333332
2016-08-25,14149.0,19875.0,17571.791666666668
2016-08-26,13320.0,18864.0,16629.541666666668
2016-08-27,12777.0,17402.0,15426.5
2016-08-28,12654.0,19912.0,16500.333333333332
2016-08-29,14295.0,23014.0,19392.291666666668
2016-08-30,14993.0,21996.0,19043.208333333332
2016-08-31,13943.0,20475.0,17673.375
2016-09-01,13559.0,19680.0,17252.5
2016-09-02,13313.0,19005.0,16687.125
2016-09-03,12448.0,16975.0,15030.583333333334
2016-09-04,12154.0,16728.0,14560.833333333334
2016-09-05,12166.0,19357.0,16009.0
2016-09-06,14244.0,22661.0,19271.083333333332
2016-09-07,14805.0,21257.0,18755.375
2016-09-08,13974.0,20210.0,17744.333333333332
2016-09-09,13515.0,19437.0,16983.583333333332
2016-09-10,12470.0,15756.0,14559.041666666666
2016-09-11,11676.0,16919.0,14384.75
2016-09-12,12685.0,18982.0,16500.75
2016-09-13,13005.0,17937.0,16147.375
2016-09-14,12414.0,17346.0,15625.708333333334
2016-09-15,12551.0,18502.0,16291.208333333334
2016-09-16,13007.0,18099.0,16108.666666666666
2016-09-17,12329.0,16036.0,14609.625
2016-09-18,11794.0,17912.0,14965.125
2016-09-19,12737.0,19412.0,16778.416666666668
2016-09-20,13099.0,20618.0,17557.5
2016-09-21,13623.0,20246.0,17572.416666666668
2016-09-22,13620.0,19639.0,17340.041666666668
2016-09-23,13330.0,18684.0,16586.625
2016-09-24,12727.0,17478.0,15439.125
2016-09-25,12493.0,16297.0,14525.875
2016-09-26,12225.0,17289.0,15534.25
2016-09-27,12300.0,16715.0,15229.333333333334
2016-09-28,12250.0,16584.0,15125.291666666666
2016-09-29,12056.0,16632.0,15125.875
2016-09-30,12385.0,16828.0,15235.041666666666
2016-10-01,12142.0,15200.0,14033.458333333334
2016-10-02,11730.0,15820.0,13793.916666666666
2016-10-03,12282.0,17824.0,15886.416666666666
2016-10-04,13026.0,18163.0,16350.666666666666
2016-10-05,12892.0,17497.0,15926.416666666666
2016-10-06,12742.0,17629.0,15920.375
2016-10-07,12869.0,16862.0,15299.291666666666
2016-10-08,12405.0,15126.0,14018.041666666666
2016-10-09,12091.0,15723.0,13781.583333333334
2016-10-10,12238.0,17536.0,15681.125
2016-10-11,12748.0,17634.0,15891.083333333334
2016-10-12,12643.0,17097.0,15571.375
2016-10-13,13097.0,17136.0,15646.5
2016-10-14,13095.0,16986.0,15570.958333333334
2016-10-15,12310.0,16019.0,14561.25
2016-10-16,12434.0,17079.0,14686.25
2016-10-17,12780.0,18612.0,16528.333333333332
2016-10-18,12881.0,17308.0,15825.208333333334
2016-10-19,12859.0,17483.0,15942.125
2016-10-20,13231.0,17432.0,16003.208333333334
2016-10-21,13283.0,17457.0,15755.375
2016-10-22,12631.0,15697.0,14433.833333333334
2016-10-23,12128.0,16156.0,14090.291666666666
2016-10-24,12653.0,17479.0,15821.375
2016-10-25,13201.0,17622.0,16097.291666666666
2016-10-26,13072.0,17593.0,16029.75
2016-10-27,13175.0,17412.0,15943.75
2016-10-28,12808.0,17047.0,15609.541666666666
2016-10-29,12346.0,15662.0,14384.25
2016-10-30,12252.0,16183.0,14171.0
2016-10-31,12694.0,17684.0,16012.583333333334
2016-11-01,13025.0,17831.0,16100.375
2016-11-02,12963.0,17422.0,15906.416666666666
2016-11-03,13037.0,17511.0,15972.25
2016-11-04,13190.0,17416.0,15787.541666666666
2016-11-05,12372.0,15644.0,14309.583333333334
2016-11-06,11708.0,16074.0,13775.375
2016-11-07,12521.0,17910.0,15775.166666666666
2016-11-08,12915.0,17617.0,15738.25
2016-11-09,13260.0,17669.0,15952.125
2016-11-10,13308.0,17802.0,16032.583333333334
2016-11-11,13261.0,17297.0,15821.375
2016-11-12,13126.0,16161.0,14739.625
2016-11-13,12650.0,16406.0,14356.75
2016-11-14,12691.0,17902.0,15830.541666666666
2016-11-15,13144.0,17648.0,15876.625
2016-11-16,13131.0,17721.0,15848.666666666666
2016-11-17,12913.0,18038.0,15923.875
2016-11-18,13241.0,17956.0,16087.375
2016-11-19,13889.0,17480.0,15778.875
2016-11-20,13891.0,17541.0,15427.125
2016-11-21,14300.0,19168.0,17164.166666666668
2016-11-22,14536.0,19232.0,17234.541666666668
2016-11-23,14356.0,18638.0,16938.583333333332
2016-11-24,13442.0,16005.0,14626.416666666666
2016-11-25,12854.0,16682.0,14943.25
2016-11-26,12986.0,15944.0,14488.333333333334
2016-11-27,12936.0,16828.0,14682.291666666666
2016-11-28,13189.0,18694.0,16407.625
2016-11-29,13845.0,18749.0,16713.416666666668
2016-11-30,14074.0,18980.0,16906.375
2016-12-01,14153.0,19135.0,17013.541666666668
2016-12-02,14549.0,18983.0,17135.458333333332
2016-12-03,14238.0,17830.0,16084.833333333334
2016-12-04,13699.0,18071.0,15764.25
2016-12-05,14337.0,19523.0,17332.375
2016-12-06,14765.0,20249.0,17895.0
2016-12-07,15612.0,20627.0,18467.666666666668
2016-12-08,15955.0,20912.0,18817.708333333332
2016-12-09,16326.0,20711.0,18891.166666666668
2016-12-10,16063.0,19537.0,17821.791666666668
2016-12-11,15331.0,19507.0,17249.875
2016-12-12,15993.0,21291.0,19044.75
2016-12-13,16925.0,21430.0,19415.708333333332
2016-12-14,17144.0,22009.0,19883.291666666668
2016-12-15,17669.0,21821.0,20104.375
2016-12-16,17143.0,21181.0,19496.125
2016-12-17,16331.0,20374.0,18466.916666666668
2016-12-18,17770.0,21182.0,19165.291666666668
2016-12-19,17417.0,21271.0,19778.541666666668
2016-12-20,16376.0,20323.0,18747.791666666668
2016-12-21,15520.0,19746.0,17964.5
2016-12-22,15180.0,19430.0,17731.5
2016-12-23,14761.0,18503.0,17013.708333333332
2016-12-24,14128.0,17356.0,15765.0
2016-12-25,13866.0,18054.0,15778.25
2016-12-26,13991.0,18979.0,16738.541666666668
2016-12-27,15181.0,19529.0,17676.75
2016-12-28,15033.0,19321.0,17479.0
2016-12-29,14915.0,19768.0,17649.708333333332
2016-12-30,15276.0,19127.0,17493.166666666668
2016-12-31,14497.0,18037.0,16223.041666666666
2017-01-01,14370.0,17545.0,15560.666666666666
2017-01-02,14186.0,18860.0,16486.833333333332
2017-01-03,14532.0,20263.0,17803.916666666668
2017-01-04,16996.0,21367.0,19585.333333333332
2017-01-05,17570.0,21658.0,20028.208333333332
2017-01-06,18001.0,21677.0,19904.458333333332
2017-01-07,17003.0,19541.0,18226.333333333332
2017-01-08,16839.0,19873.0,18068.666666666668
2017-01-09,16545.0,21018.0,19243.041666666668
2017-01-10,16091.0,20538.0,18716.375
2017-01-11,16367.0,20658.0,18904.416666666668
2017-01-12,16627.0,20778.0,19081.833333333332
2017-01-13,17306.0,21025.0,19347.166666666668
2017-01-14,16303.0,18953.0,17662.083333333332
2017-01-15,15663.0,18582.0,16851.916666666668
2017-01-16,15309.0,19895.0,17995.958333333332
2017-01-17,15227.0,19426.0,17782.75
2017-01-18,15251.0,19035.0,17437.333333333332
2017-01-19,14601.0,18618.0,16990.125
2017-01-20,14521.0,18160.0,16779.875
2017-01-21,13751.0,17138.0,15595.208333333334
2017-01-22,13387.0,17375.0,15296.0
2017-01-23,13808.0,18808.0,16821.75
2017-01-24,14717.0,19021.0,17334.5
2017-01-25,14665.0,19423.0,17501.375
2017-01-26,15114.0,19693.0,17889.583333333332
2017-01-27,15488.0,19284.0,17795.5
2017-01-28,14743.0,17915.0,16422.666666666668
2017-01-29,14397.0,18260.0,16156.666666666666
2017-01-30,14703.0,19078.0,17414.583333333332
2017-01-31,14763.0,19315.0,17475.75
2017-02-01,15106.0,19704.0,17801.958333333332
2017-02-02,16335.0,20111.0,18598.958333333332
2017-02-03,16670.0,20144.0,18419.541666666668
2017-02-04,15680.0,17879.0,16848.083333333332
2017-02-05,14814.0,18157.0,16393.25
2017-02-06,15057.0,19103.0,17485.125
2017-02-07,14927.0,19581.0,17704.333333333332
2017-02-08,16089.0,20317.0,18643.208333333332
2017-02-09,16790.0,20605.0,18836.541666666668
2017-02-10,15858.0,19225.0,17449.083333333332
2017-02-11,14198.0,16951.0,15712.333333333334
2017-02-12,13538.0,17104.0,15164.875
2017-02-13,14246.0,18315.0,16656.583333333332
2017-02-14,14565.0,18695.0,17056.125
2017-02-15,14872.0,18703.0,17194.541666666668
2017-02-16,14615.0,18349.0,16730.083333333332
2017-02-17,14111.0,17798.0,16081.875
2017-02-18,13202.0,15966.0,14731.916666666666
2017-02-19,12757.0,15862.0,14254.708333333334
2017-02-20,12724.0,17579.0,15684.333333333334
2017-02-21,13584.0,17585.0,16086.583333333334
2017-02-22,13535.0,17546.0,16008.25
2017-02-23,13875.0,17992.0,16496.791666666668
2017-02-24,14450.0,18236.0,16894.416666666668
2017-02-25,14955.0,17434.0,16261.166666666666
2017-02-26,14288.0,17197.0,15539.083333333334
2017-02-27,14396.0,18140.0,16731.458333333332
2017-02-28,14224.0,18143.0,16682.583333333332
2017-03-01,14408.0,18479.0,16936.166666666668
2017-03-02,14867.0,18715.0,17269.208333333332
2017-03-03,15511.0,18642.0,17136.25
2017-03-04,14434.0,16407.0,15389.375
2017-03-05,13284.0,16209.0,14603.833333333334
2017-03-06,13011.0,17839.0,16041.583333333334
2017-03-07,14065.0,18245.0,16646.833333333332
2017-03-08,14706.0,18506.0,17039.75
2017-03-09,15137.0,18736.0,17453.833333333332
2017-03-10,15687.0,19036.0,17589.791666666668
2017-03-11,15657.0,17705.0,16761.375
2017-03-12,15161.0,17633.0,16284.291666666666
2017-03-13,15200.0,19429.0,17958.333333333332
2017-03-14,15573.0,19455.0,17644.541666666668
2017-03-15,15550.0,19247.0,17407.125
2017-03-16,15045.0,18663.0,16991.708333333332
2017-03-17,14203.0,17895.0,16211.208333333334
2017-03-18,13908.0,16365.0,15107.541666666666
2017-03-19,13383.0,15739.0,14475.0
2017-03-20,13278.0,17690.0,16152.791666666666
2017-03-21,13681.0,17842.0,16312.5
2017-03-22,14636.0,18463.0,16751.5
2017-03-23,14248.0,18155.0,16641.125
2017-03-24,14008.0,17751.0,16164.541666666666
2017-03-25,13306.0,15979.0,14804.25
2017-03-26,12986.0,16038.0,14574.875
2017-03-27,13367.0,17672.0,16057.333333333334
2017-03-28,13399.0,17402.0,15722.166666666666
2017-03-29,13240.0,17102.0,15778.333333333334
2017-03-30,13574.0,17546.0,16135.25
2017-03-31,13618.0,17402.0,15647.208333333334
2017-04-01,12824.0,15168.0,14087.666666666666
2017-04-02,12035.0,15132.0,13690.583333333334
2017-04-03,12583.0,17215.0,15616.791666666666
2017-04-04,12986.0,16994.0,15561.166666666666
2017-04-05,12902.0,16857.0,15527.416666666666
2017-04-06,13332.0,17253.0,15608.25
2017-04-07,13313.0,16996.0,15224.625
2017-04-08,12613.0,15164.0,14063.333333333334
2017-04-09,11866.0,15350.0,13778.125
2017-04-10,12384.0,17024.0,15457.208333333334
2017-04-11,13449.0,17245.0,15640.458333333334
2017-04-12,12982.0,16750.0,15438.208333333334
2017-04-13,12848.0,16862.0,15445.916666666666
2017-04-14,12429.0,16294.0,14776.958333333334
2017-04-15,12154.0,14771.0,13718.541666666666
2017-04-16,11768.0,14366.0,12992.666666666666
2017-04-17,12192.0,16567.0,15098.791666666666
2017-04-18,12594.0,16727.0,15349.125
2017-04-19,13089.0,17179.0,15887.666666666666
2017-04-20,12928.0,16820.0,15440.75
2017-04-21,13091.0,16816.0,15144.875
2017-04-22,12145.0,14610.0,13518.5
2017-04-23,11667.0,14826.0,13312.333333333334
2017-04-24,12488.0,17029.0,15502.875
2017-04-25,12902.0,17144.0,15743.125
2017-04-26,12897.0,16915.0,15616.083333333334
2017-04-27,13551.0,17345.0,15880.833333333334
2017-04-28,13485.0,17104.0,15445.958333333334
2017-04-29,12733.0,15056.0,13991.458333333334
2017-04-30,12572.0,15531.0,14115.541666666666
2017-05-01,12939.0,17490.0,15974.208333333334
2017-05-02,13312.0,17089.0,15605.625
2017-05-03,12815.0,16632.0,15319.666666666666
2017-05-04,12601.0,16538.0,15139.791666666666
2017-05-05,12392.0,16415.0,14842.625
2017-05-06,11861.0,14426.0,13301.75
2017-05-07,11516.0,14632.0,13133.083333333334
2017-05-08,12033.0,16860.0,15201.625
2017-05-09,12418.0,16796.0,15301.208333333334
2017-05-10,12462.0,16724.0,15265.125
2017-05-11,12565.0,16765.0,15277.666666666666
2017-05-12,12297.0,16404.0,14834.291666666666
2017-05-13,12013.0,15508.0,14069.375
2017-05-14,11702.0,16291.0,14143.166666666666
2017-05-15,12509.0,19027.0,16538.833333333332
2017-05-16,13299.0,20379.0,17540.416666666668
2017-05-17,13561.0,18179.0,16507.25
2017-05-18,13023.0,17302.0,15733.458333333334
2017-05-19,12670.0,16589.0,14991.708333333334
2017-05-20,12184.0,14631.0,13671.25
2017-05-21,12153.0,15184.0,13807.916666666666
2017-05-22,12686.0,17128.0,15650.875
2017-05-23,12404.0,16556.0,15126.708333333334
2017-05-24,12664.0,16632.0,15298.291666666666
2017-05-25,12463.0,16847.0,15379.0
2017-05-26,12678.0,17138.0,15489.5
2017-05-27,11953.0,14771.0,13709.291666666666
2017-05-28,11481.0,14231.0,13201.625
2017-05-29,11553.0,14845.0,13459.416666666666
2017-05-30,12100.0,17161.0,15390.666666666666
2017-05-31,12546.0,16842.0,15411.333333333334
2017-06-01,12640.0,18032.0,16009.625
2017-06-02,13029.0,20421.0,17252.041666666668
2017-06-03,13480.0,19522.0,16843.416666666668
2017-06-04,13025.0,19609.0,16562.041666666668
2017-06-05,13454.0,20302.0,17462.208333333332
2017-06-06,13461.0,20006.0,17248.041666666668
2017-06-07,13429.0,19986.0,17259.875
2017-06-08,13687.0,21161.0,17950.666666666668
2017-06-09,13930.0,22219.0,18543.625
2017-06-10,13964.0,21773.0,18236.041666666668
2017-06-11,14317.0,21902.0,18316.416666666668
2017-06-12,14632.0,23433.0,19785.833333333332
2017-06-13,15168.0,23909.0,20188.416666666668
2017-06-14,15705.0,23638.0,20268.0
2017-06-15,14517.0,22813.0,19176.166666666668
2017-06-16,14581.0,22479.0,19003.041666666668
2017-06-17,13673.0,18212.0,16287.708333333334
2017-06-18,12558.0,16530.0,14749.666666666666
2017-06-19,12749.0,18747.0,16460.0
2017-06-20,12983.0,19592.0,16863.0
2017-06-21,13146.0,20340.0,17346.666666666668
2017-06-22,14156.0,20788.0,18101.958333333332
2017-06-23,13766.0,18790.0,16675.666666666668
2017-06-24,12469.0,15658.0,14425.916666666666
2017-06-25,11720.0,15262.0,13711.541666666666
2017-06-26,12133.0,17628.0,15612.083333333334
2017-06-27,12519.0,18555.0,16155.083333333334
2017-06-28,13186.0,19850.0,17046.791666666668
2017-06-29,13829.0,20712.0,17992.708333333332
2017-06-30,13591.0,19409.0,17047.75
2017-07-01,12802.0,17631.0,15443.333333333334
2017-07-02,12474.0,18996.0,15820.666666666666
2017-07-03,13010.0,20436.0,17096.708333333332
2017-07-04,13064.0,18996.0,16331.583333333334
2017-07-05,13921.0,23425.0,19384.208333333332
2017-07-06,15311.0,24844.0,20649.375
2017-07-07,15268.0,22021.0,18915.916666666668
2017-07-08,13629.0,20552.0,17169.5
2017-07-09,13431.0,21805.0,17714.25
2017-07-10,14703.0,23496.0,19715.208333333332
2017-07-11,15071.0,24163.0,20280.333333333332
2017-07-12,15862.0,23967.0,20390.291666666668
2017-07-13,15002.0,20635.0,18253.208333333332
2017-07-14,13563.0,20309.0,17391.125
2017-07-15,13337.0,21652.0,17690.666666666668
2017-07-16,14116.0,21722.0,17935.541666666668
2017-07-17,14389.0,24139.0,19788.208333333332
2017-07-18,15713.0,24208.0,20566.333333333332
2017-07-19,14870.0,23599.0,19812.166666666668
2017-07-20,15775.0,24723.0,20807.625
2017-07-21,15928.0,24005.0,20518.375
2017-07-22,14996.0,21830.0,18592.958333333332
2017-07-23,14041.0,20646.0,17431.583333333332
2017-07-24,13599.0,21203.0,17961.541666666668
2017-07-25,14128.0,23207.0,19195.375
2017-07-26,15465.0,22907.0,19788.166666666668
2017-07-27,14693.0,22120.0,19017.041666666668
2017-07-28,14509.0,21638.0,18466.833333333332
2017-07-29,13773.0,19885.0,16981.541666666668
2017-07-30,13384.0,20953.0,17198.75
2017-07-31,14235.0,23264.0,19332.625
2017-08-01,14868.0,23425.0,19630.916666666668
2017-08-02,14935.0,22664.0,19301.875
2017-08-03,14377.0,19374.0,17343.75
2017-08-04,12971.0,18281.0,16181.333333333334
2017-08-05,12404.0,16825.0,14882.166666666666
2017-08-06,12109.0,16494.0,14484.166666666666
2017-08-07,12823.0,19775.0,16932.75
2017-08-08,13417.0,20751.0,17547.666666666668
2017-08-09,13790.0,20642.0,17691.333333333332
2017-08-10,13603.0,19746.0,17242.166666666668
2017-08-11,13496.0,19067.0,16772.666666666668
2017-08-12,12768.0,17706.0,15457.708333333334
2017-08-13,12439.0,17113.0,14893.5
2017-08-14,13023.0,19954.0,17081.416666666668
2017-08-15,13447.0,20464.0,17528.625
2017-08-16,13837.0,20523.0,17863.833333333332
2017-08-17,14004.0,19592.0,17384.25
2017-08-18,13548.0,19639.0,17119.541666666668
2017-08-19,13000.0,19198.0,16212.583333333334
2017-08-20,13087.0,20045.0,16625.708333333332
2017-08-21,13911.0,21853.0,18529.666666666668
2017-08-22,13950.0,19407.0,17176.75
2017-08-23,13130.0,19143.0,16717.375
2017-08-24,13189.0,18493.0,16438.75
2017-08-25,13192.0,18115.0,16200.333333333334
2017-08-26,12592.0,16741.0,14995.666666666666
2017-08-27,12500.0,17305.0,15031.375
2017-08-28,12967.0,19226.0,16784.708333333332
2017-08-29,13208.0,19859.0,17159.166666666668
2017-08-30,13518.0,20813.0,17687.041666666668
2017-08-31,13505.0,19017.0,16786.416666666668
2017-09-01,13165.0,18096.0,16190.208333333334
2017-09-02,12452.0,16935.0,14943.416666666666
2017-09-03,12118.0,18567.0,15364.958333333334
2017-09-04,12789.0,16962.0,15009.416666666666
2017-09-05,12311.0,17969.0,15973.583333333334
2017-09-06,12455.0,16936.0,15405.125
2017-09-07,12430.0,17342.0,15675.291666666666
2017-09-08,12580.0,17175.0,15465.333333333334
2017-09-09,12140.0,16096.0,14472.791666666666
2017-09-10,11962.0,16993.0,14532.666666666666
2017-09-11,12736.0,19972.0,16990.583333333332
2017-09-12,13118.0,20509.0,17357.958333333332
2017-09-13,13765.0,21725.0,18249.916666666668
2017-09-14,14043.0,22137.0,18649.583333333332
2017-09-15,14347.0,21590.0,18468.083333333332
2017-09-16,13873.0,19301.0,16839.0
2017-09-17,12478.0,16356.0,14501.333333333334
2017-09-18,12099.0,17324.0,15576.291666666666
2017-09-19,12864.0,19494.0,16916.708333333332
2017-09-20,13478.0,19622.0,17198.833333333332
2017-09-21,13607.0,21509.0,18184.041666666668
2017-09-22,14656.0,22443.0,19006.875
2017-09-23,14761.0,21093.0,18008.125
2017-09-24,13989.0,20504.0,17189.208333333332
2017-09-25,14144.0,20913.0,18065.708333333332
2017-09-26,13377.0,18423.0,16513.041666666668
2017-09-27,12846.0,17274.0,15789.708333333334
2017-09-28,12510.0,17107.0,15555.375
2017-09-29,12585.0,16655.0,15183.083333333334
2017-09-30,12091.0,15311.0,14033.916666666666
2017-10-01,12065.0,16066.0,14061.416666666666
2017-10-02,12446.0,18416.0,16253.541666666666
2017-10-03,13284.0,18300.0,16473.25
2017-10-04,12803.0,17084.0,15640.166666666666
2017-10-05,12564.0,16911.0,15454.875
2017-10-06,12662.0,16924.0,15340.75
2017-10-07,12363.0,15359.0,14168.916666666666
2017-10-08,11713.0,16039.0,13832.875
2017-10-09,12125.0,17052.0,15364.416666666666
2017-10-10,12915.0,16954.0,15568.458333333334
2017-10-11,12742.0,16877.0,15437.958333333334
2017-10-12,12528.0,17229.0,15548.916666666666
2017-10-13,12761.0,16970.0,15438.0
2017-10-14,12346.0,15576.0,14254.541666666666
2017-10-15,12336.0,16038.0,14141.0
2017-10-16,12701.0,17331.0,15699.083333333334
2017-10-17,12807.0,17342.0,15696.208333333334
2017-10-18,12691.0,17221.0,15628.166666666666
2017-10-19,12807.0,17386.0,15784.041666666666
2017-10-20,12883.0,17268.0,15753.083333333334
2017-10-21,12643.0,16055.0,14682.75
2017-10-22,12350.0,16187.0,14212.541666666666
2017-10-23,12428.0,17492.0,15711.5
2017-10-24,13389.0,17904.0,16282.5
2017-10-25,13504.0,17520.0,16098.375
2017-10-26,13210.0,17778.0,16147.708333333334
2017-10-27,14089.0,18151.0,16657.125
2017-10-28,13897.0,16788.0,15566.625
2017-10-29,13855.0,17279.0,15395.416666666666
2017-10-30,13742.0,19062.0,17079.708333333332
2017-10-31,14715.0,19057.0,17262.833333333332
2017-11-01,14389.0,18630.0,17057.0
2017-11-02,14395.0,18700.0,17163.375
2017-11-03,14514.0,18564.0,16935.541666666668
2017-11-04,13958.0,16917.0,15644.541666666666
2017-11-05,13012.0,17633.0,15166.166666666666
2017-11-06,14491.0,19367.0,17409.541666666668
2017-11-07,14983.0,19304.0,17543.666666666668
2017-11-08,14901.0,19188.0,17414.291666666668
2017-11-09,15228.0,19798.0,17868.875
2017-11-10,15965.0,19570.0,18080.166666666668
2017-11-11,15127.0,18341.0,16721.5
2017-11-12,14390.0,18218.0,16119.75
2017-11-13,14426.0,19126.0,17249.958333333332
2017-11-14,14456.0,18838.0,17061.5
2017-11-15,14129.0,19083.0,17028.791666666668
2017-11-16,15009.0,19338.0,17554.0
2017-11-17,14812.0,18724.0,17165.583333333332
2017-11-18,14056.0,17987.0,16121.625
2017-11-19,14625.0,17983.0,16075.458333333334
2017-11-20,14279.0,19032.0,17039.875
2017-11-21,14484.0,19880.0,17651.25
2017-11-22,15545.0,19266.0,17791.375
2017-11-23,14435.0,16569.0,15326.625
2017-11-24,12966.0,16601.0,14861.041666666666
2017-11-25,12822.0,16371.0,14652.0
2017-11-26,13428.0,16752.0,14852.0
2017-11-27,13682.0,18423.0,16449.041666666668
2017-11-28,13699.0,18755.0,16636.958333333332
2017-11-29,14273.0,18704.0,16868.958333333332
2017-11-30,14185.0,18723.0,16859.125
2017-12-01,14247.0,18193.0,16603.708333333332
2017-12-02,13880.0,17492.0,15725.166666666666
2017-12-03,13475.0,17450.0,15283.458333333334
2017-12-04,13418.0,19220.0,16811.75
2017-12-05,15023.0,20524.0,18142.125
2017-12-06,15647.0,20601.0,18511.0
2017-12-07,16314.0,20385.0,18708.958333333332
2017-12-08,15980.0,19742.0,18183.333333333332
2017-12-09,15253.0,18986.0,17149.375
2017-12-10,14858.0,18679.0,16497.458333333332
2017-12-11,14776.0,20133.0,17843.958333333332
2017-12-12,15936.0,20481.0,18580.083333333332
2017-12-13,15455.0,20369.0,18228.791666666668
2017-12-14,15845.0,20298.0,18509.375
2017-12-15,15648.0,19525.0,17962.875
2017-12-16,14743.0,18215.0,16510.875
2017-12-17,14267.0,18279.0,16116.666666666666
2017-12-18,14598.0,19225.0,17337.541666666668
2017-12-19,14582.0,19359.0,17371.541666666668
2017-12-20,15312.0,19789.0,17932.666666666668
2017-12-21,15613.0,19866.0,18166.583333333332
2017-12-22,15791.0,19698.0,18155.041666666668
2017-12-23,15407.0,18851.0,17204.5
2017-12-24,14836.0,17828.0,16334.0
2017-12-25,15168.0,18739.0,17182.458333333332
2017-12-26,16901.0,21246.0,19350.625
2017-12-27,17566.0,21459.0,19719.541666666668
2017-12-28,17494.0,21782.0,19987.458333333332
2017-12-29,17464.0,21421.0,19763.666666666668
2017-12-30,17556.0,20666.0,19052.458333333332
2017-12-31,17505.0,20847.0,18905.458333333332
2018-01-01,17390.0,20714.0,18843.0
2018-01-02,17778.0,22561.0,20566.416666666668
2018-01-03,17695.0,22412.0,20440.625
2018-01-04,17981.0,21797.0,20224.333333333332
2018-01-05,18054.0,21907.0,20182.166666666668
2018-01-06,17602.0,20050.0,18770.291666666668
2018-01-07,16299.0,19474.0,17647.958333333332
2018-01-08,15494.0,19979.0,18135.041666666668
2018-01-09,15489.0,19462.0,17831.875
2018-01-10,14955.0,19341.0,17501.458333333332
2018-01-11,15197.0,20664.0,18434.416666666668
2018-01-12,17662.0,21521.0,19901.833333333332
2018-01-13,17391.0,19988.0,18663.458333333332
2018-01-14,17197.0,20423.0,18569.833333333332
2018-01-15,17462.0,22715.0,20530.708333333332
2018-01-16,18245.0,21834.0,20328.166666666668
2018-01-17,17642.0,21105.0,19401.708333333332
2018-01-18,16300.0,19816.0,18370.75
2018-01-19,15563.0,19123.0,17509.458333333332
2018-01-20,14399.0,17496.0,16045.875
2018-01-21,13905.0,17664.0,15685.083333333334
2018-01-22,14430.0,19539.0,17500.208333333332
2018-01-23,15323.0,19845.0,18089.583333333332
2018-01-24,15645.0,19608.0,17968.0
2018-01-25,15591.0,19620.0,17885.166666666668
2018-01-26,15237.0,18870.0,17279.791666666668
2018-01-27,14386.0,17700.0,16066.916666666666
2018-01-28,14628.0,18544.0,16427.083333333332
2018-01-29,15831.0,20036.0,18325.916666666668
2018-01-30,16612.0,20495.0,18709.125
2018-01-31,15981.0,20256.0,18452.958333333332
2018-02-01,16642.0,20785.0,19107.375
2018-02-02,17561.0,20875.0,19110.916666666668
2018-02-03,16149.0,18718.0,17493.583333333332
2018-02-04,16055.0,19776.0,17709.791666666668
2018-02-05,17304.0,21150.0,19646.458333333332
2018-02-06,17533.0,21372.0,19690.083333333332
2018-02-07,17348.0,20847.0,19391.791666666668
2018-02-08,17295.0,20920.0,19326.208333333332
2018-02-09,16835.0,20557.0,18918.791666666668
2018-02-10,16708.0,19005.0,17798.25
2018-02-11,16338.0,19376.0,17638.625
2018-02-12,17002.0,21002.0,19381.0
2018-02-13,17207.0,20640.0,19022.166666666668
2018-02-14,15913.0,19335.0,17809.75
2018-02-15,15186.0,19419.0,17737.416666666668
2018-02-16,16187.0,19712.0,18114.416666666668
2018-02-17,15647.0,17884.0,16757.875
2018-02-18,15035.0,17620.0,16179.333333333334
2018-02-19,14769.0,19459.0,17579.541666666668
2018-02-20,15981.0,19978.0,18443.458333333332
2018-02-21,16628.0,20138.0,18608.458333333332
2018-02-22,16530.0,20000.0,18428.166666666668
2018-02-23,15539.0,19074.0,17534.5
2018-02-24,15040.0,17193.0,16232.5
2018-02-25,14800.0,17952.0,16172.25
2018-02-26,15028.0,18840.0,17360.916666666668
2018-02-27,14898.0,18502.0,17099.666666666668
2018-02-28,14499.0,18190.0,16790.041666666668
2018-03-01,14603.0,18433.0,16970.083333333332
2018-03-02,15110.0,18305.0,16816.666666666668
2018-03-03,14277.0,16394.0,15400.833333333334
2018-03-04,13295.0,16521.0,14717.25
2018-03-05,13821.0,18677.0,16828.208333333332
2018-03-06,15054.0,19019.0,17550.291666666668
2018-03-07,15466.0,19189.0,17770.291666666668
2018-03-08,15402.0,18798.0,17373.416666666668
2018-03-09,15371.0,18430.0,16961.541666666668
2018-03-10,14551.0,16576.0,15599.583333333334
2018-03-11,14026.0,16974.0,15483.791666666666
2018-03-12,14311.0,18499.0,16930.375
2018-03-13,14637.0,18564.0,16708.958333333332
2018-03-14,14594.0,18530.0,16455.625
2018-03-15,14344.0,18232.0,16456.5
2018-03-16,14432.0,18141.0,16282.458333333334
2018-03-17,14246.0,16320.0,15224.833333333334
2018-03-18,13431.0,15980.0,14662.75
2018-03-19,13689.0,18041.0,16487.166666666668
2018-03-20,14202.0,18239.0,16644.958333333332
2018-03-21,14477.0,18288.0,16546.166666666668
2018-03-22,14280.0,18075.0,16325.958333333334
2018-03-23,14081.0,17912.0,16162.666666666666
2018-03-24,13994.0,16686.0,15501.625
2018-03-25,13888.0,16587.0,15201.458333333334
2018-03-26,13976.0,18159.0,16519.791666666668
2018-03-27,14240.0,18128.0,16498.958333333332
2018-03-28,14066.0,17710.0,16247.333333333334
2018-03-29,14066.0,17838.0,16214.5
2018-03-30,13952.0,17013.0,15540.416666666666
2018-03-31,13566.0,16428.0,15222.375
2018-04-01,14198.0,16353.0,15140.5
2018-04-02,14163.0,18203.0,16576.916666666668
2018-04-03,14567.0,18437.0,17053.833333333332
2018-04-04,15177.0,18953.0,17314.458333333332
2018-04-05,14865.0,18358.0,16807.166666666668
2018-04-06,14634.0,18484.0,16889.666666666668
2018-04-07,15332.0,17137.0,16091.25
2018-04-08,14325.0,16942.0,15526.791666666666
2018-04-09,14515.0,18620.0,17053.291666666668
2018-04-10,14423.0,18022.0,16264.0
2018-04-11,14033.0,17662.0,16181.25
2018-04-12,13467.0,17207.0,15854.25
2018-04-13,13472.0,17165.0,15800.583333333334
2018-04-14,13981.0,16700.0,15679.208333333334
2018-04-15,14233.0,17208.0,15759.0
2018-04-16,14749.0,18688.0,17123.916666666668
2018-04-17,14460.0,17903.0,16269.916666666666
2018-04-18,14035.0,17682.0,16300.333333333334
2018-04-19,14190.0,17738.0,16078.875
2018-04-20,13759.0,17181.0,15389.5
2018-04-21,12996.0,15156.0,14123.916666666666
2018-04-22,12395.0,14953.0,13690.208333333334
2018-04-23,12510.0,16567.0,15225.333333333334
2018-04-24,12762.0,16483.0,15227.541666666666
2018-04-25,12940.0,16586.0,15273.041666666666
2018-04-26,12791.0,16305.0,15106.5
2018-04-27,12812.0,16241.0,14884.958333333334
2018-04-28,12647.0,14684.0,13731.916666666666
2018-04-29,11984.0,14655.0,13239.875
2018-04-30,12166.0,17301.0,15602.25
2018-05-01,12943.0,17220.0,15709.333333333334
2018-05-02,12533.0,16746.0,15346.625
2018-05-03,12325.0,16569.0,15155.416666666666
2018-05-04,12595.0,16890.0,15327.041666666666
2018-05-05,12014.0,15192.0,13939.666666666666
2018-05-06,11540.0,14568.0,13146.041666666666
2018-05-07,12211.0,17847.0,15815.458333333334
2018-05-08,12958.0,17523.0,15889.041666666666
2018-05-09,13011.0,17489.0,15886.708333333334
2018-05-10,12691.0,17510.0,15800.833333333334
2018-05-11,12562.0,16257.0,14809.666666666666
2018-05-12,11997.0,14196.0,13329.875
2018-05-13,11573.0,15124.0,13413.708333333334
2018-05-14,12312.0,18142.0,16002.916666666666
2018-05-15,12824.0,18002.0,16065.708333333334
2018-05-16,12718.0,19694.0,16746.166666666668
2018-05-17,13349.0,20039.0,17289.291666666668
2018-05-18,13253.0,18658.0,16471.916666666668
2018-05-19,12705.0,15612.0,14480.041666666666
2018-05-20,11931.0,14698.0,13417.25
2018-05-21,11849.0,16605.0,15084.375
2018-05-22,12537.0,18009.0,15992.375
2018-05-23,13126.0,20074.0,17224.5
2018-05-24,14131.0,22112.0,18809.833333333332
2018-05-25,14758.0,22161.0,19025.833333333332
2018-05-26,14006.0,21385.0,17971.041666666668
2018-05-27,13503.0,22055.0,17990.583333333332
2018-05-28,14185.0,22611.0,18630.375
2018-05-29,15216.0,24079.0,20358.041666666668
2018-05-30,15353.0,21381.0,19039.041666666668
2018-05-31,14166.0,21775.0,18598.333333333332
2018-06-01,14265.0,20931.0,18018.583333333332
2018-06-02,13391.0,16416.0,15236.625
2018-06-03,12325.0,16570.0,14576.791666666666
2018-06-04,12495.0,19642.0,16647.041666666668
2018-06-05,13324.0,20291.0,17282.833333333332
2018-06-06,13714.0,20962.0,17844.833333333332
2018-06-07,14048.0,21364.0,18200.125
2018-06-08,13986.0,19728.0,17329.916666666668
2018-06-09,13344.0,19287.0,16659.916666666668
2018-06-10,13227.0,19557.0,16472.375
2018-06-11,13335.0,20679.0,17669.708333333332
2018-06-12,13696.0,20469.0,17624.916666666668
2018-06-13,13615.0,19886.0,17252.916666666668
2018-06-14,13556.0,20718.0,17689.458333333332
2018-06-15,14515.0,23123.0,19464.666666666668
2018-06-16,14908.0,22054.0,18809.583333333332
2018-06-17,14742.0,22237.0,18751.416666666668
2018-06-18,15503.0,22267.0,19517.041666666668
2018-06-19,14744.0,20220.0,18083.541666666668
2018-06-20,13905.0,20189.0,17677.291666666668
2018-06-21,13926.0,19208.0,17163.916666666668
2018-06-22,13614.0,19291.0,17055.208333333332
2018-06-23,13184.0,18526.0,16121.583333333334
2018-06-24,13049.0,18582.0,16018.0
2018-06-25,13906.0,19550.0,17460.583333333332
2018-06-26,13863.0,19583.0,17373.041666666668
2018-06-27,14090.0,22192.0,18741.5
2018-06-28,14550.0,23973.0,19953.625
2018-06-29,16241.0,26165.0,21785.041666666668
2018-06-30,16066.0,22441.0,19576.166666666668
2018-07-01,14603.0,20921.0,17957.625
2018-07-02,13858.0,23726.0,19391.375
2018-07-03,14859.0,23286.0,19508.041666666668
2018-07-04,15395.0,22803.0,19455.958333333332
2018-07-05,15082.0,22424.0,19167.958333333332
2018-07-06,14286.0,21457.0,18246.625
2018-07-07,13589.0,20199.0,17047.708333333332
2018-07-08,13591.0,22246.0,17873.583333333332
2018-07-09,15010.0,24740.0,20389.25
2018-07-10,15765.0,24619.0,20705.958333333332
2018-07-11,15609.0,24920.0,20866.291666666668
2018-07-12,16307.0,25482.0,21426.0
2018-07-13,16402.0,23809.0,20535.291666666668
2018-07-14,14968.0,22486.0,18942.791666666668
2018-07-15,14670.0,22594.0,18741.291666666668
2018-07-16,15154.0,23190.0,19562.333333333332
2018-07-17,14626.0,22036.0,18680.708333333332
2018-07-18,14437.0,22192.0,18788.208333333332
2018-07-19,14813.0,20981.0,18449.791666666668
2018-07-20,14244.0,20239.0,17727.916666666668
2018-07-21,13483.0,19090.0,16504.666666666668
2018-07-22,13340.0,19922.0,16652.708333333332
2018-07-23,14009.0,22491.0,18843.541666666668
2018-07-24,14558.0,22423.0,18903.708333333332
2018-07-25,14473.0,21428.0,18421.125
2018-07-26,14119.0,18847.0,17002.75
2018-07-27,13337.0,19113.0,16704.166666666668
2018-07-28,12791.0,17478.0,15375.458333333334
2018-07-29,12643.0,18244.0,15511.5
2018-07-30,13541.0,20917.0,17820.208333333332
2018-07-31,14061.0,21853.0,18437.666666666668
2018-08-01,14590.0,21187.0,18362.541666666668
2018-08-02,13712.0,19765.0,17229.833333333332
2018-08-03,13684.0,22098.0,18399.25
2018-08-04,14487.0,19569.0,17361.25
2018-08-05,13779.0,21310.0,17691.583333333332
2018-08-06,14844.0,22475.0,19272.25
2018-08-07,14363.0,21776.0,18580.666666666668
2018-08-08,14343.0,23479.0,19404.208333333332
2018-08-09,15192.0,24117.0,20163.625
2018-08-10,15274.0,23763.0,19879.208333333332
2018-08-11,14474.0,22635.0,18703.291666666668
2018-08-12,14443.0,23108.0,18816.125
2018-08-13,15324.0,25191.0,20820.791666666668
2018-08-14,15808.0,23498.0,20079.75
2018-08-15,15241.0,22459.0,19257.291666666668
2018-08-16,14920.0,22780.0,19343.375
2018-08-17,14896.0,23136.0,19409.166666666668
2018-08-18,14120.0,21451.0,17885.75
2018-08-19,13793.0,20828.0,17354.625
2018-08-20,14337.0,20098.0,17870.333333333332
2018-08-21,13738.0,19242.0,17053.25
2018-08-22,13291.0,19616.0,16981.416666666668
2018-08-23,13329.0,19480.0,16956.375
2018-08-24,13882.0,19272.0,17095.625
2018-08-25,13325.0,20841.0,17304.375
2018-08-26,13772.0,21328.0,17799.75
2018-08-27,15042.0,23398.0,19924.166666666668
2018-08-28,15362.0,20729.0,18457.708333333332
2018-08-29,13585.0,18714.0,16764.5
2018-08-30,13112.0,19085.0,16671.791666666668
2018-08-31,13853.0,20058.0,17594.333333333332
2018-09-01,13944.0,19351.0,16910.666666666668
2018-09-02,13391.0,18589.0,16151.166666666666
2018-09-03,13184.0,19045.0,16379.166666666666
2018-09-04,14159.0,21324.0,18577.291666666668
2018-09-05,14312.0,19170.0,17395.708333333332
2018-09-06,13065.0,18452.0,16460.0
2018-09-07,12981.0,17592.0,15853.708333333334
2018-09-08,12452.0,16058.0,14587.333333333334
2018-09-09,12084.0,16387.0,14197.625
2018-09-10,12542.0,18579.0,16291.5
2018-09-11,13268.0,19735.0,17142.916666666668
2018-09-12,13639.0,20358.0,17567.375
2018-09-13,13915.0,20899.0,17987.583333333332
2018-09-14,14448.0,21814.0,18617.583333333332
2018-09-15,14145.0,20776.0,17659.25
2018-09-16,14389.0,21438.0,17961.416666666668
2018-09-17,15018.0,22952.0,19532.625
2018-09-18,14176.0,20455.0,17877.708333333332
2018-09-19,13376.0,19438.0,17106.875
2018-09-20,13581.0,20272.0,17679.375
2018-09-21,13781.0,17811.0,16140.375
2018-09-22,12227.0,15189.0,14008.125
2018-09-23,11814.0,15959.0,13913.833333333334
2018-09-24,12422.0,17955.0,15947.916666666666
2018-09-25,12955.0,17380.0,15768.5
2018-09-26,12876.0,16963.0,15576.875
2018-09-27,12461.0,16862.0,15397.958333333334
2018-09-28,12820.0,16712.0,15332.708333333334
2018-09-29,12668.0,15343.0,14253.75
2018-09-30,12537.0,16091.0,14292.541666666666
2018-10-01,12601.0,17278.0,15713.416666666666
2018-10-02,13033.0,17378.0,15922.583333333334
2018-10-03,12959.0,18892.0,16598.708333333332
2018-10-04,13519.0,17305.0,16040.291666666666
2018-10-05,13126.0,16852.0,15417.791666666666
2018-10-06,12730.0,15643.0,14453.375
2018-10-07,12573.0,16243.0,14337.958333333334
2018-10-08,12952.0,18194.0,16350.166666666666
2018-10-09,13209.0,17938.0,16275.833333333334
2018-10-10,13223.0,17234.0,15922.083333333334
2018-10-11,13663.0,17811.0,16357.166666666666
2018-10-12,13880.0,17743.0,16076.125
2018-10-13,13170.0,16014.0,14815.541666666666
2018-10-14,13129.0,17058.0,15043.166666666666
2018-10-15,13860.0,18221.0,16607.083333333332
2018-10-16,13890.0,17777.0,16319.041666666666
2018-10-17,13685.0,17725.0,16279.625
2018-10-18,13788.0,17616.0,16170.666666666666
2018-10-19,13259.0,17135.0,15709.5
2018-10-20,12853.0,16341.0,14794.791666666666
2018-10-21,13458.0,16463.0,14820.666666666666
2018-10-22,13266.0,17761.0,16186.791666666666
2018-10-23,13608.0,17732.0,16247.458333333334
2018-10-24,13849.0,17892.0,16256.958333333334
2018-10-25,13518.0,17644.0,16236.041666666666
2018-10-26,13464.0,17561.0,15908.666666666666
2018-10-27,13001.0,15907.0,14731.625
2018-10-28,12807.0,16484.0,14539.083333333334
2018-10-29,13094.0,17725.0,16095.5
2018-10-30,13571.0,17878.0,16323.166666666666
2018-10-31,13600.0,17842.0,16227.583333333334
2018-11-01,13440.0,17802.0,16217.291666666666
2018-11-02,13850.0,17803.0,16198.791666666666
2018-11-03,13511.0,16587.0,15247.583333333334
2018-11-04,13171.0,17091.0,14981.25
2018-11-05,13768.0,18524.0,16611.0
2018-11-06,14147.0,18948.0,17023.916666666668
2018-11-07,14888.0,19411.0,17539.916666666668
2018-11-08,15224.0,19567.0,17744.5
2018-11-09,15530.0,19621.0,17998.416666666668
2018-11-10,15535.0,18598.0,17058.791666666668
2018-11-11,15463.0,19334.0,17163.833333333332
2018-11-12,15241.0,20675.0,18465.583333333332
2018-11-13,16218.0,20174.0,18522.166666666668
2018-11-14,15776.0,19470.0,17920.666666666668
2018-11-15,15035.0,19392.0,17623.791666666668
2018-11-16,14967.0,19213.0,17470.125
2018-11-17,14761.0,18453.0,16648.416666666668
2018-11-18,15093.0,18587.0,16549.75
2018-11-19,15191.0,20387.0,18188.541666666668
2018-11-20,16202.0,20100.0,18442.666666666668
2018-11-21,15646.0,19764.0,18144.666666666668
2018-11-22,14785.0,16845.0,15599.375
2018-11-23,13697.0,17481.0,15707.041666666666
2018-11-24,13610.0,17451.0,15570.708333333334
2018-11-25,14154.0,18704.0,16230.916666666666
2018-11-26,15723.0,20855.0,18692.583333333332
2018-11-27,16645.0,20811.0,19019.833333333332
2018-11-28,16219.0,20309.0,18536.083333333332
2018-11-29,15841.0,20241.0,18393.166666666668
2018-11-30,15257.0,19080.0,17565.666666666668
2018-12-01,14511.0,18247.0,16393.916666666668
2018-12-02,14603.0,19323.0,16883.833333333332
2018-12-03,15381.0,20698.0,18434.708333333332
2018-12-04,15970.0,20627.0,18589.5
2018-12-05,15763.0,20257.0,18298.125
2018-12-06,15734.0,20491.0,18473.416666666668
2018-12-07,16507.0,19876.0,18432.291666666668
2018-12-08,15813.0,19043.0,17392.958333333332
2018-12-09,15254.0,19273.0,17101.375
2018-12-10,15422.0,20201.0,18128.833333333332
2018-12-11,15954.0,20403.0,18448.916666666668
2018-12-12,15534.0,20134.0,18101.666666666668
2018-12-13,15517.0,19898.0,18031.833333333332
2018-12-14,15434.0,19078.0,17564.416666666668
2018-12-15,14750.0,17863.0,16314.791666666666
2018-12-16,14305.0,18321.0,16156.291666666666
2018-12-17,14779.0,19503.0,17466.458333333332
2018-12-18,15387.0,19410.0,17667.75
2018-12-19,14811.0,19501.0,17415.041666666668
2018-12-20,14804.0,19877.0,17720.208333333332
2018-12-21,15397.0,19611.0,17799.916666666668
2018-12-22,14981.0,18403.0,16748.541666666668
2018-12-23,14737.0,18825.0,16673.5
2018-12-24,14949.0,18291.0,16971.333333333332
2018-12-25,14222.0,16881.0,15623.75
2018-12-26,14352.0,18951.0,16841.125
2018-12-27,14885.0,19522.0,17529.791666666668
2018-12-28,15165.0,19994.0,17976.291666666668
2018-12-29,16105.0,18847.0,17421.125
2018-12-30,15353.0,18717.0,16731.375
2018-12-31,15010.0,19910.0,17671.708333333332
2019-01-01,15837.0,19698.0,17557.416666666668
2019-01-02,16746.0,20593.0,18894.958333333332
2019-01-03,16353.0,20276.0,18448.125
2019-01-04,15256.0,18955.0,17321.458333333332
2019-01-05,14408.0,17474.0,15925.375
2019-01-06,14204.0,18185.0,15975.166666666666
2019-01-07,14383.0,19212.0,17216.583333333332
2019-01-08,14902.0,20096.0,17907.125
2019-01-09,16266.0,20542.0,18810.75
2019-01-10,16523.0,20046.0,18554.583333333332
2019-01-11,16096.0,19702.0,18104.416666666668
2019-01-12,15080.0,18194.0,16689.708333333332
2019-01-13,14840.0,18264.0,16418.708333333332
2019-01-14,15037.0,19560.0,17751.0
2019-01-15,15464.0,19599.0,17936.416666666668
2019-01-16,15929.0,20143.0,18423.0
2019-01-17,15899.0,19775.0,18190.541666666668
2019-01-18,16458.0,20011.0,18658.25
2019-01-19,16511.0,19465.0,18018.125
2019-01-20,16938.0,19971.0,18189.458333333332
2019-01-21,17246.0,21289.0,19654.541666666668
2019-01-22,17098.0,20925.0,19430.916666666668
2019-01-23,16598.0,20601.0,18947.875
2019-01-24,16684.0,21425.0,19398.041666666668
2019-01-25,18034.0,21502.0,19755.083333333332
2019-01-26,17493.0,19646.0,18540.833333333332
2019-01-27,17172.0,20056.0,18453.5
2019-01-28,16853.0,21613.0,19739.791666666668
2019-01-29,18012.0,22584.0,20663.5
2019-01-30,20067.0,23627.0,22112.333333333332
2019-01-31,19222.0,22342.0,20838.041666666668
2019-02-01,18222.0,21450.0,19748.083333333332
2019-02-02,16091.0,17916.0,16917.041666666668
2019-02-03,14431.0,17843.0,15988.791666666666
2019-02-04,15133.0,20410.0,18199.166666666668
2019-02-05,17006.0,20409.0,19003.125
2019-02-06,16846.0,20447.0,19006.208333333332
2019-02-07,16821.0,21288.0,19477.583333333332
2019-02-08,18555.0,22341.0,20612.958333333332
2019-02-09,17877.0,19723.0,18804.5
2019-02-10,16654.0,19597.0,17997.0
2019-02-11,16676.0,20676.0,19149.416666666668
2019-02-12,16485.0,20820.0,19085.583333333332
2019-02-13,17058.0,20453.0,19031.0
2019-02-14,16241.0,20370.0,18689.333333333332
2019-02-15,17678.0,21039.0,19434.208333333332
2019-02-16,17023.0,18930.0,17953.458333333332
2019-02-17,15871.0,19054.0,17286.25
2019-02-18,16388.0,20564.0,18880.125
2019-02-19,17215.0,20634.0,19144.958333333332
2019-02-20,16525.0,19882.0,18560.458333333332
2019-02-21,16499.0,19961.0,18607.916666666668
2019-02-22,16232.0,19450.0,17858.291666666668
2019-02-23,14971.0,17662.0,16410.875
2019-02-24,15201.0,19286.0,17084.166666666668
2019-02-25,17552.0,21213.0,19828.916666666668
2019-02-26,17659.0,20821.0,19592.666666666668
2019-02-27,17267.0,20689.0,19293.166666666668
2019-02-28,17477.0,20731.0,19178.75
2019-03-01,16613.0,19676.0,18300.5
2019-03-02,16047.0,18532.0,17324.416666666668
2019-03-03,16762.0,20059.0,18156.75
2019-03-04,17991.0,21700.0,20207.291666666668
2019-03-05,17735.0,21027.0,19718.458333333332
2019-03-06,17530.0,20722.0,19324.125
2019-03-07,16950.0,20169.0,18816.708333333332
2019-03-08,16340.0,19329.0,17816.708333333332
2019-03-09,14919.0,17264.0,16205.125
2019-03-10,14942.0,17836.0,16289.875
2019-03-11,15636.0,19639.0,17799.708333333332
2019-03-12,15342.0,18955.0,17126.208333333332
2019-03-13,14812.0,18454.0,16977.916666666668
2019-03-14,14441.0,18292.0,16973.458333333332
2019-03-15,15130.0,18660.0,17135.083333333332
2019-03-16,14907.0,16897.0,15937.541666666666
2019-03-17,14397.0,16838.0,15436.583333333334
2019-03-18,14855.0,18749.0,17178.875
2019-03-19,14541.0,18283.0,16475.541666666668
2019-03-20,14463.0,18164.0,16578.625
2019-03-21,14412.0,18185.0,16317.25
2019-03-22,14084.0,17624.0,15792.166666666666
2019-03-23,14019.0,15986.0,14810.458333333334
2019-03-24,12981.0,16179.0,14464.041666666666
2019-03-25,14100.0,18279.0,16477.458333333332
2019-03-26,14245.0,17930.0,16064.333333333334
2019-03-27,14025.0,17631.0,16094.541666666666
2019-03-28,13491.0,17294.0,15844.5
2019-03-29,13976.0,17485.0,15791.208333333334
2019-03-30,13685.0,15806.0,14814.333333333334
2019-03-31,14119.0,16125.0,15030.458333333334
2019-04-01,13987.0,17948.0,16311.166666666666
2019-04-02,13945.0,17658.0,16030.541666666666
2019-04-03,14009.0,17585.0,16070.875
2019-04-04,13639.0,17273.0,15867.833333333334
2019-04-05,13981.0,17470.0,15889.458333333334
2019-04-06,12961.0,15435.0,14462.375
2019-04-07,12565.0,15657.0,14235.0
2019-04-08,12915.0,17040.0,15753.75
2019-04-09,13232.0,16993.0,15673.333333333334
2019-04-10,13527.0,17318.0,16047.666666666666
2019-04-11,14440.0,18078.0,16748.583333333332
2019-04-12,14435.0,17929.0,16535.75
2019-04-13,13928.0,15846.0,14885.041666666666
2019-04-14,13291.0,15654.0,14348.416666666666
2019-04-15,13741.0,17613.0,15877.583333333334
2019-04-16,13418.0,17077.0,15720.125
2019-04-17,12926.0,16563.0,15411.0
2019-04-18,13488.0,17193.0,15908.0
2019-04-19,13193.0,16540.0,15129.0
2019-04-20,12257.0,14198.0,13349.833333333334
2019-04-21,11703.0,14651.0,13069.958333333334
2019-04-22,12328.0,16444.0,15082.541666666666
2019-04-23,13101.0,16665.0,15381.583333333334
2019-04-24,12606.0,16130.0,15056.125
2019-04-25,12759.0,16323.0,15155.625
2019-04-26,12936.0,16503.0,14988.958333333334
2019-04-27,12535.0,15102.0,14061.125
2019-04-28,13047.0,15530.0,14269.75
2019-04-29,12952.0,16953.0,15535.166666666666
2019-04-30,13199.0,16897.0,15653.791666666666
2019-05-01,13313.0,16845.0,15547.0
2019-05-02,13083.0,16747.0,15410.458333333334
2019-05-03,12855.0,16369.0,14969.958333333334
2019-05-04,12135.0,14177.0,13375.75
2019-05-05,11768.0,14798.0,13265.625
2019-05-06,12169.0,16335.0,15010.375
2019-05-07,12670.0,16117.0,14921.5
2019-05-08,12606.0,16252.0,15138.5
2019-05-09,13149.0,16931.0,15560.666666666666
2019-05-10,13158.0,16475.0,14977.208333333334
2019-05-11,12153.0,14253.0,13457.125
2019-05-12,12049.0,14748.0,13354.333333333334
2019-05-13,12107.0,16275.0,14943.208333333334
2019-05-14,12444.0,16273.0,15048.625
2019-05-15,12454.0,17022.0,15380.791666666666
2019-05-16,12918.0,18707.0,16399.75
2019-05-17,13004.0,16773.0,15373.875
2019-05-18,12402.0,14856.0,13998.708333333334
2019-05-19,12633.0,15662.0,14194.416666666666
2019-05-20,12932.0,16800.0,15462.75
2019-05-21,12416.0,16035.0,14922.375
2019-05-22,12999.0,16682.0,15576.875
2019-05-23,12833.0,16910.0,15627.333333333334
2019-05-24,12673.0,16654.0,15414.125
2019-05-25,12699.0,16110.0,14654.875
2019-05-26,11574.0,14932.0,13355.583333333334
2019-05-27,11744.0,15194.0,13600.5
2019-05-28,12366.0,17632.0,15796.083333333334
2019-05-29,12573.0,16962.0,15506.708333333334
2019-05-30,12889.0,18753.0,16409.916666666668
2019-05-31,13212.0,19831.0,17035.791666666668
2019-06-01,12990.0,16150.0,14826.833333333334
2019-06-02,11931.0,15667.0,13854.875
2019-06-03,12430.0,19053.0,16300.375
2019-06-04,13319.0,20274.0,17310.708333333332
2019-06-05,14059.0,21111.0,17989.875
2019-06-06,13865.0,21000.0,17909.875
2019-06-07,14102.0,21506.0,18186.166666666668
2019-06-08,13695.0,19415.0,16592.833333333332
2019-06-09,13159.0,16582.0,15092.0
2019-06-10,12658.0,18592.0,16277.416666666666
2019-06-11,12886.0,17507.0,15817.5
2019-06-12,12777.0,17192.0,15641.291666666666
2019-06-13,12701.0,17467.0,15688.958333333334
2019-06-14,12727.0,17830.0,15801.958333333334
2019-06-15,12628.0,16337.0,14819.958333333334
2019-06-16,12300.0,16429.0,14505.333333333334
2019-06-17,12500.0,18459.0,16197.416666666666
2019-06-18,13193.0,18962.0,16689.625
2019-06-19,13204.0,18440.0,16425.25
2019-06-20,13234.0,18409.0,16452.708333333332
2019-06-21,13322.0,17946.0,16186.625
2019-06-22,12627.0,16844.0,15039.708333333334
2019-06-23,12664.0,17190.0,15066.625
2019-06-24,13285.0,18969.0,16850.333333333332
2019-06-25,13250.0,21033.0,17650.708333333332
2019-06-26,13778.0,21672.0,18223.833333333332
2019-06-27,14624.0,22140.0,18961.541666666668
2019-06-28,15190.0,23808.0,20043.625
2019-06-29,14372.0,22342.0,18711.916666666668
2019-06-30,14938.0,23223.0,19312.25
2019-07-01,15501.0,23124.0,19940.583333333332
2019-07-02,15064.0,22939.0,19553.0
2019-07-03,14935.0,22763.0,19321.708333333332
2019-07-04,14879.0,20466.0,17941.875
2019-07-05,14286.0,21299.0,18349.958333333332
2019-07-06,13521.0,18716.0,16290.0
2019-07-07,13078.0,19356.0,16212.708333333334
2019-07-08,13912.0,22512.0,18792.666666666668
2019-07-09,15050.0,22791.0,19535.708333333332
2019-07-10,15445.0,21364.0,18984.916666666668
2019-07-11,14307.0,21798.0,18464.791666666668
2019-07-12,14483.0,23019.0,19191.583333333332
2019-07-13,14713.0,22108.0,18537.625
2019-07-14,14596.0,23461.0,19229.541666666668
2019-07-15,16284.0,25614.0,21548.875
2019-07-16,16533.0,24855.0,21237.708333333332
2019-07-17,16238.0,24204.0,20877.708333333332
2019-07-18,16216.0,25382.0,21445.791666666668
2019-07-19,16710.0,25833.0,21807.916666666668
2019-07-20,15989.0,20775.0,18545.416666666668
2019-07-21,13569.0,18643.0,16230.166666666666
2019-07-22,13592.0,19835.0,17198.916666666668
2019-07-23,13707.0,20918.0,17760.333333333332
2019-07-24,14176.0,21865.0,18494.333333333332
2019-07-25,14666.0,21778.0,18748.5
2019-07-26,14603.0,22382.0,18946.125
2019-07-27,14772.0,21947.0,18425.0
2019-07-28,14330.0,21152.0,17931.541666666668
2019-07-29,14506.0,20819.0,18157.916666666668
2019-07-30,13859.0,19847.0,17304.291666666668
2019-07-31,13686.0,20106.0,17415.958333333332
2019-08-01,13904.0,21376.0,18125.75
2019-08-02,14492.0,22018.0,18701.125
2019-08-03,14123.0,21173.0,17751.833333333332
2019-08-04,14063.0,21935.0,18043.958333333332
2019-08-05,15208.0,23308.0,19866.333333333332
2019-08-06,15237.0,23171.0,19650.708333333332
2019-08-07,14946.0,22599.0,19241.833333333332
2019-08-08,14737.0,20869.0,18219.0
2019-08-09,13869.0,20187.0,17425.166666666668
2019-08-10,13434.0,17997.0,15868.125
2019-08-11,13340.0,20014.0,16746.875
2019-08-12,14316.0,21548.0,18599.75
2019-08-13,14268.0,20663.0,17968.041666666668
2019-08-14,14090.0,19468.0,17295.416666666668
2019-08-15,13649.0,19892.0,17343.166666666668
2019-08-16,13926.0,20148.0,17496.75
2019-08-17,13289.0,19314.0,16468.041666666668
2019-08-18,13562.0,18863.0,16245.458333333334
2019-08-19,13339.0,21480.0,17878.291666666668
2019-08-20,14207.0,22287.0,18780.375
2019-08-21,14455.0,19907.0,17663.958333333332
2019-08-22,13401.0,19136.0,16789.208333333332
2019-08-23,13433.0,19115.0,16729.583333333332
2019-08-24,12863.0,17075.0,15168.0
2019-08-25,12606.0,17007.0,14919.0
2019-08-26,13117.0,18929.0,16694.458333333332
2019-08-27,13567.0,18904.0,16835.375
2019-08-28,12970.0,18302.0,16210.333333333334
2019-08-29,13071.0,19438.0,16788.75
2019-08-30,13278.0,17883.0,16091.958333333334
2019-08-31,12584.0,15848.0,14487.75
2019-09-01,12017.0,16355.0,14237.083333333334
2019-09-02,12010.0,17925.0,15061.041666666666
2019-09-03,13481.0,20037.0,17503.083333333332
2019-09-04,13321.0,18664.0,16611.875
2019-09-05,13070.0,19770.0,16978.375
2019-09-06,13718.0,18265.0,16492.291666666668
2019-09-07,12572.0,15727.0,14518.125
2019-09-08,12182.0,16102.0,14120.166666666666
2019-09-09,12505.0,18325.0,16237.625
2019-09-10,13782.0,20359.0,17753.083333333332
2019-09-11,13658.0,19633.0,17317.875
2019-09-12,13612.0,19152.0,17100.041666666668
2019-09-13,13579.0,17696.0,16154.625
2019-09-14,12401.0,16662.0,14796.708333333334
2019-09-15,12394.0,18275.0,15305.916666666666
2019-09-16,13068.0,21101.0,17766.25
2019-09-17,14360.0,21832.0,18682.583333333332
2019-09-18,14911.0,21807.0,18940.083333333332
2019-09-19,14559.0,21312.0,18553.625
2019-09-20,14308.0,20775.0,18111.791666666668
2019-09-21,14158.0,18383.0,16557.083333333332
2019-09-22,13296.0,16449.0,15042.291666666666
2019-09-23,12686.0,17771.0,16030.958333333334
2019-09-24,13066.0,18860.0,16584.208333333332
2019-09-25,13460.0,17544.0,16145.416666666666
2019-09-26,12837.0,17142.0,15725.333333333334
2019-09-27,12824.0,16844.0,15353.875
2019-09-28,12263.0,15207.0,14022.625
2019-09-29,11985.0,16457.0,14263.375
2019-09-30,13041.0,20852.0,17710.25
2019-10-01,14132.0,18498.0,16904.5
2019-10-02,13089.0,16936.0,15652.375
2019-10-03,12844.0,16712.0,15406.375
2019-10-04,12925.0,16492.0,15068.041666666666
2019-10-05,12376.0,15355.0,14100.291666666666
2019-10-06,12338.0,16057.0,14106.75
2019-10-07,12374.0,17005.0,15343.875
2019-10-08,12606.0,16713.0,15211.0
2019-10-09,12706.0,17068.0,15475.625
2019-10-10,12959.0,17293.0,15783.041666666666
2019-10-11,13256.0,17216.0,15874.958333333334
2019-10-12,13649.0,16197.0,15115.333333333334
2019-10-13,13150.0,16572.0,14731.041666666666
2019-10-14,13362.0,17611.0,16097.25
2019-10-15,13280.0,17243.0,15815.458333333334
2019-10-16,13503.0,17419.0,15988.25
2019-10-17,13418.0,17242.0,15778.833333333334
2019-10-18,13176.0,16757.0,15418.208333333334
2019-10-19,12381.0,15351.0,14119.666666666666
2019-10-20,12260.0,15945.0,13994.375
2019-10-21,12394.0,17344.0,15619.416666666666
2019-10-22,13445.0,17702.0,16183.041666666666
2019-10-23,13631.0,17635.0,16187.958333333334
2019-10-24,13790.0,17747.0,16294.666666666666
2019-10-25,13831.0,17568.0,15772.041666666666
2019-10-26,13201.0,15844.0,14708.333333333334
2019-10-27,13037.0,16741.0,14789.041666666666
2019-10-28,13815.0,18600.0,16919.333333333332
2019-10-29,14528.0,18639.0,16985.0
2019-10-30,14832.0,18725.0,17152.791666666668
2019-10-31,14996.0,18957.0,17159.958333333332
2019-11-01,14657.0,18540.0,16992.0
2019-11-02,14068.0,16903.0,15661.125
2019-11-03,13582.0,17176.0,15161.875
2019-11-04,13928.0,19019.0,16946.625
2019-11-05,14956.0,19111.0,17358.583333333332
2019-11-06,15039.0,19303.0,17489.25
2019-11-07,15717.0,19674.0,18037.5
2019-11-08,16078.0,19369.0,17915.75
2019-11-09,14844.0,17764.0,16313.166666666666
2019-11-10,14197.0,18501.0,16186.666666666666
2019-11-11,15440.0,20533.0,18460.083333333332
2019-11-12,16741.0,20604.0,18928.083333333332
2019-11-13,16666.0,20566.0,18849.916666666668
2019-11-14,16338.0,20300.0,18677.166666666668
2019-11-15,15596.0,19034.0,17584.375
2019-11-16,14516.0,17751.0,16131.375
2019-11-17,14192.0,18338.0,16082.208333333334
2019-11-18,14505.0,19397.0,17382.041666666668
2019-11-19,14747.0,19065.0,17264.0
2019-11-20,14545.0,18858.0,17047.083333333332
2019-11-21,14452.0,19389.0,17308.291666666668
2019-11-22,15604.0,19070.0,17526.041666666668
2019-11-23,14565.0,17385.0,15901.166666666666
2019-11-24,14046.0,17688.0,15639.416666666666
2019-11-25,14111.0,19067.0,17013.458333333332
2019-11-26,14858.0,19390.0,17497.791666666668
2019-11-27,14779.0,19387.0,17521.916666666668
2019-11-28,15074.0,17207.0,16020.416666666666
2019-11-29,14234.0,17739.0,16017.458333333334
2019-11-30,14018.0,17514.0,15757.166666666666
2019-12-01,14119.0,18620.0,16278.375
2019-12-02,15393.0,19981.0,17965.833333333332
2019-12-03,15406.0,19569.0,17706.291666666668
2019-12-04,15091.0,19611.0,17585.041666666668
2019-12-05,15063.0,19184.0,17417.291666666668
2019-12-06,15242.0,19403.0,17619.291666666668
2019-12-07,15156.0,18048.0,16510.791666666668
2019-12-08,14236.0,18521.0,16158.708333333334
2019-12-09,14998.0,20594.0,18177.458333333332
2019-12-10,16948.0,21162.0,19377.458333333332
2019-12-11,17266.0,21281.0,19484.083333333332
2019-12-12,16976.0,20709.0,19104.958333333332
2019-12-13,16548.0,20260.0,18745.5
2019-12-14,15874.0,19725.0,17821.5
2019-12-15,16395.0,19816.0,17827.541666666668
2019-12-16,16474.0,21103.0,19140.25
2019-12-17,16654.0,20966.0,19197.416666666668
2019-12-18,17055.0,20949.0,19302.166666666668
2019-12-19,16493.0,20304.0,18683.041666666668
2019-12-20,16059.0,19577.0,18132.041666666668
2019-12-21,15249.0,17901.0,16537.375
2019-12-22,14407.0,17813.0,15861.666666666666
2019-12-23,14573.0,19037.0,17098.5
2019-12-24,14435.0,17293.0,16126.083333333334
2019-12-25,13626.0,16254.0,15048.208333333334
2019-12-26,13296.0,18241.0,15927.375
2019-12-27,14963.0,18762.0,17153.833333333332
2019-12-28,14688.0,18154.0,16396.375
2019-12-29,14034.0,18550.0,16093.75
2019-12-30,14522.0,19543.0,17318.583333333332
2019-12-31,15363.0,19266.0,17412.791666666668
2020-01-01,15037.0,18003.0,16188.708333333334
2020-01-02,14372.0,19101.0,17001.291666666668
2020-01-03,15023.0,18882.0,17406.333333333332
2020-01-04,14885.0,17836.0,16370.083333333334
2020-01-05,14326.0,18156.0,15975.166666666666
2020-01-06,15035.0,19380.0,17557.75
2020-01-07,15326.0,19822.0,17993.083333333332
2020-01-08,16453.0,20324.0,18670.333333333332
2020-01-09,16193.0,19693.0,18307.208333333332
2020-01-10,15871.0,19891.0,18326.041666666668
2020-01-11,16413.0,19260.0,17821.208333333332
2020-01-12,16011.0,19226.0,17327.708333333332
2020-01-13,15655.0,19917.0,18152.833333333332
2020-01-14,15631.0,20138.0,18306.166666666668
2020-01-15,16130.0,20191.0,18520.708333333332
2020-01-16,17270.0,20964.0,19433.875
2020-01-17,17298.0,20337.0,18936.541666666668
2020-01-18,16016.0,19969.0,18031.375
2020-01-19,16734.0,19836.0,18073.208333333332
2020-01-20,17015.0,21102.0,19434.0
2020-01-21,17475.0,20979.0,19331.583333333332
2020-01-22,16152.0,19820.0,18304.583333333332
2020-01-23,15517.0,19475.0,17928.916666666668
2020-01-24,15451.0,19053.0,17629.958333333332
2020-01-25,14809.0,17767.0,16356.458333333334
2020-01-26,14513.0,18083.0,16085.166666666666
2020-01-27,14834.0,19245.0,17457.041666666668
2020-01-28,15565.0,19518.0,17960.541666666668
2020-01-29,15880.0,19599.0,18106.958333333332
2020-01-30,15940.0,19552.0,18137.041666666668
2020-01-31,15494.0,18941.0,17515.083333333332
2020-02-01,14674.0,17317.0,16018.25
2020-02-02,13900.0,17182.0,15269.833333333334
2020-02-03,14375.0,19174.0,17150.666666666668
2020-02-04,15609.0,19705.0,18039.875
2020-02-05,16152.0,19593.0,18068.625
2020-02-06,16022.0,19598.0,18006.291666666668
2020-02-07,15998.0,19370.0,17871.541666666668
2020-02-08,15688.0,17988.0,16778.541666666668
2020-02-09,14991.0,17969.0,16230.291666666666
2020-02-10,15618.0,19739.0,18054.166666666668
2020-02-11,15812.0,19518.0,17969.166666666668
2020-02-12,15624.0,19605.0,17931.041666666668
2020-02-13,17146.0,20768.0,19293.791666666668
2020-02-14,17919.0,20908.0,19076.916666666668
2020-02-15,16138.0,18045.0,17013.375
2020-02-16,15185.0,18060.0,16382.333333333334
2020-02-17,15004.0,19062.0,17451.875
2020-02-18,15546.0,19748.0,17999.0
2020-02-19,16643.0,20025.0,18631.958333333332
2020-02-20,17242.0,20585.0,18992.75
2020-02-21,16714.0,19642.0,17867.25
2020-02-22,15150.0,16863.0,15964.041666666666
2020-02-23,13990.0,16788.0,15089.041666666666
2020-02-24,14295.0,18584.0,16813.333333333332
2020-02-25,14857.0,18794.0,17212.875
2020-02-26,15312.0,18990.0,17482.416666666668
2020-02-27,15637.0,18984.0,17465.25
2020-02-28,15473.0,18786.0,17107.875
2020-02-29,14779.0,16427.0,15561.25
2020-03-01,13866.0,16843.0,15071.041666666666
2020-03-02,14229.0,18189.0,16592.5
2020-03-03,14529.0,17864.0,16511.458333333332
2020-03-04,14596.0,17967.0,16469.291666666668
2020-03-05,14292.0,18038.0,16502.916666666668
2020-03-06,15330.0,18449.0,16744.666666666668
2020-03-07,14099.0,15603.0,14771.375
2020-03-08,13230.0,15825.0,14431.041666666666
2020-03-09,13226.0,17370.0,16018.083333333334
2020-03-10,14613.0,18395.0,16548.958333333332
2020-03-11,14268.0,18095.0,16347.583333333334
2020-03-12,14044.0,17820.0,16439.958333333332
2020-03-13,14774.0,18362.0,16607.416666666668
2020-03-14,14290.0,16318.0,15374.75
2020-03-15,14119.0,16565.0,15159.541666666666
2020-03-16,14100.0,18065.0,16529.583333333332
2020-03-17,14636.0,18191.0,16491.166666666668
2020-03-18,14048.0,17111.0,15942.083333333334
2020-03-19,14153.0,17706.0,16515.291666666668
2020-03-20,14593.0,18153.0,16841.166666666668
2020-03-21,14637.0,16393.0,15537.333333333334
2020-03-22,13855.0,16362.0,14970.291666666666
2020-03-23,14104.0,17757.0,16372.916666666666
2020-03-24,13879.0,17227.0,15937.0
2020-03-25,13845.0,17231.0,16020.083333333334
2020-03-26,14048.0,17181.0,15947.208333333334
2020-03-27,13586.0,16342.0,15010.041666666666
2020-03-28,12885.0,15192.0,14146.208333333334
2020-03-29,12866.0,15885.0,14356.416666666666
2020-03-30,13581.0,17010.0,15716.791666666666
2020-03-31,12950.0,15979.0,14880.916666666666
2020-04-01,13230.0,16053.0,15106.291666666666
2020-04-02,13155.0,16130.0,15047.333333333334
2020-04-03,13094.0,16296.0,15054.5
2020-04-04,13810.0,15526.0,14631.291666666666
2020-04-05,12933.0,14673.0,13694.333333333334
2020-04-06,12864.0,16164.0,14990.291666666666
2020-04-07,12685.0,15920.0,14777.583333333334
2020-04-08,12421.0,15546.0,14546.125
2020-04-09,13120.0,16015.0,14917.208333333334
2020-04-10,13305.0,15565.0,14366.791666666666
2020-04-11,12218.0,13847.0,13055.416666666666
2020-04-12,12061.0,14691.0,13294.75
2020-04-13,13744.0,16992.0,15822.375
2020-04-14,14122.0,16494.0,15522.916666666666
2020-04-15,14215.0,16630.0,15644.083333333334
2020-04-16,13877.0,16157.0,15145.958333333334
2020-04-17,13306.0,15932.0,14472.25
2020-04-18,12620.0,14063.0,13339.333333333334
2020-04-19,11995.0,14139.0,12988.458333333334
2020-04-20,12073.0,14974.0,13964.291666666666
2020-04-21,12726.0,15527.0,14274.25
2020-04-22,12470.0,15058.0,14129.875
2020-04-23,12247.0,15102.0,14175.125
2020-04-24,12105.0,15093.0,13887.291666666666
2020-04-25,11562.0,13703.0,12720.875
2020-04-26,11498.0,13907.0,12642.375
2020-04-27,11423.0,15017.0,13872.541666666666
2020-04-28,11937.0,15150.0,14053.916666666666
2020-04-29,12342.0,15207.0,14173.125
2020-04-30,12036.0,14717.0,13830.625
2020-05-01,11727.0,14744.0,13546.833333333334
2020-05-02,11191.0,13605.0,12476.666666666666
2020-05-03,11018.0,13578.0,12144.666666666666
2020-05-04,11349.0,14789.0,13673.083333333334
2020-05-05,11813.0,14844.0,13808.0
2020-05-06,11940.0,14660.0,13751.333333333334
2020-05-07,11636.0,14401.0,13527.166666666666
2020-05-08,11860.0,14579.0,13294.416666666666
2020-05-09,11802.0,13552.0,12654.583333333334
2020-05-10,11631.0,14122.0,12873.708333333334
2020-05-11,11982.0,14938.0,13824.458333333334
2020-05-12,12297.0,14662.0,13691.0
2020-05-13,11971.0,15001.0,13951.833333333334
2020-05-14,11790.0,15557.0,14255.958333333334
2020-05-15,11943.0,14933.0,13795.375
2020-05-16,11023.0,13683.0,12512.916666666666
2020-05-17,10989.0,13641.0,12336.625
2020-05-18,11582.0,15478.0,14183.0
2020-05-19,11818.0,15189.0,14084.958333333334
2020-05-20,11838.0,15735.0,14289.333333333334
2020-05-21,11975.0,15693.0,14393.958333333334
2020-05-22,11804.0,15475.0,14160.791666666666
2020-05-23,11629.0,15105.0,13438.166666666666
2020-05-24,11198.0,16046.0,13617.708333333334
2020-05-25,11623.0,15859.0,13817.458333333334
2020-05-26,11759.0,17814.0,15472.75
2020-05-27,12577.0,17535.0,15561.416666666666
2020-05-28,12936.0,16985.0,15520.0
2020-05-29,12532.0,15592.0,14368.208333333334
2020-05-30,11193.0,13610.0,12452.958333333334
2020-05-31,10886.0,14233.0,12460.458333333334
2020-06-01,11971.0,19341.0,16071.291666666666
2020-06-02,13730.0,22652.0,18524.375
2020-06-03,14285.0,21692.0,18198.791666666668
2020-06-04,13861.0,21692.0,18175.333333333332
2020-06-05,13652.0,19225.0,16693.0
2020-06-06,12594.0,17334.0,14905.625
2020-06-07,12392.0,18953.0,15557.75
2020-06-08,13864.0,22685.0,18693.875
2020-06-09,14917.0,21177.0,18467.666666666668
2020-06-10,13541.0,17263.0,15817.208333333334
2020-06-11,12660.0,17750.0,15625.416666666666
2020-06-12,12680.0,17086.0,15186.708333333334
2020-06-13,12290.0,15838.0,14055.0
2020-06-14,11714.0,16274.0,13913.833333333334
2020-06-15,12607.0,19224.0,16441.5
2020-06-16,13727.0,21923.0,18135.875
2020-06-17,14478.0,23077.0,19042.291666666668
2020-06-18,14841.0,22913.0,19225.416666666668
2020-06-19,14370.0,19291.0,17187.708333333332
2020-06-20,12670.0,16607.0,14784.666666666666
2020-06-21,12010.0,18454.0,15245.916666666666
2020-06-22,13256.0,18717.0,16605.041666666668
2020-06-23,12791.0,17905.0,15754.0
2020-06-24,12686.0,18507.0,16040.25
2020-06-25,13182.0,21108.0,17496.041666666668
2020-06-26,14180.0,21160.0,18109.125
2020-06-27,13449.0,19950.0,16767.375
2020-06-28,13524.0,21183.0,17502.75
2020-06-29,14996.0,23573.0,20025.958333333332
2020-06-30,15342.0,23163.0,19862.25
2020-07-01,15144.0,22971.0,19568.291666666668
2020-07-02,14877.0,23245.0,19440.083333333332
2020-07-03,14481.0,22023.0,18453.833333333332
2020-07-04,13929.0,22702.0,18457.25
2020-07-05,13893.0,23011.0,18668.416666666668
2020-07-06,15314.0,24906.0,20603.625
2020-07-07,15259.0,23969.0,20040.416666666668
2020-07-08,15826.0,25331.0,21109.25
2020-07-09,16297.0,23560.0,20408.0
2020-07-10,14510.0,22303.0,18692.791666666668
2020-07-11,13942.0,19744.0,16946.541666666668
2020-07-12,13151.0,20268.0,16608.25
2020-07-13,13915.0,22921.0,18792.208333333332
2020-07-14,15013.0,20561.0,18270.708333333332
2020-07-15,13946.0,20267.0,17523.5
2020-07-16,13572.0,21143.0,17634.583333333332
2020-07-17,14509.0,23357.0,19431.916666666668
2020-07-18,15684.0,23645.0,19838.083333333332
2020-07-19,14643.0,20814.0,17694.291666666668
2020-07-20,13829.0,20957.0,17808.708333333332
2020-07-21,14023.0,20199.0,17573.625
2020-07-22,13776.0,19901.0,17271.375
2020-07-23,13495.0,20928.0,17553.875
2020-07-24,14416.0,23794.0,19534.916666666668
2020-07-25,15542.0,22881.0,19455.25
2020-07-26,15169.0,22221.0,18838.333333333332
2020-07-27,14837.0,22033.0,18734.75
2020-07-28,14236.0,22156.0,18433.125
2020-07-29,14635.0,22493.0,18882.208333333332
2020-07-30,14523.0,21043.0,18164.916666666668
2020-07-31,14077.0,20916.0,17766.708333333332
2020-08-01,13618.0,19405.0,16494.083333333332
2020-08-02,12938.0,17235.0,15075.625
2020-08-03,12917.0,18480.0,16158.333333333334
2020-08-04,13225.0,18533.0,16290.375
2020-08-05,12863.0,18194.0,16004.666666666666
2020-08-06,13265.0,20046.0,17049.75
2020-08-07,13910.0,21205.0,17954.791666666668
2020-08-08,14392.0,21515.0,18068.666666666668
2020-08-09,14716.0,22565.0,18783.5
2020-08-10,15064.0,20467.0,18243.833333333332
2020-08-11,13686.0,21212.0,17656.791666666668
2020-08-12,13343.0,20506.0,17280.333333333332
2020-08-13,14008.0,22220.0,18544.625
2020-08-14,14706.0,22175.0,18818.0
2020-08-15,13482.0,18202.0,15784.125
2020-08-16,12329.0,18699.0,15334.541666666666
2020-08-17,13368.0,19537.0,16871.083333333332
2020-08-18,13494.0,20203.0,17135.958333333332
2020-08-19,13491.0,21066.0,17533.583333333332
2020-08-20,14162.0,22394.0,18543.208333333332
2020-08-21,14582.0,22747.0,18885.791666666668
2020-08-22,14459.0,21502.0,17974.208333333332
2020-08-23,14117.0,22725.0,18346.625
2020-08-24,15308.0,25307.0,20798.75
2020-08-25,15394.0,24478.0,20304.791666666668
2020-08-26,16022.0,25058.0,20886.375
2020-08-27,16116.0,24655.0,20763.333333333332
2020-08-28,15694.0,21786.0,19063.583333333332
2020-08-29,14111.0,18370.0,16240.25
2020-08-30,12540.0,17618.0,14984.916666666666
2020-08-31,13191.0,18434.0,16248.041666666666
2020-09-01,13195.0,18199.0,16178.75
2020-09-02,12954.0,19666.0,16576.625
2020-09-03,13523.0,18056.0,16268.708333333334
2020-09-04,12756.0,17744.0,15682.916666666666
2020-09-05,12318.0,16675.0,14509.708333333334
2020-09-06,12289.0,17750.0,14924.875
2020-09-07,12450.0,16181.0,14386.75
2020-09-08,11933.0,16308.0,14864.0
2020-09-09,12322.0,16047.0,14820.041666666666
2020-09-10,12516.0,16334.0,14918.291666666666
2020-09-11,12370.0,15638.0,14594.083333333334
2020-09-12,12119.0,15282.0,13845.916666666666
2020-09-13,11775.0,16661.0,14114.708333333334
2020-09-14,12157.0,18367.0,15712.541666666666
2020-09-15,12954.0,19181.0,16425.208333333332
2020-09-16,13037.0,17581.0,15855.5
2020-09-17,12644.0,16533.0,15106.666666666666
2020-09-18,12634.0,15553.0,14624.291666666666
2020-09-19,12035.0,14963.0,13518.75
2020-09-20,11655.0,15845.0,13599.541666666666
2020-09-21,12296.0,17863.0,15636.791666666666
2020-09-22,12837.0,18676.0,16189.5
2020-09-23,13038.0,19190.0,16500.791666666668
2020-09-24,13297.0,18544.0,16418.75
2020-09-25,13187.0,19062.0,16426.958333333332
2020-09-26,12834.0,17489.0,15295.875
2020-09-27,12307.0,15558.0,13932.416666666666
2020-09-28,12198.0,16514.0,15032.916666666666
2020-09-29,12661.0,16554.0,15121.25
2020-09-30,12512.0,16568.0,15081.041666666666
2020-10-01,12767.0,16565.0,15157.791666666666
2020-10-02,13037.0,16483.0,15075.291666666666
2020-10-03,12529.0,15219.0,14073.125
2020-10-04,12357.0,15499.0,13729.25
2020-10-05,12550.0,16664.0,15092.583333333334
2020-10-06,12594.0,16988.0,15182.333333333334
2020-10-07,12875.0,16738.0,15301.458333333334
2020-10-08,12797.0,16697.0,15211.666666666666
2020-10-09,12888.0,18004.0,15871.208333333334
2020-10-10,12783.0,15431.0,14252.333333333334
2020-10-11,11952.0,15927.0,13818.416666666666
2020-10-12,12549.0,16654.0,15143.166666666666
2020-10-13,12547.0,16353.0,14820.5
2020-10-14,12723.0,16876.0,15306.958333333334
2020-10-15,13396.0,17111.0,15680.916666666666
2020-10-16,13468.0,16715.0,15378.083333333334
2020-10-17,13190.0,15916.0,14675.791666666666
2020-10-18,12943.0,16468.0,14468.875
2020-10-19,13608.0,17782.0,16284.166666666666
2020-10-20,14163.0,17887.0,16473.958333333332
2020-10-21,14129.0,17950.0,16561.666666666668
2020-10-22,13876.0,17759.0,16312.75
2020-10-23,14078.0,17822.0,16422.458333333332
2020-10-24,14057.0,16768.0,15526.208333333334
2020-10-25,13638.0,17103.0,15303.041666666666
2020-10-26,14204.0,18676.0,17011.916666666668
2020-10-27,14839.0,18385.0,16825.083333333332
2020-10-28,14589.0,18111.0,16486.666666666668
2020-10-29,14146.0,18092.0,16513.041666666668
2020-10-30,14217.0,17687.0,16113.583333333334
2020-10-31,13483.0,15757.0,14702.0
2020-11-01,13292.0,17287.0,14939.916666666666
2020-11-02,13884.0,17860.0,16089.416666666666
2020-11-03,13848.0,17361.0,15674.125
2020-11-04,13377.0,17392.0,15562.791666666666
2020-11-05,13142.0,17335.0,15422.541666666666
2020-11-06,13066.0,16823.0,15280.25
2020-11-07,12640.0,16268.0,14484.583333333334
2020-11-08,12313.0,16402.0,14101.666666666666
2020-11-09,12977.0,18022.0,15909.75
2020-11-10,13686.0,18376.0,16340.416666666666
2020-11-11,14404.0,18148.0,16443.583333333332
2020-11-12,14443.0,18530.0,16750.5
2020-11-13,15065.0,18072.0,16740.833333333332
2020-11-14,14317.0,17063.0,15573.333333333334
2020-11-15,13748.0,17736.0,15554.125
2020-11-16,14565.0,18843.0,17117.958333333332
2020-11-17,14968.0,18679.0,17006.291666666668
2020-11-18,14774.0,18222.0,16668.708333333332
2020-11-19,13946.0,18162.0,16305.0
2020-11-20,13869.0,17711.0,16051.791666666666
2020-11-21,13996.0,17018.0,15374.666666666666
2020-11-22,13669.0,17126.0,15168.333333333334
2020-11-23,14337.0,18898.0,16904.041666666668
2020-11-24,14638.0,18644.0,16914.625
2020-11-25,14350.0,18283.0,16674.458333333332
2020-11-26,13751.0,15764.0,14618.458333333334
2020-11-27,13534.0,16968.0,15200.833333333334
2020-11-28,13513.0,16035.0,14546.958333333334
2020-11-29,13345.0,17411.0,15122.25
2020-11-30,14573.0,19026.0,17107.166666666668
2020-12-01,15174.0,18974.0,17165.208333333332
2020-12-02,15401.0,19309.0,17486.625
2020-12-03,14987.0,18974.0,17214.375
2020-12-04,15008.0,18295.0,16819.416666666668
2020-12-05,14511.0,17495.0,15915.458333333334
2020-12-06,14234.0,17804.0,15741.833333333334
2020-12-07,14401.0,19054.0,16980.416666666668
2020-12-08,15144.0,19129.0,17348.0
2020-12-09,14723.0,18634.0,16848.416666666668
2020-12-10,14637.0,18748.0,16888.333333333332
2020-12-11,14632.0,18724.0,16956.625
2020-12-12,14958.0,18407.0,16683.541666666668
2020-12-13,14914.0,18606.0,16525.666666666668
2020-12-14,15547.0,20378.0,18179.083333333332
2020-12-15,16381.0,20152.0,18498.375
2020-12-16,16292.0,20635.0,18731.125
2020-12-17,15873.0,19884.0,18114.333333333332
2020-12-18,15677.0,19166.0,17715.458333333332
2020-12-19,15087.0,18189.0,16612.041666666668
2020-12-20,14835.0,18274.0,16226.25
2020-12-21,14519.0,19178.0,17131.625
2020-12-22,15512.0,19103.0,17551.166666666668
2020-12-23,15096.0,20388.0,18102.416666666668
2020-12-24,16623.0,19136.0,18033.166666666668
2020-12-25,14871.0,17044.0,16054.125
2020-12-26,15090.0,18084.0,16328.583333333334
2020-12-27,14730.0,18756.0,16544.958333333332
2020-12-28,15542.0,20142.0,18151.333333333332
2020-12-29,16359.0,19961.0,18321.291666666668
2020-12-30,16070.0,20320.0,18475.583333333332
2020-12-31,16113.0,18976.0,17582.083333333332
2021-01-01,15205.0,17813.0,16313.416666666666
2021-01-02,14836.0,17798.0,16122.583333333334
2021-01-03,14712.0,18057.0,16045.5
2021-01-04,15042.0,19211.0,17384.583333333332
2021-01-05,15415.0,19317.0,17614.0
2021-01-06,15553.0,19330.0,17714.458333333332
2021-01-07,15282.0,19012.0,17468.666666666668
2021-01-08,15513.0,18958.0,17575.958333333332
2021-01-09,15274.0,18115.0,16655.666666666668
2021-01-10,14791.0,18123.0,16205.833333333334
2021-01-11,15168.0,19209.0,17477.958333333332
2021-01-12,15482.0,19506.0,17728.416666666668
2021-01-13,15058.0,18650.0,17074.708333333332
2021-01-14,14825.0,19006.0,17293.041666666668
2021-01-15,15129.0,18884.0,17406.166666666668
2021-01-16,14783.0,17743.0,16256.583333333334
2021-01-17,14890.0,18139.0,16364.958333333334
2021-01-18,15036.0,19375.0,17512.208333333332
2021-01-19,15885.0,19508.0,17994.75
2021-01-20,16468.0,19483.0,18002.166666666668
2021-01-21,15890.0,19785.0,18232.291666666668
2021-01-22,16410.0,19547.0,18088.958333333332
2021-01-23,15945.0,18139.0,16967.291666666668
2021-01-24,15334.0,18740.0,16750.416666666668
2021-01-25,16034.0,20143.0,18387.75
2021-01-26,16530.0,20360.0,18739.958333333332
2021-01-27,16750.0,20101.0,18623.166666666668
2021-01-28,16949.0,20173.0,18660.583333333332
2021-01-29,16390.0,19453.0,18161.041666666668
2021-01-30,15276.0,17912.0,16634.25
2021-01-31,14714.0,18094.0,16217.833333333334
2021-02-01,15096.0,19314.0,17497.416666666668
2021-02-02,15920.0,19460.0,17894.125
2021-02-03,15894.0,19212.0,17802.583333333332
2021-02-04,15522.0,19919.0,18100.416666666668
2021-02-05,16984.0,20183.0,18855.5
2021-02-06,16840.0,19330.0,18000.458333333332
2021-02-07,18052.0,20610.0,18993.625
2021-02-08,18134.0,21846.0,20262.5
2021-02-09,18551.0,21562.0,20109.833333333332
2021-02-10,18237.0,21397.0,19987.541666666668
2021-02-11,18398.0,21547.0,20234.958333333332
2021-02-12,18676.0,21760.0,20247.583333333332
2021-02-13,18400.0,20453.0,19319.208333333332
2021-02-14,18490.0,20996.0,19353.375
2021-02-15,19198.0,22621.0,21057.791666666668
2021-02-16,19062.0,21872.0,20530.458333333332
2021-02-17,18310.0,21121.0,19869.041666666668
2021-02-18,17478.0,20587.0,19191.208333333332
2021-02-19,17298.0,20235.0,18647.541666666668
2021-02-20,16400.0,17959.0,17059.0
2021-02-21,15321.0,17886.0,16405.416666666668
2021-02-22,15270.0,18839.0,17374.208333333332
2021-02-23,15174.0,18390.0,17092.0
2021-02-24,15048.0,18450.0,16920.541666666668
2021-02-25,15289.0,18418.0,16832.041666666668
2021-02-26,15205.0,18087.0,16658.541666666668
2021-02-27,14387.0,16488.0,15383.166666666666
2021-02-28,13940.0,16994.0,15229.5
2021-03-01,15340.0,18819.0,17329.791666666668
2021-03-02,15857.0,18539.0,16962.208333333332
2021-03-03,15048.0,18044.0,16550.041666666668
2021-03-04,14501.0,17639.0,16227.875
2021-03-05,14492.0,17434.0,15900.333333333334
2021-03-06,14126.0,15965.0,14900.875
2021-03-07,13621.0,15921.0,14450.916666666666
2021-03-08,13628.0,17022.0,15733.25
2021-03-09,13694.0,16836.0,15577.041666666666
2021-03-10,13473.0,17081.0,15769.375
2021-03-11,14146.0,17608.0,16153.458333333334
2021-03-12,14339.0,17159.0,15662.333333333334
2021-03-13,13761.0,15398.0,14485.666666666666
2021-03-14,13078.0,15806.0,14303.0
2021-03-15,13842.0,17543.0,16296.333333333334
2021-03-16,14951.0,18309.0,16746.208333333332
2021-03-17,14279.0,17621.0,16256.625
2021-03-18,14286.0,17508.0,15900.416666666666
2021-03-19,14291.0,17418.0,15478.208333333334
2021-03-20,13620.0,15439.0,14362.75
2021-03-21,12749.0,15334.0,13925.291666666666
2021-03-22,12882.0,16805.0,15330.791666666666
2021-03-23,13243.0,16581.0,15427.125
2021-03-24,13577.0,17260.0,16001.958333333334
2021-03-25,14156.0,17634.0,15950.458333333334
2021-03-26,13880.0,17145.0,15348.75
2021-03-27,13189.0,15285.0,14325.75
2021-03-28,13229.0,15356.0,14107.75
2021-03-29,13371.0,16679.0,15199.875
2021-03-30,13456.0,17046.0,15870.0
2021-03-31,14426.0,17661.0,16150.333333333334
2021-04-01,14708.0,17640.0,15913.958333333334
2021-04-02,13619.0,16145.0,14751.208333333334
2021-04-03,12951.0,14693.0,13774.25
2021-04-04,11853.0,14580.0,13085.916666666666
2021-04-05,12160.0,16404.0,14892.041666666666
2021-04-06,12990.0,16136.0,15198.458333333334
2021-04-07,12931.0,16118.0,15073.333333333334
2021-04-08,13065.0,16465.0,15289.416666666666
2021-04-09,12959.0,16320.0,14970.875
2021-04-10,12954.0,15007.0,14135.0
2021-04-11,12598.0,15191.0,13841.833333333334
2021-04-12,12800.0,16633.0,15341.166666666666
2021-04-13,13862.0,17126.0,15900.458333333334
2021-04-14,14083.0,17138.0,15805.375
2021-04-15,13700.0,16770.0,15478.583333333334
2021-04-16,13490.0,16442.0,15022.041666666666
2021-04-17,12752.0,14287.0,13594.208333333334
2021-04-18,12207.0,14664.0,13255.916666666666
2021-04-19,12940.0,16685.0,15396.041666666666
2021-04-20,13894.0,17000.0,15551.875
2021-04-21,13880.0,16713.0,15287.333333333334
2021-04-22,13641.0,16506.0,14962.166666666666
2021-04-23,13243.0,16377.0,15070.041666666666
2021-04-24,12990.0,14787.0,13988.208333333334
2021-04-25,12719.0,15125.0,13810.666666666666
2021-04-26,13152.0,16823.0,15647.291666666666
2021-04-27,13135.0,16829.0,15606.666666666666
2021-04-28,13124.0,16268.0,15200.958333333334
2021-04-29,12695.0,15685.0,14646.0
2021-04-30,12787.0,15674.0,14504.458333333334
2021-05-01,12174.0,15655.0,13907.625
2021-05-02,12112.0,15121.0,13603.416666666666
2021-05-03,12523.0,16534.0,15201.333333333334
2021-05-04,12977.0,16060.0,14872.375
2021-05-05,12910.0,15777.0,14764.875
2021-05-06,12758.0,15718.0,14553.875
2021-05-07,12822.0,15468.0,14263.166666666666
2021-05-08,12238.0,13950.0,13154.458333333334
2021-05-09,12317.0,14531.0,13326.416666666666
2021-05-10,12296.0,15598.0,14540.25
2021-05-11,12883.0,15621.0,14469.708333333334
2021-05-12,12702.0,15531.0,14502.541666666666
2021-05-13,12513.0,15341.0,14469.708333333334
2021-05-14,12573.0,15324.0,14285.875
2021-05-15,12098.0,14519.0,13468.25
2021-05-16,11674.0,14993.0,13222.75
2021-05-17,12249.0,16810.0,15107.291666666666
2021-05-18,12950.0,17031.0,15507.208333333334
2021-05-19,13201.0,18129.0,16158.208333333334
2021-05-20,13379.0,18416.0,16504.0
2021-05-21,13484.0,19111.0,16906.625
2021-05-22,13365.0,18029.0,15916.125
2021-05-23,13150.0,17387.0,15298.875
2021-05-24,13414.0,19599.0,17186.875
2021-05-25,14080.0,19259.0,17197.333333333332
2021-05-26,13960.0,17298.0,16223.75
2021-05-27,12863.0,16193.0,15160.0
2021-05-28,13470.0,16359.0,14891.5
2021-05-29,12280.0,13996.0,13104.916666666666
2021-05-30,11588.0,13529.0,12616.791666666666
2021-05-31,11799.0,15152.0,13543.291666666666
2021-06-01,11858.0,17207.0,15028.416666666666
2021-06-02,12825.0,18714.0,16177.875
2021-06-03,13334.0,20415.0,17222.416666666668
2021-06-04,14111.0,22184.0,18399.333333333332
2021-06-05,15201.0,22885.0,19111.958333333332
2021-06-06,15234.0,22533.0,18944.083333333332
2021-06-07,16022.0,24909.0,20979.833333333332
2021-06-08,16181.0,25023.0,21089.625
2021-06-09,16379.0,25529.0,21379.041666666668
2021-06-10,16990.0,27027.0,22435.291666666668
2021-06-11,17088.0,24867.0,21425.5
2021-06-12,15228.0,20512.0,17762.041666666668
2021-06-13,13918.0,21940.0,17755.875
2021-06-14,14714.0,22746.0,19024.0
2021-06-15,14506.0,21998.0,18449.708333333332
2021-06-16,14247.0,22596.0,18590.25
2021-06-17,15141.0,23629.0,19757.666666666668
2021-06-18,15460.0,22449.0,19242.291666666668
2021-06-19,14318.0,20009.0,17129.25
2021-06-20,13427.0,18138.0,15771.666666666666
2021-06-21,13623.0,17605.0,16185.25
2021-06-22,12803.0,18222.0,15848.625
2021-06-23,13147.0,21070.0,17383.0
2021-06-24,15198.0,21818.0,19042.083333333332
2021-06-25,14853.0,21473.0,18525.0
2021-06-26,14399.0,18677.0,16725.166666666668
2021-06-27,13229.0,18827.0,16004.416666666666
2021-06-28,14245.0,21531.0,18534.541666666668
2021-06-29,14935.0,21686.0,18822.041666666668
2021-06-30,14780.0,23051.0,19316.75
2021-07-01,15099.0,23247.0,19497.875
2021-07-02,15279.0,23043.0,19406.375
2021-07-03,14024.0,21994.0,18054.291666666668
2021-07-04,12532.0,21377.0,17263.041666666668
2021-07-05,15524.0,25299.0,20927.75
2021-07-06,15900.0,22291.0,19376.75
2021-07-07,15074.0,19728.0,17856.541666666668
2021-07-08,13770.0,19150.0,16816.0
2021-07-09,13517.0,19129.0,16700.416666666668
2021-07-10,13597.0,18248.0,16019.208333333334
2021-07-11,13102.0,19155.0,16035.041666666666
2021-07-12,13894.0,21812.0,18145.708333333332
2021-07-13,14366.0,22799.0,18866.25
2021-07-14,15147.0,21738.0,18970.666666666668
2021-07-15,14297.0,20588.0,17800.333333333332
2021-07-16,14314.0,21287.0,18143.791666666668
2021-07-17,14175.0,20943.0,17521.875
2021-07-18,13897.0,21879.0,17731.333333333332
2021-07-19,15009.0,24879.0,20288.708333333332
2021-07-20,15649.0,25014.0,20619.375
2021-07-21,15538.0,23588.0,19938.375
2021-07-22,15591.0,24227.0,20318.458333333332
2021-07-23,16105.0,25106.0,21121.125
2021-07-24,16568.0,23288.0,20046.125
2021-07-25,14387.0,23043.0,18670.333333333332
2021-07-26,15272.0,25380.0,20704.916666666668
2021-07-27,16023.0,25697.0,21197.083333333332
2021-07-28,16938.0,26803.0,22287.375
2021-07-29,17082.0,23781.0,20588.75
2021-07-30,15382.0,21281.0,18601.958333333332
2021-07-31,14066.0,19813.0,16898.75
2021-08-01,13620.0,18638.0,15957.75
2021-08-02,13533.0,20603.0,17464.583333333332
2021-08-03,14053.0,21638.0,18104.916666666668
2021-08-04,14627.0,22453.0,18806.5
2021-08-05,14892.0,21594.0,18704.125
2021-08-06,14749.0,22443.0,18872.125
2021-08-07,14776.0,20917.0,17927.208333333332
2021-08-08,14228.0,21049.0,17710.583333333332
2021-08-09,14761.0,23767.0,19710.625
2021-08-10,15890.0,24833.0,20822.416666666668
2021-08-11,15669.0,23110.0,19730.208333333332
2021-08-12,15248.0,21778.0,18864.416666666668
2021-08-13,14245.0,19684.0,17188.333333333332
2021-08-14,13308.0,18752.0,15901.25
2021-08-15,13309.0,20033.0,16406.541666666668
2021-08-16,14348.0,22681.0,18806.5
2021-08-17,15172.0,24391.0,19990.708333333332
2021-08-18,15839.0,24556.0,20481.333333333332
2021-08-19,15970.0,25430.0,21100.041666666668
2021-08-20,16405.0,24561.0,20717.375
2021-08-21,15482.0,19304.0,17463.125
2021-08-22,12980.0,18849.0,15720.791666666666
2021-08-23,14051.0,23292.0,19038.583333333332
2021-08-24,15736.0,24056.0,20291.833333333332
2021-08-25,15616.0,22168.0,19207.416666666668
2021-08-26,15018.0,21094.0,18541.333333333332
2021-08-27,14356.0,20666.0,17926.0
2021-08-28,14628.0,21568.0,18279.458333333332
2021-08-29,14332.0,19271.0,16778.833333333332
2021-08-30,13838.0,20718.0,17666.291666666668
2021-08-31,14210.0,20509.0,17654.625
2021-09-01,13889.0,19915.0,17247.875
2021-09-02,13685.0,18698.0,16653.958333333332
2021-09-03,13502.0,17354.0,15922.208333333334
2021-09-04,12897.0,16418.0,14801.416666666666
2021-09-05,12184.0,16119.0,14127.791666666666
2021-09-06,12051.0,18112.0,14950.875
2021-09-07,13433.0,19024.0,16846.666666666668
2021-09-08,13633.0,18744.0,16704.208333333332
2021-09-09,13262.0,18160.0,16144.75
2021-09-10,13118.0,19304.0,16517.25
2021-09-11,13463.0,19146.0,16257.0
2021-09-12,13191.0,17724.0,15420.916666666666
2021-09-13,12839.0,19075.0,16459.75
2021-09-14,13776.0,17922.0,16374.083333333334
2021-09-15,12851.0,18268.0,16007.25
2021-09-16,13212.0,19685.0,16803.0
2021-09-17,13919.0,17596.0,16218.791666666666
2021-09-18,12672.0,16941.0,14805.083333333334
2021-09-19,12885.0,19915.0,16348.416666666666
2021-09-20,14568.0,19612.0,17530.708333333332
2021-09-21,13357.0,17407.0,15932.791666666666
2021-09-22,12788.0,16812.0,15217.041666666666
2021-09-23,12650.0,16805.0,15145.208333333334
2021-09-24,12680.0,16254.0,14991.833333333334
2021-09-25,12338.0,15189.0,13796.583333333334
2021-09-26,11894.0,17356.0,14474.583333333334
2021-09-27,12650.0,19267.0,16278.625
2021-09-28,13326.0,19797.0,16854.75
2021-09-29,13751.0,21308.0,17734.375
2021-09-30,14107.0,20736.0,17780.833333333332
2021-10-01,14058.0,19471.0,17320.916666666668
2021-10-02,13494.0,16846.0,15428.625
2021-10-03,12542.0,16295.0,14407.75
2021-10-04,12823.0,18332.0,16090.291666666666
2021-10-05,13194.0,18108.0,16103.541666666666
2021-10-06,13276.0,18153.0,16172.5
2021-10-07,13306.0,17957.0,16167.041666666666
2021-10-08,13404.0,18229.0,16342.041666666666
2021-10-09,13184.0,17447.0,15525.0
2021-10-10,12904.0,16422.0,14704.791666666666
2021-10-11,12894.0,17830.0,16038.916666666666
2021-10-12,13153.0,17243.0,15678.0
2021-10-13,13155.0,17416.0,15838.0
2021-10-14,13290.0,17274.0,15740.833333333334
2021-10-15,13287.0,16637.0,15321.708333333334
2021-10-16,13176.0,15605.0,14394.791666666666
2021-10-17,12438.0,15654.0,13782.541666666666
2021-10-18,12523.0,16976.0,15298.0
2021-10-19,13205.0,17388.0,15749.041666666666
2021-10-20,13280.0,17330.0,15902.541666666666
2021-10-21,13400.0,17190.0,15823.791666666666
2021-10-22,13736.0,17264.0,15692.875
2021-10-23,13509.0,15886.0,14676.541666666666
2021-10-24,12999.0,16231.0,14491.75
2021-10-25,13360.0,17609.0,16012.625
2021-10-26,13767.0,17305.0,15892.833333333334
2021-10-27,13493.0,17438.0,15966.25
2021-10-28,13490.0,17465.0,16039.708333333334
2021-10-29,13643.0,17335.0,15718.083333333334
2021-10-30,13093.0,15897.0,14495.208333333334
2021-10-31,13090.0,16065.0,14422.291666666666
2021-11-01,13699.0,18068.0,16458.458333333332
2021-11-02,14453.0,18234.0,16641.416666666668
2021-11-03,14504.0,18277.0,16631.666666666668
2021-11-04,14244.0,17920.0,16217.208333333334
2021-11-05,13829.0,17374.0,15803.708333333334
2021-11-06,13228.0,15939.0,14673.25
2021-11-07,12551.0,16052.0,14057.833333333334
2021-11-08,13026.0,17873.0,15888.041666666666
2021-11-09,14009.0,17647.0,16096.041666666666
2021-11-10,13928.0,17863.0,16140.541666666666
2021-11-11,13833.0,18394.0,16436.208333333332
2021-11-12,14574.0,18390.0,16812.416666666668
2021-11-13,14653.0,17686.0,16081.0
2021-11-14,14355.0,17905.0,15871.666666666666
2021-11-15,14654.0,18956.0,17196.291666666668
2021-11-16,14757.0,18424.0,16840.958333333332
2021-11-17,14358.0,19111.0,17043.5
2021-11-18,15034.0,19223.0,17441.625
2021-11-19,15528.0,18733.0,17401.25
2021-11-20,14667.0,17696.0,16135.625
2021-11-21,14108.0,17868.0,15668.291666666666
2021-11-22,15070.0,19360.0,17508.875
2021-11-23,15432.0,18622.0,17186.416666666668
2021-11-24,14470.0,18642.0,16966.0
2021-11-25,14552.0,16432.0,15552.708333333334
2021-11-26,14608.0,17446.0,15946.375
2021-11-27,14371.0,17327.0,15712.416666666666
2021-11-28,14467.0,17853.0,15769.541666666666
2021-11-29,14299.0,18536.0,16732.666666666668
2021-11-30,14725.0,18722.0,16949.333333333332
2021-12-01,14203.0,18364.0,16459.0
2021-12-02,14129.0,18788.0,16695.291666666668
2021-12-03,14426.0,18111.0,16548.791666666668
2021-12-04,14612.0,18008.0,16234.083333333334
2021-12-05,14486.0,18286.0,16178.541666666666
2021-12-06,15353.0,20976.0,18453.625
2021-12-07,16809.0,20473.0,18927.291666666668
2021-12-08,16512.0,20365.0,18609.791666666668
2021-12-09,15979.0,19755.0,18108.625
2021-12-10,15670.0,19347.0,17836.291666666668
2021-12-11,15255.0,18615.0,16818.333333333332
2021-12-12,14899.0,18028.0,16163.583333333334
2021-12-13,14103.0,18304.0,16456.458333333332
2021-12-14,15126.0,18997.0,17274.75
2021-12-15,14624.0,19648.0,17474.208333333332
2021-12-16,15565.0,20353.0,18288.416666666668
2021-12-17,16286.0,19533.0,18128.0
2021-12-18,15996.0,19319.0,17628.541666666668
2021-12-19,15900.0,19210.0,17224.416666666668
2021-12-20,15965.0,20651.0,18614.583333333332
2021-12-21,16761.0,20539.0,18952.125
2021-12-22,16891.0,20219.0,18657.791666666668
2021-12-23,16050.0,19579.0,17974.666666666668
2021-12-24,15005.0,17148.0,16114.666666666666
2021-12-25,14221.0,17480.0,15699.0
2021-12-26,14969.0,18390.0,16388.625
2021-12-27,15305.0,20348.0,18111.708333333332
2021-12-28,16509.0,20243.0,18665.0
2021-12-29,16994.0,20956.0,19141.583333333332
2021-12-30,17183.0,20399.0,18936.833333333332
2021-12-31,16818.0,20264.0,18826.291666666668
2022-01-01,16900.0,19935.0,18241.916666666668
2022-01-02,17944.0,20872.0,19041.833333333332
2022-01-03,17635.0,20811.0,19389.625
2022-01-04,17032.0,20504.0,19038.291666666668
2022-01-05,16948.0,21572.0,19603.541666666668
2022-01-06,18162.0,22078.0,20539.083333333332
2022-01-07,18889.0,21854.0,20477.875
2022-01-08,17514.0,19602.0,18510.25
2022-01-09,16701.0,20637.0,18450.416666666668
2022-01-10,17596.0,21356.0,19740.583333333332
2022-01-11,17819.0,20813.0,19191.75
2022-01-12,16340.0,19963.0,18417.333333333332
2022-01-13,15553.0,19241.0,17772.458333333332
2022-01-14,15530.0,19408.0,17867.625
2022-01-15,16462.0,19179.0,17699.708333333332
2022-01-16,16183.0,18918.0,17281.333333333332
2022-01-17,15764.0,19876.0,18141.916666666668
2022-01-18,15852.0,19434.0,17928.375
2022-01-19,16462.0,20959.0,19024.958333333332
2022-01-20,17774.0,20886.0,19580.083333333332
2022-01-21,18289.0,20960.0,19531.708333333332
2022-01-22,16704.0,19719.0,18164.625
2022-01-23,16236.0,19635.0,17687.958333333332
2022-01-24,16470.0,20714.0,18982.125
2022-01-25,18299.0,21760.0,20333.458333333332
2022-01-26,18540.0,21776.0,20098.0
2022-01-27,17203.0,20839.0,19435.458333333332
2022-01-28,17723.0,21032.0,19474.25
2022-01-29,16920.0,18709.0,17656.375
2022-01-30,15667.0,18806.0,17015.416666666668
2022-01-31,16134.0,19426.0,18045.041666666668
2022-02-01,15744.0,20799.0,18376.208333333332
2022-02-02,18155.0,20923.0,19518.833333333332
2022-02-03,19038.0,21744.0,20409.333333333332
2022-02-04,19030.0,21036.0,19984.458333333332
2022-02-05,17238.0,19998.0,18506.333333333332
2022-02-06,15893.0,19054.0,17371.0
2022-02-07,16804.0,20395.0,18733.75
2022-02-08,16552.0,19529.0,18079.208333333332
2022-02-09,15827.0,19486.0,17991.333333333332
2022-02-10,16346.0,19686.0,18137.333333333332
2022-02-11,15560.0,19385.0,17908.458333333332
2022-02-12,16838.0,18693.0,17675.875
2022-02-13,17137.0,19587.0,18025.541666666668
2022-02-14,17037.0,20566.0,19079.875
2022-02-15,17248.0,20051.0,18558.5
2022-02-16,16142.0,20031.0,18420.916666666668
2022-02-17,17016.0,20334.0,18948.166666666668
2022-02-18,17678.0,20198.0,18704.541666666668
2022-02-19,17462.0,19133.0,18246.0
2022-02-20,15759.0,18346.0,16648.166666666668
2022-02-21,15959.0,19592.0,18143.083333333332
2022-02-22,17169.0,20953.0,19477.125
2022-02-23,18126.0,21014.0,19653.791666666668
2022-02-24,18287.0,21063.0,19702.208333333332
2022-02-25,17613.0,20639.0,19030.916666666668
2022-02-26,16238.0,18209.0,17395.458333333332
2022-02-27,16008.0,18188.0,16738.708333333332
2022-02-28,15431.0,18482.0,17027.791666666668
2022-03-01,15464.0,18477.0,16883.625
2022-03-02,14946.0,17906.0,16744.916666666668
2022-03-03,15395.0,18609.0,17209.333333333332
2022-03-04,16003.0,18421.0,17047.166666666668
2022-03-05,14950.0,17113.0,16073.25
2022-03-06,14838.0,17861.0,16226.291666666666
2022-03-07,15303.0,18773.0,17388.041666666668
2022-03-08,16360.0,18882.0,17550.041666666668
2022-03-09,15992.0,19352.0,18011.25
2022-03-10,16775.0,19654.0,18140.583333333332
2022-03-11,16741.0,19576.0,18522.708333333332
2022-03-12,16553.0,18211.0,17443.875
2022-03-13,15342.0,17057.0,16062.0
2022-03-14,14726.0,18032.0,16640.375
2022-03-15,14923.0,18168.0,16332.5
2022-03-16,14282.0,17493.0,15985.75
2022-03-17,14087.0,17507.0,16161.625
2022-03-18,14462.0,17696.0,16078.208333333334
2022-03-19,13798.0,15817.0,14675.458333333334
2022-03-20,13456.0,15325.0,14178.875
2022-03-21,13131.0,16822.0,15470.5
2022-03-22,13801.0,17470.0,16166.875
2022-03-23,14585.0,18287.0,16908.083333333332
2022-03-24,15135.0,18338.0,16814.166666666668
2022-03-25,14621.0,17788.0,16369.375
2022-03-26,15113.0,16937.0,15957.458333333334
2022-03-27,14446.0,16560.0,15306.75
2022-03-28,14851.0,18058.0,16320.666666666666
2022-03-29,15125.0,18272.0,16858.875
2022-03-30,14931.0,18166.0,16998.5
2022-03-31,15255.0,18548.0,17022.833333333332
2022-04-01,15012.0,17926.0,16176.5
2022-04-02,13874.0,15297.0,14542.0
2022-04-03,13685.0,15778.0,14592.166666666666
2022-04-04,13954.0,17512.0,15994.291666666666
2022-04-05,14192.0,17103.0,15941.75
2022-04-06,14309.0,17618.0,16474.083333333332
2022-04-07,14764.0,17910.0,16781.5
2022-04-08,14745.0,17753.0,16289.958333333334
2022-04-09,13557.0,15391.0,14478.958333333334
2022-04-10,13142.0,15464.0,14178.0
2022-04-11,13165.0,16864.0,15425.5
2022-04-12,13597.0,16694.0,15670.666666666666
2022-04-13,13905.0,17481.0,16322.375
2022-04-14,14797.0,17979.0,16741.333333333332
2022-04-15,15004.0,17461.0,16114.333333333334
2022-04-16,13995.0,15576.0,14775.916666666666
2022-04-17,13936.0,15717.0,14522.875
2022-04-18,14315.0,17917.0,16440.166666666668
2022-04-19,15101.0,17949.0,16465.041666666668
2022-04-20,14304.0,17249.0,16167.708333333334
2022-04-21,14254.0,17305.0,15910.041666666666
2022-04-22,13552.0,16508.0,15372.625
2022-04-23,13605.0,15986.0,14998.375
2022-04-24,13137.0,16159.0,14667.75
2022-04-25,13622.0,17364.0,16065.791666666666
2022-04-26,14720.0,17592.0,16103.916666666666
2022-04-27,14276.0,17019.0,15702.75
2022-04-28,14180.0,16994.0,15927.208333333334
2022-04-29,13643.0,16877.0,15629.375
2022-04-30,13303.0,15404.0,14581.083333333334
2022-05-01,12990.0,15610.0,14453.041666666666
2022-05-02,13575.0,16969.0,15850.75
2022-05-03,13597.0,16738.0,15509.791666666666
2022-05-04,13401.0,16097.0,15053.375
2022-05-05,13079.0,15994.0,15042.541666666666
2022-05-06,12996.0,15811.0,14704.291666666666
2022-05-07,12680.0,14387.0,13595.708333333334
2022-05-08,12277.0,14887.0,13576.208333333334
2022-05-09,12669.0,19186.0,16442.958333333332
2022-05-10,13719.0,19172.0,16891.25
2022-05-11,13955.0,21572.0,18155.458333333332
2022-05-12,15361.0,23540.0,20037.041666666668
2022-05-13,15465.0,20030.0,18023.5
2022-05-14,13203.0,16677.0,15127.541666666666
2022-05-15,12786.0,15298.0,14022.666666666666
2022-05-16,12684.0,16538.0,15163.791666666666
2022-05-17,13107.0,16884.0,15585.125
2022-05-18,13312.0,17648.0,15963.333333333334
2022-05-19,13451.0,18340.0,16456.875
2022-05-20,13972.0,16967.0,15906.166666666666
2022-05-21,13006.0,14776.0,14112.833333333334
2022-05-22,12489.0,14512.0,13306.166666666666
2022-05-23,12535.0,15715.0,14692.375
2022-05-24,12996.0,16151.0,15175.25
2022-05-25,13069.0,16694.0,15527.958333333334
2022-05-26,13287.0,16637.0,15542.0
2022-05-27,13111.0,16541.0,15285.416666666666
2022-05-28,12620.0,17294.0,14836.958333333334
2022-05-29,12653.0,19443.0,15976.625
2022-05-30,14074.0,19972.0,17387.083333333332
2022-05-31,13607.0,17814.0,16079.333333333334
2022-06-01,13300.0,17592.0,15877.75
2022-06-02,13296.0,17699.0,15981.5
2022-06-03,13413.0,17280.0,15710.0
2022-06-04,12751.0,15810.0,14359.291666666666
2022-06-05,12391.0,16977.0,14633.75
2022-06-06,13219.0,18215.0,16312.083333333334
2022-06-07,13331.0,18288.0,16257.541666666666
2022-06-08,13433.0,18438.0,16408.833333333332
2022-06-09,13416.0,18643.0,16477.833333333332
2022-06-10,13513.0,18396.0,16409.166666666668
2022-06-11,13404.0,18532.0,15978.708333333334
2022-06-12,13012.0,19461.0,16202.833333333334
2022-06-13,14427.0,22754.0,19221.458333333332
2022-06-14,16197.0,24512.0,21019.458333333332
2022-06-15,16625.0,21809.0,19711.916666666668
2022-06-16,14401.0,20765.0,18014.166666666668
2022-06-17,14446.0,20851.0,17922.0
2022-06-18,14044.0,19275.0,16676.75
2022-06-19,13858.0,22689.0,18127.0
2022-06-20,16354.0,26128.0,21620.875
2022-06-21,18329.0,25514.0,22294.666666666668
2022-06-22,15864.0,22783.0,19621.041666666668
2022-06-23,15249.0,23692.0,19979.666666666668
2022-06-24,16447.0,24460.0,20863.916666666668
2022-06-25,15531.0,20229.0,18025.666666666668
2022-06-26,13476.0,17491.0,15384.833333333334
2022-06-27,13582.0,20353.0,17443.375
2022-06-28,14362.0,21061.0,18101.333333333332
2022-06-29,14622.0,23638.0,19386.333333333332
2022-06-30,16538.0,23287.0,20410.208333333332
2022-07-01,15813.0,22386.0,19257.875
2022-07-02,13978.0,19639.0,16807.416666666668
2022-07-03,13000.0,20588.0,16787.541666666668
2022-07-04,14565.0,22700.0,18742.208333333332
2022-07-05,15321.0,23581.0,19967.416666666668
2022-07-06,16133.0,22785.0,19977.916666666668
2022-07-07,15477.0,22454.0,19484.333333333332
2022-07-08,15890.0,22278.0,19440.75
2022-07-09,14479.0,20870.0,17625.666666666668
2022-07-10,14158.0,22749.0,18318.291666666668
2022-07-11,16207.0,22692.0,19893.375
2022-07-12,15187.0,22067.0,19082.25
2022-07-13,14959.0,22215.0,18963.5
2022-07-14,15234.0,23772.0,19733.916666666668
2022-07-15,16114.0,23535.0,20171.375
2022-07-16,15338.0,21813.0,18655.333333333332
2022-07-17,14295.0,22155.0,18153.541666666668
2022-07-18,15619.0,26305.0,21484.208333333332
2022-07-19,17184.0,25248.0,21725.625
2022-07-20,16660.0,23932.0,20575.625
2022-07-21,16060.0,23635.0,20202.958333333332
2022-07-22,15790.0,24506.0,20402.416666666668
2022-07-23,15893.0,22637.0,19456.916666666668
2022-07-24,14587.0,19291.0,16854.416666666668
2022-07-25,14291.0,20989.0,18014.166666666668
2022-07-26,14462.0,21144.0,18307.416666666668
2022-07-27,14815.0,20937.0,18339.041666666668
2022-07-28,14684.0,19932.0,17667.875
2022-07-29,14081.0,20293.0,17481.5
2022-07-30,13917.0,20905.0,17350.125
2022-07-31,14201.0,21869.0,17921.5
2022-08-01,15341.0,22574.0,19270.333333333332
2022-08-02,15378.0,26479.0,21420.833333333332
2022-08-03,17485.0,23656.0,20922.25
2022-08-04,15380.0,22996.0,19412.958333333332
2022-08-05,15527.0,24532.0,20338.958333333332
2022-08-06,16247.0,22837.0,19576.541666666668
2022-08-07,14779.0,20067.0,17360.333333333332
2022-08-08,14747.0,20615.0,17939.458333333332
2022-08-09,14134.0,21943.0,18187.541666666668
2022-08-10,14824.0,23100.0,19097.166666666668
2022-08-11,15331.0,22318.0,19053.958333333332
2022-08-12,14909.0,20241.0,17929.416666666668
2022-08-13,14220.0,20023.0,17098.458333333332
2022-08-14,13461.0,19390.0,16153.0
2022-08-15,13966.0,20472.0,17758.875
2022-08-16,14129.0,20396.0,17608.125
2022-08-17,14297.0,21109.0,18123.291666666668
2022-08-18,14743.0,21582.0,18559.125
2022-08-19,14753.0,19621.0,17519.958333333332
2022-08-20,13643.0,18023.0,15832.041666666666
2022-08-21,13049.0,18933.0,15755.5
2022-08-22,13866.0,21382.0,18021.958333333332
2022-08-23,14690.0,22357.0,18748.833333333332
2022-08-24,14838.0,22553.0,19090.916666666668
2022-08-25,14909.0,20791.0,18299.583333333332
2022-08-26,14326.0,20557.0,17715.916666666668
2022-08-27,14148.0,20620.0,17430.25
2022-08-28,14266.0,21150.0,17622.458333333332
2022-08-29,15038.0,21027.0,18468.958333333332
2022-08-30,14358.0,20423.0,17639.916666666668
2022-08-31,14312.0,21953.0,18394.0
2022-09-01,15394.0,23835.0,19929.208333333332
2022-09-02,16043.0,23316.0,19848.208333333332
2022-09-03,14661.0,18179.0,16412.041666666668
2022-09-04,13193.0,16998.0,14879.75
2022-09-05,12739.0,18110.0,15228.666666666666
2022-09-06,13663.0,21218.0,17954.541666666668
2022-09-07,14500.0,22645.0,18951.166666666668
2022-09-08,15570.0,23456.0,19854.75
2022-09-09,15724.0,20134.0,18206.541666666668
2022-09-10,13499.0,16304.0,14986.333333333334
2022-09-11,12520.0,16325.0,14213.875
2022-09-12,12882.0,17674.0,15720.25
2022-09-13,13149.0,18890.0,16300.125
2022-09-14,13409.0,19644.0,16822.583333333332
2022-09-15,14014.0,20780.0,17807.458333333332
2022-09-16,14389.0,19571.0,17404.75
2022-09-17,13554.0,18008.0,15961.541666666666
2022-09-18,13004.0,17631.0,15290.125
2022-09-19,13360.0,20140.0,17099.5
2022-09-20,14307.0,22571.0,18822.416666666668
2022-09-21,15147.0,18565.0,17302.708333333332
2022-09-22,13349.0,17075.0,15684.541666666666
2022-09-23,12954.0,16142.0,15070.0
2022-09-24,12606.0,15672.0,14272.083333333334
2022-09-25,12402.0,16148.0,14184.25
2022-09-26,12635.0,16668.0,15167.541666666666
2022-09-27,12922.0,16738.0,15216.041666666666
2022-09-28,13133.0,16641.0,15182.0
2022-09-29,12995.0,16607.0,15196.583333333334
2022-09-30,13134.0,16286.0,15245.875
2022-10-01,12875.0,15661.0,14272.5
2022-10-02,12555.0,16097.0,14152.0
2022-10-03,12626.0,17514.0,15590.833333333334
2022-10-04,13368.0,17642.0,16038.625
2022-10-05,13411.0,17406.0,15977.208333333334
2022-10-06,13330.0,16975.0,15747.708333333334
2022-10-07,13688.0,16981.0,15566.708333333334
2022-10-08,13482.0,15475.0,14327.458333333334
2022-10-09,12697.0,15827.0,14056.958333333334
2022-10-10,12859.0,17296.0,15517.625
2022-10-11,13568.0,18462.0,16455.5
2022-10-12,13654.0,17135.0,15983.458333333334
2022-10-13,13687.0,17168.0,15962.375
2022-10-14,14402.0,17773.0,16312.541666666666
2022-10-15,14089.0,16059.0,15013.666666666666
2022-10-16,13376.0,16764.0,15000.75
2022-10-17,13988.0,18289.0,16735.333333333332
2022-10-18,15065.0,18470.0,16968.291666666668
2022-10-19,14890.0,18268.0,16745.625
2022-10-20,14337.0,17785.0,16237.375
2022-10-21,13984.0,17249.0,15849.416666666666
2022-10-22,13310.0,16823.0,15034.208333333334
2022-10-23,13291.0,18418.0,15698.208333333334
2022-10-24,13472.0,17549.0,16107.25
2022-10-25,13645.0,17293.0,15902.291666666666
2022-10-26,14053.0,17350.0,16008.958333333334
2022-10-27,14026.0,17518.0,16160.666666666666
2022-10-28,14052.0,17435.0,15935.166666666666
2022-10-29,13531.0,15980.0,14697.125
2022-10-30,13029.0,16280.0,14480.958333333334
2022-10-31,13269.0,17118.0,15699.583333333334
2022-11-01,13910.0,17437.0,16027.916666666666
2022-11-02,13833.0,17930.0,16254.416666666666
2022-11-03,14103.0,18381.0,16706.708333333332
2022-11-04,14300.0,17772.0,16345.5
2022-11-05,13865.0,16287.0,15061.166666666666
2022-11-06,13357.0,16514.0,14600.708333333334
2022-11-07,14154.0,18453.0,16585.458333333332
2022-11-08,14913.0,18177.0,16733.916666666668
2022-11-09,14490.0,18788.0,17006.333333333332
2022-11-10,14501.0,18524.0,16971.958333333332
2022-11-11,15231.0,19189.0,17525.0
2022-11-12,15524.0,18331.0,16789.583333333332
2022-11-13,15568.0,18595.0,16772.875
2022-11-14,15427.0,19664.0,17868.791666666668
2022-11-15,15778.0,19607.0,18017.625
2022-11-16,15679.0,19797.0,18065.291666666668
2022-11-17,16249.0,20298.0,18579.125
2022-11-18,16520.0,20313.0,18775.666666666668
2022-11-19,16146.0,19324.0,17659.625
2022-11-20,16281.0,18927.0,17163.833333333332
2022-11-21,15558.0,19823.0,17926.541666666668
2022-11-22,16063.0,19288.0,17837.0
2022-11-23,15347.0,18534.0,17185.833333333332
2022-11-24,14329.0,16186.0,15231.375
2022-11-25,13816.0,16740.0,15164.583333333334
2022-11-26,13759.0,16446.0,14845.875
2022-11-27,13901.0,17456.0,15401.458333333334
2022-11-28,14435.0,18660.0,16833.125
2022-11-29,15269.0,19605.0,17818.583333333332
2022-11-30,16199.0,20236.0,18514.75
2022-12-01,16732.0,19770.0,18345.083333333332
2022-12-02,16224.0,19608.0,18219.291666666668
2022-12-03,16310.0,19297.0,17661.5
2022-12-04,16207.0,18861.0,17081.0
2022-12-05,15764.0,20186.0,18301.0
2022-12-06,16523.0,20224.0,18638.375
2022-12-07,16577.0,20275.0,18661.291666666668
2022-12-08,16642.0,19934.0,18454.833333333332
2022-12-09,16372.0,19803.0,18405.0
2022-12-10,15446.0,18307.0,16914.416666666668
2022-12-11,15234.0,18734.0,16784.458333333332
2022-12-12,15193.0,19760.0,17779.291666666668
2022-12-13,15963.0,20383.0,18536.916666666668
2022-12-14,15896.0,19869.0,18191.166666666668
2022-12-15,15625.0,19979.0,18135.791666666668
2022-12-16,15897.0,19950.0,18313.666666666668
2022-12-17,16139.0,19454.0,17846.291666666668
2022-12-18,16585.0,20089.0,18121.833333333332
2022-12-19,17402.0,21099.0,19615.708333333332
2022-12-20,17874.0,21737.0,20095.416666666668
2022-12-21,18612.0,21739.0,20463.625
2022-12-22,18317.0,23055.0,21099.416666666668
2022-12-23,19713.0,22875.0,21627.041666666668
2022-12-24,19079.0,21127.0,19932.875
2022-12-25,19300.0,21464.0,20183.208333333332
2022-12-26,17287.0,20630.0,19162.0
2022-12-27,17322.0,19814.0,18566.583333333332
2022-12-28,16278.0,19377.0,17963.208333333332
2022-12-29,15330.0,18775.0,17285.291666666668
2022-12-30,15526.0,18840.0,17340.041666666668
