Date,min,max,avg
2013-12-19,16364.01,19489.31,17674.857083333336
2013-12-20,14170.99,18642.35,16645.19
2013-12-21,14209.17,18458.94,16548.447083333333
2013-12-22,14124.99,19369.08,16664.23
2013-12-23,16583.04,22248.4,19727.715
2013-12-24,17393.07,23041.36,20248.34875
2013-12-25,15837.17,21914.79,18996.219166666666
2013-12-26,17039.85,21371.54,18948.161666666667
2013-12-27,17904.15,21271.28,19331.10875
2013-12-28,17180.74,20266.24,18916.94583333333
2013-12-29,16054.27,19435.62,17743.086666666666
2013-12-30,16688.04,21793.59,19610.731666666667
2013-12-31,18359.81,22085.1,20346.469999999998
2014-01-01,16552.57,19442.1,18183.1125
2014-01-02,14730.46,23099.76,18899.70708333333
2014-01-03,20116.73,25533.56,22628.73041666667
2014-01-04,17953.13,23616.43,20823.697916666668
2014-01-05,15608.52,22579.55,18320.367499999997
2014-01-06,21969.57,29701.82,26241.392916666664
2014-01-07,23324.21,29983.35,26603.51166666667
2014-01-08,21518.49,27842.2,24145.39333333333
2014-01-09,18453.57,23086.16,20268.57875
2014-01-10,16337.68,19589.25,17890.272500000003
2014-01-11,13913.9,17574.54,15972.675416666665
2014-01-12,15381.43,20005.8,17113.405416666665
2014-01-13,14461.7,18902.88,16927.283333333333
2014-01-14,16333.04,21530.31,18134.12916666667
2014-01-15,16990.39,22775.67,19664.062916666666
2014-01-16,17158.09,24169.52,20220.1275
2014-01-17,17097.79,21664.6,19338.982916666664
2014-01-18,16478.420000000002,23269.98,19754.539583333335
2014-01-19,15441.71,19087.45,17212.83875
2014-01-20,16192.88,21629.03,18151.806666666667
2014-01-21,14842.08,22879.07,18689.014583333334
2014-01-22,18258.9,26188.28,21466.736666666668
2014-01-23,18623.65,25438.69,21850.67916666667
2014-01-24,23345.36,27950.64,25734.88083333333
2014-01-25,17591.100000000002,25305.62,21825.818750000002
2014-01-26,16061.57,21111.43,18571.943333333333
2014-01-27,15337.06,22900.17,19126.693750000002
2014-01-28,20788.85,28487.07,25485.91333333333
2014-01-29,23565.49,28825.66,26167.846250000002
2014-01-30,19662.19,28790.63,23935.39833333333
2014-01-31,16916.73,22500.13,19177.094583333335
2014-02-01,15649.49,17742.260000000002,16528.597083333334
2014-02-02,13750.58,19762.79,16924.924166666668
2014-02-03,17483.04,23525.5,20944.517916666668
2014-02-04,19066.83,22759.74,20804.392916666668
2014-02-05,17798.93,24885.74,21327.336666666666
2014-02-06,21909.52,27439.75,25042.497499999998
2014-02-07,22316.11,27092.9,24186.123333333333
2014-02-08,18165.6,22737.63,20460.729583333334
2014-02-09,16931.44,19636.88,18201.181666666667
2014-02-10,15956.42,23536.96,19881.89833333333
2014-02-11,19931.29,26717.26,23483.3875
2014-02-12,21813.91,26061.0,24044.407083333335
2014-02-13,17538.81,26392.56,21544.259583333333
2014-02-14,17020.81,23807.87,19422.7925
2014-02-15,16113.71,20624.02,17966.912083333333
2014-02-16,15419.39,19458.75,17284.024583333332
2014-02-17,14483.28,18579.52,16639.14875
2014-02-18,14326.17,18371.08,16567.210833333334
2014-02-19,13389.35,18587.81,16243.408750000002
2014-02-20,13568.0,18701.02,16435.069583333334
2014-02-21,13763.51,18357.13,16302.6
2014-02-22,15232.51,18371.43,16446.653333333332
2014-02-23,14228.07,17697.79,15869.523333333333
2014-02-24,14370.12,18860.89,16844.41875
2014-02-25,14569.37,19226.8,16965.142916666668
2014-02-26,15679.82,23802.65,19813.328333333335
2014-02-27,17722.65,25667.98,21082.86875
2014-02-28,17264.89,23579.56,19617.43375
2014-03-01,14748.43,17131.6,15995.126250000001
2014-03-02,13493.64,19191.88,16217.695416666667
2014-03-03,16304.38,24727.52,20871.567916666667
2014-03-04,21646.22,24801.66,23428.83541666667
2014-03-05,19438.86,23647.22,21132.465416666666
2014-03-06,17655.05,22249.06,19960.184166666666
2014-03-07,16579.14,22384.53,18965.482083333336
2014-03-08,15443.42,18281.52,16718.357916666668
2014-03-09,14429.25,17954.43,16079.760833333334
2014-03-10,14666.16,18625.7,16780.54291666667
2014-03-11,13870.8,18087.26,16253.495833333334
2014-03-12,13599.15,18612.56,16343.06875
2014-03-13,16003.43,21329.58,17530.67916666667
2014-03-14,15392.91,19890.17,16848.718333333334
2014-03-15,13986.72,16915.63,15564.282500000001
2014-03-16,13473.73,18667.41,15863.784583333334
2014-03-17,15417.52,21234.83,18865.23041666667
2014-03-18,15698.92,21845.55,18132.467083333333
2014-03-19,14731.07,18350.24,16617.91125
2014-03-20,14279.99,18118.1,16261.620833333334
2014-03-21,14175.13,18118.59,16221.701666666666
2014-03-22,13394.6,17619.31,15650.08375
2014-03-23,13906.09,17842.82,15708.86875
2014-03-24,14638.93,19021.71,16915.502083333333
2014-03-25,15069.68,19503.66,17192.094583333335
2014-03-26,16219.47,20899.92,18034.43958333333
2014-03-27,15157.78,18337.12,16881.0225
2014-03-28,13911.6,17913.33,16459.5775
2014-03-29,13534.93,16785.14,15383.49875
2014-03-30,14078.79,17202.04,15571.385416666666
2014-03-31,13793.87,18322.53,16478.580833333333
2014-04-01,13650.09,18976.31,16636.774583333332
2014-04-02,13668.84,19403.83,16876.605833333335
2014-04-03,14214.77,20081.38,17569.9025
2014-04-04,14263.92,17849.57,16575.174583333333
2014-04-05,13812.47,16847.37,15253.886250000001
2014-04-06,13823.08,18387.25,16043.129583333333
2014-04-07,14396.72,18327.83,16585.209166666667
2014-04-08,14108.63,18383.33,16399.0675
2014-04-09,14819.39,18830.02,16624.326250000002
2014-04-10,13763.86,18295.66,16365.044999999998
2014-04-11,13527.28,18399.43,16420.038750000003
2014-04-12,13572.43,18282.05,16211.803750000001
2014-04-13,13621.45,18703.29,16340.822083333333
2014-04-14,14433.27,18571.18,16946.874166666665
2014-04-15,14878.64,19545.33,17304.673749999998
2014-04-16,15542.3,20070.75,17117.631666666664
2014-04-17,14852.69,18118.8,16399.260416666668
2014-04-18,13490.69,17037.95,15682.264166666666
2014-04-19,13236.4,17739.61,15617.019999999999
2014-04-20,13017.58,18323.84,15830.967916666668
2014-04-21,13345.53,19613.86,16927.179583333334
2014-04-22,13913.36,19802.44,17201.189166666667
2014-04-23,13849.05,20975.66,17536.66125
2014-04-24,13924.73,20333.96,17524.2075
2014-04-25,14346.1,21363.53,17934.765
2014-04-26,14020.37,20487.28,17388.232083333332
2014-04-27,14963.52,20520.17,18004.34041666667
2014-04-28,15276.0,21595.47,18736.455
2014-04-29,14881.03,20633.21,17965.825416666667
2014-04-30,13747.2,17932.61,16147.485416666668
2014-05-01,13566.92,18010.52,15995.677916666667
2014-05-02,13521.69,17816.89,16161.505416666667
2014-05-03,13402.07,19340.05,16305.244583333333
2014-05-04,13246.39,21294.02,17027.8575
2014-05-05,13505.24,22323.41,17941.696666666667
2014-05-06,13839.27,21846.31,17905.415833333333
2014-05-07,14310.06,22515.33,18679.4325
2014-05-08,15261.1,21442.24,18972.600833333334
2014-05-09,15689.68,19334.43,17832.13708333333
2014-05-10,13993.24,21417.25,17738.256250000002
2014-05-11,15238.51,21298.59,18692.93375
2014-05-12,16153.19,23584.74,20141.475652173915
2014-05-13,15404.82,21262.14,18691.489583333332
2014-05-14,14575.87,17878.18,16694.145416666666
2014-05-15,13476.81,17529.420000000002,15867.834583333335
2014-05-16,13148.48,18638.36,16239.325833333334
2014-05-17,13419.94,19190.45,16436.72125
2014-05-18,13454.17,20156.72,16831.72375
2014-05-19,13829.0,22681.21,18472.53
2014-05-20,14544.53,23608.34,19238.015
2014-05-21,15048.5,24545.65,19856.881250000002
2014-05-22,15224.55,25045.22,20175.73916666667
2014-05-23,15316.25,24467.46,19968.764583333334
2014-05-24,14892.31,22932.89,18981.4575
2014-05-25,14312.95,23494.26,19067.5975
2014-05-26,14669.97,23329.1,19213.510833333334
2014-05-27,15609.25,22506.5,19347.054166666665
2014-05-28,15597.3,19954.9,18160.76916666667
2014-05-29,14880.0,21495.35,18597.89875
2014-05-30,15232.65,21932.29,18892.484166666665
2014-05-31,15215.84,21061.3,18360.425
2014-06-01,15015.81,22070.79,18755.0975
2014-06-02,15624.08,23959.95,20142.350833333334
2014-06-03,15806.09,25436.1,20838.78458333333
2014-06-04,16155.54,26285.05,21484.91375
2014-06-05,16656.79,25831.88,21599.296666666665
2014-06-06,16833.69,26014.39,21864.725416666668
2014-06-07,16528.18,26653.3,21607.694166666668
2014-06-08,16304.34,24808.74,20864.869166666667
2014-06-09,16863.25,24656.28,21029.345833333336
2014-06-10,16703.39,22679.82,19927.968333333334
2014-06-11,15558.85,25578.76,20577.921666666665
2014-06-12,16112.56,26226.45,21425.680833333332
2014-06-13,17074.06,23995.76,20403.7
2014-06-14,15343.07,25176.64,20363.186666666665
2014-06-15,15897.3,25148.7,20736.112083333333
2014-06-16,16795.15,28048.56,22358.054583333334
2014-06-17,17475.53,28121.05,23037.402083333334
2014-06-18,17618.32,28216.55,23199.64125
2014-06-19,17670.62,28491.22,23274.314583333336
2014-06-20,17702.79,28449.18,23175.326250000002
2014-06-21,17316.12,26886.14,22381.204583333336
2014-06-22,17388.3,26062.1,21871.07625
2014-06-23,17496.72,27295.58,22401.657916666667
2014-06-24,17752.99,25697.71,21818.73041666667
2014-06-25,16863.45,25951.48,21176.935416666667
2014-06-26,16684.56,25045.51,20827.72333333333
2014-06-27,16755.09,23652.02,20368.498333333333
2014-06-28,16537.54,25122.46,20948.693333333333
2014-06-29,17217.49,26772.02,22051.809999999998
2014-06-30,17985.420000000002,29433.85,23813.256249999995
2014-07-01,18271.51,29561.05,24031.33083333333
2014-07-02,19050.68,28888.77,23662.399583333336
2014-07-03,16818.06,26723.09,21771.957083333335
2014-07-04,15801.7,24434.85,20060.96416666667
2014-07-05,14744.67,25204.16,20019.219583333335
2014-07-06,15186.88,26459.15,20923.279583333333
2014-07-07,16697.18,28508.97,22869.030833333334
2014-07-08,17973.78,27422.5,22749.30541666667
2014-07-09,17486.41,26045.67,22044.877916666668
2014-07-10,17005.35,26727.1,22312.967083333333
2014-07-11,17495.34,27891.58,22690.966666666664
2014-07-12,17138.010000000002,27649.23,22643.67583333334
2014-07-13,17259.35,27497.52,22622.08
2014-07-14,17916.48,28700.08,23463.699583333335
2014-07-15,18247.24,24604.72,21710.25458333333
2014-07-16,16577.19,25722.19,20962.39458333333
2014-07-17,16000.78,22870.79,19761.793333333335
2014-07-18,16540.59,19909.92,18660.8725
2014-07-19,15341.44,21666.4,18634.196666666667
2014-07-20,15524.9,23669.02,19624.6875
2014-07-21,16091.68,27705.85,22088.020833333332
2014-07-22,17262.52,27447.42,22452.995
2014-07-23,17207.3,27274.0,22189.502500000002
2014-07-24,16809.54,27018.58,21983.780833333334
2014-07-25,17275.77,28258.07,22782.784583333338
2014-07-26,17684.45,28483.32,23279.5575
2014-07-27,17865.12,28806.53,23577.326250000002
2014-07-28,19009.46,29346.41,24206.342083333333
2014-07-29,18049.37,27230.82,22490.15416666667
2014-07-30,16834.23,25676.22,21244.497083333332
2014-07-31,16676.88,24643.89,20737.718333333334
2014-08-01,16930.77,22849.89,20173.32875
2014-08-02,16526.49,23856.57,20269.5675
2014-08-03,16678.95,25245.79,20993.727916666667
2014-08-04,16798.48,27432.75,22305.379166666666
2014-08-05,17213.63,28844.03,23181.865416666667
2014-08-06,18068.85,29953.55,24087.18875
2014-08-07,18656.91,28848.55,23940.55875
2014-08-08,18650.21,28932.68,23977.12166666667
2014-08-09,18390.53,27052.96,22582.583333333332
2014-08-10,17406.37,25678.87,21812.6225
2014-08-11,17562.86,27795.55,22701.460833333334
2014-08-12,17404.170000000002,27918.63,22688.97
2014-08-13,17327.46,27506.62,22276.537499999995
2014-08-14,16701.14,27342.6,21884.801666666666
2014-08-15,16618.69,27925.71,22277.016666666663
2014-08-16,17424.2,28145.5,22853.41
2014-08-17,18647.43,26357.48,22711.855
2014-08-18,17979.13,28203.26,23223.33875
2014-08-19,18161.92,28405.45,23471.52291666667
2014-08-20,18148.54,28832.9,23610.697083333333
2014-08-21,18287.62,29116.96,23765.7025
2014-08-22,18151.65,30419.08,24325.867500000004
2014-08-23,18597.08,29938.04,24409.67583333334
2014-08-24,18511.07,30039.36,24321.003333333338
2014-08-25,19195.47,29700.83,24350.295833333334
2014-08-26,18238.49,28560.71,23483.86208333333
2014-08-27,17804.29,28694.91,23379.79375
2014-08-28,17812.11,28333.55,23173.862916666665
2014-08-29,17974.34,25793.47,22127.486666666664
2014-08-30,17381.98,21572.27,19934.3625
2014-08-31,16369.91,25211.9,20850.5125
2014-09-01,17498.62,26748.06,22107.19583333333
2014-09-02,17908.9,26709.43,22533.9575
2014-09-03,17237.58,28060.88,22623.27291666667
2014-09-04,17809.04,28754.5,23400.685416666664
2014-09-05,17909.260000000002,27144.95,22525.3225
2014-09-06,16899.56,25977.96,21425.41625
2014-09-07,16477.41,24711.18,20684.484166666665
2014-09-08,16593.8,27835.85,22440.772083333333
2014-09-09,17621.95,29369.99,23577.736249999998
2014-09-10,18676.03,29761.97,24218.502916666668
2014-09-11,18693.8,27007.59,23051.128333333338
2014-09-12,17708.95,24190.91,21086.756666666664
2014-09-13,16553.15,19621.75,18287.937916666666
2014-09-14,14965.85,22708.57,18684.69
2014-09-15,15822.45,25427.91,20995.61
2014-09-16,17127.16,25094.9,21236.302083333332
2014-09-17,16567.7,25850.22,21313.33375
2014-09-18,16953.55,23743.66,20623.174583333333
2014-09-19,16425.21,25505.88,20871.468333333334
2014-09-20,16145.95,25766.45,20769.2525
2014-09-21,15918.34,25749.63,20698.395416666666
2014-09-22,16105.73,25333.42,20605.728333333333
2014-09-23,14986.38,22806.21,18802.258333333335
2014-09-24,14765.03,23430.64,19125.69125
2014-09-25,15106.29,22894.68,19158.870833333334
2014-09-26,15023.33,23042.92,19056.850833333334
2014-09-27,14989.24,22063.18,18621.012083333335
2014-09-28,15439.11,21982.24,18849.060833333333
2014-09-29,15784.06,24716.48,20360.91125
2014-09-30,15920.81,25646.2,20867.383333333335
2014-10-01,16426.670000000002,25249.18,20887.67041666667
2014-10-02,17434.04,26195.49,21936.552916666667
2014-10-03,16156.2,21279.5,18671.001249999998
2014-10-04,13812.02,17079.75,15575.872499999998
2014-10-05,13252.95,19074.88,15959.622916666667
2014-10-06,13688.13,20605.08,17543.124583333334
2014-10-07,14340.13,24772.92,19505.430833333332
2014-10-08,15456.23,24103.85,19811.285416666666
2014-10-09,15383.96,24742.43,20222.93833333333
2014-10-10,16142.73,24216.47,20285.6275
2014-10-11,15461.17,21314.65,18529.694583333334
2014-10-12,14700.34,21279.45,18195.05625
2014-10-13,15363.22,21190.37,18497.257916666666
2014-10-14,13620.88,18317.29,16213.84125
2014-10-15,13200.01,18440.86,16130.729583333334
2014-10-16,13310.37,19849.13,16876.70625
2014-10-17,13890.88,21096.71,17590.044166666667
2014-10-18,14212.94,19956.89,17071.23125
2014-10-19,13671.67,18785.11,16161.002083333335
2014-10-20,13584.98,19591.67,16952.510416666668
2014-10-21,13744.59,19961.92,17118.609166666665
2014-10-22,13855.91,19623.07,17069.98791666667
2014-10-23,13852.82,18620.73,16569.358333333334
2014-10-24,13883.03,18043.17,16460.929583333334
2014-10-25,13629.66,18994.79,16313.75625
2014-10-26,13386.0,20431.03,16767.689583333333
2014-10-27,13708.98,20860.48,17661.11125
2014-10-28,14311.74,20625.6,17950.090833333332
2014-10-29,14303.42,19741.65,17416.728333333333
2014-10-30,13851.25,18330.17,16437.357500000002
2014-10-31,13728.42,17136.56,16112.143333333333
2014-11-01,14259.09,17804.23,16256.315833333334
2014-11-02,15614.94,18604.62,16689.815
2014-11-03,14565.56,18511.14,16648.602083333335
2014-11-04,13797.07,18983.72,16537.145833333332
2014-11-05,13720.08,19071.99,16580.55875
2014-11-06,14079.13,18391.66,16494.93333333333
2014-11-07,14186.1,18193.35,16601.515
2014-11-08,15317.83,17589.15,16324.648333333333
2014-11-09,14519.88,17556.68,15928.706666666665
2014-11-10,14605.0,18566.2,16868.646666666667
2014-11-11,13785.12,19477.67,16765.177916666664
2014-11-12,15352.7,21494.23,18493.920833333334
2014-11-13,17972.21,24181.08,21317.320833333335
2014-11-14,19656.83,25265.89,22052.313333333335
2014-11-15,18336.19,22606.12,20282.726666666666
2014-11-16,16092.53,19911.57,17827.7825
2014-11-17,16636.02,24516.83,20784.48125
2014-11-18,19936.6,25843.36,22636.76375
2014-11-19,17974.38,25774.68,21082.492499999997
2014-11-20,17114.05,21796.48,18580.63625
2014-11-21,15682.57,19010.5,17401.919583333332
2014-11-22,14791.28,17561.510000000002,16202.02625
2014-11-23,13646.19,17802.91,15682.31375
2014-11-24,13947.72,19135.78,16801.117083333334
2014-11-25,16256.13,21378.42,19001.779583333333
2014-11-26,17059.73,22075.04,19098.369583333333
2014-11-27,15012.45,19561.18,17252.791666666668
2014-11-28,15923.68,20477.06,18038.414166666666
2014-11-29,15485.4,17013.58,16178.207916666666
2014-11-30,13406.59,18141.73,15507.719166666668
2014-12-01,13389.85,20511.38,17202.08083333333
2014-12-02,15690.36,20187.7,18172.0275
2014-12-03,15422.65,19524.23,17612.7175
2014-12-04,14885.88,19038.35,17142.858333333334
2014-12-05,14112.73,18957.84,16967.0075
2014-12-06,14177.31,18357.28,16414.581666666665
2014-12-07,14510.59,19863.16,17025.960416666665
2014-12-08,15981.96,20475.22,18164.108333333334
2014-12-09,16953.8,21495.23,18741.859583333335
2014-12-10,17322.43,21983.46,19380.074583333335
2014-12-11,17523.600000000002,21277.96,19123.76125
2014-12-12,16368.03,19883.47,18147.725833333334
2014-12-13,15684.82,17883.34,16805.805833333336
2014-12-14,15201.29,18352.66,16604.704583333336
2014-12-15,14368.02,19391.39,17053.159166666668
2014-12-16,14688.84,20456.25,17677.84875
2014-12-17,17485.34,21972.69,19443.08541666667
2014-12-18,16581.84,20085.9,18483.829166666666
2014-12-19,15548.47,20831.59,18568.832083333335
2014-12-20,16543.2,19827.51,18360.400416666667
2014-12-21,16608.69,19657.92,17957.1925
2014-12-22,15337.76,18842.58,17351.4825
2014-12-23,14260.57,19184.1,17090.274166666666
2014-12-24,15463.46,19350.1,17848.940000000002
2014-12-25,14561.21,20502.21,17615.810833333333
2014-12-26,15731.55,18276.26,17050.7775
2014-12-27,13763.81,18011.71,15982.634166666665
2014-12-28,14867.05,19893.44,17361.82625
2014-12-29,16355.4,20854.23,18770.76916666667
2014-12-30,16728.96,22404.55,19583.59625
2014-12-31,18548.55,22910.54,20439.663750000003
2015-01-01,17934.87,20312.6,19092.7175
2015-01-02,16004.05,19130.08,17803.133333333335
2015-01-03,14560.31,18210.96,16448.48375
2015-01-04,14966.82,21173.63,17699.00625
2015-01-05,19052.86,24699.38,21628.287916666668
2015-01-06,17641.53,25081.51,20926.510416666668
2015-01-07,18781.11,26380.87,21772.148333333334
2015-01-08,22889.32,29754.06,25808.148333333334
2015-01-09,22078.01,25421.59,23775.243333333336
2015-01-10,20499.43,25137.36,22648.23708333333
2015-01-11,18063.88,21575.89,20146.061666666665
2015-01-12,15851.65,21511.26,18790.25458333333
2015-01-13,17519.850000000002,24564.44,21312.899166666666
2015-01-14,20431.12,24712.89,22699.792083333334
2015-01-15,19547.83,23589.7,21660.677916666667
2015-01-16,17448.45,25667.07,20925.454166666666
2015-01-17,15719.51,21911.31,18662.058333333334
2015-01-18,15222.56,19536.52,17170.152916666666
2015-01-19,16154.34,21569.12,18068.55125
2015-01-20,15761.4,20375.15,17417.491250000003
2015-01-21,15259.58,19842.85,17229.578333333335
2015-01-22,15060.65,22394.91,18747.459583333333
2015-01-23,17938.89,22919.03,20834.894166666665
2015-01-24,16320.87,22648.84,19528.632083333334
2015-01-25,15879.56,20206.63,17951.507916666666
2015-01-26,16024.35,21340.49,18299.595833333333
2015-01-27,16436.03,21301.42,17886.068333333333
2015-01-28,15638.97,20521.3,17424.209583333333
2015-01-29,15031.54,18967.71,16854.530833333334
2015-01-30,14873.46,20118.4,17593.080416666668
2015-01-31,16262.32,20368.83,17946.31375
2015-02-01,14703.41,17639.19,16226.014166666666
2015-02-02,15731.07,23046.07,20012.106666666667
2015-02-03,19795.23,24336.16,21532.505416666667
2015-02-04,18210.64,22124.84,20039.26833333333
2015-02-05,17269.56,21982.97,19548.607916666668
2015-02-06,16940.3,24359.54,19990.93875
2015-02-07,15084.62,20955.74,17613.69916666667
2015-02-08,14535.36,17051.5,15512.705416666666
2015-02-09,13315.28,18433.94,16152.470416666669
2015-02-10,14924.56,20193.88,17435.50375
2015-02-11,16184.9,21269.33,17663.467916666665
2015-02-12,15439.87,20539.78,17963.395416666666
2015-02-13,17283.97,23522.37,19627.817916666667
2015-02-14,15223.9,20627.48,17532.20625
2015-02-15,15286.3,18921.56,17151.751249999998
2015-02-16,15899.55,22199.5,18966.055416666666
2015-02-17,20139.07,25015.33,22314.897083333333
2015-02-18,18883.83,25147.21,21734.367916666666
2015-02-19,19110.35,25074.15,21739.794583333332
2015-02-20,17905.45,23308.29,20489.24208333333
2015-02-21,15265.94,18129.6,16756.919583333332
2015-02-22,15023.51,20304.46,17473.486666666668
2015-02-23,17076.32,25759.92,21892.845
2015-02-24,21251.27,24927.59,22865.91625
2015-02-25,20038.92,24843.36,22647.047499999997
2015-02-26,20047.1,24683.54,22292.147083333333
2015-02-27,19507.52,25573.31,22114.065416666668
2015-02-28,17459.59,23089.46,20093.710416666665
2015-03-01,16114.76,19298.49,17542.142499999998
2015-03-02,15370.55,20469.16,18232.7825
2015-03-03,15670.01,18781.69,17413.184583333332
2015-03-04,13959.02,20829.65,17635.68625
2015-03-05,16802.78,25692.23,21423.120833333338
2015-03-06,18771.25,27184.33,22532.366250000003
2015-03-07,15730.11,22817.09,19175.43
2015-03-08,16274.68,18694.49,17390.47875
2015-03-09,15194.45,19008.44,17465.509166666667
2015-03-10,14624.7,18503.41,16839.207916666666
2015-03-11,14213.02,18022.63,16455.537083333333
2015-03-12,14094.79,18066.57,16474.37375
2015-03-13,13839.04,16995.24,15979.97375
2015-03-14,13318.94,16298.32,14974.251250000001
2015-03-15,12927.67,17128.6,14837.935833333331
2015-03-16,12785.33,18424.23,15957.27625
2015-03-17,12912.53,19340.14,16498.306666666667
2015-03-18,13547.32,19040.48,16730.162083333333
2015-03-19,14020.66,19037.79,16899.977083333335
2015-03-20,13812.68,18523.12,16672.639166666668
2015-03-21,13678.41,17322.89,15857.410416666666
2015-03-22,13428.38,17844.69,15667.297916666668
2015-03-23,13335.24,17451.23,15661.47125
2015-03-24,13183.2,17962.72,15893.78875
2015-03-25,13066.97,18455.6,16130.006666666668
2015-03-26,13314.89,17686.36,15863.10375
2015-03-27,14075.35,17795.88,16099.137916666667
2015-03-28,14201.09,17205.55,15870.495833333334
2015-03-29,14300.64,17736.37,15806.618333333332
2015-03-30,13058.9,19109.6,16529.187916666666
2015-03-31,13198.67,19405.51,16732.418333333335
2015-04-01,13341.88,19110.21,16720.535416666666
2015-04-02,13840.76,19955.92,17352.689583333336
2015-04-03,14010.84,19407.25,17011.06708333333
2015-04-04,13304.25,16391.18,14896.315
2015-04-05,13026.77,16495.94,14811.887083333333
2015-04-06,13084.32,19199.52,16619.233333333334
2015-04-07,13656.93,20470.0,17469.594166666666
2015-04-08,14145.05,21771.81,18216.98041666667
2015-04-09,14793.28,21016.81,18190.45625
2015-04-10,14406.92,18425.53,16710.070000000003
2015-04-11,13337.47,17441.98,15691.864583333334
2015-04-12,13267.68,18152.99,15644.885
2015-04-13,13594.39,19683.24,17031.679583333334
2015-04-14,13886.34,17917.350000000002,16252.290416666665
2015-04-15,13375.72,19370.09,16784.960833333334
2015-04-16,13849.77,18917.6,16853.927916666667
2015-04-17,13788.5,20520.51,17379.218333333334
2015-04-18,14207.24,17877.61,16328.437916666668
2015-04-19,13647.64,20320.85,16806.7525
2015-04-20,13729.36,18258.62,16408.894166666665
2015-04-21,13142.92,18523.28,16149.182083333333
2015-04-22,13308.49,20168.66,17048.167083333334
2015-04-23,14202.17,20375.27,17817.666666666668
2015-04-24,14519.21,18871.24,17274.566666666666
2015-04-25,14865.3,18820.15,17089.163333333334
2015-04-26,13625.14,20174.93,17063.21041666667
2015-04-27,14392.14,17721.77,16245.887499999999
2015-04-28,13379.77,17913.47,15978.758333333331
2015-04-29,13494.0,18043.93,16045.564583333333
2015-04-30,13144.99,19268.73,16499.52875
2015-05-01,13271.54,19432.35,16540.136666666665
2015-05-02,13157.02,19184.35,16169.729583333334
2015-05-03,13086.72,19846.0,16523.006666666668
2015-05-04,13424.21,21302.02,17733.07375
2015-05-05,13932.31,21667.23,18102.02
2015-05-06,14130.85,22350.16,18444.66458333333
2015-05-07,14604.41,22880.76,19048.751666666667
2015-05-08,15071.18,22523.84,19071.426666666666
2015-05-09,15277.39,21986.97,18723.337083333332
2015-05-10,15254.35,22269.46,19081.84375
2015-05-11,16005.59,20898.64,18830.868333333332
2015-05-12,14970.59,20853.63,18280.381250000002
2015-05-13,14720.93,21483.03,18523.411666666667
2015-05-14,15136.23,23344.75,19544.717916666665
2015-05-15,15926.68,22028.07,19297.562083333334
2015-05-16,15542.93,22479.36,19200.375
2015-05-17,16102.34,22407.15,19496.132083333334
2015-05-18,15930.140000000005,21603.82,19170.197916666668
2015-05-19,14952.1,23653.39,19477.226666666666
2015-05-20,15515.05,24221.87,20162.58916666667
2015-05-21,15648.67,21080.22,18488.91875
2015-05-22,14364.01,20596.51,17602.63375
2015-05-23,14381.69,21879.6,18368.041666666668
2015-05-24,15216.35,21360.37,18456.852083333335
2015-05-25,15004.26,22414.34,18745.505
2015-05-26,14640.76,23456.86,19040.812083333334
2015-05-27,15804.140000000005,22066.57,19100.292916666665
2015-05-28,15180.91,25089.2,20339.645
2015-05-29,16179.34,24808.6,20564.162916666668
2015-05-30,15623.57,22639.37,19215.744166666667
2015-05-31,14786.62,20578.84,17916.840833333335
2015-06-01,14636.26,23732.62,19339.559583333335
2015-06-02,15210.46,24199.16,19871.454166666666
2015-06-03,15269.27,24976.78,20221.274166666666
2015-06-04,15664.76,25991.91,20841.58125
2015-06-05,15917.81,27075.4,21539.365833333333
2015-06-06,16169.03,26379.24,21345.4475
2015-06-07,16158.72,26924.34,21751.62125
2015-06-08,17137.18,27942.94,22768.600416666668
2015-06-09,17504.03,25260.13,21638.115833333333
2015-06-10,16454.2,27744.35,22154.646666666667
2015-06-11,17050.98,27621.41,22468.795416666664
2015-06-12,17335.48,25352.29,21564.2775
2015-06-13,17007.49,23547.29,20544.444166666668
2015-06-14,16690.78,24642.22,20920.790833333336
2015-06-15,16957.6,26592.47,22120.419166666663
2015-06-16,17684.77,27273.64,22753.5575
2015-06-17,17908.13,27845.47,23113.008749999997
2015-06-18,18305.69,26473.76,22600.500833333335
2015-06-19,18342.13,27235.88,22879.005
2015-06-20,17470.93,27370.61,22537.010416666668
2015-06-21,17502.3,27175.01,22624.98875
2015-06-22,18189.27,29425.17,24149.441666666666
2015-06-23,18681.94,29970.99,24394.927083333332
2015-06-24,18407.73,29644.23,23962.940000000002
2015-06-25,18031.26,28089.49,23195.38291666667
2015-06-26,18025.17,27709.25,23084.621666666662
2015-06-27,17940.81,25369.65,21653.458333333332
2015-06-28,16230.05,24301.67,20393.172083333335
2015-06-29,16928.49,28302.92,22836.44166666667
2015-06-30,17870.54,26594.4,22181.14375
2015-07-01,16883.04,26119.34,21796.159166666665
2015-07-02,17580.66,27480.32,22452.97
2015-07-03,18008.600000000002,26039.6,22055.275833333333
2015-07-04,16987.13,22689.63,19916.81625
2015-07-05,16158.02,23969.19,19957.072916666668
2015-07-06,16163.55,28245.67,22322.472916666666
2015-07-07,18580.24,28894.61,23702.95625
2015-07-08,18304.04,28727.01,23695.628333333338
2015-07-09,18150.36,29298.7,23743.244583333337
2015-07-10,18096.15,29065.75,23710.376666666667
2015-07-11,17728.47,28515.92,23487.69458333333
2015-07-12,17833.600000000002,29267.35,23947.263333333336
2015-07-13,19179.65,31174.21,25435.1675
2015-07-14,19738.55,30838.09,25427.754166666662
2015-07-15,19630.93,31277.63,25460.9375
2015-07-16,19694.21,31473.4,25653.78541666667
2015-07-17,19795.65,30773.11,25374.883749999997
2015-07-18,19067.3,30366.14,24964.410000000003
2015-07-19,18981.55,30552.04,25105.70458333333
2015-07-20,20136.52,30728.34,25746.46375
2015-07-21,20083.33,30259.83,25380.087499999998
2015-07-22,19805.53,30101.05,25046.751666666667
2015-07-23,19656.83,30836.58,25364.151250000006
2015-07-24,19879.99,31477.41,25730.612916666665
2015-07-25,19690.98,30442.22,24891.99291666667
2015-07-26,18310.44,29684.49,24284.62
2015-07-27,19347.09,31556.85,25627.14791666667
2015-07-28,19781.1,31462.69,25875.787916666668
2015-07-29,20278.78,32384.37,26240.85208333333
2015-07-30,20281.73,31221.62,25174.497083333332
2015-07-31,18791.85,30159.29,24199.377500000002
2015-08-01,17506.58,28929.88,23150.448333333334
2015-08-02,16996.87,29390.94,23241.640833333335
2015-08-03,18240.97,30772.3,24673.852916666667
2015-08-04,18993.55,30859.18,25010.218333333334
2015-08-05,19856.12,29990.56,25076.902499999997
2015-08-06,19782.44,31274.47,25482.541666666668
2015-08-07,20040.9,32056.93,25978.09875
2015-08-08,20164.1,31325.38,25694.67625
2015-08-09,19639.37,31622.82,25609.66041666667
2015-08-10,20723.93,32386.09,26529.745
2015-08-11,20597.28,29713.38,25158.516666666666
2015-08-12,19018.01,30683.49,24682.501666666667
2015-08-13,18659.28,30039.07,24256.155
2015-08-14,18305.99,29433.36,23733.821666666667
2015-08-15,17832.79,28330.06,22952.71083333333
2015-08-16,17666.4,26409.07,22017.944583333334
2015-08-17,17806.15,28612.5,23238.413749999996
2015-08-18,18620.29,27151.18,23256.024583333332
2015-08-19,18608.13,23258.11,21445.78125
2015-08-20,17286.33,24840.86,21280.1375
2015-08-21,17373.96,24839.02,21441.912916666668
2015-08-22,17184.93,25322.71,21270.75125
2015-08-23,16981.670000000002,27816.38,22367.12166666667
2015-08-24,18220.75,29443.24,23801.679583333334
2015-08-25,18010.81,25968.61,21840.251249999998
2015-08-26,16008.17,26592.88,20945.625416666666
2015-08-27,16086.46,26454.73,20940.451666666668
2015-08-28,16019.95,27113.68,21398.850833333334
2015-08-29,16456.34,26467.07,21338.52625
2015-08-30,16512.08,26954.11,21649.535
2015-08-31,16980.13,27507.66,22535.9425
2015-09-01,17583.8,27272.03,22525.040416666667
2015-09-02,17772.45,26122.19,22237.982916666664
2015-09-03,17330.56,28049.03,22828.571249999997
2015-09-04,18030.55,28019.23,23146.49666666667
2015-09-05,17761.04,27956.71,22789.077083333334
2015-09-06,17524.7,27901.68,22491.540416666667
2015-09-07,17205.65,28059.06,22546.174166666664
2015-09-08,17555.41,28671.06,23179.375416666666
2015-09-09,17871.29,25204.15,21894.5275
2015-09-10,17137.86,24781.12,21257.98
2015-09-11,16615.27,22114.27,19565.265
2015-09-12,15410.51,21626.29,18260.320000000003
2015-09-13,13590.72,20337.37,16694.9575
2015-09-14,13636.33,22961.31,18280.170416666664
2015-09-15,15184.96,24788.78,19914.725000000002
2015-09-16,15931.28,27101.16,21409.76958333333
2015-09-17,16523.72,27498.11,21846.91125
2015-09-18,16438.49,27690.6,21833.245
2015-09-19,16133.88,26554.29,21066.07375
2015-09-20,15885.6,25031.27,20393.4325
2015-09-21,16397.49,24522.64,20283.236666666668
2015-09-22,15325.58,25470.21,20061.611249999998
2015-09-23,15103.15,25569.41,20152.700833333332
2015-09-24,15556.38,25797.3,20606.80791666667
2015-09-25,15734.23,25581.26,20440.40125
2015-09-26,15115.36,22764.64,18978.84875
2015-09-27,15292.16,21058.87,18184.64458333333
2015-09-28,15630.17,22279.8,19425.626666666667
2015-09-29,15877.97,24192.13,20180.469166666666
2015-09-30,15880.18,24559.75,20158.725833333334
2015-10-01,15150.34,22055.79,18385.671666666665
2015-10-02,13910.09,18782.77,16522.73041666667
2015-10-03,13380.74,17213.66,15455.589583333334
2015-10-04,13035.38,17479.53,15126.646666666667
2015-10-05,13378.07,20486.26,17098.975833333334
2015-10-06,14369.27,23402.96,18928.632083333334
2015-10-07,14885.88,24164.71,19496.54125
2015-10-08,15315.06,23890.51,19708.599583333333
2015-10-09,15334.35,23394.19,19348.22875
2015-10-10,14826.33,19697.05,17114.5425
2015-10-11,13276.74,20041.61,16444.78125
2015-10-12,13778.43,23386.11,18651.13333333333
2015-10-13,14904.89,23379.88,18882.215
2015-10-14,13843.82,22741.58,17920.715416666666
2015-10-15,13943.26,24085.2,18545.610416666666
2015-10-16,14296.52,22061.42,17925.87833333333
2015-10-17,13836.82,17492.31,15815.184166666666
2015-10-18,13338.14,17993.96,15487.785833333333
2015-10-19,13421.28,18940.48,16553.082916666666
2015-10-20,13939.2,20067.03,17268.100833333334
2015-10-21,14423.16,21546.45,18162.84875
2015-10-22,14626.36,21120.75,18318.384166666667
2015-10-23,15221.9,20560.08,18349.291666666668
2015-10-24,15023.49,18769.78,17228.892083333332
2015-10-25,14182.71,18227.24,16171.792500000001
2015-10-26,14150.77,18792.0,16728.2575
2015-10-27,14084.41,18908.75,16679.538333333334
2015-10-28,13811.26,19962.11,17223.91083333333
2015-10-29,13971.81,19416.88,16972.524583333336
2015-10-30,13645.85,17794.63,16369.956249999997
2015-10-31,14209.25,17524.93,16186.485
2015-11-01,13439.48,17667.850000000002,15440.68125
2015-11-02,13363.25,18962.93,16366.746666666668
2015-11-03,13764.36,19063.63,16561.705416666668
2015-11-04,13562.56,19609.42,16850.310416666667
2015-11-05,13694.72,21008.16,17742.85625
2015-11-06,15172.69,20932.19,18351.867916666666
2015-11-07,14800.44,17687.72,16429.91875
2015-11-08,13528.77,17288.53,15242.657500000001
2015-11-09,13558.43,18349.36,16149.1725
2015-11-10,13756.42,18478.72,16358.337083333332
2015-11-11,13725.08,19886.5,17056.171666666665
2015-11-12,13992.7,18066.37,16216.11
2015-11-13,13921.67,17314.99,16004.51791666667
2015-11-14,14362.19,16809.31,15642.012083333335
2015-11-15,14124.2,17521.3,15619.211666666664
2015-11-16,13638.44,19603.86,16767.79125
2015-11-17,14945.99,19989.41,17727.12041666667
2015-11-18,13969.23,18422.61,16428.287916666668
2015-11-19,14283.44,18382.51,16639.653333333335
2015-11-20,14351.61,17685.170000000002,16403.745833333334
2015-11-21,14128.47,17989.73,16150.450416666667
2015-11-22,15916.640000000005,20137.58,17785.96791666667
2015-11-23,17306.88,22074.14,19205.68375
2015-11-24,16920.69,20192.83,18196.907916666667
2015-11-25,15557.73,18183.5,17114.960416666665
2015-11-26,13539.72,17344.91,15412.432083333333
2015-11-27,13016.12,17469.79,15385.792083333334
2015-11-28,13510.85,18462.61,16146.678750000001
2015-11-29,14216.65,19348.93,16678.52875
2015-11-30,14331.23,19771.87,17339.362083333333
2015-12-01,14588.8,19490.54,17201.517916666668
2015-12-02,15039.44,19672.3,17406.029166666664
2015-12-03,16412.0,20875.76,18535.263333333336
2015-12-04,16973.66,22007.41,18946.76
2015-12-05,15861.32,20266.56,18008.257916666666
2015-12-06,16160.38,18488.84,17133.59
2015-12-07,15454.57,19933.8,17672.60625
2015-12-08,16026.86,20177.45,17644.872083333335
2015-12-09,14841.02,18804.34,16896.766666666666
2015-12-10,14616.19,19159.33,17144.62041666667
2015-12-11,14227.67,19058.05,17023.070833333335
2015-12-12,14059.04,18539.38,16485.91125
2015-12-13,14229.92,19037.93,16594.53583333333
2015-12-14,14133.34,19231.12,16991.594583333335
2015-12-15,15310.75,20248.73,17559.336666666666
2015-12-16,14426.59,19423.4,17033.441666666666
2015-12-17,15288.2,20180.83,17802.2975
2015-12-18,17312.260000000002,21550.0,19144.265416666665
2015-12-19,16519.41,21598.09,19082.49625
2015-12-20,16738.94,20057.01,18150.20375
2015-12-21,14479.48,19148.04,17058.034166666665
2015-12-22,14578.3,18990.29,17037.38791666667
2015-12-23,14388.01,19452.87,17248.7725
2015-12-24,14446.72,18772.45,16954.580833333333
2015-12-25,14668.46,18541.37,16786.043333333335
2015-12-26,14493.1,19226.32,17019.600833333334
2015-12-27,14817.86,19571.46,17238.70875
2015-12-28,14923.54,19775.01,17357.649166666666
2015-12-29,16217.3,19873.09,18239.372916666667
2015-12-30,15591.45,19608.1,17774.46041666667
2015-12-31,16136.29,19621.66,18089.855
2016-01-01,16797.15,20618.73,18746.36208333333
2016-01-02,17769.69,20389.12,19094.51125
2016-01-03,16700.07,19949.72,18177.2425
2016-01-04,17899.12,22902.91,20262.869583333333
2016-01-05,18873.42,25179.99,21441.45875
2016-01-06,17505.96,22983.19,19607.5925
2016-01-07,15871.6,19674.84,18044.7625
2016-01-08,15006.76,18246.09,16891.395416666666
2016-01-09,14381.93,19332.93,16805.520833333332
2016-01-10,17410.11,22814.87,19882.699583333335
2016-01-11,19169.52,25741.39,21835.229166666668
2016-01-12,17123.32,24186.5,20098.710000000003
2016-01-13,16951.37,23755.08,19495.67375
2016-01-14,17052.86,21691.69,18727.07375
2016-01-15,14918.89,18100.98,16716.118749999998
2016-01-16,15859.1,19484.28,17846.657916666667
2016-01-17,17023.73,21248.01,18898.895416666666
2016-01-18,18807.78,23563.61,20821.970416666667
2016-01-19,18696.72,24580.86,20831.268333333333
2016-01-20,17061.69,20563.17,18786.380416666667
2016-01-21,16024.42,20701.3,18561.405416666665
2016-01-22,17581.350000000002,24208.55,21615.674166666668
2016-01-23,18738.5,23948.64,21613.807916666665
2016-01-24,17374.08,24049.56,20706.697916666668
2016-01-25,16580.96,20428.04,18100.531666666666
2016-01-26,14799.01,21212.36,18116.268333333333
2016-01-27,17834.65,22874.91,20263.874583333334
2016-01-28,17011.13,24234.63,20009.5825
2016-01-29,16204.79,22665.69,18318.87125
2016-01-30,15396.27,17916.14,16298.079583333334
2016-01-31,13503.74,17630.78,15390.50625
2016-02-01,13439.64,18931.55,16338.809166666666
2016-02-02,14186.62,18955.79,16751.544583333332
2016-02-03,14448.22,19961.27,17294.03125
2016-02-04,17437.68,22701.28,19597.45875
2016-02-05,17260.99,24866.79,20396.933333333334
2016-02-06,16408.71,21785.35,19228.83625
2016-02-07,16118.08,21977.38,18665.994166666667
2016-02-08,17135.04,21802.31,19468.444583333334
2016-02-09,18300.79,23253.19,20406.836666666666
2016-02-10,17409.13,23809.89,19967.525416666667
2016-02-11,16834.91,21204.43,18174.134166666667
2016-02-12,15340.57,18845.03,17024.47125
2016-02-13,15269.46,18788.58,17110.852083333335
2016-02-14,16369.6,18982.67,17333.680833333332
2016-02-15,14486.1,19329.87,17175.086666666666
2016-02-16,15768.76,19903.64,17366.909166666668
2016-02-17,15202.04,19689.27,17193.29625
2016-02-18,15828.28,20214.41,17192.8825
2016-02-19,14302.85,17559.8,16261.802083333334
2016-02-20,13343.52,17138.3,15356.717083333331
2016-02-21,13032.77,17672.63,15254.807083333333
2016-02-22,13316.05,18704.83,16310.790833333334
2016-02-23,14391.18,19125.77,17053.31625
2016-02-24,15507.67,20394.46,18377.914999999997
2016-02-25,16624.99,21948.59,18387.1125
2016-02-26,16250.5,21683.69,18171.14875
2016-02-27,15237.51,20165.89,17279.21375
2016-02-28,15369.25,17880.68,16296.210833333333
2016-02-29,13777.84,18328.46,16334.660833333333
2016-03-01,13602.48,18732.47,16300.130833333335
2016-03-02,14566.63,18450.7,16719.014583333334
2016-03-03,14607.25,18668.25,16814.779166666667
2016-03-04,14662.95,18361.48,16572.630833333333
2016-03-05,14806.55,17308.08,16165.180416666668
2016-03-06,14179.77,17516.56,15679.486666666666
2016-03-07,13578.21,18603.97,16271.110833333334
2016-03-08,13820.75,18715.67,16620.5425
2016-03-09,14151.26,19189.6,16931.695000000003
2016-03-10,14451.62,18946.95,17023.029583333333
2016-03-11,14330.08,17963.45,16561.539166666666
2016-03-12,13776.04,17149.63,15643.907916666669
2016-03-13,13414.5,18087.41,15721.929583333333
2016-03-14,13829.27,20165.68,17262.188333333335
2016-03-15,14038.34,20644.28,17673.437083333334
2016-03-16,14410.92,19449.35,17321.355833333335
2016-03-17,14335.02,19252.41,17196.400416666667
2016-03-18,14020.77,17883.39,16445.12041666667
2016-03-19,14019.27,17126.420000000002,15633.176666666666
2016-03-20,14822.41,18818.42,16573.83875
2016-03-21,16456.760000000002,21669.41,17970.68541666667
2016-03-22,15229.69,20179.99,17186.192916666667
2016-03-23,14008.37,18383.32,16415.92625
2016-03-24,14084.74,17778.81,16357.936249999999
2016-03-25,14333.29,17477.48,15987.398333333333
2016-03-26,14127.34,17340.54,15763.685
2016-03-27,13533.16,17111.73,15353.207499999999
2016-03-28,13465.19,18737.86,16531.375416666666
2016-03-29,14120.45,18403.37,16545.910833333335
2016-03-30,14056.49,19049.5,16947.43291666667
2016-03-31,14641.66,19725.71,17706.33125
2016-04-01,14412.09,17011.45,16073.08875
2016-04-02,14043.08,16581.8,15418.840000000002
2016-04-03,13891.99,17253.96,15474.876250000001
2016-04-04,13316.84,18861.42,16509.297916666666
2016-04-05,13555.5,19408.17,16820.55916666667
2016-04-06,13508.93,18640.18,16393.657499999998
2016-04-07,13818.61,19401.0,16924.78625
2016-04-08,13793.98,17756.63,16255.617083333336
2016-04-09,13632.57,17142.96,15544.121666666666
2016-04-10,13299.1,18474.4,15868.402916666666
2016-04-11,13776.41,19429.34,17121.84708333333
2016-04-12,14722.2,18975.27,17133.104583333334
2016-04-13,14260.23,18693.67,16712.352916666667
2016-04-14,14087.23,18869.42,16949.615
2016-04-15,14140.3,18230.42,16707.362083333337
2016-04-16,13802.26,17307.54,15759.236250000002
2016-04-17,13528.81,18510.35,15909.600416666668
2016-04-18,13727.57,18917.21,16768.965
2016-04-19,13865.69,19341.7,17041.7075
2016-04-20,14164.17,19443.6,17407.189166666667
2016-04-21,14202.87,19341.9,17264.625
2016-04-22,13966.53,20138.59,17184.772500000003
2016-04-23,13479.39,19572.76,16530.995833333334
2016-04-24,13316.99,19411.59,16501.013333333332
2016-04-25,13799.46,21931.42,18239.975833333334
2016-04-26,14987.28,22870.65,19168.185833333333
2016-04-27,15578.57,20873.64,18284.83916666667
2016-04-28,14781.2,22629.45,18912.010416666668
2016-04-29,15328.99,21678.56,18967.152083333334
2016-04-30,15709.55,19690.35,17871.127083333336
2016-05-01,14875.97,19267.09,17162.343333333334
2016-05-02,14171.58,19198.61,17004.0625
2016-05-03,14094.26,19291.47,17109.60375
2016-05-04,13815.7,19756.23,17029.104583333334
2016-05-05,13876.02,20064.49,17209.200833333332
2016-05-06,13707.98,19682.05,16887.93
2016-05-07,13529.43,20502.61,16919.177083333332
2016-05-08,13570.87,19221.82,16686.797916666666
2016-05-09,14493.52,20416.69,17888.39416666667
2016-05-10,15146.66,24270.36,19826.555833333332
2016-05-11,15895.65,24422.61,20279.707916666666
2016-05-12,15830.12,24717.65,20306.904166666667
2016-05-13,15740.9,24023.19,19645.334166666667
2016-05-14,14292.22,21440.3,17841.966666666667
2016-05-15,14244.72,19249.12,16911.647916666665
2016-05-16,14422.32,19423.18,17491.002916666668
2016-05-17,14948.71,21727.97,18590.006250000002
2016-05-18,15211.49,20453.95,18207.553333333333
2016-05-19,14383.29,21558.28,18175.91875
2016-05-20,14385.92,22850.4,18704.251666666667
2016-05-21,14784.38,23416.34,19117.875416666666
2016-05-22,14811.13,22662.07,18613.528333333332
2016-05-23,14737.37,24218.03,19705.175
2016-05-24,15119.65,25641.78,20644.2375
2016-05-25,16674.7,25874.89,21434.924166666668
2016-05-26,17046.31,25657.21,21450.131666666668
2016-05-27,16970.2,23052.45,19951.455416666668
2016-05-28,15152.06,23247.77,19234.075833333332
2016-05-29,14805.86,24393.64,19712.877916666668
2016-05-30,15167.28,24386.7,19967.59375
2016-05-31,15515.4,26104.72,20893.759583333333
2016-06-01,16036.29,23075.68,19874.91
2016-06-02,16103.06,23908.57,20154.366666666665
2016-06-03,16222.49,23055.21,19692.104166666668
2016-06-04,15771.0,21132.36,18589.249166666665
2016-06-05,15152.92,23747.02,19351.73
2016-06-06,15928.3,26494.33,21189.72875
2016-06-07,16474.010000000002,27475.4,21891.16
2016-06-08,16203.38,27529.29,21937.322916666668
2016-06-09,16866.96,27226.37,22099.598333333328
2016-06-10,17021.69,27520.38,22339.677916666667
2016-06-11,17120.85,26414.39,22415.3275
2016-06-12,17593.62,25917.09,21895.635416666668
2016-06-13,17553.65,25452.49,22045.000416666666
2016-06-14,17502.53,26373.92,22416.048333333336
2016-06-15,18332.64,29615.14,24297.985
2016-06-16,18592.64,30901.76,25042.847083333338
2016-06-17,19433.75,30389.67,24991.83375
2016-06-18,18192.45,25508.35,21982.84625
2016-06-19,16772.29,25330.09,21372.719166666666
2016-06-20,17561.02,28107.11,23137.931249999998
2016-06-21,17951.11,28831.67,23619.609999999997
2016-06-22,18343.23,29432.84,24168.181249999998
2016-06-23,18530.46,29615.06,24308.420833333337
2016-06-24,18519.42,29299.26,24102.587083333336
2016-06-25,18201.79,29014.0,23957.17583333333
2016-06-26,18376.39,29269.45,24258.04416666667
2016-06-27,19508.16,29877.63,24407.260833333334
2016-06-28,18164.38,27685.15,22777.262083333335
2016-06-29,17366.6,28488.21,22874.360416666666
2016-06-30,17641.760000000002,29188.51,23391.8475
2016-07-01,18011.97,29813.35,24044.312916666666
2016-07-02,18120.95,29211.58,23910.379166666666
2016-07-03,17981.03,28209.27,23573.5675
2016-07-04,19028.93,27826.13,23654.119583333337
2016-07-05,19365.51,29562.14,24692.610416666666
2016-07-06,20054.74,30318.55,25305.970416666667
2016-07-07,19771.7,31062.19,25632.442916666667
2016-07-08,20194.29,30201.74,25374.483750000003
2016-07-09,18925.19,28149.31,23751.95041666667
2016-07-10,18241.48,26948.95,22594.605833333335
2016-07-11,17625.61,28591.63,23385.15625
2016-07-12,18418.52,29837.11,24346.297083333335
2016-07-13,19579.36,29575.32,24861.972500000003
2016-07-14,19370.02,27871.37,23556.78125
2016-07-15,17819.7,26215.35,22201.345
2016-07-16,17374.34,28010.81,22746.27625
2016-07-17,17547.34,27032.49,22873.110416666666
2016-07-18,18603.33,29277.16,24405.196249999997
2016-07-19,19405.8,30547.18,25272.565416666668
2016-07-20,19821.29,31124.84,25668.098750000005
2016-07-21,19901.13,31488.16,25987.104583333334
2016-07-22,20302.32,29602.25,25123.5925
2016-07-23,18955.35,29049.94,24053.305833333336
2016-07-24,18404.28,27417.25,23076.786666666667
2016-07-25,18522.98,29255.68,23887.357083333336
2016-07-26,18768.15,28367.94,23559.944166666664
2016-07-27,18875.4,24926.97,22196.614166666666
2016-07-28,18186.24,27137.66,22754.052916666667
2016-07-29,17995.33,28433.34,23115.502500000002
2016-07-30,17802.84,28020.9,22929.047916666666
2016-07-31,17588.72,27062.03,22531.670833333334
2016-08-01,18306.31,30420.73,24525.75416666667
2016-08-02,19535.1,31712.45,25731.41458333333
2016-08-03,20265.16,30485.23,25333.125
2016-08-04,20116.36,31483.01,25622.591249999998
2016-08-05,19486.62,30444.8,24799.898749999997
2016-08-06,18890.53,28588.34,23734.454166666663
2016-08-07,18334.83,27950.51,22937.892916666664
2016-08-08,18397.39,28970.82,23655.27625
2016-08-09,19075.03,30482.45,24572.92
2016-08-10,19195.35,29315.41,24328.742916666666
2016-08-11,19485.81,27507.06,23856.062916666666
2016-08-12,19646.08,25808.32,22826.75458333334
2016-08-13,18128.16,22417.0,20274.3325
2016-08-14,16624.15,22566.55,19726.305833333332
2016-08-15,17180.2,25476.99,21680.330416666668
2016-08-16,17730.260000000002,24281.85,21275.076250000002
2016-08-17,17041.56,25663.17,21563.6625
2016-08-18,17063.72,25140.67,21391.309583333332
2016-08-19,17293.77,25858.98,21724.052083333332
2016-08-20,17378.25,24897.25,21442.015416666665
2016-08-21,17192.72,24529.4,20993.438333333335
2016-08-22,16667.58,26499.34,21889.979583333334
2016-08-23,17467.53,29167.58,23497.070000000003
2016-08-24,18481.13,29614.9,24118.031666666666
2016-08-25,18633.36,27690.43,23135.139583333334
2016-08-26,17681.31,27019.02,22411.018750000003
2016-08-27,17432.47,25896.73,21569.075833333332
2016-08-28,17114.28,25890.17,21570.624583333334
2016-08-29,17599.91,27525.62,22751.961250000004
2016-08-30,17958.81,29718.48,23880.803750000003
2016-08-31,18631.44,30219.06,24456.866250000003
2016-09-01,18896.7,29652.09,24252.227916666667
2016-09-02,18510.57,27864.7,22913.16333333333
2016-09-03,17052.85,26369.16,21576.832916666666
2016-09-04,16910.37,26523.72,21589.883749999997
2016-09-05,17787.44,25412.97,21841.012083333335
2016-09-06,17833.7,27945.01,22995.640833333335
2016-09-07,18151.96,28977.65,23652.597500000003
2016-09-08,18287.78,28720.36,23530.3575
2016-09-09,18231.21,27985.59,23158.84041666667
2016-09-10,17706.350000000002,26384.59,21912.952083333337
2016-09-11,16576.41,25364.39,20690.704999999998
2016-09-12,16259.4,27399.81,21794.75083333333
2016-09-13,17189.53,27522.29,22500.5775
2016-09-14,17606.850000000002,28458.24,23031.357500000002
2016-09-15,17891.02,27903.23,23003.119166666667
2016-09-16,17774.23,25777.73,22009.864583333332
2016-09-17,17541.74,25025.14,21345.58875
2016-09-18,17077.71,26045.63,21418.83541666667
2016-09-19,17217.09,28853.75,22928.539166666666
2016-09-20,17330.66,28571.91,22752.971666666665
2016-09-21,17091.65,28570.0,22635.584583333333
2016-09-22,17702.350000000002,28576.6,23066.38
2016-09-23,17668.62,28207.49,22821.479166666668
2016-09-24,17224.13,27624.36,22096.6125
2016-09-25,16827.73,26788.61,21683.917916666665
2016-09-26,17166.77,25350.24,21307.54416666667
2016-09-27,16562.08,24910.3,20571.604166666668
2016-09-28,15928.3,25524.12,20374.350416666668
2016-09-29,15556.37,22732.17,19001.531666666666
2016-09-30,14366.24,21145.82,17735.122083333332
2016-10-01,14100.93,20583.13,17274.535
2016-10-02,13902.31,21724.58,17691.690416666668
2016-10-03,14275.88,23299.57,18710.619583333333
2016-10-04,14549.28,24831.86,19782.286666666667
2016-10-05,16234.13,26198.67,21024.78125
2016-10-06,15998.0,25838.09,20779.30916666667
2016-10-07,16044.3,25209.74,20403.431249999998
2016-10-08,15122.87,21642.63,18098.803750000003
2016-10-09,13578.37,19045.8,16177.60875
2016-10-10,13559.88,21623.65,17617.114583333332
2016-10-11,14368.64,22514.97,18506.24
2016-10-12,14659.98,23497.09,19005.334166666667
2016-10-13,14921.3,22583.33,18838.12875
2016-10-14,14576.91,21582.9,18226.09375
2016-10-15,14614.32,22455.36,18378.288333333334
2016-10-16,14677.21,23633.81,18885.993749999998
2016-10-17,15235.18,24782.41,20094.982500000002
2016-10-18,16093.99,24884.81,20615.96375
2016-10-19,16138.47,24689.98,20535.21375
2016-10-20,15879.25,21757.69,19040.014166666664
2016-10-21,14126.67,17630.39,16171.481666666667
2016-10-22,13169.98,16677.510000000002,15178.952916666667
2016-10-23,12938.05,17858.93,15240.350416666668
2016-10-24,13128.63,19173.73,16523.45375
2016-10-25,13567.6,19683.61,16895.03375
2016-10-26,13499.4,20155.61,17138.517083333336
2016-10-27,14080.28,21585.6,17952.781666666666
2016-10-28,14264.9,21167.64,17675.999166666665
2016-10-29,13580.62,20608.92,16870.199583333335
2016-10-30,13486.34,21210.97,17034.24625
2016-10-31,13627.71,22002.95,17768.09833333333
2016-11-01,13924.91,21483.26,17929.033333333333
2016-11-02,14552.5,21915.63,18433.51375
2016-11-03,14574.66,22061.27,18536.609583333335
2016-11-04,14599.16,21095.34,17989.351250000003
2016-11-05,13801.76,17710.99,15914.622916666667
2016-11-06,13250.04,18312.71,15762.071666666665
2016-11-07,13467.72,18822.43,16415.12
2016-11-08,13902.55,18826.83,16558.48041666667
2016-11-09,13984.94,18570.62,16487.850833333334
2016-11-10,13771.57,18039.05,16202.54125
2016-11-11,13833.18,17236.66,15872.897916666669
2016-11-12,13750.3,16692.34,15311.475833333332
2016-11-13,13719.4,17182.5,15370.162083333335
2016-11-14,13852.48,17958.600000000002,16154.917916666667
2016-11-15,13833.77,18445.59,16324.508333333333
2016-11-16,13741.14,18505.53,16357.238333333333
2016-11-17,13528.2,18606.63,16488.522500000003
2016-11-18,13638.08,18467.65,16527.12
2016-11-19,13811.1,17741.28,15919.786666666667
2016-11-20,15670.07,18798.41,16984.312916666666
2016-11-21,16419.15,20406.31,17826.836250000004
2016-11-22,15914.140000000005,18973.27,17385.06375
2016-11-23,14126.73,18137.12,16455.076666666664
2016-11-24,13746.9,17231.86,15375.787083333335
2016-11-25,13683.32,16913.0,15403.57875
2016-11-26,13804.46,17723.52,15751.702083333332
2016-11-27,15571.12,18294.1,16756.373333333333
2016-11-28,14351.35,19479.31,17084.230833333335
2016-11-29,14675.03,20281.16,17638.908333333336
2016-11-30,14923.45,19133.96,17038.994583333333
2016-12-01,16090.45,20231.11,17954.712083333332
2016-12-02,16616.170000000002,19930.69,17736.4475
2016-12-03,15087.66,19326.32,17457.287083333333
2016-12-04,15136.77,19258.3,17175.91125
2016-12-05,15367.51,20182.85,18119.23041666667
2016-12-06,15168.02,19764.97,17635.240833333333
2016-12-07,15536.0,20166.17,18023.260833333334
2016-12-08,16033.09,23321.73,19824.8775
2016-12-09,19625.73,24602.75,21715.309583333332
2016-12-10,18205.02,23360.78,20917.02375
2016-12-11,16530.97,19819.36,18247.987916666665
2016-12-12,14357.98,19601.93,17155.662500000002
2016-12-13,14842.86,20156.9,17686.658333333336
2016-12-14,15477.91,20807.38,18267.870833333334
2016-12-15,17367.58,22654.73,20097.922916666666
2016-12-16,17553.41,22639.66,20016.245
2016-12-17,14525.85,19150.82,16987.767083333336
2016-12-18,16029.75,24853.33,20367.507916666666
2016-12-19,22008.61,26876.07,24175.432083333333
2016-12-20,19390.92,26644.62,22717.52125
2016-12-21,17816.66,21371.17,19356.5525
2016-12-22,16003.23,19212.62,17839.45041666667
2016-12-23,15684.92,18421.11,17300.69208333333
2016-12-24,13994.28,17823.100000000002,16180.792916666667
2016-12-25,13702.98,16810.72,15628.880833333335
2016-12-26,13564.02,18893.08,16264.59375
2016-12-27,14222.39,19766.22,17221.464583333334
2016-12-28,15311.41,19622.34,17697.04333333333
2016-12-29,15100.37,19262.09,17177.719583333335
2016-12-30,16906.73,20883.77,18748.700416666667
2016-12-31,16138.67,18555.0,17399.7725
2017-01-01,14269.52,17679.170000000002,16060.034583333334
2017-01-02,14118.99,18580.67,16466.27625
2017-01-03,14303.45,19190.5,16988.731666666663
2017-01-04,15578.98,21631.36,18701.66625
2017-01-05,18132.96,21924.91,20106.35375
2017-01-06,19103.38,27769.89,24162.552916666667
2017-01-07,23058.66,27970.41,25808.215416666662
2017-01-08,20994.46,27299.71,24566.647083333333
2017-01-09,18599.54,25496.24,21791.05125
2017-01-10,15966.23,18757.43,17434.420833333334
2017-01-11,14216.27,18911.2,16698.408333333333
2017-01-12,14177.18,19320.62,17006.25333333333
2017-01-13,14476.7,19038.17,17175.55791666667
2017-01-14,14626.4,18158.11,16594.72
2017-01-15,14186.66,18121.98,16245.127916666666
2017-01-16,14331.84,19563.03,17069.459583333333
2017-01-17,14474.21,19820.78,17396.814166666667
2017-01-18,14835.88,19929.3,17557.790416666667
2017-01-19,15035.52,18793.47,17238.42541666667
2017-01-20,14243.47,18320.82,16646.743333333332
2017-01-21,14198.41,17819.24,15985.680833333332
2017-01-22,13625.67,18003.03,15601.350833333332
2017-01-23,14323.8,18933.74,16984.247083333332
2017-01-24,15750.78,20239.44,17545.358333333334
2017-01-25,14352.5,18834.52,16784.594166666666
2017-01-26,15043.24,20851.8,18067.2525
2017-01-27,18158.5,22808.05,20039.351666666666
2017-01-28,17214.02,21133.74,19073.759166666667
2017-01-29,16028.22,20634.88,18290.8475
2017-01-30,16607.6,21916.34,18135.994166666667
2017-01-31,15287.46,19660.3,17000.549166666668
2017-02-01,13984.46,18295.2,16276.398333333336
2017-02-02,14169.78,19927.01,17207.19208333333
2017-02-03,15229.45,19401.79,17650.652083333334
2017-02-04,17138.96,20898.03,18558.500833333335
2017-02-05,15640.46,17619.59,16685.90958333333
2017-02-06,13894.95,18780.56,16532.942916666667
2017-02-07,13971.97,18858.86,16711.31
2017-02-08,13695.53,19268.76,16750.80791666667
2017-02-09,14434.0,19184.91,17000.472083333334
2017-02-10,15794.81,19987.12,17177.123333333333
2017-02-11,13539.57,17988.46,15910.682083333333
2017-02-12,13540.05,18918.54,16207.985833333334
2017-02-13,13782.69,18675.15,16522.395416666666
2017-02-14,14235.04,19418.43,17111.37625
2017-02-15,14944.19,19765.24,17469.44125
2017-02-16,16448.6,21787.06,18108.155000000002
2017-02-17,16174.83,20152.89,17651.06125
2017-02-18,14874.05,17273.510000000002,16102.805833333332
2017-02-19,13973.75,18275.46,15946.217083333331
2017-02-20,13961.21,19074.17,16836.195
2017-02-21,13809.91,18456.56,16385.81625
2017-02-22,13843.94,18517.34,16418.247499999998
2017-02-23,13900.53,18659.85,16661.260833333334
2017-02-24,13747.55,18333.91,16534.17916666667
2017-02-25,14308.01,17519.83,16033.52375
2017-02-26,15632.56,18210.37,16591.013333333332
2017-02-27,13949.0,19100.11,16885.022083333333
2017-02-28,14522.49,19589.23,17315.00458333333
2017-03-01,14355.22,19163.93,17216.755416666667
2017-03-02,14144.23,18313.85,16436.755
2017-03-03,15655.62,19810.8,17167.370833333334
2017-03-04,15601.22,17678.13,16413.555416666666
2017-03-05,14107.44,18002.53,15926.723333333333
2017-03-06,13948.75,19153.07,16793.360416666666
2017-03-07,14565.38,18880.32,17150.84875
2017-03-08,14543.49,18286.94,16631.339583333334
2017-03-09,13952.82,19197.81,16848.142916666668
2017-03-10,14024.66,18687.75,16931.00458333333
2017-03-11,14543.99,18636.27,16782.87833333333
2017-03-12,15477.82,18262.84,16810.860833333332
2017-03-13,15283.36,19795.23,17797.565
2017-03-14,16384.65,20673.58,18495.89625
2017-03-15,16840.7,21031.43,18503.635416666668
2017-03-16,16323.46,20779.31,18194.838333333333
2017-03-17,14803.26,17507.31,16607.605
2017-03-18,13693.27,18013.65,16032.937916666668
2017-03-19,13738.44,19064.49,16474.930833333332
2017-03-20,14113.36,20985.37,17735.455
2017-03-21,14282.98,21590.8,18024.831666666665
2017-03-22,14446.5,20914.27,17821.017083333332
2017-03-23,14484.59,21105.79,17952.179166666665
2017-03-24,14723.24,19392.27,17586.8875
2017-03-25,14556.18,17498.39,16303.56875
2017-03-26,13777.46,19692.67,16787.154583333333
2017-03-27,14622.66,20938.97,18231.26875
2017-03-28,14988.59,22078.93,18779.377916666668
2017-03-29,15331.86,21438.66,18661.1075
2017-03-30,15072.43,18878.09,17220.193750000002
2017-03-31,14248.44,20035.63,17262.86
2017-04-01,13921.46,19485.07,16763.486249999998
2017-04-02,14028.05,18936.79,16538.4775
2017-04-03,14359.39,20598.14,17556.107083333332
2017-04-04,14211.81,21679.57,18058.679583333334
2017-04-05,15348.53,20194.69,17999.448333333334
2017-04-06,14230.26,18549.02,16637.925
2017-04-07,14164.95,17565.420000000002,16447.86333333333
2017-04-08,13930.22,17708.31,15994.747916666667
2017-04-09,13399.44,19019.54,16234.166666666666
2017-04-10,13831.4,20120.27,17451.756666666668
2017-04-11,14272.05,19579.77,17506.670416666664
2017-04-12,14397.48,21083.61,17901.604166666668
2017-04-13,14281.86,21807.32,18202.58125
2017-04-14,14326.31,20792.55,17729.719166666666
2017-04-15,14373.33,20627.95,17697.485833333336
2017-04-16,14579.8,19912.19,17562.225416666664
2017-04-17,14787.89,20897.59,18336.305833333336
2017-04-18,14933.37,21843.82,18589.174166666668
2017-04-19,14876.91,22828.1,19130.321666666667
2017-04-20,15489.46,23259.09,19566.122083333332
2017-04-21,15481.99,22695.91,19201.435416666667
2017-04-22,15140.78,20513.85,17950.01166666667
2017-04-23,14190.38,17662.36,15761.895833333334
2017-04-24,13792.62,19689.6,17062.092083333333
2017-04-25,14135.91,21281.09,17974.283333333336
2017-04-26,15185.08,21600.66,18686.32875
2017-04-27,14756.94,20822.49,17843.299166666668
2017-04-28,15577.0,23020.69,19788.66875
2017-04-29,17266.78,22374.56,20044.670416666664
2017-04-30,15618.72,18347.86,17102.612083333337
2017-05-01,13596.47,19882.07,17110.84833333333
2017-05-02,14020.55,22248.5,18147.270833333332
2017-05-03,14685.67,18517.04,17141.43875
2017-05-04,14073.92,18118.36,16416.2375
2017-05-05,14295.67,17792.600000000002,16483.271666666667
2017-05-06,13703.87,19226.08,16371.360833333334
2017-05-07,13602.71,21163.27,17189.78
2017-05-08,14125.24,23259.47,18862.209166666667
2017-05-09,14712.61,23758.69,19327.95375
2017-05-10,14974.04,24112.43,19538.54875
2017-05-11,15562.16,23364.14,19590.564166666667
2017-05-12,15821.84,21415.06,18692.106666666667
2017-05-13,14472.12,20243.73,17329.715
2017-05-14,13892.59,22314.99,17996.99166666667
2017-05-15,14556.41,25108.55,19906.492083333334
2017-05-16,15339.54,25237.41,20358.060833333333
2017-05-17,16088.890000000005,24147.71,20406.46416666667
2017-05-18,16736.24,25939.88,21476.032916666667
2017-05-19,17274.97,25955.52,21749.772083333333
2017-05-20,17161.08,23208.43,20114.565416666665
2017-05-21,15396.36,20998.46,18224.407083333335
2017-05-22,14738.26,19733.09,17837.845416666667
2017-05-23,15390.62,22550.21,19052.974583333333
2017-05-24,15101.46,19840.42,17707.569166666668
2017-05-25,14250.61,22994.66,18639.466666666667
2017-05-26,15344.21,24679.4,20209.249166666665
2017-05-27,17452.04,26113.68,21675.290416666667
2017-05-28,17064.72,23403.56,20313.416666666668
2017-05-29,15497.61,22711.59,19057.788750000003
2017-05-30,15784.28,22965.19,19691.295833333334
2017-05-31,15996.85,24788.97,20609.926666666666
2017-06-01,16508.010000000002,23345.95,20007.67625
2017-06-02,16406.68,24779.17,20697.562916666666
2017-06-03,16578.55,22816.85,19918.282083333335
2017-06-04,16194.1,22139.74,19241.097083333334
2017-06-05,16000.96,22589.88,19720.49875
2017-06-06,16300.06,23630.8,20178.89375
2017-06-07,16077.29,25033.54,20437.317916666667
2017-06-08,15173.88,24555.52,19800.115833333333
2017-06-09,15225.41,24332.41,19831.678750000003
2017-06-10,15370.12,25021.89,20244.15375
2017-06-11,15761.95,24983.0,20745.530416666665
2017-06-12,17678.28,25915.64,22175.961666666666
2017-06-13,17685.03,27257.78,22553.876666666667
2017-06-14,18111.99,28969.7,23625.88625
2017-06-15,18660.26,28896.71,23959.070416666666
2017-06-16,18540.51,28873.35,23688.969583333335
2017-06-17,17453.68,26108.5,21919.952500000003
2017-06-18,17882.58,25339.46,21747.914166666666
2017-06-19,17404.43,28232.83,22910.125416666666
2017-06-20,18225.35,25206.35,21932.979166666668
2017-06-21,17451.97,24272.28,21198.169166666667
2017-06-22,18434.69,25656.41,22389.43291666667
2017-06-23,19182.61,27026.39,22955.252500000002
2017-06-24,17612.75,24448.76,21088.844166666666
2017-06-25,16392.64,24527.19,20470.407083333335
2017-06-26,16335.6,26500.44,21308.965833333335
2017-06-27,17035.74,26010.66,21605.933333333334
2017-06-28,16862.4,26131.93,21724.72375
2017-06-29,17506.920000000002,24950.63,21583.72875
2017-06-30,18684.53,27813.03,23296.635833333334
2017-07-01,17875.02,27930.38,22796.911250000005
2017-07-02,17043.02,27907.86,22509.055833333332
2017-07-03,18315.8,28315.0,23265.66625
2017-07-04,17921.37,27361.84,22768.301666666666
2017-07-05,18320.68,29132.99,23843.403333333332
2017-07-06,18814.37,28721.37,23882.533333333336
2017-07-07,18484.52,29109.97,23870.534166666668
2017-07-08,18105.78,26805.22,22531.15958333333
2017-07-09,17033.6,26498.29,21979.9325
2017-07-10,17035.4,27289.23,22466.495
2017-07-11,17927.52,27586.95,23090.39375
2017-07-12,18366.76,28467.66,23696.940000000002
2017-07-13,18722.86,28105.37,23544.910000000003
2017-07-14,18428.35,28248.69,23224.49166666667
2017-07-15,17859.55,26398.08,22152.79291666667
2017-07-16,17203.04,27125.57,22334.571249999997
2017-07-17,18313.13,28723.5,23727.21416666667
2017-07-18,18685.3,29560.23,24265.53916666667
2017-07-19,19261.36,30771.59,25179.213333333333
2017-07-20,19702.17,31975.04,26011.26166666667
2017-07-21,20233.5,30816.3,25522.922916666663
2017-07-22,19131.43,28290.02,23736.85666666667
2017-07-23,18470.49,26218.55,22479.345
2017-07-24,18479.39,27402.99,23425.40958333333
2017-07-25,19087.91,29023.49,24225.815833333338
2017-07-26,19409.02,31380.15,25329.469166666666
2017-07-27,19543.39,31157.59,25337.020833333332
2017-07-28,19781.2,30136.82,24942.8725
2017-07-29,19841.73,26360.11,22878.400833333337
2017-07-30,17417.77,27033.22,22077.212916666667
2017-07-31,17000.52,28454.95,22863.36708333333
2017-08-01,17928.23,27618.73,22912.303750000003
2017-08-02,18030.83,25116.27,21824.58208333333
2017-08-03,17972.22,26925.23,22404.02666666666
2017-08-04,18364.7,27451.08,22724.605833333335
2017-08-05,17444.85,26645.74,22048.932083333333
2017-08-06,17919.13,24895.43,21536.561666666665
2017-08-07,18396.97,25518.34,22118.922083333327
2017-08-08,17863.52,26185.02,22173.870416666672
2017-08-09,18071.58,26117.3,22395.08916666667
2017-08-10,18242.51,26816.06,22865.814166666667
2017-08-11,18489.1,27311.86,23147.515416666665
2017-08-12,18255.06,27361.83,22700.47291666667
2017-08-13,17705.260000000002,26572.36,22292.6225
2017-08-14,18785.65,27687.96,23542.736666666664
2017-08-15,18903.9,27009.01,23272.25833333333
2017-08-16,18563.57,27945.39,23489.961249999997
2017-08-17,19218.46,29251.25,24300.53833333333
2017-08-18,18963.92,30642.53,24831.824583333335
2017-08-19,19169.97,30136.06,24361.274166666666
2017-08-20,18357.98,29447.82,24013.267083333336
2017-08-21,19128.36,29803.64,24550.08875
2017-08-22,18780.2,29077.8,24128.209166666667
2017-08-23,18922.78,28668.19,23716.051666666666
2017-08-24,18623.68,28131.21,23130.15166666666
2017-08-25,18043.65,25323.85,21819.570833333335
2017-08-26,17966.53,24964.91,21542.40166666667
2017-08-27,18119.84,22701.25,20592.84125
2017-08-28,17165.68,21430.49,19742.383749999997
2017-08-29,16564.52,22302.94,19662.359166666665
2017-08-30,16473.18,22450.42,19808.61416666667
2017-08-31,16594.36,22598.64,19828.20625
2017-09-01,15642.15,24687.1,20024.690833333334
2017-09-02,15262.43,24527.39,19728.150416666667
2017-09-03,15163.13,24975.04,19917.467916666665
2017-09-04,15609.2,26211.94,20732.9175
2017-09-05,16479.170000000002,25704.46,21121.607083333332
2017-09-06,15786.22,22001.97,18839.729166666668
2017-09-07,14115.26,21896.27,17880.97125
2017-09-08,14151.68,22187.27,17990.907083333335
2017-09-09,14230.82,22317.47,18023.10125
2017-09-10,14302.46,22319.65,18121.962083333332
2017-09-11,14553.38,22091.45,18346.140833333335
2017-09-12,14428.25,20432.02,17625.408750000002
2017-09-13,14350.6,23091.38,18804.094999999998
2017-09-14,15173.05,25536.32,20223.48875
2017-09-15,15913.62,26421.01,21092.5075
2017-09-16,16546.04,25982.92,21129.035
2017-09-17,16494.23,26560.05,21401.08541666667
2017-09-18,17089.9,27070.64,22248.712083333332
2017-09-19,17357.75,28032.18,22693.77791666667
2017-09-20,18007.27,27026.62,22616.064583333336
2017-09-21,17370.04,27570.25,22459.895416666666
2017-09-22,17298.32,28180.6,22611.327500000003
2017-09-23,17219.82,27127.34,21935.88875
2017-09-24,16490.27,26217.47,21222.315416666668
2017-09-25,16734.24,26886.47,21847.97375
2017-09-26,17047.15,27259.32,22145.98625
2017-09-27,17455.21,27589.46,22481.359999999997
2017-09-28,17457.510000000002,26613.28,21993.6425
2017-09-29,16851.77,25693.62,21005.8625
2017-09-30,15748.76,24398.04,19726.836249999997
2017-10-01,15854.93,23666.58,19788.81583333333
2017-10-02,16493.2,22351.21,19856.662500000002
2017-10-03,17213.670000000002,24280.16,20944.389166666664
2017-10-04,16383.53,24777.72,20460.368749999998
2017-10-05,15697.84,24746.72,20073.9
2017-10-06,15450.24,24913.65,20112.799583333333
2017-10-07,16512.49,23261.63,19829.976249999996
2017-10-08,16074.38,25707.65,20596.23375
2017-10-09,16869.46,26038.77,21682.128333333334
2017-10-10,17480.9,24884.28,21179.357916666664
2017-10-11,15691.13,22994.47,19331.487916666665
2017-10-12,15643.89,24212.8,19734.030000000002
2017-10-13,15494.85,25337.04,20162.5525
2017-10-14,16111.88,25547.33,20606.814583333333
2017-10-15,16689.87,22697.82,19608.509583333333
2017-10-16,15089.47,19127.92,17230.66
2017-10-17,13903.81,19105.91,16801.56
2017-10-18,14073.66,20141.31,17287.445
2017-10-19,14299.92,20912.24,17812.611666666668
2017-10-20,14583.1,19535.82,17522.534166666668
2017-10-21,15039.0,21526.69,18404.037083333333
2017-10-22,14978.13,18065.37,16690.26
2017-10-23,13544.8,18723.51,16496.724166666667
2017-10-24,13956.02,18500.6,16463.8825
2017-10-25,14335.52,18415.56,16656.531666666666
2017-10-26,14498.36,18713.81,16944.63625
2017-10-27,14144.55,18486.64,16981.1525
2017-10-28,15148.85,18355.61,16924.984166666665
2017-10-29,16195.84,19782.38,17473.366250000003
2017-10-30,15570.37,19702.78,17467.763333333332
2017-10-31,14687.68,18382.48,17237.0425
2017-11-01,14758.46,19372.59,17323.735833333332
2017-11-02,14967.76,21433.03,18604.482916666668
2017-11-03,15574.63,21859.87,18825.732500000002
2017-11-04,15100.6,20956.31,18082.537083333333
2017-11-05,15056.59,21083.63,18287.130833333333
2017-11-06,15477.84,22167.41,19231.914999999997
2017-11-07,15799.4,21501.21,18968.420000000002
2017-11-08,15542.59,19607.55,17701.350833333334
2017-11-09,15229.81,19123.53,17374.54625
2017-11-10,15975.68,19116.24,17481.69875
2017-11-11,16044.17,18161.67,17022.84291666667
2017-11-12,14464.84,18760.15,16480.409583333334
2017-11-13,14510.65,19631.9,17321.05791666667
2017-11-14,15142.55,19295.95,17462.870833333334
2017-11-15,14821.89,18841.4,17163.39
2017-11-16,14626.22,19423.3,17329.116250000003
2017-11-17,14937.52,19331.86,17598.715
2017-11-18,14899.85,19177.19,17337.79
2017-11-19,14780.24,19121.07,16926.825416666667
2017-11-20,17233.66,21093.28,19005.404166666664
2017-11-21,17181.77,20043.31,18443.608750000003
2017-11-22,15826.6,19707.78,18050.729583333334
2017-11-23,15382.57,20759.43,17909.092500000002
2017-11-24,16214.47,19744.99,17709.689583333333
2017-11-25,16315.08,18277.91,17112.43625
2017-11-26,15491.02,18655.46,16913.423333333336
2017-11-27,16200.12,20908.46,18316.159166666668
2017-11-28,16829.22,20785.12,18361.587083333332
2017-11-29,15300.32,19762.42,17680.0075
2017-11-30,15164.34,19356.23,17545.74666666667
2017-12-01,15415.87,18924.95,17437.774583333336
2017-12-02,15239.49,17839.4,16727.131250000002
2017-12-03,14919.47,18468.04,16521.07458333333
2017-12-04,14575.1,19715.21,17424.015416666665
2017-12-05,14732.35,20369.68,17918.790833333333
2017-12-06,16572.65,23508.4,20287.95666666667
2017-12-07,18986.89,24190.14,21596.834166666667
2017-12-08,20932.24,25549.26,23646.305000000004
2017-12-09,19073.19,25056.64,22297.296666666665
2017-12-10,17360.21,23643.18,20641.049166666668
2017-12-11,17434.09,23871.93,19748.41375
2017-12-12,16579.77,21706.93,19029.58375
2017-12-13,18043.83,24743.26,20673.583333333332
2017-12-14,17947.53,22591.5,19679.892083333336
2017-12-15,17943.8,22299.07,20509.40166666667
2017-12-16,18019.01,22448.31,20003.747916666664
2017-12-17,16144.48,19320.16,17710.591666666664
2017-12-18,15342.84,19935.75,17816.85625
2017-12-19,15034.5,19518.77,17534.883333333335
2017-12-20,15108.33,19542.47,17550.41041666667
2017-12-21,15037.84,19230.69,17476.282916666667
2017-12-22,14997.82,19728.63,17780.536666666667
2017-12-23,15423.72,19343.62,17584.89
2017-12-24,16512.49,19180.69,17868.647083333333
2017-12-25,17261.44,21559.4,19237.225000000002
2017-12-26,18112.0,22192.15,20388.59625
2017-12-27,19056.07,25518.48,22640.050416666665
2017-12-28,21799.04,25378.1,23706.978333333333
2017-12-29,19536.28,24843.68,21785.6075
2017-12-30,18117.51,20993.36,19474.820416666666
2017-12-31,18668.98,26215.11,22397.173333333336
2018-01-01,25492.27,29273.36,27364.002083333336
2018-01-02,26776.85,30688.07,28462.30458333333
2018-01-03,22992.99,29079.18,26164.451250000002
2018-01-04,21762.94,29588.96,25671.19333333334
2018-01-05,20430.23,28288.01,24248.616250000003
2018-01-06,18789.01,25829.03,22508.135416666668
2018-01-07,18110.32,21810.37,20289.860833333336
2018-01-08,15968.65,20761.43,18499.674583333333
2018-01-09,16798.99,21026.75,19143.859583333335
2018-01-10,16487.33,19566.81,18140.434583333332
2018-01-11,14885.79,19473.41,17338.63875
2018-01-12,17636.670000000002,26575.98,22976.575
2018-01-13,21830.4,27239.56,24846.99625
2018-01-14,20819.46,27189.81,24291.599166666667
2018-01-15,19209.86,26780.21,22783.407916666667
2018-01-16,21210.73,30841.02,26503.841666666664
2018-01-17,25927.66,31850.43,29062.877500000002
2018-01-18,22121.58,30710.65,26514.412916666668
2018-01-19,19577.07,26715.19,22715.065416666668
2018-01-20,16333.59,20064.8,18134.84875
2018-01-21,14793.73,17479.91,15972.735416666668
2018-01-22,13658.48,19106.38,16467.91375
2018-01-23,16285.3,21934.05,18755.786666666667
2018-01-24,17799.81,23642.32,20099.03625
2018-01-25,17356.29,25015.23,20397.305416666666
2018-01-26,16918.68,22096.59,18837.346666666668
2018-01-27,14834.67,18215.95,16772.1025
2018-01-28,14955.45,18587.96,16591.140416666665
2018-01-29,16363.25,21958.71,19012.302083333332
2018-01-30,18524.52,24905.86,21102.754166666666
2018-01-31,17085.4,24695.74,19980.409166666668
2018-02-01,15957.41,19352.0,17686.696666666667
2018-02-02,16477.91,21782.89,19674.69
2018-02-03,18814.87,22422.07,20499.193333333333
2018-02-04,15990.02,18531.61,17151.445833333335
2018-02-05,16865.75,21837.11,18860.919583333332
2018-02-06,15757.8,20165.21,18087.64375
2018-02-07,16039.37,22819.94,19400.801666666666
2018-02-08,17506.33,24285.35,20233.03875
2018-02-09,16853.21,20535.35,18092.072083333333
2018-02-10,14639.07,18282.09,16639.830833333333
2018-02-11,15214.16,21103.62,18137.726666666666
2018-02-12,18136.94,23103.72,21010.366250000003
2018-02-13,17639.77,21530.16,19466.68625
2018-02-14,15485.02,18812.13,17357.23083333333
2018-02-15,14248.06,18900.01,16852.04
2018-02-16,14124.64,19261.5,17029.6775
2018-02-17,14842.01,18697.19,17042.39
2018-02-18,15019.13,18510.67,16665.337499999998
2018-02-19,14085.37,19512.26,17086.794583333332
2018-02-20,14275.92,20186.07,17512.976666666666
2018-02-21,14812.43,20657.83,18071.11125
2018-02-22,15709.61,20666.48,18588.955416666668
2018-02-23,15264.98,18943.62,17605.45
2018-02-24,14785.3,19074.37,17217.919166666663
2018-02-25,14714.68,18523.55,16465.07
2018-02-26,14983.16,18851.39,17115.659583333334
2018-02-27,14988.41,19163.54,17241.929583333334
2018-02-28,14726.29,20117.24,17765.53625
2018-03-01,15130.92,18813.71,17353.50375
2018-03-02,14704.37,17656.420000000002,16584.062916666666
2018-03-03,14961.59,17427.9,16259.611666666664
2018-03-04,14755.2,18344.26,16377.314166666669
2018-03-05,14289.56,19241.71,17060.645
2018-03-06,14836.01,18848.73,16898.423333333332
2018-03-07,15463.37,19355.77,17469.319166666668
2018-03-08,16637.08,20714.08,17995.494583333333
2018-03-09,16322.25,20293.08,17433.277083333334
2018-03-10,14452.79,17655.81,16107.016666666668
2018-03-11,14041.09,17656.7,15799.715416666668
2018-03-12,14613.03,19066.49,17275.545416666664
2018-03-13,16388.81,20942.74,17903.538750000003
2018-03-14,16298.91,20879.12,17737.827083333334
2018-03-15,15676.17,20627.76,17417.775833333333
2018-03-16,14491.68,18185.95,16845.712083333332
2018-03-17,14366.15,18404.03,16662.596666666668
2018-03-18,14167.93,19311.43,16724.724583333333
2018-03-19,14893.13,20722.06,18074.117083333334
2018-03-20,14599.51,18788.74,16921.21791666667
2018-03-21,15207.57,18991.98,17168.306666666667
2018-03-22,15554.77,19674.77,17339.852916666667
2018-03-23,14574.68,17924.08,16794.131666666668
2018-03-24,14077.6,18125.26,16358.078333333333
2018-03-25,13990.45,19535.51,16954.447916666668
2018-03-26,14709.14,20388.25,18014.453333333335
2018-03-27,15218.61,20253.2,18079.77875
2018-03-28,15186.34,19622.96,17909.794583333332
2018-03-29,14966.09,18413.89,16959.178750000003
2018-03-30,14243.6,17352.63,16175.583333333334
2018-03-31,14163.31,17634.71,16059.810833333335
2018-04-01,13750.54,18454.39,16102.857916666666
2018-04-02,14433.12,20459.02,17908.270833333332
2018-04-03,15256.63,21167.77,18399.413333333334
2018-04-04,14854.21,18363.45,16846.929166666665
2018-04-05,14919.68,18252.86,16888.898333333334
2018-04-06,14521.03,18817.57,17271.94125
2018-04-07,15438.84,18998.46,17471.44875
2018-04-08,15974.68,19294.2,17574.782083333335
2018-04-09,14996.08,18407.09,17034.7975
2018-04-10,14550.04,18589.0,16875.197916666668
2018-04-11,14687.16,18801.29,17035.85541666667
2018-04-12,14245.1,19615.21,17319.916250000002
2018-04-13,14669.11,19916.82,17843.024583333332
2018-04-14,15032.82,17173.33,16320.300833333335
2018-04-15,14609.81,18474.5,16579.50375
2018-04-16,15771.52,19923.42,17440.385833333334
2018-04-17,14853.29,19345.61,17405.320416666666
2018-04-18,14189.76,20300.55,17558.46125
2018-04-19,14298.29,18624.11,16849.555833333332
2018-04-20,14670.13,18026.14,16590.470833333333
2018-04-21,14404.99,17910.43,16332.035416666668
2018-04-22,14440.63,18468.49,16456.117500000004
2018-04-23,13925.88,19059.55,16870.02625
2018-04-24,14470.04,19862.12,17480.232916666664
2018-04-25,14328.38,20693.49,17798.82458333333
2018-04-26,14705.67,18645.65,16979.877500000002
2018-04-27,14288.1,18712.91,16803.771249999998
2018-04-28,13980.76,19676.55,16759.92125
2018-04-29,13597.93,19775.42,16667.852916666667
2018-04-30,13889.38,21138.25,17739.81625
2018-05-01,14336.75,21648.3,18400.322916666668
2018-05-02,15645.85,23961.39,19982.58375
2018-05-03,16284.28,23306.11,19938.657083333335
2018-05-04,15900.85,21907.25,19176.476249999996
2018-05-05,15107.73,19755.19,17611.127916666668
2018-05-06,14260.99,22437.35,18125.747916666667
2018-05-07,14711.64,25211.04,19915.51375
2018-05-08,15681.67,25978.73,20761.537500000002
2018-05-09,15900.18,25389.17,20563.585000000003
2018-05-10,15680.06,25548.06,20569.783333333336
2018-05-11,16005.67,25907.94,20910.39458333333
2018-05-12,15961.68,25158.03,20565.189583333336
2018-05-13,15798.03,25992.04,20931.509166666667
2018-05-14,16447.2,28217.32,22322.467916666665
2018-05-15,17016.94,27378.35,22241.721250000002
2018-05-16,16774.52,27823.66,22199.622083333332
2018-05-17,17032.420000000002,27141.65,21969.170000000002
2018-05-18,16975.87,26922.55,21669.899166666666
2018-05-19,16541.010000000002,27062.06,21712.18333333333
2018-05-20,16460.59,26001.37,21461.358333333334
2018-05-21,16671.86,25616.69,21333.077916666665
2018-05-22,16774.99,26768.21,21894.327916666665
2018-05-23,17048.71,26511.7,21897.462916666667
2018-05-24,16966.56,25843.07,21498.497916666664
2018-05-25,16919.96,24930.44,21123.6725
2018-05-26,16331.13,23776.97,20250.018333333333
2018-05-27,15861.23,25583.95,20862.175
2018-05-28,16717.95,27290.76,22049.835833333334
2018-05-29,17425.82,28725.9,23287.587499999998
2018-05-30,18422.17,29919.8,24147.382499999996
2018-05-31,18669.74,29482.69,24229.966666666664
2018-06-01,19052.14,29727.9,24492.625416666666
2018-06-02,18676.44,29144.64,23995.845
2018-06-03,18168.49,27535.62,22844.952500000003
2018-06-04,17760.21,28096.27,22857.17375
2018-06-05,17950.65,25231.34,21832.50125
2018-06-06,16521.510000000002,28463.99,22386.382499999996
2018-06-07,17424.8,29745.74,23647.684583333332
2018-06-08,18275.63,28980.25,23710.298333333336
2018-06-09,17386.010000000002,27891.26,22866.204999999998
2018-06-10,17553.12,26137.18,22269.252083333336
2018-06-11,18310.34,27700.21,23351.951666666664
2018-06-12,18616.74,28932.0,23570.08833333333
2018-06-13,18066.96,28238.77,23051.100833333334
2018-06-14,17928.45,28537.35,23430.992500000004
2018-06-15,18575.42,27934.46,23669.612916666665
2018-06-16,18107.66,28300.3,23487.38625
2018-06-17,18269.65,27123.45,22974.403333333332
2018-06-18,18791.93,25187.31,22327.556249999998
2018-06-19,18274.32,26419.79,22597.466249999998
2018-06-20,18563.96,27211.71,22931.335000000003
2018-06-21,18628.78,27372.85,23192.874583333334
2018-06-22,18711.31,28834.02,23841.04375
2018-06-23,18338.46,28619.83,23556.88333333333
2018-06-24,18179.66,28524.62,23510.263333333332
2018-06-25,18744.08,29914.54,24618.67625
2018-06-26,19379.49,30657.65,25165.68625
2018-06-27,19605.59,31121.42,25523.27416666667
2018-06-28,20191.79,31566.26,26099.828333333335
2018-06-29,20113.36,30706.82,25322.670833333337
2018-06-30,19176.68,30575.56,24972.639166666664
2018-07-01,18336.59,29440.43,24242.756666666668
2018-07-02,19199.95,30090.32,24649.221666666668
2018-07-03,19176.01,27152.54,23167.673333333336
2018-07-04,18159.83,27493.23,22906.145
2018-07-05,18511.89,29187.55,23990.50458333334
2018-07-06,18605.17,28895.51,23646.575833333336
2018-07-07,17837.39,26332.85,22126.29125
2018-07-08,17274.11,25253.96,21358.3125
2018-07-09,17596.24,27024.47,22564.632916666666
2018-07-10,17911.43,29343.35,23777.64333333333
2018-07-11,18876.19,28539.53,23774.874583333334
2018-07-12,18542.73,30153.76,24452.4075
2018-07-13,19312.55,30227.41,25007.428333333333
2018-07-14,19401.61,30219.41,24925.496249999997
2018-07-15,19248.7,29734.79,24713.502500000002
2018-07-16,19937.13,30436.08,25155.834999999995
2018-07-17,19664.8,29041.64,24366.529583333333
2018-07-18,19880.81,28021.5,24001.887083333335
2018-07-19,19331.58,31603.67,25292.202916666665
2018-07-20,20222.63,32042.85,26121.119166666667
2018-07-21,20118.45,30772.88,25284.421666666665
2018-07-22,19313.11,30340.27,24966.250416666666
2018-07-23,20349.9,30968.01,25307.09833333334
2018-07-24,19375.29,30017.2,24508.39625
2018-07-25,18485.01,30963.55,24518.48833333333
2018-07-26,18772.87,31149.32,24919.416666666668
2018-07-27,19051.72,30502.18,24613.319166666668
2018-07-28,18925.76,27692.67,23216.548333333336
2018-07-29,17776.72,27028.02,22217.673749999998
2018-07-30,18008.39,27278.08,22823.934583333335
2018-07-31,18451.2,24516.22,21690.88625
2018-08-01,17005.23,27962.21,22208.1525
2018-08-02,17330.88,28693.4,22823.46666666667
2018-08-03,17651.48,28338.26,22973.892499999998
2018-08-04,17868.61,26418.73,22108.174166666664
2018-08-05,17802.93,28020.35,22900.55041666667
2018-08-06,18599.14,29252.55,23938.790416666667
2018-08-07,19031.32,29773.36,24214.519166666665
2018-08-08,18632.42,28993.55,23615.160416666666
2018-08-09,18605.85,27341.86,23207.421666666665
2018-08-10,18663.81,26483.01,22685.274166666666
2018-08-11,17592.32,26662.68,22274.144166666665
2018-08-12,18152.91,27489.61,22771.84875
2018-08-13,18306.15,29254.36,23796.624583333334
2018-08-14,18845.8,29714.29,24284.31125
2018-08-15,19243.1,29782.85,24544.959166666667
2018-08-16,19734.1,30648.43,25014.312083333334
2018-08-17,19643.71,27285.57,23375.262916666663
2018-08-18,18330.19,26974.43,22760.823333333334
2018-08-19,18355.95,26151.03,22473.657083333335
2018-08-20,18525.29,28145.37,23403.774166666666
2018-08-21,18646.79,29333.14,23794.323333333334
2018-08-22,18266.18,28924.91,23308.742083333334
2018-08-23,17653.53,27978.6,22707.082916666666
2018-08-24,17699.2,29392.66,23259.805416666666
2018-08-25,18103.61,29472.04,23689.31375
2018-08-26,18557.7,28934.97,23833.047083333327
2018-08-27,19102.83,29212.49,24251.902083333334
2018-08-28,19118.36,27237.82,23464.74583333333
2018-08-29,18680.15,26701.42,22806.7175
2018-08-30,17869.32,27599.33,22805.842083333333
2018-08-31,18035.5,27235.01,22622.507916666666
2018-09-01,18074.18,25316.72,21761.745833333334
2018-09-02,17906.38,24037.66,21054.057083333333
2018-09-03,17814.350000000002,25223.22,21621.3675
2018-09-04,17917.0,27934.96,22902.894166666665
2018-09-05,17877.54,27733.47,22882.092916666665
2018-09-06,18680.19,26337.15,22812.48041666667
2018-09-07,18580.03,26042.09,22346.814166666663
2018-09-08,17698.54,26668.45,22003.14791666667
2018-09-09,17407.02,24290.48,20819.37125
2018-09-10,17050.31,23568.96,20487.575
2018-09-11,16780.62,22551.45,20247.244166666667
2018-09-12,17047.53,25098.34,21235.783333333333
2018-09-13,17464.44,26566.17,22200.61708333333
2018-09-14,17798.23,28155.8,22972.935416666664
2018-09-15,17930.2,29084.52,23248.28833333333
2018-09-16,17947.16,29008.12,23256.74875
2018-09-17,18314.89,30185.5,24251.50833333333
2018-09-18,18919.81,30480.56,24627.2375
2018-09-19,19058.3,30293.61,24516.972500000003
2018-09-20,18673.52,29287.59,23923.933749999997
2018-09-21,18883.22,27784.4,23287.03125
2018-09-22,18219.57,23723.3,20867.099166666667
2018-09-23,16825.510000000002,23402.19,20242.405833333334
2018-09-24,17296.21,25630.84,21705.945416666666
2018-09-25,17877.99,25913.46,22076.18166666667
2018-09-26,18010.72,22950.42,20583.72125
2018-09-27,16610.25,21229.53,19386.134166666667
2018-09-28,16127.87,22040.29,19277.140833333335
2018-09-29,16347.01,21942.9,19146.01958333333
2018-09-30,16327.46,22427.95,19484.270833333332
2018-10-01,16632.05,24579.46,20862.887916666667
2018-10-02,16973.97,27551.15,22125.745833333334
2018-10-03,17407.03,27356.98,22430.229166666668
2018-10-04,17859.27,28144.93,22876.787083333333
2018-10-05,17642.77,27241.68,22303.537500000002
2018-10-06,17220.85,25201.05,21181.764583333334
2018-10-07,16674.02,25518.05,20989.216666666667
2018-10-08,16972.87,26178.83,21635.56166666667
2018-10-09,17307.93,24676.03,21156.766666666666
2018-10-10,17175.39,24885.27,20691.755
2018-10-11,15536.52,20873.38,18192.285416666666
2018-10-12,14284.05,20197.49,17341.204583333336
2018-10-13,14483.52,20899.57,17694.89541666667
2018-10-14,15496.03,23074.94,19194.997916666664
2018-10-15,16044.45,21958.93,19287.576666666668
2018-10-16,15583.07,19965.53,18102.322083333333
2018-10-17,15160.86,18945.66,17174.960833333334
2018-10-18,14601.11,19363.1,17226.555833333332
2018-10-19,14506.6,21201.55,18035.49541666667
2018-10-20,15376.19,18943.01,17205.242499999997
2018-10-21,13904.36,17865.33,15878.814166666669
2018-10-22,14300.02,18523.81,16669.695
2018-10-23,14395.04,18282.22,16555.349583333333
2018-10-24,14317.24,18600.92,16699.4475
2018-10-25,14425.79,18825.42,16997.413333333334
2018-10-26,14219.38,17812.77,16547.19125
2018-10-27,14476.1,17408.88,16166.449166666667
2018-10-28,13819.41,19414.19,16590.618749999998
2018-10-29,14223.41,20899.14,17782.15375
2018-10-30,14634.13,20701.79,17945.529166666667
2018-10-31,14973.07,20387.4,18131.94875
2018-11-01,14883.43,18571.96,16891.400416666667
2018-11-02,14520.26,17860.11,16529.217916666665
2018-11-03,14693.98,17220.72,16205.790833333333
2018-11-04,14002.53,17836.260000000002,15937.899583333332
2018-11-05,14203.31,20002.56,17350.165833333333
2018-11-06,15272.53,20575.7,18238.018333333333
2018-11-07,15128.16,19927.57,17922.186250000002
2018-11-08,14996.6,19191.25,17326.084166666667
2018-11-09,15000.7,19214.25,17475.438333333335
2018-11-10,16918.44,19906.29,18478.187083333334
2018-11-11,17060.12,19372.02,17970.2925
2018-11-12,15598.78,20850.21,18412.095
2018-11-13,17444.4,25006.12,21517.44208333333
2018-11-14,20685.42,25492.99,23156.058333333334
2018-11-15,19169.95,26281.65,22267.35625
2018-11-16,17399.34,23905.82,19872.8325
2018-11-17,16433.82,20490.72,18139.04125
2018-11-18,16350.74,18495.18,17230.489583333332
2018-11-19,15338.71,20052.57,18106.212916666667
2018-11-20,16760.37,20571.39,18751.116250000003
2018-11-21,17934.45,22341.44,19556.55125
2018-11-22,15427.72,20033.12,17595.3175
2018-11-23,16343.62,18525.15,17489.221666666668
2018-11-24,14842.21,17517.4,16306.269166666667
2018-11-25,14745.43,18969.73,16724.39875
2018-11-26,16249.57,23062.27,19972.633333333335
2018-11-27,18996.76,25029.69,21521.94916666667
2018-11-28,18224.55,23897.64,20362.107500000002
2018-11-29,16582.31,19129.46,17891.659166666668
2018-11-30,14724.96,18924.52,17245.320416666666
2018-12-01,14583.36,18504.6,16839.120833333334
2018-12-02,14509.04,18919.71,16713.565833333334
2018-12-03,15349.13,20422.6,18107.08875
2018-12-04,17402.64,22331.61,19895.10166666667
2018-12-05,18534.8,23827.22,20827.10375
2018-12-06,19000.1,23152.37,20521.57125
2018-12-07,17021.66,20111.45,18890.667916666665
2018-12-08,17190.07,21608.91,19696.712916666667
2018-12-09,18756.91,23751.87,21276.007916666666
2018-12-10,19543.44,24522.18,21895.105
2018-12-11,18442.89,26485.64,22024.655833333334
2018-12-12,18277.05,23585.21,20364.681666666667
2018-12-13,16000.63,19623.34,18110.774583333336
2018-12-14,15379.17,20875.91,18414.672916666666
2018-12-15,17262.98,20177.25,18951.243333333336
2018-12-16,17358.46,20294.12,18653.600000000002
2018-12-17,17484.77,21686.0,19190.552916666667
2018-12-18,17664.920000000002,21893.74,19154.04875
2018-12-19,16775.64,20674.26,18997.612083333333
2018-12-20,16312.53,21863.04,19253.880833333333
2018-12-21,18304.03,22447.38,20168.759583333333
2018-12-22,16787.46,22382.91,19349.880833333333
2018-12-23,15966.51,18592.22,17196.298333333336
2018-12-24,16629.95,20538.28,18004.44916666667
2018-12-25,15185.05,17614.97,16283.28125
2018-12-26,14040.84,18612.56,16557.437916666666
2018-12-27,14453.08,18796.1,16912.72208333333
2018-12-28,15331.38,19368.38,17695.221666666665
2018-12-29,16757.510000000002,20653.21,18934.004166666666
2018-12-30,17199.25,19707.63,18425.71416666667
2018-12-31,15493.73,18577.36,17272.263333333332
2019-01-01,15602.09,18416.54,16977.446250000005
2019-01-02,15377.04,21606.54,18709.31625
2019-01-03,16954.07,21202.74,19361.350833333334
2019-01-04,17567.13,21539.5,19916.110416666666
2019-01-05,16614.170000000002,21523.44,18974.367916666666
2019-01-06,16442.14,20299.57,17964.11
2019-01-07,15832.41,19305.21,17573.27875
2019-01-08,14696.28,18590.32,16834.296666666665
2019-01-09,15203.29,21093.71,18138.647083333333
2019-01-10,18533.87,23922.54,20495.971666666668
2019-01-11,18560.44,23004.97,20056.600000000002
2019-01-12,17134.74,19281.52,18216.66875
2019-01-13,17007.55,22233.11,19703.67125
2019-01-14,19085.67,24183.02,21873.1825
2019-01-15,19922.87,23532.87,21668.14375
2019-01-16,18461.26,22622.2,20030.445
2019-01-17,16812.11,19845.66,18367.243749999998
2019-01-18,15708.86,18974.05,17644.767499999998
2019-01-19,14768.39,22924.54,18424.238333333335
2019-01-20,19354.08,25001.47,22216.80416666667
2019-01-21,19734.27,25459.07,22194.05125
2019-01-22,17214.06,20764.48,18933.36375
2019-01-23,15276.16,24348.93,19896.639583333334
2019-01-24,19033.06,26729.59,22575.135
2019-01-25,18546.49,25744.88,21541.927083333332
2019-01-26,17016.28,23047.97,19867.030833333334
2019-01-27,16568.48,21034.35,18673.705416666668
2019-01-28,17604.96,23007.38,19408.90375
2019-01-29,18014.75,24559.06,21744.699583333335
2019-01-30,20673.48,26000.87,22967.06666666667
2019-01-31,18704.02,25168.73,21198.529583333333
2019-02-01,17152.44,20413.46,18242.756666666668
2019-02-02,16129.83,18787.89,17062.325
2019-02-03,14911.61,17333.96,16178.165833333333
2019-02-04,13959.65,18495.92,16384.10375
2019-02-05,14040.86,18889.31,16632.287083333333
2019-02-06,14326.86,19060.78,16919.11333333333
2019-02-07,14482.97,20282.15,17564.607916666664
2019-02-08,17319.1,23545.11,21012.039583333335
2019-02-09,19294.05,23479.94,21020.419166666667
2019-02-10,16658.2,19463.76,18161.7925
2019-02-11,14804.74,19120.47,17211.000833333335
2019-02-12,14728.99,19958.35,17296.469166666666
2019-02-13,16939.49,22983.58,18936.209166666667
2019-02-14,16570.25,20279.6,17805.243333333332
2019-02-15,14862.1,18856.19,17213.267083333336
2019-02-16,15398.45,19078.58,17426.424166666668
2019-02-17,15242.22,19448.64,17368.1125
2019-02-18,16244.62,21338.9,19130.64041666667
2019-02-19,17569.66,22006.57,20098.041666666668
2019-02-20,16439.58,19379.28,18006.689166666667
2019-02-21,16171.62,20626.47,18603.345833333333
2019-02-22,16137.42,19360.24,18200.149166666666
2019-02-23,15285.52,18094.33,16857.873333333333
2019-02-24,14671.63,18240.32,16389.3525
2019-02-25,16523.44,21264.24,18624.198333333334
2019-02-26,16655.33,19841.43,17870.372083333335
2019-02-27,14943.22,18213.16,16762.44125
2019-02-28,14337.77,19556.02,17290.514583333334
2019-03-01,15842.140000000005,19072.69,17786.72
2019-03-02,15434.67,18077.59,16936.588333333333
2019-03-03,15159.92,20432.71,17771.827916666665
2019-03-04,18743.63,24934.6,22189.215416666662
2019-03-05,19385.52,25699.94,22423.228333333333
2019-03-06,18043.84,25794.89,21383.706666666665
2019-03-07,17455.91,21775.53,19431.204583333332
2019-03-08,15322.14,18030.5,17020.62916666667
2019-03-09,14449.41,17685.41,16285.464583333334
2019-03-10,14438.48,18839.26,16564.883333333335
2019-03-11,14659.6,18765.71,17298.946249999997
2019-03-12,14455.03,18367.57,16605.605833333335
2019-03-13,14066.74,19032.72,16970.077083333334
2019-03-14,14965.31,18873.6,17338.914166666666
2019-03-15,14600.57,17912.9,16712.560833333333
2019-03-16,15826.49,18876.59,16993.95
2019-03-17,15818.79,18672.42,16855.827916666665
2019-03-18,15916.31,20294.09,17674.940833333334
2019-03-19,15877.4,20111.36,17317.548749999998
2019-03-20,15629.99,20372.95,17546.267499999998
2019-03-21,15422.6,19496.28,17124.374166666665
2019-03-22,15032.6,19243.49,16824.69083333333
2019-03-23,14518.8,17073.53,16027.857083333334
2019-03-24,13963.11,18122.05,15929.370416666667
2019-03-25,13963.92,19138.66,16992.63
2019-03-26,14330.4,18454.76,16675.134583333333
2019-03-27,14987.6,18792.6,16873.579166666666
2019-03-28,14511.35,18328.54,16810.347083333334
2019-03-29,14009.57,17663.08,16464.075
2019-03-30,14053.56,17989.24,16301.887916666667
2019-03-31,14821.81,19175.84,17091.091249999998
2019-04-01,16825.84,21743.2,18491.33625
2019-04-02,15858.05,21433.04,17859.5725
2019-04-03,15272.39,19342.48,16911.484166666665
2019-04-04,14128.37,18538.8,16791.09
2019-04-05,14415.28,18184.98,16790.62125
2019-04-06,14544.45,18734.33,16871.606666666663
2019-04-07,14614.06,18365.86,16753.22333333333
2019-04-08,14093.17,19131.06,17081.64
2019-04-09,14232.24,20876.87,17652.92583333333
2019-04-10,14085.71,21790.6,17958.39375
2019-04-11,14678.99,20465.9,17888.934583333332
2019-04-12,14541.72,18371.73,16957.765833333335
2019-04-13,14784.92,18882.83,17187.164999999997
2019-04-14,14256.39,17736.010000000002,15977.168333333333
2019-04-15,14694.26,18313.72,16927.43375
2019-04-16,13978.71,19138.8,16876.214583333334
2019-04-17,14339.93,19399.23,17352.161666666667
2019-04-18,14910.54,18206.05,16886.71375
2019-04-19,14053.97,16996.19,15862.167500000001
2019-04-20,14405.91,16922.75,15796.9275
2019-04-21,13734.03,17316.07,15641.570000000002
2019-04-22,13413.03,19786.18,16957.278333333335
2019-04-23,14057.61,19139.4,17042.492083333334
2019-04-24,14028.74,20025.64,17522.395416666666
2019-04-25,14944.67,19445.61,17422.547916666666
2019-04-26,14195.11,20249.12,17308.267916666668
2019-04-27,13979.16,19416.99,16689.935416666667
2019-04-28,13948.89,20539.17,17121.73041666667
2019-04-29,14505.0,22584.17,18783.090416666666
2019-04-30,15324.97,23068.36,19500.134166666667
2019-05-01,16210.33,22854.84,19711.585833333334
2019-05-02,15980.04,22656.31,19361.180833333332
2019-05-03,15489.24,21291.59,18682.31125
2019-05-04,15463.26,19299.22,17432.104166666668
2019-05-05,14304.35,21105.36,17510.849583333333
2019-05-06,14427.45,23399.24,18930.997916666667
2019-05-07,15138.23,23641.77,19473.9275
2019-05-08,15777.71,21345.31,18940.896249999998
2019-05-09,16301.62,21259.12,19013.150833333333
2019-05-10,14785.83,18902.59,17311.33166666667
2019-05-11,15048.6,19160.13,17267.71875
2019-05-12,14573.44,19504.6,17041.130833333333
2019-05-13,14495.73,22009.23,18344.435
2019-05-14,14502.9,22738.55,18672.30791666667
2019-05-15,15118.68,24806.1,19803.021666666667
2019-05-16,15504.68,25512.71,20404.12
2019-05-17,15738.28,25428.27,20562.672916666666
2019-05-18,16109.38,24139.6,20194.174583333333
2019-05-19,16846.53,22251.99,19240.025
2019-05-20,16295.8,26209.26,21331.418333333335
2019-05-21,17847.74,25987.3,21963.62916666667
2019-05-22,17744.010000000002,27660.91,22656.657916666667
2019-05-23,18131.2,28033.65,22963.098749999994
2019-05-24,17423.14,27519.7,22458.63
2019-05-25,16885.670000000002,27134.9,21951.84375
2019-05-26,16541.96,27015.37,21771.593750000004
2019-05-27,16994.24,26630.82,21827.81666666667
2019-05-28,17820.38,28079.86,23002.82083333333
2019-05-29,18256.27,27558.11,22702.19125
2019-05-30,17262.68,25968.66,21652.20625
2019-05-31,17240.64,27591.59,22182.25125
2019-06-01,16601.71,27307.59,21903.58541666667
2019-06-02,16855.69,27690.42,22324.0925
2019-06-03,17700.21,28819.37,23292.68291666667
2019-06-04,18036.36,29086.39,23509.986666666664
2019-06-05,18694.45,23055.86,21171.048333333336
2019-06-06,17458.61,25144.99,21277.681666666667
2019-06-07,17881.11,26132.04,21885.99
2019-06-08,16836.5,25954.9,21399.3
2019-06-09,16477.55,26905.81,21808.161666666667
2019-06-10,17812.5,27747.03,22739.48583333333
2019-06-11,16760.35,24796.7,20569.310416666664
2019-06-12,15813.99,24233.19,19965.805833333336
2019-06-13,15585.3,25535.29,20586.650416666667
2019-06-14,15894.58,25866.51,20885.897083333333
2019-06-15,16987.04,26426.62,21837.377500000002
2019-06-16,17634.99,25588.92,21522.58541666667
2019-06-17,16486.58,24918.79,21134.500416666666
2019-06-18,17544.3,28144.65,22848.206666666665
2019-06-19,18538.61,29883.11,23979.461666666666
2019-06-20,18766.37,29851.25,24332.545833333334
2019-06-21,19947.11,29899.79,25062.915833333333
2019-06-22,20099.63,29522.91,24851.074583333335
2019-06-23,19848.88,28115.15,23874.242083333334
2019-06-24,18964.3,25016.01,21620.600000000002
2019-06-25,17469.93,26343.93,21986.93166666667
2019-06-26,17421.47,27731.21,22672.85583333333
2019-06-27,18290.67,28677.12,23405.33791666667
2019-06-28,17598.99,27288.74,22189.08208333333
2019-06-29,16768.28,25617.09,21232.35125
2019-06-30,16891.3,26864.09,21968.670833333337
2019-07-01,17796.06,29078.31,23591.960000000003
2019-07-02,18548.57,27129.21,23017.200416666663
2019-07-03,18320.27,28157.9,23243.85625
2019-07-04,18061.3,28334.64,23202.837916666667
2019-07-05,18464.18,30207.95,24206.181249999998
2019-07-06,18393.01,29789.59,24125.464583333334
2019-07-07,18378.87,28826.25,23857.20875
2019-07-08,19131.8,30770.33,25121.704166666663
2019-07-09,20036.04,31536.31,25977.0325
2019-07-10,20680.94,29234.75,24800.41875
2019-07-11,19166.47,30496.15,24710.492083333334
2019-07-12,19450.54,28339.5,23862.608333333334
2019-07-13,18644.75,22862.72,20799.522083333333
2019-07-14,16920.420000000002,20429.68,18835.8075
2019-07-15,17526.49,24016.61,21082.00333333333
2019-07-16,18526.0,27629.58,23117.101666666666
2019-07-17,18563.01,30163.57,24309.483333333334
2019-07-18,19119.45,30026.5,24710.190416666665
2019-07-19,19136.78,29560.91,24655.997499999998
2019-07-20,18940.69,27725.63,23218.88666666667
2019-07-21,18135.45,25640.78,22146.83791666667
2019-07-22,18210.95,26696.51,22562.87625
2019-07-23,18127.83,25107.61,21450.62958333333
2019-07-24,16371.82,26470.72,21124.545
2019-07-25,16382.44,27253.04,21563.588333333333
2019-07-26,16897.75,27995.89,22300.117083333334
2019-07-27,17187.36,26754.31,22027.28541666667
2019-07-28,17166.12,26225.59,21963.240833333333
2019-07-29,17874.79,27918.99,22790.79416666667
2019-07-30,18041.43,25470.74,21810.702916666665
2019-07-31,17237.62,28682.83,22719.312083333334
2019-08-01,17928.16,28676.59,23187.29625
2019-08-02,18281.98,28587.64,23176.37916666667
2019-08-03,17609.420000000002,27263.95,22443.76291666667
2019-08-04,17887.72,26805.44,22458.687083333334
2019-08-05,18055.48,29378.21,23761.39083333334
2019-08-06,18983.36,30338.08,24681.57375
2019-08-07,19911.26,30279.68,25121.420000000002
2019-08-08,19959.3,29607.89,24732.4675
2019-08-09,19957.13,30285.94,24999.04958333333
2019-08-10,19708.7,28803.68,24252.844583333335
2019-08-11,19428.41,30026.67,24628.390833333335
2019-08-12,20105.64,32050.69,26320.475416666668
2019-08-13,21096.55,31679.78000000001,26261.07875
2019-08-14,20303.21,28900.47,24548.819999999996
2019-08-15,18792.01,30244.41,24302.979166666668
2019-08-16,18852.54,31037.54,24698.98708333333
2019-08-17,18773.35,29079.95,24110.228333333333
2019-08-18,19083.38,28582.61,23813.790833333333
2019-08-19,19103.27,28745.26,24143.158333333336
2019-08-20,19206.79,29899.31,24491.476666666666
2019-08-21,19055.19,28625.34,23912.71083333333
2019-08-22,18928.01,29073.84,24054.729166666668
2019-08-23,18959.0,26455.21,22696.694166666664
2019-08-24,18234.57,25564.95,21903.382500000003
2019-08-25,17859.02,23655.26,20894.954166666666
2019-08-26,17980.010000000002,27870.63,23011.83916666666
2019-08-27,19231.4,28577.18,23732.679999999997
2019-08-28,18787.49,28778.49,23420.014583333337
2019-08-29,17919.670000000002,29256.92,23331.807083333337
2019-08-30,17838.420000000002,28879.69,23089.944999999996
2019-08-31,17483.13,28206.72,22503.816250000003
2019-09-01,17337.33,27501.96,22235.112916666665
2019-09-02,17534.23,29024.64,23105.170000000002
2019-09-03,18071.96,30738.22,24304.41
2019-09-04,18858.67,31515.54,24808.69208333333
2019-09-05,18933.43,31569.15,24972.875416666666
2019-09-06,19071.4,31538.22,24985.078333333335
2019-09-07,18922.96,31124.33,24664.498333333333
2019-09-08,18884.41,30537.46,24477.640833333335
2019-09-09,19743.74,30908.78,24786.115416666667
2019-09-10,18734.4,29251.01,23910.285000000003
2019-09-11,18884.27,30168.87,24223.36916666667
2019-09-12,18603.62,29882.23,24115.617083333334
2019-09-13,18503.84,30158.86,24015.329999999998
2019-09-14,17876.98,28615.21,22890.21875
2019-09-15,17778.64,28781.08,22956.932500000006
2019-09-16,18285.09,27871.95,23346.083333333332
2019-09-17,18398.44,28993.62,23500.78583333333
2019-09-18,18408.51,28133.74,23181.39083333334
2019-09-19,18209.68,26331.51,22240.5
2019-09-20,17871.74,25049.84,21506.51375
2019-09-21,16710.73,25728.99,21059.454166666666
2019-09-22,16737.96,26611.11,21508.366666666665
2019-09-23,17508.11,27357.04,22386.134583333333
2019-09-24,17459.4,26823.71,21964.82541666667
2019-09-25,17164.760000000002,28084.5,22246.382500000003
2019-09-26,17159.85,27134.33,21761.107916666664
2019-09-27,17166.97,27597.73,22117.403749999998
2019-09-28,17550.06,27363.62,22164.89916666667
2019-09-29,17268.3,27382.21,22123.39
2019-09-30,17665.59,28903.09,23075.335000000003
2019-10-01,17810.06,29293.75,23284.015833333335
2019-10-02,17834.4,29288.09,23326.713333333333
2019-10-03,18083.1,28903.0,23297.127916666668
2019-10-04,17818.52,26909.24,21952.77625
2019-10-05,16667.36,26491.07,21113.80458333333
2019-10-06,16847.72,25877.08,21031.952083333334
2019-10-07,16708.71,22445.03,19696.571666666667
2019-10-08,15386.6,22582.21,18724.615
2019-10-09,15210.38,24219.12,19667.602499999997
2019-10-10,16324.43,25584.81,20884.76625
2019-10-11,16756.4,21293.43,19268.65625
2019-10-12,14829.49,17309.010000000002,16181.621249999998
2019-10-13,14228.43,19441.37,16729.50458333333
2019-10-14,14899.22,19939.87,17799.920833333334
2019-10-15,15514.64,21957.31,19113.023333333334
2019-10-16,15586.0,18840.56,17536.752916666665
2019-10-17,14296.4,17969.52,16397.930833333332
2019-10-18,14413.09,17710.44,16467.612083333333
2019-10-19,14125.51,19324.3,16711.21083333333
2019-10-20,14330.84,22118.15,18192.559583333332
2019-10-21,15796.88,19103.38,17789.17
2019-10-22,14293.19,18146.89,16565.008749999997
2019-10-23,14249.42,17893.68,16356.702916666667
2019-10-24,14040.23,18047.71,16374.220833333333
2019-10-25,14160.97,17850.81,16486.705416666668
2019-10-26,14697.28,16497.25,15610.112916666665
2019-10-27,13510.19,17447.21,15424.33041666667
2019-10-28,13747.33,18562.6,16383.313750000001
2019-10-29,14269.58,18286.32,16540.676666666666
2019-10-30,14436.53,19637.91,17445.797916666666
2019-10-31,15377.59,19653.5,17762.79375
2019-11-01,16882.08,21914.76,18665.79291666667
2019-11-02,16039.97,19623.02,17365.178750000003
2019-11-03,15639.84,18965.76,16971.877083333333
2019-11-04,15563.16,19138.06,17036.9525
2019-11-05,14425.4,18378.94,16541.840833333332
2019-11-06,14290.66,18572.31,16659.782083333335
2019-11-07,14249.58,19404.22,17167.5075
2019-11-08,15822.5,20513.66,18460.99
2019-11-09,16323.81,21061.59,18518.203333333335
2019-11-10,16105.74,19068.87,17217.687916666666
2019-11-11,14808.51,20095.02,17611.794583333336
2019-11-12,17609.88,25857.23,21996.181666666667
2019-11-13,20530.88,27782.62,23524.40291666667
2019-11-14,19420.02,22488.41,20878.684583333332
2019-11-15,17734.71,23289.62,20078.186666666665
2019-11-16,17234.04,22936.88,19869.117083333334
2019-11-17,16661.18,21742.31,18981.55416666667
2019-11-18,17355.68,22002.98,18756.967500000002
2019-11-19,16753.14,20828.29,17940.405833333334
2019-11-20,15722.61,19511.34,17378.33916666667
2019-11-21,15152.98,18588.53,17193.720416666667
2019-11-22,14614.83,18761.15,17138.12375
2019-11-23,15098.23,18717.64,17068.743749999998
2019-11-24,16463.83,20106.94,18071.15625
2019-11-25,16917.18,20883.16,18273.697916666668
2019-11-26,14927.79,19184.43,17276.838333333333
2019-11-27,15228.22,18420.56,17124.710416666665
2019-11-28,14838.41,18194.51,16373.209583333335
2019-11-29,14593.01,17575.99,16280.82875
2019-11-30,14291.28,18253.57,16394.59833333333
2019-12-01,14408.0,18814.42,16421.337916666667
2019-12-02,16302.85,21592.76,19106.173333333336
2019-12-03,17477.73,23329.88,19830.72125
2019-12-04,16798.63,21447.32,18438.891666666666
2019-12-05,16388.61,20169.73,17812.564583333336
2019-12-06,15159.55,18243.42,17022.69583333333
2019-12-07,14988.35,18226.58,16852.638333333336
2019-12-08,15726.6,18501.02,17030.00791666667
2019-12-09,14652.11,19399.26,17178.610416666666
2019-12-10,15168.9,22423.42,18836.240833333333
2019-12-11,18641.41,23487.69,20736.91125
2019-12-12,18612.5,23940.55,20599.934583333332
2019-12-13,17396.21,20187.07,18627.829166666666
2019-12-14,16666.420000000002,18902.88,17640.939166666667
2019-12-15,15828.56,19304.3,17511.38375
2019-12-16,15365.16,20964.04,18456.341666666667
2019-12-17,17088.68,24948.38,21275.753333333334
2019-12-18,19172.99,26260.59,22558.80125
2019-12-19,18889.13,26377.73,22187.369583333333
2019-12-20,19215.84,24764.42,21275.8875
2019-12-21,17737.170000000002,20481.09,19247.260416666668
2019-12-22,17714.600000000002,20011.07,18840.11
2019-12-23,17478.24,20458.91,18620.637916666667
2019-12-24,16554.09,19051.7,17279.592083333333
2019-12-25,15058.21,17244.010000000002,15899.490833333335
2019-12-26,13852.87,18125.02,16250.528333333334
2019-12-27,14672.03,18163.28,16661.127083333336
2019-12-28,14488.02,17983.91,16366.56125
2019-12-29,14440.42,18434.19,16455.127916666665
2019-12-30,16010.44,20422.1,18479.33375
2019-12-31,17485.97,22146.58,19405.61375
2020-01-01,17517.12,19794.94,18746.844583333335
2020-01-02,15642.21,19419.93,17777.64625
2020-01-03,14765.73,18289.38,16952.702916666665
2020-01-04,15895.41,19485.23,17547.54625
2020-01-05,16200.79,20731.4,18273.380416666667
2020-01-06,16449.36,20694.5,18053.1075
2020-01-07,15872.890000000005,20526.16,18310.627916666668
2020-01-08,17392.55,23874.56,19704.359583333335
2020-01-09,16692.19,19803.41,17985.856666666667
2020-01-10,14500.97,18629.97,16874.596666666665
2020-01-11,14773.68,19132.58,16881.888750000002
2020-01-12,17193.88,20550.28,18708.590416666666
2020-01-13,16460.65,19922.54,18411.37833333333
2020-01-14,15331.16,19388.64,17540.495833333334
2020-01-15,14665.55,19113.71,17099.229583333334
2020-01-16,14679.33,20122.91,17567.912916666664
2020-01-17,15815.4,19024.38,17818.959583333333
2020-01-18,14885.45,17922.010000000002,16601.570000000003
2020-01-19,15833.48,20799.06,18379.447083333333
2020-01-20,19428.32,23767.22,21494.368749999998
2020-01-21,19831.91,25842.55,22518.1375
2020-01-22,20729.39,24797.0,22516.004166666666
2020-01-23,18627.61,21772.31,20005.638750000002
2020-01-24,17690.920000000002,21946.07,19360.512083333335
2020-01-25,16883.84,22056.04,19063.189166666667
2020-01-26,16311.4,19619.08,17983.90625
2020-01-27,15952.6,19947.69,18138.681666666667
2020-01-28,17563.55,21482.24,19051.185416666667
2020-01-29,16445.07,21140.0,18943.573333333334
2020-01-30,17131.4,20759.34,19159.425833333335
2020-01-31,16980.28,20497.61,18884.8525
2020-02-01,16723.510000000002,20331.6,18385.914166666666
2020-02-02,16298.0,20484.05,17842.65166666667
2020-02-03,15039.52,18943.93,17041.742499999997
2020-02-04,14300.38,18787.66,16754.347083333334
2020-02-05,14927.14,20542.83,17907.91125
2020-02-06,16793.14,23545.8,20277.162083333333
2020-02-07,18077.89,25328.21,20820.008333333335
2020-02-08,16322.86,19566.85,17847.977916666667
2020-02-09,15774.0,17785.28,16653.658750000002
2020-02-10,14188.2,19425.29,17128.247083333332
2020-02-11,15433.67,20777.67,18343.64625
2020-02-12,16171.43,20325.83,18586.27875
2020-02-13,16118.91,21658.46,19015.645416666666
2020-02-14,18197.14,24003.31,20537.190833333334
2020-02-15,16702.0,22168.38,19107.207916666666
2020-02-16,15299.32,17928.93,16585.655416666665
2020-02-17,14795.22,18569.04,16936.202083333334
2020-02-18,14372.82,19565.05,17163.920833333334
2020-02-19,15515.7,20436.17,18168.254166666666
2020-02-20,16275.44,23198.29,19853.804166666665
2020-02-21,18556.25,24700.09,21290.070416666666
2020-02-22,16648.85,23731.24,19986.9175
2020-02-23,16772.670000000002,19148.37,17743.91
2020-02-24,15127.79,18311.63,17004.649999999998
2020-02-25,15069.62,18393.3,16917.81583333333
2020-02-26,15668.78,22066.37,18902.703333333335
2020-02-27,17747.84,24516.45,20532.84875
2020-02-28,16679.2,23267.4,19218.82541666667
2020-02-29,15760.77,20545.39,17534.05875
2020-03-01,15476.15,17608.9,16326.749166666666
2020-03-02,14072.83,18652.46,16602.37958333333
2020-03-03,14287.88,19008.28,16930.983333333334
2020-03-04,14707.88,19214.74,17215.42875
2020-03-05,15017.12,18192.12,16850.720416666667
2020-03-06,15430.62,19445.59,17196.43416666667
2020-03-07,15824.85,19477.67,17293.900416666667
2020-03-08,15217.58,18426.45,16599.3325
2020-03-09,14226.32,18344.07,16586.416666666668
2020-03-10,14206.65,18581.14,16749.041666666668
2020-03-11,14397.04,18940.85,17133.33875
2020-03-12,14416.37,19639.83,17425.023333333334
2020-03-13,14737.21,19672.65,17570.745
2020-03-14,15131.08,19428.92,17506.6525
2020-03-15,15017.89,20103.55,17618.240416666667
2020-03-16,15074.56,19981.35,17991.02125
2020-03-17,15292.47,19844.44,17902.635
2020-03-18,15099.71,20195.25,18044.424166666664
2020-03-19,15200.55,20672.2,18406.646666666667
2020-03-20,15562.82,19978.55,17952.517083333336
2020-03-21,14892.68,17836.44,16544.3075
2020-03-22,14816.93,18889.54,16846.2675
2020-03-23,15135.48,20327.3,18047.058333333334
2020-03-24,15058.74,20677.41,18146.21875
2020-03-25,15352.73,21589.51,18379.944166666668
2020-03-26,14962.9,22740.87,18729.997916666667
2020-03-27,15568.98,22871.05,19214.337916666667
2020-03-28,15895.140000000005,21262.77,18473.415
2020-03-29,14635.66,18614.48,16717.335833333334
2020-03-30,14296.59,19608.57,17313.7525
2020-03-31,15501.35,18646.36,17319.27875
2020-04-01,14165.42,17688.34,16245.856249999999
2020-04-02,13848.97,17856.88,16221.681666666665
2020-04-03,13814.47,18580.88,16487.449583333335
2020-04-04,14001.7,17301.29,15893.900000000001
2020-04-05,13757.13,18486.89,16048.737083333333
2020-04-06,13827.69,19618.81,17023.77666666667
2020-04-07,14584.43,20913.38,18052.921666666665
2020-04-08,15440.99,22645.78,19046.69916666667
2020-04-09,15586.62,22251.39,18636.902083333334
2020-04-10,14275.63,16837.760000000002,15750.132083333332
2020-04-11,13546.93,17368.05,15525.123333333335
2020-04-12,14154.64,18838.67,16708.680833333332
2020-04-13,13449.62,17514.78,15907.473333333333
2020-04-14,14009.79,17224.56,15907.05375
2020-04-15,14440.06,17051.29,15882.745833333334
2020-04-16,14244.75,16904.74,15809.628333333332
2020-04-17,13365.56,18019.54,16024.214583333334
2020-04-18,14204.69,16978.91,15762.924583333333
2020-04-19,13804.13,18574.11,16408.749583333334
2020-04-20,13781.69,19123.25,16585.16791666667
2020-04-21,13557.23,20783.87,17048.675
2020-04-22,13871.02,18856.25,16840.83875
2020-04-23,15068.63,19665.35,17410.458333333332
2020-04-24,13711.46,20542.14,17082.469583333335
2020-04-25,14036.63,18719.54,16396.069166666664
2020-04-26,13529.27,18893.25,16004.878333333334
2020-04-27,13365.47,19354.25,16536.255
2020-04-28,13809.29,19271.63,16787.068333333333
2020-04-29,14027.23,17813.18,15990.415416666665
2020-04-30,13502.39,18768.76,16197.471249999997
2020-05-01,13530.85,20127.16,16726.91125
2020-05-02,13621.16,21153.53,17105.010833333334
2020-05-03,13919.68,21558.23,17584.982916666668
2020-05-04,14539.97,23309.6,18818.36291666667
2020-05-05,15065.6,22608.97,18781.869583333333
2020-05-06,14703.04,20663.48,17539.4575
2020-05-07,13695.02,19585.29,16737.554583333334
2020-05-08,14321.28,19264.74,16748.750833333335
2020-05-09,13651.29,16194.86,14994.425416666667
2020-05-10,13270.68,18054.2,15595.889583333332
2020-05-11,13402.92,19932.6,16781.779583333333
2020-05-12,14029.22,20320.67,17315.30125
2020-05-13,14567.5,21536.16,18200.240416666667
2020-05-14,15000.82,20676.16,18081.874583333334
2020-05-15,14799.84,21091.15,18032.858333333334
2020-05-16,14958.92,19774.28,17532.193333333333
2020-05-17,14502.11,20546.16,17602.145
2020-05-18,14329.06,22301.67,18179.6625
2020-05-19,14063.58,23051.86,18612.364166666666
2020-05-20,15019.89,21317.45,18345.992916666666
2020-05-21,14652.17,24354.47,19614.876666666667
2020-05-22,16106.93,24767.1,20488.357916666664
2020-05-23,16176.13,22774.03,19374.522083333333
2020-05-24,14932.56,23311.74,19197.217083333333
2020-05-25,15049.7,22605.48,18898.445833333335
2020-05-26,15208.99,21834.82,18674.35625
2020-05-27,14916.61,23188.73,18888.3675
2020-05-28,14490.18,22142.19,18525.517916666668
2020-05-29,14896.32,23691.08,19242.558333333334
2020-05-30,14727.28,22978.66,18893.84125
2020-05-31,14489.73,22778.72,18702.1875
2020-06-01,15076.22,23564.7,19353.38333333333
2020-06-02,15529.66,25517.25,20506.64375
2020-06-03,16607.98,24443.01,20425.905416666665
2020-06-04,15908.4,26113.88,21088.699583333335
2020-06-05,16411.97,27768.85,22040.649999999994
2020-06-06,15879.38,25705.05,20901.369166666667
2020-06-07,16164.41,23503.73,20175.663333333334
2020-06-08,17357.420000000002,23234.39,20663.985
2020-06-09,17533.47,28245.75,22903.262916666663
2020-06-10,18030.1,25072.85,20913.564583333333
2020-06-11,14823.37,24768.95,19630.602083333335
2020-06-12,14931.64,25154.67,19800.357916666664
2020-06-13,14785.6,25656.33,20114.944583333334
2020-06-14,15294.24,26465.92,21007.478333333333
2020-06-15,16431.170000000002,28116.81,22326.66875
2020-06-16,16822.920000000002,27026.79,21832.02375
2020-06-17,15931.79,27086.85,21431.770416666666
2020-06-18,16218.45,27344.29,21818.851666666666
2020-06-19,16598.41,27770.14,22204.846666666668
2020-06-20,16407.84,26483.16,21605.49541666667
2020-06-21,16514.15,25391.47,21149.760833333334
2020-06-22,17316.7,22701.58,20073.075
2020-06-23,16486.45,25534.84,20914.713333333333
2020-06-24,16547.79,22833.22,19812.092083333333
2020-06-25,16234.18,24401.41,20261.194166666668
2020-06-26,16651.75,24217.31,20631.57416666667
2020-06-27,17477.37,26365.98,21762.140416666665
2020-06-28,17445.510000000002,27431.58,22467.662916666668
2020-06-29,18576.5,27013.69,22953.66791666667
2020-06-30,18797.95,28786.39,23760.835000000003
2020-07-01,19314.97,28622.8,23898.688333333335
2020-07-02,18361.35,28756.14,23326.522500000003
2020-07-03,17938.91,25449.29,21596.70375
2020-07-04,16278.07,26000.57,21017.425416666665
2020-07-05,16435.4,24559.6,20842.556666666667
2020-07-06,17162.43,25329.65,21591.963333333333
2020-07-07,17842.9,25356.15,21938.125416666666
2020-07-08,18037.66,28329.72,23229.679583333334
2020-07-09,18766.0,28895.41,23984.837499999994
2020-07-10,18417.72,30217.44,24299.29666666666
2020-07-11,18884.85,30355.51,24780.59375
2020-07-12,19126.53,29831.77,24674.16791666667
2020-07-13,19284.78,30657.37,24805.908333333336
2020-07-14,19289.96,30832.96,25085.555833333336
2020-07-15,19902.64,30008.42,24914.644166666665
2020-07-16,19330.57,28387.04,23983.028333333332
2020-07-17,18737.72,29272.86,23914.757083333334
2020-07-18,18144.53,29109.97,23751.41916666667
2020-07-19,18064.06,27751.63,23380.248333333333
2020-07-20,18825.66,28659.38,23926.569166666668
2020-07-21,18957.02,28632.65,23859.840833333332
2020-07-22,18874.09,29032.28,23842.372083333332
2020-07-23,18875.46,28809.67,23845.37041666667
2020-07-24,19132.04,26283.2,22838.325833333336
2020-07-25,18444.45,25181.39,21815.862916666665
2020-07-26,17683.5,24457.65,21195.379166666666
2020-07-27,17557.05,25798.38,21736.963750000003
2020-07-28,17952.06,26473.35,22286.04958333333
2020-07-29,18138.96,27643.7,23073.666666666668
2020-07-30,18797.87,29517.46,24051.706250000003
2020-07-31,19118.83,28188.28,23330.412916666664
2020-08-01,17717.69,25809.48,21480.672083333335
2020-08-02,16813.0,26481.3,21669.42916666667
2020-08-03,17261.47,29084.39,23115.902916666662
2020-08-04,17917.29,28927.68,23073.972916666666
2020-08-05,17662.010000000002,28735.12,22926.783750000002
2020-08-06,17722.23,28952.7,23093.52708333333
2020-08-07,17807.78,29124.01,23423.783333333336
2020-08-08,18126.61,28218.88,23382.02666666667
2020-08-09,18147.65,28502.29,23566.469583333335
2020-08-10,19133.93,31571.72,25330.422916666666
2020-08-11,19748.17,30429.27,25085.622916666664
2020-08-12,19274.29,28520.93,23904.827500000003
2020-08-13,19001.45,28149.22,23623.95875
2020-08-14,18801.34,28162.58,23403.632499999996
2020-08-15,18657.69,29865.27,23996.422083333335
2020-08-16,18270.39,30170.25,23972.0925
2020-08-17,18041.52,29588.76,23505.305416666666
2020-08-18,18166.24,29993.04,23766.802083333332
2020-08-19,18087.02,28684.28,23173.14333333333
2020-08-20,17570.98,27075.3,22265.775833333333
2020-08-21,17189.32,28045.83,22349.615
2020-08-22,17155.010000000002,27935.95,22314.779166666664
2020-08-23,17241.24,28059.6,22461.674583333337
2020-08-24,17858.19,28852.91,23277.41458333333
2020-08-25,18348.44,27216.83,22777.534583333338
2020-08-26,18690.26,25572.37,21849.705416666664
2020-08-27,16184.15,18736.78,17607.545416666668
2020-08-28,14828.12,22565.8,18760.33083333333
2020-08-29,15271.09,23734.1,19421.476666666666
2020-08-30,15394.56,23865.31,19497.265416666665
2020-08-31,16192.36,24755.46,20730.607500000002
2020-09-01,17176.99,26178.28,21613.221666666668
2020-09-02,17507.46,26130.08,21715.713333333333
2020-09-03,16846.54,26328.18,21504.53458333333
2020-09-04,16950.73,26479.34,21514.288333333334
2020-09-05,16247.55,25243.73,20252.954166666666
2020-09-06,14821.28,25005.06,19509.556666666667
2020-09-07,14799.04,26146.6,20085.834166666667
2020-09-08,15429.77,26296.5,20784.1375
2020-09-09,16606.670000000002,26768.84,21527.780416666665
2020-09-10,16359.2,27034.17,21544.27
2020-09-11,16677.85,25992.81,21157.66125
2020-09-12,16432.11,24204.87,20144.793333333335
2020-09-13,16246.66,25283.58,20538.0
2020-09-14,16729.68,25545.41,20913.899583333336
2020-09-15,16588.53,25237.58,20827.32125
2020-09-16,16568.83,24836.85,20623.352916666667
2020-09-17,16156.13,24313.9,20174.36375
2020-09-18,15884.74,21323.9,18513.80125
2020-09-19,14491.78,18953.33,16697.5625
2020-09-20,13939.67,18554.34,16348.86
2020-09-21,14353.18,18910.13,16898.241250000003
2020-09-22,14604.37,19249.52,17165.029166666667
2020-09-23,14902.03,19754.99,17666.823333333334
2020-09-24,14900.02,18710.82,17073.86375
2020-09-25,14160.03,19844.04,17099.265416666665
2020-09-26,13921.83,21187.24,17370.027083333334
2020-09-27,14216.49,23844.9,18647.3325
2020-09-28,15023.04,20127.11,17767.255416666667
2020-09-29,13326.3,18714.68,16076.293749999999
2020-09-30,13061.97,20000.37,16463.397500000003
2020-10-01,13375.96,20636.68,16824.6125
2020-10-02,13255.34,18337.6,15915.235
2020-10-03,12932.42,17479.2,15152.612500000001
2020-10-04,12775.88,18213.51,15459.174999999997
2020-10-05,13196.14,19523.25,16407.773333333334
2020-10-06,13459.21,20030.3,16850.505833333333
2020-10-07,13927.16,22529.84,18108.14125
2020-10-08,14919.74,20248.06,17846.593750000004
2020-10-09,13936.27,18612.19,16578.37125
2020-10-10,11878.91,17334.73,14668.274583333332
2020-10-11,12801.14,20872.52,16620.547916666666
2020-10-12,14706.98,23199.71,18704.952083333334
2020-10-13,14453.61,21582.72,17736.64625
2020-10-14,13284.68,20850.49,16976.349583333333
2020-10-15,13974.44,21397.23,17732.844583333335
2020-10-16,14435.02,16862.58,16021.475416666668
2020-10-17,13617.91,17034.89,15532.104166666666
2020-10-18,13450.89,20011.22,16707.54416666667
2020-10-19,14646.45,22238.41,18496.34875
2020-10-20,14795.65,22875.82,18697.467083333333
2020-10-21,14884.21,23711.59,19145.912916666668
2020-10-22,15278.97,23418.68,19319.21375
2020-10-23,15686.77,21800.73,18561.337916666667
2020-10-24,14583.78,17301.56,16169.148749999998
2020-10-25,13809.86,17876.12,15795.751250000001
2020-10-26,13882.3,19973.5,17252.149583333332
2020-10-27,14503.21,19977.32,17697.244166666667
2020-10-28,14398.93,18965.34,17061.12958333333
2020-10-29,12992.74,16848.28,15095.631666666668
2020-10-30,13868.2,16978.77,15540.440416666665
2020-10-31,14350.94,16720.28,15458.312916666668
2020-11-01,13714.64,17095.37,15403.042500000001
2020-11-02,14356.09,18317.15,16695.162500000002
2020-11-03,15519.21,18980.71,16943.876666666667
2020-11-04,14900.38,18273.13,16754.027083333334
2020-11-05,14493.93,18197.16,16563.065
2020-11-06,14327.28,18212.85,16563.794583333332
2020-11-07,13985.12,17912.69,16175.600416666666
2020-11-08,13907.56,18767.51,16363.067083333333
2020-11-09,14241.32,20112.44,17555.303750000003
2020-11-10,14664.46,20432.97,17887.337916666667
2020-11-11,15179.44,20038.97,17896.729166666668
2020-11-12,14666.48,19223.35,17144.83375
2020-11-13,14177.67,18744.0,16760.160416666666
2020-11-14,14192.08,18676.08,16640.786666666667
2020-11-15,14385.63,17668.5,16253.399166666668
2020-11-16,14848.79,18898.45,17063.513750000002
2020-11-17,15726.85,19211.76,17305.469166666666
2020-11-18,15577.5,19053.81,17290.685416666664
2020-11-19,15507.7,18665.4,17216.447083333336
2020-11-20,14381.04,18325.06,16776.285
2020-11-21,14069.42,17737.16,16100.849166666667
2020-11-22,13784.2,18197.78,16078.0225
2020-11-23,14500.54,18566.34,16845.33166666667
2020-11-24,15534.03,18662.76,17349.826666666668
2020-11-25,14597.98,18770.47,16954.43291666667
2020-11-26,14729.32,17831.24,16175.874583333332
2020-11-27,14220.38,17701.98,16138.079166666668
2020-11-28,14504.12,17491.64,16050.752916666666
2020-11-29,14589.05,18887.07,16682.4575
2020-11-30,16050.25,22606.35,19547.472083333334
2020-12-01,17849.84,24601.49,20917.74166666667
2020-12-02,18236.65,22586.23,19823.874583333334
2020-12-03,16465.010000000002,20057.24,18416.991666666665
2020-12-04,16575.03,20517.24,18789.579166666666
2020-12-05,16954.27,21285.26,18932.515
2020-12-06,17075.99,20018.14,18355.80125
2020-12-07,17738.03,22099.71,19362.467916666665
2020-12-08,16839.010000000002,22816.8,19125.763333333332
2020-12-09,17055.7,21992.91,18511.97875
2020-12-10,16273.54,20327.46,17683.851666666666
2020-12-11,15195.48,18243.49,17007.025833333333
2020-12-12,14506.5,18029.91,16346.372500000003
2020-12-13,15776.28,19708.23,17706.236249999998
2020-12-14,16539.88,23298.53,20344.3975
2020-12-15,19230.8,23240.86,21326.836666666666
2020-12-16,18546.42,24205.36,21564.707916666666
2020-12-17,19403.69,24892.74,22094.08583333333
2020-12-18,18303.45,25589.14,21392.755
2020-12-19,17564.96,19880.29,18621.220416666667
2020-12-20,15920.57,19521.84,17638.88625
2020-12-21,17162.22,22014.07,18904.179583333334
2020-12-22,16948.510000000002,21552.07,18502.929999999997
2020-12-23,16171.44,18520.46,17541.1375
2020-12-24,15907.8,22340.41,19693.060833333333
2020-12-25,17561.66,23274.84,20797.80041666667
2020-12-26,16777.97,23027.17,20070.610416666666
2020-12-27,16208.21,20501.4,18204.349583333333
2020-12-28,15688.65,19054.83,17511.345
2020-12-29,15875.83,18850.25,17597.555
2020-12-30,14941.43,18718.59,16962.98125
2020-12-31,15400.35,19852.41,17840.337916666667
2021-01-01,15822.22,18749.82,17424.222916666666
2021-01-02,17221.25,21098.03,19114.382083333334
2021-01-03,16891.04,22014.77,19483.924166666668
2021-01-04,17175.97,22135.31,18842.885
2021-01-05,16692.9,21590.06,18391.162916666668
2021-01-06,17613.86,21487.13,19147.987083333333
2021-01-07,16576.48,22719.81,19833.948333333334
2021-01-08,18996.83,22999.11,21425.220416666667
2021-01-09,19423.35,23833.23,21473.517499999998
2021-01-10,21187.73,24839.19,22955.033750000002
2021-01-11,21511.64,26074.27,24068.928333333333
2021-01-12,20137.18,27017.63,23348.992499999997
2021-01-13,18174.27,25063.95,21201.904583333333
2021-01-14,17145.68,24125.4,19887.602083333335
2021-01-15,17334.45,22583.05,19827.84
2021-01-16,17743.56,22704.01,20268.54875
2021-01-17,16869.91,22715.52,19720.039583333335
2021-01-18,17265.36,23726.71,19695.913750000003
2021-01-19,16837.41,20509.37,18081.0525
2021-01-20,15713.23,19250.57,17628.015
2021-01-21,15070.1,18697.83,17061.345
2021-01-22,15010.83,18587.15,17103.127916666668
2021-01-23,15800.74,18958.92,17587.73833333333
2021-01-24,15388.84,18332.82,16848.700416666667
2021-01-25,14532.29,18767.46,16850.53458333333
2021-01-26,14944.15,18564.81,16945.770416666666
2021-01-27,15318.57,20165.95,17894.84625
2021-01-28,17897.71,22958.88,20145.989583333332
2021-01-29,17344.35,24327.0,20043.89458333333
2021-01-30,16266.73,19095.84,17736.409166666668
2021-01-31,14493.21,19514.19,16896.549166666664
2021-02-01,17313.44,22648.49,20080.017083333336
2021-02-02,18462.49,24962.96,21209.585
2021-02-03,17458.08,24766.51,20331.251666666667
2021-02-04,17256.34,20575.35,18389.47333333333
2021-02-05,15926.37,21271.31,19200.762916666667
2021-02-06,17928.66,20443.46,19110.41
2021-02-07,17438.14,20643.64,19035.399583333332
2021-02-08,17500.66,22375.35,19497.16625
2021-02-09,15617.76,19796.12,17993.354166666668
2021-02-10,16246.96,20581.41,18741.82
2021-02-11,17207.28,24038.33,20855.119166666667
2021-02-12,20802.84,26746.46,24440.269166666665
2021-02-13,23702.32,27231.37,25389.772083333333
2021-02-14,24447.11,29220.75,27049.868333333336
2021-02-15,27132.49,29413.22,28163.7775
2021-02-16,24693.65,28492.5,26949.115833333333
2021-02-17,22952.41,27070.26,25377.047916666666
2021-02-18,21680.18,25808.64,23628.355
2021-02-19,19924.85,27055.72,23515.3425
2021-02-20,17423.420000000002,26084.55,21884.83541666667
2021-02-21,16749.16,22058.82,19261.963333333333
2021-02-22,15449.43,19269.11,17054.194583333334
2021-02-23,16103.92,22118.12,17789.33291666667
2021-02-24,15587.87,19552.95,16966.68416666667
2021-02-25,14138.5,18599.62,16607.7375
2021-02-26,14939.07,18906.57,17392.99541666667
2021-02-27,14679.46,18520.78,16831.458333333336
2021-02-28,14599.7,18924.13,16848.28916666667
2021-03-01,15026.83,19571.57,17637.46125
2021-03-02,16444.13,22015.53,19478.635833333334
2021-03-03,16693.43,22687.25,19089.567083333335
2021-03-04,16630.12,21646.14,18063.394166666665
2021-03-05,15737.25,19338.91,17711.297083333335
2021-03-06,16135.04,18552.45,17063.72333333333
2021-03-07,15995.63,19574.7,17454.794583333332
2021-03-08,16701.52,21560.48,18014.69208333333
2021-03-09,15758.63,19184.52,17219.648333333334
2021-03-10,14510.18,18354.07,16662.333333333332
2021-03-11,14141.25,18838.55,16872.789583333335
2021-03-12,14337.9,19230.46,17216.944583333334
2021-03-13,14537.35,18478.79,16795.35375
2021-03-14,14605.75,18826.55,16768.928750000003
2021-03-15,14960.01,19996.94,17766.32
2021-03-16,15223.4,20144.95,18071.5675
2021-03-17,15561.77,19292.59,17791.622916666664
2021-03-18,14546.76,18779.27,17109.875
2021-03-19,15671.01,19042.13,17754.03125
2021-03-20,16090.67,19130.9,17177.8075
2021-03-21,15581.25,18292.59,16574.89
2021-03-22,14811.8,18448.78,16926.725000000002
2021-03-23,14511.44,18387.81,16893.5125
2021-03-24,14380.48,18255.29,16566.282083333335
2021-03-25,14748.06,19217.24,17375.462499999998
2021-03-26,14711.02,19211.66,17384.819583333334
2021-03-27,15253.29,20130.89,17833.827916666665
2021-03-28,15098.07,17491.95,16316.52375
2021-03-29,14418.77,18612.27,16838.357916666668
2021-03-30,14723.62,19524.76,17574.218333333334
2021-03-31,15166.89,19256.91,17441.72333333333
2021-04-01,15606.9,19308.13,17268.874583333334
2021-04-02,16320.47,20184.53,17552.914583333335
2021-04-03,15913.81,18700.86,16877.3075
2021-04-04,14954.96,17257.29,16145.8375
2021-04-05,13962.32,18890.82,16955.989583333332
2021-04-06,14394.82,19938.57,17498.292916666665
2021-04-07,14814.57,19474.46,17633.312083333334
2021-04-08,14830.81,20874.75,17950.563333333335
2021-04-09,15405.43,21825.15,18783.631250000002
2021-04-10,14901.59,18965.6,16975.735416666666
2021-04-11,14426.46,19452.14,16702.475
2021-04-12,14030.1,20975.47,17494.200416666667
2021-04-13,14489.39,18362.14,16962.756666666668
2021-04-14,14201.56,17922.75,16527.44208333333
2021-04-15,14335.34,18307.37,16579.66458333333
2021-04-16,14473.52,17455.72,16486.002500000002
2021-04-17,14408.54,16844.760000000002,15880.230000000001
2021-04-18,14331.93,17395.79,15888.584583333335
2021-04-19,14287.04,18269.53,16719.560416666664
2021-04-20,14342.96,19042.39,17027.750833333335
2021-04-21,15023.11,18198.1,16903.523333333334
2021-04-22,15341.23,18552.78,16927.662500000002
2021-04-23,14576.61,17997.69,16897.871666666666
2021-04-24,14885.98,19982.81,17564.977916666667
2021-04-25,14365.84,19403.63,16687.772083333333
2021-04-26,14212.43,20690.26,17637.243749999998
2021-04-27,15052.05,21379.96,18639.529583333333
2021-04-28,16322.26,23154.12,19949.791666666668
2021-04-29,16422.86,23094.02,19823.739166666666
2021-04-30,16229.34,19885.1,18259.861249999998
2021-05-01,14468.79,19034.26,16967.989583333332
2021-05-02,14860.58,19809.3,17312.414999999997
2021-05-03,15837.29,24323.08,20373.154583333333
2021-05-04,17178.81,22056.13,19633.336249999997
2021-05-05,15101.45,19818.39,17608.287916666668
2021-05-06,14662.9,21114.8,17922.50375
2021-05-07,14382.89,21200.29,17793.28458333333
2021-05-08,14411.91,21782.03,17908.830416666668
2021-05-09,15283.71,21040.42,18412.827916666665
2021-05-10,15609.64,21557.37,18705.182083333333
2021-05-11,16022.43,20601.63,18454.395416666666
2021-05-12,15262.08,19204.79,17487.91625
2021-05-13,14867.39,19518.35,17488.482083333332
2021-05-14,14458.27,20430.89,17489.052916666667
2021-05-15,14191.29,20434.75,17270.620833333334
2021-05-16,14403.62,21302.12,17931.50458333333
2021-05-17,15518.73,19564.59,18012.91
2021-05-18,15343.85,20527.96,18238.772083333333
2021-05-19,15338.35,21017.57,18565.715416666666
2021-05-20,15866.71,20710.35,18666.86125
2021-05-21,16004.81,21101.76,18809.421666666665
2021-05-22,15348.27,22604.88,18922.17625
2021-05-23,14724.9,23033.31,18990.261666666665
2021-05-24,15672.71,23663.64,19904.997916666667
2021-05-25,16097.29,24836.71,20601.37375
2021-05-26,16540.88,25987.67,21206.28875
2021-05-27,16827.0,27049.57,21961.774999999998
2021-05-28,17360.02,24440.37,20670.44125
2021-05-29,15438.8,21149.4,18456.701666666664
2021-05-30,14472.29,21125.56,17620.508749999997
2021-05-31,14804.95,23305.23,19001.817916666667
2021-06-01,16102.79,23045.48,19883.005
2021-06-02,16807.48,24218.86,20525.62375
2021-06-03,16606.81,23625.75,20262.164166666666
2021-06-04,16195.27,22859.68,19618.069583333334
2021-06-05,16456.79,20884.67,18862.590833333332
2021-06-06,16391.13,21702.12,19171.930833333332
2021-06-07,16813.32,25392.82,21332.789999999997
2021-06-08,18087.32,26030.63,22230.914999999997
2021-06-09,18223.92,27343.0,22889.658333333336
2021-06-10,18272.02,27505.09,22898.315416666668
2021-06-11,18171.61,28873.33,23483.142499999998
2021-06-12,18108.56,29029.7,23640.367500000004
2021-06-13,18736.72,29339.63,23968.432083333337
2021-06-14,17852.99,30230.3,23977.500416666666
2021-06-15,18740.94,29719.1,24180.399999999998
2021-06-16,18168.66,29115.56,23630.134166666667
2021-06-17,17573.24,28468.45,23019.984166666665
2021-06-18,17844.0,26785.69,22435.32541666667
2021-06-19,17636.58,27200.9,22309.849583333333
2021-06-20,17602.08,27458.0,22875.702916666665
2021-06-21,18778.01,25717.53,22117.82416666667
2021-06-22,17275.760000000002,25678.87,21280.59833333333
2021-06-23,17325.94,27018.76,22337.914999999997
2021-06-24,18752.12,28606.98,23948.4325
2021-06-25,19436.1,27859.57,23789.35875
2021-06-26,18688.97,27569.46,23283.489583333332
2021-06-27,18239.58,26188.21,22503.21541666667
2021-06-28,18469.16,27023.95,22981.79875
2021-06-29,18513.99,27577.92,23269.350416666668
2021-06-30,18273.66,28325.85,23410.147500000003
2021-07-01,18931.73,27981.14,23658.05875
2021-07-02,19159.17,27018.86,22863.797083333335
2021-07-03,17288.06,24527.3,20808.980833333335
2021-07-04,16534.78,25856.15,21112.662916666668
2021-07-05,17323.31,26598.36,22109.654166666664
2021-07-06,18191.79,27549.48,23196.240833333333
2021-07-07,19012.25,27464.14,23199.375833333335
2021-07-08,19020.79,28669.45,23566.844583333335
2021-07-09,19116.08,26023.63,22631.027916666662
2021-07-10,18645.08,26606.44,22695.844166666666
2021-07-11,18485.87,24214.38,21556.28125
2021-07-12,17966.38,25472.59,21703.0275
2021-07-13,17577.05,28418.58,22947.52291666667
2021-07-14,18051.05,28820.37,23458.970833333336
2021-07-15,18734.07,28407.28,23743.190000000002
2021-07-16,19080.4,26225.16,22585.529583333333
2021-07-17,18078.85,25485.53,21986.369583333333
2021-07-18,17563.9,26478.12,22167.557083333337
2021-07-19,18597.64,26267.52,22534.978333333333
2021-07-20,18002.57,25592.87,21811.944166666668
2021-07-21,17959.66,28665.48,23255.646666666664
2021-07-22,18891.04,29008.95,24177.755416666663
2021-07-23,19253.43,30372.05,24839.38208333333
2021-07-24,19447.42,30319.95,24856.872083333332
2021-07-25,19058.96,29721.74,24472.234166666665
2021-07-26,19692.02,31015.97,25382.75
2021-07-27,20281.85,31392.14,25476.23041666667
2021-07-28,19757.9,31446.24,25532.9875
2021-07-29,20324.01,31729.35,25896.81
2021-07-30,20271.46,31912.71,26101.991666666665
2021-07-31,20425.0,30488.62,25461.486666666668
2021-08-01,19615.9,29546.1,24546.821250000005
2021-08-02,19725.31,25996.95,22994.15208333333
2021-08-03,18924.98,26653.09,22737.673749999998
2021-08-04,18131.9,28263.98,23001.861666666664
2021-08-05,17646.69,27911.33,22592.142916666664
2021-08-06,18217.73,28059.86,22844.580833333337
2021-08-07,17847.68,28974.12,23318.013333333336
2021-08-08,18788.79,29743.04,24376.091249999998
2021-08-09,20280.56,30898.83,25701.063333333335
2021-08-10,20587.27,31536.76,26047.459583333333
2021-08-11,20377.49,30166.78,25278.661666666667
2021-08-12,19784.54,29063.17,24599.72583333333
2021-08-13,19404.61,28780.37,24233.748333333333
2021-08-14,19069.03,28752.49,23751.750833333335
2021-08-15,18350.1,27105.38,22780.266666666666
2021-08-16,18369.61,28991.85,23665.220416666667
2021-08-17,18910.33,29327.76,24047.543333333335
2021-08-18,19582.67,28114.79,23989.465
2021-08-19,19919.01,28695.77,24189.773333333334
2021-08-20,19559.29,29546.86,24422.577500000003
2021-08-21,19205.15,30403.49,24527.644166666665
2021-08-22,19170.85,30706.47,24902.673749999998
2021-08-23,19725.73,32158.66,25838.127083333336
2021-08-24,20312.03,31635.84,25651.939166666667
2021-08-25,19449.36,31095.39,25198.43333333333
2021-08-26,19928.27,29550.28,24608.926666666666
2021-08-27,19259.69,27713.64,23503.10583333333
2021-08-28,18289.3,26204.02,21992.902916666662
2021-08-29,14827.97,22339.53,18848.780833333334
2021-08-30,12758.88,18247.7,15603.202916666669
2021-08-31,13006.1,22048.43,17396.556249999998
2021-09-01,14128.11,22671.81,18305.508749999997
2021-09-02,14106.61,22921.99,18290.815833333334
2021-09-03,14285.66,23090.23,18517.27625
2021-09-04,14269.46,23739.11,18809.74
2021-09-05,15101.49,23250.64,19057.945416666666
2021-09-06,15167.98,21715.45,18061.725000000002
2021-09-07,14126.55,23842.12,18794.03125
2021-09-08,14870.39,24300.83,19316.67125
2021-09-09,15006.39,24103.54,19132.3825
2021-09-10,14317.29,23691.44,18570.385
2021-09-11,14094.78,23513.72,18466.124583333334
2021-09-12,14898.67,23242.29,19144.822916666668
2021-09-13,16249.61,24654.51,20597.527916666666
2021-09-14,17719.78,21735.79,19992.794583333332
2021-09-15,16903.31,23386.01,20173.75125
2021-09-16,17224.36,24518.8,20949.178333333333
2021-09-17,17614.98,24736.51,21124.210416666665
2021-09-18,17225.0,24738.42,20787.705416666668
2021-09-19,16828.37,24661.26,20649.791666666668
2021-09-20,17070.18,27709.35,22144.66083333333
2021-09-21,18067.94,25929.14,21866.983333333337
2021-09-22,16239.44,21341.92,18603.488333333335
2021-09-23,14391.23,21094.22,17566.105
2021-09-24,14186.44,21197.94,17523.999166666665
2021-09-25,14235.33,21841.48,17595.939166666667
2021-09-26,14267.77,23214.64,18214.618333333332
2021-09-27,15105.81,25109.42,20025.925
2021-09-28,17124.52,22236.73,19939.336250000004
2021-09-29,16314.99,22259.61,19605.88625
2021-09-30,16500.24,22797.16,19965.697083333336
2021-10-01,16678.72,22616.51,19828.429166666665
2021-10-02,16695.69,21573.96,19191.83875
2021-10-03,16077.38,23861.52,19757.583333333332
2021-10-04,16072.85,24058.85,20011.365
2021-10-05,15677.03,23320.1,19443.522500000003
2021-10-06,15662.4,23384.02,19458.62625
2021-10-07,15591.08,24559.43,19846.438333333335
2021-10-08,15627.13,25272.79,20054.09791666667
2021-10-09,15432.47,24214.42,19503.299166666668
2021-10-10,15469.46,24464.82,19780.1225
2021-10-11,16884.09,24249.48,20340.84875
2021-10-12,16667.6,24579.73,20564.4575
2021-10-13,16681.05,25484.04,20963.55625
2021-10-14,17048.88,24239.75,20695.795833333334
2021-10-15,16853.41,25237.39,20777.21
2021-10-16,15020.18,17709.81,16526.764583333334
2021-10-17,13642.41,17704.010000000002,15704.626250000001
2021-10-18,13962.99,18570.77,16638.534583333334
2021-10-19,14232.88,19675.75,17156.7075
2021-10-20,14742.76,21875.46,18527.342916666665
2021-10-21,15738.51,23569.59,19489.05125
2021-10-22,15527.64,22402.62,18825.416666666668
2021-10-23,15377.83,21693.44,18493.312083333334
2021-10-24,15867.28,21997.61,18866.02875
2021-10-25,15640.93,23800.12,19598.845416666667
2021-10-26,15458.44,21188.54,18519.3925
2021-10-27,15920.85,19923.06,18248.2025
2021-10-28,14682.43,18507.41,16973.99916666667
2021-10-29,14813.74,17792.670000000002,16787.174166666668
2021-10-30,14712.43,16998.33,16112.967499999999
2021-10-31,14658.54,17865.23,16392.577083333334
2021-11-01,14374.01,18999.82,17179.463333333333
2021-11-02,14675.2,19219.44,17302.655416666665
2021-11-03,15086.87,19240.9,17458.796666666665
2021-11-04,15891.93,19333.55,17867.744166666667
2021-11-05,16730.27,20073.69,18272.178333333333
2021-11-06,16672.08,19142.25,17607.02666666667
2021-11-07,16451.19,19090.54,17523.581666666665
2021-11-08,16022.93,19881.36,17902.298333333336
2021-11-09,15970.78,19329.49,17832.262916666667
2021-11-10,15599.07,19292.16,17676.83916666667
2021-11-11,15181.11,18968.24,17373.109166666665
2021-11-12,15712.37,18785.07,17700.40208333333
2021-11-13,16296.94,19316.69,17866.646666666667
2021-11-14,17066.03,19843.89,18206.14458333333
2021-11-15,16267.04,19977.85,18130.441666666666
2021-11-16,15306.91,19313.54,17639.80416666667
2021-11-17,15025.96,19721.09,17620.056249999998
2021-11-18,15125.15,19788.47,17668.72
2021-11-19,17304.21,20891.43,18709.175
2021-11-20,16954.81,19756.02,18062.708333333332
2021-11-21,15219.06,18660.09,16932.68416666667
2021-11-22,15230.34,19236.53,17526.130833333333
2021-11-23,17091.260000000002,20950.6,18667.909583333334
2021-11-24,16981.170000000002,19935.18,18151.56
2021-11-25,14804.36,18429.96,16595.071666666667
2021-11-26,15908.74,19450.93,17717.625416666666
2021-11-27,17662.14,20345.8,18628.091666666667
2021-11-28,16257.25,18996.45,17575.92125
2021-11-29,17003.46,21539.08,18830.730833333335
2021-11-30,17357.71,21123.32,18417.075
2021-12-01,16130.61,19131.75,17435.0925
2021-12-02,15446.92,18579.41,17267.850000000002
2021-12-03,15074.01,18470.08,17167.690833333334
2021-12-04,14779.98,18470.33,16737.9275
2021-12-05,14392.51,19120.83,16773.399166666666
2021-12-06,15206.05,19893.14,17898.422083333335
2021-12-07,16625.21,20803.99,19003.021666666664
2021-12-08,16582.5,19767.36,18289.58375
2021-12-09,16617.74,19988.28,18395.363333333335
2021-12-10,15757.04,20229.42,18397.2975
2021-12-11,15737.42,19098.78,17561.198333333334
2021-12-12,17385.11,20610.17,18733.17125
2021-12-13,17657.66,21384.36,18894.334583333333
2021-12-14,15490.99,19360.41,17717.399999999998
2021-12-15,15117.21,19511.63,17516.898333333334
2021-12-16,14986.96,19812.61,17794.884583333336
2021-12-17,15344.28,19519.68,17861.076250000002
2021-12-18,15301.16,19033.49,17540.634166666667
2021-12-19,16173.58,21097.3,18577.590833333332
2021-12-20,18800.23,22893.76,21240.145416666666
2021-12-21,18982.12,22577.13,20569.124166666665
2021-12-22,18031.01,23196.58,20197.205416666668
2021-12-23,17602.48,21716.11,19065.01375
2021-12-24,15566.71,17734.9,16891.795833333334
2021-12-25,14070.83,17653.77,16102.744166666665
2021-12-26,14140.54,18869.85,16588.521666666664
2021-12-27,14925.85,19549.53,17463.337916666667
2021-12-28,15083.88,20073.38,17924.441666666666
2021-12-29,15841.71,20618.08,18417.407083333335
2021-12-30,15968.91,20555.18,18428.758333333335
2021-12-31,15949.140000000005,20303.87,18231.34
2022-01-01,16145.45,20097.51,18315.2525
2022-01-02,16218.97,24348.44,19955.66708333333
2022-01-03,20610.94,26251.44,23267.28833333333
2022-01-04,19577.11,25720.01,22257.52666666667
2022-01-05,17611.47,21008.57,18976.140416666665
2022-01-06,16459.66,21765.04,19293.534166666665
2022-01-07,20218.81,24912.33,21940.864166666666
2022-01-08,16826.87,20413.35,18767.18333333333
2022-01-09,14694.62,19038.92,16854.350416666664
2022-01-10,16120.22,22029.48,19485.752083333333
2022-01-11,18549.05,24819.21,21044.937083333334
2022-01-12,17524.420000000002,21940.62,19493.62958333333
2022-01-13,17302.99,22485.66,19087.6675
2022-01-14,17150.14,21419.97,18419.921666666665
2022-01-15,16011.640000000005,22500.83,19010.912916666668
2022-01-16,20268.79,24433.04,22239.345833333336
2022-01-17,18273.11,24395.32,21105.76625
2022-01-18,17466.7,24302.09,20007.452083333334
2022-01-19,16327.8,19364.07,17840.119583333333
2022-01-20,16788.23,26503.45,22150.0525
2022-01-21,24345.36,28186.0,25986.25583333333
2022-01-22,20956.9,28614.39,25059.25458333334
2022-01-23,18866.25,27150.98,23134.788749999996
2022-01-24,19982.28,25320.86,21817.092083333333
2022-01-25,18670.81,22557.08,20753.173749999998
2022-01-26,20108.61,26196.88,22608.573333333334
2022-01-27,18889.59,25906.5,21944.13791666667
2022-01-28,19563.02,23987.15,21560.3825
2022-01-29,18768.45,25996.62,22278.009166666667
2022-01-30,16947.09,23441.54,20055.559166666666
2022-01-31,17468.88,22809.99,19188.9575
2022-02-01,16288.03,19079.67,17729.898749999997
2022-02-02,15386.75,20039.24,17879.32083333333
2022-02-03,17029.06,24560.35,20980.574583333335
2022-02-04,22427.75,27616.42,25678.5325
2022-02-05,20085.36,27753.53,24340.63666666667
2022-02-06,18330.91,26795.55,22669.751666666667
2022-02-07,19006.19,25136.34,21780.580416666668
2022-02-08,17665.920000000002,25649.07,20936.767083333332
2022-02-09,17295.61,24575.29,19994.601250000003
2022-02-10,17180.58,23601.61,19280.552916666667
2022-02-11,16788.96,22231.17,18339.702083333334
2022-02-12,16418.6,20775.94,18684.108333333334
2022-02-13,18653.09,24417.86,21220.410416666666
2022-02-14,17475.06,25643.49,20638.53125
2022-02-15,17239.75,23367.69,19166.55125
2022-02-16,15933.7,18729.09,17364.2225
2022-02-17,14957.63,19942.02,17602.790416666667
2022-02-18,17539.100000000002,22896.21,20177.3675
2022-02-19,16980.28,23411.09,19977.203333333335
2022-02-20,16693.59,21216.71,18596.382083333334
2022-02-21,15358.71,19272.45,17553.03
2022-02-22,15065.31,20159.15,17901.631250000002
2022-02-23,16360.01,22416.75,19732.37041666667
2022-02-24,18060.58,21824.91,20297.733333333334
2022-02-25,18333.24,22712.27,20918.08875
2022-02-26,19884.7,22479.58,21004.549583333333
2022-02-27,17750.2,21155.35,19501.33208333333
2022-02-28,17282.55,23918.46,19898.941666666666
2022-03-01,17051.48,22582.16,18815.678750000003
2022-03-02,16850.1,21067.09,18155.48875
2022-03-03,15827.09,19622.65,17579.159583333334
2022-03-04,15736.75,19366.74,17408.755
2022-03-05,14846.14,18354.12,16775.507916666666
2022-03-06,14714.96,19803.46,17392.47125
2022-03-07,15277.3,20133.25,18039.19083333333
2022-03-08,16563.78,21493.58,19196.007083333334
2022-03-09,17929.24,21224.9,19351.537083333333
2022-03-10,17202.59,21335.09,18391.629583333335
2022-03-11,15909.47,20314.34,18256.928750000003
2022-03-12,18816.2,23777.37,21071.299166666668
2022-03-13,16596.36,23474.27,19828.39375
2022-03-14,16243.83,20572.48,18232.538750000003
2022-03-15,15111.39,18505.23,17146.321249999997
2022-03-16,15201.52,18239.45,17023.3025
2022-03-17,14991.51,18469.74,17099.08875
2022-03-18,15053.29,19008.35,17388.50375
2022-03-19,15308.37,17734.45,16512.200833333336
2022-03-20,15365.09,18240.13,16674.67916666667
2022-03-21,14286.78,18287.69,16817.749166666665
2022-03-22,14947.48,18446.76,17184.0425
2022-03-23,14967.01,18504.83,17177.015
2022-03-24,16052.47,19794.59,17430.19625
2022-03-25,15712.4,19524.7,17230.40625
2022-03-26,15237.32,17769.38,16640.755416666667
2022-03-27,14589.75,18693.78,16706.025416666667
2022-03-28,14708.28,19583.25,17475.5475
2022-03-29,14927.17,19795.77,17726.44083333333
2022-03-30,15230.46,18741.17,17399.529166666664
2022-03-31,14543.61,18268.42,16667.465
2022-04-01,15328.88,18544.55,16930.745
2022-04-02,14524.27,17901.56,16306.863749999999
2022-04-03,14152.89,18976.42,16452.935833333333
2022-04-04,14050.01,19393.68,17215.27375
2022-04-05,15155.13,20581.76,18104.734166666665
2022-04-06,15801.56,21212.16,18627.642083333332
2022-04-07,14843.47,18057.02,16649.274583333332
2022-04-08,14908.55,18056.31,16956.175833333335
2022-04-09,15774.58,18094.79,16799.493333333332
2022-04-10,14770.0,18826.28,16757.7775
2022-04-11,14904.82,19710.74,17660.02625
2022-04-12,15386.42,20010.92,18196.369166666667
2022-04-13,15837.05,20514.64,18505.81583333333
2022-04-14,15301.49,19646.82,17638.892916666668
2022-04-15,15069.98,19271.8,17519.737916666665
2022-04-16,15735.25,20510.85,18329.669583333332
2022-04-17,15503.21,20421.29,18227.196666666667
2022-04-18,15772.72,18600.55,17500.08125
2022-04-19,14479.34,17882.91,16440.634583333333
2022-04-20,14433.33,19449.39,17313.669583333332
2022-04-21,15296.12,21843.19,18826.103333333333
2022-04-22,15388.56,21984.0,18862.994166666667
2022-04-23,15224.0,21630.25,18461.05916666667
2022-04-24,15679.75,22539.26,19063.1525
2022-04-25,16266.41,21048.12,18687.87625
2022-04-26,14998.92,19683.99,17462.915416666667
2022-04-27,14427.84,20044.8,17298.094166666666
2022-04-28,14411.53,20713.86,17575.14416666667
2022-04-29,14575.49,22275.33,18395.73875
2022-04-30,15154.6,22729.71,18889.54375
2022-05-01,15671.7,22472.74,18919.947083333333
2022-05-02,15616.69,22986.61,19770.679166666665
2022-05-03,16412.75,23550.95,20064.60625
2022-05-04,16030.17,24473.6,20225.54125
2022-05-05,16392.05,23173.84,19859.884166666667
2022-05-06,15533.18,22939.73,19154.244583333333
2022-05-07,15378.67,23683.57,19304.252500000002
2022-05-08,15765.76,24168.83,19898.625
2022-05-09,16996.99,27254.57,22026.880833333333
2022-05-10,17521.57,26934.7,22101.579166666666
2022-05-11,16636.920000000002,27760.38,22051.510833333334
2022-05-12,16981.25,28294.4,22559.399583333336
2022-05-13,17592.58,26513.14,21699.80125
2022-05-14,16290.06,25414.73,20638.512916666667
2022-05-15,16434.85,26136.78,21234.376666666667
2022-05-16,17042.09,27230.92,21957.431249999998
2022-05-17,17372.2,27331.12,22272.885416666668
2022-05-18,17433.16,28190.82,22745.849999999995
2022-05-19,18025.5,28250.66,22982.673333333336
2022-05-20,18319.18,28067.26,23172.985416666666
2022-05-21,19201.87,27310.74,22897.4225
2022-05-22,16694.97,22480.62,19773.271666666667
2022-05-23,16499.760000000002,22316.82,19589.245
2022-05-24,16714.56,23421.66,20310.2825
2022-05-25,17162.8,21882.31,19714.064583333336
2022-05-26,15900.35,23660.27,19679.757916666666
2022-05-27,15999.18,24654.25,20082.767916666668
2022-05-28,15295.32,24531.4,19659.060833333333
2022-05-29,15517.05,25372.22,20462.75458333333
2022-05-30,16885.670000000002,26702.69,21843.474166666667
2022-05-31,18101.75,28332.5,23319.845833333336
2022-06-01,18546.62,28144.28,23186.884166666667
2022-06-02,17733.260000000002,25987.32,21938.296666666665
2022-06-03,17324.95,25615.09,21321.6675
2022-06-04,16667.260000000002,25993.56,21199.43875
2022-06-05,16466.79,25986.75,21417.931666666667
2022-06-06,17562.78,28027.8,22883.552083333332
2022-06-07,18517.11,28246.61,23611.961250000004
2022-06-08,18681.38,27445.58,23015.191666666666
2022-06-09,18332.53,28995.15,23534.704166666666
2022-06-10,18747.26,23715.64,21352.63375
2022-06-11,16660.74,26969.72,21766.39375
2022-06-12,18393.46,29539.02,24075.4475
2022-06-13,19966.2,31296.05,25601.65625
2022-06-14,19918.54,31024.85,25407.780833333334
2022-06-15,19788.71,30871.61,25354.4525
2022-06-16,19952.43,30803.98,25308.443333333333
2022-06-17,19784.19,30830.86,25356.450833333336
2022-06-18,19740.2,31404.35,25642.767916666664
2022-06-19,19078.97,29632.96,24411.11333333333
2022-06-20,18520.41,31768.49,25151.56
2022-06-21,20154.73,31197.6,25891.44125
2022-06-22,19959.84,32512.59,26377.740416666667
2022-06-23,20614.57,32483.23,26589.25458333333
2022-06-24,20699.95,32612.01,26683.834166666667
2022-06-25,20114.27,31550.06,25969.746666666662
2022-06-26,20194.73,29136.93,24498.877083333336
2022-06-27,19218.2,27577.62,23257.067500000005
2022-06-28,18691.7,28695.41,23283.433749999997
2022-06-29,18435.33,28421.94,23218.800416666665
2022-06-30,18894.65,27310.67,23319.865
2022-07-01,19246.0,25692.62,22810.365833333333
2022-07-02,18590.89,27086.64,22968.67916666667
2022-07-03,18776.04,28186.26,23710.004166666666
2022-07-04,19354.54,29709.77,24613.447916666668
2022-07-05,20027.15,29031.76,24844.55875
2022-07-06,19775.43,29441.46,24949.60625
2022-07-07,20053.71,31187.86,25949.1825
2022-07-08,20829.56,32153.16,26851.53625
2022-07-09,21189.13,32116.9,26887.196249999997
2022-07-10,20573.79,30034.39,25120.93875
2022-07-11,19876.01,32530.75,26079.40125
2022-07-12,20438.64,31885.7,25974.193750000002
2022-07-13,20307.44,31624.35,25864.129999999994
2022-07-14,19965.79,29580.95,24620.14333333333
2022-07-15,19539.11,29762.47,24659.5775
2022-07-16,19153.88,30661.67,24823.540416666667
2022-07-17,19539.05,30319.58,24941.209999999995
2022-07-18,20009.19,30896.68,25485.115
2022-07-19,20814.57,31991.52,26324.12041666667
2022-07-20,21413.04,32263.05,26758.72333333333
2022-07-21,21648.58,32083.36,26565.760833333334
2022-07-22,20435.31,29086.14,24434.96458333333
2022-07-23,19115.02,28744.32,24186.35875
2022-07-24,19153.63,30080.33,24794.903333333335
2022-07-25,20275.39,30009.09,25487.020833333332
2022-07-26,20521.42,30653.18,25823.06375
2022-07-27,20619.19,30647.33,25584.07625
2022-07-28,20140.81,28875.42,24645.56375
2022-07-29,19948.15,27551.68,23857.00791666667
2022-07-30,19091.34,25172.11,22289.075
2022-07-31,17874.08,26780.8,22426.560833333333
2022-08-01,19013.48,28830.37,23823.905833333334
2022-08-02,19342.51,27713.12,23396.193750000002
2022-08-03,19392.33,27930.45,23724.853333333333
2022-08-04,19417.39,27517.3,23438.94875
2022-08-05,19139.49,28442.87,23801.341666666664
2022-08-06,18896.32,27557.97,23317.605833333335
2022-08-07,18671.83,29189.42,23978.33541666667
2022-08-08,19183.53,29134.7,24169.227916666667
2022-08-09,19056.09,27567.86,23513.10208333333
2022-08-10,18833.02,26777.0,22849.48166666667
2022-08-11,18436.51,26926.63,22720.101249999996
2022-08-12,18537.5,28530.92,23405.710833333334
2022-08-13,18611.0,27877.44,23101.115833333333
2022-08-14,18047.27,30183.93,23795.433333333334
2022-08-15,19477.84,31421.53,25375.61916666667
2022-08-16,20054.23,31204.51,25416.722083333338
2022-08-17,19791.24,28548.35,24040.247499999998
2022-08-18,19535.91,25478.44,22515.225833333334
2022-08-19,18006.29,26078.13,21952.707916666666
2022-08-20,18017.31,24965.45,21558.023749999997
2022-08-21,18153.45,24980.94,21664.25
2022-08-22,18171.05,24640.87,21720.465416666662
2022-08-23,18315.4,23773.48,21284.212499999998
2022-08-24,18251.81,24153.44,21399.98125
2022-08-25,17717.52,26564.83,22042.287500000002
2022-08-26,18290.08,26672.19,22274.25916666667
2022-08-27,17990.87,27121.34,22539.876666666667
2022-08-28,18387.94,28205.8,23190.359583333335
2022-08-29,19005.26,28585.94,23812.502083333336
2022-08-30,18930.08,28749.01,23520.415833333333
2022-08-31,18451.36,29872.15,23820.39625
2022-09-01,18824.57,29211.56,23698.877083333336
2022-09-02,18556.27,27478.55,22785.837916666667
2022-09-03,18414.96,24508.46,21269.669583333332
2022-09-04,17264.09,23458.24,20338.2825
2022-09-05,17300.44,25287.23,21074.272916666665
2022-09-06,17722.36,25421.62,21699.41083333333
2022-09-07,17752.510000000002,27047.84,22006.897500000003
2022-09-08,17316.010000000002,25987.57,21430.827916666665
2022-09-09,16801.52,25082.44,20910.618749999998
2022-09-10,16960.68,25329.69,20779.784166666665
2022-09-11,16709.96,26069.78,21211.081666666665
2022-09-12,17226.21,25723.43,21105.84
2022-09-13,16252.7,24824.98,20132.626666666667
2022-09-14,15669.94,25544.7,20133.244166666667
2022-09-15,15951.37,26212.31,20654.492083333334
2022-09-16,16615.5,26536.24,21366.576666666664
2022-09-17,16937.29,27008.75,21605.62
2022-09-18,17401.04,28089.4,22526.055833333336
2022-09-19,18091.3,29503.06,23545.760416666668
2022-09-20,18078.84,29590.89,23467.099166666667
2022-09-21,17894.69,30312.4,23853.58208333333
2022-09-22,18449.7,29100.32,23527.258750000005
2022-09-23,18008.04,27788.05,22327.508749999997
2022-09-24,17405.9,28489.53,22346.58916666666
2022-09-25,17384.39,27714.21,22112.055000000004
2022-09-26,17610.68,26441.85,21508.274583333336
2022-09-27,15579.73,22557.95,18769.914999999997
2022-09-28,15001.27,22013.97,18289.074583333335
2022-09-29,14849.47,19959.52,17352.8475
2022-09-30,14500.0,20229.65,17183.218333333334
2022-10-01,14134.06,20067.27,16727.492916666666
2022-10-02,13864.87,20832.95,16973.2375
2022-10-03,14271.01,21927.08,17907.274166666666
2022-10-04,14573.52,21208.78,17874.452083333334
2022-10-05,14587.45,22308.45,18128.920000000002
2022-10-06,14826.71,23195.48,18626.7
2022-10-07,14586.6,22919.67,18614.380416666667
2022-10-08,15171.9,21413.92,17914.945
2022-10-09,14376.57,20410.77,17038.14875
2022-10-10,14381.32,21991.13,17997.96625
2022-10-11,14700.72,22197.2,18369.10375
2022-10-12,15615.56,23995.11,19752.575
2022-10-13,16269.65,22712.31,19116.805416666666
2022-10-14,14598.76,21299.47,17695.835416666665
2022-10-15,14344.92,22584.88,17944.487916666665
2022-10-16,14565.25,21750.69,18043.76958333333
2022-10-17,15399.97,18692.99,17366.24
2022-10-18,14294.38,18463.42,16559.329583333336
2022-10-19,15945.93,19980.74,17450.519166666665
2022-10-20,15505.76,20031.87,17405.79375
2022-10-21,14670.88,18668.71,16858.467916666665
2022-10-22,14020.43,18719.75,16525.5275
2022-10-23,14064.59,19785.87,16901.3225
2022-10-24,14454.05,20736.8,17999.032916666667
2022-10-25,15201.58,18245.25,17088.030833333334
2022-10-26,14160.08,17806.07,16305.434583333335
2022-10-27,14375.05,18026.19,16586.752916666668
2022-10-28,14464.62,17384.760000000002,16393.565833333338
2022-10-29,14406.2,17465.46,16192.096666666666
2022-10-30,13755.36,17630.21,15690.845416666669
2022-10-31,14062.77,18716.05,16692.047083333335
2022-11-01,14341.49,18484.43,16688.129166666666
2022-11-02,14437.96,19318.58,17164.301666666666
2022-11-03,14450.78,20398.33,17660.3425
2022-11-04,15230.47,20610.91,18462.87833333333
2022-11-05,15416.36,17451.48,16591.075
2022-11-06,14845.34,20582.92,17795.4725
2022-11-07,15343.09,22164.88,18873.022916666665
2022-11-08,15573.98,22389.95,19016.157916666667
2022-11-09,15359.82,21338.33,18348.4025
2022-11-10,14670.31,19392.89,17348.726666666666
2022-11-11,14511.57,19300.84,17286.183333333334
2022-11-12,15380.08,19909.72,17609.69958333333
2022-11-13,18110.66,21535.8,19683.361249999998
2022-11-14,18942.5,22646.69,20444.258333333335
2022-11-15,17484.84,22561.11,20095.518333333333
2022-11-16,19441.28,22946.1,20974.457916666666
2022-11-17,19546.34,23858.49,21407.16375
2022-11-18,19104.33,24637.91,21326.897083333333
2022-11-19,19008.29,22445.26,20924.555
2022-11-20,18691.16,23005.75,20922.645
2022-11-21,19875.03,23596.26,21181.33375
2022-11-22,18567.64,21721.39,19647.11375
2022-11-23,17101.5,20693.22,18465.969166666666
2022-11-24,14997.68,18419.91,16573.392499999998
2022-11-25,14513.64,17710.93,16322.230833333333
2022-11-26,14935.04,18308.25,16900.68375
2022-11-27,15738.15,18723.65,17180.350000000002
2022-11-28,15970.24,19527.17,17951.359166666665
2022-11-29,15857.13,20192.98,18204.996666666662
2022-11-30,16311.96,20604.14,18354.49875
2022-12-01,18461.03,23381.44,20275.414583333335
2022-12-02,17452.98,21076.59,18990.16791666667
2022-12-03,15396.54,19060.52,17428.796250000003
2022-12-04,15975.18,19632.91,17822.618749999998
2022-12-05,15890.95,20038.5,18188.510416666668
2022-12-06,15419.63,19854.02,17969.841739130436
2022-12-07,15224.23,20432.41,18160.93875
2022-12-08,15473.3,20110.63,18185.670833333334
2022-12-09,15510.54,19779.05,17937.46625
2022-12-10,15287.04,19380.13,17550.98375
2022-12-11,15431.05,19247.21,17230.359166666665
2022-12-12,15168.61,19723.6,17729.551666666666
2022-12-13,15388.33,19759.54,17776.928333333333
2022-12-14,15377.44,19396.2,17699.44875
2022-12-15,16689.32,21204.25,19016.395416666666
2022-12-16,18575.32,22762.02,20014.647500000003
2022-12-17,18834.61,22343.42,20478.15
2022-12-18,18786.42,24244.66,21512.422916666666
2022-12-19,19635.31,24636.04,22510.147500000003
2022-12-20,19440.47,22752.94,21342.03583333333
2022-12-21,19960.18,23079.99,21511.707916666666
2022-12-22,18774.59,26456.07,21604.110416666666
2022-12-23,26774.63,31812.37,29681.849583333333
2022-12-24,23760.99,30576.61,27676.685833333333
2022-12-25,19531.99,27901.16,24275.982916666664
2022-12-26,19659.67,25656.32,22854.52125
2022-12-27,18813.22,25705.2,22065.175
2022-12-28,16830.6,23380.16,19666.685833333333
2022-12-29,14754.05,18295.62,16661.23791666667
2022-12-30,14512.73,17917.21,16562.470833333333
