Date,min,max,avg
2013-12-19,16195.0,19399.0,17771.041666666668
2013-12-20,14944.0,19024.0,17107.041666666668
2013-12-21,13642.0,17740.0,15930.208333333334
2013-12-22,13817.0,18403.0,16284.375
2013-12-23,16313.0,22197.0,19327.458333333332
2013-12-24,18128.0,22777.0,20360.458333333332
2013-12-25,16209.0,23346.0,19703.291666666668
2013-12-26,16371.0,21766.0,19080.791666666668
2013-12-27,17268.0,22156.0,19177.041666666668
2013-12-28,16391.0,19243.0,17729.333333333332
2013-12-29,16540.0,19342.0,17765.958333333332
2013-12-30,16665.0,20854.0,19102.708333333332
2013-12-31,17934.0,21698.0,19764.916666666668
2014-01-01,17551.0,20259.0,18967.958333333332
2014-01-02,15852.0,22778.0,19169.5
2014-01-03,19339.0,24369.0,21530.833333333332
2014-01-04,17204.0,22723.0,19988.833333333332
2014-01-05,16591.0,22205.0,18987.0
2014-01-06,20418.0,27813.0,24120.083333333332
2014-01-07,22950.0,30575.0,26128.583333333332
2014-01-08,21005.0,27816.0,24064.0
2014-01-09,19848.0,24361.0,21646.333333333332
2014-01-10,17296.0,20877.0,18726.583333333332
2014-01-11,14728.0,18284.0,16657.958333333332
2014-01-12,15828.0,18632.0,16871.208333333332
2014-01-13,14395.0,19412.0,17076.916666666668
2014-01-14,16154.0,20812.0,18164.0
2014-01-15,16656.0,22249.0,19352.791666666668
2014-01-16,17040.0,23836.0,19873.583333333332
2014-01-17,17813.0,22403.0,19972.0
2014-01-18,16082.0,22391.0,19111.041666666668
2014-01-19,16692.0,19637.0,18117.625
2014-01-20,16338.0,20888.0,18046.791666666668
2014-01-21,15032.0,22373.0,18765.916666666668
2014-01-22,17431.0,24625.0,20447.75
2014-01-23,19143.0,24381.0,21674.416666666668
2014-01-24,21409.0,26585.0,23328.0
2014-01-25,18966.0,25338.0,22407.083333333332
2014-01-26,17289.0,21908.0,19406.041666666668
2014-01-27,16186.0,23391.0,19927.708333333332
2014-01-28,19659.0,25952.0,23109.5
2014-01-29,23457.0,29870.0,26032.666666666668
2014-01-30,20345.0,29968.0,24489.0
2014-01-31,18727.0,24540.0,20956.75
2014-02-01,15648.0,17836.0,16711.625
2014-02-02,14214.0,17870.0,16008.666666666666
2014-02-03,16227.0,21322.0,19153.791666666668
2014-02-04,18299.0,21428.0,19511.75
2014-02-05,18595.0,24041.0,21439.041666666668
2014-02-06,21228.0,25907.0,23647.125
2014-02-07,21554.0,28797.0,24460.291666666668
2014-02-08,17794.0,22766.0,20459.708333333332
2014-02-09,16812.0,19789.0,18209.166666666668
2014-02-10,15904.0,21732.0,19134.583333333332
2014-02-11,19508.0,25203.0,22703.166666666668
2014-02-12,21865.0,25756.0,23674.625
2014-02-13,20005.0,26435.0,22647.041666666668
2014-02-14,16841.0,22443.0,19122.25
2014-02-15,17180.0,20920.0,18752.958333333332
2014-02-16,15517.0,18361.0,16892.541666666668
2014-02-17,14565.0,18983.0,16930.916666666668
2014-02-18,14724.0,18869.0,16835.541666666668
2014-02-19,14363.0,19044.0,16800.958333333332
2014-02-20,14130.0,19558.0,16934.0
2014-02-21,14719.0,18912.0,16870.416666666668
2014-02-22,14873.0,17578.0,15916.541666666666
2014-02-23,14468.0,17866.0,16048.041666666666
2014-02-24,14561.0,18956.0,17073.375
2014-02-25,14818.0,18987.0,17008.541666666668
2014-02-26,15330.0,22807.0,19313.25
2014-02-27,18121.0,24077.0,20524.208333333332
2014-02-28,17091.0,23085.0,19373.375
2014-03-01,16246.0,18568.0,17335.083333333332
2014-03-02,13867.0,19009.0,16221.666666666666
2014-03-03,16000.0,23307.0,20142.208333333332
2014-03-04,21500.0,24696.0,22805.583333333332
2014-03-05,19218.0,24468.0,21340.75
2014-03-06,17972.0,21639.0,19849.375
2014-03-07,17499.0,22237.0,19141.833333333332
2014-03-08,15659.0,17802.0,16686.333333333332
2014-03-09,14076.0,17830.0,15884.916666666666
2014-03-10,14549.0,18466.0,16933.291666666668
2014-03-11,14403.0,18741.0,16833.541666666668
2014-03-12,14398.0,18977.0,16973.25
2014-03-13,15731.0,20278.0,17228.833333333332
2014-03-14,15129.0,18958.0,16628.291666666668
2014-03-15,14223.0,17405.0,15946.541666666666
2014-03-16,13878.0,18502.0,16121.958333333334
2014-03-17,15572.0,20496.0,18037.875
2014-03-18,16327.0,21127.0,18070.958333333332
2014-03-19,14887.0,18966.0,17282.75
2014-03-20,14689.0,18596.0,16736.875
2014-03-21,14037.0,17985.0,16192.208333333334
2014-03-22,13689.0,17773.0,15891.25
2014-03-23,13720.0,18119.0,15883.458333333334
2014-03-24,14875.0,19363.0,17348.875
2014-03-25,15108.0,19434.0,17176.5
2014-03-26,16396.0,20824.0,17777.541666666668
2014-03-27,15077.0,18514.0,17096.875
2014-03-28,14568.0,18596.0,16993.375
2014-03-29,14100.0,17260.0,15835.916666666666
2014-03-30,14118.0,17359.0,15880.333333333334
2014-03-31,13957.0,18241.0,16449.583333333332
2014-04-01,13807.0,19070.0,16719.416666666668
2014-04-02,14089.0,19991.0,17386.583333333332
2014-04-03,14403.0,19788.0,17561.541666666668
2014-04-04,14751.0,18676.0,17281.916666666668
2014-04-05,13967.0,17369.0,15912.5
2014-04-06,13340.0,17869.0,15362.833333333334
2014-04-07,14601.0,19228.0,17284.875
2014-04-08,14133.0,18455.0,16556.041666666668
2014-04-09,14517.0,18893.0,16839.083333333332
2014-04-10,14033.0,18584.0,16621.5
2014-04-11,13946.0,18191.0,16439.125
2014-04-12,13855.0,18413.0,16239.916666666666
2014-04-13,13735.0,18792.0,16278.625
2014-04-14,14473.0,18857.0,17255.375
2014-04-15,15192.0,19614.0,17426.166666666668
2014-04-16,15754.0,20375.0,17399.333333333332
2014-04-17,14544.0,18144.0,16598.333333333332
2014-04-18,13799.0,17433.0,15845.958333333334
2014-04-19,13414.0,17504.0,15540.791666666666
2014-04-20,13294.0,17882.0,15556.25
2014-04-21,13678.0,19360.0,16920.833333333332
2014-04-22,14011.0,20173.0,17460.875
2014-04-23,14297.0,20599.0,17701.75
2014-04-24,14629.0,21234.0,18137.25
2014-04-25,14490.0,20393.0,17691.458333333332
2014-04-26,14478.0,21319.0,17958.291666666668
2014-04-27,14699.0,20695.0,17848.333333333332
2014-04-28,15517.0,22537.0,19462.541666666668
2014-04-29,14832.0,21194.0,18394.291666666668
2014-04-30,14517.0,18671.0,16905.0
2014-05-01,13928.0,18039.0,16441.583333333332
2014-05-02,13768.0,17849.0,16289.333333333334
2014-05-03,13837.0,19120.0,16508.541666666668
2014-05-04,13484.0,20694.0,17137.708333333332
2014-05-05,14654.0,22808.0,18770.5
2014-05-06,14794.0,22956.0,18899.916666666668
2014-05-07,14632.0,22649.0,18825.5
2014-05-08,15506.0,22682.0,19387.416666666668
2014-05-09,15637.0,22051.0,19147.916666666668
2014-05-10,14236.0,20877.0,17763.041666666668
2014-05-11,14779.0,22038.0,18587.208333333332
2014-05-12,15605.0,23336.0,19864.708333333332
2014-05-13,16090.0,22656.0,19600.666666666668
2014-05-14,14881.0,18922.0,17358.5
2014-05-15,14157.0,18067.0,16560.541666666668
2014-05-16,13563.0,18706.0,16426.541666666668
2014-05-17,13706.0,19327.0,16639.083333333332
2014-05-18,13943.0,20385.0,17211.791666666668
2014-05-19,14491.0,23212.0,18938.5
2014-05-20,14916.0,23743.0,19435.375
2014-05-21,15685.0,24594.0,20195.291666666668
2014-05-22,15710.0,25527.0,20618.25
2014-05-23,15977.0,25450.0,20667.791666666668
2014-05-24,15691.0,23977.0,19768.708333333332
2014-05-25,14711.0,23354.0,19063.833333333332
2014-05-26,15387.0,24378.0,19918.166666666668
2014-05-27,15869.0,24270.0,20368.833333333332
2014-05-28,15566.0,21837.0,19041.083333333332
2014-05-29,14563.0,20952.0,18112.25
2014-05-30,15122.0,22334.0,18981.166666666668
2014-05-31,14725.0,21194.0,18160.25
2014-06-01,14600.0,21841.0,18401.625
2014-06-02,15438.0,24475.0,20239.541666666668
2014-06-03,15830.0,25579.0,20857.166666666668
2014-06-04,16166.0,26751.0,21585.458333333332
2014-06-05,16791.0,27298.0,22237.125
2014-06-06,16875.0,26952.0,21921.5
2014-06-07,16599.0,26114.0,21433.875
2014-06-08,16246.0,25707.0,21146.833333333332
2014-06-09,16569.0,25690.0,21383.75
2014-06-10,16584.0,22638.0,19933.333333333332
2014-06-11,15404.0,24883.0,20205.083333333332
2014-06-12,16164.0,26268.0,21335.583333333332
2014-06-13,16890.0,24740.0,20851.791666666668
2014-06-14,15412.0,24818.0,20088.5
2014-06-15,15987.0,25988.0,21119.333333333332
2014-06-16,16814.0,27368.0,22352.291666666668
2014-06-17,17434.0,27857.0,22749.625
2014-06-18,17852.0,28863.0,23404.833333333332
2014-06-19,17689.0,28447.0,23192.0
2014-06-20,17139.0,28619.0,23051.041666666668
2014-06-21,17500.0,27479.0,22639.125
2014-06-22,16775.0,25317.0,21345.208333333332
2014-06-23,17433.0,26860.0,22393.458333333332
2014-06-24,17510.0,26728.0,22253.791666666668
2014-06-25,17146.0,26321.0,21972.291666666668
2014-06-26,16852.0,24060.0,20786.625
2014-06-27,16851.0,23940.0,20564.916666666668
2014-06-28,16319.0,23858.0,20232.0
2014-06-29,16683.0,25536.0,21203.458333333332
2014-06-30,17526.0,28759.0,23267.083333333332
2014-07-01,18118.0,29846.0,23982.375
2014-07-02,18444.0,29737.0,24040.291666666668
2014-07-03,18243.0,27490.0,22664.458333333332
2014-07-04,16286.0,24074.0,20018.916666666668
2014-07-05,14426.0,24445.0,19544.25
2014-07-06,15378.0,26578.0,20966.416666666668
2014-07-07,16775.0,28593.0,22827.375
2014-07-08,17762.0,28525.0,23277.875
2014-07-09,17930.0,27695.0,22886.541666666668
2014-07-10,17259.0,26917.0,22257.625
2014-07-11,17173.0,27727.0,22539.791666666668
2014-07-12,17259.0,27655.0,22528.916666666668
2014-07-13,17049.0,27715.0,22611.75
2014-07-14,17644.0,28311.0,23143.833333333332
2014-07-15,18214.0,25960.0,22174.75
2014-07-16,16117.0,24182.0,20125.0
2014-07-17,15909.0,24668.0,20521.541666666668
2014-07-18,15978.0,21295.0,18998.958333333332
2014-07-19,14995.0,21972.0,18641.166666666668
2014-07-20,15217.0,23655.0,19549.041666666668
2014-07-21,15960.0,26200.0,21263.833333333332
2014-07-22,17137.0,27396.0,22495.375
2014-07-23,17445.0,26935.0,22352.083333333332
2014-07-24,17394.0,27186.0,22399.125
2014-07-25,16808.0,26755.0,21814.166666666668
2014-07-26,17378.0,27614.0,22525.208333333332
2014-07-27,17514.0,28452.0,23158.458333333332
2014-07-28,18502.0,28841.0,23791.541666666668
2014-07-29,18322.0,27394.0,22881.583333333332
2014-07-30,17040.0,26056.0,21527.666666666668
2014-07-31,16562.0,24514.0,20754.666666666668
2014-08-01,16425.0,23849.0,20286.083333333332
2014-08-02,15679.0,23590.0,19664.041666666668
2014-08-03,15965.0,25193.0,20520.166666666668
2014-08-04,16765.0,27926.0,22401.875
2014-08-05,17402.0,28957.0,23168.041666666668
2014-08-06,17817.0,29237.0,23616.333333333332
2014-08-07,18629.0,29956.0,24327.583333333332
2014-08-08,18624.0,29501.0,24073.5
2014-08-09,18231.0,27979.0,23158.791666666668
2014-08-10,17653.0,27402.0,22669.916666666668
2014-08-11,17622.0,28468.0,23169.916666666668
2014-08-12,17940.0,27539.0,22742.666666666668
2014-08-13,17185.0,27709.0,22404.5
2014-08-14,16715.0,27857.0,22165.708333333332
2014-08-15,16893.0,28125.0,22465.833333333332
2014-08-16,16922.0,27558.0,22174.0
2014-08-17,17702.0,27674.0,22828.541666666668
2014-08-18,18194.0,28537.0,23518.375
2014-08-19,18370.0,29332.0,23879.75
2014-08-20,18355.0,29512.0,24033.666666666668
2014-08-21,18302.0,29715.0,24062.541666666668
2014-08-22,18691.0,29926.0,24247.166666666668
2014-08-23,18322.0,29590.0,23829.291666666668
2014-08-24,18234.0,30184.0,24229.5
2014-08-25,18851.0,29550.0,24299.583333333332
2014-08-26,18362.0,27878.0,23282.291666666668
2014-08-27,17773.0,28134.0,23083.541666666668
2014-08-28,17973.0,28215.0,23206.041666666668
2014-08-29,17909.0,27077.0,22640.583333333332
2014-08-30,16957.0,22997.0,20060.458333333332
2014-08-31,15741.0,23392.0,19652.875
2014-09-01,17017.0,25805.0,21462.625
2014-09-02,17766.0,27678.0,22782.708333333332
2014-09-03,17624.0,27610.0,22680.666666666668
2014-09-04,17590.0,28242.0,22973.833333333332
2014-09-05,17921.0,27847.0,22788.375
2014-09-06,16794.0,25532.0,21108.25
2014-09-07,16309.0,24708.0,20463.0
2014-09-08,16285.0,27066.0,21826.916666666668
2014-09-09,17437.0,28767.0,23180.791666666668
2014-09-10,17942.0,28637.0,23250.0
2014-09-11,18538.0,27960.0,23249.791666666668
2014-09-12,17475.0,25477.0,21535.833333333332
2014-09-13,15845.0,20948.0,18462.666666666668
2014-09-14,14482.0,23029.0,18636.458333333332
2014-09-15,15534.0,25323.0,20606.083333333332
2014-09-16,16701.0,25262.0,21154.583333333332
2014-09-17,16542.0,26143.0,21387.0
2014-09-18,16882.0,25077.0,21140.208333333332
2014-09-19,16003.0,24537.0,20406.291666666668
2014-09-20,16058.0,24777.0,20342.916666666668
2014-09-21,15976.0,25939.0,20830.875
2014-09-22,16301.0,25335.0,20821.291666666668
2014-09-23,15490.0,23953.0,19612.791666666668
2014-09-24,14625.0,23881.0,19141.208333333332
2014-09-25,14920.0,23547.0,19316.958333333332
2014-09-26,15124.0,22901.0,19156.958333333332
2014-09-27,15055.0,21820.0,18425.375
2014-09-28,15042.0,21824.0,18443.083333333332
2014-09-29,15186.0,23918.0,19783.875
2014-09-30,15893.0,25036.0,20567.166666666668
2014-10-01,16645.0,25668.0,21356.083333333332
2014-10-02,16867.0,24898.0,21122.833333333332
2014-10-03,17195.0,22953.0,20071.583333333332
2014-10-04,14141.0,17316.0,16067.125
2014-10-05,13216.0,18573.0,15944.458333333334
2014-10-06,13645.0,20826.0,17690.416666666668
2014-10-07,14756.0,22898.0,19167.916666666668
2014-10-08,15952.0,24398.0,20253.291666666668
2014-10-09,16010.0,24360.0,20396.916666666668
2014-10-10,16073.0,24044.0,20177.375
2014-10-11,15382.0,21682.0,18642.5
2014-10-12,14443.0,20827.0,17776.375
2014-10-13,15146.0,20904.0,18398.833333333332
2014-10-14,14085.0,18358.0,16683.125
2014-10-15,13499.0,18404.0,16412.75
2014-10-16,13443.0,19610.0,16812.375
2014-10-17,13554.0,20665.0,17264.625
2014-10-18,13775.0,19629.0,16764.791666666668
2014-10-19,13761.0,18776.0,16383.75
2014-10-20,13672.0,20020.0,17209.25
2014-10-21,13817.0,20228.0,17312.125
2014-10-22,13928.0,19829.0,17150.833333333332
2014-10-23,14010.0,18938.0,16959.416666666668
2014-10-24,13761.0,18440.0,16511.666666666668
2014-10-25,13239.0,18893.0,16089.416666666666
2014-10-26,13210.0,20212.0,16616.708333333332
2014-10-27,13889.0,21216.0,17823.666666666668
2014-10-28,14198.0,20215.0,17597.541666666668
2014-10-29,14329.0,19946.0,17527.416666666668
2014-10-30,14252.0,18726.0,17024.041666666668
2014-10-31,13593.0,16786.0,15806.666666666666
2014-11-01,14702.0,18412.0,16558.75
2014-11-02,14580.0,16918.0,15693.333333333334
2014-11-03,14422.0,18502.0,16742.875
2014-11-04,13795.0,18774.0,16521.333333333332
2014-11-05,14035.0,19007.0,16729.916666666668
2014-11-06,14000.0,18383.0,16349.25
2014-11-07,14509.0,18717.0,17041.5
2014-11-08,14803.0,17013.0,15721.458333333334
2014-11-09,13823.0,17366.0,15566.833333333334
2014-11-10,13917.0,18361.0,16347.083333333334
2014-11-11,13880.0,19149.0,16748.0
2014-11-12,14685.0,19557.0,17258.375
2014-11-13,17107.0,22075.0,19721.125
2014-11-14,18575.0,24523.0,21248.166666666668
2014-11-15,16714.0,22476.0,19655.958333333332
2014-11-16,16665.0,19218.0,17722.75
2014-11-17,16222.0,23515.0,20135.541666666668
2014-11-18,18962.0,24720.0,21651.333333333332
2014-11-19,17682.0,24802.0,20788.416666666668
2014-11-20,18127.0,22405.0,19658.375
2014-11-21,15565.0,19185.0,17405.291666666668
2014-11-22,14461.0,17485.0,16103.25
2014-11-23,13846.0,17934.0,15808.833333333334
2014-11-24,14009.0,19666.0,17221.75
2014-11-25,15471.0,20057.0,17968.708333333332
2014-11-26,16776.0,21166.0,18526.791666666668
2014-11-27,15157.0,19804.0,17283.333333333332
2014-11-28,14680.0,19246.0,16752.166666666668
2014-11-29,14689.0,17329.0,15997.75
2014-11-30,13684.0,17523.0,15436.041666666666
2014-12-01,13535.0,19314.0,16733.25
2014-12-02,15091.0,19443.0,17662.75
2014-12-03,15535.0,19523.0,17731.625
2014-12-04,15017.0,19034.0,17200.5
2014-12-05,14289.0,18447.0,16633.041666666668
2014-12-06,13841.0,17571.0,15854.291666666666
2014-12-07,14821.0,19252.0,17139.5
2014-12-08,15844.0,19939.0,18131.666666666668
2014-12-09,16122.0,20266.0,18090.916666666668
2014-12-10,16880.0,21664.0,18966.125
2014-12-11,17403.0,21377.0,18902.875
2014-12-12,16829.0,20511.0,18494.875
2014-12-13,15827.0,18076.0,17051.25
2014-12-14,14937.0,18256.0,16514.708333333332
2014-12-15,14406.0,19445.0,17086.333333333332
2014-12-16,14890.0,20271.0,17780.041666666668
2014-12-17,17248.0,21681.0,18973.291666666668
2014-12-18,16771.0,20416.0,18610.0
2014-12-19,16029.0,20428.0,18509.25
2014-12-20,16670.0,19534.0,18156.958333333332
2014-12-21,16697.0,19424.0,17850.458333333332
2014-12-22,15645.0,19395.0,17728.083333333332
2014-12-23,15083.0,19395.0,17359.416666666668
2014-12-24,15585.0,19746.0,17895.625
2014-12-25,15042.0,19757.0,17575.875
2014-12-26,15669.0,18121.0,16734.291666666668
2014-12-27,14487.0,18101.0,16316.5
2014-12-28,14287.0,18828.0,16621.25
2014-12-29,16459.0,20247.0,18661.0
2014-12-30,17079.0,21497.0,19422.208333333332
2014-12-31,18779.0,22227.0,20250.666666666668
2015-01-01,17821.0,20412.0,19179.333333333332
2015-01-02,16695.0,19089.0,17892.375
2015-01-03,15014.0,18303.0,16710.291666666668
2015-01-04,14924.0,20840.0,17742.125
2015-01-05,18639.0,23775.0,20995.291666666668
2015-01-06,18045.0,24588.0,20979.708333333332
2015-01-07,19327.0,25176.0,22135.666666666668
2015-01-08,22618.0,28699.0,25273.625
2015-01-09,22545.0,26624.0,24205.25
2015-01-10,20408.0,25028.0,22762.75
2015-01-11,18472.0,21801.0,20200.833333333332
2015-01-12,17028.0,21521.0,19453.416666666668
2015-01-13,17799.0,23106.0,20627.708333333332
2015-01-14,19963.0,24450.0,21730.083333333332
2015-01-15,20020.0,23988.0,21825.75
2015-01-16,18301.0,24703.0,20916.875
2015-01-17,16388.0,20935.0,18700.25
2015-01-18,15591.0,18874.0,17236.5
2015-01-19,16339.0,20308.0,17941.291666666668
2015-01-20,15751.0,20020.0,17738.625
2015-01-21,15599.0,19896.0,17746.125
2015-01-22,15553.0,21630.0,18792.291666666668
2015-01-23,17644.0,22430.0,20469.416666666668
2015-01-24,17476.0,22163.0,19817.083333333332
2015-01-25,16017.0,19366.0,17785.083333333332
2015-01-26,16344.0,21310.0,18666.458333333332
2015-01-27,16968.0,21042.0,18288.041666666668
2015-01-28,15855.0,20590.0,17736.541666666668
2015-01-29,15185.0,19283.0,17397.916666666668
2015-01-30,15485.0,20450.0,18029.375
2015-01-31,16037.0,19882.0,17724.291666666668
2015-02-01,15080.0,18643.0,16676.625
2015-02-02,16131.0,23582.0,20219.166666666668
2015-02-03,18264.0,23782.0,20584.25
2015-02-04,18637.0,23138.0,20322.833333333332
2015-02-05,18024.0,22432.0,20393.166666666668
2015-02-06,16955.0,23694.0,19662.958333333332
2015-02-07,15525.0,20071.0,17760.708333333332
2015-02-08,14606.0,17505.0,16013.541666666666
2015-02-09,13994.0,18688.0,16435.708333333332
2015-02-10,15656.0,20636.0,17919.541666666668
2015-02-11,16768.0,21189.0,18203.375
2015-02-12,15792.0,21040.0,18466.875
2015-02-13,17628.0,23918.0,20038.916666666668
2015-02-14,15435.0,20187.0,17737.333333333332
2015-02-15,15608.0,19344.0,17444.958333333332
2015-02-16,15616.0,20682.0,18395.125
2015-02-17,20040.0,24439.0,22042.958333333332
2015-02-18,18537.0,25095.0,21510.916666666668
2015-02-19,19361.0,26468.0,22458.666666666668
2015-02-20,17800.0,23567.0,20163.375
2015-02-21,16486.0,19184.0,17894.5
2015-02-22,14852.0,18928.0,16808.625
2015-02-23,17106.0,25229.0,21825.958333333332
2015-02-24,20319.0,25192.0,22394.25
2015-02-25,19932.0,23707.0,21948.625
2015-02-26,19775.0,25371.0,22205.5
2015-02-27,19604.0,25579.0,22178.625
2015-02-28,16389.0,22260.0,19428.416666666668
2015-03-01,16610.0,19095.0,17686.791666666668
2015-03-02,15495.0,19659.0,17811.583333333332
2015-03-03,15681.0,19637.0,17819.541666666668
2015-03-04,14529.0,20337.0,17590.625
2015-03-05,16114.0,24398.0,20692.583333333332
2015-03-06,18713.0,25174.0,21726.5
2015-03-07,16185.0,22426.0,19556.208333333332
2015-03-08,16689.0,19362.0,17813.875
2015-03-09,14944.0,18969.0,17439.125
2015-03-10,14910.0,18510.0,16909.75
2015-03-11,14468.0,18461.0,16748.375
2015-03-12,14272.0,18445.0,16562.125
2015-03-13,14151.0,17443.0,16230.708333333334
2015-03-14,13873.0,17512.0,15850.916666666666
2015-03-15,13271.0,17687.0,15455.833333333334
2015-03-16,13357.0,18816.0,16495.041666666668
2015-03-17,13752.0,19170.0,16818.333333333332
2015-03-18,14000.0,18646.0,16748.791666666668
2015-03-19,14246.0,18736.0,16894.291666666668
2015-03-20,14077.0,18700.0,16900.333333333332
2015-03-21,13799.0,17598.0,15977.458333333334
2015-03-22,13860.0,18110.0,15998.875
2015-03-23,14163.0,18579.0,16804.708333333332
2015-03-24,13547.0,18527.0,16335.25
2015-03-25,13859.0,18905.0,16659.75
2015-03-26,13954.0,18040.0,16310.375
2015-03-27,14180.0,18568.0,16309.875
2015-03-28,14361.0,17123.0,15906.333333333334
2015-03-29,13921.0,17912.0,15806.625
2015-03-30,13963.0,19204.0,16933.166666666668
2015-03-31,14112.0,19519.0,17186.375
2015-04-01,14108.0,20087.0,17471.5
2015-04-02,14231.0,20301.0,17804.541666666668
2015-04-03,14496.0,19767.0,17448.375
2015-04-04,13872.0,16668.0,15512.25
2015-04-05,13033.0,16717.0,14768.25
2015-04-06,13497.0,19937.0,17312.0
2015-04-07,14138.0,20571.0,17841.833333333332
2015-04-08,14448.0,21378.0,18293.833333333332
2015-04-09,15261.0,21718.0,18891.833333333332
2015-04-10,14863.0,19239.0,17503.375
2015-04-11,13458.0,17918.0,15992.25
2015-04-12,13478.0,18454.0,16087.416666666666
2015-04-13,13872.0,19446.0,17282.791666666668
2015-04-14,14091.0,19004.0,17137.833333333332
2015-04-15,13601.0,19601.0,17067.291666666668
2015-04-16,14244.0,19886.0,17586.666666666668
2015-04-17,13958.0,19702.0,17295.75
2015-04-18,14256.0,18103.0,16521.791666666668
2015-04-19,13393.0,19195.0,16473.083333333332
2015-04-20,14396.0,19178.0,17308.708333333332
2015-04-21,14134.0,19118.0,16884.375
2015-04-22,13808.0,20439.0,17468.083333333332
2015-04-23,14478.0,20675.0,18017.041666666668
2015-04-24,14663.0,20462.0,18000.708333333332
2015-04-25,14493.0,20136.0,17547.875
2015-04-26,14483.0,21222.0,17989.333333333332
2015-04-27,14686.0,19431.0,17588.833333333332
2015-04-28,13594.0,17648.0,16032.208333333334
2015-04-29,13995.0,18261.0,16491.75
2015-04-30,13795.0,18981.0,16620.125
2015-05-01,13928.0,19143.0,16862.375
2015-05-02,13842.0,18767.0,16407.041666666668
2015-05-03,13457.0,19183.0,16421.875
2015-05-04,13986.0,21213.0,17859.583333333332
2015-05-05,14331.0,21480.0,18185.375
2015-05-06,14619.0,21814.0,18482.083333333332
2015-05-07,14915.0,22763.0,19096.166666666668
2015-05-08,15407.0,23229.0,19504.208333333332
2015-05-09,14793.0,21622.0,18380.75
2015-05-10,14785.0,21583.0,18418.833333333332
2015-05-11,15847.0,23907.0,20154.75
2015-05-12,15204.0,21538.0,18698.333333333332
2015-05-13,14798.0,21647.0,18502.375
2015-05-14,15021.0,22678.0,19100.458333333332
2015-05-15,15882.0,22633.0,19552.208333333332
2015-05-16,15052.0,21436.0,18487.041666666668
2015-05-17,15507.0,22318.0,19191.583333333332
2015-05-18,16198.0,23622.0,20292.125
2015-05-19,14987.0,22884.0,19264.0
2015-05-20,15818.0,24224.0,20199.541666666668
2015-05-21,16115.0,22893.0,19723.625
2015-05-22,14508.0,20470.0,17787.375
2015-05-23,14254.0,21077.0,17866.291666666668
2015-05-24,15322.0,21675.0,18690.5
2015-05-25,15128.0,21724.0,18735.916666666668
2015-05-26,15698.0,23428.0,19961.875
2015-05-27,15550.0,23877.0,19962.333333333332
2015-05-28,15046.0,23117.0,19482.625
2015-05-29,16314.0,24452.0,20514.5
2015-05-30,15576.0,22526.0,19244.541666666668
2015-05-31,14957.0,21282.0,18303.583333333332
2015-06-01,14376.0,22545.0,18773.166666666668
2015-06-02,15021.0,24358.0,19786.208333333332
2015-06-03,15351.0,25556.0,20487.041666666668
2015-06-04,15719.0,26080.0,20957.916666666668
2015-06-05,16172.0,27116.0,21635.875
2015-06-06,16113.0,26808.0,21607.5
2015-06-07,16014.0,26660.0,21572.125
2015-06-08,17265.0,27879.0,22778.666666666668
2015-06-09,17590.0,27242.0,22559.625
2015-06-10,16920.0,26756.0,22071.75
2015-06-11,17316.0,27011.0,22356.333333333332
2015-06-12,17540.0,26148.0,22022.0
2015-06-13,16505.0,23573.0,20259.166666666668
2015-06-14,16029.0,22935.0,19801.25
2015-06-15,16884.0,25507.0,21547.083333333332
2015-06-16,17517.0,26688.0,22386.5
2015-06-17,17662.0,27373.0,22756.0
2015-06-18,17793.0,27213.0,22682.958333333332
2015-06-19,17544.0,25789.0,21710.041666666668
2015-06-20,17125.0,26893.0,22133.916666666668
2015-06-21,17017.0,27127.0,22305.958333333332
2015-06-22,17633.0,29000.0,23537.166666666668
2015-06-23,18568.0,30229.0,24484.791666666668
2015-06-24,18844.0,30734.0,24840.0
2015-06-25,18570.0,28981.0,23936.916666666668
2015-06-26,18184.0,27947.0,23161.041666666668
2015-06-27,17423.0,25256.0,21514.125
2015-06-28,16002.0,24385.0,20443.75
2015-06-29,16638.0,27255.0,22190.916666666668
2015-06-30,17810.0,27885.0,23023.375
2015-07-01,17600.0,27826.0,22893.0
2015-07-02,17587.0,27548.0,22756.625
2015-07-03,17096.0,24836.0,21037.541666666668
2015-07-04,16934.0,23210.0,20056.5
2015-07-05,15982.0,23631.0,20020.958333333332
2015-07-06,16523.0,26829.0,21931.0
2015-07-07,17854.0,27855.0,22980.125
2015-07-08,18519.0,28594.0,23669.666666666668
2015-07-09,18273.0,28553.0,23517.458333333332
2015-07-10,18153.0,28974.0,23590.666666666668
2015-07-11,17798.0,28490.0,23295.333333333332
2015-07-12,17473.0,29010.0,23488.416666666668
2015-07-13,18700.0,30853.0,24892.833333333332
2015-07-14,19515.0,31573.0,25556.875
2015-07-15,19714.0,31484.0,25623.25
2015-07-16,19609.0,31073.0,25351.75
2015-07-17,19627.0,30645.0,25149.125
2015-07-18,18817.0,29880.0,24529.125
2015-07-19,18454.0,30472.0,24679.708333333332
2015-07-20,19535.0,31729.0,25808.958333333332
2015-07-21,19920.0,30233.0,25199.291666666668
2015-07-22,19781.0,29940.0,24930.916666666668
2015-07-23,19350.0,30425.0,24963.708333333332
2015-07-24,19404.0,30629.0,25019.958333333332
2015-07-25,18945.0,30468.0,24746.916666666668
2015-07-26,18705.0,29998.0,24638.416666666668
2015-07-27,19131.0,31354.0,25404.583333333332
2015-07-28,19680.0,31754.0,25812.208333333332
2015-07-29,19857.0,31659.0,25753.875
2015-07-30,20190.0,31212.0,25699.458333333332
2015-07-31,19447.0,29569.0,24476.333333333332
2015-08-01,17585.0,29167.0,23397.208333333332
2015-08-02,16995.0,29864.0,23472.0
2015-08-03,18373.0,31483.0,24984.791666666668
2015-08-04,19143.0,31099.0,25165.0
2015-08-05,19462.0,30256.0,24943.583333333332
2015-08-06,19762.0,30750.0,25197.458333333332
2015-08-07,19627.0,31241.0,25437.833333333332
2015-08-08,19253.0,31558.0,25382.0
2015-08-09,18857.0,31777.0,25402.666666666668
2015-08-10,19956.0,32926.0,26506.416666666668
2015-08-11,20467.0,31836.0,26045.291666666668
2015-08-12,19233.0,29359.0,24335.75
2015-08-13,19043.0,30127.0,24494.208333333332
2015-08-14,18544.0,29529.0,24060.166666666668
2015-08-15,18045.0,27653.0,22882.458333333332
2015-08-16,17517.0,26020.0,21957.416666666668
2015-08-17,17550.0,26727.0,22369.875
2015-08-18,18254.0,27780.0,23227.666666666668
2015-08-19,18269.0,26338.0,22499.916666666668
2015-08-20,16625.0,24215.0,20586.791666666668
2015-08-21,16801.0,25253.0,21259.875
2015-08-22,16964.0,25612.0,21408.75
2015-08-23,16973.0,27440.0,22194.75
2015-08-24,18024.0,28601.0,23382.958333333332
2015-08-25,17883.0,27330.0,22497.291666666668
2015-08-26,16471.0,26197.0,21172.25
2015-08-27,16153.0,27005.0,21391.333333333332
2015-08-28,16355.0,27182.0,21594.875
2015-08-29,16651.0,26510.0,21451.208333333332
2015-08-30,16538.0,26023.0,21293.166666666668
2015-08-31,17242.0,28571.0,23045.208333333332
2015-09-01,17559.0,27686.0,22778.625
2015-09-02,17499.0,27455.0,22549.375
2015-09-03,17124.0,27284.0,22467.416666666668
2015-09-04,17660.0,28235.0,23007.75
2015-09-05,17450.0,27597.0,22472.833333333332
2015-09-06,17263.0,26723.0,22008.708333333332
2015-09-07,17513.0,27731.0,22614.125
2015-09-08,17643.0,28908.0,23389.041666666668
2015-09-09,17869.0,27233.0,22626.833333333332
2015-09-10,16878.0,24594.0,21018.958333333332
2015-09-11,16417.0,23320.0,20010.666666666668
2015-09-12,14941.0,20999.0,17940.166666666668
2015-09-13,13987.0,20930.0,17258.125
2015-09-14,13623.0,23758.0,18664.833333333332
2015-09-15,14770.0,23707.0,19323.791666666668
2015-09-16,15690.0,26422.0,20978.0
2015-09-17,16596.0,27846.0,22220.875
2015-09-18,16661.0,27893.0,22204.0
2015-09-19,16561.0,26827.0,21502.041666666668
2015-09-20,16000.0,25343.0,20549.958333333332
2015-09-21,16144.0,25457.0,20787.416666666668
2015-09-22,15512.0,25484.0,20344.916666666668
2015-09-23,15663.0,25688.0,20593.458333333332
2015-09-24,16236.0,25305.0,20785.791666666668
2015-09-25,16548.0,25154.0,20798.25
2015-09-26,15940.0,23846.0,19741.416666666668
2015-09-27,15040.0,21992.0,18543.125
2015-09-28,14903.0,23056.0,19168.291666666668
2015-09-29,15195.0,23897.0,19593.916666666668
2015-09-30,15548.0,24198.0,19925.333333333332
2015-10-01,15859.0,22181.0,19195.041666666668
2015-10-02,15028.0,20033.0,17739.75
2015-10-03,13630.0,17959.0,15946.041666666666
2015-10-04,12941.0,18182.0,15450.916666666666
2015-10-05,13581.0,21172.0,17660.916666666668
2015-10-06,14049.0,22398.0,18370.5
2015-10-07,15123.0,23741.0,19511.666666666668
2015-10-08,15633.0,24135.0,19958.333333333332
2015-10-09,15620.0,22943.0,19317.333333333332
2015-10-10,14956.0,20487.0,17720.708333333332
2015-10-11,13446.0,19873.0,16622.375
2015-10-12,14122.0,22488.0,18442.958333333332
2015-10-13,15150.0,21738.0,18656.291666666668
2015-10-14,14907.0,22518.0,18650.916666666668
2015-10-15,14682.0,23117.0,18841.166666666668
2015-10-16,14987.0,21734.0,18405.708333333332
2015-10-17,14444.0,18094.0,16505.375
2015-10-18,13346.0,17659.0,15390.333333333334
2015-10-19,13633.0,18679.0,16629.583333333332
2015-10-20,13850.0,20014.0,17234.583333333332
2015-10-21,14023.0,20913.0,17659.208333333332
2015-10-22,14688.0,21665.0,18396.208333333332
2015-10-23,14731.0,20913.0,18054.916666666668
2015-10-24,14086.0,19134.0,16806.333333333332
2015-10-25,13220.0,17719.0,15421.5
2015-10-26,13870.0,18663.0,16523.75
2015-10-27,13757.0,18862.0,16614.708333333332
2015-10-28,13519.0,19481.0,16803.166666666668
2015-10-29,14198.0,19955.0,17419.166666666668
2015-10-30,14259.0,19013.0,17084.833333333332
2015-10-31,13742.0,17170.0,15834.791666666666
2015-11-01,13431.0,17429.0,15398.416666666666
2015-11-02,13430.0,18812.0,16277.125
2015-11-03,13937.0,19055.0,16776.583333333332
2015-11-04,14056.0,19293.0,16856.416666666668
2015-11-05,14554.0,20284.0,17723.541666666668
2015-11-06,15457.0,19739.0,17940.333333333332
2015-11-07,14748.0,17331.0,16165.375
2015-11-08,13637.0,17677.0,15415.125
2015-11-09,13930.0,18412.0,16393.791666666668
2015-11-10,14215.0,18488.0,16569.708333333332
2015-11-11,14199.0,19641.0,17071.166666666668
2015-11-12,14743.0,18488.0,16818.5
2015-11-13,14225.0,17637.0,16348.75
2015-11-14,14295.0,16947.0,15698.208333333334
2015-11-15,13812.0,17329.0,15473.333333333334
2015-11-16,13549.0,19234.0,16663.166666666668
2015-11-17,14905.0,19496.0,17401.083333333332
2015-11-18,14377.0,18663.0,16724.416666666668
2015-11-19,14682.0,18830.0,17007.833333333332
2015-11-20,14777.0,18090.0,16833.458333333332
2015-11-21,14198.0,17755.0,16021.75
2015-11-22,15645.0,20028.0,17600.75
2015-11-23,17098.0,21886.0,18974.25
2015-11-24,17302.0,20705.0,18554.375
2015-11-25,15518.0,18781.0,17382.0
2015-11-26,13844.0,17115.0,15347.208333333334
2015-11-27,13779.0,17247.0,15534.166666666666
2015-11-28,13131.0,16884.0,15194.791666666666
2015-11-29,13883.0,18197.0,15900.083333333334
2015-11-30,14511.0,19785.0,17412.916666666668
2015-12-01,14636.0,19515.0,17237.958333333332
2015-12-02,15387.0,19832.0,17841.041666666668
2015-12-03,16842.0,20809.0,18562.625
2015-12-04,17173.0,21853.0,19055.458333333332
2015-12-05,16083.0,19796.0,17852.5
2015-12-06,15637.0,18359.0,16873.041666666668
2015-12-07,15497.0,19614.0,17675.375
2015-12-08,15874.0,20029.0,17677.583333333332
2015-12-09,14564.0,18639.0,16816.25
2015-12-10,14409.0,18407.0,16629.416666666668
2015-12-11,14113.0,19337.0,16974.125
2015-12-12,13627.0,18694.0,16357.875
2015-12-13,13747.0,18489.0,16100.041666666666
2015-12-14,14980.0,19367.0,17509.25
2015-12-15,15438.0,19131.0,17379.333333333332
2015-12-16,14379.0,18999.0,16875.583333333332
2015-12-17,15417.0,20076.0,17875.583333333332
2015-12-18,17158.0,21818.0,19046.125
2015-12-19,16271.0,21034.0,18771.208333333332
2015-12-20,16495.0,19557.0,17984.375
2015-12-21,14991.0,19586.0,17409.583333333332
2015-12-22,14908.0,19244.0,17261.625
2015-12-23,14336.0,19319.0,17029.083333333332
2015-12-24,14272.0,18422.0,16681.583333333332
2015-12-25,13920.0,17442.0,16090.375
2015-12-26,13791.0,18440.0,16308.375
2015-12-27,14391.0,19189.0,16893.25
2015-12-28,14466.0,20023.0,17389.666666666668
2015-12-29,16723.0,20057.0,18271.583333333332
2015-12-30,15382.0,19479.0,17594.041666666668
2015-12-31,15859.0,19867.0,17991.791666666668
2016-01-01,15963.0,19723.0,17884.75
2016-01-02,17604.0,20564.0,18893.25
2016-01-03,16731.0,19891.0,18368.875
2016-01-04,17411.0,22123.0,19732.166666666668
2016-01-05,18539.0,24339.0,21009.666666666668
2016-01-06,17745.0,23127.0,19882.916666666668
2016-01-07,16619.0,20115.0,18476.541666666668
2016-01-08,15601.0,18854.0,17364.916666666668
2016-01-09,14345.0,18264.0,16367.166666666666
2016-01-10,16886.0,21947.0,19153.833333333332
2016-01-11,18504.0,25074.0,21350.625
2016-01-12,17903.0,24075.0,20642.083333333332
2016-01-13,17469.0,22939.0,19643.5
2016-01-14,17357.0,21353.0,18683.916666666668
2016-01-15,15676.0,19082.0,17540.416666666668
2016-01-16,15497.0,18525.0,16991.375
2016-01-17,16628.0,20508.0,18331.375
2016-01-18,18298.0,22798.0,20218.333333333332
2016-01-19,17738.0,24230.0,20310.416666666668
2016-01-20,17375.0,21028.0,19097.458333333332
2016-01-21,16082.0,20120.0,18147.541666666668
2016-01-22,17264.0,22957.0,20527.125
2016-01-23,18815.0,24008.0,21564.291666666668
2016-01-24,16656.0,23033.0,20087.5
2016-01-25,17671.0,21149.0,19004.375
2016-01-26,15913.0,20652.0,18320.916666666668
2016-01-27,17701.0,22485.0,19977.958333333332
2016-01-28,17672.0,23968.0,20205.166666666668
2016-01-29,16831.0,22390.0,18720.125
2016-01-30,15432.0,17618.0,16477.125
2016-01-31,13760.0,17549.0,15564.208333333334
2016-02-01,13408.0,18671.0,16307.166666666666
2016-02-02,13978.0,18797.0,16517.916666666668
2016-02-03,14827.0,19911.0,17626.291666666668
2016-02-04,17068.0,21964.0,19040.708333333332
2016-02-05,17224.0,23749.0,19964.791666666668
2016-02-06,16490.0,21544.0,19080.083333333332
2016-02-07,15582.0,20635.0,18111.541666666668
2016-02-08,16977.0,21783.0,19539.125
2016-02-09,18291.0,24527.0,21007.5
2016-02-10,18079.0,24815.0,20811.416666666668
2016-02-11,17131.0,21370.0,18717.083333333332
2016-02-12,15968.0,19575.0,17390.291666666668
2016-02-13,15714.0,19333.0,17408.5
2016-02-14,15420.0,18420.0,16816.458333333332
2016-02-15,14821.0,19020.0,17160.666666666668
2016-02-16,15869.0,19814.0,17648.083333333332
2016-02-17,15400.0,19965.0,17526.333333333332
2016-02-18,15936.0,19730.0,17227.166666666668
2016-02-19,14697.0,18074.0,16670.916666666668
2016-02-20,13741.0,16962.0,15526.416666666666
2016-02-21,13348.0,17380.0,15375.958333333334
2016-02-22,13700.0,18627.0,16464.625
2016-02-23,14587.0,19482.0,17097.0
2016-02-24,16003.0,20705.0,18524.25
2016-02-25,16984.0,21709.0,18740.791666666668
2016-02-26,16357.0,21655.0,18279.583333333332
2016-02-27,14995.0,19281.0,16986.125
2016-02-28,15089.0,17410.0,16143.291666666666
2016-02-29,14158.0,18733.0,16706.625
2016-03-01,14073.0,18661.0,16452.666666666668
2016-03-02,14716.0,18776.0,16842.833333333332
2016-03-03,14688.0,18734.0,16721.291666666668
2016-03-04,15115.0,18885.0,16944.208333333332
2016-03-05,14759.0,16999.0,15813.958333333334
2016-03-06,14222.0,17528.0,15697.416666666666
2016-03-07,14138.0,18491.0,16432.625
2016-03-08,14084.0,18984.0,16677.291666666668
2016-03-09,14594.0,19368.0,17130.833333333332
2016-03-10,14915.0,20012.0,17537.333333333332
2016-03-11,14666.0,18503.0,16939.75
2016-03-12,13928.0,17142.0,15629.291666666666
2016-03-13,13433.0,18131.0,15584.875
2016-03-14,13821.0,19488.0,17024.416666666668
2016-03-15,14329.0,20561.0,17782.541666666668
2016-03-16,14408.0,18944.0,17151.041666666668
2016-03-17,14412.0,18872.0,17083.166666666668
2016-03-18,14286.0,18264.0,16848.208333333332
2016-03-19,13943.0,16970.0,15578.5
2016-03-20,14866.0,18155.0,16455.333333333332
2016-03-21,16173.0,20851.0,17622.333333333332
2016-03-22,15689.0,20022.0,17337.708333333332
2016-03-23,14373.0,18706.0,16845.458333333332
2016-03-24,14347.0,17814.0,16370.333333333334
2016-03-25,14299.0,17477.0,16052.125
2016-03-26,13519.0,16968.0,15356.666666666666
2016-03-27,13403.0,17362.0,15404.75
2016-03-28,13687.0,17798.0,16142.958333333334
2016-03-29,14408.0,18751.0,16918.583333333332
2016-03-30,13969.0,19076.0,16891.541666666668
2016-03-31,14677.0,19496.0,17594.625
2016-04-01,14275.0,17500.0,16477.083333333332
2016-04-02,13892.0,16541.0,15471.375
2016-04-03,13901.0,16981.0,15354.0
2016-04-04,13543.0,18560.0,16576.125
2016-04-05,13663.0,18839.0,16630.625
2016-04-06,14143.0,18924.0,16822.958333333332
2016-04-07,13831.0,18660.0,16681.083333333332
2016-04-08,14412.0,18043.0,16798.791666666668
2016-04-09,14028.0,17122.0,15847.0
2016-04-10,13110.0,18148.0,15516.083333333334
2016-04-11,14038.0,19139.0,17097.166666666668
2016-04-12,14303.0,19153.0,17211.875
2016-04-13,14336.0,18490.0,16742.208333333332
2016-04-14,14112.0,18711.0,16809.0
2016-04-15,14015.0,18174.0,16699.333333333332
2016-04-16,14007.0,17623.0,16004.5
2016-04-17,13801.0,18370.0,16098.625
2016-04-18,14010.0,18985.0,16995.083333333332
2016-04-19,13997.0,18913.0,16856.333333333332
2016-04-20,14168.0,19281.0,17267.875
2016-04-21,14137.0,19025.0,17127.083333333332
2016-04-22,14170.0,19934.0,17370.0
2016-04-23,13940.0,19105.0,16641.458333333332
2016-04-24,13659.0,19316.0,16624.958333333332
2016-04-25,14185.0,21282.0,18148.833333333332
2016-04-26,15141.0,22910.0,19364.541666666668
2016-04-27,15601.0,22754.0,19444.958333333332
2016-04-28,14670.0,22287.0,18755.0
2016-04-29,15541.0,22283.0,19178.5
2016-04-30,15193.0,20351.0,18055.166666666668
2016-05-01,14260.0,19821.0,17252.916666666668
2016-05-02,14617.0,20112.0,17854.625
2016-05-03,13737.0,18649.0,16642.333333333332
2016-05-04,14251.0,19368.0,17170.291666666668
2016-05-05,13984.0,18841.0,16808.666666666668
2016-05-06,14374.0,19662.0,17289.458333333332
2016-05-07,13737.0,19793.0,16732.333333333332
2016-05-08,13676.0,19519.0,16810.041666666668
2016-05-09,14258.0,20476.0,17920.0
2016-05-10,14912.0,22928.0,19242.166666666668
2016-05-11,15969.0,24621.0,20423.083333333332
2016-05-12,15917.0,24111.0,20190.958333333332
2016-05-13,15694.0,22926.0,19352.708333333332
2016-05-14,14841.0,21521.0,18198.166666666668
2016-05-15,14443.0,19420.0,17118.458333333332
2016-05-16,14387.0,20556.0,17983.291666666668
2016-05-17,14493.0,22088.0,18594.833333333332
2016-05-18,14808.0,21476.0,18475.75
2016-05-19,14634.0,21252.0,18274.083333333332
2016-05-20,15160.0,21984.0,18783.458333333332
2016-05-21,14410.0,22998.0,18755.666666666668
2016-05-22,14513.0,22578.0,18590.25
2016-05-23,14926.0,23967.0,19678.833333333332
2016-05-24,15647.0,24946.0,20422.041666666668
2016-05-25,16324.0,25400.0,21079.666666666668
2016-05-26,16970.0,24424.0,20880.083333333332
2016-05-27,16667.0,22796.0,20027.041666666668
2016-05-28,15384.0,23008.0,19303.541666666668
2016-05-29,14932.0,24706.0,19789.041666666668
2016-05-30,15462.0,25005.0,20183.208333333332
2016-05-31,15963.0,26074.0,21182.416666666668
2016-06-01,16272.0,25904.0,21246.833333333332
2016-06-02,15584.0,22847.0,19504.833333333332
2016-06-03,15813.0,22238.0,19259.458333333332
2016-06-04,15151.0,21248.0,18435.125
2016-06-05,14790.0,22627.0,18812.0
2016-06-06,15882.0,26353.0,21225.875
2016-06-07,16432.0,27223.0,21768.0
2016-06-08,16747.0,27628.0,22126.958333333332
2016-06-09,16607.0,27600.0,22240.041666666668
2016-06-10,17131.0,28165.0,22648.916666666668
2016-06-11,17050.0,26236.0,21767.625
2016-06-12,17130.0,25182.0,21466.25
2016-06-13,17381.0,26425.0,22134.541666666668
2016-06-14,17083.0,25792.0,21709.5
2016-06-15,17881.0,28885.0,23482.958333333332
2016-06-16,18759.0,30445.0,24628.375
2016-06-17,18933.0,31686.0,25219.583333333332
2016-06-18,18195.0,28132.0,23301.75
2016-06-19,16618.0,24334.0,20746.166666666668
2016-06-20,17123.0,27700.0,22657.416666666668
2016-06-21,17847.0,28663.0,23475.333333333332
2016-06-22,18059.0,29482.0,23889.958333333332
2016-06-23,18608.0,29539.0,24197.375
2016-06-24,18585.0,30313.0,24440.541666666668
2016-06-25,17889.0,29175.0,23752.875
2016-06-26,17810.0,29319.0,23893.166666666668
2016-06-27,19142.0,29843.0,24606.875
2016-06-28,18921.0,27409.0,23315.041666666668
2016-06-29,17618.0,28005.0,22935.708333333332
2016-06-30,17601.0,28681.0,23230.875
2016-07-01,18061.0,29737.0,23927.0
2016-07-02,17936.0,29586.0,23933.541666666668
2016-07-03,17552.0,28736.0,23543.083333333332
2016-07-04,18178.0,27301.0,22810.791666666668
2016-07-05,19349.0,30705.0,25149.5
2016-07-06,19442.0,29735.0,24670.0
2016-07-07,19701.0,30230.0,25022.166666666668
2016-07-08,19880.0,30582.0,25244.75
2016-07-09,18786.0,28712.0,23992.875
2016-07-10,17986.0,26668.0,22629.458333333332
2016-07-11,18326.0,28203.0,23509.541666666668
2016-07-12,19049.0,29556.0,24462.625
2016-07-13,19057.0,29545.0,24382.541666666668
2016-07-14,19040.0,29457.0,24342.708333333332
2016-07-15,18383.0,27065.0,22812.916666666668
2016-07-16,17347.0,26561.0,22118.416666666668
2016-07-17,17341.0,27715.0,22854.708333333332
2016-07-18,18215.0,29412.0,24046.208333333332
2016-07-19,19004.0,30261.0,24813.125
2016-07-20,19495.0,31414.0,25519.916666666668
2016-07-21,20056.0,31063.0,25634.875
2016-07-22,19800.0,29660.0,24806.375
2016-07-23,18603.0,27990.0,23554.75
2016-07-24,18308.0,26383.0,22644.875
2016-07-25,18027.0,27265.0,22929.25
2016-07-26,18743.0,28211.0,23601.875
2016-07-27,18394.0,26337.0,22490.0
2016-07-28,17417.0,25784.0,21905.041666666668
2016-07-29,17924.0,27782.0,23024.625
2016-07-30,17952.0,27694.0,23014.416666666668
2016-07-31,17576.0,27242.0,22719.291666666668
2016-08-01,18314.0,29081.0,23901.041666666668
2016-08-02,19057.0,30766.0,24973.5
2016-08-03,19690.0,32057.0,25823.833333333332
2016-08-04,19540.0,31223.0,25303.875
2016-08-05,19943.0,31595.0,25736.041666666668
2016-08-06,18749.0,29691.0,24313.125
2016-08-07,18227.0,28007.0,23305.125
2016-08-08,18366.0,28565.0,23600.916666666668
2016-08-09,18540.0,28978.0,23819.041666666668
2016-08-10,19169.0,28988.0,24210.125
2016-08-11,19475.0,27701.0,23691.75
2016-08-12,18598.0,26190.0,22476.375
2016-08-13,17677.0,23063.0,20489.166666666668
2016-08-14,16224.0,21910.0,19275.458333333332
2016-08-15,16363.0,24790.0,20854.166666666668
2016-08-16,16984.0,25147.0,21231.25
2016-08-17,16750.0,25210.0,21228.833333333332
2016-08-18,17093.0,26064.0,21777.75
2016-08-19,16898.0,25287.0,21264.833333333332
2016-08-20,16785.0,24783.0,20919.208333333332
2016-08-21,16725.0,24382.0,20688.0
2016-08-22,16644.0,26585.0,21837.166666666668
2016-08-23,17371.0,28013.0,22837.958333333332
2016-08-24,18305.0,29407.0,23945.583333333332
2016-08-25,18742.0,28326.0,23692.083333333332
2016-08-26,17930.0,27424.0,22801.958333333332
2016-08-27,17178.0,25710.0,21552.291666666668
2016-08-28,16800.0,25190.0,21139.416666666668
2016-08-29,17450.0,27684.0,22768.041666666668
2016-08-30,18100.0,29182.0,23705.833333333332
2016-08-31,18576.0,30343.0,24439.041666666668
2016-09-01,18913.0,29785.0,24270.708333333332
2016-09-02,18373.0,28224.0,23103.916666666668
2016-09-03,16923.0,26224.0,21503.416666666668
2016-09-04,16884.0,26034.0,21480.958333333332
2016-09-05,17053.0,26182.0,21610.541666666668
2016-09-06,17354.0,27234.0,22531.958333333332
2016-09-07,18338.0,28712.0,23578.25
2016-09-08,18105.0,28907.0,23534.125
2016-09-09,17995.0,28075.0,23007.875
2016-09-10,17526.0,26183.0,21798.416666666668
2016-09-11,16620.0,25039.0,20876.125
2016-09-12,16839.0,27221.0,22247.458333333332
2016-09-13,17369.0,27497.0,22538.666666666668
2016-09-14,17622.0,28063.0,22922.25
2016-09-15,17897.0,28100.0,23095.875
2016-09-16,17881.0,26660.0,22248.041666666668
2016-09-17,16729.0,24023.0,20405.208333333332
2016-09-18,16581.0,25613.0,21135.416666666668
2016-09-19,17124.0,28722.0,23069.166666666668
2016-09-20,17772.0,29256.0,23376.625
2016-09-21,17658.0,28777.0,22965.333333333332
2016-09-22,17886.0,28094.0,22940.125
2016-09-23,18209.0,28005.0,22964.25
2016-09-24,17759.0,27140.0,22219.541666666668
2016-09-25,17439.0,27142.0,22085.958333333332
2016-09-26,17400.0,26488.0,21921.75
2016-09-27,16700.0,24982.0,20732.083333333332
2016-09-28,16130.0,25055.0,20434.916666666668
2016-09-29,15965.0,22930.0,19486.583333333332
2016-09-30,15479.0,22027.0,18687.416666666668
2016-10-01,14424.0,20937.0,17601.291666666668
2016-10-02,14052.0,21445.0,17669.166666666668
2016-10-03,14588.0,23291.0,19044.0
2016-10-04,14957.0,24321.0,19690.208333333332
2016-10-05,16249.0,25450.0,20856.875
2016-10-06,16380.0,25389.0,20857.166666666668
2016-10-07,16188.0,24825.0,20432.0
2016-10-08,15541.0,21818.0,18621.5
2016-10-09,14396.0,19651.0,17001.5
2016-10-10,13731.0,21034.0,17580.291666666668
2016-10-11,14408.0,22334.0,18416.625
2016-10-12,14727.0,22961.0,18798.333333333332
2016-10-13,15087.0,22780.0,19046.291666666668
2016-10-14,14863.0,21857.0,18496.458333333332
2016-10-15,14367.0,21621.0,17979.0
2016-10-16,14974.0,22983.0,18961.25
2016-10-17,15387.0,24732.0,20206.791666666668
2016-10-18,16147.0,25109.0,20690.375
2016-10-19,16187.0,24678.0,20460.5
2016-10-20,15871.0,22335.0,19327.166666666668
2016-10-21,14993.0,18922.0,17282.875
2016-10-22,13638.0,16953.0,15517.416666666666
2016-10-23,13139.0,17857.0,15428.541666666666
2016-10-24,13179.0,19228.0,16556.541666666668
2016-10-25,13504.0,19740.0,16927.75
2016-10-26,13692.0,20311.0,17183.083333333332
2016-10-27,13992.0,21131.0,17715.541666666668
2016-10-28,14192.0,21269.0,17770.791666666668
2016-10-29,13906.0,20620.0,17122.458333333332
2016-10-30,13531.0,20752.0,16963.375
2016-10-31,13915.0,22240.0,18138.333333333332
2016-11-01,14133.0,21522.0,18032.041666666668
2016-11-02,14301.0,20776.0,17919.416666666668
2016-11-03,14772.0,21447.0,18411.541666666668
2016-11-04,14697.0,20374.0,17872.791666666668
2016-11-05,14370.0,18230.0,16636.833333333332
2016-11-06,12871.0,17487.0,15104.791666666666
2016-11-07,13793.0,19113.0,16747.583333333332
2016-11-08,13972.0,18660.0,16526.708333333332
2016-11-09,13922.0,18540.0,16380.875
2016-11-10,14607.0,18588.0,16799.375
2016-11-11,14384.0,17628.0,16397.0
2016-11-12,13769.0,16979.0,15453.083333333334
2016-11-13,14027.0,17364.0,15602.541666666666
2016-11-14,14439.0,18286.0,16654.375
2016-11-15,13808.0,18411.0,16328.166666666666
2016-11-16,13663.0,18761.0,16538.916666666668
2016-11-17,13910.0,19213.0,16778.541666666668
2016-11-18,14071.0,18166.0,16526.458333333332
2016-11-19,14377.0,18454.0,16499.291666666668
2016-11-20,15678.0,19299.0,17395.041666666668
2016-11-21,16569.0,20840.0,17999.916666666668
2016-11-22,15856.0,18966.0,17443.708333333332
2016-11-23,14801.0,18716.0,16827.791666666668
2016-11-24,13670.0,16885.0,14975.125
2016-11-25,13906.0,17098.0,15697.166666666666
2016-11-26,13977.0,16990.0,15598.541666666666
2016-11-27,15245.0,17621.0,16236.166666666666
2016-11-28,14147.0,19433.0,16880.75
2016-11-29,14435.0,19745.0,17409.166666666668
2016-11-30,14485.0,19211.0,17115.333333333332
2016-12-01,16206.0,20514.0,17902.75
2016-12-02,16530.0,20587.0,18031.0
2016-12-03,15186.0,18654.0,16913.083333333332
2016-12-04,15635.0,19251.0,17281.375
2016-12-05,15600.0,19926.0,17945.916666666668
2016-12-06,15785.0,20010.0,18085.958333333332
2016-12-07,16172.0,19749.0,18123.416666666668
2016-12-08,16278.0,22901.0,19699.125
2016-12-09,19806.0,24745.0,22022.291666666668
2016-12-10,17815.0,23038.0,20574.083333333332
2016-12-11,16911.0,19719.0,18421.375
2016-12-12,15115.0,20299.0,17826.75
2016-12-13,14785.0,19475.0,17225.875
2016-12-14,15356.0,20220.0,17957.333333333332
2016-12-15,17052.0,22914.0,20045.666666666668
2016-12-16,17775.0,22530.0,19549.541666666668
2016-12-17,15762.0,20008.0,17978.125
2016-12-18,15055.0,23121.0,19020.708333333332
2016-12-19,20444.0,24798.0,22730.125
2016-12-20,19399.0,26167.0,22703.291666666668
2016-12-21,18427.0,22964.0,20321.166666666668
2016-12-22,16521.0,20103.0,18538.0
2016-12-23,15693.0,18892.0,17549.458333333332
2016-12-24,14136.0,17493.0,15947.833333333334
2016-12-25,13821.0,18356.0,16141.958333333334
2016-12-26,14139.0,18537.0,16494.083333333332
2016-12-27,13750.0,19477.0,16936.041666666668
2016-12-28,14975.0,19585.0,17480.125
2016-12-29,15160.0,20051.0,17612.041666666668
2016-12-30,16940.0,20501.0,18424.166666666668
2016-12-31,15998.0,18547.0,17230.583333333332
2017-01-01,14804.0,18275.0,16531.666666666668
2017-01-02,14113.0,18502.0,16499.958333333332
2017-01-03,14280.0,19003.0,16844.916666666668
2017-01-04,15559.0,21113.0,18457.666666666668
2017-01-05,18195.0,21750.0,19474.791666666668
2017-01-06,18309.0,25370.0,22386.291666666668
2017-01-07,22829.0,27217.0,24936.875
2017-01-08,20181.0,26752.0,24004.708333333332
2017-01-09,18948.0,26380.0,22200.458333333332
2017-01-10,17138.0,20181.0,18685.333333333332
2017-01-11,15056.0,19362.0,17223.708333333332
2017-01-12,14371.0,18940.0,16868.166666666668
2017-01-13,14471.0,18754.0,17030.875
2017-01-14,14602.0,18078.0,16505.416666666668
2017-01-15,14509.0,17853.0,16180.0
2017-01-16,14226.0,19037.0,16770.75
2017-01-17,14420.0,19659.0,17264.0
2017-01-18,14941.0,19862.0,17579.75
2017-01-19,14963.0,19104.0,17187.916666666668
2017-01-20,14909.0,18664.0,17096.666666666668
2017-01-21,14296.0,17883.0,16272.875
2017-01-22,13737.0,18036.0,15687.708333333334
2017-01-23,14943.0,19458.0,17471.625
2017-01-24,16298.0,20007.0,17664.708333333332
2017-01-25,14523.0,19343.0,17093.958333333332
2017-01-26,15409.0,20567.0,18184.25
2017-01-27,17583.0,22428.0,19490.958333333332
2017-01-28,16870.0,21030.0,18984.833333333332
2017-01-29,16535.0,20510.0,18477.083333333332
2017-01-30,16637.0,21235.0,18239.333333333332
2017-01-31,15239.0,19189.0,17243.291666666668
2017-02-01,14542.0,18767.0,16759.833333333332
2017-02-02,14477.0,19055.0,16930.875
2017-02-03,15521.0,19633.0,18077.208333333332
2017-02-04,15818.0,20068.0,17595.166666666668
2017-02-05,15498.0,18038.0,16706.875
2017-02-06,14479.0,19223.0,17048.875
2017-02-07,14107.0,19040.0,16683.958333333332
2017-02-08,14304.0,19571.0,17169.75
2017-02-09,15141.0,19344.0,17451.541666666668
2017-02-10,15888.0,19433.0,17160.666666666668
2017-02-11,14000.0,17959.0,16173.25
2017-02-12,13519.0,17933.0,15841.458333333334
2017-02-13,14149.0,18985.0,16913.291666666668
2017-02-14,14459.0,19271.0,17101.208333333332
2017-02-15,15137.0,19808.0,17695.958333333332
2017-02-16,16487.0,20721.0,17851.041666666668
2017-02-17,15637.0,19178.0,17117.041666666668
2017-02-18,14570.0,17521.0,16266.541666666666
2017-02-19,13826.0,17697.0,15726.666666666666
2017-02-20,13802.0,19088.0,16684.666666666668
2017-02-21,14355.0,18806.0,16848.5
2017-02-22,14169.0,18617.0,16677.458333333332
2017-02-23,14292.0,18936.0,16807.458333333332
2017-02-24,14165.0,18642.0,16666.75
2017-02-25,14636.0,18037.0,16480.375
2017-02-26,15353.0,17991.0,16454.666666666668
2017-02-27,14222.0,19392.0,17130.25
2017-02-28,14754.0,20510.0,17867.583333333332
2017-03-01,14797.0,19170.0,17259.708333333332
2017-03-02,15392.0,19303.0,17481.416666666668
2017-03-03,15564.0,19379.0,16993.083333333332
2017-03-04,15241.0,17761.0,16207.166666666666
2017-03-05,13620.0,17575.0,15506.0
2017-03-06,14331.0,19185.0,16989.041666666668
2017-03-07,14547.0,19022.0,17014.041666666668
2017-03-08,15013.0,18619.0,17011.708333333332
2017-03-09,14138.0,18976.0,16791.708333333332
2017-03-10,14187.0,18445.0,16778.583333333332
2017-03-11,14921.0,18218.0,16760.0
2017-03-12,15156.0,18808.0,16904.333333333332
2017-03-13,15307.0,18916.0,17434.166666666668
2017-03-14,16055.0,20629.0,18205.291666666668
2017-03-15,16951.0,21408.0,18771.958333333332
2017-03-16,16272.0,20719.0,18033.375
2017-03-17,15029.0,18125.0,17050.958333333332
2017-03-18,14031.0,17721.0,16033.083333333334
2017-03-19,13673.0,17940.0,15851.375
2017-03-20,14135.0,19964.0,17442.833333333332
2017-03-21,14514.0,20103.0,17641.125
2017-03-22,14716.0,19943.0,17800.541666666668
2017-03-23,14784.0,20377.0,17872.166666666668
2017-03-24,14674.0,19830.0,17668.041666666668
2017-03-25,14753.0,18704.0,17024.333333333332
2017-03-26,14106.0,19247.0,16702.958333333332
2017-03-27,14798.0,20884.0,18301.916666666668
2017-03-28,15109.0,20875.0,18461.791666666668
2017-03-29,15587.0,21590.0,18871.666666666668
2017-03-30,15523.0,19678.0,17984.333333333332
2017-03-31,14508.0,18996.0,17130.416666666668
2017-04-01,14282.0,19163.0,16922.5
2017-04-02,14269.0,20007.0,17299.416666666668
2017-04-03,14843.0,20007.0,17820.708333333332
2017-04-04,14524.0,21478.0,18135.875
2017-04-05,15254.0,19761.0,17928.458333333332
2017-04-06,15814.0,19481.0,18017.208333333332
2017-04-07,14497.0,18058.0,16675.416666666668
2017-04-08,13954.0,17563.0,15961.75
2017-04-09,13528.0,19244.0,16196.625
2017-04-10,14021.0,20468.0,17569.541666666668
2017-04-11,14349.0,20187.0,17744.041666666668
2017-04-12,14505.0,20654.0,17831.166666666668
2017-04-13,14697.0,21620.0,18285.375
2017-04-14,14436.0,20853.0,17695.625
2017-04-15,14012.0,19412.0,16944.583333333332
2017-04-16,14202.0,19943.0,17365.666666666668
2017-04-17,14559.0,21027.0,18223.375
2017-04-18,14620.0,22055.0,18600.083333333332
2017-04-19,15201.0,22825.0,19260.916666666668
2017-04-20,15405.0,23519.0,19625.458333333332
2017-04-21,15473.0,23126.0,19460.5
2017-04-22,14931.0,20242.0,17811.625
2017-04-23,14484.0,17996.0,16282.666666666666
2017-04-24,13877.0,19392.0,17042.208333333332
2017-04-25,13854.0,20762.0,17612.791666666668
2017-04-26,14932.0,21963.0,18698.0
2017-04-27,14950.0,21168.0,18160.625
2017-04-28,14906.0,22809.0,19185.25
2017-04-29,15924.0,22497.0,19406.833333333332
2017-04-30,16056.0,18744.0,17589.958333333332
2017-05-01,13774.0,19150.0,16913.416666666668
2017-05-02,13996.0,21866.0,18055.875
2017-05-03,14504.0,20104.0,17768.375
2017-05-04,14417.0,18127.0,16741.416666666668
2017-05-05,14054.0,17804.0,16476.666666666668
2017-05-06,13919.0,18456.0,16332.791666666666
2017-05-07,13300.0,19764.0,16645.583333333332
2017-05-08,14395.0,22495.0,18626.666666666668
2017-05-09,15079.0,23721.0,19408.458333333332
2017-05-10,15351.0,23642.0,19552.625
2017-05-11,15361.0,22714.0,19273.791666666668
2017-05-12,15317.0,21261.0,18579.333333333332
2017-05-13,14336.0,20133.0,17305.916666666668
2017-05-14,14002.0,21964.0,17883.916666666668
2017-05-15,14780.0,24819.0,19837.083333333332
2017-05-16,15617.0,25665.0,20616.541666666668
2017-05-17,16108.0,24569.0,20520.541666666668
2017-05-18,16436.0,24860.0,20884.375
2017-05-19,16993.0,25164.0,21249.958333333332
2017-05-20,16983.0,23883.0,20625.0
2017-05-21,15631.0,21948.0,19073.75
2017-05-22,15438.0,20414.0,18346.583333333332
2017-05-23,14366.0,20739.0,17912.75
2017-05-24,15063.0,19835.0,17774.0
2017-05-25,14560.0,21798.0,18305.833333333332
2017-05-26,15160.0,23977.0,19738.208333333332
2017-05-27,16175.0,24548.0,20414.625
2017-05-28,16520.0,24905.0,20868.291666666668
2017-05-29,16251.0,22352.0,19366.041666666668
2017-05-30,15234.0,22656.0,19311.583333333332
2017-05-31,15713.0,24615.0,20341.291666666668
2017-06-01,17229.0,25134.0,21388.333333333332
2017-06-02,15763.0,23696.0,19920.5
2017-06-03,15820.0,22906.0,19522.5
2017-06-04,15528.0,22170.0,19168.625
2017-06-05,15811.0,23382.0,19905.708333333332
2017-06-06,15544.0,22888.0,19571.625
2017-06-07,15397.0,24319.0,19723.375
2017-06-08,15490.0,24104.0,19735.458333333332
2017-06-09,15465.0,24643.0,19984.333333333332
2017-06-10,15145.0,24521.0,19869.875
2017-06-11,15565.0,24063.0,20124.791666666668
2017-06-12,17132.0,24941.0,21366.083333333332
2017-06-13,17383.0,25788.0,21851.75
2017-06-14,17650.0,27397.0,22664.25
2017-06-15,18199.0,28171.0,23280.333333333332
2017-06-16,18398.0,28519.0,23410.625
2017-06-17,17943.0,27673.0,22826.833333333332
2017-06-18,17101.0,24500.0,20968.791666666668
2017-06-19,17840.0,26737.0,22468.5
2017-06-20,17620.0,25716.0,21740.625
2017-06-21,16993.0,23159.0,20297.541666666668
2017-06-22,17380.0,23788.0,20758.166666666668
2017-06-23,17572.0,24006.0,21033.0
2017-06-24,17143.0,22699.0,20090.875
2017-06-25,16254.0,23300.0,19955.708333333332
2017-06-26,15963.0,25646.0,20858.416666666668
2017-06-27,16442.0,25619.0,21108.708333333332
2017-06-28,16723.0,26166.0,21590.041666666668
2017-06-29,17238.0,24583.0,21321.5
2017-06-30,17437.0,26807.0,22198.375
2017-07-01,17906.0,27064.0,22450.791666666668
2017-07-02,17538.0,27768.0,22852.875
2017-07-03,17829.0,27586.0,22780.583333333332
2017-07-04,17595.0,26176.0,21926.0
2017-07-05,17905.0,27991.0,23110.833333333332
2017-07-06,18263.0,27967.0,23332.5
2017-07-07,18368.0,28091.0,23310.625
2017-07-08,18249.0,27568.0,22991.041666666668
2017-07-09,17215.0,26432.0,21964.208333333332
2017-07-10,17848.0,28668.0,23494.125
2017-07-11,18005.0,27673.0,23047.916666666668
2017-07-12,18171.0,28256.0,23356.875
2017-07-13,18552.0,28660.0,23682.416666666668
2017-07-14,18448.0,27572.0,23104.291666666668
2017-07-15,17784.0,26336.0,22216.75
2017-07-16,17037.0,25426.0,21501.041666666668
2017-07-17,17558.0,27196.0,22665.5
2017-07-18,18179.0,28503.0,23518.541666666668
2017-07-19,18878.0,29830.0,24453.708333333332
2017-07-20,19419.0,30960.0,25317.083333333332
2017-07-21,19804.0,30121.0,24991.541666666668
2017-07-22,19092.0,28773.0,24131.0
2017-07-23,18238.0,27152.0,23002.875
2017-07-24,18231.0,27189.0,23039.583333333332
2017-07-25,18289.0,28027.0,23226.833333333332
2017-07-26,18657.0,29814.0,24267.375
2017-07-27,19349.0,31090.0,25100.458333333332
2017-07-28,19544.0,29385.0,24313.416666666668
2017-07-29,18837.0,25956.0,22486.083333333332
2017-07-30,16713.0,25772.0,21131.625
2017-07-31,17574.0,29130.0,23422.833333333332
2017-08-01,17883.0,28176.0,22976.958333333332
2017-08-02,17804.0,25306.0,21822.833333333332
2017-08-03,17034.0,25480.0,21434.083333333332
2017-08-04,17643.0,26725.0,22291.791666666668
2017-08-05,17403.0,26259.0,21917.333333333332
2017-08-06,17381.0,25489.0,21687.375
2017-08-07,17714.0,26071.0,22161.875
2017-08-08,17414.0,24587.0,21307.125
2017-08-09,17588.0,26151.0,21967.791666666668
2017-08-10,17963.0,27586.0,22801.0
2017-08-11,18256.0,26944.0,22737.25
2017-08-12,17989.0,26553.0,22304.916666666668
2017-08-13,17402.0,25223.0,21511.791666666668
2017-08-14,18002.0,27165.0,22833.625
2017-08-15,18525.0,27642.0,23269.583333333332
2017-08-16,18582.0,27908.0,23411.458333333332
2017-08-17,18891.0,28780.0,23939.666666666668
2017-08-18,19239.0,29788.0,24487.25
2017-08-19,18769.0,29082.0,23937.875
2017-08-20,18592.0,29626.0,24162.541666666668
2017-08-21,19012.0,30175.0,24695.583333333332
2017-08-22,19212.0,29466.0,24416.541666666668
2017-08-23,18970.0,27595.0,23406.958333333332
2017-08-24,18134.0,26383.0,22396.708333333332
2017-08-25,17975.0,25852.0,21939.5
2017-08-26,16697.0,22631.0,19931.833333333332
2017-08-27,17085.0,22037.0,19786.041666666668
2017-08-28,16564.0,22359.0,19822.0
2017-08-29,15988.0,21368.0,19097.791666666668
2017-08-30,16279.0,21417.0,19197.291666666668
2017-08-31,15855.0,22020.0,19113.166666666668
2017-09-01,15675.0,24617.0,20151.416666666668
2017-09-02,15141.0,24149.0,19613.333333333332
2017-09-03,14910.0,24910.0,19798.916666666668
2017-09-04,15844.0,25748.0,20698.333333333332
2017-09-05,16364.0,26022.0,21366.916666666668
2017-09-06,16126.0,22918.0,19475.25
2017-09-07,14486.0,22021.0,18310.5
2017-09-08,14375.0,22891.0,18444.041666666668
2017-09-09,14077.0,22505.0,18012.666666666668
2017-09-10,14193.0,22450.0,18080.291666666668
2017-09-11,14662.0,23322.0,18924.666666666668
2017-09-12,14808.0,21075.0,18085.083333333332
2017-09-13,14098.0,22917.0,18575.291666666668
2017-09-14,15119.0,25451.0,20191.75
2017-09-15,15861.0,25878.0,20856.416666666668
2017-09-16,16291.0,25798.0,20917.291666666668
2017-09-17,16431.0,25873.0,21169.666666666668
2017-09-18,17052.0,27523.0,22422.208333333332
2017-09-19,17586.0,27603.0,22559.541666666668
2017-09-20,17792.0,27650.0,22687.333333333332
2017-09-21,17508.0,27496.0,22447.083333333332
2017-09-22,17402.0,27896.0,22536.375
2017-09-23,17119.0,26963.0,21816.333333333332
2017-09-24,16644.0,26151.0,21304.875
2017-09-25,17245.0,27483.0,22273.708333333332
2017-09-26,17407.0,27851.0,22432.291666666668
2017-09-27,17370.0,27581.0,22341.041666666668
2017-09-28,17295.0,26377.0,21821.333333333332
2017-09-29,16951.0,25012.0,20869.625
2017-09-30,16055.0,24035.0,19821.0
2017-10-01,15646.0,23528.0,19595.25
2017-10-02,16116.0,23942.0,20364.833333333332
2017-10-03,16276.0,23764.0,20350.958333333332
2017-10-04,16116.0,24030.0,20072.666666666668
2017-10-05,15950.0,24572.0,20128.833333333332
2017-10-06,15756.0,24658.0,20169.458333333332
2017-10-07,16196.0,23794.0,20072.0
2017-10-08,15515.0,23431.0,19472.708333333332
2017-10-09,16430.0,26278.0,21448.916666666668
2017-10-10,17243.0,25883.0,21440.833333333332
2017-10-11,15989.0,23088.0,19518.083333333332
2017-10-12,15266.0,23598.0,19356.375
2017-10-13,15654.0,24804.0,19959.208333333332
2017-10-14,15659.0,24541.0,19878.5
2017-10-15,15977.0,22776.0,19383.041666666668
2017-10-16,15319.0,20223.0,18171.791666666668
2017-10-17,14119.0,19099.0,17018.458333333332
2017-10-18,14001.0,20103.0,17224.75
2017-10-19,14131.0,21102.0,17739.166666666668
2017-10-20,14562.0,21295.0,18047.291666666668
2017-10-21,14334.0,20863.0,17700.166666666668
2017-10-22,15073.0,19706.0,17462.625
2017-10-23,13563.0,18904.0,16562.708333333332
2017-10-24,13770.0,18571.0,16545.041666666668
2017-10-25,14495.0,18528.0,16904.791666666668
2017-10-26,14113.0,18999.0,16989.041666666668
2017-10-27,14098.0,18499.0,16755.916666666668
2017-10-28,14550.0,18268.0,16616.0
2017-10-29,16339.0,19016.0,17336.375
2017-10-30,15683.0,19204.0,17772.875
2017-10-31,14083.0,18522.0,16967.875
2017-11-01,14362.0,19302.0,17152.333333333332
2017-11-02,14856.0,20972.0,18317.458333333332
2017-11-03,14876.0,20794.0,18062.708333333332
2017-11-04,14387.0,20241.0,17354.791666666668
2017-11-05,13801.0,19560.0,16944.833333333332
2017-11-06,15130.0,20983.0,18490.791666666668
2017-11-07,15343.0,20945.0,18504.875
2017-11-08,14995.0,19429.0,17465.083333333332
2017-11-09,15487.0,19210.0,17502.458333333332
2017-11-10,15668.0,19316.0,17579.708333333332
2017-11-11,15520.0,17651.0,16588.75
2017-11-12,14203.0,18387.0,16233.041666666666
2017-11-13,14354.0,19414.0,17152.25
2017-11-14,15062.0,19084.0,17332.375
2017-11-15,14769.0,19095.0,17195.208333333332
2017-11-16,14520.0,19397.0,17208.458333333332
2017-11-17,14653.0,19101.0,17341.875
2017-11-18,14752.0,18578.0,16780.791666666668
2017-11-19,14643.0,19178.0,16900.5
2017-11-20,16426.0,20813.0,18383.125
2017-11-21,16674.0,19700.0,18256.541666666668
2017-11-22,15960.0,20327.0,18362.875
2017-11-23,14710.0,20133.0,17321.625
2017-11-24,16064.0,18637.0,17223.833333333332
2017-11-25,15155.0,17540.0,16415.791666666668
2017-11-26,14580.0,18422.0,16436.916666666668
2017-11-27,15412.0,19780.0,17789.375
2017-11-28,15674.0,19682.0,17795.041666666668
2017-11-29,14936.0,19687.0,17527.958333333332
2017-11-30,14899.0,19583.0,17517.0
2017-12-01,14980.0,18818.0,17291.5
2017-12-02,14991.0,17966.0,16671.416666666668
2017-12-03,14608.0,18467.0,16479.291666666668
2017-12-04,14395.0,19584.0,17177.291666666668
2017-12-05,14955.0,20179.0,17724.958333333332
2017-12-06,16521.0,22686.0,19755.916666666668
2017-12-07,18718.0,23327.0,21123.333333333332
2017-12-08,20818.0,25543.0,22879.125
2017-12-09,17855.0,24209.0,21496.041666666668
2017-12-10,17793.0,23158.0,20700.833333333332
2017-12-11,18404.0,23334.0,20093.041666666668
2017-12-12,16744.0,22089.0,19448.541666666668
2017-12-13,17593.0,24058.0,20124.375
2017-12-14,18148.0,22324.0,19747.583333333332
2017-12-15,17569.0,21845.0,19729.541666666668
2017-12-16,17023.0,21736.0,19266.875
2017-12-17,16277.0,19442.0,17778.875
2017-12-18,15403.0,19263.0,17580.041666666668
2017-12-19,15020.0,19475.0,17633.5
2017-12-20,15001.0,19184.0,17357.833333333332
2017-12-21,15260.0,19004.0,17470.333333333332
2017-12-22,14863.0,19131.0,17384.375
2017-12-23,14824.0,18573.0,16911.0
2017-12-24,16397.0,19565.0,17657.333333333332
2017-12-25,16808.0,21488.0,19070.625
2017-12-26,18911.0,22290.0,20401.333333333332
2017-12-27,19129.0,24697.0,22012.708333333332
2017-12-28,21744.0,25696.0,23445.541666666668
2017-12-29,20115.0,25246.0,22422.958333333332
2017-12-30,18217.0,20845.0,19643.458333333332
2017-12-31,17977.0,24080.0,20988.625
2018-01-01,23045.0,27265.0,24974.666666666668
2018-01-02,26612.0,32183.0,28827.5
2018-01-03,23255.0,30185.0,26682.375
2018-01-04,22476.0,28971.0,25536.583333333332
2018-01-05,20758.0,28428.0,24209.125
2018-01-06,18416.0,24117.0,21676.75
2018-01-07,17984.0,21198.0,19723.833333333332
2018-01-08,16811.0,21125.0,19155.833333333332
2018-01-09,16863.0,20542.0,18851.958333333332
2018-01-10,15926.0,19581.0,17929.583333333332
2018-01-11,15475.0,19597.0,17664.0
2018-01-12,16335.0,23573.0,20477.916666666668
2018-01-13,21656.0,26197.0,24044.708333333332
2018-01-14,20011.0,26120.0,23483.125
2018-01-15,19842.0,26674.0,23106.458333333332
2018-01-16,21037.0,29043.0,25186.625
2018-01-17,25399.0,32494.0,28645.916666666668
2018-01-18,23619.0,31306.0,27417.416666666668
2018-01-19,19224.0,27047.0,22893.75
2018-01-20,17433.0,20719.0,19133.041666666668
2018-01-21,14680.0,18016.0,16276.333333333334
2018-01-22,14294.0,19162.0,16818.041666666668
2018-01-23,16306.0,21832.0,18778.125
2018-01-24,17694.0,23012.0,19868.166666666668
2018-01-25,17513.0,23419.0,20000.125
2018-01-26,17549.0,22165.0,19097.291666666668
2018-01-27,15246.0,18324.0,16946.708333333332
2018-01-28,15210.0,18798.0,16957.958333333332
2018-01-29,15980.0,20975.0,18444.75
2018-01-30,18554.0,24335.0,20776.583333333332
2018-01-31,17474.0,24407.0,20049.625
2018-02-01,16696.0,20178.0,18471.75
2018-02-02,16498.0,21800.0,19140.0
2018-02-03,17678.0,21725.0,19322.916666666668
2018-02-04,16537.0,19446.0,17906.333333333332
2018-02-05,16684.0,21558.0,18738.0
2018-02-06,16140.0,20166.0,18359.5
2018-02-07,16109.0,21683.0,18971.458333333332
2018-02-08,18045.0,23634.0,20154.916666666668
2018-02-09,17284.0,21025.0,18495.375
2018-02-10,14758.0,17790.0,16357.208333333334
2018-02-11,15185.0,18997.0,17043.125
2018-02-12,17606.0,22381.0,19912.375
2018-02-13,18458.0,22086.0,19893.25
2018-02-14,15871.0,19640.0,17888.291666666668
2018-02-15,14695.0,19107.0,17088.291666666668
2018-02-16,14386.0,19120.0,17090.166666666668
2018-02-17,14734.0,17989.0,16579.666666666668
2018-02-18,14955.0,18194.0,16624.791666666668
2018-02-19,14394.0,19925.0,17434.916666666668
2018-02-20,14751.0,20109.0,17699.625
2018-02-21,14665.0,20572.0,17903.958333333332
2018-02-22,15509.0,20103.0,18118.833333333332
2018-02-23,15167.0,19560.0,17863.791666666668
2018-02-24,14434.0,18945.0,16852.958333333332
2018-02-25,14836.0,18369.0,16701.25
2018-02-26,14817.0,18895.0,17156.125
2018-02-27,15140.0,19324.0,17416.208333333332
2018-02-28,14812.0,20104.0,17741.416666666668
2018-03-01,15164.0,19236.0,17510.791666666668
2018-03-02,15421.0,18675.0,17416.666666666668
2018-03-03,15364.0,17744.0,16462.416666666668
2018-03-04,14515.0,17694.0,15975.333333333334
2018-03-05,14448.0,19280.0,17142.75
2018-03-06,14811.0,19037.0,17086.333333333332
2018-03-07,15762.0,20062.0,18108.791666666668
2018-03-08,16921.0,21078.0,18400.25
2018-03-09,16775.0,20457.0,17882.375
2018-03-10,14217.0,17560.0,16009.125
2018-03-11,13933.0,17968.0,15851.666666666666
2018-03-12,14893.0,19619.0,17603.541666666668
2018-03-13,16338.0,20609.0,18136.875
2018-03-14,15790.0,20710.0,17777.958333333332
2018-03-15,15552.0,20363.0,17360.5
2018-03-16,13965.0,17805.0,16424.375
2018-03-17,14349.0,18532.0,16778.416666666668
2018-03-18,13881.0,18708.0,16418.416666666668
2018-03-19,14285.0,19605.0,17426.0
2018-03-20,14835.0,18716.0,17081.25
2018-03-21,14978.0,18847.0,17084.333333333332
2018-03-22,15113.0,19003.0,16951.833333333332
2018-03-23,14308.0,17783.0,16651.166666666668
2018-03-24,14118.0,18169.0,16354.25
2018-03-25,13999.0,18995.0,16640.541666666668
2018-03-26,14519.0,20095.0,17926.875
2018-03-27,15061.0,19955.0,17909.208333333332
2018-03-28,15179.0,20473.0,18297.25
2018-03-29,15079.0,18520.0,17084.125
2018-03-30,14157.0,17148.0,16071.458333333334
2018-03-31,13900.0,17250.0,15833.625
2018-04-01,13491.0,18009.0,15812.833333333334
2018-04-02,14349.0,19691.0,17491.125
2018-04-03,14849.0,21807.0,18454.166666666668
2018-04-04,15230.0,18739.0,17469.958333333332
2018-04-05,14833.0,18458.0,16938.708333333332
2018-04-06,13985.0,18489.0,16817.875
2018-04-07,14948.0,18124.0,16729.291666666668
2018-04-08,16193.0,19343.0,17660.0
2018-04-09,14720.0,18750.0,17249.875
2018-04-10,14647.0,18674.0,17066.0
2018-04-11,14748.0,18645.0,17172.25
2018-04-12,14098.0,19492.0,17139.333333333332
2018-04-13,14577.0,20183.0,17730.833333333332
2018-04-14,15055.0,17113.0,16245.916666666666
2018-04-15,14812.0,17961.0,16408.666666666668
2018-04-16,15852.0,20091.0,17840.083333333332
2018-04-17,14253.0,19398.0,17315.416666666668
2018-04-18,14430.0,19871.0,17434.583333333332
2018-04-19,14644.0,18642.0,17101.083333333332
2018-04-20,14846.0,18589.0,16973.375
2018-04-21,13881.0,17343.0,15769.958333333334
2018-04-22,13803.0,18006.0,15890.625
2018-04-23,14370.0,19076.0,17170.541666666668
2018-04-24,14181.0,19365.0,17110.666666666668
2018-04-25,14459.0,20053.0,17552.0
2018-04-26,14742.0,18621.0,17087.416666666668
2018-04-27,14322.0,18727.0,16986.791666666668
2018-04-28,13997.0,18711.0,16467.125
2018-04-29,13760.0,18975.0,16483.0
2018-04-30,14364.0,20941.0,17910.625
2018-05-01,14574.0,21994.0,18502.625
2018-05-02,15114.0,22729.0,19166.291666666668
2018-05-03,15962.0,23646.0,19901.916666666668
2018-05-04,15742.0,22606.0,19298.125
2018-05-05,15027.0,20243.0,17744.416666666668
2018-05-06,14278.0,21514.0,17809.708333333332
2018-05-07,14914.0,24339.0,19731.75
2018-05-08,15795.0,25984.0,20789.166666666668
2018-05-09,16445.0,25804.0,21058.416666666668
2018-05-10,16026.0,25459.0,20730.583333333332
2018-05-11,16128.0,25589.0,20810.041666666668
2018-05-12,16174.0,25409.0,20743.291666666668
2018-05-13,15951.0,26056.0,21074.25
2018-05-14,16872.0,27642.0,22360.541666666668
2018-05-15,16964.0,28349.0,22705.916666666668
2018-05-16,17297.0,27205.0,22294.0
2018-05-17,16863.0,28144.0,22584.5
2018-05-18,16928.0,27466.0,22229.708333333332
2018-05-19,16577.0,26450.0,21435.875
2018-05-20,16539.0,25928.0,21429.125
2018-05-21,16893.0,25826.0,21599.958333333332
2018-05-22,16665.0,26242.0,21711.875
2018-05-23,16940.0,26299.0,21821.208333333332
2018-05-24,17079.0,26181.0,21802.458333333332
2018-05-25,17118.0,25339.0,21375.375
2018-05-26,16118.0,24247.0,20408.083333333332
2018-05-27,15420.0,24384.0,20120.375
2018-05-28,16369.0,25943.0,21236.625
2018-05-29,16990.0,28119.0,22814.833333333332
2018-05-30,18005.0,28808.0,23576.666666666668
2018-05-31,18406.0,29376.0,24050.458333333332
2018-06-01,18596.0,29608.0,24119.958333333332
2018-06-02,18256.0,28857.0,23667.0
2018-06-03,17964.0,27476.0,22918.791666666668
2018-06-04,17430.0,27465.0,22428.291666666668
2018-06-05,17989.0,26889.0,22554.208333333332
2018-06-06,16789.0,28281.0,22619.208333333332
2018-06-07,17322.0,29330.0,23349.166666666668
2018-06-08,18029.0,29702.0,23825.458333333332
2018-06-09,17655.0,27825.0,22919.291666666668
2018-06-10,17409.0,27215.0,22606.583333333332
2018-06-11,17880.0,27468.0,22928.25
2018-06-12,18582.0,28457.0,23603.041666666668
2018-06-13,18425.0,27907.0,23386.833333333332
2018-06-14,18323.0,28300.0,23375.208333333332
2018-06-15,18416.0,28552.0,23496.541666666668
2018-06-16,17805.0,27627.0,22825.75
2018-06-17,17584.0,26355.0,22249.083333333332
2018-06-18,18166.0,26461.0,22612.125
2018-06-19,17835.0,24856.0,21612.083333333332
2018-06-20,17844.0,26076.0,22138.875
2018-06-21,17896.0,25304.0,21903.833333333332
2018-06-22,18005.0,27950.0,23112.333333333332
2018-06-23,18258.0,27730.0,23144.0
2018-06-24,18072.0,27772.0,23167.875
2018-06-25,19066.0,29572.0,24544.0
2018-06-26,19144.0,29910.0,24694.333333333332
2018-06-27,19488.0,30288.0,25055.666666666668
2018-06-28,19761.0,31028.0,25467.708333333332
2018-06-29,19970.0,31146.0,25611.291666666668
2018-06-30,19041.0,29943.0,24625.083333333332
2018-07-01,18301.0,29521.0,24128.166666666668
2018-07-02,19295.0,29463.0,24562.958333333332
2018-07-03,18998.0,26420.0,22832.791666666668
2018-07-04,17656.0,25319.0,21526.916666666668
2018-07-05,17882.0,28284.0,23241.125
2018-07-06,18524.0,28430.0,23570.125
2018-07-07,17857.0,25781.0,22097.625
2018-07-08,16892.0,24270.0,20893.541666666668
2018-07-09,17350.0,27243.0,22534.541666666668
2018-07-10,18069.0,28457.0,23489.833333333332
2018-07-11,18738.0,28742.0,23891.583333333332
2018-07-12,18674.0,28936.0,23936.833333333332
2018-07-13,18916.0,29466.0,24266.416666666668
2018-07-14,18417.0,28759.0,23830.583333333332
2018-07-15,18813.0,29494.0,24408.75
2018-07-16,19484.0,30076.0,24984.541666666668
2018-07-17,20016.0,30013.0,25063.875
2018-07-18,19198.0,28421.0,23877.208333333332
2018-07-19,18946.0,29898.0,24438.833333333332
2018-07-20,19360.0,31456.0,25281.166666666668
2018-07-21,19619.0,30795.0,25166.333333333332
2018-07-22,18967.0,30108.0,24678.458333333332
2018-07-23,19654.0,30421.0,25065.875
2018-07-24,19232.0,29665.0,24339.75
2018-07-25,18911.0,30633.0,24621.666666666668
2018-07-26,18666.0,30808.0,24630.625
2018-07-27,19171.0,30250.0,24656.291666666668
2018-07-28,18529.0,28324.0,23487.666666666668
2018-07-29,17952.0,27795.0,22987.75
2018-07-30,18114.0,27201.0,22882.333333333332
2018-07-31,18191.0,25650.0,22036.041666666668
2018-08-01,16557.0,25493.0,21070.375
2018-08-02,17242.0,28000.0,22563.291666666668
2018-08-03,17695.0,27848.0,22786.625
2018-08-04,17236.0,26525.0,22083.458333333332
2018-08-05,16896.0,26633.0,21887.375
2018-08-06,18696.0,29591.0,24355.541666666668
2018-08-07,19069.0,29572.0,24388.625
2018-08-08,19077.0,28915.0,24128.791666666668
2018-08-09,18999.0,27561.0,23435.916666666668
2018-08-10,18375.0,27074.0,22807.208333333332
2018-08-11,17569.0,25593.0,21657.875
2018-08-12,17623.0,26314.0,22052.208333333332
2018-08-13,17972.0,27842.0,23065.666666666668
2018-08-14,18366.0,28877.0,23658.75
2018-08-15,18983.0,29664.0,24343.333333333332
2018-08-16,19262.0,29633.0,24486.583333333332
2018-08-17,19277.0,28336.0,23821.25
2018-08-18,18177.0,26937.0,22567.416666666668
2018-08-19,17880.0,25960.0,22024.125
2018-08-20,18059.0,27146.0,22936.0
2018-08-21,18493.0,28687.0,23520.041666666668
2018-08-22,18261.0,28837.0,23418.708333333332
2018-08-23,17999.0,28185.0,22938.666666666668
2018-08-24,17693.0,29059.0,23344.0
2018-08-25,17772.0,28289.0,22982.416666666668
2018-08-26,18416.0,28130.0,23339.25
2018-08-27,18818.0,29418.0,24297.041666666668
2018-08-28,18993.0,28074.0,23732.625
2018-08-29,18294.0,27026.0,22881.458333333332
2018-08-30,18043.0,27063.0,22669.083333333332
2018-08-31,18011.0,26917.0,22561.625
2018-09-01,17289.0,24794.0,21033.791666666668
2018-09-02,16985.0,23708.0,20387.083333333332
2018-09-03,17081.0,24266.0,20774.375
2018-09-04,17676.0,26778.0,22384.5
2018-09-05,17886.0,25895.0,22037.958333333332
2018-09-06,18062.0,25929.0,22151.041666666668
2018-09-07,17448.0,25610.0,21619.958333333332
2018-09-08,17249.0,25637.0,21384.083333333332
2018-09-09,17178.0,23894.0,20657.041666666668
2018-09-10,16778.0,23560.0,20497.75
2018-09-11,16683.0,23543.0,20395.458333333332
2018-09-12,16961.0,24959.0,21187.875
2018-09-13,17035.0,26618.0,21898.958333333332
2018-09-14,17836.0,27547.0,22566.875
2018-09-15,17918.0,27620.0,22595.25
2018-09-16,18563.0,28835.0,23506.5
2018-09-17,19326.0,30476.0,24815.791666666668
2018-09-18,19409.0,30563.0,24784.916666666668
2018-09-19,19481.0,30472.0,24735.375
2018-09-20,19374.0,29613.0,24416.166666666668
2018-09-21,19031.0,28229.0,23494.166666666668
2018-09-22,17920.0,25073.0,21404.333333333332
2018-09-23,16636.0,23576.0,20199.291666666668
2018-09-24,16851.0,25759.0,21485.375
2018-09-25,17629.0,26741.0,22281.541666666668
2018-09-26,17523.0,24432.0,21072.916666666668
2018-09-27,16021.0,22300.0,19396.333333333332
2018-09-28,15424.0,22956.0,19219.541666666668
2018-09-29,15449.0,21938.0,18707.458333333332
2018-09-30,15645.0,22897.0,19251.083333333332
2018-10-01,16270.0,25094.0,20875.5
2018-10-02,16948.0,26182.0,21698.416666666668
2018-10-03,17515.0,27187.0,22269.875
2018-10-04,17878.0,27214.0,22534.625
2018-10-05,17883.0,26806.0,22291.833333333332
2018-10-06,17698.0,25774.0,21660.25
2018-10-07,17295.0,25245.0,21205.208333333332
2018-10-08,17222.0,25884.0,21725.833333333332
2018-10-09,17494.0,25169.0,21536.458333333332
2018-10-10,16815.0,24789.0,20822.166666666668
2018-10-11,15615.0,21302.0,18592.291666666668
2018-10-12,14991.0,20029.0,17677.458333333332
2018-10-13,14187.0,20160.0,17270.791666666668
2018-10-14,15144.0,22097.0,18743.208333333332
2018-10-15,15890.0,22443.0,19581.833333333332
2018-10-16,15692.0,19795.0,18176.916666666668
2018-10-17,15245.0,19355.0,17595.583333333332
2018-10-18,14612.0,19209.0,17303.333333333332
2018-10-19,14775.0,21446.0,18151.958333333332
2018-10-20,14530.0,18398.0,16746.333333333332
2018-10-21,14485.0,18399.0,16405.333333333332
2018-10-22,14467.0,18522.0,16925.083333333332
2018-10-23,14081.0,18507.0,16647.75
2018-10-24,14357.0,18679.0,16825.208333333332
2018-10-25,14410.0,19027.0,17081.708333333332
2018-10-26,14339.0,17852.0,16616.5
2018-10-27,14032.0,17393.0,15950.833333333334
2018-10-28,13819.0,19512.0,16639.791666666668
2018-10-29,14278.0,20439.0,17672.875
2018-10-30,14488.0,21148.0,18068.208333333332
2018-10-31,14979.0,20742.0,18244.375
2018-11-01,15030.0,18792.0,17236.416666666668
2018-11-02,14472.0,18170.0,16694.333333333332
2018-11-03,14463.0,17341.0,16158.375
2018-11-04,13404.0,17662.0,15490.458333333334
2018-11-05,14380.0,20332.0,17660.666666666668
2018-11-06,15580.0,20711.0,18478.375
2018-11-07,15317.0,20406.0,18155.875
2018-11-08,15309.0,19642.0,17668.125
2018-11-09,15287.0,19428.0,17621.458333333332
2018-11-10,16490.0,19683.0,18125.291666666668
2018-11-11,17233.0,19563.0,18296.333333333332
2018-11-12,15690.0,20737.0,18471.083333333332
2018-11-13,17307.0,23896.0,20873.666666666668
2018-11-14,20227.0,24513.0,22413.333333333332
2018-11-15,19921.0,26754.0,22835.791666666668
2018-11-16,18377.0,22916.0,20000.666666666668
2018-11-17,16913.0,19173.0,17844.083333333332
2018-11-18,15203.0,18598.0,16874.666666666668
2018-11-19,15398.0,19879.0,17891.166666666668
2018-11-20,16449.0,20941.0,18897.125
2018-11-21,17827.0,21752.0,19280.166666666668
2018-11-22,15060.0,19661.0,17276.083333333332
2018-11-23,15696.0,17909.0,16860.875
2018-11-24,15222.0,18213.0,16861.5
2018-11-25,14232.0,18670.0,16367.875
2018-11-26,16402.0,22749.0,19793.916666666668
2018-11-27,18689.0,23841.0,20940.916666666668
2018-11-28,18072.0,23496.0,20123.75
2018-11-29,16426.0,20471.0,18596.583333333332
2018-11-30,15257.0,18777.0,17413.166666666668
2018-12-01,14429.0,18222.0,16462.833333333332
2018-12-02,14932.0,18856.0,16893.291666666668
2018-12-03,15535.0,20172.0,18150.125
2018-12-04,17837.0,22152.0,20024.958333333332
2018-12-05,18327.0,23421.0,20575.291666666668
2018-12-06,18113.0,22916.0,20138.666666666668
2018-12-07,17361.0,20643.0,19241.208333333332
2018-12-08,16413.0,20878.0,18697.75
2018-12-09,18890.0,23020.0,20816.041666666668
2018-12-10,20038.0,24885.0,22171.125
2018-12-11,19141.0,25542.0,21890.708333333332
2018-12-12,18287.0,23092.0,20128.416666666668
2018-12-13,16511.0,20338.0,18502.958333333332
2018-12-14,15995.0,20400.0,18524.208333333332
2018-12-15,16903.0,20077.0,18713.125
2018-12-16,17691.0,20356.0,18746.291666666668
2018-12-17,17336.0,21417.0,19266.458333333332
2018-12-18,17444.0,21275.0,19101.25
2018-12-19,16943.0,20050.0,18549.0
2018-12-20,16667.0,22007.0,19435.083333333332
2018-12-21,18482.0,22441.0,20451.083333333332
2018-12-22,17017.0,21177.0,18996.916666666668
2018-12-23,15398.0,18992.0,17172.375
2018-12-24,16364.0,19802.0,17865.166666666668
2018-12-25,15491.0,18023.0,16639.333333333332
2018-12-26,14618.0,18747.0,16801.666666666668
2018-12-27,15060.0,18807.0,17118.416666666668
2018-12-28,15244.0,19011.0,17491.791666666668
2018-12-29,16208.0,20628.0,18575.291666666668
2018-12-30,17048.0,19750.0,18535.625
2018-12-31,15876.0,19302.0,17679.666666666668
2019-01-01,15226.0,18854.0,17005.875
2019-01-02,16001.0,20657.0,18605.875
2019-01-03,16909.0,21404.0,19402.291666666668
2019-01-04,18461.0,22562.0,20651.208333333332
2019-01-05,17580.0,21232.0,19321.083333333332
2019-01-06,16829.0,19524.0,18060.083333333332
2019-01-07,15201.0,19270.0,17458.583333333332
2019-01-08,15349.0,19249.0,17440.083333333332
2019-01-09,15160.0,20758.0,17972.625
2019-01-10,18408.0,22968.0,20336.166666666668
2019-01-11,18388.0,23106.0,20055.375
2019-01-12,16647.0,18772.0,17836.291666666668
2019-01-13,16957.0,21106.0,18922.583333333332
2019-01-14,19560.0,24198.0,21409.291666666668
2019-01-15,19519.0,24996.0,21540.208333333332
2019-01-16,18392.0,23195.0,20284.5
2019-01-17,16782.0,19929.0,18446.583333333332
2019-01-18,16120.0,19295.0,17813.541666666668
2019-01-19,15126.0,20762.0,17850.0
2019-01-20,18339.0,23386.0,20931.125
2019-01-21,19418.0,25613.0,22087.958333333332
2019-01-22,18525.0,21797.0,19922.333333333332
2019-01-23,16659.0,23738.0,20218.75
2019-01-24,19178.0,25141.0,21642.708333333332
2019-01-25,19399.0,25525.0,21868.5
2019-01-26,17299.0,21886.0,19676.458333333332
2019-01-27,17056.0,20532.0,18770.833333333332
2019-01-28,17665.0,21989.0,19335.791666666668
2019-01-29,18493.0,25553.0,22329.25
2019-01-30,20817.0,26535.0,23407.916666666668
2019-01-31,18681.0,25308.0,21356.208333333332
2019-02-01,17670.0,21192.0,19086.708333333332
2019-02-02,15760.0,18038.0,16840.583333333332
2019-02-03,14761.0,17748.0,16255.791666666666
2019-02-04,14271.0,18856.0,16819.583333333332
2019-02-05,13925.0,19084.0,16735.833333333332
2019-02-06,14260.0,19495.0,17028.916666666668
2019-02-07,14380.0,19161.0,16989.041666666668
2019-02-08,17012.0,22265.0,20076.583333333332
2019-02-09,18703.0,22625.0,20367.291666666668
2019-02-10,18147.0,19960.0,18936.791666666668
2019-02-11,15736.0,19562.0,17886.958333333332
2019-02-12,14970.0,19815.0,17504.875
2019-02-13,17437.0,21727.0,18840.333333333332
2019-02-14,16728.0,20192.0,18099.791666666668
2019-02-15,15679.0,19564.0,17895.708333333332
2019-02-16,15590.0,18270.0,17155.75
2019-02-17,15277.0,18615.0,16989.208333333332
2019-02-18,15903.0,20423.0,18493.416666666668
2019-02-19,17357.0,20997.0,19432.875
2019-02-20,17401.0,20299.0,18952.791666666668
2019-02-21,16177.0,19470.0,18065.208333333332
2019-02-22,16221.0,19714.0,18401.958333333332
2019-02-23,15554.0,18450.0,17244.708333333332
2019-02-24,15022.0,18466.0,16623.208333333332
2019-02-25,16662.0,20963.0,18422.5
2019-02-26,16482.0,20109.0,18405.791666666668
2019-02-27,15362.0,18921.0,17297.833333333332
2019-02-28,14734.0,19316.0,17204.0
2019-03-01,15687.0,18678.0,17617.416666666668
2019-03-02,15469.0,18274.0,17006.291666666668
2019-03-03,15222.0,20143.0,17597.25
2019-03-04,19220.0,24386.0,22243.416666666668
2019-03-05,19638.0,25426.0,22436.625
2019-03-06,18976.0,25218.0,21710.208333333332
2019-03-07,18144.0,22523.0,19802.083333333332
2019-03-08,16145.0,18907.0,17858.666666666668
2019-03-09,14250.0,17805.0,16182.541666666666
2019-03-10,14259.0,18547.0,16420.125
2019-03-11,14437.0,18861.0,17135.416666666668
2019-03-12,14939.0,18995.0,17337.083333333332
2019-03-13,14325.0,18899.0,16839.375
2019-03-14,14877.0,18705.0,17187.625
2019-03-15,14567.0,18353.0,16891.125
2019-03-16,15341.0,18391.0,17125.666666666668
2019-03-17,16237.0,18612.0,17274.958333333332
2019-03-18,15587.0,19511.0,17785.5
2019-03-19,15453.0,19628.0,17549.958333333332
2019-03-20,15645.0,19707.0,17466.083333333332
2019-03-21,15208.0,19319.0,17293.541666666668
2019-03-22,15030.0,18606.0,16862.125
2019-03-23,14658.0,17164.0,16143.958333333334
2019-03-24,13722.0,17666.0,15659.166666666666
2019-03-25,14232.0,19173.0,17070.291666666668
2019-03-26,14646.0,18631.0,16936.25
2019-03-27,15398.0,19430.0,17134.916666666668
2019-03-28,14223.0,18060.0,16587.708333333332
2019-03-29,14005.0,17761.0,16394.166666666668
2019-03-30,13980.0,17763.0,16159.041666666666
2019-03-31,14738.0,18383.0,16682.875
2019-04-01,16661.0,20542.0,18316.708333333332
2019-04-02,15801.0,20730.0,17849.083333333332
2019-04-03,15078.0,18952.0,17187.166666666668
2019-04-04,14063.0,18700.0,16702.75
2019-04-05,14724.0,20161.0,17824.25
2019-04-06,14257.0,18807.0,16904.083333333332
2019-04-07,14564.0,18872.0,16887.166666666668
2019-04-08,14365.0,19388.0,17274.958333333332
2019-04-09,14506.0,20756.0,17807.666666666668
2019-04-10,14512.0,21966.0,18383.916666666668
2019-04-11,14528.0,20258.0,17731.875
2019-04-12,14699.0,19780.0,17641.791666666668
2019-04-13,14417.0,18539.0,16790.625
2019-04-14,14444.0,18132.0,16288.625
2019-04-15,14996.0,18545.0,17208.0
2019-04-16,14089.0,19598.0,17275.25
2019-04-17,14132.0,19477.0,17161.125
2019-04-18,14665.0,18647.0,17120.541666666668
2019-04-19,14585.0,17749.0,16504.875
2019-04-20,14290.0,16273.0,15423.333333333334
2019-04-21,13405.0,17638.0,15668.75
2019-04-22,13604.0,19493.0,16960.25
2019-04-23,14202.0,19670.0,17276.333333333332
2019-04-24,14304.0,20284.0,17568.583333333332
2019-04-25,14345.0,18976.0,17183.333333333332
2019-04-26,14287.0,19542.0,17243.625
2019-04-27,14362.0,19297.0,16991.708333333332
2019-04-28,13811.0,19287.0,16675.833333333332
2019-04-29,14572.0,22107.0,18549.583333333332
2019-04-30,15240.0,22439.0,19150.541666666668
2019-05-01,15862.0,22705.0,19468.125
2019-05-02,15731.0,22677.0,19379.833333333332
2019-05-03,15395.0,21850.0,18835.583333333332
2019-05-04,14935.0,19545.0,17461.541666666668
2019-05-05,14264.0,21161.0,17671.416666666668
2019-05-06,14778.0,23847.0,19383.041666666668
2019-05-07,15309.0,24439.0,19908.166666666668
2019-05-08,15678.0,23463.0,19809.875
2019-05-09,15842.0,23029.0,19713.833333333332
2019-05-10,15704.0,21126.0,18670.041666666668
2019-05-11,14647.0,19061.0,17203.541666666668
2019-05-12,14576.0,19753.0,17353.125
2019-05-13,14292.0,20983.0,17964.625
2019-05-14,14924.0,22450.0,18701.833333333332
2019-05-15,14917.0,23835.0,19350.958333333332
2019-05-16,15860.0,25785.0,20726.916666666668
2019-05-17,15999.0,25532.0,20673.125
2019-05-18,16220.0,23393.0,19935.666666666668
2019-05-19,16571.0,23014.0,19914.083333333332
2019-05-20,16060.0,25043.0,20871.958333333332
2019-05-21,17311.0,26176.0,21840.25
2019-05-22,17693.0,26857.0,22319.375
2019-05-23,18379.0,28115.0,23137.083333333332
2019-05-24,18162.0,28425.0,23162.833333333332
2019-05-25,16904.0,27420.0,22121.25
2019-05-26,16466.0,27698.0,21965.291666666668
2019-05-27,16933.0,26872.0,21822.958333333332
2019-05-28,17628.0,27871.0,22835.791666666668
2019-05-29,17979.0,27368.0,22661.875
2019-05-30,17774.0,27127.0,22508.291666666668
2019-05-31,17238.0,26292.0,21793.208333333332
2019-06-01,16895.0,27615.0,22249.541666666668
2019-06-02,16718.0,27583.0,22205.416666666668
2019-06-03,17878.0,29169.0,23452.125
2019-06-04,18817.0,29385.0,24128.291666666668
2019-06-05,18665.0,25507.0,22165.708333333332
2019-06-06,17146.0,23129.0,20503.333333333332
2019-06-07,17177.0,24802.0,21103.416666666668
2019-06-08,16879.0,25406.0,21148.25
2019-06-09,16638.0,27549.0,22208.041666666668
2019-06-10,18077.0,27595.0,22875.291666666668
2019-06-11,16845.0,24931.0,20765.833333333332
2019-06-12,15949.0,25959.0,20689.625
2019-06-13,16016.0,25710.0,20596.5
2019-06-14,15985.0,26544.0,21113.291666666668
2019-06-15,16957.0,26338.0,21741.791666666668
2019-06-16,17473.0,25966.0,21930.75
2019-06-17,17811.0,26292.0,22307.625
2019-06-18,17222.0,26238.0,21907.333333333332
2019-06-19,17999.0,29540.0,23650.625
2019-06-20,18847.0,29269.0,24077.5
2019-06-21,19919.0,30210.0,25110.125
2019-06-22,19561.0,29393.0,24564.791666666668
2019-06-23,19390.0,28728.0,24149.291666666668
2019-06-24,19491.0,27599.0,23688.875
2019-06-25,17857.0,26641.0,22362.333333333332
2019-06-26,17779.0,28393.0,23122.5
2019-06-27,18013.0,28696.0,23366.25
2019-06-28,18269.0,27932.0,22956.541666666668
2019-06-29,17281.0,25499.0,21554.25
2019-06-30,16682.0,25716.0,21409.833333333332
2019-07-01,17392.0,28070.0,22919.166666666668
2019-07-02,18552.0,28728.0,23691.25
2019-07-03,18157.0,27044.0,22712.25
2019-07-04,17648.0,26687.0,22169.375
2019-07-05,18409.0,30605.0,24341.416666666668
2019-07-06,17984.0,29645.0,23835.583333333332
2019-07-07,18533.0,29843.0,24207.583333333332
2019-07-08,19329.0,30508.0,24979.083333333332
2019-07-09,20029.0,31841.0,25940.875
2019-07-10,20464.0,31076.0,25835.666666666668
2019-07-11,19743.0,29146.0,24480.541666666668
2019-07-12,19434.0,28693.0,24057.125
2019-07-13,18661.0,23743.0,21487.375
2019-07-14,16842.0,21005.0,19289.041666666668
2019-07-15,16396.0,22565.0,19837.083333333332
2019-07-16,17286.0,25329.0,21534.75
2019-07-17,18799.0,29078.0,23971.0
2019-07-18,19132.0,30198.0,24657.0
2019-07-19,19331.0,29404.0,24319.958333333332
2019-07-20,18746.0,27663.0,23377.458333333332
2019-07-21,18008.0,25988.0,22187.458333333332
2019-07-22,18213.0,26797.0,22675.958333333332
2019-07-23,18018.0,24498.0,21363.833333333332
2019-07-24,16430.0,26218.0,20974.583333333332
2019-07-25,16426.0,26902.0,21455.541666666668
2019-07-26,16814.0,27182.0,21942.416666666668
2019-07-27,17154.0,26265.0,21750.0
2019-07-28,16752.0,26064.0,21583.0
2019-07-29,17929.0,27557.0,22876.125
2019-07-30,18439.0,26177.0,22522.458333333332
2019-07-31,17610.0,26985.0,22390.0
2019-08-01,17864.0,27932.0,22988.166666666668
2019-08-02,18059.0,27638.0,22847.5
2019-08-03,17608.0,26955.0,22424.041666666668
2019-08-04,17704.0,26555.0,22180.333333333332
2019-08-05,18244.0,29155.0,23781.166666666668
2019-08-06,18811.0,30233.0,24525.958333333332
2019-08-07,19553.0,30837.0,25196.75
2019-08-08,20092.0,30403.0,25262.875
2019-08-09,19850.0,29474.0,24686.75
2019-08-10,19319.0,28778.0,23930.083333333332
2019-08-11,18962.0,29098.0,23931.625
2019-08-12,19923.0,32311.0,26128.583333333332
2019-08-13,20587.0,32267.0,26337.458333333332
2019-08-14,20638.0,30098.0,25338.291666666668
2019-08-15,19379.0,29717.0,24417.75
2019-08-16,19235.0,31781.0,25259.541666666668
2019-08-17,18876.0,29178.0,24018.5
2019-08-18,18994.0,28534.0,23876.458333333332
2019-08-19,19451.0,29683.0,24672.541666666668
2019-08-20,19026.0,28848.0,24026.708333333332
2019-08-21,19228.0,28733.0,24095.791666666668
2019-08-22,18897.0,28025.0,23555.833333333332
2019-08-23,19000.0,26524.0,22762.541666666668
2019-08-24,17692.0,24786.0,21300.0
2019-08-25,17495.0,24417.0,21063.75
2019-08-26,17282.0,26032.0,21883.791666666668
2019-08-27,18429.0,27623.0,23076.291666666668
2019-08-28,18721.0,27435.0,22956.958333333332
2019-08-29,18315.0,28728.0,23339.041666666668
2019-08-30,18298.0,29344.0,23571.833333333332
2019-08-31,17653.0,28456.0,22847.333333333332
2019-09-01,17177.0,27658.0,22241.25
2019-09-02,17319.0,27630.0,22290.5
2019-09-03,18412.0,31194.0,24671.458333333332
2019-09-04,18612.0,31771.0,24994.083333333332
2019-09-05,19077.0,31687.0,25111.75
2019-09-06,19235.0,31685.0,25066.791666666668
2019-09-07,18904.0,30878.0,24552.583333333332
2019-09-08,18466.0,29939.0,24107.833333333332
2019-09-09,19293.0,29864.0,24644.25
2019-09-10,19377.0,29105.0,24188.166666666668
2019-09-11,18925.0,29625.0,24191.75
2019-09-12,18797.0,30558.0,24507.541666666668
2019-09-13,18660.0,30858.0,24402.75
2019-09-14,18488.0,29529.0,23672.166666666668
2019-09-15,17641.0,28322.0,22820.166666666668
2019-09-16,18351.0,29884.0,24075.291666666668
2019-09-17,18281.0,28939.0,23580.625
2019-09-18,18564.0,28446.0,23435.583333333332
2019-09-19,18472.0,26830.0,22631.375
2019-09-20,17490.0,23634.0,20578.541666666668
2019-09-21,16641.0,25470.0,20823.125
2019-09-22,16794.0,25589.0,21127.333333333332
2019-09-23,17427.0,27255.0,22344.166666666668
2019-09-24,17566.0,27163.0,22224.083333333332
2019-09-25,17540.0,27482.0,22365.0
2019-09-26,17440.0,27111.0,22170.458333333332
2019-09-27,17257.0,26936.0,21989.75
2019-09-28,17489.0,26797.0,21996.583333333332
2019-09-29,17274.0,26640.0,21838.375
2019-09-30,17912.0,28269.0,23065.583333333332
2019-10-01,18224.0,28516.0,23309.25
2019-10-02,18602.0,29019.0,23609.208333333332
2019-10-03,18356.0,28543.0,23306.208333333332
2019-10-04,18142.0,26826.0,22335.416666666668
2019-10-05,16883.0,25301.0,20863.25
2019-10-06,16910.0,24931.0,20754.875
2019-10-07,16755.0,23257.0,20224.041666666668
2019-10-08,15466.0,22291.0,18895.25
2019-10-09,14943.0,23517.0,19214.375
2019-10-10,16074.0,25073.0,20665.458333333332
2019-10-11,17121.0,22516.0,19841.416666666668
2019-10-12,15315.0,18467.0,17117.958333333332
2019-10-13,14085.0,18504.0,16276.333333333334
2019-10-14,14688.0,20954.0,18265.458333333332
2019-10-15,15441.0,22189.0,19215.333333333332
2019-10-16,15873.0,19386.0,17985.833333333332
2019-10-17,14633.0,18590.0,17002.916666666668
2019-10-18,14256.0,17618.0,16431.958333333332
2019-10-19,13838.0,18997.0,16497.75
2019-10-20,14087.0,21305.0,17738.333333333332
2019-10-21,15535.0,20214.0,18252.333333333332
2019-10-22,14022.0,18376.0,16496.958333333332
2019-10-23,14528.0,18364.0,16809.416666666668
2019-10-24,13946.0,18602.0,16671.75
2019-10-25,14147.0,17897.0,16528.875
2019-10-26,14443.0,17304.0,16009.791666666666
2019-10-27,13638.0,17559.0,15559.375
2019-10-28,13677.0,18531.0,16546.458333333332
2019-10-29,13903.0,19048.0,16833.875
2019-10-30,14660.0,19817.0,17564.375
2019-10-31,14670.0,19770.0,17777.625
2019-11-01,16679.0,21330.0,18339.041666666668
2019-11-02,16110.0,18977.0,17370.0
2019-11-03,15811.0,18292.0,16743.291666666668
2019-11-04,15474.0,18781.0,17284.25
2019-11-05,14583.0,18821.0,16870.291666666668
2019-11-06,14542.0,18609.0,16741.875
2019-11-07,14472.0,19174.0,17028.333333333332
2019-11-08,15261.0,19828.0,17948.958333333332
2019-11-09,15974.0,20216.0,17954.583333333332
2019-11-10,16126.0,18276.0,17144.875
2019-11-11,14559.0,20013.0,17537.25
2019-11-12,16830.0,25035.0,21232.333333333332
2019-11-13,18791.0,26953.0,22656.416666666668
2019-11-14,20594.0,24182.0,21954.791666666668
2019-11-15,18463.0,23368.0,20458.958333333332
2019-11-16,16891.0,21488.0,19217.416666666668
2019-11-17,17071.0,20648.0,18726.5
2019-11-18,16790.0,20483.0,18486.333333333332
2019-11-19,16761.0,20039.0,18082.625
2019-11-20,15917.0,19198.0,17583.25
2019-11-21,15338.0,19058.0,17423.541666666668
2019-11-22,14655.0,19069.0,17196.666666666668
2019-11-23,14644.0,18185.0,16530.708333333332
2019-11-24,16759.0,19217.0,17848.875
2019-11-25,16846.0,20699.0,18408.166666666668
2019-11-26,15269.0,20133.0,17882.208333333332
2019-11-27,15065.0,18597.0,17078.041666666668
2019-11-28,15381.0,18456.0,16683.333333333332
2019-11-29,14705.0,17978.0,16495.708333333332
2019-11-30,14213.0,18590.0,16441.291666666668
2019-12-01,14340.0,19254.0,16601.875
2019-12-02,17177.0,21995.0,19593.291666666668
2019-12-03,17742.0,23610.0,20088.833333333332
2019-12-04,17516.0,21355.0,18861.833333333332
2019-12-05,16525.0,19965.0,17842.833333333332
2019-12-06,15177.0,18836.0,17314.0
2019-12-07,15100.0,18468.0,16881.041666666668
2019-12-08,15689.0,18395.0,16996.833333333332
2019-12-09,15018.0,19898.0,17597.166666666668
2019-12-10,15112.0,21506.0,18332.666666666668
2019-12-11,18729.0,22777.0,20408.458333333332
2019-12-12,18640.0,23616.0,20602.833333333332
2019-12-13,17766.0,21039.0,19172.458333333332
2019-12-14,16397.0,18735.0,17634.416666666668
2019-12-15,15363.0,18869.0,17045.875
2019-12-16,15597.0,20530.0,18321.5
2019-12-17,16739.0,23581.0,20262.25
2019-12-18,19872.0,25246.0,22271.083333333332
2019-12-19,19378.0,26006.0,22387.625
2019-12-20,18811.0,24398.0,21055.416666666668
2019-12-21,18237.0,20610.0,19273.291666666668
2019-12-22,17515.0,19977.0,18689.333333333332
2019-12-23,17207.0,20723.0,18822.875
2019-12-24,16346.0,18893.0,17406.958333333332
2019-12-25,14754.0,16719.0,15698.25
2019-12-26,13775.0,18016.0,15971.625
2019-12-27,14695.0,18463.0,16851.208333333332
2019-12-28,14608.0,18428.0,16643.458333333332
2019-12-29,14160.0,18422.0,16284.666666666666
2019-12-30,15983.0,20659.0,18527.666666666668
2019-12-31,18139.0,21313.0,19443.125
2020-01-01,16877.0,20047.0,18553.75
2020-01-02,15776.0,19962.0,18034.791666666668
2020-01-03,15757.0,19013.0,17680.041666666668
2020-01-04,15662.0,19507.0,17616.083333333332
2020-01-05,15957.0,20065.0,17920.833333333332
2020-01-06,16132.0,19919.0,18051.166666666668
2020-01-07,16013.0,20533.0,18300.416666666668
2020-01-08,17219.0,22540.0,19268.166666666668
2020-01-09,16617.0,19738.0,18241.0
2020-01-10,15213.0,18536.0,17154.291666666668
2020-01-11,15112.0,18464.0,16683.75
2020-01-12,16501.0,20255.0,18136.291666666668
2020-01-13,16359.0,19579.0,18103.833333333332
2020-01-14,16004.0,19387.0,17944.708333333332
2020-01-15,14750.0,19038.0,16997.916666666668
2020-01-16,14580.0,19223.0,17098.75
2020-01-17,15908.0,19162.0,17840.916666666668
2020-01-18,14942.0,18673.0,16906.208333333332
2020-01-19,16000.0,21009.0,18608.833333333332
2020-01-20,19471.0,23794.0,21424.125
2020-01-21,20340.0,25937.0,22722.708333333332
2020-01-22,19591.0,25137.0,21913.625
2020-01-23,19018.0,22363.0,20266.541666666668
2020-01-24,18010.0,22098.0,19644.958333333332
2020-01-25,16872.0,21253.0,18883.125
2020-01-26,16676.0,19015.0,17791.375
2020-01-27,16555.0,20134.0,18392.541666666668
2020-01-28,16854.0,20604.0,18367.958333333332
2020-01-29,16996.0,20823.0,19153.375
2020-01-30,17837.0,21528.0,19247.5
2020-01-31,16993.0,20523.0,18523.458333333332
2020-02-01,16606.0,19656.0,17996.5
2020-02-02,15798.0,18994.0,17213.0
2020-02-03,15012.0,18592.0,17068.791666666668
2020-02-04,14717.0,18298.0,16617.541666666668
2020-02-05,14729.0,18874.0,17000.916666666668
2020-02-06,16235.0,22339.0,19563.625
2020-02-07,17627.0,24348.0,20380.958333333332
2020-02-08,16914.0,20084.0,18353.833333333332
2020-02-09,15864.0,17521.0,16597.416666666668
2020-02-10,14626.0,19082.0,17069.458333333332
2020-02-11,15050.0,19158.0,17340.625
2020-02-12,16201.0,19769.0,18180.333333333332
2020-02-13,16393.0,22001.0,19452.208333333332
2020-02-14,18960.0,24053.0,20885.5
2020-02-15,16381.0,21626.0,18960.625
2020-02-16,15933.0,18191.0,17105.416666666668
2020-02-17,14892.0,18796.0,17157.458333333332
2020-02-18,14876.0,19199.0,17249.916666666668
2020-02-19,15114.0,19407.0,17402.583333333332
2020-02-20,16594.0,22174.0,19648.75
2020-02-21,19817.0,25288.0,21956.333333333332
2020-02-22,16981.0,23198.0,20046.0
2020-02-23,16612.0,19258.0,17869.75
2020-02-24,15045.0,18649.0,17058.916666666668
2020-02-25,15304.0,18892.0,17277.166666666668
2020-02-26,15568.0,21528.0,18665.5
2020-02-27,18738.0,24391.0,20928.833333333332
2020-02-28,16526.0,22846.0,19058.458333333332
2020-02-29,15810.0,19507.0,17403.791666666668
2020-03-01,14599.0,17628.0,16028.958333333334
2020-03-02,14472.0,18446.0,16648.875
2020-03-03,14548.0,18767.0,16932.541666666668
2020-03-04,14297.0,18219.0,16564.0
2020-03-05,14893.0,18603.0,16928.291666666668
2020-03-06,15215.0,19003.0,17072.666666666668
2020-03-07,15522.0,19308.0,17151.333333333332
2020-03-08,15548.0,17943.0,16604.375
2020-03-09,14254.0,18812.0,16777.666666666668
2020-03-10,14448.0,18573.0,16807.458333333332
2020-03-11,14560.0,18908.0,17161.583333333332
2020-03-12,14575.0,19384.0,17350.791666666668
2020-03-13,14621.0,18490.0,17053.208333333332
2020-03-14,14643.0,18190.0,16712.791666666668
2020-03-15,14677.0,19293.0,17187.625
2020-03-16,15427.0,20064.0,18168.75
2020-03-17,15049.0,19794.0,17850.25
2020-03-18,15160.0,20057.0,17928.75
2020-03-19,15631.0,21028.0,18638.0
2020-03-20,15464.0,20162.0,18096.916666666668
2020-03-21,15018.0,18010.0,16907.791666666668
2020-03-22,14765.0,18693.0,16785.083333333332
2020-03-23,15058.0,20389.0,18224.583333333332
2020-03-24,15249.0,20410.0,18276.25
2020-03-25,15353.0,20488.0,18180.125
2020-03-26,15291.0,21862.0,18649.666666666668
2020-03-27,15483.0,21939.0,18765.916666666668
2020-03-28,15863.0,21139.0,18641.958333333332
2020-03-29,14825.0,18902.0,16988.791666666668
2020-03-30,14587.0,20059.0,17660.5
2020-03-31,14755.0,18789.0,17181.208333333332
2020-04-01,15071.0,18869.0,17272.291666666668
2020-04-02,13782.0,18009.0,16189.416666666666
2020-04-03,14162.0,18552.0,16603.333333333332
2020-04-04,14005.0,17961.0,16160.083333333334
2020-04-05,13938.0,18620.0,16363.5
2020-04-06,14229.0,20725.0,17719.791666666668
2020-04-07,14827.0,21793.0,18451.916666666668
2020-04-08,14994.0,22541.0,18819.666666666668
2020-04-09,15299.0,20164.0,17943.791666666668
2020-04-10,14272.0,17235.0,16195.625
2020-04-11,13952.0,16764.0,15543.458333333334
2020-04-12,13721.0,18180.0,16373.916666666666
2020-04-13,14720.0,18694.0,16934.916666666668
2020-04-14,14523.0,18133.0,16579.875
2020-04-15,14647.0,17409.0,16230.208333333334
2020-04-16,14484.0,17308.0,16125.708333333334
2020-04-17,13298.0,17909.0,15986.375
2020-04-18,13638.0,17714.0,15760.791666666666
2020-04-19,13927.0,18705.0,16576.0
2020-04-20,13853.0,19089.0,16672.375
2020-04-21,13920.0,20092.0,17053.958333333332
2020-04-22,13910.0,19440.0,16948.583333333332
2020-04-23,14751.0,19960.0,17457.458333333332
2020-04-24,13711.0,20074.0,16937.75
2020-04-25,13840.0,18511.0,16282.708333333334
2020-04-26,13792.0,18178.0,15912.625
2020-04-27,13534.0,19087.0,16517.666666666668
2020-04-28,13895.0,19864.0,17033.333333333332
2020-04-29,14418.0,18634.0,16704.208333333332
2020-04-30,13682.0,18391.0,16158.291666666666
2020-05-01,13645.0,19906.0,16695.833333333332
2020-05-02,13439.0,20070.0,16733.166666666668
2020-05-03,13613.0,20709.0,17096.541666666668
2020-05-04,13999.0,22476.0,18181.708333333332
2020-05-05,14989.0,22694.0,18765.916666666668
2020-05-06,14806.0,19972.0,17328.875
2020-05-07,14252.0,19763.0,17016.25
2020-05-08,13916.0,18613.0,16564.833333333332
2020-05-09,14509.0,17696.0,16232.208333333334
2020-05-10,13213.0,17486.0,15268.791666666666
2020-05-11,13251.0,18887.0,16309.666666666666
2020-05-12,14082.0,20246.0,17312.875
2020-05-13,14567.0,22251.0,18440.666666666668
2020-05-14,14657.0,21413.0,18215.083333333332
2020-05-15,14809.0,21419.0,18261.958333333332
2020-05-16,14402.0,20382.0,17558.083333333332
2020-05-17,14262.0,19733.0,17065.541666666668
2020-05-18,14120.0,21860.0,18038.875
2020-05-19,14427.0,22843.0,18645.291666666668
2020-05-20,15036.0,22596.0,18775.083333333332
2020-05-21,14598.0,23256.0,18960.875
2020-05-22,15986.0,24895.0,20514.75
2020-05-23,16277.0,24706.0,20579.791666666668
2020-05-24,15421.0,23852.0,19742.958333333332
2020-05-25,15132.0,22651.0,19068.541666666668
2020-05-26,15337.0,22906.0,19401.375
2020-05-27,14808.0,22293.0,18587.125
2020-05-28,15362.0,22729.0,19167.458333333332
2020-05-29,15299.0,22800.0,19174.25
2020-05-30,14741.0,23147.0,18844.791666666668
2020-05-31,14465.0,23351.0,18938.708333333332
2020-06-01,15357.0,24722.0,20010.875
2020-06-02,15652.0,24907.0,20346.458333333332
2020-06-03,16647.0,25205.0,21022.708333333332
2020-06-04,16893.0,26503.0,21891.875
2020-06-05,16900.0,27577.0,22159.25
2020-06-06,16890.0,27210.0,22048.166666666668
2020-06-07,16257.0,23667.0,20306.791666666668
2020-06-08,16711.0,23033.0,20129.833333333332
2020-06-09,16999.0,26696.0,21876.208333333332
2020-06-10,17544.0,25133.0,21092.0
2020-06-11,15312.0,25176.0,19972.083333333332
2020-06-12,15580.0,26122.0,20519.166666666668
2020-06-13,15176.0,25725.0,20139.583333333332
2020-06-14,15463.0,26025.0,20705.0
2020-06-15,16793.0,28300.0,22558.708333333332
2020-06-16,16918.0,27265.0,21974.541666666668
2020-06-17,16620.0,27877.0,22099.208333333332
2020-06-18,16752.0,27672.0,22143.458333333332
2020-06-19,16985.0,27918.0,22381.458333333332
2020-06-20,16662.0,27468.0,22051.791666666668
2020-06-21,16541.0,25431.0,21282.291666666668
2020-06-22,17719.0,26137.0,22125.791666666668
2020-06-23,16648.0,24056.0,20433.916666666668
2020-06-24,16636.0,23777.0,20420.0
2020-06-25,15835.0,23507.0,19962.0
2020-06-26,17108.0,24233.0,20785.708333333332
2020-06-27,16364.0,24066.0,20315.041666666668
2020-06-28,16816.0,25539.0,21431.083333333332
2020-06-29,18134.0,26827.0,22704.041666666668
2020-06-30,18276.0,27158.0,22791.208333333332
2020-07-01,18610.0,29013.0,23754.541666666668
2020-07-02,18944.0,29775.0,24269.083333333332
2020-07-03,18449.0,28024.0,23196.625
2020-07-04,17417.0,25713.0,21661.583333333332
2020-07-05,16603.0,24105.0,20681.458333333332
2020-07-06,17312.0,25219.0,21453.875
2020-07-07,17361.0,24838.0,21274.125
2020-07-08,17623.0,26645.0,22282.75
2020-07-09,18741.0,29700.0,24202.666666666668
2020-07-10,19454.0,30320.0,24906.791666666668
2020-07-11,18338.0,29796.0,24154.333333333332
2020-07-12,18501.0,29969.0,24298.25
2020-07-13,19578.0,30791.0,25135.0
2020-07-14,19257.0,30225.0,24743.75
2020-07-15,19660.0,29744.0,24795.75
2020-07-16,19360.0,29782.0,24579.083333333332
2020-07-17,19134.0,29340.0,24179.291666666668
2020-07-18,18092.0,28703.0,23437.0
2020-07-19,17934.0,27540.0,23005.333333333332
2020-07-20,18565.0,28155.0,23533.375
2020-07-21,18811.0,28535.0,23785.833333333332
2020-07-22,18812.0,28870.0,23831.125
2020-07-23,18663.0,28299.0,23571.708333333332
2020-07-24,18908.0,26786.0,22910.333333333332
2020-07-25,17929.0,24104.0,21171.833333333332
2020-07-26,17255.0,23511.0,20586.0
2020-07-27,17717.0,24780.0,21428.0
2020-07-28,17785.0,25171.0,21759.0
2020-07-29,18186.0,26735.0,22693.041666666668
2020-07-30,18675.0,28707.0,23763.916666666668
2020-07-31,18916.0,27902.0,23376.375
2020-08-01,17908.0,26221.0,22086.791666666668
2020-08-02,17075.0,25799.0,21427.5
2020-08-03,17548.0,28629.0,22988.875
2020-08-04,18098.0,28703.0,23260.0
2020-08-05,17527.0,28107.0,22634.625
2020-08-06,17832.0,29333.0,23299.0
2020-08-07,17735.0,28767.0,23068.916666666668
2020-08-08,17929.0,28866.0,23375.791666666668
2020-08-09,18353.0,28880.0,23676.666666666668
2020-08-10,19171.0,30885.0,24981.958333333332
2020-08-11,19684.0,30866.0,25160.0
2020-08-12,19546.0,29643.0,24528.625
2020-08-13,19036.0,28377.0,23672.25
2020-08-14,19035.0,27691.0,23382.333333333332
2020-08-15,18181.0,28322.0,23187.25
2020-08-16,18614.0,29955.0,24120.833333333332
2020-08-17,18620.0,30091.0,24156.791666666668
2020-08-18,18122.0,29544.0,23532.125
2020-08-19,18146.0,28187.0,23016.541666666668
2020-08-20,17726.0,27639.0,22538.833333333332
2020-08-21,17380.0,26846.0,22014.541666666668
2020-08-22,17104.0,26981.0,21993.666666666668
2020-08-23,17159.0,27349.0,22174.375
2020-08-24,17871.0,27544.0,22740.125
2020-08-25,18394.0,27343.0,22906.875
2020-08-26,18429.0,26734.0,22623.666666666668
2020-08-27,18295.0,24793.0,21586.5
2020-08-28,14885.0,21872.0,18384.875
2020-08-29,15307.0,25505.0,20427.416666666668
2020-08-30,15197.0,23932.0,19738.875
2020-08-31,16353.0,26263.0,21423.25
2020-09-01,17095.0,26875.0,21937.25
2020-09-02,17008.0,25733.0,21191.625
2020-09-03,16614.0,25807.0,21073.958333333332
2020-09-04,16722.0,26269.0,21339.166666666668
2020-09-05,16439.0,25212.0,20577.125
2020-09-06,15362.0,25531.0,20089.208333333332
2020-09-07,15185.0,27110.0,20938.375
2020-09-08,16018.0,27333.0,21581.75
2020-09-09,16449.0,27319.0,21742.208333333332
2020-09-10,16646.0,27933.0,22077.25
2020-09-11,16666.0,26607.0,21526.791666666668
2020-09-12,16588.0,25097.0,20757.875
2020-09-13,16220.0,24476.0,20243.375
2020-09-14,16868.0,25146.0,20935.416666666668
2020-09-15,16425.0,23457.0,19935.875
2020-09-16,16356.0,24404.0,20296.833333333332
2020-09-17,16171.0,24811.0,20391.708333333332
2020-09-18,15764.0,22148.0,18830.291666666668
2020-09-19,14500.0,20439.0,17372.0
2020-09-20,14042.0,18649.0,16405.791666666668
2020-09-21,14289.0,19047.0,16940.541666666668
2020-09-22,14496.0,19116.0,17065.916666666668
2020-09-23,14477.0,19894.0,17533.791666666668
2020-09-24,14608.0,20095.0,17453.583333333332
2020-09-25,14145.0,21141.0,17712.75
2020-09-26,14049.0,20744.0,17364.625
2020-09-27,14278.0,22467.0,18192.083333333332
2020-09-28,15576.0,20103.0,17943.166666666668
2020-09-29,13777.0,18158.0,16136.333333333334
2020-09-30,13398.0,20271.0,16684.458333333332
2020-10-01,13544.0,20349.0,16921.25
2020-10-02,13756.0,18357.0,16188.875
2020-10-03,13152.0,17294.0,15245.125
2020-10-04,12660.0,18524.0,15543.333333333334
2020-10-05,13374.0,19207.0,16371.166666666666
2020-10-06,13631.0,20362.0,17068.958333333332
2020-10-07,13581.0,21724.0,17641.833333333332
2020-10-08,15056.0,20423.0,18009.083333333332
2020-10-09,14703.0,18585.0,16957.875
2020-10-10,14191.0,17589.0,16035.833333333334
2020-10-11,11970.0,20281.0,16070.166666666666
2020-10-12,13634.0,22406.0,18037.875
2020-10-13,14418.0,20212.0,17185.5
2020-10-14,13918.0,21213.0,17436.375
2020-10-15,13778.0,20475.0,17219.041666666668
2020-10-16,14204.0,16904.0,15863.833333333334
2020-10-17,13406.0,16738.0,15289.666666666666
2020-10-18,13218.0,20062.0,16598.166666666668
2020-10-19,14576.0,21946.0,18350.875
2020-10-20,14553.0,22463.0,18459.833333333332
2020-10-21,14993.0,23611.0,19214.041666666668
2020-10-22,15271.0,23090.0,19217.125
2020-10-23,15388.0,21203.0,18308.125
2020-10-24,14448.0,18256.0,16415.541666666668
2020-10-25,13842.0,18061.0,16049.291666666666
2020-10-26,14157.0,19341.0,16970.333333333332
2020-10-27,14626.0,20081.0,17731.166666666668
2020-10-28,15326.0,18985.0,17522.25
2020-10-29,14196.0,18181.0,16532.916666666668
2020-10-30,13745.0,16232.0,15057.791666666666
2020-10-31,13663.0,15357.0,14417.416666666666
2020-11-01,13173.0,17171.0,15250.166666666666
2020-11-02,14024.0,18228.0,16457.208333333332
2020-11-03,15928.0,18163.0,16755.666666666668
2020-11-04,14819.0,17932.0,16563.458333333332
2020-11-05,14191.0,18057.0,16488.125
2020-11-06,14142.0,17806.0,16360.666666666666
2020-11-07,13889.0,17616.0,15905.833333333334
2020-11-08,14019.0,18742.0,16428.833333333332
2020-11-09,14236.0,19628.0,17280.25
2020-11-10,14809.0,20304.0,17870.041666666668
2020-11-11,14769.0,19816.0,17718.875
2020-11-12,15002.0,18683.0,17048.916666666668
2020-11-13,14557.0,18363.0,16931.583333333332
2020-11-14,14293.0,18339.0,16510.125
2020-11-15,14027.0,17570.0,15940.291666666666
2020-11-16,15480.0,18872.0,17405.583333333332
2020-11-17,15337.0,18466.0,16961.125
2020-11-18,15570.0,19481.0,17351.333333333332
2020-11-19,15304.0,18286.0,16980.875
2020-11-20,14678.0,18136.0,16868.458333333332
2020-11-21,14435.0,17705.0,16287.291666666666
2020-11-22,13891.0,18212.0,16129.083333333334
2020-11-23,14672.0,18734.0,17024.75
2020-11-24,15578.0,19372.0,17390.5
2020-11-25,14474.0,18479.0,16884.0
2020-11-26,14308.0,16943.0,15419.125
2020-11-27,14380.0,17767.0,16281.916666666666
2020-11-28,14082.0,16808.0,15498.541666666666
2020-11-29,14622.0,18353.0,16455.041666666668
2020-11-30,16488.0,22376.0,19666.208333333332
2020-12-01,17103.0,24796.0,20631.833333333332
2020-12-02,17910.0,23110.0,20065.458333333332
2020-12-03,17502.0,20809.0,19395.5
2020-12-04,17060.0,20604.0,19065.625
2020-12-05,16727.0,20865.0,18678.625
2020-12-06,17193.0,19937.0,18394.916666666668
2020-12-07,17817.0,22331.0,19670.25
2020-12-08,17579.0,22915.0,19681.958333333332
2020-12-09,17431.0,21342.0,18636.416666666668
2020-12-10,16122.0,19889.0,17644.666666666668
2020-12-11,14915.0,18082.0,16721.625
2020-12-12,14767.0,18010.0,16535.875
2020-12-13,15218.0,18963.0,17093.375
2020-12-14,17114.0,22709.0,20046.916666666668
2020-12-15,19846.0,24314.0,21468.25
2020-12-16,19234.0,23554.0,21387.75
2020-12-17,19341.0,25865.0,22226.958333333332
2020-12-18,17660.0,24743.0,20873.166666666668
2020-12-19,18034.0,20695.0,19220.291666666668
2020-12-20,16008.0,19894.0,17735.291666666668
2020-12-21,17026.0,21905.0,18941.583333333332
2020-12-22,17609.0,21745.0,19202.916666666668
2020-12-23,16264.0,19068.0,17755.416666666668
2020-12-24,16216.0,21906.0,19249.166666666668
2020-12-25,16966.0,23643.0,20767.25
2020-12-26,15931.0,22204.0,19589.75
2020-12-27,17517.0,20994.0,19221.25
2020-12-28,15997.0,19700.0,18030.125
2020-12-29,15876.0,19011.0,17682.458333333332
2020-12-30,15168.0,18795.0,17092.75
2020-12-31,15045.0,18681.0,17118.708333333332
2021-01-01,15946.0,18597.0,17434.916666666668
2021-01-02,17249.0,20585.0,18979.625
2021-01-03,16323.0,21321.0,18938.208333333332
2021-01-04,17798.0,21653.0,19195.416666666668
2021-01-05,16746.0,21446.0,18690.25
2021-01-06,17649.0,21490.0,19076.583333333332
2021-01-07,16905.0,21818.0,19671.708333333332
2021-01-08,19464.0,23291.0,21020.666666666668
2021-01-09,18679.0,23733.0,21287.083333333332
2021-01-10,19134.0,23333.0,21254.416666666668
2021-01-11,21594.0,25788.0,23302.75
2021-01-12,20326.0,26966.0,23443.083333333332
2021-01-13,18674.0,25425.0,21790.708333333332
2021-01-14,17643.0,23445.0,20007.916666666668
2021-01-15,17822.0,22531.0,19962.333333333332
2021-01-16,17233.0,22626.0,20047.583333333332
2021-01-17,16596.0,22552.0,19726.625
2021-01-18,17712.0,22844.0,19723.708333333332
2021-01-19,16964.0,20629.0,18531.125
2021-01-20,15779.0,19552.0,17625.416666666668
2021-01-21,15656.0,18800.0,17353.125
2021-01-22,14975.0,18242.0,16881.791666666668
2021-01-23,15592.0,18245.0,17026.791666666668
2021-01-24,15679.0,18207.0,16932.833333333332
2021-01-25,14731.0,18827.0,16958.375
2021-01-26,14724.0,18405.0,16735.75
2021-01-27,15305.0,19475.0,17458.25
2021-01-28,18160.0,23301.0,20094.75
2021-01-29,17393.0,24020.0,19992.125
2021-01-30,16521.0,19191.0,17816.791666666668
2021-01-31,15456.0,18897.0,17018.125
2021-02-01,17217.0,21956.0,19592.0
2021-02-02,18336.0,24347.0,20830.791666666668
2021-02-03,18375.0,24656.0,20839.0
2021-02-04,18097.0,21096.0,19191.0
2021-02-05,16580.0,21256.0,19400.958333333332
2021-02-06,17700.0,20141.0,18607.625
2021-02-07,17404.0,20506.0,18722.125
2021-02-08,17653.0,21917.0,19222.791666666668
2021-02-09,16329.0,19808.0,18332.958333333332
2021-02-10,15858.0,19626.0,17938.541666666668
2021-02-11,16826.0,21011.0,19040.0
2021-02-12,20420.0,24413.0,22611.833333333332
2021-02-13,22118.0,25111.0,23301.166666666668
2021-02-14,24779.0,27353.0,25871.583333333332
2021-02-15,26685.0,33042.0,30517.458333333332
2021-02-16,25032.0,32261.0,28539.333333333332
2021-02-17,22758.0,27135.0,25034.375
2021-02-18,23781.0,27583.0,25752.041666666668
2021-02-19,21372.0,27484.0,24317.791666666668
2021-02-20,17336.0,24669.0,21541.333333333332
2021-02-21,16582.0,21075.0,18871.416666666668
2021-02-22,16717.0,20874.0,19024.375
2021-02-23,15835.0,20681.0,17644.041666666668
2021-02-24,15201.0,18862.0,16967.291666666668
2021-02-25,14767.0,18760.0,16836.5
2021-02-26,14935.0,17946.0,16834.333333333332
2021-02-27,14880.0,18225.0,16784.791666666668
2021-02-28,13783.0,18114.0,16130.666666666666
2021-03-01,14338.0,18924.0,16979.666666666668
2021-03-02,16373.0,21222.0,19025.375
2021-03-03,17510.0,22919.0,19493.5
2021-03-04,16823.0,21151.0,18212.375
2021-03-05,15624.0,19380.0,17288.416666666668
2021-03-06,15831.0,18434.0,16905.666666666668
2021-03-07,15958.0,18757.0,17079.583333333332
2021-03-08,16439.0,20765.0,17882.666666666668
2021-03-09,15530.0,18957.0,17203.625
2021-03-10,14683.0,18040.0,16520.0
2021-03-11,14126.0,18622.0,16606.0
2021-03-12,14304.0,18732.0,16886.208333333332
2021-03-13,14355.0,17888.0,16374.375
2021-03-14,14497.0,18409.0,16539.416666666668
2021-03-15,14511.0,19768.0,17523.916666666668
2021-03-16,14918.0,19818.0,17696.958333333332
2021-03-17,14967.0,19496.0,17581.333333333332
2021-03-18,15187.0,18785.0,17474.125
2021-03-19,15658.0,19573.0,17406.083333333332
2021-03-20,15802.0,19015.0,16888.833333333332
2021-03-21,15357.0,18239.0,16606.25
2021-03-22,14611.0,18497.0,16970.708333333332
2021-03-23,14504.0,18481.0,16719.125
2021-03-24,14644.0,19359.0,17395.916666666668
2021-03-25,14762.0,19132.0,17352.541666666668
2021-03-26,14821.0,18954.0,17178.5
2021-03-27,14733.0,19752.0,17378.666666666668
2021-03-28,14732.0,17823.0,16384.833333333332
2021-03-29,14964.0,18695.0,17079.041666666668
2021-03-30,14153.0,18727.0,16748.75
2021-03-31,15096.0,18674.0,17366.041666666668
2021-04-01,15871.0,19892.0,17524.708333333332
2021-04-02,15005.0,19629.0,16557.708333333332
2021-04-03,15089.0,18656.0,16348.25
2021-04-04,14178.0,17381.0,15929.708333333334
2021-04-05,14017.0,19047.0,17041.583333333332
2021-04-06,14488.0,20062.0,17510.416666666668
2021-04-07,14665.0,20081.0,17656.75
2021-04-08,14684.0,20600.0,17726.25
2021-04-09,14910.0,20661.0,18113.583333333332
2021-04-10,15458.0,19061.0,17343.583333333332
2021-04-11,13887.0,18113.0,15974.666666666666
2021-04-12,14289.0,21243.0,17903.541666666668
2021-04-13,14466.0,19280.0,17205.25
2021-04-14,14594.0,18554.0,17026.333333333332
2021-04-15,14631.0,18247.0,16818.416666666668
2021-04-16,14337.0,17443.0,16364.75
2021-04-17,14463.0,16775.0,15836.083333333334
2021-04-18,14213.0,17113.0,15767.166666666666
2021-04-19,14359.0,17947.0,16676.375
2021-04-20,14253.0,18349.0,16712.458333333332
2021-04-21,15155.0,18046.0,16888.791666666668
2021-04-22,15233.0,18013.0,16713.333333333332
2021-04-23,14151.0,17082.0,16080.041666666666
2021-04-24,14701.0,18642.0,16888.333333333332
2021-04-25,14395.0,18943.0,16582.166666666668
2021-04-26,14214.0,20824.0,17649.958333333332
2021-04-27,14675.0,21234.0,18185.916666666668
2021-04-28,15706.0,22393.0,19193.458333333332
2021-04-29,16229.0,22905.0,19581.708333333332
2021-04-30,15736.0,19797.0,18000.291666666668
2021-05-01,14539.0,19048.0,16831.833333333332
2021-05-02,14407.0,18560.0,16708.041666666668
2021-05-03,15098.0,23350.0,19530.416666666668
2021-05-04,16755.0,23167.0,19998.166666666668
2021-05-05,15420.0,20178.0,17809.0
2021-05-06,14413.0,20349.0,17457.166666666668
2021-05-07,14642.0,19820.0,17320.25
2021-05-08,14361.0,20799.0,17541.166666666668
2021-05-09,14732.0,20993.0,18038.208333333332
2021-05-10,15543.0,21782.0,18877.458333333332
2021-05-11,15395.0,20963.0,18368.791666666668
2021-05-12,15443.0,18977.0,17509.0
2021-05-13,15033.0,19357.0,17427.333333333332
2021-05-14,14762.0,19891.0,17374.875
2021-05-15,14216.0,20328.0,17235.5
2021-05-16,13980.0,20510.0,17397.875
2021-05-17,15020.0,22055.0,18808.375
2021-05-18,15127.0,21514.0,18602.75
2021-05-19,15570.0,20894.0,18461.958333333332
2021-05-20,15450.0,21009.0,18570.541666666668
2021-05-21,15442.0,20629.0,18269.666666666668
2021-05-22,14935.0,21366.0,18284.875
2021-05-23,14925.0,22339.0,18695.583333333332
2021-05-24,15582.0,24054.0,19951.625
2021-05-25,15743.0,23850.0,19932.25
2021-05-26,16453.0,25184.0,20817.416666666668
2021-05-27,16351.0,25730.0,21150.416666666668
2021-05-28,17273.0,24662.0,20975.5
2021-05-29,15624.0,20642.0,18233.25
2021-05-30,14645.0,20593.0,17462.166666666668
2021-05-31,14660.0,22528.0,18411.958333333332
2021-06-01,15483.0,23381.0,19773.416666666668
2021-06-02,16394.0,22989.0,19723.958333333332
2021-06-03,16250.0,23600.0,20066.5
2021-06-04,16373.0,23395.0,20082.583333333332
2021-06-05,15225.0,20157.0,17918.791666666668
2021-06-06,16113.0,21553.0,18970.333333333332
2021-06-07,16714.0,24444.0,20856.166666666668
2021-06-08,18542.0,26933.0,22806.541666666668
2021-06-09,18383.0,26569.0,22513.625
2021-06-10,18720.0,27907.0,23348.625
2021-06-11,18442.0,28160.0,23375.166666666668
2021-06-12,18281.0,28732.0,23520.375
2021-06-13,18297.0,27874.0,23213.166666666668
2021-06-14,19595.0,29687.0,24634.375
2021-06-15,19029.0,29557.0,24227.541666666668
2021-06-16,18791.0,29153.0,23820.0
2021-06-17,18317.0,29404.0,23766.166666666668
2021-06-18,18029.0,27352.0,22823.5
2021-06-19,17360.0,25940.0,21662.333333333332
2021-06-20,17380.0,26226.0,22051.75
2021-06-21,18624.0,26125.0,22376.291666666668
2021-06-22,17717.0,24335.0,21077.416666666668
2021-06-23,16703.0,26356.0,21450.458333333332
2021-06-24,18079.0,28527.0,23339.375
2021-06-25,19172.0,28748.0,23902.25
2021-06-26,18184.0,26703.0,22481.875
2021-06-27,18270.0,26345.0,22511.208333333332
2021-06-28,18487.0,26366.0,22559.916666666668
2021-06-29,18326.0,27228.0,22817.75
2021-06-30,18790.0,28122.0,23460.375
2021-07-01,18108.0,27756.0,23044.75
2021-07-02,19397.0,26831.0,23401.666666666668
2021-07-03,17557.0,25012.0,21343.083333333332
2021-07-04,15765.0,23921.0,19990.916666666668
2021-07-05,17348.0,26698.0,22112.333333333332
2021-07-06,17839.0,25630.0,22109.041666666668
2021-07-07,18231.0,26742.0,22572.125
2021-07-08,18035.0,26227.0,22263.333333333332
2021-07-09,19397.0,26936.0,23411.791666666668
2021-07-10,18254.0,26372.0,22400.125
2021-07-11,18082.0,25755.0,22025.458333333332
2021-07-12,18112.0,25793.0,22065.0
2021-07-13,17404.0,25931.0,21807.375
2021-07-14,18410.0,29124.0,23713.0
2021-07-15,18108.0,28125.0,23342.166666666668
2021-07-16,18821.0,27297.0,23379.791666666668
2021-07-17,17868.0,25263.0,21806.916666666668
2021-07-18,17720.0,25516.0,21779.375
2021-07-19,18221.0,25719.0,22186.958333333332
2021-07-20,17921.0,24092.0,21237.0
2021-07-21,17305.0,26908.0,22080.166666666668
2021-07-22,17781.0,28266.0,23230.166666666668
2021-07-23,19171.0,29332.0,24299.708333333332
2021-07-24,18986.0,29443.0,24256.208333333332
2021-07-25,19161.0,30327.0,24702.458333333332
2021-07-26,19507.0,30434.0,25025.791666666668
2021-07-27,19839.0,30636.0,25200.958333333332
2021-07-28,20206.0,31353.0,25708.958333333332
2021-07-29,20031.0,32010.0,25955.375
2021-07-30,20196.0,32032.0,25934.041666666668
2021-07-31,19701.0,31419.0,25485.916666666668
2021-08-01,19429.0,29639.0,24634.583333333332
2021-08-02,19794.0,27095.0,23592.333333333332
2021-08-03,17785.0,24749.0,21476.041666666668
2021-08-04,17930.0,27253.0,22420.5
2021-08-05,17944.0,28526.0,22998.833333333332
2021-08-06,17806.0,27579.0,22510.583333333332
2021-08-07,17327.0,28034.0,22571.375
2021-08-08,18667.0,28954.0,23792.708333333332
2021-08-09,19890.0,30354.0,25188.083333333332
2021-08-10,20414.0,31399.0,25843.708333333332
2021-08-11,20344.0,31197.0,25652.583333333332
2021-08-12,20129.0,30651.0,25338.791666666668
2021-08-13,19244.0,28912.0,24106.791666666668
2021-08-14,18533.0,27708.0,23161.791666666668
2021-08-15,18827.0,27576.0,23120.166666666668
2021-08-16,18566.0,27773.0,23233.125
2021-08-17,18978.0,28921.0,23921.916666666668
2021-08-18,19270.0,28121.0,23761.833333333332
2021-08-19,19180.0,28300.0,23771.791666666668
2021-08-20,19350.0,28534.0,23851.666666666668
2021-08-21,18891.0,28903.0,23771.916666666668
2021-08-22,19383.0,30495.0,24725.958333333332
2021-08-23,20560.0,32244.0,26300.791666666668
2021-08-24,20267.0,32055.0,25995.916666666668
2021-08-25,20362.0,30990.0,25533.75
2021-08-26,19644.0,29175.0,24355.0
2021-08-27,19087.0,27997.0,23528.666666666668
2021-08-28,18257.0,26977.0,22593.75
2021-08-29,17754.0,24652.0,21369.208333333332
2021-08-30,16553.0,22913.0,20037.458333333332
2021-08-31,13475.0,21352.0,17422.291666666668
2021-09-01,14424.0,23585.0,19051.208333333332
2021-09-02,14670.0,23748.0,18984.083333333332
2021-09-03,14935.0,24398.0,19506.583333333332
2021-09-04,14278.0,25203.0,19559.708333333332
2021-09-05,14737.0,24376.0,19527.791666666668
2021-09-06,15151.0,23655.0,19248.375
2021-09-07,14384.0,24365.0,19259.625
2021-09-08,14983.0,24702.0,19714.416666666668
2021-09-09,15247.0,24300.0,19475.75
2021-09-10,15170.0,24096.0,19337.625
2021-09-11,14760.0,24299.0,19111.125
2021-09-12,15079.0,23969.0,19435.166666666668
2021-09-13,16232.0,23220.0,19885.916666666668
2021-09-14,16932.0,22609.0,20007.75
2021-09-15,16110.0,22155.0,19276.208333333332
2021-09-16,16419.0,23773.0,20158.625
2021-09-17,17676.0,24832.0,21292.166666666668
2021-09-18,16692.0,23703.0,20143.916666666668
2021-09-19,16551.0,24047.0,20226.041666666668
2021-09-20,17531.0,26489.0,22042.708333333332
2021-09-21,18020.0,26149.0,22036.166666666668
2021-09-22,16928.0,21588.0,19231.125
2021-09-23,15265.0,20562.0,17978.041666666668
2021-09-24,15118.0,20880.0,17941.208333333332
2021-09-25,14319.0,21321.0,17584.625
2021-09-26,14295.0,22636.0,18146.458333333332
2021-09-27,15538.0,24524.0,19851.041666666668
2021-09-28,16591.0,24733.0,20677.208333333332
2021-09-29,16157.0,22383.0,19493.125
2021-09-30,15926.0,22586.0,19455.75
2021-10-01,16444.0,22977.0,19811.083333333332
2021-10-02,15549.0,21067.0,18522.541666666668
2021-10-03,15346.0,21554.0,18629.291666666668
2021-10-04,16435.0,23314.0,20054.791666666668
2021-10-05,15955.0,22687.0,19392.0
2021-10-06,15692.0,22756.0,19233.166666666668
2021-10-07,15932.0,23892.0,19816.958333333332
2021-10-08,15953.0,24362.0,19978.041666666668
2021-10-09,15703.0,24429.0,19785.916666666668
2021-10-10,15811.0,24293.0,19949.791666666668
2021-10-11,16900.0,24177.0,20584.333333333332
2021-10-12,16525.0,24266.0,20435.666666666668
2021-10-13,16784.0,24887.0,20776.583333333332
2021-10-14,17102.0,24919.0,20974.958333333332
2021-10-15,16756.0,23647.0,20125.416666666668
2021-10-16,15747.0,19086.0,17523.25
2021-10-17,14147.0,18215.0,16233.375
2021-10-18,14186.0,18127.0,16563.125
2021-10-19,14216.0,19709.0,17171.416666666668
2021-10-20,14357.0,21055.0,17819.166666666668
2021-10-21,15003.0,21889.0,18577.125
2021-10-22,15277.0,21187.0,18258.583333333332
2021-10-23,14907.0,21796.0,18237.625
2021-10-24,15160.0,22511.0,18795.875
2021-10-25,15559.0,22696.0,19212.291666666668
2021-10-26,15606.0,21650.0,18664.958333333332
2021-10-27,15116.0,20107.0,17903.833333333332
2021-10-28,14839.0,18594.0,17058.75
2021-10-29,14879.0,17874.0,16926.916666666668
2021-10-30,14120.0,17198.0,15939.083333333334
2021-10-31,14408.0,17519.0,16180.625
2021-11-01,14509.0,19093.0,17250.5
2021-11-02,14445.0,18867.0,17018.5
2021-11-03,15389.0,19445.0,17708.041666666668
2021-11-04,15777.0,19259.0,17688.416666666668
2021-11-05,16153.0,19662.0,17583.375
2021-11-06,16208.0,18828.0,17348.166666666668
2021-11-07,16300.0,18347.0,17222.375
2021-11-08,16139.0,19312.0,17746.625
2021-11-09,15891.0,18982.0,17705.166666666668
2021-11-10,15107.0,18905.0,17306.0
2021-11-11,14988.0,18678.0,17063.041666666668
2021-11-12,15364.0,18357.0,17262.083333333332
2021-11-13,15747.0,19394.0,17649.125
2021-11-14,16493.0,19393.0,17805.875
2021-11-15,16141.0,19742.0,18268.541666666668
2021-11-16,15222.0,19803.0,17861.083333333332
2021-11-17,15159.0,19762.0,17710.708333333332
2021-11-18,15033.0,19182.0,17402.75
2021-11-19,16611.0,20253.0,18501.625
2021-11-20,16543.0,19413.0,17745.75
2021-11-21,15228.0,19368.0,17362.791666666668
2021-11-22,14743.0,19815.0,17589.541666666668
2021-11-23,16929.0,21074.0,18742.333333333332
2021-11-24,16941.0,19395.0,18292.25
2021-11-25,14666.0,17686.0,16000.416666666666
2021-11-26,15068.0,19591.0,17475.541666666668
2021-11-27,15271.0,19844.0,17463.208333333332
2021-11-28,16423.0,19464.0,17912.916666666668
2021-11-29,16909.0,20992.0,18739.208333333332
2021-11-30,17096.0,20520.0,18510.333333333332
2021-12-01,15935.0,19378.0,17906.458333333332
2021-12-02,15215.0,18871.0,17381.75
2021-12-03,14831.0,18270.0,16898.375
2021-12-04,14141.0,17890.0,16191.333333333334
2021-12-05,14242.0,19035.0,16649.083333333332
2021-12-06,14456.0,19246.0,17112.458333333332
2021-12-07,17148.0,20656.0,18933.666666666668
2021-12-08,17091.0,20114.0,18628.25
2021-12-09,16581.0,19804.0,18395.333333333332
2021-12-10,15202.0,20649.0,18177.583333333332
2021-12-11,14642.0,18979.0,17187.583333333332
2021-12-12,16956.0,20061.0,18407.166666666668
2021-12-13,17395.0,20813.0,18724.041666666668
2021-12-14,15786.0,19792.0,17932.208333333332
2021-12-15,15070.0,19651.0,17545.791666666668
2021-12-16,14848.0,20060.0,17686.333333333332
2021-12-17,15305.0,19801.0,17847.0
2021-12-18,14821.0,19006.0,17159.208333333332
2021-12-19,16156.0,21155.0,18627.125
2021-12-20,18604.0,22077.0,20139.375
2021-12-21,19673.0,23270.0,21253.0
2021-12-22,18889.0,23568.0,20818.083333333332
2021-12-23,17971.0,21912.0,19392.375
2021-12-24,15664.0,18024.0,16901.125
2021-12-25,14249.0,17899.0,16246.625
2021-12-26,13614.0,18823.0,16299.666666666666
2021-12-27,14333.0,19178.0,16970.458333333332
2021-12-28,14663.0,20030.0,17519.166666666668
2021-12-29,14623.0,20850.0,18015.5
2021-12-30,14918.0,20879.0,18176.291666666668
2021-12-31,15192.0,20621.0,18191.875
2022-01-01,14712.0,19131.0,17142.125
2022-01-02,15523.0,23872.0,19787.333333333332
2022-01-03,19338.0,25672.0,22375.958333333332
2022-01-04,18722.0,25255.0,21675.416666666668
2022-01-05,18821.0,21531.0,20187.041666666668
2022-01-06,16925.0,21916.0,19500.541666666668
2022-01-07,18940.0,24581.0,21701.75
2022-01-08,17316.0,20487.0,19001.0
2022-01-09,15254.0,19496.0,17358.125
2022-01-10,16598.0,21800.0,19501.291666666668
2022-01-11,17471.0,23329.0,19941.458333333332
2022-01-12,18400.0,22309.0,19957.291666666668
2022-01-13,17632.0,21783.0,18981.666666666668
2022-01-14,16792.0,20994.0,18352.875
2022-01-15,15656.0,20324.0,17836.916666666668
2022-01-16,18303.0,22774.0,20700.041666666668
2022-01-17,19724.0,25656.0,22207.333333333332
2022-01-18,17911.0,24291.0,20340.0
2022-01-19,16358.0,20189.0,18434.625
2022-01-20,16541.0,24379.0,20811.625
2022-01-21,21099.0,26929.0,23749.458333333332
2022-01-22,21239.0,28480.0,25366.041666666668
2022-01-23,19324.0,26509.0,23190.541666666668
2022-01-24,20136.0,24945.0,21788.166666666668
2022-01-25,18978.0,23079.0,21201.75
2022-01-26,20213.0,25552.0,22450.125
2022-01-27,18873.0,25359.0,21624.333333333332
2022-01-28,19733.0,23758.0,21545.583333333332
2022-01-29,18869.0,25064.0,21922.583333333332
2022-01-30,17874.0,22024.0,19656.208333333332
2022-01-31,18017.0,22220.0,19480.166666666668
2022-02-01,15626.0,19839.0,17761.0
2022-02-02,15259.0,19585.0,17321.125
2022-02-03,15585.0,21614.0,18492.166666666668
2022-02-04,22731.0,27368.0,24919.791666666668
2022-02-05,20948.0,28197.0,25017.25
2022-02-06,18909.0,26000.0,22483.333333333332
2022-02-07,19017.0,25273.0,21699.458333333332
2022-02-08,18434.0,25481.0,21198.166666666668
2022-02-09,17314.0,23294.0,19576.625
2022-02-10,17412.0,21842.0,18915.583333333332
2022-02-11,16974.0,20808.0,18055.833333333332
2022-02-12,15553.0,19341.0,17302.666666666668
2022-02-13,17058.0,23011.0,19728.916666666668
2022-02-14,18734.0,25295.0,21019.208333333332
2022-02-15,17502.0,22497.0,19199.416666666668
2022-02-16,15899.0,19084.0,17765.083333333332
2022-02-17,15107.0,19224.0,17280.416666666668
2022-02-18,17362.0,22847.0,19734.5
2022-02-19,16529.0,22453.0,19334.458333333332
2022-02-20,16991.0,21237.0,18844.125
2022-02-21,15551.0,19489.0,17781.875
2022-02-22,15419.0,19550.0,17706.75
2022-02-23,15429.0,20159.0,18203.375
2022-02-24,17751.0,21815.0,20079.458333333332
2022-02-25,18201.0,22150.0,20555.833333333332
2022-02-26,18328.0,21016.0,19481.25
2022-02-27,18895.0,21606.0,20158.5
2022-02-28,17233.0,23521.0,20023.541666666668
2022-03-01,17453.0,22701.0,19466.791666666668
2022-03-02,16607.0,20974.0,18046.416666666668
2022-03-03,16009.0,19734.0,17476.75
2022-03-04,15844.0,19219.0,17325.166666666668
2022-03-05,14984.0,17763.0,16545.25
2022-03-06,14387.0,18816.0,16800.666666666668
2022-03-07,14745.0,18961.0,17381.25
2022-03-08,16641.0,19735.0,18404.291666666668
2022-03-09,17491.0,21380.0,18941.541666666668
2022-03-10,17530.0,21181.0,18622.125
2022-03-11,16130.0,19128.0,17935.416666666668
2022-03-12,17821.0,22058.0,19794.75
2022-03-13,17434.0,22911.0,20384.0
2022-03-14,17197.0,21037.0,18911.541666666668
2022-03-15,15597.0,18679.0,17494.125
2022-03-16,15143.0,18275.0,17100.625
2022-03-17,14673.0,18062.0,16865.958333333332
2022-03-18,14765.0,17958.0,16820.416666666668
2022-03-19,15942.0,18593.0,17092.25
2022-03-20,15167.0,17230.0,16097.041666666666
2022-03-21,14757.0,18496.0,17103.916666666668
2022-03-22,14943.0,18413.0,17048.041666666668
2022-03-23,15320.0,19017.0,17657.833333333332
2022-03-24,15775.0,18797.0,17245.791666666668
2022-03-25,15708.0,19145.0,17169.208333333332
2022-03-26,15303.0,17686.0,16576.833333333332
2022-03-27,14806.0,17982.0,16370.208333333334
2022-03-28,15213.0,19329.0,17690.75
2022-03-29,15022.0,19806.0,17781.0
2022-03-30,15166.0,19075.0,17540.75
2022-03-31,14893.0,18359.0,17050.708333333332
2022-04-01,15298.0,18322.0,16926.666666666668
2022-04-02,14875.0,17565.0,16491.333333333332
2022-04-03,14211.0,18127.0,16228.958333333334
2022-04-04,14319.0,19930.0,17340.875
2022-04-05,14616.0,20313.0,17687.75
2022-04-06,15127.0,19739.0,17713.666666666668
2022-04-07,15942.0,18924.0,17907.458333333332
2022-04-08,15094.0,18024.0,16826.875
2022-04-09,15464.0,17754.0,16485.791666666668
2022-04-10,14106.0,18162.0,16259.625
2022-04-11,14712.0,20003.0,17721.0
2022-04-12,15222.0,20260.0,18206.75
2022-04-13,15522.0,19946.0,18144.041666666668
2022-04-14,15598.0,19178.0,17702.666666666668
2022-04-15,14927.0,19247.0,17320.041666666668
2022-04-16,14446.0,18797.0,16962.833333333332
2022-04-17,15281.0,19776.0,17739.875
2022-04-18,15429.0,19250.0,17754.791666666668
2022-04-19,15526.0,18705.0,17499.791666666668
2022-04-20,14431.0,18544.0,16759.125
2022-04-21,14905.0,21077.0,18253.458333333332
2022-04-22,15489.0,21656.0,18751.416666666668
2022-04-23,15046.0,21033.0,18175.375
2022-04-24,15684.0,21724.0,18731.458333333332
2022-04-25,16321.0,22150.0,19471.5
2022-04-26,14933.0,18648.0,17139.0
2022-04-27,15252.0,19529.0,17657.833333333332
2022-04-28,14675.0,20333.0,17644.375
2022-04-29,14867.0,21223.0,18167.5
2022-04-30,15308.0,21805.0,18681.458333333332
2022-05-01,15697.0,22626.0,19095.583333333332
2022-05-02,15720.0,22937.0,19518.208333333332
2022-05-03,16540.0,23229.0,20112.583333333332
2022-05-04,16284.0,23931.0,20125.208333333332
2022-05-05,16615.0,24124.0,20448.208333333332
2022-05-06,16347.0,22426.0,19422.291666666668
2022-05-07,15193.0,22370.0,18631.0
2022-05-08,15827.0,24272.0,19805.166666666668
2022-05-09,16790.0,26343.0,21579.625
2022-05-10,17678.0,27199.0,22349.25
2022-05-11,17210.0,27826.0,22367.5
2022-05-12,17252.0,28124.0,22561.583333333332
2022-05-13,17597.0,26485.0,21909.875
2022-05-14,16768.0,24886.0,20778.166666666668
2022-05-15,16532.0,25424.0,20907.083333333332
2022-05-16,17522.0,26626.0,22054.166666666668
2022-05-17,17512.0,26802.0,22069.125
2022-05-18,17641.0,27493.0,22508.25
2022-05-19,17944.0,27549.0,22687.458333333332
2022-05-20,18170.0,26981.0,22627.5
2022-05-21,18537.0,26690.0,22608.958333333332
2022-05-22,17761.0,22823.0,20389.375
2022-05-23,16396.0,23120.0,19817.875
2022-05-24,16323.0,23809.0,20222.125
2022-05-25,16993.0,21930.0,19635.791666666668
2022-05-26,15552.0,21564.0,18679.291666666668
2022-05-27,16292.0,23647.0,19862.333333333332
2022-05-28,15939.0,24024.0,19774.583333333332
2022-05-29,15903.0,24802.0,20380.333333333332
2022-05-30,17103.0,25692.0,21479.041666666668
2022-05-31,17685.0,26713.0,22347.375
2022-06-01,18661.0,28389.0,23604.041666666668
2022-06-02,18453.0,26949.0,22803.416666666668
2022-06-03,17659.0,25880.0,21793.458333333332
2022-06-04,16732.0,25832.0,21175.041666666668
2022-06-05,16824.0,27290.0,21995.875
2022-06-06,17725.0,27998.0,22928.458333333332
2022-06-07,18722.0,28494.0,23764.833333333332
2022-06-08,18998.0,28983.0,24062.125
2022-06-09,18630.0,28379.0,23538.375
2022-06-10,18723.0,26445.0,22670.708333333332
2022-06-11,16824.0,25831.0,21332.166666666668
2022-06-12,17767.0,29070.0,23409.416666666668
2022-06-13,19457.0,30412.0,25012.5
2022-06-14,20137.0,31306.0,25687.708333333332
2022-06-15,19878.0,31058.0,25402.5
2022-06-16,19937.0,31748.0,25816.791666666668
2022-06-17,19761.0,30809.0,25287.416666666668
2022-06-18,19413.0,31494.0,25443.375
2022-06-19,18645.0,30042.0,24427.208333333332
2022-06-20,19380.0,31226.0,25230.125
2022-06-21,20000.0,31713.0,25835.333333333332
2022-06-22,19943.0,32143.0,25986.375
2022-06-23,20228.0,32811.0,26466.041666666668
2022-06-24,20401.0,32377.0,26281.708333333332
2022-06-25,19892.0,32611.0,26275.458333333332
2022-06-26,19762.0,30138.0,25172.958333333332
2022-06-27,19423.0,26638.0,23188.458333333332
2022-06-28,18639.0,27104.0,22904.125
2022-06-29,18812.0,27676.0,23274.916666666668
2022-06-30,18895.0,27676.0,23508.041666666668
2022-07-01,18764.0,26347.0,22777.208333333332
2022-07-02,18050.0,25327.0,21832.291666666668
2022-07-03,18240.0,27065.0,22810.0
2022-07-04,19148.0,28317.0,23876.041666666668
2022-07-05,19762.0,30006.0,25020.0
2022-07-06,19449.0,29025.0,24456.958333333332
2022-07-07,19943.0,30657.0,25485.625
2022-07-08,20576.0,31065.0,25973.916666666668
2022-07-09,20385.0,31011.0,25871.125
2022-07-10,20302.0,29702.0,25234.791666666668
2022-07-11,20263.0,30363.0,25365.791666666668
2022-07-12,20844.0,31522.0,26246.208333333332
2022-07-13,20518.0,30478.0,25522.541666666668
2022-07-14,20398.0,29330.0,24925.5
2022-07-15,19595.0,29137.0,24341.708333333332
2022-07-16,19208.0,29641.0,24437.666666666668
2022-07-17,19564.0,29968.0,24889.0
2022-07-18,20353.0,31234.0,25849.541666666668
2022-07-19,20405.0,31226.0,25801.041666666668
2022-07-20,20962.0,32587.0,26645.958333333332
2022-07-21,21310.0,31911.0,26540.916666666668
2022-07-22,20892.0,30219.0,25578.5
2022-07-23,19287.0,28156.0,23806.416666666668
2022-07-24,18896.0,29172.0,24234.416666666668
2022-07-25,20065.0,30512.0,25449.958333333332
2022-07-26,20036.0,29711.0,24976.75
2022-07-27,20261.0,30132.0,25286.5
2022-07-28,20248.0,29534.0,24975.166666666668
2022-07-29,19658.0,27608.0,23725.625
2022-07-30,18655.0,25623.0,22331.958333333332
2022-07-31,17863.0,26042.0,22260.916666666668
2022-08-01,18821.0,27410.0,23393.75
2022-08-02,19374.0,28179.0,23956.0
2022-08-03,18867.0,26643.0,22969.083333333332
2022-08-04,18943.0,25771.0,22688.875
2022-08-05,19049.0,26615.0,23021.75
2022-08-06,18518.0,26918.0,22855.708333333332
2022-08-07,18471.0,27334.0,22966.416666666668
2022-08-08,19384.0,28567.0,24078.0
2022-08-09,19342.0,28193.0,23762.541666666668
2022-08-10,18638.0,25808.0,22361.916666666668
2022-08-11,18281.0,25566.0,22114.5
2022-08-12,18217.0,26899.0,22609.166666666668
2022-08-13,18281.0,27194.0,22687.333333333332
2022-08-14,18464.0,29024.0,23630.5
2022-08-15,19373.0,30708.0,25067.583333333332
2022-08-16,20186.0,31341.0,25617.208333333332
2022-08-17,20018.0,29105.0,24531.458333333332
2022-08-18,19191.0,26531.0,22929.791666666668
2022-08-19,18106.0,25805.0,22015.916666666668
2022-08-20,17833.0,25780.0,21858.125
2022-08-21,17672.0,24117.0,21064.5
2022-08-22,18043.0,24185.0,21465.75
2022-08-23,17947.0,22738.0,20714.125
2022-08-24,17818.0,22855.0,20710.625
2022-08-25,17884.0,23893.0,21162.875
2022-08-26,18287.0,25891.0,22261.458333333332
2022-08-27,18043.0,25421.0,21816.833333333332
2022-08-28,18108.0,25970.0,22113.208333333332
2022-08-29,18939.0,27665.0,23534.791666666668
2022-08-30,19233.0,28576.0,23915.416666666668
2022-08-31,19272.0,29172.0,24138.958333333332
2022-09-01,19147.0,29345.0,24041.291666666668
2022-09-02,18925.0,28103.0,23468.583333333332
2022-09-03,18394.0,26278.0,22235.166666666668
2022-09-04,17258.0,23580.0,20314.708333333332
2022-09-05,16707.0,24121.0,20368.875
2022-09-06,17492.0,26340.0,21951.916666666668
2022-09-07,17563.0,26290.0,21778.208333333332
2022-09-08,17511.0,25685.0,21519.708333333332
2022-09-09,17250.0,25308.0,21217.875
2022-09-10,16555.0,23924.0,20205.375
2022-09-11,16906.0,25059.0,20882.375
2022-09-12,17435.0,25669.0,21346.541666666668
2022-09-13,16580.0,25548.0,20747.666666666668
2022-09-14,16223.0,26010.0,20649.958333333332
2022-09-15,16009.0,26206.0,20758.333333333332
2022-09-16,16528.0,26538.0,21250.958333333332
2022-09-17,16689.0,26400.0,21329.375
2022-09-18,17293.0,27827.0,22374.958333333332
2022-09-19,18361.0,29524.0,23723.375
2022-09-20,18648.0,30474.0,24253.958333333332
2022-09-21,18513.0,30984.0,24406.458333333332
2022-09-22,18655.0,30062.0,24040.125
2022-09-23,18124.0,28076.0,22646.833333333332
2022-09-24,17610.0,28616.0,22770.666666666668
2022-09-25,18046.0,28583.0,22955.5
2022-09-26,17830.0,25878.0,21465.166666666668
2022-09-27,16573.0,23747.0,19895.0
2022-09-28,15301.0,22188.0,18476.125
2022-09-29,15230.0,20447.0,17878.166666666668
2022-09-30,14748.0,20398.0,17596.083333333332
2022-10-01,14364.0,19098.0,16521.166666666668
2022-10-02,14007.0,20625.0,16980.416666666668
2022-10-03,14620.0,21630.0,17930.208333333332
2022-10-04,14894.0,21876.0,18219.083333333332
2022-10-05,14656.0,22165.0,18181.708333333332
2022-10-06,14730.0,22386.0,18374.708333333332
2022-10-07,15200.0,22558.0,18627.083333333332
2022-10-08,14589.0,19954.0,17147.416666666668
2022-10-09,14937.0,21460.0,17862.0
2022-10-10,14902.0,22115.0,18355.666666666668
2022-10-11,15053.0,22085.0,18421.458333333332
2022-10-12,15175.0,23012.0,18954.416666666668
2022-10-13,15786.0,22099.0,18917.583333333332
2022-10-14,15478.0,21704.0,18399.375
2022-10-15,14359.0,22235.0,18007.5
2022-10-16,14591.0,22343.0,18255.541666666668
2022-10-17,15121.0,20122.0,17932.333333333332
2022-10-18,15126.0,19433.0,17636.958333333332
2022-10-19,16200.0,19627.0,17570.333333333332
2022-10-20,15358.0,19115.0,17190.916666666668
2022-10-21,14471.0,19160.0,16986.375
2022-10-22,13737.0,18750.0,16190.875
2022-10-23,13605.0,19757.0,16709.375
2022-10-24,14478.0,20933.0,17916.25
2022-10-25,15213.0,18213.0,16978.166666666668
2022-10-26,14608.0,18456.0,16971.916666666668
2022-10-27,14313.0,18039.0,16603.0
2022-10-28,14327.0,18127.0,16603.75
2022-10-29,13647.0,16776.0,15380.916666666666
2022-10-30,13750.0,18162.0,16024.541666666666
2022-10-31,14220.0,18267.0,16669.25
2022-11-01,14691.0,19167.0,17335.958333333332
2022-11-02,14177.0,18838.0,16768.625
2022-11-03,14746.0,20380.0,17733.25
2022-11-04,15129.0,20910.0,18300.291666666668
2022-11-05,15709.0,17910.0,17024.083333333332
2022-11-06,14270.0,19604.0,17012.166666666668
2022-11-07,15553.0,21578.0,18878.208333333332
2022-11-08,15882.0,21870.0,19162.416666666668
2022-11-09,15981.0,20482.0,18464.666666666668
2022-11-10,15735.0,19818.0,18117.791666666668
2022-11-11,15244.0,19453.0,17716.958333333332
2022-11-12,15685.0,19584.0,17657.833333333332
2022-11-13,16350.0,20570.0,18606.333333333332
2022-11-14,18079.0,22566.0,19841.083333333332
2022-11-15,17878.0,22653.0,20449.958333333332
2022-11-16,19381.0,22625.0,20778.416666666668
2022-11-17,19648.0,23713.0,21302.125
2022-11-18,19038.0,23888.0,21080.166666666668
2022-11-19,19360.0,21936.0,20489.541666666668
2022-11-20,19527.0,22184.0,20840.458333333332
2022-11-21,19577.0,23274.0,21035.166666666668
2022-11-22,18601.0,21922.0,19931.416666666668
2022-11-23,17443.0,20133.0,19077.0
2022-11-24,14671.0,17841.0,16190.791666666666
2022-11-25,14161.0,17179.0,15817.125
2022-11-26,14637.0,17291.0,16107.875
2022-11-27,15343.0,18833.0,17119.75
2022-11-28,15258.0,19322.0,17685.583333333332
2022-11-29,15581.0,19882.0,18026.291666666668
2022-11-30,15711.0,19979.0,18007.541666666668
2022-12-01,17553.0,21715.0,19274.458333333332
2022-12-02,17972.0,20541.0,19093.958333333332
2022-12-03,15506.0,19271.0,17627.958333333332
2022-12-04,15810.0,19386.0,17574.291666666668
2022-12-05,15816.0,19840.0,18118.125
2022-12-06,15671.0,20142.0,18166.125
2022-12-07,15288.0,20147.0,17975.458333333332
2022-12-08,15127.0,19930.0,17943.166666666668
2022-12-09,15506.0,19363.0,17741.375
2022-12-10,15169.0,18904.0,17310.916666666668
2022-12-11,15744.0,19566.0,17721.75
2022-12-12,15482.0,19647.0,17761.583333333332
2022-12-13,15838.0,19811.0,18065.125
2022-12-14,15622.0,19666.0,17791.166666666668
2022-12-15,16939.0,20963.0,19152.958333333332
2022-12-16,18115.0,21611.0,19381.708333333332
2022-12-17,17999.0,21998.0,20055.708333333332
2022-12-18,18742.0,23123.0,21046.625
2022-12-19,19834.0,23402.0,21570.375
2022-12-20,19890.0,22716.0,21320.333333333332
2022-12-21,19562.0,22852.0,20769.708333333332
2022-12-22,18635.0,23277.0,20662.291666666668
2022-12-23,24162.0,28779.0,26217.875
2022-12-24,24666.0,29400.0,27526.0
2022-12-25,22575.0,28165.0,26108.0
2022-12-26,17796.0,25777.0,22155.458333333332
2022-12-27,19578.0,24824.0,22146.333333333332
2022-12-28,17744.0,22501.0,19715.291666666668
2022-12-29,15330.0,18699.0,17171.75
2022-12-30,14702.0,18072.0,16597.833333333332
